index_id,id,semantic,label,semantic_id
0,ENSEMBL:ENSMMUG00000000800,ORTH,ENSEMBL:ENSMMUG00000000800,5
1,EnsemblGenome:BAE76810,ORTH,EnsemblGenome:BAE76810,5
2,ZP:0019045,DISO,"cell projection Muller cell decreased amount, abnormal",1
3,ZP:0000563,DISO,"neutrophil decreased amount, abnormal",1
4,MP:0008260,DISO,abnormal autophagy,1
5,FBcv:0002009,DISO,lethal - all die during third instar larval stage,1
6,PomBase:SPBC405.04c,GENO,ypt7,4
7,ENSEMBL:ENSCAFG00000008828,ORTH,J9PAM4,5
8,RGD:621876,ORTH,Syt12,5
9,ENSEMBL:ENSPTRG00000014221,ORTH,ENSEMBL:ENSPTRG00000014221,5
10,ENSEMBL:ENSBTAG00000018854,ORTH,ENSEMBL:ENSBTAG00000018854,5
11,HP:0001268,DISO,Mental deterioration,1
12,dictyBase:DDB_G0268910,GENO,rabT1,4
13,MP:0001898,DISO,abnormal long term depression,1
14,MP:0000531,DISO,right pulmonary isomerism,1
15,ZP:0018345,DISO,"midbrain increased process quality cell death, abnormal",1
16,ZP:0002170,DISO,"heart contraction process quality, abnormal",1
17,HP:0000766,DISO,Abnormal sternum morphology,1
18,RGD:1308207,ORTH,Dnajb6,5
19,ENSEMBL:ENSCAFG00000008260,ORTH,ENSEMBL:ENSCAFG00000008260,5
20,WormBase:WBGene00006770,ORTH,unc-34,5
21,MP:0013513,DISO,decreased memory-marker CD4-negative NK T cell number,1
22,MGI:1921355,ORTH,Gga2,5
23,Xenbase:XB-GENE-944135,ORTH,rnaset2,5
24,HP:0002460,DISO,Distal muscle weakness,1
25,ENSEMBL:ENSMMUG00000022618,ORTH,ENSEMBL:ENSMMUG00000022618,5
26,WormBase:WBGene00012768,ORTH,eef-1B.2,5
27,MP:0004952,DISO,increased spleen weight,1
28,MONARCH:APO_0000340APO_0000003,GENO,reticulophagy:decreased,4
29,ZP:0008042,DISO,"optokinetic behavior process quality, abnormal",1
30,ZFIN:ZDB-GENE-040525-1,ORTH,rab4a,5
31,ENSEMBL:ENSPTRG00000009815,ORTH,ENSEMBL:ENSPTRG00000009815,5
32,MGI:3588211,ORTH,Magea10,5
33,ENSEMBL:ENSSSCG00000013784,ORTH,ENSEMBL:ENSSSCG00000013784,5
34,HGNC:20794,GENE,ERCC6L,3
35,EnsemblGenome:AT4G31710,ORTH,EnsemblGenome:AT4G31710,5
36,ZFIN:ZDB-GENE-070620-3,ORTH,sin3aa,5
37,90,DRUG,adenosine,2
38,91,DRUG,adenosine triphosphate,2
39,ENSEMBL:ENSXETG00000023370,ORTH,ENSEMBL:ENSXETG00000023370,5
40,ZP:0009162,DISO,"cell proliferation involved in heart morphogenesis decreased occurrence, abnormal",1
41,ENSEMBL:ENSMMUG00000014884,ORTH,ENSEMBL:ENSMMUG00000014884,5
42,PomBase:SPBC146.06c,GENO,fan1,4
43,FlyBase:FBgn0037296,ORTH,Prosbeta2R2,5
44,MP:0009124,DISO,increased brown fat cell lipid droplet size,1
45,HGNC:4141,GENE,GAPDH,3
46,MP:0000585,DISO,kinked tail,1
47,ENSEMBL:ENSSSCG00000026064,ORTH,LSM5,5
48,114,DRUG,alfentanil,2
49,WBPhenotype:0002009,DISO,proteasome core activity variant,1
50,ZP:0137372,DISO,"cell midbrain hindbrain boundary constriction increased length, abnormal",1
51,WBPhenotype:0004007,DISO,periodic spicule prodding defective,1
52,ENSEMBL:ENSMODG00000012573,ORTH,ENSEMBL:ENSMODG00000012573,5
53,HP:0001684,DISO,Secundum atrial septal defect,1
54,RGD:628594,ORTH,Rasd2,5
55,HP:0200042,DISO,Skin ulcer,1
56,ENSEMBL:ENSACAG00000003973,ORTH,ENSEMBL:ENSACAG00000003973,5
57,143,DRUG,alvimopan,2
58,ENSEMBL:ENSGALG00000011494,ORTH,ENSEMBL:ENSGALG00000011494,5
59,ENSEMBL:ENSGALG00000040474,ORTH,ENSEMBL:ENSGALG00000040474,5
60,MP:0008208,DISO,decreased pro-B cell number,1
61,MP:0011087,DISO,"neonatal lethality, complete penetrance",1
62,WBPhenotype:0000426,DISO,antibody staining increased,1
63,MP:0020434,DISO,increased astrocyte size,1
64,PomBase:SPBP8B7.03c,GENO,rpl402,4
65,176,DRUG,amiodarone,2
66,WormBase:WBGene00009119,ORTH,ndk-1,5
67,ENSEMBL:ENSECAG00000024454,ORTH,ENSEMBL:ENSECAG00000024454,5
68,WormBase:WBGene00022710,ORTH,ZK354.9,5
69,ZFIN:ZDB-GENE-040625-157,ORTH,ostf1,5
70,186,DRUG,amodiaquine,2
71,FBcv:0000427,DISO,abnormal cell growth,1
72,MP:0012104,DISO,small amniotic cavity,1
73,HP:0004323,DISO,Abnormality of body weight,1
74,MONARCH:APO_0000327APO_0000003,GENO,hydrostatic pressure resistance:decreased,4
75,MGI:1298379,ORTH,Matr3,5
76,HP:0002506,DISO,Diffuse cerebral atrophy,1
77,MP:0030021,DISO,increased muscle cell glucose uptake,1
78,MP:0008734,DISO,decreased susceptibility to endotoxin shock,1
79,ENSEMBL:ENSFCAG00000005241,ORTH,ENSEMBL:ENSFCAG00000005241,5
80,ZP:0003849,DISO,"mitochondrion kidney swollen, abnormal",1
81,SGD:S000003280,ORTH,UFD1,5
82,ZFIN:ZDB-GENE-041010-170,ORTH,ech1,5
83,ZP:0017038,DISO,"forebrain absent, abnormal",1
84,220,DRUG,anileridine,2
85,HP:0100660,DISO,Dyskinesia,1
86,MONARCH:APO_0000202APO_0000003,GENO,alkaline pH resistance:decreased,4
87,MP:0004586,DISO,pillar cell degeneration,1
88,WormBase:WBGene00009164,ORTH,hrdl-1,5
89,ENSEMBL:ENSFCAG00000013023,ORTH,ENSEMBL:ENSFCAG00000013023,5
90,ZP:0000341,DISO,"epithelial cell proliferation increased occurrence, abnormal",1
91,ENSEMBL:ENSACAG00000023890,ORTH,ENSEMBL:ENSACAG00000023890,5
92,ZP:0000159,DISO,"whole organism shape, abnormal",1
93,WormBase:WBGene00009187,ORTH,F27D4.1,5
94,MGI:3643982,ORTH,Mageb6b1,5
95,249,DRUG,astemizole,2
96,ENSEMBL:ENSBTAG00000025191,ORTH,ENSEMBL:ENSBTAG00000025191,5
97,WormBase:WBGene00000073,ORTH,add-2,5
98,MP:0009347,DISO,increased trabecular bone thickness,1
99,MP:0008827,DISO,abnormal thymus cell ratio,1
100,MGI:96193,ORTH,Hoxc11,5
101,WormBase:WBGene00000228,ORTH,atn-1,5
102,ENSEMBL:ENSMODG00000024783,ORTH,ENSEMBL:ENSMODG00000024783,5
103,ZP:0004417,DISO,"neuron brain decreased amount, abnormal",1
104,HGNC:2972,GENE,DNM1,3
105,PomBase:SPAC19D5.04,GENO,ptr1,4
106,ENSEMBL:ENSFCAG00000028502,ORTH,ENSEMBL:ENSFCAG00000028502,5
107,MP:0003812,DISO,abnormal hair medulla,1
108,HP:0003026,DISO,Short long bone,1
109,RGD:1308228,ORTH,Wdr61,5
110,MGI:96160,ORTH,Hmga1,5
111,ENSEMBL:ENSFCAG00000044541,ORTH,ENSEMBL:ENSFCAG00000044541,5
112,ENSEMBL:ENSBTAG00000021039,ORTH,ENSEMBL:ENSBTAG00000021039,5
113,ZP:0019663,DISO,"ethmoid cartilage decreased amount, abnormal",1
114,ENSEMBL:ENSCAFG00000012528,ORTH,ENSEMBL:ENSCAFG00000012528,5
115,ENSEMBL:ENSACAG00000000744,ORTH,ENSEMBL:ENSACAG00000000744,5
116,RGD:1305501,ORTH,Tufm,5
117,ZP:0000567,DISO,"epiboly involved in gastrulation with mouth forming second delayed, abnormal",1
118,MONARCH:APO_0000124APO_0000005,GENO,pheromone-induced cell cycle arrest:absent,4
119,ZP:0015598,DISO,"liver low brightness, abnormal",1
120,281,DRUG,bacitracin,2
121,WormBase:WBGene00019862,ORTH,nrde-3,5
122,ENSEMBL:ENSBTAG00000017002,ORTH,ENSEMBL:ENSBTAG00000017002,5
123,ZP:0000034,DISO,"hindbrain quality, abnormal",1
124,EFO:1002011,GENO,adult onset asthma,4
125,MP:0000826,DISO,abnormal third ventricle morphology,1
126,ENSEMBL:ENSECAG00000018149,ORTH,ENSEMBL:ENSECAG00000018149,5
127,RGD:1565411,ORTH,Prpf40b,5
128,MGI:2687364,ORTH,H2-M10.6,5
129,MP:0011999,DISO,abnormal tail length,1
130,ENSEMBL:ENSCAFG00000019072,ORTH,ENSEMBL:ENSCAFG00000019072,5
131,MP:0008274,DISO,failure of bone ossification,1
132,ENSEMBL:ENSBTAG00000021645,ORTH,MBD4,5
133,MP:0000418,DISO,focal hair loss,1
134,WBPhenotype:0001013,DISO,pathogen susceptibility increased,1
135,PomBase:SPCC63.13,GENO,SPCC63.13,4
136,WBPhenotype:0002355,DISO,increased susceptibility to bacterial pathogens,1
137,HP:0012310,DISO,Abnormal monocyte count,1
138,MP:0004618,DISO,thoracic vertebral transformation,1
139,HGNC:19200,GENE,DPPA4,3
140,HP:0001337,DISO,Tremor,1
141,ENSEMBL:ENSFCAG00000052762,ORTH,ENSEMBL:ENSFCAG00000052762,5
142,ZP:0008468,DISO,"muscle tendon junction muscle disorganized, abnormal",1
143,MGI:1914584,ORTH,H2ap,5
144,MONARCH:APO_0000105APO_0000002,GENO,mitochondrial genome maintenance:abnormal,4
145,ENSEMBL:ENSCAFG00000010218,ORTH,ENSEMBL:ENSCAFG00000010218,5
146,SGD:S000001556,ORTH,LHS1,5
147,MP:0008647,DISO,increased circulating interleukin-12b level,1
148,FlyBase:FBgn0262716,ORTH,Arp3,5
149,GO:0048471,PHYS,perinuclear region of cytoplasm,6
150,MGI:5052308,ORTH,Tg(HD82Gln)81Gschi [involves: 129S1/Sv * 129X1/SvJ * C3H * C57BL/6 * CD-1],5
151,MGI:4438240,ORTH,Htt<tm1Szi>/Htt<tm1Szi>; Tg(HTT*)BXwy [involves: 129S/SvEv * FVB],5
152,GO:0043666,PHYS,regulation of phosphoprotein phosphatase activity,6
153,FlyBase:FBgn0020378,ORTH,Sp1,5
154,MP:0009923,DISO,decreased transitional stage T1 B cell number,1
155,ENSEMBL:ENSOANG00000000972,ORTH,ENSEMBL:ENSOANG00000000972,5
156,RGD:1311825,ORTH,Usp14,5
157,ENSEMBL:ENSGALG00000002288,ORTH,LIG3,5
158,RGD:1560369,ORTH,Mageb18,5
159,ENSEMBL:ENSACAG00000003880,ORTH,ENSEMBL:ENSACAG00000003880,5
160,ENSEMBL:ENSECAG00000003473,ORTH,ENSEMBL:ENSECAG00000003473,5
161,ENSEMBL:ENSSSCG00000022655,ORTH,ENSEMBL:ENSSSCG00000022655,5
162,ZP:0018558,DISO,"anterior lateral plate mesoderm increased distribution, abnormal",1
163,ZP:0001379,DISO,"motor neuron brain increased amount, abnormal",1
164,391,DRUG,bortezomib,2
165,ENSEMBL:ENSSSCG00000016958,ORTH,PIK3R1,5
166,ENSEMBL:ENSCAFG00000001196,ORTH,AGO2,5
167,ENSEMBL:ENSMMUG00000029971,ORTH,ENSEMBL:ENSMMUG00000029971,5
168,ENSEMBL:ENSPTRG00000006715,ORTH,ENSEMBL:ENSPTRG00000006715,5
169,FBcv:0000396,DISO,abnormal eclosion rhythm,1
170,MP:0008596,DISO,increased circulating interleukin-6 level,1
171,HP:0000369,DISO,Low-set ears,1
172,MP:0000929,DISO,open neural tube,1
173,MP:0001354,DISO,increased aggression towards males,1
174,ENSEMBL:ENSPTRG00000017940,ORTH,ENSEMBL:ENSPTRG00000017940,5
175,ZP:0004432,DISO,"vasculature morphology, abnormal",1
176,MP:0014062,DISO,nervous system inclusion bodies,1
177,EFO:0007878,GENO,alcohol consumption measurement,4
178,PomBase:SPBC20F10.09,GENO,lsm5,4
179,ENSEMBL:ENSOANG00000002628,ORTH,ENSEMBL:ENSOANG00000002628,5
180,MP:0010026,DISO,decreased liver cholesterol level,1
181,WBPhenotype:0002075,DISO,eggshell formation variant,1
182,HP:0025032,DISO,Abnormality of digestive system physiology,1
183,HP:0000649,DISO,Abnormality of visual evoked potentials,1
184,434,DRUG,buprenorphine,2
185,PomBase:SPAC22G7.06c,GENO,ura1,4
186,MP:0010091,DISO,decreased circulating creatine kinase level,1
187,MP:0002579,DISO,disorganized secondary lens fibers,1
188,MP:0001613,DISO,abnormal vasodilation,1
189,MGI:87994,ORTH,Aldoa,5
190,Coriell:GM05530,GENO,NIGMS-GM05530,4
191,MGI:5565691,ORTH,Tg(UBC-GFP/HTT*84Q)22Shya [involves: FVB],5
192,HP:0003765,DISO,Psoriasiform dermatitis,1
193,454,DRUG,butorphanol,2
194,ENSEMBL:ENSPTRG00000016940,ORTH,ENSEMBL:ENSPTRG00000016940,5
195,MONARCH:APO_0000081APO_0000003,GENO,killer toxin resistance:decreased,4
196,HP:0002185,DISO,Neurofibrillary tangles,1
197,ZP:0003845,DISO,"mitochondrial crista liver decreased mass density, abnormal",1
198,ENSEMBL:ENSFCAG00000040141,ORTH,ENSEMBL:ENSFCAG00000040141,5
199,ZP:0017557,DISO,"pharyngeal arch 3-7 decreased amount, abnormal",1
200,MGI:99832,ORTH,Sec13,5
201,SGD:S000003399,ORTH,CLC1,5
202,ENSEMBL:ENSACAG00000002653,ORTH,ENSEMBL:ENSACAG00000002653,5
203,475,DRUG,candesartan cilexetil,2
204,HP:0030345,DISO,Abnormal circulating luteinizing hormone concentration,1
205,ENSEMBL:ENSBTAG00000010923,ORTH,ENSEMBL:ENSBTAG00000010923,5
206,ENSEMBL:ENSPTRG00000007314,ORTH,ENSEMBL:ENSPTRG00000007314,5
207,ZP:0100085,DISO,"pronephros development decreased process quality, abnormal",1
208,WormBase:WBGene00000820,ORTH,csp-2,5
209,HP:0040189,DISO,Scaling skin,1
210,ENSEMBL:ENSPTRG00000043871,ORTH,ENSEMBL:ENSPTRG00000043871,5
211,ENSEMBL:ENSPTRG00000029753,ORTH,ENSEMBL:ENSPTRG00000029753,5
212,HGNC:1033,GENE,BDNF,3
213,MP:0000215,DISO,absent erythrocytes,1
214,ZP:0002929,DISO,"cilium pronephric duct decreased amount, abnormal",1
215,ENSEMBL:ENSPTRG00000048132,ORTH,ENSEMBL:ENSPTRG00000048132,5
216,ENSEMBL:ENSBTAG00000023978,ORTH,ENSEMBL:ENSBTAG00000023978,5
217,RGD:1309507,ORTH,Rab30,5
218,Xenbase:XB-GENE-480875,ORTH,sin3a,5
219,MP:0011098,DISO,"embryonic lethality during organogenesis, complete penetrance",1
220,511,DRUG,carmofur,2
221,Xenbase:XB-GENE-986025,ORTH,ubqln1,5
222,ZFIN:ZDB-GENE-050327-68,ORTH,ikbkg,5
223,MGI:5575509,ORTH,Tg(Prnp-SNAP25/HTT*150Q)8Xjl [involves: FVB],5
224,HP:0008947,DISO,Infantile muscular hypotonia,1
225,HGNC:28826,GENE,WDR82,3
226,522,DRUG,carvedilol,2
227,dbSNP:rs6882169,GENO,rs6882169-?,4
228,ZP:0002376,DISO,"pharyngeal arch cartilage aplastic, abnormal",1
229,ENSEMBL:ENSMMUG00000019760,ORTH,ENSEMBL:ENSMMUG00000019760,5
230,ENSEMBL:ENSDARG00000116968,ORTH,A0A2R8RR55,5
231,MP:0030266,DISO,small vomer bone,1
232,SGD:S000002835,ORTH,RPN9,5
233,HGNC:589,GENE,ATG5,3
234,ENSEMBL:ENSGALG00000016770,ORTH,E1BVN0,5
235,ENSEMBL:ENSRNOG00000030491,ORTH,A0A0G2JYY8,5
236,MP:0001688,DISO,abnormal somite development,1
237,MONARCH:APO_0000050APO_0000117,GENO,cellular morphology:normal,4
238,ZP:0104389,DISO,"caudal vein plexus increased distribution, abnormal",1
239,SGD:S000006168,ORTH,YPL247C,5
240,SGD:S000004848,ORTH,RNA1,5
241,WBPhenotype:0001967,DISO,meiotic chromatin reorganization variant,1
242,ENSEMBL:ENSMODG00000006193,ORTH,ENSEMBL:ENSMODG00000006193,5
243,575,DRUG,cefapirin,2
244,RGD:1307115,ORTH,Cenpe,5
245,578,DRUG,cerulenin,2
246,ENSEMBL:ENSMMUG00000009396,ORTH,ENSEMBL:ENSMMUG00000009396,5
247,WBPhenotype:0001424,DISO,oocyte physiology variant,1
248,HP:0012763,DISO,Paroxysmal dyspnea,1
249,WBPhenotype:0000174,DISO,basal lamina development variant,1
250,ENSEMBL:ENSSSCG00000029158,ORTH,ENSEMBL:ENSSSCG00000029158,5
251,MP:0004152,DISO,abnormal circulating iron level,1
252,ENSEMBL:ENSFCAG00000004553,ORTH,ENSEMBL:ENSFCAG00000004553,5
253,Coriell:GM03642,GENO,NIGMS-GM03642,4
254,ZP:0003048,DISO,"cardiac ventricle hyperplastic, abnormal",1
255,MONDO:0001409,DISO,esophagitis,1
256,WBPhenotype:0000403,DISO,sperm transfer initiation defective,1
257,FlyBase:FBgn0031882,ORTH,Rab30,5
258,MP:0009797,DISO,abnormal mismatch repair,1
259,MP:0002555,DISO,addiction,1
260,ZP:0018342,DISO,"epibranchial ganglion process quality axon development, abnormal",1
261,HGNC:9299,GENE,PPP2CA,3
262,607,DRUG,chloroquine,2
263,WBPhenotype:0001871,DISO,drug induced life span variant,1
264,MP:0004982,DISO,abnormal osteoclast morphology,1
265,ENSEMBL:ENSBTAG00000014970,ORTH,ENSEMBL:ENSBTAG00000014970,5
266,ENSEMBL:ENSMMUG00000021850,ORTH,ENSEMBL:ENSMMUG00000021850,5
267,ENSEMBL:ENSACAG00000002544,ORTH,ENSEMBL:ENSACAG00000002544,5
268,621,DRUG,chlorpromazine,2
269,ZFIN:ZDB-GENE-081104-387,ORTH,huwe1,5
270,HP:0000472,DISO,Long neck,1
271,ENSEMBL:ENSCAFG00000005118,ORTH,SEC13,5
272,ENSEMBL:ENSGALG00000005894,ORTH,USP8,5
273,629,DRUG,cianidanol,2
274,MP:0000277,DISO,abnormal heart shape,1
275,ENSEMBL:ENSPTRG00000043192,ORTH,ENSEMBL:ENSPTRG00000043192,5
276,HP:0003254,DISO,Abnormality of DNA repair,1
277,ENSEMBL:ENSSSCG00000043124,ORTH,A0A5G2RBW7,5
278,ENSEMBL:ENSCAFG00000041717,ORTH,A0A5F4CGT2,5
279,PomBase:SPAC11G7.04,GENO,ubi1,4
280,WBPhenotype:0001148,DISO,polar body reabsorbed early emb,1
281,HGNC:554,GENE,AP1B1,3
282,MP:0009541,DISO,increased thymocyte apoptosis,1
283,MONARCH:APO_0000213APO_0000002,GENO,spindle morphology:abnormal,4
284,RGD:1359154,ORTH,Wipi2,5
285,dictyBase:DDB_G0291011,GENO,DDB0189210,4
286,ZP:0009505,DISO,"hemoglobin complex intermediate cell mass of mesoderm absent, abnormal",1
287,HGNC:10548,GENE,ATXN1,3
288,Xenbase:XB-GENE-954918,ORTH,lgi1,5
289,ZP:0103239,DISO,"cytoplasm pronephric tubule decreased amount, abnormal",1
290,654,DRUG,cinnarizine,2
291,ENSEMBL:ENSPTRG00000010485,ORTH,ENSEMBL:ENSPTRG00000010485,5
292,MP:0001231,DISO,abnormal epidermis stratum basale morphology,1
293,HGNC:1856,GENE,CENPE,3
294,ENSEMBL:ENSSSCG00000012110,ORTH,ENSEMBL:ENSSSCG00000012110,5
295,ENSEMBL:ENSPTRG00000016558,ORTH,ENSEMBL:ENSPTRG00000016558,5
296,ENSEMBL:ENSMMUG00000008418,ORTH,ENSEMBL:ENSMMUG00000008418,5
297,EnsemblGenome:AT1G10670,ORTH,EnsemblGenome:AT1G10670,5
298,ENSEMBL:ENSMODG00000017430,ORTH,ENSEMBL:ENSMODG00000017430,5
299,MONARCH:APO_0000042APO_0000003,GENO,spore germination:decreased,4
300,ZP:0011931,DISO,"retinal pigmented epithelium distended, abnormal",1
301,681,DRUG,clioquinol,2
302,HGNC:26407,GENE,LSM12,3
303,HP:0000498,DISO,Blepharitis,1
304,ZP:0009848,DISO,"spinal cord has fewer parts of type oligodendrocyte, abnormal",1
305,ENSEMBL:ENSBTAG00000014900,ORTH,CNOT3,5
306,ENSEMBL:ENSACAG00000003603,ORTH,ENSEMBL:ENSACAG00000003603,5
307,WormBase:WBGene00019665,ORTH,K11H12.9,5
308,MGI:96195,ORTH,Hoxc4,5
309,MP:0001282,DISO,short vibrissae,1
310,700,DRUG,clomifene,2
311,HP:0001396,DISO,Cholestasis,1
312,ZFIN:ZDB-GENE-141215-28,ORTH,si:dkey-28e7.3,5
313,MP:0009749,DISO,enhanced behavioral response to addictive substance,1
314,ENSEMBL:ENSOANG00000009877,ORTH,ENSEMBL:ENSOANG00000009877,5
315,ZP:0003117,DISO,"cytolysis increased occurrence, abnormal",1
316,HP:0001257,DISO,Spasticity,1
317,WormBase:WBGene00017166,ORTH,aldo-2,5
318,RGD:628742,ORTH,Lgi1,5
319,FlyBase:FBgn0037248,ORTH,srl,5
320,719,DRUG,clotrimazole,2
321,MP:0004800,DISO,decreased susceptibility to experimental autoimmune encephalomyelitis,1
322,HP:0002607,DISO,Bowel incontinence,1
323,MP:0003461,DISO,abnormal response to novel object,1
324,WBPhenotype:0000366,DISO,three fold arrest,1
325,722,DRUG,clozapine,2
326,725,DRUG,codeine,2
327,726,DRUG,colchicine,2
328,FlyBase:FBgn0041188,ORTH,Atx2,5
329,ENSEMBL:ENSFCAG00000005587,ORTH,ENSEMBL:ENSFCAG00000005587,5
330,EFO:0004568,GENO,serum non-albumin protein measurement,4
331,MP:0001525,DISO,impaired balance,1
332,SGD:S000006314,ORTH,RPC40,5
333,WBPhenotype:0001012,DISO,organism pathogen response variant,1
334,ENSEMBL:ENSECAG00000001231,ORTH,ENSEMBL:ENSECAG00000001231,5
335,ENSEMBL:ENSMMUG00000006119,ORTH,ENSEMBL:ENSMMUG00000006119,5
336,HP:0012704,DISO,Widened subarachnoid space,1
337,ZP:0019053,DISO,"eye increased occurrence cell death, abnormal",1
338,FBcv:0000416,DISO,uncoordinated,1
339,ENSEMBL:ENSECAG00000006950,ORTH,ENSEMBL:ENSECAG00000006950,5
340,RGD:621595,ORTH,Vcp,5
341,MGI:4429156,ORTH,Tg(GFAP-HTT*160Q)1Xjl [either: (involves: FVB/NCrl) or (involves: C3H * C57BL/6 * FVB/NCrl)],5
342,ZFIN:ZDB-GENE-040426-1076,ORTH,eif3g,5
343,MP:0001085,DISO,small petrosal ganglion,1
344,HP:0002487,DISO,Hyperkinetic movements,1
345,ZP:0005585,DISO,"blood vessel endothelial cell increased amount, abnormal",1
346,PomBase:SPAC20G8.10c,GENO,atg6,4
347,WBPhenotype:0001239,DISO,mating latency increased,1
348,ENSEMBL:ENSBTAG00000038103,ORTH,DPPA4,5
349,WormBase:WBGene00004821,ORTH,skr-15,5
350,766,DRUG,cyproterone acetate,2
351,ENSEMBL:ENSCAFG00000008255,ORTH,A0A5F4C0Q5,5
352,ENSEMBL:ENSOANG00000047082,ORTH,ENSEMBL:ENSOANG00000047082,5
353,WBPhenotype:0002569,DISO,hypodermis development variant,1
354,ZFIN:ZDB-GENE-001208-4,ORTH,psmb7,5
355,774,DRUG,dactinomycin,2
356,779,DRUG,danazol,2
357,FlyBase:FBgn0260945,ORTH,Atg1,5
358,MP:0001523,DISO,impaired righting response,1
359,785,DRUG,dasatinib,2
360,MP:0001402,DISO,hypoactivity,1
361,ENSEMBL:ENSACAG00000005395,ORTH,ENSEMBL:ENSACAG00000005395,5
362,ENSEMBL:ENSGALG00000038951,ORTH,RASSF1,5
363,MP:0020448,DISO,increased microglial cell activation,1
364,dictyBase:DDB_G0273199,GENO,DDB_G0273199,4
365,MGI:1201690,ORTH,Map6,5
366,MONARCH:APO_0000147APO_0000117,GENO,heat sensitivity:normal,4
367,MP:0008044,DISO,increased NK cell number,1
368,ENSEMBL:ENSSSCG00000001866,ORTH,ENSEMBL:ENSSSCG00000001866,5
369,ENSEMBL:ENSFCAG00000024278,ORTH,ENSEMBL:ENSFCAG00000024278,5
370,SGD:S000004376,ORTH,IKI3,5
371,HP:0001410,DISO,Decreased liver function,1
372,MP:0006260,DISO,abnormal gustatory papillae taste bud morphology,1
373,ENSEMBL:ENSCAFG00000028759,ORTH,ENSEMBL:ENSCAFG00000028759,5
374,ENSEMBL:ENSMMUG00000014853,ORTH,ENSEMBL:ENSMMUG00000014853,5
375,MONARCH:APO_0000159APO_0000004,GENO,biofilm formation:increased,4
376,ENSEMBL:ENSFCAG00000004927,ORTH,ENSEMBL:ENSFCAG00000004927,5
377,ZP:0103715,DISO,"brain decreased process quality cell population proliferation, abnormal",1
378,HP:0011487,DISO,Increased corneal thickness,1
379,ZP:0000906,DISO,"Meckel's cartilage aplastic, abnormal",1
380,ZP:0000217,DISO,"liver development disrupted, abnormal",1
381,ENSEMBL:ENSMODG00000017399,ORTH,ENSEMBL:ENSMODG00000017399,5
382,Xenbase:XB-GENE-6257521,ORTH,polr2a,5
383,ENSEMBL:ENSMODG00000039640,ORTH,ENSEMBL:ENSMODG00000039640,5
384,MP:0010053,DISO,decreased grip strength,1
385,Xenbase:XB-GENE-966618,ORTH,zdhhc17,5
386,RGD:2736,ORTH,Grin1,5
387,ZP:0005441,DISO,"hair cell posterior macula decreased amount, abnormal",1
388,844,DRUG,dextropropoxyphene,2
389,847,DRUG,dezocine,2
390,WormBase:WBGene00007784,ORTH,ruvb-1,5
391,RGD:1598232,ORTH,RT1-M6-1,5
392,MGI:1913546,ORTH,Haus2,5
393,WormBase:WBGene00018271,ORTH,ctsa-1.1,5
394,ENSEMBL:ENSCAFG00000001317,ORTH,EEF1D,5
395,MP:0010234,DISO,abnormal vibrissa follicle morphology,1
396,849,DRUG,diacerein,2
397,ZP:0005827,DISO,"eye edematous, abnormal",1
398,MGI:1915826,ORTH,Lamtor5,5
399,ENSEMBL:ENSRNOG00000023547,ORTH,F1M4G6,5
400,HGNC:9187,GENE,POLR2A,3
401,ENSEMBL:ENSPTRG00000005403,ORTH,ENSEMBL:ENSPTRG00000005403,5
402,ZFIN:ZDB-GENE-020430-1,ORTH,flot1a,5
403,ENSEMBL:ENSOANG00000042958,ORTH,ENSEMBL:ENSOANG00000042958,5
404,875,DRUG,diethylstilbestrol,2
405,878,DRUG,difenoxin,2
406,MGI:5569532,ORTH,Tg(CMV-HTT*89Q)ATag,5
407,RGD:1303002,ORTH,Cops3,5
408,885,DRUG,alpha-Ergocryptine,2
409,ZP:0000636,DISO,"trunk curved ventral, abnormal",1
410,ENSEMBL:ENSPTRG00000015878,ORTH,ENSEMBL:ENSPTRG00000015878,5
411,MP:0001179,DISO,thick pulmonary interalveolar septum,1
412,886,DRUG,dihydrocodeine,2
413,887,DRUG,dihydroergocristine,2
414,Xenbase:XB-GENE-1012765,ORTH,atg5,5
415,HP:0002187,DISO,"Intellectual disability, profound",1
416,WBPhenotype:0000745,DISO,transposon silencing variant,1
417,MP:0013504,DISO,increased embryonic tissue cell apoptosis,1
418,ENSEMBL:ENSACAG00000016197,ORTH,ENSEMBL:ENSACAG00000016197,5
419,dictyBase:DDB_G0272831,GENO,psmA7,4
420,MONARCH:APO_0000080APO_0000004,GENO,stress resistance:increased,4
421,ENSEMBL:ENSECAG00000019062,ORTH,ENSEMBL:ENSECAG00000019062,5
422,SGD:S000000003,ORTH,EFB1,5
423,HP:0002141,DISO,Gait imbalance,1
424,ZFIN:ZDB-GENE-050417-267,ORTH,acta1a,5
425,WormBase:WBGene00016010,ORTH,C23G10.1,5
426,ZP:0107019,DISO,"Non-Lymphoid leukaemias whole organism increased amount, abnormal",1
427,ENSEMBL:ENSMODG00000009242,ORTH,ENSEMBL:ENSMODG00000009242,5
428,ZP:0103457,DISO,"cleavage furrow blastomere blurry, abnormal",1
429,HP:0011645,DISO,Dilatation of the sinus of Valsalva,1
430,MP:0006001,DISO,abnormal intestinal transit time,1
431,ZP:0006336,DISO,"fin kinked, abnormal",1
432,ZP:0002060,DISO,"yolk edematous, abnormal",1
433,918,DRUG,diphenoxylate,2
434,ENSEMBL:ENSOANG00000006175,ORTH,ENSEMBL:ENSOANG00000006175,5
435,MONARCH:APO_0000225APO_0000004,GENO,mitotic recombination:increased,4
436,HP:0011483,DISO,Anterior synechiae of the anterior chamber,1
437,ZP:0104533,DISO,"pharynx development process quality, abnormal",1
438,928,DRUG,disulfiram,2
439,HP:0002385,DISO,Paraparesis,1
440,ENSEMBL:ENSOANG00000014057,ORTH,ENSEMBL:ENSOANG00000014057,5
441,MGI:3045344,ORTH,Mageb18,5
442,937,DRUG,dobutamine,2
443,939,DRUG,docetaxel,2
444,PomBase:SPBC1105.10,GENO,rav1,4
445,ZP:0000124,DISO,"head malformed, abnormal",1
446,ZP:0003850,DISO,"glial cell (sensu Vertebrata) ventricular zone increased size, abnormal",1
447,945,DRUG,domperidone,2
448,ZP:0103450,DISO,"wound healing decreased occurrence, abnormal",1
449,ENSEMBL:ENSGALG00000003916,ORTH,ENSEMBL:ENSGALG00000003916,5
450,ENSEMBL:ENSSSCG00000016128,ORTH,EEF1B2,5
451,ZP:0003573,DISO,"blood decreased fluid flow, abnormal",1
452,FlyBase:FBgn0035113,ORTH,pyx,5
453,ENSEMBL:ENSMODG00000042018,ORTH,ENSEMBL:ENSMODG00000042018,5
454,ENSEMBL:ENSMMUG00000037513,ORTH,ENSEMBL:ENSMMUG00000037513,5
455,MP:0005650,DISO,abnormal limb bud morphology,1
456,ENSEMBL:ENSMMUG00000056744,ORTH,ENSEMBL:ENSMMUG00000056744,5
457,WBPhenotype:0000157,DISO,posterior body wall contraction defecation cycle variant,1
458,MP:0013834,DISO,thin hypoglossal nerve,1
459,ZP:0000133,DISO,"ethmoid cartilage decreased size, abnormal",1
460,HP:0004305,DISO,Involuntary movements,1
461,ENSEMBL:ENSECAG00000000381,ORTH,ENSEMBL:ENSECAG00000000381,5
462,MP:0000692,DISO,small spleen,1
463,977,DRUG,ebastine,2
464,MP:0000043,DISO,organ of Corti degeneration,1
465,ENSEMBL:ENSPTRG00000021882,ORTH,ENSEMBL:ENSPTRG00000021882,5
466,983,DRUG,econazole,2
467,MP:0005384,DISO,cellular phenotype,1
468,dictyBase:DDB_G0269860,GENO,DDB_G0269860,4
469,ZFIN:ZDB-GENE-030131-5512,ORTH,ppp1cab,5
470,987,DRUG,edetic acid,2
471,HGNC:28970,GENE,EFR3A,3
472,ENSEMBL:ENSFCAG00000015145,ORTH,ENSEMBL:ENSFCAG00000015145,5
473,WormBase:WBGene00021983,ORTH,npr-5,5
474,PomBase:SPBC2D10.20,GENO,ubc1,4
475,MP:0002981,DISO,increased liver weight,1
476,ZP:0001301,DISO,"intersegmental vessel morphology, abnormal",1
477,ENSEMBL:ENSBTAG00000014731,ORTH,ENSEMBL:ENSBTAG00000014731,5
478,ENSEMBL:ENSGALG00000016512,ORTH,NRBP1,5
479,MP:0001006,DISO,abnormal retinal cone cell morphology,1
480,ENSEMBL:ENSCAFG00000009472,ORTH,PTDSS1,5
481,MP:0013764,DISO,decreased T-helper cell number,1
482,ENSEMBL:ENSECAG00000024877,ORTH,ENSEMBL:ENSECAG00000024877,5
483,ZFIN:ZDB-GENE-030916-1,ORTH,mhc1zaa,5
484,HGNC:29130,GENE,HAUS5,3
485,ENSEMBL:ENSBTAG00000011789,ORTH,RESTB,5
486,ZP:0014497,DISO,"erythrocyte differentiation decreased process quality, abnormal",1
487,ENSEMBL:ENSGALG00000015635,ORTH,ENSEMBL:ENSGALG00000015635,5
488,MONARCH:APO_0000157APO_0000003,GENO,utilization of iron source:decreased,4
489,ENSEMBL:ENSFCAG00000036119,ORTH,ENSEMBL:ENSFCAG00000036119,5
490,ENSEMBL:ENSACAG00000009222,ORTH,ENSEMBL:ENSACAG00000009222,5
491,WBPhenotype:0000734,DISO,hypodermal cell physiology variant,1
492,HP:0003124,DISO,Hypercholesterolemia,1
493,RGD:621260,ORTH,Msn,5
494,ENSEMBL:ENSRNOG00000049403,ORTH,ENSEMBL:ENSRNOG00000049403,5
495,1045,DRUG,erlotinib,2
496,ZFIN:ZDB-GENE-131024-2,ORTH,itchb,5
497,dictyBase:DDB_G0279549,GENO,eif3G,4
498,ENSEMBL:ENSACAG00000016214,ORTH,ENSEMBL:ENSACAG00000016214,5
499,ZP:0000761,DISO,"extension decreased thickness, abnormal",1
500,MP:0009401,DISO,increased skeletal muscle fiber diameter,1
501,ENSEMBL:ENSGALG00000000314,ORTH,A0A1L1RUS3,5
502,ENSEMBL:ENSPTRG00000013043,ORTH,ENSEMBL:ENSPTRG00000013043,5
503,ENSEMBL:ENSOANG00000046259,ORTH,ENSEMBL:ENSOANG00000046259,5
504,Coriell:GM05031,GENO,NIGMS-GM05031,4
505,ZP:0103237,DISO,"motile cilium peripheral olfactory organ immobile, abnormal",1
506,ZP:0103242,DISO,"response to osmotic stress process quality, abnormal",1
507,MGI:95474,ORTH,F8a,5
508,ENSEMBL:ENSSSCG00000014900,ORTH,RAB30,5
509,1082,DRUG,ethinylestradiol,2
510,ENSEMBL:ENSFCAG00000037021,ORTH,ENSEMBL:ENSFCAG00000037021,5
511,ENSEMBL:ENSMODG00000025647,ORTH,ENSEMBL:ENSMODG00000025647,5
512,ZP:0004160,DISO,"pharyngeal arch 3-7 skeleton aplastic, abnormal",1
513,HP:0002992,DISO,Abnormality of tibia morphology,1
514,Coriell:GM04828,GENO,NIGMS-GM04828,4
515,MGI:1927140,ORTH,Git1,5
516,ENSEMBL:ENSMODG00000013675,ORTH,ENSEMBL:ENSMODG00000013675,5
517,ENSEMBL:ENSGALG00000002765,ORTH,ENSEMBL:ENSGALG00000002765,5
518,RGD:1305752,ORTH,Psmd2,5
519,ENSEMBL:ENSMODG00000007252,ORTH,ENSEMBL:ENSMODG00000007252,5
520,ZP:0104640,DISO,"mitochondrion skeletal muscle malformed, abnormal",1
521,dictyBase:DDB_G0279371,GENO,DDB0205748,4
522,HP:0003444,DISO,EMG: chronic denervation signs,1
523,ZP:0008043,DISO,"optomotor response disrupted, abnormal",1
524,WBPhenotype:0001727,DISO,body width variant,1
525,ENSEMBL:ENSGALG00000052732,ORTH,A0A3Q2TYX2,5
526,PomBase:SPAC821.10c,GENO,sod1,4
527,HGNC:21212,GENE,ADGB,3
528,ZFIN:ZDB-GENE-140820-4,ORTH,mhc1lca,5
529,ENSEMBL:ENSECAG00000010023,ORTH,ENSEMBL:ENSECAG00000010023,5
530,ENSEMBL:ENSPTRG00000018574,ORTH,ENSEMBL:ENSPTRG00000018574,5
531,ENSEMBL:ENSBTAG00000017212,ORTH,ENSEMBL:ENSBTAG00000017212,5
532,ZP:0018347,DISO,"cerebellum structure, abnormal",1
533,ZP:0018688,DISO,"retina decreased distribution, abnormal",1
534,MP:0003091,DISO,abnormal cell migration,1
535,1118,DRUG,everolimus,2
536,ENSEMBL:ENSECAG00000010007,ORTH,ENSEMBL:ENSECAG00000010007,5
537,ENSEMBL:ENSBTAG00000000919,ORTH,ENSEMBL:ENSBTAG00000000919,5
538,MP:0002188,DISO,small heart,1
539,dictyBase:DDB_G0286069,GENO,ku70,4
540,ZFIN:ZDB-GENE-090507-8,ORTH,ftr43,5
541,1129,DRUG,famotidine,2
542,NCBIGene:504357,GENE,AXIN1,3
543,ENSEMBL:ENSFCAG00000005498,ORTH,ENSEMBL:ENSFCAG00000005498,5
544,1140,DRUG,felbamate,2
545,WBPhenotype:0000510,DISO,vulval invagination variant L4,1
546,EFO:0004612,GENO,high density lipoprotein cholesterol measurement,4
547,ENSEMBL:ENSSSCG00000012733,ORTH,ENSEMBL:ENSSSCG00000012733,5
548,ZP:0010088,DISO,"blood low saturation, abnormal",1
549,dictyBase:DDB_G0289193,GENO,H2Av2,4
550,RGD:2275,ORTH,Casp3,5
551,ENSEMBL:ENSBTAG00000003500,ORTH,ENSEMBL:ENSBTAG00000003500,5
552,MP:0002923,DISO,increased post-tetanic potentiation,1
553,MGI:1349717,ORTH,Ncor1,5
554,MONARCH:APO_0000326APO_0000005,GENO,desiccation resistance:absent,4
555,HP:0000153,DISO,Abnormality of the mouth,1
556,1164,DRUG,fentanyl,2
557,ENSEMBL:ENSGALG00000054070,ORTH,LOC100859100,5
558,ENSEMBL:ENSSSCG00000039390,ORTH,EIF3B,5
559,ENSEMBL:ENSECAG00000016216,ORTH,ENSEMBL:ENSECAG00000016216,5
560,HP:0000110,DISO,Renal dysplasia,1
561,ENSEMBL:ENSPTRG00000021203,ORTH,ENSEMBL:ENSPTRG00000021203,5
562,ENSEMBL:ENSACAG00000012445,ORTH,ENSEMBL:ENSACAG00000012445,5
563,SGD:S000005187,ORTH,SLA2,5
564,ENSEMBL:ENSMODG00000051501,ORTH,ENSEMBL:ENSMODG00000051501,5
565,WBPhenotype:0000662,DISO,foraging behavior variant,1
566,MP:0008817,DISO,hematoma,1
567,ZP:0101698,DISO,"vascular associated smooth muscle cell dorsal aorta absent, abnormal",1
568,ENSEMBL:ENSMMUG00000013129,ORTH,ENSEMBL:ENSMMUG00000013129,5
569,Xenbase:XB-GENE-485185,ORTH,pabpc4,5
570,WormBase:WBGene00009027,ORTH,F21G4.6,5
571,HP:0011229,DISO,Broad eyebrow,1
572,WormBase:WBGene00015381,ORTH,C03B1.13,5
573,ENSEMBL:ENSFCAG00000006328,ORTH,ENSEMBL:ENSFCAG00000006328,5
574,ENSEMBL:ENSFCAG00000013801,ORTH,ENSEMBL:ENSFCAG00000013801,5
575,1200,DRUG,flunarizine,2
576,MP:0004187,DISO,cardia bifida,1
577,1212,DRUG,fluphenazine,2
578,ZP:0020462,DISO,"neural crest cell pharyngeal arch spatial pattern, abnormal",1
579,ENSEMBL:ENSGALG00000029783,ORTH,A0A1D5P8L6,5
580,FlyBase:FBgn0260962,ORTH,pic,5
581,ENSEMBL:ENSECAG00000022437,ORTH,ENSEMBL:ENSECAG00000022437,5
582,MP:0001792,DISO,impaired wound healing,1
583,HGNC:5229,GENE,DNAJA1,3
584,RGD:620131,ORTH,Bdh1,5
585,Coriell:GM04692,GENO,NIGMS-GM04692,4
586,MP:0020411,DISO,increased abdominal adipose tissue amount,1
587,SGD:S000003095,ORTH,SOH1,5
588,ENSEMBL:ENSMODG00000009810,ORTH,ENSEMBL:ENSMODG00000009810,5
589,MP:0011635,DISO,abnormal mitochondrial crista morphology,1
590,1239,DRUG,formoterol,2
591,ENSEMBL:ENSMODG00000005784,ORTH,ENSEMBL:ENSMODG00000005784,5
592,WBPhenotype:0001481,DISO,thrashing increased,1
593,WBPhenotype:0001168,DISO,pseudocleavage absent early emb,1
594,Xenbase:XB-GENE-944158,ORTH,cops3,5
595,WormBase:WBGene00007624,ORTH,hrde-1,5
596,HP:0000510,DISO,Rod-cone dystrophy,1
597,SGD:S000006027,ORTH,SSE1,5
598,ZP:0000870,DISO,"ossification disrupted, abnormal",1
599,ZP:0011149,DISO,"locomotor rhythm process quality, abnormal",1
600,WormBase:WBGene00011926,ORTH,sptf-2,5
601,EnsemblGenome:AT1G67300,ORTH,EnsemblGenome:AT1G67300,5
602,ENSEMBL:ENSECAG00000016587,ORTH,ENSEMBL:ENSECAG00000016587,5
603,ENSEMBL:ENSFCAG00000039669,ORTH,ENSEMBL:ENSFCAG00000039669,5
604,WBPhenotype:0002378,DISO,pathogen avoidance variant,1
605,ZP:0101901,DISO,"facial nerve motor nucleus rhombomere 6 increased volume, abnormal",1
606,1277,DRUG,ganciclovir,2
607,ENSEMBL:ENSCAFG00000025174,ORTH,A0A5F4D012,5
608,WBPhenotype:0002270,DISO,metabolite content decreased,1
609,MP:0000873,DISO,thin external granule cell layer,1
610,1282,DRUG,gefitinib,2
611,MP:0001142,DISO,abnormal vagina orifice morphology,1
612,FlyBase:FBgn0003256,ORTH,rl,5
613,ENSEMBL:ENSMMUG00000007400,ORTH,ENSEMBL:ENSMMUG00000007400,5
614,Xenbase:XB-GENE-993962,ORTH,hnrnpm,5
615,HP:0002349,DISO,Focal aware seizure,1
616,MONARCH:APO_0000090APO_0000003,GENO,metal resistance:decreased,4
617,dictyBase:DDB_G0286331,GENO,DDB0218799,4
618,PomBase:SPAC1B1.03c,GENO,kap95,4
619,1310,DRUG,glutamic acid,2
620,FBcv:0000720,DISO,abnormal jump response,1
621,ENSEMBL:ENSECAG00000013136,ORTH,ENSEMBL:ENSECAG00000013136,5
622,ENSEMBL:ENSMODG00000019742,ORTH,ENSEMBL:ENSMODG00000019742,5
623,ZP:0006214,DISO,"cardiac ventricle collapsed, abnormal",1
624,FlyBase:FBgn0021814,ORTH,Vps28,5
625,HP:0005974,DISO,Episodic ketoacidosis,1
626,dictyBase:DDB_G0291738,GENO,rabG1,4
627,HP:0000729,DISO,Autistic behavior,1
628,RGD:620683,ORTH,Rps6kb1,5
629,MP:0010933,DISO,decreased trabecular bone connectivity density,1
630,FlyBase:FBgn0050340,ORTH,CG30340,5
631,MP:0003887,DISO,increased hepatocyte apoptosis,1
632,ENSEMBL:ENSMODG00000001760,ORTH,ENSEMBL:ENSMODG00000001760,5
633,XPO:0107347,GENO,abnormal anterior-posterior axis morphology,4
634,ENSEMBL:ENSPTRG00000017931,ORTH,ENSEMBL:ENSPTRG00000017931,5
635,ZFIN:ZDB-GENE-040426-810,ORTH,psmd1,5
636,MP:0000571,DISO,interdigital webbing,1
637,ENSEMBL:ENSFCAG00000031349,ORTH,ENSEMBL:ENSFCAG00000031349,5
638,ZP:0018926,DISO,"skeletal muscle myofibril skeletal muscle disorganized, abnormal",1
639,ZFIN:ZDB-GENE-040801-7,ORTH,sumo2b,5
640,ZP:0000399,DISO,"head flat, abnormal",1
641,ENSEMBL:ENSSSCG00000032505,ORTH,ING5,5
642,WBPhenotype:0000731,DISO,germ cell hypersensitive ionizing radiation,1
643,ZP:0003843,DISO,"mitochondrion liver swollen, abnormal",1
644,MP:0005598,DISO,decreased ventricle muscle contractility,1
645,ENSEMBL:ENSOANG00000003787,ORTH,ENSEMBL:ENSOANG00000003787,5
646,1353,DRUG,haloperidol,2
647,MP:0004129,DISO,abnormal respiratory quotient,1
648,ZP:0008442,DISO,"cellular sodium ion homeostasis decreased process quality, abnormal",1
649,1362,DRUG,hesperetin,2
650,ENSEMBL:ENSMODG00000024955,ORTH,ENSEMBL:ENSMODG00000024955,5
651,1364,DRUG,hexachlorophene,2
652,EnsemblGenome:BAA16405,ORTH,EnsemblGenome:BAA16405,5
653,Xenbase:XB-GENE-5873924,ORTH,XB5873923 [provisional],5
654,ZFIN:ZDB-GENE-081022-147,ORTH,syt12,5
655,1386,DRUG,hydrocodone,2
656,MP:0000202,DISO,abnormal circulating alkaline phosphatase level,1
657,1393,DRUG,hydromorphone,2
658,MONARCH:APO_0000195APO_0000003,GENO,gamma ray resistance:decreased,4
659,HP:0012795,DISO,Abnormality of the optic disc,1
660,FlyBase:FBgn0031442,ORTH,Prosbeta4R1,5
661,ENSEMBL:ENSCAFG00000013918,ORTH,SLC2A3,5
662,MP:0001413,DISO,abnormal response to new environment,1
663,ENSEMBL:ENSFCAG00000015254,ORTH,ENSEMBL:ENSFCAG00000015254,5
664,ZP:0001495,DISO,"trunk musculature quality, abnormal",1
665,SGD:S000005682,ORTH,NFI1,5
666,HP:0000963,DISO,Thin skin,1
667,ENSEMBL:ENSPTRG00000044817,ORTH,ENSEMBL:ENSPTRG00000044817,5
668,MP:0011452,DISO,decreased susceptibility to dopaminergic neuron neurotoxicity,1
669,MP:0000864,DISO,abnormal cerebellum vermis morphology,1
670,WBPhenotype:0001868,DISO,meiotic spindle defective,1
671,MP:0000787,DISO,abnormal telencephalon morphology,1
672,1419,DRUG,ifenprodil,2
673,MONARCH:APO_0000022APO_0000003,GENO,protein activity:decreased,4
674,MGI:1915107,ORTH,Ppp6c,5
675,1423,DRUG,imatinib,2
676,ZFIN:ZDB-GENE-040822-13,ORTH,gga1,5
677,FBcv:0000399,DISO,abnormal courtship behavior,1
678,HGNC:9536,GENE,PSMA7,3
679,ZP:0001546,DISO,"yolk grey, abnormal",1
680,MONARCH:APO_0000110APO_0000004,GENO,competitive fitness:increased,4
681,ENSEMBL:ENSECAG00000008777,ORTH,ENSEMBL:ENSECAG00000008777,5
682,HGNC:8607,GENE,PRKN,3
683,HP:0000308,DISO,Microretrognathia,1
684,RGD:1308949,ORTH,Ptdss1,5
685,FlyBase:FBgn0086694,ORTH,Bre1,5
686,MP:0005164,DISO,abnormal response to injury,1
687,HGNC:4882,GENE,HEYL,3
688,1457,DRUG,diiodohydroxyquinoline,2
689,ENSEMBL:ENSFCAG00000042107,ORTH,ENSEMBL:ENSFCAG00000042107,5
690,SGD:S000003072,ORTH,VPS73,5
691,HP:0001800,DISO,Hypoplastic toenails,1
692,ENSEMBL:ENSPTRG00000009477,ORTH,ENSEMBL:ENSPTRG00000009477,5
693,PomBase:SPBC9B6.04c,GENO,tuf1,4
694,ZP:0007177,DISO,"startle response decreased process quality, abnormal",1
695,HP:0040218,DISO,Reduced natural killer cell count,1
696,ENSEMBL:ENSMODG00000007691,ORTH,ENSEMBL:ENSMODG00000007691,5
697,ENSEMBL:ENSACAG00000002246,ORTH,ENSEMBL:ENSACAG00000002246,5
698,WBPhenotype:0001151,DISO,pronucleus centrosomes defective early emb,1
699,MP:0002980,DISO,abnormal postural reflex,1
700,MP:0006418,DISO,abnormal testis cord formation,1
701,WBPhenotype:0001372,DISO,protein DNA interaction variant,1
702,MP:0020348,DISO,decreased olfactory sensory neuron number,1
703,MP:0013241,DISO,embryo tissue necrosis,1
704,Xenbase:XB-GENE-1014860,ORTH,crppa,5
705,ENSEMBL:ENSCAFG00000010567,ORTH,ENSEMBL:ENSCAFG00000010567,5
706,MP:0005596,DISO,increased susceptibility to type I hypersensitivity reaction,1
707,EnsemblGenome:AT1G79000,ORTH,EnsemblGenome:AT1G79000,5
708,ENSEMBL:ENSFCAG00000028143,ORTH,ENSEMBL:ENSFCAG00000028143,5
709,MONARCH:APO_0000201APO_0000003,GENO,acid pH resistance:decreased,4
710,1494,DRUG,fluostigmine,2
711,ENSEMBL:ENSFCAG00000023036,ORTH,ENSEMBL:ENSFCAG00000023036,5
712,HP:0002633,DISO,Vasculitis,1
713,MP:0010344,DISO,increased hibernoma incidence,1
714,ZP:0018113,DISO,"enteric neuron posterior intestine absent, abnormal",1
715,WBPhenotype:0001376,DISO,transgene expression undetectable cell specific,1
716,SGD:S000003485,ORTH,PUP2,5
717,MONARCH:APO_0000080APO_0000003,GENO,stress resistance:decreased,4
718,dictyBase:DDB_G0277915,GENO,gefI,4
719,ENSEMBL:ENSRNOG00000055911,ORTH,LOC100361259,5
720,MP:0004045,DISO,abnormal cell cycle checkpoint function,1
721,MP:0010209,DISO,abnormal circulating chemokine level,1
722,ENSEMBL:ENSMODG00000020387,ORTH,ENSEMBL:ENSMODG00000020387,5
723,1526,DRUG,ketobemidone,2
724,MP:0008040,DISO,decreased NK T cell number,1
725,GO:0031072,PHYS,heat shock protein binding,6
726,ZP:0002195,DISO,"microtubule cytoskeleton Mauthner neuron decreased mass density, abnormal",1
727,HP:0002901,DISO,Hypocalcemia,1
728,ENSEMBL:ENSRNOG00000059655,ORTH,RGD1564855,5
729,1547,DRUG,lansoprazole,2
730,HP:0007269,DISO,Spinal muscular atrophy,1
731,1548,DRUG,lapatinib,2
732,PomBase:SPAC22A12.16,GENO,acl2,4
733,HP:0001763,DISO,Pes planus,1
734,MP:0001102,DISO,small superior vagus ganglion,1
735,ZP:0021478,DISO,"neural crest cell aggregated, abnormal",1
736,1560,DRUG,levallorphan,2
737,ENSEMBL:ENSMODG00000015566,ORTH,ENSEMBL:ENSMODG00000015566,5
738,FlyBase:FBgn0051802,ORTH,CG31802,5
739,HP:0012281,DISO,Chylous ascites,1
740,MP:0004229,DISO,abnormal embryonic erythropoiesis,1
741,1567,DRUG,levodopa,2
742,HP:0100689,DISO,Decreased corneal thickness,1
743,HP:0007530,DISO,Punctate palmoplantar hyperkeratosis,1
744,1571,DRUG,levomethadyl acetate,2
745,MONARCH:APO_0000155APO_0000003,GENO,apoptosis:decreased,4
746,ENSEMBL:ENSECAG00000014883,ORTH,ENSEMBL:ENSECAG00000014883,5
747,HP:0001880,DISO,Eosinophilia,1
748,1574,DRUG,levorphanol,2
749,HP:0001319,DISO,Neonatal hypotonia,1
750,HP:0000219,DISO,Thin upper lip vermilion,1
751,ZP:0104497,DISO,"proteasome-mediated ubiquitin-dependent protein catabolic process decreased occurrence, abnormal",1
752,HP:0100287,DISO,EMG: slow motor conduction,1
753,HGNC:9282,GENE,PPP1CB,3
754,WBPhenotype:0000776,DISO,passage through meiosis defective early emb,1
755,MP:0030026,DISO,small Meckel's cartilage,1
756,FlyBase:FBgn0010380,ORTH,AP-1-2beta,5
757,ENSEMBL:ENSBTAG00000003369,ORTH,ENSEMBL:ENSBTAG00000003369,5
758,ENSEMBL:ENSMODG00000051240,ORTH,ENSEMBL:ENSMODG00000051240,5
759,dictyBase:DDB_G0270910,GENO,DDB_G0270910,4
760,HGNC:5525,GENE,IGHG1,3
761,MP:0006319,DISO,abnormal epididymal fat pad morphology,1
762,1599,DRUG,loperamide,2
763,HGNC:9847,GENE,RANBP1,3
764,ENSEMBL:ENSBTAG00000012040,ORTH,GIT1,5
765,ENSEMBL:ENSACAG00000009914,ORTH,ENSEMBL:ENSACAG00000009914,5
766,ZP:0020464,DISO,"cranium increased occurrence apoptotic process, abnormal",1
767,MP:0000396,DISO,increased curvature of hairs,1
768,ZP:0010283,DISO,"gill neoplastic, abnormal",1
769,Xenbase:XB-GENE-952286,ORTH,cenpe,5
770,HP:0030746,DISO,Intraventricular hemorrhage,1
771,ZP:0010934,DISO,"artery absent, abnormal",1
772,MP:0020080,DISO,increased bone mineralization,1
773,HP:0002686,DISO,Prenatal maternal abnormality,1
774,ZFIN:ZDB-GENE-080723-31,ORTH,ulk1a,5
775,ENSEMBL:ENSCAFG00000015077,ORTH,GAPDH,5
776,MGI:1918898,ORTH,Optn,5
777,ENSEMBL:ENSGALG00000011562,ORTH,PARK2,5
778,Xenbase:XB-GENE-995345,ORTH,map6,5
779,ENSEMBL:ENSBTAG00000007474,ORTH,ENSEMBL:ENSBTAG00000007474,5
780,ZP:0103052,DISO,"whole organism ventralized, abnormal",1
781,WormBase:WBGene00009278,ORTH,npr-33,5
782,ENSEMBL:ENSPTRG00000011323,ORTH,ENSEMBL:ENSPTRG00000011323,5
783,HGNC:11537,GENE,TAF4,3
784,FlyBase:FBgn0284243,ORTH,betaTub56D,5
785,RGD:620171,ORTH,Trafd1,5
786,ENSEMBL:ENSPTRG00000042716,ORTH,ENSEMBL:ENSPTRG00000042716,5
787,FlyBase:FBgn0004449,ORTH,Ten-m,5
788,ENSEMBL:ENSACAG00000004508,ORTH,ENSEMBL:ENSACAG00000004508,5
789,ENSEMBL:ENSMODG00000006206,ORTH,ENSEMBL:ENSMODG00000006206,5
790,MP:0002411,DISO,decreased susceptibility to bacterial infection,1
791,ENSEMBL:ENSECAG00000021385,ORTH,ENSEMBL:ENSECAG00000021385,5
792,MP:0012411,DISO,increased granulosa cell tumor incidence,1
793,HP:0002045,DISO,Hypothermia,1
794,Coriell:GM06449,GENO,NIGMS-GM06449,4
795,HGNC:5123,GENE,HOXC11,3
796,ENSEMBL:ENSBTAG00000033143,ORTH,A0A3Q1M4M0,5
797,FlyBase:FBgn0010516,ORTH,wal,5
798,HP:0006739,DISO,Squamous cell carcinoma of the skin,1
799,MP:0003553,DISO,abnormal foreskin morphology,1
800,ZP:0001262,DISO,"thigmotaxis disrupted, abnormal",1
801,WBPhenotype:0001980,DISO,germ cell compartment expansion variant,1
802,HP:0001344,DISO,Absent speech,1
803,MP:0005070,DISO,impaired natural killer cell mediated cytotoxicity,1
804,MP:0003984,DISO,embryonic growth retardation,1
805,ZP:0004596,DISO,"determination of left/right asymmetry in diencephalon process quality, abnormal",1
806,ZFIN:ZDB-GENE-031118-188,ORTH,rab11al,5
807,MP:0008883,DISO,abnormal enterocyte proliferation,1
808,MP:0013734,DISO,squamous metaplasia of preputial gland,1
809,ENSEMBL:ENSBTAG00000049406,ORTH,ENSEMBL:ENSBTAG00000049406,5
810,1679,DRUG,memantine,2
811,ENSEMBL:ENSECAG00000039368,ORTH,ENSEMBL:ENSECAG00000039368,5
812,ENSEMBL:ENSMMUG00000015529,ORTH,ENSEMBL:ENSMMUG00000015529,5
813,FlyBase:FBgn0037894,ORTH,Ipo9,5
814,PomBase:SPBC9B6.08,GENO,clc1,4
815,FlyBase:FBgn0032216,ORTH,Usp14,5
816,1690,DRUG,pethidine,2
817,ENSEMBL:ENSMMUG00000014627,ORTH,ENSEMBL:ENSMMUG00000014627,5
818,RGD:1311158,ORTH,Brf1,5
819,1706,DRUG,meptazinol,2
820,ENSEMBL:ENSOANG00000003900,ORTH,ENSEMBL:ENSOANG00000003900,5
821,RGD:2738,ORTH,Grin2b,5
822,ZP:0002189,DISO,"axon facial nerve motor nucleus decreased length, abnormal",1
823,ZP:0003789,DISO,"macrophage decreased amount, abnormal",1
824,ENSEMBL:ENSMMUG00000020667,ORTH,ENSEMBL:ENSMMUG00000020667,5
825,MP:0003959,DISO,abnormal lean body mass,1
826,HP:0000540,DISO,Hypermetropia,1
827,ENSEMBL:ENSMODG00000009818,ORTH,ENSEMBL:ENSMODG00000009818,5
828,HGNC:9207,GENE,CNOT8,3
829,ENSEMBL:ENSMMUG00000023515,ORTH,ENSEMBL:ENSMMUG00000023515,5
830,HP:0011443,DISO,Abnormality of coordination,1
831,ENSEMBL:ENSPTRG00000039091,ORTH,ENSEMBL:ENSPTRG00000039091,5
832,1728,DRUG,methadone,2
833,1729,DRUG,acetylmethadol,2
834,SGD:S000003178,ORTH,YPT32,5
835,Xenbase:XB-GENE-1002725,ORTH,prpf40b,5
836,WBPhenotype:0001950,DISO,diplotene region organization variant,1
837,WBPhenotype:0001576,DISO,mitochondria spacing variant,1
838,HP:0001537,DISO,Umbilical hernia,1
839,WBPhenotype:0002252,DISO,increased susceptibility to viral infection,1
840,EFO:0004695,GENO,intraocular pressure measurement,4
841,ENSEMBL:ENSECAG00000010309,ORTH,ENSEMBL:ENSECAG00000010309,5
842,1762,DRUG,methyldopa,2
843,ENSEMBL:ENSOANG00000036321,ORTH,ENSEMBL:ENSOANG00000036321,5
844,1763,DRUG,methylthioninium chloride,2
845,FlyBase:FBgn0264325,ORTH,Atg6,5
846,1765,DRUG,naltrexone,2
847,WormBase:WBGene00020511,ORTH,immt-1,5
848,HGNC:24549,GENE,MRFAP1,3
849,ENSEMBL:ENSCAFG00000008234,ORTH,DLA-79,5
850,MGI:1339639,ORTH,Ogt,5
851,MGI:96103,ORTH,Hk1,5
852,ENSEMBL:ENSECAG00000008511,ORTH,ENSEMBL:ENSECAG00000008511,5
853,ENSEMBL:ENSFCAG00000018784,ORTH,ENSEMBL:ENSFCAG00000018784,5
854,RGD:3729,ORTH,Snca,5
855,HP:0002359,DISO,Frequent falls,1
856,HP:0025092,DISO,Epidermal acanthosis,1
857,HP:0100490,DISO,Camptodactyly of finger,1
858,ENSEMBL:ENSMODG00000045899,ORTH,ENSEMBL:ENSMODG00000045899,5
859,ENSEMBL:ENSSSCG00000033526,ORTH,ENSEMBL:ENSSSCG00000033526,5
860,GO:0005654,PHYS,nucleoplasm,6
861,WormBase:WBGene00007150,ORTH,acly-2,5
862,ENSEMBL:ENSGALG00000023066,ORTH,DNAJA1,5
863,ENSEMBL:ENSPTRG00000005027,ORTH,ENSEMBL:ENSPTRG00000005027,5
864,MP:0001382,DISO,abnormal nursing,1
865,ZP:0000529,DISO,"dorsal aorta closed, abnormal",1
866,ENSEMBL:ENSPTRG00000028713,ORTH,ENSEMBL:ENSPTRG00000028713,5
867,1800,DRUG,miconazole,2
868,1803,DRUG,midodrine,2
869,MP:0006027,DISO,impaired lung alveolus development,1
870,1805,DRUG,mifepristone,2
871,ENSEMBL:ENSMODG00000012505,ORTH,ENSEMBL:ENSMODG00000012505,5
872,MONARCH:APO_0000102APO_0000003,GENO,respiratory metabolism:decreased,4
873,1810,DRUG,miltefosine,2
874,HP:0000276,DISO,Long face,1
875,ENSEMBL:ENSECAG00000000545,ORTH,ENSEMBL:ENSECAG00000000545,5
876,ENSEMBL:ENSACAG00000011968,ORTH,ENSEMBL:ENSACAG00000011968,5
877,RGD:71059,ORTH,Hnrnpl,5
878,WBPhenotype:0002268,DISO,mitochondrial content decreased,1
879,1821,DRUG,mitoxantrone,2
880,MP:0001633,DISO,poor circulation,1
881,ZFIN:ZDB-GENE-000831-2,ORTH,fth1a,5
882,ENSEMBL:ENSACAG00000005379,ORTH,ENSEMBL:ENSACAG00000005379,5
883,Coriell:GM02166,GENO,NIGMS-GM02166,4
884,ENSEMBL:ENSFCAG00000003338,ORTH,ENSEMBL:ENSFCAG00000003338,5
885,ENSEMBL:ENSOANG00000011913,ORTH,ENSEMBL:ENSOANG00000011913,5
886,HP:0002518,DISO,Abnormal periventricular white matter morphology,1
887,ZP:0006334,DISO,"extracellular matrix constituent secretion disrupted, abnormal",1
888,1836,DRUG,montelukast,2
889,ENSEMBL:ENSPTRG00000013144,ORTH,ENSEMBL:ENSPTRG00000013144,5
890,ENSEMBL:ENSPTRG00000010989,ORTH,ENSEMBL:ENSPTRG00000010989,5
891,1845,DRUG,morphine,2
892,RGD:71024,ORTH,Actr3,5
893,WBPhenotype:0001033,DISO,proximal germ cell proliferation variant,1
894,MP:0008546,DISO,abnormal vesicle-mediated transport,1
895,HP:0010794,DISO,Impaired visuospatial constructive cognition,1
896,ZP:0010867,DISO,"caudal fin necrotic, abnormal",1
897,SGD:S000004593,ORTH,TUB3,5
898,ZP:0001381,DISO,"motor neuron spinal cord increased amount, abnormal",1
899,ENSEMBL:ENSECAG00000002611,ORTH,ENSEMBL:ENSECAG00000002611,5
900,MP:0008858,DISO,abnormal hair cycle anagen phase,1
901,EnsemblGenome:AT5G11210,ORTH,EnsemblGenome:AT5G11210,5
902,ENSEMBL:ENSOANG00000041942,ORTH,ENSEMBL:ENSOANG00000041942,5
903,HP:0002342,DISO,"Intellectual disability, moderate",1
904,MP:0005154,DISO,increased B cell proliferation,1
905,FlyBase:FBgn0010280,ORTH,Taf4,5
906,PomBase:SPBC646.16,GENO,scl1,4
907,dbSNP:rs55962025,GENO,rs55962025-?,4
908,1874,DRUG,nalbuphine,2
909,MP:0004263,DISO,abnormal limb posture,1
910,SGD:S000001248,ORTH,SCH9,5
911,1876,DRUG,nalmefene,2
912,1877,DRUG,nalorphine,2
913,1878,DRUG,naloxone,2
914,ENSEMBL:ENSCAFG00000002380,ORTH,ACTR1B,5
915,ENSEMBL:ENSMODG00000007320,ORTH,ENSEMBL:ENSMODG00000007320,5
916,ENSEMBL:ENSPTRG00000043162,ORTH,ENSEMBL:ENSPTRG00000043162,5
917,WBPhenotype:0002344,DISO,backing decreased,1
918,ENSEMBL:ENSMMUG00000000605,ORTH,ENSEMBL:ENSMMUG00000000605,5
919,MP:0005397,DISO,hematopoietic system phenotype,1
920,HP:0002500,DISO,Abnormal cerebral white matter morphology,1
921,1893,DRUG,nelfinavir,2
922,FlyBase:FBgn0040232,ORTH,cmet,5
923,MGI:105926,ORTH,Rab5a,5
924,RGD:1305313,ORTH,Cnot7,5
925,FlyBase:FBgn0010423,ORTH,TpnC47D,5
926,ZP:0018870,DISO,"retina lacks all parts of type central region photoreceptor cell, abnormal",1
927,dictyBase:DDB_G0288065,GENO,cdcD,4
928,MP:0004980,DISO,increased neuronal precursor cell number,1
929,ZP:0006474,DISO,"whole organism wholly posterioralized, abnormal",1
930,1912,DRUG,niclosamide,2
931,WBPhenotype:0002606,DISO,necrotic cell death decreased,1
932,MP:0006338,DISO,abnormal second pharyngeal arch morphology,1
933,ENSEMBL:ENSSSCG00000021845,ORTH,ATXN2L,5
934,WBPhenotype:0000767,DISO,integrity of membranous organelles defective early emb,1
935,RGD:3731,ORTH,Sod1,5
936,ENSEMBL:ENSACAG00000016861,ORTH,ENSEMBL:ENSACAG00000016861,5
937,MP:0000983,DISO,enlarged Meissner's corpuscles,1
938,ZP:0002721,DISO,"myofibril skeletal muscle cell disorganized, abnormal",1
939,ENSEMBL:ENSMODG00000024959,ORTH,ENSEMBL:ENSMODG00000024959,5
940,WormBase:WBGene00016311,ORTH,efr-3,5
941,MP:0011400,DISO,"lethality, complete penetrance",1
942,MP:0009413,DISO,skeletal muscle fiber atrophy,1
943,FlyBase:FBgn0033089,ORTH,CG17266,5
944,ENSEMBL:ENSPTRG00000046598,ORTH,ENSEMBL:ENSPTRG00000046598,5
945,ZP:0019107,DISO,"nucleus lens apoptotic, abnormal",1
946,MP:0011089,DISO,"perinatal lethality, complete penetrance",1
947,Coriell:GM04284,GENO,NIGMS-GM04284,4
948,ENSEMBL:ENSMODG00000014653,ORTH,ENSEMBL:ENSMODG00000014653,5
949,RGD:1311201,ORTH,Pabpc6,5
950,WBPhenotype:0000058,DISO,late larval lethal,1
951,MP:0000453,DISO,absent mouth,1
952,MGI:96244,ORTH,Hspa1a,5
953,ENSEMBL:ENSECAG00000017324,ORTH,ENSEMBL:ENSECAG00000017324,5
954,ZP:0002570,DISO,"neural tube increased width, abnormal",1
955,HGNC:12509,GENE,UBQLN2,3
956,PomBase:SPBC215.15,GENO,sec13,4
957,MP:0000291,DISO,enlarged pericardium,1
958,WBPhenotype:0000409,DISO,organism morphology variable,1
959,1980,DRUG,octreotide,2
960,ZP:0010451,DISO,"nucleus skeletal muscle cell circular, abnormal",1
961,ENSEMBL:ENSACAG00000013494,ORTH,ENSEMBL:ENSACAG00000013494,5
962,ENSEMBL:ENSSSCG00000004958,ORTH,PIAS1,5
963,MGI:1916106,ORTH,Prrc1,5
964,1989,DRUG,omapatrilat,2
965,1990,DRUG,omeprazole,2
966,ENSEMBL:ENSPTRG00000018060,ORTH,ENSEMBL:ENSPTRG00000018060,5
967,ZFIN:ZDB-GENE-060307-2,ORTH,bag6l,5
968,dictyBase:DDB_G0290971,GENO,DDB_G0290971,4
969,RGD:2202,ORTH,Bdnf,5
970,Xenbase:XB-GENE-983586,ORTH,matr3,5
971,MP:0003957,DISO,abnormal nitric oxide homeostasis,1
972,1996,DRUG,orlistat,2
973,dictyBase:DDB_G0287733,GENO,syn7A,4
974,ENSEMBL:ENSMMUG00000029174,ORTH,ENSEMBL:ENSMMUG00000029174,5
975,HP:0100616,DISO,Testicular teratoma,1
976,WBPhenotype:0001038,DISO,tumorous germline,1
977,ENSEMBL:ENSMODG00000011301,ORTH,ENSEMBL:ENSMODG00000011301,5
978,MP:0002084,DISO,abnormal developmental patterning,1
979,SGD:S000000948,ORTH,LSM5,5
980,MONARCH:APO_0000309APO_0000005,GENO,respiratory growth:absent,4
981,Xenbase:XB-GENE-6455928,ORTH,snx21,5
982,ENSEMBL:ENSACAG00000011267,ORTH,ENSEMBL:ENSACAG00000011267,5
983,MP:0009928,DISO,abnormal pinna hair pigmentation,1
984,2029,DRUG,oxycodone,2
985,MGI:1276525,ORTH,H2-M10.2,5
986,ENSEMBL:ENSCAFG00000018408,ORTH,BRF1,5
987,XPO:0103286,GENO,absent head,4
988,ZP:0018341,DISO,"axon vagal ganglion malformed, abnormal",1
989,2034,DRUG,oxymorphone,2
990,2044,DRUG,paclitaxel,2
991,ENSEMBL:ENSGALG00000006179,ORTH,ENSEMBL:ENSGALG00000006179,5
992,WBPhenotype:0001941,DISO,rachis narrow,1
993,SGD:S000006161,ORTH,HSP82,5
994,WBPhenotype:0002191,DISO,fewer sex myoblasts,1
995,FlyBase:FBgn0027055,ORTH,CSN3,5
996,MGI:3711010,ORTH,Htt<tm1Hay>/Htt<tm1Hay>; Tg(YAC353G6)W7Hay [involves: C57BL/6J * FVB/NJ],5
997,2054,DRUG,pantoprazole,2
998,ZP:0010445,DISO,"mandibular muscle refractivity, abnormal",1
999,ZP:0001133,DISO,"cerebellum apoptotic, abnormal",1
1000,EnsemblGenome:AT1G59890,ORTH,EnsemblGenome:AT1G59890,5
1001,ZP:0010093,DISO,"trunk misaligned with larval melanophore stripe anterior-posterior axis whole organism, abnormal",1
1002,ENSEMBL:ENSMMUG00000046124,ORTH,ENSEMBL:ENSMMUG00000046124,5
1003,WormBase:WBGene00002183,ORTH,kat-1,5
1004,ENSEMBL:ENSECAG00000009962,ORTH,ENSEMBL:ENSECAG00000009962,5
1005,PomBase:SPAC17H9.10c,GENO,ddb1,4
1006,ENSEMBL:ENSACAG00000011824,ORTH,ENSEMBL:ENSACAG00000011824,5
1007,WBPhenotype:0001036,DISO,sterile F1,1
1008,MP:0008908,DISO,increased total fat pad weight,1
1009,MP:0008448,DISO,abnormal retinal cone cell inner segment morphology,1
1010,2080,DRUG,penfluridol,2
1011,ZP:0000236,DISO,"sarcomere organization disrupted, abnormal",1
1012,HP:0040273,DISO,Adenocarcinoma of the intestines,1
1013,ClinVarVariant:417742,VARI,NM_002111.8(HTT):c.2114C>T (p.Pro705Leu),7
1014,Coriell:GM04230,GENO,NIGMS-GM04230,4
1015,ENSEMBL:ENSGALG00000005931,ORTH,RUVBL1,5
1016,ZP:0019044,DISO,"peripheral region retina morphology, abnormal",1
1017,MP:0002885,DISO,abnormal AMPA-mediated synaptic currents,1
1018,WBPhenotype:0000461,DISO,paraquat resistant,1
1019,WBPhenotype:0002301,DISO,nose movement variant,1
1020,HP:0008628,DISO,Abnormality of the stapes,1
1021,MP:0004747,DISO,abnormal cochlear OHC afferent innervation pattern,1
1022,ENSEMBL:ENSMMUG00000061193,ORTH,ENSEMBL:ENSMMUG00000061193,5
1023,2106,DRUG,perhexiline,2
1024,ZP:0007797,DISO,"swimming decreased occurrence, abnormal",1
1025,Coriell:GM05526,GENO,NIGMS-GM05526,4
1026,WormBase:WBGene00000160,ORTH,apb-1,5
1027,WBPhenotype:0002120,DISO,mitochondrial DNA repair variant,1
1028,FlyBase:FBgn0013733,ORTH,shot,5
1029,ENSEMBL:ENSMODG00000002631,ORTH,ENSEMBL:ENSMODG00000002631,5
1030,2119,DRUG,phenazocine,2
1031,2123,DRUG,phenelzine,2
1032,RGD:1306362,ORTH,Rab35,5
1033,ENSEMBL:ENSSSCG00000033334,ORTH,COPS7B,5
1034,ENSEMBL:ENSBTAG00000007599,ORTH,ENSEMBL:ENSBTAG00000007599,5
1035,ENSEMBL:ENSECAG00000019139,ORTH,ENSEMBL:ENSECAG00000019139,5
1036,ZFIN:ZDB-GENE-040516-3,ORTH,ppp1caa,5
1037,WormBase:WBGene00000102,ORTH,akt-1,5
1038,HP:0002062,DISO,Morphological abnormality of the pyramidal tract,1
1039,ENSEMBL:ENSGALG00000051088,ORTH,A0A3Q2UMZ6,5
1040,HGNC:30989,GENE,IFT20,3
1041,SGD:S000003304,ORTH,UPF3,5
1042,HP:0012385,DISO,Camptodactyly,1
1043,HP:0001897,DISO,Normocytic anemia,1
1044,HP:0002191,DISO,Progressive spasticity,1
1045,MP:0010392,DISO,prolonged QRS complex duration,1
1046,WBPhenotype:0002590,DISO,linker cell detached,1
1047,ClinVarVariant:409,VARI,NC_000004.11:g.3076606GCA[(40_?)],7
1048,FlyBase:FBgn0259824,ORTH,Hip14,5
1049,ENSEMBL:ENSOANG00000036573,ORTH,ENSEMBL:ENSOANG00000036573,5
1050,SGD:S000002476,ORTH,DOA4,5
1051,dictyBase:DDB_G0274281,GENO,ppiH,4
1052,ZP:0008966,DISO,"T cell decreased amount, abnormal",1
1053,WBPhenotype:0002308,DISO,pausing variant,1
1054,ZFIN:ZDB-GENE-090508-10,ORTH,ftr69,5
1055,RGD:1307924,ORTH,Morc3,5
1056,2172,DRUG,pimozide,2
1057,ENSEMBL:ENSGALG00000011209,ORTH,EVL,5
1058,WBPhenotype:0001400,DISO,level of protein expression variant,1
1059,FBcv:0002023,DISO,some die during larval stage,1
1060,MGI:95942,ORTH,H2-T10,5
1061,ENSEMBL:ENSCAFG00000008647,ORTH,TKT,5
1062,MP:0000280,DISO,thin ventricular wall,1
1063,ZP:0000530,DISO,"dorsal aorta collapsed, abnormal",1
1064,HP:0002031,DISO,Abnormal esophagus morphology,1
1065,FlyBase:FBgn0266429,ORTH,AstA-R1,5
1066,ENSEMBL:ENSMODG00000017976,ORTH,ENSEMBL:ENSMODG00000017976,5
1067,ZFIN:ZDB-GENE-121031-5,ORTH,slc2a3b,5
1068,ZP:0009543,DISO,"myofibril muscle morphology, abnormal",1
1069,WBPhenotype:0000554,DISO,hypoosmotic shock hypersensitive,1
1070,ZFIN:ZDB-GENE-050419-75,ORTH,plekha7a,5
1071,ENSEMBL:ENSCAFG00000047980,ORTH,ENSEMBL:ENSCAFG00000047980,5
1072,ZFIN:ZDB-GENE-170215-1,ORTH,nbr1b,5
1073,HP:0001987,DISO,Hyperammonemia,1
1074,MP:0005006,DISO,abnormal osteoblast physiology,1
1075,ZP:0001192,DISO,"heart edematous, abnormal",1
1076,Xenbase:XB-GENE-482185,ORTH,tubb,5
1077,ZP:0004643,DISO,"ceratobranchial cartilage morphology, abnormal",1
1078,HP:0011787,DISO,Central hypothyroidism,1
1079,NCBIGene:498414,GENE,LOC498414,3
1080,ENSEMBL:ENSOANG00000049031,ORTH,ENSEMBL:ENSOANG00000049031,5
1081,WBPhenotype:0002118,DISO,population fitness phenotype,1
1082,RGD:620942,ORTH,Dnaja1,5
1083,ENSEMBL:ENSFCAG00000041738,ORTH,ENSEMBL:ENSFCAG00000041738,5
1084,MGI:3711071,ORTH,Tg(YAC353G6)W7Hay/Tg(YAC353G6)W7Hay [FVB/NJ-Tg(YAC353G6)W7Hay],5
1085,ENSEMBL:ENSFCAG00000013821,ORTH,ENSEMBL:ENSFCAG00000013821,5
1086,SGD:S000001069,ORTH,RPN1,5
1087,MONARCH:APO_0000094APO_0000003,GENO,metabolism and growth:decreased,4
1088,MGI:2446242,ORTH,Atxn2l,5
1089,WormBase:WBGene00004808,ORTH,skr-2,5
1090,ENSEMBL:ENSMMUG00000010269,ORTH,ENSEMBL:ENSMMUG00000010269,5
1091,Coriell:GM04479,GENO,NIGMS-GM04479,4
1092,Xenbase:XB-GENE-1014415,ORTH,siah1,5
1093,ZP:0010455,DISO,"striated muscle thin filament fast muscle cell disorganized, abnormal",1
1094,ZP:0003841,DISO,"mitochondrion spinal cord swollen, abnormal",1
1095,MP:0011704,DISO,decreased fibroblast proliferation,1
1096,Xenbase:XB-GENE-972376,ORTH,wdr45,5
1097,MGI:2446977,ORTH,Kif18a,5
1098,MP:0001463,DISO,abnormal spatial learning,1
1099,2266,DRUG,primaquine,2
1100,ENSEMBL:ENSOANG00000014851,ORTH,ENSEMBL:ENSOANG00000014851,5
1101,MGI:1201691,ORTH,Rnf4,5
1102,ENSEMBL:ENSPTRG00000046653,ORTH,ENSEMBL:ENSPTRG00000046653,5
1103,ENSEMBL:ENSOANG00000038661,ORTH,ENSEMBL:ENSOANG00000038661,5
1104,FlyBase:FBal0293482,ORTH,htt[HMS02845],5
1105,ENSEMBL:ENSACAG00000003862,ORTH,ENSEMBL:ENSACAG00000003862,5
1106,ZP:0005771,DISO,"nucleus lens decreased amount, abnormal",1
1107,ZP:0004011,DISO,"neuron retinal inner plexiform layer degenerate, abnormal",1
1108,ENSEMBL:ENSFCAG00000008393,ORTH,ENSEMBL:ENSFCAG00000008393,5
1109,ENSEMBL:ENSMODG00000005047,ORTH,ENSEMBL:ENSMODG00000005047,5
1110,ZFIN:ZDB-GENE-131231-1,ORTH,sp5b,5
1111,ENSEMBL:ENSECAG00000016754,ORTH,ENSEMBL:ENSECAG00000016754,5
1112,HP:0010851,DISO,EEG with burst suppression,1
1113,MP:0020471,DISO,abnormal circadian behavior persistence,1
1114,2286,DRUG,promethazine,2
1115,ENSEMBL:ENSPTRG00000044616,ORTH,ENSEMBL:ENSPTRG00000044616,5
1116,2299,DRUG,propiram,2
1117,dbSNP:rs1232027,GENO,rs1232027-?,4
1118,ZP:0000212,DISO,"whole organism viability, abnormal",1
1119,WBPhenotype:0000531,DISO,organism development variant,1
1120,MP:0002978,DISO,absent otoliths,1
1121,ENSEMBL:ENSMMUG00000008213,ORTH,ENSEMBL:ENSMMUG00000008213,5
1122,HP:0200147,DISO,Neuronal loss in basal ganglia,1
1123,MP:0003081,DISO,abnormal soleus morphology,1
1124,MP:0005574,DISO,decreased pulmonary respiratory rate,1
1125,ZP:0018474,DISO,"peripheral neuron process quality axon guidance, abnormal",1
1126,ENSEMBL:ENSGALG00000003337,ORTH,ENSEMBL:ENSGALG00000003337,5
1127,MP:0000219,DISO,increased neutrophil cell number,1
1128,PomBase:SPBC713.06,GENO,adl1,4
1129,ZP:0101464,DISO,"basement membrane liver aplastic, abnormal",1
1130,2350,DRUG,rabeprazole,2
1131,2351,DRUG,raloxifene,2
1132,MGI:1922813,ORTH,Dnali1,5
1133,HP:0003691,DISO,Scapular winging,1
1134,2363,DRUG,remifentanil,2
1135,HP:0001355,DISO,Megalencephaly,1
1136,FBcv:0000007,DISO,female semi-fertile,1
1137,MGI:2177756,ORTH,Htt<tm1Detl>,5
1138,ZP:0012600,DISO,"learning process quality, abnormal",1
1139,2370,DRUG,reserpine,2
1140,WBPhenotype:0001818,DISO,neuron activation variant,1
1141,ENSEMBL:ENSMODG00000018066,ORTH,ENSEMBL:ENSMODG00000018066,5
1142,MGI:1925583,ORTH,Prpf40b,5
1143,RGD:1306104,ORTH,Commd4,5
1144,Coriell:GM04693,GENO,NIGMS-GM04693,4
1145,WBPhenotype:0000141,DISO,stress induced lethality increased,1
1146,ZP:0103452,DISO,"angiogenic sprout central artery decreased amount, abnormal",1
1147,ZP:0000650,DISO,"lens decreased size, abnormal",1
1148,PomBase:SPAPB1A10.10c,GENO,ypt71,4
1149,FBcv:0000425,DISO,increased cell death,1
1150,ENSEMBL:ENSSSCG00000017756,ORTH,NLK,5
1151,Coriell:GM04208,GENO,NIGMS-GM04208,4
1152,Coriell:GM03865,GENO,NIGMS-GM03865,4
1153,2391,DRUG,ritonavir,2
1154,ENSEMBL:ENSSSCG00000022126,ORTH,EGFR,5
1155,WBPhenotype:0000660,DISO,social feeding increased,1
1156,ENSEMBL:ENSECAG00000024569,ORTH,ENSEMBL:ENSECAG00000024569,5
1157,ENSEMBL:ENSBTAG00000021979,ORTH,ENSEMBL:ENSBTAG00000021979,5
1158,ENSEMBL:ENSACAG00000011290,ORTH,ENSEMBL:ENSACAG00000011290,5
1159,WBPhenotype:0001065,DISO,fewer egg laying events during active,1
1160,WBPhenotype:0000994,DISO,intestinal contractions variant,1
1161,WBPhenotype:0000345,DISO,VPC cell division variant,1
1162,ENSEMBL:ENSSSCG00000011620,ORTH,RUVBL1,5
1163,2422,DRUG,saquinavir,2
1164,WBPhenotype:0002263,DISO,mitochondrial membrane potential increased,1
1165,dictyBase:DDB_G0267420,GENO,sodA,4
1166,ENSEMBL:ENSOANG00000010721,ORTH,ENSEMBL:ENSOANG00000010721,5
1167,ENSEMBL:ENSFCAG00000005684,ORTH,ENSEMBL:ENSFCAG00000005684,5
1168,MGI:1929520,ORTH,Eef1b2,5
1169,WBPhenotype:0000643,DISO,locomotion variant,1
1170,ENSEMBL:ENSMMUG00000012559,ORTH,ENSEMBL:ENSMMUG00000012559,5
1171,ENSEMBL:ENSPTRG00000009642,ORTH,ENSEMBL:ENSPTRG00000009642,5
1172,ENSEMBL:ENSACAG00000001226,ORTH,ENSEMBL:ENSACAG00000001226,5
1173,RGD:621145,ORTH,Trip10,5
1174,ENSEMBL:ENSOANG00000002058,ORTH,ENSEMBL:ENSOANG00000002058,5
1175,MP:0004799,DISO,increased susceptibility to experimental autoimmune encephalomyelitis,1
1176,HGNC:7734,GENE,NEFM,3
1177,ENSEMBL:ENSMMUG00000006942,ORTH,ENSEMBL:ENSMMUG00000006942,5
1178,2446,DRUG,sirolimus,2
1179,MGI:1349722,ORTH,Pabpc1,5
1180,WBPhenotype:0001272,DISO,vulval cell induction variant,1
1181,HP:0001647,DISO,Bicuspid aortic valve,1
1182,MGI:1921575,ORTH,Cltb,5
1183,ZP:0009076,DISO,"posterior region whole organism morphology, abnormal",1
1184,ENSEMBL:ENSCAFG00000001536,ORTH,ENSEMBL:ENSCAFG00000001536,5
1185,2459,DRUG,sorafenib,2
1186,EFO:0004327,GENO,electrocardiography,4
1187,ENSEMBL:ENSECAG00000009595,ORTH,ENSEMBL:ENSECAG00000009595,5
1188,ENSEMBL:ENSMODG00000037820,ORTH,ENSEMBL:ENSMODG00000037820,5
1189,WBPhenotype:0001769,DISO,cytoplasmic RNAi defective,1
1190,MP:0002018,DISO,increased malignant tumor incidence,1
1191,MP:0001240,DISO,abnormal epidermis stratum corneum morphology,1
1192,HP:0007663,DISO,Reduced visual acuity,1
1193,ZFIN:ZDB-GENE-040426-1851,ORTH,wdr61,5
1194,dictyBase:DDB_G0292052,GENO,sec13,4
1195,MGI:105384,ORTH,Hspa8,5
1196,ENSEMBL:ENSGALG00000013738,ORTH,OPTN,5
1197,ENSEMBL:ENSMMUG00000001825,ORTH,ENSEMBL:ENSMMUG00000001825,5
1198,XPO:0102390,GENO,abnormal tail bud morphology,4
1199,MP:0005092,DISO,decreased double-positive T cell number,1
1200,HP:0002155,DISO,Hypertriglyceridemia,1
1201,2491,DRUG,sufentanil,2
1202,MP:0006219,DISO,optic nerve degeneration,1
1203,MGI:97583,ORTH,Pik3r1,5
1204,HP:0002414,DISO,Spina bifida,1
1205,ENSEMBL:ENSECAG00000007795,ORTH,ENSEMBL:ENSECAG00000007795,5
1206,WBPhenotype:0002298,DISO,coiling frequency variant,1
1207,ENSEMBL:ENSCAFG00000013806,ORTH,M6PR,5
1208,Coriell:GM05376,GENO,NIGMS-GM05376,4
1209,MP:0013733,DISO,squamous metaplasia of bulbourethral gland,1
1210,2504,DRUG,sulfaethidole,2
1211,ZFIN:ZDB-GENE-081031-18,ORTH,ptdss1b,5
1212,ZFIN:ZDB-GENE-040426-1399,ORTH,bag2,5
1213,WBPhenotype:0002018,DISO,retarded seam cell fusion,1
1214,MGI:5298846,ORTH,Htt<tm1Hay>/Htt<+>; Tg(YAC72)2511Hay [involves: FVB/N],5
1215,MP:0000608,DISO,dissociated hepatocytes,1
1216,HGNC:9792,GENE,RAB9A,3
1217,dbSNPIndividual:22796,GENO,46;XY.arr(1-22)x2;(XY)x1 [GM09197],4
1218,2525,DRUG,sulfasalazine,2
1219,RGD:3512,ORTH,RT1-EC2,5
1220,ENSEMBL:ENSGALG00000040703,ORTH,FLOT1,5
1221,HP:0001263,DISO,Global developmental delay,1
1222,ENSEMBL:ENSMMUG00000014883,ORTH,ENSEMBL:ENSMMUG00000014883,5
1223,Xenbase:XB-GENE-967908,ORTH,ddb1,5
1224,2536,DRUG,suloctidil,2
1225,2544,DRUG,sunitinib,2
1226,MP:0011639,DISO,decreased mitochondrial DNA content,1
1227,ENSEMBL:ENSOANG00000036451,ORTH,ENSEMBL:ENSOANG00000036451,5
1228,ENSEMBL:ENSECAG00000013260,ORTH,ENSEMBL:ENSECAG00000013260,5
1229,MP:0003236,DISO,abnormal lens capsule morphology,1
1230,ENSEMBL:ENSBTAG00000002069,ORTH,BOLA,5
1231,MP:0004815,DISO,abnormal somatic hypermutation frequency,1
1232,ZFIN:ZDB-GENE-050720-1,ORTH,crmp1,5
1233,2551,DRUG,tacrine,2
1234,MP:0004792,DISO,abnormal synaptic vesicle number,1
1235,ZP:0002347,DISO,"trunk curved, abnormal",1
1236,2552,DRUG,tacrolimus,2
1237,HP:0000803,DISO,Renal cortical cysts,1
1238,2561,DRUG,tamoxifen,2
1239,WormBase:WBGene00008714,ORTH,F11F1.1,5
1240,ENSEMBL:ENSPTRG00000016330,ORTH,ENSEMBL:ENSPTRG00000016330,5
1241,HP:0004325,DISO,Decreased body weight,1
1242,GO:0030425,PHYS,dendrite,6
1243,WBPhenotype:0001977,DISO,germ cell partition morphology variant,1
1244,ZP:0008451,DISO,"neuromast hair cell functionality, abnormal",1
1245,RGD:1595502,ORTH,LOC680121,5
1246,ENSEMBL:ENSGALG00000009248,ORTH,ENSEMBL:ENSGALG00000009248,5
1247,MONARCH:APO_0000034APO_0000003,GENO,mating efficiency:decreased,4
1248,MP:0009406,DISO,decreased skeletal muscle fiber number,1
1249,ENSEMBL:ENSMODG00000000549,ORTH,ENSEMBL:ENSMODG00000000549,5
1250,MP:0004708,DISO,short lumbar vertebrae,1
1251,ENSEMBL:ENSFCAG00000013876,ORTH,ENSEMBL:ENSFCAG00000013876,5
1252,ZP:0019154,DISO,"eye photoreceptor cell vacuolated, abnormal",1
1253,ZP:0011934,DISO,"retina decreased process quality poly(A)+ mRNA export from nucleus, abnormal",1
1254,HP:0000543,DISO,Optic disc pallor,1
1255,2600,DRUG,terfenadine,2
1256,HGNC:5961,GENE,IKBKG,3
1257,FlyBase:FBgn0029943,ORTH,Atg5,5
1258,ENSEMBL:ENSPTRG00000004442,ORTH,ENSEMBL:ENSPTRG00000004442,5
1259,MP:0011957,DISO,decreased compensatory feeding amount,1
1260,Xenbase:XB-GENE-954481,ORTH,cltb,5
1261,ENSEMBL:ENSSSCG00000014292,ORTH,HSPA4,5
1262,ENSEMBL:ENSSSCG00000044778,ORTH,DPPA4,5
1263,ENSEMBL:ENSECAG00000018337,ORTH,ENSEMBL:ENSECAG00000018337,5
1264,ENSEMBL:ENSACAG00000008108,ORTH,ENSEMBL:ENSACAG00000008108,5
1265,MP:0003190,DISO,fused synovial joints,1
1266,MGI:98869,ORTH,Tuba1a,5
1267,2632,DRUG,thioguanine,2
1268,ENSEMBL:ENSSSCG00000029174,ORTH,ENSEMBL:ENSSSCG00000029174,5
1269,2637,DRUG,thioridazine,2
1270,ENSEMBL:ENSCAFG00000008434,ORTH,ENSEMBL:ENSCAFG00000008434,5
1271,MP:0001657,DISO,abnormal induced morbidity/mortality,1
1272,MP:0002083,DISO,premature death,1
1273,WormBase:WBGene00013270,ORTH,Y57A10A.31,5
1274,MGI:1915445,ORTH,Rnaset2a,5
1275,MP:0010955,DISO,abnormal respiratory electron transport chain,1
1276,RGD:1562437,ORTH,Tcerg1l,5
1277,WBPhenotype:0000117,DISO,L1 lethal,1
1278,WBPhenotype:0001134,DISO,Aba ABp division axis defective early emb,1
1279,HP:0012379,DISO,Abnormal enzyme/coenzyme activity,1
1280,MP:0000596,DISO,abnormal liver development,1
1281,2650,DRUG,tianeptine,2
1282,ENSEMBL:ENSOANG00000043915,ORTH,ENSEMBL:ENSOANG00000043915,5
1283,FBcv:0000358,DISO,decreased body size,1
1284,SGD:S000004607,ORTH,TAF4,5
1285,ZP:0000100,DISO,"brain morphology, abnormal",1
1286,2663,DRUG,tilidine,2
1287,MP:0020473,DISO,abnormal circadian behavior phase,1
1288,Xenbase:XB-GENE-6257393,ORTH,gemin7,5
1289,MP:0013818,DISO,abnormal oral cavity morphology,1
1290,WBPhenotype:0001670,DISO,presynaptic vesicle number reduced,1
1291,ENSEMBL:ENSECAG00000018467,ORTH,ENSEMBL:ENSECAG00000018467,5
1292,ZP:0009068,DISO,"spinal cord oligodendrocyte cell differentiation disrupted, abnormal",1
1293,ENSEMBL:ENSFCAG00000009909,ORTH,ENSEMBL:ENSFCAG00000009909,5
1294,dictyBase:DDB_G0277851,GENO,dymB,4
1295,ZP:0016546,DISO,"habituation decreased process quality, abnormal",1
1296,dbSNP:rs149109767,GENO,rs149109767-AGAG,4
1297,ENSEMBL:ENSMODG00000023910,ORTH,ENSEMBL:ENSMODG00000023910,5
1298,EFO:0004518,GENO,creatinine measurement,4
1299,ENSEMBL:ENSMODG00000018305,ORTH,ENSEMBL:ENSMODG00000018305,5
1300,MONARCH:APO_0000052APO_0000004,GENO,cell size:increased,4
1301,SGD:S000001857,ORTH,TUB2,5
1302,dictyBase:DDB_G0292814,GENO,symA,4
1303,MP:0000133,DISO,abnormal long bone metaphysis morphology,1
1304,2711,DRUG,tramadol,2
1305,dictyBase:DDB_G0283983,GENO,DDB0218548,4
1306,HGNC:1918,GENE,CHD3,3
1307,ENSEMBL:ENSFCAG00000050410,ORTH,ENSEMBL:ENSFCAG00000050410,5
1308,2715,DRUG,tranylcypromine,2
1309,RGD:1359281,ORTH,Golph3l,5
1310,MP:0009748,DISO,abnormal behavioral response to addictive substance,1
1311,ZP:0006864,DISO,"mitotic cell cycle arrested, abnormal",1
1312,ENSEMBL:ENSFCAG00000013147,ORTH,ENSEMBL:ENSFCAG00000013147,5
1313,dbSNP:rs6855981,GENO,rs6855981-?,4
1314,HP:0012639,DISO,Abnormal nervous system morphology,1
1315,ENSEMBL:ENSECAG00000010446,ORTH,ENSEMBL:ENSECAG00000010446,5
1316,ZP:0002792,DISO,"neural crest cell migration process quality, abnormal",1
1317,ZFIN:ZDB-GENE-041008-78,ORTH,polr2a,5
1318,Xenbase:XB-GENE-980957,ORTH,ube2e3,5
1319,ENSEMBL:ENSECAG00000016231,ORTH,ENSEMBL:ENSECAG00000016231,5
1320,FlyBase:FBgn0260397,ORTH,Su(var)3-3,5
1321,ENSEMBL:ENSCAFG00000016532,ORTH,ENSEMBL:ENSCAFG00000016532,5
1322,ZP:0000570,DISO,"gut quality, abnormal",1
1323,ZP:0001587,DISO,"gastrulation process quality, abnormal",1
1324,ZFIN:ZDB-GENE-050419-112,ORTH,map3k10,5
1325,ENSEMBL:ENSMODG00000010491,ORTH,ENSEMBL:ENSMODG00000010491,5
1326,MP:0003050,DISO,abnormal sacral vertebrae morphology,1
1327,HP:0001888,DISO,Lymphopenia,1
1328,ENSEMBL:ENSGALG00000003107,ORTH,ENSEMBL:ENSGALG00000003107,5
1329,MONARCH:APO_0000242APO_0000002,GENO,lipid particle morphology:abnormal,4
1330,HP:0007308,DISO,Extrapyramidal dyskinesia,1
1331,HP:0000044,DISO,Hypogonadotropic hypogonadism,1
1332,RGD:621244,ORTH,Ubc,5
1333,ENSEMBL:ENSOANG00000038083,ORTH,ENSEMBL:ENSOANG00000038083,5
1334,FlyBase:FBgn0287184,ORTH,FASN3,5
1335,HP:0012286,DISO,Abnormal hypothalamus morphology,1
1336,HP:0003097,DISO,Short femur,1
1337,ENSEMBL:ENSACAG00000013026,ORTH,ENSEMBL:ENSACAG00000013026,5
1338,HP:0001698,DISO,Pericardial effusion,1
1339,MP:0014052,DISO,increased male germ cell apoptosis,1
1340,WBPhenotype:0002079,DISO,delayed reproductive maturity,1
1341,ENSEMBL:ENSMMUG00000017846,ORTH,ENSEMBL:ENSMMUG00000017846,5
1342,Xenbase:XB-GENE-5917368,ORTH,rcn2,5
1343,FlyBase:FBgn0020369,ORTH,Rpt6,5
1344,ENSEMBL:ENSOANG00000001863,ORTH,ENSEMBL:ENSOANG00000001863,5
1345,ENSEMBL:ENSOANG00000010187,ORTH,ENSEMBL:ENSOANG00000010187,5
1346,Xenbase:XB-GENE-5879626,ORTH,lamtor1,5
1347,dictyBase:DDB_G0290961,GENO,zfaA,4
1348,ENSEMBL:ENSFCAG00000023792,ORTH,ENSEMBL:ENSFCAG00000023792,5
1349,ENSEMBL:ENSFCAG00000008220,ORTH,ENSEMBL:ENSFCAG00000008220,5
1350,WormBase:WBGene00004818,ORTH,skr-12,5
1351,MONARCH:APO_0000056APO_0000002,GENO,bud neck morphology:abnormal,4
1352,FlyBase:FBgn0001624,ORTH,dlg1,5
1353,PomBase:SPCC126.02c,GENO,pku70,4
1354,MGI:5569528,ORTH,Tg(CMV-HTT*48Q)BTag,5
1355,MP:0012114,DISO,absent inner cell mass proliferation,1
1356,MGI:107532,ORTH,Kpnb1,5
1357,HGNC:12468,GENE,UBC,3
1358,ENSEMBL:ENSPTRG00000015843,ORTH,ENSEMBL:ENSPTRG00000015843,5
1359,ZP:0006325,DISO,"axis specification arrested, abnormal",1
1360,MP:0008772,DISO,increased heart ventricle size,1
1361,2817,DRUG,vesnarinone,2
1362,ENSEMBL:ENSBTAG00000018312,ORTH,E1BHJ0,5
1363,ENSEMBL:ENSSSCG00000035570,ORTH,HNRNPL,5
1364,WBPhenotype:0000438,DISO,retarded heterochronic variations,1
1365,MGI:1916375,ORTH,Cnot8,5
1366,MP:0008474,DISO,absent spleen germinal center,1
1367,SGD:S000006236,ORTH,SRO7,5
1368,ENSEMBL:ENSOANG00000003765,ORTH,ENSEMBL:ENSOANG00000003765,5
1369,ENSEMBL:ENSFCAG00000008668,ORTH,ENSEMBL:ENSFCAG00000008668,5
1370,2832,DRUG,thiamine,2
1371,ENSEMBL:ENSCAFG00000016678,ORTH,KPNB1,5
1372,ZP:0019546,DISO,"opercle decreased amount, abnormal",1
1373,MP:0004486,DISO,decreased response of heart to induced stress,1
1374,2835,DRUG,nicotinic acid,2
1375,ENSEMBL:ENSCAFG00000003543,ORTH,ENSEMBL:ENSCAFG00000003543,5
1376,MP:0008974,DISO,proportional dwarf,1
1377,MP:0001183,DISO,overexpanded pulmonary alveoli,1
1378,HP:0003228,DISO,Hypernatremia,1
1379,MP:0011109,DISO,"lethality throughout fetal growth and development, incomplete penetrance",1
1380,WormBase:WBGene00022463,ORTH,elpc-1,5
1381,HP:0012799,DISO,Unilateral facial palsy,1
1382,MP:0008414,DISO,abnormal spatial reference memory,1
1383,2855,DRUG,zafirlukast,2
1384,HP:0000508,DISO,Ptosis,1
1385,HP:0100840,DISO,Aplasia/Hypoplasia of the eyebrow,1
1386,ENSEMBL:ENSFCAG00000026914,ORTH,ENSEMBL:ENSFCAG00000026914,5
1387,ZP:0009509,DISO,"Purkinje cell decreased amount, abnormal",1
1388,MGI:1196256,ORTH,Kdm1a,5
1389,WBPhenotype:0000765,DISO,spindle elongation integrity defective early emb,1
1390,ZP:0004939,DISO,"apoptotic process decreased occurrence, abnormal",1
1391,ENSEMBL:ENSSSCG00000033966,ORTH,A0A287AXW5,5
1392,MGI:3584455,ORTH,Gt(ROSA)26Sor<tm1(HD*103Q)Xwy>; Tg(Nes-cre)1Kln [involves: 129S1/Sv * 129X1/SvJ * C57BL/6 * SJL],5
1393,ENSEMBL:ENSFCAG00000026276,ORTH,ENSEMBL:ENSFCAG00000026276,5
1394,HGNC:938,GENE,BAG2,3
1395,WormBase:WBGene00010684,ORTH,K08F9.1,5
1396,dictyBase:DDB_G0279745,GENO,DDB_G0279745,4
1397,ENSEMBL:ENSGALG00000020249,ORTH,ENSEMBL:ENSGALG00000020249,5
1398,ENSEMBL:ENSPTRG00000018781,ORTH,ENSEMBL:ENSPTRG00000018781,5
1399,WBPhenotype:0001912,DISO,fewer coelomocytes,1
1400,SGD:S000006041,ORTH,VPS30,5
1401,ZP:0138061,DISO,"prepulse inhibition increased magnitude, abnormal",1
1402,ZP:0003267,DISO,"muscle attachment process quality, abnormal",1
1403,ZFIN:ZDB-GENE-990415-92,ORTH,hspa8,5
1404,FlyBase:FBgn0264922,ORTH,smt3,5
1405,HP:0001270,DISO,Motor delay,1
1406,ENSEMBL:ENSMMUG00000018662,ORTH,ENSEMBL:ENSMMUG00000018662,5
1407,WBPhenotype:0000472,DISO,endoderm absent,1
1408,ENSEMBL:ENSBTAG00000024787,ORTH,HAUS3,5
1409,ENSEMBL:ENSGALG00000012709,ORTH,ENSEMBL:ENSGALG00000012709,5
1410,MP:0010239,DISO,decreased skeletal muscle weight,1
1411,WBPhenotype:0001805,DISO,mitochondria vesiculated,1
1412,ENSEMBL:ENSFCAG00000008968,ORTH,ENSEMBL:ENSFCAG00000008968,5
1413,ENSEMBL:ENSACAG00000005142,ORTH,ENSEMBL:ENSACAG00000005142,5
1414,ZP:0018639,DISO,"heart increased distribution, abnormal",1
1415,dictyBase:DDB_G0279569,GENO,DDB0205854,4
1416,ENSEMBL:ENSBTAG00000016851,ORTH,RPS6KB1,5
1417,RGD:1303075,ORTH,Hsp90ab1,5
1418,ZP:0002890,DISO,"determination of left/right asymmetry in lateral mesoderm process quality, abnormal",1
1419,HP:0011002,DISO,Osteopetrosis,1
1420,MP:0008725,DISO,enlarged heart atrium,1
1421,Xenbase:XB-GENE-966387,ORTH,ift20,5
1422,SGD:S000001550,ORTH,YNK1,5
1423,MP:0004261,DISO,abnormal embryonic neuroepithelium morphology,1
1424,EnsemblGenome:AT1G30230,ORTH,EnsemblGenome:AT1G30230,5
1425,MONARCH:APO_0000239APO_0000005,GENO,pexophagy:absent,4
1426,RGD:1591723,ORTH,Haus3,5
1427,2949,DRUG,zotarolimus,2
1428,WBPhenotype:0001084,DISO,sodium chloride chemotaxis defective,1
1429,EFO:0006336,GENO,diastolic blood pressure,4
1430,HP:0000350,DISO,Small forehead,1
1431,MP:0001360,DISO,abnormal social investigation,1
1432,ZFIN:ZDB-GENE-070607-1,ORTH,casp3b,5
1433,WormBase:WBGene00010375,ORTH,H09F14.1,5
1434,HP:0011122,DISO,Abnormality of skin physiology,1
1435,NCBIGene:100000823,GENE,dlg4,3
1436,HGNC:5001,GENE,HMG20A,3
1437,ENSEMBL:ENSCAFG00000008859,ORTH,SOD1,5
1438,WBPhenotype:0002310,DISO,pausing increased,1
1439,WBPhenotype:0001946,DISO,pachytene progression during oogenesis variant,1
1440,MP:0004016,DISO,decreased bone mass,1
1441,ENSEMBL:ENSOANG00000049902,ORTH,ENSEMBL:ENSOANG00000049902,5
1442,MGI:1915141,ORTH,Rpl4,5
1443,FlyBase:FBgn0263968,ORTH,nonC,5
1444,ZP:0019155,DISO,"eye photoreceptor cell accumulation photoreceptor inner segment vesicle eye photoreceptor cell, abnormal",1
1445,ZFIN:ZDB-GENE-050506-64,ORTH,mipepb,5
1446,MP:0011496,DISO,abnormal head size,1
1447,ZFIN:ZDB-GENE-141216-265,ORTH,znf638,5
1448,ZP:0011678,DISO,"muscle cell interhyoideus decreased size, abnormal",1
1449,FBcv:0000359,DISO,decreased cell number,1
1450,ZP:0019988,DISO,"cell neural keel morphology, abnormal",1
1451,ENSEMBL:ENSFCAG00000029885,ORTH,ENSEMBL:ENSFCAG00000029885,5
1452,ENSEMBL:ENSSSCG00000012822,ORTH,ENSEMBL:ENSSSCG00000012822,5
1453,ZP:0003142,DISO,"neuron spinal cord decreased amount, abnormal",1
1454,dictyBase:DDB_G0269704,GENO,DDB0190486,4
1455,HP:0005108,DISO,Abnormality of the intervertebral disk,1
1456,HP:0007328,DISO,Impaired pain sensation,1
1457,ENSEMBL:ENSOANG00000011351,ORTH,ENSEMBL:ENSOANG00000011351,5
1458,MP:0002020,DISO,increased tumor incidence,1
1459,ZP:0008027,DISO,"atrium lacks parts or has fewer parts of type sarcomere cardiac muscle cell, abnormal",1
1460,ZFIN:ZDB-GENE-091118-94,ORTH,cetn2,5
1461,ENSEMBL:ENSBTAG00000020309,ORTH,ENSEMBL:ENSBTAG00000020309,5
1462,HP:0001541,DISO,Ascites,1
1463,HP:0002360,DISO,Sleep disturbance,1
1464,ZP:0006867,DISO,"exocrine pancreas decreased length, abnormal",1
1465,MP:0011200,DISO,abnormal extraembryonic coelom morphology,1
1466,Coriell:GM02080,GENO,NIGMS-GM02080,4
1467,MGI:1919861,ORTH,Zfp655,5
1468,EFO:0007800,GENO,body fat percentage,4
1469,ZP:0101911,DISO,"germ cell migration decreased occurrence, abnormal",1
1470,3032,DRUG,bithionol,2
1471,ENSEMBL:ENSPTRG00000004912,ORTH,ENSEMBL:ENSPTRG00000004912,5
1472,MP:0000815,DISO,abnormal Ammon gyrus morphology,1
1473,FlyBase:FBgn0020496,ORTH,CtBP,5
1474,ENSEMBL:ENSOANG00000045757,ORTH,ENSEMBL:ENSOANG00000045757,5
1475,ENSEMBL:ENSMODG00000006104,ORTH,ENSEMBL:ENSMODG00000006104,5
1476,ENSEMBL:ENSOANG00000003533,ORTH,ENSEMBL:ENSOANG00000003533,5
1477,HP:0001510,DISO,Growth delay,1
1478,WBPhenotype:0000470,DISO,HSN migration variant,1
1479,MP:0010086,DISO,abnormal circulating fructosamine level,1
1480,WBPhenotype:0000529,DISO,cell development variant,1
1481,ENSEMBL:ENSBTAG00000001729,ORTH,ENSEMBL:ENSBTAG00000001729,5
1482,MP:0003704,DISO,abnormal hair follicle development,1
1483,HP:0000741,DISO,Apathy,1
1484,ENSEMBL:ENSSSCG00000032556,ORTH,ALDOA,5
1485,HP:0004322,DISO,Short stature,1
1486,ZP:0005044,DISO,"eye neoplastic, abnormal",1
1487,ZP:0002194,DISO,"microtubule Mauthner neuron decreased amount, abnormal",1
1488,MGI:98351,ORTH,Sod1,5
1489,ZFIN:ZDB-GENE-031007-1,ORTH,rpl13,5
1490,ENSEMBL:ENSCAFG00000001139,ORTH,ENSEMBL:ENSCAFG00000001139,5
1491,FlyBase:FBgn0025643,ORTH,CG3588,5
1492,MP:0008699,DISO,increased interleukin-4 secretion,1
1493,3082,DRUG,cetrimonium,2
1494,HP:0003072,DISO,Hypercalcemia,1
1495,MP:0000848,DISO,abnormal pons morphology,1
1496,SGD:S000000012,ORTH,SYN8,5
1497,Coriell:GM02146,GENO,NIGMS-GM02146,4
1498,Xenbase:XB-GENE-5953796,ORTH,pnkp,5
1499,ENSEMBL:ENSOANG00000040317,ORTH,ENSEMBL:ENSOANG00000040317,5
1500,HGNC:23796,GENE,MAGEB6,3
1501,MP:0005377,DISO,hearing/vestibular/ear phenotype,1
1502,RGD:620776,ORTH,Ptprm,5
1503,HP:0000964,DISO,Eczema,1
1504,dictyBase:DDB_G0278105,GENO,DDB0204424,4
1505,WBPhenotype:0002468,DISO,translation rate reduced,1
1506,WormBase:WBGene00003924,ORTH,pas-3,5
1507,ENSEMBL:ENSRNOG00000048704,ORTH,E9PTV9,5
1508,HP:0010864,DISO,"Intellectual disability, severe",1
1509,ENSEMBL:ENSACAG00000014782,ORTH,ENSEMBL:ENSACAG00000014782,5
1510,ENSEMBL:ENSACAG00000005963,ORTH,ENSEMBL:ENSACAG00000005963,5
1511,HGNC:28164,GENE,PRRC1,3
1512,MP:0000443,DISO,abnormal snout morphology,1
1513,WormBase:WBGene00006446,ORTH,atx-3,5
1514,MGI:5569536,ORTH,Tg(CMV-HTT*89Q)ATag [involves: FVB/N],5
1515,SGD:S000002979,ORTH,SCL1,5
1516,ENSEMBL:ENSMMUG00000012053,ORTH,ENSEMBL:ENSMMUG00000012053,5
1517,RGD:1311622,ORTH,Bsdc1,5
1518,MP:0010506,DISO,prolonged RR interval,1
1519,MP:0008217,DISO,abnormal B cell activation,1
1520,ZP:0000329,DISO,"melanocyte decreased amount, abnormal",1
1521,WormBase:WBGene00017855,ORTH,F27C1.6,5
1522,ENSEMBL:ENSPTRG00000017438,ORTH,ENSEMBL:ENSPTRG00000017438,5
1523,ZP:0018375,DISO,"heart tube linear, abnormal",1
1524,MP:0001475,DISO,reduced long term depression,1
1525,HP:0000662,DISO,Nyctalopia,1
1526,HGNC:4914,GENE,UBE2K,3
1527,dictyBase:DDB_G0281683,GENO,msh3,4
1528,MONARCH:APO_0000119APO_0000003,GENO,size of nucleus:decreased,4
1529,3157,DRUG,diosmin,2
1530,ENSEMBL:ENSPTRG00000049619,ORTH,ENSEMBL:ENSPTRG00000049619,5
1531,ENSEMBL:ENSRNOG00000053060,ORTH,Zfc3h1,5
1532,HP:0000194,DISO,Open mouth,1
1533,ENSEMBL:ENSPTRG00000021411,ORTH,ENSEMBL:ENSPTRG00000021411,5
1534,ZP:0002877,DISO,"head deformed, abnormal",1
1535,HGNC:21091,GENE,ZNF451,3
1536,HP:0007162,DISO,Diffuse demyelination of the cerebral white matter,1
1537,Coriell:GM04886,GENO,NIGMS-GM04886,4
1538,dictyBase:DDB_G0280603,GENO,DDB0206068,4
1539,MP:0000298,DISO,absent atrioventricular cushions,1
1540,ENSEMBL:ENSECAG00000015929,ORTH,ENSEMBL:ENSECAG00000015929,5
1541,MONARCH:APO_0000098APO_0000004,GENO,utilization of carbon source:increased,4
1542,ENSEMBL:ENSCAFG00000007532,ORTH,ENSEMBL:ENSCAFG00000007532,5
1543,RGD:2064,ORTH,Ap1b1,5
1544,MP:0001088,DISO,small nodose ganglion,1
1545,MP:0010306,DISO,increased hamartoma incidence,1
1546,RGD:1309260,ORTH,Dnali1,5
1547,ENSEMBL:ENSMODG00000016012,ORTH,ENSEMBL:ENSMODG00000016012,5
1548,Xenbase:XB-GENE-485923,ORTH,hey2,5
1549,ZP:0011673,DISO,"adductor mandibulae decreased thickness, abnormal",1
1550,HGNC:3942,GENE,MTOR,3
1551,ENSEMBL:ENSCAFG00000018354,ORTH,AKT1,5
1552,MP:0000399,DISO,increased curvature of guard hairs,1
1553,WormBase:WBGene00000962,ORTH,dhc-1,5
1554,Coriell:GM04288,GENO,NIGMS-GM04288,4
1555,HP:0030087,DISO,Abnormal circulating testosterone concentration,1
1556,RGD:1586163,ORTH,Dmxl2,5
1557,WBPhenotype:0001107,DISO,spindle rotation defective early emb,1
1558,WormBase:WBGene00007001,ORTH,tufm-2,5
1559,ENSEMBL:ENSPTRG00000012724,ORTH,ENSEMBL:ENSPTRG00000012724,5
1560,ENSEMBL:ENSSSCG00000016011,ORTH,NEUROD1,5
1561,ENSEMBL:ENSACAG00000002018,ORTH,ENSEMBL:ENSACAG00000002018,5
1562,ENSEMBL:ENSFCAG00000022040,ORTH,ENSEMBL:ENSFCAG00000022040,5
1563,MP:0006292,DISO,abnormal nasal placode morphology,1
1564,ENSEMBL:ENSECAG00000009113,ORTH,ENSEMBL:ENSECAG00000009113,5
1565,ZP:0006997,DISO,"skeletal muscle morphology, abnormal",1
1566,HP:0001007,DISO,Hirsutism,1
1567,MP:0003722,DISO,absent ureter,1
1568,ZP:0015844,DISO,"response to chemical process quality, abnormal",1
1569,ENSEMBL:ENSECAG00000005863,ORTH,ENSEMBL:ENSECAG00000005863,5
1570,ENSEMBL:ENSPTRG00000048553,ORTH,ENSEMBL:ENSPTRG00000048553,5
1571,3236,DRUG,flusalan,2
1572,MP:0003918,DISO,decreased kidney weight,1
1573,WBPhenotype:0001127,DISO,EMS anterior extension fails early emb,1
1574,ENSEMBL:ENSOANG00000045909,ORTH,ENSEMBL:ENSOANG00000045909,5
1575,HP:0003431,DISO,Decreased motor nerve conduction velocity,1
1576,HP:0031793,DISO,Increased serum leptin,1
1577,HP:0005537,DISO,Decreased mean platelet volume,1
1578,ZP:0001660,DISO,"axon extension process quality, abnormal",1
1579,HP:0010663,DISO,Abnormality of thalamus morphology,1
1580,MGI:1277961,ORTH,Plec,5
1581,ENSEMBL:ENSSSCG00000006954,ORTH,EEF1D,5
1582,MP:0002801,DISO,abnormal long term object recognition memory,1
1583,ENSEMBL:ENSFCAG00000014567,ORTH,ENSEMBL:ENSFCAG00000014567,5
1584,ZFIN:ZDB-GENE-070424-161,ORTH,ftr55,5
1585,ENSEMBL:ENSSSCG00000041813,ORTH,ENSEMBL:ENSSSCG00000041813,5
1586,ENSEMBL:ENSOANG00000009317,ORTH,ENSEMBL:ENSOANG00000009317,5
1587,ENSEMBL:ENSMODG00000017181,ORTH,ENSEMBL:ENSMODG00000017181,5
1588,Xenbase:XB-GENE-484711,ORTH,mhc1b2,5
1589,ENSEMBL:ENSOANG00000007613,ORTH,ENSEMBL:ENSOANG00000007613,5
1590,RGD:1311415,ORTH,Eef1b2,5
1591,ZP:0017932,DISO,"integument broken, abnormal",1
1592,ZFIN:ZDB-GENE-030131-2774,ORTH,bcar1,5
1593,MP:0003413,DISO,hair follicle degeneration,1
1594,MGI:1928760,ORTH,Ruvbl1,5
1595,ENSEMBL:ENSFCAG00000015643,ORTH,ENSEMBL:ENSFCAG00000015643,5
1596,Xenbase:XB-GENE-988849,ORTH,ercc6l,5
1597,ZFIN:ZDB-GENE-050410-9,ORTH,glb1,5
1598,WBPhenotype:0002405,DISO,pheromone behavioral response variant,1
1599,ZP:0006787,DISO,"slow muscle cell mislocalised, abnormal",1
1600,ZP:0005847,DISO,"photoreceptor outer segment photoreceptor cell decreased length, abnormal",1
1601,WormBase:WBGene00016624,ORTH,hrpl-1,5
1602,ENSEMBL:ENSACAG00000016085,ORTH,ENSEMBL:ENSACAG00000016085,5
1603,MP:0003546,DISO,decreased alcohol consumption,1
1604,MP:0004265,DISO,abnormal placental transport,1
1605,ENSEMBL:ENSMMUG00000022691,ORTH,ENSEMBL:ENSMMUG00000022691,5
1606,ENSEMBL:ENSFCAG00000027002,ORTH,ENSEMBL:ENSFCAG00000027002,5
1607,ENSEMBL:ENSPTRG00000015854,ORTH,ENSEMBL:ENSPTRG00000015854,5
1608,HGNC:25169,GENE,GPRASP2,3
1609,Coriell:GM05554,GENO,NIGMS-GM05554,4
1610,ZFIN:ZDB-GENE-120409-2,ORTH,gemin7,5
1611,MP:0001685,DISO,abnormal endoderm development,1
1612,Xenbase:XB-GENE-922358,ORTH,herpud1,5
1613,HGNC:10899,GENE,SKP1,3
1614,HGNC:5528,GENE,IGHG4,3
1615,RGD:1306918,ORTH,Cops7b,5
1616,ZP:0007115,DISO,"protein kinase activity decreased occurrence, abnormal",1
1617,HP:0001679,DISO,Abnormal aortic morphology,1
1618,RGD:735078,ORTH,Lamtor1,5
1619,MP:0002888,DISO,abnormal NMDA-mediated synaptic currents,1
1620,MGI:2445092,ORTH,Utp14b,5
1621,ZP:0003667,DISO,"pre-miRNA processing disrupted, abnormal",1
1622,ENSEMBL:ENSPTRG00000012575,ORTH,ENSEMBL:ENSPTRG00000012575,5
1623,ENSEMBL:ENSMODG00000039612,ORTH,ENSEMBL:ENSMODG00000039612,5
1624,HP:0010701,DISO,Abnormal immunoglobulin level,1
1625,MP:0002175,DISO,decreased brain weight,1
1626,ENSEMBL:ENSGALG00000027435,ORTH,ENSEMBL:ENSGALG00000027435,5
1627,ENSEMBL:ENSPTRG00000004125,ORTH,ENSEMBL:ENSPTRG00000004125,5
1628,RGD:2364,ORTH,Cltc,5
1629,ENSEMBL:ENSCAFG00000009934,ORTH,ATXN1,5
1630,ENSEMBL:ENSMODG00000043149,ORTH,ENSEMBL:ENSMODG00000043149,5
1631,ZFIN:ZDB-GENE-040426-2038,ORTH,rps6kb1b,5
1632,WBPhenotype:0001956,DISO,oocytes lack nucleus,1
1633,MP:0008025,DISO,brain vacuoles,1
1634,MGI:88276,ORTH,Ctnnb1,5
1635,MP:0008803,DISO,abnormal placental labyrinth vasculature morphology,1
1636,ZP:0020573,DISO,"synapse CaP motoneuron decreased amount, abnormal",1
1637,ZP:0011629,DISO,"vesicle neuron decreased speed, abnormal",1
1638,Coriell:GM04286,GENO,NIGMS-GM04286,4
1639,MP:0006082,DISO,CNS inflammation,1
1640,ZP:0001794,DISO,"intestine decreased size, abnormal",1
1641,ENSEMBL:ENSACAG00000001379,ORTH,ENSEMBL:ENSACAG00000001379,5
1642,ENSEMBL:ENSBTAG00000040199,ORTH,ENSEMBL:ENSBTAG00000040199,5
1643,ENSEMBL:ENSCAFG00000019833,ORTH,ENSEMBL:ENSCAFG00000019833,5
1644,ENSEMBL:ENSSSCG00000007431,ORTH,CTSA,5
1645,FlyBase:FBgn0040020,ORTH,MED21,5
1646,WBPhenotype:0002610,DISO,ectopic apoptosis,1
1647,ZP:0104033,DISO,"memory process quality, abnormal",1
1648,EnsemblGenome:AT5G62690,ORTH,EnsemblGenome:AT5G62690,5
1649,ENSEMBL:ENSECAG00000019599,ORTH,ENSEMBL:ENSECAG00000019599,5
1650,3424,DRUG,pentazocine,2
1651,ENSEMBL:ENSMODG00000021453,ORTH,ENSEMBL:ENSMODG00000021453,5
1652,ZP:0003503,DISO,"pharyngeal arch decreased size, abnormal",1
1653,MP:0012342,DISO,high preference for an addictive substance,1
1654,Xenbase:XB-GENE-5910008,ORTH,chuk,5
1655,ENSEMBL:ENSCAFG00000005434,ORTH,J9NTC2,5
1656,FlyBase:FBgn0027524,ORTH,CG3909,5
1657,ENSEMBL:ENSPTRG00000021673,ORTH,ENSEMBL:ENSPTRG00000021673,5
1658,ENSEMBL:ENSGALG00000007315,ORTH,PSMD6,5
1659,ENSEMBL:ENSOANG00000014498,ORTH,ENSEMBL:ENSOANG00000014498,5
1660,MP:0006072,DISO,abnormal retinal apoptosis,1
1661,ENSEMBL:ENSSSCG00000037263,ORTH,ENSEMBL:ENSSSCG00000037263,5
1662,ENSEMBL:ENSFCAG00000039495,ORTH,ENSEMBL:ENSFCAG00000039495,5
1663,ENSEMBL:ENSPTRG00000010133,ORTH,ENSEMBL:ENSPTRG00000010133,5
1664,ENSEMBL:ENSACAG00000012931,ORTH,ENSEMBL:ENSACAG00000012931,5
1665,ZP:0000380,DISO,"intestine increased thickness, abnormal",1
1666,HGNC:28719,GENE,HAUS3,3
1667,ENSEMBL:ENSACAG00000009374,ORTH,ENSEMBL:ENSACAG00000009374,5
1668,Coriell:GM05552,GENO,NIGMS-GM05552,4
1669,ENSEMBL:ENSCAFG00000023809,ORTH,J9P1C6,5
1670,MP:0001083,DISO,small geniculate ganglion,1
1671,MP:0008657,DISO,increased interleukin-1 beta secretion,1
1672,FlyBase:FBgn0026597,ORTH,Axn,5
1673,ENSEMBL:ENSOANG00000013293,ORTH,ENSEMBL:ENSOANG00000013293,5
1674,FlyBase:FBgn0034091,ORTH,mrj,5
1675,ENSEMBL:ENSCAFG00000014341,ORTH,ENSEMBL:ENSCAFG00000014341,5
1676,HP:0000939,DISO,Osteoporosis,1
1677,ENSEMBL:ENSOANG00000048138,ORTH,ENSEMBL:ENSOANG00000048138,5
1678,FBcv:0002011,DISO,majority die during first instar larval stage,1
1679,ENSEMBL:ENSACAG00000003643,ORTH,ENSEMBL:ENSACAG00000003643,5
1680,ENSEMBL:ENSMMUG00000014987,ORTH,ENSEMBL:ENSMMUG00000014987,5
1681,ENSEMBL:ENSCAFG00000018061,ORTH,ENSEMBL:ENSCAFG00000018061,5
1682,ENSEMBL:ENSBTAG00000032852,ORTH,GPRASP2,5
1683,ENSEMBL:ENSGALG00000030396,ORTH,ENSEMBL:ENSGALG00000030396,5
1684,ENSEMBL:ENSACAG00000009891,ORTH,ENSEMBL:ENSACAG00000009891,5
1685,HP:0012090,DISO,Abnormal pancreas morphology,1
1686,HP:0002367,DISO,Visual hallucinations,1
1687,ENSEMBL:ENSSSCG00000028202,ORTH,RANGAP1,5
1688,FlyBase:FBgn0001186,ORTH,Hex-A,5
1689,HP:0007010,DISO,Poor fine motor coordination,1
1690,HP:0001654,DISO,Abnormal heart valve morphology,1
1691,3514,DRUG,quercetin,2
1692,ZFIN:ZDB-GENE-040426-1495,ORTH,polr1c,5
1693,ENSEMBL:ENSMODG00000025362,ORTH,ENSEMBL:ENSMODG00000025362,5
1694,ENSEMBL:ENSSSCG00000006830,ORTH,PSMA5,5
1695,ZP:0021740,DISO,"muscle decreased amount, abnormal",1
1696,FBcv:0002037,DISO,majority die during embryonic stage,1
1697,WBPhenotype:0002587,DISO,Pluronic gel burrowing impaired,1
1698,ENSEMBL:ENSOANG00000004781,ORTH,ENSEMBL:ENSOANG00000004781,5
1699,Xenbase:XB-GENE-950703,ORTH,psmd14,5
1700,HP:0010994,DISO,Abnormal corpus striatum morphology,1
1701,ENSEMBL:ENSMODG00000041797,ORTH,ENSEMBL:ENSMODG00000041797,5
1702,MP:0002953,DISO,thick ventricular wall,1
1703,3533,DRUG,ruboxistaurin,2
1704,ENSEMBL:ENSMODG00000012807,ORTH,ENSEMBL:ENSMODG00000012807,5
1705,3535,DRUG,rutoside,2
1706,MGI:5432149,ORTH,Tg(YAC128)#Hay,5
1707,ENSEMBL:ENSPTRG00000001078,ORTH,ENSEMBL:ENSPTRG00000001078,5
1708,ENSEMBL:ENSGALG00000052371,ORTH,LOC107050833,5
1709,HP:0002069,DISO,Bilateral tonic-clonic seizure,1
1710,MP:0001488,DISO,increased startle reflex,1
1711,MP:0005666,DISO,abnormal adipose tissue physiology,1
1712,RGD:621734,ORTH,Ncdn,5
1713,MP:0009745,DISO,abnormal behavioral response to xenobiotic,1
1714,FlyBase:FBgn0016697,ORTH,Prosalpha5,5
1715,Xenbase:XB-GENE-986845,ORTH,dnm1,5
1716,PomBase:SPBC23G7.12c,GENO,rpt6,4
1717,ENSEMBL:ENSSSCG00000022066,ORTH,PIAS4,5
1718,Coriell:GM04229,GENO,NIGMS-GM04229,4
1719,MP:0002573,DISO,behavioral despair,1
1720,ENSEMBL:ENSMMUG00000022495,ORTH,ENSEMBL:ENSMMUG00000022495,5
1721,ZP:0002037,DISO,"liver aplastic, abnormal",1
1722,ENSEMBL:ENSMMUG00000003298,ORTH,ENSEMBL:ENSMMUG00000003298,5
1723,MP:0009827,DISO,skin detachment,1
1724,MP:0000102,DISO,abnormal nasal bone morphology,1
1725,HP:0010824,DISO,Abnormal fifth cranial nerve morphology,1
1726,HP:0005326,DISO,Hypoplastic philtrum,1
1727,MP:0002427,DISO,disproportionate dwarf,1
1728,HP:0001807,DISO,Ridged nail,1
1729,RGD:708460,ORTH,Ppp6c,5
1730,ENSEMBL:ENSMMUG00000011325,ORTH,ENSEMBL:ENSMMUG00000011325,5
1731,ZFIN:ZDB-GENE-041014-307,ORTH,ipo4,5
1732,PomBase:SPAC630.03,GENO,arp3,4
1733,MP:0008911,DISO,induced hyperactivity,1
1734,MP:0002722,DISO,abnormal immune system organ morphology,1
1735,MGI:1928394,ORTH,Mtor,5
1736,RGD:1595868,ORTH,RT1-CE5,5
1737,ENSEMBL:ENSACAG00000009855,ORTH,ENSEMBL:ENSACAG00000009855,5
1738,WBPhenotype:0001819,DISO,pathogen load variant,1
1739,HP:0001974,DISO,Leukocytosis,1
1740,MP:0003948,DISO,abnormal gas homeostasis,1
1741,ZP:0008032,DISO,"skeletal muscle lacks parts or has fewer parts of type myofibril slow muscle cell, abnormal",1
1742,ENSEMBL:ENSBTAG00000017618,ORTH,MAP3K10,5
1743,HP:0001269,DISO,Hemiparesis,1
1744,MP:0000607,DISO,abnormal hepatocyte morphology,1
1745,MP:0002833,DISO,increased heart weight,1
1746,dictyBase:DDB_G0272969,GENO,psmB1,4
1747,ZFIN:ZDB-GENE-040426-710,ORTH,hnrnpl,5
1748,ENSEMBL:ENSFCAG00000014416,ORTH,ENSEMBL:ENSFCAG00000014416,5
1749,MONARCH:APO_0000087APO_0000117,GENO,resistance to chemicals:normal,4
1750,ENSEMBL:ENSECAG00000039147,ORTH,ENSEMBL:ENSECAG00000039147,5
1751,HP:0001311,DISO,Abnormal nervous system electrophysiology,1
1752,MGI:1202384,ORTH,Ddb1,5
1753,WormBase:WBGene00007352,ORTH,cdc-48.1,5
1754,MP:0005630,DISO,increased lung weight,1
1755,MP:0009715,DISO,thick epidermis stratum basale,1
1756,ZP:0006371,DISO,"yolk syncytial layer increased size, abnormal",1
1757,FlyBase:FBgn0031450,ORTH,Hrs,5
1758,MGI:5621304,ORTH,Gm44504,5
1759,ENSEMBL:ENSCAFG00000015444,ORTH,ENSEMBL:ENSCAFG00000015444,5
1760,WBPhenotype:0000475,DISO,muscle detached,1
1761,dictyBase:DDB_G0283083,GENO,cbpD2,4
1762,HP:0002763,DISO,Abnormal cartilage morphology,1
1763,ZP:0000654,DISO,"retina decreased size, abnormal",1
1764,MP:0001881,DISO,abnormal mammary gland physiology,1
1765,ENSEMBL:ENSGALG00000011174,ORTH,ENSEMBL:ENSGALG00000011174,5
1766,ENSEMBL:ENSMODG00000015173,ORTH,ENSEMBL:ENSMODG00000015173,5
1767,ZP:0000115,DISO,"nervous system quality, abnormal",1
1768,WBPhenotype:0001202,DISO,nicotine hypersensitive,1
1769,ENSEMBL:ENSPTRG00000008480,ORTH,ENSEMBL:ENSPTRG00000008480,5
1770,ENSEMBL:ENSOANG00000040026,ORTH,ENSEMBL:ENSOANG00000040026,5
1771,MP:0009400,DISO,decreased skeletal muscle fiber size,1
1772,ENSEMBL:ENSOANG00000002636,ORTH,ENSEMBL:ENSOANG00000002636,5
1773,ENSEMBL:ENSCAFG00000018659,ORTH,ENSEMBL:ENSCAFG00000018659,5
1774,MP:0012360,DISO,abnormal large unstained cell number,1
1775,WBPhenotype:0001893,DISO,mitochondrial membrane potential reduced,1
1776,ENSEMBL:ENSOANG00000042299,ORTH,ENSEMBL:ENSOANG00000042299,5
1777,3713,DRUG,ciramadol,2
1778,MP:0001970,DISO,abnormal pain threshold,1
1779,ENSEMBL:ENSFCAG00000023992,ORTH,ENSEMBL:ENSFCAG00000023992,5
1780,MP:0004046,DISO,abnormal mitosis,1
1781,ENSEMBL:ENSPTRG00000022548,ORTH,ENSEMBL:ENSPTRG00000022548,5
1782,MP:0004418,DISO,small parietal bone,1
1783,HP:0002169,DISO,Clonus,1
1784,ENSEMBL:ENSCAFG00000045764,ORTH,A0A5F4DC37,5
1785,MP:0011204,DISO,abnormal visceral yolk sac blood island morphology,1
1786,HGNC:1034,GENE,BECN1,3
1787,ENSEMBL:ENSSSCG00000008412,ORTH,PSME4,5
1788,RGD:1564443,ORTH,MGC114483,5
1789,WormBase:WBGene00020689,ORTH,npr-12,5
1790,ZP:0003210,DISO,"whole organism decreased mobility, abnormal",1
1791,ENSEMBL:ENSOANG00000041440,ORTH,ENSEMBL:ENSOANG00000041440,5
1792,Xenbase:XB-GENE-971601,ORTH,ccdc126,5
1793,ENSEMBL:ENSGALG00000000349,ORTH,PSMC5,5
1794,ENSEMBL:ENSECAG00000007220,ORTH,ENSEMBL:ENSECAG00000007220,5
1795,RGD:620449,ORTH,Siah1,5
1796,ZFIN:ZDB-GENE-090311-50,ORTH,rasa1b,5
1797,MP:0001182,DISO,lung hemorrhage,1
1798,MP:0003010,DISO,decreased mortality induced by ionizing radiation,1
1799,RGD:1583234,ORTH,Gemin7l1,5
1800,MP:0000997,DISO,abnormal synovial joint capsule morphology,1
1801,ENSEMBL:ENSCAFG00000001872,ORTH,ENSEMBL:ENSCAFG00000001872,5
1802,HP:0012450,DISO,Chronic constipation,1
1803,ENSEMBL:ENSGALG00000050119,ORTH,ENSEMBL:ENSGALG00000050119,5
1804,ENSEMBL:ENSPTRG00000002298,ORTH,ENSEMBL:ENSPTRG00000002298,5
1805,MP:0013307,DISO,increased adrenal gland weight,1
1806,ZP:0000305,DISO,"embryo development arrested, abnormal",1
1807,RGD:628747,ORTH,Etfa,5
1808,MGI:2653604,ORTH,Tg(HDexon1)62Gpb [involves: C57BL/6 * CBA/J],5
1809,ENSEMBL:ENSGALG00000040098,ORTH,EEF1D,5
1810,dictyBase:DDB_G0282369,GENO,ubqG,4
1811,FlyBase:FBgn0031457,ORTH,Snx21,5
1812,ENSEMBL:ENSMODG00000009090,ORTH,ENSEMBL:ENSMODG00000009090,5
1813,ENSEMBL:ENSMODG00000004672,ORTH,ENSEMBL:ENSMODG00000004672,5
1814,ENSEMBL:ENSECAG00000019249,ORTH,ENSEMBL:ENSECAG00000019249,5
1815,ZP:0137430,DISO,"ventral region optic cup increased distribution, abnormal",1
1816,759,DRUG,cycloserine,2
1817,SGD:S000003947,ORTH,SSA2,5
1818,FBcv:0000670,DISO,abnormal eclosion,1
1819,MP:0000334,DISO,decreased granulocyte number,1
1820,ENSEMBL:ENSGALG00000007900,ORTH,F1NJ25,5
1821,ZP:0001214,DISO,"dopaminergic neuron caudal tuberculum decreased amount, abnormal",1
1822,MP:0008918,DISO,microgliosis,1
1823,HGNC:8979,GENE,PIK3R1,3
1824,RGD:2679,ORTH,Gfap,5
1825,HP:0007973,DISO,Retinal dysplasia,1
1826,MP:0009937,DISO,abnormal neuron differentiation,1
1827,WBPhenotype:0001663,DISO,organism oxidative stress resistant,1
1828,dictyBase:DDB_G0269472,GENO,psmB2,4
1829,MP:0010507,DISO,shortened RR interval,1
1830,ENSEMBL:ENSPTRG00000007938,ORTH,ENSEMBL:ENSPTRG00000007938,5
1831,ZFIN:ZDB-GENE-990415-270,ORTH,tp53,5
1832,Xenbase:XB-GENE-967617,ORTH,cetn1,5
1833,WBPhenotype:0001808,DISO,cell corpse digestion variant,1
1834,ENSEMBL:ENSPTRG00000014075,ORTH,ENSEMBL:ENSPTRG00000014075,5
1835,HGNC:8554,GENE,PABPC1,3
1836,ENSEMBL:ENSPTRG00000014706,ORTH,ENSEMBL:ENSPTRG00000014706,5
1837,HP:0003693,DISO,Distal amyotrophy,1
1838,ZP:0009507,DISO,"cerebellar Purkinje cell differentiation disrupted, abnormal",1
1839,HP:0003236,DISO,Elevated circulating creatine kinase concentration,1
1840,ZP:0103451,DISO,"angiogenic sprout central artery complexity, abnormal",1
1841,ENSEMBL:ENSOANG00000005094,ORTH,ENSEMBL:ENSOANG00000005094,5
1842,HGNC:10474,GENE,RUVBL1,3
1843,ENSEMBL:ENSPTRG00000008904,ORTH,ENSEMBL:ENSPTRG00000008904,5
1844,ENSEMBL:ENSGALG00000033887,ORTH,IL17RA,5
1845,ZP:0010092,DISO,"neuroblast head dispersed, abnormal",1
1846,ZP:0013173,DISO,"visual behavior process quality, abnormal",1
1847,ENSEMBL:ENSBTAG00000013343,ORTH,FTL,5
1848,ENSEMBL:ENSECAG00000014536,ORTH,ENSEMBL:ENSECAG00000014536,5
1849,MP:0014171,DISO,increased fatty acid oxidation,1
1850,RGD:2409,ORTH,Dpysl4,5
1851,WBPhenotype:0001668,DISO,oocyte accumulation,1
1852,MONARCH:APO_0000205APO_0000003,GENO,ionic stress resistance:decreased,4
1853,ZP:0005467,DISO,"neuron-neuron synaptic transmission decreased process quality, abnormal",1
1854,ENSEMBL:ENSECAG00000021821,ORTH,ENSEMBL:ENSECAG00000021821,5
1855,RGD:1562602,ORTH,Pml,5
1856,HP:0002766,DISO,Relatively short spine,1
1857,ZP:0006926,DISO,"angiogenesis increased occurrence, abnormal",1
1858,ZFIN:ZDB-GENE-030131-2829,ORTH,sp1,5
1859,ENSEMBL:ENSACAG00000008638,ORTH,ENSEMBL:ENSACAG00000008638,5
1860,ENSEMBL:ENSFCAG00000036122,ORTH,ENSEMBL:ENSFCAG00000036122,5
1861,ENSEMBL:ENSSSCG00000005273,ORTH,ENSEMBL:ENSSSCG00000005273,5
1862,MGI:1298230,ORTH,Cnot7,5
1863,HP:0001671,DISO,Abnormal cardiac septum morphology,1
1864,MONARCH:APO_0000051APO_0000002,GENO,cell shape:abnormal,4
1865,ENSEMBL:ENSBTAG00000050655,ORTH,ENSEMBL:ENSBTAG00000050655,5
1866,ENSEMBL:ENSFCAG00000013713,ORTH,ENSEMBL:ENSFCAG00000013713,5
1867,ENSEMBL:ENSMODG00000002991,ORTH,ENSEMBL:ENSMODG00000002991,5
1868,HP:0001166,DISO,Arachnodactyly,1
1869,ZP:0008390,DISO,"cell retinal neural layer aggregated, abnormal",1
1870,ENSEMBL:ENSRNOG00000032820,ORTH,F1M2M6,5
1871,EFO:0007710,GENO,cognitive decline measurement,4
1872,ZFIN:ZDB-GENE-030131-2576,ORTH,tgm2b,5
1873,PomBase:SPBC1709.11c,GENO,png2,4
1874,EFO:0009695,GENO,household income,4
1875,HP:0001072,DISO,Thickened skin,1
1876,ZP:0006345,DISO,"cell junction intestinal epithelium loose, abnormal",1
1877,ENSEMBL:ENSFCAG00000004458,ORTH,ENSEMBL:ENSFCAG00000004458,5
1878,ENSEMBL:ENSBTAG00000048281,ORTH,ENSEMBL:ENSBTAG00000048281,5
1879,ENSEMBL:ENSBTAG00000001398,ORTH,ATP2A2,5
1880,ENSEMBL:ENSSSCG00000032242,ORTH,HMGA1,5
1881,HP:0003073,DISO,Hypoalbuminemia,1
1882,ENSEMBL:ENSMODG00000008918,ORTH,ENSEMBL:ENSMODG00000008918,5
1883,HP:0001254,DISO,Lethargy,1
1884,WBPhenotype:0000716,DISO,muscle cell attachment variant,1
1885,HP:0011195,DISO,EEG with focal sharp slow waves,1
1886,MGI:2442071,ORTH,Gprasp2,5
1887,ZP:0001397,DISO,"retina layer formation delayed, abnormal",1
1888,WBPhenotype:0000451,DISO,head protrusion,1
1889,HGNC:11998,GENE,TP53,3
1890,ZP:0002682,DISO,"pharyngeal arch cartilage malformed, abnormal",1
1891,PomBase:SPAC589.07c,GENO,atg1801,4
1892,HGNC:9554,GENE,PSMD1,3
1893,MP:0009431,DISO,decreased fetal weight,1
1894,MP:0001218,DISO,thin epidermis,1
1895,MP:0014142,DISO,increased body fat mass,1
1896,ZP:0001377,DISO,"cyclin-dependent protein serine/threonine kinase activity decreased occurrence, abnormal",1
1897,ENSEMBL:ENSPTRG00000015888,ORTH,ENSEMBL:ENSPTRG00000015888,5
1898,ENSEMBL:ENSCAFG00000018928,ORTH,MBD1,5
1899,HP:0007957,DISO,Corneal opacity,1
1900,WBPhenotype:0001497,DISO,mitotic metaphase to anaphase transition defect,1
1901,ENSEMBL:ENSECAG00000023179,ORTH,ENSEMBL:ENSECAG00000023179,5
1902,EFO:0004747,GENO,protein measurement,4
1903,MP:0003038,DISO,decreased myocardial infarct size,1
1904,WBPhenotype:0001404,DISO,ectopic expression antibody,1
1905,dictyBase:DDB_G0285295,GENO,vps28,4
1906,Xenbase:XB-GENE-5871354,ORTH,ap2b1,5
1907,FBcv:0000418,DISO,flightless,1
1908,PomBase:SPAC4D7.13,GENO,usp104,4
1909,MP:0010948,DISO,abnormal double-strand DNA break repair,1
1910,ZP:0016188,DISO,"neuroepithelial cell apoptotic, abnormal",1
1911,HP:0002326,DISO,Transient ischemic attack,1
1912,ZP:0002499,DISO,"hindbrain decreased size, abnormal",1
1913,MP:0001982,DISO,decreased chemically-elicited antinociception,1
1914,ENSEMBL:ENSPTRG00000004247,ORTH,ENSEMBL:ENSPTRG00000004247,5
1915,ZFIN:ZDB-GENE-030424-1,ORTH,kdm5bb,5
1916,NCBIGene:100492955,GENE,LOC100492955,3
1917,RGD:9113230,ORTH,LOC103690108,5
1918,ENSEMBL:ENSFCAG00000015654,ORTH,ENSEMBL:ENSFCAG00000015654,5
1919,ENSEMBL:ENSACAG00000008874,ORTH,ENSEMBL:ENSACAG00000008874,5
1920,dictyBase:DDB_G0290829,GENO,rabM,4
1921,ZFIN:ZDB-GENE-100308-1,ORTH,egfrb,5
1922,dbSNP:rs116220136,GENO,rs116220136-?,4
1923,ENSEMBL:ENSCAFG00000008719,ORTH,ENSEMBL:ENSCAFG00000008719,5
1924,MP:0009341,DISO,decreased splenocyte apoptosis,1
1925,WBPhenotype:0000457,DISO,organism starvation hypersensitive,1
1926,Coriell:GM04196,GENO,NIGMS-GM04196,4
1927,FlyBase:FBgn0019960,ORTH,Mitofilin,5
1928,4055,DRUG,baicalin,2
1929,ENSEMBL:ENSPTRG00000017230,ORTH,ENSEMBL:ENSPTRG00000017230,5
1930,4063,DRUG,tirilazad,2
1931,MP:0001726,DISO,abnormal allantois morphology,1
1932,MONARCH:APO_0000317APO_0000003,GENO,replicative lifespan:decreased,4
1933,WBPhenotype:0000179,DISO,neuron degeneration,1
1934,ZP:0006365,DISO,"axon CaP motoneuron increased branchiness, abnormal",1
1935,HP:0003103,DISO,Abnormal cortical bone morphology,1
1936,Coriell:GM04687,GENO,NIGMS-GM04687,4
1937,ENSEMBL:ENSFCAG00000040222,ORTH,ENSEMBL:ENSFCAG00000040222,5
1938,WormBase:WBGene00017394,ORTH,cal-8,5
1939,ENSEMBL:ENSMMUG00000013115,ORTH,ENSEMBL:ENSMMUG00000013115,5
1940,ENSEMBL:ENSFCAG00000040788,ORTH,ENSEMBL:ENSFCAG00000040788,5
1941,WBPhenotype:0000239,DISO,vulval cell lineage variant,1
1942,ZFIN:ZDB-GENE-040718-45,ORTH,dnajb6a,5
1943,ENSEMBL:ENSSSCG00000002446,ORTH,ATXN3,5
1944,ENSEMBL:ENSFCAG00000001517,ORTH,ENSEMBL:ENSFCAG00000001517,5
1945,ZP:0003323,DISO,"swimming behavior process quality, abnormal",1
1946,WormBase:WBGene00006539,ORTH,tbb-6,5
1947,HGNC:6916,GENE,MBD1,3
1948,FlyBase:FBgn0266848,ORTH,wap,5
1949,ENSEMBL:ENSMODG00000019231,ORTH,ENSEMBL:ENSMODG00000019231,5
1950,ZP:0001384,DISO,"retinal outer nuclear layer morphology, abnormal",1
1951,RGD:1565632,ORTH,Prrc1,5
1952,MGI:3605769,ORTH,Htt<tm1Szi>/Htt<tm2Szi>; Tg(Camk2a-cre)1Szi [involves: 129S/SvEv * 129S1/Sv * C57BL/6 * CBA],5
1953,MP:0010602,DISO,abnormal pulmonary valve cusp morphology,1
1954,4118,DRUG,pazopanib,2
1955,HGNC:29170,GENE,FAN1,3
1956,MP:0002998,DISO,abnormal bone remodeling,1
1957,ENSEMBL:ENSCAFG00000013354,ORTH,BDH1,5
1958,4138,DRUG,gentian violet,2
1959,ZP:0008446,DISO,"hair cell anterior macula has extra parts of type multivesicular body hair cell anterior macula, abnormal",1
1960,WormBase:WBGene00000815,ORTH,csn-3,5
1961,MP:0011631,DISO,decreased mitochondrial size,1
1962,HGNC:17822,GENE,PTGES2,3
1963,HP:0009053,DISO,Distal lower limb muscle weakness,1
1964,HP:0002664,DISO,Neoplasm,1
1965,MP:0000919,DISO,cranioschisis,1
1966,MP:0001902,DISO,reduced NMDA-mediated synaptic currents,1
1967,MP:0001186,DISO,pigmentation phenotype,1
1968,ZP:0001453,DISO,"extension decreased size, abnormal",1
1969,dictyBase:DDB_G0272566,GENO,psmD14,4
1970,ENSEMBL:ENSGALG00000000510,ORTH,DCAF7,5
1971,MP:0000763,DISO,abnormal filiform papillae morphology,1
1972,4161,DRUG,temsirolimus,2
1973,FlyBase:FBgn0054039,ORTH,CG34039,5
1974,ENSEMBL:ENSMMUG00000010620,ORTH,ENSEMBL:ENSMMUG00000010620,5
1975,ZP:0011508,DISO,"optic tectum increased occurrence cell proliferation in midbrain, abnormal",1
1976,4172,DRUG,boceprevir,2
1977,4173,DRUG,telaprevir,2
1978,ENSEMBL:ENSMODG00000002996,ORTH,ENSEMBL:ENSMODG00000002996,5
1979,ENSEMBL:ENSMMUG00000002691,ORTH,ENSEMBL:ENSMMUG00000002691,5
1980,4178,DRUG,vandetanib,2
1981,HP:0040071,DISO,Abnormal morphology of ulna,1
1982,PomBase:SPBC18H10.06c,GENO,swd2,4
1983,4186,DRUG,icatibant,2
1984,4187,DRUG,crizotinib,2
1985,4189,DRUG,hydroxyprogesterone caproate,2
1986,MP:0008086,DISO,increased T-helper 1 cell number,1
1987,MP:0006351,DISO,abnormal glycosylated hemoglobin level,1
1988,ENSEMBL:ENSFCAG00000010517,ORTH,ENSEMBL:ENSFCAG00000010517,5
1989,4190,DRUG,ruxolitinib,2
1990,WormBase:WBGene00000819,ORTH,csp-1,5
1991,ENSEMBL:ENSOANG00000042140,ORTH,ENSEMBL:ENSOANG00000042140,5
1992,dictyBase:DDB_G0275955,GENO,rabH,4
1993,WBPhenotype:0001973,DISO,germ cell compartment size variant,1
1994,MP:0008594,DISO,decreased circulating interleukin-10 level,1
1995,MONARCH:APO_0000222APO_0000003,GENO,chemical compound excretion:decreased,4
1996,EFO:0008460,GENO,colorectal health,4
1997,MP:0001988,DISO,cocaine preference,1
1998,RGD:1595786,ORTH,RT1-CE7,5
1999,ENSEMBL:ENSMODG00000018083,ORTH,ENSEMBL:ENSMODG00000018083,5
2000,HP:0002206,DISO,Pulmonary fibrosis,1
2001,HP:0002091,DISO,Restrictive ventilatory defect,1
2002,HGNC:18418,GENE,HYPK,3
2003,Xenbase:XB-GENE-5817381,ORTH,hk2,5
2004,ENSEMBL:ENSMODG00000004742,ORTH,ENSEMBL:ENSMODG00000004742,5
2005,Coriell:GM06651,GENO,NIGMS-GM06651,4
2006,FlyBase:FBgn0051960,ORTH,Dmel\CG31960,5
2007,dictyBase:DDB_G0289511,GENO,act28,4
2008,4225,DRUG,axitinib,2
2009,ZP:0019917,DISO,"double-strand break repair via alternative nonhomologous end joining decreased process quality, abnormal",1
2010,MP:0004810,DISO,decreased hematopoietic stem cell number,1
2011,MP:0001274,DISO,curly vibrissae,1
2012,ZP:0000032,DISO,"brain quality, abnormal",1
2013,FlyBase:FBgn0031431,ORTH,CG3515,5
2014,MGI:95936,ORTH,H2-Q7,5
2015,dictyBase:DDB_G0282653,GENO,DDB0230049,4
2016,4226,DRUG,ingenol mebutate,2
2017,ENSEMBL:ENSMMUG00000015773,ORTH,ENSEMBL:ENSMMUG00000015773,5
2018,ZP:0008378,DISO,"cardiac ventricle mislocalised, abnormal",1
2019,MGI:1860763,ORTH,Eif3i,5
2020,ENSEMBL:ENSMODG00000011824,ORTH,ENSEMBL:ENSMODG00000011824,5
2021,MP:0006162,DISO,thick eyelids,1
2022,ENSEMBL:ENSECAG00000011670,ORTH,ENSEMBL:ENSECAG00000011670,5
2023,EFO:0005674,GENO,white matter microstructure measurement,4
2024,ENSEMBL:ENSMMUG00000018254,ORTH,ENSEMBL:ENSMMUG00000018254,5
2025,Coriell:GM05678,GENO,NIGMS-GM05678,4
2026,ENSEMBL:ENSCAFG00000014230,ORTH,ENSEMBL:ENSCAFG00000014230,5
2027,HP:0000164,DISO,Abnormality of the dentition,1
2028,Coriell:GM06631,GENO,NIGMS-GM06631,4
2029,HP:0000750,DISO,Delayed speech and language development,1
2030,MP:0001473,DISO,reduced long term potentiation,1
2031,FBcv:0002000,DISO,lethal - all die before end of P-stage,1
2032,ENSEMBL:ENSSSCG00000005914,ORTH,SHARPIN,5
2033,EFO:0007858,GENO,eye morphology measurement,4
2034,ENSEMBL:ENSCAFG00000007528,ORTH,ENSEMBL:ENSCAFG00000007528,5
2035,WBPhenotype:0000137,DISO,mRNA levels reduced,1
2036,ENSEMBL:ENSMODG00000021001,ORTH,ENSEMBL:ENSMODG00000021001,5
2037,MONARCH:APO_0000214APO_0000002,GENO,position of spindle pole body:abnormal,4
2038,ENSEMBL:ENSGALG00000038885,ORTH,FEZ1,5
2039,ENSEMBL:ENSFCAG00000010251,ORTH,ENSEMBL:ENSFCAG00000010251,5
2040,ENSEMBL:ENSOANG00000000714,ORTH,ENSEMBL:ENSOANG00000000714,5
2041,MP:0005590,DISO,increased vasodilation,1
2042,ENSEMBL:ENSFCAG00000031292,ORTH,ENSEMBL:ENSFCAG00000031292,5
2043,ENSEMBL:ENSSSCG00000012654,ORTH,ENSEMBL:ENSSSCG00000012654,5
2044,4283,DRUG,tapentadol,2
2045,HGNC:11442,GENE,STX7,3
2046,MP:0004979,DISO,abnormal neuronal precursor cell number,1
2047,ENSEMBL:ENSECAG00000006505,ORTH,ENSEMBL:ENSECAG00000006505,5
2048,ENSEMBL:ENSACAG00000005425,ORTH,ENSEMBL:ENSACAG00000005425,5
2049,Coriell:GM05668,GENO,NIGMS-GM05668,4
2050,MP:0008148,DISO,abnormal sternocostal joint morphology,1
2051,4285,DRUG,Florbetapir F-18,2
2052,ZP:0012049,DISO,"bulbus arteriosus elongated, abnormal",1
2053,ENSEMBL:ENSFCAG00000006874,ORTH,ENSEMBL:ENSFCAG00000006874,5
2054,HP:0008873,DISO,Disproportionate short-limb short stature,1
2055,HP:0011990,DISO,Abnormality of neutrophil physiology,1
2056,SGD:S000001564,ORTH,TEF4,5
2057,4301,DRUG,Flutemetamol (18F),2
2058,RGD:2661,ORTH,Gapdh,5
2059,WBPhenotype:0004025,DISO,velocity of movement variant,1
2060,MP:0002177,DISO,abnormal outer ear morphology,1
2061,MP:0009788,DISO,increased susceptibility to bacterial infection induced morbidity/mortality,1
2062,ENSEMBL:ENSBTAG00000013901,ORTH,ENSEMBL:ENSBTAG00000013901,5
2063,HP:0000670,DISO,Carious teeth,1
2064,ZP:0003999,DISO,"brain degeneration, abnormal",1
2065,ENSEMBL:ENSACAG00000023667,ORTH,ENSEMBL:ENSACAG00000023667,5
2066,4318,DRUG,afatinib,2
2067,MONARCH:APO_0000303APO_0000002,GENO,endomembrane system morphology:abnormal,4
2068,ENSEMBL:ENSRNOG00000046761,ORTH,LOC103690102,5
2069,ENSEMBL:ENSSSCG00000010548,ORTH,CHUK,5
2070,ZP:0006752,DISO,"blood vessel permeable, abnormal",1
2071,MP:0012128,DISO,abnormal blastocyst formation,1
2072,ENSEMBL:ENSACAG00000015832,ORTH,ENSEMBL:ENSACAG00000015832,5
2073,Coriell:GM04688,GENO,NIGMS-GM04688,4
2074,ZFIN:ZDB-GENE-140820-11,ORTH,mhc1lja,5
2075,ENSEMBL:ENSACAG00000007687,ORTH,ENSEMBL:ENSACAG00000007687,5
2076,ENSEMBL:ENSBTAG00000020998,ORTH,ENSEMBL:ENSBTAG00000020998,5
2077,ENSEMBL:ENSACAG00000003088,ORTH,ENSEMBL:ENSACAG00000003088,5
2078,ZFIN:ZDB-GENE-050913-47,ORTH,herpud1,5
2079,FBcv:0002001,DISO,lethal - all die before end of first instar larval stage,1
2080,dictyBase:DDB_G0283337,GENO,DDB_G0283337,4
2081,WBPhenotype:0001972,DISO,germ cell compartment multinucleate,1
2082,WBPhenotype:0001846,DISO,phagosome maturation defective,1
2083,HP:0000842,DISO,Hyperinsulinemia,1
2084,MP:0005091,DISO,increased double-positive T cell number,1
2085,4344,DRUG,zinc chloride,2
2086,HP:0010783,DISO,Erythema,1
2087,FlyBase:CG45062,ORTH,FlyBase:CG45062,5
2088,4359,DRUG,bosutinib,2
2089,ENSEMBL:ENSGALG00000001220,ORTH,HERPUD1,5
2090,4360,DRUG,cetrimide,2
2091,ENSEMBL:ENSACAG00000017226,ORTH,ENSEMBL:ENSACAG00000017226,5
2092,ENSEMBL:ENSCAFG00000017647,ORTH,ENSEMBL:ENSCAFG00000017647,5
2093,HGNC:9237,GENE,PPARGC1A,3
2094,RGD:621889,ORTH,Ddb1,5
2095,ENSEMBL:ENSRNOG00000026991,ORTH,F1M2N4,5
2096,ZP:0020460,DISO,"ceratohyal cartilage polarity, abnormal",1
2097,ZP:0002707,DISO,"heart structure, abnormal",1
2098,dictyBase:DDB_G0275069,GENO,pks16,4
2099,ZP:0002260,DISO,"notochord cell vacuolation decreased process quality, abnormal",1
2100,ZP:0001280,DISO,"Muller cell decreased amount, abnormal",1
2101,ZP:0001380,DISO,"retinal ganglion cell layer morphology, abnormal",1
2102,4392,DRUG,cisplatin,2
2103,ZFIN:ZDB-GENE-030131-5541,ORTH,psmd7,5
2104,MGI:5569535,ORTH,Tg(CMV-HTT*48Q)BTag/Tg(CMV-HTT*48Q)BTag [involves: FVB/N],5
2105,HP:0001511,DISO,Intrauterine growth retardation,1
2106,MP:0003085,DISO,abnormal egg cylinder morphology,1
2107,Coriell:GM06439,GENO,NIGMS-GM06439,4
2108,ZFIN:ZDB-GENE-041010-42,ORTH,h2ax1,5
2109,Xenbase:XB-GENE-5814345,ORTH,rapgef2,5
2110,WBPhenotype:0001865,DISO,protein ubiquitination variant,1
2111,WormBase:WBGene00003922,ORTH,pas-1,5
2112,SGD:S000000629,ORTH,SNT1,5
2113,HP:0012337,DISO,Abnormal homeostasis,1
2114,4425,DRUG,colistin,2
2115,WBPhenotype:0001350,DISO,protein phosphorylation increased,1
2116,ENSEMBL:ENSOANG00000001414,ORTH,ENSEMBL:ENSOANG00000001414,5
2117,MP:0006058,DISO,decreased cerebral infarct size,1
2118,MONARCH:APO_0000222APO_0000004,GENO,chemical compound excretion:increased,4
2119,ZP:0018338,DISO,"axon facial ganglion malformed, abnormal",1
2120,ZP:0007178,DISO,"cellular respiration decreased process quality, abnormal",1
2121,RGD:1308888,ORTH,Dhx30,5
2122,dictyBase:DDB_G0274111,GENO,pfkA,4
2123,MP:0003036,DISO,vertebral transformation,1
2124,RGD:1359718,ORTH,Wdr45,5
2125,ENSEMBL:ENSMMUG00000000924,ORTH,ENSEMBL:ENSMMUG00000000924,5
2126,SGD:S000002832,ORTH,DYN2,5
2127,MGI:87902,ORTH,Acta1,5
2128,ZP:0138130,DISO,"atrium process quality cardiac conduction system development, abnormal",1
2129,MP:0008449,DISO,abnormal retinal cone cell outer segment morphology,1
2130,PomBase:SPAC57A7.04c,GENO,pabp,4
2131,ENSEMBL:ENSMMUG00000019529,ORTH,ENSEMBL:ENSMMUG00000019529,5
2132,MP:0011276,DISO,increased tail pigmentation,1
2133,ENSEMBL:ENSFCAG00000009389,ORTH,ENSEMBL:ENSFCAG00000009389,5
2134,WBPhenotype:0000420,DISO,levamisole hypersensitive,1
2135,WormBase:WBGene00016431,ORTH,C35A11.4,5
2136,dbSNP:rs7685686,GENO,rs7685686-A,4
2137,MP:0008049,DISO,increased memory T cell number,1
2138,4483,DRUG,carfilzomib,2
2139,dbSNP:rs6828882,GENO,rs6828882-?,4
2140,ENSEMBL:ENSSSCG00000035428,ORTH,A0A287A0E5,5
2141,ENSEMBL:ENSACAG00000000769,ORTH,ENSEMBL:ENSACAG00000000769,5
2142,Coriell:GM06581,GENO,NIGMS-GM06581,4
2143,ENSEMBL:ENSACAG00000022234,ORTH,ENSEMBL:ENSACAG00000022234,5
2144,MGI:3722277,ORTH,Tg(YAC72)2511Hay [involves: FVB/N],5
2145,MP:0030906,DISO,decreased melanoblast proliferation,1
2146,HP:0003202,DISO,Skeletal muscle atrophy,1
2147,ZP:0021483,DISO,"late endosome neural crest cell decreased size, abnormal",1
2148,HP:0001266,DISO,Choreoathetosis,1
2149,HP:0006855,DISO,Cerebellar vermis atrophy,1
2150,Coriell:GM04876,GENO,NIGMS-GM04876,4
2151,ZP:0021843,DISO,"retinal inner nuclear layer increased amount, abnormal",1
2152,MP:0008190,DISO,decreased transitional stage B cell number,1
2153,WBPhenotype:0000834,DISO,E lineage variant,1
2154,HGNC:4593,GENE,GRM1,3
2155,ENSEMBL:ENSACAG00000004234,ORTH,ENSEMBL:ENSACAG00000004234,5
2156,ZP:0000531,DISO,"dorsal aorta aplastic, abnormal",1
2157,WBPhenotype:0000034,DISO,embryonic polarity variant,1
2158,WBPhenotype:0001981,DISO,germ cell compartment expansion absent,1
2159,WormBase:T28F2.2b,ORTH,WormBase:T28F2.2b,5
2160,WBPhenotype:0000825,DISO,postembryonic cell lineage variant,1
2161,MP:0003204,DISO,decreased neuron apoptosis,1
2162,MP:0009299,DISO,decreased mesenteric fat pad weight,1
2163,ENSEMBL:ENSOANG00000003847,ORTH,ENSEMBL:ENSOANG00000003847,5
2164,WBPhenotype:0001017,DISO,adult growth variant,1
2165,ENSEMBL:ENSSSCG00000028355,ORTH,ENSEMBL:ENSSSCG00000028355,5
2166,ENSEMBL:ENSCAFG00000031802,ORTH,CRPPA,5
2167,HGNC:9760,GENE,RAB11A,3
2168,ENSEMBL:ENSGALG00000000707,ORTH,ENSEMBL:ENSGALG00000000707,5
2169,EnsemblGenome:AT1G33540,ORTH,EnsemblGenome:AT1G33540,5
2170,MONARCH:APO_0000039APO_0000002,GENO,meiosis:abnormal,4
2171,HP:0009129,DISO,Upper limb amyotrophy,1
2172,WormBase:WBGene00000123,ORTH,ama-1,5
2173,MP:0020040,DISO,decreased bone ossification,1
2174,MONARCH:APO_0000308APO_0000245,GENO,fermentative growth:decreased rate,4
2175,SGD:S000004460,ORTH,YPT7,5
2176,ENSEMBL:ENSCAFG00000003886,ORTH,ENSEMBL:ENSCAFG00000003886,5
2177,MP:0000042,DISO,abnormal organ of Corti morphology,1
2178,ENSEMBL:ENSECAG00000005267,ORTH,ENSEMBL:ENSECAG00000005267,5
2179,HP:0004386,DISO,Gastrointestinal inflammation,1
2180,ENSEMBL:ENSMODG00000020556,ORTH,ENSEMBL:ENSMODG00000020556,5
2181,HGNC:8638,GENE,KAT2B,3
2182,SGD:S000000099,ORTH,HTA2,5
2183,HGNC:9534,GENE,PSMA5,3
2184,ENSEMBL:ENSFCAG00000015218,ORTH,ENSEMBL:ENSFCAG00000015218,5
2185,ZP:0002506,DISO,"heart looping process quality, abnormal",1
2186,ENSEMBL:ENSPTRG00000015377,ORTH,ENSEMBL:ENSPTRG00000015377,5
2187,ENSEMBL:ENSDARG00000115781,ORTH,CR339041.3,5
2188,MP:0013762,DISO,abnormal effector T cell number,1
2189,ENSEMBL:ENSMODG00000045082,ORTH,ENSEMBL:ENSMODG00000045082,5
2190,RGD:1311672,ORTH,Cnot2,5
2191,WBPhenotype:0001402,DISO,connected mitochondria,1
2192,dictyBase:DDB_G0275153,GENO,gpdA,4
2193,ENSEMBL:ENSBTAG00000046936,ORTH,ENSEMBL:ENSBTAG00000046936,5
2194,ENSEMBL:ENSBTAG00000054466,ORTH,A0A3Q1MRS1,5
2195,HP:0001680,DISO,Coarctation of aorta,1
2196,FlyBase:FBgn0042177,ORTH,Arts,5
2197,4601,DRUG,diosmetin,2
2198,ENSEMBL:ENSCAFG00000013148,ORTH,ENSEMBL:ENSCAFG00000013148,5
2199,ENSEMBL:ENSCAFG00000017475,ORTH,ENSEMBL:ENSCAFG00000017475,5
2200,MGI:1333837,ORTH,Magea6,5
2201,RGD:61915,ORTH,Stx6,5
2202,ENSEMBL:ENSOANG00000009766,ORTH,ENSEMBL:ENSOANG00000009766,5
2203,HP:0002495,DISO,Impaired vibratory sensation,1
2204,4616,DRUG,methylnaltrexone,2
2205,UBERON:0004804,ANAT,oviduct epithelium,0
2206,MP:0000940,DISO,abnormal motor neuron innervation pattern,1
2207,WormBase:WBGene00003950,ORTH,pbs-4,5
2208,HP:0040215,DISO,Abnormal circulating insulin level,1
2209,ZFIN:ZDB-GENE-040426-2190,ORTH,amfra,5
2210,WBPhenotype:0002059,DISO,pore forming toxin hypersensitive,1
2211,WBPhenotype:0001536,DISO,embryonic cell patterning variant,1
2212,ENSEMBL:ENSMODG00000010149,ORTH,ENSEMBL:ENSMODG00000010149,5
2213,ZP:0102940,DISO,"anatomical region Kupffer's vesicle spatial pattern, abnormal",1
2214,MGI:2385261,ORTH,Cnot3,5
2215,4637,DRUG,rose bengal,2
2216,HGNC:16854,GENE,RAPGEF2,3
2217,ENSEMBL:ENSACAG00000015652,ORTH,ENSEMBL:ENSACAG00000015652,5
2218,ENSEMBL:ENSPTRG00000004626,ORTH,ENSEMBL:ENSPTRG00000004626,5
2219,ENSEMBL:ENSMODG00000008922,ORTH,ENSEMBL:ENSMODG00000008922,5
2220,SGD:S000004750,ORTH,RPL13B,5
2221,MP:0020533,DISO,decreased pons size,1
2222,FlyBase:FBgn0002284,ORTH,Prosbeta6,5
2223,ENSEMBL:ENSRNOG00000034093,ORTH,M0RCB1,5
2224,FlyBase:FBgn0035850,ORTH,Atg18a,5
2225,ENSEMBL:ENSECAG00000003774,ORTH,ENSEMBL:ENSECAG00000003774,5
2226,ENSEMBL:ENSCAFG00000011038,ORTH,WIPI1,5
2227,MP:0009754,DISO,enhanced behavioral response to cocaine,1
2228,ZP:0137626,DISO,"neuron projection motor neuron truncated, abnormal",1
2229,FBcv:0000371,DISO,male semi-sterile,1
2230,MP:0004025,DISO,polyploidy,1
2231,RGD:68424,ORTH,Dlg4,5
2232,HGNC:971,GENE,BCAR1,3
2233,ENSEMBL:ENSMODG00000012040,ORTH,ENSEMBL:ENSMODG00000012040,5
2234,4673,DRUG,nalfurafine,2
2235,MP:0013502,DISO,decreased fibroblast apoptosis,1
2236,ENSEMBL:ENSACAG00000013584,ORTH,ENSEMBL:ENSACAG00000013584,5
2237,ENSEMBL:ENSMODG00000017105,ORTH,ENSEMBL:ENSMODG00000017105,5
2238,ZFIN:ZDB-GENE-040426-2832,ORTH,hspa4a,5
2239,MGI:1918177,ORTH,Setd2,5
2240,ZFIN:ZDB-GENE-050419-81,ORTH,synm,5
2241,ZP:0009077,DISO,"neural tube wholly ventralized, abnormal",1
2242,ENSEMBL:ENSOANG00000001437,ORTH,ENSEMBL:ENSOANG00000001437,5
2243,ENSEMBL:ENSACAG00000009052,ORTH,ENSEMBL:ENSACAG00000009052,5
2244,ENSEMBL:ENSCAFG00000009880,ORTH,SNCA,5
2245,HP:0000098,DISO,Tall stature,1
2246,ZP:0000349,DISO,"olfactory placode aplastic, abnormal",1
2247,4706,DRUG,sodium aurothiomalate,2
2248,ENSEMBL:ENSMMUG00000012054,ORTH,ENSEMBL:ENSMMUG00000012054,5
2249,PomBase:SPAC3G9.08,GENO,png1,4
2250,WBPhenotype:0002345,DISO,forward locomotion variant,1
2251,ENSEMBL:ENSACAG00000000151,ORTH,ENSEMBL:ENSACAG00000000151,5
2252,MONARCH:APO_0000129APO_0000002,GENO,protein transport:abnormal,4
2253,dictyBase:DDB_G0281493,GENO,sodD,4
2254,ENSEMBL:ENSPTRG00000017238,ORTH,ENSEMBL:ENSPTRG00000017238,5
2255,MGI:3586839,ORTH,Htt<tm1Hay>/Htt<+> [involves: C57BL/6J],5
2256,4715,DRUG,cabozantinib,2
2257,FlyBase:FBgn0035026,ORTH,Fcp1,5
2258,ENSEMBL:ENSPTRG00000048790,ORTH,ENSEMBL:ENSPTRG00000048790,5
2259,ENSEMBL:ENSCAFG00000011118,ORTH,COPS7B,5
2260,WBPhenotype:0002189,DISO,extra linker cells,1
2261,WBPhenotype:0000011,DISO,drug resistant,1
2262,ENSEMBL:ENSMODG00000044770,ORTH,ENSEMBL:ENSMODG00000044770,5
2263,MGI:106499,ORTH,Ppih,5
2264,4733,DRUG,thiomersal,2
2265,Coriell:GM00305,GENO,NIGMS-GM00305,4
2266,FlyBase:FBgn0038722,ORTH,Nup58,5
2267,ENSEMBL:ENSCAFG00000031787,ORTH,ENSEMBL:ENSCAFG00000031787,5
2268,WBPhenotype:0000899,DISO,epithelial cell morphology variant,1
2269,HP:0012648,DISO,Decreased inflammatory response,1
2270,MGI:96904,ORTH,M6pr,5
2271,ENSEMBL:ENSACAG00000000102,ORTH,ENSEMBL:ENSACAG00000000102,5
2272,ENSEMBL:ENSMMUG00000017217,ORTH,ENSEMBL:ENSMMUG00000017217,5
2273,MP:0005356,DISO,positive geotaxis,1
2274,FlyBase:FBgn0038418,ORTH,pad,5
2275,ENSEMBL:ENSACAG00000001021,ORTH,ENSEMBL:ENSACAG00000001021,5
2276,ENSEMBL:ENSCAFG00000001976,ORTH,ENSEMBL:ENSCAFG00000001976,5
2277,SGD:S000006095,ORTH,NIP100,5
2278,ZFIN:ZDB-GENE-030131-6529,ORTH,ppp1cbl,5
2279,ENSEMBL:ENSCAFG00000006446,ORTH,ENSEMBL:ENSCAFG00000006446,5
2280,MGI:95697,ORTH,Gfap,5
2281,MONARCH:APO_0000215APO_0000003,GENO,toxin resistance:decreased,4
2282,4778,DRUG,ridaforolimus,2
2283,ENSEMBL:ENSMMUG00000001873,ORTH,ENSEMBL:ENSMMUG00000001873,5
2284,WBPhenotype:0001621,DISO,organism oxidative stress response hypersensitive,1
2285,HP:0000590,DISO,Progressive external ophthalmoplegia,1
2286,ENSEMBL:ENSMMUG00000042087,ORTH,ENSEMBL:ENSMMUG00000042087,5
2287,ZP:0000352,DISO,"antero-lateral region prechordal plate decreased size, abnormal",1
2288,PomBase:SPCC1494.05c,GENO,ubp12,4
2289,NCBIGene:100334818,GENE,LOC100334818,3
2290,ZP:0000396,DISO,"nucleate erythrocyte decreased amount, abnormal",1
2291,RGD:3376,ORTH,Ppp1cb,5
2292,Xenbase:XB-GENE-494200,ORTH,grin1,5
2293,ZP:0104396,DISO,"caudal artery decreased amount, abnormal",1
2294,MP:0003358,DISO,abnormal hypaxial muscle morphology,1
2295,ENSEMBL:ENSPTRG00000045247,ORTH,ENSEMBL:ENSPTRG00000045247,5
2296,ENSEMBL:ENSSSCG00000028943,ORTH,ENSEMBL:ENSSSCG00000028943,5
2297,MP:0011636,DISO,disorganized mitochondrial cristae,1
2298,ZP:0106392,DISO,"dentary increased amount, abnormal",1
2299,MP:0009324,DISO,absent hippocampal fimbria,1
2300,MP:0010168,DISO,"increased CD4-positive, CD25-positive, alpha-beta regulatory T cell number",1
2301,WormBase:WBGene00004774,ORTH,sem-5,5
2302,MP:0005376,DISO,homeostasis/metabolism phenotype,1
2303,PomBase:SPAC1952.16,GENO,rga9,4
2304,ENSEMBL:ENSECAG00000019110,ORTH,ENSEMBL:ENSECAG00000019110,5
2305,EFO:0009270,GENO,heel bone mineral density,4
2306,ENSEMBL:ENSOANG00000048350,ORTH,ENSEMBL:ENSOANG00000048350,5
2307,PomBase:SPAC1F3.10c,GENO,oct1,4
2308,MP:0001289,DISO,persistence of hyaloid vascular system,1
2309,ENSEMBL:ENSMODG00000013238,ORTH,ENSEMBL:ENSMODG00000013238,5
2310,ZFIN:ZDB-GENE-161101-1,ORTH,si:dkey-52p2.5,5
2311,ZP:0004041,DISO,"whole organism malformed, abnormal",1
2312,4810,DRUG,ibrutinib,2
2313,4818,DRUG,florbetaben F18,2
2314,ENSEMBL:ENSBTAG00000016313,ORTH,ENSEMBL:ENSBTAG00000016313,5
2315,ENSEMBL:ENSFCAG00000043198,ORTH,ENSEMBL:ENSFCAG00000043198,5
2316,ENSEMBL:ENSCAFG00000016311,ORTH,HUWE1,5
2317,MONARCH:APO_0000149APO_0000004,GENO,protein/peptide accumulation:increased,4
2318,dictyBase:DDB_G0288021,GENO,atg6B,4
2319,Xenbase:XB-GENE-482409,ORTH,rps6kb1,5
2320,MP:0000259,DISO,abnormal vascular development,1
2321,PomBase:SPAC23C11.04c,GENO,pnk1,4
2322,RGD:2407,ORTH,Crmp1,5
2323,ENSEMBL:ENSCAFG00000017255,ORTH,ENSEMBL:ENSCAFG00000017255,5
2324,WBPhenotype:0001930,DISO,muscle arm development defective,1
2325,MP:0003718,DISO,maternal effect,1
2326,MP:0003871,DISO,abnormal myelin sheath morphology,1
2327,WormBase:WBGene00015552,ORTH,C06G3.6,5
2328,ENSEMBL:ENSFCAG00000024797,ORTH,ENSEMBL:ENSFCAG00000024797,5
2329,4832,DRUG,naloxegol,2
2330,HP:0010446,DISO,Tricuspid stenosis,1
2331,UBERON:0000970,ANAT,eye,0
2332,dictyBase:DDB_G0293678,GENO,DDB_G0293678,4
2333,ENSEMBL:ENSSSCG00000005590,ORTH,ENSEMBL:ENSSSCG00000005590,5
2334,MP:0001927,DISO,abnormal estrous cycle,1
2335,WBPhenotype:0000737,DISO,germ cell resistant ionizing radiation,1
2336,MONDO:0016621,DISO,juvenile Huntington disease,1
2337,ENSEMBL:ENSSSCG00000003612,ORTH,EIF3I,5
2338,ENSEMBL:ENSMMUG00000009732,ORTH,ENSEMBL:ENSMMUG00000009732,5
2339,dictyBase:DDB_G0284329,GENO,gefA,4
2340,4866,DRUG,ceritinib,2
2341,4867,DRUG,dexrabeprazole,2
2342,HP:0000234,DISO,Abnormality of the head,1
2343,MP:0008789,DISO,abnormal olfactory epithelium morphology,1
2344,FlyBase:FBgn0051354,ORTH,Hsp70Bbb,5
2345,ENSEMBL:ENSMMUG00000008069,ORTH,ENSEMBL:ENSMMUG00000008069,5
2346,MGI:2429756,ORTH,Tg(YAC72)2511Hay,5
2347,MGI:97313,ORTH,Nefl,5
2348,MP:0001661,DISO,extended life span,1
2349,ZFIN:ZDB-GENE-030131-3197,ORTH,zmat2,5
2350,MP:0002945,DISO,abnormal inhibitory postsynaptic currents,1
2351,ENSEMBL:ENSPTRG00000013483,ORTH,ENSEMBL:ENSPTRG00000013483,5
2352,ENSEMBL:ENSMMUG00000018806,ORTH,ENSEMBL:ENSMMUG00000018806,5
2353,HGNC:17955,GENE,LAMTOR5,3
2354,ZFIN:ZDB-GENE-000616-13,ORTH,appa,5
2355,ZP:0016367,DISO,"synapse assembly process quality, abnormal",1
2356,HP:0001760,DISO,Abnormal foot morphology,1
2357,MP:0013956,DISO,decreased colon length,1
2358,ENSEMBL:ENSMMUG00000017928,ORTH,ENSEMBL:ENSMMUG00000017928,5
2359,ZFIN:ZDB-GENE-140820-3,ORTH,mhc1lba,5
2360,4903,DRUG,nintedanib,2
2361,MP:0005114,DISO,premature hair loss,1
2362,HP:0012114,DISO,Endometrial carcinoma,1
2363,ENSEMBL:ENSMODG00000024415,ORTH,ENSEMBL:ENSMODG00000024415,5
2364,WBPhenotype:0002076,DISO,cortical granule exocytosis variant,1
2365,ENSEMBL:ENSGALG00000007441,ORTH,MAP6,5
2366,MP:0004180,DISO,failure of initiation of embryo turning,1
2367,HGNC:6877,GENE,MAPK3,3
2368,ENSEMBL:ENSSSCG00000017950,ORTH,ENSEMBL:ENSSSCG00000017950,5
2369,MP:0006282,DISO,abnormal spinal cord dorsal horn morphology,1
2370,SGD:S000005632,ORTH,VAM3,5
2371,HGNC:9559,GENE,PSMD2,3
2372,FlyBase:FBgn0005778,ORTH,PpD5,5
2373,MP:0009355,DISO,increased liver triglyceride level,1
2374,HP:0001336,DISO,Myoclonus,1
2375,4942,DRUG,lenvatinib,2
2376,XPO:0102358,GENO,abnormal tail morphology,4
2377,FBcv:0002026,DISO,lethal - all die before end of prepupal stage,1
2378,4954,DRUG,cetuximab,2
2379,4955,DRUG,panitumumab,2
2380,MP:0004384,DISO,small interparietal bone,1
2381,ZP:0008882,DISO,"double-strand break repair via nonhomologous end joining decreased frequency, abnormal",1
2382,RGD:620190,ORTH,Becn1,5
2383,WBPhenotype:0001691,DISO,germ nuclei rachis,1
2384,ZP:0137436,DISO,"photoreceptor inner segment photoreceptor cell malformed, abnormal",1
2385,ENSEMBL:ENSFCAG00000004957,ORTH,ENSEMBL:ENSFCAG00000004957,5
2386,ENSEMBL:ENSFCAG00000002824,ORTH,ENSEMBL:ENSFCAG00000002824,5
2387,MP:0005369,DISO,muscle phenotype,1
2388,MP:0003049,DISO,abnormal lumbar vertebrae morphology,1
2389,MONARCH:APO_0000075APO_0000005,GENO,endocytosis:absent,4
2390,MGI:3800927,ORTH,Tg(HTT*97Q)IXwy [FVB-Tg(HTT*97Q)IXwy],5
2391,WBPhenotype:0001200,DISO,gonad sheath contraction rate reduced,1
2392,WormBase:WBGene00011737,ORTH,sqst-1,5
2393,MP:0003121,DISO,genetic imprinting,1
2394,XPO:0103316,GENO,absent tail bud,4
2395,ENSEMBL:ENSCAFG00000019170,ORTH,ENSEMBL:ENSCAFG00000019170,5
2396,HGNC:7219,GENE,MPP1,3
2397,ENSEMBL:ENSECAG00000011497,ORTH,ENSEMBL:ENSECAG00000011497,5
2398,EFO:0005939,GENO,parental genotype effect measurement,4
2399,ENSEMBL:ENSSSCG00000027057,ORTH,SYVN1,5
2400,ENSEMBL:ENSECAG00000022083,ORTH,ENSEMBL:ENSECAG00000022083,5
2401,ZP:0001764,DISO,"heart decreased size, abnormal",1
2402,5001,DRUG,eluxadoline,2
2403,MGI:97912,ORTH,Rheb,5
2404,ZFIN:ZDB-GENE-030131-2981,ORTH,sp5l,5
2405,FlyBase:FBgn0087035,ORTH,AGO2,5
2406,PomBase:SPBC582.09,GENO,pex11,4
2407,dictyBase:DDB_G0269252,GENO,gefE,4
2408,HGNC:3274,GENE,EIF3G,3
2409,ZP:0001124,DISO,"cilium Kupffer's vesicle decreased length, abnormal",1
2410,WBPhenotype:0000405,DISO,giant oocytes,1
2411,HP:0200136,DISO,Oral-pharyngeal dysphagia,1
2412,MGI:5298845,ORTH,Htt<tm1Hay>/Htt<tm1Hay>; Tg(YAC72)2511Hay [involves: FVB/N],5
2413,MP:0000460,DISO,mandible hypoplasia,1
2414,WBPhenotype:0000039,DISO,life span phenotype,1
2415,WormBase:WBGene00020101,ORTH,lmtr-5,5
2416,MP:0005087,DISO,decreased acute inflammation,1
2417,dictyBase:DDB_G0282009,GENO,DDB0229927,4
2418,ZP:0002066,DISO,"slow muscle cell decreased amount, abnormal",1
2419,5039,DRUG,tannic acid,2
2420,ENSEMBL:ENSECAG00000000873,ORTH,ENSEMBL:ENSECAG00000000873,5
2421,FlyBase:FBgn0052365,ORTH,CG32365,5
2422,ENSEMBL:ENSMMUG00000014633,ORTH,ENSEMBL:ENSMMUG00000014633,5
2423,MP:0001448,DISO,abnormal huddling behavior,1
2424,WBPhenotype:0001102,DISO,mitotic spindle defective early emb,1
2425,MGI:3605770,ORTH,Htt<tm1Szi>/Htt<tm2Szi>; Tg(Camk2a-cre)2Szi [involves: 129S/SvEv * 129S1/Sv * C57BL/6 * CBA],5
2426,MP:0008681,DISO,increased interleukin-17 secretion,1
2427,dbSNP:rs1313766,GENO,rs1313766-C,4
2428,PomBase:SPAC110.04c,GENO,pss1,4
2429,ENSEMBL:ENSBTAG00000001055,ORTH,ENSEMBL:ENSBTAG00000001055,5
2430,5062,DRUG,osimertinib,2
2431,ZP:0004006,DISO,"eye degeneration, abnormal",1
2432,5067,DRUG,ixazomib,2
2433,RGD:620925,ORTH,Ppargc1a,5
2434,HP:0011495,DISO,Abnormal corneal epithelium morphology,1
2435,HP:0007485,DISO,Absence of subcutaneous fat,1
2436,5071,DRUG,necitumumab,2
2437,ENSEMBL:ENSOANG00000006501,ORTH,ENSEMBL:ENSOANG00000006501,5
2438,dictyBase:DDB_G0275703,GENO,gefN,4
2439,ENSEMBL:ENSFCAG00000004077,ORTH,ENSEMBL:ENSFCAG00000004077,5
2440,MP:0005438,DISO,abnormal glycogen homeostasis,1
2441,MP:0000490,DISO,abnormal crypts of Lieberkuhn morphology,1
2442,MP:0008050,DISO,decreased memory T cell number,1
2443,MGI:1861691,ORTH,Lgi1,5
2444,ENSEMBL:ENSECAG00000007747,ORTH,ENSEMBL:ENSECAG00000007747,5
2445,MGI:105941,ORTH,Mpp1,5
2446,HP:0002011,DISO,Morphological central nervous system abnormality,1
2447,ENSEMBL:ENSGALG00000003339,ORTH,ENSEMBL:ENSGALG00000003339,5
2448,ENSEMBL:ENSPTRG00000018064,ORTH,ENSEMBL:ENSPTRG00000018064,5
2449,WBPhenotype:0001566,DISO,ventral enclosure variant,1
2450,dictyBase:DDB_G0274131,GENO,act17,4
2451,ENSEMBL:ENSBTAG00000001189,ORTH,AP1B1,5
2452,WormBase:WBGene00008533,ORTH,F02E9.10,5
2453,ZFIN:ZDB-GENE-090511-1,ORTH,ftr80,5
2454,ENSEMBL:ENSCAFG00000000769,ORTH,ENSEMBL:ENSCAFG00000000769,5
2455,MP:0008078,DISO,"increased CD8-positive, alpha-beta T cell number",1
2456,5110,DRUG,migalastat,2
2457,MGI:1914529,ORTH,Med31,5
2458,ENSEMBL:ENSMODG00000015570,ORTH,ENSEMBL:ENSMODG00000015570,5
2459,ENSEMBL:ENSPTRG00000015827,ORTH,ENSEMBL:ENSPTRG00000015827,5
2460,WormBase:WBGene00000561,ORTH,cnd-1,5
2461,ENSEMBL:ENSMODG00000012741,ORTH,ENSEMBL:ENSMODG00000012741,5
2462,ENSEMBL:ENSPTRG00000003510,ORTH,ENSEMBL:ENSPTRG00000003510,5
2463,5118,DRUG,chromic chloride,2
2464,dictyBase:DDB_G0277803,GENO,rpl4,4
2465,ENSEMBL:ENSCAFG00000013088,ORTH,ENSEMBL:ENSCAFG00000013088,5
2466,HP:0012469,DISO,Infantile spasms,1
2467,ENSEMBL:ENSMMUG00000018476,ORTH,ENSEMBL:ENSMMUG00000018476,5
2468,ZFIN:ZDB-GENE-090501-2,ORTH,si:dkey-28b4.8,5
2469,ZP:0020993,DISO,"response to endoplasmic reticulum stress increased occurrence, abnormal",1
2470,dictyBase:DDB_G0269902,GENO,act26,4
2471,HP:0100710,DISO,Impulsivity,1
2472,MGI:5052377,ORTH,Tg(HTT*/EGFP)190Nn,5
2473,Xenbase:XB-GENE-1217476,ORTH,zmat2,5
2474,dictyBase:DDB_G0290791,GENO,rabK2,4
2475,ENSEMBL:ENSPTRG00000024276,ORTH,ENSEMBL:ENSPTRG00000024276,5
2476,MP:0001423,DISO,abnormal liquid preference,1
2477,MP:0000696,DISO,abnormal Peyer's patch morphology,1
2478,ENSEMBL:ENSACAG00000015327,ORTH,ENSEMBL:ENSACAG00000015327,5
2479,WBPhenotype:0000063,DISO,terminal arrest variable,1
2480,MP:0010488,DISO,abnormal left subclavian artery morphology,1
2481,ENSEMBL:ENSGALG00000003046,ORTH,ENSEMBL:ENSGALG00000003046,5
2482,ENSEMBL:ENSFCAG00000027807,ORTH,ENSEMBL:ENSFCAG00000027807,5
2483,MONARCH:APO_0000054APO_0000002,GENO,cytoskeleton morphology:abnormal,4
2484,ENSEMBL:ENSOANG00000049910,ORTH,ENSEMBL:ENSOANG00000049910,5
2485,WBPhenotype:0001408,DISO,pattern protein expression variant,1
2486,HP:0410009,DISO,Abnormality of the somatic nervous system,1
2487,EFO:0007988,GENO,myeloid white cell count,4
2488,WBPhenotype:0001693,DISO,male posterior alae,1
2489,GO:0019900,PHYS,kinase binding,6
2490,MP:0011278,DISO,increased ear pigmentation,1
2491,ZP:0000152,DISO,"somite circular, abnormal",1
2492,ENSEMBL:ENSBTAG00000008134,ORTH,ENSEMBL:ENSBTAG00000008134,5
2493,ZP:0101818,DISO,"presynapse assembly disrupted, abnormal",1
2494,ZP:0011674,DISO,"adductor mandibulae disrupted regulation of myofibril size, abnormal",1
2495,HP:0009623,DISO,Proximal placement of thumb,1
2496,ZP:0137423,DISO,"blastoderm increased amount, abnormal",1
2497,MP:0020420,DISO,abnormal freezing behavior,1
2498,MP:0020384,DISO,absent kidney epithelial cell primary cilium,1
2499,WBPhenotype:0001206,DISO,movement variant,1
2500,WBPhenotype:0000294,DISO,intestine dark,1
2501,HP:0002090,DISO,Pneumonia,1
2502,EFO:0007927,GENO,schizophrenia symptom severity measurement,4
2503,Xenbase:XB-GENE-966120,ORTH,bag2,5
2504,UBERON:0000465,ANAT,material anatomical entity,0
2505,HGNC:3293,GENE,EIF4E2,3
2506,dictyBase:DDB_G0271264,GENO,DDB0202821,4
2507,ZP:0011940,DISO,"endoplasmic reticulum retinal ganglion cell morphology, abnormal",1
2508,ZP:0000095,DISO,"whole organism lethal (sensu genetics), abnormal",1
2509,dictyBase:DDB_G0284889,GENO,DDB0186240,4
2510,ENSEMBL:ENSCAFG00000013510,ORTH,ENSEMBL:ENSCAFG00000013510,5
2511,FBcv:0002024,DISO,some die during third instar larval stage,1
2512,HP:0002094,DISO,Dyspnea,1
2513,MGI:1329037,ORTH,Strap,5
2514,5209,DRUG,icotinib,2
2515,ENSEMBL:ENSOANG00000006591,ORTH,ENSEMBL:ENSOANG00000006591,5
2516,ENSEMBL:ENSBTAG00000024015,ORTH,PTPRM,5
2517,RGD:1310906,ORTH,Tardbp,5
2518,ENSEMBL:ENSGALG00000010177,ORTH,ENSEMBL:ENSGALG00000010177,5
2519,ZFIN:ZDB-GENE-110914-185,ORTH,il17ra1b,5
2520,ENSEMBL:ENSFCAG00000002758,ORTH,ENSEMBL:ENSFCAG00000002758,5
2521,HP:0001627,DISO,Abnormal heart morphology,1
2522,ENSEMBL:ENSACAG00000014297,ORTH,ENSEMBL:ENSACAG00000014297,5
2523,dictyBase:DDB_G0270688,GENO,mpl2,4
2524,ZP:0006749,DISO,"brain vasculature decreased functionality, abnormal",1
2525,ZP:0003945,DISO,"photoreceptor outer segment photoreceptor cell decreased amount, abnormal",1
2526,MP:0003570,DISO,increased uterus leiomyoma incidence,1
2527,ENSEMBL:ENSECAG00000007671,ORTH,ENSEMBL:ENSECAG00000007671,5
2528,dictyBase:DDB_G0281229,GENO,DDB0220676,4
2529,ZFIN:ZDB-GENE-040924-8,ORTH,npy2r,5
2530,MGI:2670626,ORTH,Tg(HD82Gln)81Gschi,5
2531,ZP:0008039,DISO,"Z disc cardiac muscle cell increased width, abnormal",1
2532,ZP:0010293,DISO,"post-vent region neoplastic, abnormal",1
2533,ZP:0019157,DISO,"eye photoreceptor cell decreased distribution, abnormal",1
2534,5220,DRUG,naldemedine,2
2535,5231,DRUG,midostaurin,2
2536,ENSEMBL:ENSACAG00000000745,ORTH,ENSEMBL:ENSACAG00000000745,5
2537,ENSEMBL:ENSGALG00000043908,ORTH,ENSEMBL:ENSGALG00000043908,5
2538,5233,DRUG,brigatinib,2
2539,MP:0009888,DISO,palatal shelves fail to meet at midline,1
2540,ENSEMBL:ENSSSCG00000003113,ORTH,ENSEMBL:ENSSSCG00000003113,5
2541,HP:0100678,DISO,Premature skin wrinkling,1
2542,WormBase:WBGene00014218,ORTH,ZK1098.1,5
2543,ENSEMBL:ENSECAG00000005572,ORTH,ENSEMBL:ENSECAG00000005572,5
2544,ZP:0000387,DISO,"mid diencephalic organizer cellular quality, abnormal",1
2545,5252,DRUG,neratinib,2
2546,ENSEMBL:ENSCAFG00000001435,ORTH,UBQLN1,5
2547,ZFIN:ZDB-GENE-040426-837,ORTH,ptdss1a,5
2548,MP:0004905,DISO,decreased uterus weight,1
2549,ZP:0004811,DISO,"ethmoid cartilage decreased width, abnormal",1
2550,MP:0006386,DISO,absent somites,1
2551,MGI:2442013,ORTH,C5ar2,5
2552,MP:0030457,DISO,abnormal molar cusp morphology,1
2553,5256,DRUG,copanlisib,2
2554,MONARCH:APO_0000079APO_0000117,GENO,vacuolar transport:normal,4
2555,dictyBase:DDB_G0283795,GENO,commd3,4
2556,ENSEMBL:ENSBTAG00000008480,ORTH,CTBP1,5
2557,dictyBase:DDB_G0285449,GENO,DDB0186499,4
2558,ENSEMBL:ENSMMUG00000009277,ORTH,ENSEMBL:ENSMMUG00000009277,5
2559,ENSEMBL:ENSPTRG00000003460,ORTH,ENSEMBL:ENSPTRG00000003460,5
2560,HP:0002317,DISO,Unsteady gait,1
2561,ZP:0006326,DISO,"spinal cord decreased width, abnormal",1
2562,ENSEMBL:ENSMMUG00000001916,ORTH,ENSEMBL:ENSMMUG00000001916,5
2563,ZFIN:ZDB-GENE-130819-1,ORTH,lamtor1,5
2564,ENSEMBL:ENSPTRG00000014877,ORTH,ENSEMBL:ENSPTRG00000014877,5
2565,ENSEMBL:ENSOANG00000045205,ORTH,ENSEMBL:ENSOANG00000045205,5
2566,MP:0004573,DISO,absent limb buds,1
2567,RGD:1587326,ORTH,Polr2a,5
2568,RGD:1594532,ORTH,Psmd14,5
2569,MP:0004622,DISO,sacral vertebral fusion,1
2570,5297,DRUG,dacomitinib,2
2571,ENSEMBL:ENSSSCG00000033876,ORTH,RAB35,5
2572,MP:0009758,DISO,impaired behavioral response to cocaine,1
2573,ZFIN:ZDB-GENE-040718-150,ORTH,ufd1l,5
2574,ENSEMBL:ENSSSCG00000017067,ORTH,CNOT8,5
2575,MP:0011096,DISO,"embryonic lethality between implantation and somite formation, complete penetrance",1
2576,ENSEMBL:ENSFCAG00000005047,ORTH,ENSEMBL:ENSFCAG00000005047,5
2577,PomBase:SPBC15D4.01c,GENO,klp9,4
2578,ENSEMBL:ENSMMUG00000004802,ORTH,ENSEMBL:ENSMMUG00000004802,5
2579,HP:0011121,DISO,Abnormality of skin morphology,1
2580,MP:0008119,DISO,decreased Langerhans cell number,1
2581,MP:0011888,DISO,abnormal circulating total protein level,1
2582,FlyBase:FBgn0030674,ORTH,HUWE1,5
2583,ENSEMBL:ENSSSCG00000038082,ORTH,ENSEMBL:ENSSSCG00000038082,5
2584,MP:0020526,DISO,enlarged thalamus,1
2585,ZFIN:ZDB-GENE-061013-433,ORTH,pnkp,5
2586,ZP:0001039,DISO,"cartilage development disrupted, abnormal",1
2587,MP:0008701,DISO,abnormal interleukin-5 secretion,1
2588,ENSEMBL:ENSOANG00000005110,ORTH,ENSEMBL:ENSOANG00000005110,5
2589,5347,DRUG,fedratinib,2
2590,WBPhenotype:0000934,DISO,developmental morphology variant,1
2591,MP:0003701,DISO,elevated level of mitotic sister chromatid exchange,1
2592,ENSEMBL:ENSBTAG00000034170,ORTH,LOC101902172,5
2593,ENSEMBL:ENSACAG00000017921,ORTH,ENSEMBL:ENSACAG00000017921,5
2594,ZFIN:ZDB-GENE-040426-1690,ORTH,rheb,5
2595,HP:0001895,DISO,Normochromic anemia,1
2596,WormBase:WBGene00018991,ORTH,F56F11.4,5
2597,5359,DRUG,brilliant Blue G,2
2598,MP:0002135,DISO,abnormal kidney morphology,1
2599,ZP:0011675,DISO,"muscle cell adductor mandibulae decreased size, abnormal",1
2600,ENSEMBL:ENSCAFG00000013038,ORTH,ENSEMBL:ENSCAFG00000013038,5
2601,WormBase:WBGene00014004,ORTH,fic-1,5
2602,FlyBase:FBgn0011760,ORTH,ctp,5
2603,ENSEMBL:ENSPTRG00000003063,ORTH,ENSEMBL:ENSPTRG00000003063,5
2604,ENSEMBL:ENSECAG00000016155,ORTH,ENSEMBL:ENSECAG00000016155,5
2605,MGI:5298849,ORTH,Htt<tm1Hay>/Htt<tm1Hay>; Tg(YAC46)668Hay [involves: FVB/N],5
2606,ENSEMBL:ENSSSCG00000015358,ORTH,CRPPA,5
2607,5382,DRUG,bempedoic acid,2
2608,MP:0005380,DISO,embryo phenotype,1
2609,SGD:S000002876,ORTH,TLG1,5
2610,HP:0011805,DISO,Abnormal skeletal muscle morphology,1
2611,5388,DRUG,selumetinib,2
2612,MP:0011091,DISO,"prenatal lethality, complete penetrance",1
2613,SGD:S000000373,ORTH,SSE2,5
2614,MP:0030263,DISO,cranial bossing,1
2615,HP:0006274,DISO,Reduced pancreatic beta cells,1
2616,ZP:0000568,DISO,"axis decreased length, abnormal",1
2617,5389,DRUG,tucatinib,2
2618,MP:0020103,DISO,decreased hepatic glucose production,1
2619,ENSEMBL:ENSMMUG00000008697,ORTH,ENSEMBL:ENSMMUG00000008697,5
2620,MP:0030620,DISO,valinuria,1
2621,ZFIN:ZDB-GENE-030131-5695,ORTH,trim33l,5
2622,MP:0009686,DISO,abnormal spinal cord medial motor column morphology,1
2623,ZP:0104784,DISO,"thigmotaxis delayed, abnormal",1
2624,ENSEMBL:ENSPTRG00000018882,ORTH,ENSEMBL:ENSPTRG00000018882,5
2625,5406,DRUG,oliceridine,2
2626,ZP:0002310,DISO,"whole organism circling, abnormal",1
2627,ENSEMBL:ENSFCAG00000031140,ORTH,ENSEMBL:ENSFCAG00000031140,5
2628,MP:0001731,DISO,abnormal postnatal growth,1
2629,ENSEMBL:ENSOANG00000008945,ORTH,ENSEMBL:ENSOANG00000008945,5
2630,MP:0010601,DISO,thick pulmonary valve,1
2631,dictyBase:DDB_G0288937,GENO,arpA,4
2632,ZP:0000547,DISO,"definitive hemopoiesis disrupted, abnormal",1
2633,RGD:1332598,ORTH,Olr227,5
2634,ENSEMBL:ENSBTAG00000007684,ORTH,MSH3,5
2635,MGI:5432176,ORTH,Gt(ROSA)26Sor<tm48(HTT)Arte>/Gt(ROSA)26Sor<+> [Not Specified],5
2636,WBPhenotype:0002013,DISO,univalent meiotic chromosomes,1
2637,MP:0005616,DISO,decreased susceptibility to type IV hypersensitivity reaction,1
2638,FlyBase:FBgn0004784,ORTH,inaC,5
2639,ZP:0001499,DISO,"myotome refractivity, abnormal",1
2640,SGD:S000001847,ORTH,RGD2,5
2641,HP:0001093,DISO,Optic nerve dysplasia,1
2642,ENSEMBL:ENSOANG00000048360,ORTH,ENSEMBL:ENSOANG00000048360,5
2643,ZP:0000383,DISO,"intestinal bulb epithelium increased thickness, abnormal",1
2644,5442,DRUG,trilaciclib,2
2645,MONARCH:APO_0000057APO_0000002,GENO,nuclear morphology:abnormal,4
2646,WBPhenotype:0001078,DISO,cytokinesis defective early emb,1
2647,HP:0003549,DISO,Abnormality of connective tissue,1
2648,ENSEMBL:ENSBTAG00000051238,ORTH,SNX21,5
2649,ZP:0002184,DISO,"midbrain development disrupted, abnormal",1
2650,ZFIN:ZDB-GENE-021030-4,ORTH,cad,5
2651,ZP:0000538,DISO,"cardiac muscle cell atrial myocardium increased amount, abnormal",1
2652,MP:0012570,DISO,increased mammary gland tumor incidence in breeding females,1
2653,dictyBase:DDB_G0278271,GENO,DDB0205337,4
2654,WormBase:WBGene00004101,ORTH,hgrs-1,5
2655,ENSEMBL:ENSSSCG00000038993,ORTH,ENSEMBL:ENSSSCG00000038993,5
2656,RGD:2796,ORTH,Hk1,5
2657,ENSEMBL:ENSBTAG00000011876,ORTH,MORC3,5
2658,ENSEMBL:ENSMMUG00000022601,ORTH,ENSEMBL:ENSMMUG00000022601,5
2659,ZP:0003348,DISO,"caudal vein plexus morphology, abnormal",1
2660,5460,DRUG,samidorphan,2
2661,HGNC:9154,GENE,PNKP,3
2662,FlyBase:FBgn0032877,ORTH,CG2617,5
2663,ENSEMBL:ENSGALG00000002818,ORTH,VAT1,5
2664,MGI:1333850,ORTH,Mbd4,5
2665,ENSEMBL:ENSMMUG00000016670,ORTH,ENSEMBL:ENSMMUG00000016670,5
2666,EFO:0004703,GENO,age at menarche,4
2667,HP:0031808,DISO,Decreased basophil count,1
2668,ZP:0002456,DISO,"whole organism decreased weight, abnormal",1
2669,HGNC:2514,GENE,CTNNB1,3
2670,ENSEMBL:ENSPTRG00000041525,ORTH,ENSEMBL:ENSPTRG00000041525,5
2671,ZP:0013869,DISO,"sarcomere slow muscle cell morphology, abnormal",1
2672,MP:0011186,DISO,abnormal visceral endoderm morphology,1
2673,HP:0001302,DISO,Pachygyria,1
2674,ENSEMBL:ENSCAFG00000012741,ORTH,ENSEMBL:ENSCAFG00000012741,5
2675,Xenbase:XB-GENE-974195,ORTH,commd4,5
2676,Coriell:GM03869,GENO,NIGMS-GM03869,4
2677,FBcv:0000367,DISO,female semi-sterile,1
2678,MP:0009455,DISO,enhanced cued conditioning behavior,1
2679,EnsemblGenome:AT3G53930,ORTH,EnsemblGenome:AT3G53930,5
2680,PomBase:SPCC1739.12,GENO,ppe1,4
2681,MP:0009971,DISO,decreased hippocampus pyramidal cell number,1
2682,ENSEMBL:ENSSSCG00000035914,ORTH,PSMB2,5
2683,MP:0001901,DISO,absence of NMDA-mediated synaptic currents,1
2684,WormBase:WBGene00004822,ORTH,skr-16,5
2685,HGNC:29163,GENE,NINL,3
2686,ENSEMBL:ENSMODG00000047420,ORTH,ENSEMBL:ENSMODG00000047420,5
2687,ZFIN:ZDB-GENE-040718-329,ORTH,psma6b,5
2688,ENSEMBL:ENSPTRG00000020680,ORTH,ENSEMBL:ENSPTRG00000020680,5
2689,MGI:2385206,ORTH,Pabpc4,5
2690,MONARCH:APO_0000125APO_0000003,GENO,utilization of phosphorus source:decreased,4
2691,WormBase:WBGene00011735,ORTH,hip-1,5
2692,ENSEMBL:ENSCAFG00000016067,ORTH,WIPI2,5
2693,ENSEMBL:ENSSSCG00000000614,ORTH,GRIN2B,5
2694,ZP:0019072,DISO,"pancreas decreased amount, abnormal",1
2695,ENSEMBL:ENSSSCG00000006983,ORTH,ENSEMBL:ENSSSCG00000006983,5
2696,ZFIN:ZDB-GENE-041014-271,ORTH,dusp10,5
2697,MP:0006237,DISO,abnormal choroid vasculature morphology,1
2698,RGD:1305288,ORTH,Haus4,5
2699,MP:0012106,DISO,impaired exercise endurance,1
2700,MP:0005655,DISO,increased aggression,1
2701,FlyBase:FBgn0037084,ORTH,Syx6,5
2702,ZP:0019800,DISO,"posterior lateral plate mesoderm increased amount, abnormal",1
2703,HP:0011968,DISO,Feeding difficulties,1
2704,HP:0000833,DISO,obsolete Glucose intolerance,1
2705,ENSEMBL:ENSOANG00000013424,ORTH,ENSEMBL:ENSOANG00000013424,5
2706,ZP:0012599,DISO,"behavior process quality, abnormal",1
2707,ENSEMBL:ENSECAG00000022106,ORTH,ENSEMBL:ENSECAG00000022106,5
2708,WBPhenotype:0001226,DISO,commissure variant,1
2709,WormBase:WBGene00004202,ORTH,pry-1,5
2710,WBPhenotype:0002501,DISO,ectopic cleavage furrow early emb,1
2711,ENSEMBL:ENSSSCG00000015892,ORTH,ENSEMBL:ENSSSCG00000015892,5
2712,MP:0000961,DISO,abnormal dorsal root ganglion morphology,1
2713,FlyBase:FBgn0031975,ORTH,Tg,5
2714,ZFIN:ZDB-GENE-050419-202,ORTH,pias1b,5
2715,FBcv:0000375,DISO,semi-fertile,1
2716,ZFIN:ZDB-GENE-041121-1,ORTH,grb2a,5
2717,ENSEMBL:ENSMODG00000011382,ORTH,ENSEMBL:ENSMODG00000011382,5
2718,ENSEMBL:ENSECAG00000022370,ORTH,ENSEMBL:ENSECAG00000022370,5
2719,MP:0008432,DISO,abnormal long term spatial reference memory,1
2720,ENSEMBL:ENSFCAG00000003103,ORTH,ENSEMBL:ENSFCAG00000003103,5
2721,MP:0010157,DISO,abnormal small intestinal crypt cell proliferation,1
2722,ZP:0018599,DISO,"hindbrain decreased amount, abnormal",1
2723,RGD:1566089,ORTH,LOC303448,5
2724,MP:0009173,DISO,absent pancreatic islets,1
2725,MP:0004398,DISO,cochlear inner hair cell degeneration,1
2726,HP:0004510,DISO,Pancreatic islet-cell hyperplasia,1
2727,MP:0005010,DISO,"abnormal CD8-positive, alpha beta T cell morphology",1
2728,ENSEMBL:ENSECAG00000017197,ORTH,ENSEMBL:ENSECAG00000017197,5
2729,HP:0003199,DISO,Decreased muscle mass,1
2730,MP:0008743,DISO,decreased liver iron level,1
2731,ENSEMBL:ENSACAG00000014691,ORTH,ENSEMBL:ENSACAG00000014691,5
2732,ENSEMBL:ENSECAG00000019014,ORTH,ENSEMBL:ENSECAG00000019014,5
2733,ZP:0000470,DISO,"post-vent region decreased size, abnormal",1
2734,MP:0008825,DISO,abnormal cardiac epithelial to mesenchymal transition,1
2735,ENSEMBL:ENSMMUG00000044809,ORTH,ENSEMBL:ENSMMUG00000044809,5
2736,ENSEMBL:ENSFCAG00000033193,ORTH,ENSEMBL:ENSFCAG00000033193,5
2737,MP:0000776,DISO,abnormal inferior colliculus morphology,1
2738,RGD:1562593,ORTH,RT1-M4,5
2739,dictyBase:DDB_G0280017,GENO,DDB0218210,4
2740,MONARCH:APO_0000149APO_0000003,GENO,protein/peptide accumulation:decreased,4
2741,ENSEMBL:ENSFCAG00000022331,ORTH,ENSEMBL:ENSFCAG00000022331,5
2742,ENSEMBL:ENSGALG00000030280,ORTH,PABPC1,5
2743,MP:0004560,DISO,abnormal chorionic plate morphology,1
2744,ENSEMBL:ENSBTAG00000005607,ORTH,ENSEMBL:ENSBTAG00000005607,5
2745,ENSEMBL:ENSECAG00000014560,ORTH,ENSEMBL:ENSECAG00000014560,5
2746,MGI:3782011,ORTH,Gm3839,5
2747,ZP:0004040,DISO,"hindbrain distended, abnormal",1
2748,ZFIN:ZDB-GENE-030131-9511,ORTH,dcaf7,5
2749,HP:0100285,DISO,EMG: impaired neuromuscular transmission,1
2750,RGD:1359648,ORTH,Skp1,5
2751,Xenbase:XB-GENE-979184,ORTH,ikbkg,5
2752,MP:0002051,DISO,increased skin papilloma incidence,1
2753,ENSEMBL:ENSSSCG00000021408,ORTH,TKT,5
2754,ENSEMBL:ENSBTAG00000007390,ORTH,VAT1,5
2755,WormBase:WBGene00000161,ORTH,apa-2,5
2756,WormBase:WBGene00015471,ORTH,lmp-2,5
2757,WBPhenotype:0001743,DISO,mitosis variant,1
2758,ZP:0000335,DISO,"blood circulation disrupted, abnormal",1
2759,MP:0002059,DISO,abnormal seminal vesicle morphology,1
2760,HP:0003438,DISO,Absent Achilles reflex,1
2761,ZP:0021360,DISO,"whole organism decreased occurrence TOR signaling, abnormal",1
2762,ENSEMBL:ENSCAFG00000023693,ORTH,ENSEMBL:ENSCAFG00000023693,5
2763,ZP:0020597,DISO,"hindbrain mislocalised, abnormal",1
2764,ENSEMBL:ENSSSCG00000013602,ORTH,HNRNPM,5
2765,ZP:0001965,DISO,"mandibular arch skeleton decreased size, abnormal",1
2766,MP:0000527,DISO,abnormal kidney development,1
2767,MP:0011101,DISO,"prenatal lethality, incomplete penetrance",1
2768,MP:0008700,DISO,decreased interleukin-4 secretion,1
2769,MP:0001410,DISO,head bobbing,1
2770,EnsemblGenome:BAA15726,ORTH,EnsemblGenome:BAA15726,5
2771,MONARCH:APO_0000127APO_0000003,GENO,nuclear export:decreased,4
2772,MP:0008340,DISO,increased corticotroph cell number,1
2773,ENSEMBL:ENSACAG00000007647,ORTH,ENSEMBL:ENSACAG00000007647,5
2774,ENSEMBL:ENSECAG00000013955,ORTH,ENSEMBL:ENSECAG00000013955,5
2775,ENSEMBL:ENSGALG00000020386,ORTH,ENSEMBL:ENSGALG00000020386,5
2776,MP:0000488,DISO,abnormal intestinal epithelium morphology,1
2777,PomBase:SPBC17D11.08,GENO,dca7,4
2778,ENSEMBL:ENSACAG00000016158,ORTH,ENSEMBL:ENSACAG00000016158,5
2779,ENSEMBL:ENSFCAG00000005451,ORTH,ENSEMBL:ENSFCAG00000005451,5
2780,ENSEMBL:ENSPTRG00000046723,ORTH,ENSEMBL:ENSPTRG00000046723,5
2781,MP:0001899,DISO,absent long term depression,1
2782,RGD:1589743,ORTH,Ulk1,5
2783,ENSEMBL:ENSRNOG00000029082,ORTH,M0R5T8,5
2784,MP:0010276,DISO,increased intraocular melanoma incidence,1
2785,HP:0003648,DISO,Lacticaciduria,1
2786,MGI:97550,ORTH,Pfn2,5
2787,HP:0002910,DISO,Elevated hepatic transaminase,1
2788,MONARCH:APO_0000074APO_0000004,GENO,autophagy:increased,4
2789,ZP:0016446,DISO,"response to oxidative stress process quality, abnormal",1
2790,MP:0003143,DISO,enlarged otoliths,1
2791,ZP:0009007,DISO,"retinal outer nuclear layer increased occurrence cell population proliferation, abnormal",1
2792,dbSNP:rs76778080,GENO,rs76778080-T,4
2793,MONARCH:APO_0000078APO_0000003,GENO,protein secretion:decreased,4
2794,ZP:0006869,DISO,"spindle ciliary marginal zone structure, abnormal",1
2795,ENSEMBL:ENSFCAG00000009451,ORTH,ENSEMBL:ENSFCAG00000009451,5
2796,PomBase:SPCC16A11.12c,GENO,ubp1,4
2797,ENSEMBL:ENSGALG00000005707,ORTH,ENSEMBL:ENSGALG00000005707,5
2798,RGD:1589575,ORTH,Nrbp1,5
2799,MGI:1914117,ORTH,Hmg20a,5
2800,WBPhenotype:0001882,DISO,aneuploidy,1
2801,SGD:S000003484,ORTH,GCN5,5
2802,MP:0001693,DISO,failure of primitive streak formation,1
2803,MP:0010289,DISO,increased urinary system tumor incidence,1
2804,HGNC:5237,GENE,HSPA4,3
2805,ENSEMBL:ENSPTRG00000005014,ORTH,ENSEMBL:ENSPTRG00000005014,5
2806,ENSEMBL:ENSPTRG00000009768,ORTH,ENSEMBL:ENSPTRG00000009768,5
2807,HP:0003234,DISO,Decreased plasma carnitine,1
2808,ENSEMBL:ENSSSCG00000017018,ORTH,TENM2,5
2809,HP:0002616,DISO,Aortic root aneurysm,1
2810,ENSEMBL:ENSACAG00000026695,ORTH,ENSEMBL:ENSACAG00000026695,5
2811,ENSEMBL:ENSPTRG00000008703,ORTH,ENSEMBL:ENSPTRG00000008703,5
2812,WBPhenotype:0000006,DISO,egg laying defective,1
2813,RGD:2511,ORTH,Dync1h1,5
2814,MGI:1923235,ORTH,Rab30,5
2815,ENSEMBL:ENSMMUG00000010509,ORTH,ENSEMBL:ENSMMUG00000010509,5
2816,ENSEMBL:ENSOANG00000004900,ORTH,ENSEMBL:ENSOANG00000004900,5
2817,ZP:0004045,DISO,"head immature, abnormal",1
2818,MGI:4881532,ORTH,Tg(YAC18)18Hay [involves: FVB/N],5
2819,MP:0003827,DISO,abnormal Wolffian duct morphology,1
2820,HGNC:12036,GENE,TRAF6,3
2821,MP:0011925,DISO,abnormal heart echocardiography feature,1
2822,HGNC:3213,GENE,EEF1G,3
2823,MP:0008563,DISO,decreased interferon-alpha secretion,1
2824,SGD:S000004897,ORTH,YKU70,5
2825,HP:0000957,DISO,Cafe-au-lait spot,1
2826,Xenbase:XB-GENE-5777932,ORTH,dhx30,5
2827,ENSEMBL:ENSSSCG00000023357,ORTH,REST,5
2828,WBPhenotype:0000309,DISO,SDS sensitive dauer,1
2829,FBcv:0000377,DISO,female fertile,1
2830,MP:0008235,DISO,increased susceptibility to neuronal excitotoxicity,1
2831,ENSEMBL:ENSSSCG00000012825,ORTH,ENSEMBL:ENSSSCG00000012825,5
2832,MP:0009454,DISO,impaired contextual conditioning behavior,1
2833,dbSNP:rs1263309,GENO,rs1263309-T,4
2834,MP:0008574,DISO,decreased circulating interferon-alpha level,1
2835,WBPhenotype:0001517,DISO,annulae morphology variant,1
2836,ENSEMBL:ENSGALG00000005071,ORTH,ENSEMBL:ENSGALG00000005071,5
2837,ENSEMBL:ENSXETG00000009089,ORTH,etnppl,5
2838,HP:0001634,DISO,Mitral valve prolapse,1
2839,PomBase:SPBC409.05,GENO,skp1,4
2840,Xenbase:XB-GENE-494718,ORTH,ppargc1a,5
2841,FBcv:0002003,DISO,lethal - all die before end of second instar larval stage,1
2842,ZP:0137432,DISO,"optic cup unfused from optic cup, abnormal",1
2843,dictyBase:DDB_G0290789,GENO,rabN1,4
2844,ZFIN:ZDB-GENE-031113-1,ORTH,aclya,5
2845,HP:0001385,DISO,Hip dysplasia,1
2846,HP:0011123,DISO,Inflammatory abnormality of the skin,1
2847,MP:0002753,DISO,dilated heart left ventricle,1
2848,MP:0012136,DISO,absent forebrain,1
2849,ZFIN:ZDB-GENE-040121-4,ORTH,sh3gl3b,5
2850,SGD:S000002633,ORTH,HTA1,5
2851,ENSEMBL:ENSACAG00000010678,ORTH,ENSEMBL:ENSACAG00000010678,5
2852,MP:0000151,DISO,absent ribs,1
2853,ZP:0007182,DISO,"nucleate erythrocyte accumulation heart, abnormal",1
2854,WBPhenotype:0001675,DISO,male gonad development variant,1
2855,RGD:1308778,ORTH,Upf3a,5
2856,MGI:99517,ORTH,Hspa1b,5
2857,ZFIN:ZDB-GENE-040808-68,ORTH,acat1,5
2858,MP:0003990,DISO,decreased neurotransmitter release,1
2859,ZP:0010821,DISO,"yolk syncytial layer edematous, abnormal",1
2860,MP:0005046,DISO,absent spleen white pulp,1
2861,RGD:1587522,ORTH,Magea4,5
2862,HP:0010886,DISO,Osteochondritis Dissecans,1
2863,SGD:S000004890,ORTH,FCP1,5
2864,PomBase:SPBC31E1.04,GENO,pep12,4
2865,ENSEMBL:ENSECAG00000009909,ORTH,ENSEMBL:ENSECAG00000009909,5
2866,ENSEMBL:ENSCAFG00000018524,ORTH,HNRNPM,5
2867,FlyBase:FBgn0030386,ORTH,CG2574,5
2868,HP:0001395,DISO,Hepatic fibrosis,1
2869,MGI:1201674,ORTH,Smad3,5
2870,ENSEMBL:ENSMMUG00000021276,ORTH,ENSEMBL:ENSMMUG00000021276,5
2871,MP:0005375,DISO,adipose tissue phenotype,1
2872,SGD:S000003733,ORTH,UBP12,5
2873,GO:0005794,PHYS,Golgi apparatus,6
2874,MP:0000973,DISO,abnormal cutaneous/subcutaneous mechanoreceptor morphology,1
2875,ENSEMBL:ENSCAFG00000000338,ORTH,ENSEMBL:ENSCAFG00000000338,5
2876,ENSEMBL:ENSMMUG00000009970,ORTH,ENSEMBL:ENSMMUG00000009970,5
2877,FlyBase:FBgn0000711,ORTH,flw,5
2878,ENSEMBL:ENSBTAG00000018153,ORTH,ENSEMBL:ENSBTAG00000018153,5
2879,HP:0032388,DISO,Periventricular nodular heterotopia,1
2880,RGD:2640,ORTH,Mid1,5
2881,MP:0002264,DISO,abnormal bronchus morphology,1
2882,ENSEMBL:ENSSSCG00000002822,ORTH,AMFR,5
2883,MGI:1342292,ORTH,Hspa4,5
2884,Coriell:GM04868,GENO,NIGMS-GM04868,4
2885,MP:0001830,DISO,decreased activated T cell number,1
2886,ZFIN:ZDB-GENE-000526-1,ORTH,hey2,5
2887,Xenbase:XB-GENE-945004,ORTH,pfn2,5
2888,ZP:0009559,DISO,"neuroblast decreased amount, abnormal",1
2889,MGI:5565690,ORTH,Tg(UBC-GFP/HTT*84Q)22Shya,5
2890,MGI:2387629,ORTH,Tardbp,5
2891,ENSEMBL:ENSFCAG00000006639,ORTH,ENSEMBL:ENSFCAG00000006639,5
2892,ENSEMBL:ENSMODG00000044679,ORTH,ENSEMBL:ENSMODG00000044679,5
2893,ENSEMBL:ENSSSCG00000035264,ORTH,UBQLN2,5
2894,Coriell:GM14044,GENO,NIGMS-GM14044,4
2895,ENSEMBL:ENSACAG00000004866,ORTH,ENSEMBL:ENSACAG00000004866,5
2896,ENSEMBL:ENSPTRG00000009472,ORTH,ENSEMBL:ENSPTRG00000009472,5
2897,ENSEMBL:ENSBTAG00000046270,ORTH,A0A3Q1M0D5,5
2898,WormBase:WBGene00000248,ORTH,ben-1,5
2899,ENSEMBL:ENSFCAG00000030845,ORTH,ENSEMBL:ENSFCAG00000030845,5
2900,ENSEMBL:ENSBTAG00000005207,ORTH,ENSEMBL:ENSBTAG00000005207,5
2901,MP:0004156,DISO,abnormal QT variability,1
2902,GO:0007030,PHYS,Golgi organization,6
2903,ENSEMBL:ENSMMUG00000002332,ORTH,ENSEMBL:ENSMMUG00000002332,5
2904,ENSEMBL:ENSACAG00000012044,ORTH,ENSEMBL:ENSACAG00000012044,5
2905,RGD:1585874,ORTH,Mbd4,5
2906,dictyBase:DDB_G0272829,GENO,DDB_G0272829,4
2907,MP:0012431,DISO,increased lymphoma incidence,1
2908,ENSEMBL:ENSCAFG00000017679,ORTH,ENSEMBL:ENSCAFG00000017679,5
2909,ZP:0007674,DISO,"swimming process quality, abnormal",1
2910,ENSEMBL:ENSPTRG00000009578,ORTH,ENSEMBL:ENSPTRG00000009578,5
2911,PomBase:SPAC3C7.12,GENO,tip1,4
2912,HP:0006266,DISO,Small placenta,1
2913,SGD:S000005750,ORTH,RPB8,5
2914,ENSEMBL:ENSMMUG00000006799,ORTH,ENSEMBL:ENSMMUG00000006799,5
2915,ZP:0000398,DISO,"whole organism necrotic, abnormal",1
2916,dbSNP:rs11197481,GENO,rs11197481-G,4
2917,ENSEMBL:ENSGALG00000033212,ORTH,HSP90AA1,5
2918,MONARCH:APO_0000095APO_0000005,GENO,chemical compound accumulation:absent,4
2919,RGD:628631,ORTH,Mrfap1,5
2920,ZP:0009075,DISO,"whole organism decreased fertility, abnormal",1
2921,WBPhenotype:0000050,DISO,embryonic lethal,1
2922,ENSEMBL:ENSMMUG00000020716,ORTH,ENSEMBL:ENSMMUG00000020716,5
2923,MP:0001921,DISO,reduced fertility,1
2924,HP:0001249,DISO,Intellectual disability,1
2925,WormBase:WBGene00006769,ORTH,unc-33,5
2926,ZP:0101896,DISO,"neuron projection facial nerve motor nucleus increased length, abnormal",1
2927,ENSEMBL:ENSSSCG00000002846,ORTH,ENSEMBL:ENSSSCG00000002846,5
2928,ENSEMBL:ENSACAG00000014791,ORTH,ENSEMBL:ENSACAG00000014791,5
2929,MP:0003244,DISO,loss of dopaminergic neurons,1
2930,dictyBase:DDB_G0290307,GENO,DDB0188830,4
2931,ZP:0001435,DISO,"neural tube formation disrupted, abnormal",1
2932,PomBase:SPCC31H12.05c,GENO,sds21,4
2933,ENSEMBL:ENSPTRG00000008085,ORTH,ENSEMBL:ENSPTRG00000008085,5
2934,EFO:0004509,GENO,hemoglobin measurement,4
2935,MP:0004448,DISO,abnormal presphenoid bone morphology,1
2936,HP:0002212,DISO,Curly hair,1
2937,ENSEMBL:ENSMMUG00000011699,ORTH,ENSEMBL:ENSMMUG00000011699,5
2938,ZFIN:ZDB-GENE-041008-246,ORTH,rnf4,5
2939,ENSEMBL:ENSECAG00000024719,ORTH,ENSEMBL:ENSECAG00000024719,5
2940,ZP:0000350,DISO,"optic vesicle absent, abnormal",1
2941,HP:0010627,DISO,Anterior pituitary hypoplasia,1
2942,ZFIN:ZDB-GENE-140820-1,ORTH,mhc1uma,5
2943,ENSEMBL:ENSMMUG00000018679,ORTH,ENSEMBL:ENSMMUG00000018679,5
2944,MP:0008392,DISO,decreased primordial germ cell number,1
2945,ZP:0010278,DISO,"hepatocellular carcinoma liver present, abnormal",1
2946,MP:0008626,DISO,increased circulating interleukin-5 level,1
2947,dictyBase:DDB_G0269918,GENO,mpl1,4
2948,MP:0005406,DISO,abnormal heart size,1
2949,MONARCH:APO_0000131APO_0000003,GENO,protein/peptide modification:decreased,4
2950,ENSEMBL:ENSECAG00000018485,ORTH,ENSEMBL:ENSECAG00000018485,5
2951,dictyBase:DDB_G0282581,GENO,DDB0204851,4
2952,NCBIGene:450202,GENE,PATR-B,3
2953,ENSEMBL:ENSMMUG00000011769,ORTH,ENSEMBL:ENSMMUG00000011769,5
2954,ENSEMBL:ENSMMUG00000062758,ORTH,ENSEMBL:ENSMMUG00000062758,5
2955,ENSEMBL:ENSBTAG00000049284,ORTH,A0A3Q1MHL2,5
2956,MGI:1923097,ORTH,Crppa,5
2957,WBPhenotype:0001672,DISO,commisure growth variant,1
2958,WBPhenotype:0000052,DISO,maternal effect lethal emb,1
2959,MGI:3698754,ORTH,Htt<tm2.1Pfs>/Htt<+> [involves: 129X1/SvJ * C57BL/6],5
2960,ENSEMBL:ENSGALG00000002107,ORTH,RANBP1,5
2961,ENSEMBL:ENSFCAG00000009998,ORTH,ENSEMBL:ENSFCAG00000009998,5
2962,ENSEMBL:ENSBTAG00000014377,ORTH,CHD3,5
2963,dictyBase:DDB_G0282381,GENO,gefC,4
2964,WBPhenotype:0001183,DISO,fat content reduced,1
2965,FBcv:0002041,DISO,some die during embryonic stage,1
2966,HGNC:30221,GENE,UBAC1,3
2967,ZP:0020221,DISO,"dorsal region whole organism decreased distribution, abnormal",1
2968,ENSEMBL:ENSECAG00000018468,ORTH,ENSEMBL:ENSECAG00000018468,5
2969,ENSEMBL:ENSOANG00000012219,ORTH,ENSEMBL:ENSOANG00000012219,5
2970,HGNC:18381,GENE,SYT12,3
2971,PomBase:SPBC216.07c,GENO,tor2,4
2972,EnsemblGenome:AT5G52640,ORTH,EnsemblGenome:AT5G52640,5
2973,WBPhenotype:0001687,DISO,surface antigenicity variant,1
2974,ZP:0137422,DISO,"swimming decreased linear velocity, abnormal",1
2975,ENSEMBL:ENSOANG00000046617,ORTH,ENSEMBL:ENSOANG00000046617,5
2976,HP:0001635,DISO,Congestive heart failure,1
2977,ENSEMBL:ENSGALG00000049208,ORTH,A0A1D5PV14,5
2978,ENSEMBL:ENSOANG00000010454,ORTH,ENSEMBL:ENSOANG00000010454,5
2979,ENSEMBL:ENSGALG00000006947,ORTH,ENSEMBL:ENSGALG00000006947,5
2980,MP:0002966,DISO,decreased circulating alkaline phosphatase level,1
2981,ZP:0008617,DISO,"retinal ganglion cell retinal ganglion cell layer increased amount, abnormal",1
2982,WBPhenotype:0000073,DISO,tail morphology variant,1
2983,WBPhenotype:0000035,DISO,larval body morphology variant,1
2984,MONARCH:APO_0000266APO_0000246,GENO,cell cycle progression in S phase:increased rate,4
2985,ZP:0002462,DISO,"myofibril slow muscle cell disorganized, abnormal",1
2986,PomBase:SPCC1450.04,GENO,tef5,4
2987,MP:0002651,DISO,abnormal sciatic nerve morphology,1
2988,ENSEMBL:ENSSSCG00000033272,ORTH,DNAJB6,5
2989,ENSEMBL:ENSBTAG00000005127,ORTH,ENSEMBL:ENSBTAG00000005127,5
2990,MP:0000600,DISO,liver hypoplasia,1
2991,ZFIN:ZDB-GENE-060825-289,ORTH,pex11b,5
2992,ENSEMBL:ENSBTAG00000015073,ORTH,CRPPA,5
2993,ENSEMBL:ENSMODG00000003615,ORTH,ENSEMBL:ENSMODG00000003615,5
2994,WormBase:WBGene00018067,ORTH,npr-7,5
2995,WBPhenotype:0000012,DISO,dauer constitutive,1
2996,ENSEMBL:ENSOANG00000007307,ORTH,ENSEMBL:ENSOANG00000007307,5
2997,HP:0004268,DISO,Osteoarthritis of the small joints of the hand,1
2998,MP:0011965,DISO,decreased total retina thickness,1
2999,HGNC:10303,GENE,RPL13,3
3000,MP:0003998,DISO,decreased thermal nociceptive threshold,1
3001,RGD:1310836,ORTH,Ptges2,5
3002,dictyBase:DDB_G0270412,GENO,DDB0191041,4
3003,MP:0001749,DISO,suppressed circulating follicle stimulating hormone level,1
3004,WormBase:WBGene00022717,ORTH,hipr-1,5
3005,ZP:0138134,DISO,"cardiac ventricle increased process quality cardiac muscle cell contraction, abnormal",1
3006,ZP:0019569,DISO,"head increased amount, abnormal",1
3007,ENSEMBL:ENSPTRG00000011756,ORTH,ENSEMBL:ENSPTRG00000011756,5
3008,HP:0004315,DISO,Decreased circulating IgG level,1
3009,ENSEMBL:ENSPTRG00000004085,ORTH,ENSEMBL:ENSPTRG00000004085,5
3010,HGNC:8156,GENE,OPRM1,3
3011,dictyBase:DDB_G0290901,GENO,gefK,4
3012,dictyBase:DDB_G0285221,GENO,med31,4
3013,ZP:0000386,DISO,"mid diencephalic organizer increased thickness, abnormal",1
3014,MP:0008459,DISO,abnormal circulating pancreatic peptide level,1
3015,ENSEMBL:ENSBTAG00000048495,ORTH,ENSEMBL:ENSBTAG00000048495,5
3016,ZP:0018336,DISO,"glossopharyngeal ganglion decreased size, abnormal",1
3017,ENSEMBL:ENSMODG00000025517,ORTH,ENSEMBL:ENSMODG00000025517,5
3018,ZP:0016808,DISO,"heart hypertrophic, abnormal",1
3019,MP:0008503,DISO,abnormal spinal cord grey matter morphology,1
3020,ENSEMBL:ENSFCAG00000005359,ORTH,ENSEMBL:ENSFCAG00000005359,5
3021,ENSEMBL:ENSPTRG00000020852,ORTH,ENSEMBL:ENSPTRG00000020852,5
3022,HP:0010535,DISO,Sleep apnea,1
3023,ENSEMBL:ENSOANG00000037003,ORTH,ENSEMBL:ENSOANG00000037003,5
3024,ENSEMBL:ENSCAFG00000010878,ORTH,TCERG1L,5
3025,ENSEMBL:ENSBTAG00000018969,ORTH,ENSEMBL:ENSBTAG00000018969,5
3026,ENSEMBL:ENSXETG00000034817,ORTH,plekhn1,5
3027,SGD:S000002716,ORTH,SRB7,5
3028,SGD:S000000232,ORTH,YPK3,5
3029,ENSEMBL:ENSMMUG00000010536,ORTH,ENSEMBL:ENSMMUG00000010536,5
3030,RGD:1565519,ORTH,Prmt2,5
3031,EnsemblGenome:AT2G05630,ORTH,EnsemblGenome:AT2G05630,5
3032,FlyBase:FBgn0040233,ORTH,cana,5
3033,EFO:0004312,GENO,vital capacity,4
3034,MP:0011049,DISO,impaired adaptive thermogenesis,1
3035,MP:0004322,DISO,abnormal sternebra morphology,1
3036,RGD:621092,ORTH,Psmb1,5
3037,MP:0004100,DISO,abnormal spinal cord interneuron morphology,1
3038,ENSEMBL:ENSMODG00000016394,ORTH,ENSEMBL:ENSMODG00000016394,5
3039,MP:0014001,DISO,abnormal vertebral artery topology,1
3040,WBPhenotype:0000638,DISO,molt defect,1
3041,HP:0002066,DISO,Gait ataxia,1
3042,HP:0006485,DISO,Agenesis of incisor,1
3043,ZP:0006327,DISO,"caudal fin multiple, abnormal",1
3044,ENSEMBL:ENSMODG00000009461,ORTH,ENSEMBL:ENSMODG00000009461,5
3045,MGI:1924657,ORTH,Rab35,5
3046,ENSEMBL:ENSSSCG00000024070,ORTH,CDK5,5
3047,WormBase:WBGene00006529,ORTH,tba-2,5
3048,ENSEMBL:ENSSSCG00000004114,ORTH,ADGB,5
3049,ZFIN:ZDB-GENE-011210-1,ORTH,casp3a,5
3050,ZP:0003635,DISO,"somite structure, abnormal",1
3051,MP:0010911,DISO,abnormal pulmonary acinus morphology,1
3052,ENSEMBL:ENSCAFG00000007132,ORTH,MIPEP,5
3053,WormBase:WBGene00000519,ORTH,cku-70,5
3054,ENSEMBL:ENSGALG00000017118,ORTH,MIPEP,5
3055,ENSEMBL:ENSOANG00000047320,ORTH,ENSEMBL:ENSOANG00000047320,5
3056,SGD:S000005590,ORTH,YNG1,5
3057,ENSEMBL:ENSFCAG00000009614,ORTH,ENSEMBL:ENSFCAG00000009614,5
3058,FlyBase:FBgn0259227,ORTH,CG42327,5
3059,ENSEMBL:ENSBTAG00000049124,ORTH,ENSEMBL:ENSBTAG00000049124,5
3060,WBPhenotype:0001470,DISO,diacetyl chemotaxis variant,1
3061,HP:0001539,DISO,Omphalocele,1
3062,ZFIN:ZDB-GENE-050417-441,ORTH,ppp2caa,5
3063,ENSEMBL:ENSOANG00000011546,ORTH,ENSEMBL:ENSOANG00000011546,5
3064,ENSEMBL:ENSGALG00000003405,ORTH,ENSEMBL:ENSGALG00000003405,5
3065,HP:0002149,DISO,Hyperuricemia,1
3066,ENSEMBL:ENSPTRG00000004024,ORTH,ENSEMBL:ENSPTRG00000004024,5
3067,HP:0002126,DISO,Polymicrogyria,1
3068,MP:0012129,DISO,failure of blastocyst formation,1
3069,RGD:61306,ORTH,Hspb1,5
3070,MP:0020338,DISO,abnormal hippocampal pyramidal neuron dendrite morphology,1
3071,dictyBase:DDB_G0282261,GENO,ech1,4
3072,WBPhenotype:0001434,DISO,chemotaxis variant,1
3073,MGI:99423,ORTH,Etv4,5
3074,HP:0000706,DISO,Eruption failure,1
3075,MGI:5467291,ORTH,Sirt2<tm1Gdon>/Sirt2<tm1Gdon>; Tg(HDexon1)62Gpb [involves: 129P2/OlaHsd * C57BL/6 * CBA],5
3076,WormBase:WBGene00003925,ORTH,pas-4,5
3077,WormBase:WBGene00006731,ORTH,uev-2,5
3078,HP:0000138,DISO,Ovarian cyst,1
3079,WBPhenotype:0001869,DISO,meiotic spindle positioning defective,1
3080,HP:0011496,DISO,Corneal neovascularization,1
3081,MONARCH:APO_0000074APO_0000117,GENO,autophagy:normal,4
3082,PomBase:SPAC31G5.09c,GENO,spk1,4
3083,HP:0000113,DISO,Polycystic kidney dysplasia,1
3084,WBPhenotype:0001394,DISO,cell acidification defective,1
3085,MP:0002401,DISO,abnormal lymphopoiesis,1
3086,MP:0011523,DISO,thin placenta labyrinth,1
3087,ENSEMBL:ENSECAG00000013563,ORTH,ENSEMBL:ENSECAG00000013563,5
3088,MGI:106478,ORTH,Eif3b,5
3089,ZP:0003637,DISO,"whole organism deformed, abnormal",1
3090,MP:0012284,DISO,increased sternebra number,1
3091,ENSEMBL:ENSACAG00000012380,ORTH,ENSEMBL:ENSACAG00000012380,5
3092,ENSEMBL:ENSBTAG00000047834,ORTH,EFR3A,5
3093,WBPhenotype:0000862,DISO,bloated,1
3094,ENSEMBL:ENSMMUG00000004877,ORTH,ENSEMBL:ENSMMUG00000004877,5
3095,ENSEMBL:ENSFCAG00000027034,ORTH,ENSEMBL:ENSFCAG00000027034,5
3096,RGD:70967,ORTH,Casp6,5
3097,ENSEMBL:ENSMODG00000014043,ORTH,ENSEMBL:ENSMODG00000014043,5
3098,dictyBase:DDB_G0268578,GENO,gefV,4
3099,FlyBase:FBgn0040395,ORTH,Unc-76,5
3100,MP:0001771,DISO,abnormal circulating magnesium level,1
3101,SGD:S000003588,ORTH,TDH1,5
3102,ENSEMBL:ENSOANG00000038412,ORTH,ENSEMBL:ENSOANG00000038412,5
3103,ENSEMBL:ENSOANG00000038796,ORTH,ENSEMBL:ENSOANG00000038796,5
3104,HP:0002340,DISO,Caudate atrophy,1
3105,PomBase:SPAC1B3.07c,GENO,vps28,4
3106,MP:0008215,DISO,decreased immature B cell number,1
3107,ZP:0101816,DISO,"neuromuscular junction ventral root structure, abnormal",1
3108,MP:0006060,DISO,increased cerebral infarct size,1
3109,EFO:0007841,GENO,facial morphology measurement,4
3110,MP:0010308,DISO,decreased tumor latency,1
3111,MGI:87906,ORTH,Actg1,5
3112,HP:0005212,DISO,Anal mucosal leukoplakia,1
3113,ZP:0020239,DISO,"photoreceptor outer segment eye photoreceptor cell structure, abnormal",1
3114,ENSEMBL:ENSACAG00000007345,ORTH,ENSEMBL:ENSACAG00000007345,5
3115,WBPhenotype:0000644,DISO,paralyzed,1
3116,ENSEMBL:ENSCAFG00000032180,ORTH,NME4,5
3117,ENSEMBL:ENSPTRG00000015794,ORTH,ENSEMBL:ENSPTRG00000015794,5
3118,ENSEMBL:ENSCAFG00000013579,ORTH,ENSEMBL:ENSCAFG00000013579,5
3119,FlyBase:FBgn0026582,ORTH,Hmg-2,5
3120,HP:0002900,DISO,Hypokalemia,1
3121,HGNC:9113,GENE,PML,3
3122,FlyBase:FBgn0262743,ORTH,Fs(2)Ket,5
3123,MONARCH:APO_0000026APO_0000003,GENO,bipolar budding pattern:decreased,4
3124,ENSEMBL:ENSECAG00000010874,ORTH,ENSEMBL:ENSECAG00000010874,5
3125,HP:0012177,DISO,Abnormal natural killer cell physiology,1
3126,HGNC:3263,GENE,AGO2,3
3127,ZP:0002183,DISO,"axonogenesis disrupted, abnormal",1
3128,dictyBase:DDB_G0284185,GENO,syn6,4
3129,ZP:0014639,DISO,"hatching process quality, abnormal",1
3130,FlyBase:FBgn0042711,ORTH,Hex-t1,5
3131,WormBase:WBGene00003934,ORTH,pat-10,5
3132,WBPhenotype:0000131,DISO,pheromone induced dauer formation defective,1
3133,ENSEMBL:ENSMMUG00000002247,ORTH,ENSEMBL:ENSMMUG00000002247,5
3134,Coriell:GM04837,GENO,NIGMS-GM04837,4
3135,RGD:1561901,ORTH,MGC114492,5
3136,MP:0003915,DISO,increased left ventricle weight,1
3137,WormBase:WBGene00011945,ORTH,alg-5,5
3138,WormBase:WBGene00006533,ORTH,tba-7,5
3139,SGD:S000001410,ORTH,RPL40A,5
3140,RGD:1307380,ORTH,Actr1b,5
3141,UBERON:0000998,ANAT,seminal vesicle,0
3142,MP:0004567,DISO,decreased myocardial fiber number,1
3143,ZP:0003476,DISO,"heart primordium decreased size, abnormal",1
3144,ENSEMBL:ENSMMUG00000007811,ORTH,ENSEMBL:ENSMMUG00000007811,5
3145,MGI:3711009,ORTH,Tg(YAC353G6)W7Hay [FVB/NJ-Tg(YAC353G6)W7Hay],5
3146,Xenbase:XB-GENE-963687,ORTH,ufd1,5
3147,ENSEMBL:ENSPTRG00000021543,ORTH,ENSEMBL:ENSPTRG00000021543,5
3148,ENSEMBL:ENSMODG00000039717,ORTH,ENSEMBL:ENSMODG00000039717,5
3149,MP:0001935,DISO,decreased litter size,1
3150,ENSEMBL:ENSCAFG00000013361,ORTH,ENSEMBL:ENSCAFG00000013361,5
3151,GO:0005515,PHYS,protein binding,6
3152,WormBase:WBGene00015559,ORTH,npr-17,5
3153,HP:0002808,DISO,Kyphosis,1
3154,HGNC:20194,GENE,POLR1C,3
3155,ENSEMBL:ENSMMUG00000037624,ORTH,ENSEMBL:ENSMMUG00000037624,5
3156,MP:0005635,DISO,decreased circulating bilirubin level,1
3157,dbSNP:rs82334,GENO,rs82334-A,4
3158,WBPhenotype:0001208,DISO,RNAi resistant,1
3159,ZFIN:ZDB-GENE-040426-983,ORTH,atxn3,5
3160,ENSEMBL:ENSOANG00000040570,ORTH,ENSEMBL:ENSOANG00000040570,5
3161,ENSEMBL:ENSMODG00000013290,ORTH,ENSEMBL:ENSMODG00000013290,5
3162,ZP:0008033,DISO,"myofibril skeletal muscle morphology, abnormal",1
3163,ENSEMBL:ENSMMUG00000004935,ORTH,ENSEMBL:ENSMMUG00000004935,5
3164,ENSEMBL:ENSSSCG00000007617,ORTH,ZNF655,5
3165,WBPhenotype:0001595,DISO,somatic transgene silencing variant,1
3166,PomBase:SPBC1734.16c,GENO,pst3,4
3167,MP:0001436,DISO,abnormal suckling behavior,1
3168,MP:0001392,DISO,abnormal locomotor behavior,1
3169,MP:0000811,DISO,hippocampal neuron degeneration,1
3170,ZP:0007593,DISO,"T-tubule fast muscle cell unlumenized, abnormal",1
3171,HGNC:11179,GENE,SOD1,3
3172,MP:0000886,DISO,abnormal cerebellar granule layer morphology,1
3173,MP:0006126,DISO,abnormal cardiac outflow tract development,1
3174,ENSEMBL:ENSPTRG00000020622,ORTH,ENSEMBL:ENSPTRG00000020622,5
3175,ENSEMBL:ENSECAG00000005203,ORTH,ENSEMBL:ENSECAG00000005203,5
3176,ENSEMBL:ENSGALG00000033760,ORTH,ENSEMBL:ENSGALG00000033760,5
3177,dictyBase:DDB_G0268716,GENO,lsm5,4
3178,WormBase:WBGene00007699,ORTH,C24H11.1,5
3179,RGD:70514,ORTH,Cdk5,5
3180,ZFIN:ZDB-GENE-040905-1,ORTH,bsdc1,5
3181,FlyBase:FBgn0028515,ORTH,EndoGI,5
3182,HP:0000505,DISO,Visual impairment,1
3183,HP:0012338,DISO,Abnormal energy expenditure,1
3184,ENSEMBL:ENSMODG00000024131,ORTH,ENSEMBL:ENSMODG00000024131,5
3185,HP:0009046,DISO,Difficulty running,1
3186,ZFIN:ZDB-GENE-040426-2845,ORTH,cnot8,5
3187,WormBase:WBGene00021692,ORTH,Y48G8AL.15,5
3188,MP:0020422,DISO,decreased freezing behavior,1
3189,MP:0002574,DISO,increased vertical activity,1
3190,HP:0100018,DISO,Nuclear cataract,1
3191,MGI:1916981,ORTH,Gemin7,5
3192,ZP:0013947,DISO,"caudal fin increased size, abnormal",1
3193,MP:0002745,DISO,abnormal atrioventricular valve morphology,1
3194,ENSEMBL:ENSFCAG00000030483,ORTH,ENSEMBL:ENSFCAG00000030483,5
3195,MP:0001486,DISO,abnormal startle reflex,1
3196,ENSEMBL:ENSECAG00000022516,ORTH,ENSEMBL:ENSECAG00000022516,5
3197,ENSEMBL:ENSBTAG00000045756,ORTH,G3MX54,5
3198,MP:0006365,DISO,absent guard hair,1
3199,NCBIGene:396254,GENE,TUBB,3
3200,PomBase:SPBC1718.06,GENO,msp1,4
3201,ENSEMBL:ENSPTRG00000049505,ORTH,ENSEMBL:ENSPTRG00000049505,5
3202,ZP:0106014,DISO,"peripheral nervous system decreased process quality myelination in peripheral nervous system, abnormal",1
3203,HP:0000682,DISO,Abnormal dental enamel morphology,1
3204,MP:0009115,DISO,abnormal fat cell morphology,1
3205,HP:0000053,DISO,Macroorchidism,1
3206,Coriell:GM04915,GENO,NIGMS-GM04915,4
3207,HGNC:11522,GENE,TACC1,3
3208,ENSEMBL:ENSPTRG00000049885,ORTH,ENSEMBL:ENSPTRG00000049885,5
3209,HGNC:28515,GENE,MAGEB18,3
3210,WBPhenotype:0001504,DISO,maternal effect sterile,1
3211,FlyBase:FBgn0039875,ORTH,sip3,5
3212,ENSEMBL:ENSMODG00000019272,ORTH,ENSEMBL:ENSMODG00000019272,5
3213,ENSEMBL:ENSACAG00000008253,ORTH,ENSEMBL:ENSACAG00000008253,5
3214,PomBase:SPAC15A10.08,GENO,ain1,4
3215,ENSEMBL:ENSACAG00000001189,ORTH,ENSEMBL:ENSACAG00000001189,5
3216,WBPhenotype:0001282,DISO,mitochondrial metabolism variant,1
3217,PomBase:SPAC27D7.06,GENO,etf1,4
3218,ZFIN:ZDB-GENE-040426-2884,ORTH,dnaja2a,5
3219,HGNC:4272,GENE,GIT1,3
3220,ENSEMBL:ENSGALG00000036678,ORTH,ETV4,5
3221,MP:0006144,DISO,increased systemic arterial systolic blood pressure,1
3222,HP:0001488,DISO,Bilateral ptosis,1
3223,ZFIN:ZDB-GENE-060312-27,ORTH,ftr67,5
3224,ZP:0017509,DISO,"photoreceptor outer segment photoreceptor cell morphology, abnormal",1
3225,ENSEMBL:ENSECAG00000008938,ORTH,ENSEMBL:ENSECAG00000008938,5
3226,HP:0010844,DISO,EEG with multifocal slow activity,1
3227,MP:0002887,DISO,decreased susceptibility to pharmacologically induced seizures,1
3228,ZP:0003399,DISO,"rRNA catabolic process disrupted, abnormal",1
3229,MP:0010763,DISO,abnormal hematopoietic stem cell physiology,1
3230,RGD:3032,ORTH,Smad3,5
3231,ENSEMBL:ENSBTAG00000001834,ORTH,PNKP,5
3232,FlyBase:FBgn0038862,ORTH,Usp8,5
3233,dictyBase:DDB_G0290263,GENO,pho2a,4
3234,ZP:0007176,DISO,"melanosome transport decreased rate, abnormal",1
3235,HP:0030344,DISO,Decreased circulating luteinizing hormone level,1
3236,HP:0000011,DISO,Neurogenic bladder,1
3237,ZP:0003829,DISO,"branching morphogenesis of an epithelial tube disrupted, abnormal",1
3238,ZP:0008387,DISO,"exit from mitosis decreased occurrence, abnormal",1
3239,ENSEMBL:ENSACAG00000011443,ORTH,ENSEMBL:ENSACAG00000011443,5
3240,HP:0000640,DISO,Gaze-evoked nystagmus,1
3241,ZP:0004498,DISO,"contractile fiber somite disorganized, abnormal",1
3242,WBPhenotype:0001975,DISO,germ cell compartment large,1
3243,ZFIN:ZDB-GENE-070103-4,ORTH,nefmb,5
3244,ZP:0003401,DISO,"white matter brain damaged, abnormal",1
3245,ENSEMBL:ENSACAG00000015019,ORTH,ENSEMBL:ENSACAG00000015019,5
3246,ENSEMBL:ENSBTAG00000047424,ORTH,ENSEMBL:ENSBTAG00000047424,5
3247,ENSEMBL:ENSBTAG00000036009,ORTH,ENSEMBL:ENSBTAG00000036009,5
3248,WBPhenotype:0001580,DISO,nuclear envelope breakdown variant,1
3249,ENSEMBL:ENSBTAG00000018036,ORTH,ENSEMBL:ENSBTAG00000018036,5
3250,ENSEMBL:ENSCAFG00000020082,ORTH,DNM1,5
3251,MP:0003400,DISO,kinked neural tube,1
3252,HGNC:25031,GENE,PRPF40B,3
3253,ENSEMBL:ENSSSCG00000007206,ORTH,RBCK1,5
3254,Coriell:GM04231,GENO,NIGMS-GM04231,4
3255,WormBase:WBGene00014158,ORTH,ZK938.1,5
3256,dictyBase:DDB_G0273433,GENO,DDB_G0273433,4
3257,PomBase:SPAC22A12.14c,GENO,SPAC22A12.14c,4
3258,dictyBase:DDB_G0275023,GENO,act22,4
3259,ZP:0001349,DISO,"eye apoptotic, abnormal",1
3260,ENSEMBL:ENSMODG00000003938,ORTH,ENSEMBL:ENSMODG00000003938,5
3261,ENSEMBL:ENSCAFG00000011357,ORTH,PEX11B,5
3262,ENSEMBL:ENSBTAG00000050778,ORTH,ENSEMBL:ENSBTAG00000050778,5
3263,Xenbase:XB-GENE-982107,ORTH,tcerg1l,5
3264,PomBase:SPBC32H8.12c,GENO,act1,4
3265,ENSEMBL:ENSECAG00000002263,ORTH,ENSEMBL:ENSECAG00000002263,5
3266,dbSNP:rs61348208,GENO,rs61348208-T,4
3267,ENSEMBL:ENSGALG00000007224,ORTH,ENSEMBL:ENSGALG00000007224,5
3268,WBPhenotype:0002295,DISO,body posture wavelength decreased,1
3269,MP:0004098,DISO,abnormal cerebellar granule cell morphology,1
3270,NCBIGene:113455423,GENE,LOC113455423,3
3271,ZP:0019042,DISO,"synapse eye photoreceptor cell poorly differentiated, abnormal",1
3272,MGI:3711011,ORTH,Htt<tm1Hay>/Htt<tm1Hay>; Tg(YAC128)53Hay [involves: C57BL/6J * FVB],5
3273,ENSEMBL:ENSGALG00000001768,ORTH,ENSEMBL:ENSGALG00000001768,5
3274,HP:0010438,DISO,Abnormal ventricular septum morphology,1
3275,HP:0005133,DISO,Right ventricular dilatation,1
3276,ENSEMBL:ENSSSCG00000023247,ORTH,OPTN,5
3277,MP:0001181,DISO,absent lungs,1
3278,ZP:0002213,DISO,"central nervous system projection neuron axonogenesis disrupted, abnormal",1
3279,Xenbase:XB-GENE-966145,ORTH,ogt,5
3280,ENSEMBL:ENSGALG00000040896,ORTH,ENSEMBL:ENSGALG00000040896,5
3281,ENSEMBL:ENSFCAG00000013102,ORTH,ENSEMBL:ENSFCAG00000013102,5
3282,ENSEMBL:ENSBTAG00000005119,ORTH,ENSEMBL:ENSBTAG00000005119,5
3283,ENSEMBL:ENSPTRG00000048329,ORTH,ENSEMBL:ENSPTRG00000048329,5
3284,RGD:1305206,ORTH,Ipo4,5
3285,WormBase:WBGene00012536,ORTH,Y37A1A.3,5
3286,WBPhenotype:0000071,DISO,head morphology variant,1
3287,ZFIN:ZDB-GENE-140820-7,ORTH,mhc1lfa,5
3288,FlyBase:FBgn0010379,ORTH,Akt1,5
3289,ZFIN:ZDB-GENE-050913-35,ORTH,pacsin1b,5
3290,ENSEMBL:ENSCAFG00000010013,ORTH,ENSEMBL:ENSCAFG00000010013,5
3291,WBPhenotype:0001445,DISO,sodium acetate adaptation defective,1
3292,HGNC:49222,GENE,LINC01099,3
3293,ENSEMBL:ENSMMUG00000005229,ORTH,ENSEMBL:ENSMMUG00000005229,5
3294,ENSEMBL:ENSOANG00000008921,ORTH,ENSEMBL:ENSOANG00000008921,5
3295,MGI:95913,ORTH,H2-M1,5
3296,ENSEMBL:ENSGALG00000041625,ORTH,ENSEMBL:ENSGALG00000041625,5
3297,ENSEMBL:ENSOANG00000005396,ORTH,ENSEMBL:ENSOANG00000005396,5
3298,MP:0005240,DISO,abnormal amacrine cell morphology,1
3299,ZP:0137808,DISO,"pharyngeal mesoderm increased amount, abnormal",1
3300,WormBase:WBGene00006943,ORTH,wrm-1,5
3301,WBPhenotype:0002011,DISO,bivulva,1
3302,HP:0005518,DISO,Increased mean corpuscular volume,1
3303,HP:0002323,DISO,Anencephaly,1
3304,MP:0030252,DISO,narrow frontonasal prominence,1
3305,WBPhenotype:0000464,DISO,oxygen response variant,1
3306,ENSEMBL:ENSMODG00000005173,ORTH,ENSEMBL:ENSMODG00000005173,5
3307,MP:0004086,DISO,absent heartbeat,1
3308,ENSEMBL:ENSCAFG00030005339,ORTH,ENSEMBL:ENSCAFG00030005339,5
3309,FlyBase:FBgn0002121,ORTH,l(2)gl,5
3310,ZP:0006802,DISO,"common cardinal vein congested, abnormal",1
3311,HP:0000481,DISO,Abnormal cornea morphology,1
3312,GO:2000479,PHYS,regulation of cAMP-dependent protein kinase activity,6
3313,MP:0003402,DISO,decreased liver weight,1
3314,ZFIN:ZDB-GENE-030131-7310,ORTH,eef1b2,5
3315,MP:0003996,DISO,clonic seizures,1
3316,WormBase:WBGene00001134,ORTH,eat-3,5
3317,ZP:0000206,DISO,"musculoskeletal movement quality, abnormal",1
3318,ENSEMBL:ENSBTAG00000052438,ORTH,ENSEMBL:ENSBTAG00000052438,5
3319,ENSEMBL:ENSPTRG00000022389,ORTH,ENSEMBL:ENSPTRG00000022389,5
3320,WormBase:WBGene00015310,ORTH,fan-1,5
3321,HP:0003647,DISO,Electron transfer flavoprotein-ubiquinone oxidoreductase defect,1
3322,WBPhenotype:0000037,DISO,egg morphology variant,1
3323,MP:0002734,DISO,abnormal mechanical nociception,1
3324,MGI:1917728,ORTH,Mipep,5
3325,MP:0004953,DISO,decreased spleen weight,1
3326,ENSEMBL:ENSOANG00000047432,ORTH,ENSEMBL:ENSOANG00000047432,5
3327,ENSEMBL:ENSMODG00000005948,ORTH,ENSEMBL:ENSMODG00000005948,5
3328,ZP:0019048,DISO,"photoreceptor outer segment photoreceptor cell disorganized, abnormal",1
3329,ZP:0001391,DISO,"whole organism wholly ventralized, abnormal",1
3330,MGI:1919804,ORTH,Utp14a,5
3331,ENSEMBL:ENSMODG00000009018,ORTH,ENSEMBL:ENSMODG00000009018,5
3332,MGI:1914943,ORTH,Hypk,5
3333,ENSEMBL:ENSCAFG00000019627,ORTH,MPP1,5
3334,WormBase:WBGene00007354,ORTH,C06A1.3,5
3335,RGD:631334,ORTH,Nup58,5
3336,ENSEMBL:ENSPTRG00000007227,ORTH,ENSEMBL:ENSPTRG00000007227,5
3337,WBPhenotype:0001509,DISO,rays missing,1
3338,ENSEMBL:ENSACAG00000000610,ORTH,ENSEMBL:ENSACAG00000000610,5
3339,ENSEMBL:ENSOANG00000044322,ORTH,ENSEMBL:ENSOANG00000044322,5
3340,ENSEMBL:ENSPTRG00000034182,ORTH,ENSEMBL:ENSPTRG00000034182,5
3341,Coriell:GM04830,GENO,NIGMS-GM04830,4
3342,ENSEMBL:ENSACAG00000013081,ORTH,ENSEMBL:ENSACAG00000013081,5
3343,ENSEMBL:ENSCAFG00000000994,ORTH,SKP1,5
3344,ENSEMBL:ENSGALG00000002688,ORTH,ENSEMBL:ENSGALG00000002688,5
3345,ENSEMBL:ENSECAG00000019669,ORTH,ENSEMBL:ENSECAG00000019669,5
3346,ZP:0002503,DISO,"midbrain decreased size, abnormal",1
3347,HGNC:563,GENE,AP2B1,3
3348,HP:0002354,DISO,Memory impairment,1
3349,HGNC:812,GENE,ATP2A2,3
3350,EnsemblGenome:AT5G55160,ORTH,EnsemblGenome:AT5G55160,5
3351,PomBase:SPCC63.08c,GENO,atg1,4
3352,ZFIN:ZDB-GENE-000510-1,ORTH,rhebl1,5
3353,MP:0001928,DISO,abnormal ovulation,1
3354,ZFIN:ZDB-GENE-111115-4,ORTH,npy2rl,5
3355,ZP:0018340,DISO,"axon epibranchial ganglion morphology, abnormal",1
3356,ZP:0003690,DISO,"axis specification disrupted, abnormal",1
3357,ENSEMBL:ENSGALG00000012542,ORTH,ENSEMBL:ENSGALG00000012542,5
3358,WBPhenotype:0000315,DISO,mechanosensation variant,1
3359,ENSEMBL:ENSCAFG00000012049,ORTH,IPO4,5
3360,ENSEMBL:ENSFCAG00000011175,ORTH,ENSEMBL:ENSFCAG00000011175,5
3361,ZP:0106394,DISO,"ceratobranchial 3 cartilage decreased amount, abnormal",1
3362,RGD:1359383,ORTH,Rassf1,5
3363,MP:0001547,DISO,abnormal lipid level,1
3364,MP:0001780,DISO,decreased brown adipose tissue amount,1
3365,ENSEMBL:ENSECAG00000029708,ORTH,ENSEMBL:ENSECAG00000029708,5
3366,HP:0002450,DISO,Abnormal motor neuron morphology,1
3367,MP:0006270,DISO,abnormal mammary gland growth during lactation,1
3368,SGD:S000005335,ORTH,POP2,5
3369,ZP:0000040,DISO,"yolk quality, abnormal",1
3370,MP:0000889,DISO,abnormal cerebellar molecular layer,1
3371,ZFIN:ZDB-GENE-090312-175,ORTH,eif3bb,5
3372,MP:0031023,DISO,decreased susceptibility to Riboviria infection induced morbidity/mortality,1
3373,ZFIN:ZDB-GENE-050419-126,ORTH,ttc23,5
3374,MP:0001981,DISO,increased chemically-elicited antinociception,1
3375,FlyBase:FBgn0010406,ORTH,RNaseX25,5
3376,HP:0012184,DISO,Increased HDL cholesterol concentration,1
3377,ZFIN:ZDB-GENE-060929-600,ORTH,commd4,5
3378,MP:0004298,DISO,vestibular ganglion degeneration,1
3379,ZP:0000415,DISO,"lens development in camera-type eye disrupted, abnormal",1
3380,ZP:0000597,DISO,"retinal pigmented epithelium decreased pigmentation, abnormal",1
3381,MGI:1913663,ORTH,Psmd6,5
3382,HP:0002107,DISO,Pneumothorax,1
3383,HGNC:6400,GENE,KPNB1,3
3384,MP:0006099,DISO,thin cerebellar granule layer,1
3385,SGD:S000003272,ORTH,KSS1,5
3386,dictyBase:DDB_G0294571,GENO,DDB_G0294571,4
3387,ENSEMBL:ENSFCAG00000003249,ORTH,ENSEMBL:ENSFCAG00000003249,5
3388,MP:0001243,DISO,abnormal dermal layer morphology,1
3389,MONARCH:APO_0000060APO_0000002,GENO,colony appearance:abnormal,4
3390,HP:0000501,DISO,Glaucoma,1
3391,MP:0003360,DISO,abnormal depression-related behavior,1
3392,HP:0000726,DISO,Dementia,1
3393,MP:0002896,DISO,abnormal bone mineralization,1
3394,ENSEMBL:ENSACAG00000009549,ORTH,ENSEMBL:ENSACAG00000009549,5
3395,WBPhenotype:0000476,DISO,progressive muscle detachment,1
3396,HP:0002918,DISO,Hypermagnesemia,1
3397,ZP:0005774,DISO,"EVL increased permeability, abnormal",1
3398,ENSEMBL:ENSCAFG00000029930,ORTH,ENSEMBL:ENSCAFG00000029930,5
3399,ENSEMBL:ENSECAG00000016700,ORTH,ENSEMBL:ENSECAG00000016700,5
3400,ZFIN:ZDB-GENE-061013-204,ORTH,hmga1b,5
3401,ZP:0102743,DISO,"ceratohyal cartilage decreased amount, abnormal",1
3402,MP:0008347,DISO,decreased gamma-delta T cell number,1
3403,ENSEMBL:ENSMODG00000013730,ORTH,ENSEMBL:ENSMODG00000013730,5
3404,ENSEMBL:ENSMMUG00000012981,ORTH,ENSEMBL:ENSMMUG00000012981,5
3405,HP:0011623,DISO,Muscular ventricular septal defect,1
3406,MGI:1923551,ORTH,Trafd1,5
3407,RGD:1563983,ORTH,Ubl4a,5
3408,MP:0003460,DISO,decreased fear-related response,1
3409,ENSEMBL:ENSOANG00000004314,ORTH,ENSEMBL:ENSOANG00000004314,5
3410,EnsemblGenome:AT2G22970,ORTH,EnsemblGenome:AT2G22970,5
3411,WBPhenotype:0000542,DISO,fat,1
3412,ENSEMBL:ENSMMUG00000049324,ORTH,ENSEMBL:ENSMMUG00000049324,5
3413,WBPhenotype:0000280,DISO,breaks in alae,1
3414,WormBase:WBGene00010890,ORTH,ddb-1,5
3415,Xenbase:XB-GENE-1016982,ORTH,rnf4,5
3416,MP:0001458,DISO,abnormal object recognition memory,1
3417,MP:0005561,DISO,increased mean corpuscular hemoglobin,1
3418,MP:0009506,DISO,abnormal mammary gland alveolus morphology,1
3419,ZFIN:ZDB-GENE-060217-1,ORTH,lgi1b,5
3420,HP:0003687,DISO,Centrally nucleated skeletal muscle fibers,1
3421,ENSEMBL:ENSPTRG00000018630,ORTH,ENSEMBL:ENSPTRG00000018630,5
3422,ZP:0100539,DISO,"rhombomere 6 has fewer parts of type motor neuron facial nerve motor nucleus, abnormal",1
3423,Xenbase:XB-GENE-997434,ORTH,ubac1,5
3424,ENSEMBL:ENSMMUG00000004696,ORTH,ENSEMBL:ENSMMUG00000004696,5
3425,MP:0009139,DISO,failure of Mullerian duct regression,1
3426,ZP:0100209,DISO,"retinal outer nuclear layer increased amount, abnormal",1
3427,ZP:0105902,DISO,"circadian behavior process quality, abnormal",1
3428,ENSEMBL:ENSFCAG00000010023,ORTH,ENSEMBL:ENSFCAG00000010023,5
3429,MP:0006038,DISO,increased mitochondrial fission,1
3430,ENSEMBL:ENSMMUG00000010812,ORTH,ENSEMBL:ENSMMUG00000010812,5
3431,MGI:107812,ORTH,Tubb5,5
3432,MP:0001730,DISO,embryonic growth arrest,1
3433,MP:0002802,DISO,abnormal discrimination learning,1
3434,ZP:0009928,DISO,"heart looping decreased occurrence, abnormal",1
3435,ENSEMBL:ENSOANG00000002162,ORTH,ENSEMBL:ENSOANG00000002162,5
3436,ENSEMBL:ENSCAFG00000005652,ORTH,ENSEMBL:ENSCAFG00000005652,5
3437,HGNC:11280,GENE,SQSTM1,3
3438,MP:0005553,DISO,increased circulating creatinine level,1
3439,ENSEMBL:ENSMODG00000043385,ORTH,ENSEMBL:ENSMODG00000043385,5
3440,FBcv:0000388,DISO,abnormal gravitaxis,1
3441,MP:0008547,DISO,abnormal neocortex morphology,1
3442,HP:0011616,DISO,Pulmonary situs inversus,1
3443,dictyBase:DDB_G0289337,GENO,DDB0188369,4
3444,ENSEMBL:ENSACAG00000006696,ORTH,ENSEMBL:ENSACAG00000006696,5
3445,WBPhenotype:0000545,DISO,egg retention,1
3446,WBPhenotype:0001910,DISO,kinetochore organization variant,1
3447,EnsemblGenome:BAE77796,ORTH,EnsemblGenome:BAE77796,5
3448,ENSEMBL:ENSGALG00000012585,ORTH,UBQLN1,5
3449,ENSEMBL:ENSCAFG00000018246,ORTH,AP2B1,5
3450,ZP:0021361,DISO,"myelin sheath spinal cord decreased thickness, abnormal",1
3451,ZP:0008454,DISO,"swimming behavior decreased occurrence, abnormal",1
3452,MP:0008177,DISO,increased germinal center B cell number,1
3453,HP:0010579,DISO,Cone-shaped epiphysis,1
3454,dictyBase:DDB_G0289449,GENO,ubqF,4
3455,ZFIN:ZDB-GENE-990415-112,ORTH,hoxc4a,5
3456,HP:0005792,DISO,Short humerus,1
3457,Xenbase:XB-GENE-974352,ORTH,ech1,5
3458,ZP:0000240,DISO,"whole organism bent, abnormal",1
3459,HP:0002213,DISO,Fine hair,1
3460,ENSEMBL:ENSACAG00000005207,ORTH,ENSEMBL:ENSACAG00000005207,5
3461,ENSEMBL:ENSOANG00000006985,ORTH,ENSEMBL:ENSOANG00000006985,5
3462,HGNC:13890,GENE,ITCH,3
3463,ZP:0008450,DISO,"neuromast hair cell cellular quality, abnormal",1
3464,MP:0011632,DISO,dilated mitochondria,1
3465,HGNC:5258,GENE,HSP90AB1,3
3466,ENSEMBL:ENSECAG00000040461,ORTH,ENSEMBL:ENSECAG00000040461,5
3467,MP:0000226,DISO,abnormal mean corpuscular volume,1
3468,FlyBase:FBgn0017556,ORTH,Prosalpha4T2,5
3469,ENSEMBL:ENSMODG00000003133,ORTH,ENSEMBL:ENSMODG00000003133,5
3470,MGI:5432179,ORTH,Gt(ROSA)26Sor<tm51(HTT)Arte>/Gt(ROSA)26Sor<+> [Not Specified],5
3471,ZP:0018143,DISO,"chordoma intestine present, abnormal",1
3472,dbSNP:rs114643193,GENO,rs114643193-?,4
3473,MP:0001188,DISO,hyperpigmentation,1
3474,ZP:0007119,DISO,"epithelial cell somite morphology, abnormal",1
3475,ZP:0138436,DISO,"optic nerve head fasciculation, abnormal",1
3476,MP:0000911,DISO,abnormal trigeminal motor nucleus morphology,1
3477,HP:0007033,DISO,Cerebellar dysplasia,1
3478,MP:0002221,DISO,abnormal lymph organ size,1
3479,OMIM:613004.0003,DISO,"HTT, THR1260MET ({dbSNP rs34315806})",1
3480,GO:0000132,PHYS,establishment of mitotic spindle orientation,6
3481,ENSEMBL:ENSSSCG00000010144,ORTH,ACTN2,5
3482,ENSEMBL:ENSMMUG00000010433,ORTH,ENSEMBL:ENSMMUG00000010433,5
3483,MP:0001940,DISO,testis hypoplasia,1
3484,MP:0008714,DISO,increased lung carcinoma incidence,1
3485,HGNC:414,GENE,ALDOA,3
3486,HP:0002875,DISO,Exertional dyspnea,1
3487,HGNC:23572,GENE,MORC3,3
3488,ENSEMBL:ENSFCAG00000003348,ORTH,ENSEMBL:ENSFCAG00000003348,5
3489,dictyBase:DDB_G0292564,GENO,iplA,4
3490,FlyBase:FBgn0025573,ORTH,PpN58A,5
3491,dictyBase:DDB_G0290407,GENO,rabO,4
3492,ENSEMBL:ENSECAG00000024301,ORTH,ENSEMBL:ENSECAG00000024301,5
3493,WBPhenotype:0001279,DISO,transgene expression reduced male,1
3494,ENSEMBL:ENSGALG00000039615,ORTH,A0A1D5NYK7,5
3495,Coriell:GM05660,GENO,NIGMS-GM05660,4
3496,WormBase:WBGene00020086,ORTH,npr-24,5
3497,ENSEMBL:ENSSSCG00000033194,ORTH,GEMIN7,5
3498,WBPhenotype:0001129,DISO,cleavage furrow defective early emb,1
3499,ZP:0020646,DISO,"telencephalon mislocalised, abnormal",1
3500,MGI:1916467,ORTH,Plekha4,5
3501,SGD:S000002419,ORTH,RPL4B,5
3502,ENSEMBL:ENSOANG00000041217,ORTH,ENSEMBL:ENSOANG00000041217,5
3503,SGD:S000001057,ORTH,MIP6,5
3504,MP:0011967,DISO,increased or absent threshold for auditory brainstem response,1
3505,ZP:0001488,DISO,"somite disorganized, abnormal",1
3506,ZP:0000958,DISO,"heart mislocalised, abnormal",1
3507,ENSEMBL:ENSECAG00000010229,ORTH,ENSEMBL:ENSECAG00000010229,5
3508,ENSEMBL:ENSECAG00000014666,ORTH,ENSEMBL:ENSECAG00000014666,5
3509,HP:0040012,DISO,Chromosome breakage,1
3510,ENSEMBL:ENSRNOG00000053247,ORTH,ENSEMBL:ENSRNOG00000053247,5
3511,ZP:0000321,DISO,"fourth ventricle increased size, abnormal",1
3512,ENSEMBL:ENSECAG00000013395,ORTH,ENSEMBL:ENSECAG00000013395,5
3513,HP:0001297,DISO,Stroke,1
3514,MP:0000569,DISO,abnormal digit pigmentation,1
3515,ENSEMBL:ENSSSCG00000011822,ORTH,OPA1,5
3516,dictyBase:DDB_G0294577,GENO,DDB_G0294577,4
3517,ENSEMBL:ENSBTAG00000027412,ORTH,ENSEMBL:ENSBTAG00000027412,5
3518,HP:0200035,DISO,Skin plaque,1
3519,HP:0001808,DISO,Fragile nails,1
3520,ENSEMBL:ENSBTAG00000006586,ORTH,ENSEMBL:ENSBTAG00000006586,5
3521,PomBase:SPBC1709.04c,GENO,cyp3,4
3522,ZP:0000410,DISO,"pericardium swollen, abnormal",1
3523,EFO:0007014,GENO,3-hydroxypropylmercapturic acid measurement,4
3524,HP:0008765,DISO,Auditory hallucinations,1
3525,ENSEMBL:ENSFCAG00000022474,ORTH,ENSEMBL:ENSFCAG00000022474,5
3526,ENSEMBL:ENSGALG00000000397,ORTH,IPO9,5
3527,ZP:0000569,DISO,"yolk circular, abnormal",1
3528,HP:0002619,DISO,Varicose veins,1
3529,ZP:0012680,DISO,"female organism increased female fertility, abnormal",1
3530,HP:0012875,DISO,Abnormal ejaculation,1
3531,HP:0006270,DISO,Hypoplastic spleen,1
3532,WBPhenotype:0002592,DISO,organism response to gravitational force abnormal,1
3533,MP:0008236,DISO,decreased susceptibility to neuronal excitotoxicity,1
3534,EFO:0006527,GENO,smoking status measurement,4
3535,ENSEMBL:ENSGALG00000051054,ORTH,LOC417056,5
3536,ENSEMBL:ENSMODG00000015941,ORTH,ENSEMBL:ENSMODG00000015941,5
3537,ENSEMBL:ENSMMUG00000008318,ORTH,ENSEMBL:ENSMMUG00000008318,5
3538,ZP:0000720,DISO,"liver decreased size, abnormal",1
3539,Xenbase:XB-GENE-489018,ORTH,rab35,5
3540,ENSEMBL:ENSACAG00000017208,ORTH,ENSEMBL:ENSACAG00000017208,5
3541,ZP:0000536,DISO,"cranial vasculature broken, abnormal",1
3542,MP:0009220,DISO,increased prostate gland adenocarcinoma incidence,1
3543,FlyBase:FBgn0020622,ORTH,Pi3K21B,5
3544,ENSEMBL:ENSMMUG00000016769,ORTH,ENSEMBL:ENSMMUG00000016769,5
3545,ENSEMBL:ENSGALG00000004874,ORTH,ENSEMBL:ENSGALG00000004874,5
3546,MGI:1919083,ORTH,Dcaf7,5
3547,ENSEMBL:ENSFCAG00000030327,ORTH,ENSEMBL:ENSFCAG00000030327,5
3548,Xenbase:XB-GENE-995595,ORTH,rae1,5
3549,EnsemblGenome:BAA16420,ORTH,EnsemblGenome:BAA16420,5
3550,ZP:0138138,DISO,"trabecular layer has extra parts of type cardiac muscle cell, abnormal",1
3551,FlyBase:FBgn0030449,ORTH,Fer3HCH,5
3552,ENSEMBL:ENSSSCG00000030260,ORTH,PFN2,5
3553,FBcv:0002007,DISO,lethal - all die during larval stage,1
3554,HGNC:18420,GENE,SETD2,3
3555,ENSEMBL:ENSMODG00000017882,ORTH,ENSEMBL:ENSMODG00000017882,5
3556,MONARCH:APO_0000109APO_0000004,GENO,survival rate in stationary phase:increased,4
3557,Xenbase:XB-GENE-1005422,ORTH,psmd7,5
3558,FlyBase:FBgn0001187,ORTH,Hex-C,5
3559,ENSEMBL:ENSRNOG00000005665,ORTH,F1M4P7,5
3560,FlyBase:FBgn0283427,ORTH,FASN1,5
3561,SGD:S000006312,ORTH,RPN7,5
3562,PomBase:SPAC343.07,GENO,mug28,4
3563,EnsemblGenome:AT2G12480,ORTH,EnsemblGenome:AT2G12480,5
3564,ENSEMBL:ENSPTRG00000018686,ORTH,ENSEMBL:ENSPTRG00000018686,5
3565,HGNC:24808,GENE,TRAFD1,3
3566,HGNC:16154,GENE,SNX21,3
3567,ENSEMBL:ENSFCAG00000004930,ORTH,ENSEMBL:ENSFCAG00000004930,5
3568,HP:0002614,DISO,Hepatic periportal necrosis,1
3569,ZP:0102173,DISO,"dorsal fin development process quality, abnormal",1
3570,HP:0002180,DISO,Neurodegeneration,1
3571,ENSEMBL:ENSECAG00000020813,ORTH,ENSEMBL:ENSECAG00000020813,5
3572,ZFIN:ZDB-GENE-030131-5877,ORTH,ppp1cc,5
3573,MP:0009935,DISO,abnormal Meibomian gland acinus morphology,1
3574,ZP:0010448,DISO,"striated muscle thin filament myotome decreased amount, abnormal",1
3575,MP:0008051,DISO,abnormal memory T cell physiology,1
3576,MONARCH:APO_0000085APO_0000117,GENO,UV resistance:normal,4
3577,ZFIN:ZDB-GENE-030131-139,ORTH,rab5aa,5
3578,MP:0003730,DISO,abnormal photoreceptor inner segment morphology,1
3579,ZP:0004600,DISO,"palatoquadrate cartilage aplastic/hypoplastic, abnormal",1
3580,ZP:0000346,DISO,"neuron epiphysis increased amount, abnormal",1
3581,WBPhenotype:0000027,DISO,organism metabolism processing variant,1
3582,PomBase:SPAC18G6.03,GENO,ypt3,4
3583,RGD:1565187,ORTH,Kif9,5
3584,ENSEMBL:ENSECAG00000030028,ORTH,ENSEMBL:ENSECAG00000030028,5
3585,ENSEMBL:ENSCAFG00000017889,ORTH,EVL,5
3586,ZP:0004597,DISO,"metapterygoid morphology, abnormal",1
3587,ENSEMBL:ENSMMUG00000020943,ORTH,ENSEMBL:ENSMMUG00000020943,5
3588,ENSEMBL:ENSECAG00000015670,ORTH,ENSEMBL:ENSECAG00000015670,5
3589,FlyBase:FBgn0036789,ORTH,AstC-R2,5
3590,SGD:S000000534,ORTH,BIK1,5
3591,RGD:621312,ORTH,St13,5
3592,HP:0012733,DISO,Macule,1
3593,ZP:0000571,DISO,"liver quality, abnormal",1
3594,ENSEMBL:ENSACAG00000006256,ORTH,ENSEMBL:ENSACAG00000006256,5
3595,ENSEMBL:ENSMODG00000017744,ORTH,ENSEMBL:ENSMODG00000017744,5
3596,MP:0011121,DISO,decreased primordial ovarian follicle number,1
3597,RGD:1308655,ORTH,Lsm5,5
3598,MP:0000297,DISO,abnormal atrioventricular cushion morphology,1
3599,FBcv:0002015,DISO,partially lethal,1
3600,ZFIN:ZDB-GENE-050227-12,ORTH,cltcb,5
3601,HP:0005487,DISO,Prominent metopic ridge,1
3602,ZP:0002116,DISO,"embryonic viscerocranium morphogenesis process quality, abnormal",1
3603,ENSEMBL:ENSMODG00000007509,ORTH,ENSEMBL:ENSMODG00000007509,5
3604,MP:0009308,DISO,increased adenocarcinoma incidence,1
3605,ENSEMBL:ENSCAFG00000008410,ORTH,RASA1,5
3606,ENSEMBL:ENSSSCG00000037530,ORTH,TACC2,5
3607,ENSEMBL:ENSMMUG00000009953,ORTH,ENSEMBL:ENSMMUG00000009953,5
3608,MGI:5052307,ORTH,Cnr1<tm1Map>/Cnr1<tm1Map>; Tg(HD82Gln)81Gschi [involves: 129S1/Sv * 129X1/SvJ * C3H * C57BL/6 * CD-1],5
3609,ZP:0104386,DISO,"caudal artery increased distribution, abnormal",1
3610,MP:0009358,DISO,environmentally induced seizures,1
3611,MP:0002840,DISO,abnormal lens fiber morphology,1
3612,MGI:104783,ORTH,Atxn1,5
3613,RGD:1593362,ORTH,LOC691918,5
3614,WormBase:WBGene00000166,ORTH,apt-9,5
3615,ENSEMBL:ENSMODG00000039586,ORTH,ENSEMBL:ENSMODG00000039586,5
3616,ENSEMBL:ENSFCAG00000018390,ORTH,ENSEMBL:ENSFCAG00000018390,5
3617,WormBase:WBGene00019624,ORTH,rnst-2,5
3618,EFO:0004682,GENO,QT interval,4
3619,ENSEMBL:ENSBTAG00000030507,ORTH,ENSEMBL:ENSBTAG00000030507,5
3620,ZP:0137438,DISO,"retinal pigmented epithelium decreased area, abnormal",1
3621,ZP:0002309,DISO,"eye necrotic, abnormal",1
3622,ZP:0002403,DISO,"retina increased occurrence apoptotic process, abnormal",1
3623,RGD:71015,ORTH,Ap2a2,5
3624,ZP:0103455,DISO,"EVL fused with nucleus nucleus EVL, abnormal",1
3625,ZP:0019052,DISO,"optic tectum increased occurrence cell death, abnormal",1
3626,WBPhenotype:0000324,DISO,short,1
3627,ENSEMBL:ENSOANG00000050014,ORTH,ENSEMBL:ENSOANG00000050014,5
3628,WBPhenotype:0000690,DISO,gonad migration variant,1
3629,SGD:S000001802,ORTH,RPL40B,5
3630,ENSEMBL:ENSMMUG00000031224,ORTH,ENSEMBL:ENSMMUG00000031224,5
3631,MP:0010898,DISO,abnormal pulmonary alveolus epithelium morphology,1
3632,ZP:0005777,DISO,"bicellular tight junction EVL irregular spatial pattern, abnormal",1
3633,ENSEMBL:ENSCAFG00000016689,ORTH,ENSEMBL:ENSCAFG00000016689,5
3634,MP:0005332,DISO,abnormal amino acid level,1
3635,ZP:0022720,DISO,"feeding behavior process quality, abnormal",1
3636,ZP:0000339,DISO,"forebrain development disrupted, abnormal",1
3637,HP:0000286,DISO,Epicanthus,1
3638,FlyBase:FBgn0261395,ORTH,Prosalpha3T,5
3639,ZFIN:ZDB-GENE-070912-661,ORTH,ftr66,5
3640,HGNC:163,GENE,ACTN1,3
3641,MP:0000392,DISO,accelerated hair follicle regression,1
3642,ENSEMBL:ENSSSCG00000007203,ORTH,CSNK2A1,5
3643,MGI:1927070,ORTH,Dusp10,5
3644,ENSEMBL:ENSFCAG00000038056,ORTH,ENSEMBL:ENSFCAG00000038056,5
3645,SGD:S000002284,ORTH,CDC48,5
3646,EFO:0007990,GENO,neutrophil percentage of leukocytes,4
3647,PomBase:SPBC1289.14,GENO,SPBC1289.14,4
3648,ENSEMBL:ENSECAG00000035867,ORTH,ENSEMBL:ENSECAG00000035867,5
3649,WBPhenotype:0001676,DISO,touch receptor cell morphology variant,1
3650,MP:0009778,DISO,impaired behavioral response to anesthetic,1
3651,dictyBase:DDB_G0277041,GENO,rheb,4
3652,ENSEMBL:ENSOANG00000012814,ORTH,ENSEMBL:ENSOANG00000012814,5
3653,dbSNP:rs2798297,GENO,rs2798297-A,4
3654,ZP:0018337,DISO,"glossopharyngeal ganglion lacks parts or has fewer parts of type axon glossopharyngeal ganglion, abnormal",1
3655,WBPhenotype:0000866,DISO,germ cell arrest,1
3656,MP:0000987,DISO,hyperinnervation of Merkel's receptor,1
3657,Xenbase:XB-GENE-976485,ORTH,itch,5
3658,ZFIN:ZDB-GENE-040426-1404,ORTH,wipi1,5
3659,WormBase:WBGene00011061,ORTH,wago-1,5
3660,WBPhenotype:0000436,DISO,protein subcellular localization variant,1
3661,ZP:0100536,DISO,"facial nerve motor nucleus displaced to motor neuron rhombomere 4, abnormal",1
3662,RGD:1304979,ORTH,Usp8,5
3663,dictyBase:DDB_G0283971,GENO,DDB0185786,4
3664,HP:0000666,DISO,Horizontal nystagmus,1
3665,WBPhenotype:0002495,DISO,ectopic hypodermis,1
3666,WormBase:WBGene00004810,ORTH,skr-4,5
3667,EFO:0009885,GENO,frailty measurement,4
3668,WBPhenotype:0002218,DISO,arsenite hypersensitive,1
3669,ENSEMBL:ENSPTRG00000045358,ORTH,ENSEMBL:ENSPTRG00000045358,5
3670,HP:0000821,DISO,Hypothyroidism,1
3671,FlyBase:FBgn0033631,ORTH,Sod3,5
3672,ZP:0003731,DISO,"locomotory behavior having decreased processual parts skeletal muscle contraction, abnormal",1
3673,ZFIN:ZDB-GENE-000403-1,ORTH,axin1,5
3674,RGD:621375,ORTH,Ikbkb,5
3675,RGD:70991,ORTH,Flot1,5
3676,WBPhenotype:0001147,DISO,polar body defective early emb,1
3677,MP:0011003,DISO,reduced AMPA-mediated synaptic currents,1
3678,HGNC:9565,GENE,PSMD7,3
3679,ENSEMBL:ENSACAG00000001896,ORTH,ENSEMBL:ENSACAG00000001896,5
3680,WormBase:WBGene00010416,ORTH,hxk-2,5
3681,WBPhenotype:0001762,DISO,uptake of yolk defective,1
3682,MP:0011939,DISO,increased food intake,1
3683,WBPhenotype:0000916,DISO,excretory cell morphology variant,1
3684,HP:0012075,DISO,Personality disorder,1
3685,MP:0002596,DISO,abnormal hematocrit,1
3686,MP:0008203,DISO,absent B-1a cells,1
3687,HP:0005563,DISO,Decreased numbers of nephrons,1
3688,MONARCH:APO_0000076APO_0000003,GENO,mitochondrial transport:decreased,4
3689,MP:0011085,DISO,"postnatal lethality, complete penetrance",1
3690,HP:0025321,DISO,Copper accumulation in liver,1
3691,ENSEMBL:ENSOANG00000004000,ORTH,ENSEMBL:ENSOANG00000004000,5
3692,HGNC:4235,GENE,GFAP,3
3693,HP:0000509,DISO,Conjunctivitis,1
3694,ZP:0000426,DISO,"heart increased amount, abnormal",1
3695,RGD:1566014,ORTH,F8a1,5
3696,MP:0000952,DISO,abnormal CNS glial cell morphology,1
3697,MP:0008321,DISO,small adenohypophysis,1
3698,MP:0004280,DISO,abnormal oculomotor nucleus morphology,1
3699,HGNC:2239,GENE,COPS3,3
3700,WormBase:WBGene00007529,ORTH,C11H1.3,5
3701,dbSNP:rs73786719,GENO,rs73786719-?,4
3702,FBcv:0002008,DISO,lethal - all die during second instar larval stage,1
3703,ENSEMBL:ENSBTAG00000053552,ORTH,A0A3Q1LSR3,5
3704,WBPhenotype:0000893,DISO,male germline proliferation variant,1
3705,ENSEMBL:ENSSSCG00000004169,ORTH,HBS1L,5
3706,ZFIN:ZDB-GENE-130530-613,ORTH,dlg4a,5
3707,HP:0000204,DISO,Cleft upper lip,1
3708,HGNC:1442,GENE,CALM1,3
3709,ENSEMBL:ENSCAFG00000014856,ORTH,ENSEMBL:ENSCAFG00000014856,5
3710,WBPhenotype:0002188,DISO,male somatic gonad development variant,1
3711,WBPhenotype:0001934,DISO,vulval muscle extension variant,1
3712,MP:0010279,DISO,increased gastrointestinal tumor incidence,1
3713,WormBase:WBGene00019760,ORTH,calu-1,5
3714,WormBase:WBGene00012929,ORTH,rsks-1,5
3715,ENSEMBL:ENSOANG00000013115,ORTH,ENSEMBL:ENSOANG00000013115,5
3716,RGD:1359555,ORTH,Sec13,5
3717,HP:0000668,DISO,Hypodontia,1
3718,ENSEMBL:ENSECAG00000022880,ORTH,ENSEMBL:ENSECAG00000022880,5
3719,ZP:0009923,DISO,"optic vesicle mislocalised, abnormal",1
3720,PomBase:SPAPB8E5.09,GENO,rvb1,4
3721,ZP:0000397,DISO,"central nervous system necrotic, abnormal",1
3722,SGD:S000001375,ORTH,SDP1,5
3723,HGNC:12304,GENE,TRIP10,3
3724,ENSEMBL:ENSCAFG00000011876,ORTH,ENSEMBL:ENSCAFG00000011876,5
3725,ZFIN:ZDB-GENE-160113-121,ORTH,si:dkey-1k23.3,5
3726,MP:0000267,DISO,abnormal heart development,1
3727,ENSEMBL:ENSFCAG00000003470,ORTH,ENSEMBL:ENSFCAG00000003470,5
3728,ZP:0003481,DISO,"whole organism lacks parts or has fewer parts of type pharyngeal arch, abnormal",1
3729,RGD:1303331,ORTH,Pnkp,5
3730,ENSEMBL:ENSBTAG00000047089,ORTH,ENSEMBL:ENSBTAG00000047089,5
3731,ENSEMBL:ENSCAFG00000048508,ORTH,A0A5F4DC43,5
3732,ENSEMBL:ENSCAFG00000006887,ORTH,ENSEMBL:ENSCAFG00000006887,5
3733,ENSEMBL:ENSPTRG00000008094,ORTH,ENSEMBL:ENSPTRG00000008094,5
3734,ENSEMBL:ENSOANG00000012964,ORTH,ENSEMBL:ENSOANG00000012964,5
3735,MP:0008892,DISO,abnormal sperm flagellum morphology,1
3736,ENSEMBL:ENSSSCG00000048272,ORTH,ENSEMBL:ENSSSCG00000048272,5
3737,ENSEMBL:ENSPTRG00000050477,ORTH,ENSEMBL:ENSPTRG00000050477,5
3738,MP:0001909,DISO,reduced NMDA receptor mediated synaptic activity in barrel cortex,1
3739,Xenbase:XB-GENE-5841406,ORTH,psme4,5
3740,MP:0002798,DISO,abnormal active avoidance behavior,1
3741,ENSEMBL:ENSACAG00000028873,ORTH,ENSEMBL:ENSACAG00000028873,5
3742,MP:0020516,DISO,abnormal visceral yolk sac mesenchyme morphology,1
3743,ENSEMBL:ENSMODG00000019523,ORTH,ENSEMBL:ENSMODG00000019523,5
3744,ENSEMBL:ENSMODG00000007342,ORTH,ENSEMBL:ENSMODG00000007342,5
3745,ENSEMBL:ENSECAG00000011662,ORTH,ENSEMBL:ENSECAG00000011662,5
3746,ENSEMBL:ENSOANG00000015410,ORTH,ENSEMBL:ENSOANG00000015410,5
3747,ZFIN:ZDB-GENE-121214-264,ORTH,si:dkey-27j5.5,5
3748,HP:0002136,DISO,Broad-based gait,1
3749,ENSEMBL:ENSOANG00000005788,ORTH,ENSEMBL:ENSOANG00000005788,5
3750,HGNC:23244,GENE,RBM25,3
3751,ZP:0103236,DISO,"pronephric tubule has fewer parts of type motile cilium outer dynein arm pronephric tubule, abnormal",1
3752,HP:0005978,DISO,Type II diabetes mellitus,1
3753,ZP:0003470,DISO,"cardiac ventricle decreased contractility, abnormal",1
3754,ENSEMBL:ENSBTAG00000046765,ORTH,ENSEMBL:ENSBTAG00000046765,5
3755,PomBase:SPBC2G2.06c,GENO,apl1,4
3756,HGNC:17142,GENE,OPTN,3
3757,MP:0000939,DISO,decreased motor neuron number,1
3758,HP:0001650,DISO,Aortic valve stenosis,1
3759,ZP:0013912,DISO,"ventral mandibular arch atrophied, abnormal",1
3760,ENSEMBL:ENSMODG00000013823,ORTH,ENSEMBL:ENSMODG00000013823,5
3761,ENSEMBL:ENSCAFG00000023133,ORTH,ENSEMBL:ENSCAFG00000023133,5
3762,ENSEMBL:ENSOANG00000004021,ORTH,ENSEMBL:ENSOANG00000004021,5
3763,ENSEMBL:ENSMMUG00000020451,ORTH,ENSEMBL:ENSMMUG00000020451,5
3764,WBPhenotype:0002045,DISO,cell corpse number decreased,1
3765,PomBase:SPBC26H8.07c,GENO,nda3,4
3766,ENSEMBL:ENSACAG00000002999,ORTH,ENSEMBL:ENSACAG00000002999,5
3767,ZP:0007170,DISO,"striated muscle thin filament slow muscle cell disorganized, abnormal",1
3768,MP:0002362,DISO,abnormal spleen marginal zone morphology,1
3769,ENSEMBL:ENSRNOG00000032585,ORTH,M0R8M9,5
3770,MP:0003982,DISO,increased cholesterol level,1
3771,HP:0007002,DISO,Motor axonal neuropathy,1
3772,ENSEMBL:ENSMMUG00000040263,ORTH,ENSEMBL:ENSMMUG00000040263,5
3773,ENSEMBL:ENSGALG00000012160,ORTH,KIF18A,5
3774,XPO:0115659,GENO,abnormally ruffled dorsal fin,4
3775,ENSEMBL:ENSCAFG00000004529,ORTH,VIM,5
3776,ENSEMBL:ENSXETG00000009064,ORTH,ENSEMBL:ENSXETG00000009064,5
3777,ENSEMBL:ENSACAG00000028751,ORTH,ENSEMBL:ENSACAG00000028751,5
3778,ENSEMBL:ENSPTRG00000047694,ORTH,ENSEMBL:ENSPTRG00000047694,5
3779,ENSEMBL:ENSMODG00000042391,ORTH,ENSEMBL:ENSMODG00000042391,5
3780,MP:0010956,DISO,abnormal mitochondrial ATP synthesis coupled electron transport,1
3781,WBPhenotype:0000113,DISO,RNA expression variant,1
3782,ENSEMBL:ENSMMUG00000007740,ORTH,ENSEMBL:ENSMMUG00000007740,5
3783,MP:0004007,DISO,abnormal lung vasculature morphology,1
3784,ZP:0011939,DISO,"nuclear pore retinal ganglion cell malformed, abnormal",1
3785,MP:0001469,DISO,abnormal contextual conditioning behavior,1
3786,dictyBase:DDB_G0281293,GENO,ddiA,4
3787,ENSEMBL:ENSECAG00000021107,ORTH,ENSEMBL:ENSECAG00000021107,5
3788,FBcv:0000446,DISO,melanotic mass phenotype,1
3789,Coriell:GM06445,GENO,NIGMS-GM06445,4
3790,MP:0003178,DISO,left pulmonary isomerism,1
3791,ENSEMBL:ENSSSCG00000017787,ORTH,GIT1,5
3792,ENSEMBL:ENSMMUG00000003176,ORTH,ENSEMBL:ENSMMUG00000003176,5
3793,HGNC:25730,GENE,TTC23,3
3794,ENSEMBL:ENSECAG00000031899,ORTH,ENSEMBL:ENSECAG00000031899,5
3795,dictyBase:DDB_G0269238,GENO,rab11A,4
3796,dictyBase:DDB_G0269234,GENO,act1,4
3797,MP:0008027,DISO,abnormal spinal cord white matter morphology,1
3798,ZP:0000117,DISO,"head hypoplastic, abnormal",1
3799,WBPhenotype:0000138,DISO,lipid composition variant,1
3800,MP:0011077,DISO,decreased macrophage nitric oxide production,1
3801,WormBase:WBGene00009101,ORTH,F25B3.4,5
3802,ENSEMBL:ENSGALG00000041203,ORTH,ENSEMBL:ENSGALG00000041203,5
3803,MONARCH:APO_0000271APO_0000004,GENO,RNA modification:increased,4
3804,FBcv:0000376,DISO,male fertile,1
3805,ENSEMBL:ENSPTRG00000010460,ORTH,ENSEMBL:ENSPTRG00000010460,5
3806,SGD:S000002865,ORTH,TOM1,5
3807,EnsemblGenome:BAA35297,ORTH,EnsemblGenome:BAA35297,5
3808,EnsemblGenome:BAA15927,ORTH,EnsemblGenome:BAA15927,5
3809,HP:0010827,DISO,Abnormality of the seventh cranial nerve,1
3810,MP:0014145,DISO,increased white adipose tissue mass,1
3811,MP:0020359,DISO,abnormal ribbon synapse morphology,1
3812,ENSEMBL:ENSGALG00000017248,ORTH,ENSEMBL:ENSGALG00000017248,5
3813,dictyBase:DDB_G0281557,GENO,drkD,4
3814,HP:0001640,DISO,Cardiomegaly,1
3815,ENSEMBL:ENSOANG00000048391,ORTH,ENSEMBL:ENSOANG00000048391,5
3816,ENSEMBL:ENSFCAG00000008096,ORTH,ENSEMBL:ENSFCAG00000008096,5
3817,ENSEMBL:ENSSSCG00000005441,ORTH,ENSEMBL:ENSSSCG00000005441,5
3818,HP:0000632,DISO,Lacrimation abnormality,1
3819,ZP:0005089,DISO,"cardiac ventricle orientation atrium, abnormal",1
3820,HP:0001909,DISO,Leukemia,1
3821,MP:0003992,DISO,increased mortality induced by ionizing radiation,1
3822,WBPhenotype:0001080,DISO,excessive blebbing early emb,1
3823,ENSEMBL:ENSMODG00000020408,ORTH,ENSEMBL:ENSMODG00000020408,5
3824,EFO:0008579,GENO,risk-taking behaviour,4
3825,HP:0003974,DISO,Absent radius,1
3826,WBPhenotype:0002078,DISO,histone methylation variant,1
3827,ENSEMBL:ENSXETG00000015735,ORTH,nfib,5
3828,WBPhenotype:0010004,DISO,cell corpse degradation variant,1
3829,ZFIN:ZDB-GENE-040426-2299,ORTH,aldoab,5
3830,MP:0011014,DISO,decreased core body temperature,1
3831,ENSEMBL:ENSFCAG00000012426,ORTH,ENSEMBL:ENSFCAG00000012426,5
3832,ENSEMBL:ENSPTRG00000021930,ORTH,ENSEMBL:ENSPTRG00000021930,5
3833,ZP:0000956,DISO,"determination of liver left/right asymmetry disrupted, abnormal",1
3834,ZFIN:ZDB-GENE-070604-2,ORTH,itpr1b,5
3835,ZFIN:ZDB-GENE-010125-1,ORTH,oprm1,5
3836,MP:0002052,DISO,decreased tumor incidence,1
3837,ClinVarVariant:225541,VARI,NM_002111.8(HTT):c.4463+1G>A,7
3838,FlyBase:CG2216,ORTH,FlyBase:CG2216,5
3839,ZFIN:ZDB-GENE-030131-7320,ORTH,si:dkey-33c12.3,5
3840,ENSEMBL:ENSACAG00000014501,ORTH,ENSEMBL:ENSACAG00000014501,5
3841,HP:0011120,DISO,Concave nasal ridge,1
3842,ZP:0005610,DISO,"photoreceptor cell decreased amount, abnormal",1
3843,ENSEMBL:ENSSSCG00000004119,ORTH,GRM1,5
3844,ZFIN:ZDB-GENE-080415-1,ORTH,rest,5
3845,HP:0005415,DISO,Decreased proportion of CD8-positive T cells,1
3846,MP:0030079,DISO,small incisors,1
3847,ZFIN:ZDB-GENE-040625-96,ORTH,psma5,5
3848,SGD:S000000905,ORTH,SSA4,5
3849,ENSEMBL:ENSCAFG00000004400,ORTH,NINL,5
3850,ENSEMBL:ENSACAG00000012744,ORTH,ENSEMBL:ENSACAG00000012744,5
3851,ZP:0137803,DISO,"primitive heart tube shape, abnormal",1
3852,EFO:0004308,GENO,leukocyte count,4
3853,ENSEMBL:ENSMODG00000018204,ORTH,ENSEMBL:ENSMODG00000018204,5
3854,ZP:0005770,DISO,"nucleus lens mislocalised anteriorly, abnormal",1
3855,EFO:0007986,GENO,reticulocyte count,4
3856,ENSEMBL:ENSGALG00000016771,ORTH,F1P5G5,5
3857,dictyBase:DDB_G0283755,GENO,arpC,4
3858,ZP:0000026,DISO,"trunk decreased length, abnormal",1
3859,MGI:1917446,ORTH,Actr1b,5
3860,ENSEMBL:ENSACAG00000001823,ORTH,ENSEMBL:ENSACAG00000001823,5
3861,ENSEMBL:ENSECAG00000006800,ORTH,ENSEMBL:ENSECAG00000006800,5
3862,Xenbase:XB-GENE-6257751,ORTH,nup58,5
3863,ENSEMBL:ENSBTAG00000039556,ORTH,WIPI1,5
3864,MP:0001694,DISO,absent egg cylinders,1
3865,dictyBase:DDB_G0289555,GENO,arkA,4
3866,HP:0001970,DISO,Tubulointerstitial nephritis,1
3867,Coriell:GM05740,GENO,NIGMS-GM05740,4
3868,WBPhenotype:0000442,DISO,larval development retarded,1
3869,ZP:0001616,DISO,"eye malformed, abnormal",1
3870,EnsemblGenome:AT2G24010,ORTH,EnsemblGenome:AT2G24010,5
3871,HP:0005528,DISO,Bone marrow hypocellularity,1
3872,ENSEMBL:ENSSSCG00000013333,ORTH,ENSEMBL:ENSSSCG00000013333,5
3873,SGD:S000002696,ORTH,NSE3,5
3874,ENSEMBL:ENSMODG00000016665,ORTH,ENSEMBL:ENSMODG00000016665,5
3875,ZP:0011458,DISO,"axon primary motor neuron increased branchiness, abnormal",1
3876,EFO:0004565,GENO,serum IgG measurement,4
3877,ENSEMBL:ENSFCAG00000024181,ORTH,ENSEMBL:ENSFCAG00000024181,5
3878,WBPhenotype:0001659,DISO,spermatheca morphology variant,1
3879,MONARCH:APO_0000079APO_0000002,GENO,vacuolar transport:abnormal,4
3880,ZP:0138434,DISO,"cranial nerve II disrupted axon guidance, abnormal",1
3881,WBPhenotype:0000246,DISO,defecation cycle variable length,1
3882,FlyBase:FBgn0052225,ORTH,CG32225,5
3883,ZP:0003678,DISO,"head hemorrhagic, abnormal",1
3884,WormBase:WBGene00019666,ORTH,sago-1,5
3885,Coriell:GM04285,GENO,NIGMS-GM04285,4
3886,MP:0013542,DISO,abnormal submandibular gland branching morphogenesis,1
3887,ZP:0000342,DISO,"canonical Wnt signaling pathway increased occurrence, abnormal",1
3888,RGD:69331,ORTH,Git1,5
3889,HP:0032210,DISO,Decreased circulating free T3,1
3890,FlyBase:FBgn0037607,ORTH,CG8036,5
3891,ZP:0017704,DISO,"swimming increased frequency, abnormal",1
3892,MGI:1270849,ORTH,Rps6kb1,5
3893,ENSEMBL:ENSMMUG00000051787,ORTH,ENSEMBL:ENSMMUG00000051787,5
3894,WormBase:WBGene00020166,ORTH,T02G5.7,5
3895,WBPhenotype:0000965,DISO,somatic cell death variant,1
3896,ENSEMBL:ENSACAG00000005399,ORTH,ENSEMBL:ENSACAG00000005399,5
3897,ZFIN:ZDB-GENE-090508-11,ORTH,ftr70,5
3898,GO:0045505,PHYS,dynein intermediate chain binding,6
3899,HP:0000545,DISO,Myopia,1
3900,ENSEMBL:ENSSSCG00000011033,ORTH,ENSEMBL:ENSSSCG00000011033,5
3901,MGI:1923990,ORTH,Efr3a,5
3902,ENSEMBL:ENSSSCG00000016434,ORTH,RHEB,5
3903,ENSEMBL:ENSFCAG00000008858,ORTH,ENSEMBL:ENSFCAG00000008858,5
3904,ENSEMBL:ENSOANG00000001193,ORTH,ENSEMBL:ENSOANG00000001193,5
3905,MP:0001573,DISO,abnormal circulating alanine transaminase level,1
3906,MP:0010300,DISO,increased skin tumor incidence,1
3907,ENSEMBL:ENSGALG00000044098,ORTH,ENSEMBL:ENSGALG00000044098,5
3908,ENSEMBL:ENSCAFG00000014379,ORTH,ENSEMBL:ENSCAFG00000014379,5
3909,ENSEMBL:ENSECAG00000004470,ORTH,ENSEMBL:ENSECAG00000004470,5
3910,MP:0004955,DISO,increased thymus weight,1
3911,EFO:0004300,GENO,longevity,4
3912,MGI:2387633,ORTH,Haus3,5
3913,ENSEMBL:ENSMODG00000018722,ORTH,ENSEMBL:ENSMODG00000018722,5
3914,HP:0000085,DISO,Horseshoe kidney,1
3915,ENSEMBL:ENSECAG00000014842,ORTH,ENSEMBL:ENSECAG00000014842,5
3916,MONARCH:APO_0000255APO_0000247,GENO,cell cycle progression in G1 phase:decreased duration,4
3917,ENSEMBL:ENSBTAG00000052014,ORTH,A0A3Q1M2U2,5
3918,RGD:1309918,ORTH,Rnaset2,5
3919,WBPhenotype:0001169,DISO,pseudocleavage exaggerated early emb,1
3920,ENSEMBL:ENSBTAG00000006103,ORTH,ENSEMBL:ENSBTAG00000006103,5
3921,ENSEMBL:ENSBTAG00000055067,ORTH,A0A3Q1LRT4,5
3922,ENSEMBL:ENSMODG00000011702,ORTH,ENSEMBL:ENSMODG00000011702,5
3923,MONARCH:APO_0000081APO_0000004,GENO,killer toxin resistance:increased,4
3924,RGD:1311540,ORTH,Rae1,5
3925,HP:0008070,DISO,Sparse hair,1
3926,PomBase:SPBC14F5.03c,GENO,kap123,4
3927,HP:0002909,DISO,Generalized aminoaciduria,1
3928,ENSEMBL:ENSMODG00000003423,ORTH,ENSEMBL:ENSMODG00000003423,5
3929,HGNC:21686,GENE,RNASET2,3
3930,MP:0001680,DISO,abnormal mesoderm development,1
3931,ZP:0008445,DISO,"hair cell lateral crista morphology, abnormal",1
3932,MP:0000965,DISO,abnormal sensory neuron morphology,1
3933,MONARCH:APO_0000131APO_0000004,GENO,protein/peptide modification:increased,4
3934,WBPhenotype:0000885,DISO,engulfment variant,1
3935,WBPhenotype:0000961,DISO,pattern of transgene expression variant,1
3936,WBPhenotype:0000832,DISO,C lineage variant,1
3937,FBcv:0007508,DISO,decreased size,1
3938,ENSEMBL:ENSPTRG00000038721,ORTH,ENSEMBL:ENSPTRG00000038721,5
3939,FlyBase:FBgn0263006,ORTH,SERCA,5
3940,HP:0005815,DISO,Supernumerary ribs,1
3941,MP:0008496,DISO,decreased IgG2a level,1
3942,MP:0002841,DISO,impaired skeletal muscle contractility,1
3943,ENSEMBL:ENSCAFG00000008608,ORTH,ENSEMBL:ENSCAFG00000008608,5
3944,ENSEMBL:ENSECAG00000002350,ORTH,ENSEMBL:ENSECAG00000002350,5
3945,MP:0004852,DISO,decreased testis weight,1
3946,MP:0000749,DISO,muscle degeneration,1
3947,MP:0004188,DISO,delayed embryo turning,1
3948,FlyBase:FBgn0259108,ORTH,futsch,5
3949,ENSEMBL:ENSMODG00000014313,ORTH,ENSEMBL:ENSMODG00000014313,5
3950,ENSEMBL:ENSOANG00000012207,ORTH,ENSEMBL:ENSOANG00000012207,5
3951,ZP:0001828,DISO,"post-vent region malformed, abnormal",1
3952,ENSEMBL:ENSACAG00000002260,ORTH,ENSEMBL:ENSACAG00000002260,5
3953,ENSEMBL:ENSACAG00000009759,ORTH,ENSEMBL:ENSACAG00000009759,5
3954,ZP:0020375,DISO,"heart tube decreased amount, abnormal",1
3955,ENSEMBL:ENSFCAG00000024404,ORTH,ENSEMBL:ENSFCAG00000024404,5
3956,MP:0001905,DISO,abnormal dopamine level,1
3957,ENSEMBL:ENSECAG00000017817,ORTH,ENSEMBL:ENSECAG00000017817,5
3958,HGNC:7879,GENE,CNOT3,3
3959,ENSEMBL:ENSACAG00000015744,ORTH,ENSEMBL:ENSACAG00000015744,5
3960,FBcv:0000428,DISO,abnormal cell size,1
3961,Xenbase:XB-GENE-5799894,ORTH,tenm2,5
3962,HGNC:8161,GENE,OR10A2,3
3963,ZP:0020242,DISO,"eye photoreceptor cell accumulation vacuole eye photoreceptor cell, abnormal",1
3964,HP:0000324,DISO,Facial asymmetry,1
3965,HP:0009804,DISO,Tooth agenesis,1
3966,MP:0004564,DISO,enlarged myocardial fiber,1
3967,ZFIN:ZDB-GENE-990415-131,ORTH,htt,5
3968,MP:0009747,DISO,impaired behavioral response to xenobiotic,1
3969,MP:0001922,DISO,reduced male fertility,1
3970,MONARCH:APO_0000310APO_0000246,GENO,growth in exponential phase:increased rate,4
3971,FlyBase:FBgn0029969,ORTH,CG10932,5
3972,WBPhenotype:0001903,DISO,centrosome biogenesis variant,1
3973,dictyBase:DDB_G0282295,GENO,ubqA,4
3974,ZP:0001056,DISO,"palatoquadrate cartilage aplastic, abnormal",1
3975,HP:0001712,DISO,Left ventricular hypertrophy,1
3976,MP:0020935,DISO,decreased susceptibility to Retroviridae infection,1
3977,HGNC:6769,GENE,SMAD3,3
3978,ENSEMBL:ENSPTRG00000009851,ORTH,ENSEMBL:ENSPTRG00000009851,5
3979,ZP:0010292,DISO,"sarcoma trunk present, abnormal",1
3980,ENSEMBL:ENSGALG00000010060,ORTH,ENSEMBL:ENSGALG00000010060,5
3981,ZP:0000409,DISO,"locomotion decreased process quality, abnormal",1
3982,RGD:619740,ORTH,Rab9a,5
3983,ENSEMBL:ENSSSCG00000036310,ORTH,RFXANK,5
3984,ENSEMBL:ENSGALG00000008572,ORTH,ENSEMBL:ENSGALG00000008572,5
3985,WBPhenotype:0002337,DISO,path curvature decreased,1
3986,WormBase:WBGene00008852,ORTH,ubql-1,5
3987,ZP:0009506,DISO,"nucleate erythrocyte proportionality to nucleus cytoplasm nucleate erythrocyte, abnormal",1
3988,FBcv:0000366,DISO,female sterile,1
3989,ENSEMBL:ENSGALG00000007528,ORTH,TCERG1,5
3990,ENSEMBL:ENSFCAG00000001112,ORTH,ENSEMBL:ENSFCAG00000001112,5
3991,ZP:0002998,DISO,"lens hypoplastic, abnormal",1
3992,WBPhenotype:0002072,DISO,carbohydrate metabolism variant,1
3993,Coriell:GM04210,GENO,NIGMS-GM04210,4
3994,ENSEMBL:ENSRNOG00000033057,ORTH,D3ZGY4,5
3995,EFO:0002892,GENO,thyroid carcinoma,4
3996,MGI:1201387,ORTH,Nlk,5
3997,FlyBase:FBgn0028692,ORTH,Rpn2,5
3998,MP:0012113,DISO,decreased inner cell mass proliferation,1
3999,ZP:0002185,DISO,"neuron projection development disrupted, abnormal",1
4000,SGD:S000000344,ORTH,IRA1,5
4001,MGI:2654144,ORTH,Ercc6l,5
4002,PomBase:SPAC13G7.02c,GENO,ssa1,4
4003,ENSEMBL:ENSBTAG00000038619,ORTH,LOC512672,5
4004,ZP:0005765,DISO,"lens morphogenesis in camera-type eye process quality, abnormal",1
4005,ENSEMBL:ENSFCAG00000010881,ORTH,ENSEMBL:ENSFCAG00000010881,5
4006,MP:0009154,DISO,pancreatic acinar hypoplasia,1
4007,ZFIN:ZDB-GENE-031016-1,ORTH,ing5a,5
4008,UBERON:0001951,ANAT,epithelium of nasopharynx,0
4009,ENSEMBL:ENSECAG00000007197,ORTH,ENSEMBL:ENSECAG00000007197,5
4010,ENSEMBL:ENSMODG00000014806,ORTH,ENSEMBL:ENSMODG00000014806,5
4011,ENSEMBL:ENSCAFG00000009169,ORTH,AMFR,5
4012,ENSEMBL:ENSMODG00000003648,ORTH,ENSEMBL:ENSMODG00000003648,5
4013,ENSEMBL:ENSMODG00000007217,ORTH,ENSEMBL:ENSMODG00000007217,5
4014,MP:0000060,DISO,delayed bone ossification,1
4015,RGD:621140,ORTH,G3bp1,5
4016,SGD:S000003478,ORTH,BRF1,5
4017,ENSEMBL:ENSCAFG00000006950,ORTH,SP1,5
4018,dictyBase:DDB_G0281215,GENO,TFIIIB2,4
4019,MGI:95294,ORTH,Egfr,5
4020,ENSEMBL:ENSMMUG00000009116,ORTH,ENSEMBL:ENSMMUG00000009116,5
4021,GO:0031648,PHYS,protein destabilization,6
4022,WormBase:WBGene00010922,ORTH,M142.5,5
4023,dbSNP:rs73191188,GENO,rs73191188-A,4
4024,MP:0006007,DISO,abnormal basal ganglion morphology,1
4025,RGD:628886,ORTH,Optn,5
4026,ENSEMBL:ENSOANG00000048825,ORTH,ENSEMBL:ENSOANG00000048825,5
4027,ENSEMBL:ENSPTRG00000051554,ORTH,ENSEMBL:ENSPTRG00000051554,5
4028,ENSEMBL:ENSOANG00000008888,ORTH,ENSEMBL:ENSOANG00000008888,5
4029,dbSNP:rs114688092,GENO,rs114688092-?,4
4030,ENSEMBL:ENSCAFG00000016519,ORTH,PPARGC1A,5
4031,FlyBase:FBgn0031492,ORTH,Prp40,5
4032,ENSEMBL:ENSBTAG00000021569,ORTH,DDB1,5
4033,ENSEMBL:ENSMODG00000024136,ORTH,ENSEMBL:ENSMODG00000024136,5
4034,MP:0020038,DISO,retinal macular degeneration,1
4035,RGD:620475,ORTH,Npy2r,5
4036,ENSEMBL:ENSSSCG00000033162,ORTH,UBAC1,5
4037,MP:0004087,DISO,abnormal muscle fiber morphology,1
4038,dictyBase:DDB_G0273249,GENO,hspE-1,4
4039,MP:0008396,DISO,abnormal osteoclast differentiation,1
4040,Coriell:GM05560,GENO,NIGMS-GM05560,4
4041,MP:0002919,DISO,enhanced paired-pulse facilitation,1
4042,ZP:0004704,DISO,"endocrine pancreas development disrupted, abnormal",1
4043,ENSEMBL:ENSOANG00000036554,ORTH,ENSEMBL:ENSOANG00000036554,5
4044,ENSEMBL:ENSMODG00000015187,ORTH,ENSEMBL:ENSMODG00000015187,5
4045,ENSEMBL:ENSGALG00000001013,ORTH,PPP6C,5
4046,ZP:0011932,DISO,"nuclear pore retina malformed, abnormal",1
4047,MGI:1312921,ORTH,Casp6,5
4048,ENSEMBL:ENSACAG00000013405,ORTH,ENSEMBL:ENSACAG00000013405,5
4049,ENSEMBL:ENSFCAG00000010286,ORTH,ENSEMBL:ENSFCAG00000010286,5
4050,ZP:0008467,DISO,"brain morphogenesis arrested, abnormal",1
4051,FBcv:0000709,DISO,abnormal cell number,1
4052,EnsemblGenome:AT1G10230,ORTH,EnsemblGenome:AT1G10230,5
4053,RGD:1598370,ORTH,RT1-N3,5
4054,ENSEMBL:ENSMMUG00000008833,ORTH,ENSEMBL:ENSMMUG00000008833,5
4055,ENSEMBL:ENSGALG00000010042,ORTH,ENSEMBL:ENSGALG00000010042,5
4056,MP:0005367,DISO,renal/urinary system phenotype,1
4057,FlyBase:FBgn0029812,ORTH,Prosbeta2R1,5
4058,ENSEMBL:ENSRNOG00000039674,ORTH,D4A7L5,5
4059,ENSEMBL:ENSSSCG00000008194,ORTH,ACTR1B,5
4060,SGD:S000005787,ORTH,RPN8,5
4061,ENSEMBL:ENSMODG00000017481,ORTH,ENSEMBL:ENSMODG00000017481,5
4062,MP:0011094,DISO,"embryonic lethality before implantation, complete penetrance",1
4063,ENSEMBL:ENSMODG00000007594,ORTH,ENSEMBL:ENSMODG00000007594,5
4064,ENSEMBL:ENSMODG00000003397,ORTH,ENSEMBL:ENSMODG00000003397,5
4065,dictyBase:DDB_G0284075,GENO,DDB0185824,4
4066,ENSEMBL:ENSBTAG00000015780,ORTH,ENSEMBL:ENSBTAG00000015780,5
4067,RGD:1563566,ORTH,Ubqln2,5
4068,HP:0001595,DISO,Abnormal hair morphology,1
4069,MP:0009964,DISO,abnormal cerebellum lobule morphology,1
4070,WBPhenotype:0002608,DISO,humpback,1
4071,HP:0003811,DISO,Neonatal death,1
4072,ZP:0018476,DISO,"axon peripheral neuron shape, abnormal",1
4073,MONARCH:APO_0000255APO_0000250,GENO,cell cycle progression in G1 phase:arrested,4
4074,ENSEMBL:ENSMODG00000011795,ORTH,ENSEMBL:ENSMODG00000011795,5
4075,MP:0010850,DISO,"increased effector memory CD8-positive, alpha-beta T cell number",1
4076,ZFIN:ZDB-GENE-040718-390,ORTH,slc2a3a,5
4077,MP:0002442,DISO,abnormal leukocyte physiology,1
4078,HP:0001258,DISO,Spastic paraplegia,1
4079,dictyBase:DDB_G0283021,GENO,sodB,4
4080,FBcv:0000444,DISO,hyperplasia,1
4081,ENSEMBL:ENSCAFG00000016809,ORTH,RBM25,5
4082,ZFIN:ZDB-GENE-060503-11,ORTH,ccdc126,5
4083,Coriell:GM06443,GENO,NIGMS-GM06443,4
4084,MONARCH:APO_0000132APO_0000002,GENO,RNA localization:abnormal,4
4085,ENSEMBL:ENSSSCG00000028036,ORTH,MAP3K10,5
4086,MGI:107745,ORTH,Dctn1,5
4087,FlyBase:FBgn0261403,ORTH,sxc,5
4088,ENSEMBL:ENSMODG00000008993,ORTH,ENSEMBL:ENSMODG00000008993,5
4089,WormBase:WBGene00018987,ORTH,lgl-1,5
4090,ENSEMBL:ENSFCAG00000014377,ORTH,ENSEMBL:ENSFCAG00000014377,5
4091,HP:0001931,DISO,Hypochromic anemia,1
4092,WBPhenotype:0002216,DISO,pattern antibody staining variant,1
4093,Xenbase:XB-GENE-1005572,ORTH,psmd13,5
4094,ZP:0010100,DISO,"pharyngeal arch 1 disoriented, abnormal",1
4095,ZP:0011935,DISO,"nuclear pore intestine malformed, abnormal",1
4096,Xenbase:XB-GENE-992563,ORTH,crmp1,5
4097,WormBase:WBGene00008124,ORTH,C47A4.3,5
4098,ENSEMBL:ENSECAG00000040697,ORTH,ENSEMBL:ENSECAG00000040697,5
4099,ZFIN:ZDB-GENE-030131-858,ORTH,stx6,5
4100,ENSEMBL:ENSBTAG00000012049,ORTH,ENSEMBL:ENSBTAG00000012049,5
4101,MGI:2676637,ORTH,H2-M11,5
4102,HGNC:11205,GENE,SP1,3
4103,HP:0000855,DISO,Insulin resistance,1
4104,ZP:0018592,DISO,"ventral wall of dorsal aorta decreased amount, abnormal",1
4105,ZP:0100053,DISO,"central region retina increased amount, abnormal",1
4106,ZP:0002448,DISO,"retinal outer nuclear layer disorganized, abnormal",1
4107,WBPhenotype:0000272,DISO,egg laying irregular,1
4108,WBPhenotype:0000463,DISO,metabolic pathway variant,1
4109,ENSEMBL:ENSGALG00000008424,ORTH,ENSEMBL:ENSGALG00000008424,5
4110,MP:0020427,DISO,increased hepatocyte karyomegaly,1
4111,ENSEMBL:ENSMMUG00000010401,ORTH,ENSEMBL:ENSMMUG00000010401,5
4112,HGNC:4566,GENE,GRB2,3
4113,ENSEMBL:ENSCAFG00000014484,ORTH,ETV4,5
4114,HGNC:5232,GENE,HSPA1A,3
4115,MP:0001363,DISO,increased anxiety-related response,1
4116,MONARCH:APO_0000027APO_0000004,GENO,filamentous growth:increased,4
4117,WormBase:WBGene00008453,ORTH,E02A10.3,5
4118,WormBase:WBGene00001230,ORTH,eif-3.G,5
4119,ENSEMBL:ENSPTRG00000020591,ORTH,ENSEMBL:ENSPTRG00000020591,5
4120,HP:0000179,DISO,Thick lower lip vermilion,1
4121,HP:0000975,DISO,Hyperhidrosis,1
4122,WBPhenotype:0001951,DISO,pachytene region organization variant,1
4123,FlyBase:CG33094,ORTH,FlyBase:CG33094,5
4124,ZFIN:ZDB-GENE-060312-12,ORTH,casp6b.2,5
4125,ZP:0137434,DISO,"posterior segment eye lacks parts or has fewer parts of type proximal side retinal pigmented epithelium, abnormal",1
4126,dictyBase:DDB_G0289613,GENO,DDB0188491,4
4127,ENSEMBL:ENSMODG00000048958,ORTH,ENSEMBL:ENSMODG00000048958,5
4128,ENSEMBL:ENSCAFG00000049844,ORTH,POLR2H,5
4129,MP:0005559,DISO,increased circulating glucose level,1
4130,WormBase:WBGene00000288,ORTH,cal-4,5
4131,HP:0011876,DISO,Abnormal platelet volume,1
4132,ZP:0001536,DISO,"cardiac muscle cell cardiac ventricle increased amount, abnormal",1
4133,XPO:0141505,GENO,abnormal tadpole morphology,4
4134,ZFIN:ZDB-GENE-030131-5395,ORTH,st13,5
4135,ENSEMBL:ENSSSCG00000017379,ORTH,ENSEMBL:ENSSSCG00000017379,5
4136,WormBase:WBGene00019207,ORTH,fgt-1,5
4137,HP:0025097,DISO,Eyelid myoclonus,1
4138,MONARCH:APO_0000159APO_0000003,GENO,biofilm formation:decreased,4
4139,WBPhenotype:0000308,DISO,dauer development phenotype,1
4140,ENSEMBL:ENSOANG00000010605,ORTH,ENSEMBL:ENSOANG00000010605,5
4141,ENSEMBL:ENSECAG00000014690,ORTH,ENSEMBL:ENSECAG00000014690,5
4142,WormBase:WBGene00001685,ORTH,gpd-3,5
4143,EFO:0004784,GENO,self reported educational attainment,4
4144,ENSEMBL:ENSMMUG00000019305,ORTH,ENSEMBL:ENSMMUG00000019305,5
4145,ENSEMBL:ENSGALG00000003950,ORTH,ENSEMBL:ENSGALG00000003950,5
4146,ENSEMBL:ENSPTRG00000000136,ORTH,ENSEMBL:ENSPTRG00000000136,5
4147,SGD:S000003880,ORTH,JHD2,5
4148,ENSEMBL:ENSECAG00000009071,ORTH,ENSEMBL:ENSECAG00000009071,5
4149,ENSEMBL:ENSSSCG00000012055,ORTH,ENSEMBL:ENSSSCG00000012055,5
4150,MP:0008947,DISO,increased neuron number,1
4151,ZP:0001276,DISO,"cell retina disorganized, abnormal",1
4152,HGNC:4055,GENE,XRCC6,3
4153,ENSEMBL:ENSECAG00000010347,ORTH,ENSEMBL:ENSECAG00000010347,5
4154,ENSEMBL:ENSMODG00000016841,ORTH,ENSEMBL:ENSMODG00000016841,5
4155,WBPhenotype:0001139,DISO,nuclear envelope assembly variant early emb,1
4156,ENSEMBL:ENSMODG00000008482,ORTH,ENSEMBL:ENSMODG00000008482,5
4157,WormBase:WBGene00016995,ORTH,acly-1,5
4158,ZP:0019149,DISO,"eye photoreceptor cell has extra parts of type photoreceptor inner segment lysosome eye photoreceptor cell, abnormal",1
4159,HP:0000689,DISO,Dental malocclusion,1
4160,HP:0005403,DISO,T lymphocytopenia,1
4161,ZP:0004377,DISO,"muscle fiber development disrupted, abnormal",1
4162,ENSEMBL:ENSACAG00000004282,ORTH,ENSEMBL:ENSACAG00000004282,5
4163,MP:0009753,DISO,enhanced behavioral response to morphine,1
4164,ZP:0011941,DISO,"hypothalamus has extra parts of type posterior side dopaminergic neuron, abnormal",1
4165,RGD:620818,ORTH,Herpud1,5
4166,ZP:0003413,DISO,"ceratohyal cartilage deformed, abnormal",1
4167,MP:0003638,DISO,abnormal response/metabolism to endogenous compounds,1
4168,MP:0008671,DISO,abnormal interleukin-13 secretion,1
4169,MP:0000828,DISO,abnormal fourth ventricle morphology,1
4170,ENSEMBL:ENSMMUG00000000252,ORTH,ENSEMBL:ENSMMUG00000000252,5
4171,ENSEMBL:ENSPTRG00000020428,ORTH,ENSEMBL:ENSPTRG00000020428,5
4172,HP:0020054,DISO,Abnormal erythrocyte physiology,1
4173,ENSEMBL:ENSCAFG00000016286,ORTH,DNAJB1,5
4174,MP:0008965,DISO,increased basal metabolism,1
4175,WormBase:WBGene00000231,ORTH,atx-2,5
4176,ENSEMBL:ENSMMUG00000005224,ORTH,ENSEMBL:ENSMMUG00000005224,5
4177,HP:0000563,DISO,Keratoconus,1
4178,WBPhenotype:0001989,DISO,hypoxia hypersensitive,1
4179,ENSEMBL:ENSMMUG00000047011,ORTH,ENSEMBL:ENSMMUG00000047011,5
4180,ENSEMBL:ENSFCAG00000003098,ORTH,ENSEMBL:ENSFCAG00000003098,5
4181,ZFIN:ZDB-GENE-130206-9,ORTH,mhc1zfa,5
4182,ENSEMBL:ENSACAG00000000167,ORTH,ENSEMBL:ENSACAG00000000167,5
4183,ZP:0002075,DISO,"amacrine cell decreased amount, abnormal",1
4184,dictyBase:DDB_G0280435,GENO,dynA,4
4185,WBPhenotype:0001889,DISO,body wall muscle sarcomere morphology variant,1
4186,MP:0010939,DISO,abnormal mandibular prominence morphology,1
4187,ENSEMBL:ENSFCAG00000001256,ORTH,ENSEMBL:ENSFCAG00000001256,5
4188,Coriell:GM04819,GENO,NIGMS-GM04819,4
4189,ZP:0019986,DISO,"neural plate decreased rate cell migration, abnormal",1
4190,ZP:0000411,DISO,"swim bladder aplastic, abnormal",1
4191,ENSEMBL:ENSCAFG00000001610,ORTH,VPS28,5
4192,MGI:108064,ORTH,Siah1a,5
4193,HP:0030770,DISO,Craniorachischisis,1
4194,MP:0001052,DISO,abnormal innervation pattern to muscle,1
4195,ENSEMBL:ENSSSCG00000039094,ORTH,PLEC,5
4196,ENSEMBL:ENSPTRG00000017195,ORTH,ENSEMBL:ENSPTRG00000017195,5
4197,WBPhenotype:0001778,DISO,nuclear RNAi defective,1
4198,MP:0008497,DISO,decreased IgG2b level,1
4199,MGI:1860512,ORTH,Prpf40a,5
4200,MP:0020859,DISO,disorganized corneal epithelium,1
4201,ZP:0008621,DISO,"retinal ganglion cell increased amount, abnormal",1
4202,HP:0000506,DISO,Telecanthus,1
4203,ENSEMBL:ENSPTRG00000006153,ORTH,ENSEMBL:ENSPTRG00000006153,5
4204,WBPhenotype:0001029,DISO,patchy coloration,1
4205,ENSEMBL:ENSPTRG00000014722,ORTH,ENSEMBL:ENSPTRG00000014722,5
4206,ZP:0006389,DISO,"retinal outer nuclear layer absent, abnormal",1
4207,MONARCH:APO_0000127APO_0000002,GENO,nuclear export:abnormal,4
4208,ZP:0004010,DISO,"retinal inner plexiform layer decayed, abnormal",1
4209,ZP:0006126,DISO,"atrial ventricular junction remodeling disrupted, abnormal",1
4210,Xenbase:XB-GENE-955502,ORTH,ftmt,5
4211,ZP:0002293,DISO,"fin malformed, abnormal",1
4212,HGNC:23024,GENE,COMMD1,3
4213,FlyBase:FBgn0036496,ORTH,cocoon,5
4214,MP:0010725,DISO,thin interventricular septum,1
4215,FlyBase:FBgn0031090,ORTH,Rab35,5
4216,WBPhenotype:0001964,DISO,dopaminergic fate atypical,1
4217,HP:0010628,DISO,Facial palsy,1
4218,dictyBase:DDB_G0280037,GENO,ddj1,4
4219,ENSEMBL:ENSCAFG00000010362,ORTH,J9P932,5
4220,MP:0005348,DISO,increased T cell proliferation,1
4221,PomBase:SPAC12G12.03,GENO,cip2,4
4222,ZP:0003668,DISO,"forerunner cell group decreased amount, abnormal",1
4223,ZFIN:ZDB-GENE-030131-6544,ORTH,eef1db,5
4224,MP:0005659,DISO,decreased susceptibility to diet-induced obesity,1
4225,WBPhenotype:0001303,DISO,extra and ectopic cell,1
4226,RGD:1359219,ORTH,Cnot10,5
4227,ZP:0019151,DISO,"eye photoreceptor cell has extra parts of type photoreceptor outer segment vesicle eye photoreceptor cell, abnormal",1
4228,ZP:0005260,DISO,"olfactory placode morphology, abnormal",1
4229,ENSEMBL:ENSMODG00000010180,ORTH,ENSEMBL:ENSMODG00000010180,5
4230,ENSEMBL:ENSACAG00000014787,ORTH,ENSEMBL:ENSACAG00000014787,5
4231,dictyBase:DDB_G0269104,GENO,calB,4
4232,MP:0008597,DISO,decreased circulating interleukin-6 level,1
4233,PomBase:SPAC2F7.10,GENO,akr1,4
4234,MP:0008769,DISO,abnormal plasmacytoid dendritic cell physiology,1
4235,MP:0013180,DISO,truncated tail bud,1
4236,WBPhenotype:0001135,DISO,embryonic morphology defective early emb,1
4237,MONARCH:APO_0000052APO_0000003,GENO,cell size:decreased,4
4238,RGD:1359499,ORTH,RT1-T24-1,5
4239,ENSEMBL:ENSRNOG00000058719,ORTH,ENSEMBL:ENSRNOG00000058719,5
4240,ENSEMBL:ENSCAFG00000020081,ORTH,ENSEMBL:ENSCAFG00000020081,5
4241,EnsemblGenome:BAA15001,ORTH,EnsemblGenome:BAA15001,5
4242,HP:0007481,DISO,Hyperpigmented nevi,1
4243,ZP:0001197,DISO,"neuron apoptotic, abnormal",1
4244,ZP:0011505,DISO,"posterior margin midbrain increased width, abnormal",1
4245,ENSEMBL:ENSFCAG00000004808,ORTH,ENSEMBL:ENSFCAG00000004808,5
4246,ENSEMBL:ENSGALG00000031461,ORTH,CTDP1,5
4247,RGD:61848,ORTH,Psma5,5
4248,HGNC:19426,GENE,IPO4,3
4249,ENSEMBL:ENSFCAG00000005468,ORTH,ENSEMBL:ENSFCAG00000005468,5
4250,FBcv:0000365,DISO,semi-sterile,1
4251,WBPhenotype:0001719,DISO,unfolded protein response variant,1
4252,MP:0006108,DISO,abnormal hindbrain development,1
4253,ENSEMBL:ENSPTRG00000010424,ORTH,ENSEMBL:ENSPTRG00000010424,5
4254,MP:0005391,DISO,vision/eye phenotype,1
4255,HGNC:1027,GENE,BDH1,3
4256,ZP:0106671,DISO,"granulocyte ventral wall of dorsal aorta decreased amount, abnormal",1
4257,ENSEMBL:ENSPTRG00000046571,ORTH,ENSEMBL:ENSPTRG00000046571,5
4258,RGD:3234,ORTH,Oprm1,5
4259,HP:0040238,DISO,Impaired neutrophil chemotaxis,1
4260,FlyBase:FBgn0037538,ORTH,CG3223,5
4261,PomBase:SPBC119.08,GENO,pmk1,4
4262,ENSEMBL:ENSPTRG00000019667,ORTH,ENSEMBL:ENSPTRG00000019667,5
4263,HP:0002015,DISO,Dysphagia,1
4264,ZP:0007731,DISO,"myotome detached from myofibril vertical myoseptum, abnormal",1
4265,ENSEMBL:ENSMMUG00000002569,ORTH,ENSEMBL:ENSMMUG00000002569,5
4266,FlyBase:FBgn0026418,ORTH,Hsc70Cb,5
4267,MP:0011160,DISO,dermal-epidermal separation,1
4268,EnsemblGenome:AT5G56030,ORTH,EnsemblGenome:AT5G56030,5
4269,ENSEMBL:ENSACAG00000016470,ORTH,ENSEMBL:ENSACAG00000016470,5
4270,MP:0020470,DISO,shortened circadian behavior period,1
4271,MONARCH:APO_0000199APO_0000004,GENO,chitin deposition:increased,4
4272,WormBase:WBGene00008805,ORTH,git-1,5
4273,HP:0001993,DISO,Ketoacidosis,1
4274,ZP:0105777,DISO,"pronephric duct increased distribution, abnormal",1
4275,MP:0000647,DISO,abnormal sebaceous gland morphology,1
4276,ENSEMBL:ENSOANG00000004989,ORTH,ENSEMBL:ENSOANG00000004989,5
4277,HP:0030842,DISO,Choking episodes,1
4278,ENSEMBL:ENSOANG00000010001,ORTH,ENSEMBL:ENSOANG00000010001,5
4279,MP:0001417,DISO,decreased exploration in new environment,1
4280,MP:0006073,DISO,abnormal retinal bipolar cell morphology,1
4281,ZP:0009315,DISO,"ectoderm delaminated, abnormal",1
4282,HGNC:20234,GENE,EVL,3
4283,ZP:0006182,DISO,"trunk musculature refractivity, abnormal",1
4284,MP:0001800,DISO,abnormal humoral immune response,1
4285,ENSEMBL:ENSOANG00000009310,ORTH,ENSEMBL:ENSOANG00000009310,5
4286,MONARCH:APO_0000277APO_0000117,GENO,prion loss:normal,4
4287,HP:0002059,DISO,Cerebral atrophy,1
4288,ZFIN:ZDB-GENE-051202-1,ORTH,grin1a,5
4289,HP:0004444,DISO,Spherocytosis,1
4290,ZFIN:ZDB-GENE-030131-9372,ORTH,ubac1,5
4291,MP:0009141,DISO,increased prepulse inhibition,1
4292,MGI:2386951,ORTH,Tg(HDexon1)62Gpb,5
4293,MP:0002822,DISO,catalepsy,1
4294,ZP:0001270,DISO,"ventricular system dilated, abnormal",1
4295,ZP:0002343,DISO,"cell retina apoptotic, abnormal",1
4296,ZP:0012327,DISO,"sleep process quality, abnormal",1
4297,Xenbase:XB-GENE-1013462,ORTH,htt,5
4298,Coriell:GM04767,GENO,NIGMS-GM04767,4
4299,HP:0001596,DISO,Alopecia,1
4300,HP:0004279,DISO,Short palm,1
4301,ENSEMBL:ENSCAFG00000006938,ORTH,HAUS5,5
4302,WBPhenotype:0001837,DISO,diet induced life span variant,1
4303,HGNC:1774,GENE,CDK5,3
4304,ENSEMBL:ENSFCAG00000008821,ORTH,ENSEMBL:ENSFCAG00000008821,5
4305,WBPhenotype:0002291,DISO,body posture amplitude variant,1
4306,HP:0004312,DISO,Abnormal reticulocyte morphology,1
4307,ENSEMBL:ENSECAG00000015514,ORTH,ENSEMBL:ENSECAG00000015514,5
4308,WormBase:WBGene00044071,ORTH,dhhc-14,5
4309,dictyBase:DDB_G0284679,GENO,DDB0186138,4
4310,ENSEMBL:ENSSSCG00000021355,ORTH,SOD1,5
4311,ENSEMBL:ENSFCAG00000011488,ORTH,ENSEMBL:ENSFCAG00000011488,5
4312,ZP:0000343,DISO,"cell migration in diencephalon delayed, abnormal",1
4313,RGD:735116,ORTH,Commd3,5
4314,HGNC:1029,GENE,BDKRB1,3
4315,FBcv:0000357,DISO,abnormal size,1
4316,HP:0000431,DISO,Wide nasal bridge,1
4317,ENSEMBL:ENSBTAG00000012885,ORTH,ENSEMBL:ENSBTAG00000012885,5
4318,ENSEMBL:ENSFCAG00000036800,ORTH,ENSEMBL:ENSFCAG00000036800,5
4319,MONARCH:APO_0000310APO_0000245,GENO,growth in exponential phase:decreased rate,4
4320,ENSEMBL:ENSSSCG00000008376,ORTH,COMMD1,5
4321,MP:0020351,DISO,decreased vocalization,1
4322,Coriell:GM04281,GENO,NIGMS-GM04281,4
4323,MGI:4438239,ORTH,Tg(HTT*)BXwy [FVB-Tg(HTT*)BXwy],5
4324,FlyBase:CG9765,ORTH,FlyBase:CG9765,5
4325,PomBase:SPBC691.03c,GENO,apl3,4
4326,ENSEMBL:ENSOANG00000008521,ORTH,ENSEMBL:ENSOANG00000008521,5
4327,dictyBase:DDB_G0285683,GENO,eif3I,4
4328,ZP:0017290,DISO,"prechordal plate absent, abnormal",1
4329,ENSEMBL:ENSGALG00000040882,ORTH,ENSEMBL:ENSGALG00000040882,5
4330,MP:0000885,DISO,ectopic Purkinje cell,1
4331,MP:0003886,DISO,abnormal embryonic epiblast morphology,1
4332,ENSEMBL:ENSACAG00000024638,ORTH,ENSEMBL:ENSACAG00000024638,5
4333,ENSEMBL:ENSACAG00000015688,ORTH,ENSEMBL:ENSACAG00000015688,5
4334,MP:0010103,DISO,small thoracic cage,1
4335,ENSEMBL:ENSCAFG00000010856,ORTH,ENSEMBL:ENSCAFG00000010856,5
4336,FlyBase:FBgn0024509,ORTH,Sec13,5
4337,HP:0002072,DISO,Chorea,1
4338,ENSEMBL:ENSECAG00000013510,ORTH,ENSEMBL:ENSECAG00000013510,5
4339,WormBase:WBGene00002981,ORTH,lgg-2,5
4340,dictyBase:DDB_G0274605,GENO,gefR,4
4341,HP:0001558,DISO,Decreased fetal movement,1
4342,ENSEMBL:ENSBTAG00000016265,ORTH,ENSEMBL:ENSBTAG00000016265,5
4343,ENSEMBL:ENSECAG00000035532,ORTH,ENSEMBL:ENSECAG00000035532,5
4344,MGI:95959,ORTH,H2-T3,5
4345,FlyBase:FBgn0003890,ORTH,betaTub97EF,5
4346,WBPhenotype:0000040,DISO,one cell arrest early emb,1
4347,MP:0001874,DISO,acanthosis,1
4348,ENSEMBL:ENSBTAG00000019216,ORTH,ENSEMBL:ENSBTAG00000019216,5
4349,WBPhenotype:0002309,DISO,pausing decreased,1
4350,Xenbase:XB-GENE-950195,ORTH,lamtor5,5
4351,ENSEMBL:ENSMMUG00000009015,ORTH,ENSEMBL:ENSMMUG00000009015,5
4352,ENSEMBL:ENSMODG00000007497,ORTH,ENSEMBL:ENSMODG00000007497,5
4353,ENSEMBL:ENSOANG00000009257,ORTH,ENSEMBL:ENSOANG00000009257,5
4354,ENSEMBL:ENSACAG00000002641,ORTH,ENSEMBL:ENSACAG00000002641,5
4355,ENSEMBL:ENSACAG00000015203,ORTH,ENSEMBL:ENSACAG00000015203,5
4356,HP:0002421,DISO,Poor head control,1
4357,dictyBase:DDB_G0293786,GENO,DDB_G0293786,4
4358,HGNC:17780,GENE,ACTBL2,3
4359,MP:0003950,DISO,abnormal plasma membrane morphology,1
4360,WBPhenotype:0001940,DISO,rachis morphology variant,1
4361,ZP:0003115,DISO,"intermediate cell mass of mesoderm increased size, abnormal",1
4362,FlyBase:FBal0209708,ORTH,htt[GD14339],5
4363,ZP:0018349,DISO,"central nervous system decreased thickness, abnormal",1
4364,ZP:0003405,DISO,"lysosome CNS neuron (sensu Vertebrata) increased size, abnormal",1
4365,WBPhenotype:0002287,DISO,tail movement variant,1
4366,ENSEMBL:ENSBTAG00000011922,ORTH,PLEC,5
4367,MGI:4438238,ORTH,Tg(HTT*97Q)LXwy [FVB-Tg(HTT*97Q)LXwy],5
4368,MP:0020070,DISO,decreased neocortex volume,1
4369,WBPhenotype:0002286,DISO,head bend angle increased,1
4370,MP:0002971,DISO,abnormal brown adipose tissue morphology,1
4371,ZFIN:ZDB-GENE-061110-40,ORTH,zgc:152816,5
4372,ENSEMBL:ENSPTRG00000020202,ORTH,ENSEMBL:ENSPTRG00000020202,5
4373,ZP:0001242,DISO,"yolk swollen, abnormal",1
4374,ZP:0010091,DISO,"pharyngeal arch 3-7 skeleton has fewer parts of type pharyngeal arch cartilage, abnormal",1
4375,HP:0011873,DISO,Abnormal platelet count,1
4376,ENSEMBL:ENSFCAG00000004171,ORTH,ENSEMBL:ENSFCAG00000004171,5
4377,ZP:0002188,DISO,"somite deformed, abnormal",1
4378,HGNC:1504,GENE,CASP3,3
4379,dictyBase:DDB_G0287689,GENO,tubA,4
4380,HP:0001638,DISO,Cardiomyopathy,1
4381,MP:0004528,DISO,fused outer hair cell stereocilia,1
4382,ENSEMBL:ENSACAG00000001423,ORTH,ENSEMBL:ENSACAG00000001423,5
4383,HP:0008410,DISO,Subungual hyperkeratotic fragments,1
4384,ZFIN:ZDB-GENE-040618-2,ORTH,psmb1,5
4385,ENSEMBL:ENSPTRG00000006977,ORTH,ENSEMBL:ENSPTRG00000006977,5
4386,ENSEMBL:ENSBTAG00000005239,ORTH,ENSEMBL:ENSBTAG00000005239,5
4387,ZP:0004005,DISO,"eye size, abnormal",1
4388,MP:0004981,DISO,decreased neuronal precursor cell number,1
4389,RGD:1310537,ORTH,Ipo9,5
4390,ENSEMBL:ENSMMUG00000018420,ORTH,ENSEMBL:ENSMMUG00000018420,5
4391,FBcv:0000390,DISO,hypoactive,1
4392,ENSEMBL:ENSECAG00000024742,ORTH,ENSEMBL:ENSECAG00000024742,5
4393,ENSEMBL:ENSECAG00000004216,ORTH,ENSEMBL:ENSECAG00000004216,5
4394,MP:0001705,DISO,abnormal proximal-distal axis patterning,1
4395,ZP:0000652,DISO,"eye decreased diameter, abnormal",1
4396,ZP:0004008,DISO,"cranial nerve II decreased width, abnormal",1
4397,MGI:103016,ORTH,Ppp1ca,5
4398,FBcv:0002022,DISO,some die during second instar larval stage,1
4399,ENSEMBL:ENSACAG00000004408,ORTH,ENSEMBL:ENSACAG00000004408,5
4400,ENSEMBL:ENSACAG00000017899,ORTH,ENSEMBL:ENSACAG00000017899,5
4401,ZFIN:ZDB-GENE-081104-199,ORTH,rnf216,5
4402,ZP:0001337,DISO,"whole organism increased occurrence apoptotic process, abnormal",1
4403,dictyBase:DDB_G0272340,GENO,DDB_G0272340,4
4404,Xenbase:XB-GENE-995488,ORTH,setd2,5
4405,FlyBase:FBgn0034838,ORTH,CG12782,5
4406,MP:0002920,DISO,decreased paired-pulse facilitation,1
4407,HP:0001133,DISO,Constriction of peripheral visual field,1
4408,MGI:2144790,ORTH,Ighg3,5
4409,ENSEMBL:ENSBTAG00000018207,ORTH,ENSEMBL:ENSBTAG00000018207,5
4410,ZFIN:ZDB-GENE-040801-62,ORTH,rab35b,5
4411,MP:0004753,DISO,abnormal miniature excitatory postsynaptic currents,1
4412,HP:0000651,DISO,Diplopia,1
4413,WBPhenotype:0002341,DISO,bent posture variant,1
4414,PomBase:SPBC36.07,GENO,elp1,4
4415,ENSEMBL:ENSSSCG00000017287,ORTH,PSMC5,5
4416,MP:0001391,DISO,abnormal tail movements,1
4417,ENSEMBL:ENSSSCG00000028886,ORTH,IPO7,5
4418,ZP:0000766,DISO,"post-vent region bent, abnormal",1
4419,WormBase:WBGene00012209,ORTH,hmg-20,5
4420,dictyBase:DDB_G0282651,GENO,rsmN,4
4421,ENSEMBL:ENSCAFG00000014808,ORTH,ADD1,5
4422,ZP:0138049,DISO,"response to absence of light increased process quality, abnormal",1
4423,MONARCH:APO_0000074APO_0000005,GENO,autophagy:absent,4
4424,dictyBase:DDB_G0284411,GENO,dng1,4
4425,ENSEMBL:ENSSSCG00000029944,ORTH,FASN,5
4426,RGD:3329,ORTH,Pik3r1,5
4427,MP:0005166,DISO,decreased susceptibility to injury,1
4428,ENSEMBL:ENSOANG00000029349,ORTH,ENSEMBL:ENSOANG00000029349,5
4429,WormBase:WBGene00010263,ORTH,wago-4,5
4430,ENSEMBL:ENSECAG00000012136,ORTH,ENSEMBL:ENSECAG00000012136,5
4431,ZP:0100869,DISO,"regenerating fin decreased area, abnormal",1
4432,dictyBase:DDB_G0277221,GENO,chcA,4
4433,ENSEMBL:ENSOANG00000008102,ORTH,ENSEMBL:ENSOANG00000008102,5
4434,FlyBase:FBgn0026252,ORTH,msk,5
4435,ENSEMBL:ENSSSCG00000003660,ORTH,ENSEMBL:ENSSSCG00000003660,5
4436,ENSEMBL:ENSOANG00000037837,ORTH,ENSEMBL:ENSOANG00000037837,5
4437,ZP:0002294,DISO,"gut decreased size, abnormal",1
4438,WormBase:WBGene00001030,ORTH,dnj-12,5
4439,HP:0100495,DISO,Mastocytosis,1
4440,ENSEMBL:ENSOANG00000013033,ORTH,ENSEMBL:ENSOANG00000013033,5
4441,ENSEMBL:ENSGALG00000004852,ORTH,ENSEMBL:ENSGALG00000004852,5
4442,MP:0009352,DISO,impaired spacing of implantation sites,1
4443,ENSEMBL:ENSACAG00000002915,ORTH,ENSEMBL:ENSACAG00000002915,5
4444,GO:1904504,PHYS,positive regulation of lipophagy,6
4445,ENSEMBL:ENSOANG00000010148,ORTH,ENSEMBL:ENSOANG00000010148,5
4446,ZFIN:ZDB-GENE-030131-7676,ORTH,usp14,5
4447,ENSEMBL:ENSMMUG00000020190,ORTH,ENSEMBL:ENSMMUG00000020190,5
4448,MP:0006123,DISO,tricuspid valve atresia,1
4449,PomBase:SPCC4B3.20,GENO,cmc2,4
4450,ENSEMBL:ENSMODG00000002006,ORTH,ENSEMBL:ENSMODG00000002006,5
4451,ZP:0003302,DISO,"ceratobranchial cartilage malformed, abnormal",1
4452,dictyBase:DDB_G0292406,GENO,rab4,4
4453,EFO:0004309,GENO,platelet count,4
4454,ENSEMBL:ENSPTRG00000010941,ORTH,ENSEMBL:ENSPTRG00000010941,5
4455,ZFIN:ZDB-GENE-030131-2987,ORTH,hbs1l,5
4456,ENSEMBL:ENSFCAG00000005392,ORTH,ENSEMBL:ENSFCAG00000005392,5
4457,MP:0006071,DISO,abnormal retinal progenitor cell morphology,1
4458,ENSEMBL:ENSACAG00000017072,ORTH,ENSEMBL:ENSACAG00000017072,5
4459,FlyBase:FBgn0015320,ORTH,Ubc2,5
4460,ENSEMBL:ENSOANG00000012904,ORTH,ENSEMBL:ENSOANG00000012904,5
4461,ENSEMBL:ENSMODG00000002929,ORTH,ENSEMBL:ENSMODG00000002929,5
4462,FlyBase:FBgn0003731,ORTH,Egfr,5
4463,ENSEMBL:ENSACAG00000000892,ORTH,ENSEMBL:ENSACAG00000000892,5
4464,ENSEMBL:ENSFCAG00000023182,ORTH,ENSEMBL:ENSFCAG00000023182,5
4465,ZP:0010101,DISO,"pharyngeal arch 1 mislocalised ventrally, abnormal",1
4466,ENSEMBL:ENSMODG00000047408,ORTH,ENSEMBL:ENSMODG00000047408,5
4467,ZP:0005933,DISO,"lipid metabolic process process quality, abnormal",1
4468,ZP:0012870,DISO,"apoptotic process process quality, abnormal",1
4469,ENSEMBL:ENSECAG00000014334,ORTH,ENSEMBL:ENSECAG00000014334,5
4470,MGI:101765,ORTH,Cdk5,5
4471,SGD:S000000445,ORTH,VVS1,5
4472,ENSEMBL:ENSOANG00000000244,ORTH,ENSEMBL:ENSOANG00000000244,5
4473,MP:0003695,DISO,delayed blastocyst hatching from the zona pellucida,1
4474,MP:0004250,DISO,tau protein deposits,1
4475,WormBase:WBGene00008920,ORTH,eef-1G,5
4476,PomBase:SPAC23C11.11,GENO,cka1,4
4477,ENSEMBL:ENSFCAG00000010939,ORTH,ENSEMBL:ENSFCAG00000010939,5
4478,MP:0009504,DISO,abnormal mammary gland epithelium morphology,1
4479,ZP:0103448,DISO,"breeding tubercle male organism deformed, abnormal",1
4480,MP:0000765,DISO,abnormal tongue squamous epithelium morphology,1
4481,WBPhenotype:0000202,DISO,alae variant,1
4482,MP:0002947,DISO,increased hemangioma incidence,1
4483,ZFIN:ZDB-GENE-070912-634,ORTH,pfkpb,5
4484,MGI:1923686,ORTH,Tufm,5
4485,ZP:0103456,DISO,"cell detached from cell, abnormal",1
4486,ENSEMBL:ENSMMUG00000009058,ORTH,ENSEMBL:ENSMMUG00000009058,5
4487,MONARCH:APO_0000149APO_0000002,GENO,protein/peptide accumulation:abnormal,4
4488,ZP:0003191,DISO,"liver increased size, abnormal",1
4489,HGNC:168,GENE,ACTR1B,3
4490,ENSEMBL:ENSACAG00000022197,ORTH,ENSEMBL:ENSACAG00000022197,5
4491,WBPhenotype:0000188,DISO,gonad arm morphology variant,1
4492,ZFIN:ZDB-GENE-030109-2,ORTH,ruvbl1,5
4493,ENSEMBL:ENSMMUG00000013669,ORTH,ENSEMBL:ENSMMUG00000013669,5
4494,MP:0001787,DISO,pericardial edema,1
4495,MP:0008022,DISO,dilated heart ventricle,1
4496,ZP:0001024,DISO,"lens protruding, abnormal",1
4497,MP:0008525,DISO,decreased cranium height,1
4498,WBPhenotype:0001079,DISO,cytoplasmic dynamics defective early emb,1
4499,MP:0005270,DISO,abnormal zygomatic bone morphology,1
4500,MGI:3530234,ORTH,Tg(HDexon1)62Gpb [involves: C57BL/6J * CBA/J],5
4501,PomBase:SPBP35G2.10,GENO,mit1,4
4502,ENSEMBL:ENSCAFG00000014682,ORTH,ENSEMBL:ENSCAFG00000014682,5
4503,MP:0005307,DISO,head tossing,1
4504,MGI:5466506,ORTH,Zdhhc13<Gt(AC0492)Wtsi>/Zdhhc13<Gt(AC0492)Wtsi> [FVB.129P2-Zdhhc13<Gt(AC0492)Wtsi>],5
4505,MP:0008917,DISO,abnormal oligodendrocyte physiology,1
4506,ZP:0002939,DISO,"T-tubule organization process quality, abnormal",1
4507,ENSEMBL:ENSOANG00000000394,ORTH,ENSEMBL:ENSOANG00000000394,5
4508,ENSEMBL:ENSCAFG00000031783,ORTH,ENSEMBL:ENSCAFG00000031783,5
4509,WBPhenotype:0000467,DISO,age associated fluorescence increased,1
4510,WBPhenotype:0001418,DISO,organism hypersensitive desiccation,1
4511,MP:0008515,DISO,thin retinal outer nuclear layer,1
4512,MP:0011703,DISO,increased fibroblast proliferation,1
4513,UBERON:0004993,ANAT,mucosa of sigmoid colon,0
4514,RGD:621725,ORTH,Hspa8,5
4515,ENSEMBL:ENSOANG00000016047,ORTH,ENSEMBL:ENSOANG00000016047,5
4516,WormBase:WBGene00003948,ORTH,pbs-2,5
4517,ENSEMBL:ENSRNOG00000030638,ORTH,F1M269,5
4518,dictyBase:DDB_G0277089,GENO,dictyBase:DDB_G0277089,4
4519,WormBase:WBGene00000887,ORTH,cyn-11,5
4520,ZP:0011958,DISO,"neurogenesis decreased occurrence, abnormal",1
4521,ZP:0005511,DISO,"canonical Wnt signaling pathway decreased process quality, abnormal",1
4522,HP:0500001,DISO,Body odor,1
4523,ENSEMBL:ENSOANG00000003713,ORTH,ENSEMBL:ENSOANG00000003713,5
4524,EFO:0004614,GENO,apolipoprotein A 1 measurement,4
4525,HP:0000519,DISO,Developmental cataract,1
4526,RGD:1308894,ORTH,Ube2e3,5
4527,ZP:0005767,DISO,"proteasome-mediated ubiquitin-dependent protein catabolic process decreased rate, abnormal",1
4528,HP:0003302,DISO,Spondylolisthesis,1
4529,ENSEMBL:ENSFCAG00000005402,ORTH,ENSEMBL:ENSFCAG00000005402,5
4530,ZP:0018641,DISO,"cardiac ventricle increased distribution, abnormal",1
4531,ENSEMBL:ENSSSCG00000007030,ORTH,IKBKB,5
4532,ENSEMBL:ENSFCAG00000043383,ORTH,ENSEMBL:ENSFCAG00000043383,5
4533,HP:3000002,DISO,Abnormal inner ear epithelium morphology,1
4534,MP:0008567,DISO,decreased interferon-gamma secretion,1
4535,ENSEMBL:ENSSSCG00000035318,ORTH,NUP58,5
4536,ENSEMBL:ENSECAG00000004615,ORTH,ENSEMBL:ENSECAG00000004615,5
4537,HGNC:29079,GENE,KDM1A,3
4538,ENSEMBL:ENSMMUG00000001844,ORTH,ENSEMBL:ENSMMUG00000001844,5
4539,FlyBase:FBgn0035101,ORTH,p130CAS,5
4540,MP:0012082,DISO,delayed heart development,1
4541,Coriell:GM04217,GENO,NIGMS-GM04217,4
4542,ENSEMBL:ENSOANG00000002512,ORTH,ENSEMBL:ENSOANG00000002512,5
4543,Xenbase:XB-GENE-5776981,ORTH,vps28,5
4544,XPO:0115436,GENO,abnormally delayed closure of blastopore,4
4545,HP:0000267,DISO,Cranial asymmetry,1
4546,ZP:0004003,DISO,"nucleus diencephalon aggregated, abnormal",1
4547,ENSEMBL:ENSMODG00000017550,ORTH,ENSEMBL:ENSMODG00000017550,5
4548,SGD:S000003410,ORTH,PBP1,5
4549,SGD:S000002324,ORTH,CDC36,5
4550,ZP:0011530,DISO,"epiboly involved in gastrulation with mouth forming second process quality, abnormal",1
4551,RGD:620665,ORTH,Fasn,5
4552,MGI:3528067,ORTH,Tg(HDexon1)62Gpb; Tgm2<tm1.1Rmgr>/Tgm2<+> [involves: 129X1/SvJ * C57BL/6 * CBA],5
4553,ZP:0006625,DISO,"pharyngeal arch disorganized, abnormal",1
4554,ENSEMBL:ENSOANG00000046957,ORTH,ENSEMBL:ENSOANG00000046957,5
4555,ENSEMBL:ENSFCAG00000001289,ORTH,ENSEMBL:ENSFCAG00000001289,5
4556,ENSEMBL:ENSMODG00000011192,ORTH,ENSEMBL:ENSMODG00000011192,5
4557,MP:0008234,DISO,absent spleen marginal zone,1
4558,ZP:0000337,DISO,"thalamus development decreased process quality, abnormal",1
4559,ENSEMBL:ENSOANG00000050535,ORTH,ENSEMBL:ENSOANG00000050535,5
4560,ENSEMBL:ENSOANG00000000140,ORTH,ENSEMBL:ENSOANG00000000140,5
4561,HP:0000965,DISO,Cutis marmorata,1
4562,ENSEMBL:ENSOANG00000013610,ORTH,ENSEMBL:ENSOANG00000013610,5
4563,ENSEMBL:ENSACAG00000006267,ORTH,ENSEMBL:ENSACAG00000006267,5
4564,ENSEMBL:ENSMODG00000005254,ORTH,ENSEMBL:ENSMODG00000005254,5
4565,MGI:1333811,ORTH,Mbd1,5
4566,ENSEMBL:ENSPTRG00000006477,ORTH,ENSEMBL:ENSPTRG00000006477,5
4567,HP:0002936,DISO,Distal sensory impairment,1
4568,HP:0000529,DISO,Progressive visual loss,1
4569,MP:0020393,DISO,increased neuronal precursor proliferation,1
4570,ENSEMBL:ENSMMUG00000001508,ORTH,ENSEMBL:ENSMMUG00000001508,5
4571,HP:0200043,DISO,Verrucae,1
4572,MGI:2659071,ORTH,Rapgef2,5
4573,SGD:S000000814,ORTH,PRE1,5
4574,ENSEMBL:ENSPTRG00000021418,ORTH,ENSEMBL:ENSPTRG00000021418,5
4575,ENSEMBL:ENSFCAG00000000695,ORTH,ENSEMBL:ENSFCAG00000000695,5
4576,ENSEMBL:ENSPTRG00000005224,ORTH,ENSEMBL:ENSPTRG00000005224,5
4577,MP:0008458,DISO,abnormal cortical ventricular zone morphology,1
4578,MP:0004252,DISO,abnormal direction of heart looping,1
4579,ENSEMBL:ENSBTAG00000020262,ORTH,ENSEMBL:ENSBTAG00000020262,5
4580,ENSEMBL:ENSCAFG00000015433,ORTH,J9NT16,5
4581,ENSEMBL:ENSECAG00000002550,ORTH,ENSEMBL:ENSECAG00000002550,5
4582,MP:0005459,DISO,decreased percent body fat/body weight,1
4583,ENSEMBL:ENSACAG00000020966,ORTH,ENSEMBL:ENSACAG00000020966,5
4584,ZFIN:ZDB-GENE-110713-1,ORTH,hsp70.3,5
4585,ENSEMBL:ENSGALG00000035539,ORTH,A0A1D5P4H6,5
4586,ZP:0003832,DISO,"intersegmental vessel dilated, abnormal",1
4587,ENSEMBL:ENSBTAG00000054345,ORTH,ENSEMBL:ENSBTAG00000054345,5
4588,ZP:0104387,DISO,"caudal vein plexus increased amount, abnormal",1
4589,ENSEMBL:ENSFCAG00000007327,ORTH,ENSEMBL:ENSFCAG00000007327,5
4590,MP:0011667,DISO,double outlet right ventricle with atrioventricular septal defect,1
4591,ENSEMBL:ENSMODG00000013727,ORTH,ENSEMBL:ENSMODG00000013727,5
4592,HP:0001972,DISO,Macrocytic anemia,1
4593,WormBase:WBGene00020707,ORTH,wago-10,5
4594,ENSEMBL:ENSOANG00000045580,ORTH,ENSEMBL:ENSOANG00000045580,5
4595,ZP:0000588,DISO,"central artery decreased length, abnormal",1
4596,RGD:1306254,ORTH,Ap2a1,5
4597,ENSEMBL:ENSSSCG00000009904,ORTH,ENSEMBL:ENSSSCG00000009904,5
4598,WormBase:WBGene00021495,ORTH,sqst-2,5
4599,HGNC:20045,GENE,GEMIN7,3
4600,MGI:2179277,ORTH,Atxn7,5
4601,ENSEMBL:ENSMMUG00000008392,ORTH,ENSEMBL:ENSMMUG00000008392,5
4602,PomBase:SPCC16C4.02c,GENO,SPCC16C4.02c,4
4603,ENSEMBL:ENSMMUG00000019089,ORTH,ENSEMBL:ENSMMUG00000019089,5
4604,ENSEMBL:ENSPTRG00000011268,ORTH,ENSEMBL:ENSPTRG00000011268,5
4605,HP:0030039,DISO,Fused thoracic vertebrae,1
4606,MGI:107384,ORTH,Dnm1,5
4607,MP:0008223,DISO,absent hippocampal commissure,1
4608,ENSEMBL:ENSGALG00000002478,ORTH,ENSEMBL:ENSGALG00000002478,5
4609,ZP:0101697,DISO,"anatomical region dorsal aorta absent, abnormal",1
4610,MONARCH:APO_0000334APO_0000004,GENO,innate thermotolerance:increased,4
4611,ENSEMBL:ENSRNOG00000000787,ORTH,LOC100909797,5
4612,ENSEMBL:ENSSSCG00000037105,ORTH,EVL,5
4613,ENSEMBL:ENSECAG00000038427,ORTH,ENSEMBL:ENSECAG00000038427,5
4614,FlyBase:FBgn0085412,ORTH,kmr,5
4615,PomBase:SPAC26A3.05,GENO,chc1,4
4616,HGNC:16919,GENE,VAT1,3
4617,HP:0045025,DISO,Narrow palpebral fissure,1
4618,ENSEMBL:ENSSSCG00000023522,ORTH,TGM2,5
4619,WormBase:WBGene00008885,ORTH,F16C3.1,5
4620,ENSEMBL:ENSGALG00000007664,ORTH,ENSEMBL:ENSGALG00000007664,5
4621,ENSEMBL:ENSACAG00000013643,ORTH,ENSEMBL:ENSACAG00000013643,5
4622,ENSEMBL:ENSECAG00000008338,ORTH,ENSEMBL:ENSECAG00000008338,5
4623,RGD:2933,ORTH,Itpr1,5
4624,ENSEMBL:ENSMODG00000004380,ORTH,ENSEMBL:ENSMODG00000004380,5
4625,dictyBase:DDB_G0292880,GENO,DDB0191668,4
4626,MP:0013842,DISO,ductus venosus stenosis,1
4627,ZP:0006349,DISO,"Bruch's membrane aplastic, abnormal",1
4628,ENSEMBL:ENSACAG00000010232,ORTH,ENSEMBL:ENSACAG00000010232,5
4629,ENSEMBL:ENSMMUG00000007456,ORTH,ENSEMBL:ENSMMUG00000007456,5
4630,MP:0011105,DISO,"embryonic lethality between implantation and placentation, incomplete penetrance",1
4631,HP:0002540,DISO,Inability to walk,1
4632,HP:0003261,DISO,Increased circulating IgA level,1
4633,ENSEMBL:ENSMMUG00000018354,ORTH,ENSEMBL:ENSMMUG00000018354,5
4634,ENSEMBL:ENSPTRG00000010851,ORTH,ENSEMBL:ENSPTRG00000010851,5
4635,WBPhenotype:0001857,DISO,pathogen induced gene expression variant,1
4636,PomBase:SPCC4G3.08,GENO,psk1,4
4637,MP:0000786,DISO,abnormal embryonic neuroepithelial layer differentiation,1
4638,ENSEMBL:ENSECAG00000016744,ORTH,ENSEMBL:ENSECAG00000016744,5
4639,ENSEMBL:ENSPTRG00000049060,ORTH,ENSEMBL:ENSPTRG00000049060,5
4640,RGD:1310759,ORTH,Pabpc2,5
4641,ENSEMBL:ENSSSCG00000011000,ORTH,DNAJA1,5
4642,MP:0005387,DISO,immune system phenotype,1
4643,Xenbase:XB-GENE-1005352,ORTH,gatd1,5
4644,FlyBase:FBgn0028381,ORTH,Decay,5
4645,MGI:5635162,ORTH,Tg(HTT*)AXwy [involves: FVB/NJ],5
4646,ENSEMBL:ENSSSCG00000034012,ORTH,CASP3,5
4647,MGI:2389466,ORTH,Tg(HDexon1)61Gpb,5
4648,WBPhenotype:0000711,DISO,organism hypersensitive ionizing radiation,1
4649,dictyBase:DDB_G0283769,GENO,HBS1,4
4650,EFO:0008394,GENO,verbal-numerical reasoning measurement,4
4651,MP:0005591,DISO,decreased vasodilation,1
4652,HP:0002119,DISO,Ventriculomegaly,1
4653,OMIM:613004.0002,DISO,"HTT, PRO703LEU",1
4654,ENSEMBL:ENSMMUG00000000639,ORTH,ENSEMBL:ENSMMUG00000000639,5
4655,ENSEMBL:ENSSSCG00000027718,ORTH,HAUS3,5
4656,HGNC:10436,GENE,RPS6KB1,3
4657,ZP:0000756,DISO,"Z disc cardiac muscle cell shape, abnormal",1
4658,HP:0001852,DISO,Sandal gap,1
4659,ZP:0003477,DISO,"heart primordium decreased width, abnormal",1
4660,FlyBase:FBgn0003889,ORTH,betaTub85D,5
4661,HP:0002758,DISO,Osteoarthritis,1
4662,ENSEMBL:ENSOANG00000009794,ORTH,ENSEMBL:ENSOANG00000009794,5
4663,WormBase:WBGene00004459,ORTH,rpn-2,5
4664,ENSEMBL:ENSOANG00000032894,ORTH,ENSEMBL:ENSOANG00000032894,5
4665,MGI:108091,ORTH,Bcar1,5
4666,MP:0002199,DISO,abnormal brain commissure morphology,1
4667,MP:0008283,DISO,small hippocampus,1
4668,HP:0004313,DISO,Decreased circulating antibody level,1
4669,ZP:0011825,DISO,"cell EVL morphology, abnormal",1
4670,MP:0011106,DISO,"embryonic lethality between implantation and somite formation, incomplete penetrance",1
4671,ENSEMBL:ENSPTRG00000012150,ORTH,ENSEMBL:ENSPTRG00000012150,5
4672,ZP:0138140,DISO,"cardiac muscle cell has extra parts of type autophagosome cardiac muscle cell, abnormal",1
4673,ENSEMBL:ENSGALG00000034374,ORTH,ENSEMBL:ENSGALG00000034374,5
4674,RGD:1598233,ORTH,RT1-T24-4,5
4675,HP:0007270,DISO,Atypical absence seizure,1
4676,MP:0006323,DISO,abnormal extraembryonic mesoderm development,1
4677,MP:0003786,DISO,premature aging,1
4678,ENSEMBL:ENSGALG00000044425,ORTH,ENSEMBL:ENSGALG00000044425,5
4679,HP:0003344,DISO,3-Methylglutaric aciduria,1
4680,WBPhenotype:0001221,DISO,nose touch defective,1
4681,ZP:0008110,DISO,"brain morphogenesis decreased process quality, abnormal",1
4682,MGI:88251,ORTH,Calm1,5
4683,MP:0009940,DISO,abnormal hippocampus pyramidal cell morphology,1
4684,ZFIN:ZDB-GENE-020220-1,ORTH,appb,5
4685,ENSEMBL:ENSMMUG00000021395,ORTH,ENSEMBL:ENSMMUG00000021395,5
4686,ENSEMBL:ENSACAG00000009452,ORTH,ENSEMBL:ENSACAG00000009452,5
4687,ZP:0100116,DISO,"paired fin absent, abnormal",1
4688,MP:0030939,DISO,abnormal autophagosome formation,1
4689,ENSEMBL:ENSACAG00000017497,ORTH,ENSEMBL:ENSACAG00000017497,5
4690,MP:0008489,DISO,slow postnatal weight gain,1
4691,WBPhenotype:0000697,DISO,protruding vulva,1
4692,WBPhenotype:0000284,DISO,sperm transfer defective,1
4693,RGD:1584560,ORTH,Eif3i,5
4694,HP:0010626,DISO,Anterior pituitary agenesis,1
4695,ENSEMBL:ENSACAG00000004179,ORTH,ENSEMBL:ENSACAG00000004179,5
4696,ENSEMBL:ENSCAFG00000008513,ORTH,PRPF40B,5
4697,HP:0001252,DISO,Hypotonia,1
4698,RGD:1597145,ORTH,Glb1,5
4699,ENSEMBL:ENSPTRG00000000142,ORTH,ENSEMBL:ENSPTRG00000000142,5
4700,ZFIN:ZDB-GENE-070912-108,ORTH,ftr32,5
4701,HP:0003737,DISO,Mitochondrial myopathy,1
4702,ENSEMBL:ENSBTAG00000016598,ORTH,DYNC1H1,5
4703,ZP:0103430,DISO,"immune response process quality, abnormal",1
4704,WormBase:WBGene00004930,ORTH,sod-1,5
4705,MGI:2446143,ORTH,Zfc3h1,5
4706,WormBase:WBGene00000482,ORTH,chd-3,5
4707,Coriell:GM04807,GENO,NIGMS-GM04807,4
4708,HGNC:16463,GENE,PRPF40A,3
4709,WBPhenotype:0000121,DISO,translation variant,1
4710,ZP:0000404,DISO,"liver hypoplastic, abnormal",1
4711,ZP:0017191,DISO,"horizontal cell decreased amount, abnormal",1
4712,MP:0010851,DISO,"decreased effector memory CD8-positive, alpha-beta T cell number",1
4713,dbSNP:rs117933444,GENO,rs117933444-?,4
4714,MP:0006309,DISO,decreased retinal ganglion cell number,1
4715,ENSEMBL:ENSOANG00000045504,ORTH,ENSEMBL:ENSOANG00000045504,5
4716,MP:0012144,DISO,decreased b-wave amplitude,1
4717,ENSEMBL:ENSACAG00000015665,ORTH,ENSEMBL:ENSACAG00000015665,5
4718,dictyBase:DDB_G0284385,GENO,DDB0185983,4
4719,ENSEMBL:ENSPTRG00000019872,ORTH,ENSEMBL:ENSPTRG00000019872,5
4720,FBcv:0002051,DISO,some die during immature adult stage,1
4721,HGNC:17839,GENE,CDC26,3
4722,RGD:1309441,ORTH,Lsm12,5
4723,FlyBase:FBgn0262112,ORTH,sro,5
4724,ZP:0000242,DISO,"sarcomere skeletal muscle disorganized, abnormal",1
4725,SGD:S000000665,ORTH,CPR4,5
4726,RGD:1561602,ORTH,Nlk,5
4727,HP:0003110,DISO,Abnormality of urine homeostasis,1
4728,HP:0012447,DISO,Abnormal myelination,1
4729,ZP:0000357,DISO,"eye aplastic, abnormal",1
4730,ENSEMBL:ENSOANG00000010458,ORTH,ENSEMBL:ENSOANG00000010458,5
4731,PomBase:SPAC343.18,GENO,rfp2,4
4732,ENSEMBL:ENSACAG00000000015,ORTH,ENSEMBL:ENSACAG00000000015,5
4733,ZP:0000532,DISO,"heart increased size, abnormal",1
4734,ENSEMBL:ENSSSCG00000010798,ORTH,GGA2,5
4735,MP:0001055,DISO,failure of neuromuscular synapse postsynaptic differentiation,1
4736,dictyBase:DDB_G0283425,GENO,DDB0185513,4
4737,ENSEMBL:ENSGALG00000011278,ORTH,KAT2B,5
4738,ENSEMBL:ENSBTAG00000011150,ORTH,ENSEMBL:ENSBTAG00000011150,5
4739,ENSEMBL:ENSECAG00000005828,ORTH,ENSEMBL:ENSECAG00000005828,5
4740,dictyBase:DDB_G0295743,GENO,DDB_G0295743,4
4741,ZP:0010087,DISO,"pigment accumulation delayed, abnormal",1
4742,MGI:1261794,ORTH,Haus4,5
4743,EnsemblGenome:AT1G11080,ORTH,EnsemblGenome:AT1G11080,5
4744,HP:0002162,DISO,Low posterior hairline,1
4745,RGD:1310849,ORTH,Ipo7,5
4746,EnsemblGenome:AT1G15110,ORTH,EnsemblGenome:AT1G15110,5
4747,ENSEMBL:ENSPTRG00000001048,ORTH,ENSEMBL:ENSPTRG00000001048,5
4748,HGNC:5010,GENE,HMGA1,3
4749,MGI:1276570,ORTH,H2-M9,5
4750,Xenbase:XB-GENE-486361,ORTH,ruvbl1,5
4751,MP:0009764,DISO,decreased sensitivity to induced morbidity/mortality,1
4752,WBPhenotype:0001378,DISO,mitotic chromosome segregation variant,1
4753,Coriell:GM04477,GENO,NIGMS-GM04477,4
4754,ZP:0003652,DISO,"polysome whole organism decreased amount, abnormal",1
4755,SGD:S000000967,ORTH,PAB1,5
4756,ENSEMBL:ENSSSCG00000011572,ORTH,SEC13,5
4757,WBPhenotype:0000964,DISO,DMPP resistant,1
4758,MP:0013277,DISO,abnormal fasting circulating glucose level,1
4759,ZP:0022352,DISO,"segmental plate absent, abnormal",1
4760,ENSEMBL:ENSOANG00000013418,ORTH,ENSEMBL:ENSOANG00000013418,5
4761,FlyBase:FBgn0005779,ORTH,PpD6,5
4762,MP:0003944,DISO,abnormal T cell subpopulation ratio,1
4763,Xenbase:XB-GENE-5844181,ORTH,zfc3h1,5
4764,ENSEMBL:ENSCAFG00000023617,ORTH,LOC106558132,5
4765,ENSEMBL:ENSGALG00000034986,ORTH,HEYL,5
4766,MP:0002843,DISO,decreased systemic arterial blood pressure,1
4767,ENSEMBL:ENSACAG00000002543,ORTH,ENSEMBL:ENSACAG00000002543,5
4768,WBPhenotype:0002296,DISO,body posture wavelength increased,1
4769,ENSEMBL:ENSOANG00000048650,ORTH,ENSEMBL:ENSOANG00000048650,5
4770,MGI:1923831,ORTH,Wipi2,5
4771,ENSEMBL:ENSPTRG00000011444,ORTH,ENSEMBL:ENSPTRG00000011444,5
4772,ENSEMBL:ENSPTRG00000051009,ORTH,ENSEMBL:ENSPTRG00000051009,5
4773,MP:0005378,DISO,growth/size/body region phenotype,1
4774,ENSEMBL:ENSGALG00000045705,ORTH,H2AFX,5
4775,HP:0002446,DISO,Astrocytosis,1
4776,HP:0001653,DISO,Mitral regurgitation,1
4777,ENSEMBL:ENSPTRG00000003737,ORTH,ENSEMBL:ENSPTRG00000003737,5
4778,MGI:96247,ORTH,Hsp90ab1,5
4779,MP:0011972,DISO,decreased circulating lactate dehydrogenase level,1
4780,ZP:0001318,DISO,"ceratobranchial cartilage decreased amount, abnormal",1
4781,ENSEMBL:ENSMMUG00000005673,ORTH,ENSEMBL:ENSMMUG00000005673,5
4782,ENSEMBL:ENSCAFG00000013237,ORTH,SH3GL3,5
4783,MONARCH:APO_0000224APO_0000004,GENO,RNA accumulation:increased,4
4784,ZP:0011883,DISO,"slow muscle cell detached from vertical myoseptum, abnormal",1
4785,MP:0004806,DISO,absent germ cells,1
4786,FlyBase:FBgn0038659,ORTH,EndoA,5
4787,Xenbase:XB-GENE-856240,ORTH,kdm5b,5
4788,PomBase:SPAC1805.15c,GENO,pub2,4
4789,MP:0005232,DISO,abnormal mesenteric lymph node morphology,1
4790,ENSEMBL:ENSCAFG00000015995,ORTH,DLG4,5
4791,MONARCH:APO_0000302APO_0000002,GENO,vesicle distribution:abnormal,4
4792,EFO:0004875,GENO,mathematical ability,4
4793,SGD:S000003870,ORTH,CPA2,5
4794,MP:0005334,DISO,abnormal fat pad morphology,1
4795,RGD:3583,ORTH,Rnf4,5
4796,ZP:0003834,DISO,"lipid metabolic process disrupted, abnormal",1
4797,WBPhenotype:0000425,DISO,antibody staining reduced,1
4798,WormBase:WBGene00012084,ORTH,npr-15,5
4799,ENSEMBL:ENSCAFG00000012067,ORTH,ENSEMBL:ENSCAFG00000012067,5
4800,Coriell:GM06566,GENO,NIGMS-GM06566,4
4801,MGI:95914,ORTH,H2-M2,5
4802,ZFIN:ZDB-GENE-120919-4,ORTH,itcha,5
4803,ENSEMBL:ENSACAG00000015738,ORTH,ENSEMBL:ENSACAG00000015738,5
4804,MP:0005587,DISO,abnormal Meckel's cartilage morphology,1
4805,dbSNP:rs363066,GENO,rs363066-G,4
4806,ENSEMBL:ENSSSCG00000037866,ORTH,MAGEA10,5
4807,ENSEMBL:ENSCAFG00000029635,ORTH,ENSEMBL:ENSCAFG00000029635,5
4808,MP:0009456,DISO,impaired cued conditioning behavior,1
4809,ENSEMBL:ENSECAG00000016068,ORTH,ENSEMBL:ENSECAG00000016068,5
4810,ZP:0003875,DISO,"ciliary marginal zone decreased size, abnormal",1
4811,MP:0009780,DISO,abnormal chondrocyte physiology,1
4812,ZP:0019003,DISO,"pronephric proximal straight tubule increased distribution, abnormal",1
4813,FlyBase:FBgn0036882,ORTH,Dmel\CG9279,5
4814,MONARCH:APO_0000316APO_0000004,GENO,chronological lifespan:increased,4
4815,ENSEMBL:ENSPTRG00000014866,ORTH,ENSEMBL:ENSPTRG00000014866,5
4816,WBPhenotype:0000667,DISO,gonad displaced,1
4817,HP:0004328,DISO,Abnormal anterior eye segment morphology,1
4818,HP:0011158,DISO,Focal sensory seizure with auditory features,1
4819,WBPhenotype:0001777,DISO,pre mRNA levels increased,1
4820,Xenbase:XB-GENE-5915622,ORTH,hspa1b,5
4821,ENSEMBL:ENSECAG00000020066,ORTH,ENSEMBL:ENSECAG00000020066,5
4822,HGNC:15577,GENE,EPPK1,3
4823,PomBase:SPBC1289.07c,GENO,rpc40,4
4824,MP:0000774,DISO,decreased brain size,1
4825,HP:0003808,DISO,Abnormal muscle tone,1
4826,ZP:0003480,DISO,"bulbus arteriosus cylindrical, abnormal",1
4827,PomBase:SPAC823.16c,GENO,atg1802,4
4828,ZFIN:ZDB-GENE-040426-1089,ORTH,zgc:56596,5
4829,MONARCH:APO_0000043APO_0000002,GENO,spore wall formation:abnormal,4
4830,Xenbase:XB-GENE-488586,ORTH,flot1,5
4831,ENSEMBL:ENSSSCG00000006089,ORTH,PTDSS1,5
4832,ZP:0003483,DISO,"cranial neural crest cell apoptotic, abnormal",1
4833,MGI:1276575,ORTH,Ptdss1,5
4834,MP:0000384,DISO,distorted hair follicle pattern,1
4835,ZP:0000379,DISO,"intestine morphology, abnormal",1
4836,Xenbase:XB-GENE-493909,ORTH,actn1,5
4837,ENSEMBL:ENSPTRG00000015954,ORTH,ENSEMBL:ENSPTRG00000015954,5
4838,MP:0010277,DISO,increased astrocytoma incidence,1
4839,ZP:0001659,DISO,"heart morphogenesis process quality, abnormal",1
4840,HP:0011034,DISO,Amyloidosis,1
4841,ENSEMBL:ENSECAG00000017563,ORTH,ENSEMBL:ENSECAG00000017563,5
4842,ZP:0009002,DISO,"brain increased occurrence apoptotic process, abnormal",1
4843,RGD:621255,ORTH,Ago2,5
4844,HP:0002089,DISO,Pulmonary hypoplasia,1
4845,ZP:0000111,DISO,"somite fused with somite, abnormal",1
4846,ZP:0000685,DISO,"heart physical object quality, abnormal",1
4847,MP:0000030,DISO,abnormal tympanic ring morphology,1
4848,Coriell:GM04720,GENO,NIGMS-GM04720,4
4849,ENSEMBL:ENSBTAG00000013436,ORTH,HAUS5,5
4850,ENSEMBL:ENSECAG00000009164,ORTH,ENSEMBL:ENSECAG00000009164,5
4851,ENSEMBL:ENSBTAG00000032087,ORTH,ENSEMBL:ENSBTAG00000032087,5
4852,ENSEMBL:ENSACAG00000000741,ORTH,ENSEMBL:ENSACAG00000000741,5
4853,MP:0010869,DISO,decreased bone trabecula number,1
4854,MP:0000427,DISO,abnormal hair cycle,1
4855,ENSEMBL:ENSFCAG00000033613,ORTH,ENSEMBL:ENSFCAG00000033613,5
4856,PomBase:SPAC8F11.03,GENO,msh3,4
4857,ENSEMBL:ENSCAFG00000002544,ORTH,ENSEMBL:ENSCAFG00000002544,5
4858,ZP:0005734,DISO,"muscle morphology, abnormal",1
4859,ENSEMBL:ENSPTRG00000008808,ORTH,ENSEMBL:ENSPTRG00000008808,5
4860,MP:0005458,DISO,increased percent body fat/body weight,1
4861,ENSEMBL:ENSCAFG00000017388,ORTH,SMAD3,5
4862,ZP:0020463,DISO,"opercle hypoplastic, abnormal",1
4863,MP:0001697,DISO,abnormal embryo size,1
4864,ENSEMBL:ENSBTAG00000003697,ORTH,ENSEMBL:ENSBTAG00000003697,5
4865,MP:0004726,DISO,abnormal nasal capsule morphology,1
4866,ENSEMBL:ENSECAG00000006290,ORTH,ENSEMBL:ENSECAG00000006290,5
4867,ENSEMBL:ENSECAG00000019624,ORTH,ENSEMBL:ENSECAG00000019624,5
4868,HP:0045082,DISO,Decreased body mass index,1
4869,PomBase:SPBC11C11.02,GENO,imp2,4
4870,MP:0011084,DISO,"lethality at weaning, incomplete penetrance",1
4871,WormBase:WBGene00000904,ORTH,daf-8,5
4872,RGD:1310844,ORTH,Dusp10,5
4873,HP:0002002,DISO,Deep philtrum,1
4874,HP:0000961,DISO,Cyanosis,1
4875,HP:0200055,DISO,Small hand,1
4876,WormBase:WBGene00018307,ORTH,dyla-1,5
4877,ENSEMBL:ENSECAG00000014401,ORTH,ENSEMBL:ENSECAG00000014401,5
4878,MP:0002048,DISO,increased lung adenoma incidence,1
4879,HGNC:3211,GENE,EEF1D,3
4880,ENSEMBL:ENSACAG00000011180,ORTH,ENSEMBL:ENSACAG00000011180,5
4881,ZP:0004499,DISO,"contractile fiber somite undulate, abnormal",1
4882,ENSEMBL:ENSCAFG00000001043,ORTH,XRCC6,5
4883,MP:0001906,DISO,increased dopamine level,1
4884,MP:0004718,DISO,abnormal vestibular nerve morphology,1
4885,MP:0004102,DISO,abnormal dorsal striatum morphology,1
4886,ENSEMBL:ENSOANG00000015672,ORTH,ENSEMBL:ENSOANG00000015672,5
4887,ZFIN:ZDB-GENE-060526-271,ORTH,si:dkey-251i10.3,5
4888,ZP:0009005,DISO,"retina increased occurrence cell population proliferation, abnormal",1
4889,FlyBase:FBgn0035016,ORTH,CG4612,5
4890,MGI:1914544,ORTH,Elp1,5
4891,ZP:0000450,DISO,"blood circulation arrested, abnormal",1
4892,ENSEMBL:ENSECAG00000008891,ORTH,ENSEMBL:ENSECAG00000008891,5
4893,ENSEMBL:ENSMODG00000003663,ORTH,ENSEMBL:ENSMODG00000003663,5
4894,MP:0005390,DISO,skeleton phenotype,1
4895,ZP:0002186,DISO,"yolk decreased size, abnormal",1
4896,ZFIN:ZDB-GENE-040426-1948,ORTH,zgc:56095,5
4897,dictyBase:DDB_G0289665,GENO,gefQ,4
4898,MP:0011270,DISO,decreased excitatory postsynaptic current amplitude,1
4899,WBPhenotype:0000649,DISO,vulva location variant,1
4900,ENSEMBL:ENSMODG00000024132,ORTH,ENSEMBL:ENSMODG00000024132,5
4901,HGNC:24882,GENE,GOLPH3L,3
4902,ZP:0002523,DISO,"facial nerve development disrupted, abnormal",1
4903,RGD:61851,ORTH,Psma7,5
4904,RGD:3380,ORTH,Ppp2ca,5
4905,WBPhenotype:0000273,DISO,thrashing reduced,1
4906,MONARCH:APO_0000102APO_0000002,GENO,respiratory metabolism:abnormal,4
4907,WormBase:WBGene00008799,ORTH,F14E5.1,5
4908,MONARCH:APO_0000106APO_0000002,GENO,vegetative growth:abnormal,4
4909,FlyBase:FBgn0025637,ORTH,SkpA,5
4910,ENSEMBL:ENSSSCG00000038466,ORTH,EIF4E2,5
4911,WormBase:WBGene00006716,ORTH,ubc-21,5
4912,ENSEMBL:ENSFCAG00000002916,ORTH,ENSEMBL:ENSFCAG00000002916,5
4913,MGI:98888,ORTH,Ubb,5
4914,dbSNP:rs72715653,GENO,rs72715653-?,4
4915,MP:0001107,DISO,decreased Schwann cell number,1
4916,ENSEMBL:ENSSSCG00000012836,ORTH,AP2A2,5
4917,PomBase:SPAC823.15,GENO,ppa1,4
4918,ZP:0100129,DISO,"skeletal muscle decreased occurrence skeletal myofibril assembly, abnormal",1
4919,WBPhenotype:0002094,DISO,RAB-11 recycling endosome morphology variant,1
4920,HP:0010819,DISO,Atonic seizure,1
4921,ENSEMBL:ENSFCAG00000027737,ORTH,ENSEMBL:ENSFCAG00000027737,5
4922,ENSEMBL:ENSOANG00000042707,ORTH,ENSEMBL:ENSOANG00000042707,5
4923,HP:0012368,DISO,Flat face,1
4924,MP:0010219,DISO,increased T-helper 17 cell number,1
4925,ZP:0006866,DISO,"mitotic cell cycle arrest increased duration, abnormal",1
4926,ENSEMBL:ENSBTAG00000013671,ORTH,ENSEMBL:ENSBTAG00000013671,5
4927,WBPhenotype:0000564,DISO,echo defecation cycle,1
4928,FlyBase:FBgn0037770,ORTH,Art4,5
4929,MP:0005252,DISO,abnormal Meibomian gland morphology,1
4930,MP:0010699,DISO,dilated hair follicles,1
4931,MP:0005404,DISO,abnormal axon morphology,1
4932,MP:0009656,DISO,delayed chorioallantoic fusion,1
4933,MP:0008140,DISO,podocyte foot process effacement,1
4934,FlyBase:FBgn0003410,ORTH,sina,5
4935,ENSEMBL:ENSFCAG00000012862,ORTH,ENSEMBL:ENSFCAG00000012862,5
4936,RGD:2139,ORTH,App,5
4937,WormBase:WBGene00012741,ORTH,Y40H4A.2,5
4938,UBERON:0000966,ANAT,retina,0
4939,FlyBase:FBgn0043364,ORTH,cbt,5
4940,HP:0002140,DISO,Ischemic stroke,1
4941,ENSEMBL:ENSECAG00000024605,ORTH,ENSEMBL:ENSECAG00000024605,5
4942,WormBase:WBGene00007588,ORTH,C14C10.5,5
4943,ENSEMBL:ENSPTRG00000008343,ORTH,ENSEMBL:ENSPTRG00000008343,5
4944,ENSEMBL:ENSFCAG00000024658,ORTH,ENSEMBL:ENSFCAG00000024658,5
4945,ENSEMBL:ENSMODG00000015970,ORTH,ENSEMBL:ENSMODG00000015970,5
4946,MGI:5569537,ORTH,Tg(CMV-HTT*89Q)ATag/Tg(CMV-HTT*89Q)ATag [involves: FVB/N],5
4947,WBPhenotype:0000199,DISO,male tail sensory ray development variant,1
4948,HP:0006829,DISO,Severe muscular hypotonia,1
4949,ENSEMBL:ENSECAG00000015965,ORTH,ENSEMBL:ENSECAG00000015965,5
4950,WBPhenotype:0000218,DISO,vulval cell induction increased,1
4951,ENSEMBL:ENSRNOG00000046657,ORTH,M0R497,5
4952,ENSEMBL:ENSRNOG00000001893,ORTH,ENSEMBL:ENSRNOG00000001893,5
4953,ENSEMBL:ENSGALG00000020747,ORTH,MBD4,5
4954,ENSEMBL:ENSBTAG00000017177,ORTH,ENSEMBL:ENSBTAG00000017177,5
4955,ZP:0003854,DISO,"axon sensory neuron disorganized, abnormal",1
4956,WBPhenotype:0000700,DISO,multivulva,1
4957,WBPhenotype:0002394,DISO,phagosome sealing defective,1
4958,MP:0004756,DISO,abnormal proximal convoluted tubule morphology,1
4959,ENSEMBL:ENSSSCG00000001398,ORTH,SLA-6,5
4960,ZP:0010998,DISO,"optokinetic behavior decreased process quality, abnormal",1
4961,ZP:0007118,DISO,"actin cytoskeleton somite disorganized, abnormal",1
4962,ENSEMBL:ENSMODG00000014435,ORTH,ENSEMBL:ENSMODG00000014435,5
4963,MP:0002082,DISO,postnatal lethality,1
4964,WBPhenotype:0000072,DISO,body morphology variant,1
4965,ENSEMBL:ENSMODG00000015724,ORTH,ENSEMBL:ENSMODG00000015724,5
4966,MGI:2447670,ORTH,Mgrn1,5
4967,HP:0001138,DISO,Optic neuropathy,1
4968,FlyBase:FBgn0265464,ORTH,Traf6,5
4969,ZFIN:ZDB-GENE-040704-3,ORTH,rbck1,5
4970,ENSEMBL:ENSPTRG00000051534,ORTH,ENSEMBL:ENSPTRG00000051534,5
4971,Coriell:GM04877,GENO,NIGMS-GM04877,4
4972,ZP:0003233,DISO,"midbrain hindbrain boundary quality, abnormal",1
4973,MP:0000822,DISO,abnormal brain ventricle morphology,1
4974,WormBase:WBGene00001500,ORTH,ftn-1,5
4975,ENSEMBL:ENSPTRG00000013342,ORTH,ENSEMBL:ENSPTRG00000013342,5
4976,ZP:0000505,DISO,"retinal cone cell decreased amount, abnormal",1
4977,ENSEMBL:ENSBTAG00000050919,ORTH,ENSEMBL:ENSBTAG00000050919,5
4978,ENSEMBL:ENSACAG00000009810,ORTH,ENSEMBL:ENSACAG00000009810,5
4979,MP:0020157,DISO,abnormal behavioral response to alcohol,1
4980,WormBase:WBGene00011248,ORTH,R11D1.10,5
4981,ENSEMBL:ENSFCAG00000011869,ORTH,ENSEMBL:ENSFCAG00000011869,5
4982,MP:0003794,DISO,delayed somite formation,1
4983,ZP:0010277,DISO,"gut neoplastic, abnormal",1
4984,ENSEMBL:ENSSSCG00000033332,ORTH,PSMA7,5
4985,WBPhenotype:0001584,DISO,chromosome alignment variant,1
4986,ENSEMBL:ENSFCAG00000002998,ORTH,ENSEMBL:ENSFCAG00000002998,5
4987,UBERON:0004358,ANAT,caput epididymis,0
4988,MGI:5432177,ORTH,Gt(ROSA)26Sor<tm49(HTT)Arte>/Gt(ROSA)26Sor<+> [Not Specified],5
4989,HP:0010612,DISO,Plantar pits,1
4990,ZP:0003474,DISO,"heart rudiment development disrupted, abnormal",1
4991,ENSEMBL:ENSMODG00000013104,ORTH,ENSEMBL:ENSMODG00000013104,5
4992,MP:0004091,DISO,abnormal Z line morphology,1
4993,MP:0000890,DISO,thin cerebellar molecular layer,1
4994,MP:0002970,DISO,abnormal white adipose tissue morphology,1
4995,HP:0007165,DISO,Periventricular heterotopia,1
4996,ZP:0002203,DISO,"trunk decreased thickness, abnormal",1
4997,ZP:0017152,DISO,"germ cell development process quality, abnormal",1
4998,HP:0003251,DISO,Male infertility,1
4999,ZP:0002689,DISO,"camera-type eye photoreceptor cell differentiation disrupted, abnormal",1
5000,WormBase:WBGene00006583,ORTH,tnc-2,5
5001,WBPhenotype:0000550,DISO,body muscle dystrophy,1
5002,ENSEMBL:ENSOANG00000045309,ORTH,ENSEMBL:ENSOANG00000045309,5
5003,MP:0010393,DISO,shortened QRS complex duration,1
5004,SGD:S000003016,ORTH,RPT6,5
5005,MONARCH:APO_0000096APO_0000003,GENO,nutrient utilization:decreased,4
5006,MP:0010875,DISO,increased bone volume,1
5007,ZP:0019110,DISO,"lens elongated, abnormal",1
5008,WBPhenotype:0000242,DISO,body elongation defective,1
5009,ENSEMBL:ENSBTAG00000005503,ORTH,PRMT2,5
5010,WBPhenotype:0000033,DISO,developmental timing variant,1
5011,WBPhenotype:0001271,DISO,pathogen induced death increased,1
5012,MP:0000238,DISO,absent pre-B cells,1
5013,ZFIN:ZDB-GENE-070410-130,ORTH,bdh1,5
5014,ZP:0011457,DISO,"larval locomotory behavior increased rate, abnormal",1
5015,MGI:1913449,ORTH,Commd4,5
5016,ZFIN:ZDB-GENE-131030-1,ORTH,rab35a,5
5017,ENSEMBL:ENSFCAG00000015361,ORTH,ENSEMBL:ENSFCAG00000015361,5
5018,HP:0002750,DISO,Delayed skeletal maturation,1
5019,Coriell:GM01168,GENO,NIGMS-GM01168,4
5020,MP:0011111,DISO,"lethality during fetal growth through weaning, complete penetrance",1
5021,PomBase:SPAC20G8.05c,GENO,cdc15,4
5022,MP:0001499,DISO,abnormal kindling response,1
5023,MGI:95931,ORTH,H2-Q2,5
5024,RGD:735183,ORTH,Map1lc3a,5
5025,ZP:0004636,DISO,"brain edematous, abnormal",1
5026,ZP:0130873,DISO,"axon spinal cord truncated, abnormal",1
5027,MP:0000936,DISO,small embryonic telencephalon,1
5028,ENSEMBL:ENSCAFG00000010270,ORTH,H9GWA4,5
5029,Coriell:GM04195,GENO,NIGMS-GM04195,4
5030,ENSEMBL:ENSBTAG00000052414,ORTH,HAP1,5
5031,ENSEMBL:ENSFCAG00000001419,ORTH,ENSEMBL:ENSFCAG00000001419,5
5032,ZP:0002303,DISO,"pharyngeal arch 3-7 aplastic, abnormal",1
5033,GO:0047496,PHYS,vesicle transport along microtubule,6
5034,WBPhenotype:0002491,DISO,ectopic neurite outgrowth,1
5035,ENSEMBL:ENSSSCG00000040510,ORTH,KIF9,5
5036,ENSEMBL:ENSBTAG00000006202,ORTH,ST13,5
5037,WBPhenotype:0001119,DISO,cell cycle slow early emb,1
5038,WBPhenotype:0001671,DISO,vesicle organization variant,1
5039,ZP:0000711,DISO,"brain decreased size, abnormal",1
5040,MP:0003212,DISO,increased susceptibility to age related obesity,1
5041,SGD:S000001495,ORTH,PRP40,5
5042,ENSEMBL:ENSMODG00000015696,ORTH,ENSEMBL:ENSMODG00000015696,5
5043,MGI:1861934,ORTH,Htt<tm4Mem>,5
5044,ENSEMBL:ENSOANG00000009358,ORTH,ENSEMBL:ENSOANG00000009358,5
5045,WBPhenotype:0001048,DISO,odorant chemosensory response variant,1
5046,MGI:2384309,ORTH,Polr2h,5
5047,WormBase:WBGene00004425,ORTH,rpl-13,5
5048,MP:0002184,DISO,abnormal innervation,1
5049,ZP:0003412,DISO,"Meckel's cartilage deformed, abnormal",1
5050,MP:0014143,DISO,decreased body fat mass,1
5051,ENSEMBL:ENSPTRG00000013890,ORTH,ENSEMBL:ENSPTRG00000013890,5
5052,WBPhenotype:0001681,DISO,spindle orientation variant,1
5053,ENSEMBL:ENSECAG00000002649,ORTH,ENSEMBL:ENSECAG00000002649,5
5054,MP:0004716,DISO,abnormal cochlear nerve morphology,1
5055,MP:0005167,DISO,abnormal blood-brain barrier function,1
5056,ENSEMBL:ENSSSCG00000005955,ORTH,EFR3A,5
5057,ZFIN:ZDB-GENE-040718-122,ORTH,haus4,5
5058,ENSEMBL:ENSPTRG00000007939,ORTH,ENSEMBL:ENSPTRG00000007939,5
5059,WormBase:WBGene00008506,ORTH,tkt-1,5
5060,ENSEMBL:ENSBTAG00000007112,ORTH,ENSEMBL:ENSBTAG00000007112,5
5061,ENSEMBL:ENSPTRG00000045185,ORTH,ENSEMBL:ENSPTRG00000045185,5
5062,WBPhenotype:0000933,DISO,MS lineage variant,1
5063,ENSEMBL:ENSMODG00000017991,ORTH,ENSEMBL:ENSMODG00000017991,5
5064,ENSEMBL:ENSFCAG00000009629,ORTH,ENSEMBL:ENSFCAG00000009629,5
5065,WBPhenotype:0001228,DISO,alae absent,1
5066,FlyBase:FBgn0004379,ORTH,Klp67A,5
5067,HGNC:8127,GENE,OGT,3
5068,WormBase:WBGene00003774,ORTH,nmr-1,5
5069,WBPhenotype:0001278,DISO,transgene expression reduced,1
5070,ZFIN:ZDB-GENE-030131-3777,ORTH,tardbpb,5
5071,ENSEMBL:ENSMODG00000001879,ORTH,ENSEMBL:ENSMODG00000001879,5
5072,ENSEMBL:ENSFCAG00000023444,ORTH,ENSEMBL:ENSFCAG00000023444,5
5073,FlyBase:FBgn0015778,ORTH,rin,5
5074,MP:0011975,DISO,neuronal cytoplasmic inclusions,1
5075,WormBase:WBGene00009010,ORTH,F21D5.5,5
5076,Coriell:GM04212,GENO,NIGMS-GM04212,4
5077,ENSEMBL:ENSMMUG00000023636,ORTH,ENSEMBL:ENSMMUG00000023636,5
5078,ENSEMBL:ENSOANG00000039824,ORTH,ENSEMBL:ENSOANG00000039824,5
5079,HGNC:5046,GENE,HNRNPM,3
5080,ENSEMBL:ENSMODG00000010543,ORTH,ENSEMBL:ENSMODG00000010543,5
5081,MP:0003961,DISO,decreased lean body mass,1
5082,WBPhenotype:0008001,DISO,embryonic cell fate specification variant,1
5083,ENSEMBL:ENSFCAG00000037382,ORTH,ENSEMBL:ENSFCAG00000037382,5
5084,WBPhenotype:0001005,DISO,backward locomotion variant,1
5085,SGD:S000000946,ORTH,UBP5,5
5086,ENSEMBL:ENSMMUG00000017758,ORTH,ENSEMBL:ENSMMUG00000017758,5
5087,MP:0005171,DISO,absent coat pigmentation,1
5088,ENSEMBL:ENSPTRG00000011315,ORTH,ENSEMBL:ENSPTRG00000011315,5
5089,WormBase:WBGene00006876,ORTH,vab-10,5
5090,MP:0012279,DISO,wide sternum,1
5091,MP:0002662,DISO,abnormal cauda epididymis morphology,1
5092,ENSEMBL:ENSOANG00000028768,ORTH,ENSEMBL:ENSOANG00000028768,5
5093,ENSEMBL:ENSPTRG00000013658,ORTH,ENSEMBL:ENSPTRG00000013658,5
5094,ENSEMBL:ENSCAFG00000018717,ORTH,ENSEMBL:ENSCAFG00000018717,5
5095,WBPhenotype:0001072,DISO,response to food variant,1
5096,MP:0001386,DISO,abnormal maternal nurturing,1
5097,ENSEMBL:ENSRNOG00000047948,ORTH,F1LU03,5
5098,HP:0001167,DISO,Abnormality of finger,1
5099,ENSEMBL:ENSFCAG00000026588,ORTH,ENSEMBL:ENSFCAG00000026588,5
5100,WBPhenotype:0000541,DISO,cord commissures fail to reach target,1
5101,WBPhenotype:0000997,DISO,cryophilic,1
5102,HP:0002021,DISO,Pyloric stenosis,1
5103,ENSEMBL:ENSSSCG00000010121,ORTH,UFD1,5
5104,MP:0000208,DISO,decreased hematocrit,1
5105,ZP:0000344,DISO,"epiphysis increased size, abnormal",1
5106,ZP:0100740,DISO,"rhombomere 5 has extra parts of type facial nerve motor nucleus neuron projection motor neuron, abnormal",1
5107,ENSEMBL:ENSECAG00000021193,ORTH,ENSEMBL:ENSECAG00000021193,5
5108,PomBase:SPBC1773.07c,GENO,sbp1,4
5109,ENSEMBL:ENSGALG00000015548,ORTH,RNF20,5
5110,ENSEMBL:ENSGALG00000041641,ORTH,ENSEMBL:ENSGALG00000041641,5
5111,MP:0011712,DISO,arrested osteoblast differentiation,1
5112,ENSEMBL:ENSMODG00000021269,ORTH,ENSEMBL:ENSMODG00000021269,5
5113,WBPhenotype:0001639,DISO,roaming reduced,1
5114,HP:0002202,DISO,Pleural effusion,1
5115,ENSEMBL:ENSRNOG00000034150,ORTH,M0RCS3,5
5116,ZP:0014275,DISO,"fin regeneration decreased process quality, abnormal",1
5117,MP:0008249,DISO,abnormal common lymphocyte progenitor cell morphology,1
5118,ENSEMBL:ENSCAFG00000017463,ORTH,ENSEMBL:ENSCAFG00000017463,5
5119,HP:0008734,DISO,Decreased testicular size,1
5120,ENSEMBL:ENSRNOG00000024217,ORTH,F1M8P6,5
5121,ENSEMBL:ENSPTRG00000005524,ORTH,ENSEMBL:ENSPTRG00000005524,5
5122,MP:0013430,DISO,"increased memory CD4-positive, CD25-positive, alpha-beta regulatory T cell number",1
5123,ENSEMBL:ENSMODG00000000221,ORTH,ENSEMBL:ENSMODG00000000221,5
5124,MGI:5298847,ORTH,Tg(YAC72)2511Hay [involves: FVB/N],5
5125,MP:0012574,DISO,decreased noradrenaline level,1
5126,MP:0013203,DISO,abnormal primary cilium morphology,1
5127,MP:0008266,DISO,absent hippocampus CA2 region,1
5128,MGI:1920692,ORTH,Hspa12a,5
5129,MONARCH:APO_0000087APO_0000004,GENO,resistance to chemicals:increased,4
5130,ENSEMBL:ENSECAG00000001400,ORTH,ENSEMBL:ENSECAG00000001400,5
5131,ENSEMBL:ENSCAFG00000006504,ORTH,UPF3A,5
5132,WBPhenotype:0000962,DISO,level of transgene expression variant,1
5133,MP:0004809,DISO,increased hematopoietic stem cell number,1
5134,HP:0002353,DISO,EEG abnormality,1
5135,MP:0000376,DISO,folliculitis,1
5136,ENSEMBL:ENSCAFG00000000575,ORTH,ENSEMBL:ENSCAFG00000000575,5
5137,ENSEMBL:ENSCAFG00000030532,ORTH,OR10A5D,5
5138,HGNC:7672,GENE,NCOR1,3
5139,MP:0004557,DISO,dilated allantois,1
5140,ZP:0000358,DISO,"forebrain quality, abnormal",1
5141,MP:0009763,DISO,increased sensitivity to induced morbidity/mortality,1
5142,ZP:0017426,DISO,"eye photoreceptor cell lacks parts or has fewer parts of type photoreceptor outer segment eye photoreceptor cell, abnormal",1
5143,HGNC:4881,GENE,HEY2,3
5144,ENSEMBL:ENSPTRG00000048493,ORTH,ENSEMBL:ENSPTRG00000048493,5
5145,ZP:0001204,DISO,"sensory perception of touch disrupted, abnormal",1
5146,ENSEMBL:ENSOANG00000045071,ORTH,ENSEMBL:ENSOANG00000045071,5
5147,ZP:0000319,DISO,"brain hydrocephalic, abnormal",1
5148,dictyBase:DDB_G0287981,GENO,DDB0187718,4
5149,MONARCH:APO_0000091APO_0000003,GENO,starvation resistance:decreased,4
5150,ENSEMBL:ENSBTAG00000005815,ORTH,RNF31,5
5151,ENSEMBL:ENSGALG00000051280,ORTH,LOC107049075,5
5152,SGD:S000005562,ORTH,PEP12,5
5153,HP:0006582,DISO,Reye syndrome-like episodes,1
5154,ZFIN:ZDB-GENE-070112-242,ORTH,sh3gl3a,5
5155,ENSEMBL:ENSMMUG00000009765,ORTH,ENSEMBL:ENSMMUG00000009765,5
5156,WormBase:WBGene00001747,ORTH,gsp-1,5
5157,MP:0001081,DISO,abnormal cranial ganglia morphology,1
5158,ZP:0000545,DISO,"granulocyte differentiation decreased occurrence, abnormal",1
5159,MP:0008463,DISO,abnormal peripheral lymph node morphology,1
5160,ENSEMBL:ENSCAFG00000048208,ORTH,A0A5F4DI44,5
5161,ZP:0006620,DISO,"cardiac ventricle action potential, abnormal",1
5162,ENSEMBL:ENSPTRG00000041770,ORTH,ENSEMBL:ENSPTRG00000041770,5
5163,ZFIN:ZDB-GENE-040426-2848,ORTH,hk1,5
5164,ZP:0000054,DISO,"head decreased size, abnormal",1
5165,MGI:107399,ORTH,Il17ra,5
5166,HP:0012376,DISO,Microphakia,1
5167,HP:0011472,DISO,Abnormality of small intestinal villus morphology,1
5168,ZFIN:ZDB-GENE-141210-9,ORTH,csnk2a4,5
5169,ZP:0103453,DISO,"angiogenic sprout central artery decreased branchiness, abnormal",1
5170,MP:0009429,DISO,decreased embryo weight,1
5171,HP:0001894,DISO,Thrombocytosis,1
5172,ENSEMBL:ENSSSCG00000033082,ORTH,HGS,5
5173,SGD:S000005969,ORTH,CAM1,5
5174,RGD:1334002,ORTH,Olr230,5
5175,FlyBase:FBgn0031950,ORTH,Herp,5
5176,MP:0002207,DISO,abnormal long term potentiation,1
5177,dictyBase:DDB_G0274211,GENO,DDB0167574,4
5178,HP:0002850,DISO,Decreased circulating total IgM,1
5179,MONARCH:APO_0000257APO_0000002,GENO,cell cycle progression through the G2/M phase transition:abnormal,4
5180,HGNC:4775,GENE,H3C10,3
5181,ENSEMBL:ENSMMUG00000021081,ORTH,ENSEMBL:ENSMMUG00000021081,5
5182,ENSEMBL:ENSBTAG00000014430,ORTH,ENSEMBL:ENSBTAG00000014430,5
5183,MP:0009932,DISO,skin fibrosis,1
5184,ENSEMBL:ENSACAG00000000836,ORTH,ENSEMBL:ENSACAG00000000836,5
5185,PomBase:SPCC18.06c,GENO,caf1,4
5186,RGD:1309689,ORTH,Polr1c,5
5187,ENSEMBL:ENSSSCG00000001862,ORTH,ETFA,5
5188,ENSEMBL:ENSMMUG00000018925,ORTH,ENSEMBL:ENSMMUG00000018925,5
5189,HP:0000494,DISO,Downslanted palpebral fissures,1
5190,MP:0005478,DISO,decreased circulating thyroxine level,1
5191,HGNC:6849,GENE,MAP3K10,3
5192,EFO:0004339,GENO,body height,4
5193,ENSEMBL:ENSACAG00000026327,ORTH,ENSEMBL:ENSACAG00000026327,5
5194,MP:0009783,DISO,abnormal melanoblast morphology,1
5195,Coriell:GM06447,GENO,NIGMS-GM06447,4
5196,HP:0012444,DISO,Brain atrophy,1
5197,ZFIN:ZDB-GENE-010501-5,ORTH,bag6,5
5198,MGI:107793,ORTH,Crmp1,5
5199,MP:0001026,DISO,abnormal adrenergic neuron morphology,1
5200,WBPhenotype:0000055,DISO,early larval arrest,1
5201,HGNC:7762,GENE,NEUROD1,3
5202,dictyBase:DDB_G0281889,GENO,DDB0204271,4
5203,MP:0001290,DISO,delayed eyelid opening,1
5204,MGI:95958,ORTH,H2-T24,5
5205,WBPhenotype:0000603,DISO,muscle system morphology variant,1
5206,GO:0030424,PHYS,axon,6
5207,RGD:1588606,ORTH,Cad,5
5208,FlyBase:FBgn0027655,ORTH,htt,5
5209,ZP:0102974,DISO,"anterior margin ethmoid cartilage emarginate, abnormal",1
5210,ENSEMBL:ENSCAFG00000010910,ORTH,FEZ1,5
5211,WormBase:WBGene00009948,ORTH,F52H3.6,5
5212,ENSEMBL:ENSMODG00000023202,ORTH,ENSEMBL:ENSMODG00000023202,5
5213,ENSEMBL:ENSMODG00000009175,ORTH,ENSEMBL:ENSMODG00000009175,5
5214,HP:0011182,DISO,Interictal epileptiform activity,1
5215,WormBase:WBGene00000287,ORTH,cal-3,5
5216,ZP:0100117,DISO,"paired fin decreased size, abnormal",1
5217,WBPhenotype:0001236,DISO,transgene expression increased,1
5218,MP:0011963,DISO,abnormal total retina thickness,1
5219,ZP:0000606,DISO,"developmental process delayed, abnormal",1
5220,MP:0001299,DISO,abnormal eye distance/ position,1
5221,HP:0002894,DISO,Neoplasm of the pancreas,1
5222,WBPhenotype:0000604,DISO,nervous system morphology variant,1
5223,ZP:0004002,DISO,"diencephalon apoptotic, abnormal",1
5224,ENSEMBL:ENSECAG00000020182,ORTH,ENSEMBL:ENSECAG00000020182,5
5225,ENSEMBL:ENSMODG00000039275,ORTH,ENSEMBL:ENSMODG00000039275,5
5226,MP:0000181,DISO,abnormal circulating LDL cholesterol level,1
5227,WormBase:WBGene00012245,ORTH,rbm-25,5
5228,ENSEMBL:ENSBTAG00000012086,ORTH,ENSEMBL:ENSBTAG00000012086,5
5229,ENSEMBL:ENSMODG00000006754,ORTH,ENSEMBL:ENSMODG00000006754,5
5230,MONDO:0007739,DISO,Huntington disease,1
5231,WBPhenotype:0001421,DISO,endocytic transport variant,1
5232,HGNC:12420,GENE,TUFM,3
5233,MP:0012188,DISO,increased regulatory T cell apoptosis,1
5234,HP:0009811,DISO,Abnormality of the elbow,1
5235,ZP:0006354,DISO,"endoplasmic reticulum hepatocyte vacuolated, abnormal",1
5236,ENSEMBL:ENSOANG00000048499,ORTH,ENSEMBL:ENSOANG00000048499,5
5237,ENSEMBL:ENSCAFG00000023407,ORTH,ENSEMBL:ENSCAFG00000023407,5
5238,ENSEMBL:ENSMMUG00000017904,ORTH,ENSEMBL:ENSMMUG00000017904,5
5239,ZP:0100332,DISO,"sperm increased cellular motility, abnormal",1
5240,MP:0001539,DISO,decreased caudal vertebrae number,1
5241,ZP:0000243,DISO,"Z disc skeletal muscle disorganized, abnormal",1
5242,WBPhenotype:0001645,DISO,protein degradation variant,1
5243,ZP:0011938,DISO,"endoplasmic reticulum retinal outer nuclear layer morphology, abnormal",1
5244,ENSEMBL:ENSSSCG00000038628,ORTH,SKP1,5
5245,MP:0001724,DISO,abnormal extraembryonic endoderm formation,1
5246,MP:0004890,DISO,decreased energy expenditure,1
5247,WBPhenotype:0002328,DISO,amplitude of sinusoidal movement increased,1
5248,MP:0011107,DISO,"embryonic lethality between somite formation and embryo turning, incomplete penetrance",1
5249,WormBase:WBGene00004274,ORTH,rab-11.1,5
5250,ENSEMBL:ENSOANG00000038027,ORTH,ENSEMBL:ENSOANG00000038027,5
5251,ENSEMBL:ENSFCAG00000012690,ORTH,ENSEMBL:ENSFCAG00000012690,5
5252,HP:0002483,DISO,Bulbar signs,1
5253,PomBase:SPBC16H5.02,GENO,pfk1,4
5254,ENSEMBL:ENSFCAG00000001566,ORTH,ENSEMBL:ENSFCAG00000001566,5
5255,EFO:0007864,GENO,sulfate measurement,4
5256,EFO:0005271,GENO,sleep duration,4
5257,ENSEMBL:ENSFCAG00000003235,ORTH,ENSEMBL:ENSFCAG00000003235,5
5258,ZP:0100480,DISO,"posterior region neuroectoderm absent, abnormal",1
5259,ENSEMBL:ENSMMUG00000002320,ORTH,ENSEMBL:ENSMMUG00000002320,5
5260,ZP:0001540,DISO,"hemoglobin complex nucleate erythrocyte decreased amount, abnormal",1
5261,ZP:0010096,DISO,"ceratohyal cartilage curved caudal, abnormal",1
5262,ZFIN:ZDB-GENE-040426-1707,ORTH,skp1,5
5263,HP:0001315,DISO,Reduced tendon reflexes,1
5264,ENSEMBL:ENSMODG00000013418,ORTH,ENSEMBL:ENSMODG00000013418,5
5265,HP:0002514,DISO,Cerebral calcification,1
5266,ZFIN:ZDB-GENE-030131-3246,ORTH,atxn2l,5
5267,ZP:0001275,DISO,"retina increased occurrence cell death, abnormal",1
5268,ZFIN:ZDB-GENE-030131-5201,ORTH,haus2,5
5269,MONARCH:APO_0000312APO_0000003,GENO,cell death:decreased,4
5270,ZFIN:ZDB-GENE-030131-6334,ORTH,brf1a,5
5271,ENSEMBL:ENSPTRG00000018989,ORTH,ENSEMBL:ENSPTRG00000018989,5
5272,ENSEMBL:ENSCAFG00000048678,ORTH,ENSEMBL:ENSCAFG00000048678,5
5273,HP:0002067,DISO,Bradykinesia,1
5274,EFO:0007992,GENO,basophil percentage of leukocytes,4
5275,MGI:1931052,ORTH,Aldoart2,5
5276,FlyBase:FBgn0035733,ORTH,CG8641,5
5277,ZP:0006045,DISO,"heart contraction decreased frequency, abnormal",1
5278,ZP:0000084,DISO,"posterior lateral line neuromast decreased amount, abnormal",1
5279,ZP:0002256,DISO,"fourth ventricle distended, abnormal",1
5280,ZP:0003589,DISO,"gut endothelial cell morphology, abnormal",1
5281,Xenbase:XB-GENE-481992,ORTH,smad3,5
5282,HP:0003307,DISO,Hyperlordosis,1
5283,ENSEMBL:ENSACAG00000011713,ORTH,ENSEMBL:ENSACAG00000011713,5
5284,WBPhenotype:0000632,DISO,axon fasciculation variant,1
5285,MONARCH:APO_0000205APO_0000004,GENO,ionic stress resistance:increased,4
5286,SGD:S000006044,ORTH,RNY1,5
5287,HP:0012133,DISO,Erythroid hypoplasia,1
5288,ENSEMBL:ENSSSCG00000016582,ORTH,ENSEMBL:ENSSSCG00000016582,5
5289,ZP:0005616,DISO,"ventral mandibular arch decreased length, abnormal",1
5290,HP:0032059,DISO,Mild malformation of cortical development,1
5291,MP:0008285,DISO,abnormal hippocampus granule cell layer,1
5292,ENSEMBL:ENSECAG00000010644,ORTH,ENSEMBL:ENSECAG00000010644,5
5293,ZFIN:ZDB-GENE-060929-592,ORTH,haus3,5
5294,ZP:0002494,DISO,"muscle contraction arrested, abnormal",1
5295,WormBase:WBGene00004825,ORTH,skr-19,5
5296,MP:0004274,DISO,abnormal embryonic/fetal subventricular zone morphology,1
5297,ENSEMBL:ENSGALG00000008419,ORTH,SEC13,5
5298,HP:0006970,DISO,Periventricular leukomalacia,1
5299,HP:0410263,DISO,Brain imaging abnormality,1
5300,PomBase:SPBC28F2.12,GENO,rpb1,4
5301,ENSEMBL:ENSMMUG00000016844,ORTH,ENSEMBL:ENSMMUG00000016844,5
5302,HGNC:3594,GENE,FASN,3
5303,WormBase:WBGene00004463,ORTH,rpn-7,5
5304,ENSEMBL:ENSSSCG00000007986,ORTH,NME4,5
5305,ZFIN:ZDB-GENE-030131-7828,ORTH,kdm1a,5
5306,ZFIN:ZDB-GENE-030909-2,ORTH,add1,5
5307,ZP:0010272,DISO,"oncogene-induced cell senescence decreased occurrence, abnormal",1
5308,ZP:0003788,DISO,"granulocyte decreased amount, abnormal",1
5309,HP:0002418,DISO,Abnormal midbrain morphology,1
5310,ZP:0000917,DISO,"ventral mandibular arch aplastic, abnormal",1
5311,ENSEMBL:ENSSSCG00000004845,ORTH,FAN1,5
5312,SGD:S000005507,ORTH,PEX11,5
5313,ENSEMBL:ENSCAFG00000014163,ORTH,UBE2E3,5
5314,ENSEMBL:ENSFCAG00000002265,ORTH,ENSEMBL:ENSFCAG00000002265,5
5315,HP:0012523,DISO,Oral aversion,1
5316,MP:0010951,DISO,abnormal lipid oxidation,1
5317,ZP:0018531,DISO,"spinal cord decreased occurrence central nervous system myelination, abnormal",1
5318,ZP:0001211,DISO,"swim bladder uninflated, abnormal",1
5319,MP:0004529,DISO,decreased outer hair cell stereocilia number,1
5320,HP:0001347,DISO,Hyperreflexia,1
5321,MP:0008561,DISO,decreased tumor necrosis factor secretion,1
5322,dbSNP:rs150393409,GENO,rs150393409-A,4
5323,ENSEMBL:ENSBTAG00000015591,ORTH,SQSTM1,5
5324,HP:0011220,DISO,Prominent forehead,1
5325,ENSEMBL:ENSFCAG00000002669,ORTH,ENSEMBL:ENSFCAG00000002669,5
5326,ZFIN:ZDB-GENE-030131-6192,ORTH,mgrn1a,5
5327,ZP:0005093,DISO,"regulation of cell cycle arrest disrupted, abnormal",1
5328,ZP:0104639,DISO,"myotome has extra parts of type skeletal muscle cell vesicle skeletal muscle cell, abnormal",1
5329,ZP:0000944,DISO,"photoreceptor cell retinal photoreceptor layer absent, abnormal",1
5330,MP:0010287,DISO,increased reproductive system tumor incidence,1
5331,MP:0005602,DISO,decreased angiogenesis,1
5332,HP:0001271,DISO,Polyneuropathy,1
5333,MP:0002206,DISO,abnormal CNS synaptic transmission,1
5334,ENSEMBL:ENSGALG00000009433,ORTH,ENSEMBL:ENSGALG00000009433,5
5335,SGD:S000005587,ORTH,CKA2,5
5336,FlyBase:FBgn0028836,ORTH,CSN7,5
5337,ZP:0010085,DISO,"whole organism lacks all parts of type eye, abnormal",1
5338,HP:0011014,DISO,Abnormal glucose homeostasis,1
5339,MP:0009612,DISO,thick epidermis suprabasal layer,1
5340,RGD:1591971,ORTH,Psme4,5
5341,ENSEMBL:ENSACAG00000005040,ORTH,ENSEMBL:ENSACAG00000005040,5
5342,dictyBase:DDB_G0281363,GENO,DDB0204159,4
5343,EFO:0010078,GENO,dentures,4
5344,ENSEMBL:ENSCAFG00000040985,ORTH,OPRM1,5
5345,ZFIN:ZDB-GENE-040121-5,ORTH,akt2l,5
5346,ENSEMBL:ENSECAG00000016097,ORTH,ENSEMBL:ENSECAG00000016097,5
5347,SGD:S000000133,ORTH,APL3,5
5348,ENSEMBL:ENSECAG00000019837,ORTH,ENSEMBL:ENSECAG00000019837,5
5349,ENSEMBL:ENSPTRG00000010376,ORTH,ENSEMBL:ENSPTRG00000010376,5
5350,ENSEMBL:ENSECAG00000011366,ORTH,ENSEMBL:ENSECAG00000011366,5
5351,MP:0001656,DISO,focal hepatic necrosis,1
5352,Xenbase:XB-GENE-6067152,ORTH,egfr,5
5353,ENSEMBL:ENSACAG00000014240,ORTH,ENSEMBL:ENSACAG00000014240,5
5354,ENSEMBL:ENSMODG00000003384,ORTH,ENSEMBL:ENSMODG00000003384,5
5355,WormBase:WBGene00001232,ORTH,eif-3.I,5
5356,ENSEMBL:ENSSSCG00000040859,ORTH,LLGL1,5
5357,ENSEMBL:ENSACAG00000014561,ORTH,ENSEMBL:ENSACAG00000014561,5
5358,ENSEMBL:ENSECAG00000013667,ORTH,ENSEMBL:ENSECAG00000013667,5
5359,NCBIGene:100000959,GENE,c5ar1,3
5360,HP:0002904,DISO,Hyperbilirubinemia,1
5361,ZP:0000338,DISO,"Wnt-activated signaling pathway involved in forebrain neuron fate commitment disrupted, abnormal",1
5362,RGD:1310521,ORTH,Ranbp1,5
5363,ENSEMBL:ENSACAG00000012694,ORTH,ENSEMBL:ENSACAG00000012694,5
5364,ENSEMBL:ENSSSCG00000031302,ORTH,CTBP1,5
5365,FBcv:0000356,DISO,abnormal body color,1
5366,PomBase:SPCC550.11,GENO,nmd5,4
5367,WormBase:WBGene00000366,ORTH,cbp-1,5
5368,ZFIN:ZDB-GENE-061026-1,ORTH,ftr97,5
5369,ZP:0010784,DISO,"apoptotic process increased process quality, abnormal",1
5370,PomBase:SPBP35G2.11c,GENO,nbr1,4
5371,MP:0008450,DISO,retinal photoreceptor degeneration,1
5372,dictyBase:DDB_G0275619,GENO,pppB,4
5373,ENSEMBL:ENSFCAG00000022878,ORTH,ENSEMBL:ENSFCAG00000022878,5
5374,ENSEMBL:ENSRNOG00000029732,ORTH,A0A0G2K3I6,5
5375,HP:0002465,DISO,Poor speech,1
5376,Coriell:GM05626,GENO,NIGMS-GM05626,4
5377,HP:0002205,DISO,Recurrent respiratory infections,1
5378,ENSEMBL:ENSBTAG00000025071,ORTH,TENM2,5
5379,ENSEMBL:ENSACAG00000004001,ORTH,ENSEMBL:ENSACAG00000004001,5
5380,HP:0003292,DISO,Decreased serum leptin,1
5381,ENSEMBL:ENSMODG00000012963,ORTH,ENSEMBL:ENSMODG00000012963,5
5382,WBPhenotype:0001936,DISO,resistant to protein aggregation induced paralysis,1
5383,EFO:0006831,GENO,acute insulin response measurement,4
5384,dictyBase:DDB_G0280801,GENO,DDB0204740,4
5385,MP:0010997,DISO,decreased aorta wall thickness,1
5386,SGD:S000005041,ORTH,PHO23,5
5387,HP:0100024,DISO,Conspicuously happy disposition,1
5388,WormBase:WBGene00000103,ORTH,akt-2,5
5389,MP:0020560,DISO,abnormal pontine nuclei morphology,1
5390,FlyBase:FBgn0034923,ORTH,Upf3,5
5391,ZP:0000943,DISO,"eye morphology, abnormal",1
5392,ZP:0013911,DISO,"Notch signaling pathway decreased intensity, abnormal",1
5393,ENSEMBL:ENSCAFG00000012199,ORTH,ENSEMBL:ENSCAFG00000012199,5
5394,ENSEMBL:ENSCAFG00000013392,ORTH,ENSEMBL:ENSCAFG00000013392,5
5395,ZFIN:ZDB-GENE-000412-1,ORTH,bdnf,5
5396,WormBase:WBGene00010888,ORTH,dlc-2,5
5397,ENSEMBL:ENSSSCG00000002000,ORTH,IPO4,5
5398,ENSEMBL:ENSMODG00000013400,ORTH,ENSEMBL:ENSMODG00000013400,5
5399,SGD:S000000202,ORTH,SRO77,5
5400,ENSEMBL:ENSFCAG00000044738,ORTH,ENSEMBL:ENSFCAG00000044738,5
5401,RGD:1305576,ORTH,Setd2,5
5402,MP:0009414,DISO,skeletal muscle fiber necrosis,1
5403,WBPhenotype:0002193,DISO,posterior reversed vulval lineage,1
5404,NCBIGene:100496639,GENE,LOC100496639,3
5405,HP:0003237,DISO,Increased circulating IgG level,1
5406,MP:0009806,DISO,abnormal otic vesicle morphology,1
5407,MP:0003331,DISO,increased hepatocellular carcinoma incidence,1
5408,ENSEMBL:ENSGALG00000031131,ORTH,ENSEMBL:ENSGALG00000031131,5
5409,ZP:0005779,DISO,"extracellular space DEL decreased area, abnormal",1
5410,WBPhenotype:0000105,DISO,oocyte meiotic maturation variant,1
5411,MP:0002792,DISO,abnormal retinal vasculature morphology,1
5412,WBPhenotype:0004023,DISO,frequency of body bend variant,1
5413,MP:0009356,DISO,decreased liver triglyceride level,1
5414,ZP:0000351,DISO,"postoptic commissure aplastic, abnormal",1
5415,ENSEMBL:ENSCAFG00000049365,ORTH,A0A5F4D4F6,5
5416,ZP:0018957,DISO,"caudal fin decreased amount, abnormal",1
5417,ENSEMBL:ENSMMUG00000008104,ORTH,ENSEMBL:ENSMMUG00000008104,5
5418,dictyBase:DDB_G0283535,GENO,DG1104,4
5419,ZP:0003232,DISO,"pericardial cavity edematous, abnormal",1
5420,HGNC:11007,GENE,SLC2A3,3
5421,RGD:1595256,ORTH,Sumo4,5
5422,ZP:0009069,DISO,"dorsal/ventral neural tube patterning disrupted, abnormal",1
5423,Xenbase:XB-GENE-5829966,ORTH,znf180,5
5424,MP:0004838,DISO,abnormal neural fold elevation formation,1
5425,HP:0002591,DISO,Polyphagia,1
5426,MONARCH:APO_0000041APO_0000246,GENO,sporulation:increased rate,4
5427,MP:0010878,DISO,increased trabecular bone volume,1
5428,FlyBase:FBgn0003888,ORTH,betaTub60D,5
5429,ENSEMBL:ENSGALG00000013916,ORTH,ENSEMBL:ENSGALG00000013916,5
5430,MP:0013520,DISO,increased CD4-positive NK T cell number,1
5431,MP:0030996,DISO,decreased pacinian corpuscle number,1
5432,MP:0002799,DISO,abnormal passive avoidance behavior,1
5433,ENSEMBL:ENSACAG00000003355,ORTH,ENSEMBL:ENSACAG00000003355,5
5434,HP:0001382,DISO,Joint hypermobility,1
5435,MP:0008512,DISO,disorganized retinal inner nuclear layer,1
5436,MGI:5564936,ORTH,Emx1<tm1(cre)Ito>/Emx1<+>; Rgs9<tm1(cre)Yql>/Rgs9<+>; Tg(HTT*97Q)IXwy [involves: 129P2/OlaHsd * FVB],5
5437,PomBase:SPAC806.07,GENO,ndk1,4
5438,ZP:0019984,DISO,"neural tube closure delayed, abnormal",1
5439,Coriell:GM04867,GENO,NIGMS-GM04867,4
5440,Xenbase:XB-GENE-943222,ORTH,etfa,5
5441,ENSEMBL:ENSFCAG00000003669,ORTH,ENSEMBL:ENSFCAG00000003669,5
5442,ZP:0003840,DISO,"neuroblast (sensu Vertebrata) brain hyperplastic, abnormal",1
5443,ENSEMBL:ENSSSCG00000003199,ORTH,AP2A1,5
5444,MP:0006267,DISO,abnormal intercalated disk morphology,1
5445,EnsemblGenome:AT1G05890,ORTH,EnsemblGenome:AT1G05890,5
5446,WBPhenotype:0001511,DISO,linker cell migration variant,1
5447,FlyBase:FBgn0262739,ORTH,AGO1,5
5448,ENSEMBL:ENSMMUG00000051227,ORTH,ENSEMBL:ENSMMUG00000051227,5
5449,WormBase:WBGene00011474,ORTH,aldo-1,5
5450,MONARCH:APO_0000082APO_0000003,GENO,osmotic stress resistance:decreased,4
5451,FlyBase:FBgn0034904,ORTH,CG15800,5
5452,MP:0009848,DISO,increased horizontal stereotypic behavior,1
5453,MGI:1913758,ORTH,Lamtor1,5
5454,MGI:1916969,ORTH,Cad,5
5455,ENSEMBL:ENSMODG00000009808,ORTH,ENSEMBL:ENSMODG00000009808,5
5456,Xenbase:XB-GENE-969573,ORTH,vcp,5
5457,ZP:0101900,DISO,"motor neuron facial nerve motor nucleus increased volume, abnormal",1
5458,ENSEMBL:ENSECAG00000022878,ORTH,ENSEMBL:ENSECAG00000022878,5
5459,ZP:0001566,DISO,"posterior lateral line neuromast primordium migration process quality, abnormal",1
5460,MP:0013219,DISO,abnormal substantia nigra pars compacta morphology,1
5461,ENSEMBL:ENSACAG00000003922,ORTH,ENSEMBL:ENSACAG00000003922,5
5462,dictyBase:DDB_G0289593,GENO,tufm,4
5463,ENSEMBL:ENSGALG00000052686,ORTH,MHCIA6,5
5464,WBPhenotype:0001180,DISO,accumulated germline cell corpses,1
5465,MGI:1891833,ORTH,Pfkp,5
5466,MP:0003232,DISO,abnormal forebrain development,1
5467,ZP:0137809,DISO,"pharyngeal mesoderm increased distribution, abnormal",1
5468,ENSEMBL:ENSACAG00000011359,ORTH,ENSEMBL:ENSACAG00000011359,5
5469,ZP:0007877,DISO,"atrium collapsed, abnormal",1
5470,RGD:1305022,ORTH,Heyl,5
5471,ENSEMBL:ENSPTRG00000021233,ORTH,ENSEMBL:ENSPTRG00000021233,5
5472,MP:0003146,DISO,absent cochlear ganglion,1
5473,HP:0100022,DISO,Abnormality of movement,1
5474,ENSEMBL:ENSGALG00000051188,ORTH,LOC107054704,5
5475,WormBase:WBGene00017298,ORTH,toca-1,5
5476,dbSNP:rs362307,GENO,rs362307-C,4
5477,ENSEMBL:ENSMODG00000000755,ORTH,ENSEMBL:ENSMODG00000000755,5
5478,HP:0030341,DISO,Decreased circulating follicle stimulating hormone concentration,1
5479,ENSEMBL:ENSFCAG00000010459,ORTH,ENSEMBL:ENSFCAG00000010459,5
5480,MP:0004354,DISO,absent deltoid tuberosity,1
5481,WBPhenotype:0000119,DISO,protein expression increased,1
5482,HP:0000778,DISO,Hypoplasia of the thymus,1
5483,MGI:2157525,ORTH,Dppa4,5
5484,MP:0006359,DISO,absent startle reflex,1
5485,ZP:0018478,DISO,"acetylcholine-gated channel complex myotome increased area, abnormal",1
5486,ENSEMBL:ENSGALG00000040957,ORTH,AGO2,5
5487,MONARCH:APO_0000204APO_0000004,GENO,hyperosmotic stress resistance:increased,4
5488,MP:0008924,DISO,decreased cerebellar granule cell number,1
5489,HP:0011021,DISO,Abnormality of circulating enzyme level,1
5490,ZP:0005798,DISO,"developmental growth decreased rate, abnormal",1
5491,Xenbase:XB-GENE-1003088,ORTH,golph3l,5
5492,WBPhenotype:0002039,DISO,retrograde transport variant,1
5493,HP:0001397,DISO,Hepatic steatosis,1
5494,ENSEMBL:ENSACAG00000004345,ORTH,ENSEMBL:ENSACAG00000004345,5
5495,FlyBase:FBgn0024556,ORTH,mEFTu1,5
5496,MGI:1915661,ORTH,Map1lc3a,5
5497,SGD:S000000626,ORTH,SYP1,5
5498,HP:0010442,DISO,Polydactyly,1
5499,HP:0008232,DISO,Elevated circulating follicle stimulating hormone level,1
5500,Xenbase:XB-GENE-975013,ORTH,eef1g,5
5501,ENSEMBL:ENSECAG00000023516,ORTH,ENSEMBL:ENSECAG00000023516,5
5502,WormBase:WBGene00004094,ORTH,ppw-2,5
5503,ENSEMBL:ENSPTRG00000008130,ORTH,ENSEMBL:ENSPTRG00000008130,5
5504,ENSEMBL:ENSPTRG00000007210,ORTH,ENSEMBL:ENSPTRG00000007210,5
5505,ENSEMBL:ENSMMUG00000062471,ORTH,ENSEMBL:ENSMMUG00000062471,5
5506,ENSEMBL:ENSCAFG00000046342,ORTH,ENSEMBL:ENSCAFG00000046342,5
5507,ENSEMBL:ENSOANG00000006086,ORTH,ENSEMBL:ENSOANG00000006086,5
5508,MP:0005286,DISO,decreased saturated fatty acids level,1
5509,MP:0001951,DISO,abnormal breathing pattern,1
5510,GO:0045724,PHYS,positive regulation of cilium assembly,6
5511,ENSEMBL:ENSFCAG00000003902,ORTH,ENSEMBL:ENSFCAG00000003902,5
5512,ZP:0000057,DISO,"Meckel's cartilage decreased size, abnormal",1
5513,ENSEMBL:ENSPTRG00000039222,ORTH,ENSEMBL:ENSPTRG00000039222,5
5514,ClinVarVariant:417745,VARI,NM_002111.8(HTT):c.8156T>A (p.Phe2719Tyr),7
5515,MP:0010401,DISO,increased skeletal muscle glycogen level,1
5516,ZP:0006346,DISO,"intestinal villus decreased length, abnormal",1
5517,HGNC:1867,GENE,CETN2,3
5518,PomBase:SPAC29A4.02c,GENO,SPAC29A4.02c,4
5519,MP:0002088,DISO,abnormal embryonic growth/weight/body size,1
5520,ZP:0006357,DISO,"Muller cell disoriented, abnormal",1
5521,MP:0002916,DISO,increased synaptic depression,1
5522,ENSEMBL:ENSGALG00000006197,ORTH,ENSEMBL:ENSGALG00000006197,5
5523,ENSEMBL:ENSMODG00000011679,ORTH,ENSEMBL:ENSMODG00000011679,5
5524,WormBase:WBGene00000106,ORTH,alg-2,5
5525,HP:0002527,DISO,Falls,1
5526,RGD:1565486,ORTH,Rbm25l1,5
5527,MP:0002766,DISO,situs inversus,1
5528,PomBase:SPCP31B10.03c,GENO,med31,4
5529,MP:0000292,DISO,distended pericardium,1
5530,dbSNP:rs78621558,GENO,rs78621558-?,4
5531,MP:0000907,DISO,small mesencephalic trigeminal nucleus,1
5532,MP:0005449,DISO,abnormal food intake,1
5533,ENSEMBL:ENSBTAG00000052456,ORTH,OR10A5L,5
5534,HP:0030515,DISO,Moderately reduced visual acuity,1
5535,MP:0008211,DISO,decreased mature B cell number,1
5536,ZP:0000945,DISO,"pigment cell quality, abnormal",1
5537,ZP:0002542,DISO,"neural keel increased width, abnormal",1
5538,WBPhenotype:0001724,DISO,tunicamycin hypersensitive,1
5539,ENSEMBL:ENSMODG00000020974,ORTH,ENSEMBL:ENSMODG00000020974,5
5540,MP:0001195,DISO,flaky skin,1
5541,ENSEMBL:ENSACAG00000003517,ORTH,ENSEMBL:ENSACAG00000003517,5
5542,RGD:3247,ORTH,Pacsin1,5
5543,WormBase:WBGene00006514,ORTH,tdp-1,5
5544,ZP:0001434,DISO,"post-vent region deformed, abnormal",1
5545,ENSEMBL:ENSFCAG00000008729,ORTH,ENSEMBL:ENSFCAG00000008729,5
5546,ZP:0019910,DISO,"ovulation process quality, abnormal",1
5547,WBPhenotype:0002338,DISO,body proportion variant,1
5548,ENSEMBL:ENSACAG00000014855,ORTH,ENSEMBL:ENSACAG00000014855,5
5549,ENSEMBL:ENSACAG00000004107,ORTH,ENSEMBL:ENSACAG00000004107,5
5550,EFO:0007993,GENO,lymphocyte percentage of leukocytes,4
5551,MONARCH:APO_0000106APO_0000250,GENO,vegetative growth:arrested,4
5552,ENSEMBL:ENSMODG00000010124,ORTH,ENSEMBL:ENSMODG00000010124,5
5553,dbSNP:rs3889139,GENO,rs3889139-?,4
5554,ZFIN:ZDB-GENE-030131-2299,ORTH,cltca,5
5555,MP:0009412,DISO,skeletal muscle fiber degeneration,1
5556,ENSEMBL:ENSSSCG00000017427,ORTH,ENSEMBL:ENSSSCG00000017427,5
5557,ZP:0006024,DISO,"forebrain aplastic, abnormal",1
5558,ENSEMBL:ENSMMUG00000019118,ORTH,ENSEMBL:ENSMMUG00000019118,5
5559,ENSEMBL:ENSACAG00000001880,ORTH,ENSEMBL:ENSACAG00000001880,5
5560,ZFIN:ZDB-GENE-041001-146,ORTH,nrbp1,5
5561,HP:0010719,DISO,Abnormality of hair texture,1
5562,WBPhenotype:0002568,DISO,long-term associative memory phenotype,1
5563,ENSEMBL:ENSACAG00000000190,ORTH,ENSEMBL:ENSACAG00000000190,5
5564,ENSEMBL:ENSGALG00000039803,ORTH,ENSEMBL:ENSGALG00000039803,5
5565,FlyBase:FBgn0037578,ORTH,PNKP,5
5566,ENSEMBL:ENSMODG00000003801,ORTH,ENSEMBL:ENSMODG00000003801,5
5567,MGI:87870,ORTH,Acat1,5
5568,MGI:4129208,ORTH,Zdhhc17<Gt(RRJ233)Byg>,5
5569,HP:0000029,DISO,Testicular atrophy,1
5570,ENSEMBL:ENSGALG00000042333,ORTH,DDB1,5
5571,HP:0003474,DISO,Somatic sensory dysfunction,1
5572,MP:0008008,DISO,early cellular replicative senescence,1
5573,MP:0010979,DISO,small ureteric bud,1
5574,ENSEMBL:ENSOANG00000005083,ORTH,ENSEMBL:ENSOANG00000005083,5
5575,Coriell:GM06348,GENO,NIGMS-GM06348,4
5576,MGI:1270126,ORTH,Ulk1,5
5577,MP:0004787,DISO,abnormal dorsal aorta morphology,1
5578,ZP:0000355,DISO,"eye quality, abnormal",1
5579,MGI:2177757,ORTH,Htt<tm2Detl>,5
5580,HP:0007678,DISO,Lacrimal duct stenosis,1
5581,ENSEMBL:ENSCAFG00000006006,ORTH,FASN,5
5582,MP:0003734,DISO,abnormal retinal inner plexiform layer morphology,1
5583,MP:0009988,DISO,abnormal cerebellum vermis lobule I morphology,1
5584,ZP:0019193,DISO,"heart decreased amount, abnormal",1
5585,MP:0001513,DISO,limb grasping,1
5586,WBPhenotype:0002517,DISO,burrowing assay distance reduced,1
5587,WormBase:WBGene00016373,ORTH,swd-2.1,5
5588,ZFIN:ZDB-GENE-110606-6,ORTH,ago2,5
5589,WormBase:WBGene00004812,ORTH,skr-6,5
5590,ENSEMBL:ENSGALG00000006474,ORTH,ENSEMBL:ENSGALG00000006474,5
5591,ENSEMBL:ENSMODG00000005932,ORTH,ENSEMBL:ENSMODG00000005932,5
5592,WBPhenotype:0001143,DISO,multiple nuclei early emb,1
5593,ZP:0001771,DISO,"pronephros quality, abnormal",1
5594,ENSEMBL:ENSSSCG00000007503,ORTH,ENSEMBL:ENSSSCG00000007503,5
5595,MP:0030998,DISO,small pacinian corpuscles,1
5596,SGD:S000006070,ORTH,ATG5,5
5597,HGNC:93,GENE,ACAT1,3
5598,ENSEMBL:ENSFCAG00000007084,ORTH,ENSEMBL:ENSFCAG00000007084,5
5599,MP:0010322,DISO,increased cutaneous melanoma incidence,1
5600,ZP:0008035,DISO,"myofibril cardiac muscle disorganized, abnormal",1
5601,ENSEMBL:ENSGALG00000014290,ORTH,UBE2K,5
5602,MP:0009990,DISO,abnormal cerebellum vermis lobule III morphology,1
5603,ZP:0004346,DISO,"photoreceptor inner segment eye photoreceptor cell malformed, abnormal",1
5604,HP:0011165,DISO,Focal sensory seizure with visual features,1
5605,ENSEMBL:ENSACAG00000011337,ORTH,ENSEMBL:ENSACAG00000011337,5
5606,ENSEMBL:ENSGALG00000001103,ORTH,ENSEMBL:ENSGALG00000001103,5
5607,ENSEMBL:ENSBTAG00000030416,ORTH,A0A3Q1MA30,5
5608,ENSEMBL:ENSCAFG00000045717,ORTH,A0A5F4C8A6,5
5609,MP:0003237,DISO,abnormal lens epithelium morphology,1
5610,ZP:0005778,DISO,"cell junction EVL immature, abnormal",1
5611,MP:0005192,DISO,increased motor neuron number,1
5612,dictyBase:DDB_G0272032,GENO,gefG,4
5613,ENSEMBL:ENSBTAG00000020116,ORTH,JSP.1,5
5614,HGNC:5270,GENE,DNAJB1,3
5615,ZP:0003347,DISO,"caudal vein dilated, abnormal",1
5616,dictyBase:DDB_G0271676,GENO,DDB_G0271676,4
5617,HP:0001773,DISO,Short foot,1
5618,HP:0000765,DISO,Abnormal thorax morphology,1
5619,MP:0012029,DISO,abnormal electroretinogram waveform feature,1
5620,ENSEMBL:ENSBTAG00000025441,ORTH,ENSEMBL:ENSBTAG00000025441,5
5621,HP:0006482,DISO,Abnormality of dental morphology,1
5622,ZP:0000829,DISO,"thigmotaxis decreased occurrence, abnormal",1
5623,HP:0000977,DISO,Soft skin,1
5624,MP:0002161,DISO,abnormal fertility/fecundity,1
5625,SGD:S000005008,ORTH,YDJ1,5
5626,EFO:0007989,GENO,monocyte percentage of leukocytes,4
5627,HP:0001952,DISO,Glucose intolerance,1
5628,RGD:1563954,ORTH,Msh3,5
5629,MP:0002828,DISO,abnormal renal glomerular capsule morphology,1
5630,HP:0012511,DISO,Temporal optic disc pallor,1
5631,ENSEMBL:ENSGALG00000033932,ORTH,ENSEMBL:ENSGALG00000033932,5
5632,ZP:0008038,DISO,"Z disc cardiac muscle cell decreased size, abnormal",1
5633,ENSEMBL:ENSMMUG00000007449,ORTH,ENSEMBL:ENSMMUG00000007449,5
5634,FlyBase:FBgn0026404,ORTH,Dronc,5
5635,ZP:0011707,DISO,"retina has fewer parts of type retinal ganglion cell, abnormal",1
5636,ENSEMBL:ENSSSCG00000026264,ORTH,HSPB11,5
5637,MP:0003721,DISO,increased tumor growth/size,1
5638,MP:0002080,DISO,prenatal lethality,1
5639,ZP:0000589,DISO,"central artery decreased branchiness, abnormal",1
5640,MP:0008518,DISO,retinal outer nuclear layer degeneration,1
5641,MP:0004097,DISO,abnormal cerebellar cortex morphology,1
5642,ENSEMBL:ENSPTRG00000008828,ORTH,ENSEMBL:ENSPTRG00000008828,5
5643,MP:0010050,DISO,hypermyelination,1
5644,dictyBase:DDB_G0274815,GENO,dlcB,4
5645,EnsemblGenome:AT2G32390,ORTH,EnsemblGenome:AT2G32390,5
5646,SGD:S000004438,ORTH,YLR446W,5
5647,MP:0011090,DISO,"perinatal lethality, incomplete penetrance",1
5648,ENSEMBL:ENSMMUG00000005772,ORTH,ENSEMBL:ENSMMUG00000005772,5
5649,MP:0012515,DISO,abnormal heart apex morphology,1
5650,ENSEMBL:ENSECAG00000005207,ORTH,ENSEMBL:ENSECAG00000005207,5
5651,MP:0002886,DISO,abnormal glutamate-mediated receptor currents,1
5652,WormBase:WBGene00001130,ORTH,dyn-1,5
5653,ZP:0020989,DISO,"double-strand break repair via single-strand annealing increased frequency, abnormal",1
5654,ENSEMBL:ENSACAG00000005261,ORTH,ENSEMBL:ENSACAG00000005261,5
5655,ZP:0011506,DISO,"central region optic tectum proliferative, abnormal",1
5656,WBPhenotype:0000120,DISO,protein expression reduced,1
5657,WBPhenotype:0001682,DISO,organism UV resistant,1
5658,FlyBase:FBgn0051721,ORTH,Trim9,5
5659,WBPhenotype:0001109,DISO,P0 spindle rotation delayed early emb,1
5660,ZFIN:ZDB-GENE-061013-29,ORTH,cnot7,5
5661,ENSEMBL:ENSMMUG00000013090,ORTH,ENSEMBL:ENSMMUG00000013090,5
5662,ZP:0018602,DISO,"hindbrain increased amount, abnormal",1
5663,MGI:96269,ORTH,Ranbp1,5
5664,ENSEMBL:ENSMMUG00000051186,ORTH,ENSEMBL:ENSMMUG00000051186,5
5665,MGI:88494,ORTH,Creb1,5
5666,FlyBase:FBgn0046698,ORTH,Pp1-Y2,5
5667,ZP:0018636,DISO,"atrioventricular canal increased distribution, abnormal",1
5668,MP:0001601,DISO,abnormal myelopoiesis,1
5669,ZP:0006351,DISO,"chondrocyte increased accumulation vacuole cytoplasm chondrocyte, abnormal",1
5670,MP:0004527,DISO,abnormal outer hair cell stereociliary bundle morphology,1
5671,ENSEMBL:ENSMMUG00000019112,ORTH,ENSEMBL:ENSMMUG00000019112,5
5672,ENSEMBL:ENSCAFG00000041420,ORTH,ENSEMBL:ENSCAFG00000041420,5
5673,ENSEMBL:ENSPTRG00000041932,ORTH,ENSEMBL:ENSPTRG00000041932,5
5674,HP:0001798,DISO,Anonychia,1
5675,ENSEMBL:ENSACAG00000004884,ORTH,ENSEMBL:ENSACAG00000004884,5
5676,ZP:0019043,DISO,"retina lacks parts or has fewer parts of type photoreceptor outer segment eye photoreceptor cell, abnormal",1
5677,ENSEMBL:ENSPTRG00000002086,ORTH,ENSEMBL:ENSPTRG00000002086,5
5678,MP:0004174,DISO,abnormal spine curvature,1
5679,SGD:S000006276,ORTH,NOT5,5
5680,WBPhenotype:0001274,DISO,organism heat hypersensitive,1
5681,HP:0001655,DISO,Patent foramen ovale,1
5682,HP:0007302,DISO,Bipolar affective disorder,1
5683,MP:0030940,DISO,impaired autophagy,1
5684,MP:0008729,DISO,decreased memory B cell number,1
5685,MP:0004572,DISO,fusion of basioccipital and basisphenoid bone,1
5686,ZP:0000871,DISO,"embryonic viscerocranium morphogenesis disrupted, abnormal",1
5687,MP:0003209,DISO,abnormal pulmonary elastic fiber morphology,1
5688,MP:0004364,DISO,thin stria vascularis,1
5689,ENSEMBL:ENSPTRG00000014867,ORTH,ENSEMBL:ENSPTRG00000014867,5
5690,MP:0001157,DISO,small seminal vesicle,1
5691,ENSEMBL:ENSCAFG00000018305,ORTH,LLGL1,5
5692,SGD:S000004558,ORTH,UTP14,5
5693,HP:0000982,DISO,Palmoplantar keratoderma,1
5694,MP:0001082,DISO,abnormal geniculate ganglion morphology,1
5695,ZP:0000961,DISO,"trunk bent, abnormal",1
5696,ENSEMBL:ENSBTAG00000009516,ORTH,ENSEMBL:ENSBTAG00000009516,5
5697,HP:0002135,DISO,Basal ganglia calcification,1
5698,HGNC:562,GENE,AP2A2,3
5699,ENSEMBL:ENSOANG00000005734,ORTH,ENSEMBL:ENSOANG00000005734,5
5700,ENSEMBL:ENSFCAG00000003917,ORTH,ENSEMBL:ENSFCAG00000003917,5
5701,dbSNPIndividual:21047,GENO,46;XX.arr(1-22;X)x2 [GM04721],4
5702,Xenbase:XB-GENE-5933522,ORTH,dctn1,5
5703,ENSEMBL:ENSECAG00000024766,ORTH,ENSEMBL:ENSECAG00000024766,5
5704,ENSEMBL:ENSSSCG00000012740,ORTH,ENSEMBL:ENSSSCG00000012740,5
5705,ENSEMBL:ENSMODG00000015226,ORTH,ENSEMBL:ENSMODG00000015226,5
5706,EFO:0005090,GENO,basophil count,4
5707,WBPhenotype:0001748,DISO,pharynx unattached,1
5708,MGI:6294293,ORTH,Tg(Prnp-HTT*82Q)8AGschi [involves: C3H/HeJ * C57BL/6J],5
5709,SGD:S000001501,ORTH,SWD2,5
5710,dictyBase:DDB_G0283543,GENO,DDB0185552,4
5711,Coriell:GM02164,GENO,NIGMS-GM02164,4
5712,PomBase:SPAC31A2.04c,GENO,pre1,4
5713,WormBase:WBGene00001979,ORTH,hmp-2,5
5714,FlyBase:FBgn0016701,ORTH,Rab4,5
5715,ENSEMBL:ENSSSCG00000011433,ORTH,WDR82,5
5716,HP:0011446,DISO,Abnormality of higher mental function,1
5717,Coriell:GM04894,GENO,NIGMS-GM04894,4
5718,ENSEMBL:ENSPTRG00000020087,ORTH,ENSEMBL:ENSPTRG00000020087,5
5719,WBPhenotype:0001260,DISO,oocyte morphology variant,1
5720,MP:0005547,DISO,abnormal Muller cell morphology,1
5721,MP:0012043,DISO,increased myoepithelioma incidence,1
5722,RGD:621649,ORTH,Plec,5
5723,ENSEMBL:ENSGALG00000017111,ORTH,ENSEMBL:ENSGALG00000017111,5
5724,ZP:0005207,DISO,"cell population proliferation decreased rate, abnormal",1
5725,dictyBase:DDB_G0284749,GENO,dictyBase:DDB_G0284749,4
5726,HP:0002373,DISO,Febrile seizure (within the age range of 3 months to 6 years),1
5727,HGNC:20635,GENE,PSME4,3
5728,FlyBase:FBgn0001233,ORTH,Hsp83,5
5729,WormBase:WBGene00003826,ORTH,ntl-3,5
5730,MGI:1098550,ORTH,Ficd,5
5731,ZP:0019960,DISO,"diencephalon increased amount, abnormal",1
5732,HP:0000358,DISO,Posteriorly rotated ears,1
5733,MP:0000597,DISO,delayed hepatic development,1
5734,WBPhenotype:0000496,DISO,male postdeirid sensilla absent,1
5735,FlyBase:FBgn0036934,ORTH,sNPF-R,5
5736,HGNC:2498,GENE,CTDP1,3
5737,MP:0004428,DISO,abnormal type I vestibular cell,1
5738,ENSEMBL:ENSECAG00000018079,ORTH,ENSEMBL:ENSECAG00000018079,5
5739,ENSEMBL:ENSCAFG00000015145,ORTH,ENSEMBL:ENSCAFG00000015145,5
5740,HP:0002105,DISO,Hemoptysis,1
5741,ENSEMBL:ENSPTRG00000046752,ORTH,ENSEMBL:ENSPTRG00000046752,5
5742,FlyBase:FBgn0261090,ORTH,Sytbeta,5
5743,ENSEMBL:ENSSSCG00000033987,ORTH,UBE2E3,5
5744,ZP:0002222,DISO,"post-vent region shape, abnormal",1
5745,MGI:1913208,ORTH,Carm1,5
5746,WBPhenotype:0001405,DISO,protein aggregation variant,1
5747,MP:0001093,DISO,small trigeminal ganglion,1
5748,ENSEMBL:ENSMMUG00000011741,ORTH,ENSEMBL:ENSMMUG00000011741,5
5749,ENSEMBL:ENSMMUG00000012957,ORTH,ENSEMBL:ENSMMUG00000012957,5
5750,ENSEMBL:ENSSSCG00000001396,ORTH,SLA-8,5
5751,MGI:1347009,ORTH,Psma5,5
5752,SGD:S000005334,ORTH,BRE5,5
5753,ENSEMBL:ENSOANG00000014753,ORTH,ENSEMBL:ENSOANG00000014753,5
5754,HP:0001903,DISO,Anemia,1
5755,HP:0002457,DISO,Abnormal head movements,1
5756,ENSEMBL:ENSACAG00000010843,ORTH,ENSEMBL:ENSACAG00000010843,5
5757,HP:0000122,DISO,Unilateral renal agenesis,1
5758,ENSEMBL:ENSPTRG00000013566,ORTH,ENSEMBL:ENSPTRG00000013566,5
5759,MP:0009305,DISO,decreased retroperitoneal fat pad weight,1
5760,ENSEMBL:ENSECAG00000022114,ORTH,ENSEMBL:ENSECAG00000022114,5
5761,WormBase:WBGene00001686,ORTH,gpd-4,5
5762,ENSEMBL:ENSOANG00000037190,ORTH,ENSEMBL:ENSOANG00000037190,5
5763,dbSNP:rs553060882,GENO,rs553060882-A,4
5764,MP:0009781,DISO,abnormal preimplantation embryo development,1
5765,ENSEMBL:ENSMMUG00000014887,ORTH,ENSEMBL:ENSMMUG00000014887,5
5766,FlyBase:FBgn0003969,ORTH,vap,5
5767,SGD:S000004339,ORTH,KAP95,5
5768,HGNC:903,GENE,AXIN1,3
5769,ZP:0011911,DISO,"cell whole organism decreased amount, abnormal",1
5770,HP:0012776,DISO,Abnormal ciliary body morphology,1
5771,HP:0012163,DISO,Carotid artery dilatation,1
5772,ENSEMBL:ENSOANG00000010928,ORTH,ENSEMBL:ENSOANG00000010928,5
5773,ENSEMBL:ENSSSCG00000001757,ORTH,ENSEMBL:ENSSSCG00000001757,5
5774,HGNC:6600,GENE,LIG3,3
5775,RGD:3706,ORTH,Slc2a3,5
5776,MP:0003257,DISO,abnormal abdominal wall morphology,1
5777,MP:0000557,DISO,absent hindlimb,1
5778,HP:0008936,DISO,Muscular hypotonia of the trunk,1
5779,ENSEMBL:ENSBTAG00000026753,ORTH,CXCR1,5
5780,MP:0013202,DISO,abnormal cilium morphology,1
5781,ENSEMBL:ENSPTRG00000002083,ORTH,ENSEMBL:ENSPTRG00000002083,5
5782,ENSEMBL:ENSCAFG00000031336,ORTH,MED21,5
5783,ENSEMBL:ENSOANG00000013344,ORTH,ENSEMBL:ENSOANG00000013344,5
5784,dictyBase:DDB_G0289489,GENO,act18,4
5785,MP:0010123,DISO,increased bone mineral content,1
5786,MP:0004762,DISO,increased anti-double stranded DNA antibody level,1
5787,ENSEMBL:ENSMODG00000004179,ORTH,ENSEMBL:ENSMODG00000004179,5
5788,ZFIN:ZDB-GENE-060929-492,ORTH,rangap1a,5
5789,ENSEMBL:ENSACAG00000027871,ORTH,ENSEMBL:ENSACAG00000027871,5
5790,NCBIGene:100334178,GENE,LOC100334178,3
5791,ZP:0011560,DISO,"cytokinesis process quality, abnormal",1
5792,RGD:1564921,ORTH,Ppih,5
5793,ENSEMBL:ENSBTAG00000053484,ORTH,CTDP1,5
5794,MONARCH:APO_0000271APO_0000002,GENO,RNA modification:abnormal,4
5795,HP:0000035,DISO,Abnormal testis morphology,1
5796,ZP:0022067,DISO,"digestive system decreased amount, abnormal",1
5797,ZP:0011359,DISO,"axon collateral retinal ganglion cell physical object quality, abnormal",1
5798,MP:0000348,DISO,abnormal aerobic fitness,1
5799,HGNC:115,GENE,ACLY,3
5800,ZFIN:ZDB-GENE-030131-2748,ORTH,eif3ba,5
5801,ENSEMBL:ENSMODG00000009267,ORTH,ENSEMBL:ENSMODG00000009267,5
5802,dictyBase:DDB_G0281461,GENO,sodF,4
5803,HP:0001250,DISO,Seizure,1
5804,ENSEMBL:ENSPTRG00000004785,ORTH,ENSEMBL:ENSPTRG00000004785,5
5805,MONARCH:APO_0000046APO_0000003,GENO,silencing:decreased,4
5806,Xenbase:XB-GENE-972398,ORTH,psmd2,5
5807,MP:0011086,DISO,"postnatal lethality, incomplete penetrance",1
5808,ENSEMBL:ENSMODG00000039032,ORTH,ENSEMBL:ENSMODG00000039032,5
5809,MP:0002969,DISO,impaired social transmission of food preference,1
5810,MP:0005601,DISO,increased angiogenesis,1
5811,HP:0001711,DISO,Abnormal left ventricle morphology,1
5812,WBPhenotype:0000886,DISO,worm phenotype,1
5813,WormBase:WBGene00011867,ORTH,chc-1,5
5814,MP:0008439,DISO,abnormal cortical plate morphology,1
5815,MP:0001131,DISO,abnormal ovarian follicle morphology,1
5816,ENSEMBL:ENSECAG00000020595,ORTH,ENSEMBL:ENSECAG00000020595,5
5817,HP:0011682,DISO,Perimembranous ventricular septal defect,1
5818,ZP:0011617,DISO,"blood island has fewer parts of type neutrophil, abnormal",1
5819,MP:0005296,DISO,abnormal humerus morphology,1
5820,ZFIN:ZDB-GENE-060503-662,ORTH,mipepa,5
5821,ENSEMBL:ENSGALG00000029402,ORTH,ENSEMBL:ENSGALG00000029402,5
5822,HGNC:14888,GENE,DNAJB6,3
5823,ZFIN:ZDB-GENE-980526-362,ORTH,ctnnb1,5
5824,ZFIN:ZDB-GENE-040115-4,ORTH,pfn2,5
5825,ENSEMBL:ENSOANG00000045313,ORTH,ENSEMBL:ENSOANG00000045313,5
5826,MGI:1333839,ORTH,Magea4,5
5827,ENSEMBL:ENSMMUG00000004660,ORTH,ENSEMBL:ENSMMUG00000004660,5
5828,ENSEMBL:ENSECAG00000004593,ORTH,ENSEMBL:ENSECAG00000004593,5
5829,ENSEMBL:ENSOANG00000037973,ORTH,ENSEMBL:ENSOANG00000037973,5
5830,HP:0000207,DISO,Triangular mouth,1
5831,EFO:0004318,GENO,smoking behavior,4
5832,WBPhenotype:0000258,DISO,cell secretion variant,1
5833,WBPhenotype:0001983,DISO,lawn leaving behavior variant,1
5834,PomBase:SPCC1682.10,GENO,rpn8,4
5835,RGD:2318093,ORTH,Haus5,5
5836,ZFIN:ZDB-GENE-110411-193,ORTH,lamtor5,5
5837,HP:0000391,DISO,Thickened helices,1
5838,ENSEMBL:ENSBTAG00000016252,ORTH,ENSEMBL:ENSBTAG00000016252,5
5839,ENSEMBL:ENSPTRG00000022450,ORTH,ENSEMBL:ENSPTRG00000022450,5
5840,WormBase:WBGene00012236,ORTH,W04A8.1,5
5841,HP:0001882,DISO,Leukopenia,1
5842,dictyBase:DDB_G0292120,GENO,cnrK,4
5843,MP:0011386,DISO,increased metanephric mesenchyme apoptosis,1
5844,ENSEMBL:ENSMODG00000018027,ORTH,ENSEMBL:ENSMODG00000018027,5
5845,HGNC:13919,GENE,BAG6,3
5846,WormBase:WBGene00011145,ORTH,R08D7.5,5
5847,ENSEMBL:ENSCAFG00000018040,ORTH,ENSEMBL:ENSCAFG00000018040,5
5848,ENSEMBL:ENSMMUG00000004379,ORTH,ENSEMBL:ENSMMUG00000004379,5
5849,WBPhenotype:0001403,DISO,antibody subcellular localization variant,1
5850,HGNC:9537,GENE,PSMB1,3
5851,WBPhenotype:0000684,DISO,fewer germ cells,1
5852,MP:0011903,DISO,decreased hematopoietic stem cell proliferation,1
5853,ENSEMBL:ENSPTRG00000001856,ORTH,ENSEMBL:ENSPTRG00000001856,5
5854,MP:0011732,DISO,decreased somite size,1
5855,MP:0010066,DISO,abnormal red blood cell distribution width,1
5856,ZP:0011628,DISO,"cell projection pigment cell increased amount, abnormal",1
5857,ENSEMBL:ENSFCAG00000029904,ORTH,ENSEMBL:ENSFCAG00000029904,5
5858,MP:0011731,DISO,decreased myelin sheath thickness,1
5859,ENSEMBL:ENSBTAG00000005182,ORTH,BOLA-A,5
5860,MP:0020914,DISO,decreased susceptibility to Riboviria infection,1
5861,ZP:0137440,DISO,"retina spatial pattern, abnormal",1
5862,HP:0000387,DISO,Absent earlobe,1
5863,MP:0000830,DISO,abnormal diencephalon morphology,1
5864,ZP:0003846,DISO,"kinocilium neuromast absent, abnormal",1
5865,HP:0011169,DISO,Generalized clonic seizure,1
5866,ZFIN:ZDB-GENE-101005-2,ORTH,cltb,5
5867,ENSEMBL:ENSCAFG00000015827,ORTH,PFN1,5
5868,FlyBase:FBgn0030141,ORTH,Gga,5
5869,ENSEMBL:ENSACAG00000022634,ORTH,ENSEMBL:ENSACAG00000022634,5
5870,ZP:0015258,DISO,"primary motor neuron structure, abnormal",1
5871,MONARCH:APO_0000078APO_0000005,GENO,protein secretion:absent,4
5872,FBcv:0000381,DISO,suppressor of variegation,1
5873,MP:0008209,DISO,decreased pre-B cell number,1
5874,ENSEMBL:ENSSSCG00000017212,ORTH,ENSEMBL:ENSSSCG00000017212,5
5875,ZP:0001052,DISO,"mandibular arch skeleton morphology, abnormal",1
5876,EFO:0008377,GENO,mosquito bite reaction itch intensity measurement,4
5877,ENSEMBL:ENSOANG00000009869,ORTH,ENSEMBL:ENSOANG00000009869,5
5878,WBPhenotype:0001794,DISO,cytoplasmic processing body variant,1
5879,ENSEMBL:ENSCAFG00000005204,ORTH,CTNNB1,5
5880,ZP:0010447,DISO,"striated muscle myosin thick filament myotome decreased amount, abnormal",1
5881,ENSEMBL:ENSECAG00000010051,ORTH,ENSEMBL:ENSECAG00000010051,5
5882,PomBase:SPBC1604.10,GENO,srb7,4
5883,MP:0001700,DISO,abnormal embryo turning,1
5884,WormBase:WBGene00009342,ORTH,fasn-1,5
5885,ENSEMBL:ENSPTRG00000017294,ORTH,ENSEMBL:ENSPTRG00000017294,5
5886,MP:0008333,DISO,absent lactotrophs,1
5887,ZP:0001127,DISO,"hindbrain disorganized, abnormal",1
5888,HP:0001284,DISO,Areflexia,1
5889,HP:0001662,DISO,Bradycardia,1
5890,ZP:0007179,DISO,"midbrain hindbrain boundary inconspicuous, abnormal",1
5891,ENSEMBL:ENSBTAG00000048135,ORTH,ENSEMBL:ENSBTAG00000048135,5
5892,ENSEMBL:ENSCAFG00000017535,ORTH,KIF23,5
5893,ENSEMBL:ENSMMUG00000023288,ORTH,ENSEMBL:ENSMMUG00000023288,5
5894,ENSEMBL:ENSOANG00000041042,ORTH,ENSEMBL:ENSOANG00000041042,5
5895,ENSEMBL:ENSCAFG00000016648,ORTH,MTOR,5
5896,ENSEMBL:ENSCAFG00000005174,ORTH,DNAJB6,5
5897,ZFIN:ZDB-GENE-050320-48,ORTH,ube2ka,5
5898,Xenbase:XB-GENE-946065,ORTH,brf1,5
5899,Coriell:GM04866,GENO,NIGMS-GM04866,4
5900,MP:0000371,DISO,diluted coat color,1
5901,XPO:0115658,GENO,abnormally edematous dorsal fin,4
5902,MP:0013631,DISO,decreased bone trabecular spacing,1
5903,HP:0000126,DISO,Hydronephrosis,1
5904,WormBase:WBGene00001037,ORTH,dnj-19,5
5905,ENSEMBL:ENSECAG00000009632,ORTH,ENSEMBL:ENSECAG00000009632,5
5906,ENSEMBL:ENSECAG00000022890,ORTH,ENSEMBL:ENSECAG00000022890,5
5907,ENSEMBL:ENSPTRG00000007537,ORTH,ENSEMBL:ENSPTRG00000007537,5
5908,MGI:1919592,ORTH,Lsm12,5
5909,Xenbase:XB-GENE-6070000,ORTH,grb2,5
5910,dictyBase:DDB_G0276335,GENO,pyr1-3,4
5911,RGD:2016,ORTH,Acat1,5
5912,ENSEMBL:ENSOANG00000038213,ORTH,ENSEMBL:ENSOANG00000038213,5
5913,ENSEMBL:ENSFCAG00000004533,ORTH,ENSEMBL:ENSFCAG00000004533,5
5914,dictyBase:DDB_G0269196,GENO,tubB,4
5915,MP:0003229,DISO,abnormal vitelline vasculature morphology,1
5916,MP:0008268,DISO,absent hippocampus CA3 region,1
5917,MP:0008794,DISO,increased lens epithelium apoptosis,1
5918,HP:0001923,DISO,Reticulocytosis,1
5919,HP:0011801,DISO,Enlargement of parotid gland,1
5920,ZP:0106517,DISO,"cardiac muscle cell atrium condensed, abnormal",1
5921,ENSEMBL:ENSSSCG00000007813,ORTH,A0A287A0X9,5
5922,ENSEMBL:ENSOANG00000005733,ORTH,ENSEMBL:ENSOANG00000005733,5
5923,ENSEMBL:ENSACAG00000006471,ORTH,ENSEMBL:ENSACAG00000006471,5
5924,Xenbase:XB-GENE-485307,ORTH,mhc1a,5
5925,FlyBase:FBgn0011774,ORTH,Irbp,5
5926,ENSEMBL:ENSBTAG00000027722,ORTH,ENSEMBL:ENSBTAG00000027722,5
5927,WBPhenotype:0001213,DISO,locomotion reduced,1
5928,ENSEMBL:ENSFCAG00000023548,ORTH,ENSEMBL:ENSFCAG00000023548,5
5929,HGNC:9882,GENE,RASSF1,3
5930,MP:0008174,DISO,decreased follicular B cell number,1
5931,WBPhenotype:0001018,DISO,cytokinesis variant emb,1
5932,MP:0005641,DISO,increased mean corpuscular hemoglobin concentration,1
5933,MP:0003439,DISO,abnormal glycerol level,1
5934,RGD:1305236,ORTH,Psmd13,5
5935,WBPhenotype:0001100,DISO,early embryonic lethal,1
5936,HP:0200134,DISO,Epileptic encephalopathy,1
5937,HGNC:7957,GENE,NPY2R,3
5938,FlyBase:FBgn0011692,ORTH,pav,5
5939,MGI:2152346,ORTH,Taf4,5
5940,ZP:0137228,DISO,"synapse CaP motoneuron morphology, abnormal",1
5941,MP:0004024,DISO,aneuploidy,1
5942,HP:0004326,DISO,Cachexia,1
5943,HP:0004372,DISO,Reduced consciousness/confusion,1
5944,ENSEMBL:ENSFCAG00000037922,ORTH,ENSEMBL:ENSFCAG00000037922,5
5945,MP:0011205,DISO,excessive folding of visceral yolk sac,1
5946,ZP:0000359,DISO,"forebrain decreased size, abnormal",1
5947,dictyBase:DDB_G0268744,GENO,act23,4
5948,ZP:0017624,DISO,"replacement tooth 4V immature, abnormal",1
5949,ENSEMBL:ENSFCAG00000023667,ORTH,ENSEMBL:ENSFCAG00000023667,5
5950,WormBase:WBGene00000915,ORTH,hsp-90,5
5951,FlyBase:FBgn0027788,ORTH,Hey,5
5952,ZP:0000442,DISO,"cell death increased occurrence, abnormal",1
5953,MP:0020082,DISO,increased hippocampus volume,1
5954,WBPhenotype:0002303,DISO,nose movement increased,1
5955,WBPhenotype:0001974,DISO,germ cell compartment small,1
5956,ENSEMBL:ENSGALG00000042851,ORTH,PPARGC1A,5
5957,ENSEMBL:ENSFCAG00000027444,ORTH,ENSEMBL:ENSFCAG00000027444,5
5958,ENSEMBL:ENSECAG00000013077,ORTH,ENSEMBL:ENSECAG00000013077,5
5959,ENSEMBL:ENSCAFG00000017620,ORTH,ENSEMBL:ENSCAFG00000017620,5
5960,ENSEMBL:ENSECAG00000021835,ORTH,ENSEMBL:ENSECAG00000021835,5
5961,MP:0013213,DISO,abnormal embryonic neuroepithelium primary cilium morphology,1
5962,dictyBase:DDB_G0276885,GENO,casK,4
5963,ENSEMBL:ENSPTRG00000011966,ORTH,ENSEMBL:ENSPTRG00000011966,5
5964,ZP:0003398,DISO,"cell death increased frequency, abnormal",1
5965,MP:0020002,DISO,increased response to antigen,1
5966,HP:0000609,DISO,Optic nerve hypoplasia,1
5967,ENSEMBL:ENSBTAG00000017780,ORTH,ENSEMBL:ENSBTAG00000017780,5
5968,ENSEMBL:ENSFCAG00000003183,ORTH,ENSEMBL:ENSFCAG00000003183,5
5969,HP:0007082,DISO,Dilated third ventricle,1
5970,WBPhenotype:0000112,DISO,protein expression variant,1
5971,HP:0000924,DISO,Abnormality of the skeletal system,1
5972,MGI:95956,ORTH,H2-T22,5
5973,ZP:0018479,DISO,"spinal cord decreased process quality motor neuron axon guidance, abnormal",1
5974,MGI:5298848,ORTH,Htt<tm1Hay>/Htt<tm1Hay>; Tg(YAC18)18Hay [involves: FVB/N],5
5975,HP:0002217,DISO,Slow-growing hair,1
5976,ENSEMBL:ENSMODG00000016684,ORTH,ENSEMBL:ENSMODG00000016684,5
5977,ENSEMBL:ENSMMUG00000056934,ORTH,ENSEMBL:ENSMMUG00000056934,5
5978,HP:0001824,DISO,Weight loss,1
5979,MGI:1913284,ORTH,Psmd14,5
5980,ENSEMBL:ENSFCAG00000039950,ORTH,ENSEMBL:ENSFCAG00000039950,5
5981,EFO:0007906,GENO,synophrys measurement,4
5982,ZP:0008391,DISO,"heart decreased object quality, abnormal",1
5983,WBPhenotype:0001351,DISO,protein phosphorylation reduced,1
5984,MP:0001491,DISO,unresponsive to tactile stimuli,1
5985,ENSEMBL:ENSECAG00000021116,ORTH,ENSEMBL:ENSECAG00000021116,5
5986,ENSEMBL:ENSBTAG00000009293,ORTH,EVL,5
5987,dictyBase:DDB_G0275933,GENO,DDB_G0275933,4
5988,MP:0003732,DISO,abnormal retinal outer plexiform layer morphology,1
5989,MP:0008841,DISO,ruptured lens capsule,1
5990,MGI:88543,ORTH,Csnk2a1,5
5991,ENSEMBL:ENSCAFG00000009660,ORTH,ENSEMBL:ENSCAFG00000009660,5
5992,ZP:0000655,DISO,"retina disorganized, abnormal",1
5993,MGI:1277959,ORTH,Dlg4,5
5994,ZP:0001350,DISO,"forebrain apoptotic, abnormal",1
5995,ENSEMBL:ENSECAG00000020408,ORTH,ENSEMBL:ENSECAG00000020408,5
5996,MP:0012163,DISO,abnormal dental mesenchyme morphology,1
5997,ZFIN:ZDB-GENE-130530-643,ORTH,amfrb,5
5998,MP:0000288,DISO,abnormal pericardium morphology,1
5999,MP:0008332,DISO,decreased lactotroph cell number,1
6000,HP:0011159,DISO,Focal autonomic seizure with epigastric sensation/nausea/vomiting/other gastrointestinal phenomena,1
6001,dictyBase:DDB_G0276237,GENO,DDB_G0276237,4
6002,ZP:0005424,DISO,"liver position, abnormal",1
6003,ENSEMBL:ENSECAG00000024299,ORTH,ENSEMBL:ENSECAG00000024299,5
6004,MGI:1289273,ORTH,Ppp1r10,5
6005,MP:0002145,DISO,abnormal T cell differentiation,1
6006,HP:0000483,DISO,Astigmatism,1
6007,RGD:1595924,ORTH,RT1-A1,5
6008,MGI:1333793,ORTH,Magea2,5
6009,MGI:3030548,ORTH,Olfr714,5
6010,ENSEMBL:ENSMODG00000024733,ORTH,ENSEMBL:ENSMODG00000024733,5
6011,ENSEMBL:ENSBTAG00000038430,ORTH,LOC788801,5
6012,WBPhenotype:0000167,DISO,precocious seam cell fusion,1
6013,MGI:88151,ORTH,Glb1,5
6014,MP:0011941,DISO,increased fluid intake,1
6015,HGNC:9781,GENE,RAB4A,3
6016,WBPhenotype:0001158,DISO,pronuclear breakdown asynchronous early emb,1
6017,Xenbase:XB-GENE-1012933,ORTH,atp2a2,5
6018,Xenbase:XB-GENE-5724906,ORTH,znf420,5
6019,WBPhenotype:0000140,DISO,stress induced arrest variant,1
6020,ENSEMBL:ENSSSCG00000010831,ORTH,ENSEMBL:ENSSSCG00000010831,5
6021,ZP:0000939,DISO,"swimming behavior disrupted, abnormal",1
6022,WBPhenotype:0000979,DISO,spermatheca dilation defective,1
6023,ZP:0006355,DISO,"endoplasmic reticulum eye photoreceptor cell dilated, abnormal",1
6024,ENSEMBL:ENSXETG00000040456,ORTH,sh2b3,5
6025,Xenbase:XB-GENE-479154,ORTH,app,5
6026,ENSEMBL:ENSBTAG00000050598,ORTH,ENSEMBL:ENSBTAG00000050598,5
6027,ZP:0000177,DISO,"hindbrain development disrupted, abnormal",1
6028,ZFIN:ZDB-GENE-030131-5417,ORTH,immt,5
6029,Xenbase:XB-GENE-944105,ORTH,hbs1l,5
6030,WBPhenotype:0002319,DISO,roaming increased,1
6031,MP:0012133,DISO,absent midbrain-hindbrain boundary,1
6032,RGD:2325062,ORTH,LOC100359668,5
6033,ENSEMBL:ENSBTAG00000032923,ORTH,LOC101907097,5
6034,ZP:0138137,DISO,"heart obtuse, abnormal",1
6035,ENSEMBL:ENSMODG00000011967,ORTH,ENSEMBL:ENSMODG00000011967,5
6036,ENSEMBL:ENSECAG00000021436,ORTH,ENSEMBL:ENSECAG00000021436,5
6037,MP:0000420,DISO,ruffled hair,1
6038,MP:0005318,DISO,decreased triglyceride level,1
6039,ENSEMBL:ENSPTRG00000044125,ORTH,ENSEMBL:ENSPTRG00000044125,5
6040,ENSEMBL:ENSMMUG00000002286,ORTH,ENSEMBL:ENSMMUG00000002286,5
6041,ENSEMBL:ENSBTAG00000003418,ORTH,ENSEMBL:ENSBTAG00000003418,5
6042,EFO:0004338,GENO,body weight,4
6043,ZP:0010935,DISO,"vein morphology, abnormal",1
6044,WBPhenotype:0001524,DISO,quiescence variant,1
6045,WormBase:WBGene00002637,ORTH,let-418,5
6046,WBPhenotype:0001353,DISO,centration defective early emb,1
6047,ENSEMBL:ENSPTRG00000013695,ORTH,ENSEMBL:ENSPTRG00000013695,5
6048,Xenbase:XB-GENE-491938,ORTH,acta1,5
6049,PomBase:SPBC25B2.01,GENO,hbs1,4
6050,PomBase:SPAC3A12.14,GENO,cam1,4
6051,ENSEMBL:ENSBTAG00000014643,ORTH,ENSEMBL:ENSBTAG00000014643,5
6052,ENSEMBL:ENSFCAG00000025392,ORTH,ENSEMBL:ENSFCAG00000025392,5
6053,dbSNP:rs363075,GENO,rs363075-A,4
6054,MP:0002989,DISO,small kidney,1
6055,MP:0001882,DISO,abnormal lactation,1
6056,dictyBase:DDB_G0286773,GENO,gflB,4
6057,MP:0020875,DISO,decreased nervous system dopamine level,1
6058,ENSEMBL:ENSOANG00000040153,ORTH,ENSEMBL:ENSOANG00000040153,5
6059,ENSEMBL:ENSOANG00000004987,ORTH,ENSEMBL:ENSOANG00000004987,5
6060,MP:0005033,DISO,abnormal trophoblast giant cell morphology,1
6061,ENSEMBL:ENSFCAG00000002582,ORTH,ENSEMBL:ENSFCAG00000002582,5
6062,ENSEMBL:ENSFCAG00000008938,ORTH,ENSEMBL:ENSFCAG00000008938,5
6063,RGD:1595850,ORTH,RT1-N2,5
6064,ENSEMBL:ENSCAFG00000012961,ORTH,ENSEMBL:ENSCAFG00000012961,5
6065,ENSEMBL:ENSGALG00000017447,ORTH,F1NHK3,5
6066,MP:0030988,DISO,dysosmia,1
6067,RGD:3012,ORTH,Llgl1,5
6068,EFO:1001976,GENO,cardioembolic stroke,4
6069,MP:0004538,DISO,abnormal maxillary shelf morphology,1
6070,MP:0008719,DISO,impaired neutrophil recruitment,1
6071,MP:0002098,DISO,abnormal vibrissa morphology,1
6072,Xenbase:XB-GENE-987923,ORTH,bdkrb2,5
6073,MONARCH:APO_0000118APO_0000002,GENO,nuclear position:abnormal,4
6074,ZP:0017157,DISO,"blood accumulation atrium, abnormal",1
6075,ENSEMBL:ENSCAFG00000008788,ORTH,MSH3,5
6076,MP:0000031,DISO,abnormal cochlea morphology,1
6077,ZP:0014819,DISO,"growth decreased process quality, abnormal",1
6078,ENSEMBL:ENSMODG00000009873,ORTH,ENSEMBL:ENSMODG00000009873,5
6079,dictyBase:DDB_G0281979,GENO,DDB0205066,4
6080,MP:0010916,DISO,decreased solitary pulmonary neuroendocrine cell number,1
6081,ZP:0017653,DISO,"pronephric distal early tubule mislocalised posteriorly, abnormal",1
6082,FlyBase:FBgn0032883,ORTH,Rhau,5
6083,HP:0000193,DISO,Bifid uvula,1
6084,HP:0001034,DISO,Hypermelanotic macule,1
6085,ZP:0000047,DISO,"retinal photoreceptor layer disorganized, abnormal",1
6086,MGI:3699093,ORTH,Htt<tm1.1Tna>/Htt<tm1.1Tna> [involves: 129P2/OlaHsd * C57BL/6J],5
6087,MP:0010947,DISO,abnormal single-strand DNA break repair,1
6088,FBcv:0000417,DISO,abnormal flight,1
6089,WormBase:WBGene00012425,ORTH,dlc-4,5
6090,MGI:1858208,ORTH,Ech1,5
6091,ENSEMBL:ENSGALG00000049444,ORTH,MICA,5
6092,HP:0100679,DISO,Lack of skin elasticity,1
6093,MP:0000688,DISO,lymphoid hyperplasia,1
6094,ENSEMBL:ENSGALG00000012186,ORTH,CASP6,5
6095,MGI:5429322,ORTH,Tg(HDexon1)62Gpb [B6CBA-Tg(HDexon1)62Gpb/3J],5
6096,ENSEMBL:ENSECAG00000020649,ORTH,ENSEMBL:ENSECAG00000020649,5
6097,ENSEMBL:ENSBTAG00000020316,ORTH,ENSEMBL:ENSBTAG00000020316,5
6098,ENSEMBL:ENSECAG00000001037,ORTH,ENSEMBL:ENSECAG00000001037,5
6099,Xenbase:XB-GENE-946101,ORTH,psmb2,5
6100,MP:0002908,DISO,delayed wound healing,1
6101,WBPhenotype:0001766,DISO,cholesterol depletion hypersensitive,1
6102,RGD:3052,ORTH,Matr3,5
6103,HP:0031936,DISO,Delayed ability to walk,1
6104,ENSEMBL:ENSCAFG00000009345,ORTH,ENSEMBL:ENSCAFG00000009345,5
6105,MGI:2444552,ORTH,Actbl2,5
6106,ENSEMBL:ENSACAG00000013331,ORTH,ENSEMBL:ENSACAG00000013331,5
6107,ENSEMBL:ENSOANG00000013483,ORTH,ENSEMBL:ENSOANG00000013483,5
6108,ENSEMBL:ENSGALG00000007308,ORTH,ENSEMBL:ENSGALG00000007308,5
6109,WBPhenotype:0001171,DISO,shortened life span,1
6110,dictyBase:DDB_G0292382,GENO,psmC5,4
6111,ENSEMBL:ENSFCAG00000005586,ORTH,ENSEMBL:ENSFCAG00000005586,5
6112,MP:0008453,DISO,decreased retinal rod cell number,1
6113,ZP:0000692,DISO,"blood circulation absent, abnormal",1
6114,ENSEMBL:ENSFCAG00000025193,ORTH,ENSEMBL:ENSFCAG00000025193,5
6115,ENSEMBL:ENSECAG00000009162,ORTH,ENSEMBL:ENSECAG00000009162,5
6116,WormBase:WBGene00004826,ORTH,skr-20,5
6117,WormBase:WBGene00001225,ORTH,eif-3.B,5
6118,MGI:5635158,ORTH,Tg(HTT*)NXwy [involves: FVB/NJ],5
6119,HGNC:2457,GENE,CSNK2A1,3
6120,MGI:3800779,ORTH,Tg(HTT*97Q)IXwy,5
6121,WBPhenotype:0001468,DISO,benzaldehyde chemotaxis variant,1
6122,MP:0008537,DISO,increased susceptibility to induced colitis,1
6123,MGI:1927406,ORTH,Herpud1,5
6124,ENSEMBL:ENSCAFG00000004962,ORTH,J9P5S0,5
6125,ENSEMBL:ENSPTRG00000006264,ORTH,ENSEMBL:ENSPTRG00000006264,5
6126,MP:0020316,DISO,decreased vascular endothelial cell proliferation,1
6127,ZFIN:ZDB-GENE-041219-3,ORTH,commd3,5
6128,ENSEMBL:ENSPTRG00000042982,ORTH,ENSEMBL:ENSPTRG00000042982,5
6129,ENSEMBL:ENSMMUG00000030028,ORTH,ENSEMBL:ENSMMUG00000030028,5
6130,HP:0030319,DISO,Weakness of facial musculature,1
6131,ZP:0011093,DISO,"myelin sheath peripheral neuron neoplastic, abnormal",1
6132,WormBase:WBGene00012716,ORTH,Y39E4B.5,5
6133,ZP:0007315,DISO,"dopaminergic neuron pretectum decreased amount, abnormal",1
6134,HP:0012735,DISO,Cough,1
6135,Xenbase:XB-GENE-1003225,ORTH,wdr82,5
6136,MP:0030313,DISO,abnormal face development,1
6137,HGNC:9539,GENE,PSMB2,3
6138,FBcv:0000442,DISO,radiation sensitive,1
6139,HP:0030037,DISO,Bifid ureter,1
6140,ENSEMBL:ENSECAG00000017084,ORTH,ENSEMBL:ENSECAG00000017084,5
6141,ZP:0002805,DISO,"thigmotaxis arrested, abnormal",1
6142,HP:0001075,DISO,Atrophic scars,1
6143,ZFIN:ZDB-GENE-061110-88,ORTH,ubc,5
6144,ENSEMBL:ENSCAFG00000044459,ORTH,HYPK,5
6145,EFO:0007629,GENO,hemoglobin A1 measurement,4
6146,WormBase:WBGene00021943,ORTH,Y55F3BR.6,5
6147,ENSEMBL:ENSACAG00000010955,ORTH,ENSEMBL:ENSACAG00000010955,5
6148,PomBase:SPCC736.11,GENO,ago1,4
6149,ENSEMBL:ENSMODG00000007791,ORTH,ENSEMBL:ENSMODG00000007791,5
6150,ZP:0100124,DISO,"apical side peridermal cell decreased amount, abnormal",1
6151,HP:0000528,DISO,Anophthalmia,1
6152,WBPhenotype:0002299,DISO,coiling frequency decreased,1
6153,ENSEMBL:ENSSSCG00000034386,ORTH,ENSEMBL:ENSSSCG00000034386,5
6154,MP:0000005,DISO,increased brown adipose tissue amount,1
6155,FBcv:0000352,DISO,partially lethal - majority die,1
6156,Coriell:GM05524,GENO,NIGMS-GM05524,4
6157,ENSEMBL:ENSOANG00000004646,ORTH,ENSEMBL:ENSOANG00000004646,5
6158,Coriell:GM04869,GENO,NIGMS-GM04869,4
6159,ZP:0019152,DISO,"photoreceptor disc membrane eye photoreceptor cell deformed, abnormal",1
6160,HP:0002079,DISO,Hypoplasia of the corpus callosum,1
6161,MGI:1349764,ORTH,Dpysl4,5
6162,MP:0009936,DISO,abnormal dendritic spine morphology,1
6163,dictyBase:DDB_G0279407,GENO,calA,4
6164,ENSEMBL:ENSMMUG00000003909,ORTH,ENSEMBL:ENSMMUG00000003909,5
6165,WBPhenotype:0000018,DISO,pharyngeal pumping increased,1
6166,WormBase:WBGene00017969,ORTH,ctsa-3.1,5
6167,ENSEMBL:ENSCAFG00000015785,ORTH,WDR45,5
6168,ENSEMBL:ENSOANG00000040350,ORTH,ENSEMBL:ENSOANG00000040350,5
6169,HP:0003194,DISO,Short nasal bridge,1
6170,ENSEMBL:ENSBTAG00000012048,ORTH,CARM1,5
6171,WormBase:WBGene00018935,ORTH,skr-18,5
6172,WormBase:WBGene00022152,ORTH,atg-5,5
6173,HP:0001325,DISO,Hypoglycemic coma,1
6174,HP:0002280,DISO,Enlarged cisterna magna,1
6175,ENSEMBL:ENSMMUG00000040393,ORTH,ENSEMBL:ENSMMUG00000040393,5
6176,MP:0010072,DISO,increased pruritus,1
6177,MP:0012014,DISO,abnormal olfactory neuron innervation pattern,1
6178,ENSEMBL:ENSACAG00000001861,ORTH,ENSEMBL:ENSACAG00000001861,5
6179,ZP:0003984,DISO,"pharyngeal arch apoptotic, abnormal",1
6180,ENSEMBL:ENSMMUG00000050761,ORTH,ENSEMBL:ENSMMUG00000050761,5
6181,ENSEMBL:ENSMODG00000002887,ORTH,ENSEMBL:ENSMODG00000002887,5
6182,HGNC:18412,GENE,ZDHHC17,3
6183,MP:0008111,DISO,abnormal granulocyte differentiation,1
6184,ZP:0008128,DISO,"synapse assembly disrupted, abnormal",1
6185,ZP:0000412,DISO,"cranial nerve II aplastic, abnormal",1
6186,WBPhenotype:0000424,DISO,antibody staining variant,1
6187,EnsemblGenome:BAE77340,ORTH,EnsemblGenome:BAE77340,5
6188,ZP:0018346,DISO,"hindbrain decreased process quality mitotic cell cycle, abnormal",1
6189,ENSEMBL:ENSSSCG00000000071,ORTH,ST13,5
6190,Xenbase:XB-GENE-942203,ORTH,commd3,5
6191,ZFIN:ZDB-GENE-990415-95,ORTH,hsp90ab1,5
6192,ENSEMBL:ENSACAG00000007251,ORTH,ENSEMBL:ENSACAG00000007251,5
6193,dictyBase:DDB_G0268258,GENO,kif12,4
6194,WBPhenotype:0000004,DISO,constitutive egg laying,1
6195,ENSEMBL:ENSCAFG00000009819,ORTH,CTSA,5
6196,HP:0012116,DISO,Abnormal circulating albumin concentration,1
6197,WBPhenotype:0001995,DISO,cell cycle progression variant,1
6198,PomBase:SPBP19A11.06,GENO,lid2,4
6199,ZP:0008447,DISO,"vesicle hair cell anterior macula increased diameter, abnormal",1
6200,ENSEMBL:ENSFCAG00000001132,ORTH,ENSEMBL:ENSFCAG00000001132,5
6201,ZP:0000136,DISO,"ceratobranchial cartilage decreased size, abnormal",1
6202,ENSEMBL:ENSBTAG00000053213,ORTH,ENSEMBL:ENSBTAG00000053213,5
6203,ZP:0001609,DISO,"head morphology, abnormal",1
6204,FBcv:0000386,DISO,long lived,1
6205,ENSEMBL:ENSMODG00000013693,ORTH,ENSEMBL:ENSMODG00000013693,5
6206,MP:0005201,DISO,abnormal retinal pigment epithelium morphology,1
6207,MGI:1100500,ORTH,Flot1,5
6208,ENSEMBL:ENSCAFG00000013374,ORTH,E2RNJ4,5
6209,EnsemblGenome:AT4G33650,ORTH,EnsemblGenome:AT4G33650,5
6210,ENSEMBL:ENSPTRG00000005684,ORTH,ENSEMBL:ENSPTRG00000005684,5
6211,Xenbase:XB-GENE-995481,ORTH,kif9,5
6212,MP:0004215,DISO,abnormal myocardial fiber physiology,1
6213,SGD:S000004998,ORTH,MSG5,5
6214,MP:0009230,DISO,abnormal sperm head morphology,1
6215,MP:0003463,DISO,abnormal single cell response,1
6216,MP:0006032,DISO,abnormal ureteric bud morphology,1
6217,FlyBase:FBgn0021796,ORTH,Tor,5
6218,MGI:5566682,ORTH,Tg(YAC128)#Hay [FVB/N-Tg(YAC128)#Hay],5
6219,ZP:0018635,DISO,"post-vent region increased occurrence cell death, abnormal",1
6220,MP:0011390,DISO,abnormal fetal cardiomyocyte physiology,1
6221,ENSEMBL:ENSACAG00000001088,ORTH,ENSEMBL:ENSACAG00000001088,5
6222,MONARCH:APO_0000101APO_0000002,GENO,fermentative metabolism:abnormal,4
6223,WBPhenotype:0002210,DISO,extra rays,1
6224,MP:0008664,DISO,decreased interleukin-12 secretion,1
6225,MONARCH:APO_0000041APO_0000005,GENO,sporulation:absent,4
6226,ZP:0102471,DISO,"actin-based cell projection peridermal cell decreased size, abnormal",1
6227,ZP:0018608,DISO,"hindbrain increased occurrence Notch signaling pathway, abnormal",1
6228,ZP:0010288,DISO,"posterior intestine neoplastic, abnormal",1
6229,ZP:0008620,DISO,"eye photoreceptor cell shape, abnormal",1
6230,ZFIN:ZDB-GENE-020430-2,ORTH,flot1b,5
6231,ZFIN:ZDB-GENE-070822-23,ORTH,lsm5,5
6232,MP:0001257,DISO,increased body length,1
6233,ENSEMBL:ENSOANG00000012420,ORTH,ENSEMBL:ENSOANG00000012420,5
6234,MP:0011088,DISO,"neonatal lethality, incomplete penetrance",1
6235,PomBase:SPAC1002.05c,GENO,jmj2,4
6236,ENSEMBL:ENSBTAG00000020655,ORTH,ENSEMBL:ENSBTAG00000020655,5
6237,ENSEMBL:ENSPTRG00000045136,ORTH,ENSEMBL:ENSPTRG00000045136,5
6238,dbSNP:rs363092,GENO,rs363092-A,4
6239,ZFIN:ZDB-GENE-061215-15,ORTH,zgc:158640,5
6240,ENSEMBL:ENSFCAG00000007299,ORTH,ENSEMBL:ENSFCAG00000007299,5
6241,Xenbase:XB-GENE-491581,ORTH,hnrnpl,5
6242,MGI:1926884,ORTH,Huwe1,5
6243,MP:0000511,DISO,abnormal intestinal mucosa morphology,1
6244,ZFIN:ZDB-GENE-090821-3,ORTH,grm1b,5
6245,dictyBase:DDB_G0273251,GENO,fpaB-1,4
6246,HP:0025356,DISO,Psychomotor retardation,1
6247,ENSEMBL:ENSECAG00000013271,ORTH,ENSEMBL:ENSECAG00000013271,5
6248,HP:0011185,DISO,EEG with focal epileptiform discharges,1
6249,ENSEMBL:ENSCAFG00000005734,ORTH,ENSEMBL:ENSCAFG00000005734,5
6250,ZP:0006333,DISO,"photoreceptor cell differentiation disrupted, abnormal",1
6251,ENSEMBL:ENSECAG00000016488,ORTH,ENSEMBL:ENSECAG00000016488,5
6252,FBcv:0000362,DISO,increased cell number,1
6253,HP:0005110,DISO,Atrial fibrillation,1
6254,ENSEMBL:ENSACAG00000004479,ORTH,ENSEMBL:ENSACAG00000004479,5
6255,MP:0003641,DISO,small lung,1
6256,HP:0009830,DISO,Peripheral neuropathy,1
6257,HP:0003212,DISO,Increased circulating IgE level,1
6258,WormBase:WBGene00012424,ORTH,dlc-3,5
6259,PomBase:SPAC926.07c,GENO,dlc2,4
6260,dictyBase:DDB_G0275149,GENO,DDB_G0275149,4
6261,ZFIN:ZDB-GENE-990415-145,ORTH,mhc1uba,5
6262,FBcv:0002040,DISO,some die during prepupal stage,1
6263,WBPhenotype:0001864,DISO,protein transport variant,1
6264,ZP:0003211,DISO,"hatching delayed, abnormal",1
6265,ZFIN:ZDB-GENE-100920-3,ORTH,dnm1b,5
6266,WBPhenotype:0001919,DISO,gut granules enlarged,1
6267,PomBase:SPAC607.05,GENO,rpn9,4
6268,ZP:0000583,DISO,"caudal fin curled, abnormal",1
6269,MP:0001200,DISO,thick skin,1
6270,dictyBase:DDB_G0277777,GENO,DDB0203449,4
6271,ENSEMBL:ENSACAG00000016368,ORTH,ENSEMBL:ENSACAG00000016368,5
6272,ENSEMBL:ENSMMUG00000022086,ORTH,ENSEMBL:ENSMMUG00000022086,5
6273,ENSEMBL:ENSCAFG00000002818,ORTH,ENSEMBL:ENSCAFG00000002818,5
6274,ZP:0101898,DISO,"facial nerve motor nucleus has extra parts of type neuron projection motor neuron, abnormal",1
6275,ENSEMBL:ENSMODG00000025373,ORTH,ENSEMBL:ENSMODG00000025373,5
6276,SGD:S000004949,ORTH,HRB1,5
6277,ZP:0005169,DISO,"parasphenoid ossified, abnormal",1
6278,UBERON:0000059,ANAT,large intestine,0
6279,HP:0002138,DISO,Subarachnoid hemorrhage,1
6280,ENSEMBL:ENSSSCG00000017206,ORTH,ENSEMBL:ENSSSCG00000017206,5
6281,ENSEMBL:ENSPTRG00000012258,ORTH,ENSEMBL:ENSPTRG00000012258,5
6282,GO:0005522,PHYS,profilin binding,6
6283,MP:0002917,DISO,decreased synaptic depression,1
6284,ZP:0137439,DISO,"histone modification disrupted, abnormal",1
6285,WBPhenotype:0000275,DISO,organism UV hypersensitive,1
6286,ZP:0002212,DISO,"thigmotaxis decreased process quality, abnormal",1
6287,HGNC:1507,GENE,CASP6,3
6288,HP:0032792,DISO,Tonic seizure,1
6289,ZP:0019108,DISO,"cornea degenerate, abnormal",1
6290,ZP:0002680,DISO,"whole organism neoplastic, abnormal",1
6291,HP:0000463,DISO,Anteverted nares,1
6292,MP:0003055,DISO,abnormal long bone epiphyseal plate morphology,1
6293,ENSEMBL:ENSECAG00000004666,ORTH,ENSEMBL:ENSECAG00000004666,5
6294,EFO:0004611,GENO,low density lipoprotein cholesterol measurement,4
6295,ZFIN:ZDB-GENE-061218-2,ORTH,atxn1b,5
6296,HP:0002039,DISO,Anorexia,1
6297,HP:0011017,DISO,Abnormal cellular physiology,1
6298,MP:0004096,DISO,abnormal midbrain-hindbrain boundary development,1
6299,ZP:0018823,DISO,"neural crest cell pharyngeal arch decreased amount, abnormal",1
6300,RGD:1597035,ORTH,Gemin7,5
6301,PomBase:SPAC22E12.14c,GENO,sck2,4
6302,HP:0005237,DISO,Degenerative liver disease,1
6303,WBPhenotype:0000761,DISO,spindle position orientation defective early emb,1
6304,ENSEMBL:ENSECAG00000020459,ORTH,ENSEMBL:ENSECAG00000020459,5
6305,ENSEMBL:ENSECAG00000020933,ORTH,ENSEMBL:ENSECAG00000020933,5
6306,ENSEMBL:ENSCAFG00000014596,ORTH,ENSEMBL:ENSCAFG00000014596,5
6307,ENSEMBL:ENSGALG00000010253,ORTH,ZDHHC17,5
6308,ZP:0002234,DISO,"cell division increased occurrence, abnormal",1
6309,WBPhenotype:0000443,DISO,spicule morphology variant,1
6310,ZP:0004576,DISO,"somite decreased width, abnormal",1
6311,ENSEMBL:ENSCAFG00000015818,ORTH,ACLY,5
6312,FBcv:0000389,DISO,paralytic,1
6313,MP:0008477,DISO,decreased spleen red pulp amount,1
6314,ENSEMBL:ENSMMUG00000001888,ORTH,ENSEMBL:ENSMMUG00000001888,5
6315,ENSEMBL:ENSCAFG00000003485,ORTH,PNKP,5
6316,ENSEMBL:ENSGALG00000002403,ORTH,ULK1,5
6317,MP:0012132,DISO,abnormal midbrain-hindbrain boundary morphology,1
6318,ZP:0010153,DISO,"posterior lateral line development disrupted, abnormal",1
6319,MP:0009560,DISO,absent epidermis stratum granulosum,1
6320,RGD:1311748,ORTH,Tcerg1,5
6321,ENSEMBL:ENSPTRG00000019319,ORTH,ENSEMBL:ENSPTRG00000019319,5
6322,ZP:0106672,DISO,"granulocyte rostral blood island decreased amount, abnormal",1
6323,ENSEMBL:ENSGALG00000003880,ORTH,ENSEMBL:ENSGALG00000003880,5
6324,WBPhenotype:0001422,DISO,endocytic transport defect,1
6325,ENSEMBL:ENSMODG00000002502,ORTH,ENSEMBL:ENSMODG00000002502,5
6326,HP:0002088,DISO,Abnormal lung morphology,1
6327,WormBase:WBGene00009479,ORTH,fcp-1,5
6328,ENSEMBL:ENSPTRG00000000476,ORTH,ENSEMBL:ENSPTRG00000000476,5
6329,ZP:0019342,DISO,"cell adhesion process quality, abnormal",1
6330,MP:0008169,DISO,increased B-1b cell number,1
6331,MP:0005394,DISO,taste/olfaction phenotype,1
6332,MP:0003008,DISO,enhanced long term potentiation,1
6333,WBPhenotype:0000256,DISO,amphid neuron morphology variant,1
6334,ZP:0106959,DISO,"microtubule cytoskeleton organization process quality, abnormal",1
6335,ENSEMBL:ENSMMUG00000009476,ORTH,ENSEMBL:ENSMMUG00000009476,5
6336,MP:0000295,DISO,trabecula carnea hypoplasia,1
6337,ENSEMBL:ENSACAG00000012815,ORTH,ENSEMBL:ENSACAG00000012815,5
6338,ZP:0007908,DISO,"posterior lateral line neuromast has fewer parts of type kinocilium neuromast, abnormal",1
6339,ENSEMBL:ENSFCAG00000018490,ORTH,ENSEMBL:ENSFCAG00000018490,5
6340,MP:0008075,DISO,"decreased CD4-positive, alpha beta T cell number",1
6341,dictyBase:DDB_G0289445,GENO,prmt2,4
6342,HGNC:16716,GENE,DHX30,3
6343,ENSEMBL:ENSBTAG00000014388,ORTH,ENSEMBL:ENSBTAG00000014388,5
6344,MP:0013918,DISO,abnormal endolymphatic sac topology,1
6345,MP:0003082,DISO,abnormal gastrocnemius morphology,1
6346,WormBase:WBGene00019022,ORTH,F58A6.1,5
6347,Coriell:GM04855,GENO,NIGMS-GM04855,4
6348,WBPhenotype:0000367,DISO,comma arrest emb,1
6349,ZP:0019562,DISO,"maxilla decreased amount, abnormal",1
6350,ZP:0011581,DISO,"post-vent vasculature malformed, abnormal",1
6351,MP:0009435,DISO,abnormal miniature inhibitory postsynaptic currents,1
6352,WBPhenotype:0001265,DISO,head movement variant,1
6353,Xenbase:XB-GENE-480450,ORTH,hes5.3,5
6354,ZP:0001696,DISO,"swim bladder quality, abnormal",1
6355,Coriell:GM05496,GENO,NIGMS-GM05496,4
6356,WBPhenotype:0000672,DISO,presynaptic vesicle cluster localization variant,1
6357,MP:0006414,DISO,decreased T cell apoptosis,1
6358,MP:0010299,DISO,increased mammary gland tumor incidence,1
6359,MP:0004931,DISO,enlarged epididymis,1
6360,MP:0001349,DISO,excessive tearing,1
6361,MONARCH:APO_0000106APO_0000117,GENO,vegetative growth:normal,4
6362,HP:0010826,DISO,Abnormality of the twelfth cranial nerve,1
6363,MGI:1099804,ORTH,Hip1,5
6364,RGD:1302939,ORTH,Eef1g,5
6365,WBPhenotype:0001594,DISO,germline transgene silencing variant,1
6366,UBERON:0001826,ANAT,nasal cavity mucosa,0
6367,MONARCH:APO_0000208APO_0000002,GENO,chromosome segregation:abnormal,4
6368,MGI:1344372,ORTH,Rbck1,5
6369,ZP:0016901,DISO,"CaP motoneuron decreased length, abnormal",1
6370,WBPhenotype:0001999,DISO,conflicting sensory integration variant,1
6371,ENSEMBL:ENSMMUG00000001661,ORTH,ENSEMBL:ENSMMUG00000001661,5
6372,ENSEMBL:ENSMODG00000002092,ORTH,ENSEMBL:ENSMODG00000002092,5
6373,ZP:0020730,DISO,"midbrain hindbrain boundary decreased amount, abnormal",1
6374,HGNC:12508,GENE,UBQLN1,3
6375,ENSEMBL:ENSSSCG00000001912,ORTH,PML,5
6376,Xenbase:XB-GENE-946042,ORTH,psmb7,5
6377,GO:0034452,PHYS,dynactin binding,6
6378,dictyBase:DDB_G0268620,GENO,pkbA,4
6379,HP:0012810,DISO,Wide nasal base,1
6380,MGI:95805,ORTH,Grb2,5
6381,MP:0031121,DISO,increased susceptibility to induced thrombosis,1
6382,WBPhenotype:0001412,DISO,alae morphology variant,1
6383,SGD:S000003455,ORTH,HSV2,5
6384,ZP:0005473,DISO,"vacuolar proton-transporting V-type ATPase, V1 domain neuromast hair cell mislocalised, abnormal",1
6385,FlyBase:FBgn0037408,ORTH,NPFR,5
6386,SGD:S000001686,ORTH,TOR2,5
6387,MGI:3851446,ORTH,Tg(Camk2a-tTA)1Mmay; Tg(tetO-HTT*94Q/-lacZ)1Rhn [involves: C57BL/6 * CBA],5
6388,Xenbase:XB-GENE-959752,ORTH,csnk2a1,5
6389,ENSEMBL:ENSPTRG00000022440,ORTH,ENSEMBL:ENSPTRG00000022440,5
6390,EFO:0004713,GENO,FEV/FEC ratio,4
6391,WormBase:WBGene00001042,ORTH,dnj-24,5
6392,WBPhenotype:0000421,DISO,levamisole resistant,1
6393,FlyBase:FBgn0038571,ORTH,CG7215,5
6394,HP:0000582,DISO,Upslanted palpebral fissure,1
6395,MP:0020083,DISO,decreased hippocampus volume,1
6396,MP:0003037,DISO,increased myocardial infarct size,1
6397,Coriell:GM04854,GENO,NIGMS-GM04854,4
6398,MP:0011677,DISO,abnormal olfactory sensory neuron physiology,1
6399,Coriell:GM04715,GENO,NIGMS-GM04715,4
6400,RGD:3537,ORTH,Rasa1,5
6401,ZFIN:ZDB-GENE-020326-1,ORTH,psma6a,5
6402,ENSEMBL:ENSMODG00000013697,ORTH,ENSEMBL:ENSMODG00000013697,5
6403,HP:0004329,DISO,Abnormal posterior eye segment morphology,1
6404,ENSEMBL:ENSFCAG00000002782,ORTH,ENSEMBL:ENSFCAG00000002782,5
6405,HP:0012443,DISO,Abnormality of brain morphology,1
6406,MP:0001825,DISO,arrested T cell differentiation,1
6407,Xenbase:XB-GENE-5861673,ORTH,h2ac17,5
6408,HGNC:9564,GENE,PSMD6,3
6409,HP:0004348,DISO,Abnormality of bone mineral density,1
6410,MP:0000159,DISO,abnormal xiphoid process morphology,1
6411,ENSEMBL:ENSECAG00000034082,ORTH,ENSEMBL:ENSECAG00000034082,5
6412,ZP:0010496,DISO,"cell division decreased rate, abnormal",1
6413,Xenbase:XB-GENE-489955,ORTH,rangap1,5
6414,ENSEMBL:ENSACAG00000000017,ORTH,ENSEMBL:ENSACAG00000000017,5
6415,MGI:103575,ORTH,Skp1,5
6416,ENSEMBL:ENSSSCG00000022454,ORTH,NRBP1,5
6417,ENSEMBL:ENSGALG00000012297,ORTH,ENSEMBL:ENSGALG00000012297,5
6418,ENSEMBL:ENSBTAG00000021949,ORTH,ENSEMBL:ENSBTAG00000021949,5
6419,ENSEMBL:ENSPTRG00000050826,ORTH,ENSEMBL:ENSPTRG00000050826,5
6420,MP:0009832,DISO,abnormal sperm mitochondrial sheath morphology,1
6421,ZFIN:ZDB-GENE-990415-172,ORTH,neurod1,5
6422,HP:0002007,DISO,Frontal bossing,1
6423,ZP:0020466,DISO,"cranium necrotic, abnormal",1
6424,WormBase:WBGene00019275,ORTH,rpac-40,5
6425,MP:0000836,DISO,abnormal substantia nigra morphology,1
6426,MP:0006036,DISO,abnormal mitochondrial physiology,1
6427,WBPhenotype:0001106,DISO,spindle orientation variant AB or P1 early emb,1
6428,ZP:0011757,DISO,"atrium morphology, abnormal",1
6429,MP:0001819,DISO,abnormal immune cell physiology,1
6430,MP:0010399,DISO,decreased skeletal muscle glycogen level,1
6431,MP:0020394,DISO,decreased neuronal precursor proliferation,1
6432,ENSEMBL:ENSSSCG00000003964,ORTH,ENSEMBL:ENSSSCG00000003964,5
6433,WormBase:WBGene00000793,ORTH,crh-1,5
6434,ENSEMBL:ENSSSCG00060023500,ORTH,ENSEMBL:ENSSSCG00060023500,5
6435,MP:0010052,DISO,increased grip strength,1
6436,MP:0009375,DISO,thin zona pellucida,1
6437,ENSEMBL:ENSECAG00000015838,ORTH,ENSEMBL:ENSECAG00000015838,5
6438,ENSEMBL:ENSACAG00000022117,ORTH,ENSEMBL:ENSACAG00000022117,5
6439,MP:0020527,DISO,small thalamus,1
6440,MP:0010594,DISO,thick aortic valve,1
6441,HP:0011153,DISO,Focal motor seizure,1
6442,PomBase:SPAC1687.05,GENO,pli1,4
6443,ZFIN:ZDB-GENE-050320-73,ORTH,tufm,5
6444,ZP:0014893,DISO,"response to gamma radiation process quality, abnormal",1
6445,Coriell:GM04716,GENO,NIGMS-GM04716,4
6446,ENSEMBL:ENSPTRG00000013699,ORTH,ENSEMBL:ENSPTRG00000013699,5
6447,ENSEMBL:ENSSSCG00000014559,ORTH,PSMD13,5
6448,dictyBase:DDB_G0293770,GENO,DDB_G0293770,4
6449,ENSEMBL:ENSECAG00000013890,ORTH,ENSEMBL:ENSECAG00000013890,5
6450,WBPhenotype:0001105,DISO,P0 spindle position defective early emb,1
6451,WormBase:WBGene00000072,ORTH,add-1,5
6452,dictyBase:DDB_G0280969,GENO,psmA4,4
6453,HP:0010978,DISO,Abnormality of immune system physiology,1
6454,Xenbase:XB-GENE-955189,ORTH,bcar1,5
6455,WBPhenotype:0000136,DISO,mRNA levels increased,1
6456,ENSEMBL:ENSOANG00000007850,ORTH,ENSEMBL:ENSOANG00000007850,5
6457,ENSEMBL:ENSMODG00000001646,ORTH,ENSEMBL:ENSMODG00000001646,5
6458,ENSEMBL:ENSFCAG00000013441,ORTH,ENSEMBL:ENSFCAG00000013441,5
6459,ENSEMBL:ENSCAFG00000015961,ORTH,ENSEMBL:ENSCAFG00000015961,5
6460,MP:0010842,DISO,"decreased central memory CD4-positive, alpha-beta T cell number",1
6461,MGI:101920,ORTH,Ap2a2,5
6462,Xenbase:XB-GENE-989839,ORTH,immt,5
6463,ZFIN:ZDB-GENE-040912-78,ORTH,tgm2a,5
6464,MP:0008495,DISO,decreased IgG1 level,1
6465,ENSEMBL:ENSSSCG00000015539,ORTH,STX6,5
6466,FBcv:0002013,DISO,majority die during second instar larval stage,1
6467,ENSEMBL:ENSOANG00000014970,ORTH,ENSEMBL:ENSOANG00000014970,5
6468,PomBase:SPAC5D6.13,GENO,gpp74,4
6469,MONARCH:APO_0000312APO_0000005,GENO,cell death:absent,4
6470,Coriell:GM04219,GENO,NIGMS-GM04219,4
6471,Xenbase:XB-GENE-969721,ORTH,c5ar1,5
6472,RGD:631353,ORTH,Sharpin,5
6473,ENSEMBL:ENSBTAG00000015811,ORTH,E1BA77,5
6474,ENSEMBL:ENSMMUG00000017786,ORTH,ENSEMBL:ENSMMUG00000017786,5
6475,EFO:0006903,GENO,hepatocyte growth factor measurement,4
6476,MP:0003631,DISO,nervous system phenotype,1
6477,ZFIN:ZDB-GENE-061013-557,ORTH,snx21,5
6478,PomBase:SPBP8B7.24c,GENO,atg8,4
6479,ZP:0018232,DISO,"blood cell accumulation sinus venosus, abnormal",1
6480,ENSEMBL:ENSGALG00000043208,ORTH,ENSEMBL:ENSGALG00000043208,5
6481,HP:0000027,DISO,Azoospermia,1
6482,ENSEMBL:ENSBTAG00000046468,ORTH,ENSEMBL:ENSBTAG00000046468,5
6483,MP:0008705,DISO,increased interleukin-6 secretion,1
6484,WBPhenotype:0000406,DISO,lumpy,1
6485,MGI:4881525,ORTH,Tg(YAC46)668Hay [involves: FVB/N],5
6486,ENSEMBL:ENSPTRG00000044428,ORTH,ENSEMBL:ENSPTRG00000044428,5
6487,dictyBase:DDB_G0272056,GENO,DDB0219997,4
6488,ENSEMBL:ENSGALG00000010349,ORTH,ENSEMBL:ENSGALG00000010349,5
6489,ENSEMBL:ENSSSCG00000013633,ORTH,CARM1,5
6490,ENSEMBL:ENSCAFG00000044133,ORTH,ENSEMBL:ENSCAFG00000044133,5
6491,WBPhenotype:0002325,DISO,backward point velocity increased,1
6492,ZP:0007117,DISO,"formation of anatomical boundary delayed, abnormal",1
6493,HGNC:28328,GENE,ZFC3H1,3
6494,MGI:5432190,ORTH,Tg(YAC128)55Hay/Tg(YAC128)55Hay [FVB/N-Tg(YAC128)55Hay],5
6495,ENSEMBL:ENSOANG00000021332,ORTH,ENSEMBL:ENSOANG00000021332,5
6496,ENSEMBL:ENSPTRG00000042199,ORTH,ENSEMBL:ENSPTRG00000042199,5
6497,ENSEMBL:ENSSSCG00000001379,ORTH,ENSEMBL:ENSSSCG00000001379,5
6498,Xenbase:XB-GENE-5960761,ORTH,ipo9,5
6499,MP:0010088,DISO,decreased circulating fructosamine level,1
6500,WBPhenotype:0000624,DISO,reproductive system development variant,1
6501,HP:0000233,DISO,Thin vermilion border,1
6502,ENSEMBL:ENSMODG00000037355,ORTH,ENSEMBL:ENSMODG00000037355,5
6503,Xenbase:XB-GENE-967934,ORTH,ppp1cc,5
6504,ZP:0002589,DISO,"whole organism unbalanced, abnormal",1
6505,ZP:0020598,DISO,"primary motor neuron increased amount, abnormal",1
6506,ENSEMBL:ENSPTRG00000021273,ORTH,ENSEMBL:ENSPTRG00000021273,5
6507,HP:0004959,DISO,Descending thoracic aorta aneurysm,1
6508,ENSEMBL:ENSCAFG00000016759,ORTH,TARDBP,5
6509,MP:0008885,DISO,increased enterocyte apoptosis,1
6510,ENSEMBL:ENSACAG00000029405,ORTH,ENSEMBL:ENSACAG00000029405,5
6511,ENSEMBL:ENSPTRG00000006931,ORTH,ENSEMBL:ENSPTRG00000006931,5
6512,HP:0002843,DISO,Abnormal T cell morphology,1
6513,ENSEMBL:ENSPTRG00000005437,ORTH,ENSEMBL:ENSPTRG00000005437,5
6514,Xenbase:XB-GENE-5813351,ORTH,elp1,5
6515,ENSEMBL:ENSECAG00000019648,ORTH,ENSEMBL:ENSECAG00000019648,5
6516,ENSEMBL:ENSOANG00000009915,ORTH,ENSEMBL:ENSOANG00000009915,5
6517,ZP:0005773,DISO,"cell division rate, abnormal",1
6518,HP:0100547,DISO,Abnormality of forebrain morphology,1
6519,WBPhenotype:0001346,DISO,actin cytoskeleton dynamics phenotype,1
6520,WBPhenotype:0000462,DISO,paraquat hypersensitive,1
6521,ENSEMBL:ENSMMUG00000010740,ORTH,ENSEMBL:ENSMMUG00000010740,5
6522,EFO:0004459,GENO,ferritin measurement,4
6523,ZFIN:ZDB-GENE-030131-4694,ORTH,rasa1a,5
6524,ZP:0004526,DISO,"cardiac muscle cell shape, abnormal",1
6525,ZP:0008034,DISO,"contractile fiber skeletal muscle decreased size, abnormal",1
6526,WormBase:WBGene00001006,ORTH,dlg-1,5
6527,ENSEMBL:ENSECAG00000013458,ORTH,ENSEMBL:ENSECAG00000013458,5
6528,WBPhenotype:0002567,DISO,long-term associative olfactory memory defective,1
6529,WBPhenotype:0002283,DISO,autophagy reduced,1
6530,MP:0000960,DISO,abnormal sensory ganglion morphology,1
6531,HP:0003201,DISO,Rhabdomyolysis,1
6532,MP:0008182,DISO,decreased marginal zone B cell number,1
6533,ENSEMBL:ENSACAG00000017013,ORTH,ENSEMBL:ENSACAG00000017013,5
6534,MP:0011092,DISO,"embryonic lethality, complete penetrance",1
6535,ZP:0002288,DISO,"nerve peripheral nervous system neoplastic, abnormal",1
6536,dictyBase:DDB_G0276759,GENO,cbpA,4
6537,WBPhenotype:0001567,DISO,nuclei enlarged,1
6538,ENSEMBL:ENSECAG00000006980,ORTH,ENSEMBL:ENSECAG00000006980,5
6539,FlyBase:CG5669,ORTH,FlyBase:CG5669,5
6540,MP:0002102,DISO,abnormal ear morphology,1
6541,ENSEMBL:ENSRNOG00000005062,ORTH,F1M040,5
6542,HP:0002006,DISO,Facial cleft,1
6543,PomBase:SPBC16A3.05c,GENO,rae1,4
6544,RGD:2041,ORTH,Add1,5
6545,ENSEMBL:ENSPTRG00000016087,ORTH,ENSEMBL:ENSPTRG00000016087,5
6546,ENSEMBL:ENSBTAG00000004887,ORTH,DCTN1,5
6547,ENSEMBL:ENSECAG00000024900,ORTH,ENSEMBL:ENSECAG00000024900,5
6548,FBcv:0000361,DISO,increased body size,1
6549,ZP:0017652,DISO,"pronephric proximal straight tubule mislocalised posteriorly, abnormal",1
6550,Coriell:GM04282,GENO,NIGMS-GM04282,4
6551,ENSEMBL:ENSACAG00000015801,ORTH,ENSEMBL:ENSACAG00000015801,5
6552,ZP:0003853,DISO,"grey matter morphology, abnormal",1
6553,ENSEMBL:ENSACAG00000005871,ORTH,ENSEMBL:ENSACAG00000005871,5
6554,WBPhenotype:0000758,DISO,L4 adult molt defect,1
6555,dictyBase:DDB_G0291023,GENO,DDB0189217,4
6556,FBcv:0000717,DISO,increased cell growth,1
6557,ZP:0003151,DISO,"facial ganglion decreased size, abnormal",1
6558,ZP:0002455,DISO,"swim bladder formation delayed, abnormal",1
6559,RGD:1305015,ORTH,Pabpc4,5
6560,ZP:0101902,DISO,"facial nerve motor nucleus rhombomere 5 increased volume, abnormal",1
6561,RGD:2259,ORTH,Calm3,5
6562,ENSEMBL:ENSFCAG00000005158,ORTH,ENSEMBL:ENSFCAG00000005158,5
6563,RGD:1559904,ORTH,Virma,5
6564,FlyBase:FBgn0032171,ORTH,Dmel\CG5846,5
6565,EnsemblGenome:BAE76828,ORTH,EnsemblGenome:BAE76828,5
6566,ENSEMBL:ENSFCAG00000004825,ORTH,ENSEMBL:ENSFCAG00000004825,5
6567,HP:0003074,DISO,Hyperglycemia,1
6568,ENSEMBL:ENSBTAG00000009855,ORTH,FAN1,5
6569,ZP:0004747,DISO,"digestive tract development process quality, abnormal",1
6570,MP:0000333,DISO,decreased bone marrow cell number,1
6571,MP:0000746,DISO,weakness,1
6572,ZFIN:ZDB-GENE-060312-44,ORTH,neflb,5
6573,HP:0002312,DISO,Clumsiness,1
6574,ENSEMBL:ENSSSCG00000003531,ORTH,KDM1A,5
6575,MP:0011706,DISO,abnormal fibroblast migration,1
6576,ENSEMBL:ENSBTAG00000037735,ORTH,ENSEMBL:ENSBTAG00000037735,5
6577,ENSEMBL:ENSGALG00000038504,ORTH,ENSEMBL:ENSGALG00000038504,5
6578,ENSEMBL:ENSBTAG00000019386,ORTH,BOLA-NC1,5
6579,HP:0002121,DISO,Generalized non-motor (absence) seizure,1
6580,MP:0005322,DISO,abnormal serotonin level,1
6581,ENSEMBL:ENSFCAG00000030741,ORTH,ENSEMBL:ENSFCAG00000030741,5
6582,Coriell:GM04846,GENO,NIGMS-GM04846,4
6583,ZP:0017123,DISO,"atrium size, abnormal",1
6584,HP:0004933,DISO,Ascending aortic dissection,1
6585,RGD:61797,ORTH,Prkn,5
6586,RGD:70487,ORTH,Ctnnb1,5
6587,ENSEMBL:ENSSSCG00000002003,ORTH,I3LND9,5
6588,HP:0007366,DISO,Atrophy/Degeneration affecting the brainstem,1
6589,ZP:0005415,DISO,"cardiac ventricle morphology, abnormal",1
6590,MP:0013385,DISO,abnormal Meibomian gland development,1
6591,ENSEMBL:ENSMMUG00000020549,ORTH,ENSEMBL:ENSMMUG00000020549,5
6592,MP:0004769,DISO,abnormal synaptic vesicle morphology,1
6593,ZP:0003686,DISO,"oligodendrocyte spinal cord decreased amount, abnormal",1
6594,ZP:0106107,DISO,"anterior lateral plate mesoderm increased amount, abnormal",1
6595,MP:0000417,DISO,short hair,1
6596,ZP:0003198,DISO,"regulation of transmission of nerve impulse decreased process quality, abnormal",1
6597,SGD:S000002837,ORTH,TIF35,5
6598,ENSEMBL:ENSECAG00000007845,ORTH,ENSEMBL:ENSECAG00000007845,5
6599,HP:0000738,DISO,Hallucinations,1
6600,FlyBase:FBgn0038196,ORTH,CG9922,5
6601,dictyBase:DDB_G0272454,GENO,DDB0217014,4
6602,HP:0007182,DISO,Peripheral hypomyelination,1
6603,HP:0100242,DISO,Sarcoma,1
6604,HGNC:14884,GENE,DNAJA2,3
6605,HP:0002623,DISO,Overriding aorta,1
6606,ENSEMBL:ENSCAFG00000000406,ORTH,ENSEMBL:ENSCAFG00000000406,5
6607,ENSEMBL:ENSECAG00000005595,ORTH,ENSEMBL:ENSECAG00000005595,5
6608,dictyBase:DDB_G0290927,GENO,etfa,4
6609,MP:0005566,DISO,decreased blood urea nitrogen level,1
6610,MP:0004256,DISO,abnormal maternal decidual layer morphology,1
6611,ZP:0002513,DISO,"anterior-posterior axis whole organism curved, abnormal",1
6612,Coriell:GM06528,GENO,NIGMS-GM06528,4
6613,HP:0001629,DISO,Ventricular septal defect,1
6614,Xenbase:XB-GENE-963850,ORTH,eif3b,5
6615,RGD:735133,ORTH,Plekha4,5
6616,ZP:0007173,DISO,"sarcomere slow muscle cell decreased amount, abnormal",1
6617,MP:0001622,DISO,abnormal vasculogenesis,1
6618,MP:0014218,DISO,increased intestinal mucosa thickness,1
6619,HP:0002840,DISO,Lymphadenitis,1
6620,PomBase:SPAC1B3.05,GENO,not3,4
6621,Xenbase:XB-GENE-989058,ORTH,opa1,5
6622,ENSEMBL:ENSGALG00000052329,ORTH,PEX11B,5
6623,ENSEMBL:ENSCAFG00000019046,ORTH,ENSEMBL:ENSCAFG00000019046,5
6624,ENSEMBL:ENSMMUG00000010722,ORTH,ENSEMBL:ENSMMUG00000010722,5
6625,ENSEMBL:ENSCAFG00000009588,ORTH,ENSEMBL:ENSCAFG00000009588,5
6626,MP:0000128,DISO,growth retardation of molars,1
6627,HP:0000650,DISO,Abnormal amplitude of pattern reversal visual evoked potentials,1
6628,ENSEMBL:ENSCAFG00000009018,ORTH,A0A5F4C6T7,5
6629,FlyBase:FBgn0039788,ORTH,Rpt6R,5
6630,MP:0011195,DISO,increased hair follicle apoptosis,1
6631,HP:0001283,DISO,Bulbar palsy,1
6632,ZP:0101899,DISO,"neuron projection facial nerve motor nucleus increased amount, abnormal",1
6633,ENSEMBL:ENSOANG00000013941,ORTH,ENSEMBL:ENSOANG00000013941,5
6634,Coriell:GM06685,GENO,NIGMS-GM06685,4
6635,ZFIN:ZDB-GENE-030131-6107,ORTH,hgs,5
6636,MP:0008584,DISO,photoreceptor outer segment degeneration,1
6637,ENSEMBL:ENSCAFG00000018144,ORTH,F1PNI3,5
6638,PomBase:SPAC1F5.06,GENO,lsh1,4
6639,HP:0011115,DISO,Abnormality of chemokine secretion,1
6640,MONARCH:APO_0000255APO_0000249,GENO,cell cycle progression in G1 phase:delayed,4
6641,ZP:0000925,DISO,"ceratohyal cartilage aplastic, abnormal",1
6642,dictyBase:DDB_G0291568,GENO,dnaja1,4
6643,PomBase:SPAC13G7.03,GENO,upf3,4
6644,FlyBase:FBgn0003091,ORTH,Pkc53E,5
6645,Xenbase:XB-GENE-1006488,ORTH,sod1,5
6646,FlyBase:FBgn0000667,ORTH,Actn,5
6647,HP:0000502,DISO,Abnormal conjunctiva morphology,1
6648,ENSEMBL:ENSECAG00000023185,ORTH,ENSEMBL:ENSECAG00000023185,5
6649,MGI:5700345,ORTH,Tg(Plp1-HTT*150Q)4aXjl [Not Specified],5
6650,ZP:0019802,DISO,"blood island decreased amount, abnormal",1
6651,ENSEMBL:ENSECAG00000014412,ORTH,ENSEMBL:ENSECAG00000014412,5
6652,ZP:0011627,DISO,"pigment cell decreased perimeter, abnormal",1
6653,ZP:0010098,DISO,"pharyngeal arch 2 disoriented, abnormal",1
6654,ENSEMBL:ENSECAG00000012900,ORTH,ENSEMBL:ENSECAG00000012900,5
6655,ENSEMBL:ENSACAG00000022187,ORTH,ENSEMBL:ENSACAG00000022187,5
6656,HP:0009916,DISO,Anisocoria,1
6657,HP:0000407,DISO,Sensorineural hearing impairment,1
6658,ENSEMBL:ENSPTRG00000008911,ORTH,ENSEMBL:ENSPTRG00000008911,5
6659,MP:0009267,DISO,abnormal cerebellum fissure morphology,1
6660,ZP:0000868,DISO,"convergent extension involved in gastrulation disrupted, abnormal",1
6661,ENSEMBL:ENSCAFG00000000185,ORTH,STX7,5
6662,ENSEMBL:ENSPTRG00000050508,ORTH,ENSEMBL:ENSPTRG00000050508,5
6663,MP:0009420,DISO,skeletal muscle endomysial fibrosis,1
6664,ENSEMBL:ENSACAG00000017466,ORTH,ENSEMBL:ENSACAG00000017466,5
6665,HP:0012240,DISO,Increased intramyocellular lipid droplets,1
6666,MP:0008492,DISO,dorsal root ganglion degeneration,1
6667,HP:0001159,DISO,Syndactyly,1
6668,ENSEMBL:ENSOANG00000001818,ORTH,ENSEMBL:ENSOANG00000001818,5
6669,ZP:0138062,DISO,"swimming decreased spatial extent of a process, abnormal",1
6670,ZP:0020903,DISO,"neoplasm whole organism increased amount, abnormal",1
6671,ZP:0019985,DISO,"whole organism has extra parts of type neural tube, abnormal",1
6672,MP:0004811,DISO,abnormal neuron physiology,1
6673,MP:0030635,DISO,increased taurine level,1
6674,ENSEMBL:ENSMMUG00000051955,ORTH,ENSEMBL:ENSMMUG00000051955,5
6675,MGI:3757562,ORTH,Tg(HDexon1)61Gpb [involves: C57BL/6 * CBA],5
6676,MP:0000023,DISO,abnormal ear position,1
6677,dictyBase:DDB_G0271544,GENO,DDB_G0271544,4
6678,MP:0001648,DISO,abnormal apoptosis,1
6679,ENSEMBL:ENSBTAG00000001755,ORTH,ENSEMBL:ENSBTAG00000001755,5
6680,MONARCH:APO_0000197APO_0000004,GENO,colony sectoring:increased,4
6681,MP:0009902,DISO,abnormal lateral nasal prominence morphology,1
6682,WormBase:WBGene00020378,ORTH,T09B4.4,5
6683,HGNC:8881,GENE,PFN1,3
6684,FlyBase:FBgn0038499,ORTH,Brf,5
6685,ENSEMBL:ENSACAG00000016080,ORTH,ENSEMBL:ENSACAG00000016080,5
6686,ZP:0003197,DISO,"locomotion disrupted, abnormal",1
6687,ENSEMBL:ENSACAG00000015502,ORTH,ENSEMBL:ENSACAG00000015502,5
6688,ZP:0006473,DISO,"hindbrain decreased length, abnormal",1
6689,MP:0008805,DISO,decreased circulating amylase level,1
6690,ENSEMBL:ENSGALG00000007510,ORTH,ENSEMBL:ENSGALG00000007510,5
6691,HP:0004950,DISO,Peripheral arterial stenosis,1
6692,ENSEMBL:ENSPTRG00000044653,ORTH,ENSEMBL:ENSPTRG00000044653,5
6693,MONARCH:APO_0000253APO_0000250,GENO,cell cycle progression:arrested,4
6694,ENSEMBL:ENSECAG00000020463,ORTH,ENSEMBL:ENSECAG00000020463,5
6695,MP:0009258,DISO,abnormal thymocyte apoptosis,1
6696,ENSEMBL:ENSMMUG00000012920,ORTH,ENSEMBL:ENSMMUG00000012920,5
6697,ENSEMBL:ENSECAG00000020699,ORTH,ENSEMBL:ENSECAG00000020699,5
6698,HP:0030026,DISO,Squared superior portion of helix,1
6699,WBPhenotype:0001962,DISO,missing distal tip cells,1
6700,FBcv:0000393,DISO,abnormal pain response,1
6701,HP:0000712,DISO,Emotional lability,1
6702,ENSEMBL:ENSMMUG00000008323,ORTH,ENSEMBL:ENSMMUG00000008323,5
6703,MP:0002118,DISO,abnormal lipid homeostasis,1
6704,ZP:0004375,DISO,"pharyngeal arch cartilage morphology, abnormal",1
6705,ENSEMBL:ENSACAG00000003107,ORTH,ENSEMBL:ENSACAG00000003107,5
6706,ENSEMBL:ENSCAFG00000046942,ORTH,A0A5F4D7S4,5
6707,WBPhenotype:0000282,DISO,hermaphrodite sex muscle development variant,1
6708,HP:0000445,DISO,Wide nose,1
6709,dictyBase:DDB_G0282339,GENO,polr1c,4
6710,MP:0008092,DISO,abnormal T-helper 2 cell differentiation,1
6711,ENSEMBL:ENSPTRG00000040677,ORTH,ENSEMBL:ENSPTRG00000040677,5
6712,MP:0001106,DISO,abnormal Schwann cell morphology,1
6713,HGNC:26433,GENE,ZMAT2,3
6714,Xenbase:XB-GENE-984047,ORTH,cltc,5
6715,ENSEMBL:ENSSSCG00000003256,ORTH,PRKCG,5
6716,RGD:2089,ORTH,Aldoa,5
6717,ENSEMBL:ENSPTRG00000007988,ORTH,ENSEMBL:ENSPTRG00000007988,5
6718,MGI:95929,ORTH,H2-Q10,5
6719,WBPhenotype:0000646,DISO,sluggish,1
6720,ENSEMBL:ENSOANG00000014119,ORTH,ENSEMBL:ENSOANG00000014119,5
6721,ENSEMBL:ENSOANG00000001056,ORTH,ENSEMBL:ENSOANG00000001056,5
6722,MP:0000951,DISO,sporadic seizures,1
6723,HP:0002583,DISO,Colitis,1
6724,ENSEMBL:ENSCAFG00000007750,ORTH,CASP3,5
6725,WormBase:WBGene00007026,ORTH,mdt-31,5
6726,HP:0000114,DISO,Proximal tubulopathy,1
6727,ENSEMBL:ENSSSCG00000040743,ORTH,M6PR,5
6728,ENSEMBL:ENSFCAG00000029716,ORTH,ENSEMBL:ENSFCAG00000029716,5
6729,ZP:0104496,DISO,"skeletal muscle myotome malformed, abnormal",1
6730,ENSEMBL:ENSGALG00000015783,ORTH,ENSEMBL:ENSGALG00000015783,5
6731,WBPhenotype:0001958,DISO,gonad degenerate,1
6732,ENSEMBL:ENSBTAG00000026403,ORTH,ENSEMBL:ENSBTAG00000026403,5
6733,RGD:1595869,ORTH,RT1-CE1,5
6734,ZP:0106397,DISO,"ceratobranchial 5 cartilage decreased amount, abnormal",1
6735,ENSEMBL:ENSACAG00000011170,ORTH,ENSEMBL:ENSACAG00000011170,5
6736,MP:0001400,DISO,hyperresponsive,1
6737,ENSEMBL:ENSGALG00000001644,ORTH,ENSEMBL:ENSGALG00000001644,5
6738,ENSEMBL:ENSPTRG00000016966,ORTH,ENSEMBL:ENSPTRG00000016966,5
6739,ENSEMBL:ENSMODG00000015564,ORTH,ENSEMBL:ENSMODG00000015564,5
6740,ENSEMBL:ENSMMUG00000007430,ORTH,ENSEMBL:ENSMMUG00000007430,5
6741,ENSEMBL:ENSECAG00000009442,ORTH,ENSEMBL:ENSECAG00000009442,5
6742,ENSEMBL:ENSMMUG00000001723,ORTH,ENSEMBL:ENSMMUG00000001723,5
6743,MP:0008553,DISO,increased circulating tumor necrosis factor level,1
6744,FBcv:0000006,DISO,male semi-fertile,1
6745,ZP:0001448,DISO,"whole organism curved, abnormal",1
6746,ENSEMBL:ENSPTRG00000007297,ORTH,ENSEMBL:ENSPTRG00000007297,5
6747,ZP:0000377,DISO,"endocardial cushion hyperplastic, abnormal",1
6748,ENSEMBL:ENSCAFG00000003298,ORTH,DNALI1,5
6749,RGD:69195,ORTH,Nbr1,5
6750,ENSEMBL:ENSFCAG00000035181,ORTH,ENSEMBL:ENSFCAG00000035181,5
6751,HP:0010174,DISO,Broad phalanx of the toes,1
6752,ENSEMBL:ENSCAFG00000002729,ORTH,PSME4,5
6753,ZP:0003402,DISO,"ventricular zone damaged, abnormal",1
6754,ENSEMBL:ENSBTAG00000012208,ORTH,BOLA,5
6755,ENSEMBL:ENSOANG00000010513,ORTH,ENSEMBL:ENSOANG00000010513,5
6756,Xenbase:XB-GENE-1015302,ORTH,st13,5
6757,WBPhenotype:0001225,DISO,phasmid socket absent,1
6758,WBPhenotype:0002541,DISO,radiation induced germ cell apoptosis resistant,1
6759,ZP:0021358,DISO,"otic vesicle process quality cilium assembly, abnormal",1
6760,WBPhenotype:0000456,DISO,touch resistant,1
6761,WBPhenotype:0001199,DISO,gonad sheath contractions variant,1
6762,MP:0010179,DISO,rough coat,1
6763,ZP:0018607,DISO,"rhombomere 3 morphogenesis process quality, abnormal",1
6764,MP:0013293,DISO,embryonic lethality prior to tooth bud stage,1
6765,ZFIN:ZDB-GENE-030416-1,ORTH,eppk1,5
6766,Xenbase:XB-GENE-969277,ORTH,bag3,5
6767,ZP:0005094,DISO,"mitotic cell cycle arrest increased occurrence, abnormal",1
6768,ZFIN:ZDB-GENE-080214-5,ORTH,hspb15,5
6769,Xenbase:XB-GENE-493024,ORTH,vim,5
6770,ZFIN:ZDB-GENE-030131-1502,ORTH,morc3a,5
6771,WormBase:WBGene00000963,ORTH,dhp-1,5
6772,MP:0009451,DISO,abnormal chromosomal synapsis,1
6773,WBPhenotype:0001083,DISO,multiple cytoplasmic cavities early emb,1
6774,dictyBase:DDB_G0284217,GENO,DDB0185899,4
6775,HP:0030190,DISO,Oral motor hypotonia,1
6776,dictyBase:DDB_G0272917,GENO,dictyBase:DDB_G0272917,4
6777,ENSEMBL:ENSMODG00000013663,ORTH,ENSEMBL:ENSMODG00000013663,5
6778,ENSEMBL:ENSBTAG00000015683,ORTH,ENSEMBL:ENSBTAG00000015683,5
6779,ZFIN:ZDB-GENE-040426-1480,ORTH,psmd2,5
6780,MGI:700012,ORTH,Ostf1,5
6781,WormBase:WBGene00013920,ORTH,pssy-1,5
6782,MONARCH:APO_0000149APO_0000005,GENO,protein/peptide accumulation:absent,4
6783,ZP:0003855,DISO,"hepatocyte increased size, abnormal",1
6784,ENSEMBL:ENSSSCG00000017670,ORTH,ENSEMBL:ENSSSCG00000017670,5
6785,MGI:1928386,ORTH,Rassf1,5
6786,WormBase:WBGene00003808,ORTH,npr-2,5
6787,ZFIN:ZDB-GENE-070912-106,ORTH,ftr30,5
6788,ENSEMBL:ENSMMUG00000012723,ORTH,ENSEMBL:ENSMMUG00000012723,5
6789,MP:0005090,DISO,increased double-negative T cell number,1
6790,ENSEMBL:ENSMODG00000024868,ORTH,ENSEMBL:ENSMODG00000024868,5
6791,ENSEMBL:ENSMODG00000011614,ORTH,ENSEMBL:ENSMODG00000011614,5
6792,ZP:0000360,DISO,"heart linear, abnormal",1
6793,HP:0011190,DISO,Uni- and bilateral multifocal epileptiform discharges,1
6794,WBPhenotype:0002212,DISO,amphid neuron dye filling defect,1
6795,ENSEMBL:ENSSSCG00000012022,ORTH,APP,5
6796,ENSEMBL:ENSPTRG00000023062,ORTH,ENSEMBL:ENSPTRG00000023062,5
6797,MP:0000913,DISO,abnormal brain development,1
6798,ENSEMBL:ENSMODG00000016067,ORTH,ENSEMBL:ENSMODG00000016067,5
6799,HGNC:12692,GENE,VIM,3
6800,Xenbase:XB-GENE-1216189,ORTH,sp8,5
6801,ENSEMBL:ENSGALG00000005517,ORTH,KIF9,5
6802,FlyBase:FBgn0037481,ORTH,MAGE,5
6803,ENSEMBL:ENSCAFG00000000010,ORTH,CTDP1,5
6804,ZP:0008443,DISO,"detection of mechanical stimulus involved in sensory perception of sound decreased process quality, abnormal",1
6805,HGNC:4851,GENE,HTT,3
6806,WormBase:WBGene00007462,ORTH,ctsa-3.2,5
6807,ENSEMBL:ENSMODG00000009657,ORTH,ENSEMBL:ENSMODG00000009657,5
6808,ZP:0008073,DISO,"M band skeletal muscle cell disorganized, abnormal",1
6809,FlyBase:FBgn0015790,ORTH,Rab11,5
6810,RGD:628849,ORTH,Ostf1,5
6811,MP:0009114,DISO,decreased pancreatic beta cell mass,1
6812,ZP:0018468,DISO,"axon peripheral neuron morphology, abnormal",1
6813,ENSEMBL:ENSPTRG00000047275,ORTH,ENSEMBL:ENSPTRG00000047275,5
6814,HP:0002315,DISO,Headache,1
6815,MP:0009581,DISO,decreased keratinocyte apoptosis,1
6816,ENSEMBL:ENSFCAG00000046228,ORTH,ENSEMBL:ENSFCAG00000046228,5
6817,FlyBase:FBgn0086558,ORTH,Ubi-p5E,5
6818,HP:0008419,DISO,Intervertebral disc degeneration,1
6819,ENSEMBL:ENSSSCG00000014016,ORTH,SQSTM1,5
6820,dictyBase:DDB_G0279305,GENO,rsmJ,4
6821,RGD:71048,ORTH,Ap2b1,5
6822,ZP:0002074,DISO,"optic tectum morphology, abnormal",1
6823,ENSEMBL:ENSFCAG00000008759,ORTH,ENSEMBL:ENSFCAG00000008759,5
6824,HGNC:11571,GENE,TARDBP,3
6825,MP:0009623,DISO,enlarged inguinal lymph nodes,1
6826,ENSEMBL:ENSFCAG00000000814,ORTH,ENSEMBL:ENSFCAG00000000814,5
6827,ENSEMBL:ENSACAG00000007271,ORTH,ENSEMBL:ENSACAG00000007271,5
6828,ZP:0001145,DISO,"post-vent region kinked, abnormal",1
6829,dictyBase:DDB_G0286013,GENO,repE,4
6830,ENSEMBL:ENSCAFG00000011993,ORTH,RNF31,5
6831,ZFIN:ZDB-GENE-030131-2140,ORTH,setd2,5
6832,ZP:0000539,DISO,"cardiac muscle cell atrial myocardium decreased mass density, abnormal",1
6833,WBPhenotype:0000116,DISO,mid larval lethal,1
6834,RGD:1596413,ORTH,Hspb11,5
6835,MP:0001074,DISO,abnormal vagus nerve morphology,1
6836,ENSEMBL:ENSOANG00000049167,ORTH,ENSEMBL:ENSOANG00000049167,5
6837,HP:0000021,DISO,Megacystis,1
6838,ENSEMBL:ENSOANG00000011034,ORTH,ENSEMBL:ENSOANG00000011034,5
6839,WBPhenotype:0001162,DISO,pronuclear number defective early emb,1
6840,NCBIGene:548377,GENE,cyp2c37,3
6841,ENSEMBL:ENSCAFG00000009240,ORTH,VIRMA,5
6842,RGD:1309504,ORTH,Actbl2,5
6843,MP:0010739,DISO,abnormal axolemma morphology,1
6844,ENSEMBL:ENSECAG00000024841,ORTH,ENSEMBL:ENSECAG00000024841,5
6845,ENSEMBL:ENSACAG00000014919,ORTH,ENSEMBL:ENSACAG00000014919,5
6846,MGI:1261864,ORTH,Wipi1,5
6847,ZP:0000345,DISO,"photoreceptor cell epiphysis increased amount, abnormal",1
6848,HP:0000278,DISO,Retrognathia,1
6849,MGI:1349409,ORTH,Cops3,5
6850,ZP:0008040,DISO,"Z disc cardiac muscle cell broken, abnormal",1
6851,HP:0002515,DISO,Waddling gait,1
6852,WBPhenotype:0000227,DISO,male turning defective,1
6853,WBPhenotype:0000905,DISO,neuron morphology variant,1
6854,ENSEMBL:ENSSSCG00000015212,ORTH,FEZ1,5
6855,ZP:0106673,DISO,"granulocyte blood island decreased amount, abnormal",1
6856,MP:0009545,DISO,abnormal dermis papillary layer morphology,1
6857,ENSEMBL:ENSMODG00000006820,ORTH,ENSEMBL:ENSMODG00000006820,5
6858,HP:0410043,DISO,Abnormal neural tube morphology,1
6859,ENSEMBL:ENSCAFG00000005526,ORTH,IKBKB,5
6860,MONARCH:APO_0000046APO_0000002,GENO,silencing:abnormal,4
6861,MP:0005078,DISO,abnormal cytotoxic T cell physiology,1
6862,MP:0004985,DISO,decreased osteoclast cell number,1
6863,ENSEMBL:ENSFCAG00000028168,ORTH,ENSEMBL:ENSFCAG00000028168,5
6864,ENSEMBL:ENSBTAG00000023169,ORTH,NINL,5
6865,MP:0004410,DISO,absent endocochlear potential,1
6866,EnsemblGenome:AT5G11180,ORTH,EnsemblGenome:AT5G11180,5
6867,SGD:S000000688,ORTH,MSH3,5
6868,Coriell:GM02173,GENO,NIGMS-GM02173,4
6869,RGD:3043,ORTH,Map1b,5
6870,ENSEMBL:ENSCAFG00000014620,ORTH,ENSEMBL:ENSCAFG00000014620,5
6871,PomBase:SPAC26A3.16,GENO,dsk2,4
6872,ENSEMBL:ENSECAG00000019077,ORTH,ENSEMBL:ENSECAG00000019077,5
6873,MP:0002024,DISO,increased T cell derived lymphoma incidence,1
6874,MP:0009657,DISO,failure of chorioallantoic fusion,1
6875,ENSEMBL:ENSACAG00000011776,ORTH,ENSEMBL:ENSACAG00000011776,5
6876,MP:0000603,DISO,pale liver,1
6877,MONARCH:APO_0000105APO_0000005,GENO,mitochondrial genome maintenance:absent,4
6878,MP:0001666,DISO,abnormal intestinal absorption,1
6879,WormBase:WBGene00022855,ORTH,tcer-1,5
6880,FlyBase:FBgn0037384,ORTH,dgrn,5
6881,HGNC:9281,GENE,PPP1CA,3
6882,MGI:95957,ORTH,H2-T23,5
6883,ENSEMBL:ENSMMUG00000022768,ORTH,ENSEMBL:ENSMMUG00000022768,5
6884,ENSEMBL:ENSGALG00000006462,ORTH,ENSEMBL:ENSGALG00000006462,5
6885,ENSEMBL:ENSGALG00000002802,ORTH,PACSIN1,5
6886,ENSEMBL:ENSECAG00000037934,ORTH,ENSEMBL:ENSECAG00000037934,5
6887,PomBase:SPBC1734.11,GENO,mas5,4
6888,HGNC:3547,GENE,F8A1,3
6889,MP:0000203,DISO,abnormal circulating aspartate transaminase level,1
6890,ENSEMBL:ENSMODG00000009994,ORTH,ENSEMBL:ENSMODG00000009994,5
6891,ZP:0004084,DISO,"cilium otic vesicle decreased amount, abnormal",1
6892,dictyBase:DDB_G0283857,GENO,lig3,4
6893,MP:0004956,DISO,decreased thymus weight,1
6894,FlyBase:FBgn0038145,ORTH,Droj2,5
6895,ENSEMBL:ENSSSCG00000027257,ORTH,ENSEMBL:ENSSSCG00000027257,5
6896,NCBIGene:100488610,GENE,LOC100488610,3
6897,ZP:0005495,DISO,"atrium decreased contractility, abnormal",1
6898,ZP:0106465,DISO,"primordial germ cell decreased process quality microtubule organizing center organization, abnormal",1
6899,MONARCH:APO_0000317APO_0000004,GENO,replicative lifespan:increased,4
6900,ZP:0106467,DISO,"primordial germ cell decreased rate cell division, abnormal",1
6901,dictyBase:DDB_G0270336,GENO,DDB0190979,4
6902,HP:0002650,DISO,Scoliosis,1
6903,MGI:1914164,ORTH,Vps28,5
6904,ENSEMBL:ENSBTAG00000012002,ORTH,BCAR1,5
6905,MP:0004505,DISO,decreased renal glomerulus number,1
6906,MONARCH:APO_0000030APO_0000004,GENO,lifespan:increased,4
6907,ENSEMBL:ENSPTRG00000011901,ORTH,ENSEMBL:ENSPTRG00000011901,5
6908,HGNC:5527,GENE,IGHG3,3
6909,WBPhenotype:0001374,DISO,pronuclear nuclear appearance variant emb,1
6910,PomBase:SPBC17D11.07c,GENO,rpn2,4
6911,MP:0003869,DISO,ectopic cartilage,1
6912,HGNC:5241,GENE,HSPA8,3
6913,ZP:0008523,DISO,"locomotory behavior process quality, abnormal",1
6914,ENSEMBL:ENSMMUG00000011532,ORTH,ENSEMBL:ENSMMUG00000011532,5
6915,MP:0001786,DISO,skin edema,1
6916,RGD:619866,ORTH,Dynll1,5
6917,SGD:S000006356,ORTH,URN1,5
6918,ENSEMBL:ENSCAFG00000000842,ORTH,RNASET2,5
6919,Coriell:GM04766,GENO,NIGMS-GM04766,4
6920,MP:0006305,DISO,abnormal optic eminence morphology,1
6921,FBcv:0000402,DISO,abnormal song,1
6922,ENSEMBL:ENSMMUG00000003193,ORTH,ENSEMBL:ENSMMUG00000003193,5
6923,WormBase:WBGene00010038,ORTH,rheb-1,5
6924,HP:0001597,DISO,Abnormality of the nail,1
6925,ENSEMBL:ENSCAFG00000045102,ORTH,A0A5F4DIN2,5
6926,ENSEMBL:ENSPTRG00000033948,ORTH,ENSEMBL:ENSPTRG00000033948,5
6927,ENSEMBL:ENSMMUG00000006048,ORTH,ENSEMBL:ENSMMUG00000006048,5
6928,ZP:0000160,DISO,"whole organism wholly dorsalized, abnormal",1
6929,MP:0003544,DISO,abnormal vascular endothelial cell migration,1
6930,ENSEMBL:ENSSSCG00000001880,ORTH,ENSEMBL:ENSSSCG00000001880,5
6931,dictyBase:DDB_G0293674,GENO,DDB_G0293674,4
6932,SGD:S000001609,ORTH,YPK1,5
6933,ENSEMBL:ENSFCAG00000014297,ORTH,ENSEMBL:ENSFCAG00000014297,5
6934,HGNC:18178,GENE,VPS28,3
6935,MP:0001077,DISO,abnormal spinal nerve morphology,1
6936,MGI:109353,ORTH,Ufd1,5
6937,MP:0003224,DISO,neuron degeneration,1
6938,WBPhenotype:0001765,DISO,carbon dioxide avoidance variant,1
6939,ClinVarVariant:31915,VARI,NM_002111.8(HTT):c.52CAG[(27_35)] (p.Gln18_Gln38delinsGlnGlnGlnGlnGlnGlnGlnGlnGlnGlnGlnGlnGlnGlnGlnGlnGlnGlnGlnGlnGlnGlnGlnGlnGlnGlnGln),7
6940,HP:0000987,DISO,Atypical scarring of skin,1
6941,ENSEMBL:ENSCAFG00000001341,ORTH,A0A5F4CU32,5
6942,ENSEMBL:ENSOANG00000013220,ORTH,ENSEMBL:ENSOANG00000013220,5
6943,ENSEMBL:ENSOANG00000044768,ORTH,ENSEMBL:ENSOANG00000044768,5
6944,ENSEMBL:ENSSSCG00000027746,ORTH,ENSEMBL:ENSSSCG00000027746,5
6945,MP:0008544,DISO,impaired olfaction,1
6946,HGNC:3065,GENE,DUSP10,3
6947,MP:0001529,DISO,abnormal vocalization,1
6948,MP:0003725,DISO,increased autoantibody level,1
6949,ENSEMBL:ENSOANG00000039108,ORTH,ENSEMBL:ENSOANG00000039108,5
6950,ENSEMBL:ENSGALG00000014408,ORTH,LLGL1,5
6951,HGNC:4298,GENE,GLB1,3
6952,HP:0001156,DISO,Brachydactyly,1
6953,WBPhenotype:0000892,DISO,hermaphrodite germline proliferation variant,1
6954,ENSEMBL:ENSMODG00000008382,ORTH,ENSEMBL:ENSMODG00000008382,5
6955,MONARCH:APO_0000077APO_0000002,GENO,nuclear transport:abnormal,4
6956,ENSEMBL:ENSGALG00000020999,ORTH,ENSEMBL:ENSGALG00000020999,5
6957,ZP:0017556,DISO,"mandibular arch skeleton agenesis, abnormal",1
6958,ENSEMBL:ENSBTAG00000017825,ORTH,ENSEMBL:ENSBTAG00000017825,5
6959,ENSEMBL:ENSMODG00000015157,ORTH,ENSEMBL:ENSMODG00000015157,5
6960,MP:0001501,DISO,abnormal sleep pattern,1
6961,ZP:0020456,DISO,"ceratobranchial 5 tooth hypoplastic, abnormal",1
6962,HP:0000378,DISO,Cupped ear,1
6963,MP:0011951,DISO,increased cardiac stroke volume,1
6964,ENSEMBL:ENSPTRG00000010021,ORTH,ENSEMBL:ENSPTRG00000010021,5
6965,HGNC:1974,GENE,CHUK,3
6966,MP:0001247,DISO,dermal cyst,1
6967,ZP:0000581,DISO,"cranium edematous, abnormal",1
6968,MGI:103071,ORTH,Rangap1,5
6969,ZFIN:ZDB-GENE-110405-1,ORTH,hsp70.2,5
6970,HP:0001290,DISO,Generalized hypotonia,1
6971,ENSEMBL:ENSGALG00000047025,ORTH,A0A1D5PGC3,5
6972,SGD:S000006258,ORTH,SMK1,5
6973,ZP:0003688,DISO,"oligodendrocyte decreased amount, abnormal",1
6974,HP:0001324,DISO,Muscle weakness,1
6975,PomBase:SPAC4D7.05,GENO,sum1,4
6976,EnsemblGenome:AT4G21980,ORTH,EnsemblGenome:AT4G21980,5
6977,MP:0003203,DISO,increased neuron apoptosis,1
6978,ENSEMBL:ENSECAG00000016963,ORTH,ENSEMBL:ENSECAG00000016963,5
6979,HP:0003325,DISO,Limb-girdle muscle weakness,1
6980,ENSEMBL:ENSBTAG00000006268,ORTH,ENSEMBL:ENSBTAG00000006268,5
6981,FBcv:0000380,DISO,non-enhancer of variegation,1
6982,ENSEMBL:ENSFCAG00000044001,ORTH,ENSEMBL:ENSFCAG00000044001,5
6983,RGD:2018,ORTH,Acly,5
6984,ENSEMBL:ENSSSCG00000016649,ORTH,F1SJA8,5
6985,ENSEMBL:ENSPTRG00000052392,ORTH,ENSEMBL:ENSPTRG00000052392,5
6986,ENSEMBL:ENSACAG00000012875,ORTH,ENSEMBL:ENSACAG00000012875,5
6987,EnsemblGenome:AT1G10450,ORTH,EnsemblGenome:AT1G10450,5
6988,ZP:0008619,DISO,"nucleus retina mislocalised, abnormal",1
6989,WBPhenotype:0000353,DISO,backing increased,1
6990,MGI:97441,ORTH,Oprm1,5
6991,WormBase:WBGene00019225,ORTH,bgal-2,5
6992,HP:0045005,DISO,Neural tube defect,1
6993,ZP:0001576,DISO,"primordial germ cell mislocalised, abnormal",1
6994,MP:0004029,DISO,spontaneous chromosome breakage,1
6995,ZP:0000043,DISO,"eye decreased size, abnormal",1
6996,ZFIN:ZDB-GENE-010502-1,ORTH,hmga1a,5
6997,ENSEMBL:ENSGALG00000008898,ORTH,ENSEMBL:ENSGALG00000008898,5
6998,ENSEMBL:ENSOANG00000047629,ORTH,ENSEMBL:ENSOANG00000047629,5
6999,ENSEMBL:ENSFCAG00000030808,ORTH,ENSEMBL:ENSFCAG00000030808,5
7000,ENSEMBL:ENSCAFG00000005788,ORTH,ENSEMBL:ENSCAFG00000005788,5
7001,ENSEMBL:ENSMODG00000005299,ORTH,ENSEMBL:ENSMODG00000005299,5
7002,UBERON:0000081,ANAT,metanephros,0
7003,ENSEMBL:ENSMMUG00000013717,ORTH,ENSEMBL:ENSMMUG00000013717,5
7004,WormBase:WBGene00015264,ORTH,B0563.7,5
7005,MP:0013220,DISO,increased pancreas apoptosis,1
7006,HGNC:7993,GENE,NRBP1,3
7007,HGNC:4812,GENE,HAP1,3
7008,Coriell:GM04847,GENO,NIGMS-GM04847,4
7009,OMIM:613004.0005,DISO,"HTT, PHE2719LEU",1
7010,ZP:0003572,DISO,"heart contraction decreased occurrence, abnormal",1
7011,RGD:1306902,ORTH,Psmd7,5
7012,ENSEMBL:ENSECAG00000009251,ORTH,ENSEMBL:ENSECAG00000009251,5
7013,WormBase:WBGene00018846,ORTH,eef-1B.1,5
7014,FlyBase:FBgn0034646,ORTH,Rae1,5
7015,ZP:0004124,DISO,"exocrine pancreas degenerate, abnormal",1
7016,WBPhenotype:0001952,DISO,germline nuclear positioning variant,1
7017,ENSEMBL:ENSECAG00000020128,ORTH,ENSEMBL:ENSECAG00000020128,5
7018,PomBase:SPBC119.05c,GENO,lsb1,4
7019,ZP:0001207,DISO,"cardiac ventricle increased size, abnormal",1
7020,WBPhenotype:0000504,DISO,nuclear division variant,1
7021,SGD:S000001618,ORTH,APL2,5
7022,ZP:0003300,DISO,"Meckel's cartilage shortened, abnormal",1
7023,HP:0012154,DISO,Anhedonia,1
7024,ENSEMBL:ENSFCAG00000006019,ORTH,ENSEMBL:ENSFCAG00000006019,5
7025,ENSEMBL:ENSGALG00000039533,ORTH,ENSEMBL:ENSGALG00000039533,5
7026,MP:0008577,DISO,increased circulating interferon-gamma level,1
7027,ENSEMBL:ENSMODG00000028702,ORTH,ENSEMBL:ENSMODG00000028702,5
7028,ENSEMBL:ENSPTRG00000014726,ORTH,ENSEMBL:ENSPTRG00000014726,5
7029,ZP:0002071,DISO,"lens fiber cell differentiation disrupted, abnormal",1
7030,Coriell:GM03790,GENO,NIGMS-GM03790,4
7031,WBPhenotype:0000026,DISO,lipid depleted,1
7032,WormBase:WBGene00012735,ORTH,sptf-3,5
7033,ENSEMBL:ENSMMUG00000020342,ORTH,ENSEMBL:ENSMMUG00000020342,5
7034,ZP:0001254,DISO,"trunk curved dorsal, abnormal",1
7035,Xenbase:XB-GENE-973762,ORTH,dcaf7,5
7036,ENSEMBL:ENSMODG00000013364,ORTH,ENSEMBL:ENSMODG00000013364,5
7037,FBcv:0000353,DISO,cell lethal,1
7038,FlyBase:FBgn0265784,ORTH,CrebB,5
7039,RGD:1311342,ORTH,Cdc26,5
7040,HP:0030078,DISO,Lung adenocarcinoma,1
7041,ENSEMBL:ENSCAFG00000016728,ORTH,PSMA4,5
7042,MP:0004875,DISO,increased mean systemic arterial blood pressure,1
7043,ZP:0008031,DISO,"ventricular myocardium decreased occurrence cardiac chamber ballooning, abnormal",1
7044,HP:0002063,DISO,Rigidity,1
7045,MP:0012674,DISO,tomacula,1
7046,PomBase:SPAC29A4.05,GENO,cam2,4
7047,ENSEMBL:ENSMMUG00000012474,ORTH,ENSEMBL:ENSMMUG00000012474,5
7048,ENSEMBL:ENSSSCG00000027100,ORTH,ENSEMBL:ENSSSCG00000027100,5
7049,PomBase:SPBC354.12,GENO,gpd3,4
7050,ENSEMBL:ENSMMUG00000058345,ORTH,ENSEMBL:ENSMMUG00000058345,5
7051,WormBase:WBGene00004823,ORTH,skr-17,5
7052,RGD:1309457,ORTH,Med31,5
7053,ENSEMBL:ENSFCAG00000012038,ORTH,ENSEMBL:ENSFCAG00000012038,5
7054,ENSEMBL:ENSCAFG00000013544,ORTH,ENSEMBL:ENSCAFG00000013544,5
7055,MONARCH:APO_0000225APO_0000003,GENO,mitotic recombination:decreased,4
7056,MP:0013292,DISO,embryonic lethality prior to organogenesis,1
7057,dictyBase:DDB_G0289881,GENO,atg5,4
7058,ZP:0138051,DISO,"swimming increased linear velocity, abnormal",1
7059,GO:0002039,PHYS,p53 binding,6
7060,RGD:3529,ORTH,Rab4a,5
7061,MP:0005134,DISO,decreased thyroid-stimulating hormone level,1
7062,ZP:0015031,DISO,"branchiostegal ray decreased amount, abnormal",1
7063,MP:0000978,DISO,hyperinnervation of hair-tylotrich cells,1
7064,ENSEMBL:ENSSSCG00000009140,ORTH,CASP6,5
7065,ENSEMBL:ENSFCAG00000031909,ORTH,ENSEMBL:ENSFCAG00000031909,5
7066,HP:0030301,DISO,Abnormality of the anterior commissure,1
7067,MP:0000628,DISO,abnormal mammary gland development,1
7068,Coriell:GM05608,GENO,NIGMS-GM05608,4
7069,MP:0001522,DISO,impaired swimming,1
7070,ENSEMBL:ENSCAFG00000031831,ORTH,ENSEMBL:ENSCAFG00000031831,5
7071,ENSEMBL:ENSSSCG00000028007,ORTH,ENSEMBL:ENSSSCG00000028007,5
7072,MGI:97748,ORTH,Ctsa,5
7073,MGI:5432147,ORTH,Tg(YAC128)55Hay,5
7074,Xenbase:XB-GENE-958256,ORTH,sh3gl3,5
7075,ENSEMBL:ENSXETG00000033941,ORTH,eral1,5
7076,ENSEMBL:ENSOANG00000005892,ORTH,ENSEMBL:ENSOANG00000005892,5
7077,MONARCH:APO_0000089APO_0000004,GENO,budding index:increased,4
7078,ZP:0005095,DISO,"somite lacks parts or has fewer parts of type fast muscle cell, abnormal",1
7079,ENSEMBL:ENSOANG00000014708,ORTH,ENSEMBL:ENSOANG00000014708,5
7080,MP:0006055,DISO,abnormal vascular endothelial cell morphology,1
7081,ZP:0006750,DISO,"adherens junction blood vessel endothelium decreased object quality, abnormal",1
7082,MP:0001828,DISO,abnormal T cell activation,1
7083,HP:0030769,DISO,Exencephaly,1
7084,FBcv:0002002,DISO,lethal - all die before end of larval stage,1
7085,ENSEMBL:ENSCAFG00000001100,ORTH,EFR3A,5
7086,HP:0002143,DISO,Abnormality of the spinal cord,1
7087,HP:0000967,DISO,Petechiae,1
7088,FBcv:0000450,DISO,abnormal developmental rate,1
7089,MONARCH:APO_0000074APO_0000003,GENO,autophagy:decreased,4
7090,ZP:0020459,DISO,"pharyngeal arch 1 decreased occurrence cell population proliferation, abnormal",1
7091,ZP:0103127,DISO,"atrium increased area, abnormal",1
7092,ENSEMBL:ENSECAG00000026833,ORTH,ENSEMBL:ENSECAG00000026833,5
7093,MP:0008232,DISO,abnormal cingulum morphology,1
7094,Coriell:GM05536,GENO,NIGMS-GM05536,4
7095,ENSEMBL:ENSFCAG00000024992,ORTH,ENSEMBL:ENSFCAG00000024992,5
7096,HP:0012311,DISO,Monocytosis,1
7097,HP:0010791,DISO,Hyperplasia of the Leydig cells,1
7098,ENSEMBL:ENSMMUG00000001509,ORTH,ENSEMBL:ENSMMUG00000001509,5
7099,ENSEMBL:ENSMODG00000005185,ORTH,ENSEMBL:ENSMODG00000005185,5
7100,ENSEMBL:ENSFCAG00000029683,ORTH,ENSEMBL:ENSFCAG00000029683,5
7101,MP:0002910,DISO,abnormal excitatory postsynaptic currents,1
7102,ENSEMBL:ENSCAFG00000009759,ORTH,ENSEMBL:ENSCAFG00000009759,5
7103,MGI:2675580,ORTH,Htt<tm1Mfc>,5
7104,MP:0002655,DISO,abnormal keratinocyte morphology,1
7105,WormBase:WBGene00000407,ORTH,cdk-5,5
7106,MP:0004896,DISO,abnormal endometrium morphology,1
7107,ENSEMBL:ENSECAG00000015098,ORTH,ENSEMBL:ENSECAG00000015098,5
7108,ENSEMBL:ENSPTRG00000040882,ORTH,ENSEMBL:ENSPTRG00000040882,5
7109,EFO:1002040,GENO,Corneal astigmatism,4
7110,SGD:S000003181,ORTH,SKI8,5
7111,ENSEMBL:ENSECAG00000012315,ORTH,ENSEMBL:ENSECAG00000012315,5
7112,ENSEMBL:ENSFCAG00000013144,ORTH,ENSEMBL:ENSFCAG00000013144,5
7113,MP:0011409,DISO,increased renal glomerulus basement membrane thickness,1
7114,FlyBase:FBgn0036057,ORTH,Hez,5
7115,FlyBase:FBgn0028474,ORTH,CG4119,5
7116,GO:0005783,PHYS,endoplasmic reticulum,6
7117,Xenbase:XB-GENE-5719290,ORTH,med21,5
7118,ENSEMBL:ENSOANG00000002226,ORTH,ENSEMBL:ENSOANG00000002226,5
7119,HP:0410004,DISO,obsolete Cleft secondary palate,1
7120,ENSEMBL:ENSPTRG00000003106,ORTH,ENSEMBL:ENSPTRG00000003106,5
7121,MONARCH:APO_0000041APO_0000117,GENO,sporulation:normal,4
7122,WormBase:WBGene00009878,ORTH,F49C12.9,5
7123,APO:0000152,DISO,haploinsufficient,1
7124,WBPhenotype:0001764,DISO,carbon dioxide response variant,1
7125,RGD:631427,ORTH,Cryl1,5
7126,Xenbase:XB-GENE-989959,ORTH,psmd1,5
7127,dictyBase:DDB_G0272797,GENO,DDB_G0272797,4
7128,ENSEMBL:ENSCAFG00000005661,ORTH,ENSEMBL:ENSCAFG00000005661,5
7129,ENSEMBL:ENSFCAG00000010239,ORTH,ENSEMBL:ENSFCAG00000010239,5
7130,ENSEMBL:ENSMMUG00000005091,ORTH,ENSEMBL:ENSMMUG00000005091,5
7131,ENSEMBL:ENSECAG00000011424,ORTH,ENSEMBL:ENSECAG00000011424,5
7132,SGD:S000005713,ORTH,TUF1,5
7133,ZFIN:ZDB-GENE-090507-4,ORTH,tuba1a,5
7134,MP:0002359,DISO,abnormal spleen germinal center morphology,1
7135,ENSEMBL:ENSCAFG00000009691,ORTH,AP2A2,5
7136,ZP:0101699,DISO,"vascular associated smooth muscle cell dorsal aorta decreased amount, abnormal",1
7137,ENSEMBL:ENSFCAG00000014042,ORTH,ENSEMBL:ENSFCAG00000014042,5
7138,ENSEMBL:ENSSSCG00000033303,ORTH,MBD4,5
7139,MONARCH:APO_0000253APO_0000005,GENO,cell cycle progression:absent,4
7140,HP:0002123,DISO,Generalized myoclonic seizure,1
7141,ENSEMBL:ENSMMUG00000006804,ORTH,ENSEMBL:ENSMMUG00000006804,5
7142,ZP:0000356,DISO,"eye absent, abnormal",1
7143,ENSEMBL:ENSMODG00000015064,ORTH,ENSEMBL:ENSMODG00000015064,5
7144,RGD:3046,ORTH,Mapk3,5
7145,MONARCH:APO_0000143APO_0000003,GENO,chromosome/plasmid maintenance:decreased,4
7146,EFO:0010701,GENO,mean reticulocyte volume,4
7147,SGD:S000000912,ORTH,KAP123,5
7148,ENSEMBL:ENSPTRG00000020178,ORTH,ENSEMBL:ENSPTRG00000020178,5
7149,ZP:0020457,DISO,"rRNA transcription disrupted, abnormal",1
7150,WBPhenotype:0002213,DISO,kinase activity reduced,1
7151,Xenbase:XB-GENE-973592,ORTH,cops7b,5
7152,MP:0004889,DISO,increased energy expenditure,1
7153,EFO:0004587,GENO,lymphocyte count,4
7154,MP:0004247,DISO,small pancreas,1
7155,ENSEMBL:ENSMODG00000012113,ORTH,ENSEMBL:ENSMODG00000012113,5
7156,WormBase:WBGene00007702,ORTH,C24H11.5,5
7157,HGNC:24500,GENE,VIRMA,3
7158,ZP:0006341,DISO,"pronephric duct decreased thickness, abnormal",1
7159,ENSEMBL:ENSECAG00000023721,ORTH,ENSEMBL:ENSECAG00000023721,5
7160,FlyBase:FBgn0000319,ORTH,Chc,5
7161,MP:0003141,DISO,cardiac fibrosis,1
7162,Coriell:GM01085,GENO,NIGMS-GM01085,4
7163,RGD:621081,ORTH,Tgm2,5
7164,ENSEMBL:ENSGALG00000037261,ORTH,RFXANK,5
7165,ENSEMBL:ENSFCAG00000026439,ORTH,ENSEMBL:ENSFCAG00000026439,5
7166,WBPhenotype:0002462,DISO,pathogen adherence increased,1
7167,FlyBase:FBgn0032782,ORTH,Rab9,5
7168,FBcv:0002006,DISO,lethal - all die during first instar larval stage,1
7169,ENSEMBL:ENSOANG00000001317,ORTH,ENSEMBL:ENSOANG00000001317,5
7170,ENSEMBL:ENSMMUG00000022151,ORTH,ENSEMBL:ENSMMUG00000022151,5
7171,MGI:2158813,ORTH,Sumo2,5
7172,ENSEMBL:ENSECAG00000003931,ORTH,ENSEMBL:ENSECAG00000003931,5
7173,ENSEMBL:ENSBTAG00000034529,ORTH,HMGA1,5
7174,WBPhenotype:0000576,DISO,organism physiology phenotype,1
7175,ENSEMBL:ENSFCAG00000004051,ORTH,ENSEMBL:ENSFCAG00000004051,5
7176,EnsemblGenome:AT3G21280,ORTH,EnsemblGenome:AT3G21280,5
7177,HGNC:10697,GENE,SEC13,3
7178,ENSEMBL:ENSGALG00000035701,ORTH,ENSEMBL:ENSGALG00000035701,5
7179,FlyBase:FBgn0029629,ORTH,eIF3g1,5
7180,MGI:1355296,ORTH,Prkn,5
7181,ENSEMBL:ENSMMUG00000014166,ORTH,ENSEMBL:ENSMMUG00000014166,5
7182,MGI:1928898,ORTH,Usp14,5
7183,ENSEMBL:ENSCAFG00000015834,ORTH,ENSEMBL:ENSCAFG00000015834,5
7184,MONARCH:APO_0000199APO_0000117,GENO,chitin deposition:normal,4
7185,ZP:0018638,DISO,"cell decreased process quality autophagosome assembly, abnormal",1
7186,ENSEMBL:ENSECAG00000006078,ORTH,ENSEMBL:ENSECAG00000006078,5
7187,ENSEMBL:ENSPTRG00000052483,ORTH,ENSEMBL:ENSPTRG00000052483,5
7188,ZP:0019197,DISO,"spinal cord increased occurrence apoptotic process, abnormal",1
7189,ENSEMBL:ENSACAG00000012594,ORTH,ENSEMBL:ENSACAG00000012594,5
7190,PomBase:SPAC17G8.14c,GENO,pck1,4
7191,MP:0004499,DISO,increased incidence of tumors by chemical induction,1
7192,HGNC:3272,GENE,EIF3I,3
7193,HP:0002384,DISO,Focal impaired awareness seizure,1
7194,ENSEMBL:ENSECAG00000003103,ORTH,ENSEMBL:ENSECAG00000003103,5
7195,RGD:1565494,ORTH,Magea9,5
7196,ENSEMBL:ENSGALG00000035487,ORTH,ENSEMBL:ENSGALG00000035487,5
7197,HP:0009125,DISO,Lipodystrophy,1
7198,ENSEMBL:ENSACAG00000002265,ORTH,ENSEMBL:ENSACAG00000002265,5
7199,EnsemblGenome:BAA15728,ORTH,EnsemblGenome:BAA15728,5
7200,Coriell:GM04887,GENO,NIGMS-GM04887,4
7201,HP:0001876,DISO,Pancytopenia,1
7202,ENSEMBL:ENSCAFG00000000360,ORTH,SQSTM1,5
7203,Xenbase:XB-GENE-478689,ORTH,bag6,5
7204,ZP:0014806,DISO,"neuromuscular process controlling balance process quality, abnormal",1
7205,GO:0005829,PHYS,cytosol,6
7206,ENSEMBL:ENSMODG00000023487,ORTH,ENSEMBL:ENSMODG00000023487,5
7207,ENSEMBL:ENSSSCG00000023204,ORTH,AXIN1,5
7208,Coriell:GM06601,GENO,NIGMS-GM06601,4
7209,MGI:1920188,ORTH,Hspb11,5
7210,HP:0001256,DISO,"Intellectual disability, mild",1
7211,WormBase:WBGene00003902,ORTH,pab-1,5
7212,RGD:1598231,ORTH,RT1-CE3,5
7213,ENSEMBL:ENSSSCG00000006100,ORTH,VIRMA,5
7214,dbSNP:rs4720024,GENO,rs4720024-?,4
7215,MP:0001967,DISO,deafness,1
7216,WBPhenotype:0000342,DISO,bursa morphology variant,1
7217,MP:0004023,DISO,abnormal chromosome number,1
7218,HGNC:9323,GENE,PPP6C,3
7219,FlyBase:FBgn0042712,ORTH,HBS1,5
7220,ENSEMBL:ENSFCAG00000022323,ORTH,ENSEMBL:ENSFCAG00000022323,5
7221,WBPhenotype:0000365,DISO,embryo osmotic integrity defective early emb,1
7222,HP:0002179,DISO,Opisthotonus,1
7223,WormBase:WBGene00007922,ORTH,pph-6,5
7224,UBERON:0001013,ANAT,adipose tissue,0
7225,ZP:0019509,DISO,"axon peripheral neuron absent, abnormal",1
7226,ENSEMBL:ENSPTRG00000000522,ORTH,ENSEMBL:ENSPTRG00000000522,5
7227,MP:0009709,DISO,hydrometra,1
7228,ENSEMBL:ENSPTRG00000009241,ORTH,ENSEMBL:ENSPTRG00000009241,5
7229,ENSEMBL:ENSMODG00000003337,ORTH,ENSEMBL:ENSMODG00000003337,5
7230,HP:0004332,DISO,Abnormal lymphocyte morphology,1
7231,Xenbase:XB-GENE-489122,ORTH,actn2,5
7232,MONARCH:APO_0000046APO_0000005,GENO,silencing:absent,4
7233,ZFIN:ZDB-GENE-990415-27,ORTH,csnk2a1,5
7234,ENSEMBL:ENSECAG00000012417,ORTH,ENSEMBL:ENSECAG00000012417,5
7235,RGD:1359580,ORTH,Atg5,5
7236,MP:0003627,DISO,abnormal leukocyte tethering or rolling,1
7237,HP:0005479,DISO,Decreased circulating IgE,1
7238,WBPhenotype:0001575,DISO,ATP levels reduced,1
7239,MGI:96240,ORTH,Hspb1,5
7240,MP:0006301,DISO,abnormal mesenchyme morphology,1
7241,ENSEMBL:ENSMODG00000023241,ORTH,ENSEMBL:ENSMODG00000023241,5
7242,ZFIN:ZDB-GENE-050208-439,ORTH,crebbpa,5
7243,ENSEMBL:ENSOANG00000007717,ORTH,ENSEMBL:ENSOANG00000007717,5
7244,ZFIN:ZDB-GENE-090313-297,ORTH,si:dkey-27m7.4,5
7245,WBPhenotype:0002535,DISO,dye filling defect,1
7246,ENSEMBL:ENSBTAG00000048623,ORTH,ENSEMBL:ENSBTAG00000048623,5
7247,ZP:0002893,DISO,"apical protein localization disrupted, abnormal",1
7248,MGI:2444630,ORTH,Dmxl2,5
7249,ENSEMBL:ENSOANG00000044470,ORTH,ENSEMBL:ENSOANG00000044470,5
7250,MP:0010685,DISO,abnormal hair follicle inner root sheath morphology,1
7251,ENSEMBL:ENSACAG00000013226,ORTH,ENSEMBL:ENSACAG00000013226,5
7252,ZP:0009072,DISO,"neuronal cell body rhombomere 5 mislocalised, abnormal",1
7253,WBPhenotype:0001797,DISO,pachytene arrested germline nuclei,1
7254,ZP:0005918,DISO,"brain vasculature broken, abnormal",1
7255,WBPhenotype:0002292,DISO,body posture amplitude decreased,1
7256,MP:0012531,DISO,delayed limb development,1
7257,MP:0000934,DISO,abnormal telencephalon development,1
7258,RGD:61849,ORTH,Psma6,5
7259,FlyBase:FBgn0039374,ORTH,CG17770,5
7260,WBPhenotype:0001751,DISO,organism hypertonic lethality increased,1
7261,ENSEMBL:ENSMODG00000043207,ORTH,ENSEMBL:ENSMODG00000043207,5
7262,ENSEMBL:ENSECAG00000005451,ORTH,ENSEMBL:ENSECAG00000005451,5
7263,ZP:0006872,DISO,"ciliary marginal zone orientation spindle retinal pigmented epithelium, abnormal",1
7264,ZFIN:ZDB-GENE-060503-692,ORTH,si:ch211-234p6.5,5
7265,dictyBase:DDB_G0283679,GENO,psmB7,4
7266,ENSEMBL:ENSFCAG00000012293,ORTH,ENSEMBL:ENSFCAG00000012293,5
7267,dictyBase:DDB_G0285101,GENO,kif4,4
7268,ZP:0000819,DISO,"pharyngeal arch 2 decreased size, abnormal",1
7269,WBPhenotype:0001258,DISO,RNAi enhanced,1
7270,FBcv:0002034,DISO,majority die during pupal stage,1
7271,FBcv:0000438,DISO,electrophoretic variant,1
7272,ZP:0001342,DISO,"head aplastic, abnormal",1
7273,ENSEMBL:ENSOANG00000038541,ORTH,ENSEMBL:ENSOANG00000038541,5
7274,ZP:0106052,DISO,"myotome decreased occurrence neuromuscular junction development, abnormal",1
7275,WormBase:WBGene00001017,ORTH,dnc-1,5
7276,HP:0002797,DISO,Osteolysis,1
7277,ENSEMBL:ENSMODG00000022961,ORTH,ENSEMBL:ENSMODG00000022961,5
7278,ENSEMBL:ENSECAG00000014550,ORTH,ENSEMBL:ENSECAG00000014550,5
7279,ZP:0003839,DISO,"neuroblast (sensu Vertebrata) brain increased amount, abnormal",1
7280,MP:0013917,DISO,persistent right 6th pharyngeal arch artery,1
7281,dictyBase:DDB_G0286907,GENO,ubqD,4
7282,PomBase:SPCC1739.13,GENO,ssa2,4
7283,WormBase:WBGene00007704,ORTH,mdt-21,5
7284,MP:0008513,DISO,thin retinal inner plexiform layer,1
7285,ZP:0137435,DISO,"proximal side posterior segment eye irregularly shaped, abnormal",1
7286,WBPhenotype:0000016,DISO,aldicarb hypersensitive,1
7287,HP:0012499,DISO,Descending aortic dissection,1
7288,ENSEMBL:ENSOANG00000010076,ORTH,ENSEMBL:ENSOANG00000010076,5
7289,HP:0001259,DISO,Coma,1
7290,ZP:0103449,DISO,"breeding tubercle male organism decreased amount, abnormal",1
7291,ENSEMBL:ENSMMUG00000001645,ORTH,ENSEMBL:ENSMMUG00000001645,5
7292,RGD:621174,ORTH,Eef1d,5
7293,ENSEMBL:ENSFCAG00000041725,ORTH,ENSEMBL:ENSFCAG00000041725,5
7294,MP:0002718,DISO,abnormal inner cell mass morphology,1
7295,WBPhenotype:0002324,DISO,backward point velocity decreased,1
7296,ZFIN:ZDB-GENE-130206-11,ORTH,mhc1zja,5
7297,MGI:1333832,ORTH,Magea3,5
7298,WBPhenotype:0000083,DISO,L3 arrest,1
7299,ZP:0007592,DISO,"mitochondrial electron transport, NADH to ubiquinone decreased rate, abnormal",1
7300,HP:0000272,DISO,Malar flattening,1
7301,ENSEMBL:ENSMODG00000013732,ORTH,ENSEMBL:ENSMODG00000013732,5
7302,SGD:S000002584,ORTH,UBC1,5
7303,WBPhenotype:0001944,DISO,oocyte number decreased,1
7304,HGNC:9828,GENE,RAE1,3
7305,HP:0012285,DISO,Abnormal hypothalamus physiology,1
7306,ENSEMBL:ENSXETG00000009076,ORTH,kit,5
7307,ENSEMBL:ENSMMUG00000021380,ORTH,ENSEMBL:ENSMMUG00000021380,5
7308,dbSNPIndividual:16731,GENO,46;XX.arr(1-22;X)x2 [GM04723],4
7309,ENSEMBL:ENSSSCG00000008692,ORTH,ADD1,5
7310,dictyBase:DDB_G0292398,GENO,DDB0184358,4
7311,ZP:0137804,DISO,"cardiac muscle cell bulbus arteriosus increased amount, abnormal",1
7312,ENSEMBL:ENSCAFG00000016264,ORTH,ENSEMBL:ENSCAFG00000016264,5
7313,MP:0003060,DISO,increased aerobic running capacity,1
7314,MONARCH:APO_0000204APO_0000117,GENO,hyperosmotic stress resistance:normal,4
7315,MP:0012176,DISO,abnormal head development,1
7316,HP:0007141,DISO,Sensorimotor neuropathy,1
7317,HP:0012249,DISO,Abnormal ST segment,1
7318,ZFIN:ZDB-GENE-050522-205,ORTH,nefma,5
7319,WBPhenotype:0001435,DISO,ammonium chloride chemotaxis defective,1
7320,EnsemblGenome:AT1G80780,ORTH,EnsemblGenome:AT1G80780,5
7321,ENSEMBL:ENSGALG00000032287,ORTH,ENSEMBL:ENSGALG00000032287,5
7322,Xenbase:XB-GENE-1217661,ORTH,morc3,5
7323,ENSEMBL:ENSBTAG00000002564,ORTH,ENSEMBL:ENSBTAG00000002564,5
7324,ENSEMBL:ENSPTRG00000017375,ORTH,ENSEMBL:ENSPTRG00000017375,5
7325,EFO:0006939,GENO,cup-to-disc ratio measurement,4
7326,ZFIN:ZDB-GENE-060503-867,ORTH,hspa1b,5
7327,MP:0008713,DISO,abnormal cytokine level,1
7328,ZP:0000340,DISO,"embryonic eye morphogenesis disrupted, abnormal",1
7329,HP:0011423,DISO,Hyperchloremia,1
7330,RGD:620745,ORTH,Ubqln1,5
7331,MP:0008483,DISO,increased spleen germinal center size,1
7332,ZFIN:ZDB-GENE-030131-6959,ORTH,rapgef2,5
7333,FlyBase:FBgn0038796,ORTH,eIF3g2,5
7334,WBPhenotype:0000505,DISO,male ray morphology variant,1
7335,FlyBase:FBgn0039425,ORTH,Ald2,5
7336,ZP:0006870,DISO,"spindle ciliary marginal zone increased amount, abnormal",1
7337,RGD:1307790,ORTH,Eif4e2,5
7338,ENSEMBL:ENSGALG00000005807,ORTH,ENSEMBL:ENSGALG00000005807,5
7339,ENSEMBL:ENSPTRG00000046370,ORTH,ENSEMBL:ENSPTRG00000046370,5
7340,ENSEMBL:ENSMODG00000017422,ORTH,ENSEMBL:ENSMODG00000017422,5
7341,MP:0010373,DISO,myeloid hyperplasia,1
7342,MP:0002602,DISO,abnormal eosinophil cell number,1
7343,ENSEMBL:ENSRNOG00000059545,ORTH,A0A0G2JYG9,5
7344,HP:0000954,DISO,Single transverse palmar crease,1
7345,ZP:0018114,DISO,"enteric neuron intestine decreased amount, abnormal",1
7346,ENSEMBL:ENSGALG00000036556,ORTH,ENSEMBL:ENSGALG00000036556,5
7347,ENSEMBL:ENSMODG00000014405,ORTH,ENSEMBL:ENSMODG00000014405,5
7348,HP:0001875,DISO,Neutropenia,1
7349,WBPhenotype:0000196,DISO,distal tip cell morphology variant,1
7350,HP:0012547,DISO,Abnormal involuntary eye movements,1
7351,PomBase:SPAC458.06,GENO,atg1803,4
7352,ENSEMBL:ENSMMUG00000062243,ORTH,ENSEMBL:ENSMMUG00000062243,5
7353,ENSEMBL:ENSMMUG00000022222,ORTH,ENSEMBL:ENSMMUG00000022222,5
7354,ENSEMBL:ENSCAFG00000005876,ORTH,TACC1,5
7355,FlyBase:FBgn0039044,ORTH,p53,5
7356,HP:0005922,DISO,Abnormal hand morphology,1
7357,ZP:0000370,DISO,"epithelial cell intestinal bulb increased amount, abnormal",1
7358,ENSEMBL:ENSSSCG00000001871,ORTH,HMG20A,5
7359,HGNC:20163,GENE,HAUS4,3
7360,MP:0005112,DISO,abnormal spinal cord ventral horn morphology,1
7361,ENSEMBL:ENSCAFG00000008980,ORTH,ENSEMBL:ENSCAFG00000008980,5
7362,ENSEMBL:ENSCAFG00000016076,ORTH,IL17RA,5
7363,Xenbase:XB-GENE-995661,ORTH,haus4,5
7364,HP:0002383,DISO,Encephalitis,1
7365,RGD:1306559,ORTH,Il17ra,5
7366,MP:0009651,DISO,abnormal eyelid development,1
7367,FBcv:0000392,DISO,hyperactive,1
7368,MP:0008834,DISO,abnormal melanosome transport,1
7369,SGD:S000001620,ORTH,CMC1,5
7370,MGI:1914793,ORTH,Pabpc6,5
7371,ZFIN:ZDB-GENE-080515-6,ORTH,hypk,5
7372,ZP:0007692,DISO,"trunk vasculature malformed, abnormal",1
7373,ENSEMBL:ENSACAG00000010642,ORTH,ENSEMBL:ENSACAG00000010642,5
7374,PomBase:SPAC19B12.05c,GENO,fcp1,4
7375,HP:0000978,DISO,Bruising susceptibility,1
7376,ZFIN:ZDB-GENE-040426-990,ORTH,wdr45,5
7377,MP:0008948,DISO,decreased neuron number,1
7378,MGI:95589,ORTH,Ftl1,5
7379,MONARCH:APO_0000029APO_0000004,GENO,pseudohyphal growth:increased,4
7380,ZFIN:ZDB-GENE-030131-6588,ORTH,ficd,5
7381,HP:0012592,DISO,Albuminuria,1
7382,WBPhenotype:0002082,DISO,peptide uptake by intestinal cell decreased,1
7383,MP:0003686,DISO,abnormal eye muscle morphology,1
7384,MP:0000857,DISO,abnormal cerebellar foliation,1
7385,ENSEMBL:ENSFCAG00000015730,ORTH,ENSEMBL:ENSFCAG00000015730,5
7386,ZP:0000724,DISO,"atrium dilated, abnormal",1
7387,MGI:105992,ORTH,Tkt,5
7388,ENSEMBL:ENSACAG00000013325,ORTH,ENSEMBL:ENSACAG00000013325,5
7389,ENSEMBL:ENSCAFG00000042409,ORTH,A0A5F4DFB2,5
7390,WormBase:WBGene00009112,ORTH,tag-353,5
7391,ZFIN:ZDB-GENE-040426-2149,ORTH,mhc1zba,5
7392,ZFIN:ZDB-GENE-030131-3654,ORTH,sp8b,5
7393,MGI:5432192,ORTH,Tg(YAC128)55Hay [FVB/N-Tg(YAC128)55Hay],5
7394,MP:0002797,DISO,increased thigmotaxis,1
7395,ENSEMBL:ENSMODG00000010216,ORTH,ENSEMBL:ENSMODG00000010216,5
7396,ENSEMBL:ENSACAG00000022657,ORTH,ENSEMBL:ENSACAG00000022657,5
7397,MP:0001562,DISO,abnormal circulating calcium level,1
7398,ENSEMBL:ENSCAFG00000018632,ORTH,A0A5F4C2R1,5
7399,WormBase:WBGene00009619,ORTH,npr-6,5
7400,MONARCH:APO_0000022APO_0000004,GENO,protein activity:increased,4
7401,ENSEMBL:ENSFCAG00000024388,ORTH,ENSEMBL:ENSFCAG00000024388,5
7402,EFO:0004342,GENO,waist circumference,4
7403,ZP:0019105,DISO,"neural crest cell melanoblast aggregated, abnormal",1
7404,ENSEMBL:ENSPTRG00000004718,ORTH,ENSEMBL:ENSPTRG00000004718,5
7405,HGNC:11551,GENE,BRF1,3
7406,WBPhenotype:0001886,DISO,cleavage furrow termination defective early emb,1
7407,EFO:0007627,GENO,airway imaging measurement,4
7408,PomBase:SPCC1183.02,GENO,SPCC1183.02,4
7409,WBPhenotype:0000535,DISO,organism morphology variant,1
7410,ENSEMBL:ENSECAG00000006588,ORTH,ENSEMBL:ENSECAG00000006588,5
7411,EFO:0007789,GENO,BMI-adjusted waist circumference,4
7412,EFO:0009762,GENO,healthspan,4
7413,MP:0006410,DISO,abnormal common myeloid progenitor cell morphology,1
7414,MP:0000136,DISO,abnormal microglial cell morphology,1
7415,ZP:0001460,DISO,"notochord deformed, abnormal",1
7416,ZP:0137806,DISO,"bulbus arteriosus increased occurrence cell population proliferation, abnormal",1
7417,MP:0004279,DISO,abnormal rostral migratory stream morphology,1
7418,MGI:95821,ORTH,Grin2b,5
7419,ENSEMBL:ENSSSCG00000004639,ORTH,USP8,5
7420,dictyBase:DDB_G0285149,GENO,DDB_G0285149,4
7421,HP:0030692,DISO,Brain neoplasm,1
7422,WBPhenotype:0000165,DISO,cell fusion variant,1
7423,ENSEMBL:ENSRNOG00000053118,ORTH,ENSEMBL:ENSRNOG00000053118,5
7424,ZP:0011354,DISO,"retinal ganglion cell decreased process quality neuron remodeling, abnormal",1
7425,FlyBase:FBgn0003231,ORTH,ref(2)P,5
7426,MP:0002682,DISO,decreased mature ovarian follicle number,1
7427,FBcv:0000400,DISO,abnormal mating,1
7428,WBPhenotype:0001971,DISO,germ cell compartment anucleate,1
7429,HP:0004324,DISO,Increased body weight,1
7430,HP:0002902,DISO,Hyponatremia,1
7431,ZP:0019049,DISO,"retinal photoreceptor layer mislocalised, abnormal",1
7432,PomBase:SPAC13C5.01c,GENO,pre9,4
7433,WormBase:WBGene00008741,ORTH,ctsa-1.2,5
7434,ZP:0004555,DISO,"optic tectum structure, abnormal",1
7435,ENSEMBL:ENSBTAG00000050724,ORTH,ENSEMBL:ENSBTAG00000050724,5
7436,ENSEMBL:ENSBTAG00000014440,ORTH,ENSEMBL:ENSBTAG00000014440,5
7437,MP:0001710,DISO,absent amniotic folds,1
7438,WBPhenotype:0001212,DISO,cuticle fragile,1
7439,ENSEMBL:ENSACAG00000015722,ORTH,ENSEMBL:ENSACAG00000015722,5
7440,ZP:0018473,DISO,"axon peripheral neuron branchiness, abnormal",1
7441,ENSEMBL:ENSCAFG00000024643,ORTH,J9PAV3,5
7442,ZP:0104395,DISO,"caudal artery decreased distribution, abnormal",1
7443,HP:0005469,DISO,Flat occiput,1
7444,WBPhenotype:0002095,DISO,lysosome-related organelle morphology variant,1
7445,ZP:0012503,DISO,"neuromuscular junction trunk morphology, abnormal",1
7446,FlyBase:FBgn0001230,ORTH,Hsp68,5
7447,Xenbase:XB-GENE-955353,ORTH,hmg20a,5
7448,MP:0002182,DISO,abnormal astrocyte morphology,1
7449,ENSEMBL:ENSFCAG00000021911,ORTH,ENSEMBL:ENSFCAG00000021911,5
7450,ENSEMBL:ENSSSCG00000004969,ORTH,KIF23,5
7451,ZFIN:ZDB-GENE-100922-238,ORTH,virma,5
7452,ENSEMBL:ENSMMUG00000045275,ORTH,ENSEMBL:ENSMMUG00000045275,5
7453,ZP:0019987,DISO,"neural tube closure, abnormal",1
7454,ENSEMBL:ENSRNOG00000048248,ORTH,LOC100910446,5
7455,ENSEMBL:ENSMMUG00000012574,ORTH,ENSEMBL:ENSMMUG00000012574,5
7456,ENSEMBL:ENSBTAG00000012927,ORTH,ALDOA,5
7457,ENSEMBL:ENSRNOG00000050630,ORTH,M0R660,5
7458,ZP:0005474,DISO,"synaptic vesicle lumen neuromast hair cell decreased acidity, abnormal",1
7459,ENSEMBL:ENSCAFG00000017108,ORTH,F1PR84,5
7460,MONARCH:APO_0000277APO_0000003,GENO,prion loss:decreased,4
7461,MP:0005445,DISO,abnormal neurotransmitter secretion,1
7462,PomBase:SPAC1805.12c,GENO,uep1,4
7463,ZP:0130752,DISO,"cardiac ventricle increased occurrence cell population proliferation, abnormal",1
7464,ENSEMBL:ENSMMUG00000014433,ORTH,ENSEMBL:ENSMMUG00000014433,5
7465,FlyBase:FBgn0000108,ORTH,Appl,5
7466,ENSEMBL:ENSOANG00000043940,ORTH,ENSEMBL:ENSOANG00000043940,5
7467,ZP:0010446,DISO,"striated muscle myosin thick filament myotome absent, abnormal",1
7468,GO:0032991,PHYS,protein-containing complex,6
7469,ZP:0138060,DISO,"startle response decreased magnitude, abnormal",1
7470,ENSEMBL:ENSPTRG00000015752,ORTH,ENSEMBL:ENSPTRG00000015752,5
7471,PomBase:SPAC1565.08,GENO,cdc48,4
7472,SGD:S000004818,ORTH,PFK2,5
7473,ENSEMBL:ENSECAG00000015773,ORTH,ENSEMBL:ENSECAG00000015773,5
7474,HP:0001645,DISO,Sudden cardiac death,1
7475,ENSEMBL:ENSGALG00000011272,ORTH,ENSEMBL:ENSGALG00000011272,5
7476,ENSEMBL:ENSMODG00000010088,ORTH,ENSEMBL:ENSMODG00000010088,5
7477,FBcv:0002039,DISO,some die during pupal stage,1
7478,WBPhenotype:0000549,DISO,head muscle dystrophy,1
7479,ENSEMBL:ENSACAG00000012824,ORTH,ENSEMBL:ENSACAG00000012824,5
7480,dictyBase:DDB_G0282941,GENO,DDB0185273,4
7481,PomBase:SPAC4F8.07c,GENO,hxk2,4
7482,WBPhenotype:0001352,DISO,endoplasmic reticulum metabolism variant,1
7483,WBPhenotype:0000743,DISO,RNAi response variant,1
7484,ZP:0003828,DISO,"blood vessel endothelial cell migration disrupted, abnormal",1
7485,RGD:1624211,ORTH,RT1-T24-3,5
7486,HP:0000256,DISO,Macrocephaly,1
7487,ZP:0021481,DISO,"early endosome neural crest cell increased size, abnormal",1
7488,ENSEMBL:ENSMMUG00000062063,ORTH,ENSEMBL:ENSMMUG00000062063,5
7489,MGI:1926421,ORTH,Tcerg1,5
7490,ENSEMBL:ENSPTRG00000034402,ORTH,ENSEMBL:ENSPTRG00000034402,5
7491,ZP:0011626,DISO,"cell trunk apoptotic, abnormal",1
7492,MGI:1891704,ORTH,Hbs1l,5
7493,ZFIN:ZDB-GENE-041210-292,ORTH,si:dkey-63b1.1,5
7494,ENSEMBL:ENSSSCG00000035719,ORTH,HAUS2,5
7495,ENSEMBL:ENSPTRG00000009333,ORTH,ENSEMBL:ENSPTRG00000009333,5
7496,MP:0030003,DISO,hippocampus atrophy,1
7497,MP:0000986,DISO,increased Merkel's receptor number,1
7498,ENSEMBL:ENSSSCG00000031710,ORTH,BRF1,5
7499,ENSEMBL:ENSACAG00000010848,ORTH,ENSEMBL:ENSACAG00000010848,5
7500,ENSEMBL:ENSACAG00000001364,ORTH,ENSEMBL:ENSACAG00000001364,5
7501,ENSEMBL:ENSSSCG00000001065,ORTH,ATXN1,5
7502,ENSEMBL:ENSFCAG00000013696,ORTH,ENSEMBL:ENSFCAG00000013696,5
7503,dictyBase:DDB_G0290931,GENO,DDB_G0290931,4
7504,ZP:0019097,DISO,"female organism increased amount, abnormal",1
7505,WormBase:WBGene00013464,ORTH,Y67H2A.7,5
7506,EnsemblGenome:AT4G09720,ORTH,EnsemblGenome:AT4G09720,5
7507,ZP:0006833,DISO,"protein glycosylation decreased process quality, abnormal",1
7508,ENSEMBL:ENSCAFG00000014883,ORTH,ENSEMBL:ENSCAFG00000014883,5
7509,ENSEMBL:ENSACAG00000016239,ORTH,ENSEMBL:ENSACAG00000016239,5
7510,ENSEMBL:ENSGALG00000014640,ORTH,ENSEMBL:ENSGALG00000014640,5
7511,ENSEMBL:ENSACAG00000024309,ORTH,ENSEMBL:ENSACAG00000024309,5
7512,ENSEMBL:ENSOANG00000006879,ORTH,ENSEMBL:ENSOANG00000006879,5
7513,ZP:0137506,DISO,"secondary motor neuron process quality axon guidance, abnormal",1
7514,MP:0008143,DISO,abnormal dendrite morphology,1
7515,ENSEMBL:ENSPTRG00000003868,ORTH,ENSEMBL:ENSPTRG00000003868,5
7516,WormBase:WBGene00022069,ORTH,eel-1,5
7517,FlyBase:FBgn0023023,ORTH,CRMP,5
7518,ENSEMBL:ENSOANG00000042588,ORTH,ENSEMBL:ENSOANG00000042588,5
7519,ENSEMBL:ENSECAG00000021641,ORTH,ENSEMBL:ENSECAG00000021641,5
7520,MP:0004737,DISO,absent distortion product otoacoustic emissions,1
7521,ENSEMBL:ENSPTRG00000011435,ORTH,ENSEMBL:ENSPTRG00000011435,5
7522,WBPhenotype:0000208,DISO,long defecation cycle,1
7523,ENSEMBL:ENSBTAG00000052778,ORTH,A0A3Q1LJX4,5
7524,ENSEMBL:ENSPTRG00000021368,ORTH,ENSEMBL:ENSPTRG00000021368,5
7525,ENSEMBL:ENSMODG00000009467,ORTH,ENSEMBL:ENSMODG00000009467,5
7526,MP:0013391,DISO,abnormal Meibomian gland physiology,1
7527,ENSEMBL:ENSFCAG00000013098,ORTH,ENSEMBL:ENSFCAG00000013098,5
7528,ENSEMBL:ENSMMUG00000041076,ORTH,ENSEMBL:ENSMMUG00000041076,5
7529,ENSEMBL:ENSMMUG00000019189,ORTH,ENSEMBL:ENSMMUG00000019189,5
7530,HP:0002355,DISO,Difficulty walking,1
7531,MP:0011665,DISO,d-loop transposition of the great arteries,1
7532,Xenbase:XB-GENE-479174,ORTH,ighx,5
7533,Coriell:GM04738,GENO,NIGMS-GM04738,4
7534,ENSEMBL:ENSACAG00000009074,ORTH,ENSEMBL:ENSACAG00000009074,5
7535,HP:0003445,DISO,EMG: neuropathic changes,1
7536,ENSEMBL:ENSSSCG00000002904,ORTH,HAUS5,5
7537,ENSEMBL:ENSGALG00000004858,ORTH,FICD,5
7538,MP:0012138,DISO,decreased forebrain size,1
7539,MP:0003408,DISO,increased width of hypertrophic chondrocyte zone,1
7540,ENSEMBL:ENSECAG00000001897,ORTH,ENSEMBL:ENSECAG00000001897,5
7541,WBPhenotype:0000369,DISO,pretzel arrest,1
7542,MP:0008868,DISO,abnormal granulosa cell morphology,1
7543,ENSEMBL:ENSBTAG00000007844,ORTH,ENSEMBL:ENSBTAG00000007844,5
7544,PomBase:SPAC343.11c,GENO,msc1,4
7545,MP:0001468,DISO,abnormal temporal memory,1
7546,ENSEMBL:ENSECAG00000022718,ORTH,ENSEMBL:ENSECAG00000022718,5
7547,MGI:3030547,ORTH,Olfr713,5
7548,Coriell:GM04849,GENO,NIGMS-GM04849,4
7549,WBPhenotype:0002211,DISO,phasmid neuron dye filling defect,1
7550,MGI:4438241,ORTH,Tg(HTT*)1Xwy [FVB-Tg(HTT*)1Xwy],5
7551,Xenbase:XB-GENE-1011391,ORTH,oprm1,5
7552,MP:0002007,DISO,increased cellular sensitivity to gamma-irradiation,1
7553,ZP:0001456,DISO,"visual behavior disrupted, abnormal",1
7554,ENSEMBL:ENSCAFG00000001699,ORTH,ENSEMBL:ENSCAFG00000001699,5
7555,MP:0014040,DISO,increased cellular sensitivity to DNA damaging agents,1
7556,ENSEMBL:ENSECAG00000010380,ORTH,ENSEMBL:ENSECAG00000010380,5
7557,ENSEMBL:ENSOANG00000006569,ORTH,ENSEMBL:ENSOANG00000006569,5
7558,ENSEMBL:ENSMODG00000050482,ORTH,ENSEMBL:ENSMODG00000050482,5
7559,ENSEMBL:ENSMMUG00000009151,ORTH,ENSEMBL:ENSMMUG00000009151,5
7560,ENSEMBL:ENSFCAG00000012428,ORTH,ENSEMBL:ENSFCAG00000012428,5
7561,WBPhenotype:0000926,DISO,body wall muscle morphology variant,1
7562,Xenbase:XB-GENE-992753,ORTH,ficd,5
7563,ZP:0000637,DISO,"post-vent region curved, abnormal",1
7564,MP:0005221,DISO,abnormal rostral-caudal axis patterning,1
7565,WBPhenotype:0001444,DISO,aqueous adaptation defective,1
7566,MP:0002742,DISO,enlarged submandibular lymph nodes,1
7567,ENSEMBL:ENSGALG00000010490,ORTH,DPYSL4,5
7568,WormBase:WBGene00010698,ORTH,K08H10.6,5
7569,SGD:S000003210,ORTH,KAP114,5
7570,HGNC:9783,GENE,RAB5A,3
7571,ZP:0000621,DISO,"eye decreased distance eye, abnormal",1
7572,ENSEMBL:ENSOANG00000003818,ORTH,ENSEMBL:ENSOANG00000003818,5
7573,HP:0003233,DISO,Decreased HDL cholesterol concentration,1
7574,WBPhenotype:0001820,DISO,bordering,1
7575,MP:0013382,DISO,small perianal sebaceous gland,1
7576,HP:0002076,DISO,Migraine,1
7577,ZP:0004598,DISO,"Meckel's cartilage aplastic/hypoplastic, abnormal",1
7578,MP:0009422,DISO,decreased gastrocnemius weight,1
7579,WBPhenotype:0002467,DISO,male reproductive longevity extended,1
7580,ENSEMBL:ENSSSCG00000004516,ORTH,MBD1,5
7581,MP:0014103,DISO,increased chondrocyte apoptosis,1
7582,ZP:0008444,DISO,"angular vestibuloocular reflex decreased process quality, abnormal",1
7583,EFO:0004615,GENO,apolipoprotein B measurement,4
7584,HP:0002617,DISO,Vascular dilatation,1
7585,HP:0002104,DISO,Apnea,1
7586,ENSEMBL:ENSBTAG00000000237,ORTH,LOC101906182,5
7587,MP:0008009,DISO,delayed cellular replicative senescence,1
7588,Xenbase:XB-GENE-963457,ORTH,pabpc1,5
7589,HP:0008887,DISO,Adipose tissue loss,1
7590,ENSEMBL:ENSECAG00000011062,ORTH,ENSEMBL:ENSECAG00000011062,5
7591,ENSEMBL:ENSSSCG00000031635,ORTH,ENSEMBL:ENSSSCG00000031635,5
7592,ENSEMBL:ENSMMUG00000007497,ORTH,ENSEMBL:ENSMMUG00000007497,5
7593,ENSEMBL:ENSOANG00000036065,ORTH,ENSEMBL:ENSOANG00000036065,5
7594,dictyBase:DDB_G0274695,GENO,DDB_G0274695,4
7595,EnsemblGenome:AT5G67380,ORTH,EnsemblGenome:AT5G67380,5
7596,ZP:0008881,DISO,"double-strand break repair via homologous recombination increased frequency, abnormal",1
7597,ZP:0011509,DISO,"optic tectum process quality regulation of neurogenesis, abnormal",1
7598,ENSEMBL:ENSBTAG00000016844,ORTH,ADGB,5
7599,HP:0010803,DISO,Everted upper lip vermilion,1
7600,ENSEMBL:ENSMMUG00000018353,ORTH,ENSEMBL:ENSMMUG00000018353,5
7601,HGNC:28912,GENE,WDR45,3
7602,ENSEMBL:ENSMMUG00000020410,ORTH,ENSEMBL:ENSMMUG00000020410,5
7603,ENSEMBL:ENSPTRG00000007886,ORTH,ENSEMBL:ENSPTRG00000007886,5
7604,ENSEMBL:ENSECAG00000022080,ORTH,ENSEMBL:ENSECAG00000022080,5
7605,MP:0006382,DISO,abnormal lung epithelium morphology,1
7606,FlyBase:FBgn0032596,ORTH,Prosbeta4,5
7607,RGD:2543,ORTH,Egfr,5
7608,ZFIN:ZDB-GENE-040822-18,ORTH,cdc26,5
7609,MP:0008493,DISO,alpha-synuclein inclusion body,1
7610,HP:0011282,DISO,Abnormality of hindbrain morphology,1
7611,MP:0009426,DISO,decreased soleus weight,1
7612,EFO:0007702,GENO,hip bone mineral density,4
7613,ZP:0002516,DISO,"pronephric glomerulus cystic, abnormal",1
7614,SGD:S000003222,ORTH,HXK2,5
7615,ENSEMBL:ENSMODG00000007002,ORTH,ENSEMBL:ENSMODG00000007002,5
7616,ENSEMBL:ENSCAFG00000020089,ORTH,ENSEMBL:ENSCAFG00000020089,5
7617,ZP:0001462,DISO,"heart looping arrested, abnormal",1
7618,HGNC:14101,GENE,CNOT7,3
7619,FlyBase:FBgn0267378,ORTH,sau,5
7620,ZP:0000354,DISO,"telencephalon aplastic, abnormal",1
7621,HGNC:25019,GENE,HSPB11,3
7622,MP:0012099,DISO,decreased spongiotrophoblast size,1
7623,HP:0030199,DISO,Fatigable weakness of neck muscles,1
7624,dictyBase:DDB_G0279911,GENO,ndkM,4
7625,HP:0002014,DISO,Diarrhea,1
7626,WBPhenotype:0000376,DISO,no uterine cavity,1
7627,ENSEMBL:ENSMODG00000010312,ORTH,ENSEMBL:ENSMODG00000010312,5
7628,MP:0012468,DISO,decreased striatum size,1
7629,ZP:0000303,DISO,"cell cycle arrested, abnormal",1
7630,ZP:0003833,DISO,"intersegmental vessel decreased functionality, abnormal",1
7631,ENSEMBL:ENSPTRG00000042824,ORTH,ENSEMBL:ENSPTRG00000042824,5
7632,NCBIGene:100494930,GENE,LOC100494930,3
7633,ENSEMBL:ENSMMUG00000043638,ORTH,ENSEMBL:ENSMMUG00000043638,5
7634,MGI:99919,ORTH,Vcp,5
7635,ENSEMBL:ENSGALG00000015387,ORTH,ATG5,5
7636,ENSEMBL:ENSPTRG00000005719,ORTH,ENSEMBL:ENSPTRG00000005719,5
7637,HP:0002398,DISO,Degeneration of anterior horn cells,1
7638,MP:0002809,DISO,increased spinal cord size,1
7639,RGD:2401,ORTH,Crebbp,5
7640,FBcv:0000440,DISO,chemical sensitive,1
7641,EnsemblGenome:AT5G27640,ORTH,EnsemblGenome:AT5G27640,5
7642,dictyBase:DDB_G0269364,GENO,stlA,4
7643,ENSEMBL:ENSMODG00000025428,ORTH,ENSEMBL:ENSMODG00000025428,5
7644,ENSEMBL:ENSMODG00000025331,ORTH,ENSEMBL:ENSMODG00000025331,5
7645,dictyBase:DDB_G0279633,GENO,psmD7,4
7646,MONARCH:APO_0000095APO_0000002,GENO,chemical compound accumulation:abnormal,4
7647,ZP:0003226,DISO,"forebrain decreased width, abnormal",1
7648,EFO:0007788,GENO,BMI-adjusted waist-hip ratio,4
7649,WBPhenotype:0001410,DISO,protein expression absent,1
7650,ZP:0011957,DISO,"Notch signaling pathway increased occurrence, abnormal",1
7651,ENSEMBL:ENSECAG00000036217,ORTH,ENSEMBL:ENSECAG00000036217,5
7652,MP:0010591,DISO,enlarged aortic valve,1
7653,HGNC:6746,GENE,NBR1,3
7654,FlyBase:FBgn0052396,ORTH,CG32396,5
7655,ENSEMBL:ENSMMUG00000008006,ORTH,ENSEMBL:ENSMMUG00000008006,5
7656,ENSEMBL:ENSOANG00000013547,ORTH,ENSEMBL:ENSOANG00000013547,5
7657,ZP:0000403,DISO,"gut hypoplastic, abnormal",1
7658,ZP:0018018,DISO,"nucleus skeletal muscle circular, abnormal",1
7659,MP:0005643,DISO,decreased dopamine level,1
7660,MP:0006043,DISO,decreased apoptosis,1
7661,MONARCH:APO_0000105APO_0000003,GENO,mitochondrial genome maintenance:decreased,4
7662,ZFIN:ZDB-GENE-081113-4,ORTH,actn1,5
7663,ENSEMBL:ENSGALG00000038721,ORTH,ENSEMBL:ENSGALG00000038721,5
7664,RGD:620859,ORTH,Axin1,5
7665,ENSEMBL:ENSACAG00000011069,ORTH,ENSEMBL:ENSACAG00000011069,5
7666,ENSEMBL:ENSCAFG00000017841,ORTH,G3BP1,5
7667,ZFIN:ZDB-GENE-030131-6564,ORTH,ap2b1,5
7668,HGNC:10062,GENE,RNF20,3
7669,ENSEMBL:ENSSSCG00000023296,ORTH,CENPE,5
7670,MP:0000448,DISO,pointed snout,1
7671,HGNC:11138,GENE,SNCA,3
7672,MP:0005141,DISO,liver hyperplasia,1
7673,ZP:0019051,DISO,"ciliary marginal zone increased occurrence apoptotic process, abnormal",1
7674,ZP:0000369,DISO,"epithelial cell posterior intestine increased amount, abnormal",1
7675,ZP:0010725,DISO,"heart tube increased amount, abnormal",1
7676,FBcv:0000383,DISO,auxotroph,1
7677,GO:0031587,PHYS,"positive regulation of inositol 1,4,5-trisphosphate-sensitive calcium-release channel activity",6
7678,ZP:0001793,DISO,"pancreas decreased size, abnormal",1
7679,MP:0005136,DISO,decreased growth hormone level,1
7680,ENSEMBL:ENSRNOG00000061099,ORTH,A0A0G2JVI3,5
7681,SGD:S000001163,ORTH,LSM12,5
7682,ENSEMBL:ENSSSCG00000008881,ORTH,RAPGEF2,5
7683,MP:0001676,DISO,abnormal apical ectodermal ridge morphology,1
7684,ZP:0000148,DISO,"notochord increased width, abnormal",1
7685,WormBase:WBGene00006385,ORTH,taf-4,5
7686,ENSEMBL:ENSRNOG00000029227,ORTH,D3ZD02,5
7687,ENSEMBL:ENSXETG00000035320,ORTH,ENSEMBL:ENSXETG00000035320,5
7688,MP:0008261,DISO,arrest of male meiosis,1
7689,ZP:0138131,DISO,"cardiac muscle process quality macroautophagy, abnormal",1
7690,ENSEMBL:ENSECAG00000031575,ORTH,ENSEMBL:ENSECAG00000031575,5
7691,HGNC:6838,GENE,MAP1LC3A,3
7692,ENSEMBL:ENSACAG00000014413,ORTH,ENSEMBL:ENSACAG00000014413,5
7693,FBcv:0002021,DISO,some die during first instar larval stage,1
7694,MP:0008415,DISO,abnormal neurite morphology,1
7695,ZP:0005998,DISO,"photoreceptor outer segment eye photoreceptor cell morphology, abnormal",1
7696,HP:0000118,DISO,human phenotypic abnormality,1
7697,ENSEMBL:ENSCAFG00000018010,ORTH,SIN3A,5
7698,RGD:628699,ORTH,Hmga1,5
7699,ENSEMBL:ENSMODG00000024751,ORTH,ENSEMBL:ENSMODG00000024751,5
7700,ZP:0000479,DISO,"enteric nervous system development disrupted, abnormal",1
7701,MP:0008813,DISO,decreased common myeloid progenitor cell number,1
7702,WBPhenotype:0000415,DISO,necrotic cell death variant,1
7703,MGI:1934029,ORTH,Usp8,5
7704,WormBase:WBGene00022800,ORTH,ZK688.5,5
7705,MP:0006030,DISO,abnormal otic vesicle development,1
7706,ENSEMBL:ENSPTRG00000000614,ORTH,ENSEMBL:ENSPTRG00000000614,5
7707,WormBase:WBGene00020324,ORTH,T07F12.4,5
7708,WBPhenotype:0001175,DISO,high incidence male progeny,1
7709,MP:0003122,DISO,maternal imprinting,1
7710,dictyBase:DDB_G0268632,GENO,abpA,4
7711,dictyBase:DDB_G0271980,GENO,rabR,4
7712,HP:0007359,DISO,Focal-onset seizure,1
7713,ENSEMBL:ENSBTAG00000050050,ORTH,OR10A5G,5
7714,ENSEMBL:ENSSSCG00000034866,ORTH,LOC106506226,5
7715,MP:0005169,DISO,abnormal male meiosis,1
7716,HP:0005263,DISO,Gastritis,1
7717,ENSEMBL:ENSMODG00000015559,ORTH,ENSEMBL:ENSMODG00000015559,5
7718,ZFIN:ZDB-GENE-050417-464,ORTH,mhc1laa,5
7719,ENSEMBL:ENSBTAG00000021843,ORTH,UBQLN2,5
7720,MP:0001021,DISO,small L4 dorsal root ganglion,1
7721,ZP:0003200,DISO,"fourth ventricle hydrocephalic, abnormal",1
7722,ZP:0000693,DISO,"regulation of cardiac muscle contraction by calcium ion signaling disrupted, abnormal",1
7723,MP:0008160,DISO,increased diameter of humerus,1
7724,HGNC:12666,GENE,VCP,3
7725,HP:0005116,DISO,Arterial tortuosity,1
7726,ENSEMBL:ENSACAG00000015056,ORTH,ENSEMBL:ENSACAG00000015056,5
7727,SGD:S000006316,ORTH,MRD1,5
7728,ENSEMBL:ENSCAFG00000004725,ORTH,CDK5,5
7729,Xenbase:XB-GENE-976936,ORTH,dnaja1,5
7730,dictyBase:DDB_G0283835,GENO,DDB0185717,4
7731,ZP:0014483,DISO,"innate immune response process quality, abnormal",1
7732,PomBase:SPAC1093.06c,GENO,dhc1,4
7733,MP:0000781,DISO,decreased corpus callosum size,1
7734,ZP:0013553,DISO,"gonad development process quality, abnormal",1
7735,WBPhenotype:0001155,DISO,pronuclei meet centrally early emb,1
7736,Xenbase:XB-GENE-949327,ORTH,grin2b,5
7737,HP:0002905,DISO,Hyperphosphatemia,1
7738,Xenbase:XB-GENE-492029,ORTH,ulk1,5
7739,ENSEMBL:ENSMMUG00000001044,ORTH,ENSEMBL:ENSMMUG00000001044,5
7740,HP:0012101,DISO,Decreased serum creatinine,1
7741,WormBase:WBGene00022130,ORTH,Y71F9B.9,5
7742,WormBase:WBGene00006856,ORTH,usp-14,5
7743,HGNC:11343,GENE,ST13,3
7744,ENSEMBL:ENSSSCG00000012757,ORTH,ENSEMBL:ENSSSCG00000012757,5
7745,ENSEMBL:ENSCAFG00000015799,ORTH,CRMP1,5
7746,FlyBase:FBgn0004066,ORTH,Prosalpha4,5
7747,MGI:1914281,ORTH,Upf3a,5
7748,ENSEMBL:ENSOANG00000011115,ORTH,ENSEMBL:ENSOANG00000011115,5
7749,ENSEMBL:ENSOANG00000004185,ORTH,ENSEMBL:ENSOANG00000004185,5
7750,ENSEMBL:ENSOANG00000005189,ORTH,ENSEMBL:ENSOANG00000005189,5
7751,MP:0003061,DISO,decreased aerobic running capacity,1
7752,ZP:0001428,DISO,"epiboly involved in gastrulation with mouth forming second disrupted, abnormal",1
7753,WBPhenotype:0002396,DISO,tumor prolapse frequency decreased,1
7754,MP:0001441,DISO,increased grooming behavior,1
7755,ZP:0001406,DISO,"somite decreased size, abnormal",1
7756,ZFIN:ZDB-GENE-030131-4214,ORTH,mbd1a,5
7757,MP:0002310,DISO,decreased susceptibility to hepatic steatosis,1
7758,MP:0001364,DISO,decreased anxiety-related response,1
7759,MP:0020039,DISO,increased bone ossification,1
7760,RGD:735223,ORTH,Ikbkg,5
7761,PomBase:SPAC1952.05,GENO,gcn5,4
7762,ENSEMBL:ENSGALG00000015589,ORTH,MSH3,5
7763,Xenbase:XB-GENE-6000372,ORTH,atxn2l,5
7764,EFO:0004526,GENO,mean corpuscular volume,4
7765,EnsemblGenome:AT4G11380,ORTH,EnsemblGenome:AT4G11380,5
7766,ENSEMBL:ENSACAG00000009792,ORTH,ENSEMBL:ENSACAG00000009792,5
7767,WBPhenotype:0000583,DISO,dumpy,1
7768,WBPhenotype:0000490,DISO,pharynx disorganized,1
7769,MP:0011750,DISO,abnormal seminiferous tubule epithelium morphology,1
7770,HP:0031567,DISO,Abnormal aortic valve cusp morphology,1
7771,ZP:0000541,DISO,"cardiac muscle cell ventricular myocardium increased amount, abnormal",1
7772,HP:0001944,DISO,Dehydration,1
7773,MONARCH:APO_0000058APO_0000002,GENO,peroxisomal morphology:abnormal,4
7774,MP:0001008,DISO,abnormal sympathetic ganglion morphology,1
7775,WormBase:WBGene00006424,ORTH,ctbp-1,5
7776,WormBase:WBGene00002363,ORTH,let-92,5
7777,ENSEMBL:ENSCAFG00000017563,ORTH,J9NWJ7,5
7778,ENSEMBL:ENSGALG00000011966,ORTH,ENSEMBL:ENSGALG00000011966,5
7779,dictyBase:DDB_G0289541,GENO,vasp,4
7780,ENSEMBL:ENSGALG00000028749,ORTH,ENSEMBL:ENSGALG00000028749,5
7781,PomBase:SPAC767.01c,GENO,vps1,4
7782,RGD:621150,ORTH,Evl,5
7783,WBPhenotype:0001894,DISO,nuclear number variant,1
7784,ZP:0001772,DISO,"retina quality, abnormal",1
7785,ENSEMBL:ENSMODG00000019512,ORTH,ENSEMBL:ENSMODG00000019512,5
7786,ENSEMBL:ENSMODG00000017657,ORTH,ENSEMBL:ENSMODG00000017657,5
7787,ENSEMBL:ENSSSCG00000006881,ORTH,A0A287B6Z9,5
7788,WormBase:WBGene00004464,ORTH,rpn-8,5
7789,ENSEMBL:ENSMMUG00000006598,ORTH,ENSEMBL:ENSMMUG00000006598,5
7790,ENSEMBL:ENSSSCG00000039962,ORTH,HSPB1,5
7791,ENSEMBL:ENSGALG00000052529,ORTH,RNF4,5
7792,ENSEMBL:ENSSSCG00000006063,ORTH,ENSEMBL:ENSSSCG00000006063,5
7793,HP:0011103,DISO,Abnormal left ventricular outflow tract morphology,1
7794,PomBase:SPBC1685.01,GENO,pmp1,4
7795,WormBase:WBGene00002062,ORTH,ife-4,5
7796,ENSEMBL:ENSSSCG00000010928,ORTH,KDM5B,5
7797,ENSEMBL:ENSGALG00000007919,ORTH,ENSEMBL:ENSGALG00000007919,5
7798,EFO:0004528,GENO,mean corpuscular hemoglobin concentration,4
7799,ZP:0011579,DISO,"post-vent region absent blood circulation, abnormal",1
7800,WormBase:WBGene00011832,ORTH,bgal-1,5
7801,MP:0001706,DISO,abnormal left-right axis patterning,1
7802,HGNC:6912,GENE,MATR3,3
7803,WBPhenotype:0001411,DISO,cuticle carbohydrate surface variant,1
7804,MGI:1922855,ORTH,Kdm5b,5
7805,HP:0010602,DISO,Type 2 muscle fiber predominance,1
7806,ZP:0001332,DISO,"neural plate increased width, abnormal",1
7807,MP:0003417,DISO,premature endochondral bone ossification,1
7808,MP:0001272,DISO,increased metastatic potential,1
7809,MP:0002680,DISO,decreased corpora lutea number,1
7810,ZP:0011927,DISO,"endoplasmic reticulum retinal inner nuclear layer morphology, abnormal",1
7811,RGD:1595815,ORTH,RT1-M6-2,5
7812,MP:0008498,DISO,decreased IgG3 level,1
7813,ENSEMBL:ENSCAFG00000007259,ORTH,ENSEMBL:ENSCAFG00000007259,5
7814,ZP:0000311,DISO,"apoptotic process increased occurrence, abnormal",1
7815,ENSEMBL:ENSECAG00000010419,ORTH,ENSEMBL:ENSECAG00000010419,5
7816,WBPhenotype:0000843,DISO,male mating efficiency reduced,1
7817,PomBase:SPBC530.03c,GENO,bag102,4
7818,MP:0009399,DISO,increased skeletal muscle fiber size,1
7819,FlyBase:FBgn0261797,ORTH,Dhc64C,5
7820,MP:0013600,DISO,testis degeneration,1
7821,HP:0001873,DISO,Thrombocytopenia,1
7822,ZFIN:ZDB-GENE-110401-3,ORTH,mgrn1b,5
7823,MP:0000956,DISO,decreased spinal cord size,1
7824,ZP:0002262,DISO,"vacuole notochord broken, abnormal",1
7825,Coriell:GM04287,GENO,NIGMS-GM04287,4
7826,ENSEMBL:ENSBTAG00000004556,ORTH,ENSEMBL:ENSBTAG00000004556,5
7827,ZFIN:ZDB-GENE-130530-833,ORTH,dhx30,5
7828,ENSEMBL:ENSFCAG00000007698,ORTH,ENSEMBL:ENSFCAG00000007698,5
7829,MP:0000313,DISO,abnormal cell death,1
7830,ENSEMBL:ENSBTAG00000008033,ORTH,ENSEMBL:ENSBTAG00000008033,5
7831,WBPhenotype:0000082,DISO,L2 arrest,1
7832,ZP:0000414,DISO,"ventral mandibular arch malformed, abnormal",1
7833,MP:0009625,DISO,abnormal abdominal lymph node morphology,1
7834,Xenbase:XB-GENE-974596,ORTH,psma7,5
7835,ENSEMBL:ENSECAG00000037204,ORTH,ENSEMBL:ENSECAG00000037204,5
7836,MP:0013878,DISO,abnormal ductus venosus valve topology,1
7837,ZP:0001277,DISO,"photoreceptor cell circular, abnormal",1
7838,PomBase:SPAC23D3.07,GENO,pup1,4
7839,ENSEMBL:ENSCAFG00000019160,ORTH,ENSEMBL:ENSCAFG00000019160,5
7840,WBPhenotype:0002153,DISO,dsRNA processing defective,1
7841,FlyBase:FBgn0037262,ORTH,MED31,5
7842,ENSEMBL:ENSFCAG00000007328,ORTH,ENSEMBL:ENSFCAG00000007328,5
7843,ENSEMBL:ENSFCAG00000000050,ORTH,ENSEMBL:ENSFCAG00000000050,5
7844,MP:0004200,DISO,decreased fetal size,1
7845,ENSEMBL:ENSSSCG00000009126,ORTH,F1S145,5
7846,WormBase:WBGene00004415,ORTH,rpl-4,5
7847,SGD:S000002780,ORTH,VPS74,5
7848,ZP:0001445,DISO,"pronephros cystic, abnormal",1
7849,HP:0003330,DISO,Abnormal bone structure,1
7850,ZP:0001555,DISO,"tail bud decreased size, abnormal",1
7851,ZP:0004161,DISO,"nervous system apoptotic, abnormal",1
7852,ENSEMBL:ENSACAG00000012394,ORTH,ENSEMBL:ENSACAG00000012394,5
7853,MP:0009331,DISO,absent primitive node,1
7854,RGD:1305879,ORTH,Carm1,5
7855,MP:0010395,DISO,abnormal pharyngeal arch development,1
7856,OMIM:613004.0001,DISO,"HTT, (CAG)n REPEAT EXPANSION",1
7857,MP:0004228,DISO,decreased cellular sensitivity to ionizing radiation,1
7858,Coriell:GM05542,GENO,NIGMS-GM05542,4
7859,GO:0044325,PHYS,transmembrane transporter binding,6
7860,ZFIN:ZDB-GENE-000509-3,ORTH,smad3a,5
7861,HP:0011100,DISO,Intestinal atresia,1
7862,ZP:0000126,DISO,"Meckel's cartilage malformed, abnormal",1
7863,ENSEMBL:ENSCAFG00000000487,ORTH,DLA88,5
7864,ENSEMBL:ENSACAG00000005108,ORTH,ENSEMBL:ENSACAG00000005108,5
7865,ZP:0007163,DISO,"intestine well differentiated, abnormal",1
7866,ZP:0001589,DISO,"embryo development disrupted, abnormal",1
7867,FlyBase:FBgn0037121,ORTH,Rpb8,5
7868,WBPhenotype:0000070,DISO,male tail morphology variant,1
7869,SGD:S000001072,ORTH,SLT2,5
7870,ZP:0001449,DISO,"whole organism curved dorsal, abnormal",1
7871,RGD:1309018,ORTH,Eif3b,5
7872,WormBase:WBGene00006498,ORTH,ten-1,5
7873,dictyBase:DDB_G0282025,GENO,DDB0205093,4
7874,ENSEMBL:ENSBTAG00000016218,ORTH,PTGES2,5
7875,ENSEMBL:ENSGALG00000008931,ORTH,COMMD1,5
7876,ZFIN:ZDB-GENE-030131-5379,ORTH,kdm5ba,5
7877,ZFIN:ZDB-GENE-040628-3,ORTH,dlg4b,5
7878,ENSEMBL:ENSFCAG00000011994,ORTH,ENSEMBL:ENSFCAG00000011994,5
7879,WBPhenotype:0002428,DISO,intestinal degeneration,1
7880,Coriell:GM04779,GENO,NIGMS-GM04779,4
7881,MGI:1921529,ORTH,Magea14,5
7882,HP:0000713,DISO,Agitation,1
7883,dictyBase:DDB_G0281085,GENO,TFIIIA,4
7884,ZP:0005690,DISO,"margin disorganized, abnormal",1
7885,ENSEMBL:ENSPTRG00000042894,ORTH,ENSEMBL:ENSPTRG00000042894,5
7886,WBPhenotype:0000135,DISO,gene expression level high,1
7887,MP:0002939,DISO,head spot,1
7888,MGI:1919439,ORTH,Bag6,5
7889,dictyBase:DDB_G0290883,GENO,DDB_G0290883,4
7890,ZP:0009405,DISO,"erythrocyte maturation delayed, abnormal",1
7891,ZP:0018640,DISO,"atrium increased distribution, abnormal",1
7892,ENSEMBL:ENSCAFG00000013641,ORTH,ENSEMBL:ENSCAFG00000013641,5
7893,ZFIN:ZDB-GENE-040426-1272,ORTH,ddb1,5
7894,ENSEMBL:ENSCAFG00000025599,ORTH,ENSEMBL:ENSCAFG00000025599,5
7895,ZFIN:ZDB-GENE-030131-2066,ORTH,sin3ab,5
7896,ENSEMBL:ENSPTRG00000052287,ORTH,ENSEMBL:ENSPTRG00000052287,5
7897,MGI:2143994,ORTH,Psme4,5
7898,ENSEMBL:ENSMMUG00000018258,ORTH,ENSEMBL:ENSMMUG00000018258,5
7899,dictyBase:DDB_G0278341,GENO,DDB0205386,4
7900,ZP:0002703,DISO,"larval locomotory behavior arrested, abnormal",1
7901,MP:0009109,DISO,decreased pancreas weight,1
7902,RGD:68337,ORTH,Htt,5
7903,ENSEMBL:ENSECAG00000017077,ORTH,ENSEMBL:ENSECAG00000017077,5
7904,ENSEMBL:ENSACAG00000009764,ORTH,ENSEMBL:ENSACAG00000009764,5
7905,ZP:0002810,DISO,"swimming behavior decreased process quality, abnormal",1
7906,ZFIN:ZDB-GENE-060512-329,ORTH,commd1,5
7907,ZP:0004231,DISO,"cranial cartilage hypoplastic, abnormal",1
7908,dictyBase:DDB_G0273439,GENO,ap2a1-1,4
7909,ENSEMBL:ENSMODG00000015810,ORTH,ENSEMBL:ENSMODG00000015810,5
7910,MGI:1351338,ORTH,Grm1,5
7911,ENSEMBL:ENSOANG00000045435,ORTH,ENSEMBL:ENSOANG00000045435,5
7912,ENSEMBL:ENSMMUG00000008045,ORTH,ENSEMBL:ENSMMUG00000008045,5
7913,MP:0002269,DISO,muscular atrophy,1
7914,MP:0000512,DISO,intestinal ulcer,1
7915,ENSEMBL:ENSGALG00000037953,ORTH,TUBA1A,5
7916,RGD:2322065,ORTH,LOC100360491,5
7917,MP:0004203,DISO,abnormal cranial flexure morphology,1
7918,WBPhenotype:0002521,DISO,gap junction plaque number increased,1
7919,MP:0002661,DISO,abnormal corpus epididymis morphology,1
7920,HP:0012115,DISO,Hepatitis,1
7921,FBcv:0002004,DISO,increased mortality,1
7922,FBcv:0000665,DISO,abnormal body size,1
7923,ZP:0137603,DISO,"cardiac ventricle inverted, abnormal",1
7924,ENSEMBL:ENSMODG00000025182,ORTH,ENSEMBL:ENSMODG00000025182,5
7925,dbSNP:rs79029191,GENO,rs79029191-?,4
7926,Coriell:GM04691,GENO,NIGMS-GM04691,4
7927,WBPhenotype:0001923,DISO,fewer seam cells,1
7928,ZP:0008036,DISO,"slow muscle cell decreased diameter, abnormal",1
7929,WBPhenotype:0001949,DISO,diakinesis region organization variant,1
7930,WormBase:WBGene00001683,ORTH,gpd-1,5
7931,ZP:0003847,DISO,"kinocilium neuromast decreased length, abnormal",1
7932,ENSEMBL:ENSECAG00000021091,ORTH,ENSEMBL:ENSECAG00000021091,5
7933,ENSEMBL:ENSGALG00000006045,ORTH,SH3GL3,5
7934,GO:0006915,PHYS,apoptotic process,6
7935,ENSEMBL:ENSECAG00000009721,ORTH,ENSEMBL:ENSECAG00000009721,5
7936,SGD:S000002256,ORTH,SNU23,5
7937,ENSEMBL:ENSECAG00000029531,ORTH,ENSEMBL:ENSECAG00000029531,5
7938,MP:0004165,DISO,abnormal lateral geniculate nucleus morphology,1
7939,HP:0003563,DISO,Decreased LDL cholesterol concentration,1
7940,MP:0000249,DISO,abnormal blood vessel physiology,1
7941,ENSEMBL:ENSACAG00000015583,ORTH,ENSEMBL:ENSACAG00000015583,5
7942,ZP:0006356,DISO,"retinal rod cell aplastic, abnormal",1
7943,MP:0005329,DISO,abnormal myocardium layer morphology,1
7944,ZP:0000239,DISO,"whole organism immobile, abnormal",1
7945,ENSEMBL:ENSFCAG00000001874,ORTH,ENSEMBL:ENSFCAG00000001874,5
7946,RGD:61893,ORTH,Pfkp,5
7947,APO:0000112,DISO,inviable,1
7948,WormBase:WBGene00006760,ORTH,unc-23,5
7949,FlyBase:FBgn0010051,ORTH,Itpr,5
7950,ZFIN:ZDB-GENE-061110-16,ORTH,crppa,5
7951,ZP:0007181,DISO,"mitochondrion muscle cell broken, abnormal",1
7952,Xenbase:XB-GENE-999052,ORTH,hypk,5
7953,MONARCH:APO_0000089APO_0000002,GENO,budding index:abnormal,4
7954,ENSEMBL:ENSFCAG00000035227,ORTH,ENSEMBL:ENSFCAG00000035227,5
7955,ZP:0000527,DISO,"brain hemorrhagic, abnormal",1
7956,PomBase:SPCC1919.15,GENO,brl1,4
7957,ENSEMBL:ENSSSCG00000014860,ORTH,MAP6,5
7958,ENSEMBL:ENSMMUG00000022831,ORTH,ENSEMBL:ENSMMUG00000022831,5
7959,ENSEMBL:ENSACAG00000007097,ORTH,ENSEMBL:ENSACAG00000007097,5
7960,ENSEMBL:ENSMMUG00000009698,ORTH,ENSEMBL:ENSMMUG00000009698,5
7961,MP:0000164,DISO,abnormal cartilage development,1
7962,SGD:S000004198,ORTH,SEC13,5
7963,MGI:5897176,ORTH,Tg(CAG-Ppard*E411P)#Als; Tg(Nes-cre)1Kln [B6J.Cg-Tg(Nes-cre)1Kln Tg(CAG-Ppard*E411P)#Als],5
7964,MP:0001489,DISO,decreased startle reflex,1
7965,MONARCH:APO_0000193APO_0000004,GENO,resistance to enzymatic treatment:increased,4
7966,MP:0009453,DISO,enhanced contextual conditioning behavior,1
7967,SGD:S000001855,ORTH,ACT1,5
7968,MP:0003083,DISO,abnormal tibialis anterior morphology,1
7969,ENSEMBL:ENSMODG00000019055,ORTH,ENSEMBL:ENSMODG00000019055,5
7970,ENSEMBL:ENSPTRG00000019196,ORTH,ENSEMBL:ENSPTRG00000019196,5
7971,WBPhenotype:0000520,DISO,morphology phenotype,1
7972,ZP:0137225,DISO,"CaP motoneuron amplitude neuromuscular synaptic transmission, abnormal",1
7973,MGI:1919558,ORTH,Brf1,5
7974,MP:0001380,DISO,reduced male mating frequency,1
7975,FlyBase:FBgn0037717,ORTH,CG8301,5
7976,WBPhenotype:0000081,DISO,L1 arrest,1
7977,Coriell:GM06274,GENO,NIGMS-GM06274,4
7978,ZFIN:ZDB-GENE-991019-4,ORTH,kif23,5
7979,MP:0013294,DISO,prenatal lethality prior to heart atrial septation,1
7980,RGD:1564259,ORTH,Adgb,5
7981,ENSEMBL:ENSACAG00000011908,ORTH,ENSEMBL:ENSACAG00000011908,5
7982,HGNC:5253,GENE,HSP90AA1,3
7983,HP:0007495,DISO,Prematurely aged appearance,1
7984,FlyBase:FBgn0033987,ORTH,ckn,5
7985,FBcv:0000683,DISO,abnormal temperature response,1
7986,WBPhenotype:0000655,DISO,GABA synaptic transmission variant,1
7987,ENSEMBL:ENSSSCG00000015140,ORTH,HSPA8,5
7988,ZP:0018546,DISO,"whole organism increased amount, abnormal",1
7989,MP:0001716,DISO,abnormal placenta labyrinth morphology,1
7990,MGI:3723505,ORTH,Tg(HD)63Aron [involves: C57BL/6 * SJL],5
7991,MONARCH:APO_0000220APO_0000003,GENO,necrotic cell death:decreased,4
7992,HGNC:25501,GENE,BSDC1,3
7993,MGI:95915,ORTH,H2-M3,5
7994,GO:0006890,PHYS,"retrograde vesicle-mediated transport, Golgi to endoplasmic reticulum",6
7995,MP:0005165,DISO,increased susceptibility to injury,1
7996,MP:0006026,DISO,dilated terminal bronchiole tubes,1
7997,EFO:0008409,GENO,susceptibility to scarlet fever measurement,4
7998,FlyBase:FBgn0033038,ORTH,CG7791,5
7999,HP:0002533,DISO,Abnormal posturing,1
8000,ZP:0101303,DISO,"ventral region forebrain increased amount, abnormal",1
8001,HP:0000576,DISO,Centrocecal scotoma,1
8002,ENSEMBL:ENSFCAG00000000438,ORTH,ENSEMBL:ENSFCAG00000000438,5
8003,ENSEMBL:ENSGALG00000026421,ORTH,ENSEMBL:ENSGALG00000026421,5
8004,MGI:103251,ORTH,Acly,5
8005,EFO:0005213,GENO,central corneal thickness,4
8006,RGD:3397,ORTH,Prkcg,5
8007,ZP:0011933,DISO,"retina increased process quality apoptotic process, abnormal",1
8008,RGD:69353,ORTH,Ech1,5
8009,ENSEMBL:ENSECAG00000021637,ORTH,ENSEMBL:ENSECAG00000021637,5
8010,ENSEMBL:ENSMODG00000015062,ORTH,ENSEMBL:ENSMODG00000015062,5
8011,ZFIN:ZDB-GENE-040426-1038,ORTH,psmd6,5
8012,WormBase:WBGene00003807,ORTH,npr-1,5
8013,WBPhenotype:0000229,DISO,small,1
8014,ZP:0001125,DISO,"brain apoptotic, abnormal",1
8015,HP:0000969,DISO,Edema,1
8016,RGD:2441,ORTH,Ctbp1,5
8017,WormBase:WBGene00003599,ORTH,nhl-3,5
8018,ENSEMBL:ENSMMUG00000010581,ORTH,ENSEMBL:ENSMMUG00000010581,5
8019,ENSEMBL:ENSFCAG00000022134,ORTH,ENSEMBL:ENSFCAG00000022134,5
8020,ZP:0003114,DISO,"Kupffer's vesicle morphology, abnormal",1
8021,MP:0005030,DISO,absent amnion,1
8022,ENSEMBL:ENSSSCG00000012913,ORTH,PPP1CA,5
8023,ZP:0002078,DISO,"spinal cord decreased length, abnormal",1
8024,ENSEMBL:ENSOANG00000007213,ORTH,ENSEMBL:ENSOANG00000007213,5
8025,Xenbase:XB-GENE-6085075,ORTH,rasa1,5
8026,FlyBase:FBgn0011817,ORTH,nmo,5
8027,ENSEMBL:ENSPTRG00000013021,ORTH,ENSEMBL:ENSPTRG00000013021,5
8028,ZP:0010449,DISO,"Z disc myotome disorganized, abnormal",1
8029,SGD:S000005888,ORTH,PRT1,5
8030,ZP:0100537,DISO,"facial nerve motor nucleus decreased occurrence motor neuron migration, abnormal",1
8031,ENSEMBL:ENSCAFG00000001886,ORTH,H9GW49,5
8032,ENSEMBL:ENSFCAG00000025054,ORTH,ENSEMBL:ENSFCAG00000025054,5
8033,HP:0001942,DISO,Metabolic acidosis,1
8034,NCBIGene:108181672,GENE,LOC108181672,3
8035,ENSEMBL:ENSSSCG00000028278,ORTH,POLR2A,5
8036,ENSEMBL:ENSBTAG00000017125,ORTH,ENSEMBL:ENSBTAG00000017125,5
8037,ENSEMBL:ENSMMUG00000018821,ORTH,ENSEMBL:ENSMMUG00000018821,5
8038,ZFIN:ZDB-GENE-030131-6898,ORTH,hnrnpm,5
8039,MP:0008194,DISO,abnormal memory B cell physiology,1
8040,dictyBase:DDB_G0290831,GENO,rabK3,4
8041,RGD:1304556,ORTH,Actg1,5
8042,ENSEMBL:ENSFCAG00000038081,ORTH,ENSEMBL:ENSFCAG00000038081,5
8043,ZP:0006800,DISO,"blood decreased volume, abnormal",1
8044,ENSEMBL:ENSACAG00000006042,ORTH,ENSEMBL:ENSACAG00000006042,5
8045,WormBase:WBGene00013883,ORTH,npr-13,5
8046,Xenbase:XB-GENE-970899,ORTH,xrcc6,5
8047,FlyBase:FBgn0039373,ORTH,BcDNA:AT16150,5
8048,Coriell:GM04719,GENO,NIGMS-GM04719,4
8049,ENSEMBL:ENSSSCG00000015867,ORTH,ENSEMBL:ENSSSCG00000015867,5
8050,ENSEMBL:ENSECAG00000024368,ORTH,ENSEMBL:ENSECAG00000024368,5
8051,MP:0001515,DISO,abnormal grip strength,1
8052,ENSEMBL:ENSECAG00000002265,ORTH,ENSEMBL:ENSECAG00000002265,5
8053,WBPhenotype:0000122,DISO,post translational processing variant,1
8054,WBPhenotype:0000075,DISO,cuticle attachment variant,1
8055,RGD:1561661,ORTH,RGD1561661,5
8056,dictyBase:DDB_G0286481,GENO,DDB_G0286481,4
8057,MP:0001005,DISO,abnormal retinal rod cell morphology,1
8058,MP:0005220,DISO,abnormal exocrine pancreas morphology,1
8059,HGNC:14339,GENE,PLEKHA4,3
8060,ENSEMBL:ENSECAG00000013294,ORTH,ENSEMBL:ENSECAG00000013294,5
8061,ZFIN:ZDB-GENE-061220-6,ORTH,ncdn,5
8062,RGD:3738,ORTH,Sp1,5
8063,WBPhenotype:0000433,DISO,DNA synthesis variant,1
8064,WBPhenotype:0001292,DISO,body wall muscle physiology variant,1
8065,MONARCH:APO_0000193APO_0000003,GENO,resistance to enzymatic treatment:decreased,4
8066,RGD:620305,ORTH,Hip1,5
8067,ENSEMBL:ENSECAG00000019757,ORTH,ENSEMBL:ENSECAG00000019757,5
8068,MP:0008806,DISO,increased circulating amylase level,1
8069,MGI:3698855,ORTH,Htt<tm2Msl>/Htt<tm2Msl> [involves: 129S1/Sv * C57BL/6J],5
8070,MGI:1345184,ORTH,Tenm2,5
8071,ENSEMBL:ENSFCAG00000027866,ORTH,ENSEMBL:ENSFCAG00000027866,5
8072,ZFIN:ZDB-GENE-040426-1298,ORTH,pias4b,5
8073,ENSEMBL:ENSSSCG00000024694,ORTH,TAF4,5
8074,MP:0013523,DISO,increased memory-marker CD4-positive NK T cell number,1
8075,MGI:5441507,ORTH,Neil1<tm1Bjor>/Neil1<tm1Bjor>; Tg(HDexon1)61Gpb [involves: C57BL/6 * C57BL/6J * CBA],5
8076,MP:0008673,DISO,decreased interleukin-13 secretion,1
8077,ENSEMBL:ENSGALG00000041380,ORTH,ENSEMBL:ENSGALG00000041380,5
8078,HGNC:16760,GENE,COPS7B,3
8079,MGI:109192,ORTH,Actn2,5
8080,ENSEMBL:ENSMODG00000016396,ORTH,ENSEMBL:ENSMODG00000016396,5
8081,FlyBase:FBgn0004177,ORTH,mts,5
8082,ZP:0005613,DISO,"erythroblast immature, abnormal",1
8083,ENSEMBL:ENSGALG00000000909,ORTH,ENSEMBL:ENSGALG00000000909,5
8084,SGD:S000001171,ORTH,ARP1,5
8085,Coriell:GM05538,GENO,NIGMS-GM05538,4
8086,Xenbase:XB-GENE-974453,ORTH,tardbp,5
8087,ENSEMBL:ENSOANG00000042741,ORTH,ENSEMBL:ENSOANG00000042741,5
8088,ENSEMBL:ENSGALG00000040908,ORTH,HIP1,5
8089,MGI:1277151,ORTH,Snca,5
8090,ZFIN:ZDB-GENE-030131-1949,ORTH,usp8,5
8091,ZP:0013230,DISO,"larval development process quality, abnormal",1
8092,dictyBase:DDB_G0269926,GENO,DDB0190676,4
8093,ZP:0002497,DISO,"retina layer formation process quality, abnormal",1
8094,FlyBase:FBgn0041191,ORTH,Rheb,5
8095,ENSEMBL:ENSFCAG00000013525,ORTH,ENSEMBL:ENSFCAG00000013525,5
8096,ENSEMBL:ENSECAG00000019763,ORTH,ENSEMBL:ENSECAG00000019763,5
8097,MONARCH:APO_0000110APO_0000117,GENO,competitive fitness:normal,4
8098,ENSEMBL:ENSOANG00000050636,ORTH,ENSEMBL:ENSOANG00000050636,5
8099,MP:0004090,DISO,abnormal sarcomere morphology,1
8100,MGI:5617271,ORTH,Htt<tm1Hay>/Htt<tm1Hay>; Tg(HTT*97Q)IXwy; Tg(YAC18)18Hay/Tg(YAC18)18Hay [FVB.Cg-Htt<tm1Hay> Tg(HTT*97Q)IXwy Tg(YAC18)18Hay],5
8101,ENSEMBL:ENSGALG00000012526,ORTH,PRPF40A,5
8102,MP:0009713,DISO,enhanced conditioned place preference behavior,1
8103,ENSEMBL:ENSMMUG00000018284,ORTH,ENSEMBL:ENSMMUG00000018284,5
8104,HP:0005180,DISO,Tricuspid regurgitation,1
8105,WBPhenotype:0000145,DISO,fertility phenotype,1
8106,WormBase:WBGene00004816,ORTH,skr-10,5
8107,ENSEMBL:ENSSSCG00000017260,ORTH,WIPI1,5
8108,HGNC:7104,GENE,MIPEP,3
8109,HGNC:3999,GENE,FTL,3
8110,ENSEMBL:ENSACAG00000013769,ORTH,ENSEMBL:ENSACAG00000013769,5
8111,MP:0009674,DISO,decreased birth weight,1
8112,ENSEMBL:ENSACAG00000010161,ORTH,ENSEMBL:ENSACAG00000010161,5
8113,HP:0002020,DISO,Gastroesophageal reflux,1
8114,ENSEMBL:ENSOANG00000039239,ORTH,ENSEMBL:ENSOANG00000039239,5
8115,ZFIN:ZDB-GENE-070912-487,ORTH,ftr38,5
8116,RGD:620079,ORTH,Ppp1r10,5
8117,ZFIN:ZDB-GENE-041014-35,ORTH,stx7l,5
8118,ZP:0100106,DISO,"actin-based cell projection peridermal cell decreased length, abnormal",1
8119,ZP:0001934,DISO,"hatching arrested, abnormal",1
8120,MONARCH:APO_0000277APO_0000005,GENO,prion loss:absent,4
8121,ZFIN:ZDB-GENE-030131-1280,ORTH,pik3r1,5
8122,ZP:0010099,DISO,"pharyngeal arch 2 mislocalised ventrally, abnormal",1
8123,ENSEMBL:ENSMMUG00000007972,ORTH,ENSEMBL:ENSMMUG00000007972,5
8124,HP:0003324,DISO,Generalized muscle weakness,1
8125,WBPhenotype:0002105,DISO,late endosome localization variant,1
8126,ENSEMBL:ENSCAFG00000012212,ORTH,ENSEMBL:ENSCAFG00000012212,5
8127,ZP:0002696,DISO,"retinal cone cell absent, abnormal",1
8128,dictyBase:DDB_G0290833,GENO,rabK1,4
8129,FlyBase:FBgn0033029,ORTH,Not3,5
8130,MGI:1858258,ORTH,Eif3g,5
8131,RGD:621458,ORTH,Nefl,5
8132,WormBase:WBGene00022617,ORTH,ZC477.2,5
8133,ZP:0100009,DISO,"whole organism quality, abnormal",1
8134,FBcv:0006002,DISO,decreased fecundity,1
8135,EFO:0004348,GENO,hematocrit,4
8136,EnsemblGenome:AT3G50000,ORTH,EnsemblGenome:AT3G50000,5
8137,RGD:1559726,ORTH,RGD1559726,5
8138,MP:0006052,DISO,cerebellum hemorrhage,1
8139,PomBase:SPBC13E7.10c,GENO,brf1,4
8140,ENSEMBL:ENSSSCG00000004190,ORTH,STX7,5
8141,dbSNPIndividual:22189,GENO,46;XY;add(2)(pter->q?31::?);der(6)(6pter->6q?13::2q?14.1->2qter)[5]/46;XY[15].arr(1-22)x2;(XY)x1 [GM04693],4
8142,MGI:2446632,ORTH,Ago2,5
8143,ENSEMBL:ENSMMUG00000010668,ORTH,ENSEMBL:ENSMMUG00000010668,5
8144,ENSEMBL:ENSBTAG00000011067,ORTH,IL17RA,5
8145,MP:0001154,DISO,seminiferous tubule degeneration,1
8146,ENSEMBL:ENSCAFG00000015920,ORTH,HAP1,5
8147,Xenbase:XB-GENE-969023,ORTH,usp8,5
8148,ENSEMBL:ENSPTRG00000018826,ORTH,ENSEMBL:ENSPTRG00000018826,5
8149,Coriell:GM06423,GENO,NIGMS-GM06423,4
8150,XPO:0103702,GENO,abnormal bending of tail,4
8151,HGNC:20254,GENE,MGRN1,3
8152,ENSEMBL:ENSSSCG00000026153,ORTH,ENSEMBL:ENSSSCG00000026153,5
8153,RGD:1311923,ORTH,Chd3,5
8154,ENSEMBL:ENSSSCG00000000204,ORTH,PRPF40B,5
8155,HP:0007265,DISO,Absent mesencephalon,1
8156,NCBIGene:110438533,GENE,LOC110438533,3
8157,ENSEMBL:ENSFCAG00000040321,ORTH,ENSEMBL:ENSFCAG00000040321,5
8158,WBPhenotype:0001384,DISO,fertility reduced,1
8159,ENSEMBL:ENSCAFG00000012509,ORTH,TAF4,5
8160,ENSEMBL:ENSGALG00000010379,ORTH,ENSEMBL:ENSGALG00000010379,5
8161,ENSEMBL:ENSSSCG00000010686,ORTH,BAG3,5
8162,Coriell:GM04853,GENO,NIGMS-GM04853,4
8163,ENSEMBL:ENSGALG00000031681,ORTH,ENSEMBL:ENSGALG00000031681,5
8164,ENSEMBL:ENSGALG00000006477,ORTH,ENSEMBL:ENSGALG00000006477,5
8165,ZP:0010453,DISO,"striated muscle myosin thick filament slow muscle cell disorganized, abnormal",1
8166,ENSEMBL:ENSPTRG00000020442,ORTH,ENSEMBL:ENSPTRG00000020442,5
8167,ZFIN:ZDB-GENE-091112-22,ORTH,pfkpa,5
8168,MONARCH:APO_0000071APO_0000003,GENO,cytokinesis:decreased,4
8169,WormBase:WBGene00003775,ORTH,nmr-2,5
8170,ENSEMBL:ENSOANG00000011328,ORTH,ENSEMBL:ENSOANG00000011328,5
8171,MP:0005265,DISO,abnormal blood urea nitrogen level,1
8172,MGI:2136841,ORTH,Morc3,5
8173,EFO:0004533,GENO,alkaline phosphatase measurement,4
8174,MGI:1925427,ORTH,Ninl,5
8175,ZP:0137375,DISO,"midbrain hindbrain boundary constriction increased angle to midbrain hindbrain boundary constriction, abnormal",1
8176,FlyBase:FBgn0261617,ORTH,nej,5
8177,WormBase:WBGene00018467,ORTH,sdpn-1,5
8178,ZP:0001091,DISO,"post-vent region increased curvature, abnormal",1
8179,WormBase:WBGene00003048,ORTH,lit-1,5
8180,ENSEMBL:ENSMODG00000012747,ORTH,ENSEMBL:ENSMODG00000012747,5
8181,Coriell:GM04223,GENO,NIGMS-GM04223,4
8182,HP:0000789,DISO,Infertility,1
8183,ENSEMBL:ENSRNOG00000004662,ORTH,M0R6L9,5
8184,ENSEMBL:ENSOANG00000047427,ORTH,ENSEMBL:ENSOANG00000047427,5
8185,MP:0005168,DISO,abnormal female meiosis,1
8186,ENSEMBL:ENSECAG00000023181,ORTH,ENSEMBL:ENSECAG00000023181,5
8187,ENSEMBL:ENSFCAG00000044104,ORTH,ENSEMBL:ENSFCAG00000044104,5
8188,ENSEMBL:ENSOANG00000014580,ORTH,ENSEMBL:ENSOANG00000014580,5
8189,HP:0000633,DISO,Decreased lacrimation,1
8190,dictyBase:DDB_G0271282,GENO,csn7,4
8191,ENSEMBL:ENSPTRG00000023652,ORTH,ENSEMBL:ENSPTRG00000023652,5
8192,MP:0005455,DISO,increased susceptibility to weight gain,1
8193,ENSEMBL:ENSOANG00000046842,ORTH,ENSEMBL:ENSOANG00000046842,5
8194,Coriell:GM04724,GENO,NIGMS-GM04724,4
8195,ENSEMBL:ENSECAG00000009104,ORTH,ENSEMBL:ENSECAG00000009104,5
8196,ZP:0008618,DISO,"retinal photoreceptor layer poorly differentiated, abnormal",1
8197,ENSEMBL:ENSFCAG00000007682,ORTH,ENSEMBL:ENSFCAG00000007682,5
8198,HP:0011019,DISO,Abnormality of chromosome condensation,1
8199,MP:0010249,DISO,lactation failure,1
8200,ENSEMBL:ENSSSCG00000009290,ORTH,MIPEP,5
8201,ZP:0007158,DISO,"blood island has fewer parts of type hematopoietic stem cell, abnormal",1
8202,MGI:3779381,ORTH,Gm11127,5
8203,ENSEMBL:ENSPTRG00000001203,ORTH,ENSEMBL:ENSPTRG00000001203,5
8204,ZFIN:ZDB-GENE-040122-3,ORTH,rab5ab,5
8205,MP:0011032,DISO,impaired branching involved in terminal bronchiole morphogenesis,1
8206,ENSEMBL:ENSRNOG00000028592,ORTH,RGD1562451,5
8207,FlyBase:FBgn0033027,ORTH,TpnC4,5
8208,Xenbase:XB-GENE-6067221,ORTH,pik3r1,5
8209,WormBase:WBGene00011326,ORTH,T01D3.1,5
8210,ENSEMBL:ENSGALG00000014786,ORTH,ENSEMBL:ENSGALG00000014786,5
8211,MP:0011969,DISO,abnormal circulating triglyceride level,1
8212,ENSEMBL:ENSPTRG00000022118,ORTH,ENSEMBL:ENSPTRG00000022118,5
8213,ENSEMBL:ENSOANG00000007418,ORTH,ENSEMBL:ENSOANG00000007418,5
8214,ZP:0004624,DISO,"cardiac conduction disrupted, abnormal",1
8215,MP:0001447,DISO,abnormal nest building behavior,1
8216,WBPhenotype:0000306,DISO,transgene expression variant,1
8217,MP:0002784,DISO,abnormal Sertoli cell morphology,1
8218,MGI:95606,ORTH,Xrcc6,5
8219,ENSEMBL:ENSBTAG00000015779,ORTH,ENSEMBL:ENSBTAG00000015779,5
8220,ENSEMBL:ENSGALG00000030411,ORTH,PSMA7,5
8221,ENSEMBL:ENSSSCG00000004074,ORTH,OPRM1,5
8222,ENSEMBL:ENSFCAG00000005513,ORTH,ENSEMBL:ENSFCAG00000005513,5
8223,MP:0008587,DISO,short photoreceptor outer segment,1
8224,HP:0001260,DISO,Dysarthria,1
8225,MONARCH:APO_0000028APO_0000004,GENO,invasive growth:increased,4
8226,ENSEMBL:ENSCAFG00000004894,ORTH,RHEB,5
8227,MGI:96623,ORTH,Itpr1,5
8228,HP:0012705,DISO,Abnormal metabolic brain imaging by MRS,1
8229,MGI:3605549,ORTH,Adgb,5
8230,Coriell:GM03864,GENO,NIGMS-GM03864,4
8231,MP:0009336,DISO,increased splenocyte proliferation,1
8232,HGNC:8510,GENE,OSTF1,3
8233,ENSEMBL:ENSECAG00000003368,ORTH,ENSEMBL:ENSECAG00000003368,5
8234,ENSEMBL:ENSSSCG00000000502,ORTH,CNOT2,5
8235,dictyBase:DDB_G0276913,GENO,DDB0168332,4
8236,ENSEMBL:ENSSSCG00005032795,ORTH,ENSEMBL:ENSSSCG00005032795,5
8237,MP:0010838,DISO,"increased CD8-positive, alpha-beta memory T cell number",1
8238,FlyBase:FBgn0004103,ORTH,Pp1-87B,5
8239,MP:0004521,DISO,abnormal cochlear hair cell stereociliary bundle morphology,1
8240,MP:0013672,DISO,decreased mature NK cell number,1
8241,MP:0003058,DISO,increased insulin secretion,1
8242,MGI:1276527,ORTH,H2-M10.4,5
8243,ENSEMBL:ENSACAG00000006478,ORTH,ENSEMBL:ENSACAG00000006478,5
8244,ENSEMBL:ENSSSCG00000010481,ORTH,ENSEMBL:ENSSSCG00000010481,5
8245,WBPhenotype:0001133,DISO,division axis defective,1
8246,MP:0005352,DISO,small cranium,1
8247,FBcv:0000349,DISO,viable,1
8248,ZP:0007543,DISO,"pharyngeal arch hypoplastic, abnormal",1
8249,RGD:2643,ORTH,Xrcc6,5
8250,WBPhenotype:0001141,DISO,nucleus reforms cell division remnant early emb,1
8251,FlyBase:FBgn0028688,ORTH,Rpn7,5
8252,MONARCH:APO_0000041APO_0000002,GENO,sporulation:abnormal,4
8253,WBPhenotype:0001873,DISO,meiotic spindle assembly defective,1
8254,HGNC:28783,GENE,CMC1,3
8255,ENSEMBL:ENSRNOG00000022174,ORTH,D3ZME3,5
8256,dictyBase:DDB_G0290359,GENO,DDB0219543,4
8257,ENSEMBL:ENSMODG00000024179,ORTH,ENSEMBL:ENSMODG00000024179,5
8258,ENSEMBL:ENSOANG00000000318,ORTH,ENSEMBL:ENSOANG00000000318,5
8259,PomBase:SPAC589.10c,GENO,ubi5,4
8260,Xenbase:XB-GENE-1011796,ORTH,fan1,5
8261,ENSEMBL:ENSSSCG00000023437,ORTH,ITPR1,5
8262,ZP:0106015,DISO,"oligodendrocyte central nervous system decreased amount, abnormal",1
8263,Coriell:GM05030,GENO,NIGMS-GM05030,4
8264,WormBase:WBGene00006528,ORTH,tba-1,5
8265,MP:0000286,DISO,abnormal mitral valve morphology,1
8266,ENSEMBL:ENSFCAG00000039185,ORTH,ENSEMBL:ENSFCAG00000039185,5
8267,MP:0000495,DISO,abnormal colon morphology,1
8268,MGI:1338074,ORTH,Ikbkg,5
8269,ENSEMBL:ENSACAG00000002692,ORTH,ENSEMBL:ENSACAG00000002692,5
8270,MGI:5052380,ORTH,Tg(HTT*/EGFP)190Nn [involves: C57BL/6 * DBA/2],5
8271,MGI:1919159,ORTH,Haus5,5
8272,WBPhenotype:0000715,DISO,muscle excess,1
8273,dictyBase:DDB_G0288707,GENO,DDB0188064,4
8274,ZP:0001065,DISO,"pharyngeal arch cartilage absent, abnormal",1
8275,ENSEMBL:ENSMODG00000003815,ORTH,ENSEMBL:ENSMODG00000003815,5
8276,ENSEMBL:ENSMODG00000013302,ORTH,ENSEMBL:ENSMODG00000013302,5
8277,MGI:3698041,ORTH,Htt<tm5Mem>/Htt<+> [involves: 129S1/Sv * 129X1/SvJ * CD-1],5
8278,FlyBase:FBgn0041103,ORTH,nht,5
8279,FlyBase:FBgn0032935,ORTH,Atg18b,5
8280,EFO:0009942,GENO,Glucocorticoid use measurement,4
8281,WBPhenotype:0000699,DISO,vulva development variant,1
8282,ZP:0102473,DISO,"cilium retina absent, abnormal",1
8283,ZFIN:ZDB-GENE-031002-33,ORTH,pfn1,5
8284,MP:0010662,DISO,abnormal intersomitic artery morphology,1
8285,ENSEMBL:ENSECAG00000007532,ORTH,ENSEMBL:ENSECAG00000007532,5
8286,MONARCH:APO_0000032APO_0000004,GENO,mating response:increased,4
8287,HP:0032410,DISO,Bilateral generalized polymicrogyria,1
8288,ENSEMBL:ENSOANG00000005959,ORTH,ENSEMBL:ENSOANG00000005959,5
8289,WBPhenotype:0002323,DISO,backward point velocity variant,1
8290,dictyBase:DDB_G0294569,GENO,DDB_G0294569,4
8291,PomBase:SPBC215.08c,GENO,arg4,4
8292,ENSEMBL:ENSFCAG00000019287,ORTH,ENSEMBL:ENSFCAG00000019287,5
8293,MONARCH:APO_0000063APO_0000003,GENO,colony size:decreased,4
8294,WormBase:WBGene00004827,ORTH,skr-21,5
8295,ENSEMBL:ENSECAG00000037420,ORTH,ENSEMBL:ENSECAG00000037420,5
8296,ZP:0006343,DISO,"endoplasmic reticulum intestinal epithelium dilated, abnormal",1
8297,ENSEMBL:ENSCAFG00000011417,ORTH,LOC100856765,5
8298,ENSEMBL:ENSSSCG00000012604,ORTH,ENSEMBL:ENSSSCG00000012604,5
8299,ENSEMBL:ENSACAG00000016106,ORTH,ENSEMBL:ENSACAG00000016106,5
8300,MGI:1276524,ORTH,H2-M10.3,5
8301,ZP:0004266,DISO,"axis elongation decreased process quality, abnormal",1
8302,RGD:1311626,ORTH,Ube2k,5
8303,MGI:103288,ORTH,Polr1c,5
8304,ENSEMBL:ENSMODG00000015156,ORTH,ENSEMBL:ENSMODG00000015156,5
8305,FlyBase:FBgn0035533,ORTH,Cip4,5
8306,HP:0002352,DISO,Leukoencephalopathy,1
8307,MP:0005029,DISO,abnormal amnion morphology,1
8308,MP:0005290,DISO,decreased oxygen consumption,1
8309,ENSEMBL:ENSOANG00000002485,ORTH,ENSEMBL:ENSOANG00000002485,5
8310,Xenbase:XB-GENE-495303,ORTH,hsp90aa1.1,5
8311,ENSEMBL:ENSSSCG00000013554,ORTH,TRIP10,5
8312,ZP:0019054,DISO,"forebrain increased occurrence cell death, abnormal",1
8313,ENSEMBL:ENSPTRG00000007345,ORTH,ENSEMBL:ENSPTRG00000007345,5
8314,ENSEMBL:ENSMMUG00000009222,ORTH,ENSEMBL:ENSMMUG00000009222,5
8315,MGI:1924555,ORTH,Wdr82,5
8316,Xenbase:XB-GENE-988694,ORTH,prpf40a,5
8317,ZFIN:ZDB-GENE-031007-6,ORTH,dmxl2,5
8318,HGNC:12631,GENE,USP8,3
8319,ENSEMBL:ENSACAG00000005534,ORTH,ENSEMBL:ENSACAG00000005534,5
8320,dbSNP:rs2024115,GENO,rs2024115-G,4
8321,ENSEMBL:ENSCAFG00000019840,ORTH,ENSEMBL:ENSCAFG00000019840,5
8322,ENSEMBL:ENSMODG00000037600,ORTH,ENSEMBL:ENSMODG00000037600,5
8323,ENSEMBL:ENSPTRG00000018684,ORTH,ENSEMBL:ENSPTRG00000018684,5
8324,ZP:0019993,DISO,"ventral region whole organism increased distribution, abnormal",1
8325,ZP:0000138,DISO,"chondrocyte disorganized, abnormal",1
8326,MP:0000379,DISO,decreased hair follicle number,1
8327,dictyBase:DDB_G0267744,GENO,DDB_G0267744,4
8328,MGI:101921,ORTH,Ap2a1,5
8329,FlyBase:FBgn0023174,ORTH,Prosbeta2,5
8330,ENSEMBL:ENSPTRG00000043790,ORTH,ENSEMBL:ENSPTRG00000043790,5
8331,WBPhenotype:0001979,DISO,gonad vesiculated,1
8332,ZP:0001236,DISO,"midbrain hindbrain boundary morphology, abnormal",1
8333,ENSEMBL:ENSMMUG00000014408,ORTH,ENSEMBL:ENSMMUG00000014408,5
8334,ZFIN:ZDB-GENE-040426-2575,ORTH,ctnnb2,5
8335,ENSEMBL:ENSGALG00000039830,ORTH,DHX30,5
8336,ENSEMBL:ENSMMUG00000008696,ORTH,ENSEMBL:ENSMMUG00000008696,5
8337,WBPhenotype:0001877,DISO,nuclear membrane morphology variant,1
8338,MP:0000550,DISO,abnormal forelimb morphology,1
8339,WBPhenotype:0001355,DISO,gonad morphology variant,1
8340,Xenbase:XB-GENE-964820,ORTH,rpl13,5
8341,ENSEMBL:ENSGALG00000004222,ORTH,HK1,5
8342,FlyBase:FBgn0031443,ORTH,Prosbeta4R2,5
8343,MP:0003310,DISO,reduced cochlear modiolus,1
8344,WormBase:WBGene00001333,ORTH,erm-1,5
8345,dictyBase:DDB_G0289507,GENO,act25,4
8346,ZP:0010097,DISO,"neuromast lateral line decreased amount, abnormal",1
8347,HGNC:6572,GENE,LGI1,3
8348,GO:0099524,PHYS,postsynaptic cytosol,6
8349,WBPhenotype:0002314,DISO,turning frequency reduced,1
8350,ENSEMBL:ENSBTAG00000018463,ORTH,ENSEMBL:ENSBTAG00000018463,5
8351,MP:0000270,DISO,abnormal heart tube morphology,1
8352,ENSEMBL:ENSOANG00000000711,ORTH,ENSEMBL:ENSOANG00000000711,5
8353,ENSEMBL:ENSRNOG00000030963,ORTH,ENSEMBL:ENSRNOG00000030963,5
8354,Xenbase:XB-GENE-5991273,ORTH,mr1,5
8355,ENSEMBL:ENSMODG00000045549,ORTH,ENSEMBL:ENSMODG00000045549,5
8356,MP:0009038,DISO,decreased inferior colliculus size,1
8357,ENSEMBL:ENSMMUG00000020521,ORTH,ENSEMBL:ENSMMUG00000020521,5
8358,ZFIN:ZDB-GENE-990415-258,ORTH,sod1,5
8359,HP:0001639,DISO,Hypertrophic cardiomyopathy,1
8360,ENSEMBL:ENSFCAG00000029288,ORTH,ENSEMBL:ENSFCAG00000029288,5
8361,ENSEMBL:ENSSSCG00005001713,ORTH,ENSEMBL:ENSSSCG00005001713,5
8362,HP:0003361,DISO,Tryptophanuria,1
8363,WBPhenotype:0001136,DISO,embryonic morphology variant,1
8364,ENSEMBL:ENSECAG00000015533,ORTH,ENSEMBL:ENSECAG00000015533,5
8365,ZP:0000535,DISO,"atrium increased size, abnormal",1
8366,EFO:0010700,GENO,reticulocyte measurement,4
8367,HP:0000603,DISO,Central scotoma,1
8368,HP:0003146,DISO,Hypocholesterolemia,1
8369,MONDO:0005068,DISO,Myocardial infarction,1
8370,ENSEMBL:ENSSSCG00000011342,ORTH,ENSEMBL:ENSSSCG00000011342,5
8371,ENSEMBL:ENSMMUG00000006996,ORTH,ENSEMBL:ENSMMUG00000006996,5
8372,WBPhenotype:0001690,DISO,constitutive larval display,1
8373,ENSEMBL:ENSOANG00000008738,ORTH,ENSEMBL:ENSOANG00000008738,5
8374,ZFIN:ZDB-GENE-060825-152,ORTH,mhc1uka,5
8375,ENSEMBL:ENSFCAG00000035418,ORTH,ENSEMBL:ENSFCAG00000035418,5
8376,MONARCH:APO_0000059APO_0000002,GENO,vacuolar morphology:abnormal,4
8377,ENSEMBL:ENSGALG00000009280,ORTH,ENSEMBL:ENSGALG00000009280,5
8378,SGD:S000005560,ORTH,AKR2,5
8379,ENSEMBL:ENSOANG00000004069,ORTH,ENSEMBL:ENSOANG00000004069,5
8380,ZP:0000324,DISO,"whole organism decreased size, abnormal",1
8381,MP:0005300,DISO,abnormal corneal stroma morphology,1
8382,MP:0004770,DISO,abnormal synaptic vesicle recycling,1
8383,ENSEMBL:ENSSSCG00000001229,ORTH,LOC100513601,5
8384,MP:0030947,DISO,increased myoblast proliferation,1
8385,MGI:1347070,ORTH,Psma7,5
8386,ENSEMBL:ENSOANG00000003663,ORTH,ENSEMBL:ENSOANG00000003663,5
8387,ZP:0003047,DISO,"cardiac ventricle hypertrophic, abnormal",1
8388,MP:0010320,DISO,increased pituitary gland tumor incidence,1
8389,dictyBase:DDB_G0271122,GENO,ufd1,4
8390,ZFIN:ZDB-GENE-030909-13,ORTH,tktb,5
8391,ZP:0106674,DISO,"hypermethylation of CpG island increased occurrence, abnormal",1
8392,MGI:1346879,ORTH,Map3k10,5
8393,MGI:3584454,ORTH,Emx1<tm1(cre)Ito>; Gt(ROSA)26Sor<tm1(HD*103Q)Xwy> [involves: 129S1/Sv * 129X1/SvJ * C57BL/6 * SJL],5
8394,MP:0005551,DISO,abnormal eye electrophysiology,1
8395,HP:0005736,DISO,Short tibia,1
8396,MP:0005389,DISO,reproductive system phenotype,1
8397,MP:0003231,DISO,abnormal placenta vasculature,1
8398,dictyBase:DDB_G0281569,GENO,tor,4
8399,ZFIN:ZDB-GENE-081027-5,ORTH,tenm2,5
8400,HP:0003477,DISO,Peripheral axonal neuropathy,1
8401,FlyBase:FBgn0036790,ORTH,AstC-R1,5
8402,ENSEMBL:ENSMODG00000019685,ORTH,ENSEMBL:ENSMODG00000019685,5
8403,ENSEMBL:ENSMODG00000002058,ORTH,ENSEMBL:ENSMODG00000002058,5
8404,ENSEMBL:ENSACAG00000007305,ORTH,ENSEMBL:ENSACAG00000007305,5
8405,Xenbase:XB-GENE-941589,ORTH,vat1,5
8406,dictyBase:DDB_G0289505,GENO,act24,4
8407,dictyBase:DDB_G0278867,GENO,DDB0206250,4
8408,ENSEMBL:ENSSSCG00000023126,ORTH,TARDBP,5
8409,HP:0012304,DISO,Hypoplastic aortic arch,1
8410,MP:0008280,DISO,abnormal male germ cell apoptosis,1
8411,ENSEMBL:ENSSSCG00000028878,ORTH,BCAR1,5
8412,HP:0011106,DISO,Hypovolemia,1
8413,ENSEMBL:ENSMMUG00000003218,ORTH,ENSEMBL:ENSMMUG00000003218,5
8414,ZP:0019273,DISO,"pronephros decreased occurrence multi-ciliated epithelial cell differentiation, abnormal",1
8415,ENSEMBL:ENSSSCG00000001701,ORTH,HSP90AB1,5
8416,ENSEMBL:ENSMODG00000015693,ORTH,ENSEMBL:ENSMODG00000015693,5
8417,WBPhenotype:0001152,DISO,pronuclear migration defective early emb,1
8418,ZFIN:ZDB-GENE-030131-2513,ORTH,rnaset2,5
8419,MGI:1913690,ORTH,Cdc26,5
8420,ZFIN:ZDB-GENE-040426-2953,ORTH,ipo9,5
8421,ZP:0100741,DISO,"rhombomere 4 has extra parts of type facial nerve motor nucleus neuron projection motor neuron, abnormal",1
8422,MGI:1917946,ORTH,Magea9,5
8423,FlyBase:FBgn0000439,ORTH,Dfd,5
8424,ENSEMBL:ENSGALG00000054686,ORTH,ENSEMBL:ENSGALG00000054686,5
8425,WBPhenotype:0001685,DISO,postsynaptic region morphology variant,1
8426,ZP:0013585,DISO,"serotonin metabolic process process quality, abnormal",1
8427,ENSEMBL:ENSACAG00000029354,ORTH,ENSEMBL:ENSACAG00000029354,5
8428,MP:0000577,DISO,absent eccrine glands,1
8429,MP:0013189,DISO,abnormal exploration in a new environment,1
8430,MP:0009779,DISO,enhanced behavioral response to anesthetic,1
8431,WormBase:WBGene00012115,ORTH,T28B8.4,5
8432,ENSEMBL:ENSPTRG00000047939,ORTH,ENSEMBL:ENSPTRG00000047939,5
8433,MP:0008212,DISO,absent mature B cells,1
8434,ENSEMBL:ENSSSCG00000005935,ORTH,AGO2,5
8435,PomBase:SPAC22G7.09c,GENO,nup45,4
8436,WBPhenotype:0002596,DISO,sleep deprivation-induced brood size reduction suppressed,1
8437,RGD:1561576,ORTH,Zfyve19,5
8438,HGNC:9195,GENE,POLR2H,3
8439,MGI:5429554,ORTH,Tg(YAC128)53Hay [B6.FVB-Tg(YAC128)53Hay],5
8440,ENSEMBL:ENSMMUG00000030824,ORTH,ENSEMBL:ENSMMUG00000030824,5
8441,RGD:68373,ORTH,Ruvbl1,5
8442,EFO:0009941,GENO,Inhalant adrenergic use measurement,4
8443,ZFIN:ZDB-GENE-041114-7,ORTH,opa1,5
8444,ENSEMBL:ENSMODG00000016454,ORTH,ENSEMBL:ENSMODG00000016454,5
8445,ENSEMBL:ENSCAFG00000000226,ORTH,HBS1L,5
8446,ENSEMBL:ENSPTRG00000046356,ORTH,ENSEMBL:ENSPTRG00000046356,5
8447,ENSEMBL:ENSECAG00000013197,ORTH,ENSEMBL:ENSECAG00000013197,5
8448,FlyBase:CG42724,ORTH,FlyBase:CG42724,5
8449,MP:0013392,DISO,Meibomian gland inflammation,1
8450,ZP:0000050,DISO,"optic tectum decreased size, abnormal",1
8451,ZP:0000309,DISO,"pigment cell decreased amount, abnormal",1
8452,ENSEMBL:ENSMMUG00000007948,ORTH,ENSEMBL:ENSMMUG00000007948,5
8453,ENSEMBL:ENSMMUG00000010908,ORTH,ENSEMBL:ENSMMUG00000010908,5
8454,HP:0009020,DISO,Exercise-induced muscle fatigue,1
8455,FlyBase:FBgn0033238,ORTH,azot,5
8456,MP:0008346,DISO,increased gamma-delta T cell number,1
8457,ENSEMBL:ENSACAG00000007521,ORTH,ENSEMBL:ENSACAG00000007521,5
8458,Xenbase:XB-GENE-1014070,ORTH,msh3,5
8459,ENSEMBL:ENSOANG00000015350,ORTH,ENSEMBL:ENSOANG00000015350,5
8460,HP:0000160,DISO,Narrow mouth,1
8461,MP:0004748,DISO,increased susceptibility to age-related hearing loss,1
8462,ENSEMBL:ENSMODG00000000203,ORTH,ENSEMBL:ENSMODG00000000203,5
8463,dictyBase:DDB_G0275091,GENO,DDB0167426,4
8464,MP:0000260,DISO,abnormal angiogenesis,1
8465,Xenbase:XB-GENE-6455973,ORTH,ubl4a,5
8466,WBPhenotype:0000154,DISO,reduced brood size,1
8467,Xenbase:XB-GENE-920944,ORTH,map3k10,5
8468,ENSEMBL:ENSBTAG00000001476,ORTH,ENSEMBL:ENSBTAG00000001476,5
8469,HP:0001667,DISO,Right ventricular hypertrophy,1
8470,MP:0002739,DISO,abnormal olfactory bulb development,1
8471,ENSEMBL:ENSPTRG00000050744,ORTH,ENSEMBL:ENSPTRG00000050744,5
8472,ENSEMBL:ENSECAG00000003192,ORTH,ENSEMBL:ENSECAG00000003192,5
8473,ENSEMBL:ENSMMUG00000004794,ORTH,ENSEMBL:ENSMMUG00000004794,5
8474,ENSEMBL:ENSMMUG00000011906,ORTH,ENSEMBL:ENSMMUG00000011906,5
8475,ZFIN:ZDB-GENE-130206-5,ORTH,mhc1zka,5
8476,ZFIN:ZDB-GENE-040927-6,ORTH,cnot3a,5
8477,HP:0012638,DISO,Abnormal nervous system physiology,1
8478,ENSEMBL:ENSACAG00000004276,ORTH,ENSEMBL:ENSACAG00000004276,5
8479,ENSEMBL:ENSMODG00000018721,ORTH,ENSEMBL:ENSMODG00000018721,5
8480,RGD:1305531,ORTH,Hspa12a,5
8481,WBPhenotype:0001215,DISO,germ cell mitosis variant,1
8482,RGD:1359292,ORTH,RT1-CE10,5
8483,ENSEMBL:ENSMODG00000002259,ORTH,ENSEMBL:ENSMODG00000002259,5
8484,ENSEMBL:ENSOANG00000046146,ORTH,ENSEMBL:ENSOANG00000046146,5
8485,MP:0001496,DISO,audiogenic seizures,1
8486,HP:0001357,DISO,Plagiocephaly,1
8487,MGI:1915585,ORTH,Ift20,5
8488,MP:0001565,DISO,abnormal circulating phosphate level,1
8489,MP:0008142,DISO,decreased small intestinal villus size,1
8490,HP:0100790,DISO,Hernia,1
8491,FlyBase:FBgn0010424,ORTH,TpnC73F,5
8492,ZP:0001383,DISO,"retinal outer plexiform layer morphology, abnormal",1
8493,MP:0008960,DISO,abnormal axon pruning,1
8494,MP:0001385,DISO,pup cannibalization,1
8495,MGI:1349723,ORTH,Pabpc2,5
8496,ZP:0003856,DISO,"mitochondrion Mauthner neuron swollen, abnormal",1
8497,MP:0004936,DISO,impaired branching involved in ureteric bud morphogenesis,1
8498,Coriell:GM04209,GENO,NIGMS-GM04209,4
8499,MP:0011100,DISO,"preweaning lethality, complete penetrance",1
8500,ENSEMBL:ENSMODG00000014285,ORTH,ENSEMBL:ENSMODG00000014285,5
8501,ENSEMBL:ENSACAG00000004779,ORTH,ENSEMBL:ENSACAG00000004779,5
8502,WBPhenotype:0002369,DISO,sister cell division timing asynchrony reduced,1
8503,Coriell:GM04818,GENO,NIGMS-GM04818,4
8504,ZP:0001147,DISO,"mandibular arch skeleton aplastic, abnormal",1
8505,ENSEMBL:ENSACAG00000014472,ORTH,ENSEMBL:ENSACAG00000014472,5
8506,Xenbase:XB-GENE-992494,ORTH,acly,5
8507,HP:0007334,DISO,Bilateral tonic-clonic seizure with focal onset,1
8508,WormBase:WBGene00003401,ORTH,mpk-1,5
8509,WBPhenotype:0002420,DISO,chromatin modification variant,1
8510,MP:0011207,DISO,absent ectoplacental cavity,1
8511,ZFIN:ZDB-GENE-040426-2548,ORTH,ranbp1,5
8512,MONARCH:APO_0000309APO_0000003,GENO,respiratory growth:decreased,4
8513,ENSEMBL:ENSPTRG00000006775,ORTH,ENSEMBL:ENSPTRG00000006775,5
8514,HGNC:2345,GENE,CREB1,3
8515,ENSEMBL:ENSSSCG00000007803,ORTH,TUFM,5
8516,MP:0008154,DISO,decreased diameter of humerus,1
8517,ENSEMBL:ENSECAG00000015953,ORTH,ENSEMBL:ENSECAG00000015953,5
8518,ENSEMBL:ENSMODG00000014659,ORTH,ENSEMBL:ENSMODG00000014659,5
8519,EnsemblGenome:AT1G54390,ORTH,EnsemblGenome:AT1G54390,5
8520,MP:0002823,DISO,abnormal rib development,1
8521,WBPhenotype:0001413,DISO,bacterially unswollen,1
8522,MP:0009542,DISO,decreased thymocyte apoptosis,1
8523,FBcv:0000435,DISO,abnormal neuroanatomy,1
8524,MP:0003047,DISO,abnormal thoracic vertebrae morphology,1
8525,WormBase:WBGene00021644,ORTH,Y47G6A.18,5
8526,ZP:0006340,DISO,"neuroepithelial cell retinal pigmented epithelium disorganized, abnormal",1
8527,ENSEMBL:ENSOANG00000042128,ORTH,ENSEMBL:ENSOANG00000042128,5
8528,HP:0002170,DISO,Intracranial hemorrhage,1
8529,HGNC:10011,GENE,RHEB,3
8530,HP:0000444,DISO,Convex nasal ridge,1
8531,ENSEMBL:ENSGALG00000004834,ORTH,ENSEMBL:ENSGALG00000004834,5
8532,ENSEMBL:ENSMMUG00000055610,ORTH,ENSEMBL:ENSMMUG00000055610,5
8533,WormBase:WBGene00004093,ORTH,ppw-1,5
8534,PomBase:SPAC323.02c,GENO,pup2,4
8535,RGD:620072,ORTH,Elp1,5
8536,ZFIN:ZDB-GENE-070912-399,ORTH,si:dkey-181m9.8,5
8537,HP:0004303,DISO,Abnormal muscle fiber morphology,1
8538,HP:0012864,DISO,Abnormal sperm morphology,1
8539,MP:0010278,DISO,increased glioma incidence,1
8540,Xenbase:XB-GENE-5892016,ORTH,bsdc1,5
8541,MP:0006269,DISO,abnormal mammary gland growth during pregnancy,1
8542,ZP:0007017,DISO,"slow muscle cell broken, abnormal",1
8543,dictyBase:DDB_G0289197,GENO,H2Av3,4
8544,HP:0010784,DISO,Uterine neoplasm,1
8545,PomBase:SPAC1B9.02c,GENO,sck1,4
8546,ENSEMBL:ENSECAG00000009702,ORTH,ENSEMBL:ENSECAG00000009702,5
8547,ZP:0001126,DISO,"brain malformed, abnormal",1
8548,ENSEMBL:ENSACAG00000008018,ORTH,ENSEMBL:ENSACAG00000008018,5
8549,ENSEMBL:ENSCAFG00000011570,ORTH,ENSEMBL:ENSCAFG00000011570,5
8550,ENSEMBL:ENSGALG00000005699,ORTH,ENSEMBL:ENSGALG00000005699,5
8551,Coriell:GM04199,GENO,NIGMS-GM04199,4
8552,ENSEMBL:ENSGALG00000005121,ORTH,ENSEMBL:ENSGALG00000005121,5
8553,HP:0007018,DISO,Attention deficit hyperactivity disorder,1
8554,ENSEMBL:ENSECAG00000010011,ORTH,ENSEMBL:ENSECAG00000010011,5
8555,MP:0004818,DISO,increased skeletal muscle mass,1
8556,HP:0002032,DISO,Esophageal atresia,1
8557,ZP:0000190,DISO,"optic fissure closure incomplete, abnormal",1
8558,MONARCH:APO_0000326APO_0000003,GENO,desiccation resistance:decreased,4
8559,ENSEMBL:ENSSSCG00000011758,ORTH,A0A287AK55,5
8560,ENSEMBL:ENSMMUG00000008174,ORTH,ENSEMBL:ENSMMUG00000008174,5
8561,ENSEMBL:ENSMMUG00000007309,ORTH,ENSEMBL:ENSMMUG00000007309,5
8562,WormBase:WBGene00004882,ORTH,smg-4,5
8563,ENSEMBL:ENSECAG00000032232,ORTH,ENSEMBL:ENSECAG00000032232,5
8564,WBPhenotype:0001329,DISO,curly,1
8565,MGI:98932,ORTH,Vim,5
8566,FlyBase:FBgn0042178,ORTH,Apl,5
8567,ENSEMBL:ENSACAG00000006524,ORTH,ENSEMBL:ENSACAG00000006524,5
8568,MONARCH:APO_0000241APO_0000003,GENO,freeze-thaw resistance:decreased,4
8569,MP:0020916,DISO,increased susceptibility to Herpesvirales infection,1
8570,WBPhenotype:0002347,DISO,forward locomotion decreased,1
8571,HP:0011297,DISO,Abnormal digit morphology,1
8572,MONARCH:APO_0000085APO_0000003,GENO,UV resistance:decreased,4
8573,ENSEMBL:ENSPTRG00000018860,ORTH,ENSEMBL:ENSPTRG00000018860,5
8574,RGD:621826,ORTH,Pfn2,5
8575,MP:0001302,DISO,eyelids open at birth,1
8576,MP:0009766,DISO,increased sensitivity to xenobiotic induced morbidity/mortality,1
8577,ENSEMBL:ENSFCAG00000000623,ORTH,ENSEMBL:ENSFCAG00000000623,5
8578,PomBase:SPBC12C2.08,GENO,dnm1,4
8579,ENSEMBL:ENSOANG00000049226,ORTH,ENSEMBL:ENSOANG00000049226,5
8580,HP:0100261,DISO,Abnormal tendon morphology,1
8581,ZP:0018480,DISO,"neuronal cell body motor neuron mislocalised, abnormal",1
8582,ENSEMBL:ENSBTAG00000016590,ORTH,NME4,5
8583,SGD:S000000171,ORTH,SSA3,5
8584,dictyBase:DDB_G0269236,GENO,rab7A,4
8585,MP:0014115,DISO,cognitive inflexibility,1
8586,MGI:1277186,ORTH,Atg5,5
8587,ENSEMBL:ENSMODG00000009033,ORTH,ENSEMBL:ENSMODG00000009033,5
8588,WormBase:WBGene00017641,ORTH,csr-1,5
8589,ZFIN:ZDB-GENE-031001-1,ORTH,hspa12a,5
8590,Xenbase:XB-GENE-6044422,ORTH,map1b,5
8591,ENSEMBL:ENSCAFG00000010674,ORTH,EIF3I,5
8592,ENSEMBL:ENSOANG00000002684,ORTH,ENSEMBL:ENSOANG00000002684,5
8593,ENSEMBL:ENSCAFG00000023463,ORTH,ITPR1,5
8594,ENSEMBL:ENSSSCG00000014126,ORTH,MSH3,5
8595,ENSEMBL:ENSOANG00000005845,ORTH,ENSEMBL:ENSOANG00000005845,5
8596,FlyBase:FBgn0041100,ORTH,park,5
8597,MP:0005239,DISO,abnormal Bruch membrane morphology,1
8598,MGI:3708786,ORTH,Gm10358,5
8599,MGI:1921376,ORTH,Syvn1,5
8600,ENSEMBL:ENSMMUG00000007045,ORTH,ENSEMBL:ENSMMUG00000007045,5
8601,HP:0000414,DISO,Bulbous nose,1
8602,ENSEMBL:ENSPTRG00000011769,ORTH,ENSEMBL:ENSPTRG00000011769,5
8603,ENSEMBL:ENSECAG00000000207,ORTH,ENSEMBL:ENSECAG00000000207,5
8604,HP:0008843,DISO,Hip osteoarthritis,1
8605,ZFIN:ZDB-GENE-100917-2,ORTH,plecb,5
8606,MP:0001980,DISO,abnormal chemically-elicited antinociception,1
8607,MONARCH:APO_0000098APO_0000245,GENO,utilization of carbon source:decreased rate,4
8608,MP:0002654,DISO,spongiform encephalopathy,1
8609,ZP:0106391,DISO,"pterygoid process decreased size, abnormal",1
8610,HP:0100614,DISO,Myositis,1
8611,ENSEMBL:ENSACAG00000010469,ORTH,ENSEMBL:ENSACAG00000010469,5
8612,ENSEMBL:ENSPTRG00000030674,ORTH,ENSEMBL:ENSPTRG00000030674,5
8613,ENSEMBL:ENSACAG00000016808,ORTH,ENSEMBL:ENSACAG00000016808,5
8614,ENSEMBL:ENSCAFG00000015164,ORTH,E2RRH1,5
8615,ENSEMBL:ENSGALG00000004629,ORTH,RNF216,5
8616,MP:0004957,DISO,abnormal blastocyst morphology,1
8617,ZFIN:ZDB-GENE-040426-2164,ORTH,lsm12b,5
8618,ZFIN:ZDB-GENE-120215-155,ORTH,sumo2a,5
8619,HGNC:8140,GENE,OPA1,3
8620,ENSEMBL:ENSCAFG00030004107,ORTH,ENSEMBL:ENSCAFG00030004107,5
8621,ENSEMBL:ENSFCAG00000027081,ORTH,ENSEMBL:ENSFCAG00000027081,5
8622,ENSEMBL:ENSECAG00000016653,ORTH,ENSEMBL:ENSECAG00000016653,5
8623,ZFIN:ZDB-GENE-041010-181,ORTH,zgc:101679,5
8624,ENSEMBL:ENSACAG00000012615,ORTH,ENSEMBL:ENSACAG00000012615,5
8625,ZP:0005469,DISO,"regulation of proton-transporting ATPase activity, rotational mechanism decreased process quality, abnormal",1
8626,ENSEMBL:ENSDARG00000070299,ORTH,BX942819.1,5
8627,MP:0000540,DISO,abnormal urinary bladder urothelium morphology,1
8628,HP:0006887,DISO,"Intellectual disability, progressive",1
8629,MP:0000343,DISO,abnormal response to cardiac infarction,1
8630,HP:0000465,DISO,Webbed neck,1
8631,EnsemblGenome:AT5G50870,ORTH,EnsemblGenome:AT5G50870,5
8632,RGD:1593284,ORTH,Hspa1a,5
8633,WBPhenotype:0001586,DISO,multiple anchor cells,1
8634,MP:0008128,DISO,abnormal brain internal capsule morphology,1
8635,ENSEMBL:ENSOANG00000009993,ORTH,ENSEMBL:ENSOANG00000009993,5
8636,WBPhenotype:0004022,DISO,amplitude of sinusoidal movement variant,1
8637,WBPhenotype:0000478,DISO,isothermal tracking behavior variant,1
8638,WBPhenotype:0001310,DISO,neuron positioning variant,1
8639,PomBase:SPBC1E8.02,GENO,SPBC1E8.02,4
8640,dictyBase:DDB_G0271860,GENO,DDB0168530,4
8641,MP:0001829,DISO,increased activated T cell number,1
8642,XPO:0131871,GENO,abnormal development of embryo,4
8643,HP:0025100,DISO,Abnormal hippocampus morphology,1
8644,ENSEMBL:ENSFCAG00000004399,ORTH,ENSEMBL:ENSFCAG00000004399,5
8645,EFO:0004574,GENO,total cholesterol measurement,4
8646,ZP:0018339,DISO,"axon glossopharyngeal ganglion malformed, abnormal",1
8647,WBPhenotype:0000696,DISO,everted vulva,1
8648,ZP:0101817,DISO,"synapse ventral root decreased amount, abnormal",1
8649,ENSEMBL:ENSBTAG00000010598,ORTH,ENSEMBL:ENSBTAG00000010598,5
8650,dictyBase:DDB_G0283567,GENO,DDB_G0283567,4
8651,EFO:0007680,GENO,gait measurement,4
8652,dictyBase:DDB_G0271750,GENO,nfaA,4
8653,HGNC:8557,GENE,PABPC4,3
8654,MGI:3698040,ORTH,Htt<tm4Mem>/Htt<+> [involves: 129S1/Sv * 129X1/SvJ * CD-1],5
8655,MP:0005217,DISO,abnormal pancreatic beta cell morphology,1
8656,ENSEMBL:ENSOANG00000005895,ORTH,ENSEMBL:ENSOANG00000005895,5
8657,HP:0012132,DISO,Erythroid hyperplasia,1
8658,ENSEMBL:ENSCAFG00000006946,ORTH,ENSEMBL:ENSCAFG00000006946,5
8659,HP:0003296,DISO,Hyperthreoninuria,1
8660,dictyBase:DDB_G0274743,GENO,pisA,4
8661,ENSEMBL:ENSMODG00000039439,ORTH,ENSEMBL:ENSMODG00000039439,5
8662,ENSEMBL:ENSPTRG00000022262,ORTH,ENSEMBL:ENSPTRG00000022262,5
8663,ENSEMBL:ENSG00000253978,ORTH,ENSEMBL:ENSG00000253978,5
8664,HP:0008959,DISO,Distal upper limb muscle weakness,1
8665,WBPhenotype:0001414,DISO,male mating defective,1
8666,WBPhenotype:0000762,DISO,spindle position defective early emb,1
8667,WormBase:WBGene00003803,ORTH,rae-1,5
8668,FlyBase:FBgn0024222,ORTH,IKKbeta,5
8669,ENSEMBL:ENSSSCG00000021834,ORTH,ERCC6L,5
8670,HP:0011224,DISO,Ablepharon,1
8671,ENSEMBL:ENSSSCG00000022659,ORTH,CLTC,5
8672,HP:0002846,DISO,Abnormal B cell morphology,1
8673,EnsemblGenome:AT2G17260,ORTH,EnsemblGenome:AT2G17260,5
8674,MP:0011208,DISO,small proamniotic cavity,1
8675,ENSEMBL:ENSPTRG00000009261,ORTH,ENSEMBL:ENSPTRG00000009261,5
8676,MP:0004679,DISO,xiphoid process foramen,1
8677,ENSEMBL:ENSOANG00000008135,ORTH,ENSEMBL:ENSOANG00000008135,5
8678,PomBase:SPBP19A11.03c,GENO,mts4,4
8679,HP:0011840,DISO,Abnormality of T cell physiology,1
8680,ENSEMBL:ENSBTAG00000006175,ORTH,KDM5B,5
8681,HP:0005266,DISO,Intestinal polyp,1
8682,WBPhenotype:0000694,DISO,hermaphrodite sterile,1
8683,ENSEMBL:ENSMODG00000011233,ORTH,ENSEMBL:ENSMODG00000011233,5
8684,FlyBase:FBgn0029176,ORTH,eEF1gamma,5
8685,ENSEMBL:ENSOANG00000007546,ORTH,ENSEMBL:ENSOANG00000007546,5
8686,ENSEMBL:ENSACAG00000007859,ORTH,ENSEMBL:ENSACAG00000007859,5
8687,WBPhenotype:0001810,DISO,oocyte septum formation variant,1
8688,MP:0009172,DISO,small pancreatic islets,1
8689,MP:0010760,DISO,abnormal macrophage chemotaxis,1
8690,ENSEMBL:ENSECAG00000024092,ORTH,ENSEMBL:ENSECAG00000024092,5
8691,ENSEMBL:ENSACAG00000028656,ORTH,ENSEMBL:ENSACAG00000028656,5
8692,MONARCH:APO_0000339APO_0000003,GENO,ribophagy:decreased,4
8693,ENSEMBL:ENSCAFG00000011750,ORTH,ENSEMBL:ENSCAFG00000011750,5
8694,dictyBase:DDB_G0292240,GENO,DDB0184288,4
8695,ENSEMBL:ENSOANG00000020714,ORTH,ENSEMBL:ENSOANG00000020714,5
8696,dictyBase:DDB_G0269544,GENO,DDB0190345,4
8697,WBPhenotype:0000770,DISO,embryonic cell morphology variant,1
8698,EFO:0004344,GENO,birth weight,4
8699,MP:0002736,DISO,abnormal nociception after inflammation,1
8700,HP:0005222,DISO,Bowel diverticulosis,1
8701,EnsemblGenome:AT1G48650,ORTH,EnsemblGenome:AT1G48650,5
8702,ZFIN:ZDB-GENE-030131-537,ORTH,ctsa,5
8703,HP:0003271,DISO,Visceromegaly,1
8704,ZP:0000382,DISO,"primary neuron tract of the postoptic commissure morphology, abnormal",1
8705,ENSEMBL:ENSPTRG00000048969,ORTH,ENSEMBL:ENSPTRG00000048969,5
8706,ENSEMBL:ENSECAG00000008684,ORTH,ENSEMBL:ENSECAG00000008684,5
8707,FBcv:0006001,DISO,increased fecundity,1
8708,ZP:0000475,DISO,"neural crest cell migration disrupted, abnormal",1
8709,FlyBase:FBgn0001217,ORTH,Hsc70-2,5
8710,ZP:0006066,DISO,"intersegmental artery increased branchiness, abnormal",1
8711,dictyBase:DDB_G0289487,GENO,act3,4
8712,Xenbase:XB-GENE-972413,ORTH,dnajb6,5
8713,ENSEMBL:ENSACAG00000001813,ORTH,ENSEMBL:ENSACAG00000001813,5
8714,WBPhenotype:0001577,DISO,mitochondria alignment variant,1
8715,ENSEMBL:ENSOANG00000011769,ORTH,ENSEMBL:ENSOANG00000011769,5
8716,ENSEMBL:ENSFCAG00000022017,ORTH,ENSEMBL:ENSFCAG00000022017,5
8717,ENSEMBL:ENSMODG00000010301,ORTH,ENSEMBL:ENSMODG00000010301,5
8718,ZP:0019799,DISO,"posterior lateral plate mesoderm decreased amount, abnormal",1
8719,MP:0006258,DISO,abnormal circumvallate papillae morphology,1
8720,ENSEMBL:ENSECAG00000022051,ORTH,ENSEMBL:ENSECAG00000022051,5
8721,WormBase:WBGene00004275,ORTH,rab-11.2,5
8722,HP:0009466,DISO,Radial deviation of finger,1
8723,RGD:2320860,ORTH,LOC100364500,5
8724,MGI:108072,ORTH,Traf6,5
8725,ENSEMBL:ENSECAG00000016050,ORTH,ENSEMBL:ENSECAG00000016050,5
8726,WBPhenotype:0000002,DISO,kinker,1
8727,ENSEMBL:ENSBTAG00000013271,ORTH,NCOR1,5
8728,HP:0030809,DISO,Abnormal tongue morphology,1
8729,HGNC:14618,GENE,XAGE3,3
8730,FlyBase:FBgn0265778,ORTH,PDZ-GEF,5
8731,MONARCH:APO_0000079APO_0000003,GENO,vacuolar transport:decreased,4
8732,ZP:0012014,DISO,"skeletal muscle myofibril skeletal muscle cell disorganized, abnormal",1
8733,MP:0030963,DISO,abnormal brain ependyma motile cilium location or orientation,1
8734,WBPhenotype:0001330,DISO,egg laying event infrequent,1
8735,ZP:0104796,DISO,"primitive heart tube increased distribution, abnormal",1
8736,APO:0000045,DISO,sterile,1
8737,HP:0002486,DISO,Myotonia,1
8738,MP:0002733,DISO,abnormal thermal nociception,1
8739,HP:0000422,DISO,Abnormal nasal bridge morphology,1
8740,MP:0010919,DISO,increased number of pulmonary neuroendocrine bodies,1
8741,Xenbase:XB-GENE-5751496,ORTH,wdr61,5
8742,MP:0008158,DISO,increased diameter of femur,1
8743,MP:0001246,DISO,mixed cellular infiltration to dermis,1
8744,ENSEMBL:ENSACAG00000014536,ORTH,ENSEMBL:ENSACAG00000014536,5
8745,ENSEMBL:ENSECAG00000038583,ORTH,ENSEMBL:ENSECAG00000038583,5
8746,MONARCH:APO_0000047APO_0000004,GENO,transposable element transposition:increased,4
8747,MP:0003644,DISO,thymus atrophy,1
8748,HGNC:50546,GENE,LINC01337,3
8749,HGNC:3493,GENE,ETV4,3
8750,MP:0000583,DISO,long toenails,1
8751,WBPhenotype:0001661,DISO,loss of asymmetry AWC,1
8752,MP:0008641,DISO,increased circulating interleukin-1 beta level,1
8753,ZFIN:ZDB-GENE-030131-458,ORTH,ipo7,5
8754,ENSEMBL:ENSMMUG00000010593,ORTH,ENSEMBL:ENSMMUG00000010593,5
8755,ENSEMBL:ENSFCAG00000003182,ORTH,ENSEMBL:ENSFCAG00000003182,5
8756,MGI:5286128,ORTH,Tg(Prnp-HTT*82Q/KRT14-EGFP)C63Dbo [Not Specified],5
8757,MP:0000784,DISO,forebrain hypoplasia,1
8758,WBPhenotype:0001099,DISO,nose twisted,1
8759,PomBase:SPBC36B7.07,GENO,tlg1,4
8760,RGD:1311936,ORTH,Rnf20,5
8761,MP:0006378,DISO,abnormal spermatogonia morphology,1
8762,HGNC:6392,GENE,KIF23,3
8763,WBPhenotype:0000295,DISO,thermotolerance increased,1
8764,FBcv:0000723,DISO,neoplasia,1
8765,MP:0001589,DISO,abnormal mean corpuscular hemoglobin,1
8766,ZP:0009339,DISO,"pectoral fin morphogenesis process quality, abnormal",1
8767,ENSEMBL:ENSACAG00000025211,ORTH,ENSEMBL:ENSACAG00000025211,5
8768,RGD:1308097,ORTH,Actn2,5
8769,HP:0030047,DISO,Abnormal lateral ventricle morphology,1
8770,ENSEMBL:ENSECAG00000023868,ORTH,ENSEMBL:ENSECAG00000023868,5
8771,ZP:0005349,DISO,"somitogenesis increased duration, abnormal",1
8772,ZP:0000368,DISO,"dorsal thalamus cellular quality, abnormal",1
8773,ZFIN:ZDB-GENE-030131-7893,ORTH,grm1a,5
8774,MP:0003954,DISO,abnormal Reichert's membrane morphology,1
8775,ENSEMBL:ENSGALG00000013962,ORTH,HBS1L,5
8776,HP:0003141,DISO,Increased LDL cholesterol concentration,1
8777,MP:0003076,DISO,increased susceptibility to ischemic brain injury,1
8778,ENSEMBL:ENSPTRG00000002998,ORTH,ENSEMBL:ENSPTRG00000002998,5
8779,ZP:0019021,DISO,"cranial skeletal system development disrupted, abnormal",1
8780,WBPhenotype:0000059,DISO,larval arrest,1
8781,WormBase:WBGene00011444,ORTH,T04F8.6,5
8782,MGI:99484,ORTH,Chuk,5
8783,ENSEMBL:ENSCAFG00000004116,ORTH,ENSEMBL:ENSCAFG00000004116,5
8784,HP:0000568,DISO,Microphthalmia,1
8785,MP:0000377,DISO,abnormal hair follicle morphology,1
8786,MP:0001353,DISO,increased aggression towards mice,1
8787,HP:0000773,DISO,Short ribs,1
8788,ENSEMBL:ENSOANG00000005852,ORTH,ENSEMBL:ENSOANG00000005852,5
8789,ZFIN:ZDB-GENE-091014-2,ORTH,plekha7b,5
8790,WormBase:WBGene00004506,ORTH,rpt-6,5
8791,ENSEMBL:ENSPTRG00000002771,ORTH,ENSEMBL:ENSPTRG00000002771,5
8792,ENSEMBL:ENSACAG00000010120,ORTH,ENSEMBL:ENSACAG00000010120,5
8793,FlyBase:FBgn0010399,ORTH,Nmdar1,5
8794,MP:0000790,DISO,abnormal stratification in cerebral cortex,1
8795,ENSEMBL:ENSFCAG00000006610,ORTH,ENSEMBL:ENSFCAG00000006610,5
8796,WormBase:WBGene00012114,ORTH,T28B8.3,5
8797,ENSEMBL:ENSECAG00000013671,ORTH,ENSEMBL:ENSECAG00000013671,5
8798,ENSEMBL:ENSFCAG00000015476,ORTH,ENSEMBL:ENSFCAG00000015476,5
8799,ENSEMBL:ENSSSCG00000008697,ORTH,HTT,5
8800,WBPhenotype:0001703,DISO,body bend variant,1
8801,MGI:95757,ORTH,Slc2a3,5
8802,ENSEMBL:ENSFCAG00000032218,ORTH,ENSEMBL:ENSFCAG00000032218,5
8803,HGNC:25530,GENE,HAUS2,3
8804,ENSEMBL:ENSPTRG00000007300,ORTH,ENSEMBL:ENSPTRG00000007300,5
8805,MP:0000378,DISO,absent hair follicles,1
8806,WBPhenotype:0002473,DISO,autophagy block,1
8807,FlyBase:FBgn0030018,ORTH,slpr,5
8808,WormBase:WBGene00004933,ORTH,sod-4,5
8809,ENSEMBL:ENSFCAG00000043362,ORTH,ENSEMBL:ENSFCAG00000043362,5
8810,ENSEMBL:ENSCAFG00000004123,ORTH,ENSEMBL:ENSCAFG00000004123,5
8811,ZP:0009527,DISO,"pectoral fin development process quality, abnormal",1
8812,ZP:0006335,DISO,"cell eye apoptotic, abnormal",1
8813,ENSEMBL:ENSOANG00000006680,ORTH,ENSEMBL:ENSOANG00000006680,5
8814,WormBase:WBGene00011381,ORTH,npr-25,5
8815,FlyBase:FBgn0050441,ORTH,IFT20,5
8816,EnsemblGenome:BAA16020,ORTH,EnsemblGenome:BAA16020,5
8817,ENSEMBL:ENSMMUG00000019902,ORTH,ENSEMBL:ENSMMUG00000019902,5
8818,HP:0003763,DISO,Bruxism,1
8819,MP:0004619,DISO,caudal vertebral fusion,1
8820,ZP:0007683,DISO,"axon secondary motor neuron morphology, abnormal",1
8821,Coriell:GM03620,GENO,NIGMS-GM03620,4
8822,ENSEMBL:ENSOANG00000014135,ORTH,ENSEMBL:ENSOANG00000014135,5
8823,ZP:0020908,DISO,"trunk decreased amount, abnormal",1
8824,EFO:0004847,GENO,age at onset,4
8825,HGNC:17002,GENE,PIAS4,3
8826,HGNC:16666,GENE,KIF9,3
8827,ENSEMBL:ENSFCAG00000002225,ORTH,ENSEMBL:ENSFCAG00000002225,5
8828,WBPhenotype:0000313,DISO,meiotic progression during oogenesis variant,1
8829,MGI:102682,ORTH,Llgl1,5
8830,ZP:0100130,DISO,"skeletal muscle myofibril skeletal muscle cell decreased amount, abnormal",1
8831,WBPhenotype:0000230,DISO,tail withered,1
8832,ZP:0003239,DISO,"facial nerve motor nucleus mislocalised anteriorly, abnormal",1
8833,ZFIN:ZDB-GENE-040718-114,ORTH,med31,5
8834,ENSEMBL:ENSOANG00000045588,ORTH,ENSEMBL:ENSOANG00000045588,5
8835,FlyBase:FBgn0267001,ORTH,Ten-a,5
8836,SGD:S000004157,ORTH,RPS31,5
8837,MP:0001053,DISO,abnormal neuromuscular synapse morphology,1
8838,ENSEMBL:ENSACAG00000005642,ORTH,ENSEMBL:ENSACAG00000005642,5
8839,HGNC:561,GENE,AP2A1,3
8840,HGNC:7106,GENE,ATXN3,3
8841,ENSEMBL:ENSMMUG00000049848,ORTH,ENSEMBL:ENSMMUG00000049848,5
8842,ENSEMBL:ENSMMUG00000009426,ORTH,ENSEMBL:ENSMMUG00000009426,5
8843,HP:0011851,DISO,Hemopericardium,1
8844,ENSEMBL:ENSFCAG00000033551,ORTH,ENSEMBL:ENSFCAG00000033551,5
8845,GO:0005769,PHYS,early endosome,6
8846,ENSEMBL:ENSSSCG00000024679,ORTH,UPF3A,5
8847,WBPhenotype:0000748,DISO,asymmetric cell division defective early emb,1
8848,ENSEMBL:ENSPTRG00000021794,ORTH,ENSEMBL:ENSPTRG00000021794,5
8849,MP:0008663,DISO,increased interleukin-12 secretion,1
8850,ENSEMBL:ENSMMUG00000011622,ORTH,ENSEMBL:ENSMMUG00000011622,5
8851,ENSEMBL:ENSFCAG00000032411,ORTH,ENSEMBL:ENSFCAG00000032411,5
8852,ZP:0130866,DISO,"thigmotaxis decreased duration, abnormal",1
8853,MGI:5429331,ORTH,Tg(YAC128)53Hay [FVB-Tg(YAC128)53Hay/J],5
8854,ENSEMBL:ENSECAG00000000796,ORTH,ENSEMBL:ENSECAG00000000796,5
8855,ZFIN:ZDB-GENE-030729-9,ORTH,lamp2,5
8856,MP:0012046,DISO,decreased susceptibility to hypertension,1
8857,ENSEMBL:ENSMODG00000008614,ORTH,ENSEMBL:ENSMODG00000008614,5
8858,MP:0001698,DISO,decreased embryo size,1
8859,WBPhenotype:0001635,DISO,excess pharyngeal cells,1
8860,HP:0001761,DISO,Pes cavus,1
8861,ENSEMBL:ENSFCAG00000050011,ORTH,ENSEMBL:ENSFCAG00000050011,5
8862,ENSEMBL:ENSECAG00000009952,ORTH,ENSEMBL:ENSECAG00000009952,5
8863,ZP:0000269,DISO,"Meckel's cartilage morphology, abnormal",1
8864,dictyBase:DDB_G0275077,GENO,pks17,4
8865,ENSEMBL:ENSCAFG00000016859,ORTH,ENSEMBL:ENSCAFG00000016859,5
8866,MP:0000706,DISO,small thymus,1
8867,MP:0020913,DISO,increased susceptibility to Riboviria infection,1
8868,Xenbase:XB-GENE-6457034,ORTH,nefm,5
8869,ENSEMBL:ENSBTAG00000020175,ORTH,ENSEMBL:ENSBTAG00000020175,5
8870,MP:0001212,DISO,skin lesions,1
8871,ENSEMBL:ENSSSCG00000032908,ORTH,PSMD7,5
8872,MP:0005241,DISO,abnormal retinal ganglion layer morphology,1
8873,WBPhenotype:0000111,DISO,pattern of gene expression variant,1
8874,ZP:0018637,DISO,"atrioventricular canal mislocalised, abnormal",1
8875,HP:0001943,DISO,Hypoglycemia,1
8876,dictyBase:DDB_G0272344,GENO,htt,4
8877,ZP:0008388,DISO,"retinal neural layer structure, abnormal",1
8878,HP:0002860,DISO,Squamous cell carcinoma,1
8879,MP:0011441,DISO,decreased kidney cell proliferation,1
8880,ENSEMBL:ENSECAG00000006289,ORTH,ENSEMBL:ENSECAG00000006289,5
8881,ZFIN:ZDB-GENE-030131-2974,ORTH,mtor,5
8882,FBcv:0000680,DISO,abnormal proboscis extension reflex,1
8883,Xenbase:XB-GENE-490910,ORTH,ranbp1,5
8884,EnsemblGenome:AT4G09320,ORTH,EnsemblGenome:AT4G09320,5
8885,ENSEMBL:ENSOANG00000008715,ORTH,ENSEMBL:ENSOANG00000008715,5
8886,MGI:95640,ORTH,Gapdh,5
8887,EFO:0004627,GENO,IGF-1 measurement,4
8888,HP:0000454,DISO,Flared nostrils,1
8889,RGD:62060,ORTH,Ogt,5
8890,Xenbase:XB-GENE-981666,ORTH,kat2b,5
8891,ENSEMBL:ENSACAG00000001712,ORTH,ENSEMBL:ENSACAG00000001712,5
8892,MGI:5564939,ORTH,Rgs9<tm1(cre)Yql>/Rgs9<+>; Tg(HTT*97Q)IXwy [involves: FVB],5
8893,MP:0010982,DISO,abnormal ureteric bud elongation,1
8894,MP:0008682,DISO,decreased interleukin-17 secretion,1
8895,SGD:S000001762,ORTH,DYN1,5
8896,dbSNPIndividual:18613,GENO,47;XY;t(1;3)(3qter->3q?21::1p?32->1qter;&#x0D;&#x0A;3pter->3q?21::1p?32->1pter);+20[8]/46;XY[12] [GM01085],4
8897,ENSEMBL:ENSFCAG00000001893,ORTH,ENSEMBL:ENSFCAG00000001893,5
8898,MP:0001236,DISO,abnormal epidermis stratum spinosum morphology,1
8899,ENSEMBL:ENSMMUG00000061659,ORTH,ENSEMBL:ENSMMUG00000061659,5
8900,APO:0000097,DISO,auxotrophy,1
8901,FlyBase:FBgn0029676,ORTH,HIP-R,5
8902,ENSEMBL:ENSPTRG00000017675,ORTH,ENSEMBL:ENSPTRG00000017675,5
8903,ZP:0012655,DISO,"axon cerebellum morphology, abnormal",1
8904,ZFIN:ZDB-GENE-030131-9631,ORTH,ogt.1,5
8905,RGD:1304771,ORTH,Cnot3,5
8906,HGNC:29858,GENE,NLK,3
8907,ENSEMBL:ENSMODG00000015222,ORTH,ENSEMBL:ENSMODG00000015222,5
8908,MP:0009385,DISO,abnormal dermal pigmentation,1
8909,ZP:0137229,DISO,"synapse CaP motoneuron decreased size, abnormal",1
8910,HGNC:2494,GENE,CTBP1,3
8911,ZFIN:ZDB-GENE-090909-2,ORTH,aclyb,5
8912,ENSEMBL:ENSACAG00000006646,ORTH,ENSEMBL:ENSACAG00000006646,5
8913,PomBase:SPBC16E9.11c,GENO,pub3,4
8914,WBPhenotype:0000290,DISO,sperm absent,1
8915,ENSEMBL:ENSACAG00000012747,ORTH,ENSEMBL:ENSACAG00000012747,5
8916,MGI:3528066,ORTH,Tg(HDexon1)62Gpb; Tgm2<tm1.1Rmgr>/Tgm2<tm1.1Rmgr> [involves: 129X1/SvJ * C57BL/6 * CBA],5
8917,ENSEMBL:ENSCAFG00000003861,ORTH,ENSEMBL:ENSCAFG00000003861,5
8918,MP:0011708,DISO,decreased fibroblast cell migration,1
8919,HP:0000776,DISO,Congenital diaphragmatic hernia,1
8920,ZFIN:ZDB-GENE-000822-3,ORTH,hoxc11b,5
8921,WBPhenotype:0000093,DISO,lineage variant,1
8922,ENSEMBL:ENSOANG00000004491,ORTH,ENSEMBL:ENSOANG00000004491,5
8923,ENSEMBL:ENSBTAG00000003757,ORTH,ENSEMBL:ENSBTAG00000003757,5
8924,EnsemblGenome:AT2G14120,ORTH,EnsemblGenome:AT2G14120,5
8925,HP:0100738,DISO,Abnormal eating behavior,1
8926,ENSEMBL:ENSMMUG00000000055,ORTH,ENSEMBL:ENSMMUG00000000055,5
8927,ENSEMBL:ENSCAFG00000031020,ORTH,ENSEMBL:ENSCAFG00000031020,5
8928,ENSEMBL:ENSGALG00000037802,ORTH,RAB2B,5
8929,EnsemblGenome:AT3G25420,ORTH,EnsemblGenome:AT3G25420,5
8930,HP:0001642,DISO,Pulmonic stenosis,1
8931,dictyBase:DDB_G0277957,GENO,DDB0204324,4
8932,ENSEMBL:ENSMODG00000048800,ORTH,ENSEMBL:ENSMODG00000048800,5
8933,MP:0004819,DISO,decreased skeletal muscle mass,1
8934,ZP:0003435,DISO,"autophagy increased occurrence, abnormal",1
8935,ENSEMBL:ENSGALG00000047314,ORTH,YF5,5
8936,ENSEMBL:ENSPTRG00000009021,ORTH,ENSEMBL:ENSPTRG00000009021,5
8937,ENSEMBL:ENSPTRG00000006073,ORTH,ENSEMBL:ENSPTRG00000006073,5
8938,ZP:0000367,DISO,"presumptive diencephalon increased size, abnormal",1
8939,ZP:0000776,DISO,"whole organism decreased life span, abnormal",1
8940,MGI:1344395,ORTH,Chd3,5
8941,ZP:0018481,DISO,"neuromuscular junction of skeletal muscle fiber myotome area, abnormal",1
8942,ENSEMBL:ENSCAFG00000030297,ORTH,GRB2,5
8943,MGI:1915881,ORTH,Cryl1,5
8944,ZP:0006380,DISO,"photoreceptor cell outer segment organization disrupted, abnormal",1
8945,HGNC:11473,GENE,MED21,3
8946,FlyBase:FBgn0029856,ORTH,CG11700,5
8947,ZP:0016609,DISO,"hepatocyte ballooning, abnormal",1
8948,ENSEMBL:ENSOANG00000040060,ORTH,ENSEMBL:ENSOANG00000040060,5
8949,RGD:1595790,ORTH,Zdhhc17,5
8950,MP:0009546,DISO,absent gastric milk in neonates,1
8951,ZP:0018482,DISO,"regulation of synaptic transmission, cholinergic decreased process quality, abnormal",1
8952,ZP:0000038,DISO,"pericardium edematous, abnormal",1
8953,ZP:0004007,DISO,"nucleus eye aggregated, abnormal",1
8954,ENSEMBL:ENSPTRG00000045225,ORTH,ENSEMBL:ENSPTRG00000045225,5
8955,FBcv:0002012,DISO,majority die during larval stage,1
8956,ZP:0102171,DISO,"anal fin development process quality, abnormal",1
8957,WBPhenotype:0000633,DISO,axon branching variant,1
8958,SGD:S000001900,ORTH,RPN11,5
8959,dictyBase:DDB_G0271682,GENO,DDB_G0271682,4
8960,ENSEMBL:ENSSSCG00000016923,ORTH,ACTBL2,5
8961,MP:0003935,DISO,abnormal craniofacial development,1
8962,WormBase:WBGene00012315,ORTH,immt-2,5
8963,ZP:0005801,DISO,"cilium olfactory pit decreased amount, abnormal",1
8964,MP:0006428,DISO,ectopic Sertoli cells,1
8965,MP:0030957,DISO,abnormal myotube morphology,1
8966,ENSEMBL:ENSMMUG00000052074,ORTH,ENSEMBL:ENSMMUG00000052074,5
8967,ENSEMBL:ENSFCAG00000036371,ORTH,ENSEMBL:ENSFCAG00000036371,5
8968,MGI:5569533,ORTH,Tg(CMV-HTT*48Q)BTag [involves: FVB/N],5
8969,ENSEMBL:ENSCAFG00000001104,ORTH,ENSEMBL:ENSCAFG00000001104,5
8970,ZFIN:ZDB-GENE-060929-368,ORTH,cnot10,5
8971,ZP:0009477,DISO,"response to starvation process quality, abnormal",1
8972,Coriell:GM01061,GENO,NIGMS-GM01061,4
8973,FlyBase:FBgn0031092,ORTH,Ech1,5
8974,MP:0004151,DISO,decreased circulating iron level,1
8975,WormBase:WBGene00009893,ORTH,F49E11.7,5
8976,ENSEMBL:ENSECAG00000007976,ORTH,ENSEMBL:ENSECAG00000007976,5
8977,Coriell:GM04799,GENO,NIGMS-GM04799,4
8978,ENSEMBL:ENSCAFG00000016418,ORTH,EIF3B,5
8979,SGD:S000003765,ORTH,APL1,5
8980,HGNC:9552,GENE,PSMC5,3
8981,MP:0005381,DISO,digestive/alimentary phenotype,1
8982,MP:0003425,DISO,abnormal optic vesicle formation,1
8983,ENSEMBL:ENSBTAG00000001069,ORTH,ENSEMBL:ENSBTAG00000001069,5
8984,ZP:0000730,DISO,"ventricular system decreased size, abnormal",1
8985,ZP:0100918,DISO,"midbrain hindbrain boundary neural plate decreased distribution, abnormal",1
8986,ZP:0101903,DISO,"facial nerve motor nucleus rhombomere 4 increased volume, abnormal",1
8987,GO:0043065,PHYS,positive regulation of apoptotic process,6
8988,FlyBase:FBgn0259794,ORTH,sinah,5
8989,ZP:0005953,DISO,"photoreceptor outer segment eye photoreceptor cell decreased amount, abnormal",1
8990,dictyBase:DDB_G0289187,GENO,H2Av1,4
8991,ENSEMBL:ENSMMUG00000019936,ORTH,ENSEMBL:ENSMMUG00000019936,5
8992,MP:0002404,DISO,increased intestinal adenoma incidence,1
8993,MGI:104816,ORTH,Hnrnpl,5
8994,ENSEMBL:ENSFCAG00000045412,ORTH,ENSEMBL:ENSFCAG00000045412,5
8995,PomBase:SPAC25G10.08,GENO,tif302,4
8996,ZP:0006387,DISO,"retinal inner nuclear layer absent, abnormal",1
8997,RGD:2406,ORTH,Bcar1,5
8998,RGD:1307754,ORTH,Wipi1,5
8999,MP:0000835,DISO,abnormal subthalamic nucleus morphology,1
9000,MP:0005191,DISO,head tilt,1
9001,ZP:0130872,DISO,"axon spinal cord decreased thickness, abnormal",1
9002,ENSEMBL:ENSMODG00000017701,ORTH,ENSEMBL:ENSMODG00000017701,5
9003,HP:0011097,DISO,Epileptic spasm,1
9004,FlyBase:FBgn0287585,ORTH,Pss,5
9005,ZFIN:ZDB-GENE-030804-3,ORTH,calm2a,5
9006,ZP:0004741,DISO,"neuron development process quality, abnormal",1
9007,ENSEMBL:ENSOANG00000001262,ORTH,ENSEMBL:ENSOANG00000001262,5
9008,ENSEMBL:ENSCAFG00000004767,ORTH,ENSEMBL:ENSCAFG00000004767,5
9009,ZP:0002190,DISO,"trunk deformed, abnormal",1
9010,ENSEMBL:ENSMODG00000006596,ORTH,ENSEMBL:ENSMODG00000006596,5
9011,ZP:0005134,DISO,"ethmoid cartilage decreased length, abnormal",1
9012,ENSEMBL:ENSACAG00000016580,ORTH,ENSEMBL:ENSACAG00000016580,5
9013,ENSEMBL:ENSSSCG00000013661,ORTH,EIF3G,5
9014,Xenbase:XB-GENE-969139,ORTH,sumo2,5
9015,ENSEMBL:ENSOANG00000014619,ORTH,ENSEMBL:ENSOANG00000014619,5
9016,ENSEMBL:ENSMMUG00000020471,ORTH,ENSEMBL:ENSMMUG00000020471,5
9017,RGD:2742,ORTH,Grm1,5
9018,WBPhenotype:0000641,DISO,activity level variant,1
9019,HP:0000023,DISO,Inguinal hernia,1
9020,WBPhenotype:0002176,DISO,seam cell morphology variant,1
9021,ENSEMBL:ENSBTAG00000010152,ORTH,ENSEMBL:ENSBTAG00000010152,5
9022,ENSEMBL:ENSBTAG00000048505,ORTH,ENSEMBL:ENSBTAG00000048505,5
9023,Xenbase:XB-GENE-993118,ORTH,mtor,5
9024,ENSEMBL:ENSPTRG00000040819,ORTH,ENSEMBL:ENSPTRG00000040819,5
9025,RGD:2081,ORTH,Akt1,5
9026,ENSEMBL:ENSMODG00000029529,ORTH,ENSEMBL:ENSMODG00000029529,5
9027,ENSEMBL:ENSACAG00000016603,ORTH,ENSEMBL:ENSACAG00000016603,5
9028,MP:0000364,DISO,abnormal vascular regression,1
9029,HP:0001363,DISO,Craniosynostosis,1
9030,ZFIN:ZDB-GENE-090821-2,ORTH,grin2ba,5
9031,MP:0006083,DISO,abnormal blood vessel elastic tissue morphology,1
9032,MP:0008339,DISO,absent thyrotrophs,1
9033,WBPhenotype:0001276,DISO,ectopic expression transgene,1
9034,GO:0005737,PHYS,cytoplasm,6
9035,ENSEMBL:ENSACAG00000001727,ORTH,ENSEMBL:ENSACAG00000001727,5
9036,HP:0032773,DISO,Focal autonomic seizure with palpitations/tachycardia/bradycardia/asystole,1
9037,ENSEMBL:ENSCAFG00000017174,ORTH,ATXN2L,5
9038,ENSEMBL:ENSRNOG00000059770,ORTH,F1M9F3,5
9039,WBPhenotype:0001569,DISO,body wall muscle myosin organization defective,1
9040,MP:0008762,DISO,embryonic lethality,1
9041,MP:0002276,DISO,abnormal lung interstitium morphology,1
9042,HP:0003219,DISO,Ethylmalonic aciduria,1
9043,MP:0001407,DISO,short stride length,1
9044,ZP:0000516,DISO,"nucleate erythrocyte immature, abnormal",1
9045,ENSEMBL:ENSCAFG00000010827,ORTH,TTC23,5
9046,FBcv:0002033,DISO,lethal - all die during embryonic stage,1
9047,MP:0002575,DISO,increased circulating ketone body level,1
9048,HP:0009121,DISO,Abnormal axial skeleton morphology,1
9049,HP:0009910,DISO,Aplasia of the middle ear ossicles,1
9050,ZP:0002724,DISO,"myosin filament slow muscle cell disorganized, abnormal",1
9051,MP:0000346,DISO,broad head,1
9052,WBPhenotype:0001349,DISO,protein phosphorylation variant,1
9053,WBPhenotype:0001781,DISO,hypersensitivity to mutagen,1
9054,ZP:0018633,DISO,"autophagosome assembly disrupted, abnormal",1
9055,WormBase:WBGene00007000,ORTH,tufm-1,5
9056,HP:0001394,DISO,Cirrhosis,1
9057,ZP:0011959,DISO,"negative regulation of neurogenesis increased occurrence, abnormal",1
9058,WBPhenotype:0000999,DISO,athermotactic,1
9059,HP:0003323,DISO,Progressive muscle weakness,1
9060,HP:0000092,DISO,Renal tubular atrophy,1
9061,HP:0009124,DISO,Abnormal adipose tissue morphology,1
9062,ENSEMBL:ENSBTAG00000016896,ORTH,HERPUD1,5
9063,Xenbase:XB-GENE-942552,ORTH,haus2,5
9064,WormBase:WBGene00006808,ORTH,unc-76,5
9065,MP:0000788,DISO,abnormal cerebral cortex morphology,1
9066,ENSEMBL:ENSOANG00000004175,ORTH,ENSEMBL:ENSOANG00000004175,5
9067,WBPhenotype:0001014,DISO,pathogen resistance increased,1
9068,ENSEMBL:ENSMMUG00000003820,ORTH,ENSEMBL:ENSMMUG00000003820,5
9069,ZP:0021480,DISO,"early endosome neural crest cell increased amount, abnormal",1
9070,MP:0000458,DISO,abnormal mandible morphology,1
9071,WormBase:WBGene00006499,ORTH,tag-153,5
9072,ENSEMBL:ENSPTRG00000002243,ORTH,ENSEMBL:ENSPTRG00000002243,5
9073,FlyBase:FBgn0035675,ORTH,CG6610,5
9074,ENSEMBL:ENSBTAG00000001762,ORTH,ENSEMBL:ENSBTAG00000001762,5
9075,ENSEMBL:ENSMMUG00000019143,ORTH,ENSEMBL:ENSMMUG00000019143,5
9076,WBPhenotype:0000777,DISO,polar body extrusion defective early emb,1
9077,MP:0006204,DISO,embryonic lethality before implantation,1
9078,ENSEMBL:ENSACAG00000012331,ORTH,ENSEMBL:ENSACAG00000012331,5
9079,ENSEMBL:ENSGALG00000010638,ORTH,ENSEMBL:ENSGALG00000010638,5
9080,ENSEMBL:ENSPTRG00000043959,ORTH,ENSEMBL:ENSPTRG00000043959,5
9081,ENSEMBL:ENSPTRG00000018307,ORTH,ENSEMBL:ENSPTRG00000018307,5
9082,ENSEMBL:ENSGALG00000007615,ORTH,ENSEMBL:ENSGALG00000007615,5
9083,RGD:621567,ORTH,Atxn3,5
9084,ENSEMBL:ENSECAG00000005884,ORTH,ENSEMBL:ENSECAG00000005884,5
9085,GO:0099523,PHYS,presynaptic cytosol,6
9086,WBPhenotype:0002282,DISO,autophagy increased,1
9087,FlyBase:FBgn0028691,ORTH,Rpn9,5
9088,ENSEMBL:ENSCAFG00000018610,ORTH,ENSEMBL:ENSCAFG00000018610,5
9089,ENSEMBL:ENSPTRG00000007393,ORTH,ENSEMBL:ENSPTRG00000007393,5
9090,ENSEMBL:ENSSSCG00025021718,ORTH,ENSEMBL:ENSSSCG00025021718,5
9091,ENSEMBL:ENSCAFG00000006455,ORTH,ENSEMBL:ENSCAFG00000006455,5
9092,HGNC:28796,GENE,MRFAP1L1,3
9093,ENSEMBL:ENSCAFG00000002451,ORTH,ZNF451,5
9094,PomBase:SPAC22F3.11c,GENO,snu23,4
9095,MP:0012484,DISO,decreased corticospinal tract size,1
9096,dictyBase:DDB_G0280121,GENO,DDB_G0280121,4
9097,RGD:1308596,ORTH,Kif23,5
9098,MGI:1351511,ORTH,Psmd7,5
9099,RGD:61846,ORTH,Psma4,5
9100,ENSEMBL:ENSOANG00000046095,ORTH,ENSEMBL:ENSOANG00000046095,5
9101,ENSEMBL:ENSOANG00000005940,ORTH,ENSEMBL:ENSOANG00000005940,5
9102,HGNC:20778,GENE,TUBB,3
9103,MGI:98731,ORTH,Tgm2,5
9104,HP:0008956,DISO,Proximal lower limb amyotrophy,1
9105,HP:0001644,DISO,Dilated cardiomyopathy,1
9106,ENSEMBL:ENSMODG00000008861,ORTH,ENSEMBL:ENSMODG00000008861,5
9107,WBPhenotype:0000297,DISO,rays fused,1
9108,MP:0003820,DISO,increased left ventricle systolic pressure,1
9109,ENSEMBL:ENSCAFG00000015959,ORTH,A0A5F4DA52,5
9110,ZP:0000473,DISO,"whole organism decreased length, abnormal",1
9111,MP:0008127,DISO,decreased dendritic cell number,1
9112,WBPhenotype:0000469,DISO,Q neuroblast lineage migration variant,1
9113,RGD:1305283,ORTH,Cmc1,5
9114,MP:0011024,DISO,abnormal branching involved in lung morphogenesis,1
9115,MGI:2152414,ORTH,Ipo7,5
9116,FBcv:0002005,DISO,lethal - all die during P-stage,1
9117,MP:0002874,DISO,decreased hemoglobin content,1
9118,MP:0008418,DISO,abnormal cutaneous elastic fiber morphology,1
9119,MP:0001719,DISO,absent vitelline blood vessels,1
9120,MP:0002656,DISO,abnormal keratinocyte differentiation,1
9121,HP:0032810,DISO,Focal sensory seizure with cephalic sensation,1
9122,WBPhenotype:0001181,DISO,accumulated somatic cell corpses,1
9123,ENSEMBL:ENSFCAG00000033628,ORTH,ENSEMBL:ENSFCAG00000033628,5
9124,ENSEMBL:ENSMODG00000005337,ORTH,ENSEMBL:ENSMODG00000005337,5
9125,MP:0000278,DISO,abnormal myocardial fiber morphology,1
9126,MGI:1860276,ORTH,Ubqln1,5
9127,HP:0010553,DISO,Oculogyric crisis,1
9128,HP:0000716,DISO,Depression,1
9129,ZP:0005772,DISO,"midbrain hindbrain boundary hemorrhagic, abnormal",1
9130,ZFIN:ZDB-GENE-040426-1004,ORTH,psmd13,5
9131,ENSEMBL:ENSRNOG00000008363,ORTH,D3ZQT0,5
9132,ENSEMBL:ENSCAFG00000019251,ORTH,ENSEMBL:ENSCAFG00000019251,5
9133,WBPhenotype:0001297,DISO,male tail development variant,1
9134,ENSEMBL:ENSFCAG00000004995,ORTH,ENSEMBL:ENSFCAG00000004995,5
9135,MONARCH:APO_0000111APO_0000004,GENO,viability:increased,4
9136,ZP:0021485,DISO,"neural crest cell process quality endocytosis, abnormal",1
9137,MP:0009146,DISO,abnormal pancreatic acinar cell morphology,1
9138,ENSEMBL:ENSACAG00000010505,ORTH,ENSEMBL:ENSACAG00000010505,5
9139,Coriell:GM05628,GENO,NIGMS-GM05628,4
9140,ZP:0002944,DISO,"swim bladder absent, abnormal",1
9141,ZFIN:ZDB-GENE-040701-1,ORTH,nlk1,5
9142,Xenbase:XB-GENE-6449994,ORTH,haus5,5
9143,ZP:0008910,DISO,"pharyngeal arch decreased amount, abnormal",1
9144,WBPhenotype:0001006,DISO,pharyngeal pumping rate variant,1
9145,HP:0008872,DISO,Feeding difficulties in infancy,1
9146,ENSEMBL:ENSECAG00000028970,ORTH,ENSEMBL:ENSECAG00000028970,5
9147,ENSEMBL:ENSECAG00000007993,ORTH,ENSEMBL:ENSECAG00000007993,5
9148,EFO:0006335,GENO,systolic blood pressure,4
9149,ENSEMBL:ENSFCAG00000015416,ORTH,ENSEMBL:ENSFCAG00000015416,5
9150,ENSEMBL:ENSECAG00000020691,ORTH,ENSEMBL:ENSECAG00000020691,5
9151,ENSEMBL:ENSMODG00000012603,ORTH,ENSEMBL:ENSMODG00000012603,5
9152,HGNC:6501,GENE,LAMP2,3
9153,ENSEMBL:ENSECAG00000017141,ORTH,ENSEMBL:ENSECAG00000017141,5
9154,ENSEMBL:ENSGALG00000013208,ORTH,ENSEMBL:ENSGALG00000013208,5
9155,MP:0004362,DISO,cochlear hair cell degeneration,1
9156,ENSEMBL:ENSCAFG00000003797,ORTH,A0A5F4CYA7,5
9157,ENSEMBL:ENSFCAG00000004901,ORTH,ENSEMBL:ENSFCAG00000004901,5
9158,MP:0012318,DISO,slow extinction of fear memory,1
9159,ENSEMBL:ENSCAFG00000032604,ORTH,ENSEMBL:ENSCAFG00000032604,5
9160,Xenbase:XB-GENE-970603,ORTH,psmb1,5
9161,MP:0005032,DISO,abnormal ectoplacental cone morphology,1
9162,WormBase:WBGene00004814,ORTH,skr-8,5
9163,ENSEMBL:ENSMMUG00000007524,ORTH,ENSEMBL:ENSMMUG00000007524,5
9164,ENSEMBL:ENSPTRG00000007065,ORTH,ENSEMBL:ENSPTRG00000007065,5
9165,HP:0010804,DISO,Tented upper lip vermilion,1
9166,FlyBase:FBgn0032516,ORTH,Ing5,5
9167,ZP:0007648,DISO,"cell division decreased occurrence, abnormal",1
9168,MONARCH:APO_0000090APO_0000004,GENO,metal resistance:increased,4
9169,ZP:0009316,DISO,"yolk protruding out of ball, abnormal",1
9170,MP:0010864,DISO,abnormal enamel knot morphology,1
9171,MP:0011298,DISO,ureter hypoplasia,1
9172,MGI:1914818,ORTH,Mrfap1,5
9173,MP:0013968,DISO,multiple persisting craniopharyngeal ducts,1
9174,MP:0002705,DISO,dilated renal tubules,1
9175,Coriell:GM04201,GENO,NIGMS-GM04201,4
9176,ZFIN:ZDB-GENE-050417-66,ORTH,polr2h,5
9177,HP:0007099,DISO,Arnold-Chiari type I malformation,1
9178,WBPhenotype:0000128,DISO,temperature induced dauer formation increased,1
9179,HGNC:6180,GENE,ITPR1,3
9180,RGD:620936,ORTH,Rab5a,5
9181,MP:0008884,DISO,abnormal enterocyte apoptosis,1
9182,MP:0000627,DISO,abnormal mammary gland morphology,1
9183,HP:0000470,DISO,Short neck,1
9184,WBPhenotype:0002322,DISO,forward point velocity increased,1
9185,MP:0010873,DISO,decreased trabecular bone mass,1
9186,MONARCH:APO_0000148APO_0000004,GENO,cold sensitivity:increased,4
9187,ENSEMBL:ENSGALG00000009111,ORTH,ENSEMBL:ENSGALG00000009111,5
9188,ZFIN:ZDB-GENE-980605-9,ORTH,ube2kb,5
9189,Xenbase:XB-GENE-483544,ORTH,nlk,5
9190,MP:0002169,DISO,no abnormal phenotype detected,1
9191,ZP:0103880,DISO,"paired fin decreased amount, abnormal",1
9192,ENSEMBL:ENSOANG00000009880,ORTH,ENSEMBL:ENSOANG00000009880,5
9193,WBPhenotype:0002477,DISO,ribosome localization variant,1
9194,MP:0020214,DISO,increased susceptibility to malignant hyperthermia,1
9195,FBcv:0000350,DISO,partially lethal - majority live,1
9196,MP:0003965,DISO,abnormal pituitary hormone level,1
9197,ENSEMBL:ENSSSCG00000037698,ORTH,TCERG1L,5
9198,MP:0006358,DISO,absent pinna reflex,1
9199,ENSEMBL:ENSECAG00000022769,ORTH,ENSEMBL:ENSECAG00000022769,5
9200,Coriell:GM04723,GENO,NIGMS-GM04723,4
9201,PomBase:SPBC582.07c,GENO,rpn7,4
9202,MP:0008329,DISO,decreased somatotroph cell number,1
9203,dictyBase:DDB_G0274301,GENO,DDB0167813,4
9204,HGNC:11834,GENE,TKT,3
9205,WBPhenotype:0001034,DISO,pronuclear nuclear appearance defective early emb,1
9206,dbSNP:rs1313771,GENO,rs1313771-C,4
9207,MONDO:0002009,DISO,major depressive disorder,1
9208,ENSEMBL:ENSOANG00000040605,ORTH,ENSEMBL:ENSOANG00000040605,5
9209,WBPhenotype:0000698,DISO,vulvaless,1
9210,ZP:0018253,DISO,"mitochondrial chromosome whole organism increased amount, abnormal",1
9211,ENSEMBL:ENSECAG00000024227,ORTH,ENSEMBL:ENSECAG00000024227,5
9212,ENSEMBL:ENSCAFG00000006611,ORTH,HOXC4,5
9213,ENSEMBL:ENSMMUG00000008296,ORTH,ENSEMBL:ENSMMUG00000008296,5
9214,ENSEMBL:ENSFCAG00000011363,ORTH,ENSEMBL:ENSFCAG00000011363,5
9215,MP:0005059,DISO,lysosomal protein accumulation,1
9216,WormBase:WBGene00016984,ORTH,npr-8,5
9217,HP:0000348,DISO,High forehead,1
9218,SGD:S000002598,ORTH,RVB1,5
9219,ZP:0008117,DISO,"myofibril myotome disorganized, abnormal",1
9220,ENSEMBL:ENSECAG00000024558,ORTH,ENSEMBL:ENSECAG00000024558,5
9221,MGI:109519,ORTH,Msh3,5
9222,WBPhenotype:0001656,DISO,distal tip cell development variant,1
9223,ENSEMBL:ENSMODG00000000956,ORTH,ENSEMBL:ENSMODG00000000956,5
9224,ENSEMBL:ENSSSCG00000001347,ORTH,ENSEMBL:ENSSSCG00000001347,5
9225,HGNC:32225,GENE,WIPI2,3
9226,ZFIN:ZDB-GENE-990415-111,ORTH,hoxc11a,5
9227,HGNC:26027,GENE,COMMD4,3
9228,ENSEMBL:ENSMODG00000005868,ORTH,ENSEMBL:ENSMODG00000005868,5
9229,FlyBase:FBgn0286508,ORTH,Had1,5
9230,HP:0000260,DISO,Wide anterior fontanel,1
9231,MP:0002805,DISO,abnormal conditioned taste aversion behavior,1
9232,MGI:3647514,ORTH,Gm7030,5
9233,Xenbase:XB-GENE-961670,ORTH,ppp1cb,5
9234,Xenbase:XB-GENE-923086,ORTH,amfr,5
9235,ENSEMBL:ENSGALG00000008590,ORTH,EEF1B2,5
9236,ENSEMBL:ENSCAFG00000006373,ORTH,A0A5F4C140,5
9237,ENSEMBL:ENSOANG00000042514,ORTH,ENSEMBL:ENSOANG00000042514,5
9238,ZP:0004703,DISO,"cell migration process quality, abnormal",1
9239,PomBase:SPAC926.04c,GENO,hsp90,4
9240,WBPhenotype:0001224,DISO,axon outgrowth variant,1
9241,WormBase:WBGene00004465,ORTH,rpn-9,5
9242,dictyBase:DDB_G0277917,GENO,mlcD,4
9243,ENSEMBL:ENSMODG00000001681,ORTH,ENSEMBL:ENSMODG00000001681,5
9244,WormBase:WBGene00011808,ORTH,T16G12.7,5
9245,HP:0000722,DISO,Obsessive-compulsive behavior,1
9246,ENSEMBL:ENSOANG00000009346,ORTH,ENSEMBL:ENSOANG00000009346,5
9247,HP:0000718,DISO,Aggressive behavior,1
9248,MP:0003702,DISO,abnormal chromosome morphology,1
9249,MP:0001625,DISO,cardiac hypertrophy,1
9250,ZP:0000374,DISO,"head apoptotic, abnormal",1
9251,ZP:0000348,DISO,"peripheral olfactory organ absent, abnormal",1
9252,MP:0010879,DISO,decreased trabecular bone volume,1
9253,ZP:0000066,DISO,"ceratobranchial cartilage absent, abnormal",1
9254,ENSEMBL:ENSFCAG00000028004,ORTH,ENSEMBL:ENSFCAG00000028004,5
9255,MP:0008325,DISO,abnormal gonadotroph morphology,1
9256,WBPhenotype:0001332,DISO,vesicle number variant,1
9257,MP:0010808,DISO,right-sided stomach,1
9258,ENSEMBL:ENSXETG00000035922,ORTH,ENSEMBL:ENSXETG00000035922,5
9259,ZP:0009836,DISO,"secondary motor neuron decreased process quality axon extension, abnormal",1
9260,FBcv:0000382,DISO,non-suppressor of variegation,1
9261,PomBase:SPAC19G12.06c,GENO,hta2,4
9262,WBPhenotype:0001375,DISO,transgene expression undetectable,1
9263,MP:0003062,DISO,abnormal coping response,1
9264,HGNC:37276,GENE,CRPPA,3
9265,MP:0011940,DISO,decreased food intake,1
9266,ENSEMBL:ENSMODG00000013903,ORTH,ENSEMBL:ENSMODG00000013903,5
9267,EnsemblGenome:AT4G14800,ORTH,EnsemblGenome:AT4G14800,5
9268,WormBase:WBGene00013415,ORTH,ilcr-1,5
9269,ENSEMBL:ENSOANG00000009712,ORTH,ENSEMBL:ENSOANG00000009712,5
9270,MGI:1921393,ORTH,Opa1,5
9271,ENSEMBL:ENSOANG00000007878,ORTH,ENSEMBL:ENSOANG00000007878,5
9272,MONARCH:APO_0000034APO_0000117,GENO,mating efficiency:normal,4
9273,ENSEMBL:ENSPTRG00000014959,ORTH,ENSEMBL:ENSPTRG00000014959,5
9274,ENSEMBL:ENSSSCG00000016974,ORTH,ENSEMBL:ENSSSCG00000016974,5
9275,ENSEMBL:ENSMMUG00000047378,ORTH,ENSEMBL:ENSMMUG00000047378,5
9276,MP:0009760,DISO,abnormal mitotic spindle morphology,1
9277,ENSEMBL:ENSSSCG00000003413,ORTH,ENSEMBL:ENSSSCG00000003413,5
9278,WBPhenotype:0001495,DISO,cell division precocious,1
9279,ZP:0100010,DISO,"anatomical system quality, abnormal",1
9280,WBPhenotype:0002346,DISO,forward locomotion increased,1
9281,ZP:0000406,DISO,"sensory system quality, abnormal",1
9282,ENSEMBL:ENSPTRG00000017505,ORTH,ENSEMBL:ENSPTRG00000017505,5
9283,ZP:0003230,DISO,"whole organism pigmented, abnormal",1
9284,MP:0008146,DISO,asymmetric sternocostal joints,1
9285,MP:0008874,DISO,decreased physiological sensitivity to xenobiotic,1
9286,MP:0005319,DISO,abnormal enzyme/coenzyme level,1
9287,ENSEMBL:ENSFCAG00000041348,ORTH,ENSEMBL:ENSFCAG00000041348,5
9288,ZP:0003851,DISO,"mitochondrion whole organism decreased functionality, abnormal",1
9289,WBPhenotype:0000683,DISO,masculinization of germline,1
9290,ENSEMBL:ENSCAFG00000018974,ORTH,F1PXS7,5
9291,dictyBase:DDB_G0279667,GENO,H2AX,4
9292,RGD:619747,ORTH,Stx7,5
9293,RGD:1564760,ORTH,Hmg20a,5
9294,MONARCH:APO_0000266APO_0000249,GENO,cell cycle progression in S phase:delayed,4
9295,MP:0005463,DISO,"abnormal CD4-positive, alpha-beta T cell physiology",1
9296,HP:0200058,DISO,Angiosarcoma,1
9297,ENSEMBL:ENSMODG00000002800,ORTH,ENSEMBL:ENSMODG00000002800,5
9298,ZFIN:ZDB-GENE-040426-2695,ORTH,actr1,5
9299,RGD:1307794,ORTH,Bag3,5
9300,ENSEMBL:ENSMODG00000023523,ORTH,ENSEMBL:ENSMODG00000023523,5
9301,ENSEMBL:ENSGALG00000011809,ORTH,GRIN2B,5
9302,ENSEMBL:ENSECAG00000019246,ORTH,ENSEMBL:ENSECAG00000019246,5
9303,SGD:S000000517,ORTH,GBP2,5
9304,WBPhenotype:0000824,DISO,embryonic cell lineage variant,1
9305,MGI:88145,ORTH,Bdnf,5
9306,MONARCH:APO_0000224APO_0000005,GENO,RNA accumulation:absent,4
9307,ENSEMBL:ENSGALG00000010766,ORTH,ENSEMBL:ENSGALG00000010766,5
9308,MP:0009321,DISO,increased histiocytic sarcoma incidence,1
9309,ZFIN:ZDB-GENE-131127-579,ORTH,taf4a,5
9310,ENSEMBL:ENSBTAG00000016696,ORTH,ENSEMBL:ENSBTAG00000016696,5
9311,WormBase:WBGene00006538,ORTH,tbb-4,5
9312,HP:0009887,DISO,Abnormality of hair pigmentation,1
9313,MGI:1919161,ORTH,Bdh1,5
9314,MONARCH:APO_0000240APO_0000005,GENO,mitophagy:absent,4
9315,ZP:0006751,DISO,"bicellular tight junction blood vessel endothelium decreased object quality, abnormal",1
9316,ZP:0000389,DISO,"intestinal epithelial cell proliferative, abnormal",1
9317,ENSEMBL:ENSMODG00000021041,ORTH,ENSEMBL:ENSMODG00000021041,5
9318,Xenbase:XB-GENE-966955,ORTH,eef1b2,5
9319,FlyBase:FBgn0026206,ORTH,mei-P26,5
9320,ZP:0000390,DISO,"vasculature development disrupted, abnormal",1
9321,ENSEMBL:ENSECAG00000015901,ORTH,ENSEMBL:ENSECAG00000015901,5
9322,ZFIN:ZDB-GENE-070912-230,ORTH,ftr08,5
9323,ENSEMBL:ENSFCAG00000005837,ORTH,ENSEMBL:ENSFCAG00000005837,5
9324,HP:0011154,DISO,Focal autonomic seizure,1
9325,FlyBase:FBgn0001089,ORTH,Gal,5
9326,FBcv:0000002,DISO,abnormal thermotaxis,1
9327,ZP:0018601,DISO,"hindbrain decreased occurrence cell proliferation in hindbrain, abnormal",1
9328,RGD:1309875,ORTH,Lig3,5
9329,ZFIN:ZDB-GENE-030131-7247,ORTH,wu:fl23c11,5
9330,MP:0008810,DISO,increased circulating iron level,1
9331,ENSEMBL:ENSCAFG00000017487,ORTH,J9NX83,5
9332,SGD:S000001949,ORTH,HXK1,5
9333,ZFIN:ZDB-GENE-030131-5838,ORTH,cnot3b,5
9334,HP:0003128,DISO,Lactic acidosis,1
9335,Xenbase:XB-GENE-5878289,ORTH,cad,5
9336,ENSEMBL:ENSACAG00000008136,ORTH,ENSEMBL:ENSACAG00000008136,5
9337,ENSEMBL:ENSOANG00000010685,ORTH,ENSEMBL:ENSOANG00000010685,5
9338,ZP:0000575,DISO,"notochord development disrupted, abnormal",1
9339,HP:0001939,DISO,Abnormality of metabolism/homeostasis,1
9340,dictyBase:DDB_G0278389,GENO,rsmF,4
9341,Xenbase:XB-GENE-495311,ORTH,hsp90ab1,5
9342,MP:0010225,DISO,abnormal quadriceps morphology,1
9343,WBPhenotype:0000806,DISO,hermaphrodite fertility variant,1
9344,ENSEMBL:ENSOANG00000012459,ORTH,ENSEMBL:ENSOANG00000012459,5
9345,ENSEMBL:ENSMMUG00000003245,ORTH,ENSEMBL:ENSMMUG00000003245,5
9346,WBPhenotype:0001948,DISO,diakinesis progression during oogenesis variant,1
9347,ENSEMBL:ENSMMUG00000004484,ORTH,ENSEMBL:ENSMMUG00000004484,5
9348,ZP:0008026,DISO,"eye lacks all parts of type retinal photoreceptor layer, abnormal",1
9349,HP:0000104,DISO,Renal agenesis,1
9350,MONARCH:APO_0000071APO_0000002,GENO,cytokinesis:abnormal,4
9351,ZFIN:ZDB-GENE-130404-2,ORTH,rnf20,5
9352,ENSEMBL:ENSECAG00000007233,ORTH,ENSEMBL:ENSECAG00000007233,5
9353,MGI:109474,ORTH,Commd1,5
9354,ENSEMBL:ENSMMUG00000015455,ORTH,ENSEMBL:ENSMMUG00000015455,5
9355,MP:0000088,DISO,short mandible,1
9356,WBPhenotype:0002265,DISO,lysosome-related organelle biogenesis variant,1
9357,ENSEMBL:ENSPTRG00000007326,ORTH,ENSEMBL:ENSPTRG00000007326,5
9358,MP:0009363,DISO,abnormal secondary ovarian follicle morphology,1
9359,HP:0100671,DISO,Abnormal trabecular bone morphology,1
9360,ENSEMBL:ENSMODG00000036978,ORTH,ENSEMBL:ENSMODG00000036978,5
9361,dictyBase:DDB_G0286191,GENO,atg8,4
9362,MP:0005469,DISO,abnormal thyroxine level,1
9363,ENSEMBL:ENSACAG00000015910,ORTH,ENSEMBL:ENSACAG00000015910,5
9364,HP:0001780,DISO,Abnormality of toe,1
9365,ZFIN:ZDB-GENE-040614-2,ORTH,ift20,5
9366,HP:0030688,DISO,Increased glucagon level,1
9367,MGI:5304801,ORTH,Tg(Prnp-HTT*82Q)52Caro [involves: C3H * C57BL/6],5
9368,MP:0008186,DISO,increased pro-B cell number,1
9369,MP:0012532,DISO,abnormal surface ectoderm morphology,1
9370,ENSEMBL:ENSFCAG00000031147,ORTH,ENSEMBL:ENSFCAG00000031147,5
9371,HP:0012647,DISO,Abnormal inflammatory response,1
9372,HP:0002597,DISO,Abnormality of the vasculature,1
9373,MGI:1917821,ORTH,Tcerg1l,5
9374,MP:0003877,DISO,abnormal serotonergic neuron morphology,1
9375,MP:0013486,DISO,decreased Paneth cell number,1
9376,ZFIN:ZDB-GENE-100316-4,ORTH,psme4b,5
9377,MONARCH:APO_0000098APO_0000003,GENO,utilization of carbon source:decreased,4
9378,HP:0002023,DISO,Anal atresia,1
9379,MP:0011998,DISO,decreased embryonic cilium length,1
9380,HP:0011054,DISO,Agenesis of molar,1
9381,MP:0011609,DISO,decreased glyceraldehyde-3-phosphate dehydrogenase (NAD+) (phosphorylating) activity,1
9382,ENSEMBL:ENSPTRG00000013147,ORTH,ENSEMBL:ENSPTRG00000013147,5
9383,HP:0003450,DISO,Axonal regeneration,1
9384,HP:0002510,DISO,Spastic tetraplegia,1
9385,HP:0003112,DISO,Abnormal circulating amino acid concentration,1
9386,ENSEMBL:ENSPTRG00000051527,ORTH,ENSEMBL:ENSPTRG00000051527,5
9387,Xenbase:XB-GENE-991720,ORTH,cnot2,5
9388,ENSEMBL:ENSFCAG00000030865,ORTH,ENSEMBL:ENSFCAG00000030865,5
9389,ENSEMBL:ENSOANG00000008839,ORTH,ENSEMBL:ENSOANG00000008839,5
9390,ENSEMBL:ENSSSCG00000000272,ORTH,ENSEMBL:ENSSSCG00000000272,5
9391,EnsemblGenome:BAE77394,ORTH,EnsemblGenome:BAE77394,5
9392,MP:0010632,DISO,cardiac muscle necrosis,1
9393,MGI:1347060,ORTH,Psma4,5
9394,MGI:1917129,ORTH,Golph3l,5
9395,MONARCH:APO_0000209APO_0000002,GENO,protein/peptide distribution:abnormal,4
9396,ZP:0004779,DISO,"lens opaque, abnormal",1
9397,ENSEMBL:ENSFCAG00000011716,ORTH,ENSEMBL:ENSFCAG00000011716,5
9398,Coriell:GM02079,GENO,NIGMS-GM02079,4
9399,WormBase:WBGene00004811,ORTH,skr-5,5
9400,HP:0004408,DISO,Abnormality of the sense of smell,1
9401,MONARCH:APO_0000199APO_0000002,GENO,chitin deposition:abnormal,4
9402,ZP:0000482,DISO,"heart contraction disrupted, abnormal",1
9403,ENSEMBL:ENSOANG00000000364,ORTH,ENSEMBL:ENSOANG00000000364,5
9404,ENSEMBL:ENSBTAG00000005564,ORTH,PIAS1,5
9405,HP:0011018,DISO,Abnormality of the cell cycle,1
9406,MP:0010856,DISO,dilated respiratory conducting tubes,1
9407,MP:0004148,DISO,increased compact bone thickness,1
9408,HGNC:15476,GENE,DYNLL1,3
9409,MGI:98372,ORTH,Sp1,5
9410,ZFIN:ZDB-GENE-031030-1,ORTH,tardbpa,5
9411,SGD:S000003893,ORTH,NMD5,5
9412,MP:0004081,DISO,abnormal globus pallidus morphology,1
9413,ENSEMBL:ENSGALG00000050329,ORTH,A0A1D5PBS4,5
9414,ENSEMBL:ENSBTAG00000034182,ORTH,LOC782966,5
9415,FBcv:0000384,DISO,abnormal aging,1
9416,ENSEMBL:ENSGALG00000006799,ORTH,ENSEMBL:ENSGALG00000006799,5
9417,RGD:621669,ORTH,Psmd1,5
9418,ENSEMBL:ENSPTRG00000000524,ORTH,ENSEMBL:ENSPTRG00000000524,5
9419,ZP:0019240,DISO,"margin decreased amount, abnormal",1
9420,ZP:0019207,DISO,"central nervous system increased occurrence apoptotic process, abnormal",1
9421,ENSEMBL:ENSSSCG00000028805,ORTH,PTPRM,5
9422,HP:0006687,DISO,Aortic tortuosity,1
9423,HP:0010830,DISO,Impaired tactile sensation,1
9424,WormBase:WBGene00004306,ORTH,ran-5,5
9425,MONARCH:APO_0000255APO_0000248,GENO,cell cycle progression in G1 phase:increased duration,4
9426,MP:0004000,DISO,impaired passive avoidance behavior,1
9427,MP:0011666,DISO,"double outlet right ventricle, ventricular defect committed to aorta",1
9428,ENSEMBL:ENSECAG00000024945,ORTH,ENSEMBL:ENSECAG00000024945,5
9429,ENSEMBL:ENSFCAG00000015756,ORTH,ENSEMBL:ENSFCAG00000015756,5
9430,RGD:620369,ORTH,Hnrnpm,5
9431,RGD:1561019,ORTH,Gprasp2,5
9432,HGNC:16031,GENE,RNF31,3
9433,WBPhenotype:0001932,DISO,myopodia present,1
9434,ENSEMBL:ENSMMUG00000004401,ORTH,ENSEMBL:ENSMMUG00000004401,5
9435,SGD:S000000545,ORTH,GLK1,5
9436,ZP:0001519,DISO,"skeletal muscle cell broken, abnormal",1
9437,ZP:0005691,DISO,"dorsal aorta decreased diameter, abnormal",1
9438,ENSEMBL:ENSFCAG00000001580,ORTH,ENSEMBL:ENSFCAG00000001580,5
9439,ENSEMBL:ENSPTRG00000020701,ORTH,ENSEMBL:ENSPTRG00000020701,5
9440,dictyBase:DDB_G0281703,GENO,nedd8l1,4
9441,MGI:1345181,ORTH,Pacsin1,5
9442,ZP:0137799,DISO,"intersegmental vessel decreased occurrence angiogenesis, abnormal",1
9443,HP:0032898,DISO,Focal automatism seizure,1
9444,ENSEMBL:ENSSSCG00000028340,ORTH,ENSEMBL:ENSSSCG00000028340,5
9445,ENSEMBL:ENSPTRG00000043934,ORTH,ENSEMBL:ENSPTRG00000043934,5
9446,dictyBase:DDB_G0276371,GENO,gefL,4
9447,ENSEMBL:ENSPTRG00000050388,ORTH,ENSEMBL:ENSPTRG00000050388,5
9448,MP:0004768,DISO,abnormal axonal transport,1
9449,ENSEMBL:ENSOANG00000008322,ORTH,ENSEMBL:ENSOANG00000008322,5
9450,ENSEMBL:ENSPTRG00000021354,ORTH,ENSEMBL:ENSPTRG00000021354,5
9451,MGI:95935,ORTH,H2-Q6,5
9452,MGI:1917497,ORTH,Psmd1,5
9453,ZP:0009991,DISO,"CaP motoneuron decreased process quality axon extension, abnormal",1
9454,MP:0011197,DISO,abnormal proamniotic cavity morphology,1
9455,MP:0005439,DISO,decreased glycogen level,1
9456,WBPhenotype:0001121,DISO,exaggerated asynchrony early emb,1
9457,GO:0099111,PHYS,microtubule-based transport,6
9458,ENSEMBL:ENSSSCG00000022575,ORTH,PRMT2,5
9459,ENSEMBL:ENSECAG00000010324,ORTH,ENSEMBL:ENSECAG00000010324,5
9460,MONARCH:APO_0000087APO_0000003,GENO,resistance to chemicals:decreased,4
9461,HP:0000347,DISO,Micrognathia,1
9462,Coriell:GM04718,GENO,NIGMS-GM04718,4
9463,ZP:0006868,DISO,"exocrine pancreas retracted, abnormal",1
9464,ZP:0009711,DISO,"circulating cell blood decreased amount, abnormal",1
9465,WBPhenotype:0000054,DISO,larval lethal,1
9466,ENSEMBL:ENSSSCG00000007280,ORTH,ITCH,5
9467,Xenbase:XB-GENE-959791,ORTH,aldoa,5
9468,ENSEMBL:ENSSSCG00000029661,ORTH,A0A286ZN63,5
9469,RGD:1584269,ORTH,Wdr82,5
9470,HP:0004969,DISO,Peripheral pulmonary artery stenosis,1
9471,WormBase:WBGene00044281,ORTH,R04A9.7,5
9472,MONARCH:APO_0000199APO_0000003,GENO,chitin deposition:decreased,4
9473,ENSEMBL:ENSFCAG00000007404,ORTH,ENSEMBL:ENSFCAG00000007404,5
9474,MP:0005137,DISO,increased growth hormone level,1
9475,WBPhenotype:0002122,DISO,persistence of paternal mitochondria,1
9476,ENSEMBL:ENSGALG00000006317,ORTH,ENSEMBL:ENSGALG00000006317,5
9477,SGD:S000005683,ORTH,PUP1,5
9478,ClinVarVariant:31916,VARI,NM_002111.8(HTT):c.52CAG[(36_39)],7
9479,ENSEMBL:ENSSSCG00000036039,ORTH,RAB4A,5
9480,XPO:0115385,GENO,abnormally posterioralized embryo,4
9481,HP:0002718,DISO,Recurrent bacterial infections,1
9482,EFO:0007984,GENO,platelet component distribution width,4
9483,HP:0011849,DISO,Abnormal bone ossification,1
9484,FlyBase:FBgn0263278,ORTH,Fic,5
9485,ZP:0017134,DISO,"diencephalon mislocalised, abnormal",1
9486,EFO:0004842,GENO,eosinophil count,4
9487,ENSEMBL:ENSACAG00000014684,ORTH,ENSEMBL:ENSACAG00000014684,5
9488,dictyBase:DDB_G0278847,GENO,psmA6,4
9489,MP:0010572,DISO,persistent right dorsal aorta,1
9490,ENSEMBL:ENSMMUG00000006596,ORTH,ENSEMBL:ENSMMUG00000006596,5
9491,ENSEMBL:ENSCAFG00000003465,ORTH,EGFR,5
9492,MP:0006413,DISO,increased T cell apoptosis,1
9493,MP:0005545,DISO,abnormal lens development,1
9494,HP:0007108,DISO,Demyelinating peripheral neuropathy,1
9495,RGD:1561203,ORTH,Polr2h,5
9496,MP:0000875,DISO,abnormal cerebellar Purkinje cell layer,1
9497,ZP:0106390,DISO,"neurocranial trabecula deformed, abnormal",1
9498,MP:0001541,DISO,abnormal osteoclast physiology,1
9499,MP:0001675,DISO,abnormal ectoderm development,1
9500,MP:0000703,DISO,abnormal thymus morphology,1
9501,ENSEMBL:ENSBTAG00000006879,ORTH,ENSEMBL:ENSBTAG00000006879,5
9502,Xenbase:XB-GENE-487820,ORTH,gapdh,5
9503,ENSEMBL:ENSPTRG00000002005,ORTH,ENSEMBL:ENSPTRG00000002005,5
9504,ENSEMBL:ENSFCAG00000011685,ORTH,ENSEMBL:ENSFCAG00000011685,5
9505,HP:0002705,DISO,"High, narrow palate",1
9506,HP:0001334,DISO,Communicating hydrocephalus,1
9507,ENSEMBL:ENSXETG00000032875,ORTH,slc25a53,5
9508,MGI:103147,ORTH,Dync1h1,5
9509,FBcv:0000351,DISO,lethal,1
9510,ENSEMBL:ENSFCAG00000009835,ORTH,ENSEMBL:ENSFCAG00000009835,5
9511,FlyBase:FBgn0015321,ORTH,Ubc4,5
9512,MONARCH:APO_0000309APO_0000246,GENO,respiratory growth:increased rate,4
9513,Xenbase:XB-GENE-5941006,ORTH,lsm5,5
9514,ZFIN:ZDB-GENE-030131-8103,ORTH,optn,5
9515,ENSEMBL:ENSPTRG00000051132,ORTH,ENSEMBL:ENSPTRG00000051132,5
9516,ENSEMBL:ENSBTAG00000014331,ORTH,ENSEMBL:ENSBTAG00000014331,5
9517,WBPhenotype:0001164,DISO,excess pronucleus early emb,1
9518,ENSEMBL:ENSPTRG00000023315,ORTH,ENSEMBL:ENSPTRG00000023315,5
9519,ENSEMBL:ENSGALG00000023847,ORTH,ENSEMBL:ENSGALG00000023847,5
9520,MP:0009289,DISO,decreased epididymal fat pad weight,1
9521,MONARCH:APO_0000106APO_0000003,GENO,vegetative growth:decreased,4
9522,ENSEMBL:ENSMODG00000015374,ORTH,ENSEMBL:ENSMODG00000015374,5
9523,MP:0004323,DISO,sternum hypoplasia,1
9524,ENSEMBL:ENSPTRG00000011260,ORTH,ENSEMBL:ENSPTRG00000011260,5
9525,MP:0005292,DISO,improved glucose tolerance,1
9526,ENSEMBL:ENSBTAG00000002960,ORTH,ENSEMBL:ENSBTAG00000002960,5
9527,dictyBase:DDB_G0269144,GENO,hspB,4
9528,dictyBase:DDB_G0269230,GENO,fpaA,4
9529,ENSEMBL:ENSPTRG00000013417,ORTH,ENSEMBL:ENSPTRG00000013417,5
9530,ENSEMBL:ENSXETG00000031111,ORTH,map3k7,5
9531,ZP:0018939,DISO,"somite decreased distribution, abnormal",1
9532,ENSEMBL:ENSMODG00000013493,ORTH,ENSEMBL:ENSMODG00000013493,5
9533,ZFIN:ZDB-GENE-090206-1,ORTH,prkcg,5
9534,ENSEMBL:ENSMODG00000011225,ORTH,ENSEMBL:ENSMODG00000011225,5
9535,ZP:0017665,DISO,"blood plasma heart fatty, abnormal",1
9536,ENSEMBL:ENSOANG00000039253,ORTH,ENSEMBL:ENSOANG00000039253,5
9537,HP:0002098,DISO,Respiratory distress,1
9538,ZP:0011193,DISO,"glomerular filtration process quality, abnormal",1
9539,ZP:0013737,DISO,"establishment or maintenance of cell polarity process quality, abnormal",1
9540,ENSEMBL:ENSFCAG00000000591,ORTH,ENSEMBL:ENSFCAG00000000591,5
9541,RGD:61813,ORTH,Ftl1,5
9542,SGD:S000003148,ORTH,ATG1,5
9543,ENSEMBL:ENSSSCG00000010762,ORTH,DPYSL4,5
9544,WBPhenotype:0000675,DISO,zygotic lethal,1
9545,dictyBase:DDB_G0284577,GENO,DDB0186079,4
9546,ENSEMBL:ENSFCAG00000028897,ORTH,ENSEMBL:ENSFCAG00000028897,5
9547,HP:0040213,DISO,Hypopnea,1
9548,ENSEMBL:ENSPTRG00000017062,ORTH,ENSEMBL:ENSPTRG00000017062,5
9549,FlyBase:FBgn0028737,ORTH,eEF1beta,5
9550,MGI:1913623,ORTH,Lsm5,5
9551,WormBase:WBGene00006537,ORTH,tbb-2,5
9552,MGI:1858210,ORTH,Stx7,5
9553,MP:0003075,DISO,abnormal response to CNS ischemic injury,1
9554,EFO:0010092,GENO,bitter alcoholic beverage consumption measurement,4
9555,MONARCH:APO_0000310APO_0000003,GENO,growth in exponential phase:decreased,4
9556,UBERON:0001890,ANAT,forebrain,0
9557,ZP:0007909,DISO,"stereocilium posterior lateral line neuromast decreased length, abnormal",1
9558,ENSEMBL:ENSCAFG00000004954,ORTH,ENSEMBL:ENSCAFG00000004954,5
9559,ENSEMBL:ENSSSCG00000011407,ORTH,ENSEMBL:ENSSSCG00000011407,5
9560,PomBase:SPBC4B4.10c,GENO,atg5,4
9561,MONDO:0000129,DISO,glutaric aciduria,1
9562,dictyBase:DDB_G0290783,GENO,rabG2,4
9563,MP:0003492,DISO,abnormal involuntary movement,1
9564,SGD:S000006100,ORTH,PPQ1,5
9565,ENSEMBL:ENSACAG00000002723,ORTH,ENSEMBL:ENSACAG00000002723,5
9566,ENSEMBL:ENSBTAG00000002352,ORTH,GGA2,5
9567,ENSEMBL:ENSCAFG00000017137,ORTH,ENSEMBL:ENSCAFG00000017137,5
9568,ENSEMBL:ENSECAG00000037704,ORTH,ENSEMBL:ENSECAG00000037704,5
9569,HP:0002073,DISO,Progressive cerebellar ataxia,1
9570,dictyBase:DDB_G0271350,GENO,DDB_G0271350,4
9571,ENSEMBL:ENSSSCG00000007425,ORTH,ENSEMBL:ENSSSCG00000007425,5
9572,HP:0002035,DISO,Rectal prolapse,1
9573,MONARCH:APO_0000120APO_0000002,GENO,actin cytoskeleton morphology:abnormal,4
9574,ZFIN:ZDB-GENE-140820-5,ORTH,mhc1lda,5
9575,ENSEMBL:ENSBTAG00000000737,ORTH,ENSEMBL:ENSBTAG00000000737,5
9576,MP:0005093,DISO,decreased B cell proliferation,1
9577,MGI:3698039,ORTH,Htt<tm4Mem>/Htt<tm4Mem> [involves: 129S1/Sv * 129X1/SvJ * CD-1],5
9578,MP:0009695,DISO,abnormal spinal cord ventral commissure morphology,1
9579,MGI:1913742,ORTH,Zmat2,5
9580,ENSEMBL:ENSECAG00000009396,ORTH,ENSEMBL:ENSECAG00000009396,5
9581,WBPhenotype:0000508,DISO,nonsense mRNA accumulation,1
9582,ZP:0103458,DISO,"cleavage furrow cell decreased amount, abnormal",1
9583,ENSEMBL:ENSCAFG00000005827,ORTH,ENSEMBL:ENSCAFG00000005827,5
9584,ENSEMBL:ENSFCAG00000009775,ORTH,ENSEMBL:ENSFCAG00000009775,5
9585,ENSEMBL:ENSOANG00000009024,ORTH,ENSEMBL:ENSOANG00000009024,5
9586,HP:0005112,DISO,Abdominal aortic aneurysm,1
9587,ENSEMBL:ENSCAFG00000019944,ORTH,J9NXZ3,5
9588,HP:0003196,DISO,Short nose,1
9589,WBPhenotype:0000170,DISO,precocious alae,1
9590,FlyBase:FBgn0011272,ORTH,RpL13,5
9591,ZP:0002276,DISO,"mandibular arch skeleton increased thickness, abnormal",1
9592,ZP:0102181,DISO,"autophagy decreased occurrence, abnormal",1
9593,ZP:0002912,DISO,"blood vessel lumenization process quality, abnormal",1
9594,HP:0000541,DISO,Retinal detachment,1
9595,MP:0002023,DISO,increased B cell derived lymphoma incidence,1
9596,ENSEMBL:ENSACAG00000017201,ORTH,ENSEMBL:ENSACAG00000017201,5
9597,dictyBase:DDB_G0269458,GENO,ubqJ,4
9598,MP:0004382,DISO,abnormal hair follicle melanogenesis,1
9599,ZP:0004148,DISO,"intersegmental vessel branched, abnormal",1
9600,WBPhenotype:0000207,DISO,defecation cycle variant,1
9601,HP:0012433,DISO,Abnormal social behavior,1
9602,Xenbase:XB-GENE-483288,ORTH,ncor1,5
9603,ENSEMBL:ENSECAG00000000734,ORTH,ENSEMBL:ENSECAG00000000734,5
9604,ENSEMBL:ENSMMUG00000045825,ORTH,ENSEMBL:ENSMMUG00000045825,5
9605,MP:0004191,DISO,neuronal intranuclear inclusions,1
9606,ENSEMBL:ENSGALG00000008677,ORTH,ENSEMBL:ENSGALG00000008677,5
9607,MGI:1100537,ORTH,Mid1,5
9608,ENSEMBL:ENSSSCG00000024119,ORTH,GLB1,5
9609,ENSEMBL:ENSCAFG00000011666,ORTH,ENSEMBL:ENSCAFG00000011666,5
9610,ENSEMBL:ENSCAFG00000006853,ORTH,LOC477441,5
9611,HP:0001719,DISO,Double outlet right ventricle,1
9612,HP:0002859,DISO,Rhabdomyosarcoma,1
9613,PomBase:SPBC460.02c,GENO,SPBC460.02c,4
9614,MP:0003864,DISO,abnormal midbrain development,1
9615,HP:0100753,DISO,Schizophrenia,1
9616,MP:0008560,DISO,increased tumor necrosis factor secretion,1
9617,MP:0000073,DISO,absent craniofacial bones,1
9618,ZFIN:ZDB-GENE-031110-4,ORTH,tubb5,5
9619,MGI:95590,ORTH,Ftl2-ps,5
9620,PomBase:SPCC16C4.11,GENO,pef1,4
9621,ENSEMBL:ENSBTAG00000003748,ORTH,CNOT2,5
9622,ENSEMBL:ENSFCAG00000031459,ORTH,ENSEMBL:ENSFCAG00000031459,5
9623,HP:0002575,DISO,Tracheoesophageal fistula,1
9624,HGNC:9587,GENE,PTDSS1,3
9625,PomBase:SPBC800.05c,GENO,atb2,4
9626,MP:0009254,DISO,disorganized pancreatic islets,1
9627,HGNC:9533,GENE,PSMA4,3
9628,HGNC:7373,GENE,MSN,3
9629,ENSEMBL:ENSMODG00000005141,ORTH,ENSEMBL:ENSMODG00000005141,5
9630,WBPhenotype:0002313,DISO,turning frequency increased,1
9631,ZP:0014466,DISO,"dopaminergic neuron retina decreased amount, abnormal",1
9632,Xenbase:XB-GENE-968395,ORTH,rpl4,5
9633,ENSEMBL:ENSGALG00000039880,ORTH,ENSEMBL:ENSGALG00000039880,5
9634,MP:0008470,DISO,abnormal spleen B cell follicle morphology,1
9635,ZP:0003560,DISO,"pharyngeal arch 3-7 malformed, abnormal",1
9636,MP:0000984,DISO,hyperinnervation of Meissner's corpuscle,1
9637,HP:0025401,DISO,Staring gaze,1
9638,ZP:0137807,DISO,"atrium increased occurrence cell population proliferation, abnormal",1
9639,RGD:70907,ORTH,Actn1,5
9640,MP:0010166,DISO,increased response to stress-induced hyperthermia,1
9641,ZFIN:ZDB-GENE-040516-12,ORTH,lsm12a,5
9642,ENSEMBL:ENSGALG00000000419,ORTH,ENSEMBL:ENSGALG00000000419,5
9643,HP:0002244,DISO,Abnormality of the small intestine,1
9644,MP:0012320,DISO,abnormal body fat mass,1
9645,ENSEMBL:ENSACAG00000004827,ORTH,ENSEMBL:ENSACAG00000004827,5
9646,ENSEMBL:ENSMODG00000002420,ORTH,ENSEMBL:ENSMODG00000002420,5
9647,ENSEMBL:ENSPTRG00000045880,ORTH,ENSEMBL:ENSPTRG00000045880,5
9648,ENSEMBL:ENSBTAG00000005076,ORTH,SYVN1,5
9649,FlyBase:FBgn0030514,ORTH,CG9941,5
9650,MP:0010343,DISO,increased lipoma incidence,1
9651,ENSEMBL:ENSMODG00000023805,ORTH,ENSEMBL:ENSMODG00000023805,5
9652,WBPhenotype:0001652,DISO,anchor cell invasion variant,1
9653,ENSEMBL:ENSFCAG00000000629,ORTH,ENSEMBL:ENSFCAG00000000629,5
9654,ENSEMBL:ENSGALG00000006939,ORTH,PFKP,5
9655,ZFIN:ZDB-GENE-040426-949,ORTH,ppp6c,5
9656,MP:0001722,DISO,pale yolk sac,1
9657,MP:0008783,DISO,decreased B cell apoptosis,1
9658,HGNC:9774,GENE,RAB35,3
9659,HP:0012432,DISO,Chronic fatigue,1
9660,WBPhenotype:0000318,DISO,cell cycle delayed,1
9661,ZFIN:ZDB-GENE-070912-105,ORTH,ftr95,5
9662,ZFIN:ZDB-GENE-070705-242,ORTH,il17ra1a,5
9663,MGI:2675620,ORTH,Htt<tm1Mfc>/Htt<tm1Mfc> [involves: 129S1/Sv * C57BL/6],5
9664,WBPhenotype:0001925,DISO,oocytes disorganized,1
9665,ENSEMBL:ENSACAG00000004685,ORTH,ENSEMBL:ENSACAG00000004685,5
9666,MONARCH:APO_0000096APO_0000004,GENO,nutrient utilization:increased,4
9667,ENSEMBL:ENSSSCG00000033177,ORTH,CDC26,5
9668,ZFIN:ZDB-GENE-041001-205,ORTH,adgb,5
9669,MGI:1919094,ORTH,Nupl1,5
9670,ENSEMBL:ENSGALG00000039624,ORTH,ENSEMBL:ENSGALG00000039624,5
9671,ENSEMBL:ENSGALG00000006876,ORTH,ENSEMBL:ENSGALG00000006876,5
9672,ENSEMBL:ENSMODG00000014624,ORTH,ENSEMBL:ENSMODG00000014624,5
9673,ENSEMBL:ENSOANG00000007430,ORTH,ENSEMBL:ENSOANG00000007430,5
9674,MP:0000930,DISO,wavy neural tube,1
9675,MP:0003063,DISO,increased coping response,1
9676,ENSEMBL:ENSFCAG00000004561,ORTH,ENSEMBL:ENSFCAG00000004561,5
9677,ENSEMBL:ENSMODG00000007836,ORTH,ENSEMBL:ENSMODG00000007836,5
9678,MP:0003733,DISO,abnormal retinal inner nuclear layer morphology,1
9679,MONARCH:APO_0000131APO_0000249,GENO,protein/peptide modification:delayed,4
9680,WormBase:WBGene00018359,ORTH,F42G8.8,5
9681,MP:0004275,DISO,abnormal postnatal subventricular zone morphology,1
9682,MP:0006092,DISO,abnormal olfactory sensory neuron morphology,1
9683,MP:0004597,DISO,increased susceptibility to noise-induced hearing loss,1
9684,ENSEMBL:ENSGALG00000038608,ORTH,ENSEMBL:ENSGALG00000038608,5
9685,ENSEMBL:ENSBTAG00000008333,ORTH,ENSEMBL:ENSBTAG00000008333,5
9686,FlyBase:FBgn0037447,ORTH,Neurochondrin,5
9687,HP:0002167,DISO,Neurological speech impairment,1
9688,PomBase:SPAC22E12.07,GENO,rna1,4
9689,MP:0009933,DISO,abnormal tail hair pigmentation,1
9690,ZFIN:ZDB-GENE-040426-2285,ORTH,m6pr,5
9691,Coriell:GM04017,GENO,NIGMS-GM04017,4
9692,MP:0002724,DISO,enhanced wound healing,1
9693,ENSEMBL:ENSOANG00000006729,ORTH,ENSEMBL:ENSOANG00000006729,5
9694,WormBase:WBGene00013168,ORTH,arp-1,5
9695,MP:0010940,DISO,abnormal maxillary prominence morphology,1
9696,ENSEMBL:ENSGALG00000017135,ORTH,ENSEMBL:ENSGALG00000017135,5
9697,WBPhenotype:0000902,DISO,intestinal cell morphology variant,1
9698,ENSEMBL:ENSFCAG00000003501,ORTH,ENSEMBL:ENSFCAG00000003501,5
9699,ZP:0137226,DISO,"neuron projection CaP motoneuron decreased size, abnormal",1
9700,ENSEMBL:ENSACAG00000017022,ORTH,ENSEMBL:ENSACAG00000017022,5
9701,GO:0048487,PHYS,beta-tubulin binding,6
9702,MP:0002499,DISO,chronic inflammation,1
9703,HGNC:12479,GENE,UBE2E3,3
9704,WBPhenotype:0000296,DISO,spicules crumpled,1
9705,MP:0003329,DISO,amyloid beta deposits,1
9706,MP:0003989,DISO,abnormal barrel cortex morphology,1
9707,MONARCH:APO_0000143APO_0000002,GENO,chromosome/plasmid maintenance:abnormal,4
9708,ENSEMBL:ENSECAG00000011942,ORTH,ENSEMBL:ENSECAG00000011942,5
9709,ZP:0000659,DISO,"skeletal muscle tissue development disrupted, abnormal",1
9710,ENSEMBL:ENSACAG00000006674,ORTH,ENSEMBL:ENSACAG00000006674,5
9711,WormBase:WBGene00000369,ORTH,ccf-1,5
9712,ENSEMBL:ENSMODG00000013156,ORTH,ENSEMBL:ENSMODG00000013156,5
9713,ENSEMBL:ENSACAG00000012607,ORTH,ENSEMBL:ENSACAG00000012607,5
9714,MGI:1931874,ORTH,Dnajb1,5
9715,ENSEMBL:ENSMMUG00000001353,ORTH,ENSEMBL:ENSMMUG00000001353,5
9716,ZP:0010992,DISO,"breeding tubercle jaw flap decreased size, abnormal",1
9717,WormBase:WBGene00000552,ORTH,cmd-1,5
9718,ENSEMBL:ENSFCAG00000042800,ORTH,ENSEMBL:ENSFCAG00000042800,5
9719,ZP:0004424,DISO,"locomotory behavior increased process quality, abnormal",1
9720,MP:0000968,DISO,abnormal sensory neuron innervation pattern,1
9721,ENSEMBL:ENSECAG00000034339,ORTH,ENSEMBL:ENSECAG00000034339,5
9722,HGNC:12520,GENE,UFD1,3
9723,ENSEMBL:ENSMODG00000002680,ORTH,ENSEMBL:ENSMODG00000002680,5
9724,ENSEMBL:ENSCAFG00000000443,ORTH,ENSEMBL:ENSCAFG00000000443,5
9725,ENSEMBL:ENSRNOG00000061639,ORTH,A0A0G2K8R6,5
9726,dictyBase:DDB_G0293226,GENO,DDB0191832,4
9727,ZP:0010084,DISO,"whole organism lacks all parts of type telencephalon, abnormal",1
9728,ZFIN:ZDB-GENE-030131-867,ORTH,atp2a2b,5
9729,ENSEMBL:ENSSSCG00000017712,ORTH,AP2B1,5
9730,WBPhenotype:0001968,DISO,somatic gonad precursor symmetrical sisters,1
9731,ENSEMBL:ENSCAFG00000024512,ORTH,J9NTU0,5
9732,ZFIN:ZDB-GENE-020419-15,ORTH,ppp1r10,5
9733,ENSEMBL:ENSFCAG00000048955,ORTH,ENSEMBL:ENSFCAG00000048955,5
9734,MP:0002566,DISO,abnormal sexual interaction,1
9735,ENSEMBL:ENSACAG00000007327,ORTH,ENSEMBL:ENSACAG00000007327,5
9736,ENSEMBL:ENSMMUG00000014701,ORTH,ENSEMBL:ENSMMUG00000014701,5
9737,ZP:0006173,DISO,"double-strand break repair via homologous recombination decreased frequency, abnormal",1
9738,SGD:S000005737,ORTH,MGM1,5
9739,MGI:1861703,ORTH,Htt<tm2Mem>,5
9740,ENSEMBL:ENSMMUG00000012912,ORTH,ENSEMBL:ENSMMUG00000012912,5
9741,MGI:2136940,ORTH,Pias4,5
9742,EFO:0000409,GENO,disease free survival,4
9743,MP:0013278,DISO,decreased fasting circulating glucose level,1
9744,ENSEMBL:ENSSSCG00000024974,ORTH,ENSEMBL:ENSSSCG00000024974,5
9745,HP:0012533,DISO,Allodynia,1
9746,HP:0012649,DISO,Increased inflammatory response,1
9747,HGNC:27731,GENE,LINC01098,3
9748,HP:0000546,DISO,Retinal degeneration,1
9749,HP:0005162,DISO,Abnormal left ventricular function,1
9750,HP:0009792,DISO,Teratoma,1
9751,MP:0011402,DISO,renal cast,1
9752,ZP:0000333,DISO,"determination of left/right symmetry disrupted, abnormal",1
9753,ENSEMBL:ENSMMUG00000016428,ORTH,ENSEMBL:ENSMMUG00000016428,5
9754,MP:0000862,DISO,absent barrels in primary somatosensory cortex,1
9755,ZFIN:ZDB-GENE-080505-1,ORTH,ppargc1a,5
9756,WBPhenotype:0002486,DISO,persistent primordial germ cell lobes,1
9757,MP:0011966,DISO,abnormal auditory brainstem response waveform shape,1
9758,WBPhenotype:0001937,DISO,hypersensitive to protein aggregation induced paralysis,1
9759,WormBase:WBGene00006733,ORTH,ufd-1,5
9760,ENSEMBL:ENSECAG00000012280,ORTH,ENSEMBL:ENSECAG00000012280,5
9761,HP:0002789,DISO,Tachypnea,1
9762,MP:0002578,DISO,impaired ability to fire action potentials,1
9763,MP:0004231,DISO,abnormal calcium ion homeostasis,1
9764,ENSEMBL:ENSCAFG00000010555,ORTH,J9P0P0,5
9765,MP:0020476,DISO,abnormal circardian behavior entrainment,1
9766,ZFIN:ZDB-GENE-030131-7166,ORTH,syvn1,5
9767,ZFIN:ZDB-GENE-050417-109,ORTH,prkn,5
9768,MP:0001715,DISO,placental labyrinth hypoplasia,1
9769,WBPhenotype:0000724,DISO,protein secretion variant,1
9770,WBPhenotype:0000219,DISO,vulval cell induction reduced,1
9771,MP:0008934,DISO,absent choroid plexus,1
9772,MP:0010639,DISO,abnormal tumor pathology,1
9773,MP:0008866,DISO,chromosomal instability,1
9774,RGD:1309400,ORTH,Ift20,5
9775,WormBase:WBGene00011995,ORTH,rsf-1,5
9776,MP:0000880,DISO,decreased Purkinje cell number,1
9777,FBcv:0000316,DISO,homeotic,1
9778,FlyBase:FBgn0031692,ORTH,TpnC25D,5
9779,MONARCH:APO_0000075APO_0000117,GENO,endocytosis:normal,4
9780,HP:0000602,DISO,Ophthalmoplegia,1
9781,MGI:1891828,ORTH,Becn1,5
9782,HP:0001212,DISO,Prominent fingertip pads,1
9783,ENSEMBL:ENSMODG00000024504,ORTH,ENSEMBL:ENSMODG00000024504,5
9784,MP:0008056,DISO,abnormal retinal ganglion cell morphology,1
9785,MP:0003867,DISO,increased defecation amount,1
9786,MP:0020551,DISO,abnormal postsynaptic density morphology,1
9787,FBcv:0000441,DISO,radiation resistant,1
9788,dictyBase:DDB_G0282993,GENO,sodC,4
9789,ENSEMBL:ENSGALG00000043929,ORTH,LOC101749377,5
9790,ENSEMBL:ENSCAFG00000012838,ORTH,STX6,5
9791,MGI:102694,ORTH,Ptprm,5
9792,MP:0001280,DISO,loss of vibrissae,1
9793,MP:0000959,DISO,abnormal somatic sensory system morphology,1
9794,MP:0004856,DISO,decreased ovary weight,1
9795,Xenbase:XB-GENE-983413,ORTH,npy2r,5
9796,MP:0000087,DISO,absent mandible,1
9797,ZP:0001542,DISO,"cardiac muscle cell increased size, abnormal",1
9798,ENSEMBL:ENSMMUG00000022394,ORTH,ENSEMBL:ENSMMUG00000022394,5
9799,WormBase:WBGene00009976,ORTH,swan-2,5
9800,WBPhenotype:0001905,DISO,fewer eggs laid,1
9801,MGI:105047,ORTH,Psmc5,5
9802,WormBase:WBGene00020246,ORTH,clic-1,5
9803,Xenbase:XB-GENE-1014668,ORTH,ctsa,5
9804,ENSEMBL:ENSRNOG00000059043,ORTH,Itch,5
9805,HP:0000980,DISO,Pallor,1
9806,ENSEMBL:ENSECAG00000006949,ORTH,ENSEMBL:ENSECAG00000006949,5
9807,WBPhenotype:0001860,DISO,endocytic recycling defective,1
9808,RGD:1310684,ORTH,Immt,5
9809,ZP:0022082,DISO,"neurofibrosarcoma whole organism increased amount, abnormal",1
9810,ENSEMBL:ENSACAG00000009359,ORTH,ENSEMBL:ENSACAG00000009359,5
9811,WBPhenotype:0001485,DISO,ER stress response variant,1
9812,RGD:1311598,ORTH,Sin3a,5
9813,ENSEMBL:ENSOANG00000038056,ORTH,ENSEMBL:ENSOANG00000038056,5
9814,WormBase:WBGene00011239,ORTH,pges-2,5
9815,WormBase:WBGene00009922,ORTH,F52B5.3,5
9816,FlyBase:FBgn0036309,ORTH,Hip1,5
9817,MONARCH:APO_0000131APO_0000117,GENO,protein/peptide modification:normal,4
9818,ENSEMBL:ENSOANG00000045527,ORTH,ENSEMBL:ENSOANG00000045527,5
9819,NCBIGene:396523,GENE,P05419,3
9820,HP:0009088,DISO,Speech articulation difficulties,1
9821,HGNC:2092,GENE,CLTC,3
9822,MP:0009931,DISO,abnormal skin appearance,1
9823,ZFIN:ZDB-GENE-070410-70,ORTH,cnot2,5
9824,HP:0032864,DISO,Focal aware sensory seizure with auditory features,1
9825,ENSEMBL:ENSFCAG00000031543,ORTH,ENSEMBL:ENSFCAG00000031543,5
9826,RGD:3493,ORTH,RT1-M2,5
9827,ENSEMBL:ENSCAFG00000000622,ORTH,ENSEMBL:ENSCAFG00000000622,5
9828,ENSEMBL:ENSMMUG00000054990,ORTH,ENSEMBL:ENSMMUG00000054990,5
9829,MP:0001256,DISO,abnormal body length,1
9830,ZFIN:ZDB-GENE-030131-8680,ORTH,cops7a,5
9831,ZP:0107020,DISO,"sarcoma whole organism increased amount, abnormal",1
9832,WormBase:WBGene00000286,ORTH,cal-2,5
9833,MGI:1891698,ORTH,Pnkp,5
9834,GO:1905289,PHYS,regulation of CAMKK-AMPK signaling cascade,6
9835,ZP:0012688,DISO,"hindbrain increased occurrence apoptotic process, abnormal",1
9836,Xenbase:XB-GENE-991688,ORTH,m6pr,5
9837,ZFIN:ZDB-GENE-110621-1,ORTH,atxn7,5
9838,ZP:0004641,DISO,"embryonic camera-type eye development disrupted, abnormal",1
9839,HP:0002058,DISO,Myopathic facies,1
9840,MP:0000966,DISO,decreased sensory neuron number,1
9841,ENSEMBL:ENSMODG00000012845,ORTH,ENSEMBL:ENSMODG00000012845,5
9842,MGI:96748,ORTH,Lamp2,5
9843,HP:0100775,DISO,Dural ectasia,1
9844,ZP:0011624,DISO,"eye decreased area, abnormal",1
9845,ZP:0000533,DISO,"sarcomere heart increased size, abnormal",1
9846,Xenbase:XB-GENE-481100,ORTH,ptges2,5
9847,HGNC:6868,GENE,MAP6,3
9848,MP:0011856,DISO,abnormal glomerular filtration barrier function,1
9849,WBPhenotype:0001354,DISO,actin cytoskeleton filament morphology phenotype,1
9850,ZP:0019215,DISO,"pronephric duct decreased distribution, abnormal",1
9851,MP:0004566,DISO,myocardial fiber degeneration,1
9852,ZP:0012013,DISO,"Z disc skeletal muscle cell morphology, abnormal",1
9853,FlyBase:FBgn0026174,ORTH,SkpD,5
9854,ENSEMBL:ENSFCAG00000000573,ORTH,ENSEMBL:ENSFCAG00000000573,5
9855,Xenbase:XB-GENE-920765,ORTH,itpr1,5
9856,ENSEMBL:ENSBTAG00000000746,ORTH,KAT2B,5
9857,MP:0004994,DISO,abnormal brain wave pattern,1
9858,Xenbase:XB-GENE-22167951,ORTH,mhc100494167,5
9859,HP:0100729,DISO,Large face,1
9860,ZP:0106396,DISO,"ceratobranchial 1 cartilage decreased amount, abnormal",1
9861,HGNC:8570,GENE,PACSIN1,3
9862,ENSEMBL:ENSPTRG00000009791,ORTH,ENSEMBL:ENSPTRG00000009791,5
9863,HGNC:7739,GENE,NEFL,3
9864,ENSEMBL:ENSPTRG00000000321,ORTH,ENSEMBL:ENSPTRG00000000321,5
9865,ENSEMBL:ENSOANG00000014201,ORTH,ENSEMBL:ENSOANG00000014201,5
9866,MP:0010387,DISO,abnormal Bergmann glial cell morphology,1
9867,MP:0009642,DISO,abnormal blood homeostasis,1
9868,ENSEMBL:ENSPTRG00000013415,ORTH,ENSEMBL:ENSPTRG00000013415,5
9869,ZP:0001115,DISO,"dopaminergic neuron diencephalon decreased amount, abnormal",1
9870,MP:0014178,DISO,increased brain apoptosis,1
9871,ZP:0018483,DISO,"acetylcholine-gated channel complex myotome increased distribution, abnormal",1
9872,MP:0001394,DISO,circling,1
9873,HP:0007204,DISO,Diffuse white matter abnormalities,1
9874,SGD:S000005021,ORTH,APJ1,5
9875,ENSEMBL:ENSCAFG00000011840,ORTH,SYT12,5
9876,ENSEMBL:ENSGALG00000014999,ORTH,MAP1B,5
9877,MP:0006335,DISO,abnormal hearing electrophysiology,1
9878,ZFIN:ZDB-GENE-051113-168,ORTH,golph3l,5
9879,PomBase:SPBC1347.12,GENO,arp1,4
9880,ENSEMBL:ENSMMUG00000000768,ORTH,ENSEMBL:ENSMMUG00000000768,5
9881,MONARCH:APO_0000224APO_0000002,GENO,RNA accumulation:abnormal,4
9882,ENSEMBL:ENSGALG00000030401,ORTH,ENSEMBL:ENSGALG00000030401,5
9883,ENSEMBL:ENSCAFG00000016534,ORTH,ACTN1,5
9884,WBPhenotype:0002320,DISO,reversal variant,1
9885,ENSEMBL:ENSPTRG00000009177,ORTH,ENSEMBL:ENSPTRG00000009177,5
9886,ENSEMBL:ENSCAFG00000032222,ORTH,DLA-64,5
9887,HGNC:29943,GENE,TENM2,3
9888,ENSEMBL:ENSPTRG00000002352,ORTH,ENSEMBL:ENSPTRG00000002352,5
9889,ZP:0004627,DISO,"eye decreased amount, abnormal",1
9890,FBcv:0000698,DISO,embryonic/larval segmentation phenotype,1
9891,ZP:0008795,DISO,"anterior region whole organism truncated, abnormal",1
9892,MGI:95917,ORTH,H2-M5,5
9893,ENSEMBL:ENSFCAG00000000832,ORTH,ENSEMBL:ENSFCAG00000000832,5
9894,HP:0002209,DISO,Sparse scalp hair,1
9895,MGI:4437302,ORTH,Tg(GFAP-HTT*160Q)31Xjl [either: (involves: FVB/NCrl) or (involves: C3H * C57BL/6 * FVB/NCrl)],5
9896,HP:0001305,DISO,Dandy-Walker malformation,1
9897,ZP:0002231,DISO,"head pointed, abnormal",1
9898,FlyBase:FBgn0042627,ORTH,FASN2,5
9899,ZP:0008266,DISO,"central artery hemorrhagic, abnormal",1
9900,Xenbase:XB-GENE-1009901,ORTH,polr1c,5
9901,ENSEMBL:ENSGALG00000036218,ORTH,RAB4A,5
9902,MP:0003763,DISO,abnormal thymus physiology,1
9903,MONARCH:APO_0000083APO_0000003,GENO,oxidative stress resistance:decreased,4
9904,MP:0010954,DISO,abnormal cellular respiration,1
9905,MP:0000981,DISO,hyperinnervation of hair-down cells,1
9906,ENSEMBL:ENSACAG00000010533,ORTH,ENSEMBL:ENSACAG00000010533,5
9907,ZP:0020988,DISO,"double-strand break repair via nonhomologous end joining increased frequency, abnormal",1
9908,Coriell:GM03644,GENO,NIGMS-GM03644,4
9909,ZP:0011623,DISO,"vesicle localization process quality, abnormal",1
9910,ZP:0019046,DISO,"cell projection Muller cell disorganized, abnormal",1
9911,MP:0010363,DISO,increased fibrosarcoma incidence,1
9912,ENSEMBL:ENSCAFG00000014178,ORTH,RANBP1,5
9913,FlyBase:FBgn0030100,ORTH,CG12106,5
9914,ENSEMBL:ENSOANG00000003043,ORTH,ENSEMBL:ENSOANG00000003043,5
9915,ZFIN:ZDB-GENE-090521-5,ORTH,tacc1,5
9916,WormBase:WBGene00022306,ORTH,hxk-3,5
9917,MP:0000860,DISO,abnormal primary somatosensory cortex morphology,1
9918,ENSEMBL:ENSCAFG00000004173,ORTH,ENSEMBL:ENSCAFG00000004173,5
9919,MGI:1919318,ORTH,Cnot2,5
9920,ENSEMBL:ENSECAG00000021011,ORTH,ENSEMBL:ENSECAG00000021011,5
9921,FlyBase:FBgn0031331,ORTH,CG5440,5
9922,HGNC:30915,GENE,DCAF7,3
9923,MP:0002451,DISO,abnormal macrophage physiology,1
9924,Coriell:GM04200,GENO,NIGMS-GM04200,4
9925,ZFIN:ZDB-FISH-170608-17,ORTH,<zf696Tg>/<?>; <zf703Tg>/<?> [unspecified background],5
9926,ZP:0017720,DISO,"eye increased process quality cell death, abnormal",1
9927,SGD:S000002736,ORTH,SKP1,5
9928,MP:0009122,DISO,decreased white fat cell lipid droplet size,1
9929,MP:0006344,DISO,small second pharyngeal arch,1
9930,HGNC:20738,GENE,SYVN1,3
9931,HGNC:9402,GENE,PRKCG,3
9932,FlyBase:FBgn0003339,ORTH,Scr,5
9933,ENSEMBL:ENSGALG00000040999,ORTH,EIF3B,5
9934,PomBase:SPBC839.10,GENO,usp107,4
9935,RGD:71064,ORTH,Bag6,5
9936,MONARCH:APO_0000257APO_0000249,GENO,cell cycle progression through the G2/M phase transition:delayed,4
9937,ZFIN:ZDB-GENE-070424-4,ORTH,mhc1zca,5
9938,ZP:0019050,DISO,"proliferative region brain decreased amount, abnormal",1
9939,ZP:0138139,DISO,"trabecular layer of the atrium increased thickness, abnormal",1
9940,ZP:0008622,DISO,"retinal ganglion cell mislocalised, abnormal",1
9941,dictyBase:DDB_G0277403,GENO,clc,4
9942,ENSEMBL:ENSGALG00000015770,ORTH,APP,5
9943,ZP:0004000,DISO,"retinal ganglion cell layer decayed, abnormal",1
9944,ZFIN:ZDB-GENE-030131-5107,ORTH,hmg20a,5
9945,Xenbase:XB-GENE-6258415,ORTH,tcerg1,5
9946,ZP:0001037,DISO,"motor neuron decreased amount, abnormal",1
9947,FlyBase:FBgn0004910,ORTH,Eip63F-1,5
9948,Xenbase:XB-GENE-1007635,ORTH,nsmce3,5
9949,ENSEMBL:ENSSSCG00000011493,ORTH,ATXN7,5
9950,Xenbase:XB-GENE-5837209,ORTH,psma4,5
9951,HP:0010309,DISO,Bifid sternum,1
9952,ENSEMBL:ENSPTRG00000007494,ORTH,ENSEMBL:ENSPTRG00000007494,5
9953,ENSEMBL:ENSMMUG00000015610,ORTH,ENSEMBL:ENSMMUG00000015610,5
9954,ENSEMBL:ENSCAFG00000023542,ORTH,ENSEMBL:ENSCAFG00000023542,5
9955,ZP:0001067,DISO,"ceratobranchial cartilage aplastic, abnormal",1
9956,ENSEMBL:ENSGALG00000000317,ORTH,NEFM,5
9957,FlyBase:FBgn0031759,ORTH,Kdm5,5
9958,ENSEMBL:ENSBTAG00000003259,ORTH,TCERG1,5
9959,PomBase:SPAC22H10.03c,GENO,kap114,4
9960,ENSEMBL:ENSACAG00000017260,ORTH,ENSEMBL:ENSACAG00000017260,5
9961,Coriell:GM04717,GENO,NIGMS-GM04717,4
9962,ENSEMBL:ENSCAFG00000014570,ORTH,ENSEMBL:ENSCAFG00000014570,5
9963,RGD:1308943,ORTH,Vat1,5
9964,ZP:0001021,DISO,"anterior/posterior pattern specification disrupted, abnormal",1
9965,ENSEMBL:ENSSSCG00000001795,ORTH,SH3GL3,5
9966,ENSEMBL:ENSOANG00000048246,ORTH,ENSEMBL:ENSOANG00000048246,5
9967,FlyBase:FBgn0034863,ORTH,SkpF,5
9968,MGI:2177755,ORTH,Htt<tm2Szi>,5
9969,ZFIN:ZDB-GENE-050720-3,ORTH,dpysl4,5
9970,EFO:0004541,GENO,HbA1c measurement,4
9971,ZP:0103238,DISO,"motile cilium pronephric tubule immobile, abnormal",1
9972,ENSEMBL:ENSOANG00000004073,ORTH,ENSEMBL:ENSOANG00000004073,5
9973,ENSEMBL:ENSPTRG00000020900,ORTH,ENSEMBL:ENSPTRG00000020900,5
9974,HP:0000752,DISO,Hyperactivity,1
9975,MP:0008098,DISO,decreased plasma cell number,1
9976,ZFIN:ZDB-GENE-040426-2649,ORTH,sec13,5
9977,MP:0008080,DISO,"abnormal CD8-positive, alpha-beta T cell differentiation",1
9978,ZP:0007848,DISO,"double-strand break repair via single-strand annealing decreased frequency, abnormal",1
9979,WBPhenotype:0000532,DISO,body region morphology variant,1
9980,WBPhenotype:0001942,DISO,rachis absent,1
9981,ENSEMBL:ENSGALG00000007970,ORTH,PIAS1,5
9982,MONARCH:APO_0000240APO_0000004,GENO,mitophagy:increased,4
9983,MP:0000733,DISO,abnormal muscle development,1
9984,MP:0010900,DISO,abnormal pulmonary interalveolar septum morphology,1
9985,ZFIN:ZDB-GENE-080303-4,ORTH,si:ch211-1a19.2,5
9986,ZP:0009144,DISO,"photoreceptor outer segment photoreceptor cell decreased size, abnormal",1
9987,ZFIN:ZDB-GENE-030131-9849,ORTH,sp8a,5
9988,ENSEMBL:ENSMODG00000043186,ORTH,ENSEMBL:ENSMODG00000043186,5
9989,ZP:0000586,DISO,"anterior-posterior axis whole organism decreased length, abnormal",1
9990,ZP:0001543,DISO,"cardiac muscle cell decreased size, abnormal",1
9991,MP:0008916,DISO,abnormal astrocyte physiology,1
9992,ENSEMBL:ENSECAG00000031677,ORTH,ENSEMBL:ENSECAG00000031677,5
9993,FlyBase:CG11025,ORTH,FlyBase:CG11025,5
9994,MP:0008877,DISO,abnormal DNA methylation,1
9995,MP:0000904,DISO,abnormal superior colliculus morphology,1
9996,ENSEMBL:ENSCAFG00000006500,ORTH,TCERG1,5
9997,RGD:1303027,ORTH,C5ar2,5
9998,ENSEMBL:ENSGALG00000053682,ORTH,LOC768350,5
9999,ENSEMBL:ENSCAFG00000023331,ORTH,F1PKK4,5
10000,RGD:1564147,ORTH,Fam71f1,5
10001,ENSEMBL:ENSOANG00000013320,ORTH,ENSEMBL:ENSOANG00000013320,5
10002,HP:0000648,DISO,Optic atrophy,1
10003,WormBase:WBGene00000138,ORTH,amx-2,5
10004,ENSEMBL:ENSMMUG00000002630,ORTH,ENSEMBL:ENSMMUG00000002630,5
10005,HP:0012535,DISO,Abnormal synaptic transmission,1
10006,dictyBase:DDB_G0267754,GENO,DDB_G0267754,4
10007,MP:0009278,DISO,abnormal bone marrow cell physiology,1
10008,WBPhenotype:0001700,DISO,swimming variant,1
10009,MP:0009450,DISO,abnormal axon fasciculation,1
10010,WBPhenotype:0001130,DISO,cytokinesis fails early emb,1
10011,ZFIN:ZDB-GENE-070705-176,ORTH,mhc1zea,5
10012,MGI:3694681,ORTH,Tg(HDexon1)62Gpb [B6CBA-Tg(HDexon1)62Gpb/1J],5
10013,SGD:S000005986,ORTH,VPS28,5
10014,ENSEMBL:ENSACAG00000001098,ORTH,ENSEMBL:ENSACAG00000001098,5
10015,ENSEMBL:ENSFCAG00000009990,ORTH,ENSEMBL:ENSFCAG00000009990,5
10016,ENSEMBL:ENSMMUG00000052202,ORTH,ENSEMBL:ENSMMUG00000052202,5
10017,MP:0000976,DISO,hyperinnervation of hair guard cells,1
10018,ZP:0101282,DISO,"defecation process quality, abnormal",1
10019,MP:0000579,DISO,abnormal nail morphology,1
10020,Xenbase:XB-GENE-6036635,ORTH,g3bp1,5
10021,HP:0012757,DISO,Abnormal neuron morphology,1
10022,FlyBase:FBgn0260444,ORTH,Not10,5
10023,WBPhenotype:0000857,DISO,excretory cell development variant,1
10024,ENSEMBL:ENSCAFG00000011328,ORTH,EIF4E2,5
10025,ENSEMBL:ENSECAG00000032988,ORTH,ENSEMBL:ENSECAG00000032988,5
10026,GO:2001237,PHYS,negative regulation of extrinsic apoptotic signaling pathway,6
10027,MGI:1344381,ORTH,Dnajb6,5
10028,FlyBase:FBgn0036784,ORTH,CG5103,5
10029,ENSEMBL:ENSGALG00000033705,ORTH,LOC430766,5
10030,MP:0002216,DISO,abnormal seminiferous tubule morphology,1
10031,ZP:0010285,DISO,"integument neoplastic, abnormal",1
10032,MONARCH:APO_0000109APO_0000003,GENO,survival rate in stationary phase:decreased,4
10033,ENSEMBL:ENSCAFG00000030046,ORTH,ENSEMBL:ENSCAFG00000030046,5
10034,MGI:1341884,ORTH,Hey2,5
10035,RGD:631409,ORTH,Hsp90aa1,5
10036,HP:0002745,DISO,Oral leukoplakia,1
10037,HP:0011599,DISO,Mesocardia,1
10038,MP:0002961,DISO,abnormal axon guidance,1
10039,ENSEMBL:ENSPTRG00000005536,ORTH,ENSEMBL:ENSPTRG00000005536,5
10040,ZFIN:ZDB-GENE-040426-993,ORTH,ncor1,5
10041,HGNC:5186,GENE,PRMT2,3
10042,HP:0001877,DISO,Abnormal erythrocyte morphology,1
10043,ENSEMBL:ENSGALG00000003221,ORTH,WDR61,5
10044,ENSEMBL:ENSACAG00000012196,ORTH,ENSEMBL:ENSACAG00000012196,5
10045,ENSEMBL:ENSOANG00000007817,ORTH,ENSEMBL:ENSOANG00000007817,5
10046,WBPhenotype:0000319,DISO,large,1
10047,MGI:1917592,ORTH,Ptges2,5
10048,MP:0004901,DISO,decreased male germ cell number,1
10049,HP:0004463,DISO,Absent brainstem auditory responses,1
10050,WormBase:WBGene00015454,ORTH,C04G6.4,5
10051,HP:0000238,DISO,Hydrocephalus,1
10052,MP:0001233,DISO,abnormal epidermis suprabasal layer morphology,1
10053,HP:0100716,DISO,Self-injurious behavior,1
10054,ENSEMBL:ENSMODG00000024116,ORTH,ENSEMBL:ENSMODG00000024116,5
10055,ENSEMBL:ENSXETG00000009068,ORTH,pcolce,5
10056,FlyBase:FBgn0267849,ORTH,Syx7,5
10057,dictyBase:DDB_G0279141,GENO,ap1b1,4
10058,EFO:0004464,GENO,brain measurement,4
10059,MGI:96250,ORTH,Hsp90aa1,5
10060,ZP:0002187,DISO,"brain vasculature has fewer parts of type central artery, abnormal",1
10061,ENSEMBL:ENSFCAG00000042897,ORTH,ENSEMBL:ENSFCAG00000042897,5
10062,ENSEMBL:ENSSSCG00000023719,ORTH,ENSEMBL:ENSSSCG00000023719,5
10063,ENSEMBL:ENSECAG00000002513,ORTH,ENSEMBL:ENSECAG00000002513,5
10064,dictyBase:DDB_G0277577,GENO,DDB0217990,4
10065,ZP:0021305,DISO,"glucose blood increased amount, abnormal",1
10066,ENSEMBL:ENSACAG00000008213,ORTH,ENSEMBL:ENSACAG00000008213,5
10067,MONARCH:APO_0000131APO_0000248,GENO,protein/peptide modification:increased duration,4
10068,MP:0006238,DISO,abnormal choriocapillaris morphology,1
10069,ENSEMBL:ENSFCAG00000030563,ORTH,ENSEMBL:ENSFCAG00000030563,5
10070,ZFIN:ZDB-GENE-141114-2,ORTH,actn2a,5
10071,WormBase:WBGene00007036,ORTH,sod-5,5
10072,ENSEMBL:ENSOANG00000004897,ORTH,ENSEMBL:ENSOANG00000004897,5
10073,SGD:S000001617,ORTH,OCT1,5
10074,ENSEMBL:ENSCAFG00000008253,ORTH,ENSEMBL:ENSCAFG00000008253,5
10075,MP:0001435,DISO,absent suckling reflex,1
10076,MP:0010887,DISO,pale lung,1
10077,ENSEMBL:ENSSSCG00000038436,ORTH,HYPK,5
10078,MP:0003111,DISO,abnormal cell nucleus morphology,1
10079,RGD:621179,ORTH,Rpl13,5
10080,ENSEMBL:ENSACAG00000017406,ORTH,ENSEMBL:ENSACAG00000017406,5
10081,HP:0006891,DISO,Thick cerebral cortex,1
10082,ENSEMBL:ENSGALG00000001947,ORTH,ENSEMBL:ENSGALG00000001947,5
10083,ENSEMBL:ENSPTRG00000010290,ORTH,ENSEMBL:ENSPTRG00000010290,5
10084,HP:0002376,DISO,Developmental regression,1
10085,WBPhenotype:0000241,DISO,accumulated cell corpses,1
10086,WBPhenotype:0000245,DISO,SM migration variant,1
10087,ENSEMBL:ENSACAG00000010579,ORTH,ENSEMBL:ENSACAG00000010579,5
10088,HP:0011808,DISO,Decreased patellar reflex,1
10089,Xenbase:XB-GENE-949692,ORTH,nbr1,5
10090,HP:0002282,DISO,Gray matter heterotopia,1
10091,ENSEMBL:ENSCAFG00000007949,ORTH,ENSEMBL:ENSCAFG00000007949,5
10092,RGD:1306401,ORTH,Cnot8,5
10093,ENSEMBL:ENSPTRG00000000573,ORTH,ENSEMBL:ENSPTRG00000000573,5
10094,FlyBase:FBgn0029893,ORTH,CG14442,5
10095,ZP:0003057,DISO,"skeletal myofibril assembly disrupted, abnormal",1
10096,ZP:0004246,DISO,"response to ionizing radiation disrupted, abnormal",1
10097,FlyBase:FBgn0017550,ORTH,Rga,5
10098,ENSEMBL:ENSGALG00000037203,ORTH,ENSEMBL:ENSGALG00000037203,5
10099,RGD:735127,ORTH,Psmd6,5
10100,ENSEMBL:ENSBTAG00000009035,ORTH,CENPE,5
10101,HGNC:31850,GENE,F8A3,3
10102,RGD:1306853,ORTH,Traf6,5
10103,RGD:619824,ORTH,Rpl4,5
10104,ENSEMBL:ENSGALG00000010175,ORTH,ENSEMBL:ENSGALG00000010175,5
10105,HP:0025487,DISO,Abnormality of bladder morphology,1
10106,MGI:1931882,ORTH,Dnaja2,5
10107,HP:0001735,DISO,Acute pancreatitis,1
10108,MP:0002759,DISO,abnormal caudal vertebrae morphology,1
10109,ENSEMBL:ENSMMUG00000001054,ORTH,ENSEMBL:ENSMMUG00000001054,5
10110,ZP:0019939,DISO,"hindbrain increased distribution, abnormal",1
10111,EFO:0004584,GENO,mean platelet volume,4
10112,ENSEMBL:ENSPTRG00000039806,ORTH,ENSEMBL:ENSPTRG00000039806,5
10113,ENSEMBL:ENSCAFG00000029992,ORTH,J9P895,5
10114,ZP:0021484,DISO,"late endosome neural crest cell decreased amount, abnormal",1
10115,ENSEMBL:ENSSSCG00000013094,ORTH,DDB1,5
10116,ZP:0000474,DISO,"neuron degenerate, abnormal",1
10117,ZFIN:ZDB-GENE-051128-1,ORTH,ogt.2,5
10118,ZP:0005817,DISO,"eye photoreceptor cell decreased amount, abnormal",1
10119,ENSEMBL:ENSGALG00000007752,ORTH,COPS7B,5
10120,MP:0003874,DISO,absent pharyngeal arches,1
10121,MP:0004121,DISO,abnormal sarcolemma morphology,1
10122,WormBase:WBGene00004254,ORTH,pxf-1,5
10123,ZFIN:ZDB-GENE-070410-43,ORTH,trafd1,5
10124,ZP:0000408,DISO,"activation of cysteine-type endopeptidase activity involved in apoptotic process increased occurrence, abnormal",1
10125,MONARCH:APO_0000075APO_0000003,GENO,endocytosis:decreased,4
10126,ENSEMBL:ENSMODG00000009778,ORTH,ENSEMBL:ENSMODG00000009778,5
10127,ENSEMBL:ENSPTRG00000021031,ORTH,ENSEMBL:ENSPTRG00000021031,5
10128,dbSNP:rs363096,GENO,rs363096-C,4
10129,ENSEMBL:ENSPTRG00000020672,ORTH,ENSEMBL:ENSPTRG00000020672,5
10130,ENSEMBL:ENSSSCG00000018051,ORTH,COPS3,5
10131,HP:0011675,DISO,Arrhythmia,1
10132,ZP:0019047,DISO,"nucleus photoreceptor cell disorganized, abnormal",1
10133,ENSEMBL:ENSMMUG00000009281,ORTH,ENSEMBL:ENSMMUG00000009281,5
10134,ENSEMBL:ENSSSCG00000035776,ORTH,A0A287AGI9,5
10135,MGI:3851447,ORTH,Tg(tetO-HTT*94Q/-lacZ)1Rhn [involves: C57BL/6 * CBA],5
10136,ZFIN:ZDB-GENE-040426-1069,ORTH,chuk,5
10137,ENSEMBL:ENSBTAG00000005146,ORTH,ENSEMBL:ENSBTAG00000005146,5
10138,ENSEMBL:ENSECAG00000013971,ORTH,ENSEMBL:ENSECAG00000013971,5
10139,PomBase:SPAC57A7.08,GENO,pzh1,4
10140,dictyBase:DDB_G0286661,GENO,DDB0187079,4
10141,ENSEMBL:ENSECAG00000002758,ORTH,ENSEMBL:ENSECAG00000002758,5
10142,ENSEMBL:ENSGALG00000030164,ORTH,A0A1D5PDA1,5
10143,ENSEMBL:ENSOANG00000006132,ORTH,ENSEMBL:ENSOANG00000006132,5
10144,WBPhenotype:0000540,DISO,muscle arm development variant,1
10145,ENSEMBL:ENSACAG00000026863,ORTH,ENSEMBL:ENSACAG00000026863,5
10146,ENSEMBL:ENSACAG00000009533,ORTH,ENSEMBL:ENSACAG00000009533,5
10147,ENSEMBL:ENSMODG00000017906,ORTH,ENSEMBL:ENSMODG00000017906,5
10148,WBPhenotype:0000414,DISO,cell fate transformation,1
10149,ENSEMBL:ENSPTRG00000015689,ORTH,ENSEMBL:ENSPTRG00000015689,5
10150,HGNC:4922,GENE,HK1,3
10151,ENSEMBL:ENSECAG00000022375,ORTH,ENSEMBL:ENSECAG00000022375,5
10152,HP:0007401,DISO,Macular atrophy,1
10153,ENSEMBL:ENSACAG00000024528,ORTH,ENSEMBL:ENSACAG00000024528,5
10154,MP:0002376,DISO,abnormal dendritic cell physiology,1
10155,MP:0002570,DISO,alcohol aversion,1
10156,MP:0002761,DISO,abnormal hippocampal mossy fiber morphology,1
10157,WormBase:WBGene00016374,ORTH,swd-2.2,5
10158,MP:0020386,DISO,adipose tissue inflammation,1
10159,ENSEMBL:ENSMMUG00000060815,ORTH,ENSEMBL:ENSMMUG00000060815,5
10160,HGNC:5985,GENE,IL17RA,3
10161,ENSEMBL:ENSMMUG00000021055,ORTH,ENSEMBL:ENSMMUG00000021055,5
10162,ZFIN:ZDB-GENE-030131-9663,ORTH,pabpc4,5
10163,ENSEMBL:ENSMODG00000013940,ORTH,ENSEMBL:ENSMODG00000013940,5
10164,ZFIN:ZDB-GENE-040718-488,ORTH,wipi2,5
10165,MGI:87986,ORTH,Akt1,5
10166,MP:0002357,DISO,abnormal spleen white pulp morphology,1
10167,HP:0000135,DISO,Hypogonadism,1
10168,dictyBase:DDB_G0290629,GENO,DDB0189005,4
10169,ENSEMBL:ENSMMUG00000010056,ORTH,ENSEMBL:ENSMMUG00000010056,5
10170,WBPhenotype:0000976,DISO,ventral cord patterning variant,1
10171,ZP:0021197,DISO,"central nervous system decreased amount, abnormal",1
10172,MP:0006097,DISO,abnormal cerebellar lobule formation,1
10173,MP:0008566,DISO,increased interferon-gamma secretion,1
10174,Xenbase:XB-GENE-5910254,ORTH,pex11b,5
10175,MP:0004948,DISO,abnormal neuronal precursor proliferation,1
10176,ENSEMBL:ENSECAG00000021615,ORTH,ENSEMBL:ENSECAG00000021615,5
10177,HP:0000767,DISO,Pectus excavatum,1
10178,Xenbase:XB-GENE-999318,ORTH,becn1,5
10179,Coriell:GM04777,GENO,NIGMS-GM04777,4
10180,ZP:0019804,DISO,"hematopoietic system decreased amount, abnormal",1
10181,HP:0003022,DISO,Hypoplasia of the ulna,1
10182,RGD:708423,ORTH,Opa1,5
10183,ZFIN:ZDB-GENE-060526-307,ORTH,msh3,5
10184,MP:0001704,DISO,abnormal dorsal-ventral axis patterning,1
10185,MP:0002972,DISO,abnormal cardiac muscle contractility,1
10186,Xenbase:XB-GENE-949877,ORTH,ikbkb,5
10187,ENSEMBL:ENSMODG00000011198,ORTH,ENSEMBL:ENSMODG00000011198,5
10188,MP:0010769,DISO,abnormal survival,1
10189,ENSEMBL:ENSMODG00000012958,ORTH,ENSEMBL:ENSMODG00000012958,5
10190,Coriell:GM02167,GENO,NIGMS-GM02167,4
10191,ZP:0001631,DISO,"notochord decreased length, abnormal",1
10192,PomBase:SPBC32F12.16,GENO,gem7,4
10193,MP:0001017,DISO,abnormal stellate ganglion morphology,1
10194,ZFIN:ZDB-GENE-041114-53,ORTH,rab11a,5
10195,MONARCH:APO_0000260APO_0000248,GENO,cell cycle progression in anaphase:increased duration,4
10196,WBPhenotype:0000850,DISO,touch resistant anterior body,1
10197,Xenbase:XB-GENE-1004600,ORTH,msn,5
10198,MP:0012362,DISO,increased large unstained cell number,1
10199,ZP:0137431,DISO,"optic stalk increased distribution, abnormal",1
10200,ENSEMBL:ENSACAG00000011070,ORTH,ENSEMBL:ENSACAG00000011070,5
10201,RGD:2990,ORTH,Lamp2,5
10202,ZP:0002291,DISO,"pigmentation decreased occurrence, abnormal",1
10203,ENSEMBL:ENSBTAG00000020641,ORTH,ENSEMBL:ENSBTAG00000020641,5
10204,ENSEMBL:ENSSSCG00000012521,ORTH,ENSEMBL:ENSSSCG00000012521,5
10205,ENSEMBL:ENSPTRG00000002974,ORTH,ENSEMBL:ENSPTRG00000002974,5
10206,ENSEMBL:ENSCAFG00000019684,ORTH,AXIN1,5
10207,MP:0006379,DISO,abnormal spermatocyte morphology,1
10208,MP:0002420,DISO,abnormal adaptive immunity,1
10209,SGD:S000005952,ORTH,PHO85,5
10210,MP:0020395,DISO,abnormal response to social novelty,1
10211,NCBIGene:103911752,GENE,LOC103911752,3
10212,MONARCH:APO_0000209APO_0000005,GENO,protein/peptide distribution:absent,4
10213,ENSEMBL:ENSFCAG00000014717,ORTH,ENSEMBL:ENSFCAG00000014717,5
10214,ENSEMBL:ENSECAG00000015611,ORTH,ENSEMBL:ENSECAG00000015611,5
10215,ENSEMBL:ENSECAG00000015638,ORTH,ENSEMBL:ENSECAG00000015638,5
10216,WBPhenotype:0000977,DISO,somatic gonad morphology variant,1
10217,HP:0001660,DISO,Truncus arteriosus,1
10218,ENSEMBL:ENSACAG00000001540,ORTH,ENSEMBL:ENSACAG00000001540,5
10219,MGI:95928,ORTH,H2-Q1,5
10220,ENSEMBL:ENSECAG00000005915,ORTH,ENSEMBL:ENSECAG00000005915,5
10221,HP:0000054,DISO,Micropenis,1
10222,HP:0002070,DISO,Limb ataxia,1
10223,EFO:0004343,GENO,waist-hip ratio,4
10224,ZP:0002629,DISO,"anterior-most region head truncated, abnormal",1
10225,ENSEMBL:ENSFCAG00000024773,ORTH,ENSEMBL:ENSFCAG00000024773,5
10226,dictyBase:DDB_G0279151,GENO,cenB,4
10227,ZFIN:ZDB-GENE-060126-4,ORTH,ftr79,5
10228,ZFIN:ZDB-GENE-060825-293,ORTH,rab9a,5
10229,EFO:0003949,GENO,eye color,4
10230,WBPhenotype:0001788,DISO,resistant to mutagens,1
10231,MP:0004079,DISO,abnormal putamen morphology,1
10232,EFO:0004345,GENO,corneal topography,4
10233,HP:0002018,DISO,Nausea,1
10234,ENSEMBL:ENSMODG00000019128,ORTH,ENSEMBL:ENSMODG00000019128,5
10235,HP:0002133,DISO,Status epilepticus,1
10236,MONARCH:APO_0000024APO_0000005,GENO,budding:absent,4
10237,EFO:0006937,GENO,optic disc area measurement,4
10238,MP:0002419,DISO,abnormal innate immunity,1
10239,MP:0030197,DISO,small nasal septum,1
10240,dictyBase:DDB_G0279721,GENO,ubqH,4
10241,ZP:0006801,DISO,"yolk vacuolated, abnormal",1
10242,ENSEMBL:ENSCAFG00000004769,ORTH,OPTN,5
10243,ENSEMBL:ENSBTAG00000020357,ORTH,ENSEMBL:ENSBTAG00000020357,5
10244,HP:0001733,DISO,Pancreatitis,1
10245,MP:0009293,DISO,decreased inguinal fat pad weight,1
10246,ENSEMBL:ENSCAFG00000012558,ORTH,J9PBL8,5
10247,ENSEMBL:ENSBTAG00000009124,ORTH,FEZ1,5
10248,RGD:1309158,ORTH,Zfp655,5
10249,EFO:0004570,GENO,bilirubin measurement,4
10250,ZP:0000141,DISO,"dorsal/ventral pattern formation disrupted, abnormal",1
10251,ZFIN:ZDB-GENE-070410-56,ORTH,psmd14,5
10252,MP:0008572,DISO,abnormal Purkinje cell dendrite morphology,1
10253,MP:0000168,DISO,abnormal bone marrow development,1
10254,WBPhenotype:0000925,DISO,sex muscle morphology variant,1
10255,MP:0005605,DISO,increased bone mass,1
10256,ZP:0018576,DISO,"whole organism decreased amount, abnormal",1
10257,ZP:0003852,DISO,"lipid droplet intestine increased amount, abnormal",1
10258,MP:0005140,DISO,decreased cardiac muscle contractility,1
10259,ENSEMBL:ENSMMUG00000009960,ORTH,ENSEMBL:ENSMMUG00000009960,5
10260,ZFIN:ZDB-GENE-040426-1921,ORTH,rangap1b,5
10261,FlyBase:FBgn0000150,ORTH,awd,5
10262,MP:0005359,DISO,growth retardation of incisors,1
10263,ENSEMBL:ENSGALG00000040480,ORTH,ENSEMBL:ENSGALG00000040480,5
10264,ZFIN:ZDB-GENE-081104-27,ORTH,dnm1a,5
10265,SGD:S000001906,ORTH,UBP6,5
10266,ENSEMBL:ENSCAFG00000007564,ORTH,IMMT,5
10267,MP:0006042,DISO,increased apoptosis,1
10268,ENSEMBL:ENSECAG00000037484,ORTH,ENSEMBL:ENSECAG00000037484,5
10269,GO:0030659,PHYS,cytoplasmic vesicle membrane,6
10270,ENSEMBL:ENSACAG00000017032,ORTH,ENSEMBL:ENSACAG00000017032,5
10271,ENSEMBL:ENSACAG00000007966,ORTH,ENSEMBL:ENSACAG00000007966,5
10272,HGNC:9675,GENE,PTPRM,3
10273,ENSEMBL:ENSSSCG00000028978,ORTH,CAD,5
10274,HP:0000751,DISO,Personality changes,1
10275,RGD:1565778,ORTH,Magea8,5
10276,ENSEMBL:ENSCAFG00000008869,ORTH,TGM2,5
10277,dictyBase:DDB_G0289623,GENO,pex11,4
10278,ENSEMBL:ENSMMUG00000004560,ORTH,ENSEMBL:ENSMMUG00000004560,5
10279,HP:0000212,DISO,Gingival overgrowth,1
10280,ENSEMBL:ENSCAFG00000029076,ORTH,CCDC126,5
10281,MP:0002220,DISO,large lymphoid organs,1
10282,MGI:1926235,ORTH,Stx6,5
10283,WormBase:WBGene00019183,ORTH,npr-30,5
10284,FlyBase:FBgn0003132,ORTH,Pp1-13C,5
10285,HP:0010747,DISO,Medial flaring of the eyebrow,1
10286,MP:0006054,DISO,spinal hemorrhage,1
10287,ENSEMBL:ENSECAG00000020229,ORTH,ENSEMBL:ENSECAG00000020229,5
10288,ENSEMBL:ENSBTAG00000002707,ORTH,IPO4,5
10289,MP:0006205,DISO,embryonic lethality between implantation and somite formation,1
10290,MP:0009327,DISO,abnormal maternal grooming,1
10291,dictyBase:DDB_G0272098,GENO,DDB_G0272098,4
10292,ZFIN:ZDB-GENE-140820-8,ORTH,mhc1lga,5
10293,Coriell:GM03868,GENO,NIGMS-GM03868,4
10294,HP:0000363,DISO,Abnormality of earlobe,1
10295,MGI:1347351,ORTH,Ncdn,5
10296,ZFIN:ZDB-GENE-060825-69,ORTH,llgl1,5
10297,FlyBase:FBgn0011661,ORTH,Moe,5
10298,Xenbase:XB-GENE-5755016,ORTH,cnot10,5
10299,ENSEMBL:ENSECAG00000008264,ORTH,ENSEMBL:ENSECAG00000008264,5
10300,MP:0010101,DISO,increased sacral vertebrae number,1
10301,ZP:0106949,DISO,"response to drug process quality, abnormal",1
10302,MONARCH:APO_0000254APO_0000002,GENO,cell cycle progression in G2 phase:abnormal,4
10303,HP:0001310,DISO,Dysmetria,1
10304,MP:0009640,DISO,abnormal renal tubule epithelium morphology,1
10305,MP:0008824,DISO,absent interventricular septum membranous part,1
10306,ENSEMBL:ENSGALG00000010976,ORTH,ENSEMBL:ENSGALG00000010976,5
10307,ENSEMBL:ENSSSCG00000021363,ORTH,CHD3,5
10308,ZP:0000832,DISO,"mechanosensory behavior disrupted, abnormal",1
10309,WBPhenotype:0001643,DISO,excess hypodermal cells,1
10310,MP:0002834,DISO,decreased heart weight,1
10311,ZP:0010280,DISO,"neurofibrosarcoma peripheral nervous system increased amount, abnormal",1
10312,ZP:0006658,DISO,"heart contraction decreased magnitude, abnormal",1
10313,PomBase:SPCC11E10.08,GENO,rik1,4
10314,ENSEMBL:ENSFCAG00000014170,ORTH,ENSEMBL:ENSFCAG00000014170,5
10315,GO:1903599,PHYS,positive regulation of autophagy of mitochondrion,6
10316,ZP:0001556,DISO,"notochord kinked, abnormal",1
10317,ENSEMBL:ENSECAG00000043427,ORTH,ENSEMBL:ENSECAG00000043427,5
10318,ENSEMBL:ENSPTRG00000000762,ORTH,ENSEMBL:ENSPTRG00000000762,5
10319,WBPhenotype:0000779,DISO,late embryonic arrest,1
10320,FBcv:0000415,DISO,abnormal jumping,1
10321,ENSEMBL:ENSMMUG00000017277,ORTH,ENSEMBL:ENSMMUG00000017277,5
10322,ZP:0003482,DISO,"cranial neural crest disrupted neural crest cell development, abnormal",1
10323,ENSEMBL:ENSCAFG00000017908,ORTH,ENSEMBL:ENSCAFG00000017908,5
10324,WBPhenotype:0000402,DISO,avoids bacterial lawn,1
10325,ENSEMBL:ENSMMUG00000003620,ORTH,ENSEMBL:ENSMMUG00000003620,5
10326,MGI:1913906,ORTH,Eef1d,5
10327,ZP:0018634,DISO,"autophagosome heart decreased amount, abnormal",1
10328,MP:0003245,DISO,abnormal GABAergic neuron morphology,1
10329,ENSEMBL:ENSSSCG00000017343,ORTH,ENSEMBL:ENSSSCG00000017343,5
10330,MP:0011695,DISO,absent hematopoietic stem cells,1
10331,WBPhenotype:0001428,DISO,intestinal vacuole,1
10332,MP:0010907,DISO,absent lung buds,1
10333,HP:0002475,DISO,Myelomeningocele,1
10334,MGI:1347045,ORTH,Psmb2,5
10335,MP:0001196,DISO,shiny skin,1
10336,MONARCH:APO_0000095APO_0000004,GENO,chemical compound accumulation:increased,4
10337,HP:0000826,DISO,Precocious puberty,1
10338,MP:0009402,DISO,decreased skeletal muscle fiber diameter,1
10339,ZP:0020241,DISO,"eye photoreceptor cell disrupted protein localization, abnormal",1
10340,WBPhenotype:0001953,DISO,nuclear fallout,1
10341,SGD:S000003826,ORTH,ARP3,5
10342,ZP:0004001,DISO,"neuron retinal ganglion cell layer degenerate, abnormal",1
10343,MP:0010047,DISO,axonal spheroids,1
10344,MP:0004859,DISO,abnormal synaptic plasticity,1
10345,RGD:1595070,ORTH,Dppa4,5
10346,Xenbase:XB-GENE-484572,ORTH,carm1,5
10347,ENSEMBL:ENSACAG00000017696,ORTH,ENSEMBL:ENSACAG00000017696,5
10348,ENSEMBL:ENSCAFG00000030862,ORTH,COMMD4,5
10349,MP:0011820,DISO,decreased pancreatic beta cell proliferation,1
10350,ENSEMBL:ENSACAG00000012776,ORTH,ENSEMBL:ENSACAG00000012776,5
10351,ENSEMBL:ENSMODG00000014431,ORTH,ENSEMBL:ENSMODG00000014431,5
10352,ENSEMBL:ENSPTRG00000017451,ORTH,ENSEMBL:ENSPTRG00000017451,5
10353,MP:0001194,DISO,dermatitis,1
10354,ENSEMBL:ENSPTRG00000002328,ORTH,ENSEMBL:ENSPTRG00000002328,5
10355,MGI:5441508,ORTH,Tg(HDexon1)61Gpb [involves: C57BL/6 * C57BL/6J * CBA],5
10356,MP:0008770,DISO,decreased survivor rate,1
10357,ENSEMBL:ENSECAG00000033995,ORTH,ENSEMBL:ENSECAG00000033995,5
10358,HP:0000819,DISO,Diabetes mellitus,1
10359,ENSEMBL:ENSOANG00000004805,ORTH,ENSEMBL:ENSOANG00000004805,5
10360,MGI:1096584,ORTH,Psmd2,5
10361,ENSEMBL:ENSGALG00000007932,ORTH,ENSEMBL:ENSGALG00000007932,5
10362,ENSEMBL:ENSBTAG00000021691,ORTH,ENSEMBL:ENSBTAG00000021691,5
10363,MP:0008456,DISO,abnormal retinal rod cell outer segment morphology,1
10364,MP:0008886,DISO,abnormal PML bodies,1
10365,MP:0010741,DISO,abnormal melanocyte proliferation,1
10366,RGD:621646,ORTH,Vim,5
10367,MONARCH:APO_0000047APO_0000003,GENO,transposable element transposition:decreased,4
10368,ENSEMBL:ENSFCAG00000015356,ORTH,ENSEMBL:ENSFCAG00000015356,5
10369,WormBase:WBGene00007966,ORTH,maph-1.3,5
10370,MONARCH:APO_0000277APO_0000004,GENO,prion loss:increased,4
10371,ENSEMBL:ENSSSCG00000014804,ORTH,LAMTOR1,5
10372,MP:0001286,DISO,abnormal eye development,1
10373,ENSEMBL:ENSSSCG00000007281,ORTH,ENSEMBL:ENSSSCG00000007281,5
10374,HP:0002719,DISO,Recurrent infections,1
10375,dictyBase:DDB_G0278403,GENO,rsmH,4
10376,WormBase:WBGene00003858,ORTH,ogt-1,5
10377,ENSEMBL:ENSCAFG00000003081,ORTH,PABPC4,5
10378,MP:0000245,DISO,abnormal erythropoiesis,1
10379,MGI:97549,ORTH,Pfn1,5
10380,MP:0009903,DISO,abnormal medial nasal prominence morphology,1
10381,RGD:3375,ORTH,Ppp1ca,5
10382,HP:0002753,DISO,Thin bony cortex,1
10383,MP:0008862,DISO,asymmetric snout,1
10384,MP:0009405,DISO,increased skeletal muscle fiber number,1
10385,WBPhenotype:0000057,DISO,early larval lethal,1
10386,ZP:0001378,DISO,"retina morphogenesis in camera-type eye disrupted, abnormal",1
10387,ZFIN:ZDB-GENE-031107-3,ORTH,ndnl2,5
10388,ENSEMBL:ENSOANG00000047459,ORTH,ENSEMBL:ENSOANG00000047459,5
10389,MP:0008897,DISO,decreased IgG2c level,1
10390,FlyBase:CG8815,ORTH,FlyBase:CG8815,5
10391,ENSEMBL:ENSOANG00000015679,ORTH,ENSEMBL:ENSOANG00000015679,5
10392,MP:0011281,DISO,abnormal olfactory epithelium cilium morphology,1
10393,dictyBase:DDB_G0285563,GENO,DDB0186571,4
10394,HGNC:22398,GENE,CCDC126,3
10395,Coriell:GM04776,GENO,NIGMS-GM04776,4
10396,MGI:105069,ORTH,Rab4a,5
10397,ENSEMBL:ENSMMUG00000019812,ORTH,ENSEMBL:ENSMMUG00000019812,5
10398,ENSEMBL:ENSBTAG00000021977,ORTH,ENSEMBL:ENSBTAG00000021977,5
10399,MP:0005025,DISO,abnormal response to infection,1
10400,HP:0001643,DISO,Patent ductus arteriosus,1
10401,WBPhenotype:0001425,DISO,receptor mediated endocytosis defective,1
10402,ENSEMBL:ENSCAFG00000039767,ORTH,ENSEMBL:ENSCAFG00000039767,5
10403,MP:0013501,DISO,increased fibroblast apoptosis,1
10404,MONARCH:APO_0000033APO_0000003,GENO,cell fusion:decreased,4
10405,RGD:1359368,ORTH,Crppa,5
10406,ENSEMBL:ENSECAG00000019476,ORTH,ENSEMBL:ENSECAG00000019476,5
10407,MP:0011102,DISO,"embryonic lethality, incomplete penetrance",1
10408,ZP:0008389,DISO,"apical region retinal neural layer increased area, abnormal",1
10409,EFO:0006946,GENO,behavioural disinhibition measurement,4
10410,ENSEMBL:ENSMODG00000010703,ORTH,ENSEMBL:ENSMODG00000010703,5
10411,ZP:0005776,DISO,"actin filament EVL disorganized, abnormal",1
10412,ZP:0005766,DISO,"anaphase-promoting complex-dependent catabolic process decreased rate, abnormal",1
10413,FlyBase:FBgn0259938,ORTH,cwo,5
10414,ZFIN:ZDB-GENE-050208-596,ORTH,rfxank,5
10415,ENSEMBL:ENSECAG00000020259,ORTH,ENSEMBL:ENSECAG00000020259,5
10416,ZP:0137433,DISO,"posterior region optic vesicle mislocalised, abnormal",1
10417,ENSEMBL:ENSECAG00000002481,ORTH,ENSEMBL:ENSECAG00000002481,5
10418,HP:0000316,DISO,Hypertelorism,1
10419,ENSEMBL:ENSGALG00000042213,ORTH,AP1B1,5
10420,ENSEMBL:ENSPTRG00000007195,ORTH,ENSEMBL:ENSPTRG00000007195,5
10421,MP:0004069,DISO,abnormal muscle spindle morphology,1
10422,ENSEMBL:ENSMODG00000008018,ORTH,ENSEMBL:ENSMODG00000008018,5
10423,MP:0010504,DISO,abnormal RR interval,1
10424,ZFIN:ZDB-GENE-090302-2,ORTH,ap2a1,5
10425,RGD:3165,ORTH,Neurod1,5
10426,FBcv:0000374,DISO,fertile,1
10427,HP:0010646,DISO,Cervical spine instability,1
10428,ZP:0003620,DISO,"glucose import decreased rate, abnormal",1
10429,ENSEMBL:ENSOANG00000009042,ORTH,ENSEMBL:ENSOANG00000009042,5
10430,RGD:1598234,ORTH,RT1-CE4,5
10431,ENSEMBL:ENSGALG00000050515,ORTH,A0A3Q2UAA5,5
10432,HP:0005225,DISO,Intestinal edema,1
10433,FlyBase:FBgn0030671,ORTH,CG8134,5
10434,ENSEMBL:ENSCAFG00000020224,ORTH,PSMB7,5
10435,SGD:S000000909,ORTH,GLE2,5
10436,ZP:0138435,DISO,"cranial nerve II disrupted axonal fasciculation, abnormal",1
10437,HP:0008081,DISO,Pes valgus,1
10438,ENSEMBL:ENSECAG00000006095,ORTH,ENSEMBL:ENSECAG00000006095,5
10439,ENSEMBL:ENSACAG00000007703,ORTH,ENSEMBL:ENSACAG00000007703,5
10440,MGI:3698752,ORTH,Htt<tm1.1Pfs>/Htt<+> [involves: 129S4/SvJae * C57BL/6],5
10441,WBPhenotype:0001870,DISO,meiotic spindle rotation defective,1
10442,SGD:S000003184,ORTH,KIP3,5
10443,ENSEMBL:ENSMMUG00000016001,ORTH,ENSEMBL:ENSMMUG00000016001,5
10444,ZP:0006342,DISO,"nucleus retina condensed, abnormal",1
10445,ZFIN:ZDB-GENE-040426-1473,ORTH,rasd1,5
10446,ENSEMBL:ENSSSCG00000011332,ORTH,SETD2,5
10447,ZP:0000031,DISO,"swim bladder inflation arrested, abnormal",1
10448,MP:0008222,DISO,decreased hippocampal commissure size,1
10449,WormBase:WBGene00022014,ORTH,Y61A9LA.1,5
10450,ENSEMBL:ENSFCAG00000031975,ORTH,ENSEMBL:ENSFCAG00000031975,5
10451,ENSEMBL:ENSCAFG00000005538,ORTH,A0A5F4D9K9,5
10452,WBPhenotype:0000481,DISO,negative chemotaxis variant,1
10453,ZFIN:ZDB-GENE-030131-34,ORTH,pfn2l,5
10454,WBPhenotype:0001507,DISO,Bacillus thuringiensis toxin resistant,1
10455,ZP:0003863,DISO,"caudal vein plexus malformed, abnormal",1
10456,WormBase:WBGene00022877,ORTH,wago-5,5
10457,dbSNP:rs80260687,GENO,rs80260687-?,4
10458,MP:0005499,DISO,abnormal olfactory system morphology,1
10459,ENSEMBL:ENSSSCG00000031786,ORTH,NCDN,5
10460,HGNC:15864,GENE,RBCK1,3
10461,ZP:0000856,DISO,"whole organism curved ventral, abnormal",1
10462,RGD:1306524,ORTH,Etv4,5
10463,WBPhenotype:0002300,DISO,coiling frequency increased,1
10464,WBPhenotype:0004004,DISO,male response to contact defective,1
10465,WormBase:WBGene00010677,ORTH,gtbp-1,5
10466,ZP:0005080,DISO,"neuroepithelial cell neural tube disorganized, abnormal",1
10467,ENSEMBL:ENSMMUG00000000388,ORTH,ENSEMBL:ENSMMUG00000000388,5
10468,MGI:107637,ORTH,Psmb7,5
10469,ENSEMBL:ENSMODG00000006494,ORTH,ENSEMBL:ENSMODG00000006494,5
10470,ENSEMBL:ENSECAG00000006626,ORTH,ENSEMBL:ENSECAG00000006626,5
10471,HGNC:2903,GENE,DLG4,3
10472,MP:0006262,DISO,increased testis tumor incidence,1
10473,ENSEMBL:ENSSSCG00000012186,ORTH,MAGEB18,5
10474,SGD:S000000174,ORTH,ATG8,5
10475,ZFIN:ZDB-GENE-120111-3,ORTH,il17rc,5
10476,HP:0000737,DISO,Irritability,1
10477,ENSEMBL:ENSMODG00000006940,ORTH,ENSEMBL:ENSMODG00000006940,5
10478,ENSEMBL:ENSMMUG00000001484,ORTH,ENSEMBL:ENSMMUG00000001484,5
10479,WormBase:WBGene00021369,ORTH,siah-1,5
10480,PomBase:SPBC21B10.03c,GENO,ath1,4
10481,SGD:S000001724,ORTH,MIC60,5
10482,ZFIN:ZDB-GENE-030131-6018,ORTH,hspa4b,5
10483,WormBase:WBGene00004458,ORTH,rpn-1,5
10484,ENSEMBL:ENSPTRG00000052247,ORTH,ENSEMBL:ENSPTRG00000052247,5
10485,WormBase:WBGene00010427,ORTH,hpo-11,5
10486,WBPhenotype:0001636,DISO,excess intestinal cells,1
10487,ENSEMBL:ENSMMUG00000018781,ORTH,ENSEMBL:ENSMMUG00000018781,5
10488,MP:0006345,DISO,absent second pharyngeal arch,1
10489,ZP:0011507,DISO,"optic tectum increased occurrence apoptotic process, abnormal",1
10490,FBcv:0000379,DISO,enhancer of variegation,1
10491,ZFIN:ZDB-GENE-030131-5408,ORTH,vcp,5
10492,WBPhenotype:0002199,DISO,neuron calcium transient levels variant,1
10493,ENSEMBL:ENSECAG00000024597,ORTH,ENSEMBL:ENSECAG00000024597,5
10494,HP:0100598,DISO,Pulmonary edema,1
10495,Xenbase:XB-GENE-986079,ORTH,plekha4,5
10496,MP:0013666,DISO,decreased immature NK cell number,1
10497,MP:0001015,DISO,small superior cervical ganglion,1
10498,MP:0008476,DISO,increased spleen red pulp amount,1
10499,FlyBase:FBgn0013277,ORTH,Hsp70Ba,5
10500,MP:0001284,DISO,absent vibrissae,1
10501,ZP:0010094,DISO,"melanocyte trunk disorganized, abnormal",1
10502,ENSEMBL:ENSMMUG00000060033,ORTH,ENSEMBL:ENSMMUG00000060033,5
10503,ZP:0001601,DISO,"otic vesicle morphology, abnormal",1
10504,ENSEMBL:ENSOANG00000039549,ORTH,ENSEMBL:ENSOANG00000039549,5
10505,ZFIN:ZDB-GENE-010319-31,ORTH,siah1,5
10506,MP:0008019,DISO,increased liver tumor incidence,1
10507,HP:0001999,DISO,Abnormal facial shape,1
10508,ZP:0106398,DISO,"neurocranium decreased amount, abnormal",1
10509,WormBase:WBGene00021503,ORTH,ctsa-4.2,5
10510,HGNC:9935,GENE,RCN2,3
10511,MONARCH:APO_0000276APO_0000004,GENO,prion formation:increased,4
10512,dictyBase:DDB_G0282979,GENO,efa1G,4
10513,HP:0001098,DISO,Abnormal fundus morphology,1
10514,MGI:88144,ORTH,Bdkrb1,5
10515,MP:0020550,DISO,multinucleated giant male germ cells,1
10516,WBPhenotype:0002534,DISO,antimicrobial gene expression variant,1
10517,PomBase:SPBC4C3.06,GENO,syp1,4
10518,MP:0008088,DISO,abnormal T-helper 1 cell differentiation,1
10519,MP:0011699,DISO,abnormal brown adipose tissue thermogenesis,1
10520,ZFIN:ZDB-GENE-030131-8984,ORTH,pleca,5
10521,ENSEMBL:ENSBTAG00000001489,ORTH,ENSEMBL:ENSBTAG00000001489,5
10522,ZP:0003842,DISO,"liver color, abnormal",1
10523,HP:0002240,DISO,Hepatomegaly,1
10524,WBPhenotype:0001637,DISO,no Intestine,1
10525,MP:0002371,DISO,abnormal thymus cortex morphology,1
10526,ENSEMBL:ENSGALG00000005198,ORTH,RPS6KB1,5
10527,MP:0010868,DISO,increased bone trabecula number,1
10528,HP:0000080,DISO,Abnormality of reproductive system physiology,1
10529,ENSEMBL:ENSFCAG00000022558,ORTH,ENSEMBL:ENSFCAG00000022558,5
10530,ENSEMBL:ENSRNOG00000023960,ORTH,F1LUV3,5
10531,ENSEMBL:ENSOANG00000003933,ORTH,ENSEMBL:ENSOANG00000003933,5
10532,Coriell:GM06767,GENO,NIGMS-GM06767,4
10533,MP:0009317,DISO,increased follicular lymphoma incidence,1
10534,ZFIN:ZDB-GENE-040426-2232,ORTH,map1lc3a,5
10535,ENSEMBL:ENSACAG00000003919,ORTH,ENSEMBL:ENSACAG00000003919,5
10536,ZP:0137437,DISO,"retinal neural layer protruding into brain, abnormal",1
10537,FlyBase:FBgn0013762,ORTH,Cdk5,5
10538,SGD:S000004478,ORTH,PPZ1,5
10539,MGI:107412,ORTH,Ube2e3,5
10540,ENSEMBL:ENSFCAG00000014700,ORTH,ENSEMBL:ENSFCAG00000014700,5
10541,MP:0010771,DISO,integument phenotype,1
10542,WBPhenotype:0000114,DISO,mRNA expression variant,1
10543,dictyBase:DDB_G0268116,GENO,DDB0189785,4
10544,ZP:0012250,DISO,"photoreceptor cell absent, abnormal",1
10545,Xenbase:XB-GENE-5940894,ORTH,tgm2,5
10546,WBPhenotype:0000823,DISO,germline proliferation variant,1
10547,HGNC:17162,GENE,LSM5,3
10548,ENSEMBL:ENSSSCG00005044935,ORTH,ENSEMBL:ENSSSCG00005044935,5
10549,ENSEMBL:ENSECAG00000024936,ORTH,ENSEMBL:ENSECAG00000024936,5
10550,HP:0000103,DISO,Polyuria,1
10551,XPO:0128720,GENO,decreased size of the ventral trunk,4
10552,MP:0006337,DISO,abnormal first pharyngeal arch morphology,1
10553,MP:0004281,DISO,abnormal hypoglossal nucleus morphology,1
10554,UBERON:0001782,ANAT,pigmented layer of retina,0
10555,ENSEMBL:ENSPTRG00000051839,ORTH,ENSEMBL:ENSPTRG00000051839,5
10556,ENSEMBL:ENSMODG00000007009,ORTH,ENSEMBL:ENSMODG00000007009,5
10557,ENSEMBL:ENSBTAG00000016589,ORTH,PRPF40B,5
10558,ZP:0008028,DISO,"atrium lacks parts or has fewer parts of type Z disc cardiac muscle cell, abnormal",1
10559,ENSEMBL:ENSECAG00000018600,ORTH,ENSEMBL:ENSECAG00000018600,5
10560,ENSEMBL:ENSFCAG00000004245,ORTH,ENSEMBL:ENSFCAG00000004245,5
10561,WBPhenotype:0001430,DISO,lysosome organization biogenesis variant,1
10562,MP:0008335,DISO,decreased gonadotroph cell number,1
10563,MP:0002584,DISO,small ectoplacental cone,1
10564,ENSEMBL:ENSOANG00000050784,ORTH,ENSEMBL:ENSOANG00000050784,5
10565,ZP:0000364,DISO,"trigeminal placode increased size, abnormal",1
10566,ZP:0001624,DISO,"otolith decreased amount, abnormal",1
10567,ENSEMBL:ENSMMUG00000013613,ORTH,ENSEMBL:ENSMMUG00000013613,5
10568,ENSEMBL:ENSBTAG00000001961,ORTH,MAP1B,5
10569,ZFIN:ZDB-GENE-130530-578,ORTH,tkta,5
10570,MP:0002398,DISO,abnormal bone marrow cell morphology/development,1
10571,MGI:97597,ORTH,Prkcg,5
10572,RGD:1310409,ORTH,Ttc23,5
10573,ZP:0012016,DISO,"autophagosome slow muscle cell increased amount, abnormal",1
10574,ENSEMBL:ENSBTAG00000046565,ORTH,ENSEMBL:ENSBTAG00000046565,5
10575,HP:0000426,DISO,Prominent nasal bridge,1
10576,ZP:0003475,DISO,"cellular pigmentation decreased occurrence, abnormal",1
10577,ENSEMBL:ENSMMUG00000001711,ORTH,ENSEMBL:ENSMMUG00000001711,5
10578,MGI:1342774,ORTH,Ppargc1a,5
10579,ENSEMBL:ENSFCAG00000049044,ORTH,ENSEMBL:ENSFCAG00000049044,5
10580,ENSEMBL:ENSCAFG00000018510,ORTH,LAMP2,5
10581,ENSEMBL:ENSMMUG00000050019,ORTH,ENSEMBL:ENSMMUG00000050019,5
10582,MP:0012022,DISO,increased melanocyte number,1
10583,MONARCH:APO_0000065APO_0000004,GENO,flocculation:increased,4
10584,ZP:0102174,DISO,"dorsal fin morphogenesis process quality, abnormal",1
10585,ZFIN:ZDB-GENE-040724-77,ORTH,carm1,5
10586,MP:0001510,DISO,abnormal coat appearance,1
10587,ZP:0002774,DISO,"head flattened, abnormal",1
10588,MONARCH:APO_0000275APO_0000005,GENO,prion inheritance:absent,4
10589,Coriell:GM01187,GENO,NIGMS-GM01187,4
10590,HP:0005086,DISO,Knee osteoarthritis,1
10591,ENSEMBL:ENSSSCG00000038308,ORTH,RANBP1,5
10592,MP:0008412,DISO,increased cellular sensitivity to oxidative stress,1
10593,MP:0000413,DISO,polyphalangy,1
10594,ENSEMBL:ENSPTRG00000018202,ORTH,ENSEMBL:ENSPTRG00000018202,5
10595,MONARCH:APO_0000258APO_0000250,GENO,cell cycle progression in M phase:arrested,4
10596,MP:0012572,DISO,increased susceptibility to chemically induced skin inflammation,1
10597,ENSEMBL:ENSOANG00000012154,ORTH,ENSEMBL:ENSOANG00000012154,5
10598,MP:0004703,DISO,abnormal vertebral column morphology,1
10599,HP:0000717,DISO,Autism,1
10600,dictyBase:DDB_G0269246,GENO,pyd2,4
10601,MP:0013615,DISO,increased volumetric bone mineral density,1
10602,ZP:0003225,DISO,"axon hindbrain disorganized, abnormal",1
10603,FlyBase:FBgn0265523,ORTH,Smr,5
10604,ENSEMBL:ENSECAG00000021328,ORTH,ENSEMBL:ENSECAG00000021328,5
10605,ZP:0021346,DISO,"male organism decreased amount, abnormal",1
10606,MP:0014049,DISO,increased T cell acute lymphoblastic leukemia incidence,1
10607,ZFIN:ZDB-GENE-130530-690,ORTH,map1b,5
10608,ZP:0000250,DISO,"myofibril fast muscle cell disorganized, abnormal",1
10609,FlyBase:FBgn0262872,ORTH,milt,5
10610,SGD:S000000112,ORTH,FUS3,5
10611,ZP:0003844,DISO,"lipid droplet liver increased amount, abnormal",1
10612,SGD:S000003367,ORTH,PRE9,5
10613,MP:0009828,DISO,increased tumor latency,1
10614,MGI:3757568,ORTH,Tg(HDexon1)62Gpb [involves: C57BL/6 * CBA],5
10615,MGI:1352493,ORTH,Bag3,5
10616,SGD:S000000235,ORTH,RPL4A,5
10617,ZFIN:ZDB-GENE-040121-1,ORTH,mapk3,5
10618,ENSEMBL:ENSPTRG00000004734,ORTH,ENSEMBL:ENSPTRG00000004734,5
10619,ENSEMBL:ENSOANG00000020339,ORTH,ENSEMBL:ENSOANG00000020339,5
10620,ENSEMBL:ENSCAFG00000001221,ORTH,PACSIN1,5
10621,ENSEMBL:ENSGALG00000017706,ORTH,ENSEMBL:ENSGALG00000017706,5
10622,ENSEMBL:ENSGALG00000011426,ORTH,ENSEMBL:ENSGALG00000011426,5
10623,ZP:0019428,DISO,"gut decreased amount, abnormal",1
10624,FlyBase:FBgn0263391,ORTH,hts,5
10625,MP:0000846,DISO,abnormal medulla oblongata morphology,1
10626,ENSEMBL:ENSACAG00000017758,ORTH,ENSEMBL:ENSACAG00000017758,5
10627,ENSEMBL:ENSFCAG00000005177,ORTH,ENSEMBL:ENSFCAG00000005177,5
10628,MP:0008444,DISO,retinal cone cell degeneration,1
10629,ENSEMBL:ENSBTAG00000020963,ORTH,ENSEMBL:ENSBTAG00000020963,5
10630,Xenbase:XB-GENE-6258723,ORTH,crebbp,5
10631,MGI:1333834,ORTH,Magea1,5
10632,HP:0006366,DISO,Adductor longus contractures,1
10633,WBPhenotype:0000134,DISO,gene expression level reduced,1
10634,ZP:0018685,DISO,"atrioventricular valve increased distribution, abnormal",1
10635,dbSNP:rs112372148,GENO,rs112372148-A,4
10636,HP:0001019,DISO,Erythroderma,1
10637,ZP:0000526,DISO,"mitotic cell cycle duration, abnormal",1
10638,FBcv:0000360,DISO,decreased cell size,1
10639,ENSEMBL:ENSCAFG00000004867,ORTH,MBD4,5
10640,ZFIN:ZDB-GENE-090313-280,ORTH,si:dkey-253i9.4,5
10641,MGI:1920995,ORTH,Ubac1,5
10642,MGI:1915149,ORTH,Cmc1,5
10643,ENSEMBL:ENSSSCG00000008690,ORTH,ENSEMBL:ENSSSCG00000008690,5
10644,MP:0000358,DISO,abnormal cell morphology,1
10645,MP:0009423,DISO,increased extensor digitorum longus weight,1
10646,ENSEMBL:ENSCAFG00000019605,ORTH,ENSEMBL:ENSCAFG00000019605,5
10647,ENSEMBL:ENSCAFG00000046311,ORTH,A0A5F4CAB3,5
10648,dictyBase:DDB_G0276355,GENO,dhcA,4
10649,dictyBase:DDB_G0285269,GENO,DDB0186421,4
10650,HP:0012312,DISO,Monocytopenia,1
10651,WBPhenotype:0002114,DISO,swimming induced paralysis,1
10652,MONARCH:APO_0000334APO_0000003,GENO,innate thermotolerance:decreased,4
10653,ENSEMBL:ENSMMUG00000031106,ORTH,ENSEMBL:ENSMMUG00000031106,5
10654,ZFIN:ZDB-GENE-130530-741,ORTH,map6b,5
10655,RGD:621840,ORTH,Rheb,5
10656,HP:0032362,DISO,Increased circulating corticosterone level,1
10657,WormBase:WBGene00008768,ORTH,CELE_F13G3.10,5
10658,ENSEMBL:ENSMMUG00000058158,ORTH,ENSEMBL:ENSMMUG00000058158,5
10659,ZP:0000534,DISO,"cardiac muscle cell heart increased size, abnormal",1
10660,MONDO:0009282,DISO,multiple acyl-CoA dehydrogenase deficiency,1
10661,ZP:0019801,DISO,"neuroectoderm increased distribution, abnormal",1
10662,RGD:1311401,ORTH,Prpf40a,5
10663,ENSEMBL:ENSFCAG00000000043,ORTH,ENSEMBL:ENSFCAG00000000043,5
10664,ZP:0103705,DISO,"heart tube spatial pattern, abnormal",1
10665,ENSEMBL:ENSMMUG00000008048,ORTH,ENSEMBL:ENSMMUG00000008048,5
10666,ENSEMBL:ENSCAFG00000018143,ORTH,ETFA,5
10667,WBPhenotype:0000744,DISO,transgene induced cosuppression variant,1
10668,HP:0003117,DISO,Abnormal circulating hormone concentration,1
10669,HP:0030853,DISO,Heterotaxy,1
10670,FlyBase:FBgn0264492,ORTH,CkIIalpha,5
10671,WBPhenotype:0000127,DISO,dauer recovery variant,1
10672,Xenbase:XB-GENE-5780031,ORTH,lsm12,5
10673,HP:0000504,DISO,Abnormality of vision,1
10674,HP:0002922,DISO,Increased CSF protein,1
10675,MONARCH:APO_0000200APO_0000002,GENO,budding pattern:abnormal,4
10676,ZFIN:ZDB-GENE-030616-178,ORTH,vat1,5
10677,MP:0004794,DISO,increased anti-nuclear antigen antibody level,1
10678,Xenbase:XB-GENE-974002,ORTH,psmd6,5
10679,HP:0001978,DISO,Extramedullary hematopoiesis,1
10680,ZFIN:ZDB-GENE-130530-768,ORTH,ninl,5
10681,ZFIN:ZDB-GENE-070604-3,ORTH,itpr1a,5
10682,MP:0020011,DISO,increased bone mineral density of femur,1
10683,HP:0012727,DISO,Thoracic aortic aneurysm,1
10684,WBPhenotype:0000645,DISO,roller,1
10685,Coriell:GM04861,GENO,NIGMS-GM04861,4
10686,PomBase:SPCC4G3.15c,GENO,not2,4
10687,MP:0002875,DISO,decreased erythrocyte cell number,1
10688,HP:0000319,DISO,Smooth philtrum,1
10689,MP:0004036,DISO,abnormal muscle relaxation,1
10690,FlyBase:FBgn0283472,ORTH,S6k,5
10691,MP:0000556,DISO,abnormal hindlimb morphology,1
10692,RGD:1311114,ORTH,Strap,5
10693,ZP:0006332,DISO,"endoplasmic reticulum unfolded protein response increased occurrence, abnormal",1
10694,ENSEMBL:ENSECAG00000023974,ORTH,ENSEMBL:ENSECAG00000023974,5
10695,MP:0003960,DISO,increased lean body mass,1
10696,MGI:1920081,ORTH,Dhx30,5
10697,ENSEMBL:ENSSSCG00000036758,ORTH,ENSEMBL:ENSSSCG00000036758,5
10698,HP:0007210,DISO,Lower limb amyotrophy,1
10699,EFO:0007701,GENO,spine bone mineral density,4
10700,MP:0008481,DISO,increased spleen germinal center number,1
10701,MP:0009974,DISO,decreased cerebral cortex pyramidal cell number,1
10702,ZFIN:ZDB-GENE-030131-6318,ORTH,mbd1b,5
10703,SGD:S000006021,ORTH,ATG21,5
10704,RGD:708404,ORTH,Rbck1,5
10705,MP:0008269,DISO,abnormal hippocampus CA4 region morphology,1
10706,MP:0001718,DISO,abnormal visceral yolk sac morphology,1
10707,ZP:0102172,DISO,"caudal fin development process quality, abnormal",1
10708,ENSEMBL:ENSMODG00000004076,ORTH,ENSEMBL:ENSMODG00000004076,5
10709,ZFIN:ZDB-GENE-040801-149,ORTH,atg5,5
10710,WormBase:WBGene00003024,ORTH,lin-39,5
10711,MGI:3702087,ORTH,Rnaset2b,5
10712,FBcv:0000429,DISO,abnormal cell shape,1
10713,HP:0002415,DISO,Leukodystrophy,1
10714,ZP:0001710,DISO,"photoreceptor outer segment layer absent, abnormal",1
10715,MP:0003225,DISO,axonal dystrophy,1
10716,ZP:0000107,DISO,"heart morphology, abnormal",1
10717,dictyBase:DDB_G0274607,GENO,gefM,4
10718,WBPhenotype:0002285,DISO,head bend angle decreased,1
10719,ENSEMBL:ENSACAG00000021018,ORTH,ENSEMBL:ENSACAG00000021018,5
10720,HGNC:2348,GENE,CREBBP,3
10721,HP:0000218,DISO,High palate,1
10722,HP:0010648,DISO,Dermal translucency,1
10723,WBPhenotype:0000175,DISO,hypercontracted,1
10724,ZP:0000065,DISO,"hyosymplectic cartilage decreased size, abnormal",1
10725,MP:0004502,DISO,decreased incidence of tumors by chemical induction,1
10726,ENSEMBL:ENSOANG00000047217,ORTH,ENSEMBL:ENSOANG00000047217,5
10727,MGI:104897,ORTH,Rest,5
10728,ENSEMBL:ENSCAFG00000001644,ORTH,FAM71F1,5
10729,dictyBase:DDB_G0267666,GENO,gefW,4
10730,ZFIN:ZDB-GENE-040426-2723,ORTH,fez1,5
10731,ENSEMBL:ENSPTRG00000045923,ORTH,ENSEMBL:ENSPTRG00000045923,5
10732,ENSEMBL:ENSMMUG00000037625,ORTH,ENSEMBL:ENSMMUG00000037625,5
10733,HP:0001930,DISO,Nonspherocytic hemolytic anemia,1
10734,ENSEMBL:ENSMODG00000006427,ORTH,ENSEMBL:ENSMODG00000006427,5
10735,ZP:0009070,DISO,"smoothened signaling pathway involved in dorsal/ventral neural tube patterning disrupted, abnormal",1
10736,Xenbase:XB-GENE-1001916,ORTH,ago2,5
10737,ENSEMBL:ENSFCAG00000000083,ORTH,ENSEMBL:ENSFCAG00000000083,5
10738,PomBase:SPAC824.04,GENO,swd22,4
10739,WBPhenotype:0001184,DISO,fat content increased,1
10740,MP:0002111,DISO,abnormal tail morphology,1
10741,FlyBase:FBgn0034058,ORTH,Pex11ab,5
10742,ENSEMBL:ENSPTRG00000005216,ORTH,ENSEMBL:ENSPTRG00000005216,5
10743,ZP:0008111,DISO,"tectal ventricle hydrocephalic, abnormal",1
10744,WBPhenotype:0001312,DISO,neuron number variant,1
10745,SGD:S000003794,ORTH,RAV1,5
10746,ENSEMBL:ENSPTRG00000008714,ORTH,ENSEMBL:ENSPTRG00000008714,5
10747,WBPhenotype:0000518,DISO,development phenotype,1
10748,dictyBase:DDB_G0269484,GENO,dictyBase:DDB_G0269484,4
10749,ENSEMBL:ENSACAG00000017344,ORTH,ENSEMBL:ENSACAG00000017344,5
10750,ENSEMBL:ENSGALG00000003800,ORTH,PABPC4,5
10751,HP:0011161,DISO,Focal sensory seizure with olfactory features,1
10752,ENSEMBL:ENSACAG00000014074,ORTH,ENSEMBL:ENSACAG00000014074,5
10753,ENSEMBL:ENSECAG00000011673,ORTH,ENSEMBL:ENSECAG00000011673,5
10754,MP:0009776,DISO,decreased behavioral withdrawal response,1
10755,ENSEMBL:ENSOANG00000009107,ORTH,ENSEMBL:ENSOANG00000009107,5
10756,HP:0000400,DISO,Macrotia,1
10757,MP:0011440,DISO,increased kidney cell proliferation,1
10758,HP:0001272,DISO,Cerebellar atrophy,1
10759,RGD:1583592,ORTH,Zmat2,5
10760,HGNC:23817,GENE,CNOT10,3
10761,MGI:1349388,ORTH,Cops7b,5
10762,ENSEMBL:ENSECAG00000024801,ORTH,ENSEMBL:ENSECAG00000024801,5
10763,MP:0003927,DISO,increased cellular glucose import,1
10764,ZP:0008322,DISO,"brain morphogenesis process quality, abnormal",1
10765,WormBase:WBGene00020053,ORTH,R13A5.11,5
10766,MP:0011448,DISO,decreased dopaminergic neuron number,1
10767,ENSEMBL:ENSCAFG00000009014,ORTH,ENSEMBL:ENSCAFG00000009014,5
10768,HP:0002017,DISO,Nausea and vomiting,1
10769,MP:0001062,DISO,absent oculomotor nerve,1
10770,WBPhenotype:0002277,DISO,dauer lifespan extended,1
10771,MP:0001674,DISO,abnormal germ layer development,1
10772,ENSEMBL:ENSACAG00000007201,ORTH,ENSEMBL:ENSACAG00000007201,5
10773,ENSEMBL:ENSFCAG00000018550,ORTH,ENSEMBL:ENSFCAG00000018550,5
10774,MP:0011846,DISO,decreased kidney collecting duct number,1
10775,ENSEMBL:ENSACAG00000015302,ORTH,ENSEMBL:ENSACAG00000015302,5
10776,HP:0000078,DISO,Abnormality of the genital system,1
10777,WBPhenotype:0001270,DISO,pathogen induced cell death reduced,1
10778,ZP:0003403,DISO,"astrocyte ventricular zone increased amount, abnormal",1
10779,ZP:0007116,DISO,"epithelial structure maintenance disrupted, abnormal",1
10780,ZP:0104637,DISO,"involuntary skeletal muscle contraction decreased occurrence, abnormal",1
10781,FlyBase:FBgn0000064,ORTH,Ald1,5
10782,ENSEMBL:ENSOANG00000048406,ORTH,ENSEMBL:ENSOANG00000048406,5
10783,MGI:88110,ORTH,Atp2a2,5
10784,ZFIN:ZDB-GENE-061025-1,ORTH,ap1b1,5
10785,HP:0012248,DISO,Prolonged PR interval,1
10786,Xenbase:XB-GENE-5918988,ORTH,sqstm1,5
10787,MONARCH:APO_0000224APO_0000117,GENO,RNA accumulation:normal,4
10788,FlyBase:FBgn0031074,ORTH,SkpE,5
10789,MP:0003826,DISO,abnormal Mullerian duct morphology,1
10790,WBPhenotype:0001077,DISO,chromosome segregation variant karyomeres early emb,1
10791,HP:0001172,DISO,Abnormal thumb morphology,1
10792,EnsemblGenome:BAE77952,ORTH,EnsemblGenome:BAE77952,5
10793,ENSEMBL:ENSOANG00000007125,ORTH,ENSEMBL:ENSOANG00000007125,5
10794,FlyBase:FBgn0023395,ORTH,Chd3,5
10795,ENSEMBL:ENSPTRG00000021055,ORTH,ENSEMBL:ENSPTRG00000021055,5
10796,MGI:3613515,ORTH,Tg(YAC128)53Hay,5
10797,ZP:0016587,DISO,"neuron central nervous system decreased amount, abnormal",1
10798,SGD:S000001337,ORTH,RPN2,5
10799,ENSEMBL:ENSMODG00000023669,ORTH,ENSEMBL:ENSMODG00000023669,5
10800,ENSEMBL:ENSECAG00000014460,ORTH,ENSEMBL:ENSECAG00000014460,5
10801,Coriell:GM04709,GENO,NIGMS-GM04709,4
10802,HP:0100891,DISO,Bifid xiphoid process,1
10803,HGNC:2752,GENE,PIAS1,3
10804,PomBase:SPAC22F8.06,GENO,pam1,4
10805,ZP:0101897,DISO,"motor neuron facial nerve motor nucleus circular, abnormal",1
10806,HGNC:30796,GENE,STRAP,3
10807,ZP:0002255,DISO,"midbrain hindbrain boundary condensed, abnormal",1
10808,WBPhenotype:0000164,DISO,thin,1
10809,dictyBase:DDB_G0286353,GENO,erkA,4
10810,Coriell:GM04722,GENO,NIGMS-GM04722,4
10811,MP:0020543,DISO,decreased substantia nigra size,1
10812,ZP:0005993,DISO,"retinal photoreceptor layer morphology, abnormal",1
10813,ENSEMBL:ENSBTAG00000024605,ORTH,ENSEMBL:ENSBTAG00000024605,5
10814,ENSEMBL:ENSOANG00000049851,ORTH,ENSEMBL:ENSOANG00000049851,5
10815,MP:0000764,DISO,abnormal tongue epithelium morphology,1
10816,ENSEMBL:ENSMODG00000016138,ORTH,ENSEMBL:ENSMODG00000016138,5
10817,ZFIN:ZDB-GENE-030804-2,ORTH,calm1b,5
10818,ZP:0011677,DISO,"interhyoideus disrupted regulation of myofibril size, abnormal",1
10819,Xenbase:XB-GENE-969324,ORTH,cnot7,5
10820,Xenbase:XB-GENE-958272,ORTH,trafd1,5
10821,WormBase:WBGene00000247,ORTH,bec-1,5
10822,dbSNP:rs28406206,GENO,rs28406206-?,4
10823,MONARCH:APO_0000104APO_0000004,GENO,mitochondrial rho- mutation frequency:increased,4
10824,MP:0004073,DISO,caudal body truncation,1
10825,MP:0005098,DISO,abnormal optic choroid morphology,1
10826,MP:0000575,DISO,increased foot pad pigmentation,1
10827,MP:0008732,DISO,reduced hair shaft melanin granule number,1
10828,MP:0004793,DISO,abnormal synaptic vesicle clustering,1
10829,MP:0003674,DISO,oxidative stress,1
10830,ENSEMBL:ENSCAFG00000016607,ORTH,ENSEMBL:ENSCAFG00000016607,5
10831,HP:0001608,DISO,Abnormality of the voice,1
10832,MONARCH:APO_0000204APO_0000003,GENO,hyperosmotic stress resistance:decreased,4
10833,ENSEMBL:ENSACAG00000006285,ORTH,ENSEMBL:ENSACAG00000006285,5
10834,MP:0009181,DISO,decreased pancreatic delta cell number,1
10835,GO:0005776,PHYS,autophagosome,6
10836,MP:0000861,DISO,disorganized barrel cortex,1
10837,ZP:0137774,DISO,"thigmotaxis latency, abnormal",1
10838,ENSEMBL:ENSFCAG00000010085,ORTH,ENSEMBL:ENSFCAG00000010085,5
10839,ENSEMBL:ENSMODG00000002570,ORTH,ENSEMBL:ENSMODG00000002570,5
10840,MP:0008623,DISO,increased circulating interleukin-3 level,1
10841,MP:0006046,DISO,atrioventricular valve regurgitation,1
10842,RGD:621825,ORTH,Pfn1,5
10843,dictyBase:DDB_G0275925,GENO,wdr68,4
10844,ENSEMBL:ENSOANG00000031572,ORTH,ENSEMBL:ENSOANG00000031572,5
10845,ENSEMBL:ENSACAG00000002296,ORTH,ENSEMBL:ENSACAG00000002296,5
10846,MP:0013906,DISO,absent embryonic telencephalon,1
10847,MP:0009746,DISO,enhanced behavioral response to xenobiotic,1
10848,ENSEMBL:ENSFCAG00000002940,ORTH,ENSEMBL:ENSFCAG00000002940,5
10849,ENSEMBL:ENSACAG00000014389,ORTH,ENSEMBL:ENSACAG00000014389,5
10850,dictyBase:DDB_G0277773,GENO,DDB0203447,4
10851,EnsemblGenome:BAB96602,ORTH,EnsemblGenome:BAB96602,5
10852,MP:0003222,DISO,increased cardiomyocyte apoptosis,1
10853,MP:0002942,DISO,decreased circulating alanine transaminase level,1
10854,MP:0008482,DISO,decreased spleen germinal center number,1
10855,ENSEMBL:ENSFCAG00000053431,ORTH,ENSEMBL:ENSFCAG00000053431,5
10856,MP:0000166,DISO,abnormal chondrocyte morphology,1
10857,ENSEMBL:ENSGALG00000017163,ORTH,ENSEMBL:ENSGALG00000017163,5
10858,WormBase:WBGene00004282,ORTH,rab-30,5
10859,WormBase:WBGene00015378,ORTH,C03B1.7,5
10860,ENSEMBL:ENSSSCG00000024161,ORTH,K7GNK3,5
10861,ENSEMBL:ENSPTRG00000011920,ORTH,ENSEMBL:ENSPTRG00000011920,5
10862,ENSEMBL:ENSECAG00000009115,ORTH,ENSEMBL:ENSECAG00000009115,5
10863,ENSEMBL:ENSBTAG00000026848,ORTH,A0A3Q1MEL2,5
10864,ENSEMBL:ENSSSCG00000038956,ORTH,ENSEMBL:ENSSSCG00000038956,5
10865,ZFIN:ZDB-GENE-040426-1922,ORTH,eif3i,5
10866,ZFIN:ZDB-GENE-990415-71,ORTH,etv4,5
10867,ENSEMBL:ENSSSCG00000031155,ORTH,RASD2,5
10868,ENSEMBL:ENSPTRG00000047600,ORTH,ENSEMBL:ENSPTRG00000047600,5
10869,FlyBase:FBgn0053100,ORTH,eIF4EHP,5
10870,ENSEMBL:ENSFCAG00000004445,ORTH,ENSEMBL:ENSFCAG00000004445,5
10871,MP:0004101,DISO,abnormal brain interneuron morphology,1
10872,WormBase:WBGene00018886,ORTH,npr-28,5
10873,HP:0006989,DISO,Dysplastic corpus callosum,1
10874,ZP:0001223,DISO,"dopaminergic neuron decreased amount, abnormal",1
10875,ZP:0008102,DISO,"convergent extension process quality, abnormal",1
10876,RGD:621663,ORTH,Csnk2a1,5
10877,HP:0030084,DISO,Clinodactyly,1
10878,ENSEMBL:ENSECAG00000024659,ORTH,ENSEMBL:ENSECAG00000024659,5
10879,WBPhenotype:0001478,DISO,body elongation variant,1
10880,HP:0031653,DISO,Abnormal heart valve physiology,1
10881,MP:0003059,DISO,decreased insulin secretion,1
10882,MP:0010835,DISO,"increased CD4-positive, alpha-beta memory T cell number",1
10883,ZP:0102175,DISO,"caudal fin morphogenesis process quality, abnormal",1
10884,FlyBase:FBgn0046687,ORTH,Tre1,5
10885,ZP:0004374,DISO,"sensory perception of touch process quality, abnormal",1
10886,HP:0010808,DISO,Protruding tongue,1
10887,FlyBase:FBgn0003279,ORTH,RpL4,5
10888,GO:0005634,PHYS,nucleus,6
10889,ENSEMBL:ENSGALG00000015664,ORTH,ENSEMBL:ENSGALG00000015664,5
10890,HGNC:23332,GENE,COMMD3,3
10891,HP:0002589,DISO,Gastrointestinal atresia,1
10892,ENSEMBL:ENSCAFG00000010649,ORTH,IPO9,5
10893,MP:0009161,DISO,pancreatic acinar cell zymogen granule accumulation,1
10894,Coriell:GM04737,GENO,NIGMS-GM04737,4
10895,MGI:88059,ORTH,App,5
10896,HGNC:20766,GENE,TUBA1A,3
10897,dictyBase:DDB_G0278535,GENO,DDB_G0278535,4
10898,WormBase:WBGene00018603,ORTH,F48E3.2,5
10899,HGNC:14353,GENE,DNALI1,3
10900,ZP:0000122,DISO,"notochord undulate, abnormal",1
10901,Xenbase:XB-GENE-5800934,ORTH,ube2e2,5
10902,ZP:0106393,DISO,"ceratobranchial 2 cartilage decreased amount, abnormal",1
10903,MP:0001505,DISO,hunched posture,1
10904,HP:0000093,DISO,Proteinuria,1
10905,MP:0004500,DISO,increased incidence of tumors by ionizing radiation induction,1
10906,ZP:0003848,DISO,"kidney morphology, abnormal",1
10907,HP:0001367,DISO,Abnormal joint morphology,1
10908,FlyBase:FBgn0051528,ORTH,CG31528,5
10909,MP:0002268,DISO,abnormal terminal bronchiole morphology,1
10910,MP:0002622,DISO,abnormal cochlear hair cell morphology,1
10911,FlyBase:FBgn0286075,ORTH,DNAlig3,5
10912,HGNC:8878,GENE,PFKP,3
10913,ENSEMBL:ENSMMUG00000014207,ORTH,ENSEMBL:ENSMMUG00000014207,5
10914,HP:0100247,DISO,Recurrent singultus,1
10915,ENSEMBL:ENSECAG00000013925,ORTH,ENSEMBL:ENSECAG00000013925,5
10916,HP:0011117,DISO,Abnormality of interleukin secretion,1
10917,MONARCH:APO_0000143APO_0000004,GENO,chromosome/plasmid maintenance:increased,4
10918,MONARCH:APO_0000155APO_0000004,GENO,apoptosis:increased,4
10919,ENSEMBL:ENSCAFG00000029675,ORTH,A0A5F4D9X6,5
10920,ENSEMBL:ENSOANG00000006113,ORTH,ENSEMBL:ENSOANG00000006113,5
10921,dictyBase:DDB_G0282161,GENO,DDB0205163,4
10922,ENSEMBL:ENSFCAG00000024620,ORTH,ENSEMBL:ENSFCAG00000024620,5
10923,MGI:5763069,ORTH,Supt4a<tm1Yty>/Supt4a<+>; Tg(HDexon1)62Gpb [involves: 129S6/SvEvTac * C57BL/6 * CBA],5
10924,HP:0001082,DISO,Cholecystitis,1
10925,WBPhenotype:0001369,DISO,protein interaction variant,1
10926,ZP:0010450,DISO,"M band myotome disorganized, abnormal",1
10927,MONARCH:APO_0000037APO_0000004,GENO,pheromone sensitivity:increased,4
10928,MP:0014046,DISO,abnormal mitophagy,1
10929,ZP:0100734,DISO,"autophagy process quality, abnormal",1
10930,WBPhenotype:0001644,DISO,protein metabolism variant,1
10931,MP:0002063,DISO,abnormal learning/memory/conditioning,1
10932,MGI:1276522,ORTH,H2-M10.1,5
10933,ENSEMBL:ENSPTRG00000006648,ORTH,ENSEMBL:ENSPTRG00000006648,5
10934,ENSEMBL:ENSCAFG00000008535,ORTH,A0A5F4BYV9,5
10935,EFO:0004980,GENO,appendicular lean mass,4
10936,ZP:0019104,DISO,"neural crest cell xanthoblast aggregated, abnormal",1
10937,MP:0013971,DISO,blood in lymph vessels,1
10938,ENSEMBL:ENSFCAG00000002140,ORTH,ENSEMBL:ENSFCAG00000002140,5
10939,ENSEMBL:ENSFCAG00000009764,ORTH,ENSEMBL:ENSFCAG00000009764,5
10940,FlyBase:FBgn0003346,ORTH,RanGAP,5
10941,RGD:1308381,ORTH,Map3k10,5
10942,RGD:1305976,ORTH,Efr3a,5
10943,ENSEMBL:ENSXETG00000038310,ORTH,depdc7,5
10944,MP:0009703,DISO,decreased birth body size,1
10945,ENSEMBL:ENSMMUG00000049436,ORTH,ENSEMBL:ENSMMUG00000049436,5
10946,NCBIGene:100496488,GENE,LOC100496488,3
10947,FlyBase:FBgn0027497,ORTH,Madm,5
10948,PomBase:SPAC688.11,GENO,end4,4
10949,MGI:3698042,ORTH,Htt<tm5Mem>/Htt<tm5Mem> [involves: 129S1/Sv * 129X1/SvJ * CD-1],5
10950,MP:0008826,DISO,abnormal splenic cell ratio,1
10951,dictyBase:DDB_G0281833,GENO,DDB0204236,4
10952,WormBase:WBGene00018921,ORTH,sago-2,5
10953,MP:0001438,DISO,aphagia,1
10954,ENSEMBL:ENSBTAG00000012537,ORTH,CASP6,5
10955,Coriell:GM05428,GENO,NIGMS-GM05428,4
10956,WormBase:WBGene00006861,ORTH,cal-5,5
10957,HP:0000642,DISO,Red-green dyschromatopsia,1
10958,ENSEMBL:ENSOANG00000050103,ORTH,ENSEMBL:ENSOANG00000050103,5
10959,MP:0004910,DISO,decreased seminal vesicle weight,1
10960,ENSEMBL:ENSGALG00000026605,ORTH,ENSEMBL:ENSGALG00000026605,5
10961,ENSEMBL:ENSMODG00000011995,ORTH,ENSEMBL:ENSMODG00000011995,5
10962,MGI:1891254,ORTH,Bag2,5
10963,EFO:0004341,GENO,body fat distribution,4
10964,HGNC:5233,GENE,HSPA1B,3
10965,MP:0000269,DISO,abnormal heart looping,1
10966,ENSEMBL:ENSMODG00000019816,ORTH,ENSEMBL:ENSMODG00000019816,5
10967,MP:0008554,DISO,decreased circulating tumor necrosis factor level,1
10968,MP:0003824,DISO,decreased left ventricle developed pressure,1
10969,ZP:0000542,DISO,"cardiac muscle cell ventricular myocardium increased mass density, abnormal",1
10970,ENSEMBL:ENSMODG00000004473,ORTH,ENSEMBL:ENSMODG00000004473,5
10971,SGD:S000003174,ORTH,CHC1,5
10972,HGNC:9987,GENE,RFXANK,3
10973,HP:0002919,DISO,Ketonuria,1
10974,ZFIN:ZDB-GENE-040426-2734,ORTH,pias4a,5
10975,MP:0009342,DISO,enlarged gallbladder,1
10976,HP:0000329,DISO,Facial hemangioma,1
10977,ZP:0020458,DISO,"ventral mandibular arch apoptotic, abnormal",1
10978,WormBase:WBGene00006974,ORTH,zen-4,5
10979,ENSEMBL:ENSECAG00000009890,ORTH,ENSEMBL:ENSECAG00000009890,5
10980,RGD:1561171,ORTH,Ccdc126,5
10981,FlyBase:FBgn0031657,ORTH,Polr1C,5
10982,ENSEMBL:ENSECAG00000025014,ORTH,ENSEMBL:ENSECAG00000025014,5
10983,HP:0000962,DISO,Hyperkeratosis,1
10984,ENSEMBL:ENSECAG00000023691,ORTH,ENSEMBL:ENSECAG00000023691,5
10985,ENSEMBL:ENSOANG00000001198,ORTH,ENSEMBL:ENSOANG00000001198,5
10986,WBPhenotype:0001833,DISO,membrane trafficking variant,1
10987,ZP:0106016,DISO,"myelinating Schwann cell peripheral nervous system decreased amount, abnormal",1
10988,ZP:0101895,DISO,"facial nerve motor nucleus premature neuron maturation, abnormal",1
10989,ENSEMBL:ENSMMUG00000019679,ORTH,ENSEMBL:ENSMMUG00000019679,5
10990,dbSNP:rs3013648,GENO,rs3013648-?,4
10991,MP:0001883,DISO,increased mammary adenocarcinoma incidence,1
10992,MONARCH:APO_0000333APO_0000003,GENO,acquired thermotolerance:decreased,4
10993,HGNC:12505,GENE,UBL4A,3
10994,WormBase:WBGene00016110,ORTH,npr-11,5
10995,dictyBase:DDB_G0285105,GENO,psmD13,4
10996,dictyBase:DDB_G0288795,GENO,DDB_G0288795,4
10997,ZP:0002588,DISO,"larval locomotory behavior process quality, abnormal",1
10998,WBPhenotype:0000772,DISO,sister chromatid segregation defective early emb,1
10999,WBPhenotype:0000205,DISO,expulsion variant,1
11000,ZFIN:ZDB-GENE-000607-65,ORTH,evla,5
11001,RGD:1359391,ORTH,Ficd,5
11002,MP:0008963,DISO,increased carbon dioxide production,1
11003,ZP:0001560,DISO,"whole organism broken, abnormal",1
11004,MP:0008441,DISO,thin cortical plate,1
11005,MP:0003126,DISO,abnormal external female genitalia morphology,1
11006,ENSEMBL:ENSOANG00000014676,ORTH,ENSEMBL:ENSOANG00000014676,5
11007,MP:0004163,DISO,abnormal adenohypophysis morphology,1
11008,GO:1905337,PHYS,positive regulation of aggrephagy,6
11009,HP:0000275,DISO,Narrow face,1
11010,HP:0000763,DISO,Sensory neuropathy,1
11011,ENSEMBL:ENSACAG00000010183,ORTH,ENSEMBL:ENSACAG00000010183,5
11012,ENSEMBL:ENSMMUG00000009050,ORTH,ENSEMBL:ENSMMUG00000009050,5
11013,ENSEMBL:ENSBTAG00000008888,ORTH,ENSEMBL:ENSBTAG00000008888,5
11014,ZFIN:ZDB-GENE-080204-7,ORTH,dnali1,5
11015,HP:0002999,DISO,Patellar dislocation,1
11016,ENSEMBL:ENSCAFG00000013917,ORTH,ENSEMBL:ENSCAFG00000013917,5
11017,ENSEMBL:ENSBTAG00000013641,ORTH,BAG3,5
11018,MP:0001524,DISO,impaired limb coordination,1
11019,ZP:0001464,DISO,"heart position, abnormal",1
11020,UBERON:0007023,ANAT,adult organism,0
11021,EFO:0004527,GENO,mean corpuscular hemoglobin,4
11022,ENSEMBL:ENSACAG00000011733,ORTH,ENSEMBL:ENSACAG00000011733,5
11023,FlyBase:FBgn0086708,ORTH,stv,5
11024,MP:0002109,DISO,abnormal limb morphology,1
11025,ENSEMBL:ENSPTRG00000028721,ORTH,ENSEMBL:ENSPTRG00000028721,5
11026,HP:0001392,DISO,Abnormality of the liver,1
11027,HP:0000612,DISO,Iris coloboma,1
11028,ZFIN:ZDB-GENE-040912-14,ORTH,rassf1,5
11029,FBcv:0000702,DISO,segment polarity phenotype,1
11030,MP:0003566,DISO,abnormal cell adhesion,1
11031,MP:0010738,DISO,abnormal internode morphology,1
11032,ZFIN:ZDB-GENE-100408-5,ORTH,git1,5
11033,ZFIN:ZDB-GENE-030131-333,ORTH,wdr82,5
11034,ENSEMBL:ENSBTAG00000007399,ORTH,ENSEMBL:ENSBTAG00000007399,5
11035,REACT:R-HSA-9022692,PHYS,Regulation of MECP2 expression and activity,6
11036,ENSEMBL:ENSBTAG00000018689,ORTH,ENSEMBL:ENSBTAG00000018689,5
11037,HP:0030732,DISO,Dysplastic tricuspid valve,1
11038,ENSEMBL:ENSMODG00000017913,ORTH,ENSEMBL:ENSMODG00000017913,5
11039,MP:0002968,DISO,increased circulating alkaline phosphatase level,1
11040,WBPhenotype:0000768,DISO,cytoplasmic structure defective early emb,1
11041,FlyBase:FBgn0037962,ORTH,Dnali1,5
11042,ENSEMBL:ENSSSCG00000032220,ORTH,CNOT10,5
11043,Coriell:GM04478,GENO,NIGMS-GM04478,4
11044,WormBase:WBGene00010497,ORTH,axl-1,5
11045,ENSEMBL:ENSMMUG00000008351,ORTH,ENSEMBL:ENSMMUG00000008351,5
11046,ZP:0004784,DISO,"retinal pigmented epithelium hypertrophic, abnormal",1
11047,WormBase:WBGene00019971,ORTH,ergo-1,5
11048,HP:0001941,DISO,Acidosis,1
11049,ZP:0011928,DISO,"nuclear pore liver malformed, abnormal",1
11050,dictyBase:DDB_G0288677,GENO,cdk5,4
11051,WormBase:WBGene00010992,ORTH,R03D7.8,5
11052,FlyBase:FBgn0028852,ORTH,CG15262,5
11053,HP:0030781,DISO,Increased circulating free fatty acid level,1
11054,HGNC:1424,GENE,CAD,3
11055,dictyBase:DDB_G0278039,GENO,polr2h,4
11056,dictyBase:DDB_G0287953,GENO,psmD1,4
11057,ZP:0018603,DISO,"hindbrain decreased occurrence neuron differentiation, abnormal",1
11058,ENSEMBL:ENSACAG00000015347,ORTH,ENSEMBL:ENSACAG00000015347,5
11059,ZFIN:ZDB-GENE-091117-1,ORTH,nefla,5
11060,MP:0020416,DISO,decreased fibroblast chemotaxis,1
11061,ENSEMBL:ENSCAFG00000010347,ORTH,ENSEMBL:ENSCAFG00000010347,5
11062,HGNC:12612,GENE,USP14,3
11063,MP:0011843,DISO,abnormal kidney collecting duct epithelium morphology,1
11064,ENSEMBL:ENSOANG00000012164,ORTH,ENSEMBL:ENSOANG00000012164,5
11065,ENSEMBL:ENSSSCG00000024059,ORTH,ENSEMBL:ENSSSCG00000024059,5
11066,ENSEMBL:ENSCAFG00000017516,ORTH,CALM1,5
11067,ENSEMBL:ENSECAG00000035670,ORTH,ENSEMBL:ENSECAG00000035670,5
11068,ENSEMBL:ENSMODG00000011925,ORTH,ENSEMBL:ENSMODG00000011925,5
11069,ZFIN:ZDB-GENE-010130-1,ORTH,ctbp1,5
11070,WBPhenotype:0000351,DISO,failure to hatch,1
11071,ZFIN:ZDB-GENE-040426-2626,ORTH,cmc1,5
11072,HP:0001508,DISO,Failure to thrive,1
11073,HP:0002553,DISO,Highly arched eyebrow,1
11074,Coriell:GM04689,GENO,NIGMS-GM04689,4
11075,ZP:0012861,DISO,"actin cytoskeleton organization process quality, abnormal",1
11076,SGD:S000005364,ORTH,SIN3,5
11077,HP:0009778,DISO,Short thumb,1
11078,ZP:0100538,DISO,"facial nerve motor nucleus displaced to motor neuron rhombomere 5, abnormal",1
11079,MP:0000250,DISO,abnormal vasoconstriction,1
11080,HP:0100615,DISO,Ovarian neoplasm,1
11081,MP:0002906,DISO,increased susceptibility to pharmacologically induced seizures,1
11082,ZP:0008448,DISO,"sodium:potassium-exchanging ATPase complex hair cell mislocalised, abnormal",1
11083,ENSEMBL:ENSMODG00000015091,ORTH,ENSEMBL:ENSMODG00000015091,5
11084,ENSEMBL:ENSPTRG00000017043,ORTH,ENSEMBL:ENSPTRG00000017043,5
11085,dictyBase:DDB_G0267452,GENO,ubqln,4
11086,MP:0001900,DISO,impaired synaptic plasticity,1
11087,HGNC:2711,GENE,DCTN1,3
11088,HP:0000490,DISO,Deeply set eye,1
11089,HP:0003826,DISO,Stillbirth,1
11090,ENSEMBL:ENSFCAG00000013136,ORTH,ENSEMBL:ENSFCAG00000013136,5
11091,ENSEMBL:ENSGALG00000014324,ORTH,SLC2A14,5
11092,ZFIN:ZDB-GENE-050913-57,ORTH,rasd2,5
11093,WBPhenotype:0000181,DISO,axon trajectory variant,1
11094,HP:0000492,DISO,Abnormal eyelid morphology,1
11095,WormBase:WBGene00008730,ORTH,F13B12.2,5
11096,EFO:0008459,GENO,response to mepolizumab,4
11097,MP:0001923,DISO,reduced female fertility,1
11098,HP:0010987,DISO,Abnormal cellular immune system morphology,1
11099,ZFIN:ZDB-GENE-030131-6547,ORTH,psmc5,5
11100,Coriell:GM04197,GENO,NIGMS-GM04197,4
11101,ZP:0004009,DISO,"head size, abnormal",1
11102,ENSEMBL:ENSOANG00000003371,ORTH,ENSEMBL:ENSOANG00000003371,5
11103,ENSEMBL:ENSPTRG00000010594,ORTH,ENSEMBL:ENSPTRG00000010594,5
11104,ENSEMBL:ENSMMUG00000057217,ORTH,ENSEMBL:ENSMMUG00000057217,5
11105,ZP:0005392,DISO,"embryonic cranial skeleton morphogenesis process quality, abnormal",1
11106,RGD:1595923,ORTH,RT1-A2,5
11107,ZP:0003192,DISO,"liver fatty, abnormal",1
11108,ENSEMBL:ENSMODG00000005573,ORTH,ENSEMBL:ENSMODG00000005573,5
11109,MGI:3699097,ORTH,Htt<tm1.1Tna>/Htt<+> [involves: 129P2/OlaHsd * C57BL/6J],5
11110,FBcv:0000431,DISO,abnormal meiotic cell cycle,1
11111,ENSEMBL:ENSCAFG00000017986,ORTH,DYNC1H1,5
11112,MP:0012062,DISO,small tail bud,1
11113,ENSEMBL:ENSCAFG00000041690,ORTH,ENSEMBL:ENSCAFG00000041690,5
11114,ENSEMBL:ENSMMUG00000012811,ORTH,ENSEMBL:ENSMMUG00000012811,5
11115,MONARCH:APO_0000342APO_0000005,GENO,late nucleophagy:absent,4
11116,ENSEMBL:ENSPTRG00000007339,ORTH,ENSEMBL:ENSPTRG00000007339,5
11117,MP:0002700,DISO,opacity of vitreous body,1
11118,ENSEMBL:ENSCAFG00000024378,ORTH,ENSEMBL:ENSCAFG00000024378,5
11119,WBPhenotype:0000046,DISO,pace of P lineage defective early emb,1
11120,dictyBase:DDB_G0293230,GENO,cdc26,4
11121,ENSEMBL:ENSMMUG00000053773,ORTH,ENSEMBL:ENSMMUG00000053773,5
11122,WormBase:WBGene00006530,ORTH,tba-4,5
11123,Xenbase:XB-GENE-956125,ORTH,git1,5
11124,ENSEMBL:ENSBTAG00000049904,ORTH,ENSEMBL:ENSBTAG00000049904,5
11125,WBPhenotype:0002057,DISO,Bacillus thuringiensis toxin hypersensitive,1
11126,ENSEMBL:ENSMODG00000018964,ORTH,ENSEMBL:ENSMODG00000018964,5
11127,EFO:0004631,GENO,vitamin D measurement,4
11128,MP:0002113,DISO,abnormal skeleton development,1
11129,ZP:0003720,DISO,"axon motor neuron branched, abnormal",1
11130,MGI:98086,ORTH,Polr2a,5
11131,WormBase:WBGene00020838,ORTH,trak-1,5
11132,MP:0002123,DISO,abnormal definitive hematopoiesis,1
11133,ENSEMBL:ENSOANG00000006811,ORTH,ENSEMBL:ENSOANG00000006811,5
11134,MP:0009939,DISO,abnormal hippocampus neuron morphology,1
11135,FlyBase:FBgn0025632,ORTH,CG4313,5
11136,ENSEMBL:ENSMODG00000004495,ORTH,ENSEMBL:ENSMODG00000004495,5
11137,ENSEMBL:ENSOANG00000009047,ORTH,ENSEMBL:ENSOANG00000009047,5
11138,ENSEMBL:ENSFCAG00000011030,ORTH,ENSEMBL:ENSFCAG00000011030,5
11139,ENSEMBL:ENSCAFG00000003701,ORTH,ENSEMBL:ENSCAFG00000003701,5
11140,ZFIN:ZDB-GENE-110411-205,ORTH,mid1,5
11141,MP:0013421,DISO,increased CD5-positive gamma-delta T cell number,1
11142,PomBase:SPAC6G10.11c,GENO,ubi3,4
11143,ZP:0104412,DISO,"pancreatic B cell exocrine pancreas increased amount, abnormal",1
11144,WBPhenotype:0001371,DISO,protein RNA interaction variant,1
11145,SGD:S000000833,ORTH,YPT31,5
11146,MP:0004978,DISO,decreased B-1 B cell number,1
11147,MP:0012724,DISO,absent head fold,1
11148,ENSEMBL:ENSSSCG00005033087,ORTH,ENSEMBL:ENSSSCG00005033087,5
11149,WormBase:WBGene00002191,ORTH,kin-3,5
11150,WBPhenotype:0000032,DISO,sick,1
11151,ZP:0000153,DISO,"somite increased width, abnormal",1
11152,APO:0000330,DISO,haploproficient,1
11153,ZP:0000012,DISO,"somite morphology, abnormal",1
11154,MP:0003545,DISO,increased alcohol consumption,1
11155,ZFIN:ZDB-GENE-120727-5,ORTH,pias1a,5
11156,MGI:1922816,ORTH,Ing5,5
11157,WBPhenotype:0000291,DISO,no oocytes,1
11158,ENSEMBL:ENSMMUG00000017123,ORTH,ENSEMBL:ENSMMUG00000017123,5
11159,ZP:0001720,DISO,"pectoral fin kinked, abnormal",1
11160,MP:0012319,DISO,fast extinction of fear memory,1
11161,ENSEMBL:ENSCAFG00000023721,ORTH,E2R7F3,5
11162,ENSEMBL:ENSMMUG00000002523,ORTH,ENSEMBL:ENSMMUG00000002523,5
11163,ENSEMBL:ENSECAG00000018445,ORTH,ENSEMBL:ENSECAG00000018445,5
11164,ENSEMBL:ENSMODG00000016874,ORTH,ENSEMBL:ENSMODG00000016874,5
11165,ENSEMBL:ENSGALG00000008294,ORTH,ITPR1,5
11166,FBcv:0000354,DISO,visible,1
11167,MP:0002983,DISO,increased retinal ganglion cell number,1
11168,WormBase:WBGene00043067,ORTH,dlc-5,5
11169,ENSEMBL:ENSOANG00000038479,ORTH,ENSEMBL:ENSOANG00000038479,5
11170,HP:0001000,DISO,Abnormality of skin pigmentation,1
11171,ZP:0002086,DISO,"erythrocyte differentiation disrupted, abnormal",1
11172,ZP:0020333,DISO,"fourth ventricle increased process quality mitotic cell cycle, abnormal",1
11173,ENSEMBL:ENSPTRG00000017626,ORTH,ENSEMBL:ENSPTRG00000017626,5
11174,HP:0000952,DISO,Jaundice,1
11175,ENSEMBL:ENSPTRG00000014682,ORTH,ENSEMBL:ENSPTRG00000014682,5
11176,MONARCH:APO_0000128APO_0000003,GENO,peroxisomal transport:decreased,4
11177,MP:0009113,DISO,increased pancreatic beta cell mass,1
11178,MP:0000814,DISO,absent dentate gyrus,1
11179,MP:0013236,DISO,ovary degeneration,1
11180,WormBase:WBGene00007009,ORTH,wwp-1,5
11181,ENSEMBL:ENSFCAG00000004503,ORTH,ENSEMBL:ENSFCAG00000004503,5
11182,ZP:0007120,DISO,"lamellipodium cell decreased amount, abnormal",1
11183,ENSEMBL:ENSSSCG00000011494,ORTH,PSMD6,5
11184,RGD:2174,ORTH,Atp2a2,5
11185,ZP:0102975,DISO,"pharyngeal arch 3-7 has fewer parts of type ectomesenchyme, abnormal",1
11186,ENSEMBL:ENSMODG00000019233,ORTH,ENSEMBL:ENSMODG00000019233,5
11187,MP:0005280,DISO,abnormal fatty acids level,1
11188,MP:0009335,DISO,decreased splenocyte proliferation,1
11189,FlyBase:FBgn0036136,ORTH,Ufd1,5
11190,PomBase:SPBC106.03,GENO,SPBC106.03,4
11191,HP:0000639,DISO,Nystagmus,1
11192,MP:0008034,DISO,enhanced lipolysis,1
11193,WormBase:WBGene00018089,ORTH,F36D4.4,5
11194,HP:0001288,DISO,Gait disturbance,1
11195,HP:0003138,DISO,Increased blood urea nitrogen,1
11196,ENSEMBL:ENSECAG00000012035,ORTH,ENSEMBL:ENSECAG00000012035,5
11197,RGD:619838,ORTH,Pabpc1,5
11198,dictyBase:DDB_G0292390,GENO,atg1,4
11199,ENSEMBL:ENSFCAG00000004294,ORTH,ENSEMBL:ENSFCAG00000004294,5
11200,HP:0001518,DISO,Small for gestational age,1
11201,ENSEMBL:ENSMODG00000005190,ORTH,ENSEMBL:ENSMODG00000005190,5
11202,EFO:0007825,GENO,balding measurement,4
11203,MP:0009295,DISO,decreased interscapular fat pad weight,1
11204,RGD:1359133,ORTH,Aldoart2,5
11205,SGD:S000000147,ORTH,PIN4,5
11206,HP:0040109,DISO,Morphological abnormality of the utricle,1
11207,ENSEMBL:ENSECAG00000019923,ORTH,ENSEMBL:ENSECAG00000019923,5
11208,ENSEMBL:ENSGALG00000003881,ORTH,ENSEMBL:ENSGALG00000003881,5
11209,ENSEMBL:ENSMMUG00000012481,ORTH,ENSEMBL:ENSMMUG00000012481,5
11210,WBPhenotype:0001916,DISO,increased pathogen survival,1
11211,ENSEMBL:ENSFCAG00000012177,ORTH,ENSEMBL:ENSFCAG00000012177,5
11212,WormBase:WBGene00004284,ORTH,rab-35,5
11213,SGD:S000002475,ORTH,DOS2,5
11214,WBPhenotype:0001585,DISO,asymmetric cell division variant,1
11215,WormBase:WBGene00022199,ORTH,pfk-1.1,5
11216,HP:0020119,DISO,Abnormal retinal nerve fiber layer morphology,1
11217,ENSEMBL:ENSBTAG00000007766,ORTH,ENSEMBL:ENSBTAG00000007766,5
11218,Coriell:GM03645,GENO,NIGMS-GM03645,4
11219,dbSNP:rs363085,GENO,rs363085-G,4
11220,WormBase:WBGene00004820,ORTH,skr-14,5
11221,ENSEMBL:ENSMODG00000016589,ORTH,ENSEMBL:ENSMODG00000016589,5
11222,MP:0009677,DISO,abnormal spinal cord dorsal column morphology,1
11223,SGD:S000004798,ORTH,HSC82,5
11224,ENSEMBL:ENSECAG00000038178,ORTH,ENSEMBL:ENSECAG00000038178,5
11225,HP:0004380,DISO,Aortic valve calcification,1
11226,PomBase:SPBP8B7.11,GENO,nxt3,4
11227,HP:0000746,DISO,Delusions,1
11228,MP:0013848,DISO,subcutaneous edema,1
11229,ENSEMBL:ENSCAFG00000047070,ORTH,A0A5F4CHC8,5
11230,ENSEMBL:ENSECAG00000004482,ORTH,ENSEMBL:ENSECAG00000004482,5
11231,ZP:0003017,DISO,"laminin complex somite decreased amount, abnormal",1
11232,WormBase:WBGene00000001,ORTH,aap-1,5
11233,ENSEMBL:ENSGALG00000049692,ORTH,A0A3Q3AYN2,5
11234,EnsemblGenome:AT5G02560,ORTH,EnsemblGenome:AT5G02560,5
11235,MP:0008026,DISO,abnormal brain white matter morphology,1
11236,ENSEMBL:ENSACAG00000029516,ORTH,ENSEMBL:ENSACAG00000029516,5
11237,WBPhenotype:0000859,DISO,excretory socket cell development variant,1
11238,ZFIN:ZDB-GENE-030131-6248,ORTH,brf1b,5
11239,ENSEMBL:ENSGALG00000007150,ORTH,ENSEMBL:ENSGALG00000007150,5
11240,ZP:0000110,DISO,"notochord aplastic, abnormal",1
11241,HP:0003076,DISO,Glycosuria,1
11242,dictyBase:DDB_G0276227,GENO,DDB0229988,4
11243,ENSEMBL:ENSSSCG00000007951,ORTH,CREBBP,5
11244,ZFIN:ZDB-GENE-050208-42,ORTH,map6a,5
11245,ENSEMBL:ENSMODG00000020890,ORTH,ENSEMBL:ENSMODG00000020890,5
11246,ENSEMBL:ENSFCAG00000010217,ORTH,ENSEMBL:ENSFCAG00000010217,5
11247,ZP:0016668,DISO,"palate morphology, abnormal",1
11248,ENSEMBL:ENSGALG00000006775,ORTH,TGM2,5
11249,MONARCH:APO_0000215APO_0000004,GENO,toxin resistance:increased,4
11250,FlyBase:FBgn0011273,ORTH,Acam,5
11251,ZP:0000611,DISO,"floor plate absent, abnormal",1
11252,ZP:0100333,DISO,"sperm increased velocity, abnormal",1
11253,HP:0001480,DISO,Freckling,1
11254,RGD:1310488,ORTH,Syvn1,5
11255,MP:0012516,DISO,absent metencephalon,1
11256,FlyBase:FBgn0036932,ORTH,CG14184,5
11257,ENSEMBL:ENSACAG00000004943,ORTH,ENSEMBL:ENSACAG00000004943,5
11258,MGI:1306778,ORTH,Map1b,5
11259,FlyBase:FBgn0031857,ORTH,LUBEL,5
11260,HP:0040078,DISO,Axonal degeneration,1
11261,WBPhenotype:0002302,DISO,nose movement decreased,1
11262,ZP:0007168,DISO,"axis curved ventral, abnormal",1
11263,ENSEMBL:ENSCAFG00000006813,ORTH,TRAF6,5
11264,WormBase:WBGene00000964,ORTH,dhp-2,5
11265,MP:0000854,DISO,abnormal cerebellum development,1
11266,ZFIN:ZDB-GENE-030131-7452,ORTH,g3bp1,5
11267,ENSEMBL:ENSPTRG00000048762,ORTH,ENSEMBL:ENSPTRG00000048762,5
11268,MP:0004804,DISO,decreased susceptibility to autoimmune diabetes,1
11269,ENSEMBL:ENSBTAG00000010668,ORTH,ENSEMBL:ENSBTAG00000010668,5
11270,ENSEMBL:ENSFCAG00000000566,ORTH,ENSEMBL:ENSFCAG00000000566,5
11271,ENSEMBL:ENSGALG00000008460,ORTH,ENSEMBL:ENSGALG00000008460,5
11272,ENSEMBL:ENSBTAG00000013010,ORTH,ENSEMBL:ENSBTAG00000013010,5
11273,ENSEMBL:ENSECAG00000003428,ORTH,ENSEMBL:ENSECAG00000003428,5
11274,MP:0011396,DISO,abnormal sleep behavior,1
11275,MGI:4438242,ORTH,Htt<tm1Szi>/Htt<tm1Szi>; Tg(HTT*)1Xwy [involves: 129S/SvEv * FVB],5
11276,ENSEMBL:ENSPTRG00000004648,ORTH,ENSEMBL:ENSPTRG00000004648,5
11277,ENSEMBL:ENSBTAG00000005663,ORTH,ENSEMBL:ENSBTAG00000005663,5
11278,ZP:0009415,DISO,"atrium mislocalised, abnormal",1
11279,FlyBase:FBgn0035540,ORTH,Syx17,5
11280,ZFIN:ZDB-GENE-030131-1731,ORTH,lgi1a,5
11281,WormBase:WBGene00021636,ORTH,pcaf-1,5
11282,ZP:0001753,DISO,"nuclear migration disrupted, abnormal",1
11283,dictyBase:DDB_G0275027,GENO,DDB_G0275027,4
11284,ZP:0021359,DISO,"whole organism decreased occurrence cholesterol biosynthetic process, abnormal",1
11285,ZP:0020465,DISO,"pharyngeal arch 2 decreased occurrence cell population proliferation, abnormal",1
11286,ENSEMBL:ENSECAG00000012008,ORTH,ENSEMBL:ENSECAG00000012008,5
11287,ENSEMBL:ENSMODG00000014168,ORTH,ENSEMBL:ENSMODG00000014168,5
11288,WormBase:WBGene00003233,ORTH,mgl-2,5
11289,ENSEMBL:ENSECAG00000018697,ORTH,ENSEMBL:ENSECAG00000018697,5
11290,MP:0008178,DISO,decreased germinal center B cell number,1
11291,WBPhenotype:0001323,DISO,vesicle morphology variant,1
11292,HP:0100785,DISO,Insomnia,1
11293,WormBase:WBGene00008780,ORTH,hxk-1,5
11294,Xenbase:XB-GENE-956283,ORTH,atxn7,5
11295,ENSEMBL:ENSMODG00000004418,ORTH,ENSEMBL:ENSMODG00000004418,5
11296,ENSEMBL:ENSACAG00000013472,ORTH,ENSEMBL:ENSACAG00000013472,5
11297,FBcv:0000405,DISO,abnormal taste perception,1
11298,HGNC:6919,GENE,MBD4,3
11299,ENSEMBL:ENSOANG00000010873,ORTH,ENSEMBL:ENSOANG00000010873,5
11300,ENSEMBL:ENSOANG00000001605,ORTH,ENSEMBL:ENSOANG00000001605,5
11301,ENSEMBL:ENSPTRG00000052040,ORTH,ENSEMBL:ENSPTRG00000052040,5
11302,ENSEMBL:ENSACAG00000005706,ORTH,ENSEMBL:ENSACAG00000005706,5
11303,ENSEMBL:ENSECAG00000010479,ORTH,ENSEMBL:ENSECAG00000010479,5
11304,ENSEMBL:ENSPTRG00000023148,ORTH,ENSEMBL:ENSPTRG00000023148,5
11305,Xenbase:XB-GENE-1016033,ORTH,hgs,5
11306,Xenbase:XB-GENE-6084294,ORTH,wipi2,5
11307,MP:0005448,DISO,abnormal energy homeostasis,1
11308,MP:0003895,DISO,increased ectoderm apoptosis,1
11309,HGNC:9852,GENE,IPO7,3
11310,EFO:0004458,GENO,C-reactive protein measurement,4
11311,MP:0000850,DISO,absent cerebellum,1
11312,ENSEMBL:ENSMMUG00000002075,ORTH,ENSEMBL:ENSMMUG00000002075,5
11313,Xenbase:XB-GENE-980107,ORTH,grm1,5
11314,PomBase:SPAC1952.12c,GENO,csn71,4
11315,FBcv:0000422,DISO,photoperiod response variant,1
11316,HP:0000430,DISO,Underdeveloped nasal alae,1
11317,RGD:61874,ORTH,Psmb2,5
11318,ZP:0007180,DISO,"contractile fiber muscle disorganized, abnormal",1
11319,PomBase:SPBC1711.06,GENO,rpl401,4
11320,ENSEMBL:ENSMMUG00000015824,ORTH,ENSEMBL:ENSMMUG00000015824,5
11321,MP:0001776,DISO,abnormal circulating sodium level,1
11322,WormBase:WBGene00014097,ORTH,ZK829.9,5
11323,ENSEMBL:ENSXETG00000030689,ORTH,dnali1,5
11324,MGI:1861457,ORTH,Dynll1,5
11325,ZP:0000941,DISO,"retina development in camera-type eye disrupted, abnormal",1
11326,ENSEMBL:ENSECAG00000015767,ORTH,ENSEMBL:ENSECAG00000015767,5
11327,ENSEMBL:ENSCAFG00000042367,ORTH,PPP2CA,5
11328,ENSEMBL:ENSBTAG00000016401,ORTH,ENSEMBL:ENSBTAG00000016401,5
11329,ZP:0107021,DISO,"vasculature neoplastic, abnormal",1
11330,ENSEMBL:ENSGALG00000002925,ORTH,ETFA,5
11331,ENSEMBL:ENSBTAG00000046332,ORTH,ENSEMBL:ENSBTAG00000046332,5
11332,MP:0012107,DISO,enhanced exercise endurance,1
11333,MP:0003312,DISO,abnormal locomotor coordination,1
11334,ENSEMBL:ENSPTRG00000003943,ORTH,ENSEMBL:ENSPTRG00000003943,5
11335,MGI:1349450,ORTH,Vat1,5
11336,MP:0009125,DISO,decreased brown fat cell lipid droplet size,1
11337,ZP:0019076,DISO,"liver decreased amount, abnormal",1
11338,HGNC:4834,GENE,HBS1L,3
11339,dictyBase:DDB_G0282793,GENO,wdr61,4
11340,MGI:3573928,ORTH,Htt<tm1Detl>/Htt<+> [involves: 129P2/OlaHsd * C57BL/6J],5
11341,ENSEMBL:ENSMMUG00000018931,ORTH,ENSEMBL:ENSMMUG00000018931,5
11342,MP:0003396,DISO,abnormal embryonic hematopoiesis,1
11343,HGNC:2961,GENE,DYNC1H1,3
11344,ZP:0000638,DISO,"post-vent region curved ventral, abnormal",1
11345,WBPhenotype:0000709,DISO,pharyngeal morphology variant,1
11346,ZFIN:ZDB-FISH-150901-22783,ORTH,WT,5
11347,ENSEMBL:ENSFCAG00000015180,ORTH,ENSEMBL:ENSFCAG00000015180,5
11348,ENSEMBL:ENSBTAG00000007075,ORTH,LOC616942,5
11349,ZFIN:ZDB-GENE-030131-6225,ORTH,fan1,5
11350,MP:0001127,DISO,small ovary,1
11351,ENSEMBL:ENSFCAG00000006578,ORTH,ENSEMBL:ENSFCAG00000006578,5
11352,HP:0011842,DISO,Abnormality of skeletal morphology,1
11353,ENSEMBL:ENSFCAG00000007793,ORTH,ENSEMBL:ENSFCAG00000007793,5
11354,MP:0005498,DISO,hyporesponsive to tactile stimuli,1
11355,ZP:0018435,DISO,"photoreceptor inner segment photoreceptor cell absent, abnormal",1
11356,FlyBase:FBgn0028695,ORTH,Rpn1,5
11357,Xenbase:XB-GENE-961352,ORTH,cox16,5
11358,WBPhenotype:0001896,DISO,gamma ray induced apoptosis decreased,1
11359,WBPhenotype:0001926,DISO,gonad sheath contraction rate increased,1
11360,MP:0004973,DISO,increased regulatory T cell number,1
11361,dictyBase:DDB_G0270098,GENO,DDB0190801,4
11362,ZFIN:ZDB-GENE-030115-1,ORTH,gapdh,5
11363,WBPhenotype:0002159,DISO,increased pathogen accumulation,1
11364,ENSEMBL:ENSECAG00000016158,ORTH,ENSEMBL:ENSECAG00000016158,5
11365,ENSEMBL:ENSACAG00000009672,ORTH,ENSEMBL:ENSACAG00000009672,5
11366,MP:0004801,DISO,increased susceptibility to systemic lupus erythematosus,1
11367,WBPhenotype:0002599,DISO,long-term habituation phenotype,1
11368,ENSEMBL:ENSSSCG00000033602,ORTH,UBE2K,5
11369,ENSEMBL:ENSACAG00000006639,ORTH,ENSEMBL:ENSACAG00000006639,5
11370,MP:0000424,DISO,retarded hair growth,1
11371,HGNC:5959,GENE,ELP1,3
11372,ENSEMBL:ENSGALG00000008163,ORTH,ENSEMBL:ENSGALG00000008163,5
11373,ZP:0003394,DISO,"trunk atrophied, abnormal",1
11374,HP:0011113,DISO,Abnormality of cytokine secretion,1
11375,WormBase:WBGene00003053,ORTH,lmp-1,5
11376,MONARCH:APO_0000307APO_0000003,GENO,anaerobic growth:decreased,4
11377,HP:0100750,DISO,Atelectasis,1
11378,EnsemblGenome:BAE78321,ORTH,EnsemblGenome:BAE78321,5
11379,MP:0010957,DISO,abnormal aerobic respiration,1
11380,dictyBase:DDB_G0292192,GENO,dictyBase:DDB_G0292192,4
11381,HP:0000551,DISO,Color vision defect,1
11382,ENSEMBL:ENSFCAG00000029873,ORTH,ENSEMBL:ENSFCAG00000029873,5
11383,WBPhenotype:0000774,DISO,gametogenesis variant,1
11384,HP:0001892,DISO,Abnormal bleeding,1
11385,HGNC:31849,GENE,F8A2,3
11386,ENSEMBL:ENSOANG00000048067,ORTH,ENSEMBL:ENSOANG00000048067,5
11387,MP:0008507,DISO,thin retinal ganglion layer,1
11388,ENSEMBL:ENSMODG00000008139,ORTH,ENSEMBL:ENSMODG00000008139,5
11389,ENSEMBL:ENSPTRG00000007723,ORTH,ENSEMBL:ENSPTRG00000007723,5
11390,WBPhenotype:0000095,DISO,M lineage variant,1
11391,MONARCH:APO_0000111APO_0000003,GENO,viability:decreased,4
11392,HP:0010522,DISO,Dyslexia,1
11393,dictyBase:DDB_G0268778,GENO,DDB0220639,4
11394,ENSEMBL:ENSMMUG00000013791,ORTH,ENSEMBL:ENSMMUG00000013791,5
11395,ENSEMBL:ENSFCAG00000006109,ORTH,ENSEMBL:ENSFCAG00000006109,5
11396,ZP:0000366,DISO,"presumptive telencephalon aplastic, abnormal",1
11397,HP:0000317,DISO,Facial myokymia,1
11398,ENSEMBL:ENSACAG00000016290,ORTH,ENSEMBL:ENSACAG00000016290,5
11399,HGNC:11441,GENE,STX6,3
11400,MP:0005250,DISO,decreased Sertoli cell number,1
11401,Xenbase:XB-GENE-493034,ORTH,ipo4,5
11402,Xenbase:XB-GENE-947407,ORTH,tubb4a,5
11403,ENSEMBL:ENSMODG00000001673,ORTH,ENSEMBL:ENSMODG00000001673,5
11404,HP:0000518,DISO,Cataract,1
11405,ENSEMBL:ENSBTAG00000020441,ORTH,ENSEMBL:ENSBTAG00000020441,5
11406,WBPhenotype:0001791,DISO,defecation cycle temperature compensation variant,1
11407,ENSEMBL:ENSFCAG00000001798,ORTH,ENSEMBL:ENSFCAG00000001798,5
11408,ENSEMBL:ENSBTAG00000005441,ORTH,ENSEMBL:ENSBTAG00000005441,5
11409,ENSEMBL:ENSCAFG00000005907,ORTH,ENSEMBL:ENSCAFG00000005907,5
11410,ENSEMBL:ENSMMUG00000015032,ORTH,ENSEMBL:ENSMMUG00000015032,5
11411,ENSEMBL:ENSFCAG00000010779,ORTH,ENSEMBL:ENSFCAG00000010779,5
11412,MONARCH:APO_0000032APO_0000003,GENO,mating response:decreased,4
11413,WBPhenotype:0000673,DISO,brood size variant,1
11414,RGD:620247,ORTH,Cetn2,5
11415,ZFIN:ZDB-GENE-040426-1975,ORTH,grb2b,5
11416,ENSEMBL:ENSMODG00000007809,ORTH,ENSEMBL:ENSMODG00000007809,5
11417,MP:0012089,DISO,decreased midbrain size,1
11418,WormBase:WBGene00020985,ORTH,W03D8.2,5
11419,WormBase:WBGene00000417,ORTH,ced-3,5
11420,HP:0007772,DISO,Impaired smooth pursuit,1
11421,ZFIN:ZDB-GENE-051127-39,ORTH,actn2b,5
11422,MGI:892004,ORTH,H2-Bl,5
11423,ENSEMBL:ENSSSCG00000012328,ORTH,ENSEMBL:ENSSSCG00000012328,5
11424,MP:0004657,DISO,small sacral vertebrae,1
11425,ENSEMBL:ENSCAFG00000007950,ORTH,MAP1B,5
11426,WormBase:WBGene00016798,ORTH,ets-8,5
11427,ENSEMBL:ENSFCAG00000001810,ORTH,ENSEMBL:ENSFCAG00000001810,5
11428,ENSEMBL:ENSACAG00000001366,ORTH,ENSEMBL:ENSACAG00000001366,5
11429,ZP:0103409,DISO,"mating behavior process quality, abnormal",1
11430,ZP:0002587,DISO,"trunk decreased size, abnormal",1
11431,HP:0003429,DISO,CNS hypomyelination,1
11432,HP:0030731,DISO,Carcinoma,1
11433,EFO:0003923,GENO,bone density,4
11434,WormBase:WBGene00003952,ORTH,pbs-6,5
11435,HP:0200023,DISO,Priapism,1
11436,Xenbase:XB-GENE-5866629,ORTH,f8a1,5
11437,Xenbase:XB-GENE-484391,ORTH,pfkp,5
11438,WBPhenotype:0000005,DISO,hyperactive egg laying,1
11439,ZFIN:ZDB-GENE-041104-1,ORTH,prmt2,5
11440,ENSEMBL:ENSACAG00000011896,ORTH,ENSEMBL:ENSACAG00000011896,5
11441,MP:0003424,DISO,premature neuronal precursor differentiation,1
11442,HP:0100645,DISO,Cystocele,1
11443,ENSEMBL:ENSACAG00000015238,ORTH,ENSEMBL:ENSACAG00000015238,5
11444,ENSEMBL:ENSMMUG00000006362,ORTH,ENSEMBL:ENSMMUG00000006362,5
11445,MONARCH:APO_0000326APO_0000004,GENO,desiccation resistance:increased,4
11446,ENSEMBL:ENSFCAG00000015280,ORTH,ENSEMBL:ENSFCAG00000015280,5
11447,MGI:2146901,ORTH,Trip10,5
11448,ENSEMBL:ENSMMUG00000007152,ORTH,ENSEMBL:ENSMMUG00000007152,5
11449,MP:0004816,DISO,abnormal class switch recombination,1
11450,dictyBase:DDB_G0290491,GENO,DDB_G0290491,4
11451,ENSEMBL:ENSCAFG00000011126,ORTH,ENSEMBL:ENSCAFG00000011126,5
11452,MP:0008170,DISO,decreased B-1b cell number,1
11453,SGD:S000001709,ORTH,VPS1,5
11454,MGI:1098280,ORTH,Crebbp,5
11455,ENSEMBL:ENSPTRG00000019307,ORTH,ENSEMBL:ENSPTRG00000019307,5
11456,HP:0002148,DISO,Hypophosphatemia,1
11457,HP:3000047,DISO,Abnormal glossopharyngeal nerve morphology,1
11458,ENSEMBL:ENSFCAG00000022033,ORTH,ENSEMBL:ENSFCAG00000022033,5
11459,ZP:0000657,DISO,"retinal ganglion cell decreased amount, abnormal",1
11460,WBPhenotype:0000025,DISO,blistered,1
11461,FlyBase:FBgn0032198,ORTH,eEF1delta,5
11462,ENSEMBL:ENSMMUG00000020043,ORTH,ENSEMBL:ENSMMUG00000020043,5
11463,RGD:621036,ORTH,Tkt,5
11464,WBPhenotype:0000495,DISO,ray ectopic,1
11465,ZFIN:ZDB-GENE-090312-142,ORTH,rbm25a,5
11466,dictyBase:DDB_G0291928,GENO,ubqI,4
11467,HP:0000664,DISO,Synophrys,1
11468,HP:0025435,DISO,Increased circulating lactate dehydrogenase concentration,1
11469,WBPhenotype:0002519,DISO,axon length reduced,1
11470,HP:0002600,DISO,Hyporeflexia of lower limbs,1
11471,WBPhenotype:0001947,DISO,diplotene progression during oogenesis variant,1
11472,ZP:0018484,DISO,"myotome decreased process quality regulation of synaptic transmission, cholinergic, abnormal",1
11473,ENSEMBL:ENSPTRG00000006509,ORTH,ENSEMBL:ENSPTRG00000006509,5
11474,ZFIN:ZDB-GENE-030131-55,ORTH,acta1b,5
11475,MP:0002591,DISO,decreased mean corpuscular volume,1
11476,ENSEMBL:ENSGALG00000005139,ORTH,ENSEMBL:ENSGALG00000005139,5
11477,MP:0013907,DISO,abnormal cerebrospinal fluid flow,1
11478,MP:0008688,DISO,decreased interleukin-2 secretion,1
11479,ZP:0004929,DISO,"posterior cardinal vein morphology, abnormal",1
11480,HP:0002445,DISO,Tetraplegia,1
11481,ZP:0001348,DISO,"anterior-most region hindbrain apoptotic, abnormal",1
11482,MP:0011668,DISO,"double outlet right ventricle, Taussig bing type",1
11483,WBPhenotype:0000359,DISO,tunicamycin response variant,1
11484,MONARCH:APO_0000256APO_0000250,GENO,cell cycle passage through START:arrested,4
11485,ENSEMBL:ENSACAG00000005227,ORTH,ENSEMBL:ENSACAG00000005227,5
11486,HP:0005576,DISO,Tubulointerstitial fibrosis,1
11487,ENSEMBL:ENSOANG00000015730,ORTH,ENSEMBL:ENSOANG00000015730,5
11488,ENSEMBL:ENSECAG00000014586,ORTH,ENSEMBL:ENSECAG00000014586,5
11489,ENSEMBL:ENSGALG00000025811,ORTH,ENSEMBL:ENSGALG00000025811,5
11490,MP:0011171,DISO,increased number of Heinz bodies,1
11491,ZP:0008113,DISO,"eye agenesis, abnormal",1
11492,HP:0012100,DISO,Abnormal circulating creatinine concentration,1
11493,ENSEMBL:ENSGALG00000010795,ORTH,ENSEMBL:ENSGALG00000010795,5
11494,MGI:95819,ORTH,Grin1,5
11495,MP:0000755,DISO,hindlimb paralysis,1
11496,HP:0001730,DISO,Progressive hearing impairment,1
11497,ZP:0017122,DISO,"cardiac ventricle size, abnormal",1
11498,HGNC:3280,GENE,EIF3B,3
11499,ZFIN:ZDB-GENE-041024-9,ORTH,prrc1,5
11500,MGI:1345192,ORTH,Psmd13,5
11501,ENSEMBL:ENSSSCG00000009203,ORTH,ENSEMBL:ENSSSCG00000009203,5
11502,ZP:0011826,DISO,"blastoderm separated from yolk, abnormal",1
11503,WBPhenotype:0001545,DISO,dauer body morphology variant,1
11504,dictyBase:DDB_G0288427,GENO,cenA,4
11505,MONARCH:APO_0000198APO_0000003,GENO,mutation frequency:decreased,4
11506,ENSEMBL:ENSACAG00000005494,ORTH,ENSEMBL:ENSACAG00000005494,5
11507,Xenbase:XB-GENE-484168,ORTH,akt2,5
11508,ZFIN:ZDB-GENE-030131-7074,ORTH,heyl,5
11509,Xenbase:XB-GENE-982653,ORTH,psma5,5
11510,EFO:0009473,GENO,hemolysis,4
11511,ENSEMBL:ENSBTAG00000038111,ORTH,F1MMT9,5
11512,dictyBase:DDB_G0284177,GENO,DDB0185880,4
11513,ENSEMBL:ENSECAG00000012879,ORTH,ENSEMBL:ENSECAG00000012879,5
11514,HP:0000089,DISO,Renal hypoplasia,1
11515,ZP:0001663,DISO,"axon motor neuron increased branchiness, abnormal",1
11516,ENSEMBL:ENSGALG00000013616,ORTH,ENSEMBL:ENSGALG00000013616,5
11517,MONARCH:APO_0000198APO_0000004,GENO,mutation frequency:increased,4
11518,MP:0001232,DISO,absent epidermis stratum basale,1
11519,MP:0009926,DISO,decreased transitional stage T2 B cell number,1
11520,ENSEMBL:ENSRNOG00000054497,ORTH,Taf4,5
11521,ENSEMBL:ENSGALG00000011128,ORTH,ENSEMBL:ENSGALG00000011128,5
11522,ENSEMBL:ENSACAG00000000665,ORTH,ENSEMBL:ENSACAG00000000665,5
11523,ENSEMBL:ENSMODG00000010916,ORTH,ENSEMBL:ENSMODG00000010916,5
11524,HP:0000768,DISO,Pectus carinatum,1
11525,WBPhenotype:0002504,DISO,pathogen release reduced,1
11526,MP:0001658,DISO,increased mortality induced by gamma-irradiation,1
11527,WormBase:WBGene00006715,ORTH,ubc-20,5
11528,Coriell:GM04694,GENO,NIGMS-GM04694,4
11529,NCBIGene:3064,GENE,HTT,3
11530,FlyBase:FBgn0261276,ORTH,Opa1,5
11531,ZP:0011205,DISO,"cerebellum hypoplastic, abnormal",1
11532,ZP:0006352,DISO,"extracellular matrix chondrocyte decreased mass density, abnormal",1
11533,ZP:0018108,DISO,"cerebellum increased occurrence apoptotic process, abnormal",1
11534,MGI:1333838,ORTH,Magea5,5
11535,ENSEMBL:ENSBTAG00000017894,ORTH,ENSEMBL:ENSBTAG00000017894,5
11536,WBPhenotype:0001945,DISO,oocytes small,1
11537,ENSEMBL:ENSMMUG00000016827,ORTH,ENSEMBL:ENSMMUG00000016827,5
11538,MP:0001968,DISO,abnormal touch/ nociception,1
11539,ENSEMBL:ENSCAFG00000025039,ORTH,ENSEMBL:ENSCAFG00000025039,5
11540,ENSEMBL:ENSACAG00000002311,ORTH,ENSEMBL:ENSACAG00000002311,5
11541,ENSEMBL:ENSCAFG00000018650,ORTH,ENSEMBL:ENSCAFG00000018650,5
11542,ENSEMBL:ENSFCAG00000011548,ORTH,ENSEMBL:ENSFCAG00000011548,5
11543,ZP:0106013,DISO,"central nervous system decreased process quality central nervous system myelination, abnormal",1
11544,MP:0002691,DISO,small stomach,1
11545,ZP:0011936,DISO,"intestine decreased process quality poly(A)+ mRNA export from nucleus, abnormal",1
11546,Coriell:GM01169,GENO,NIGMS-GM01169,4
11547,HP:0001700,DISO,Myocardial necrosis,1
11548,WBPhenotype:0002256,DISO,selenium response variant,1
11549,MP:0001973,DISO,increased thermal nociceptive threshold,1
11550,HP:0011611,DISO,Interrupted aortic arch,1
11551,WormBase:WBGene00017830,ORTH,rpb-8,5
11552,MP:0008582,DISO,short photoreceptor inner segment,1
11553,HP:0200146,DISO,Mucoid extracellular matrix accumulation,1
11554,HGNC:29441,GENE,KIF18A,3
11555,Xenbase:XB-GENE-971040,ORTH,cmc1,5
11556,HP:0005372,DISO,Abnormality of B cell physiology,1
11557,MP:0001602,DISO,impaired myelopoiesis,1
11558,MP:0003299,DISO,gastric polyps,1
11559,ENSEMBL:ENSECAG00000029999,ORTH,ENSEMBL:ENSECAG00000029999,5
11560,MGI:109152,ORTH,Lig3,5
11561,ENSEMBL:ENSGALG00000034413,ORTH,ENSEMBL:ENSGALG00000034413,5
11562,MP:0000239,DISO,absent common myeloid progenitor cells,1
11563,MONARCH:APO_0000224APO_0000003,GENO,RNA accumulation:decreased,4
11564,WBPhenotype:0000473,DISO,progressive paralysis,1
11565,ENSEMBL:ENSFCAG00000032566,ORTH,ENSEMBL:ENSFCAG00000032566,5
11566,MP:0004205,DISO,absent hyoid bone,1
11567,ENSEMBL:ENSPTRG00000010940,ORTH,ENSEMBL:ENSPTRG00000010940,5
11568,dbSNP:rs2298969,GENO,rs2298969-?,4
11569,MONARCH:APO_0000055APO_0000002,GENO,mitochondrial morphology:abnormal,4
11570,MONARCH:APO_0000259APO_0000250,GENO,cell cycle passage through the metaphase-anaphase transition:arrested,4
11571,HGNC:4897,GENE,HGS,3
11572,ENSEMBL:ENSECAG00000020187,ORTH,ENSEMBL:ENSECAG00000020187,5
11573,ENSEMBL:ENSRNOG00000061474,ORTH,ENSEMBL:ENSRNOG00000061474,5
11574,WBPhenotype:0001395,DISO,body vacuole,1
11575,ENSEMBL:ENSGALG00000011620,ORTH,AKT1,5
11576,MP:0001553,DISO,abnormal circulating free fatty acids level,1
11577,dbSNPIndividual:21488,GENO,46;XY;t(2;19)(2pter->2q23::19p12->19pter;&#x0D;&#x0A;2qter->2q23::19p12->19qter)[9]/46;XY[11] [GM04476],4
11578,MP:0010367,DISO,increased spindle cell carcinoma incidence,1
11579,ENSEMBL:ENSBTAG00000018879,ORTH,ZNF451,5
11580,MONARCH:APO_0000028APO_0000005,GENO,invasive growth:absent,4
11581,EFO:0004340,GENO,body mass index,4
11582,ZP:0008393,DISO,"adherens junction retina distributed, abnormal",1
11583,HP:0040171,DISO,Decreased serum testosterone concentration,1
11584,WBPhenotype:0000316,DISO,touch resistant tail,1
11585,MP:0008944,DISO,decreased sensitivity to induced cell death,1
11586,RGD:1308737,ORTH,Pias4,5
11587,ENSEMBL:ENSSSCG00000000765,ORTH,IL17RA,5
11588,MP:0008475,DISO,intermingled spleen red and white pulp,1
11589,ZFIN:ZDB-GENE-030131-274,ORTH,prpf40a,5
11590,HP:0000577,DISO,Exotropia,1
11591,ZFIN:ZDB-GENE-030131-8369,ORTH,aldoaa,5
11592,MP:0012143,DISO,decreased a-wave amplitude,1
11593,dictyBase:DDB_G0291848,GENO,csn3,4
11594,FlyBase:FBgn0034237,ORTH,eIF3b,5
11595,SGD:S000004889,ORTH,DSK2,5
11596,RGD:1310353,ORTH,Pex11b,5
11597,ZP:0009379,DISO,"swimming decreased process quality, abnormal",1
11598,RGD:1311862,ORTH,Mgrn1,5
11599,MONDO:0054573,DISO,Lopes-Maciel-Rodan syndrome,1
11600,dictyBase:DDB_G0274375,GENO,fba,4
11601,Xenbase:XB-GENE-488490,ORTH,taf4,5
11602,ZP:0001668,DISO,"neuromuscular junction development process quality, abnormal",1
11603,ZP:0001382,DISO,"retinal inner nuclear layer morphology, abnormal",1
11604,HP:0000517,DISO,Abnormality of the lens,1
11605,Xenbase:XB-GENE-487200,ORTH,ctnnb1,5
11606,ENSEMBL:ENSMMUG00000011511,ORTH,ENSEMBL:ENSMMUG00000011511,5
11607,ZFIN:ZDB-GENE-070705-22,ORTH,ftr85,5
11608,ZP:0000388,DISO,"dorso-rostral cluster absent, abnormal",1
11609,HP:0012244,DISO,Abnormal sex determination,1
11610,MONARCH:APO_0000240APO_0000003,GENO,mitophagy:decreased,4
11611,ENSEMBL:ENSMMUG00000053608,ORTH,ENSEMBL:ENSMMUG00000053608,5
11612,MGI:1321159,ORTH,Ppp2ca,5
11613,PomBase:SPBC2F12.13,GENO,klp5,4
11614,HP:0005102,DISO,Cochlear degeneration,1
11615,ENSEMBL:ENSCAFG00000019590,ORTH,ENSEMBL:ENSCAFG00000019590,5
11616,ENSEMBL:ENSECAG00000033152,ORTH,ENSEMBL:ENSECAG00000033152,5
11617,RGD:1309070,ORTH,Ctsa,5
11618,ENSEMBL:ENSSSCG00000022559,ORTH,USP14,5
11619,MP:0002883,DISO,chromatolysis,1
11620,dictyBase:DDB_G0276019,GENO,gefY,4
11621,ENSEMBL:ENSCAFG00000048499,ORTH,A0A5F4DFV3,5
11622,ENSEMBL:ENSPTRG00000008645,ORTH,ENSEMBL:ENSPTRG00000008645,5
11623,ZFIN:ZDB-GENE-030616-462,ORTH,ing5b,5
11624,WBPhenotype:0001317,DISO,evoked postsynaptic amplitude reduced,1
11625,dictyBase:DDB_G0349530,GENO,dictyBase:DDB_G0349530,4
11626,MP:0002824,DISO,abnormal chorioallantoic fusion,1
11627,MP:0000709,DISO,enlarged thymus,1
11628,ZP:0002182,DISO,"sprouting angiogenesis decreased process quality, abnormal",1
11629,MP:0000601,DISO,small liver,1
11630,RGD:1565734,ORTH,Ercc6l,5
11631,ENSEMBL:ENSCAFG00000012608,ORTH,ENSEMBL:ENSCAFG00000012608,5
11632,ENSEMBL:ENSACAG00000008195,ORTH,ENSEMBL:ENSACAG00000008195,5
11633,ENSEMBL:ENSPTRG00000006735,ORTH,ENSEMBL:ENSPTRG00000006735,5
11634,ENSEMBL:ENSBTAG00000053386,ORTH,RAB43,5
11635,ENSEMBL:ENSBTAG00000000560,ORTH,G3MXR5,5
11636,MP:0002717,DISO,abnormal male preputial gland morphology,1
11637,WBPhenotype:0000298,DISO,rays displaced,1
11638,WBPhenotype:0000605,DISO,reproductive system morphology variant,1
11639,MP:0004713,DISO,split notochord,1
11640,HP:0009381,DISO,Short finger,1
11641,WBPhenotype:0000688,DISO,sterile,1
11642,dictyBase:DDB_G0292160,GENO,DDB_G0292160,4
11643,ENSEMBL:ENSECAG00000014268,ORTH,ENSEMBL:ENSECAG00000014268,5
11644,ENSEMBL:ENSECAG00000009005,ORTH,ENSEMBL:ENSECAG00000009005,5
11645,ENSEMBL:ENSACAG00000010833,ORTH,ENSEMBL:ENSACAG00000010833,5
11646,ZP:0106515,DISO,"cardiac muscle cell cardiac ventricle condensed, abnormal",1
11647,HP:0011001,DISO,Increased bone mineral density,1
11648,ZP:0003361,DISO,"cell notochord circular, abnormal",1
11649,FlyBase:FBgn0003134,ORTH,Pp1alpha-96A,5
11650,HP:0001770,DISO,Toe syndactyly,1
11651,ENSEMBL:ENSCAFG00000018639,ORTH,PTPRM,5
11652,ENSEMBL:ENSECAG00000012882,ORTH,ENSEMBL:ENSECAG00000012882,5
11653,MP:0008536,DISO,enlarged third ventricle,1
11654,ENSEMBL:ENSSSCG00000041972,ORTH,ENSEMBL:ENSSSCG00000041972,5
11655,RGD:1306661,ORTH,Chuk,5
11656,ZP:0138136,DISO,"regulation of heart contraction decreased process quality, abnormal",1
11657,ZFIN:ZDB-GENE-121214-31,ORTH,hspa8b,5
11658,ENSEMBL:ENSACAG00000011520,ORTH,ENSEMBL:ENSACAG00000011520,5
11659,FlyBase:FBgn0023458,ORTH,Rbcn-3A,5
11660,ENSEMBL:ENSOANG00000041099,ORTH,ENSEMBL:ENSOANG00000041099,5
11661,ENSEMBL:ENSECAG00000013877,ORTH,ENSEMBL:ENSECAG00000013877,5
11662,MP:0009343,DISO,dilated gallbladder,1
11663,MP:0002652,DISO,thin myocardium,1
11664,MP:0002116,DISO,abnormal craniofacial bone morphology,1
11665,WBPhenotype:0000703,DISO,epithelial morphology variant,1
11666,dictyBase:DDB_G0270188,GENO,psmD6,4
11667,dictyBase:DDB_G0279179,GENO,DDB0218154,4
11668,dictyBase:DDB_G0287729,GENO,DDB0187596,4
11669,RGD:621353,ORTH,Cltb,5
11670,MP:0006104,DISO,abnormal tectum morphology,1
11671,HP:0002720,DISO,Decreased circulating IgA level,1
11672,ZP:0138431,DISO,"retinal pigmented epithelium incomplete structure, abnormal",1
11673,MP:0010067,DISO,increased red blood cell distribution width,1
11674,ZP:0019156,DISO,"Golgi apparatus eye photoreceptor cell swollen, abnormal",1
11675,ENSEMBL:ENSOANG00000003698,ORTH,ENSEMBL:ENSOANG00000003698,5
11676,MP:0005095,DISO,decreased T cell proliferation,1
11677,MP:0003202,DISO,abnormal neuron apoptosis,1
11678,MP:0003799,DISO,impaired macrophage chemotaxis,1
11679,RGD:2025,ORTH,Acta1,5
11680,HP:0040013,DISO,Decreased mitochondrial number,1
11681,ENSEMBL:ENSOANG00000006849,ORTH,ENSEMBL:ENSOANG00000006849,5
11682,Coriell:GM02172,GENO,NIGMS-GM02172,4
11683,ZFIN:ZDB-GENE-060421-4235,ORTH,zgc:136929,5
11684,HP:0004944,DISO,Dilatation of the cerebral artery,1
11685,ZP:0000268,DISO,"symplectic decreased size, abnormal",1
11686,HGNC:9558,GENE,PSMD13,3
11687,MP:0009361,DISO,abnormal primordial ovarian follicle morphology,1
11688,FBcv:0000424,DISO,abnormal cell death,1
11689,FlyBase:FBgn0003462,ORTH,Sod1,5
11690,ENSEMBL:ENSGALG00000001572,ORTH,ENSEMBL:ENSGALG00000001572,5
11691,ENSEMBL:ENSACAG00000009127,ORTH,ENSEMBL:ENSACAG00000009127,5
11692,ENSEMBL:ENSCAFG00000019201,ORTH,MGRN1,5
11693,ENSEMBL:ENSBTAG00000033167,ORTH,ENSEMBL:ENSBTAG00000033167,5
11694,MP:0004268,DISO,abnormal optic stalk morphology,1
11695,ZP:0019454,DISO,"brain absent, abnormal",1
11696,MGI:2447811,ORTH,Aldoart1,5
11697,ENSEMBL:ENSCAFG00000001433,ORTH,ENSEMBL:ENSCAFG00000001433,5
11698,ENSEMBL:ENSPTRG00000017327,ORTH,ENSEMBL:ENSPTRG00000017327,5
11699,ENSEMBL:ENSMMUG00000015302,ORTH,ENSEMBL:ENSMMUG00000015302,5
11700,MONARCH:APO_0000144APO_0000003,GENO,telomere length:decreased,4
11701,MGI:3040680,ORTH,BC048507,5
11702,MGI:5432178,ORTH,Gt(ROSA)26Sor<tm50(HTT)Arte>/Gt(ROSA)26Sor<+> [Not Specified],5
11703,WBPhenotype:0001657,DISO,cell junction variant,1
11704,HP:0012091,DISO,Abnormality of pancreas physiology,1
11705,MP:0010349,DISO,increased teratocarcinoma incidence,1
11706,MP:0030191,DISO,narrow snout,1
11707,MP:0003988,DISO,disorganized embryonic tissue,1
11708,ENSEMBL:ENSMODG00000044974,ORTH,ENSEMBL:ENSMODG00000044974,5
11709,MP:0008508,DISO,thick retinal ganglion layer,1
11710,MP:0001672,DISO,abnormal embryo development,1
11711,ZP:0011821,DISO,"endocytosis decreased process quality, abnormal",1
11712,ENSEMBL:ENSECAG00000024535,ORTH,ENSEMBL:ENSECAG00000024535,5
11713,ENSEMBL:ENSMODG00000012080,ORTH,ENSEMBL:ENSMODG00000012080,5
11714,MP:0001689,DISO,incomplete somite formation,1
11715,MGI:95933,ORTH,H2-Q4,5
11716,MGI:1201685,ORTH,Ctbp1,5
11717,HP:0007230,DISO,Decreased distal sensory nerve action potential,1
11718,ENSEMBL:ENSACAG00000010060,ORTH,ENSEMBL:ENSACAG00000010060,5
11719,MP:0002837,DISO,dystrophic cardiac calcinosis,1
11720,WormBase:WBGene00004303,ORTH,ran-2,5
11721,ZP:0017705,DISO,"swimming increased process quality, abnormal",1
11722,MP:0003043,DISO,hypoalgesia,1
11723,ENSEMBL:ENSMODG00000001059,ORTH,ENSEMBL:ENSMODG00000001059,5
11724,MGI:1861699,ORTH,Htt<tm3Mem>,5
11725,HGNC:14651,GENE,PPIH,3
11726,HGNC:6628,GENE,LLGL1,3
11727,ENSEMBL:ENSOANG00000051140,ORTH,ENSEMBL:ENSOANG00000051140,5
11728,ZFIN:ZDB-GENE-040426-2326,ORTH,nup58,5
11729,MP:0009117,DISO,abnormal white fat cell morphology,1
11730,ENSEMBL:ENSMODG00000010645,ORTH,ENSEMBL:ENSMODG00000010645,5
11731,MGI:1098230,ORTH,Cenpe,5
11732,ENSEMBL:ENSMMUG00000020700,ORTH,ENSEMBL:ENSMMUG00000020700,5
11733,SGD:S000000935,ORTH,GLC7,5
11734,Xenbase:XB-GENE-1004249,ORTH,ing5,5
11735,MGI:1917606,ORTH,St13,5
11736,ENSEMBL:ENSECAG00000007134,ORTH,ENSEMBL:ENSECAG00000007134,5
11737,WBPhenotype:0002293,DISO,body posture amplitude increased,1
11738,ZP:0002713,DISO,"trunk musculature disorganized, abnormal",1
11739,ZP:0001463,DISO,"epiboly involved in gastrulation with mouth forming second arrested, abnormal",1
11740,HP:0000010,DISO,Recurrent urinary tract infections,1
11741,SGD:S000000004,ORTH,SSA1,5
11742,ENSEMBL:ENSOANG00000046189,ORTH,ENSEMBL:ENSOANG00000046189,5
11743,WBPhenotype:0001150,DISO,polar body reabsorbed one two early emb,1
11744,FlyBase:FBgn0040078,ORTH,pont,5
11745,MP:0000438,DISO,abnormal cranium morphology,1
11746,EnsemblGenome:AT4G37010,ORTH,EnsemblGenome:AT4G37010,5
11747,WormBase:WBGene00001684,ORTH,gpd-2,5
11748,RGD:708376,ORTH,Psmc5,5
11749,FlyBase:FBgn0036004,ORTH,Jarid2,5
11750,dictyBase:DDB_G0285703,GENO,hipA,4
11751,Xenbase:XB-GENE-493040,ORTH,hap1,5
11752,ENSEMBL:ENSMMUG00000023620,ORTH,ENSEMBL:ENSMMUG00000023620,5
11753,ZP:0130890,DISO,"olfactory placode process quality cilium assembly, abnormal",1
11754,Xenbase:XB-GENE-999865,ORTH,kif23,5
11755,MP:0013894,DISO,abnormal behavioral response to amphetamine,1
11756,ENSEMBL:ENSOANG00000010366,ORTH,ENSEMBL:ENSOANG00000010366,5
11757,ZP:0003998,DISO,"cerebellum disorganized, abnormal",1
11758,FlyBase:FBgn0036505,ORTH,CG7945,5
11759,ENSEMBL:ENSPTRG00000007076,ORTH,ENSEMBL:ENSPTRG00000007076,5
11760,HP:0011471,DISO,Gastrostomy tube feeding in infancy,1
11761,ZP:0011823,DISO,"shield absent, abnormal",1
11762,MP:0001713,DISO,decreased trophoblast giant cell number,1
11763,ZP:0003338,DISO,"photoreceptor outer segment eye photoreceptor cell decreased length, abnormal",1
11764,ENSEMBL:ENSCAFG00000002103,ORTH,J9P6C4,5
11765,WBPhenotype:0002155,DISO,pre miRNA processing defective,1
11766,ENSEMBL:ENSPTRG00000047504,ORTH,ENSEMBL:ENSPTRG00000047504,5
11767,dictyBase:DDB_G0280565,GENO,dictyBase:DDB_G0280565,4
11768,ZP:0002606,DISO,"post-vent region curled, abnormal",1
11769,MGI:1276526,ORTH,H2-M10.5,5
11770,HP:0200016,DISO,Acrokeratosis,1
11771,ENSEMBL:ENSMODG00000008639,ORTH,ENSEMBL:ENSMODG00000008639,5
11772,Xenbase:XB-GENE-974377,ORTH,eif3i,5
11773,dictyBase:DDB_G0283597,GENO,eif3B,4
11774,MP:0013975,DISO,abnormal coronary sinus connection,1
11775,ZP:0012015,DISO,"skeletal muscle myofibril skeletal muscle cell broken, abnormal",1
11776,FlyBase:FBgn0050382,ORTH,Prosalpha1R,5
11777,MGI:1913125,ORTH,Pias1,5
11778,HP:0005280,DISO,Depressed nasal bridge,1
11779,MP:0003119,DISO,abnormal digestive system development,1
11780,ENSEMBL:ENSECAG00000013864,ORTH,ENSEMBL:ENSECAG00000013864,5
11781,ENSEMBL:ENSCAFG00000007288,ORTH,CRYL1,5
11782,ZP:0005468,DISO,"sensory perception of sound decreased process quality, abnormal",1
11783,RGD:1562692,ORTH,Atxn7,5
11784,ZP:0002351,DISO,"optic fissure open, abnormal",1
11785,MP:0000180,DISO,abnormal circulating cholesterol level,1
11786,EFO:0007040,GENO,blood lead measurement,4
11787,ENSEMBL:ENSBTAG00000006756,ORTH,MATR3,5
11788,MONARCH:APO_0000024APO_0000002,GENO,budding:abnormal,4
11789,HP:0100732,DISO,Pancreatic fibrosis,1
11790,WormBase:WBGene00006536,ORTH,tbb-1,5
11791,ENSEMBL:ENSOANG00000003658,ORTH,ENSEMBL:ENSOANG00000003658,5
11792,ENSEMBL:ENSSSCG00000021005,ORTH,UBQLN1,5
11793,WBPhenotype:0000220,DISO,vulva cell fate specification variant,1
11794,ENSEMBL:ENSBTAG00000002563,ORTH,ENSEMBL:ENSBTAG00000002563,5
11795,ENSEMBL:ENSRNOG00000028958,ORTH,A0A0G2K8S2,5
11796,MONARCH:APO_0000098APO_0000005,GENO,utilization of carbon source:absent,4
11797,ZP:0011577,DISO,"intersegmental vein increased amount, abnormal",1
11798,ZFIN:ZDB-GENE-030131-9112,ORTH,nbr1a,5
11799,SGD:S000003827,ORTH,TOR1,5
11800,ENSEMBL:ENSCAFG00000017823,ORTH,A0A5F4D0Q5,5
11801,FlyBase:FBgn0032474,ORTH,DnaJ-H,5
11802,ENSEMBL:ENSPTRG00000021756,ORTH,ENSEMBL:ENSPTRG00000021756,5
11803,ENSEMBL:ENSECAG00000019052,ORTH,ENSEMBL:ENSECAG00000019052,5
11804,ENSEMBL:ENSPTRG00000022819,ORTH,ENSEMBL:ENSPTRG00000022819,5
11805,MP:0008782,DISO,increased B cell apoptosis,1
11806,MGI:1917729,ORTH,Snx21,5
11807,Xenbase:XB-GENE-968731,ORTH,rnf31,5
11808,EnsemblGenome:BAE77332,ORTH,EnsemblGenome:BAE77332,5
11809,dictyBase:DDB_G0290233,GENO,mgp1,4
11810,HP:0004414,DISO,Abnormality of the pulmonary artery,1
11811,dictyBase:DDB_G0278159,GENO,pssA,4
11812,ENSEMBL:ENSSSCG00000009945,ORTH,ENSEMBL:ENSSSCG00000009945,5
11813,ZP:0010090,DISO,"olfactory receptor cell olfactory placode absent, abnormal",1
11814,Coriell:GM04860,GENO,NIGMS-GM04860,4
11815,MP:0002861,DISO,abnormal tail bud morphology,1
11816,ENSEMBL:ENSECAG00000001106,ORTH,ENSEMBL:ENSECAG00000001106,5
11817,ZFIN:ZDB-GENE-031001-3,ORTH,hsp90aa1.2,5
11818,ENSEMBL:ENSGALG00000031284,ORTH,ENSEMBL:ENSGALG00000031284,5
11819,MP:0003123,DISO,paternal imprinting,1
11820,ENSEMBL:ENSMMUG00000005302,ORTH,ENSEMBL:ENSMMUG00000005302,5
11821,HP:0000708,DISO,Behavioral abnormality,1
11822,EFO:0007006,GENO,depressive symptom measurement,4
11823,RGD:620401,ORTH,Bdkrb1,5
11824,ENSEMBL:ENSGALG00000053517,ORTH,ENSEMBL:ENSGALG00000053517,5
11825,HP:0002751,DISO,Kyphoscoliosis,1
11826,MONARCH:APO_0000100APO_0000245,GENO,nutrient uptake:decreased rate,4
11827,ZP:0004284,DISO,"cranial nerve II misrouted, abnormal",1
11828,ZP:0001506,DISO,"whole organism refractivity, abnormal",1
11829,RGD:6489991,ORTH,Hoxc11,5
11830,ENSEMBL:ENSCAFG00000030530,ORTH,ENSEMBL:ENSCAFG00000030530,5
11831,MP:0005504,DISO,abnormal ligament morphology,1
11832,ENSEMBL:ENSGALG00000042051,ORTH,SETD2,5
11833,ZP:0105996,DISO,"central artery decreased occurrence angiogenesis, abnormal",1
11834,ZP:0008392,DISO,"adherens junction retina increased size, abnormal",1
11835,ENSEMBL:ENSMODG00000020264,ORTH,ENSEMBL:ENSMODG00000020264,5
11836,FBcv:0000363,DISO,increased cell size,1
11837,ZP:0001016,DISO,"eye development disrupted, abnormal",1
11838,ZP:0101821,DISO,"retina decreased occurrence Notch signaling pathway, abnormal",1
11839,HGNC:26068,GENE,LAMTOR1,3
11840,MP:0009421,DISO,increased gastrocnemius weight,1
11841,HP:0002885,DISO,Medulloblastoma,1
11842,WormBase:WBGene00004809,ORTH,skr-3,5
11843,Coriell:GM06773,GENO,NIGMS-GM06773,4
11844,ENSEMBL:ENSFCAG00000039013,ORTH,ENSEMBL:ENSFCAG00000039013,5
11845,ENSEMBL:ENSGALG00000006512,ORTH,HSPA8,5
11846,Xenbase:XB-GENE-494969,ORTH,rasd2,5
11847,ZP:0100482,DISO,"midbrain hindbrain boundary neural rod absent, abnormal",1
11848,ZP:0000528,DISO,"cardiac ventricle decreased size, abnormal",1
11849,WBPhenotype:0001597,DISO,muscle missing,1
11850,MP:0006257,DISO,abnormal fungiform papillae morphology,1
11851,MP:0009415,DISO,skeletal muscle degeneration,1
11852,WormBase:WBGene00017159,ORTH,F01F1.2,5
11853,PomBase:SPBC12C2.10c,GENO,pst1,4
11854,ZP:0009073,DISO,"neuronal cell body rhombomere 7 mislocalised, abnormal",1
11855,MP:0001239,DISO,abnormal epidermis stratum granulosum morphology,1
11856,HP:0000687,DISO,Widely spaced teeth,1
11857,MP:0002066,DISO,abnormal motor capabilities/coordination/movement,1
11858,ENSEMBL:ENSMMUG00000020109,ORTH,ENSEMBL:ENSMMUG00000020109,5
11859,WBPhenotype:0002312,DISO,turning frequency variant,1
11860,HP:0040006,DISO,Mortality/Aging,1
11861,MGI:3043476,ORTH,Htt<tm2Detl>/Htt<tm2Detl> [involves: 129P2/OlaHsd * C57BL/6J],5
11862,ENSEMBL:ENSXETG00000012424,ORTH,lipt1,5
11863,ENSEMBL:ENSMMUG00000015653,ORTH,ENSEMBL:ENSMMUG00000015653,5
11864,ENSEMBL:ENSPTRG00000043794,ORTH,ENSEMBL:ENSPTRG00000043794,5
11865,PomBase:SPAC328.05,GENO,hrb1,4
11866,dictyBase:DDB_G0273399,GENO,MIP1,4
11867,ENSEMBL:ENSFCAG00000018624,ORTH,ENSEMBL:ENSFCAG00000018624,5
11868,MP:0005431,DISO,decreased oocyte number,1
11869,RGD:1564836,ORTH,RGD1564836,5
11870,ZP:0006350,DISO,"chondrocyte deformed, abnormal",1
11871,FlyBase:FBgn0000117,ORTH,arm,5
11872,SGD:S000005398,ORTH,PRE6,5
11873,WBPhenotype:0000717,DISO,gene expression variant,1
11874,HP:0002505,DISO,Progressive inability to walk,1
11875,ENSEMBL:ENSOANG00000013750,ORTH,ENSEMBL:ENSOANG00000013750,5
11876,ENSEMBL:ENSSSCG00000024109,ORTH,BDH1,5
11877,ENSEMBL:ENSFCAG00000000686,ORTH,ENSEMBL:ENSFCAG00000000686,5
11878,ENSEMBL:ENSFCAG00000011298,ORTH,ENSEMBL:ENSFCAG00000011298,5
11879,MP:0010378,DISO,increased respiratory quotient,1
11880,MGI:1919258,ORTH,Zfyve19,5
11881,HP:0031589,DISO,Suicidal ideation,1
11882,Xenbase:XB-GENE-941851,ORTH,map1lc3a,5
11883,WormBase:WBGene00007008,ORTH,rfp-1,5
11884,ENSEMBL:ENSFCAG00000001625,ORTH,ENSEMBL:ENSFCAG00000001625,5
11885,ENSEMBL:ENSPTRG00000044358,ORTH,ENSEMBL:ENSPTRG00000044358,5
11886,MP:0009142,DISO,decreased prepulse inhibition,1
11887,dictyBase:DDB_G0290217,GENO,glb1,4
11888,ENSEMBL:ENSACAG00000000242,ORTH,ENSEMBL:ENSACAG00000000242,5
11889,MP:0000116,DISO,abnormal tooth development,1
11890,MP:0006404,DISO,abnormal lumbar dorsal root ganglion morphology,1
11891,Xenbase:XB-GENE-494584,ORTH,mid1,5
11892,ZP:0019006,DISO,"pronephric distal late tubule decreased distribution, abnormal",1
11893,ENSEMBL:ENSMMUG00000021091,ORTH,ENSEMBL:ENSMMUG00000021091,5
11894,ZP:0106833,DISO,"floor plate increased amount, abnormal",1
11895,MP:0004783,DISO,abnormal cardinal vein morphology,1
11896,ENSEMBL:ENSMODG00000008558,ORTH,ENSEMBL:ENSMODG00000008558,5
11897,PomBase:SPCC830.07c,GENO,psi1,4
11898,MGI:3813482,ORTH,Tg(Ppp1r1b-HTT*)1Meeh [C57BL/6J-Tg(Ppp1r1b-HTT*)1Meeh],5
11899,ZP:0007333,DISO,"neuromast hair cell absent, abnormal",1
11900,ZP:0018604,DISO,"hindbrain lacks parts or has fewer parts of type Mauthner neuron, abnormal",1
11901,MP:0003908,DISO,decreased stereotypic behavior,1
11902,ENSEMBL:ENSPTRG00000003073,ORTH,ENSEMBL:ENSPTRG00000003073,5
11903,FlyBase:FBgn0003557,ORTH,Su(dx),5
11904,MP:0003088,DISO,abnormal prepulse inhibition,1
11905,MP:0002086,DISO,abnormal extraembryonic tissue morphology,1
11906,ENSEMBL:ENSXETG00000030031,ORTH,ENSEMBL:ENSXETG00000030031,5
11907,ENSEMBL:ENSECAG00000022845,ORTH,ENSEMBL:ENSECAG00000022845,5
11908,ENSEMBL:ENSMMUG00000020179,ORTH,ENSEMBL:ENSMMUG00000020179,5
11909,WBPhenotype:0000398,DISO,light body touch resistant,1
11910,ENSEMBL:ENSCAFG00000032609,ORTH,ENSEMBL:ENSCAFG00000032609,5
11911,ENSEMBL:ENSCAFG00000003548,ORTH,ENSEMBL:ENSCAFG00000003548,5
11912,ENSEMBL:ENSSSCG00000022725,ORTH,ENSEMBL:ENSSSCG00000022725,5
11913,ENSEMBL:ENSBTAG00000054943,ORTH,ENSEMBL:ENSBTAG00000054943,5
11914,ZP:0137231,DISO,"neuromuscular junction of skeletal muscle fiber CaP motoneuron increased width, abnormal",1
11915,WormBase:WBGene00219376,ORTH,C28G1.10,5
11916,HP:0001699,DISO,Sudden death,1
11917,Xenbase:XB-GENE-6033591,ORTH,zscan2,5
11918,HP:0012378,DISO,Fatigue,1
11919,ENSEMBL:ENSBTAG00000049584,ORTH,ENSEMBL:ENSBTAG00000049584,5
11920,ZP:0001323,DISO,"brain development disrupted, abnormal",1
11921,WBPhenotype:0001792,DISO,nuclei small,1
11922,HP:0005109,DISO,Abnormality of the Achilles tendon,1
11923,ENSEMBL:ENSCAFG00000019712,ORTH,UBAC1,5
11924,HP:0004467,DISO,Preauricular pit,1
11925,HP:0000139,DISO,Uterine prolapse,1
11926,ENSEMBL:ENSSSCG00000035676,ORTH,G3BP1,5
11927,MONARCH:APO_0000053APO_0000002,GENO,cell wall morphology:abnormal,4
11928,MP:0000321,DISO,increased bone marrow cell number,1
11929,ZP:0006859,DISO,"developmental growth process quality, abnormal",1
11930,ZP:0010888,DISO,"eye increased process quality apoptotic process, abnormal",1
11931,MP:0005620,DISO,abnormal muscle contractility,1
11932,dictyBase:DDB_G0271812,GENO,DDB0216913,4
11933,Xenbase:XB-GENE-482797,ORTH,casp6,5
11934,HGNC:18417,GENE,H2AP,3
11935,ENSEMBL:ENSPTRG00000009515,ORTH,ENSEMBL:ENSPTRG00000009515,5
11936,ENSEMBL:ENSGALG00000009450,ORTH,DUSP10,5
11937,Coriell:GM04798,GENO,NIGMS-GM04798,4
11938,ZP:0006328,DISO,"neural tube distended, abnormal",1
11939,ZFIN:ZDB-GENE-040426-2204,ORTH,sqstm1,5
11940,MP:0005031,DISO,abnormal trophoblast layer morphology,1
11941,ENSEMBL:ENSPTRG00000019057,ORTH,ENSEMBL:ENSPTRG00000019057,5
11942,ZP:0002428,DISO,"embryo development process quality, abnormal",1
11943,MONARCH:APO_0000269APO_0000246,GENO,cell cycle progression through the G1/S phase transition:increased rate,4
11944,5210,DRUG,olmutinib,2
11945,MP:0002498,DISO,abnormal acute inflammation,1
11946,MP:0008702,DISO,increased interleukin-5 secretion,1
11947,ENSEMBL:ENSMODG00000025192,ORTH,ENSEMBL:ENSMODG00000025192,5
11948,SGD:S000002844,ORTH,PPZ2,5
11949,Xenbase:XB-GENE-977282,ORTH,acat1,5
11950,HP:0000096,DISO,Glomerular sclerosis,1
11951,MP:0009339,DISO,decreased splenocyte number,1
11952,ENSEMBL:ENSFCAG00000045915,ORTH,ENSEMBL:ENSFCAG00000045915,5
11953,ENSEMBL:ENSOANG00000013803,ORTH,ENSEMBL:ENSOANG00000013803,5
11954,EFO:0005670,GENO,smoking initiation,4
11955,WBPhenotype:0000228,DISO,spontaneous mutation rate increased,1
11956,ZP:0005775,DISO,"EVL moderately well differentiated, abnormal",1
11957,MP:0000351,DISO,increased cell proliferation,1
11958,ENSEMBL:ENSFCAG00000032144,ORTH,ENSEMBL:ENSFCAG00000032144,5
11959,ZP:0019150,DISO,"eye photoreceptor cell accumulation photoreceptor inner segment vacuole eye photoreceptor cell, abnormal",1
11960,ENSEMBL:ENSBTAG00000003307,ORTH,ENSEMBL:ENSBTAG00000003307,5
11961,ENSEMBL:ENSOANG00000012685,ORTH,ENSEMBL:ENSOANG00000012685,5
11962,MP:0005317,DISO,increased triglyceride level,1
11963,MP:0013415,DISO,increased myeloid cell number in bone marrow,1
11964,ENSEMBL:ENSMODG00000000765,ORTH,ENSEMBL:ENSMODG00000000765,5
11965,ZFIN:ZDB-GENE-101108-4,ORTH,ptprmb,5
11966,dictyBase:DDB_G0279193,GENO,polr2a,4
11967,ENSEMBL:ENSMMUG00000012601,ORTH,ENSEMBL:ENSMMUG00000012601,5
11968,ZP:0001432,DISO,"whole organism morphology, abnormal",1
11969,MP:0008402,DISO,increased cellular sensitivity to alkylating agents,1
11970,ZP:0019272,DISO,"pronephric nephron tubule epithelial cell differentiation process quality, abnormal",1
11971,ENSEMBL:ENSMMUG00000000798,ORTH,ENSEMBL:ENSMMUG00000000798,5
11972,HGNC:10067,GENE,RNF4,3
11973,MGI:2159601,ORTH,Syt12,5
11974,HP:0000368,DISO,"Low-set, posteriorly rotated ears",1
11975,HP:0002269,DISO,Abnormality of neuronal migration,1
11976,Coriell:GM04213,GENO,NIGMS-GM04213,4
11977,MONARCH:APO_0000276APO_0000003,GENO,prion formation:decreased,4
11978,PomBase:SPBC947.02,GENO,apl2,4
11979,HP:0025512,DISO,Skin-colored papule,1
11980,MP:0001783,DISO,decreased white adipose tissue amount,1
11981,MP:0001135,DISO,abnormal uterine cervix morphology,1
11982,MGI:95937,ORTH,H2-Q8,5
11983,HGNC:4932,GENE,HLA-B,3
11984,MP:0001684,DISO,abnormal axial mesoderm morphology,1
11985,ENSEMBL:ENSECAG00000020965,ORTH,ENSEMBL:ENSECAG00000020965,5
11986,PomBase:SPAC6G9.08,GENO,ubp6,4
11987,MP:0010155,DISO,abnormal intestine physiology,1
11988,WBPhenotype:0002010,DISO,protein turnover variant,1
11989,WBPhenotype:0000354,DISO,cell differentiation variant,1
11990,ZP:0013279,DISO,"phototaxis process quality, abnormal",1
11991,ENSEMBL:ENSECAG00000007301,ORTH,ENSEMBL:ENSECAG00000007301,5
11992,ENSEMBL:ENSGALG00000004557,ORTH,ENSEMBL:ENSGALG00000004557,5
11993,MP:0030302,DISO,abnormal maxillary zygomatic process morphology,1
11994,HP:0011096,DISO,Peripheral demyelination,1
11995,Xenbase:XB-GENE-6455449,ORTH,ptdss1,5
11996,MONARCH:APO_0000131APO_0000002,GENO,protein/peptide modification:abnormal,4
11997,MP:0001332,DISO,abnormal optic nerve innervation,1
11998,ENSEMBL:ENSOANG00000043454,ORTH,ENSEMBL:ENSOANG00000043454,5
11999,WBPhenotype:0000827,DISO,V lineages variant,1
12000,ZFIN:ZDB-GENE-030131-5735,ORTH,traf6,5
12001,HP:0100257,DISO,Ectrodactyly,1
12002,ENSEMBL:ENSMODG00000017540,ORTH,ENSEMBL:ENSMODG00000017540,5
12003,MONARCH:APO_0000310APO_0000252,GENO,growth in exponential phase:normal rate,4
12004,SGD:S000002409,ORTH,YRB1,5
12005,MGI:1345634,ORTH,Amfr,5
12006,ENSEMBL:ENSPTRG00000049813,ORTH,ENSEMBL:ENSPTRG00000049813,5
12007,MP:0005491,DISO,pancreatic islet hyperplasia,1
12008,ENSEMBL:ENSMMUG00000007842,ORTH,ENSEMBL:ENSMMUG00000007842,5
12009,HGNC:6836,GENE,MAP1B,3
12010,FlyBase:FBgn0053513,ORTH,Nmdar2,5
12011,MGI:1913435,ORTH,Virma,5
12012,ENSEMBL:ENSECAG00000022480,ORTH,ENSEMBL:ENSECAG00000022480,5
12013,ENSEMBL:ENSFCAG00000024198,ORTH,ENSEMBL:ENSFCAG00000024198,5
12014,ENSEMBL:ENSOANG00000014734,ORTH,ENSEMBL:ENSOANG00000014734,5
12015,ENSEMBL:ENSBTAG00000009960,ORTH,ENSEMBL:ENSBTAG00000009960,5
12016,WormBase:WBGene00004768,ORTH,sel-11,5
12017,ENSEMBL:ENSMMUG00000001739,ORTH,ENSEMBL:ENSMMUG00000001739,5
12018,ENSEMBL:ENSCAFG00000018930,ORTH,GIT1,5
12019,MP:0010802,DISO,abnormal intestinal enteroendocrine cell morphology,1
12020,ZFIN:ZDB-GENE-040426-702,ORTH,atp2a2a,5
12021,MP:0010160,DISO,increased oligodendrocyte number,1
12022,HP:0003470,DISO,Paralysis,1
12023,ENSEMBL:ENSMODG00000015317,ORTH,ENSEMBL:ENSMODG00000015317,5
12024,HP:0002442,DISO,Dyscalculia,1
12025,ENSEMBL:ENSPTRG00000010732,ORTH,ENSEMBL:ENSPTRG00000010732,5
12026,ENSEMBL:ENSGALG00000042895,ORTH,BCAR1,5
12027,ENSEMBL:ENSECAG00000002380,ORTH,ENSEMBL:ENSECAG00000002380,5
12028,ENSEMBL:ENSCAFG00000010962,ORTH,DPYSL4,5
12029,ZP:0003340,DISO,"axoneme eye photoreceptor cell decreased length, abnormal",1
12030,HP:0001714,DISO,Ventricular hypertrophy,1
12031,MP:0012349,DISO,increased susceptibility to induction of seizure by inducing agent,1
12032,ZP:0138132,DISO,"skeletal muscle increased process quality TOR signaling, abnormal",1
12033,ENSEMBL:ENSBTAG00000045839,ORTH,G3N2K6,5
12034,ENSEMBL:ENSPTRG00000021656,ORTH,ENSEMBL:ENSPTRG00000021656,5
12035,ENSEMBL:ENSFCAG00000030009,ORTH,ENSEMBL:ENSFCAG00000030009,5
12036,MP:0012467,DISO,increased striatum size,1
12037,ENSEMBL:ENSMODG00000009386,ORTH,ENSEMBL:ENSMODG00000009386,5
12038,dictyBase:DDB_G0293752,GENO,psmD2,4
12039,ENSEMBL:ENSMODG00000005505,ORTH,ENSEMBL:ENSMODG00000005505,5
12040,Xenbase:XB-GENE-480628,ORTH,traf6,5
12041,WormBase:WBGene00018135,ORTH,F37A4.5,5
12042,MGI:5292519,ORTH,Zdhhc17<Gt(RRJ233)Byg>/Zdhhc17<Gt(RRJ233)Byg> [FVB.129P2-Zdhhc17<Gt(RRJ233)Byg>],5
12043,NCBIGene:110438919,GENE,LOC110438919,3
12044,HGNC:10857,GENE,SIAH1,3
12045,ENSEMBL:ENSBTAG00000008110,ORTH,ENSEMBL:ENSBTAG00000008110,5
12046,WBPhenotype:0000695,DISO,vulva morphology variant,1
12047,ZP:0001461,DISO,"somite U-shaped, abnormal",1
12048,HP:0000321,DISO,Square face,1
12049,HGNC:7852,GENE,NME4,3
12050,HP:0000938,DISO,Osteopenia,1
12051,HP:0009890,DISO,High anterior hairline,1
12052,ZP:0011355,DISO,"axon retinal ganglion cell physical object quality, abnormal",1
12053,EnsemblGenome:AT1G04820,ORTH,EnsemblGenome:AT1G04820,5
12054,FlyBase:FBgn0033051,ORTH,Strica,5
12055,MP:0005452,DISO,abnormal adipose tissue amount,1
12056,ZFIN:ZDB-GENE-050327-59,ORTH,eif4e2,5
12057,ZP:0002100,DISO,"cranial cartilage morphology, abnormal",1
12058,HGNC:13744,GENE,HERPUD1,3
12059,ENSEMBL:ENSFCAG00000045670,ORTH,ENSEMBL:ENSFCAG00000045670,5
12060,HP:0001332,DISO,Dystonia,1
12061,ENSEMBL:ENSBTAG00000001028,ORTH,MAP6,5
12062,WBPhenotype:0000062,DISO,lethal,1
12063,ENSEMBL:ENSCAFG00000005712,ORTH,ZDHHC17,5
12064,ZP:0000938,DISO,"swimming behavior decreased duration, abnormal",1
12065,FlyBase:FBgn0036260,ORTH,Rh7,5
12066,ENSEMBL:ENSCAFG00000000444,ORTH,FLOT1,5
12067,MP:0009219,DISO,increased prostate intraepithelial neoplasia incidence,1
12068,MP:0002703,DISO,abnormal renal tubule morphology,1
12069,WormBase:WBGene00004467,ORTH,rpn-11,5
12070,ENSEMBL:ENSFCAG00000031545,ORTH,ENSEMBL:ENSFCAG00000031545,5
12071,ZP:0002761,DISO,"brain structure, abnormal",1
12072,MP:0004860,DISO,dilated kidney collecting duct,1
12073,ENSEMBL:ENSMODG00000019147,ORTH,ENSEMBL:ENSMODG00000019147,5
12074,ENSEMBL:ENSFCAG00000024999,ORTH,ENSEMBL:ENSFCAG00000024999,5
12075,MP:0004791,DISO,absent lower incisors,1
12076,WBPhenotype:0001969,DISO,germ cell compartment morphology variant,1
12077,EFO:0004530,GENO,triglyceride measurement,4
12078,ZP:0009074,DISO,"neuronal cell body rhombomere 4 mislocalised, abnormal",1
12079,HP:0011991,DISO,Abnormal neutrophil count,1
12080,SGD:S000002817,ORTH,SIZ1,5
12081,ENSEMBL:ENSCAFG00000010627,ORTH,RASSF1,5
12082,Xenbase:XB-GENE-984815,ORTH,gga1,5
12083,MP:0006294,DISO,absent optic vesicle,1
12084,HGNC:19353,GENE,SIN3A,3
12085,ENSEMBL:ENSECAG00000009633,ORTH,ENSEMBL:ENSECAG00000009633,5
12086,ZP:0100205,DISO,"retina increased occurrence Notch signaling pathway, abnormal",1
12087,Coriell:GM04222,GENO,NIGMS-GM04222,4
12088,ZP:0002747,DISO,"endothelial cell increased amount, abnormal",1
12089,Coriell:GM03621,GENO,NIGMS-GM03621,4
12090,ENSEMBL:ENSPTRG00000008691,ORTH,ENSEMBL:ENSPTRG00000008691,5
12091,MP:0005289,DISO,increased oxygen consumption,1
12092,HP:0001291,DISO,Abnormal cranial nerve morphology,1
12093,WormBase:WBGene00014240,ORTH,htas-1,5
12094,ENSEMBL:ENSGALG00000033469,ORTH,ENSEMBL:ENSGALG00000033469,5
12095,HP:0008322,DISO,Abnormal mitochondrial morphology,1
12096,WBPhenotype:0002289,DISO,tail bend angle increased,1
12097,UBERON:0004360,ANAT,cauda epididymis,0
12098,MGI:108418,ORTH,Npy2r,5
12099,APO:0000153,DISO,petite,1
12100,Coriell:GM04856,GENO,NIGMS-GM04856,4
12101,ENSEMBL:ENSCAFG00000010452,ORTH,KDM5B,5
12102,MP:0001545,DISO,abnormal hematopoietic system physiology,1
12103,MP:0001412,DISO,excessive scratching,1
12104,ENSEMBL:ENSACAG00000010885,ORTH,ENSEMBL:ENSACAG00000010885,5
12105,ZP:0005470,DISO,"synaptic vesicle maturation decreased process quality, abnormal",1
12106,WormBase:WBGene00002173,ORTH,itr-1,5
12107,MP:0020391,DISO,radial glial endfoot detachment,1
12108,ENSEMBL:ENSPTRG00000007266,ORTH,ENSEMBL:ENSPTRG00000007266,5
12109,ENSEMBL:ENSOANG00000050274,ORTH,ENSEMBL:ENSOANG00000050274,5
12110,HGNC:5960,GENE,IKBKB,3
12111,HGNC:17597,GENE,NCDN,3
12112,WBPhenotype:0000060,DISO,adult lethal,1
12113,ZFIN:ZDB-GENE-030131-7660,ORTH,cops3,5
12114,ENSEMBL:ENSCAFG00000005381,ORTH,ENSEMBL:ENSCAFG00000005381,5
12115,ZP:0010937,DISO,"pronephric glomerular capillary absent, abnormal",1
12116,MP:0000808,DISO,abnormal hippocampus development,1
12117,MP:0009580,DISO,increased keratinocyte apoptosis,1
12118,ZP:0000019,DISO,"intersegmental vessel malformed, abnormal",1
12119,HGNC:5045,GENE,HNRNPL,3
12120,HGNC:9770,GENE,RAB30,3
12121,ZP:0008470,DISO,"sarcolemma muscle collapsed, abnormal",1
12122,ENSEMBL:ENSSSCG00005037806,ORTH,ENSEMBL:ENSSSCG00005037806,5
12123,Coriell:GM01083,GENO,NIGMS-GM01083,4
12124,MP:0031048,DISO,increased susceptibility to Coronaviridae infection induced morbidity/mortality,1
12125,ENSEMBL:ENSOANG00000013534,ORTH,ENSEMBL:ENSOANG00000013534,5
12126,ENSEMBL:ENSMODG00000003159,ORTH,ENSEMBL:ENSMODG00000003159,5
12127,dictyBase:DDB_G0268444,GENO,DDB_G0268444,4
12128,RGD:1562975,ORTH,Kdm1a,5
12129,RGD:68327,ORTH,Hap1,5
12130,ENSEMBL:ENSBTAG00000031483,ORTH,A0A3Q1MR28,5
12131,ZP:0011676,DISO,"interhyoideus decreased thickness, abnormal",1
12132,ZFIN:ZDB-GENE-030131-8308,ORTH,calm1a,5
12133,HP:0001744,DISO,Splenomegaly,1
12134,ENSEMBL:ENSBTAG00000004238,ORTH,TACC1,5
12135,MONARCH:APO_0000044APO_0000004,GENO,sporulation efficiency:increased,4
12136,ZP:0137288,DISO,"compartment boundary brain amorphous, abnormal",1
12137,MP:0000165,DISO,abnormal long bone hypertrophic chondrocyte zone,1
12138,ENSEMBL:ENSOANG00000013859,ORTH,ENSEMBL:ENSOANG00000013859,5
12139,WBPhenotype:0002321,DISO,forward point velocity decreased,1
12140,ENSEMBL:ENSOANG00000040309,ORTH,ENSEMBL:ENSOANG00000040309,5
12141,ZP:0000552,DISO,"hematopoietic stem cell ventral wall of dorsal aorta decreased amount, abnormal",1
12142,MP:0000662,DISO,abnormal branching of the mammary ductal tree,1
12143,HGNC:30892,GENE,HUWE1,3
12144,ENSEMBL:ENSOANG00000048512,ORTH,ENSEMBL:ENSOANG00000048512,5
12145,ENSEMBL:ENSECAG00000010954,ORTH,ENSEMBL:ENSECAG00000010954,5
12146,ZFIN:ZDB-GENE-030131-2579,ORTH,kpnb1,5
12147,ENSEMBL:ENSFCAG00000043336,ORTH,ENSEMBL:ENSFCAG00000043336,5
12148,HP:0000879,DISO,Short sternum,1
12149,EnsemblGenome:AT5G19770,ORTH,EnsemblGenome:AT5G19770,5
12150,WBPhenotype:0001813,DISO,synapsis defective,1
12151,MP:0000702,DISO,enlarged lymph nodes,1
12152,WBPhenotype:0000679,DISO,transgene subcellular localization variant,1
12153,FlyBase:FBgn0033184,ORTH,mEFTu2,5
12154,ENSEMBL:ENSMMUG00000058013,ORTH,ENSEMBL:ENSMMUG00000058013,5
12155,MP:0014105,DISO,abnormal chondrocyte differentiation,1
12156,ZFIN:ZDB-GENE-050417-355,ORTH,creb1b,5
12157,ENSEMBL:ENSPTRG00000041833,ORTH,ENSEMBL:ENSPTRG00000041833,5
12158,HGNC:23393,GENE,CARM1,3
12159,dbSNP:rs932428,GENO,rs932428-?,4
12160,WBPhenotype:0001539,DISO,dauer induction variant,1
12161,MGI:2137896,ORTH,Zfp451,5
12162,HP:0005182,DISO,Bicuspid pulmonary valve,1
12163,MONARCH:APO_0000035APO_0000005,GENO,nuclear fusion during mating:absent,4
12164,ZP:0002701,DISO,"exocrine pancreas decreased size, abnormal",1
12165,MP:0010897,DISO,abnormal bronchiole epithelium morphology,1
12166,ENSEMBL:ENSOANG00000038794,ORTH,ENSEMBL:ENSOANG00000038794,5
12167,ENSEMBL:ENSCAFG00000002336,ORTH,E2RMZ3,5
12168,EFO:0008378,GENO,mosquito bite reaction size measurement,4
12169,MGI:98834,ORTH,Trp53,5
12170,UBERON:0013540,ANAT,Brodmann (1909) area 9,0
12171,RGD:619758,ORTH,Grb2,5
12172,WormBase:WBGene00019979,ORTH,R09B5.11,5
12173,RGD:1359355,ORTH,M6pr,5
12174,ZFIN:ZDB-GENE-040718-353,ORTH,psmb2,5
12175,WBPhenotype:0001302,DISO,P granule localization defective,1
12176,ZFIN:ZDB-GENE-060531-56,ORTH,ercc6l,5
12177,ZFIN:ZDB-GENE-060503-759,ORTH,atxn1a,5
12178,ZFIN:ZDB-GENE-140820-13,ORTH,mhc1lla,5
12179,ENSEMBL:ENSRNOG00000030224,ORTH,A0A0G2K7M1,5
12180,ENSEMBL:ENSSSCG00000001884,ORTH,COMMD4,5
12181,Xenbase:XB-GENE-990139,ORTH,ninl,5
12182,HP:0032794,DISO,Myoclonic seizure,1
12183,HP:0001657,DISO,Prolonged QT interval,1
12184,HGNC:3481,GENE,ETFA,3
12185,FlyBase:FBgn0025631,ORTH,moody,5
12186,HP:0008404,DISO,Nail dystrophy,1
12187,ZP:0000373,DISO,"anterior commissure aplastic, abnormal",1
12188,Coriell:GM09197,GENO,NIGMS-GM09197,4
12189,ENSEMBL:ENSMODG00000017226,ORTH,ENSEMBL:ENSMODG00000017226,5
12190,MP:0001279,DISO,wavy vibrissae,1
12191,ZFIN:ZDB-GENE-030131-2642,ORTH,dnaja1,5
12192,MGI:106092,ORTH,Etfa,5
12193,RGD:628596,ORTH,Tubb5,5
12194,ENSEMBL:ENSBTAG00000049812,ORTH,ENSEMBL:ENSBTAG00000049812,5
12195,Coriell:GM04476,GENO,NIGMS-GM04476,4
12196,ENSEMBL:ENSFCAG00000028210,ORTH,ENSEMBL:ENSFCAG00000028210,5
12197,ENSEMBL:ENSACAG00000024081,ORTH,ENSEMBL:ENSACAG00000024081,5
12198,ZP:0005471,DISO,"regulation of cellular pH reduction decreased process quality, abnormal",1
12199,HP:0001677,DISO,Coronary artery atherosclerosis,1
12200,ENSEMBL:ENSSSCG00000017294,ORTH,DCAF7,5
12201,ENSEMBL:ENSACAG00000008113,ORTH,ENSEMBL:ENSACAG00000008113,5
12202,dictyBase:DDB_G0283459,GENO,DDB0220684,4
12203,ENSEMBL:ENSCAFG00000049704,ORTH,A0A5F4CDM6,5
12204,ENSEMBL:ENSSSCG00000015710,ORTH,ACTR3,5
12205,HP:0000377,DISO,Abnormality of the pinna,1
12206,MP:0009108,DISO,increased pancreas weight,1
12207,FlyBase:FBgn0260746,ORTH,Ect3,5
12208,ENSEMBL:ENSPTRG00000052507,ORTH,ENSEMBL:ENSPTRG00000052507,5
12209,ZP:0100478,DISO,"antero-dorsal region whole organism absent, abnormal",1
12210,WBPhenotype:0000010,DISO,drug hypersensitive,1
12211,ZP:0000102,DISO,"yolk increased size, abnormal",1
12212,MP:0005379,DISO,endocrine/exocrine gland phenotype,1
12213,MP:0009989,DISO,abnormal cerebellum vermis lobule II morphology,1
12214,ENSEMBL:ENSGALG00000008534,ORTH,POLR2H,5
12215,WBPhenotype:0000053,DISO,paralyzed arrested elongation two fold,1
12216,MONARCH:APO_0000221APO_0000002,GENO,septum formation:abnormal,4
12217,Xenbase:XB-GENE-486199,ORTH,pias4,5
12218,MONARCH:APO_0000029APO_0000003,GENO,pseudohyphal growth:decreased,4
12219,EFO:0007996,GENO,eosinophil percentage of granulocytes,4
12220,HP:0000068,DISO,Urethral atresia,1
12221,MP:0003987,DISO,small vestibular ganglion,1
12222,WormBase:WBGene00003079,ORTH,lsm-5,5
12223,ENSEMBL:ENSPTRG00000045869,ORTH,ENSEMBL:ENSPTRG00000045869,5
12224,PomBase:SPAC222.16c,GENO,csn3,4
12225,MP:0010383,DISO,increased adenoma incidence,1
12226,ENSEMBL:ENSMODG00000021359,ORTH,ENSEMBL:ENSMODG00000021359,5
12227,ENSEMBL:ENSFCAG00000023994,ORTH,ENSEMBL:ENSFCAG00000023994,5
12228,HP:0040302,DISO,Hyperglycerolemia,1
12229,MP:0011348,DISO,abnormal renal glomerulus basement membrane morphology,1
12230,MGI:88218,ORTH,Commd3,5
12231,HP:0001762,DISO,Talipes equinovarus,1
12232,ZP:0001454,DISO,"extension aplastic, abnormal",1
12233,PomBase:SPAC27D7.13c,GENO,ssm4,4
12234,WBPhenotype:0001309,DISO,amplitude of sinusoidal movement decreased,1
12235,MP:0001007,DISO,abnormal sympathetic system morphology,1
12236,ZP:0001173,DISO,"whole organism decreased pigmentation, abnormal",1
12237,HP:0000552,DISO,Tritanomaly,1
12238,ENSEMBL:ENSOANG00000013114,ORTH,ENSEMBL:ENSOANG00000013114,5
12239,ZP:0004039,DISO,"endocardial cushion quality, abnormal",1
12240,ZFIN:ZDB-GENE-030131-7802,ORTH,fasn,5
12241,ENSEMBL:ENSMMUG00000017720,ORTH,ENSEMBL:ENSMMUG00000017720,5
12242,MP:0004404,DISO,cochlear outer hair cell degeneration,1
12243,ZP:0001020,DISO,"embryo development paedomorphic growth, abnormal",1
12244,EnsemblGenome:BAA15029,ORTH,EnsemblGenome:BAA15029,5
12245,WBPhenotype:0001803,DISO,endosome biogenesis variant,1
12246,MP:0001204,DISO,decreased sensitivity to skin irradiation,1
12247,ENSEMBL:ENSFCAG00000030174,ORTH,ENSEMBL:ENSFCAG00000030174,5
12248,ENSEMBL:ENSSSCG00000012290,ORTH,ENSEMBL:ENSSSCG00000012290,5
12249,MP:0011110,DISO,"preweaning lethality, incomplete penetrance",1
12250,WBPhenotype:0001785,DISO,associative memory defective,1
12251,ENSEMBL:ENSOANG00000041824,ORTH,ENSEMBL:ENSOANG00000041824,5
12252,NCBIGene:101735222,GENE,LOC101735222,3
12253,EFO:0007991,GENO,eosinophil percentage of leukocytes,4
12254,ENSEMBL:ENSMMUG00000002940,ORTH,ENSEMBL:ENSMMUG00000002940,5
12255,ENSEMBL:ENSCAFG00000017677,ORTH,ENSEMBL:ENSCAFG00000017677,5
12256,HP:0000268,DISO,Dolichocephaly,1
12257,ZP:0018231,DISO,"dorsal aorta decreased process quality blood vessel lumenization, abnormal",1
12258,ENSEMBL:ENSSSCG00000024770,ORTH,LIG3,5
12259,MGI:105922,ORTH,Rpl13,5
12260,SGD:S000004635,ORTH,HOF1,5
12261,ZP:0002230,DISO,"axon CaP motoneuron decreased length, abnormal",1
12262,MP:0004083,DISO,polysyndactyly,1
12263,dictyBase:DDB_G0278345,GENO,acly,4
12264,MP:0005560,DISO,decreased circulating glucose level,1
12265,WBPhenotype:0001103,DISO,spindle absent early emb,1
12266,ENSEMBL:ENSCAFG00000013973,ORTH,GFAP,5
12267,ZP:0011578,DISO,"intersegmental artery decreased amount, abnormal",1
12268,WBPhenotype:0000372,DISO,no polar body formation,1
12269,WBPhenotype:0002290,DISO,tail bend angle decreased,1
12270,ENSEMBL:ENSMODG00000009501,ORTH,ENSEMBL:ENSMODG00000009501,5
12271,HP:0002152,DISO,Hyperproteinemia,1
12272,ZP:0001669,DISO,"behavior quality, abnormal",1
12273,HP:0000480,DISO,Retinal coloboma,1
12274,ENSEMBL:ENSACAG00000002102,ORTH,ENSEMBL:ENSACAG00000002102,5
12275,MONARCH:APO_0000253APO_0000002,GENO,cell cycle progression:abnormal,4
12276,HP:0000137,DISO,Abnormality of the ovary,1
12277,ENSEMBL:ENSMMUG00000019563,ORTH,ENSEMBL:ENSMMUG00000019563,5
12278,FlyBase:FBgn0286784,ORTH,TER94,5
12279,ZP:0020735,DISO,"heart tube decreased distribution, abnormal",1
12280,WBPhenotype:0001538,DISO,mRNA surveillance defective,1
12281,WormBase:WBGene00004323,ORTH,rde-1,5
12282,dictyBase:DDB_G0292550,GENO,DDB_G0292550,4
12283,HP:0012005,DISO,Deja vu aura,1
12284,dictyBase:DDB_G0279327,GENO,cnrP,4
12285,ENSEMBL:ENSFCAG00000006262,ORTH,ENSEMBL:ENSFCAG00000006262,5
12286,ZP:0000132,DISO,"ceratohyal cartilage malformed, abnormal",1
12287,MP:0003447,DISO,decreased tumor growth/size,1
12288,MP:0004937,DISO,dilated heart,1
12289,MGI:1347064,ORTH,Med21,5
12290,MP:0004056,DISO,abnormal myocardium compact layer morphology,1
12291,HP:0012332,DISO,Abnormal autonomic nervous system physiology,1
12292,WormBase:WBGene00010663,ORTH,toca-2,5
12293,WBPhenotype:0000494,DISO,two fold arrest,1
12294,ZFIN:ZDB-GENE-030131-6420,ORTH,xrcc6,5
12295,MP:0005608,DISO,cardiac interstitial fibrosis,1
12296,ENSEMBL:ENSFCAG00000003400,ORTH,ENSEMBL:ENSFCAG00000003400,5
12297,FBcv:0006000,DISO,abnormal copulation,1
12298,WBPhenotype:0001725,DISO,cellular osmotic stress response variant,1
12299,ZP:0101819,DISO,"swimming decreased duration, abnormal",1
12300,ENSEMBL:ENSOANG00000038374,ORTH,ENSEMBL:ENSOANG00000038374,5
12301,ENSEMBL:ENSGALG00000014920,ORTH,USP14,5
12302,HP:0000171,DISO,Microglossia,1
12303,ENSEMBL:ENSACAG00000028866,ORTH,ENSEMBL:ENSACAG00000028866,5
12304,RGD:61804,ORTH,Map6,5
12305,ENSEMBL:ENSGALG00000007762,ORTH,CREBBP,5
12306,ZP:0003404,DISO,"cerebral spinal fluid increased volume, abnormal",1
12307,HP:0002884,DISO,Hepatoblastoma,1
12308,ENSEMBL:ENSGALG00000007711,ORTH,RPL4,5
12309,ZP:0002275,DISO,"trunk necrotic, abnormal",1
12310,FlyBase:FBgn0040010,ORTH,CG17493,5
12311,ENSEMBL:ENSMODG00000010311,ORTH,ENSEMBL:ENSMODG00000010311,5
12312,HP:0410151,DISO,Eosinophilic infiltration of the esophagus,1
12313,ENSEMBL:ENSCAFG00000010836,ORTH,CENPE,5
12314,FlyBase:FBgn0013759,ORTH,CASK,5
12315,ENSEMBL:ENSGALG00000042564,ORTH,UBAC1,5
12316,ENSEMBL:ENSACAG00000003991,ORTH,ENSEMBL:ENSACAG00000003991,5
12317,ZFIN:ZDB-GENE-050522-155,ORTH,pacsin1a,5
12318,MP:0003562,DISO,abnormal pancreatic beta cell physiology,1
12319,NCBIGene:101731867,GENE,dusp10,3
12320,SGD:S000003433,ORTH,YGR201C,5
12321,ENSEMBL:ENSSSCG00000032517,ORTH,ENSEMBL:ENSSSCG00000032517,5
12322,ENSEMBL:ENSOANG00000009183,ORTH,ENSEMBL:ENSOANG00000009183,5
12323,ENSEMBL:ENSBTAG00000014827,ORTH,ENSEMBL:ENSBTAG00000014827,5
12324,PomBase:SPBC3E7.05c,GENO,mic60,4
12325,MP:0008658,DISO,decreased interleukin-1 beta secretion,1
12326,EFO:0010244,GENO,uveal melanoma disease severity,4
12327,ENSEMBL:ENSCAFG00000006857,ORTH,ATXN7,5
12328,MP:0001241,DISO,absent epidermis stratum corneum,1
12329,MP:0011021,DISO,abnormal circadian regulation of heart rate,1
12330,Xenbase:XB-GENE-486558,ORTH,pias1,5
12331,ENSEMBL:ENSMMUG00000005780,ORTH,ENSEMBL:ENSMMUG00000005780,5
12332,MGI:5467290,ORTH,Tg(HDexon1)62Gpb [involves: C57BL/6 * C57BL/6JOlaHsd * CBA * CBA/CaOlaHsd],5
12333,ZP:0000385,DISO,"intestinal bulb epithelium cellular quality, abnormal",1
12334,ENSEMBL:ENSMODG00000025180,ORTH,ENSEMBL:ENSMODG00000025180,5
12335,HP:0006956,DISO,Dilation of lateral ventricles,1
12336,WormBase:WBGene00003926,ORTH,pas-5,5
12337,ENSEMBL:ENSBTAG00000014494,ORTH,ENSEMBL:ENSBTAG00000014494,5
12338,ZP:0005432,DISO,"atrium inverted, abnormal",1
12339,ENSEMBL:ENSACAG00000007660,ORTH,ENSEMBL:ENSACAG00000007660,5
12340,MP:0002746,DISO,abnormal semilunar valve morphology,1
12341,dictyBase:DDB_G0269476,GENO,DDB0190289,4
12342,MP:0004601,DISO,abnormal vertebral spinous process morphology,1
12343,ENSEMBL:ENSMMUG00000001548,ORTH,ENSEMBL:ENSMMUG00000001548,5
12344,ENSEMBL:ENSFCAG00000014173,ORTH,ENSEMBL:ENSFCAG00000014173,5
12345,ENSEMBL:ENSOANG00000048639,ORTH,ENSEMBL:ENSOANG00000048639,5
12346,ENSEMBL:ENSECAG00000015766,ORTH,ENSEMBL:ENSECAG00000015766,5
12347,MP:0009550,DISO,increased urinary bladder carcinoma incidence,1
12348,ENSEMBL:ENSMODG00000021004,ORTH,ENSEMBL:ENSMODG00000021004,5
12349,ENSEMBL:ENSPTRG00000021972,ORTH,ENSEMBL:ENSPTRG00000021972,5
12350,dictyBase:DDB_G0290343,GENO,sodE,4
12351,HGNC:243,GENE,ADD1,3
12352,MP:0003383,DISO,abnormal gluconeogenesis,1
12353,ENSEMBL:ENSMODG00000027318,ORTH,ENSEMBL:ENSMODG00000027318,5
12354,ENSEMBL:ENSECAG00000021995,ORTH,ENSEMBL:ENSECAG00000021995,5
12355,ENSEMBL:ENSPTRG00000005470,ORTH,ENSEMBL:ENSPTRG00000005470,5
12356,EFO:0007925,GENO,response to paliperidone,4
12357,ZFIN:ZDB-GENE-001208-2,ORTH,psmb13a,5
12358,ZP:0100127,DISO,"actin-based cell projection peridermal cell decreased amount, abnormal",1
12359,FlyBase:FBgn0266599,ORTH,Hsc70-4,5
12360,HP:0003198,DISO,Myopathy,1
12361,MP:0005562,DISO,decreased mean corpuscular hemoglobin,1
12362,ZP:0000661,DISO,"embryonic cranial skeleton morphogenesis disrupted, abnormal",1
12363,ENSEMBL:ENSFCAG00000010062,ORTH,ENSEMBL:ENSFCAG00000010062,5
12364,ENSEMBL:ENSBTAG00000004736,ORTH,ENSEMBL:ENSBTAG00000004736,5
12365,ENSEMBL:ENSFCAG00000014823,ORTH,ENSEMBL:ENSFCAG00000014823,5
12366,ZFIN:ZDB-GENE-040426-969,ORTH,trip10b,5
12367,ENSEMBL:ENSPTRG00000001262,ORTH,ENSEMBL:ENSPTRG00000001262,5
12368,MP:0004546,DISO,esophagus hyperplasia,1
12369,ZP:0011937,DISO,"nuclear pore retinal outer nuclear layer malformed, abnormal",1
12370,WBPhenotype:0000692,DISO,male sterile,1
12371,MGI:2445110,ORTH,Zdhhc17,5
12372,ENSEMBL:ENSPTRG00000018217,ORTH,ENSEMBL:ENSPTRG00000018217,5
12373,MP:0013735,DISO,squamous metaplasia of urethral gland,1
12374,MP:0002085,DISO,abnormal embryonic tissue morphology,1
12375,HGNC:20332,GENE,UPF3A,3
12376,WBPhenotype:0001779,DISO,miRNA expression variant,1
12377,HGNC:15630,GENE,TCERG1,3
12378,ENSEMBL:ENSMODG00000006490,ORTH,ENSEMBL:ENSMODG00000006490,5
12379,ENSEMBL:ENSMMUG00000018719,ORTH,ENSEMBL:ENSMMUG00000018719,5
12380,EFO:0009552,GENO,hemorrhoid,4
12381,HP:0003487,DISO,Babinski sign,1
12382,Xenbase:XB-GENE-22249057,ORTH,bdh1b,5
12383,RGD:1565602,ORTH,Kdm5b,5
12384,WBPhenotype:0001761,DISO,axon midline crossing variant,1
12385,HP:0001406,DISO,Intrahepatic cholestasis,1
12386,EnsemblGenome:AT4G17730,ORTH,EnsemblGenome:AT4G17730,5
12387,ENSEMBL:ENSECAG00000011717,ORTH,ENSEMBL:ENSECAG00000011717,5
12388,ENSEMBL:ENSCAFG00000011032,ORTH,A0A5F4D839,5
12389,dictyBase:DDB_G0292074,GENO,commd1,4
12390,MP:0001511,DISO,disheveled coat,1
12391,ZP:0010095,DISO,"neural tube shape, abnormal",1
12392,ENSEMBL:ENSMMUG00000009612,ORTH,ENSEMBL:ENSMMUG00000009612,5
12393,FlyBase:FBgn0000228,ORTH,Bsg25D,5
12394,MP:0009116,DISO,abnormal brown fat cell morphology,1
12395,ZP:0003479,DISO,"bulbus arteriosus malformed, abnormal",1
12396,MP:0008330,DISO,absent somatotrophs,1
12397,WBPhenotype:0000511,DISO,nuclear positioning variant,1
12398,ENSEMBL:ENSMMUG00000021282,ORTH,ENSEMBL:ENSMMUG00000021282,5
12399,MP:0008074,DISO,"increased CD4-positive, alpha beta T cell number",1
12400,Coriell:GM04198,GENO,NIGMS-GM04198,4
12401,ENSEMBL:ENSOANG00000047613,ORTH,ENSEMBL:ENSOANG00000047613,5
12402,HP:0100258,DISO,Preaxial polydactyly,1
12403,ENSEMBL:ENSACAG00000011664,ORTH,ENSEMBL:ENSACAG00000011664,5
12404,MGI:3704134,ORTH,Gm8909,5
12405,ZP:0000062,DISO,"palatoquadrate cartilage decreased size, abnormal",1
12406,FBcv:0000421,DISO,abnormal touch response,1
12407,MP:0006254,DISO,thin cerebral cortex,1
12408,HP:0000473,DISO,Torticollis,1
12409,MP:0001460,DISO,abnormal olfactory discrimination memory,1
12410,ZP:0009508,DISO,"cerebellar granule cell decreased amount, abnormal",1
12411,ENSEMBL:ENSECAG00000028766,ORTH,ENSEMBL:ENSECAG00000028766,5
12412,HGNC:3757,GENE,FLOT1,3
12413,MP:0000872,DISO,abnormal cerebellum external granule cell layer morphology,1
12414,FlyBase:FBgn0037926,ORTH,Elp1,5
12415,ZP:0014277,DISO,"wound healing decreased process quality, abnormal",1
12416,ZFIN:ZDB-GENE-040801-40,ORTH,bag3,5
12417,HGNC:5246,GENE,HSPB1,3
12418,HP:0001896,DISO,Reticulocytopenia,1
12419,EFO:0005192,GENO,red blood cell distribution width,4
12420,ZP:0100131,DISO,"myotome has fewer parts of type skeletal muscle cell skeletal muscle myofibril skeletal muscle cell, abnormal",1
12421,ENSEMBL:ENSXETG00000034683,ORTH,ENSEMBL:ENSXETG00000034683,5
12422,MGI:2443510,ORTH,Tacc1,5
12423,WBPhenotype:0001294,DISO,head bent,1
12424,MP:0003156,DISO,abnormal leukocyte migration,1
12425,ENSEMBL:ENSMODG00000004066,ORTH,ENSEMBL:ENSMODG00000004066,5
12426,ENSEMBL:ENSMODG00000002220,ORTH,ENSEMBL:ENSMODG00000002220,5
12427,MP:0011775,DISO,rectal atresia,1
12428,ENSEMBL:ENSSSCG00000039843,ORTH,IPO9,5
12429,MP:0003858,DISO,enhanced coordination,1
12430,RGD:1359313,ORTH,Utp14a,5
12431,FlyBase:FBgn0004638,ORTH,drk,5
12432,EnsemblGenome:BAE76252,ORTH,EnsemblGenome:BAE76252,5
12433,FlyBase:FBgn0050378,ORTH,Dmel\CG30378,5
12434,ENSEMBL:ENSFCAG00000031083,ORTH,ENSEMBL:ENSFCAG00000031083,5
12435,MGI:1202301,ORTH,Itch,5
12436,ZFIN:ZDB-GENE-030616-40,ORTH,matr3l1.1,5
12437,MGI:1914440,ORTH,Eif4e2,5
12438,ENSEMBL:ENSGALG00000048749,ORTH,A0A1D5PT69,5
12439,ENSEMBL:ENSSSCG00000003195,ORTH,PNKP,5
12440,ENSEMBL:ENSSSCG00000014058,ORTH,CLTB,5
12441,HP:0003834,DISO,Shoulder dislocation,1
12442,ENSEMBL:ENSFCAG00000045185,ORTH,ENSEMBL:ENSFCAG00000045185,5
12443,HP:0006892,DISO,Frontotemporal cerebral atrophy,1
12444,MP:0014146,DISO,decreased white adipose tissue mass,1
12445,MP:0001230,DISO,epidermal desquamation,1
12446,ZP:0006353,DISO,"endoplasmic reticulum hepatocyte morphology, abnormal",1
12447,HP:0003326,DISO,Myalgia,1
12448,MP:0004946,DISO,abnormal regulatory T cell physiology,1
12449,HGNC:6047,GENE,IMMT,3
12450,ENSEMBL:ENSGALG00000013649,ORTH,ENSEMBL:ENSGALG00000013649,5
12451,ZP:0010086,DISO,"regulation of brain-derived neurotrophic factor receptor signaling pathway disrupted, abnormal",1
12452,WormBase:WBGene00012641,ORTH,epg-6,5
12453,HGNC:9854,GENE,RANGAP1,3
12454,MP:0000813,DISO,abnormal hippocampus layer morphology,1
12455,HP:0002813,DISO,Abnormality of limb bone morphology,1
12456,MP:0008891,DISO,decreased hepatocyte apoptosis,1
12457,SGD:S000000137,ORTH,PRE7,5
12458,MP:0000447,DISO,flattened snout,1
12459,ZP:0000220,DISO,"post-vent region morphology, abnormal",1
12460,dictyBase:DDB_G0267916,GENO,mtmr15,4
12461,FBcv:0000434,DISO,abnormal neurophysiology,1
12462,MP:0003843,DISO,abnormal sagittal suture morphology,1
12463,MP:0008451,DISO,retinal rod cell degeneration,1
12464,HP:0000486,DISO,Strabismus,1
12465,ZP:0018600,DISO,"rhombomere 4 morphogenesis process quality, abnormal",1
12466,ENSEMBL:ENSMODG00000008609,ORTH,ENSEMBL:ENSMODG00000008609,5
12467,MP:0003662,DISO,abnormal long bone epiphyseal plate proliferative zone,1
12468,ZP:0003478,DISO,"heart primordium lacks parts or has fewer parts of type cardiac muscle cell, abnormal",1
12469,ENSEMBL:ENSACAG00000005107,ORTH,ENSEMBL:ENSACAG00000005107,5
12470,MP:0005402,DISO,abnormal action potential,1
12471,FlyBase:FBgn0013275,ORTH,Hsp70Aa,5
12472,WBPhenotype:0001646,DISO,no pharynx,1
12473,ZFIN:ZDB-GENE-080320-1,ORTH,nlk2,5
12474,FlyBase:FBgn0015834,ORTH,eIF3i,5
12475,ENSEMBL:ENSSSCG00000011274,ORTH,CTNNB1,5
12476,MGI:1859606,ORTH,Wdr45,5
12477,MP:0005500,DISO,abnormal gustatory system morphology,1
12478,MP:0030987,DISO,spinal cord inflammation,1
12479,MGI:1919020,ORTH,Ap2b1,5
12480,HP:0001298,DISO,Encephalopathy,1
12481,ZFIN:ZDB-GENE-040426-750,ORTH,creb1a,5
12482,ENSEMBL:ENSGALG00000001986,ORTH,ENSEMBL:ENSGALG00000001986,5
12483,ENSEMBL:ENSSSCG00000028104,ORTH,HOXC11,5
12484,MGI:1934704,ORTH,Rnf31,5
12485,HP:0002335,DISO,Agenesis of cerebellar vermis,1
12486,ZFIN:ZDB-GENE-030825-4,ORTH,casp6a,5
12487,MP:0020288,DISO,ectopic limbs,1
12488,HP:0003750,DISO,Increased muscle fatiguability,1
12489,dictyBase:DDB_G0286125,GENO,pkgC,4
12490,ZP:0000537,DISO,"intersegmental vessel collapsed, abnormal",1
12491,ENSEMBL:ENSCAFG00000005789,ORTH,HGS,5
12492,HP:0008994,DISO,Proximal muscle weakness in lower limbs,1
12493,SGD:S000006208,ORTH,AIM45,5
12494,FlyBase:FBgn0003977,ORTH,vir,5
12495,HGNC:2938,GENE,DMXL2,3
12496,HGNC:30899,GENE,ZNF655,3
12497,MP:0004666,DISO,absent stapedial artery,1
12498,Coriell:GM04690,GENO,NIGMS-GM04690,4
12499,ZP:0018955,DISO,"posterior region whole organism malformed, abnormal",1
12500,WormBase:WBGene00016539,ORTH,madd-2,5
12501,ZP:0000613,DISO,"floor plate aplastic, abnormal",1
12502,WBPhenotype:0001954,DISO,diplotene absent during oogenesis,1
12503,MGI:1316652,ORTH,Prmt2,5
12504,MP:0005571,DISO,decreased lactate dehydrogenase level,1
12505,FlyBase:FBgn0020236,ORTH,ATPCL,5
12506,ENSEMBL:ENSACAG00000009470,ORTH,ENSEMBL:ENSACAG00000009470,5
12507,ZP:0002649,DISO,"post-vent region curvature, abnormal",1
12508,ENSEMBL:ENSMMUG00000008639,ORTH,ENSEMBL:ENSMMUG00000008639,5
12509,Coriell:GM05614,GENO,NIGMS-GM05614,4
12510,RGD:1310380,ORTH,Rangap1,5
12511,ENSEMBL:ENSMODG00000014793,ORTH,ENSEMBL:ENSMODG00000014793,5
12512,EFO:0004736,GENO,aspartate aminotransferase measurement,4
12513,ENSEMBL:ENSPTRG00000005705,ORTH,ENSEMBL:ENSPTRG00000005705,5
12514,ENSEMBL:ENSACAG00000000468,ORTH,ENSEMBL:ENSACAG00000000468,5
12515,ZFIN:ZDB-GENE-051202-2,ORTH,grin1b,5
12516,HP:0000822,DISO,Hypertension,1
12517,WBPhenotype:0000411,DISO,rod like larval lethal,1
12518,HP:0005294,DISO,Arterial dissection,1
12519,ENSEMBL:ENSCAFG00000018077,ORTH,ENSEMBL:ENSCAFG00000018077,5
12520,MP:0008035,DISO,behavioral arrest,1
12521,MP:0001011,DISO,abnormal superior cervical ganglion morphology,1
12522,MP:0001125,DISO,abnormal oocyte morphology,1
12523,HP:0007256,DISO,Abnormal pyramidal sign,1
12524,ENSEMBL:ENSACAG00000013092,ORTH,ENSEMBL:ENSACAG00000013092,5
12525,dbSNP:rs4736525,GENO,rs4736525-?,4
12526,ZP:0103454,DISO,"nucleus cell increased amount, abnormal",1
12527,WBPhenotype:0000169,DISO,early exit cell cycle,1
12528,HP:0009892,DISO,Anotia,1
12529,WBPhenotype:0001041,DISO,meiosis defective early emb,1
12530,MGI:1926953,ORTH,Ctdp1,5
12531,ZP:0004401,DISO,"neural crest cell migration decreased rate, abnormal",1
12532,MONARCH:APO_0000144APO_0000004,GENO,telomere length:increased,4
12533,WBPhenotype:0000651,DISO,constipated,1
12534,ZFIN:ZDB-GENE-990415-94,ORTH,hsp90aa1.1,5
12535,MP:0003917,DISO,increased kidney weight,1
12536,ENSEMBL:ENSCAFG00000043610,ORTH,A0A5F4C3C0,5
12537,MONARCH:APO_0000110APO_0000003,GENO,competitive fitness:decreased,4
12538,ZFIN:ZDB-GENE-160728-129,ORTH,kif9,5
12539,FlyBase:FBgn0003140,ORTH,PpY-55A,5
12540,PomBase:SPBC56F2.03,GENO,arp10,4
12541,ZP:0000147,DISO,"notochord quality, abnormal",1
12542,MP:0011112,DISO,"lethality during fetal growth through weaning, incomplete penetrance",1
12543,ENSEMBL:ENSPTRG00000002572,ORTH,ENSEMBL:ENSPTRG00000002572,5
12544,MP:0003289,DISO,abnormal intestinal peristalsis,1
12545,EFO:0006896,GENO,glucose homeostasis measurement,4
12546,WBPhenotype:0001887,DISO,excess seam cells,1
12547,GO:0016234,PHYS,inclusion body,6
12548,ENSEMBL:ENSMODG00000001936,ORTH,ENSEMBL:ENSMODG00000001936,5
12549,WormBase:WBGene00010622,ORTH,K07A12.4,5
12550,HP:0011712,DISO,Right bundle branch block,1
12551,ENSEMBL:ENSPTRG00000007319,ORTH,ENSEMBL:ENSPTRG00000007319,5
12552,ENSEMBL:ENSPTRG00000004901,ORTH,ENSEMBL:ENSPTRG00000004901,5
12553,ENSEMBL:ENSMMUG00000001856,ORTH,ENSEMBL:ENSMMUG00000001856,5
12554,ZP:0019668,DISO,"hindbrain development process quality, abnormal",1
12555,MP:0005343,DISO,increased circulating aspartate transaminase level,1
12556,MGI:2388633,ORTH,Cltc,5
12557,ENSEMBL:ENSBTAG00000000902,ORTH,ENSEMBL:ENSBTAG00000000902,5
12558,ENSEMBL:ENSMMUG00000001194,ORTH,ENSEMBL:ENSMMUG00000001194,5
12559,ENSEMBL:ENSMMUG00000000573,ORTH,ENSEMBL:ENSMMUG00000000573,5
12560,ENSEMBL:ENSCAFG00000001345,ORTH,MATR3,5
12561,WormBase:WBGene00002005,ORTH,hsp-1,5
12562,ENSEMBL:ENSMODG00000014738,ORTH,ENSEMBL:ENSMODG00000014738,5
12563,MGI:3613525,ORTH,Tg(YAC128)53Hay [FVB/N-Tg(YAC128)53Hay],5
12564,ENSEMBL:ENSCAFG00000004679,ORTH,ENSEMBL:ENSCAFG00000004679,5
12565,WBPhenotype:0000007,DISO,bag of worms,1
12566,ENSEMBL:ENSACAG00000011455,ORTH,ENSEMBL:ENSACAG00000011455,5
12567,HP:0003107,DISO,Abnormal circulating cholesterol concentration,1
12568,EFO:0004704,GENO,age at menopause,4
12569,MP:0009956,DISO,abnormal cerebellar layer morphology,1
12570,ENSEMBL:ENSGALG00000039284,ORTH,RCN2,5
12571,ENSEMBL:ENSSSCG00000007700,ORTH,HIP1,5
12572,ENSEMBL:ENSECAG00000023048,ORTH,ENSEMBL:ENSECAG00000023048,5
12573,dbSNPIndividual:21199,GENO,46;XX/47;XX;+12;47;XX;+12[13]/46;XX[37] [GM02166],4
12574,ZFIN:ZDB-GENE-070117-2205,ORTH,dctn1a,5
12575,ENSEMBL:ENSMMUG00000016544,ORTH,ENSEMBL:ENSMMUG00000016544,5
12576,MP:0006308,DISO,enlarged seminiferous tubules,1
12577,HP:0007343,DISO,Abnormal morphology of the limbic system,1
12578,ZP:0011580,DISO,"caudal vein plexus increased size, abnormal",1
12579,MONARCH:APO_0000212APO_0000002,GENO,bud morphology:abnormal,4
12580,HP:0011642,DISO,Abnormal coronary sinus morphology,1
12581,ENSEMBL:ENSPTRG00000023600,ORTH,ENSEMBL:ENSPTRG00000023600,5
12582,ZFIN:ZDB-GENE-040912-30,ORTH,fth1b,5
12583,MP:0008484,DISO,decreased spleen germinal center size,1
12584,ZP:0008449,DISO,"stereocilium bundle hair cell decreased width, abnormal",1
12585,ENSEMBL:ENSMODG00000025382,ORTH,ENSEMBL:ENSMODG00000025382,5
12586,HP:0032759,DISO,Focal sensory seizure with vestibular features,1
12587,MP:0012083,DISO,absent foregut,1
12588,ENSEMBL:ENSPTRG00000003768,ORTH,ENSEMBL:ENSPTRG00000003768,5
12589,ZP:0004790,DISO,"photoreceptor cell morphology, abnormal",1
12590,ENSEMBL:ENSSSCG00000011158,ORTH,PFKP,5
12591,ZP:0102176,DISO,"anal fin morphogenesis process quality, abnormal",1
12592,HP:0000248,DISO,Brachycephaly,1
12593,EFO:0010125,GENO,viral load,4
12594,PomBase:SPAC664.05,GENO,rpl13,4
12595,WBPhenotype:0001328,DISO,posterior body dumpy,1
12596,ENSEMBL:ENSFCAG00000002657,ORTH,ENSEMBL:ENSFCAG00000002657,5
12597,ENSEMBL:ENSECAG00000022119,ORTH,ENSEMBL:ENSECAG00000022119,5
12598,ENSEMBL:ENSPTRG00000033764,ORTH,ENSEMBL:ENSPTRG00000033764,5
12599,HGNC:25321,GENE,SHARPIN,3
12600,RGD:1561740,ORTH,Kif18a,5
12601,WBPhenotype:0000572,DISO,neuronal outgrowth variant,1
12602,WormBase:WBGene00019122,ORTH,F59E12.6,5
12603,WormBase:WBGene00016081,ORTH,C25A6.1,5
12604,ENSEMBL:ENSRNOG00000038610,ORTH,E9PTN6,5
12605,ZP:0100481,DISO,"lateral region shield absent, abnormal",1
12606,ENSEMBL:ENSCAFG00000017995,ORTH,J9P5N8,5
12607,MP:0011673,DISO,unbalanced complete common atrioventricular canal,1
12608,ZFIN:ZDB-GENE-031007-5,ORTH,akt2,5
12609,ZP:0103474,DISO,"Z disc skeletal muscle cell malformed, abnormal",1
12610,ENSEMBL:ENSECAG00000009033,ORTH,ENSEMBL:ENSECAG00000009033,5
12611,ENSEMBL:ENSBTAG00000003758,ORTH,TKT,5
12612,ENSEMBL:ENSACAG00000002295,ORTH,ENSEMBL:ENSACAG00000002295,5
12613,HP:0040170,DISO,Abnormality of hair growth,1
12614,ENSEMBL:ENSFCAG00000027260,ORTH,ENSEMBL:ENSFCAG00000027260,5
12615,ENSEMBL:ENSMODG00000040567,ORTH,ENSEMBL:ENSMODG00000040567,5
12616,ENSEMBL:ENSMMUG00000008202,ORTH,ENSEMBL:ENSMMUG00000008202,5
12617,ENSEMBL:ENSCAFG00000008830,ORTH,ENSEMBL:ENSCAFG00000008830,5
12618,MP:0009133,DISO,decreased white fat cell size,1
12619,ENSEMBL:ENSPTRG00000015850,ORTH,ENSEMBL:ENSPTRG00000015850,5
12620,EFO:0004765,GENO,visceral adipose tissue measurement,4
12621,ENSEMBL:ENSSSCG00000024837,ORTH,ENSEMBL:ENSSSCG00000024837,5
12622,ZP:0010758,DISO,"skeletal muscle cell myotome morphology, abnormal",1
12623,EFO:0009589,GENO,worry measurement,4
12624,HP:0001265,DISO,Hyporeflexia,1
12625,MP:0004950,DISO,abnormal brain vasculature morphology,1
12626,WormBase:WBGene00009113,ORTH,maph-1.2,5
12627,FBcv:0000385,DISO,short lived,1
12628,WBPhenotype:0000882,DISO,dendrite development variant,1
12629,MP:0005466,DISO,abnormal T-helper 2 physiology,1
12630,PomBase:SPBC776.02c,GENO,dis2,4
12631,FBcv:0000430,DISO,abnormal cell polarity,1
12632,ZP:0017146,DISO,"neural crest cell fate specification disrupted, abnormal",1
12633,MONARCH:APO_0000255APO_0000002,GENO,cell cycle progression in G1 phase:abnormal,4
12634,ENSEMBL:ENSBTAG00000008372,ORTH,ENSEMBL:ENSBTAG00000008372,5
12635,MP:0000877,DISO,abnormal Purkinje cell morphology,1
12636,ZP:0008733,DISO,"neural tube disorganized, abnormal",1
12637,WBPhenotype:0001177,DISO,embryo osmotic pressure sensitive early emb,1
12638,MP:0005288,DISO,abnormal oxygen consumption,1
12639,ENSEMBL:ENSFCAG00000037731,ORTH,ENSEMBL:ENSFCAG00000037731,5
12640,dictyBase:DDB_G0275097,GENO,DDB_G0275097,4
12641,HGNC:18246,GENE,CRYL1,3
12642,MP:0003703,DISO,abnormal vestibulocochlear ganglion morphology,1
12643,ENSEMBL:ENSBTAG00000006933,ORTH,ENSEMBL:ENSBTAG00000006933,5
12644,MP:0005370,DISO,liver/biliary system phenotype,1
12645,ENSEMBL:ENSACAG00000000562,ORTH,ENSEMBL:ENSACAG00000000562,5
12646,ENSEMBL:ENSPTRG00000050230,ORTH,ENSEMBL:ENSPTRG00000050230,5
12647,ENSEMBL:ENSSSCG00015047339,ORTH,ENSEMBL:ENSSSCG00015047339,5
12648,ENSEMBL:ENSMMUG00000003303,ORTH,ENSEMBL:ENSMMUG00000003303,5
12649,MP:0000350,DISO,abnormal cell proliferation,1
12650,MP:0003243,DISO,abnormal dopaminergic neuron morphology,1
12651,Xenbase:XB-GENE-5958903,ORTH,ptprm,5
12652,FlyBase:FBgn0032030,ORTH,Wdr82,5
12653,ENSEMBL:ENSMODG00000006222,ORTH,ENSEMBL:ENSMODG00000006222,5
12654,ZP:0002921,DISO,"gut epithelium morphology, abnormal",1
12655,ENSEMBL:ENSPTRG00000000484,ORTH,ENSEMBL:ENSPTRG00000000484,5
12656,ENSEMBL:ENSGALG00000004306,ORTH,ENSEMBL:ENSGALG00000004306,5
12657,WBPhenotype:0001907,DISO,dorsal intercalation defective,1
12658,MP:0011407,DISO,absent nephrogenic zone,1
12659,dictyBase:DDB_G0277913,GENO,gefJ,4
12660,ENSEMBL:ENSGALG00000047380,ORTH,MICA,5
12661,ZFIN:ZDB-GENE-040426-1932,ORTH,psma4,5
12662,WormBase:WBGene00004033,ORTH,pkc-2,5
12663,ENSEMBL:ENSPTRG00000043057,ORTH,ENSEMBL:ENSPTRG00000043057,5
12664,FlyBase:FBgn0034774,ORTH,CG13526,5
12665,MP:0002941,DISO,increased circulating alanine transaminase level,1
12666,ENSEMBL:ENSFCAG00000003280,ORTH,ENSEMBL:ENSFCAG00000003280,5
12667,MP:0030143,DISO,facial muscle spasm,1
12668,ZFIN:ZDB-GENE-040426-1122,ORTH,dnajb6b,5
12669,HP:0001500,DISO,Broad finger,1
12670,ENSEMBL:ENSCAFG00000005494,ORTH,LOC102155200,5
12671,ENSEMBL:ENSCAFG00000018309,ORTH,ENSEMBL:ENSCAFG00000018309,5
12672,ENSEMBL:ENSACAG00000003867,ORTH,ENSEMBL:ENSACAG00000003867,5
12673,RGD:2840,ORTH,Hspa1b,5
12674,ZFIN:ZDB-GENE-030131-5455,ORTH,dnajb1b,5
12675,ENSEMBL:ENSMODG00000006521,ORTH,ENSEMBL:ENSMODG00000006521,5
12676,ENSEMBL:ENSACAG00000003733,ORTH,ENSEMBL:ENSACAG00000003733,5
12677,ENSEMBL:ENSCAFG00000010145,ORTH,RAB35,5
12678,WBPhenotype:0001320,DISO,endogenous synaptic amplitude variant,1
12679,ENSEMBL:ENSFCAG00000002708,ORTH,ENSEMBL:ENSFCAG00000002708,5
12680,FlyBase:FBgn0265297,ORTH,pAbp,5
12681,MP:0005382,DISO,craniofacial phenotype,1
12682,EFO:0005763,GENO,pulse pressure measurement,4
12683,WBPhenotype:0001745,DISO,adherens junction variant,1
12684,ENSEMBL:ENSECAG00000001110,ORTH,ENSEMBL:ENSECAG00000001110,5
12685,ZP:0022867,DISO,"cardiac muscle cell increased occurrence cell population proliferation, abnormal",1
12686,HP:0001399,DISO,Hepatic failure,1
12687,dictyBase:DDB_G0277675,GENO,DDB0169348,4
12688,ENSEMBL:ENSCAFG00000007067,ORTH,ENSEMBL:ENSCAFG00000007067,5
12689,ZP:0001563,DISO,"axon guidance process quality, abnormal",1
12690,MP:0030935,DISO,increased primordial germ cell apoptosis,1
12691,ENSEMBL:ENSFCAG00000004893,ORTH,ENSEMBL:ENSFCAG00000004893,5
12692,MGI:1343094,ORTH,Kat2b,5
12693,MP:0030140,DISO,facial muscle atrophy,1
12694,MP:0003893,DISO,increased hepatocyte proliferation,1
12695,MP:0001696,DISO,failure to gastrulate,1
12696,MP:0005572,DISO,abnormal pulmonary respiratory rate,1
12697,MP:0008014,DISO,increased lung tumor incidence,1
12698,MONARCH:APO_0000099APO_0000005,GENO,utilization of nitrogen source:absent,4
12699,ZP:0022916,DISO,"response to heat process quality, abnormal",1
12700,ENSEMBL:ENSECAG00000009950,ORTH,ENSEMBL:ENSECAG00000009950,5
12701,MGI:2653603,ORTH,Tg(HDexon1)61Gpb [involves: C57BL/6 * CBA/J],5
12702,MP:0005603,DISO,neuron hypertrophy,1
12703,HP:0003496,DISO,Increased circulating IgM level,1
12704,ENSEMBL:ENSGALG00000040016,ORTH,PPP1CA,5
12705,WBPhenotype:0000628,DISO,spindle assembly defective early emb,1
12706,WBPhenotype:0001957,DISO,gonad small,1
12707,ZP:0103235,DISO,"pronephric tubule has fewer parts of type motile cilium inner dynein arm pronephric tubule, abnormal",1
12708,MGI:1918944,ORTH,Ipo9,5
12709,PomBase:SPCC970.10c,GENO,brl2,4
12710,ENSEMBL:ENSBTAG00000019180,ORTH,ENSEMBL:ENSBTAG00000019180,5
12711,ZP:0105657,DISO,"retinal ganglion cell decreased occurrence cysteine-type endopeptidase activity, abnormal",1
12712,ENSEMBL:ENSMODG00000023604,ORTH,ENSEMBL:ENSMODG00000023604,5
12713,MGI:1099442,ORTH,Atxn3,5
12714,ENSEMBL:ENSMODG00000007222,ORTH,ENSEMBL:ENSMODG00000007222,5
12715,Coriell:GM04727,GENO,NIGMS-GM04727,4
12716,ZFIN:ZDB-GENE-041114-105,ORTH,trip10a,5
12717,FlyBase:FBgn0035520,ORTH,CG11586,5
12718,WormBase:WBGene00019257,ORTH,dhhc-13,5
12719,MP:0009427,DISO,increased tibialis anterior weight,1
12720,ENSEMBL:ENSMODG00000021483,ORTH,ENSEMBL:ENSMODG00000021483,5
12721,WBPhenotype:0002560,DISO,burrowing in response to high population density increased,1
12722,WBPhenotype:0001876,DISO,centriole biogenesis variant,1
12723,EnsemblGenome:AT2G22980,ORTH,EnsemblGenome:AT2G22980,5
12724,ENSEMBL:ENSCAFG00000010822,ORTH,ENSEMBL:ENSCAFG00000010822,5
12725,ZP:0014134,DISO,"developmental process decreased rate, abnormal",1
12726,EnsemblGenome:AT2G23010,ORTH,EnsemblGenome:AT2G23010,5
12727,WormBase:WBGene00003171,ORTH,mec-7,5
12728,ENSEMBL:ENSMODG00000020656,ORTH,ENSEMBL:ENSMODG00000020656,5
12729,ZP:0137805,DISO,"blood cell accumulation trunk vasculature, abnormal",1
12730,ZP:0007287,DISO,"central artery morphology, abnormal",1
12731,dictyBase:DDB_G0276765,GENO,ubqC,4
12732,dictyBase:DDB_G0289533,GENO,act27,4
12733,ENSEMBL:ENSMODG00000025593,ORTH,ENSEMBL:ENSMODG00000025593,5
12734,MP:0001802,DISO,arrested B cell differentiation,1
12735,MP:0002675,DISO,asthenozoospermia,1
12736,HP:0030955,DISO,Alcoholism,1
12737,ENSEMBL:ENSOANG00000011557,ORTH,ENSEMBL:ENSOANG00000011557,5
12738,ENSEMBL:ENSCAFG00000002325,ORTH,E2RNN4,5
12739,HGNC:9284,GENE,PPP1R10,3
12740,MP:0009538,DISO,abnormal synapse morphology,1
12741,MONARCH:APO_0000106APO_0000245,GENO,vegetative growth:decreased rate,4
12742,ENSEMBL:ENSFCAG00000031269,ORTH,ENSEMBL:ENSFCAG00000031269,5
12743,ENSEMBL:ENSOANG00000001711,ORTH,ENSEMBL:ENSOANG00000001711,5
12744,MP:0003448,DISO,abnormal tumor morphology,1
12745,HGNC:3236,GENE,EGFR,3
12746,HP:0001519,DISO,Disproportionate tall stature,1
12747,MP:0009969,DISO,abnormal cerebral cortex pyramidal cell morphology,1
12748,ZP:0018344,DISO,"forebrain increased process quality cell death, abnormal",1
12749,MP:0020467,DISO,abnormal circadian behavior,1
12750,HGNC:8882,GENE,PFN2,3
12751,ENSEMBL:ENSECAG00000007258,ORTH,ENSEMBL:ENSECAG00000007258,5
12752,ENSEMBL:ENSFCAG00000038352,ORTH,ENSEMBL:ENSFCAG00000038352,5
12753,ENSEMBL:ENSFCAG00000051016,ORTH,ENSEMBL:ENSFCAG00000051016,5
12754,MP:0009757,DISO,impaired behavioral response to morphine,1
12755,MP:0011104,DISO,"embryonic lethality before implantation, incomplete penetrance",1
12756,MGI:1261831,ORTH,Hap1,5
12757,HGNC:6752,GENE,M6PR,3
12758,HGNC:9544,GENE,PSMB7,3
12759,RGD:1306537,ORTH,Vps28,5
12760,dictyBase:DDB_G0273435,GENO,DDB_G0273435,4
12761,dictyBase:DDB_G0291031,GENO,ccs,4
12762,FBcv:0000447,DISO,melanotic necrosis,1
12763,WBPhenotype:0000126,DISO,general pace of development defective early emb,1
12764,MONARCH:APO_0000148APO_0000003,GENO,cold sensitivity:decreased,4
12765,WBPhenotype:0001943,DISO,rachis wide,1
12766,ZP:0008037,DISO,"nucleus slow muscle cell circular, abnormal",1
12767,ENSEMBL:ENSOANG00000047101,ORTH,ENSEMBL:ENSOANG00000047101,5
12768,FlyBase:FBgn0025800,ORTH,Smox,5
12769,ENSEMBL:ENSMMUG00000004994,ORTH,ENSEMBL:ENSMMUG00000004994,5
12770,Xenbase:XB-GENE-483379,ORTH,ctbp1,5
12771,ENSEMBL:ENSMMUG00000007676,ORTH,ENSEMBL:ENSMMUG00000007676,5
12772,ENSEMBL:ENSOANG00000047036,ORTH,ENSEMBL:ENSOANG00000047036,5
12773,HGNC:16889,GENE,PSMD14,3
12774,FBcv:0002020,DISO,some die during P-stage,1
12775,MP:0000715,DISO,decreased thymocyte number,1
12776,HP:0000762,DISO,Decreased nerve conduction velocity,1
12777,ZP:0005877,DISO,"retinal photoreceptor layer aplastic, abnormal",1
12778,HP:0002949,DISO,Fused cervical vertebrae,1
12779,WBPhenotype:0002459,DISO,hyperinduction of antimicrobial peptide expression after infection,1
12780,ENSEMBL:ENSACAG00000004802,ORTH,ENSEMBL:ENSACAG00000004802,5
12781,MGI:5698523,ORTH,Htt<tm2Detl>/Htt<+> [B6J.129P2-Htt<tm2Detl>],5
12782,HP:0001771,DISO,Achilles tendon contracture,1
12783,WBPhenotype:0001037,DISO,sterile progeny,1
12784,MP:0002856,DISO,abnormal vestibular ganglion morphology,1
12785,ENSEMBL:ENSFCAG00000002577,ORTH,ENSEMBL:ENSFCAG00000002577,5
12786,HP:0008755,DISO,Laryngotracheomalacia,1
12787,ZP:0001049,DISO,"head circular, abnormal",1
12788,ENSEMBL:ENSOANG00000044463,ORTH,ENSEMBL:ENSOANG00000044463,5
12789,ZP:0000413,DISO,"ventricular system increased size, abnormal",1
12790,WormBase:WBGene00009478,ORTH,syx-7,5
12791,SGD:S000003924,ORTH,DNM1,5
12792,HP:0002647,DISO,Aortic dissection,1
12793,WBPhenotype:0000329,DISO,pumping asynchronous,1
12794,Xenbase:XB-GENE-493102,ORTH,efr3a,5
12795,RGD:1311390,ORTH,Rfxank,5
12796,ZFIN:ZDB-FISH-170608-6,ORTH,<zf602Tg>/<?>; <zf703Tg>/<?> [unspecified background],5
12797,MP:0009177,DISO,decreased pancreatic alpha cell number,1
12798,ENSEMBL:ENSGALG00000014703,ORTH,PRRC1,5
12799,ENSEMBL:ENSSSCG00000017514,ORTH,KPNB1,5
12800,MP:0010124,DISO,decreased bone mineral content,1
12801,ENSEMBL:ENSCAFG00000025384,ORTH,ENSEMBL:ENSCAFG00000025384,5
12802,HP:0000475,DISO,Broad neck,1
12803,RGD:71096,ORTH,Dnm1,5
12804,MONARCH:APO_0000037APO_0000003,GENO,pheromone sensitivity:decreased,4
12805,MP:0012361,DISO,decreased large unstained cell number,1
12806,ZP:0019803,DISO,"angioblastic mesenchymal cell increased amount, abnormal",1
12807,ENSEMBL:ENSMMUG00000020743,ORTH,ENSEMBL:ENSMMUG00000020743,5
12808,ENSEMBL:ENSMODG00000013097,ORTH,ENSEMBL:ENSMODG00000013097,5
12809,HP:0030040,DISO,Fused lumbar vertebrae,1
12810,ENSEMBL:ENSPTRG00000006200,ORTH,ENSEMBL:ENSPTRG00000006200,5
12811,HP:0006543,DISO,Cardiorespiratory arrest,1
12812,WBPhenotype:0000847,DISO,presynaptic component localization variant,1
12813,ENSEMBL:ENSPTRG00000009289,ORTH,ENSEMBL:ENSPTRG00000009289,5
12814,SGD:S000000313,ORTH,CMD1,5
12815,HP:0001081,DISO,Cholelithiasis,1
12816,MGI:1861935,ORTH,Htt<tm5Mem>,5
12817,ENSEMBL:ENSGALG00000003475,ORTH,ENSEMBL:ENSGALG00000003475,5
12818,WBPhenotype:0000509,DISO,sperm pseudopod variant,1
12819,dbSNP:rs362272,GENO,rs362272-A,4
12820,WormBase:WBGene00021296,ORTH,Y25C1A.13,5
12821,MP:0000876,DISO,Purkinje cell degeneration,1
12822,HP:0005404,DISO,Increased B cell count,1
12823,ENSEMBL:ENSOANG00000014576,ORTH,ENSEMBL:ENSOANG00000014576,5
12824,ENSEMBL:ENSFCAG00000025607,ORTH,ENSEMBL:ENSFCAG00000025607,5
12825,ZP:0011824,DISO,"secondary lysosome EVL increased amount, abnormal",1
12826,WBPhenotype:0001861,DISO,environmental stimuli induced gene expression variant,1
12827,WBPhenotype:0001426,DISO,coelomocyte endocytosis defective,1
12828,ZFIN:ZDB-GENE-010502-2,ORTH,psma6l,5
12829,ENSEMBL:ENSMMUG00000020021,ORTH,ENSEMBL:ENSMMUG00000020021,5
12830,ZP:0006348,DISO,"intestinal villus decreased amount, abnormal",1
12831,ENSEMBL:ENSACAG00000014687,ORTH,ENSEMBL:ENSACAG00000014687,5
12832,ENSEMBL:ENSMMUG00000011612,ORTH,ENSEMBL:ENSMMUG00000011612,5
12833,WBPhenotype:0000013,DISO,dauer defective,1
12834,MP:0009283,DISO,decreased gonadal fat pad weight,1
12835,MONARCH:APO_0000095APO_0000003,GENO,chemical compound accumulation:decreased,4
12836,ENSEMBL:ENSECAG00000006611,ORTH,ENSEMBL:ENSECAG00000006611,5
12837,ZFIN:ZDB-GENE-071116-7,ORTH,elp1,5
12838,ZP:0000384,DISO,"intestinal bulb epithelium disorganized, abnormal",1
12839,MP:0004702,DISO,increased circulating insulin-like growth factor I level,1
12840,ENSEMBL:ENSGALG00000050637,ORTH,C5AR1,5
12841,ENSEMBL:ENSGALG00000012007,ORTH,ST13P5,5
12842,HP:0000733,DISO,Stereotypy,1
12843,MP:0005023,DISO,abnormal wound healing,1
12844,ZP:0006338,DISO,"retinal photoreceptor layer absent, abnormal",1
12845,ZP:0000306,DISO,"whole organism dead, abnormal",1
12846,ENSEMBL:ENSACAG00000012381,ORTH,ENSEMBL:ENSACAG00000012381,5
12847,ENSEMBL:ENSCAFG00000000743,ORTH,ENSEMBL:ENSCAFG00000000743,5
12848,PomBase:SPCC622.08c,GENO,hta1,4
12849,GO:0042297,PHYS,vocal learning,6
12850,ENSEMBL:ENSBTAG00000046998,ORTH,G3MZL7,5
12851,MP:0004269,DISO,abnormal optic cup morphology,1
12852,FBcv:0000368,DISO,female sterile germline-dependent,1
12853,ENSEMBL:ENSSSCG00000034395,ORTH,CREB1,5
12854,ENSEMBL:ENSSSCG00000007135,ORTH,NINL,5
12855,MP:0005537,DISO,abnormal cerebral aqueduct morphology,1
12856,MP:0006057,DISO,decreased vascular endothelial cell number,1
12857,WormBase:WBGene00008230,ORTH,pfk-1.2,5
12858,ENSEMBL:ENSGALG00000004509,ORTH,ENSEMBL:ENSGALG00000004509,5
12859,MP:0010579,DISO,increased heart left ventricle size,1
12860,ENSEMBL:ENSGALG00000005309,ORTH,ENSEMBL:ENSGALG00000005309,5
12861,ENSEMBL:ENSMODG00000001307,ORTH,ENSEMBL:ENSMODG00000001307,5
12862,ENSEMBL:ENSGALG00000000377,ORTH,ENSEMBL:ENSGALG00000000377,5
12863,ENSEMBL:ENSMMUG00000017906,ORTH,ENSEMBL:ENSMMUG00000017906,5
12864,HP:0003387,DISO,Decreased number of large peripheral myelinated nerve fibers,1
12865,ENSEMBL:ENSMMUG00000000439,ORTH,ENSEMBL:ENSMMUG00000000439,5
12866,RGD:1359542,ORTH,Ubac1,5
12867,NCBIGene:100001490,GENE,atxn7,3
12868,HP:0001561,DISO,Polyhydramnios,1
12869,MP:0000812,DISO,abnormal dentate gyrus morphology,1
12870,WBPhenotype:0001806,DISO,protein stabilization variant,1
12871,ENSEMBL:ENSECAG00000006218,ORTH,ENSEMBL:ENSECAG00000006218,5
12872,SGD:S000003424,ORTH,TDH3,5
12873,RGD:1585173,ORTH,Bag2,5
12874,ENSEMBL:ENSOANG00000044829,ORTH,ENSEMBL:ENSOANG00000044829,5
12875,MP:0005058,DISO,abnormal lysosome morphology,1
12876,MP:0002279,DISO,abnormal diaphragm morphology,1
12877,EFO:0004346,GENO,neuroimaging measurement,4
12878,MP:0009118,DISO,increased white fat cell size,1
12879,ENSEMBL:ENSOANG00000010384,ORTH,ENSEMBL:ENSOANG00000010384,5
12880,EFO:0007937,GENO,blood protein measurement,4
12881,ZFIN:ZDB-GENE-041114-150,ORTH,haus5,5
12882,ZP:0002590,DISO,"whole organism decreased behavioural activity, abnormal",1
12883,ZP:0003336,DISO,"pronephric duct cystic, abnormal",1
12884,ZP:0012012,DISO,"skeletal muscle cell accumulation mitochondrion skeletal muscle cell, abnormal",1
12885,Xenbase:XB-GENE-6070198,ORTH,eif3g,5
12886,MONARCH:APO_0000101APO_0000003,GENO,fermentative metabolism:decreased,4
12887,SGD:S000001887,ORTH,BLM10,5
12888,ENSEMBL:ENSMODG00000024125,ORTH,ENSEMBL:ENSMODG00000024125,5
12889,MP:0012095,DISO,increased Reichert's membrane thickness,1
12890,MP:0003051,DISO,curly tail,1
12891,ZP:0010936,DISO,"interrenal primordium centered, abnormal",1
12892,OMIM:613004.0004,DISO,"HTT, IVS34DS, G-A, +1",1
12893,ENSEMBL:ENSFCAG00000004047,ORTH,ENSEMBL:ENSFCAG00000004047,5
12894,ENSEMBL:ENSMMUG00000020036,ORTH,ENSEMBL:ENSMMUG00000020036,5
12895,ZP:0005768,DISO,"lens fiber cell differentiation process quality, abnormal",1
12896,WBPhenotype:0001043,DISO,interphase entry defective early emb,1
12897,ENSEMBL:ENSPTRG00000008663,ORTH,ENSEMBL:ENSPTRG00000008663,5
12898,GO:0005770,PHYS,late endosome,6
12899,RGD:1305140,ORTH,Dcaf7,5
12900,ZP:0005764,DISO,"pancreas absent, abnormal",1
12901,ZP:0008140,DISO,"midbrain increased occurrence cell death, abnormal",1
12902,WBPhenotype:0002107,DISO,RAB-11 recycling endosome localization variant,1
12903,MP:0000428,DISO,abnormal craniofacial morphology,1
12904,ENSEMBL:ENSACAG00000005403,ORTH,ENSEMBL:ENSACAG00000005403,5
12905,HGNC:391,GENE,AKT1,3
12906,MP:0000759,DISO,abnormal skeletal muscle morphology,1
12907,HP:0001065,DISO,Striae distensae,1
12908,dictyBase:DDB_G0275391,GENO,TACC1,4
12909,MGI:104871,ORTH,Ppp1cb,5
12910,HP:0006984,DISO,Distal sensory loss of all modalities,1
12911,RGD:620218,ORTH,Creb1,5
12912,ENSEMBL:ENSGALG00000021198,ORTH,LOC101751348,5
12913,ZP:0007910,DISO,"kinocilium posterior lateral line neuromast decreased length, abnormal",1
12914,ENSEMBL:ENSACAG00000004772,ORTH,ENSEMBL:ENSACAG00000004772,5
12915,ENSEMBL:ENSMMUG00000051076,ORTH,ENSEMBL:ENSMMUG00000051076,5
12916,MP:0012263,DISO,decreased hindbrain size,1
12917,MP:0009387,DISO,abnormal epidermal pigmentation,1
12918,HGNC:24260,GENE,MED31,3
12919,ENSEMBL:ENSMODG00000005902,ORTH,ENSEMBL:ENSMODG00000005902,5
12920,ENSEMBL:ENSFCAG00000005686,ORTH,ENSEMBL:ENSFCAG00000005686,5
12921,ZP:0011360,DISO,"retinal ganglion cell occurrence collateral sprouting in absence of injury, abnormal",1
12922,ZFIN:ZDB-GENE-130814-1,ORTH,mhc1ula,5
12923,HGNC:16064,GENE,GGA2,3
12924,MGI:97860,ORTH,Rasa1,5
12925,ENSEMBL:ENSPTRG00000044611,ORTH,ENSEMBL:ENSPTRG00000044611,5
12926,ENSEMBL:ENSFCAG00000024634,ORTH,ENSEMBL:ENSFCAG00000024634,5
12927,ENSEMBL:ENSECAG00000015479,ORTH,ENSEMBL:ENSECAG00000015479,5
12928,MP:0011093,DISO,"embryonic lethality at implantation, complete penetrance",1
12929,ZP:0002394,DISO,"lens protruding out of eye, abnormal",1
12930,MP:0010929,DISO,increased osteoid thickness,1
12931,ZP:0020331,DISO,"optic tectum increased process quality mitotic cell cycle, abnormal",1
12932,HP:0031843,DISO,Bradyphrenia,1
12933,dictyBase:DDB_G0269244,GENO,atg6A,4
12934,WormBase:WBGene00012095,ORTH,pssy-2,5
12935,WBPhenotype:0001315,DISO,electrophysiology phenotype,1
12936,MP:0008660,DISO,increased interleukin-10 secretion,1
12937,PomBase:SPBC1685.15c,GENO,klp6,4
12938,ZP:0012679,DISO,"swimming behavior increased duration, abnormal",1
12939,MP:0009511,DISO,distended stomach,1
12940,ZP:0020240,DISO,"eye photoreceptor cell accumulation vesicle eye photoreceptor cell, abnormal",1
12941,HGNC:9535,GENE,PSMA6,3
12942,WormBase:WBGene00009306,ORTH,maph-1.1,5
12943,NCBIGene:100493954,GENE,LOC100493954,3
12944,MONARCH:APO_0000310APO_0000249,GENO,growth in exponential phase:delayed,4
12945,ENSEMBL:ENSBTAG00000016633,ORTH,ENSEMBL:ENSBTAG00000016633,5
12946,ZP:0137233,DISO,"filopodium CaP motoneuron decreased length, abnormal",1
12947,ZP:0001255,DISO,"post-vent region curved dorsal, abnormal",1
12948,RGD:620578,ORTH,Sh3gl3,5
12949,ENSEMBL:ENSACAG00000013765,ORTH,ENSEMBL:ENSACAG00000013765,5
12950,ENSEMBL:ENSSSCG00000003137,ORTH,PLEKHA4,5
12951,ENSEMBL:ENSMMUG00000008234,ORTH,ENSEMBL:ENSMMUG00000008234,5
12952,MP:0010024,DISO,increased total body fat amount,1
12953,ENSEMBL:ENSFCAG00000009735,ORTH,ENSEMBL:ENSFCAG00000009735,5
12954,ENSEMBL:ENSSSCG00000024285,ORTH,DLG4,5
12955,MP:0001415,DISO,increased exploration in new environment,1
12956,PomBase:SPBC16A3.15c,GENO,nda2,4
12957,ENSEMBL:ENSFCAG00000044472,ORTH,ENSEMBL:ENSFCAG00000044472,5
12958,ENSEMBL:ENSFCAG00000013189,ORTH,ENSEMBL:ENSFCAG00000013189,5
12959,HP:0002733,DISO,Abnormality of the lymph nodes,1
12960,FlyBase:FBgn0262535,ORTH,lincRNA.427,5
12961,ENSEMBL:ENSSSCG00000000952,ORTH,ZDHHC17,5
12962,ENSEMBL:ENSFCAG00000022374,ORTH,ENSEMBL:ENSFCAG00000022374,5
12963,ENSEMBL:ENSFCAG00000043477,ORTH,ENSEMBL:ENSFCAG00000043477,5
12964,ZP:0008469,DISO,"myofibril muscle degenerate, abnormal",1
12965,ZP:0002272,DISO,"brain necrotic, abnormal",1
12966,RGD:1308509,ORTH,Hbs1l,5
12967,ZP:0000381,DISO,"parapineal organ position, abnormal",1
12968,ENSEMBL:ENSACAG00000004800,ORTH,ENSEMBL:ENSACAG00000004800,5
12969,MP:0008735,DISO,increased susceptibility to endotoxin shock,1
12970,ENSEMBL:ENSMODG00000038564,ORTH,ENSEMBL:ENSMODG00000038564,5
12971,ENSEMBL:ENSFCAG00000004429,ORTH,ENSEMBL:ENSFCAG00000004429,5
12972,WormBase:WBGene00010265,ORTH,F58G1.3,5
12973,ENSEMBL:ENSFCAG00000024752,ORTH,ENSEMBL:ENSFCAG00000024752,5
12974,ENSEMBL:ENSFCAG00000011245,ORTH,ENSEMBL:ENSFCAG00000011245,5
12975,MONARCH:APO_0000075APO_0000002,GENO,endocytosis:abnormal,4
12976,MP:0010682,DISO,abnormal hair follicle infundibulum morphology,1
12977,MP:0009318,DISO,increased splenic marginal zone lymphoma incidence,1
12978,RGD:3494,ORTH,RT1-M3-1,5
12979,ENSEMBL:ENSACAG00000024548,ORTH,ENSEMBL:ENSACAG00000024548,5
12980,PomBase:SPBC32F12.02,GENO,rec14,4
12981,HP:0031951,DISO,Nocturnal seizures,1
12982,MP:0003901,DISO,abnormal PR interval,1
12983,HP:0001659,DISO,Aortic regurgitation,1
12984,ENSEMBL:ENSFCAG00000029840,ORTH,ENSEMBL:ENSFCAG00000029840,5
12985,ENSEMBL:ENSPTRG00000039250,ORTH,ENSEMBL:ENSPTRG00000039250,5
12986,MP:0003207,DISO,decreased cellular sensitivity to gamma-irradiation,1
12987,dictyBase:DDB_G0281573,GENO,gefP,4
12988,HP:0001878,DISO,Hemolytic anemia,1
12989,Xenbase:XB-GENE-959285,ORTH,hspa12a,5
12990,ENSEMBL:ENSMODG00000010392,ORTH,ENSEMBL:ENSMODG00000010392,5
12991,WormBase:WBGene00008278,ORTH,npr-10,5
12992,dictyBase:DDB_G0290793,GENO,rabN2,4
12993,MGI:700011,ORTH,Sh3gl3,5
12994,MP:0010080,DISO,abnormal hepatocyte physiology,1
12995,ENSEMBL:ENSMMUG00000020751,ORTH,ENSEMBL:ENSMMUG00000020751,5
12996,ENSEMBL:ENSECAG00000022985,ORTH,ENSEMBL:ENSECAG00000022985,5
12997,MP:0008213,DISO,absent immature B cells,1
12998,HP:0002131,DISO,Episodic ataxia,1
12999,ENSEMBL:ENSPTRG00000045792,ORTH,ENSEMBL:ENSPTRG00000045792,5
13000,HP:0000047,DISO,Hypospadias,1
13001,MONARCH:APO_0000131APO_0000005,GENO,protein/peptide modification:absent,4
13002,HP:0012554,DISO,Absent thumbnail,1
13003,ENSEMBL:ENSFCAG00000027237,ORTH,ENSEMBL:ENSFCAG00000027237,5
13004,WBPhenotype:0001780,DISO,associative learning variant,1
13005,HGNC:20261,GENE,NUP58,3
13006,ENSEMBL:ENSFCAG00000003525,ORTH,ENSEMBL:ENSFCAG00000003525,5
13007,ENSEMBL:ENSMMUG00000003624,ORTH,ENSEMBL:ENSMMUG00000003624,5
13008,HP:0001152,DISO,Saccadic smooth pursuit,1
13009,ENSEMBL:ENSGALG00000039942,ORTH,CTBP1,5
13010,HP:0002084,DISO,Encephalocele,1
13011,ENSEMBL:ENSACAG00000015595,ORTH,ENSEMBL:ENSACAG00000015595,5
13012,FlyBase:FBgn0036514,ORTH,CG12301,5
13013,MGI:3045266,ORTH,Fan1,5
13014,WBPhenotype:0000249,DISO,osmotic avoidance defective,1
13015,ZP:0000540,DISO,"subintestinal vein collapsed, abnormal",1
13016,ENSEMBL:ENSSSCG00000000509,ORTH,ZFC3H1,5
13017,HP:0003355,DISO,Aminoaciduria,1
13018,HP:0012153,DISO,Hypotriglyceridemia,1
13019,dictyBase:DDB_G0271690,GENO,DDB0168463,4
13020,ENSEMBL:ENSACAG00000007358,ORTH,ENSEMBL:ENSACAG00000007358,5
13021,MONARCH:APO_0000270APO_0000002,GENO,endoplasmic reticulum morphology:abnormal,4
13022,dictyBase:DDB_G0295845,GENO,DDB_G0295845,4
13023,ENSEMBL:ENSGALG00000012159,ORTH,ENSEMBL:ENSGALG00000012159,5
13024,WBPhenotype:0000846,DISO,presynaptic region physiology variant,1
13025,FBcv:0002027,DISO,lethal - all die before end of pupal stage,1
13026,MP:0000255,DISO,blood vessel congestion,1
13027,MP:0013876,DISO,absent ductus venosus valve,1
13028,WBPhenotype:0000689,DISO,maternal sterile,1
13029,ZP:0002361,DISO,"endodermal cell decreased amount, abnormal",1
13030,HP:0025514,DISO,Morning glory anomaly,1
13031,MP:0008264,DISO,absent hippocampus CA1 region,1
13032,ENSEMBL:ENSECAG00000018948,ORTH,ENSEMBL:ENSECAG00000018948,5
13033,ENSEMBL:ENSOANG00000013551,ORTH,ENSEMBL:ENSOANG00000013551,5
13034,ZP:0000562,DISO,"thrombocyte decreased amount, abnormal",1
13035,FlyBase:FBgn0003612,ORTH,Su(var)2-10,5
13036,ENSEMBL:ENSCAFG00000031407,ORTH,ENSEMBL:ENSCAFG00000031407,5
13037,WBPhenotype:0001854,DISO,benomyl response variant,1
13038,MP:0001712,DISO,abnormal placenta development,1
13039,ZP:0007161,DISO,"neural crest cell mislocalised, abnormal",1
13040,dictyBase:DDB_G0288873,GENO,DDB0219387,4
13041,ZFIN:ZDB-GENE-040426-1527,ORTH,vps28,5
13042,MP:0008168,DISO,decreased B-1a cell number,1
13043,MGI:1889376,ORTH,Ccdc126,5
13044,dictyBase:DDB_G0290965,GENO,DDB_G0290965,4
13045,HP:0002019,DISO,Constipation,1
13046,MP:0008207,DISO,decreased B-2 B cell number,1
13047,MP:0011501,DISO,increased glomerular capsule space,1
13048,MP:0010831,DISO,"lethality, incomplete penetrance",1
13049,WBPhenotype:0001153,DISO,pronuclear migration failure early emb,1
13050,HP:0001321,DISO,Cerebellar hypoplasia,1
13051,ZP:0013137,DISO,"cell division process quality, abnormal",1
13052,RGD:1595816,ORTH,RT1-M5,5
13053,ZP:0002783,DISO,"ribosome biogenesis disrupted, abnormal",1
13054,ENSEMBL:ENSMMUG00000060287,ORTH,ENSEMBL:ENSMMUG00000060287,5
13055,HP:0002151,DISO,Increased serum lactate,1
13056,ENSEMBL:ENSECAG00000018193,ORTH,ENSEMBL:ENSECAG00000018193,5
13057,HP:0000736,DISO,Short attention span,1
13058,ENSEMBL:ENSSSCG00000026392,ORTH,ENSEMBL:ENSSSCG00000026392,5
13059,ENSEMBL:ENSMMUG00000015202,ORTH,ENSEMBL:ENSMMUG00000015202,5
13060,HP:0025114,DISO,Hypergranulosis,1
13061,HP:0000340,DISO,Sloping forehead,1
13062,MP:0000859,DISO,abnormal somatosensory cortex morphology,1
13063,ENSEMBL:ENSCAFG00000024483,ORTH,A0A5F4DFL8,5
13064,dictyBase:DDB_G0289811,GENO,act10,4
13065,dictyBase:DDB_G0277849,GENO,dymA,4
13066,ENSEMBL:ENSOANG00000003369,ORTH,ENSEMBL:ENSOANG00000003369,5
13067,dictyBase:DDB_G0284035,GENO,efa1B,4
13068,ENSEMBL:ENSMODG00000003074,ORTH,ENSEMBL:ENSMODG00000003074,5
13069,WormBase:WBGene00020287,ORTH,lsy-13,5
13070,HP:0006958,DISO,Abnormal auditory evoked potentials,1
13071,MP:0001411,DISO,spinning,1
13072,ENSEMBL:ENSGALG00000006976,ORTH,ENSEMBL:ENSGALG00000006976,5
13073,ENSEMBL:ENSECAG00000019318,ORTH,ENSEMBL:ENSECAG00000019318,5
13074,ZFIN:ZDB-GENE-070912-228,ORTH,ftr06,5
13075,MP:0004965,DISO,inner cell mass degeneration,1
13076,MP:0011191,DISO,increased embryonic epiblast cell apoptosis,1
13077,ZFIN:ZDB-GENE-091204-452,ORTH,psme4a,5
13078,SGD:S000000622,ORTH,RHB1,5
13079,MP:0008411,DISO,decreased cellular sensitivity to ultraviolet irradiation,1
13080,MP:0008395,DISO,abnormal osteoblast differentiation,1
13081,WBPhenotype:0000682,DISO,feminization of germline,1
13082,RGD:69225,ORTH,Hgs,5
13083,WBPhenotype:0000712,DISO,germ cell ionizing radiation response variant,1
13084,HP:0040176,DISO,Abnormal circulating phospholipid concentration,1
13085,ENSEMBL:ENSPTRG00000007199,ORTH,ENSEMBL:ENSPTRG00000007199,5
13086,ENSEMBL:ENSBTAG00000000469,ORTH,ENSEMBL:ENSBTAG00000000469,5
13087,ENSEMBL:ENSMMUG00000016048,ORTH,ENSEMBL:ENSMMUG00000016048,5
13088,MP:0008712,DISO,decreased interleukin-9 secretion,1
13089,Xenbase:XB-GENE-1004004,ORTH,stx7,5
13090,ENSEMBL:ENSSSCG00000014146,ORTH,ENSEMBL:ENSSSCG00000014146,5
13091,ENSEMBL:ENSFCAG00000011336,ORTH,ENSEMBL:ENSFCAG00000011336,5
13092,MP:0003993,DISO,abnormal ventral spinal root morphology,1
13093,MGI:1914410,ORTH,Eef1g,5
13094,ENSEMBL:ENSECAG00000019125,ORTH,ENSEMBL:ENSECAG00000019125,5
13095,MGI:5298850,ORTH,Tg(YAC18)18Hay [involves: FVB/N],5
13096,ENSEMBL:ENSPTRG00000014027,ORTH,ENSEMBL:ENSPTRG00000014027,5
13097,HP:0012303,DISO,Abnormal aortic arch morphology,1
13098,ENSEMBL:ENSACAG00000015576,ORTH,ENSEMBL:ENSACAG00000015576,5
13099,HP:0001036,DISO,Parakeratosis,1
13100,EFO:0004908,GENO,testosterone measurement,4
13101,HP:0002153,DISO,Hyperkalemia,1
13102,ZP:0003229,DISO,"midbrain shape, abnormal",1
13103,HP:0032363,DISO,Decreased circulating corticosterone level,1
13104,HP:0011804,DISO,Abnormal muscle physiology,1
13105,ZP:0006865,DISO,"chromosome segregation process quality, abnormal",1
13106,ZP:0004004,DISO,"cell diencephalon decreased amount, abnormal",1
13107,MGI:1919069,ORTH,Kif23,5
13108,ENSEMBL:ENSMMUG00000002668,ORTH,ENSEMBL:ENSMMUG00000002668,5
13109,WBPhenotype:0000020,DISO,pharyngeal pumping irregular,1
13110,FBcv:0002010,DISO,majority die during P-stage,1
13111,FlyBase:FBgn0003071,ORTH,Pfk,5
13112,ENSEMBL:ENSBTAG00000005211,ORTH,ENSEMBL:ENSBTAG00000005211,5
13113,Xenbase:XB-GENE-964696,ORTH,glb1l,5
13114,MGI:1914259,ORTH,Ttc23,5
13115,ZP:0002311,DISO,"head necrotic, abnormal",1
13116,WBPhenotype:0001817,DISO,enhanced taste aversion defective,1
13117,WormBase:WBGene00016250,ORTH,hsp-110,5
13118,APO:0000154,DISO,petite-negative,1
13119,HP:0000070,DISO,Ureterocele,1
13120,ZP:0100479,DISO,"postero-dorsal region whole organism absent, abnormal",1
13121,MP:0004706,DISO,short vertebral body,1
13122,ENSEMBL:ENSMMUG00000015434,ORTH,ENSEMBL:ENSMMUG00000015434,5
13123,ENSEMBL:ENSMMUG00000054721,ORTH,ENSEMBL:ENSMMUG00000054721,5
13124,ENSEMBL:ENSECAG00000021306,ORTH,ENSEMBL:ENSECAG00000021306,5
13125,ENSEMBL:ENSMODG00000036784,ORTH,ENSEMBL:ENSMODG00000036784,5
13126,dbSNP:rs112683178,GENO,rs112683178-A,4
13127,ENSEMBL:ENSSSCG00000014252,ORTH,PRRC1,5
13128,ENSEMBL:ENSSSCG00000040682,ORTH,MAPK3,5
13129,MP:0008462,DISO,abnormal medium spiny neuron morphology,1
13130,MP:0010068,DISO,decreased red blood cell distribution width,1
13131,MP:0004103,DISO,abnormal ventral striatum morphology,1
13132,HP:0000589,DISO,Coloboma,1
13133,ZP:0100535,DISO,"motor neuron facial nerve motor nucleus increased amount, abnormal",1
13134,HGNC:20758,GENE,ZFYVE19,3
13135,dictyBase:DDB_G0289339,GENO,med21,4
13136,ZFIN:ZDB-GENE-010328-15,ORTH,hip1,5
13137,WormBase:WBGene00006865,ORTH,slcf-2,5
13138,ZP:0000376,DISO,"adenohypophysis decreased size, abnormal",1
13139,ENSEMBL:ENSCAFG00000018330,ORTH,ENSEMBL:ENSCAFG00000018330,5
13140,MP:0009503,DISO,abnormal mammary gland duct morphology,1
13141,ENSEMBL:ENSPTRG00000008357,ORTH,ENSEMBL:ENSPTRG00000008357,5
13142,ZP:0000689,DISO,"sprouting angiogenesis process quality, abnormal",1
13143,MP:0010426,DISO,abnormal heart and great artery attachment,1
13144,ENSEMBL:ENSBTAG00000032705,ORTH,CALM,5
13145,MP:0003628,DISO,abnormal leukocyte adhesion,1
13146,HP:0010850,DISO,EEG with spike-wave complexes,1
13147,HGNC:939,GENE,BAG3,3
13148,RGD:3160,ORTH,Nefm,5
13149,ENSEMBL:ENSECAG00000014279,ORTH,ENSEMBL:ENSECAG00000014279,5
13150,ENSEMBL:ENSBTAG00000003304,ORTH,ENSEMBL:ENSBTAG00000003304,5
13151,PomBase:SPBC14C8.12,GENO,rpb8,4
13152,MP:0002631,DISO,abnormal epididymis morphology,1
13153,ENSEMBL:ENSCAFG00000012237,ORTH,PRMT2,5
13154,ENSEMBL:ENSECAG00000013506,ORTH,ENSEMBL:ENSECAG00000013506,5
13155,ENSEMBL:ENSCAFG00000008345,ORTH,A0A5F4CBY6,5
13156,MP:0013177,DISO,abnormal tail tip morphology,1
13157,HP:0001342,DISO,Cerebral hemorrhage,1
13158,WBPhenotype:0004017,DISO,locomotor coordination variant,1
13159,WBPhenotype:0004016,DISO,dauer nictation behavior variant,1
13160,WormBase:WBGene00004819,ORTH,skr-13,5
13161,FlyBase:FBgn0086784,ORTH,stmA,5
13162,PomBase:SPBC18H10.03,GENO,tif307,4
13163,HP:0001820,DISO,Leukonychia,1
13164,HGNC:7095,GENE,MID1,3
13165,HGNC:30704,GENE,FAM71F1,3
13166,WBPhenotype:0001138,DISO,nucleus defective early emb,1
13167,ZFIN:ZDB-GENE-040720-1,ORTH,ctdp1,5
13168,ENSEMBL:ENSCAFG00030026124,ORTH,ENSEMBL:ENSCAFG00030026124,5
13169,WBPhenotype:0000590,DISO,cell corpse number variant,1
13170,HP:0100243,DISO,Leiomyosarcoma,1
13171,WBPhenotype:0001383,DISO,protein methylation variant,1
13172,MP:0004701,DISO,decreased circulating insulin-like growth factor I level,1
13173,ZP:0000008,DISO,"hematopoietic stem cell differentiation disrupted, abnormal",1
13174,MP:0002803,DISO,abnormal operant conditioning behavior,1
13175,ZP:0002161,DISO,"ethmoid cartilage hypoplastic, abnormal",1
13176,ENSEMBL:ENSCAFG00000005814,ORTH,ENSEMBL:ENSCAFG00000005814,5
13177,ENSEMBL:ENSECAG00000006983,ORTH,ENSEMBL:ENSECAG00000006983,5
13178,MP:0030324,DISO,abnormal anterior head development,1
13179,HGNC:12558,GENE,ULK1,3
13180,ZP:0000778,DISO,"regulation of smoothened signaling pathway disrupted, abnormal",1
13181,ENSEMBL:ENSSSCG00000028663,ORTH,RBM25,5
13182,ZFIN:ZDB-GENE-030918-1,ORTH,egfra,5
13183,ENSEMBL:ENSPTRG00000008616,ORTH,ENSEMBL:ENSPTRG00000008616,5
13184,Coriell:GM06643,GENO,NIGMS-GM06643,4
13185,MP:0002796,DISO,impaired skin barrier function,1
13186,WormBase:WBGene00003102,ORTH,mab-5,5
13187,HP:0011390,DISO,Morphological abnormality of the inner ear,1
13188,Xenbase:XB-GENE-919631,ORTH,skp1,5
13189,ENSEMBL:ENSGALG00000001926,ORTH,HSPB1,5
13190,ENSEMBL:ENSFCAG00000018666,ORTH,ENSEMBL:ENSFCAG00000018666,5
13191,ZP:0107022,DISO,"germ line cell neoplastic, abnormal",1
13192,RGD:1304725,ORTH,Dnajb1,5
13193,ENSEMBL:ENSBTAG00000049761,ORTH,A0A3Q1M4J1,5
13194,MGI:1858216,ORTH,Ube2k,5
13195,HP:0000958,DISO,Dry skin,1
13196,dbSNP:rs12668183,GENO,rs12668183-C,4
13197,ENSEMBL:ENSFCAG00000000230,ORTH,ENSEMBL:ENSFCAG00000000230,5
13198,FlyBase:FBgn0001108,ORTH,DCTN1-p150,5
13199,MGI:1925927,ORTH,Rnf20,5
13200,WormBase:WBGene00011910,ORTH,alg-3,5
13201,MP:0004132,DISO,absent embryonic cilia,1
13202,HP:0012448,DISO,Delayed myelination,1
13203,HGNC:7878,GENE,CNOT2,3
13204,ZFIN:ZDB-GENE-030131-8486,ORTH,si:ch211-202a12.4,5
13205,HP:0002242,DISO,Abnormal intestine morphology,1
13206,MP:0001569,DISO,abnormal circulating bilirubin level,1
13207,WBPhenotype:0000642,DISO,hyperactive,1
13208,ZP:0003228,DISO,"axon forebrain disorganized, abnormal",1
13209,ENSEMBL:ENSACAG00000004506,ORTH,ENSEMBL:ENSACAG00000004506,5
13210,Coriell:GM05688,GENO,NIGMS-GM05688,4
13211,ZP:0100115,DISO,"paired fin morphology, abnormal",1
13212,ENSEMBL:ENSECAG00000014814,ORTH,ENSEMBL:ENSECAG00000014814,5
13213,EnsemblGenome:AT1G62040,ORTH,EnsemblGenome:AT1G62040,5
13214,dbSNP:rs113928896,GENO,rs113928896-T,4
13215,ZP:0018014,DISO,"caudal fin increased process quality cell population proliferation, abnormal",1
13216,dictyBase:DDB_G0291870,GENO,rpl13,4
13217,HP:0002521,DISO,Hypsarrhythmia,1
13218,ZFIN:ZDB-GENE-030616-609,ORTH,ppp1cb,5
13219,MP:0013175,DISO,bifurcated tail,1
13220,WormBase:WBGene00006791,ORTH,unc-57,5
13221,ENSEMBL:ENSSSCG00000014416,ORTH,TCERG1,5
13222,ZP:0000103,DISO,"extension decreased length, abnormal",1
13223,MP:0013272,DISO,abnormal translation,1
13224,PomBase:SPAC23C11.15,GENO,pst2,4
13225,ENSEMBL:ENSACAG00000007003,ORTH,ENSEMBL:ENSACAG00000007003,5
13226,SGD:S000003769,ORTH,TDH2,5
13227,MONARCH:APO_0000040APO_0000003,GENO,meiotic recombination:decreased,4
13228,ZFIN:ZDB-GENE-050419-28,ORTH,dctn1b,5
13229,HP:0008669,DISO,Abnormal spermatogenesis,1
13230,ZP:0019501,DISO,"brain increased amount, abnormal",1
13231,MP:0011294,DISO,renal glomerulus hypertrophy,1
13232,ENSEMBL:ENSMODG00000015024,ORTH,ENSEMBL:ENSMODG00000015024,5
13233,ZFIN:ZDB-GENE-040718-250,ORTH,rab30,5
13234,PomBase:SPBC16A3.18,GENO,cip1,4
13235,MP:0012306,DISO,enhanced spatial learning,1
13236,ENSEMBL:ENSGALG00000001593,ORTH,ENSEMBL:ENSGALG00000001593,5
13237,ENSEMBL:ENSACAG00000009987,ORTH,ENSEMBL:ENSACAG00000009987,5
13238,ZP:0010982,DISO,"posterior lateral line primordium disorganized, abnormal",1
13239,HP:0001945,DISO,Fever,1
13240,FlyBase:FBgn0013348,ORTH,TpnC41C,5
13241,WBPhenotype:0001499,DISO,meiotic chromosome segregation variant,1
13242,dictyBase:DDB_G0272348,GENO,DDB_G0272348,4
13243,ENSEMBL:ENSGALG00000037492,ORTH,MGRN1,5
13244,ENSEMBL:ENSSSCG00000017421,ORTH,ACLY,5
13245,HP:0031845,DISO,Abnormal libido,1
13246,MP:0008057,DISO,abnormal DNA replication,1
13247,PomBase:SPBC16G5.11c,GENO,bag101,4
13248,ZP:0009310,DISO,"synapse maturation disrupted, abnormal",1
13249,WormBase:WBGene00008065,ORTH,npr-18,5
13250,ENSEMBL:ENSPTRG00000020660,ORTH,ENSEMBL:ENSPTRG00000020660,5
13251,ENSEMBL:ENSSSCG00000001410,ORTH,BAG6,5
13252,PomBase:SPAC13A11.01c,GENO,rga8,4
13253,HP:0000072,DISO,Hydroureter,1
13254,MP:0001384,DISO,abnormal pup retrieval,1
13255,MP:0008410,DISO,increased cellular sensitivity to ultraviolet irradiation,1
13256,ENSEMBL:ENSGALG00000008095,ORTH,ENSEMBL:ENSGALG00000008095,5
13257,ZP:0004490,DISO,"intersegmental vessel absent, abnormal",1
13258,MGI:107931,ORTH,Sqstm1,5
13259,ZFIN:ZDB-GENE-040426-862,ORTH,kif18a,5
13260,HGNC:30292,GENE,G3BP1,3
13261,MP:0001929,DISO,abnormal gametogenesis,1
13262,dictyBase:DDB_G0292318,GENO,rsmD,4
13263,WBPhenotype:0001261,DISO,pale,1
13264,ENSEMBL:ENSMMUG00000021117,ORTH,ENSEMBL:ENSMMUG00000021117,5
13265,MP:0006322,DISO,abnormal perichondrium morphology,1
13266,EFO:0009959,GENO,diverticular disease,4
13267,FBcv:0006004,DISO,abnormal oviposition,1
13268,EFO:0004337,GENO,intelligence,4
13269,ZFIN:ZDB-GENE-040426-877,ORTH,ppp2cab,5
13270,MP:0008479,DISO,decreased spleen white pulp amount,1
13271,dbSNP:rs362275,GENO,rs362275-T,4
13272,FlyBase:FBgn0028694,ORTH,Rpn11,5
13273,HP:0100852,DISO,Abnormal fear/anxiety-related behavior,1
13274,ENSEMBL:ENSCAFG00000005468,ORTH,PFKP,5
13275,ENSEMBL:ENSSSCG00000004223,ORTH,ENSEMBL:ENSSSCG00000004223,5
13276,ENSEMBL:ENSGALG00000002408,ORTH,NCDN,5
13277,HP:0025336,DISO,Delayed ability to sit,1
13278,FlyBase:FBgn0032595,ORTH,CG17996,5
13279,ZFIN:ZDB-GENE-040426-2763,ORTH,med21,5
13280,MP:0011521,DISO,decreased placental labyrinth size,1
13281,WormBase:WBGene00000285,ORTH,cal-1,5
13282,ENSEMBL:ENSMODG00000016731,ORTH,ENSEMBL:ENSMODG00000016731,5
13283,RGD:619717,ORTH,Tuba1a,5
13284,ENSEMBL:ENSCAFG00000018463,ORTH,ENSEMBL:ENSCAFG00000018463,5
13285,ZP:0003199,DISO,"cell brain decreased amount, abnormal",1
13286,ENSEMBL:ENSPTRG00000016640,ORTH,ENSEMBL:ENSPTRG00000016640,5
13287,ENSEMBL:ENSCAFG00000013916,ORTH,SYVN1,5
13288,ENSEMBL:ENSMMUG00000000754,ORTH,ENSEMBL:ENSMMUG00000000754,5
13289,ENSEMBL:ENSMMUG00000022363,ORTH,ENSEMBL:ENSMMUG00000022363,5
13290,ZFIN:ZDB-GENE-030326-4,ORTH,hspb1,5
13291,MGI:1338071,ORTH,Ikbkb,5
13292,ZP:0002763,DISO,"neuron hindbrain decreased amount, abnormal",1
13293,ZP:0007288,DISO,"central artery irregular spatial pattern, abnormal",1
13294,MONARCH:APO_0000044APO_0000003,GENO,sporulation efficiency:decreased,4
13295,ENSEMBL:ENSFCAG00000029809,ORTH,ENSEMBL:ENSFCAG00000029809,5
13296,ENSEMBL:ENSGALG00000010470,ORTH,ENSEMBL:ENSGALG00000010470,5
13297,ZP:0004618,DISO,"head absent, abnormal",1
13298,ZP:0100495,DISO,"response to stress process quality, abnormal",1
13299,ENSEMBL:ENSACAG00000012897,ORTH,ENSEMBL:ENSACAG00000012897,5
13300,ENSEMBL:ENSACAG00000006123,ORTH,ENSEMBL:ENSACAG00000006123,5
13301,HGNC:18229,GENE,RASD2,3
13302,MP:0010018,DISO,pulmonary vascular congestion,1
13303,ENSEMBL:ENSMMUG00000000983,ORTH,ENSEMBL:ENSMMUG00000000983,5
13304,WormBase:WBGene00017817,ORTH,F26B1.5,5
13305,HP:0001743,DISO,Abnormality of the spleen,1
13306,HP:0030434,DISO,Pilomatrixoma,1
13307,ENSEMBL:ENSGALG00000031720,ORTH,ENSEMBL:ENSGALG00000031720,5
13308,MGI:5052381,ORTH,Tg(HTT*/EGFP)150Nn [involves: C57BL/6 * DBA/2],5
13309,WBPhenotype:0000097,DISO,AB lineage variant,1
13310,WormBase:WBGene00004815,ORTH,skr-9,5
13311,ENSEMBL:ENSCAFG00000019154,ORTH,PIAS4,5
13312,ZP:0019109,DISO,"nucleus lens present, abnormal",1
13313,MP:0011167,DISO,abnormal adipose tissue development,1
13314,ZP:0100285,DISO,"basement membrane retinal pigmented epithelium aplastic, abnormal",1
13315,SGD:S000001297,ORTH,CKA1,5
13316,HGNC:19425,GENE,IPO9,3
13317,ENSEMBL:ENSACAG00000007820,ORTH,ENSEMBL:ENSACAG00000007820,5
13318,MONDO:0005148,DISO,type 2 diabetes mellitus,1
13319,MP:0003393,DISO,decreased cardiac output,1
13320,WormBase:WBGene00020319,ORTH,npr-31,5
13321,ENSEMBL:ENSFCAG00000028355,ORTH,ENSEMBL:ENSFCAG00000028355,5
13322,RGD:621680,ORTH,Mipep,5
13323,WBPhenotype:0000274,DISO,dead eggs laid,1
13324,ENSEMBL:ENSSSCG00000015814,ORTH,TACC1,5
13325,HP:0004373,DISO,Focal dystonia,1
13326,MP:0008265,DISO,abnormal hippocampus CA2 region morphology,1
13327,MP:0009136,DISO,decreased brown fat cell size,1
13328,ENSEMBL:ENSRNOG00000052773,ORTH,ENSEMBL:ENSRNOG00000052773,5
13329,MP:0010724,DISO,thick interventricular septum,1
13330,RGD:1305005,ORTH,Lamtor5,5
13331,WormBase:WBGene00000149,ORTH,apl-1,5
13332,ZFIN:ZDB-GENE-071115-2,ORTH,ikbkb,5
13333,ZP:0006344,DISO,"endoplasmic reticulum intestinal epithelium distended, abnormal",1
13334,ZFIN:ZDB-GENE-030131-8453,ORTH,lig3,5
13335,ZP:0000347,DISO,"floor plate quality, abnormal",1
13336,ENSEMBL:ENSXETG00000036913,ORTH,PFN1,5
13337,MP:0009712,DISO,impaired conditioned place preference behavior,1
13338,MP:0004227,DISO,increased cellular sensitivity to ionizing radiation,1
13339,ENSEMBL:ENSMMUG00000018582,ORTH,ENSEMBL:ENSMMUG00000018582,5
13340,FBcv:0000355,DISO,abnormal eye color,1
13341,ENSEMBL:ENSCAFG00000014592,ORTH,NBR1,5
13342,HP:0031806,DISO,Abnormal basophil count,1
13343,MP:0020949,DISO,increased susceptibility to Coronaviridae infection,1
13344,WBPhenotype:0000195,DISO,distal tip cell migration variant,1
13345,ENSEMBL:ENSPTRG00000041261,ORTH,ENSEMBL:ENSPTRG00000041261,5
13346,MP:0011108,DISO,"embryonic lethality during organogenesis, incomplete penetrance",1
13347,ZP:0000007,DISO,"blood vessel morphogenesis disrupted, abnormal",1
13348,ENSEMBL:ENSPTRG00000014570,ORTH,ENSEMBL:ENSPTRG00000014570,5
13349,ENSEMBL:ENSECAG00000005798,ORTH,ENSEMBL:ENSECAG00000005798,5
13350,MP:0011259,DISO,abnormal cephalic neural fold morphology,1
13351,dbSNP:rs35537543,GENO,rs35537543-G,4
13352,MP:0011009,DISO,increased circulating glutamate dehydrogenase level,1
13353,MP:0001721,DISO,absent visceral yolk sac blood islands,1
13354,ZP:0010454,DISO,"striated muscle myosin thick filament fast muscle cell disorganized, abnormal",1
13355,HP:0000105,DISO,Enlarged kidney,1
13356,HP:0001155,DISO,Abnormality of the hand,1
13357,ZFIN:ZDB-GENE-030128-4,ORTH,smad3b,5
13358,ENSEMBL:ENSACAG00000016320,ORTH,ENSEMBL:ENSACAG00000016320,5
13359,MP:0010398,DISO,decreased liver glycogen level,1
13360,HP:0000734,DISO,Disinhibition,1
13361,HGNC:2717,GENE,DDB1,3
13362,Xenbase:XB-GENE-944850,ORTH,hk1,5
13363,MP:0010890,DISO,decreased alveolar lamellar body number,1
13364,MGI:1860511,ORTH,Heyl,5
13365,ENSEMBL:ENSPTRG00000015078,ORTH,ENSEMBL:ENSPTRG00000015078,5
13366,ENSEMBL:ENSBTAG00000004292,ORTH,ENSEMBL:ENSBTAG00000004292,5
13367,MP:0009395,DISO,increased nucleated erythrocyte cell number,1
13368,WBPhenotype:0001011,DISO,complex phenotype early emb,1
13369,ENSEMBL:ENSBTAG00000045727,ORTH,EPPK1,5
13370,WormBase:WBGene00002299,ORTH,let-23,5
13371,HGNC:170,GENE,ACTR3,3
13372,ENSEMBL:ENSECAG00000038311,ORTH,ENSEMBL:ENSECAG00000038311,5
13373,ENSEMBL:ENSFCAG00000005320,ORTH,ENSEMBL:ENSFCAG00000005320,5
13374,MP:0010412,DISO,atrioventricular septal defect,1
13375,MP:0002275,DISO,abnormal type II pneumocyte morphology,1
13376,ZP:0006748,DISO,"glucose import decreased process quality, abnormal",1
13377,ENSEMBL:ENSOANG00000048621,ORTH,ENSEMBL:ENSOANG00000048621,5
13378,HP:0000408,DISO,Progressive sensorineural hearing impairment,1
13379,Coriell:GM04829,GENO,NIGMS-GM04829,4
13380,ENSEMBL:ENSSSCG00000000059,ORTH,XRCC6,5
13381,ENSEMBL:ENSSSCG00000009886,ORTH,TRAFD1,5
13382,MP:0013795,DISO,abnormal colon goblet cell morphology,1
13383,HP:0000175,DISO,Cleft palate,1
13384,ENSEMBL:ENSACAG00000017907,ORTH,ENSEMBL:ENSACAG00000017907,5
13385,ENSEMBL:ENSPTRG00000002144,ORTH,ENSEMBL:ENSPTRG00000002144,5
13386,ENSEMBL:ENSPTRG00000005243,ORTH,ENSEMBL:ENSPTRG00000005243,5
13387,MGI:6294294,ORTH,Tg(Prnp-HTT*82Q)61Gschi [involves: C3H/HeJ * C57BL/6J],5
13388,MONARCH:APO_0000126APO_0000117,GENO,nuclear import:normal,4
13389,MP:0030005,DISO,increased retinal apoptosis,1
13390,WBPhenotype:0001885,DISO,cleavage furrow initiation defective early emb,1
13391,ENSEMBL:ENSFCAG00000003278,ORTH,ENSEMBL:ENSFCAG00000003278,5
13392,ENSEMBL:ENSMODG00000038066,ORTH,ENSEMBL:ENSMODG00000038066,5
13393,HP:0001273,DISO,Abnormal corpus callosum morphology,1
13394,HP:0002266,DISO,Focal clonic seizure,1
13395,MP:0004930,DISO,small epididymis,1
13396,ENSEMBL:ENSSSCG00000039034,ORTH,ENSEMBL:ENSSSCG00000039034,5
13397,dictyBase:DDB_G0289667,GENO,gefD,4
13398,MP:0001222,DISO,epidermal hyperplasia,1
13399,ZP:0004817,DISO,"cell proliferation in midbrain decreased occurrence, abnormal",1
13400,ZFIN:ZDB-GENE-040426-1728,ORTH,eif4e2rs1,5
13401,WormBase:WBGene00008053,ORTH,cdc-48.2,5
13402,APO:0000113,DISO,viable,1
13403,Xenbase:XB-GENE-486024,ORTH,ap2a2,5
13404,WormBase:WBGene00001005,ORTH,dlc-1,5
13405,FlyBase:FBgn0035793,ORTH,CG7546,5
13406,ENSEMBL:ENSECAG00000005631,ORTH,ENSEMBL:ENSECAG00000005631,5
13407,HGNC:4913,GENE,HIP1,3
13408,ENSEMBL:ENSBTAG00000017116,ORTH,ENSEMBL:ENSBTAG00000017116,5
13409,HP:0002529,DISO,Neuronal loss in central nervous system,1
13410,ENSEMBL:ENSMMUG00000019919,ORTH,ENSEMBL:ENSMMUG00000019919,5
13411,ZFIN:ZDB-GENE-040801-90,ORTH,dnajb1a,5
13412,HGNC:10665,GENE,UTP14A,3
13413,RGD:3548,ORTH,Rcn2,5
13414,ENSEMBL:ENSGALG00000051479,ORTH,CDK5,5
13415,dictyBase:DDB_G0293558,GENO,pabpc1A,4
13416,ENSEMBL:ENSECAG00000019590,ORTH,ENSEMBL:ENSECAG00000019590,5
13417,ENSEMBL:ENSSSCG00000030211,ORTH,ENSEMBL:ENSSSCG00000030211,5
13418,WBPhenotype:0002349,DISO,phosphatidylinositol 3-phosphate levels reduced,1
13419,RGD:621405,ORTH,Hey2,5
13420,MP:0002831,DISO,absent Peyer's patches,1
13421,PomBase:SPBC17D11.02c,GENO,hrd1,4
13422,MGI:1333827,ORTH,Magea8,5
13423,ENSEMBL:ENSSSCG00000009978,ORTH,ENSEMBL:ENSSSCG00000009978,5
13424,ENSEMBL:ENSSSCG00000032312,ORTH,ENSEMBL:ENSSSCG00000032312,5
13425,HGNC:30300,GENE,WDR61,3
13426,MP:0004565,DISO,small myocardial fiber,1
13427,MP:0004485,DISO,increased response of heart to induced stress,1
13428,MONARCH:APO_0000050APO_0000002,GENO,cellular morphology:abnormal,4
13429,MP:0001683,DISO,absent mesoderm,1
13430,WBPhenotype:0002402,DISO,cell position defective,1
13431,ZP:0012634,DISO,"sex determination process quality, abnormal",1
13432,MP:0005388,DISO,respiratory system phenotype,1
13433,MP:0000352,DISO,decreased cell proliferation,1
13434,HP:0002363,DISO,Abnormal brainstem morphology,1
13435,ENSEMBL:ENSMODG00000048748,ORTH,ENSEMBL:ENSMODG00000048748,5
13436,ENSEMBL:ENSFCAG00000022539,ORTH,ENSEMBL:ENSFCAG00000022539,5
13437,MGI:95904,ORTH,H2-K1,5
13438,ENSEMBL:ENSMODG00000000485,ORTH,ENSEMBL:ENSMODG00000000485,5
13439,SGD:S000005311,ORTH,CPR8,5
13440,ZP:0000044,DISO,"heart quality, abnormal",1
13441,Coriell:GM02147,GENO,NIGMS-GM02147,4
13442,WormBase:WBGene00003806,ORTH,npp-20,5
13443,ENSEMBL:ENSGALG00000016579,ORTH,ENSEMBL:ENSGALG00000016579,5
13444,HP:0011124,DISO,Abnormal epidermal morphology,1
13445,ENSEMBL:ENSECAG00000023674,ORTH,ENSEMBL:ENSECAG00000023674,5
13446,ENSEMBL:ENSECAG00000034395,ORTH,ENSEMBL:ENSECAG00000034395,5
13447,PomBase:SPCC645.04,GENO,nse3,4
13448,HP:0001513,DISO,Obesity,1
13449,WBPhenotype:0001978,DISO,germ cell partition absent,1
13450,MP:0004835,DISO,abnormal miniature endplate potential,1
13451,HP:0000989,DISO,Pruritus,1
13452,ENSEMBL:ENSECAG00000003978,ORTH,ENSEMBL:ENSECAG00000003978,5
13453,MP:0011060,DISO,abnormal kinocilium morphology,1
13454,ENSEMBL:ENSGALG00000034475,ORTH,EIF3G,5
13455,ZP:0013258,DISO,"circadian rhythm process quality, abnormal",1
13456,ENSEMBL:ENSOANG00000044438,ORTH,ENSEMBL:ENSOANG00000044438,5
13457,ENSEMBL:ENSPTRG00000030450,ORTH,ENSEMBL:ENSPTRG00000030450,5
13458,EFO:0007985,GENO,platelet crit,4
13459,ZFIN:ZDB-GENE-040426-2740,ORTH,eef1da,5
13460,EFO:0006940,GENO,optic cup area measurement,4
13461,ZP:0018605,DISO,"rhombomere 3 decreased length, abnormal",1
13462,EFO:0009963,GENO,bipolar I disorder,4
13463,MP:0008115,DISO,abnormal dendritic cell differentiation,1
13464,ZP:0003835,DISO,"central nervous system myelination disrupted, abnormal",1
13465,ENSEMBL:ENSSSCG00000033540,ORTH,A0A287AF21,5
13466,MONARCH:APO_0000074APO_0000002,GENO,autophagy:abnormal,4
13467,EnsemblGenome:BAE76913,ORTH,EnsemblGenome:BAE76913,5
13468,ENSEMBL:ENSECAG00000008992,ORTH,ENSEMBL:ENSECAG00000008992,5
13469,ZP:0005769,DISO,"nucleus lens circular, abnormal",1
13470,MP:0012507,DISO,midbrain atrophy,1
13471,ENSEMBL:ENSSSCG00000010253,ORTH,HK1,5
13472,ENSEMBL:ENSCAFG00000031663,ORTH,ENSEMBL:ENSCAFG00000031663,5
13473,ENSEMBL:ENSPTRG00000022023,ORTH,ENSEMBL:ENSPTRG00000022023,5
13474,HGNC:9871,GENE,RASA1,3
13475,HGNC:2365,GENE,CRMP1,3
13476,HP:0031473,DISO,Hostility,1
13477,ENSEMBL:ENSBTAG00000052071,ORTH,ENSEMBL:ENSBTAG00000052071,5
13478,ZP:0001455,DISO,"trunk decreased width, abnormal",1
13479,NCBIGene:101732839,GENE,LOC101732839,3
13480,ENSEMBL:ENSGALG00000036962,ORTH,ENSEMBL:ENSGALG00000036962,5
13481,ZP:0000869,DISO,"anterior-posterior axis whole organism shortened, abnormal",1
13482,MP:0011083,DISO,"lethality at weaning, complete penetrance",1
13483,ENSEMBL:ENSPTRG00000014685,ORTH,ENSEMBL:ENSPTRG00000014685,5
13484,MGI:5432191,ORTH,Tg(YAC72)2511Hay/Tg(YAC72)2511Hay [FVB/N-Tg(YAC72)2511Hay],5
13485,ENSEMBL:ENSPTRG00000014619,ORTH,ENSEMBL:ENSPTRG00000014619,5
13486,dictyBase:DDB_G0268538,GENO,psmA5,4
13487,dictyBase:DDB_G0283939,GENO,DDB0185762,4
13488,ZP:0012827,DISO,"sensory perception of sound process quality, abnormal",1
13489,HP:0003468,DISO,Abnormal vertebral morphology,1
13490,ZP:0000336,DISO,"thalamus development process quality, abnormal",1
13491,ENSEMBL:ENSACAG00000001148,ORTH,ENSEMBL:ENSACAG00000001148,5
13492,ZFIN:ZDB-GENE-050420-97,ORTH,tgm2l,5
13493,WBPhenotype:0000103,DISO,gut granule development variant,1
13494,WBPhenotype:0001512,DISO,loss of left right asymmetry,1
13495,MGI:2183436,ORTH,Nrbp1,5
13496,ENSEMBL:ENSSSCG00000004813,ORTH,TTC23,5
13497,Coriell:GM05606,GENO,NIGMS-GM05606,4
13498,MP:0005215,DISO,abnormal pancreatic islet morphology,1
13499,ENSEMBL:ENSFCAG00000002477,ORTH,ENSEMBL:ENSFCAG00000002477,5
13500,MGI:1096368,ORTH,Ap1b1,5
13501,MP:0010700,DISO,hair follicle comedo,1
13502,SGD:S000004550,ORTH,TUB1,5
13503,HP:0001507,DISO,Growth abnormality,1
13504,MGI:107157,ORTH,Sin3a,5
13505,ENSEMBL:ENSGALG00000020793,ORTH,ENSEMBL:ENSGALG00000020793,5
13506,HP:0000496,DISO,Abnormality of eye movement,1
13507,ZP:0000353,DISO,"telencephalon decreased size, abnormal",1
13508,MP:0009808,DISO,decreased oligodendrocyte number,1
13509,ENSEMBL:ENSECAG00000009636,ORTH,ENSEMBL:ENSECAG00000009636,5
13510,MP:0003816,DISO,abnormal pituitary gland development,1
13511,ZP:0003437,DISO,"trunk morphology, abnormal",1
13512,MONARCH:APO_0000099APO_0000245,GENO,utilization of nitrogen source:decreased rate,4
13513,ZFIN:ZDB-GENE-070620-19,ORTH,ftr54,5
13514,Xenbase:XB-GENE-990470,ORTH,kif18a,5
13515,dictyBase:DDB_G0290187,GENO,hspH,4
13516,ENSEMBL:ENSGALG00000023703,ORTH,GIT1,5
13517,HGNC:9251,GENE,CTSA,3
13518,HP:0003551,DISO,Difficulty climbing stairs,1
13519,SGD:S000000927,ORTH,RSP5,5
13520,ZFIN:ZDB-GENE-101026-4,ORTH,tcerg1b,5
13521,dictyBase:DDB_G0271868,GENO,gefS,4
13522,HP:0007371,DISO,Corpus callosum atrophy,1
13523,MONARCH:APO_0000089APO_0000003,GENO,budding index:decreased,4
13524,ZP:0001385,DISO,"Rohon-Beard neuron displaced to axis spinal cord, abnormal",1
13525,WBPhenotype:0000565,DISO,coiler,1
13526,HP:0012521,DISO,Optic nerve aplasia,1
13527,RGD:2324749,ORTH,LOC100363141,5
13528,MP:0009346,DISO,decreased trabecular bone thickness,1
13529,ENSEMBL:ENSCAFG00000047620,ORTH,A0A5F4CGE3,5
13530,MP:0014077,DISO,ectopic Paneth cells,1
13531,MGI:104884,ORTH,Psmb1,5
13532,RGD:1563155,ORTH,H2ap,5
13533,RGD:1311771,ORTH,Commd1,5
13534,ZP:0003070,DISO,"Z disc skeletal muscle cell disorganized, abnormal",1
13535,EFO:0008039,GENO,BMI-adjusted hip circumference,4
13536,MP:0011368,DISO,increased kidney apoptosis,1
13537,ZP:0005472,DISO,"synaptic vesicle lumen acidification decreased process quality, abnormal",1
13538,HP:0000739,DISO,Anxiety,1
13539,MP:0003131,DISO,increased erythrocyte cell number,1
13540,ZP:0016569,DISO,"cell division absent, abnormal",1
13541,ZP:0004056,DISO,"posterior cardinal vein increased diameter, abnormal",1
13542,ENSEMBL:ENSMMUG00000014102,ORTH,ENSEMBL:ENSMMUG00000014102,5
13543,MGI:2386306,ORTH,Eppk1,5
13544,ENSEMBL:ENSECAG00000016416,ORTH,ENSEMBL:ENSECAG00000016416,5
13545,FlyBase:FBgn0033539,ORTH,Git,5
13546,MGI:97167,ORTH,Msn,5
13547,MP:0003888,DISO,liver hemorrhage,1
13548,ENSEMBL:ENSECAG00000040214,ORTH,ENSEMBL:ENSECAG00000040214,5
13549,MP:0001361,DISO,social withdrawal,1
13550,MP:0011095,DISO,"embryonic lethality between implantation and placentation, complete penetrance",1
13551,ENSEMBL:ENSMODG00000000748,ORTH,ENSEMBL:ENSMODG00000000748,5
13552,HGNC:10560,GENE,ATXN7,3
13553,ENSEMBL:ENSCAFG00000009019,ORTH,NEFM,5
13554,WormBase:WBGene00006449,ORTH,alg-4,5
13555,MP:0009938,DISO,abnormal hippocampus granule cell morphology,1
13556,MONARCH:APO_0000257APO_0000003,GENO,cell cycle progression through the G2/M phase transition:decreased,4
13557,HP:0011015,DISO,Abnormal blood glucose concentration,1
13558,HP:0002197,DISO,Generalized-onset seizure,1
13559,MP:0000471,DISO,abnormal stomach epithelium morphology,1
13560,WBPhenotype:0001746,DISO,tight junction defective,1
13561,MP:0020354,DISO,increased endoplasmic reticulum stress,1
13562,WBPhenotype:0000760,DISO,spindle orientation defective early emb,1
13563,ZFIN:ZDB-GENE-060721-2,ORTH,upf3a,5
13564,MP:0006346,DISO,small pharyngeal arch,1
13565,MP:0008253,DISO,absent megakaryocytes,1
13566,ENSEMBL:ENSCAFG00000029428,ORTH,ENSEMBL:ENSCAFG00000029428,5
13567,MP:0008907,DISO,decreased total fat pad weight,1
13568,WormBase:WBGene00011372,ORTH,npr-26,5
13569,MP:0000928,DISO,incomplete rostral neuropore closure,1
13570,MP:0002912,DISO,abnormal excitatory postsynaptic potential,1
13571,ENSEMBL:ENSMMUG00000009773,ORTH,ENSEMBL:ENSMMUG00000009773,5
13572,ENSEMBL:ENSCAFG00000004616,ORTH,ENSEMBL:ENSCAFG00000004616,5
13573,MP:0009583,DISO,increased keratinocyte proliferation,1
13574,ZP:0020332,DISO,"brain increased process quality mitotic cell cycle, abnormal",1
13575,ZP:0106023,DISO,"neural crest cell pharyngeal arch disorganized, abnormal",1
13576,ENSEMBL:ENSOANG00000042657,ORTH,ENSEMBL:ENSOANG00000042657,5
13577,WBPhenotype:0000314,DISO,scrawny,1
13578,ZFIN:ZDB-GENE-040625-127,ORTH,ppih,5
13579,MP:0010733,DISO,abnormal axon initial segment morphology,1
13580,HP:0002365,DISO,Hypoplasia of the brainstem,1
13581,FlyBase:FBgn0011745,ORTH,Arp1,5
13582,ENSEMBL:ENSSSCG00000005904,ORTH,ENSEMBL:ENSSSCG00000005904,5
13583,ENSEMBL:ENSFCAG00000027704,ORTH,ENSEMBL:ENSFCAG00000027704,5
13584,ENSEMBL:ENSOANG00000012075,ORTH,ENSEMBL:ENSOANG00000012075,5
13585,ZP:0014445,DISO,"fin regeneration process quality, abnormal",1
13586,EFO:0004305,GENO,erythrocyte count,4
13587,ZP:0011633,DISO,"photoreceptor outer segment photoreceptor cell absent, abnormal",1
13588,MGI:108063,ORTH,Siah1b,5
13589,MGI:2670976,ORTH,Fez1,5
13590,ENSEMBL:ENSCAFG00000013367,ORTH,ENSEMBL:ENSCAFG00000013367,5
13591,WBPhenotype:0001020,DISO,embryonic lethal late emb,1
13592,SGD:S000003666,ORTH,URA2,5
13593,FlyBase:FBgn0030364,ORTH,Lsm12a,5
13594,ENSEMBL:ENSOANG00000003398,ORTH,ENSEMBL:ENSOANG00000003398,5
13595,FlyBase:FBgn0036239,ORTH,Pop2,5
13596,MP:0002891,DISO,increased insulin sensitivity,1
13597,WormBase:WBGene00004319,ORTH,rbr-2,5
13598,HP:0030680,DISO,Abnormality of cardiovascular system morphology,1
13599,Xenbase:XB-GENE-5746936,ORTH,rnf20,5
13600,MP:0011199,DISO,abnormal amniotic cavity morphology,1
13601,MP:0000074,DISO,abnormal neurocranium morphology,1
13602,ZP:0017218,DISO,"wound healing process quality, abnormal",1
13603,WBPhenotype:0001172,DISO,programmed cell death variant,1
13604,ENSEMBL:ENSMODG00000015670,ORTH,ENSEMBL:ENSMODG00000015670,5
13605,ZP:0018013,DISO,"brain increased process quality cell population proliferation, abnormal",1
13606,Xenbase:XB-GENE-6087000,ORTH,cnot3,5
13607,ENSEMBL:ENSDARG00000051762,ORTH,E7FDL8,5
13608,ENSEMBL:ENSECAG00000025122,ORTH,ENSEMBL:ENSECAG00000025122,5
13609,Coriell:GM04194,GENO,NIGMS-GM04194,4
13610,ENSEMBL:ENSFCAG00000010390,ORTH,ENSEMBL:ENSFCAG00000010390,5
13611,MGI:1913466,ORTH,Bsdc1,5
13612,HP:0002827,DISO,Hip dislocation,1
13613,ENSEMBL:ENSBTAG00000012748,ORTH,ENSEMBL:ENSBTAG00000012748,5
13614,ENSEMBL:ENSFCAG00000029928,ORTH,ENSEMBL:ENSFCAG00000029928,5
13615,ENSEMBL:ENSSSCG00000005787,ORTH,CTDP1,5
13616,ENSEMBL:ENSPTRG00000046866,ORTH,ENSEMBL:ENSPTRG00000046866,5
13617,ENSEMBL:ENSXETG00000034056,ORTH,thumpd2,5
13618,ENSEMBL:ENSCAFG00000003541,ORTH,AP2A1,5
13619,ENSEMBL:ENSECAG00000010387,ORTH,ENSEMBL:ENSECAG00000010387,5
13620,dictyBase:DDB_G0270402,GENO,DDB0191031,4
13621,HP:0002300,DISO,Mutism,1
13622,Xenbase:XB-GENE-479716,ORTH,ctdp1,5
13623,HGNC:18039,GENE,KDM5B,3
13624,MP:0010307,DISO,abnormal tumor latency,1
13625,WBPhenotype:0000281,DISO,male sex muscle development variant,1
13626,RGD:727907,ORTH,Tenm2,5
13627,ZP:0000955,DISO,"determination of heart left/right asymmetry disrupted, abnormal",1
13628,WBPhenotype:0002469,DISO,plate tap habituation variant,1
13629,ENSEMBL:ENSGALG00000006140,ORTH,GGA2,5
13630,MONARCH:APO_0000106APO_0000246,GENO,vegetative growth:increased rate,4
13631,SGD:S000004788,ORTH,ECM5,5
13632,FBcv:0000370,DISO,male sterile,1
13633,ENSEMBL:ENSOANG00000002022,ORTH,ENSEMBL:ENSOANG00000002022,5
13634,ENSEMBL:ENSMMUG00000016009,ORTH,ENSEMBL:ENSMMUG00000016009,5
13635,HGNC:18416,GENE,FICD,3
13636,ENSEMBL:ENSBTAG00000012723,ORTH,ENSEMBL:ENSBTAG00000012723,5
13637,dictyBase:DDB_G0276963,GENO,gefH,4
13638,dictyBase:DDB_G0280643,GENO,DDB_G0280643,4
13639,ZP:0000407,DISO,"head decreased width, abnormal",1
13640,ENSEMBL:ENSFCAG00000004607,ORTH,ENSEMBL:ENSFCAG00000004607,5
13641,MONARCH:APO_0000264APO_0000250,GENO,cell cycle progression in metaphase:arrested,4
13642,ENSEMBL:ENSBTAG00000011628,ORTH,ENSEMBL:ENSBTAG00000011628,5
13643,ENSEMBL:ENSPTRG00000018306,ORTH,ENSEMBL:ENSPTRG00000018306,5
13644,ZP:0104641,DISO,"skeletal muscle decreased process quality skeletal myofibril assembly, abnormal",1
13645,MP:0020137,DISO,decreased bone mineralization,1
13646,RGD:1307908,ORTH,Ing5,5
13647,ENSEMBL:ENSGALG00000012163,ORTH,ENSEMBL:ENSGALG00000012163,5
13648,MP:0011243,DISO,decreased fetal derived definitive erythrocyte cell number,1
13649,HP:0011025,DISO,Abnormal cardiovascular system physiology,1
13650,ZFIN:ZDB-FISH-170608-4,ORTH,<zf602Tg>/<?>; <zf701Tg>/<?> [unspecified background],5
13651,SGD:S000004952,ORTH,SIS1,5
13652,ZP:0021482,DISO,"early endosome neural crest cell aggregated, abnormal",1
13653,ZP:0009071,DISO,"neuronal cell body cranial nerve VII mislocalised anteriorly, abnormal",1
13654,WBPhenotype:0000637,DISO,dauer formation variant,1
13655,ENSEMBL:ENSACAG00000012621,ORTH,ENSEMBL:ENSACAG00000012621,5
13656,ENSEMBL:ENSCAFG00000013358,ORTH,ENSEMBL:ENSCAFG00000013358,5
13657,dictyBase:DDB_G0278217,GENO,rsmK,4
13658,ZP:0010154,DISO,"neuromast shape, abnormal",1
13659,ENSEMBL:ENSBTAG00000055100,ORTH,ENSEMBL:ENSBTAG00000055100,5
13660,MGI:1860283,ORTH,Ubqln2,5
13661,WormBase:WBGene00000910,ORTH,daf-14,5
13662,ZP:0007470,DISO,"ceratohyal cartilage increased angle to ceratohyal cartilage, abnormal",1
13663,ENSEMBL:ENSFCAG00000012926,ORTH,ENSEMBL:ENSFCAG00000012926,5
13664,MP:0005409,DISO,darkened coat color,1
13665,MP:0003403,DISO,absent placental labyrinth,1
13666,ENSEMBL:ENSECAG00000022197,ORTH,ENSEMBL:ENSECAG00000022197,5
13667,ENSEMBL:ENSSSCG00000009742,ORTH,ULK1,5
13668,ZFIN:ZDB-GENE-040426-1804,ORTH,evlb,5
13669,ZP:0000593,DISO,"cell population proliferation increased occurrence, abnormal",1
13670,ENSEMBL:ENSECAG00000008104,ORTH,ENSEMBL:ENSECAG00000008104,5
13671,MP:0000423,DISO,delayed hair regrowth,1
13672,ENSEMBL:ENSXETG00000009073,ORTH,pkp1,5
13673,MP:0008899,DISO,plush coat,1
13674,ENSEMBL:ENSFCAG00000006914,ORTH,ENSEMBL:ENSFCAG00000006914,5
13675,MONARCH:APO_0000271APO_0000003,GENO,RNA modification:decreased,4
13676,ENSEMBL:ENSBTAG00000009177,ORTH,ENSEMBL:ENSBTAG00000009177,5
13677,dictyBase:DDB_G0287391,GENO,ranbp1,4
13678,ZP:0002913,DISO,"intersegmental vessel unlumenized, abnormal",1
13679,ENSEMBL:ENSMODG00000013465,ORTH,ENSEMBL:ENSMODG00000013465,5
13680,ENSEMBL:ENSPTRG00000008846,ORTH,ENSEMBL:ENSPTRG00000008846,5
13681,ENSEMBL:ENSMMUG00000010767,ORTH,ENSEMBL:ENSMMUG00000010767,5
13682,ENSEMBL:ENSCAFG00000011379,ORTH,FICD,5
13683,SGD:S000002205,ORTH,SIT4,5
13684,ENSEMBL:ENSMMUG00000021886,ORTH,ENSEMBL:ENSMMUG00000021886,5
13685,RGD:619708,ORTH,Fez1,5
13686,MP:0004883,DISO,abnormal vascular wound healing,1
13687,Xenbase:XB-GENE-998337,ORTH,dnaja2,5
13688,WormBase:WBGene00018960,ORTH,ilcr-2,5
13689,MP:0008428,DISO,abnormal spatial working memory,1
13690,ZP:0006331,DISO,"cell cycle process arrested, abnormal",1
13691,ZP:0002507,DISO,"opsin transport disrupted, abnormal",1
13692,ENSEMBL:ENSMODG00000013042,ORTH,ENSEMBL:ENSMODG00000013042,5
13693,MONARCH:APO_0000041APO_0000003,GENO,sporulation:decreased,4
13694,MP:0010499,DISO,abnormal ventricle myocardium morphology,1
13695,ENSEMBL:ENSMODG00000019381,ORTH,ENSEMBL:ENSMODG00000019381,5
13696,MP:0001695,DISO,abnormal gastrulation,1
13697,ZP:0000665,DISO,"ceratohyal cartilage decreased length, abnormal",1
13698,MONARCH:APO_0000062APO_0000117,GENO,colony shape:normal,4
13699,WBPhenotype:0000045,DISO,developmental delay postembryonic,1
13700,ENSEMBL:ENSECAG00000023865,ORTH,ENSEMBL:ENSECAG00000023865,5
13701,ENSEMBL:ENSFCAG00000008616,ORTH,ENSEMBL:ENSFCAG00000008616,5
13702,MP:0002270,DISO,abnormal pulmonary alveolus morphology,1
13703,ZP:0000378,DISO,"cardiac jelly increased volume, abnormal",1
13704,WBPhenotype:0002259,DISO,dendritic termini number reduced,1
13705,ENSEMBL:ENSMODG00000020514,ORTH,ENSEMBL:ENSMODG00000020514,5
13706,PomBase:SPAC31G5.13,GENO,rpn11,4
13707,ZP:0002286,DISO,"midbrain hindbrain boundary decreased thickness, abnormal",1
13708,MP:0005077,DISO,abnormal melanogenesis,1
13709,ZP:0013172,DISO,"cell fate specification process quality, abnormal",1
13710,ZFIN:ZDB-GENE-040426-1063,ORTH,ptgesl,5
13711,MONARCH:APO_0000226APO_0000002,GENO,subcellular morphology:abnormal,4
13712,EFO:0010128,GENO,immunoglobulin isotype switching measurement,4
13713,ENSEMBL:ENSSSCG00000022507,ORTH,ENSEMBL:ENSSSCG00000022507,5
13714,RGD:1307191,ORTH,Eif3g,5
13715,HP:0100851,DISO,Abnormal emotion/affect behavior,1
13716,MP:0003140,DISO,dilated heart atrium,1
13717,ENSEMBL:ENSECAG00000041828,ORTH,ENSEMBL:ENSECAG00000041828,5
13718,ENSEMBL:ENSRNOG00000061035,ORTH,ENSEMBL:ENSRNOG00000061035,5
13719,HP:0011314,DISO,Abnormality of long bone morphology,1
13720,WBPhenotype:0002390,DISO,variable cell division timing,1
13721,ENSEMBL:ENSACAG00000016954,ORTH,ENSEMBL:ENSACAG00000016954,5
13722,HGNC:129,GENE,ACTA1,3
13723,MP:0010286,DISO,increased plasmacytoma incidence,1
13724,MP:0003863,DISO,decreased aggression towards mice,1
13725,HP:0011448,DISO,Ankle clonus,1
13726,WBPhenotype:0002267,DISO,mitochondrial content increased,1
13727,HP:0000902,DISO,Rib fusion,1
13728,ENSEMBL:ENSSSCG00000003264,ORTH,CNOT3,5
13729,MP:0000322,DISO,increased granulocyte number,1
13730,WBPhenotype:0002106,DISO,early endosome localization variant,1
13731,ENSEMBL:ENSMMUG00000021695,ORTH,ENSEMBL:ENSMMUG00000021695,5
13732,MP:0010379,DISO,decreased respiratory quotient,1
13733,ZFIN:ZDB-GENE-040426-1043,ORTH,nme4,5
13734,dictyBase:DDB_G0284133,GENO,dictyBase:DDB_G0284133,4
13735,ZP:0003732,DISO,"axon motor neuron decreased length, abnormal",1
13736,MGI:87918,ORTH,Add1,5
13737,ENSEMBL:ENSGALG00000004115,ORTH,ENSEMBL:ENSGALG00000004115,5
13738,HGNC:3208,GENE,EEF1B2,3
13739,ENSEMBL:ENSBTAG00000000219,ORTH,ENSEMBL:ENSBTAG00000000219,5
13740,dictyBase:DDB_G0277865,GENO,ptpB,4
13741,MP:0000422,DISO,delayed hair appearance,1
13742,ZFIN:ZDB-GENE-110919-2,ORTH,il17ra3,5
13743,HP:0007703,DISO,Abnormality of retinal pigmentation,1
13744,ZP:0006383,DISO,"retinal ganglion cell layer absent, abnormal",1
13745,ZP:0011929,DISO,"liver decreased process quality poly(A)+ mRNA export from nucleus, abnormal",1
13746,MP:0005385,DISO,cardiovascular system phenotype,1
13747,WBPhenotype:0001146,DISO,polar body size defective early emb,1
13748,WormBase:WBGene00004736,ORTH,sca-1,5
13749,HP:0012863,DISO,Abnormal male germ cell morphology,1
13750,ZP:0021479,DISO,"endosome neural crest cell immature, abnormal",1
13751,MP:0013986,DISO,abnormal vitelline vein topology,1
13752,ENSEMBL:ENSMMUG00000015238,ORTH,ENSEMBL:ENSMMUG00000015238,5
13753,HGNC:19022,GENE,HSPA12A,3
13754,ENSEMBL:ENSBTAG00000006969,ORTH,ENSEMBL:ENSBTAG00000006969,5
13755,Xenbase:XB-GENE-479960,ORTH,casp3.2,5
13756,ENSEMBL:ENSSSCG00000005399,ORTH,ENSEMBL:ENSSSCG00000005399,5
13757,MP:0004249,DISO,abnormal crista ampullaris morphology,1
13758,RGD:1305980,ORTH,Mbd1,5
13759,HP:0010837,DISO,Decreased circulating ceruloplasmin concentration,1
13760,ENSEMBL:ENSCAFG00000008221,ORTH,ALDOA,5
13761,MP:0012303,DISO,umbilical vein stenosis,1
13762,HP:0002171,DISO,Gliosis,1
13763,ENSEMBL:ENSSSCG00000016272,ORTH,ENSEMBL:ENSSSCG00000016272,5
13764,MP:0004940,DISO,abnormal B-1 B cell morphology,1
13765,HP:0012078,DISO,Motor conduction block,1
13766,ZP:0002193,DISO,"axon motor neuron decreased branchiness, abnormal",1
13767,ENSEMBL:ENSOANG00000000423,ORTH,ENSEMBL:ENSOANG00000000423,5
13768,WBPhenotype:0000168,DISO,alae secretion variant,1
13769,MONARCH:APO_0000062APO_0000002,GENO,colony shape:abnormal,4
13770,ZP:0003836,DISO,"regulation of fatty acid beta-oxidation disrupted, abnormal",1
13771,ENSEMBL:ENSACAG00000008857,ORTH,ENSEMBL:ENSACAG00000008857,5
13772,MP:0001153,DISO,small seminiferous tubules,1
13773,ENSEMBL:ENSMODG00000019837,ORTH,ENSEMBL:ENSMODG00000019837,5
13774,dictyBase:DDB_G0278133,GENO,DDB_G0278133,4
13775,HP:0040327,DISO,Abnormal morphology of the olfactory bulb,1
13776,HP:0000099,DISO,Glomerulonephritis,1
13777,MP:0030016,DISO,increased adipocyte glucose uptake,1
13778,MP:0031131,DISO,myocardial fiber disarray,1
13779,MP:0001307,DISO,fused cornea and lens,1
13780,ENSEMBL:ENSGALG00000003344,ORTH,ENSEMBL:ENSGALG00000003344,5
13781,WBPhenotype:0001933,DISO,synaptic vesicle tag abnormal in mechanosensory neurons,1
13782,WormBase:WBGene00019605,ORTH,ctsa-4.1,5
13783,ENSEMBL:ENSPTRG00000015352,ORTH,ENSEMBL:ENSPTRG00000015352,5
13784,dbSNP:rs3121419,GENO,rs3121419-T,4
13785,Xenbase:XB-GENE-5954840,ORTH,utp14a,5
13786,ENSEMBL:ENSPTRG00000014300,ORTH,ENSEMBL:ENSPTRG00000014300,5
13787,ZP:0017783,DISO,"neoplasm whole organism increased occurrence, abnormal",1
13788,MP:0008090,DISO,increased T-helper 2 cell number,1
13789,MP:0004876,DISO,decreased mean systemic arterial blood pressure,1
13790,MP:0002062,DISO,abnormal associative learning,1
13791,ZP:0000688,DISO,"cardiac muscle cell decreased amount, abnormal",1
13792,WBPhenotype:0001343,DISO,meiotic spindle defective early emb,1
13793,ZFIN:ZDB-GENE-061207-27,ORTH,grin2bb,5
13794,MP:0008042,DISO,abnormal NK T cell physiology,1
13795,WBPhenotype:0000668,DISO,endomitotic oocytes,1
13796,HP:0009921,DISO,Duane anomaly,1
13797,MP:0010226,DISO,increased quadriceps weight,1
13798,MP:0000592,DISO,short tail,1
13799,ENSEMBL:ENSDARG00000010940,ORTH,BX957278.1,5
13800,WBPhenotype:0000704,DISO,excretory canal morphology variant,1
13801,RGD:735037,ORTH,RT1-S3,5
13802,ENSEMBL:ENSCAFG00000031581,ORTH,MAPK3,5
13803,Xenbase:XB-GENE-489215,ORTH,mbd4,5
13804,ZP:0011182,DISO,"vagal ganglion decreased size, abnormal",1
13805,ENSEMBL:ENSPTRG00000006197,ORTH,ENSEMBL:ENSPTRG00000006197,5
13806,UBERON:0004359,ANAT,corpus epididymis,0
13807,ENSEMBL:ENSGALG00000042125,ORTH,AP2B1,5
13808,ZP:0003002,DISO,"eye shape, abnormal",1
13809,ZP:0103694,DISO,"oocyte development process quality, abnormal",1
13810,dbSNP:rs7659144,GENO,rs7659144-G,4
13811,HP:0001713,DISO,Abnormal cardiac ventricle morphology,1
13812,WBPhenotype:0001917,DISO,protein acetylation variant,1
13813,WBPhenotype:0004006,DISO,post hermaphrodite contact variant,1
13814,ZP:0003227,DISO,"axon forebrain decreased size, abnormal",1
13815,dictyBase:DDB_G0281045,GENO,DDB0216409,4
13816,dbSNPIndividual:22138,GENO,46;XY.arr 3p25.2(12651912-12806123)x3;6(q13q16.175176185-98959605)x2 hmz;7p21.3(7313484-13335041)x2 hmz;15q11.1(20216942-22681064)x1;17q22q24.2(53819086-65020731)x2 hmz [GM04285],4
13817,HGNC:10353,GENE,RPL4,3
13818,HP:0000174,DISO,Abnormal palate morphology,1
13819,MGI:95912,ORTH,H2-L,5
13820,MP:0010537,DISO,tumor regression,1
13821,ENSEMBL:ENSCAFG00000024323,ORTH,ENSEMBL:ENSCAFG00000024323,5
13822,dictyBase:DDB_G0280557,GENO,DDB_G0280557,4
13823,MP:0000383,DISO,abnormal hair follicle orientation,1
13824,ENSEMBL:ENSGALG00000008016,ORTH,ENSEMBL:ENSGALG00000008016,5
13825,ZP:0019432,DISO,"presumptive endoderm decreased amount, abnormal",1
13826,MGI:2671158,ORTH,Tg(HD82Gln)81Gschi [involves: C3H/HeJ * C57BL/6],5
13827,PomBase:SPAC1F3.03,GENO,sro7,4
13828,MP:0000693,DISO,spleen hyperplasia,1
13829,WBPhenotype:0000408,DISO,dauer recovery inhibited,1
13830,ENSEMBL:ENSBTAG00000016874,ORTH,ENSEMBL:ENSBTAG00000016874,5
13831,ENSEMBL:ENSPTRG00000046305,ORTH,ENSEMBL:ENSPTRG00000046305,5
13832,ENSEMBL:ENSACAG00000004618,ORTH,ENSEMBL:ENSACAG00000004618,5
13833,ENSEMBL:ENSCAFG00000009963,ORTH,PSMD14,5
13834,ENSEMBL:ENSACAG00000006212,ORTH,ENSEMBL:ENSACAG00000006212,5
13835,MGI:1890695,ORTH,Rab9,5
13836,MP:0008535,DISO,enlarged lateral ventricles,1
13837,WBPhenotype:0000506,DISO,bursa swollen,1
13838,ENSEMBL:ENSSSCG00000029160,ORTH,ENSEMBL:ENSSSCG00000029160,5
13839,ZFIN:ZDB-GENE-030131-3238,ORTH,pabpc1a,5
13840,HP:0008222,DISO,Female infertility,1
13841,ZFIN:ZDB-GENE-010131-2,ORTH,cdk5,5
13842,HP:0003189,DISO,Long nose,1
13843,MP:0005004,DISO,abnormal lymphocyte anergy,1
13844,MGI:1339708,ORTH,Neurod1,5
13845,HP:0002715,DISO,Abnormality of the immune system,1
13846,MONARCH:APO_0000257APO_0000250,GENO,cell cycle progression through the G2/M phase transition:arrested,4
13847,HP:0012020,DISO,Right aortic arch,1
13848,HGNC:5126,GENE,HOXC4,3
13849,ENSEMBL:ENSSSCG00000007930,ORTH,MGRN1,5
13850,ZP:0006871,DISO,"spindle ciliary marginal zone apical-basal polarity, abnormal",1
13851,Xenbase:XB-GENE-494779,ORTH,pacsin1,5
13852,ZP:0000752,DISO,"cardiac muscle cell increased amount, abnormal",1
13853,Coriell:GM05610,GENO,NIGMS-GM05610,4
13854,ENSEMBL:ENSGALG00000006294,ORTH,PSMD2,5
13855,WBPhenotype:0002172,DISO,pathogen release variant,1
13856,ENSEMBL:ENSGALG00000024039,ORTH,UTP14A,5
13857,Xenbase:XB-GENE-951034,ORTH,med31,5
13858,HP:0001388,DISO,Joint laxity,1
13859,HGNC:31326,GENE,ATXN2L,3
13860,MGI:1917493,ORTH,Wdr61,5
13861,FBcv:0000672,DISO,abnormal endomitotic cell cycle,1
13862,MP:0008943,DISO,increased sensitivity to induced cell death,1
13863,WormBase:WBGene00022465,ORTH,ift-20,5
13864,ZP:0003660,DISO,"axon motor neuron truncated, abnormal",1
13865,MP:0003873,DISO,pharyngeal arch hypoplasia,1
13866,ENSEMBL:ENSSSCG00000024621,ORTH,KAT2B,5
13867,HP:0000559,DISO,Corneal scarring,1
13868,FBcv:0000364,DISO,sterile,1
13869,ENSEMBL:ENSCAFG00000005810,ORTH,KAT2B,5
13870,HGNC:7326,GENE,MSH3,3
13871,HGNC:3659,GENE,FEZ1,3
13872,FlyBase:FBgn0025790,ORTH,TBPH,5
13873,ENSEMBL:ENSFCAG00000037386,ORTH,ENSEMBL:ENSFCAG00000037386,5
13874,MP:0008277,DISO,abnormal sternum ossification,1
13875,MGI:1096327,ORTH,Axin1,5
13876,HP:0009794,DISO,Branchial anomaly,1
13877,MP:0010880,DISO,small esophagus,1
13878,ENSEMBL:ENSMMUG00000015233,ORTH,ENSEMBL:ENSMMUG00000015233,5
13879,PomBase:SPAC11G7.02,GENO,pub1,4
13880,MGI:1194884,ORTH,Evl,5
13881,ENSEMBL:ENSSSCG00000011082,ORTH,ENSEMBL:ENSSSCG00000011082,5
13882,ENSEMBL:ENSECAG00000011835,ORTH,ENSEMBL:ENSECAG00000011835,5
13883,ZP:0007137,DISO,"anterior-posterior axis whole organism increased curvature, abnormal",1
13884,ZP:0131196,DISO,"cilium retina decreased amount, abnormal",1
13885,WBPhenotype:0002015,DISO,voltage measurement variant,1
13886,MP:0010617,DISO,thick mitral valve cusps,1
13887,ENSEMBL:ENSGALG00000004160,ORTH,ENSEMBL:ENSGALG00000004160,5
13888,ENSEMBL:ENSMODG00000009475,ORTH,ENSEMBL:ENSMODG00000009475,5
13889,Xenbase:XB-GENE-1008908,ORTH,chd3,5
13890,dictyBase:DDB_G0274241,GENO,bre1,4
13891,ENSEMBL:ENSACAG00000003659,ORTH,ENSEMBL:ENSACAG00000003659,5
13892,ZP:0018279,DISO,"axon development process quality, abnormal",1
13893,ENSEMBL:ENSCAFG00000006921,ORTH,RBCK1,5
13894,WormBase:WBGene00001501,ORTH,ftn-2,5
13895,ENSEMBL:ENSMMUG00000002021,ORTH,ENSEMBL:ENSMMUG00000002021,5
13896,ENSEMBL:ENSBTAG00000004915,ORTH,ENSEMBL:ENSBTAG00000004915,5
13897,ENSEMBL:ENSSSCG00000013064,ORTH,EEF1G,5
13898,MP:0030017,DISO,decreased adipocyte glucose uptake,1
13899,ZP:0011822,DISO,"nodal signaling pathway decreased process quality, abnormal",1
13900,FlyBase:FBgn0264574,ORTH,Glut1,5
13901,MP:0004984,DISO,increased osteoclast cell number,1
13902,RGD:3624,ORTH,Atxn1,5
13903,PomBase:SPAC13C5.02,GENO,dre4,4
13904,ENSEMBL:ENSFCAG00000008723,ORTH,ENSEMBL:ENSFCAG00000008723,5
13905,HP:0000028,DISO,Cryptorchidism,1
13906,ENSEMBL:ENSACAG00000001869,ORTH,ENSEMBL:ENSACAG00000001869,5
13907,ENSEMBL:ENSMODG00000016692,ORTH,ENSEMBL:ENSMODG00000016692,5
13908,ENSEMBL:ENSPTRG00000009525,ORTH,ENSEMBL:ENSPTRG00000009525,5
13909,ENSEMBL:ENSSSCG00000040663,ORTH,HERPUD1,5
13910,ENSEMBL:ENSECAG00000023247,ORTH,ENSEMBL:ENSECAG00000023247,5
13911,dictyBase:DDB_G0289909,GENO,DDB0188631,4
13912,HP:0000365,DISO,Hearing impairment,1
13913,ENSEMBL:ENSMMUG00000011045,ORTH,ENSEMBL:ENSMMUG00000011045,5
13914,MP:0001129,DISO,impaired ovarian folliculogenesis,1
13915,MP:0000440,DISO,domed cranium,1
13916,ZFIN:ZDB-GENE-011212-3,ORTH,vim,5
13917,ENSEMBL:ENSPTRG00000043450,ORTH,ENSEMBL:ENSPTRG00000043450,5
13918,MONARCH:APO_0000309APO_0000004,GENO,respiratory growth:increased,4
13919,ZP:0006404,DISO,"cranial cartilage decreased size, abnormal",1
13920,ENSEMBL:ENSFCAG00000007797,ORTH,ENSEMBL:ENSFCAG00000007797,5
13921,MP:0010313,DISO,increased osteoma incidence,1
13922,HP:0100543,DISO,Cognitive impairment,1
13923,HP:0002013,DISO,Vomiting,1
13924,ENSEMBL:ENSACAG00000012314,ORTH,ENSEMBL:ENSACAG00000012314,5
13925,Xenbase:XB-GENE-980934,ORTH,prmt2,5
13926,dictyBase:DDB_G0272118,GENO,ppp6c,4
13927,WormBase:WBGene00004807,ORTH,skr-1,5
13928,WormBase:WBGene00004117,ORTH,sin-3,5
13929,ENSEMBL:ENSBTAG00000004565,ORTH,A0A3Q1LLH1,5
13930,ENSEMBL:ENSSSCG00000005600,ORTH,ENSEMBL:ENSSSCG00000005600,5
13931,MGI:1914289,ORTH,Rbm25,5
13932,RGD:1305513,ORTH,Rnf31,5
13933,WBPhenotype:0001482,DISO,frequency body bend reduced,1
13934,HP:0011147,DISO,Typical absence seizure,1
13935,RGD:3889,ORTH,Tp53,5
13936,HP:0011718,DISO,Abnormality of the pulmonary veins,1
13937,ZP:0000594,DISO,"embryo development delayed, abnormal",1
13938,WBPhenotype:0001010,DISO,clear,1
13939,HP:0000772,DISO,Abnormality of the ribs,1
13940,ZP:0020493,DISO,"Meckel's cartilage decreased amount, abnormal",1
13941,ENSEMBL:ENSECAG00000003944,ORTH,ENSEMBL:ENSECAG00000003944,5
13942,dbSNPIndividual:17323,GENO,46;XX;46;XX.arr(1-22;X)x2 [GM03621],4
13943,SGD:S000003865,ORTH,SOD1,5
13944,MP:0003176,DISO,reversion by viral sequence excision,1
13945,ENSEMBL:ENSMMUG00000015803,ORTH,ENSEMBL:ENSMMUG00000015803,5
13946,MP:0004255,DISO,abnormal spongiotrophoblast layer morphology,1
13947,HGNC:4527,GENE,C5AR2,3
13948,MONARCH:APO_0000267APO_0000004,GENO,entry into G0 (stationary phase):increased,4
13949,WBPhenotype:0002581,DISO,cell position variability increased,1
13950,SGD:S000002924,ORTH,EMI2,5
13951,ENSEMBL:ENSOANG00000002507,ORTH,ENSEMBL:ENSOANG00000002507,5
13952,ZP:0006622,DISO,"whole organism semi-viable, abnormal",1
13953,ENSEMBL:ENSACAG00000013268,ORTH,ENSEMBL:ENSACAG00000013268,5
13954,ZP:0000365,DISO,"sensory neuron trigeminal placode mislocalised anteriorly, abnormal",1
13955,WBPhenotype:0000634,DISO,pharyngeal pumping variant,1
13956,ENSEMBL:ENSMMUG00000022221,ORTH,ENSEMBL:ENSMMUG00000022221,5
13957,WBPhenotype:0002336,DISO,path curvature increased,1
13958,MP:0004556,DISO,enlarged allantois,1
13959,dictyBase:DDB_G0277243,GENO,DDB_G0277243,4
13960,ENSEMBL:ENSMMUG00000016741,ORTH,ENSEMBL:ENSMMUG00000016741,5
13961,ZP:0000826,DISO,"cardiac muscle cell atrium increased amount, abnormal",1
13962,ZP:0000500,DISO,"Meckel's cartilage decreased length, abnormal",1
13963,WBPhenotype:0000061,DISO,extended life span,1
13964,ENSEMBL:ENSMODG00000020235,ORTH,ENSEMBL:ENSMODG00000020235,5
13965,ENSEMBL:ENSOANG00000036944,ORTH,ENSEMBL:ENSOANG00000036944,5
13966,ENSEMBL:ENSACAG00000010065,ORTH,ENSEMBL:ENSACAG00000010065,5
13967,ENSEMBL:ENSACAG00000028858,ORTH,ENSEMBL:ENSACAG00000028858,5
13968,ZP:0017628,DISO,"pronephric proximal convoluted tubule distended, abnormal",1
13969,HP:0011947,DISO,Respiratory tract infection,1
13970,ENSEMBL:ENSECAG00000020929,ORTH,ENSEMBL:ENSECAG00000020929,5
13971,ENSEMBL:ENSFCAG00000015468,ORTH,ENSEMBL:ENSFCAG00000015468,5
13972,ZP:0138135,DISO,"cardiac myofibril cardiac ventricle increased contractility, abnormal",1
13973,HP:0040088,DISO,Abnormal lymphocyte count,1
13974,WBPhenotype:0000516,DISO,ventral cord disorganized,1
13975,MGI:95485,ORTH,Fasn,5
13976,dictyBase:DDB_G0284381,GENO,DDB0185981,4
13977,FlyBase:FBgn0003189,ORTH,r,5
13978,WormBase:WBGene00016239,ORTH,C30A5.4,5
13979,ENSEMBL:ENSACAG00000002828,ORTH,ENSEMBL:ENSACAG00000002828,5
13980,ENSEMBL:ENSGALG00000007653,ORTH,RAE1,5
13981,ZP:0001051,DISO,"pectoral fin decreased size, abnormal",1
13982,MP:0012307,DISO,impaired spatial learning,1
13983,SGD:S000002240,ORTH,RPL13A,5
13984,HGNC:9966,GENE,REST,3
13985,ZP:0003997,DISO,"cerebellum decreased size, abnormal",1
13986,FBcv:0000718,DISO,decreased cell growth,1
13987,MP:0011097,DISO,"embryonic lethality between somite formation and embryo turning, complete penetrance",1
13988,ENSEMBL:ENSBTAG00000027337,ORTH,CTSA,5
13989,ENSEMBL:ENSECAG00000009936,ORTH,ENSEMBL:ENSECAG00000009936,5
13990,WormBase:WBGene00004313,ORTH,rbc-1,5
13991,ENSEMBL:ENSMODG00000008997,ORTH,ENSEMBL:ENSMODG00000008997,5
13992,MP:0000852,DISO,small cerebellum,1
13993,ENSEMBL:ENSMODG00000016736,ORTH,ENSEMBL:ENSMODG00000016736,5
13994,PomBase:SPAC57A7.06,GENO,utp14,4
13995,UBERON:0001950,ANAT,neocortex,0
13996,ZP:0010452,DISO,"myofibril skeletal muscle cell decreased amount, abnormal",1
13997,MP:0012135,DISO,embryonic-extraembryonic boundary constriction,1
13998,ZP:0018956,DISO,"brain decreased amount, abnormal",1
13999,MP:0030927,DISO,decreased telomere length,1
14000,FlyBase:FBgn0264855,ORTH,AP-2alpha,5
14001,HGNC:11125,GENE,SUMO2,3
14002,RGD:1311457,ORTH,Hypk,5
14003,WBPhenotype:0001321,DISO,presynaptic region morphology variant,1
14004,WBPhenotype:0001227,DISO,commissure absent,1
14005,ZP:0006347,DISO,"intestinal villus disorganized, abnormal",1
14006,ENSEMBL:ENSXETG00000016466,ORTH,XB5894692 [provisional:azgp1],5
14007,ENSEMBL:ENSFCAG00000000444,ORTH,ENSEMBL:ENSFCAG00000000444,5
14008,ENSEMBL:ENSMODG00000010620,ORTH,ENSEMBL:ENSMODG00000010620,5
14009,ZFIN:ZDB-GENE-040426-1681,ORTH,efr3a,5
14010,ZP:0011672,DISO,"medial rectus decreased thickness, abnormal",1
14011,MP:0008413,DISO,decreased cellular sensitivity to oxidative stress,1
14012,ENSEMBL:ENSCAFG00000032009,ORTH,ENSEMBL:ENSCAFG00000032009,5
14013,MP:0010019,DISO,liver vascular congestion,1
14014,MP:0004974,DISO,decreased regulatory T cell number,1
14015,Xenbase:XB-GENE-973579,ORTH,mgc89871,5
14016,MP:0008083,DISO,decreased single-positive T cell number,1
14017,WBPhenotype:0001268,DISO,induced cell death variant,1
14018,Xenbase:XB-GENE-486781,ORTH,axin1,5
14019,FlyBase:FBgn0003139,ORTH,PpV,5
14020,ENSEMBL:ENSACAG00000012743,ORTH,ENSEMBL:ENSACAG00000012743,5
14021,dbSNP:rs8031584,GENO,rs8031584-?,4
14022,ZP:0000027,DISO,"post-vent region decreased length, abnormal",1
14023,ENSEMBL:ENSPTRG00000030043,ORTH,ENSEMBL:ENSPTRG00000030043,5
14024,HP:0010976,DISO,B lymphocytopenia,1
14025,HP:0012767,DISO,Abnormal placental size,1
14026,Xenbase:XB-GENE-971842,ORTH,usp14,5
14027,ZFIN:ZDB-GENE-030131-4449,ORTH,etfa,5
14028,FlyBase:FBgn0030694,ORTH,CG15602,5
14029,PomBase:SPBC30D10.10c,GENO,tor1,4
14030,ZFIN:ZDB-GENE-040426-2707,ORTH,hnrnpl2,5
14031,MP:0003974,DISO,abnormal endocardium morphology,1
14032,MP:0008703,DISO,decreased interleukin-5 secretion,1
14033,ZFIN:ZDB-GENE-021211-2,ORTH,msna,5
14034,ENSEMBL:ENSGALG00000044177,ORTH,ENSEMBL:ENSGALG00000044177,5
14035,ZFIN:ZDB-GENE-121031-4,ORTH,chd3,5
14036,dictyBase:DDB_G0280855,GENO,DDB_G0280855,4
14037,WBPhenotype:0000386,DISO,genotoxic chemical induced apoptosis variant,1
14038,MGI:3573927,ORTH,Htt<tm1Detl>/Htt<tm1Detl> [involves: 129P2/OlaHsd * C57BL/6J],5
14039,ZP:0005968,DISO,"male organism decreased male fertility, abnormal",1
14040,HGNC:23533,GENE,TCERG1L,3
14041,ENSEMBL:ENSBTAG00000021717,ORTH,BDKRB2,5
14042,HP:0010831,DISO,Impaired proprioception,1
14043,FBcv:0002030,DISO,lethal - all die during pupal stage,1
14044,MGI:107739,ORTH,Casp3,5
14045,PomBase:SPBC32F12.11,GENO,tdh1,4
14046,ZFIN:ZDB-GENE-050706-62,ORTH,rcn2,5
14047,HGNC:4586,GENE,GRIN2B,3
14048,ENSEMBL:ENSMMUG00000003348,ORTH,ENSEMBL:ENSMMUG00000003348,5
14049,ENSEMBL:ENSSSCG00000036924,ORTH,PSMA4,5
14050,ZFIN:ZDB-GENE-081107-14,ORTH,znf451,5
14051,ZP:0004331,DISO,"pronephric glomerulus permeability, abnormal",1
14052,ENSEMBL:ENSBTAG00000005355,ORTH,ENSEMBL:ENSBTAG00000005355,5
14053,EFO:0004840,GENO,cortical thickness,4
14054,MP:0013940,DISO,abnormal plasmablast number,1
14055,ENSEMBL:ENSMODG00000002732,ORTH,ENSEMBL:ENSMODG00000002732,5
14056,ZP:0002562,DISO,"whole organism increased curvature, abnormal",1
14057,MP:0003453,DISO,abnormal keratinocyte physiology,1
14058,HP:0000613,DISO,Photophobia,1
14059,MONARCH:APO_0000209APO_0000248,GENO,protein/peptide distribution:increased duration,4
14060,HP:0045045,DISO,Elevated circulating acylcarnitine concentration,1
14061,ZFIN:ZDB-GENE-041010-48,ORTH,casp6b.1,5
14062,HP:0008551,DISO,Microtia,1
14063,ZP:0020461,DISO,"neural crest cell pharyngeal arch decreased distribution, abnormal",1
14064,HP:0002509,DISO,Limb hypertonia,1
14065,ENSEMBL:ENSMMUG00000011018,ORTH,ENSEMBL:ENSMMUG00000011018,5
14066,ZP:0018678,DISO,"right side epithalamus mislocalised, abnormal",1
14067,ZP:0137227,DISO,"neuron projection CaP motoneuron decreased amount, abnormal",1
14068,ENSEMBL:ENSMMUG00000008379,ORTH,ENSEMBL:ENSMMUG00000008379,5
14069,ENSEMBL:ENSECAG00000023171,ORTH,ENSEMBL:ENSECAG00000023171,5
14070,MP:0002741,DISO,small olfactory bulb,1
14071,ZP:0003400,DISO,"amyloid precursor protein metabolic process disrupted, abnormal",1
14072,WBPhenotype:0001382,DISO,protein modification variant,1
14073,HP:0000252,DISO,Microcephaly,1
14074,MP:0000906,DISO,abnormal trigeminal V mesencephalic nucleus morphology,1
14075,ENSEMBL:ENSSSCG00000005641,ORTH,DNM1,5
14076,ENSEMBL:ENSCAFG00000017778,ORTH,ENSEMBL:ENSCAFG00000017778,5
14077,ENSEMBL:ENSCAFG00000000453,ORTH,ENSEMBL:ENSCAFG00000000453,5
14078,HP:0004481,DISO,Progressive macrocephaly,1
14079,MONARCH:APO_0000147APO_0000004,GENO,heat sensitivity:increased,4
14080,MP:0005386,DISO,behavior/neurological phenotype,1
14081,ENSEMBL:ENSMODG00000018750,ORTH,ENSEMBL:ENSMODG00000018750,5
14082,ENSEMBL:ENSBTAG00000000753,ORTH,ENSEMBL:ENSBTAG00000000753,5
14083,ENSEMBL:ENSACAG00000013607,ORTH,ENSEMBL:ENSACAG00000013607,5
14084,WormBase:WBGene00022401,ORTH,Y97E10AR.6,5
14085,ZP:0002314,DISO,"head shape, abnormal",1
14086,RGD:1303120,ORTH,Tacc1,5
14087,ENSEMBL:ENSPTRG00000009247,ORTH,ENSEMBL:ENSPTRG00000009247,5
14088,ENSEMBL:ENSMODG00000002694,ORTH,ENSEMBL:ENSMODG00000002694,5
14089,ENSEMBL:ENSACAG00000006502,ORTH,ENSEMBL:ENSACAG00000006502,5
14090,EFO:0005208,GENO,glomerular filtration rate,4
14091,EFO:0004833,GENO,neutrophil count,4
14092,ENSEMBL:ENSMODG00000004051,ORTH,ENSEMBL:ENSMODG00000004051,5
14093,dictyBase:DDB_G0278945,GENO,DDB0218126,4
14094,ENSEMBL:ENSGALG00000011330,ORTH,ENSEMBL:ENSGALG00000011330,5
14095,Coriell:GM06769,GENO,NIGMS-GM06769,4
14096,MGI:104662,ORTH,Pml,5
14097,ENSEMBL:ENSCAFG00000016687,ORTH,CTBP1,5
14098,MP:0000491,DISO,crypts of Lieberkuhn abscesses,1
14099,HP:0001251,DISO,Ataxia,1
14100,ZFIN:ZDB-GENE-050321-1,ORTH,hsp70l,5
14101,ENSEMBL:ENSFCAG00000044226,ORTH,ENSEMBL:ENSFCAG00000044226,5
14102,FlyBase:FBgn0031057,ORTH,Ubqn,5
14103,MONARCH:APO_0000316APO_0000003,GENO,chronological lifespan:decreased,4
14104,ZP:0019148,DISO,"Golgi stack eye photoreceptor cell distended, abnormal",1
14105,Coriell:GM04852,GENO,NIGMS-GM04852,4
14106,HP:0011063,DISO,Abnormal incisor morphology,1
14107,MP:0003420,DISO,delayed intramembranous bone ossification,1
14108,ZFIN:ZDB-GENE-060929-860,ORTH,cenpe,5
14109,dictyBase:DDB_G0285063,GENO,DDB_G0285063,4
14110,ZP:0010279,DISO,"peripheral nervous system neoplastic, malignant, abnormal",1
14111,ENSEMBL:ENSFCAG00000036638,ORTH,ENSEMBL:ENSFCAG00000036638,5
14112,PomBase:SPBC16H5.07c,GENO,ppa2,4
14113,ZFIN:ZDB-GENE-040426-1029,ORTH,rae1,5
14114,ZFIN:ZDB-GENE-040801-98,ORTH,morc3b,5
14115,ENSEMBL:ENSCAFG00000007626,ORTH,ENSEMBL:ENSCAFG00000007626,5
14116,WBPhenotype:0000412,DISO,octanol chemotaxis defective,1
14117,ENSEMBL:ENSGALG00000035804,ORTH,ENSEMBL:ENSGALG00000035804,5
14118,WBPhenotype:0000676,DISO,growth rate variant,1
14119,ENSEMBL:ENSACAG00000002564,ORTH,ENSEMBL:ENSACAG00000002564,5
14120,RGD:2909,ORTH,Kpnb1,5
14121,SGD:S000005441,ORTH,IRA2,5
14122,WormBase:WBGene00194816,ORTH,ZK616.61,5
14123,WormBase:WBGene00009977,ORTH,swan-1,5
14124,HP:0004415,DISO,Pulmonary artery stenosis,1
14125,HP:0001262,DISO,Excessive daytime somnolence,1
14126,MP:0008511,DISO,thin retinal inner nuclear layer,1
14127,ENSEMBL:ENSECAG00000023415,ORTH,ENSEMBL:ENSECAG00000023415,5
14128,HGNC:10832,GENE,SH3GL3,3
14129,ENSEMBL:ENSPTRG00000005449,ORTH,ENSEMBL:ENSPTRG00000005449,5
14130,MGI:3709758,ORTH,Drd1<tm2Jcd>/Drd1<+>; Tg(Camk2a-cre)2Gsc [involves: 129S4/SvJae * FVB/N],5
14131,MP:0008672,DISO,increased interleukin-13 secretion,1
14132,WBPhenotype:0000766,DISO,centrosome pair and associated pronuclear rotation variant,1
14133,ZP:0007684,DISO,"cardiac muscle cell atrioventricular canal morphology, abnormal",1
14134,MP:0002176,DISO,increased brain weight,1
14135,MP:0000468,DISO,abnormal esophageal epithelium morphology,1
14136,MONARCH:APO_0000309APO_0000245,GENO,respiratory growth:decreased rate,4
14137,ENSEMBL:ENSECAG00000017646,ORTH,ENSEMBL:ENSECAG00000017646,5
14138,WBPhenotype:0000358,DISO,extra cell division postembryonic,1
14139,ENSEMBL:ENSPTRG00000004577,ORTH,ENSEMBL:ENSPTRG00000004577,5
14140,ENSEMBL:ENSGALG00000025904,ORTH,ENSEMBL:ENSGALG00000025904,5
14141,FlyBase:FBgn0033949,ORTH,Had2,5
14142,ENSEMBL:ENSMMUG00000016901,ORTH,ENSEMBL:ENSMMUG00000016901,5
14143,WBPhenotype:0001319,DISO,endogenous synaptic event frequency reduced,1
14144,WBPhenotype:0002046,DISO,iron homeostasis variant,1
14145,WBPhenotype:0000361,DISO,lima bean arrest,1
14146,ZFIN:ZDB-GENE-091113-52,ORTH,rps6kb1a,5
14147,MGI:3032524,ORTH,Fam71f1,5
14148,ZP:0003159,DISO,"intestine decreased thickness, abnormal",1
14149,FlyBase:FBgn0001216,ORTH,Hsc70-1,5
14150,RGD:1304800,ORTH,Gga2,5
14151,HP:0002605,DISO,Hepatic necrosis,1
14152,ENSEMBL:ENSMODG00000010827,ORTH,ENSEMBL:ENSMODG00000010827,5
14153,ZP:0018575,DISO,"whole organism absent, abnormal",1
14154,HP:0030260,DISO,Microphallus,1
14155,MGI:2137706,ORTH,Actn1,5
14156,ENSEMBL:ENSOANG00000002100,ORTH,ENSEMBL:ENSOANG00000002100,5
14157,ENSEMBL:ENSMODG00000015637,ORTH,ENSEMBL:ENSMODG00000015637,5
14158,MP:0001265,DISO,decreased body size,1
14159,HP:0001789,DISO,Hydrops fetalis,1
14160,MP:0002836,DISO,abnormal chorion morphology,1
14161,ENSEMBL:ENSECAG00000024998,ORTH,ENSEMBL:ENSECAG00000024998,5
14162,ENSEMBL:ENSCAFG00000002290,ORTH,A0A5F4CUZ1,5
14163,ZFIN:ZDB-GENE-130730-1,ORTH,akt1,5
14164,MP:0002857,DISO,cochlear ganglion degeneration,1
14165,WBPhenotype:0002382,DISO,resistant to bioactive compound,1
14166,ENSEMBL:ENSPTRG00000018796,ORTH,ENSEMBL:ENSPTRG00000018796,5
14167,MP:0000909,DISO,abnormal facial motor nucleus morphology,1
14168,ENSEMBL:ENSGALG00000007302,ORTH,ATXN7,5
14169,dictyBase:DDB_G0274613,GENO,DDB_G0274613,4
14170,ENSEMBL:ENSPTRG00000015077,ORTH,ENSEMBL:ENSPTRG00000015077,5
14171,FlyBase:FBgn0024814,ORTH,Clc,5
14172,ZP:0006747,DISO,"maintenance of blood-brain barrier disrupted, abnormal",1
14173,MP:0011624,DISO,abnormal sensitization to xenobiotic,1
14174,WormBase:WBGene00002075,ORTH,imb-1,5
14175,ENSEMBL:ENSMMUG00000046892,ORTH,ENSEMBL:ENSMMUG00000046892,5
14176,ZFIN:ZDB-GENE-060503-207,ORTH,kat2b,5
14177,WormBase:WBGene00018294,ORTH,atg-18,5
14178,HGNC:19421,GENE,ING5,3
14179,HP:0000107,DISO,Renal cyst,1
14180,MP:0000098,DISO,abnormal vomer bone morphology,1
14181,ENSEMBL:ENSCAFG00000041148,ORTH,ENSEMBL:ENSCAFG00000041148,5
14182,MP:0012193,DISO,increased keratinocyte migration,1
14183,ENSEMBL:ENSSSCG00000024564,ORTH,IMMT,5
14184,WormBase:WBGene00004813,ORTH,skr-7,5
14185,HGNC:4584,GENE,GRIN1,3
14186,FlyBase:FBgn0003277,ORTH,Polr2A,5
14187,PomBase:SPBC12D12.04c,GENO,pck2,4
14188,ZP:0003837,DISO,"mitochondrion brain swollen, abnormal",1
14189,WBPhenotype:0000022,DISO,long,1
14190,HP:0001231,DISO,Abnormal fingernail morphology,1
14191,ZP:0010089,DISO,"olfactory placode composition, abnormal",1
14192,MGI:1333865,ORTH,Rfxank,5
14193,ENSEMBL:ENSECAG00000012677,ORTH,ENSEMBL:ENSECAG00000012677,5
14194,ENSEMBL:ENSCAFG00000049613,ORTH,A0A5F4C2P0,5
14195,ENSEMBL:ENSECAG00000015999,ORTH,ENSEMBL:ENSECAG00000015999,5
14196,ZP:0101325,DISO,"posterior region whole organism decreased amount, abnormal",1
14197,ENSEMBL:ENSCAFG00000004724,ORTH,ENSEMBL:ENSCAFG00000004724,5
14198,ENSEMBL:ENSCAFG00000005492,ORTH,ENSEMBL:ENSCAFG00000005492,5
14199,FlyBase:FBgn0243512,ORTH,puc,5
14200,ENSEMBL:ENSBTAG00000018999,ORTH,ENSEMBL:ENSBTAG00000018999,5
14201,MP:0011099,DISO,"lethality throughout fetal growth and development, complete penetrance",1
14202,ZP:0003669,DISO,"sarcomerogenesis disrupted, abnormal",1
14203,HP:0040140,DISO,Degeneration of the striatum,1
14204,ENSEMBL:ENSPTRG00000000548,ORTH,ENSEMBL:ENSPTRG00000000548,5
14205,MP:0004201,DISO,fetal growth retardation,1
14206,ENSEMBL:ENSECAG00000024248,ORTH,ENSEMBL:ENSECAG00000024248,5
14207,Xenbase:XB-GENE-963757,ORTH,neurod1,5
14208,ENSEMBL:ENSBTAG00000005786,ORTH,ENSEMBL:ENSBTAG00000005786,5
14209,MGI:108498,ORTH,Nbr1,5
14210,ENSEMBL:ENSPTRG00000015524,ORTH,ENSEMBL:ENSPTRG00000015524,5
14211,HP:0005692,DISO,Joint hyperflexibility,1
14212,ENSEMBL:ENSOANG00000041977,ORTH,ENSEMBL:ENSOANG00000041977,5
14213,WBPhenotype:0001955,DISO,multiple nuclei oocyte,1
14214,ZP:0004604,DISO,"eye hypoplastic, abnormal",1
14215,SGD:S000004754,ORTH,TIF34,5
14216,ENSEMBL:ENSMODG00000010370,ORTH,ENSEMBL:ENSMODG00000010370,5
14217,ZFIN:ZDB-GENE-990914-3,ORTH,gfap,5
14218,MP:0004379,DISO,wide frontal bone,1
14219,Xenbase:XB-GENE-945356,ORTH,fez1,5
14220,ZP:0006599,DISO,"dorsal aorta absent, abnormal",1
14221,ENSEMBL:ENSSSCG00000001341,ORTH,SLA-11,5
14222,ENSEMBL:ENSSSCG00000022896,ORTH,CRMP1,5
14223,MP:0005517,DISO,decreased liver regeneration,1
14224,MGI:6400710,ORTH,Htt<tm5Detl>/Htt<+> [involves: C57BL/6],5
14225,Coriell:GM04721,GENO,NIGMS-GM04721,4
14226,FBcv:0000403,DISO,abnormal chemosensitive behavior,1
14227,ENSEMBL:ENSPTRG00000009234,ORTH,ENSEMBL:ENSPTRG00000009234,5
14228,MP:0002702,DISO,decreased circulating free fatty acids level,1
14229,MP:0008457,DISO,abnormal cortical intermediate zone morphology,1
14230,ENSEMBL:ENSSSCG00000039077,ORTH,LOC100738412,5
14231,ENSEMBL:ENSFCAG00000028444,ORTH,ENSEMBL:ENSFCAG00000028444,5
14232,EFO:0003963,GENO,freckles,4
14233,ENSEMBL:ENSOANG00000042116,ORTH,ENSEMBL:ENSOANG00000042116,5
14234,ZP:0000582,DISO,"myotome increased width, abnormal",1
14235,ENSEMBL:ENSMODG00000014066,ORTH,ENSEMBL:ENSMODG00000014066,5
14236,Xenbase:XB-GENE-1017127,ORTH,ppp6c,5
14237,ENSEMBL:ENSECAG00000003121,ORTH,ENSEMBL:ENSECAG00000003121,5
14238,MP:0006380,DISO,abnormal spermatid morphology,1
14239,MP:0012300,DISO,abnormal umbilical cord blood vessel morphology,1
14240,WBPhenotype:0002192,DISO,extra sex myoblasts,1
14241,WormBase:WBGene00000199,ORTH,arx-1,5
14242,Coriell:GM05622,GENO,NIGMS-GM05622,4
14243,ZP:0019989,DISO,"microtubule cytoskeleton neural keel composition, abnormal",1
14244,ZP:0019549,DISO,"cleithrum decreased amount, abnormal",1
14245,SGD:S000004765,ORTH,TPP1,5
14246,ENSEMBL:ENSSSCG00000008274,ORTH,DCTN1,5
14247,ENSEMBL:ENSGALG00000041746,ORTH,ENSEMBL:ENSGALG00000041746,5
14248,ENSEMBL:ENSECAG00000004617,ORTH,ENSEMBL:ENSECAG00000004617,5
14249,FlyBase:FBgn0002787,ORTH,Rpn8,5
14250,MP:0009403,DISO,increased variability of skeletal muscle fiber size,1
14251,WormBase:WBGene00000105,ORTH,alg-1,5
14252,ENSEMBL:ENSFCAG00000028456,ORTH,ENSEMBL:ENSFCAG00000028456,5
14253,ENSEMBL:ENSCAFG00000004686,ORTH,A0A5F4DH63,5
14254,ENSEMBL:ENSMODG00000008074,ORTH,ENSEMBL:ENSMODG00000008074,5
14255,ENSEMBL:ENSBTAG00000009985,ORTH,ENSEMBL:ENSBTAG00000009985,5
14256,ENSEMBL:ENSGALG00000034716,ORTH,ENSEMBL:ENSGALG00000034716,5
14257,MP:0008706,DISO,decreased interleukin-6 secretion,1
14258,ENSEMBL:ENSACAG00000014733,ORTH,ENSEMBL:ENSACAG00000014733,5
14259,ENSEMBL:ENSBTAG00000046633,ORTH,A0A3Q1MM35,5
14260,ZP:0000222,DISO,"heart looping disrupted, abnormal",1
14261,ENSEMBL:ENSECAG00000020055,ORTH,ENSEMBL:ENSECAG00000020055,5
14262,ZP:0004336,DISO,"pigmentation delayed, abnormal",1
14263,WormBase:WBGene00004083,ORTH,pph-1,5
14264,MP:0012156,DISO,rostral-caudal axis duplication,1
14265,ENSEMBL:ENSECAG00000016628,ORTH,ENSEMBL:ENSECAG00000016628,5
14266,ZP:0018343,DISO,"vagal ganglion decreased process quality fasciculation of sensory neuron axon, abnormal",1
14267,MP:0000373,DISO,belly spot,1
14268,ZP:0019448,DISO,"testis decreased amount, abnormal",1
14269,FlyBase:FBgn0042710,ORTH,Hex-t2,5
14270,MGI:1858202,ORTH,Rab11a,5
14271,ZP:0003621,DISO,"head opaque, abnormal",1
14272,MGI:1926143,ORTH,Cnot10,5
14273,MP:0006279,DISO,abnormal limb development,1
14274,MP:0001701,DISO,incomplete embryo turning,1
14275,SGD:S000001300,ORTH,NOT3,5
14276,ENSEMBL:ENSBTAG00000044181,ORTH,ENSEMBL:ENSBTAG00000044181,5
14277,MGI:1921367,ORTH,Actr3,5
14278,WBPhenotype:0001716,DISO,forward point velocity variant,1
14279,ZP:0014492,DISO,"anterior region neuroectoderm absent, abnormal",1
14280,HP:0100827,DISO,Lymphocytosis,1
14281,HP:0100879,DISO,Enlarged ovaries,1
14282,WormBase:WBGene00013724,ORTH,Y106G6H.14,5
14283,WBPhenotype:0001982,DISO,cell membrane organization biogenesis variant,1
14284,FBcv:0002019,DISO,increased mortality during development,1
14285,HP:0003546,DISO,Exercise intolerance,1
14286,ZP:0010630,DISO,"swim bladder inflation decreased process quality, abnormal",1
14287,MP:0002219,DISO,decreased lymph node number,1
14288,ENSEMBL:ENSMODG00000011727,ORTH,ENSEMBL:ENSMODG00000011727,5
14289,FlyBase:FBgn0026176,ORTH,SkpB,5
14290,ZP:0002943,DISO,"lens malformed, abnormal",1
14291,ZP:0000116,DISO,"anterior-posterior axis whole organism curved ventral, abnormal",1
14292,ENSEMBL:ENSCAFG00000001211,ORTH,HMGA1,5
14293,WBPhenotype:0000458,DISO,starvation resistant,1
14294,ENSEMBL:ENSECAG00000017461,ORTH,ENSEMBL:ENSECAG00000017461,5
14295,ZP:0019384,DISO,"anatomical structure decreased distribution, abnormal",1
14296,MP:0008284,DISO,abnormal hippocampus pyramidal cell layer,1
14297,Xenbase:XB-GENE-479691,ORTH,psmb7.2,5
14298,ZFIN:ZDB-GENE-070424-194,ORTH,zdhhc17,5
14299,WormBase:WBGene00006864,ORTH,npr-16,5
14300,WBPhenotype:0002460,DISO,no induction of antimicrobial peptide expression after infection,1
14301,HP:0000315,DISO,Abnormality of the orbital region,1
14302,RGD:621165,ORTH,Mk1,5
14303,HP:0002669,DISO,Osteosarcoma,1
14304,HP:0010821,DISO,Focal emotional seizure with laughing,1
14305,ENSEMBL:ENSBTAG00000039851,ORTH,ENSEMBL:ENSBTAG00000039851,5
14306,MP:0003159,DISO,abnormal esophageal smooth muscle morphology,1
14307,MGI:1338882,ORTH,Pex11b,5
14308,WBPhenotype:0000038,DISO,exploded through vulva,1
14309,SGD:S000005373,ORTH,HRD1,5
14310,dictyBase:DDB_G0280755,GENO,ubqB,4
14311,MGI:1346859,ORTH,Mapk3,5
14312,WBPhenotype:0000793,DISO,posterior body morphology variant,1
14313,WBPhenotype:0001913,DISO,excess coelomocytes,1
14314,WBPhenotype:0002069,DISO,axon termination defective,1
14315,MP:0009858,DISO,abnormal cellular extravasation,1
14316,MP:0008872,DISO,abnormal physiological response to xenobiotic,1
14317,HGNC:463,GENE,AMFR,3
14318,ZP:0000301,DISO,"peripheral neuron decreased length, abnormal",1
14319,MP:0008670,DISO,decreased interleukin-12b secretion,1
14320,WBPhenotype:0001026,DISO,nuclear morphology variation early emb,1
14321,MP:0009473,DISO,abnormal skin exfoliation,1
14322,MP:0002804,DISO,abnormal motor learning,1
14323,RGD:2318303,ORTH,LOC100362384,5
14324,EnsemblGenome:AT5G01270,ORTH,EnsemblGenome:AT5G01270,5
14325,MP:0005326,DISO,abnormal podocyte morphology,1
14326,WormBase:WBGene00013598,ORTH,vps-28,5
14327,ZP:0003107,DISO,"palatoquadrate cartilage malformed, abnormal",1
14328,FlyBase:FBgn0000253,ORTH,Cam,5
14329,ENSEMBL:ENSGALG00000008494,ORTH,ENSEMBL:ENSGALG00000008494,5
14330,WBPhenotype:0002348,DISO,frequency of body bends increased,1
14331,MP:0004843,DISO,abnormal Paneth cell morphology,1
14332,ENSEMBL:ENSOANG00000040893,ORTH,ENSEMBL:ENSOANG00000040893,5
14333,FlyBase:FBgn0026090,ORTH,Lamtor5,5
14334,UBERON:0014892,ANAT,skeletal muscle organ,0
14335,ENSEMBL:ENSACAG00000017945,ORTH,ENSEMBL:ENSACAG00000017945,5
14336,MP:0009425,DISO,increased soleus weight,1
14337,HP:0000396,DISO,Overfolded helix,1
14338,ENSEMBL:ENSMMUG00000010152,ORTH,ENSEMBL:ENSMMUG00000010152,5
14339,ZFIN:ZDB-GENE-030717-7,ORTH,msnb,5
14340,EFO:0007978,GENO,red blood cell density measurement,4
14341,ENSEMBL:ENSFCAG00000023434,ORTH,ENSEMBL:ENSFCAG00000023434,5
14342,FBcv:0000449,DISO,abnormal planar polarity,1
14343,ENSEMBL:ENSACAG00000008661,ORTH,ENSEMBL:ENSACAG00000008661,5
14344,ZP:0002191,DISO,"axon trigeminal motor nucleus decreased length, abnormal",1
14345,HGNC:2091,GENE,CLTB,3
14346,MP:0001176,DISO,abnormal lung development,1
14347,ENSEMBL:ENSSSCG00000014343,ORTH,ENSEMBL:ENSSSCG00000014343,5
14348,ENSEMBL:ENSMODG00000013274,ORTH,ENSEMBL:ENSMODG00000013274,5
14349,RGD:68371,ORTH,Mtor,5
14350,MGI:5564938,ORTH,Emx1<tm1(cre)Ito>/Emx1<+>; Tg(HTT*97Q)IXwy [involves: 129P2/OlaHsd * FVB],5
14351,ENSEMBL:ENSPTRG00000021922,ORTH,ENSEMBL:ENSPTRG00000021922,5
14352,ZP:0002702,DISO,"endoplasmic reticulum chondrocyte morphology, abnormal",1
14353,ZP:0011930,DISO,"pancreas decreased process quality poly(A)+ mRNA export from nucleus, abnormal",1
14354,HP:0100792,DISO,Acantholysis,1
14355,ZP:0106395,DISO,"ceratobranchial 4 cartilage decreased amount, abnormal",1
14356,HGNC:620,GENE,APP,3
14357,ZP:0000821,DISO,"pharyngeal arch 1 decreased size, abnormal",1
14358,HGNC:25471,GENE,WIPI1,3
14359,ZFIN:ZDB-GENE-071203-2,ORTH,ulk1b,5
14360,MP:0009801,DISO,abnormal hair cortex keratinization,1
14361,WBPhenotype:0001519,DISO,posterior cell migration variant,1
14362,ENSEMBL:ENSRNOG00000022407,ORTH,F1M8C2,5
14363,ENSEMBL:ENSMODG00000039790,ORTH,ENSEMBL:ENSMODG00000039790,5
14364,Xenbase:XB-GENE-5777680,ORTH,prrc1,5
14365,ENSEMBL:ENSSSCG00000004761,ORTH,ZFYVE19,5
14366,ENSEMBL:ENSCAFG00000002607,ORTH,ENSEMBL:ENSCAFG00000002607,5
14367,HP:0001274,DISO,Agenesis of corpus callosum,1
14368,dictyBase:DDB_G0290745,GENO,pabpc1B,4
14369,HP:0006938,DISO,Impaired vibration sensation at ankles,1
14370,MGI:104681,ORTH,Hgs,5
14371,ENSEMBL:ENSOANG00000042470,ORTH,ENSEMBL:ENSOANG00000042470,5
14372,ZP:0002911,DISO,"adherens junction organization process quality, abnormal",1
14373,MP:0002217,DISO,small lymph nodes,1
14374,ENSEMBL:ENSRNOG00000060540,ORTH,ENSEMBL:ENSRNOG00000060540,5
14375,FlyBase:FBgn0038830,ORTH,CG17272,5
14376,MP:0003661,DISO,abnormal locus ceruleus morphology,1
14377,MP:0008850,DISO,increased hemoglobin concentration distribution width,1
14378,MGI:97314,ORTH,Nefm,5
14379,MP:0001711,DISO,abnormal placenta morphology,1
14380,ENSEMBL:ENSBTAG00000002948,ORTH,SETD2,5
14381,HP:0001900,DISO,Increased hemoglobin,1
14382,FlyBase:CG1469,ORTH,FlyBase:CG1469,5
14383,ZP:0011576,DISO,"hindbrain increased process quality cell death, abnormal",1
14384,ENSEMBL:ENSACAG00000009064,ORTH,ENSEMBL:ENSACAG00000009064,5
14385,HP:0004938,DISO,Tortuous cerebral arteries,1
14386,FlyBase:FBgn0053526,ORTH,PNUTS,5
14387,ZP:0002192,DISO,"cytoskeleton motor neuron disorganized, abnormal",1
14388,GO:0005814,PHYS,centriole,6
14389,ENSEMBL:ENSCAFG00000002713,ORTH,ENSEMBL:ENSCAFG00000002713,5
14390,MGI:1931148,ORTH,Nme4,5
14391,ENSEMBL:ENSGALG00000011705,ORTH,ENSEMBL:ENSGALG00000011705,5
14392,WBPhenotype:0001044,DISO,cortical dynamics defective early emb,1
14393,MP:0008499,DISO,increased IgG1 level,1
14394,dictyBase:DDB_G0273099,GENO,rsmE,4
14395,ENSEMBL:ENSPTRG00000018458,ORTH,ENSEMBL:ENSPTRG00000018458,5
14396,ENSEMBL:ENSBTAG00000002583,ORTH,ENSEMBL:ENSBTAG00000002583,5
14397,FlyBase:FBgn0034173,ORTH,CG9010,5
14398,ENSEMBL:ENSECAG00000007908,ORTH,ENSEMBL:ENSECAG00000007908,5
14399,ENSEMBL:ENSFCAG00000000594,ORTH,ENSEMBL:ENSFCAG00000000594,5
14400,MP:0008248,DISO,abnormal mononuclear phagocyte morphology,1
14401,HP:0010610,DISO,Palmar pits,1
14402,ENSEMBL:ENSPTRG00000014033,ORTH,ENSEMBL:ENSPTRG00000014033,5
14403,FlyBase:FBgn0024754,ORTH,Flo1,5
14404,MP:0005576,DISO,decreased pulmonary ventilation,1
14405,FlyBase:FBgn0261085,ORTH,Syt12,5
14406,ZFIN:ZDB-GENE-040426-1743,ORTH,viml,5
14407,ENSEMBL:ENSPTRG00000013847,ORTH,ENSEMBL:ENSPTRG00000013847,5
14408,MP:0003087,DISO,absent allantois,1
14409,ENSEMBL:ENSGALG00000040028,ORTH,GLB1,5
14410,ENSEMBL:ENSFCAG00000007013,ORTH,ENSEMBL:ENSFCAG00000007013,5
14411,WBPhenotype:0002151,DISO,mRNA deadenylation variant,1
14412,ZP:0008030,DISO,"ventricular myocardium decreased volume, abnormal",1
14413,MP:0002413,DISO,abnormal megakaryocyte progenitor cell morphology,1
14414,ZFIN:ZDB-GENE-030131-2884,ORTH,dnaja2b,5
14415,HP:0000356,DISO,Abnormality of the outer ear,1
14416,ZP:0007403,DISO,"ceratobranchial 5 tooth decreased amount, abnormal",1
14417,WBPhenotype:0000056,DISO,late larval arrest,1
14418,MP:0009849,DISO,increased vertical stereotypic behavior,1
14419,MGI:96067,ORTH,Htt,5
14420,dictyBase:DDB_G0269262,GENO,rabT2,4
14421,MP:0009767,DISO,decreased sensitivity to xenobiotic induced morbidity/mortality,1
14422,Xenbase:XB-GENE-995030,ORTH,add1,5
14423,WBPhenotype:0000089,DISO,alpha amanitin resistant,1
14424,MP:0010540,DISO,long stride length,1
14425,SGD:S000001919,ORTH,PES4,5
14426,ENSEMBL:ENSOANG00000003303,ORTH,ENSEMBL:ENSOANG00000003303,5
14427,MP:0005325,DISO,abnormal renal glomerulus morphology,1
14428,MP:0004929,DISO,decreased epididymis weight,1
14429,MP:0002582,DISO,disorganized extraembryonic tissue,1
14430,ZP:0011926,DISO,"nuclear pore retinal inner nuclear layer malformed, abnormal",1
14431,ENSEMBL:ENSSSCG00000027053,ORTH,PACSIN1,5
14432,GO:0042802,PHYS,identical protein binding,6
14433,dictyBase:DDB_G0279751,GENO,dictyBase:DDB_G0279751,4
14434,ZFIN:ZDB-GENE-040718-109,ORTH,zfyve19,5
14435,MONARCH:APO_0000028APO_0000003,GENO,invasive growth:decreased,4
14436,ENSEMBL:ENSMODG00000024462,ORTH,ENSEMBL:ENSMODG00000024462,5
14437,MGI:1347085,ORTH,Cetn2,5
14438,ENSEMBL:ENSBTAG00000004284,ORTH,ENSEMBL:ENSBTAG00000004284,5
14439,ENSEMBL:ENSSSCG00025026657,ORTH,ENSEMBL:ENSSSCG00025026657,5
14440,MP:0006303,DISO,abnormal retinal nerve fiber layer morphology,1
14441,EFO:0007785,GENO,femoral neck bone mineral density,4
14442,RGD:69287,ORTH,Sqstm1,5
14443,ENSEMBL:ENSBTAG00000006189,ORTH,ENSEMBL:ENSBTAG00000006189,5
14444,HP:0100704,DISO,Cerebral visual impairment,1
14445,ENSEMBL:ENSGALG00000008908,ORTH,NEUROD1,5
14446,MP:0004272,DISO,abnormal basement membrane morphology,1
14447,HP:0003557,DISO,Increased variability in muscle fiber diameter,1
14448,ENSEMBL:ENSCAFG00000001474,ORTH,ENSEMBL:ENSCAFG00000001474,5
14449,ENSEMBL:ENSMODG00000002034,ORTH,ENSEMBL:ENSMODG00000002034,5
14450,ENSEMBL:ENSGALG00000004215,ORTH,WIPI1,5
14451,MP:0011630,DISO,increased mitochondrial size,1
14452,ENSEMBL:ENSRNOG00000031628,ORTH,Q7TPK5,5
14453,HP:0040216,DISO,Hypoinsulinemia,1
14454,RGD:1309836,ORTH,Med21,5
14455,Xenbase:XB-GENE-955426,ORTH,hspa8,5
14456,HP:0000343,DISO,Long philtrum,1
14457,ZP:0004977,DISO,"blood circulation decreased occurrence, abnormal",1
14458,ZFIN:ZDB-GENE-030131-1791,ORTH,tcerg1a,5
14459,ENSEMBL:ENSFCAG00000000053,ORTH,ENSEMBL:ENSFCAG00000000053,5
14460,MONARCH:APO_0000298APO_0000002,GENO,peroxisomal distribution:abnormal,4
14461,Xenbase:XB-GENE-486585,ORTH,hoxc11,5
14462,WormBase:WBGene00007700,ORTH,C24H11.2,5
14463,WBPhenotype:0002288,DISO,tail bend angle variant,1
14464,HP:0000525,DISO,Abnormality iris morphology,1
14465,ZP:0008025,DISO,"cell lens nucleate quality, abnormal",1
14466,dictyBase:DDB_G0287553,GENO,rab7B,4
14467,ENSEMBL:ENSMODG00000000612,ORTH,ENSEMBL:ENSMODG00000000612,5
14468,ZP:0106466,DISO,"primordial germ cell has extra parts of type microtubule organizing center primordial germ cell, abnormal",1
14469,WBPhenotype:0000759,DISO,spindle defective early emb,1
14470,MP:0002855,DISO,abnormal cochlear ganglion morphology,1
14471,WBPhenotype:0000938,DISO,male V lineages variant,1
14472,ZP:0001281,DISO,"retinal bipolar neuron decreased amount, abnormal",1
14473,ENSEMBL:ENSOANG00000048044,ORTH,ENSEMBL:ENSOANG00000048044,5
14474,MP:0008097,DISO,increased plasma cell number,1
14475,EnsemblGenome:BAE76489,ORTH,EnsemblGenome:BAE76489,5
14476,FlyBase:FBgn0003392,ORTH,shi,5
14477,MP:0010912,DISO,herniated liver,1
14478,HGNC:3149,GENE,ECH1,3
14479,HP:0001649,DISO,Tachycardia,1
14480,ZFIN:ZDB-GENE-040426-1110,ORTH,strap,5
14481,ZP:0019153,DISO,"cell body eye photoreceptor cell mislocalised, abnormal",1
14482,HGNC:8853,GENE,PEX11B,3
14483,MP:0000750,DISO,abnormal muscle regeneration,1
14484,HP:0008216,DISO,Adrenal gland dysgenesis,1
14485,ENSEMBL:ENSECAG00000031123,ORTH,ENSEMBL:ENSECAG00000031123,5
14486,MP:0011683,DISO,dual inferior vena cava,1
14487,MP:0008226,DISO,decreased anterior commissure size,1
14488,WBPhenotype:0000900,DISO,germ cell morphology variant,1
14489,FlyBase:FBgn0004465,ORTH,Su(P),5
14490,ENSEMBL:ENSBTAG00000000448,ORTH,ENSEMBL:ENSBTAG00000000448,5
14491,dictyBase:DDB_G0278661,GENO,tstE,4
14492,Coriell:GM02165,GENO,NIGMS-GM02165,4
14493,dictyBase:DDB_G0269222,GENO,gefB,4
14494,SGD:S000000201,ORTH,PKC1,5
14495,HGNC:6801,GENE,MAGEA3,3
14496,ENSEMBL:ENSMODG00000007437,ORTH,ENSEMBL:ENSMODG00000007437,5
14497,SGD:S000002672,ORTH,AKR1,5
14498,HGNC:9069,GENE,PLEC,3
14499,ENSEMBL:ENSGALG00000035254,ORTH,LOC107051192,5
14500,HP:0030760,DISO,Renal fibrosis,1
14501,ZP:0003733,DISO,"peripheral neuron branchiness, abnormal",1
14502,MP:0005181,DISO,decreased circulating estradiol level,1
14503,EFO:0010638,GENO,atopic asthma,4
14504,ENSEMBL:ENSFCAG00000000877,ORTH,ENSEMBL:ENSFCAG00000000877,5
14505,MP:0002416,DISO,abnormal proerythroblast morphology,1
14506,MGI:5635161,ORTH,Tg(HTT*)LXwy [involves: FVB/NJ],5
14507,WormBase:WBGene00045383,ORTH,sup-46,5
14508,ENSEMBL:ENSMMUG00000005255,ORTH,ENSEMBL:ENSMMUG00000005255,5
14509,ZP:0003234,DISO,"glomerular filtration disrupted, abnormal",1
14510,HP:0011967,DISO,Decreased circulating copper concentration,1
14511,ENSEMBL:ENSECAG00000010033,ORTH,ENSEMBL:ENSECAG00000010033,5
14512,ENSEMBL:ENSGALG00000002973,ORTH,BECN1,5
14513,ENSEMBL:ENSRNOG00000055446,ORTH,Amfr,5
14514,MP:0014134,DISO,abnormal embryo morphology,1
14515,RGD:619762,ORTH,Rab11a,5
14516,WBPhenotype:0000189,DISO,hypodermis disorganized,1
14517,WBPhenotype:0001875,DISO,anaphase bridging,1
14518,ENSEMBL:ENSOANG00000001783,ORTH,ENSEMBL:ENSOANG00000001783,5
14519,HP:0004942,DISO,Aortic aneurysm,1
14520,HGNC:164,GENE,ACTN2,3
14521,ENSEMBL:ENSMODG00000012015,ORTH,ENSEMBL:ENSMODG00000012015,5
14522,MGI:95896,ORTH,H2-D1,5
14523,MP:0001454,DISO,abnormal cued conditioning behavior,1
14524,MP:0006265,DISO,increased pulse pressure,1
14525,MP:0020280,DISO,increased creatine kinase level,1
14526,ENSEMBL:ENSECAG00000020867,ORTH,ENSEMBL:ENSECAG00000020867,5
14527,ZP:0000577,DISO,"central nervous system morphology, abnormal",1
14528,MGI:1347006,ORTH,Psma6,5
14529,ENSEMBL:ENSFCAG00000008780,ORTH,ENSEMBL:ENSFCAG00000008780,5
14530,ZP:0011942,DISO,"lens shape, abnormal",1
14531,ZP:0019271,DISO,"pronephros has fewer parts of type multi-ciliated epithelial cell pronephros, abnormal",1
14532,MP:0009093,DISO,oocyte degeneration,1
14533,ZFIN:ZDB-GENE-050302-102,ORTH,crebbpb,5
14534,ZP:0003559,DISO,"neurocranium malformed, abnormal",1
14535,ENSEMBL:ENSOANG00000009397,ORTH,ENSEMBL:ENSOANG00000009397,5
14536,ENSEMBL:ENSCAFG00000015166,ORTH,ENSEMBL:ENSCAFG00000015166,5
14537,ZFIN:ZDB-GENE-031113-4,ORTH,mpp1,5
14538,ENSEMBL:ENSOANG00000048880,ORTH,ENSEMBL:ENSOANG00000048880,5
14539,HGNC:11778,GENE,TGM2,3
14540,ENSEMBL:ENSMMUG00000001264,ORTH,ENSEMBL:ENSMMUG00000001264,5
14541,MP:0000805,DISO,abnormal visual cortex morphology,1
14542,Coriell:GM04831,GENO,NIGMS-GM04831,4
14543,MP:0005306,DISO,abnormal phalanx morphology,1
14544,FlyBase:FBgn0039225,ORTH,Ets96B,5
14545,dictyBase:DDB_G0293006,GENO,gefF,4
14546,ZFIN:ZDB-GENE-060810-162,ORTH,fbxl6,5
14547,FlyBase:FBgn0039386,ORTH,CG5948,5
14548,HP:0004429,DISO,Recurrent viral infections,1
14549,ENSEMBL:ENSMODG00000038324,ORTH,ENSEMBL:ENSMODG00000038324,5
14550,ZP:0002420,DISO,"blastoderm morphology, abnormal",1
14551,ENSEMBL:ENSSSCG00000033178,ORTH,ENSEMBL:ENSSSCG00000033178,5
14552,MP:0003449,DISO,abnormal intestinal goblet cell morphology,1
14553,MP:0011239,DISO,abnormal skin coloration,1
14554,ZP:0008029,DISO,"ventricular myocardium decreased size, abnormal",1
14555,NCBIGene:110437752,GENE,tcerg1l,3
14556,WBPhenotype:0000710,DISO,intestinal morphology variant,1
14557,MONARCH:APO_0000083APO_0000004,GENO,oxidative stress resistance:increased,4
14558,HP:0100749,DISO,Chest pain,1
14559,MP:0008516,DISO,disorganized retinal outer nuclear layer,1
14560,MONARCH:APO_0000029APO_0000005,GENO,pseudohyphal growth:absent,4
14561,ENSEMBL:ENSSSCG00000007580,ORTH,WIPI2,5
14562,dictyBase:DDB_G0290779,GENO,rabL,4
14563,MP:0000778,DISO,abnormal nervous system tract morphology,1
14564,ENSEMBL:ENSACAG00000016233,ORTH,ENSEMBL:ENSACAG00000016233,5
14565,ENSEMBL:ENSMODG00000002337,ORTH,ENSEMBL:ENSMODG00000002337,5
14566,ENSEMBL:ENSPTRG00000013130,ORTH,ENSEMBL:ENSPTRG00000013130,5
14567,ENSEMBL:ENSPTRG00000006854,ORTH,ENSEMBL:ENSPTRG00000006854,5
14568,RGD:621761,ORTH,Sumo2,5
14569,MP:0001396,DISO,unidirectional circling,1
14570,FlyBase:FBgn0262519,ORTH,Mi-2,5
14571,ENSEMBL:ENSECAG00000012406,ORTH,ENSEMBL:ENSECAG00000012406,5
14572,ENSEMBL:ENSPTRG00000008144,ORTH,ENSEMBL:ENSPTRG00000008144,5
14573,ZP:0002246,DISO,"hyomandibula decreased size, abnormal",1
14574,MP:0001191,DISO,abnormal skin condition,1
14575,ENSEMBL:ENSFCAG00000003545,ORTH,ENSEMBL:ENSFCAG00000003545,5
14576,MP:0001629,DISO,abnormal heart rate,1
14577,MP:0012541,DISO,absent lamina terminalis,1
14578,PomBase:SPAC1610.03c,GENO,crp79,4
14579,MGI:1926465,ORTH,Hnrnpm,5
14580,ENSEMBL:ENSGALG00000039755,ORTH,LOC112531360,5
14581,HP:0004209,DISO,Clinodactyly of the 5th finger,1
14582,PomBase:SPAC922.06,GENO,SPAC922.06,4
14583,ENSEMBL:ENSBTAG00000013485,ORTH,ENSEMBL:ENSBTAG00000013485,5
14584,ENSEMBL:ENSACAG00000005400,ORTH,ENSEMBL:ENSACAG00000005400,5
14585,HP:0010818,DISO,Generalized tonic seizure,1
14586,dictyBase:DDB_G0285989,GENO,DDB0218772,4
14587,ENSEMBL:ENSDARG00000051711,ORTH,CR339041.2,5
14588,MP:0006143,DISO,increased systemic arterial diastolic blood pressure,1
14589,ENSEMBL:ENSFCAG00000015379,ORTH,ENSEMBL:ENSFCAG00000015379,5
14590,ZP:0003224,DISO,"axon hindbrain decreased length, abnormal",1
14591,ZFIN:ZDB-GENE-030131-5547,ORTH,rbm25b,5
14592,FlyBase:FBgn0000578,ORTH,ena,5
14593,PomBase:SPBC428.16c,GENO,rhb1,4
14594,HP:0008064,DISO,Ichthyosis,1
14595,MP:0011080,DISO,increased macrophage apoptosis,1
14596,MP:0011723,DISO,ectopic neuron,1
14597,ENSEMBL:ENSSSCG00000041318,ORTH,ENSEMBL:ENSSSCG00000041318,5
14598,HP:0002410,DISO,Aqueductal stenosis,1
14599,ZP:0002914,DISO,"adherens junction blood vessel endothelial cell physical object quality, abnormal",1
14600,MP:0013279,DISO,increased fasting circulating glucose level,1
14601,WormBase:WBGene00002991,ORTH,lin-2,5
14602,ENSEMBL:ENSECAG00000019742,ORTH,ENSEMBL:ENSECAG00000019742,5
14603,ENSEMBL:ENSMMUG00000020100,ORTH,ENSEMBL:ENSMMUG00000020100,5
14604,Xenbase:XB-GENE-854557,ORTH,dnali1,5
14605,WBPhenotype:0001776,DISO,siRNA expression variant,1
14606,ZP:0006723,DISO,"cranium morphology, abnormal",1
14607,MP:0004539,DISO,absent maxilla,1
14608,MP:0001258,DISO,decreased body length,1
14609,FlyBase:FBgn0267790,ORTH,rump,5
14610,PomBase:SPBC106.16,GENO,pre6,4
14611,ENSEMBL:ENSECAG00000014168,ORTH,ENSEMBL:ENSECAG00000014168,5
14612,ENSEMBL:ENSSSCG00000039834,ORTH,GRIN1,5
14613,MP:0001362,DISO,abnormal anxiety-related response,1
14614,Coriell:GM05682,GENO,NIGMS-GM05682,4
14615,ZP:0019829,DISO,"cilium photoreceptor cell absent, abnormal",1
14616,ENSEMBL:ENSECAG00000030778,ORTH,ENSEMBL:ENSECAG00000030778,5
14617,MONARCH:APO_0000027APO_0000003,GENO,filamentous growth:decreased,4
14618,MGI:1913929,ORTH,Rae1,5
14619,HP:0003179,DISO,Protrusio acetabuli,1
14620,MP:0009199,DISO,abnormal external male genitalia morphology,1
14621,FlyBase:FBgn0020388,ORTH,Gcn5,5
14622,MP:0009393,DISO,abnormal resting posture,1
14623,MGI:1922391,ORTH,Rasd2,5
14624,ENSEMBL:ENSCAFG00000032005,ORTH,ENSEMBL:ENSCAFG00000032005,5
14625,HP:0003758,DISO,Reduced subcutaneous adipose tissue,1
14626,ENSEMBL:ENSCAFG00000002699,ORTH,CNOT3,5
14627,HP:0200037,DISO,Skin vesicle,1
14628,ENSEMBL:ENSMODG00000003546,ORTH,ENSEMBL:ENSMODG00000003546,5
14629,WBPhenotype:0001655,DISO,cadmium hypersensitive,1
14630,MGI:1913331,ORTH,Sharpin,5
14631,HP:0011877,DISO,Increased mean platelet volume,1
14632,ENSEMBL:ENSCAFG00000004985,ORTH,ACTR3,5
14633,MGI:1351465,ORTH,G3bp1,5
14634,FlyBase:FBgn0032949,ORTH,Lamp1,5
14635,ENSEMBL:ENSMODG00000016740,ORTH,ENSEMBL:ENSMODG00000016740,5
14636,ENSEMBL:ENSCAFG00000006961,ORTH,ENSEMBL:ENSCAFG00000006961,5
14637,WBPhenotype:0000243,DISO,engulfment failure by killer cell,1
14638,HP:0002795,DISO,Abnormal respiratory system physiology,1
14639,HP:0100769,DISO,Synovitis,1
14640,MGI:1923864,ORTH,Immt,5
14641,WBPhenotype:0000270,DISO,pleiotropic defects severe early emb,1
14642,Coriell:GM04710,GENO,NIGMS-GM04710,4
14643,MP:0002747,DISO,abnormal aortic valve morphology,1
14644,MP:0003269,DISO,colon polyps,1
14645,RGD:621093,ORTH,Psmb7,5
14646,MP:0009264,DISO,failure of eyelid fusion,1
14647,HP:0011028,DISO,Abnormality of blood circulation,1
14648,ENSEMBL:ENSACAG00000004790,ORTH,ENSEMBL:ENSACAG00000004790,5
14649,ZFIN:ZDB-GENE-020423-3,ORTH,eef1g,5
14650,Coriell:GM04857,GENO,NIGMS-GM04857,4
14651,MP:0005238,DISO,increased brain size,1
14652,ENSEMBL:ENSBTAG00000012235,ORTH,ENSEMBL:ENSBTAG00000012235,5
14653,ZP:0000304,DISO,"cell population proliferation decreased occurrence, abnormal",1
14654,MP:0003313,DISO,abnormal locomotor activation,1
14655,MP:0003793,DISO,abnormal submandibular gland morphology,1
14656,dbSNP:rs117440785,GENO,rs117440785-?,4
14657,WBPhenotype:0001908,DISO,ventral closure defective,1
14658,Coriell:GM04211,GENO,NIGMS-GM04211,4
14659,HP:0003690,DISO,Limb muscle weakness,1
14660,ZFIN:ZDB-GENE-030814-1,ORTH,bdkrb1,5
14661,dictyBase:DDB_G0267400,GENO,hspD,4
14662,ZFIN:ZDB-GENE-030131-9034,ORTH,rpl4,5
14663,HP:0003701,DISO,Proximal muscle weakness,1
14664,ENSEMBL:ENSMODG00000008151,ORTH,ENSEMBL:ENSMODG00000008151,5
14665,dictyBase:DDB_G0275171,GENO,DDB0167459,4
14666,ENSEMBL:ENSBTAG00000000781,ORTH,ENSEMBL:ENSBTAG00000000781,5
14667,MP:0008842,DISO,lipofuscinosis,1
14668,SGD:S000001917,ORTH,ATG18,5
14669,ENSEMBL:ENSMMUG00000003251,ORTH,ENSEMBL:ENSMMUG00000003251,5
14670,ZP:0002647,DISO,"dorsal longitudinal anastomotic vessel malformed, abnormal",1
14671,RGD:62038,ORTH,Dctn1,5
14672,ENSEMBL:ENSCAFG00000023690,ORTH,ERCC6L,5
14673,FBcv:0000404,DISO,abnormal smell perception,1
14674,MP:0008873,DISO,increased physiological sensitivity to xenobiotic,1
14675,ENSEMBL:ENSCAFG00000017621,ORTH,CARM1,5
14676,WBPhenotype:0000184,DISO,apoptosis fails to occur,1
14677,ENSEMBL:ENSACAG00000001219,ORTH,ENSEMBL:ENSACAG00000001219,5
14678,MP:0002757,DISO,decreased vertical activity,1
14679,SGD:S000002299,ORTH,RPO21,5
14680,WBPhenotype:0000099,DISO,P lineages variant,1
14681,WBPhenotype:0002284,DISO,head bend angle variant,1
14682,WBPhenotype:0000017,DISO,aldicarb resistant,1
14683,dictyBase:DDB_G0269682,GENO,atxn2,4
14684,ZP:0000417,DISO,"retina layer formation disrupted, abnormal",1
14685,FlyBase:FBgn0261399,ORTH,Pp1-Y1,5
14686,ENSEMBL:ENSPTRG00000006786,ORTH,ENSEMBL:ENSPTRG00000006786,5
14687,RGD:1307843,ORTH,Pias1,5
14688,ENSEMBL:ENSSSCG00000038558,ORTH,ENSEMBL:ENSSSCG00000038558,5
14689,ZP:0018606,DISO,"rhombomere 4 decreased length, abnormal",1
14690,MP:0009353,DISO,twin decidual capsule,1
14691,MP:0000964,DISO,small dorsal root ganglion,1
14692,FlyBase:FBgn0265606,ORTH,Prosalpha4T1,5
14693,MP:0002019,DISO,abnormal tumor incidence,1
14694,RGD:1566323,ORTH,Fan1,5
14695,ZFIN:ZDB-GENE-070912-109,ORTH,ftr33,5
14696,Xenbase:XB-GENE-982230,ORTH,tacc1,5
14697,ZP:0011625,DISO,"cell head apoptotic, abnormal",1
14698,ZP:0004077,DISO,"mitotic cell cycle process quality, abnormal",1
14699,Xenbase:XB-GENE-994068,ORTH,kpnb1,5
14700,ENSEMBL:ENSPTRG00000018607,ORTH,ENSEMBL:ENSPTRG00000018607,5
14701,WBPhenotype:0002490,DISO,ectopic axon outgrowth,1
14702,RGD:1306434,ORTH,Rapgef2,5
14703,ENSEMBL:ENSMMUG00000019357,ORTH,ENSEMBL:ENSMMUG00000019357,5
14704,WormBase:WBGene00001977,ORTH,hmg-12,5
14705,MGI:1349765,ORTH,Rcn2,5
14706,HGNC:144,GENE,ACTG1,3
14707,HP:0003089,DISO,Hamstring contractures,1
14708,HP:0002381,DISO,Aphasia,1
14709,HP:0002357,DISO,Dysphasia,1
14710,MP:0010017,DISO,visceral vascular congestion,1
14711,RGD:628878,ORTH,Hspa4,5
14712,FlyBase:FBgn0024997,ORTH,CG2681,5
14713,dictyBase:DDB_G0278717,GENO,rsmG,4
14714,XPO:0133344,GENO,wholly ventralized embryo,4
14715,ZFIN:ZDB-GENE-030131-408,ORTH,ube2e3,5
14716,WBPhenotype:0000019,DISO,pharyngeal pumping reduced,1
14717,MP:0020523,DISO,decreased susceptibility to induced hypothermia,1
14718,SGD:S000002803,ORTH,SXM1,5
14719,ENSEMBL:ENSACAG00000006498,ORTH,ENSEMBL:ENSACAG00000006498,5
14720,ENSEMBL:ENSGALG00000031832,ORTH,IKBKB,5
14721,Xenbase:XB-GENE-494691,ORTH,rassf1,5
14722,RGD:71001,ORTH,Dnaja2,5
14723,WormBase:WBGene00000238,ORTH,bar-1,5
14724,ENSEMBL:ENSCAFG00000017134,ORTH,ENSEMBL:ENSCAFG00000017134,5
14725,WBPhenotype:0000085,DISO,swollen intestinal lumen,1
14726,RGD:1565868,ORTH,Atxn2l,5
14727,dictyBase:DDB_G0290267,GENO,gefO,4
14728,ENSEMBL:ENSMMUG00000015192,ORTH,ENSEMBL:ENSMMUG00000015192,5
14729,MGI:1923001,ORTH,Ipo4,5
14730,ZP:0020371,DISO,"heart tube increased distribution, abnormal",1
14731,MONARCH:APO_0000307APO_0000005,GENO,anaerobic growth:absent,4
14732,ENSEMBL:ENSSSCG00000013332,ORTH,ENSEMBL:ENSSSCG00000013332,5
14733,Xenbase:XB-GENE-5961407,ORTH,mr1-like,5
14734,MP:0001244,DISO,thin dermal layer,1
14735,ENSEMBL:ENSPTRG00000021594,ORTH,ENSEMBL:ENSPTRG00000021594,5
14736,ENSEMBL:ENSMODG00000020353,ORTH,ENSEMBL:ENSMODG00000020353,5
14737,ENSEMBL:ENSOANG00000008402,ORTH,ENSEMBL:ENSOANG00000008402,5
14738,HGNC:3016,GENE,DPYSL4,3
14739,ENSEMBL:ENSMODG00000008764,ORTH,ENSEMBL:ENSMODG00000008764,5
14740,MGI:1098237,ORTH,Kif9,5
14741,ENSEMBL:ENSPTRG00000004404,ORTH,ENSEMBL:ENSPTRG00000004404,5
14742,ENSEMBL:ENSPTRG00000007710,ORTH,ENSEMBL:ENSPTRG00000007710,5
14743,SGD:S000002232,ORTH,BRE1,5
14744,ENSEMBL:ENSFCAG00000000249,ORTH,ENSEMBL:ENSFCAG00000000249,5
14745,ZP:0003838,DISO,"lipid droplet brain increased amount, abnormal",1
14746,PomBase:SPBC16A3.09c,GENO,ufd1,4
14747,ENSEMBL:ENSGALG00000007971,ORTH,ENSEMBL:ENSGALG00000007971,5
14748,ZFIN:ZDB-GENE-040426-1666,ORTH,becn1,5
14749,HP:0003075,DISO,Hypoproteinemia,1
14750,ENSEMBL:ENSCAFG00000032015,ORTH,ENSEMBL:ENSCAFG00000032015,5
14751,ENSEMBL:ENSPTRG00000011788,ORTH,ENSEMBL:ENSPTRG00000011788,5
14752,ENSEMBL:ENSECAG00000010532,ORTH,ENSEMBL:ENSECAG00000010532,5
14753,HP:0001651,DISO,Dextrocardia,1
14754,dictyBase:DDB_G0293202,GENO,DDB_G0293202,4
14755,MP:0002922,DISO,decreased post-tetanic potentiation,1
14756,HP:0000520,DISO,Proptosis,1
14757,MP:0005632,DISO,decreased circulating aspartate transaminase level,1
14758,HGNC:5526,GENE,IGHG2,3
14759,dictyBase:DDB_G0285375,GENO,atg18,4
14760,ENSEMBL:ENSMODG00000045925,ORTH,ENSEMBL:ENSMODG00000045925,5
14761,ENSEMBL:ENSPTRG00000012543,ORTH,ENSEMBL:ENSPTRG00000012543,5
14762,ENSEMBL:ENSPTRG00000048069,ORTH,ENSEMBL:ENSPTRG00000048069,5
14763,RGD:1306152,ORTH,Ninl,5
14764,ENSEMBL:ENSFCAG00000003344,ORTH,ENSEMBL:ENSFCAG00000003344,5
14765,HP:0001631,DISO,Atrial septal defect,1
14766,ZP:0004599,DISO,"cartilaginous joint mandibular arch skeleton morphology, abnormal",1
14767,ENSEMBL:ENSMMUG00000019325,ORTH,ENSEMBL:ENSMMUG00000019325,5
14768,HP:0002615,DISO,Hypotension,1
14769,ENSEMBL:ENSMODG00000004615,ORTH,ENSEMBL:ENSMODG00000004615,5
14770,MP:0001327,DISO,decreased retinal photoreceptor cell number,1
14771,ENSEMBL:ENSACAG00000005807,ORTH,ENSEMBL:ENSACAG00000005807,5
14772,MP:0004631,DISO,abnormal auditory cortex morphology,1
14773,MP:0002862,DISO,abnormal righting response,1
14774,HP:0002093,DISO,Respiratory insufficiency,1
14775,ENSEMBL:ENSMODG00000003806,ORTH,ENSEMBL:ENSMODG00000003806,5
14776,ZP:0003538,DISO,"pectoral fin malformed, abnormal",1
14777,ENSEMBL:ENSMODG00000013164,ORTH,ENSEMBL:ENSMODG00000013164,5
14778,HP:0000824,DISO,Decreased response to growth hormone stimulation test,1
14779,SGD:S000001132,ORTH,YNG2,5
14780,WBPhenotype:0002061,DISO,chromosome decondensation variant,1
14781,WormBase:WBGene00006786,ORTH,unc-51,5
14782,ENSEMBL:ENSBTAG00000011916,ORTH,ENSEMBL:ENSBTAG00000011916,5
14783,HP:0011342,DISO,Mild global developmental delay,1
14784,FlyBase:FBgn0029830,ORTH,Grip,5
14785,MGI:5429327,ORTH,Tg(HDexon1)62Gpb [B6.Cg-Tg(HDexon1)62Gpb/240],5
14786,HP:0000798,DISO,Oligospermia,1
14787,PomBase:SPAC24H6.04,GENO,hxk1,4
14788,FBcv:0002038,DISO,some die during pharate adult stage,1
14789,ENSEMBL:ENSBTAG00000003798,ORTH,AMFR,5
14790,HP:0001182,DISO,Tapered finger,1
14791,FlyBase:FBgn0261394,ORTH,Prosalpha3,5
14792,ZP:0004710,DISO,"skeletal muscle refractivity, abnormal",1
14793,ZP:0000574,DISO,"central nervous system development disrupted, abnormal",1
14794,FlyBase:FBgn0025682,ORTH,scf,5
14795,Coriell:GM05534,GENO,NIGMS-GM05534,4
14796,MP:0003253,DISO,dilated bile duct,1
14797,MP:0008191,DISO,abnormal follicular B cell physiology,1
14798,ENSEMBL:ENSGALG00000054256,ORTH,HAUS3,5
14799,ENSEMBL:ENSRNOG00000057958,ORTH,ENSEMBL:ENSRNOG00000057958,5
14800,ENSEMBL:ENSMODG00000015865,ORTH,ENSEMBL:ENSMODG00000015865,5
14801,ZFIN:ZDB-GENE-060810-7,ORTH,cryl1,5
14802,ZP:0011947,DISO,"vasculature malformed, abnormal",1
14803,ZP:0000048,DISO,"retina morphology, abnormal",1
14804,ENSEMBL:ENSSSCG00000012123,ORTH,ENSEMBL:ENSSSCG00000012123,5
14805,WormBase:WBGene00001748,ORTH,gsp-2,5
14806,ENSEMBL:ENSMODG00000001955,ORTH,ENSEMBL:ENSMODG00000001955,5
14807,ENSEMBL:ENSFCAG00000046095,ORTH,ENSEMBL:ENSFCAG00000046095,5
14808,MGI:1270129,ORTH,Dnaja1,5
14809,ZFIN:ZDB-GENE-040426-1961,ORTH,dynll1,5
14810,ZP:0000041,DISO,"pharyngeal arch 3-7 skeleton quality, abnormal",1
14811,ENSEMBL:ENSRNOG00000027574,ORTH,D3ZWV2,5
14812,HP:0001618,DISO,Dysphonia,1
14813,ENSEMBL:ENSPTRG00000008952,ORTH,ENSEMBL:ENSPTRG00000008952,5
14814,ZP:0004263,DISO,"primitive hemopoiesis disrupted, abnormal",1
14815,ENSEMBL:ENSCAFG00000000641,ORTH,ENSEMBL:ENSCAFG00000000641,5
14816,SGD:S000003472,ORTH,PFK1,5
14817,RGD:619822,ORTH,Ufd1,5
14818,FBcv:0000439,DISO,chemical resistant,1
14819,ENSEMBL:ENSMODG00000012494,ORTH,ENSEMBL:ENSMODG00000012494,5
14820,FlyBase:FBgn0026175,ORTH,SkpC,5
14821,ENSEMBL:ENSPTRG00000009008,ORTH,ENSEMBL:ENSPTRG00000009008,5
14822,EFO:0007796,GENO,parental longevity,4
14823,ENSEMBL:ENSFCAG00000002182,ORTH,ENSEMBL:ENSFCAG00000002182,5
14824,HP:0031888,DISO,Abnormal HDL cholesterol concentration,1
14825,WormBase:WBGene00002583,ORTH,let-363,5
14826,ZP:0001671,DISO,"locomotory behavior disrupted, abnormal",1
14827,MONARCH:APO_0000126APO_0000003,GENO,nuclear import:decreased,4
14828,ENSEMBL:ENSFCAG00000014602,ORTH,ENSEMBL:ENSFCAG00000014602,5
14829,ENSEMBL:ENSCAFG00000000567,ORTH,PABPC1,5
14830,ENSEMBL:ENSFCAG00000015049,ORTH,ENSEMBL:ENSFCAG00000015049,5
14831,ENSEMBL:ENSBTAG00000052130,ORTH,LOC512323,5
14832,WormBase:WBGene00019510,ORTH,nucl-1,5
