id,semantic_groups,name
ENSEMBL:ENSOANG00000050636,ORTH,ENSEMBL:ENSOANG00000050636
PomBase:SPAC1093.06c,GENO,dhc1
MP:0001901,DISO,absence of NMDA-mediated synaptic currents
ZP:0010084,DISO,"whole organism lacks all parts of type telencephalon, abnormal"
Xenbase:XB-GENE-5918988,ORTH,sqstm1
ENSEMBL:ENSECAG00000022845,ORTH,ENSEMBL:ENSECAG00000022845
HP:0001698,DISO,Pericardial effusion
WBPhenotype:0000443,DISO,spicule morphology variant
MGI:5304801,ORTH,Tg(Prnp-HTT*82Q)52Caro [involves: C3H * C57BL/6]
ENSEMBL:ENSCAFG00000010878,ORTH,TCERG1L
ENSEMBL:ENSSSCG00000033177,ORTH,CDC26
ZFIN:ZDB-GENE-050417-355,ORTH,creb1b
ENSEMBL:ENSACAG00000010120,ORTH,ENSEMBL:ENSACAG00000010120
ENSEMBL:ENSACAG00000011337,ORTH,ENSEMBL:ENSACAG00000011337
HP:0000750,DISO,Delayed speech and language development
EFO:0004615,GENO,apolipoprotein B measurement
RGD:620171,ORTH,Trafd1
HP:0002169,DISO,Clonus
MP:0008965,DISO,increased basal metabolism
MP:0001688,DISO,abnormal somite development
WBPhenotype:0001261,DISO,pale
MP:0008566,DISO,increased interferon-gamma secretion
PomBase:SPCC550.11,GENO,nmd5
ZP:0020730,DISO,"midbrain hindbrain boundary decreased amount, abnormal"
ENSEMBL:ENSACAG00000004884,ORTH,ENSEMBL:ENSACAG00000004884
HP:0001259,DISO,Coma
HGNC:18416,GENE,FICD
EFO:0005939,GENO,parental genotype effect measurement
ENSEMBL:ENSCAFG00000015433,ORTH,J9NT16
WBPhenotype:0000105,DISO,oocyte meiotic maturation variant
FlyBase:FBgn0003392,ORTH,shi
Xenbase:XB-GENE-944158,ORTH,cops3
ZP:0018279,DISO,"axon development process quality, abnormal"
ENSEMBL:ENSGALG00000004215,ORTH,WIPI1
MP:0005334,DISO,abnormal fat pad morphology
ENSEMBL:ENSSSCG00000028878,ORTH,BCAR1
ZP:0006344,DISO,"endoplasmic reticulum intestinal epithelium distended, abnormal"
ENSEMBL:ENSMODG00000020556,ORTH,ENSEMBL:ENSMODG00000020556
MP:0001441,DISO,increased grooming behavior
HP:0100769,DISO,Synovitis
ENSEMBL:ENSECAG00000000734,ORTH,ENSEMBL:ENSECAG00000000734
HP:0002376,DISO,Developmental regression
ZP:0000032,DISO,"brain quality, abnormal"
ENSEMBL:ENSACAG00000010678,ORTH,ENSEMBL:ENSACAG00000010678
Xenbase:XB-GENE-492029,ORTH,ulk1
ZP:0003572,DISO,"heart contraction decreased occurrence, abnormal"
ENSEMBL:ENSACAG00000006498,ORTH,ENSEMBL:ENSACAG00000006498
ENSEMBL:ENSGALG00000006317,ORTH,ENSEMBL:ENSGALG00000006317
MGI:1926235,ORTH,Stx6
EnsemblGenome:AT1G30230,ORTH,EnsemblGenome:AT1G30230
ENSEMBL:ENSFCAG00000037021,ORTH,ENSEMBL:ENSFCAG00000037021
HP:0002018,DISO,Nausea
ENSEMBL:ENSPTRG00000018882,ORTH,ENSEMBL:ENSPTRG00000018882
ENSEMBL:ENSPTRG00000010485,ORTH,ENSEMBL:ENSPTRG00000010485
ZP:0004007,DISO,"nucleus eye aggregated, abnormal"
MP:0013834,DISO,thin hypoglossal nerve
dictyBase:DDB_G0275027,GENO,DDB_G0275027
MONARCH:APO_0000028APO_0000004,GENO,invasive growth:increased
ENSEMBL:ENSOANG00000038374,ORTH,ENSEMBL:ENSOANG00000038374
HP:0003103,DISO,Abnormal cortical bone morphology
WBPhenotype:0001643,DISO,excess hypodermal cells
HP:0002206,DISO,Pulmonary fibrosis
WBPhenotype:0001908,DISO,ventral closure defective
HGNC:5525,GENE,IGHG1
WormBase:WBGene00045383,ORTH,sup-46
ENSEMBL:ENSECAG00000014550,ORTH,ENSEMBL:ENSECAG00000014550
ENSEMBL:ENSFCAG00000045185,ORTH,ENSEMBL:ENSFCAG00000045185
HGNC:28515,GENE,MAGEB18
ENSEMBL:ENSECAG00000013890,ORTH,ENSEMBL:ENSECAG00000013890
HGNC:17955,GENE,LAMTOR5
HP:0000855,DISO,Insulin resistance
FlyBase:FBgn0265778,ORTH,PDZ-GEF
ZFIN:ZDB-GENE-090313-280,ORTH,si:dkey-253i9.4
ENSEMBL:ENSFCAG00000029928,ORTH,ENSEMBL:ENSFCAG00000029928
ENSEMBL:ENSPTRG00000020591,ORTH,ENSEMBL:ENSPTRG00000020591
PomBase:SPAC17H9.10c,GENO,ddb1
ZP:0002230,DISO,"axon CaP motoneuron decreased length, abnormal"
HP:0100547,DISO,Abnormality of forebrain morphology
EnsemblGenome:AT2G23010,ORTH,EnsemblGenome:AT2G23010
HP:0003474,DISO,Somatic sensory dysfunction
MP:0009801,DISO,abnormal hair cortex keratinization
MP:0010499,DISO,abnormal ventricle myocardium morphology
WBPhenotype:0001369,DISO,protein interaction variant
ENSEMBL:ENSOANG00000013114,ORTH,ENSEMBL:ENSOANG00000013114
MP:0004091,DISO,abnormal Z line morphology
MP:0001693,DISO,failure of primitive streak formation
ENSEMBL:ENSECAG00000016744,ORTH,ENSEMBL:ENSECAG00000016744
WormBase:WBGene00020166,ORTH,T02G5.7
ZP:0138138,DISO,"trabecular layer has extra parts of type cardiac muscle cell, abnormal"
MP:0000358,DISO,abnormal cell morphology
dictyBase:DDB_G0274241,GENO,bre1
MGI:5298846,ORTH,Htt<tm1Hay>/Htt<+>; Tg(YAC72)2511Hay [involves: FVB/N]
FlyBase:FBgn0003977,ORTH,vir
ENSEMBL:ENSMODG00000006494,ORTH,ENSEMBL:ENSMODG00000006494
EnsemblGenome:AT2G24010,ORTH,EnsemblGenome:AT2G24010
WBPhenotype:0000882,DISO,dendrite development variant
MP:0008688,DISO,decreased interleukin-2 secretion
WBPhenotype:0000019,DISO,pharyngeal pumping reduced
ENSEMBL:ENSSSCG00000003137,ORTH,PLEKHA4
ZP:0019148,DISO,"Golgi stack eye photoreceptor cell distended, abnormal"
UBERON:0000059,ANAT,large intestine
ENSEMBL:ENSSSCG00000022507,ORTH,ENSEMBL:ENSSSCG00000022507
MP:0013968,DISO,multiple persisting craniopharyngeal ducts
MP:0001082,DISO,abnormal geniculate ganglion morphology
Coriell:GM06348,GENO,NIGMS-GM06348
HP:0040088,DISO,Abnormal lymphocyte count
ZFIN:ZDB-GENE-990415-71,ORTH,etv4
ZP:0005089,DISO,"cardiac ventricle orientation atrium, abnormal"
ZFIN:ZDB-GENE-020430-2,ORTH,flot1b
ENSEMBL:ENSBTAG00000018312,ORTH,E1BHJ0
MONARCH:APO_0000264APO_0000250,GENO,cell cycle progression in metaphase:arrested
MONARCH:APO_0000254APO_0000002,GENO,cell cycle progression in G2 phase:abnormal
SGD:S000000626,ORTH,SYP1
ZP:0011458,DISO,"axon primary motor neuron increased branchiness, abnormal"
ENSEMBL:ENSCAFG00000013358,ORTH,ENSEMBL:ENSCAFG00000013358
MGI:1921355,ORTH,Gga2
ENSEMBL:ENSRNOG00000027574,ORTH,D3ZWV2
ZFIN:ZDB-GENE-161101-1,ORTH,si:dkey-52p2.5
MP:0004505,DISO,decreased renal glomerulus number
MP:0005095,DISO,decreased T cell proliferation
ENSEMBL:ENSOANG00000006729,ORTH,ENSEMBL:ENSOANG00000006729
ZP:0103453,DISO,"angiogenic sprout central artery decreased branchiness, abnormal"
ZFIN:ZDB-GENE-060929-368,ORTH,cnot10
ENSEMBL:ENSMODG00000010370,ORTH,ENSEMBL:ENSMODG00000010370
WBPhenotype:0001509,DISO,rays missing
HP:0001714,DISO,Ventricular hypertrophy
MGI:5575509,ORTH,Tg(Prnp-SNAP25/HTT*150Q)8Xjl [involves: FVB]
ENSEMBL:ENSFCAG00000013821,ORTH,ENSEMBL:ENSFCAG00000013821
ENSEMBL:ENSGALG00000030164,ORTH,A0A1D5PDA1
ENSEMBL:ENSBTAG00000038430,ORTH,LOC788801
MP:0000413,DISO,polyphalangy
ENSEMBL:ENSCAFG00000013973,ORTH,GFAP
ZP:0019988,DISO,"cell neural keel morphology, abnormal"
MP:0020550,DISO,multinucleated giant male germ cells
MONARCH:APO_0000209APO_0000005,GENO,protein/peptide distribution:absent
HP:0003236,DISO,Elevated circulating creatine kinase concentration
ZP:0007877,DISO,"atrium collapsed, abnormal"
WormBase:WBGene00004812,ORTH,skr-6
HP:0001302,DISO,Pachygyria
WBPhenotype:0001183,DISO,fat content reduced
ZFIN:ZDB-GENE-080204-7,ORTH,dnali1
EFO:0004308,GENO,leukocyte count
MP:0009109,DISO,decreased pancreas weight
MP:0003662,DISO,abnormal long bone epiphyseal plate proliferative zone
ENSEMBL:ENSSSCG00000004223,ORTH,ENSEMBL:ENSSSCG00000004223
ZFIN:ZDB-GENE-040426-1298,ORTH,pias4b
Xenbase:XB-GENE-5954840,ORTH,utp14a
ENSEMBL:ENSOANG00000009869,ORTH,ENSEMBL:ENSOANG00000009869
Coriell:GM04211,GENO,NIGMS-GM04211
ENSEMBL:ENSECAG00000005572,ORTH,ENSEMBL:ENSECAG00000005572
ZFIN:ZDB-GENE-030131-5735,ORTH,traf6
ZFIN:ZDB-GENE-090312-142,ORTH,rbm25a
WBPhenotype:0000141,DISO,stress induced lethality increased
ENSEMBL:ENSFCAG00000018490,ORTH,ENSEMBL:ENSFCAG00000018490
ENSEMBL:ENSMODG00000002092,ORTH,ENSEMBL:ENSMODG00000002092
ENSEMBL:ENSACAG00000004345,ORTH,ENSEMBL:ENSACAG00000004345
HP:0002719,DISO,Recurrent infections
ENSEMBL:ENSOANG00000003371,ORTH,ENSEMBL:ENSOANG00000003371
HP:0012499,DISO,Descending aortic dissection
HP:0000329,DISO,Facial hemangioma
ENSEMBL:ENSMODG00000015226,ORTH,ENSEMBL:ENSMODG00000015226
ENSEMBL:ENSOANG00000015350,ORTH,ENSEMBL:ENSOANG00000015350
MP:0008174,DISO,decreased follicular B cell number
ZFIN:ZDB-GENE-040426-1122,ORTH,dnajb6b
ENSEMBL:ENSPTRG00000044611,ORTH,ENSEMBL:ENSPTRG00000044611
FlyBase:FBgn0025573,ORTH,PpN58A
MP:0003331,DISO,increased hepatocellular carcinoma incidence
FlyBase:FBgn0035026,ORTH,Fcp1
PomBase:SPBC1E8.02,GENO,SPBC1E8.02
MP:0000959,DISO,abnormal somatic sensory system morphology
FBcv:0000350,DISO,partially lethal - majority live
Xenbase:XB-GENE-967908,ORTH,ddb1
FlyBase:FBgn0003279,ORTH,RpL4
ZFIN:ZDB-GENE-090821-3,ORTH,grm1b
dictyBase:DDB_G0284035,GENO,efa1B
ZP:0000026,DISO,"trunk decreased length, abnormal"
WBPhenotype:0001725,DISO,cellular osmotic stress response variant
MP:0010018,DISO,pulmonary vascular congestion
RGD:2318093,ORTH,Haus5
ENSEMBL:ENSSSCG00000016923,ORTH,ACTBL2
ZP:0006748,DISO,"glucose import decreased process quality, abnormal"
WBPhenotype:0001151,DISO,pronucleus centrosomes defective early emb
Xenbase:XB-GENE-979184,ORTH,ikbkg
ENSEMBL:ENSECAG00000035532,ORTH,ENSEMBL:ENSECAG00000035532
dictyBase:DDB_G0281461,GENO,sodF
HP:0010978,DISO,Abnormality of immune system physiology
HP:0001923,DISO,Reticulocytosis
Coriell:GM04877,GENO,NIGMS-GM04877
ENSEMBL:ENSSSCG00005001713,ORTH,ENSEMBL:ENSSSCG00005001713
ENSEMBL:ENSOANG00000013320,ORTH,ENSEMBL:ENSOANG00000013320
ZFIN:ZDB-GENE-081022-147,ORTH,syt12
EnsemblGenome:BAA15726,ORTH,EnsemblGenome:BAA15726
WBPhenotype:0002606,DISO,necrotic cell death decreased
ZP:0012634,DISO,"sex determination process quality, abnormal"
ZP:0002523,DISO,"facial nerve development disrupted, abnormal"
ZP:0001965,DISO,"mandibular arch skeleton decreased size, abnormal"
HP:0000778,DISO,Hypoplasia of the thymus
ZP:0014492,DISO,"anterior region neuroectoderm absent, abnormal"
WBPhenotype:0001949,DISO,diakinesis region organization variant
MONARCH:APO_0000129APO_0000002,GENO,protein transport:abnormal
MP:0008232,DISO,abnormal cingulum morphology
ENSEMBL:ENSECAG00000009702,ORTH,ENSEMBL:ENSECAG00000009702
WBPhenotype:0001776,DISO,siRNA expression variant
ENSEMBL:ENSACAG00000003355,ORTH,ENSEMBL:ENSACAG00000003355
HP:0011297,DISO,Abnormal digit morphology
ENSEMBL:ENSACAG00000014297,ORTH,ENSEMBL:ENSACAG00000014297
PomBase:SPAC2F7.10,GENO,akr1
FlyBase:FBgn0035533,ORTH,Cip4
WBPhenotype:0000071,DISO,head morphology variant
MP:0003111,DISO,abnormal cell nucleus morphology
HP:0100790,DISO,Hernia
WBPhenotype:0001260,DISO,oocyte morphology variant
ENSEMBL:ENSCAFG00000043610,ORTH,A0A5F4C3C0
ENSEMBL:ENSMMUG00000009277,ORTH,ENSEMBL:ENSMMUG00000009277
ZP:0010451,DISO,"nucleus skeletal muscle cell circular, abnormal"
ZP:0010280,DISO,"neurofibrosarcoma peripheral nervous system increased amount, abnormal"
ENSEMBL:ENSECAG00000019077,ORTH,ENSEMBL:ENSECAG00000019077
MGI:95913,ORTH,H2-M1
RGD:1305005,ORTH,Lamtor5
FlyBase:FBgn0265784,ORTH,CrebB
ZFIN:ZDB-GENE-061013-204,ORTH,hmga1b
WBPhenotype:0000411,DISO,rod like larval lethal
MONARCH:APO_0000078APO_0000005,GENO,protein secretion:absent
MGI:1100500,ORTH,Flot1
HP:0000316,DISO,Hypertelorism
WBPhenotype:0000478,DISO,isothermal tracking behavior variant
ENSEMBL:ENSFCAG00000013713,ORTH,ENSEMBL:ENSFCAG00000013713
MP:0009415,DISO,skeletal muscle degeneration
WormBase:WBGene00015381,ORTH,C03B1.13
MP:0011084,DISO,"lethality at weaning, incomplete penetrance"
ENSEMBL:ENSCAFG00000001644,ORTH,FAM71F1
HGNC:5046,GENE,HNRNPM
HP:0011106,DISO,Hypovolemia
HGNC:12692,GENE,VIM
HP:0200136,DISO,Oral-pharyngeal dysphagia
MP:0008019,DISO,increased liver tumor incidence
MP:0006309,DISO,decreased retinal ganglion cell number
MGI:1347060,ORTH,Psma4
MGI:95474,ORTH,F8a
MP:0009974,DISO,decreased cerebral cortex pyramidal cell number
ENSEMBL:ENSMMUG00000017904,ORTH,ENSEMBL:ENSMMUG00000017904
MP:0009108,DISO,increased pancreas weight
RGD:68327,ORTH,Hap1
FlyBase:FBgn0028381,ORTH,Decay
ENSEMBL:ENSBTAG00000014494,ORTH,ENSEMBL:ENSBTAG00000014494
MP:0000168,DISO,abnormal bone marrow development
MP:0020914,DISO,decreased susceptibility to Riboviria infection
MP:0000822,DISO,abnormal brain ventricle morphology
Xenbase:XB-GENE-1005352,ORTH,gatd1
WBPhenotype:0002288,DISO,tail bend angle variant
MGI:105941,ORTH,Mpp1
PomBase:SPBC1709.04c,GENO,cyp3
FlyBase:FBgn0039374,ORTH,CG17770
MP:0006258,DISO,abnormal circumvallate papillae morphology
ZP:0011506,DISO,"central region optic tectum proliferative, abnormal"
ZP:0002190,DISO,"trunk deformed, abnormal"
ENSEMBL:ENSFCAG00000049044,ORTH,ENSEMBL:ENSFCAG00000049044
Xenbase:XB-GENE-481992,ORTH,smad3
MP:0002912,DISO,abnormal excitatory postsynaptic potential
FBcv:0000672,DISO,abnormal endomitotic cell cycle
FBcv:0000362,DISO,increased cell number
WBPhenotype:0002394,DISO,phagosome sealing defective
SGD:S000001337,ORTH,RPN2
ZP:0001382,DISO,"retinal inner nuclear layer morphology, abnormal"
SGD:S000002633,ORTH,HTA1
ENSEMBL:ENSMMUG00000012723,ORTH,ENSEMBL:ENSMMUG00000012723
ENSEMBL:ENSMMUG00000016001,ORTH,ENSEMBL:ENSMMUG00000016001
ENSEMBL:ENSSSCG00000022559,ORTH,USP14
ENSEMBL:ENSMODG00000000755,ORTH,ENSEMBL:ENSMODG00000000755
ENSEMBL:ENSMMUG00000008379,ORTH,ENSEMBL:ENSMMUG00000008379
WormBase:WBGene00020378,ORTH,T09B4.4
ENSEMBL:ENSGALG00000012160,ORTH,KIF18A
MP:0009133,DISO,decreased white fat cell size
ENSEMBL:ENSGALG00000004874,ORTH,ENSEMBL:ENSGALG00000004874
ENSEMBL:ENSRNOG00000026991,ORTH,F1M2N4
MP:0011091,DISO,"prenatal lethality, complete penetrance"
HGNC:9069,GENE,PLEC
ENSEMBL:ENSMODG00000007497,ORTH,ENSEMBL:ENSMODG00000007497
Coriell:GM04284,GENO,NIGMS-GM04284
ZFIN:ZDB-GENE-040426-993,ORTH,ncor1
MP:0008280,DISO,abnormal male germ cell apoptosis
WBPhenotype:0000704,DISO,excretory canal morphology variant
Xenbase:XB-GENE-944850,ORTH,hk1
ZFIN:ZDB-GENE-030131-2513,ORTH,rnaset2
Xenbase:XB-GENE-5813351,ORTH,elp1
ZP:0003405,DISO,"lysosome CNS neuron (sensu Vertebrata) increased size, abnormal"
EnsemblGenome:BAE77332,ORTH,EnsemblGenome:BAE77332
RGD:1305206,ORTH,Ipo4
HP:0030746,DISO,Intraventricular hemorrhage
WBPhenotype:0000057,DISO,early larval lethal
HP:0001355,DISO,Megalencephaly
ENSEMBL:ENSMODG00000009810,ORTH,ENSEMBL:ENSMODG00000009810
FlyBase:FBgn0011760,ORTH,ctp
HP:0000321,DISO,Square face
dictyBase:DDB_G0295743,GENO,DDB_G0295743
MP:0003060,DISO,increased aerobic running capacity
FlyBase:FBgn0030514,ORTH,CG9941
ENSEMBL:ENSFCAG00000005177,ORTH,ENSEMBL:ENSFCAG00000005177
MGI:700011,ORTH,Sh3gl3
MGI:1333793,ORTH,Magea2
MONARCH:APO_0000022APO_0000003,GENO,protein activity:decreased
ZP:0137774,DISO,"thigmotaxis latency, abnormal"
MP:0013486,DISO,decreased Paneth cell number
ZFIN:ZDB-GENE-990415-112,ORTH,hoxc4a
ENSEMBL:ENSFCAG00000033551,ORTH,ENSEMBL:ENSFCAG00000033551
MP:0006036,DISO,abnormal mitochondrial physiology
ZFIN:ZDB-GENE-040426-1495,ORTH,polr1c
ZFIN:ZDB-GENE-080505-1,ORTH,ppargc1a
MP:0009358,DISO,environmentally induced seizures
MP:0001829,DISO,increased activated T cell number
MGI:2158813,ORTH,Sumo2
ZP:0004336,DISO,"pigmentation delayed, abnormal"
ZP:0137225,DISO,"CaP motoneuron amplitude neuromuscular synaptic transmission, abnormal"
MP:0008701,DISO,abnormal interleukin-5 secretion
ENSEMBL:ENSOANG00000013418,ORTH,ENSEMBL:ENSOANG00000013418
HP:0002860,DISO,Squamous cell carcinoma
MONARCH:APO_0000071APO_0000002,GENO,cytokinesis:abnormal
MP:0003990,DISO,decreased neurotransmitter release
MGI:1916969,ORTH,Cad
FlyBase:FBgn0034838,ORTH,CG12782
EFO:0009473,GENO,hemolysis
ENSEMBL:ENSMMUG00000009953,ORTH,ENSEMBL:ENSMMUG00000009953
MP:0001684,DISO,abnormal axial mesoderm morphology
HP:0000483,DISO,Astigmatism
ZP:0100115,DISO,"paired fin morphology, abnormal"
ENSEMBL:ENSMMUG00000020549,ORTH,ENSEMBL:ENSMMUG00000020549
MONARCH:APO_0000127APO_0000003,GENO,nuclear export:decreased
FlyBase:FBgn0265464,ORTH,Traf6
ENSEMBL:ENSPTRG00000022389,ORTH,ENSEMBL:ENSPTRG00000022389
MP:0011609,DISO,decreased glyceraldehyde-3-phosphate dehydrogenase (NAD+) (phosphorylating) activity
ENSEMBL:ENSECAG00000009936,ORTH,ENSEMBL:ENSECAG00000009936
WormBase:WBGene00006861,ORTH,cal-5
MP:0006144,DISO,increased systemic arterial systolic blood pressure
MONARCH:APO_0000087APO_0000004,GENO,resistance to chemicals:increased
ENSEMBL:ENSBTAG00000008110,ORTH,ENSEMBL:ENSBTAG00000008110
ENSEMBL:ENSMODG00000015941,ORTH,ENSEMBL:ENSMODG00000015941
MP:0011999,DISO,abnormal tail length
WBPhenotype:0000112,DISO,protein expression variant
ENSEMBL:ENSMODG00000023669,ORTH,ENSEMBL:ENSMODG00000023669
ENSEMBL:ENSMMUG00000037625,ORTH,ENSEMBL:ENSMMUG00000037625
ENSEMBL:ENSGALG00000010253,ORTH,ZDHHC17
ENSEMBL:ENSBTAG00000004915,ORTH,ENSEMBL:ENSBTAG00000004915
ENSEMBL:ENSSSCG00000002003,ORTH,I3LND9
ENSEMBL:ENSPTRG00000011435,ORTH,ENSEMBL:ENSPTRG00000011435
HP:0100749,DISO,Chest pain
MP:0000491,DISO,crypts of Lieberkuhn abscesses
HGNC:14651,GENE,PPIH
WBPhenotype:0002323,DISO,backward point velocity variant
WormBase:WBGene00003925,ORTH,pas-4
ZFIN:ZDB-GENE-060217-1,ORTH,lgi1b
ZFIN:ZDB-GENE-040426-2232,ORTH,map1lc3a
ENSEMBL:ENSPTRG00000015377,ORTH,ENSEMBL:ENSPTRG00000015377
ENSEMBL:ENSMODG00000007320,ORTH,ENSEMBL:ENSMODG00000007320
ENSEMBL:ENSMODG00000018964,ORTH,ENSEMBL:ENSMODG00000018964
ZP:0000473,DISO,"whole organism decreased length, abnormal"
MGI:2676637,ORTH,H2-M11
ENSEMBL:ENSECAG00000003368,ORTH,ENSEMBL:ENSECAG00000003368
ENSEMBL:ENSMODG00000010301,ORTH,ENSEMBL:ENSMODG00000010301
ENSEMBL:ENSGALG00000003880,ORTH,ENSEMBL:ENSGALG00000003880
ENSEMBL:ENSMODG00000004066,ORTH,ENSEMBL:ENSMODG00000004066
ZP:0018603,DISO,"hindbrain decreased occurrence neuron differentiation, abnormal"
dbSNP:rs2024115,GENO,rs2024115-G
HP:0012592,DISO,Albuminuria
HP:0005736,DISO,Short tibia
dictyBase:DDB_G0278039,GENO,polr2h
HP:0000822,DISO,Hypertension
WormBase:WBGene00006499,ORTH,tag-153
ENSEMBL:ENSMMUG00000005673,ORTH,ENSEMBL:ENSMMUG00000005673
ENSEMBL:ENSECAG00000012035,ORTH,ENSEMBL:ENSECAG00000012035
HP:0012101,DISO,Decreased serum creatinine
MP:0000934,DISO,abnormal telencephalon development
ENSEMBL:ENSPTRG00000017505,ORTH,ENSEMBL:ENSPTRG00000017505
MP:0008330,DISO,absent somatotrophs
ZFIN:ZDB-GENE-041010-170,ORTH,ech1
ClinVarVariant:31915,VARI,NM_002111.8(HTT):c.52CAG[(27_35)] (p.Gln18_Gln38delinsGlnGlnGlnGlnGlnGlnGlnGlnGlnGlnGlnGlnGlnGlnGlnGlnGlnGlnGlnGlnGlnGlnGlnGlnGlnGlnGln)
ENSEMBL:ENSSSCG00000006830,ORTH,PSMA5
ENSEMBL:ENSSSCG00000012055,ORTH,ENSEMBL:ENSSSCG00000012055
ENSEMBL:ENSOANG00000010001,ORTH,ENSEMBL:ENSOANG00000010001
MGI:95931,ORTH,H2-Q2
MP:0000448,DISO,pointed snout
MGI:3045266,ORTH,Fan1
ZP:0000766,DISO,"post-vent region bent, abnormal"
WBPhenotype:0000351,DISO,failure to hatch
MP:0004980,DISO,increased neuronal precursor cell number
MP:0004384,DISO,small interparietal bone
ZFIN:ZDB-GENE-060929-860,ORTH,cenpe
WBPhenotype:0000402,DISO,avoids bacterial lawn
ENSEMBL:ENSMODG00000050482,ORTH,ENSEMBL:ENSMODG00000050482
PomBase:SPBC1773.07c,GENO,sbp1
FlyBase:FBgn0031950,ORTH,Herp
PomBase:SPBC16A3.05c,GENO,rae1
MP:0006026,DISO,dilated terminal bronchiole tubes
Coriell:GM06439,GENO,NIGMS-GM06439
WBPhenotype:0000055,DISO,early larval arrest
MGI:2447811,ORTH,Aldoart1
ENSEMBL:ENSCAFG00000018510,ORTH,LAMP2
MP:0011856,DISO,abnormal glomerular filtration barrier function
ENSEMBL:ENSMODG00000012113,ORTH,ENSEMBL:ENSMODG00000012113
ENSEMBL:ENSGALG00000041203,ORTH,ENSEMBL:ENSGALG00000041203
ENSEMBL:ENSACAG00000013081,ORTH,ENSEMBL:ENSACAG00000013081
MP:0008057,DISO,abnormal DNA replication
ENSEMBL:ENSPTRG00000034402,ORTH,ENSEMBL:ENSPTRG00000034402
ZP:0104639,DISO,"myotome has extra parts of type skeletal muscle cell vesicle skeletal muscle cell, abnormal"
ZP:0002606,DISO,"post-vent region curled, abnormal"
WBPhenotype:0000651,DISO,constipated
ZP:0002707,DISO,"heart structure, abnormal"
HGNC:5229,GENE,DNAJA1
ENSEMBL:ENSSSCG00000017427,ORTH,ENSEMBL:ENSSSCG00000017427
ENSEMBL:ENSBTAG00000006202,ORTH,ST13
ENSEMBL:ENSMMUG00000007449,ORTH,ENSEMBL:ENSMMUG00000007449
ENSEMBL:ENSFCAG00000007084,ORTH,ENSEMBL:ENSFCAG00000007084
dictyBase:DDB_G0290779,GENO,rabL
MP:0008944,DISO,decreased sensitivity to induced cell death
ENSEMBL:ENSMMUG00000018254,ORTH,ENSEMBL:ENSMMUG00000018254
HP:0003022,DISO,Hypoplasia of the ulna
ENSEMBL:ENSPTRG00000007345,ORTH,ENSEMBL:ENSPTRG00000007345
Coriell:GM06651,GENO,NIGMS-GM06651
HP:0002062,DISO,Morphological abnormality of the pyramidal tract
HGNC:812,GENE,ATP2A2
ENSEMBL:ENSCAFG00000012237,ORTH,PRMT2
WormBase:WBGene00015454,ORTH,C04G6.4
ENSEMBL:ENSGALG00000033469,ORTH,ENSEMBL:ENSGALG00000033469
HP:0010794,DISO,Impaired visuospatial constructive cognition
ENSEMBL:ENSPTRG00000018989,ORTH,ENSEMBL:ENSPTRG00000018989
ZP:0017932,DISO,"integument broken, abnormal"
ENSEMBL:ENSPTRG00000023062,ORTH,ENSEMBL:ENSPTRG00000023062
ZFIN:ZDB-GENE-030717-7,ORTH,msnb
dbSNP:rs363085,GENO,rs363085-G
RGD:1359292,ORTH,RT1-CE10
ENSEMBL:ENSOANG00000000423,ORTH,ENSEMBL:ENSOANG00000000423
WBPhenotype:0000145,DISO,fertility phenotype
HP:0004313,DISO,Decreased circulating antibody level
MP:0005250,DISO,decreased Sertoli cell number
ZFIN:ZDB-GENE-030909-13,ORTH,tktb
EFO:0004327,GENO,electrocardiography
WBPhenotype:0000716,DISO,muscle cell attachment variant
ENSEMBL:ENSOANG00000045588,ORTH,ENSEMBL:ENSOANG00000045588
HP:0032898,DISO,Focal automatism seizure
ENSEMBL:ENSCAFG00000006857,ORTH,ATXN7
HP:0025401,DISO,Staring gaze
RGD:1593284,ORTH,Hspa1a
WBPhenotype:0001329,DISO,curly
MP:0005448,DISO,abnormal energy homeostasis
dictyBase:DDB_G0272056,GENO,DDB0219997
ZP:0009070,DISO,"smoothened signaling pathway involved in dorsal/ventral neural tube patterning disrupted, abnormal"
Coriell:GM04689,GENO,NIGMS-GM04689
REACT:R-HSA-9022692,PHYS,Regulation of MECP2 expression and activity
ENSEMBL:ENSFCAG00000028355,ORTH,ENSEMBL:ENSFCAG00000028355
HGNC:3208,GENE,EEF1B2
HP:0040012,DISO,Chromosome breakage
HGNC:23817,GENE,CNOT10
ZP:0100127,DISO,"actin-based cell projection peridermal cell decreased amount, abnormal"
PomBase:SPAC1805.15c,GENO,pub2
WBPhenotype:0000295,DISO,thermotolerance increased
dictyBase:DDB_G0276227,GENO,DDB0229988
WBPhenotype:0001576,DISO,mitochondria spacing variant
RGD:1359154,ORTH,Wipi2
Coriell:GM05660,GENO,NIGMS-GM05660
WBPhenotype:0001766,DISO,cholesterol depletion hypersensitive
ENSEMBL:ENSPTRG00000004785,ORTH,ENSEMBL:ENSPTRG00000004785
ENSEMBL:ENSPTRG00000000476,ORTH,ENSEMBL:ENSPTRG00000000476
ENSEMBL:ENSPTRG00000005437,ORTH,ENSEMBL:ENSPTRG00000005437
ENSEMBL:ENSMODG00000014405,ORTH,ENSEMBL:ENSMODG00000014405
MONARCH:APO_0000209APO_0000002,GENO,protein/peptide distribution:abnormal
SGD:S000006208,ORTH,AIM45
MONARCH:APO_0000127APO_0000002,GENO,nuclear export:abnormal
FBcv:0002002,DISO,lethal - all die before end of larval stage
ENSEMBL:ENSFCAG00000043198,ORTH,ENSEMBL:ENSFCAG00000043198
ZP:0000102,DISO,"yolk increased size, abnormal"
MP:0005169,DISO,abnormal male meiosis
ZP:0106672,DISO,"granulocyte rostral blood island decreased amount, abnormal"
WBPhenotype:0002599,DISO,long-term habituation phenotype
ENSEMBL:ENSGALG00000002802,ORTH,PACSIN1
MP:0009422,DISO,decreased gastrocnemius weight
ENSEMBL:ENSMMUG00000000388,ORTH,ENSEMBL:ENSMMUG00000000388
WormBase:WBGene00014240,ORTH,htas-1
FlyBase:FBgn0037607,ORTH,CG8036
ENSEMBL:ENSECAG00000004593,ORTH,ENSEMBL:ENSECAG00000004593
ZP:0000355,DISO,"eye quality, abnormal"
ENSEMBL:ENSPTRG00000039091,ORTH,ENSEMBL:ENSPTRG00000039091
HP:0001892,DISO,Abnormal bleeding
FlyBase:FBgn0003612,ORTH,Su(var)2-10
GO:0043666,PHYS,regulation of phosphoprotein phosphatase activity
Xenbase:XB-GENE-958256,ORTH,sh3gl3
RGD:1307908,ORTH,Ing5
FlyBase:FBgn0262112,ORTH,sro
WBPhenotype:0001227,DISO,commissure absent
ZP:0002499,DISO,"hindbrain decreased size, abnormal"
ENSEMBL:ENSFCAG00000003182,ORTH,ENSEMBL:ENSFCAG00000003182
RGD:708423,ORTH,Opa1
dictyBase:DDB_G0285375,GENO,atg18
ZP:0000339,DISO,"forebrain development disrupted, abnormal"
WormBase:WBGene00004821,ORTH,skr-15
MP:0004792,DISO,abnormal synaptic vesicle number
dbSNP:rs82334,GENO,rs82334-A
MGI:1349723,ORTH,Pabpc2
ZP:0106013,DISO,"central nervous system decreased process quality central nervous system myelination, abnormal"
FlyBase:FBgn0260962,ORTH,pic
dictyBase:DDB_G0284217,GENO,DDB0185899
MGI:1344381,ORTH,Dnajb6
MP:0005091,DISO,increased double-positive T cell number
ZP:0001434,DISO,"post-vent region deformed, abnormal"
ENSEMBL:ENSGALG00000033705,ORTH,LOC430766
ENSEMBL:ENSCAFG00030026124,ORTH,ENSEMBL:ENSCAFG00030026124
ENSEMBL:ENSMMUG00000021282,ORTH,ENSEMBL:ENSMMUG00000021282
ENSEMBL:ENSFCAG00000004607,ORTH,ENSEMBL:ENSFCAG00000004607
FlyBase:FBgn0029856,ORTH,CG11700
ENSEMBL:ENSCAFG00000023463,ORTH,ITPR1
MP:0002917,DISO,decreased synaptic depression
ENSEMBL:ENSACAG00000012694,ORTH,ENSEMBL:ENSACAG00000012694
ENSEMBL:ENSSSCG00000038308,ORTH,RANBP1
dictyBase:DDB_G0285989,GENO,DDB0218772
WBPhenotype:0001951,DISO,pachytene region organization variant
ENSEMBL:ENSBTAG00000021843,ORTH,UBQLN2
EnsemblGenome:AT2G05630,ORTH,EnsemblGenome:AT2G05630
ENSEMBL:ENSGALG00000023703,ORTH,GIT1
ENSEMBL:ENSBTAG00000003757,ORTH,ENSEMBL:ENSBTAG00000003757
MP:0000292,DISO,distended pericardium
WBPhenotype:0000554,DISO,hypoosmotic shock hypersensitive
ENSEMBL:ENSSSCG00000029661,ORTH,A0A286ZN63
MP:0002980,DISO,abnormal postural reflex
MP:0008456,DISO,abnormal retinal rod cell outer segment morphology
HP:0003387,DISO,Decreased number of large peripheral myelinated nerve fibers
dictyBase:DDB_G0278217,GENO,rsmK
ZP:0018608,DISO,"hindbrain increased occurrence Notch signaling pathway, abnormal"
RGD:1598370,ORTH,RT1-N3
ENSEMBL:ENSACAG00000002915,ORTH,ENSEMBL:ENSACAG00000002915
HP:0000234,DISO,Abnormality of the head
ENSEMBL:ENSOANG00000004491,ORTH,ENSEMBL:ENSOANG00000004491
ENSEMBL:ENSMODG00000015865,ORTH,ENSEMBL:ENSMODG00000015865
ENSEMBL:ENSMMUG00000008234,ORTH,ENSEMBL:ENSMMUG00000008234
ENSEMBL:ENSGALG00000031131,ORTH,ENSEMBL:ENSGALG00000031131
MONARCH:APO_0000029APO_0000003,GENO,pseudohyphal growth:decreased
WBPhenotype:0000018,DISO,pharyngeal pumping increased
Xenbase:XB-GENE-5841406,ORTH,psme4
ZP:0018600,DISO,"rhombomere 4 morphogenesis process quality, abnormal"
ENSEMBL:ENSFCAG00000009389,ORTH,ENSEMBL:ENSFCAG00000009389
HP:0001290,DISO,Generalized hypotonia
ENSEMBL:ENSGALG00000004509,ORTH,ENSEMBL:ENSGALG00000004509
MGI:1333834,ORTH,Magea1
HGNC:2711,GENE,DCTN1
HGNC:10474,GENE,RUVBL1
ENSEMBL:ENSMMUG00000008045,ORTH,ENSEMBL:ENSMMUG00000008045
ENSEMBL:ENSMMUG00000001873,ORTH,ENSEMBL:ENSMMUG00000001873
PomBase:SPBC13E7.10c,GENO,brf1
ENSEMBL:ENSECAG00000007795,ORTH,ENSEMBL:ENSECAG00000007795
ENSEMBL:ENSMMUG00000009970,ORTH,ENSEMBL:ENSMMUG00000009970
Coriell:GM04886,GENO,NIGMS-GM04886
ENSEMBL:ENSPTRG00000006735,ORTH,ENSEMBL:ENSPTRG00000006735
MP:0002885,DISO,abnormal AMPA-mediated synaptic currents
MP:0013971,DISO,blood in lymph vessels
HGNC:7762,GENE,NEUROD1
MP:0000984,DISO,hyperinnervation of Meissner's corpuscle
ENSEMBL:ENSFCAG00000044738,ORTH,ENSEMBL:ENSFCAG00000044738
ZP:0006353,DISO,"endoplasmic reticulum hepatocyte morphology, abnormal"
MP:0009703,DISO,decreased birth body size
ENSEMBL:ENSSSCG00000031302,ORTH,CTBP1
ENSEMBL:ENSECAG00000007845,ORTH,ENSEMBL:ENSECAG00000007845
ENSEMBL:ENSGALG00000048749,ORTH,A0A1D5PT69
HP:0005108,DISO,Abnormality of the intervertebral disk
WBPhenotype:0000520,DISO,morphology phenotype
ENSEMBL:ENSOANG00000006811,ORTH,ENSEMBL:ENSOANG00000006811
MGI:107532,ORTH,Kpnb1
ZP:0021479,DISO,"endosome neural crest cell immature, abnormal"
WormBase:WBGene00021495,ORTH,sqst-2
ENSEMBL:ENSACAG00000002544,ORTH,ENSEMBL:ENSACAG00000002544
ZFIN:ZDB-GENE-100922-238,ORTH,virma
HP:0025336,DISO,Delayed ability to sit
ENSEMBL:ENSGALG00000025811,ORTH,ENSEMBL:ENSGALG00000025811
Xenbase:XB-GENE-963850,ORTH,eif3b
ENSEMBL:ENSACAG00000009064,ORTH,ENSEMBL:ENSACAG00000009064
ENSEMBL:ENSMMUG00000005772,ORTH,ENSEMBL:ENSMMUG00000005772
HP:0002591,DISO,Polyphagia
FlyBase:FBgn0266599,ORTH,Hsc70-4
ZFIN:ZDB-GENE-030131-8486,ORTH,si:ch211-202a12.4
MP:0012089,DISO,decreased midbrain size
ZP:0103052,DISO,"whole organism ventralized, abnormal"
RGD:1306152,ORTH,Ninl
HP:0003690,DISO,Limb muscle weakness
ZP:0137438,DISO,"retinal pigmented epithelium decreased area, abnormal"
ZP:0006859,DISO,"developmental growth process quality, abnormal"
FlyBase:FBgn0033051,ORTH,Strica
HP:0005109,DISO,Abnormality of the Achilles tendon
MP:0005090,DISO,increased double-negative T cell number
ZP:0019108,DISO,"cornea degenerate, abnormal"
RGD:1310849,ORTH,Ipo7
dictyBase:DDB_G0284381,GENO,DDB0185981
Coriell:GM04196,GENO,NIGMS-GM04196
ENSEMBL:ENSSSCG00000005904,ORTH,ENSEMBL:ENSSSCG00000005904
MONARCH:APO_0000317APO_0000003,GENO,replicative lifespan:decreased
MP:0008235,DISO,increased susceptibility to neuronal excitotoxicity
ZFIN:ZDB-GENE-030424-1,ORTH,kdm5bb
ZP:0006751,DISO,"bicellular tight junction blood vessel endothelium decreased object quality, abnormal"
WBPhenotype:0001870,DISO,meiotic spindle rotation defective
ENSEMBL:ENSMODG00000020514,ORTH,ENSEMBL:ENSMODG00000020514
ZP:0000107,DISO,"heart morphology, abnormal"
MP:0000418,DISO,focal hair loss
HP:0002715,DISO,Abnormality of the immune system
MGI:95936,ORTH,H2-Q7
MP:0005325,DISO,abnormal renal glomerulus morphology
ZFIN:ZDB-GENE-031007-6,ORTH,dmxl2
ZFIN:ZDB-GENE-070912-109,ORTH,ftr33
MP:0003243,DISO,abnormal dopaminergic neuron morphology
MP:0013615,DISO,increased volumetric bone mineral density
ENSEMBL:ENSPTRG00000049813,ORTH,ENSEMBL:ENSPTRG00000049813
MGI:2386951,ORTH,Tg(HDexon1)62Gpb
ENSEMBL:ENSMMUG00000011906,ORTH,ENSEMBL:ENSMMUG00000011906
Xenbase:XB-GENE-485307,ORTH,mhc1a
ENSEMBL:ENSSSCG00000007431,ORTH,CTSA
ZP:0006802,DISO,"common cardinal vein congested, abnormal"
ENSEMBL:ENSGALG00000007615,ORTH,ENSEMBL:ENSGALG00000007615
ENSEMBL:ENSOANG00000005788,ORTH,ENSEMBL:ENSOANG00000005788
ZFIN:ZDB-GENE-060825-293,ORTH,rab9a
ZP:0102473,DISO,"cilium retina absent, abnormal"
HGNC:1504,GENE,CASP3
ENSEMBL:ENSOANG00000045205,ORTH,ENSEMBL:ENSOANG00000045205
SGD:S000003769,ORTH,TDH2
WBPhenotype:0001011,DISO,complex phenotype early emb
WBPhenotype:0001952,DISO,germline nuclear positioning variant
MP:0011708,DISO,decreased fibroblast cell migration
MP:0003449,DISO,abnormal intestinal goblet cell morphology
dbSNP:rs8031584,GENO,rs8031584-?
MGI:1926884,ORTH,Huwe1
ENSEMBL:ENSMMUG00000053608,ORTH,ENSEMBL:ENSMMUG00000053608
ENSEMBL:ENSCAFG00000010827,ORTH,TTC23
HGNC:7734,GENE,NEFM
ENSEMBL:ENSPTRG00000022450,ORTH,ENSEMBL:ENSPTRG00000022450
HP:0007328,DISO,Impaired pain sensation
ENSEMBL:ENSPTRG00000023652,ORTH,ENSEMBL:ENSPTRG00000023652
ENSEMBL:ENSSSCG00000032312,ORTH,ENSEMBL:ENSSSCG00000032312
HP:0001640,DISO,Cardiomegaly
ZFIN:ZDB-GENE-110914-185,ORTH,il17ra1b
ENSEMBL:ENSBTAG00000006268,ORTH,ENSEMBL:ENSBTAG00000006268
MGI:1923990,ORTH,Efr3a
HP:0030760,DISO,Renal fibrosis
ZP:0000212,DISO,"whole organism viability, abnormal"
XPO:0115659,GENO,abnormally ruffled dorsal fin
MP:0004931,DISO,enlarged epididymis
HP:0002094,DISO,Dyspnea
Xenbase:XB-GENE-1002725,ORTH,prpf40b
MP:0000703,DISO,abnormal thymus morphology
ENSEMBL:ENSECAG00000006078,ORTH,ENSEMBL:ENSECAG00000006078
MP:0010856,DISO,dilated respiratory conducting tubes
HP:0006887,DISO,"Intellectual disability, progressive"
HGNC:2903,GENE,DLG4
MGI:99484,ORTH,Chuk
ZP:0000041,DISO,"pharyngeal arch 3-7 skeleton quality, abnormal"
ZP:0003731,DISO,"locomotory behavior having decreased processual parts skeletal muscle contraction, abnormal"
HP:0004332,DISO,Abnormal lymphocyte morphology
PomBase:SPAC323.02c,GENO,pup2
ENSEMBL:ENSECAG00000015773,ORTH,ENSEMBL:ENSECAG00000015773
ENSEMBL:ENSSSCG00000012123,ORTH,ENSEMBL:ENSSSCG00000012123
MP:0001299,DISO,abnormal eye distance/ position
ENSEMBL:ENSOANG00000007125,ORTH,ENSEMBL:ENSOANG00000007125
WormBase:WBGene00000904,ORTH,daf-8
ZP:0010089,DISO,"olfactory placode composition, abnormal"
ZFIN:ZDB-GENE-040801-7,ORTH,sumo2b
MONARCH:APO_0000102APO_0000003,GENO,respiratory metabolism:decreased
ENSEMBL:ENSBTAG00000012235,ORTH,ENSEMBL:ENSBTAG00000012235
ENSEMBL:ENSPTRG00000007939,ORTH,ENSEMBL:ENSPTRG00000007939
ENSEMBL:ENSSSCG00000033987,ORTH,UBE2E3
ZP:0007179,DISO,"midbrain hindbrain boundary inconspicuous, abnormal"
ENSEMBL:ENSMODG00000042391,ORTH,ENSEMBL:ENSMODG00000042391
MGI:5298848,ORTH,Htt<tm1Hay>/Htt<tm1Hay>; Tg(YAC18)18Hay [involves: FVB/N]
ENSEMBL:ENSGALG00000007302,ORTH,ATXN7
WormBase:WBGene00004506,ORTH,rpt-6
HP:0001511,DISO,Intrauterine growth retardation
MGI:3711071,ORTH,Tg(YAC353G6)W7Hay/Tg(YAC353G6)W7Hay [FVB/NJ-Tg(YAC353G6)W7Hay]
ZP:0002188,DISO,"somite deformed, abnormal"
MP:0004556,DISO,enlarged allantois
MP:0000384,DISO,distorted hair follicle pattern
MP:0012156,DISO,rostral-caudal axis duplication
ENSEMBL:ENSMMUG00000031106,ORTH,ENSEMBL:ENSMMUG00000031106
ENSEMBL:ENSOANG00000038661,ORTH,ENSEMBL:ENSOANG00000038661
FlyBase:FBgn0053526,ORTH,PNUTS
WormBase:WBGene00009112,ORTH,tag-353
dictyBase:DDB_G0275149,GENO,DDB_G0275149
MONARCH:APO_0000159APO_0000004,GENO,biofilm formation:increased
ENSEMBL:ENSMMUG00000012474,ORTH,ENSEMBL:ENSMMUG00000012474
HP:0001272,DISO,Cerebellar atrophy
FBcv:0000357,DISO,abnormal size
ENSEMBL:ENSSSCG00000026153,ORTH,ENSEMBL:ENSSSCG00000026153
HP:0000023,DISO,Inguinal hernia
ENSEMBL:ENSOANG00000015679,ORTH,ENSEMBL:ENSOANG00000015679
ENSEMBL:ENSMMUG00000000252,ORTH,ENSEMBL:ENSMMUG00000000252
dbSNP:rs363092,GENO,rs363092-A
HP:0000396,DISO,Overfolded helix
WormBase:WBGene00016239,ORTH,C30A5.4
WBPhenotype:0000900,DISO,germ cell morphology variant
ENSEMBL:ENSFCAG00000003344,ORTH,ENSEMBL:ENSFCAG00000003344
MP:0010769,DISO,abnormal survival
ZFIN:ZDB-GENE-030131-5455,ORTH,dnajb1b
ENSEMBL:ENSMMUG00000014884,ORTH,ENSEMBL:ENSMMUG00000014884
ZFIN:ZDB-GENE-030131-2748,ORTH,eif3ba
XPO:0128720,GENO,decreased size of the ventral trunk
ENSEMBL:ENSMMUG00000021886,ORTH,ENSEMBL:ENSMMUG00000021886
MGI:95959,ORTH,H2-T3
ZP:0006351,DISO,"chondrocyte increased accumulation vacuole cytoplasm chondrocyte, abnormal"
ENSEMBL:ENSECAG00000004617,ORTH,ENSEMBL:ENSECAG00000004617
ENSEMBL:ENSBTAG00000016874,ORTH,ENSEMBL:ENSBTAG00000016874
ENSEMBL:ENSCAFG00000012558,ORTH,J9PBL8
WBPhenotype:0001421,DISO,endocytic transport variant
ENSEMBL:ENSGALG00000005517,ORTH,KIF9
ZP:0004011,DISO,"neuron retinal inner plexiform layer degenerate, abnormal"
RGD:1303002,ORTH,Cops3
MONDO:0000129,DISO,glutaric aciduria
ENSEMBL:ENSECAG00000004666,ORTH,ENSEMBL:ENSECAG00000004666
MP:0009712,DISO,impaired conditioned place preference behavior
EFO:0004565,GENO,serum IgG measurement
ENSEMBL:ENSACAG00000017696,ORTH,ENSEMBL:ENSACAG00000017696
Coriell:GM03620,GENO,NIGMS-GM03620
HP:0012443,DISO,Abnormality of brain morphology
MGI:108064,ORTH,Siah1a
ZP:0002311,DISO,"head necrotic, abnormal"
RGD:1565519,ORTH,Prmt2
Coriell:GM04717,GENO,NIGMS-GM04717
ENSEMBL:ENSMMUG00000001661,ORTH,ENSEMBL:ENSMMUG00000001661
MGI:1306778,ORTH,Map1b
PomBase:SPBC530.03c,GENO,bag102
MGI:1345184,ORTH,Tenm2
HP:0002240,DISO,Hepatomegaly
ENSEMBL:ENSCAFG00000017778,ORTH,ENSEMBL:ENSCAFG00000017778
ENSEMBL:ENSSSCG00000004074,ORTH,OPRM1
WBPhenotype:0001026,DISO,nuclear morphology variation early emb
HP:0003487,DISO,Babinski sign
RGD:1308228,ORTH,Wdr61
ENSEMBL:ENSMODG00000043207,ORTH,ENSEMBL:ENSMODG00000043207
ENSEMBL:ENSCAFG00000031831,ORTH,ENSEMBL:ENSCAFG00000031831
ENSEMBL:ENSGALG00000006294,ORTH,PSMD2
ZFIN:ZDB-GENE-070822-23,ORTH,lsm5
MP:0003190,DISO,fused synovial joints
ENSEMBL:ENSECAG00000005203,ORTH,ENSEMBL:ENSECAG00000005203
RGD:1310353,ORTH,Pex11b
Xenbase:XB-GENE-975013,ORTH,eef1g
MP:0004816,DISO,abnormal class switch recombination
ENSEMBL:ENSPTRG00000014877,ORTH,ENSEMBL:ENSPTRG00000014877
ENSEMBL:ENSACAG00000013472,ORTH,ENSEMBL:ENSACAG00000013472
ENSEMBL:ENSCAFG00000008608,ORTH,ENSEMBL:ENSCAFG00000008608
ZP:0000354,DISO,"telencephalon aplastic, abnormal"
MONARCH:APO_0000309APO_0000245,GENO,respiratory growth:decreased rate
MP:0002175,DISO,decreased brain weight
dbSNP:rs362272,GENO,rs362272-A
ENSEMBL:ENSACAG00000010060,ORTH,ENSEMBL:ENSACAG00000010060
WBPhenotype:0001353,DISO,centration defective early emb
MP:0030457,DISO,abnormal molar cusp morphology
FlyBase:FBgn0050340,ORTH,CG30340
ENSEMBL:ENSOANG00000047613,ORTH,ENSEMBL:ENSOANG00000047613
HP:0008959,DISO,Distal upper limb muscle weakness
ENSEMBL:ENSPTRG00000011323,ORTH,ENSEMBL:ENSPTRG00000011323
ENSEMBL:ENSPTRG00000013566,ORTH,ENSEMBL:ENSPTRG00000013566
ENSEMBL:ENSMODG00000015024,ORTH,ENSEMBL:ENSMODG00000015024
ENSEMBL:ENSOANG00000048499,ORTH,ENSEMBL:ENSOANG00000048499
ENSEMBL:ENSXETG00000038310,ORTH,depdc7
PomBase:SPBC646.16,GENO,scl1
ENSEMBL:ENSMMUG00000018679,ORTH,ENSEMBL:ENSMMUG00000018679
MP:0009456,DISO,impaired cued conditioning behavior
ENSEMBL:ENSPTRG00000007266,ORTH,ENSEMBL:ENSPTRG00000007266
dictyBase:DDB_G0290793,GENO,rabN2
ENSEMBL:ENSOANG00000011328,ORTH,ENSEMBL:ENSOANG00000011328
HP:0000473,DISO,Torticollis
ENSEMBL:ENSMMUG00000062471,ORTH,ENSEMBL:ENSMMUG00000062471
HP:0000589,DISO,Coloboma
HGNC:30899,GENE,ZNF655
WBPhenotype:0001411,DISO,cuticle carbohydrate surface variant
WBPhenotype:0001545,DISO,dauer body morphology variant
MP:0012176,DISO,abnormal head development
MGI:1201674,ORTH,Smad3
ZP:0000356,DISO,"eye absent, abnormal"
FlyBase:FBgn0031492,ORTH,Prp40
NCBIGene:396523,GENE,P05419
ENSEMBL:ENSBTAG00000039851,ORTH,ENSEMBL:ENSBTAG00000039851
MP:0004203,DISO,abnormal cranial flexure morphology
WBPhenotype:0001512,DISO,loss of left right asymmetry
ENSEMBL:ENSFCAG00000044104,ORTH,ENSEMBL:ENSFCAG00000044104
HP:0002540,DISO,Inability to walk
HP:0000028,DISO,Cryptorchidism
WBPhenotype:0004025,DISO,velocity of movement variant
ENSEMBL:ENSECAG00000006949,ORTH,ENSEMBL:ENSECAG00000006949
ENSEMBL:ENSSSCG00000011082,ORTH,ENSEMBL:ENSSSCG00000011082
dictyBase:DDB_G0269246,GENO,pyd2
ENSEMBL:ENSOANG00000006086,ORTH,ENSEMBL:ENSOANG00000006086
HP:0000363,DISO,Abnormality of earlobe
ZP:0006380,DISO,"photoreceptor cell outer segment organization disrupted, abnormal"
dictyBase:DDB_G0268578,GENO,gefV
MGI:3530234,ORTH,Tg(HDexon1)62Gpb [involves: C57BL/6J * CBA/J]
Coriell:GM04195,GENO,NIGMS-GM04195
ENSEMBL:ENSPTRG00000018574,ORTH,ENSEMBL:ENSPTRG00000018574
dictyBase:DDB_G0280017,GENO,DDB0218210
MP:0006267,DISO,abnormal intercalated disk morphology
ENSEMBL:ENSGALG00000003221,ORTH,WDR61
MP:0001697,DISO,abnormal embryo size
MP:0012318,DISO,slow extinction of fear memory
WBPhenotype:0000284,DISO,sperm transfer defective
WormBase:WBGene00018886,ORTH,npr-28
dictyBase:DDB_G0288707,GENO,DDB0188064
ZFIN:ZDB-GENE-030131-2299,ORTH,cltca
MP:0006428,DISO,ectopic Sertoli cells
MP:0006162,DISO,thick eyelids
ENSEMBL:ENSECAG00000009442,ORTH,ENSEMBL:ENSECAG00000009442
ENSEMBL:ENSECAG00000009104,ORTH,ENSEMBL:ENSECAG00000009104
WBPhenotype:0004022,DISO,amplitude of sinusoidal movement variant
MP:0002088,DISO,abnormal embryonic growth/weight/body size
ZP:0104496,DISO,"skeletal muscle myotome malformed, abnormal"
ENSEMBL:ENSGALG00000049692,ORTH,A0A3Q3AYN2
WBPhenotype:0001044,DISO,cortical dynamics defective early emb
ENSEMBL:ENSFCAG00000031545,ORTH,ENSEMBL:ENSFCAG00000031545
MP:0008584,DISO,photoreceptor outer segment degeneration
HP:0003254,DISO,Abnormality of DNA repair
MGI:99517,ORTH,Hspa1b
MP:0002969,DISO,impaired social transmission of food preference
FlyBase:FBgn0001624,ORTH,dlg1
RGD:69225,ORTH,Hgs
ENSEMBL:ENSFCAG00000003501,ORTH,ENSEMBL:ENSFCAG00000003501
MP:0004843,DISO,abnormal Paneth cell morphology
ENSEMBL:ENSACAG00000015688,ORTH,ENSEMBL:ENSACAG00000015688
WBPhenotype:0002369,DISO,sister cell division timing asynchrony reduced
HP:0002486,DISO,Myotonia
ZP:0000384,DISO,"intestinal bulb epithelium disorganized, abnormal"
ZP:0002192,DISO,"cytoskeleton motor neuron disorganized, abnormal"
dictyBase:DDB_G0286481,GENO,DDB_G0286481
ENSEMBL:ENSMODG00000014431,ORTH,ENSEMBL:ENSMODG00000014431
WBPhenotype:0000412,DISO,octanol chemotaxis defective
ZP:0019156,DISO,"Golgi apparatus eye photoreceptor cell swollen, abnormal"
ZP:0007674,DISO,"swimming process quality, abnormal"
WBPhenotype:0001636,DISO,excess intestinal cells
MP:0001921,DISO,reduced fertility
ZP:0103449,DISO,"breeding tubercle male organism decreased amount, abnormal"
HP:0001993,DISO,Ketoacidosis
WBPhenotype:0000461,DISO,paraquat resistant
MP:0001415,DISO,increased exploration in new environment
MGI:1098550,ORTH,Ficd
ENSEMBL:ENSACAG00000014919,ORTH,ENSEMBL:ENSACAG00000014919
FlyBase:FBgn0033038,ORTH,CG7791
ENSEMBL:ENSFCAG00000024992,ORTH,ENSEMBL:ENSFCAG00000024992
dictyBase:DDB_G0283021,GENO,sodB
ENSEMBL:ENSFCAG00000003470,ORTH,ENSEMBL:ENSFCAG00000003470
Xenbase:XB-GENE-5861673,ORTH,h2ac17
dictyBase:DDB_G0292052,GENO,sec13
RGD:61804,ORTH,Map6
ENSEMBL:ENSECAG00000001110,ORTH,ENSEMBL:ENSECAG00000001110
ZP:0001563,DISO,"axon guidance process quality, abnormal"
MP:0000919,DISO,cranioschisis
ENSEMBL:ENSGALG00000016771,ORTH,F1P5G5
ENSEMBL:ENSECAG00000013506,ORTH,ENSEMBL:ENSECAG00000013506
ENSEMBL:ENSACAG00000026695,ORTH,ENSEMBL:ENSACAG00000026695
EFO:0007978,GENO,red blood cell density measurement
ENSEMBL:ENSACAG00000011908,ORTH,ENSEMBL:ENSACAG00000011908
HP:0001347,DISO,Hyperreflexia
FlyBase:FBgn0027788,ORTH,Hey
RGD:1310537,ORTH,Ipo9
ENSEMBL:ENSSSCG00000024161,ORTH,K7GNK3
ENSEMBL:ENSECAG00000006218,ORTH,ENSEMBL:ENSECAG00000006218
WBPhenotype:0002059,DISO,pore forming toxin hypersensitive
EFO:1002011,GENO,adult onset asthma
ENSEMBL:ENSACAG00000002102,ORTH,ENSEMBL:ENSACAG00000002102
ZP:0008469,DISO,"myofibril muscle degenerate, abnormal"
MP:0009116,DISO,abnormal brown fat cell morphology
MP:0012193,DISO,increased keratinocyte migration
MP:0003038,DISO,decreased myocardial infarct size
ENSEMBL:ENSFCAG00000000083,ORTH,ENSEMBL:ENSFCAG00000000083
ENSEMBL:ENSFCAG00000005320,ORTH,ENSEMBL:ENSFCAG00000005320
FlyBase:FBgn0030141,ORTH,Gga
SGD:S000001410,ORTH,RPL40A
WBPhenotype:0001810,DISO,oocyte septum formation variant
ENSEMBL:ENSOANG00000038794,ORTH,ENSEMBL:ENSOANG00000038794
MONARCH:APO_0000309APO_0000005,GENO,respiratory growth:absent
MP:0008582,DISO,short photoreceptor inner segment
SGD:S000005562,ORTH,PEP12
ENSEMBL:ENSACAG00000007660,ORTH,ENSEMBL:ENSACAG00000007660
PomBase:SPAC1B9.02c,GENO,sck1
HP:0001138,DISO,Optic neuropathy
MP:0001830,DISO,decreased activated T cell number
HP:0002011,DISO,Morphological central nervous system abnormality
HP:0002066,DISO,Gait ataxia
ENSEMBL:ENSMMUG00000018781,ORTH,ENSEMBL:ENSMMUG00000018781
MGI:109474,ORTH,Commd1
ENSEMBL:ENSECAG00000020128,ORTH,ENSEMBL:ENSECAG00000020128
WBPhenotype:0004004,DISO,male response to contact defective
MGI:2179277,ORTH,Atxn7
RGD:3729,ORTH,Snca
MP:0003702,DISO,abnormal chromosome morphology
WormBase:WBGene00018987,ORTH,lgl-1
HGNC:3211,GENE,EEF1D
MP:0001363,DISO,increased anxiety-related response
MGI:3698040,ORTH,Htt<tm4Mem>/Htt<+> [involves: 129S1/Sv * 129X1/SvJ * CD-1]
MP:0010308,DISO,decreased tumor latency
FlyBase:FBgn0004784,ORTH,inaC
MONARCH:APO_0000034APO_0000003,GENO,mating efficiency:decreased
MP:0010306,DISO,increased hamartoma incidence
MP:0020560,DISO,abnormal pontine nuclei morphology
RGD:1566323,ORTH,Fan1
WormBase:WBGene00003401,ORTH,mpk-1
WormBase:WBGene00002981,ORTH,lgg-2
ZP:0003828,DISO,"blood vessel endothelial cell migration disrupted, abnormal"
MGI:1934029,ORTH,Usp8
MP:0008411,DISO,decreased cellular sensitivity to ultraviolet irradiation
ZFIN:ZDB-GENE-080320-1,ORTH,nlk2
ENSEMBL:ENSMMUG00000006119,ORTH,ENSEMBL:ENSMMUG00000006119
MP:0003695,DISO,delayed blastocyst hatching from the zona pellucida
ZP:0012016,DISO,"autophagosome slow muscle cell increased amount, abnormal"
WBPhenotype:0000256,DISO,amphid neuron morphology variant
HP:0006938,DISO,Impaired vibration sensation at ankles
FBcv:0000422,DISO,photoperiod response variant
MP:0003721,DISO,increased tumor growth/size
MP:0010880,DISO,small esophagus
dbSNP:rs3013648,GENO,rs3013648-?
ENSEMBL:ENSRNOG00000029227,ORTH,D3ZD02
FlyBase:FBgn0259227,ORTH,CG42327
ZP:0000593,DISO,"cell population proliferation increased occurrence, abnormal"
MP:0004952,DISO,increased spleen weight
MP:0008536,DISO,enlarged third ventricle
ENSEMBL:ENSECAG00000038178,ORTH,ENSEMBL:ENSECAG00000038178
ZFIN:ZDB-GENE-040614-2,ORTH,ift20
ENSEMBL:ENSGALG00000039533,ORTH,ENSEMBL:ENSGALG00000039533
MP:0002766,DISO,situs inversus
ENSEMBL:ENSBTAG00000005355,ORTH,ENSEMBL:ENSBTAG00000005355
dbSNP:rs80260687,GENO,rs80260687-?
WormBase:WBGene00000138,ORTH,amx-2
ENSEMBL:ENSSSCG00000011758,ORTH,A0A287AK55
ENSEMBL:ENSGALG00000037802,ORTH,RAB2B
ZP:0000756,DISO,"Z disc cardiac muscle cell shape, abnormal"
MONARCH:APO_0000202APO_0000003,GENO,alkaline pH resistance:decreased
MP:0003463,DISO,abnormal single cell response
MP:0002498,DISO,abnormal acute inflammation
MGI:5432179,ORTH,Gt(ROSA)26Sor<tm51(HTT)Arte>/Gt(ROSA)26Sor<+> [Not Specified]
MP:0013415,DISO,increased myeloid cell number in bone marrow
ENSEMBL:ENSSSCG00000007206,ORTH,RBCK1
WBPhenotype:0000508,DISO,nonsense mRNA accumulation
ENSEMBL:ENSACAG00000007647,ORTH,ENSEMBL:ENSACAG00000007647
MP:0004007,DISO,abnormal lung vasculature morphology
ENSEMBL:ENSACAG00000016290,ORTH,ENSEMBL:ENSACAG00000016290
HP:0004312,DISO,Abnormal reticulocyte morphology
MGI:1298379,ORTH,Matr3
ZP:0009405,DISO,"erythrocyte maturation delayed, abnormal"
HP:0500001,DISO,Body odor
MP:0013917,DISO,persistent right 6th pharyngeal arch artery
HP:0040215,DISO,Abnormal circulating insulin level
Xenbase:XB-GENE-5719290,ORTH,med21
ENSEMBL:ENSGALG00000007664,ORTH,ENSEMBL:ENSGALG00000007664
ENSEMBL:ENSSSCG00000007617,ORTH,ZNF655
ENSEMBL:ENSMMUG00000000439,ORTH,ENSEMBL:ENSMMUG00000000439
ZP:0137603,DISO,"cardiac ventricle inverted, abnormal"
MGI:1927070,ORTH,Dusp10
Coriell:GM06528,GENO,NIGMS-GM06528
ZP:0137805,DISO,"blood cell accumulation trunk vasculature, abnormal"
EFO:0004980,GENO,appendicular lean mass
HP:0002151,DISO,Increased serum lactate
ZP:0000390,DISO,"vasculature development disrupted, abnormal"
ZP:0009509,DISO,"Purkinje cell decreased amount, abnormal"
MP:0004819,DISO,decreased skeletal muscle mass
MP:0006054,DISO,spinal hemorrhage
MP:0000750,DISO,abnormal muscle regeneration
ENSEMBL:ENSPTRG00000021972,ORTH,ENSEMBL:ENSPTRG00000021972
SGD:S000003148,ORTH,ATG1
WormBase:WBGene00010922,ORTH,M142.5
MP:0006358,DISO,absent pinna reflex
ENSEMBL:ENSRNOG00000061474,ORTH,ENSEMBL:ENSRNOG00000061474
WBPhenotype:0001566,DISO,ventral enclosure variant
ENSEMBL:ENSSSCG00000028886,ORTH,IPO7
dictyBase:DDB_G0287729,GENO,DDB0187596
EFO:0004518,GENO,creatinine measurement
MP:0012014,DISO,abnormal olfactory neuron innervation pattern
HGNC:9195,GENE,POLR2H
MONARCH:APO_0000334APO_0000003,GENO,innate thermotolerance:decreased
ENSEMBL:ENSPTRG00000018781,ORTH,ENSEMBL:ENSPTRG00000018781
MP:0001489,DISO,decreased startle reflex
HP:0008222,DISO,Female infertility
ZP:0002194,DISO,"microtubule Mauthner neuron decreased amount, abnormal"
SGD:S000005787,ORTH,RPN8
ENSEMBL:ENSMMUG00000020743,ORTH,ENSEMBL:ENSMMUG00000020743
ENSEMBL:ENSPTRG00000047600,ORTH,ENSEMBL:ENSPTRG00000047600
ZP:0000526,DISO,"mitotic cell cycle duration, abnormal"
HP:0000319,DISO,Smooth philtrum
dictyBase:DDB_G0275097,GENO,DDB_G0275097
ENSEMBL:ENSMODG00000028702,ORTH,ENSEMBL:ENSMODG00000028702
MP:0010278,DISO,increased glioma incidence
MP:0003358,DISO,abnormal hypaxial muscle morphology
MP:0000852,DISO,small cerebellum
WormBase:WBGene00016431,ORTH,C35A11.4
HGNC:18412,GENE,ZDHHC17
ZFIN:ZDB-GENE-030131-2974,ORTH,mtor
MGI:5432177,ORTH,Gt(ROSA)26Sor<tm49(HTT)Arte>/Gt(ROSA)26Sor<+> [Not Specified]
MP:0000864,DISO,abnormal cerebellum vermis morphology
MP:0012570,DISO,increased mammary gland tumor incidence in breeding females
MP:0005596,DISO,increased susceptibility to type I hypersensitivity reaction
HP:0000733,DISO,Stereotypy
MP:0003203,DISO,increased neuron apoptosis
ZFIN:ZDB-GENE-050720-1,ORTH,crmp1
MP:0009295,DISO,decreased interscapular fat pad weight
MP:0013272,DISO,abnormal translation
HP:0008947,DISO,Infantile muscular hypotonia
EnsemblGenome:BAE76810,ORTH,EnsemblGenome:BAE76810
ENSEMBL:ENSPTRG00000013695,ORTH,ENSEMBL:ENSPTRG00000013695
dictyBase:DDB_G0290927,GENO,etfa
MP:0003417,DISO,premature endochondral bone ossification
SGD:S000001900,ORTH,RPN11
WormBase:WBGene00004093,ORTH,ppw-1
PomBase:SPBC1734.16c,GENO,pst3
ENSEMBL:ENSMODG00000005337,ORTH,ENSEMBL:ENSMODG00000005337
FlyBase:FBgn0002284,ORTH,Prosbeta6
Xenbase:XB-GENE-968731,ORTH,rnf31
MP:0010802,DISO,abnormal intestinal enteroendocrine cell morphology
ZP:0000239,DISO,"whole organism immobile, abnormal"
ENSEMBL:ENSFCAG00000015254,ORTH,ENSEMBL:ENSFCAG00000015254
ZP:0002037,DISO,"liver aplastic, abnormal"
ZP:0004576,DISO,"somite decreased width, abnormal"
MP:0005329,DISO,abnormal myocardium layer morphology
HP:0003138,DISO,Increased blood urea nitrogen
ENSEMBL:ENSCAFG00000007259,ORTH,ENSEMBL:ENSCAFG00000007259
ZP:0003402,DISO,"ventricular zone damaged, abnormal"
dictyBase:DDB_G0289487,GENO,act3
HP:0002797,DISO,Osteolysis
UBERON:0001013,ANAT,adipose tissue
ENSEMBL:ENSCAFG00000048508,ORTH,A0A5F4DC43
MP:0000936,DISO,small embryonic telencephalon
MGI:97597,ORTH,Prkcg
HGNC:18417,GENE,H2AP
MP:0012674,DISO,tomacula
MONARCH:APO_0000042APO_0000003,GENO,spore germination:decreased
Xenbase:XB-GENE-970603,ORTH,psmb1
ENSEMBL:ENSGALG00000026605,ORTH,ENSEMBL:ENSGALG00000026605
ZP:0000368,DISO,"dorsal thalamus cellular quality, abnormal"
ZP:0010088,DISO,"blood low saturation, abnormal"
HGNC:3213,GENE,EEF1G
ENSEMBL:ENSPTRG00000003510,ORTH,ENSEMBL:ENSPTRG00000003510
dictyBase:DDB_G0281889,GENO,DDB0204271
MP:0008056,DISO,abnormal retinal ganglion cell morphology
ZP:0137799,DISO,"intersegmental vessel decreased occurrence angiogenesis, abnormal"
MP:0001212,DISO,skin lesions
SGD:S000003178,ORTH,YPT32
ENSEMBL:ENSECAG00000020055,ORTH,ENSEMBL:ENSECAG00000020055
MP:0014040,DISO,increased cellular sensitivity to DNA damaging agents
ENSEMBL:ENSBTAG00000013671,ORTH,ENSEMBL:ENSBTAG00000013671
WormBase:WBGene00008124,ORTH,C47A4.3
HP:0001808,DISO,Fragile nails
WormBase:WBGene00004083,ORTH,pph-1
MP:0012532,DISO,abnormal surface ectoderm morphology
ENSEMBL:ENSMODG00000005505,ORTH,ENSEMBL:ENSMODG00000005505
ZFIN:ZDB-GENE-040426-990,ORTH,wdr45
ZFIN:ZDB-GENE-040426-1921,ORTH,rangap1b
ENSEMBL:ENSACAG00000001364,ORTH,ENSEMBL:ENSACAG00000001364
MGI:5569533,ORTH,Tg(CMV-HTT*48Q)BTag [involves: FVB/N]
dictyBase:DDB_G0279745,GENO,DDB_G0279745
HGNC:9154,GENE,PNKP
ZP:0002713,DISO,"trunk musculature disorganized, abnormal"
Coriell:GM04477,GENO,NIGMS-GM04477
ZP:0008454,DISO,"swimming behavior decreased occurrence, abnormal"
MP:0001909,DISO,reduced NMDA receptor mediated synaptic activity in barrel cortex
RGD:628699,ORTH,Hmga1
ENSEMBL:ENSOANG00000003369,ORTH,ENSEMBL:ENSOANG00000003369
ZP:0004618,DISO,"head absent, abnormal"
ENSEMBL:ENSGALG00000042333,ORTH,DDB1
ZFIN:ZDB-GENE-030131-8680,ORTH,cops7a
WBPhenotype:0001941,DISO,rachis narrow
MP:0010166,DISO,increased response to stress-induced hyperthermia
ENSEMBL:ENSMMUG00000010908,ORTH,ENSEMBL:ENSMMUG00000010908
ENSEMBL:ENSECAG00000028970,ORTH,ENSEMBL:ENSECAG00000028970
WormBase:WBGene00012095,ORTH,pssy-2
ENSEMBL:ENSCAFG00000009019,ORTH,NEFM
ENSEMBL:ENSGALG00000001220,ORTH,HERPUD1
ENSEMBL:ENSPTRG00000045247,ORTH,ENSEMBL:ENSPTRG00000045247
ENSEMBL:ENSOANG00000002485,ORTH,ENSEMBL:ENSOANG00000002485
ENSEMBL:ENSMMUG00000017123,ORTH,ENSEMBL:ENSMMUG00000017123
ENSEMBL:ENSCAFG00000009660,ORTH,ENSEMBL:ENSCAFG00000009660
MP:0003058,DISO,increased insulin secretion
WormBase:WBGene00006446,ORTH,atx-3
ENSEMBL:ENSMMUG00000007676,ORTH,ENSEMBL:ENSMMUG00000007676
HP:0008322,DISO,Abnormal mitochondrial morphology
MP:0004280,DISO,abnormal oculomotor nucleus morphology
MP:0013220,DISO,increased pancreas apoptosis
ZP:0001663,DISO,"axon motor neuron increased branchiness, abnormal"
ENSEMBL:ENSACAG00000004234,ORTH,ENSEMBL:ENSACAG00000004234
ENSEMBL:ENSBTAG00000049584,ORTH,ENSEMBL:ENSBTAG00000049584
ZP:0003197,DISO,"locomotion disrupted, abnormal"
ENSEMBL:ENSACAG00000016470,ORTH,ENSEMBL:ENSACAG00000016470
MP:0009361,DISO,abnormal primordial ovarian follicle morphology
HP:0012533,DISO,Allodynia
ENSEMBL:ENSFCAG00000015756,ORTH,ENSEMBL:ENSFCAG00000015756
ZP:0001462,DISO,"heart looping arrested, abnormal"
ENSEMBL:ENSFCAG00000024773,ORTH,ENSEMBL:ENSFCAG00000024773
ENSEMBL:ENSGALG00000011174,ORTH,ENSEMBL:ENSGALG00000011174
HP:0000752,DISO,Hyperactivity
FBcv:0000698,DISO,embryonic/larval segmentation phenotype
HP:0001978,DISO,Extramedullary hematopoiesis
FlyBase:FBgn0031074,ORTH,SkpE
HP:0000520,DISO,Proptosis
ZP:0000110,DISO,"notochord aplastic, abnormal"
ENSEMBL:ENSBTAG00000020655,ORTH,ENSEMBL:ENSBTAG00000020655
MP:0000180,DISO,abnormal circulating cholesterol level
MP:0005463,DISO,"abnormal CD4-positive, alpha-beta T cell physiology"
ENSEMBL:ENSECAG00000007976,ORTH,ENSEMBL:ENSECAG00000007976
SGD:S000002979,ORTH,SCL1
PomBase:SPAC25G10.08,GENO,tif302
ENSEMBL:ENSCAFG00000019840,ORTH,ENSEMBL:ENSCAFG00000019840
MP:0000005,DISO,increased brown adipose tissue amount
MP:0003974,DISO,abnormal endocardium morphology
Xenbase:XB-GENE-955189,ORTH,bcar1
ENSEMBL:ENSMMUG00000016428,ORTH,ENSEMBL:ENSMMUG00000016428
FlyBase:FBgn0031657,ORTH,Polr1C
ENSEMBL:ENSMMUG00000020342,ORTH,ENSEMBL:ENSMMUG00000020342
ENSEMBL:ENSFCAG00000007328,ORTH,ENSEMBL:ENSFCAG00000007328
Coriell:GM04720,GENO,NIGMS-GM04720
ENSEMBL:ENSRNOG00000033057,ORTH,D3ZGY4
MP:0009827,DISO,skin detachment
ENSEMBL:ENSECAG00000020182,ORTH,ENSEMBL:ENSECAG00000020182
ENSEMBL:ENSBTAG00000010668,ORTH,ENSEMBL:ENSBTAG00000010668
MP:0008428,DISO,abnormal spatial working memory
ENSEMBL:ENSFCAG00000046095,ORTH,ENSEMBL:ENSFCAG00000046095
HGNC:9282,GENE,PPP1CB
HP:0000879,DISO,Short sternum
ENSEMBL:ENSOANG00000013803,ORTH,ENSEMBL:ENSOANG00000013803
ENSEMBL:ENSFCAG00000010217,ORTH,ENSEMBL:ENSFCAG00000010217
ENSEMBL:ENSPTRG00000014722,ORTH,ENSEMBL:ENSPTRG00000014722
RGD:735223,ORTH,Ikbkg
ENSEMBL:ENSSSCG00000033162,ORTH,UBAC1
HGNC:30989,GENE,IFT20
FlyBase:FBgn0020388,ORTH,Gcn5
HP:0000962,DISO,Hyperkeratosis
ENSEMBL:ENSACAG00000005403,ORTH,ENSEMBL:ENSACAG00000005403
ENSEMBL:ENSPTRG00000014726,ORTH,ENSEMBL:ENSPTRG00000014726
RGD:1584560,ORTH,Eif3i
MP:0000060,DISO,delayed bone ossification
RGD:61893,ORTH,Pfkp
WBPhenotype:0002473,DISO,autophagy block
MP:0005659,DISO,decreased susceptibility to diet-induced obesity
ZP:0005207,DISO,"cell population proliferation decreased rate, abnormal"
MP:0012516,DISO,absent metencephalon
RGD:620131,ORTH,Bdh1
MP:0005317,DISO,increased triglyceride level
RGD:2643,ORTH,Xrcc6
MGI:2183436,ORTH,Nrbp1
MP:0000608,DISO,dissociated hepatocytes
MP:0008158,DISO,increased diameter of femur
WBPhenotype:0002287,DISO,tail movement variant
MGI:97748,ORTH,Ctsa
MGI:98834,ORTH,Trp53
HP:0000662,DISO,Nyctalopia
SGD:S000004607,ORTH,TAF4
MGI:104816,ORTH,Hnrnpl
FlyBase:FBgn0037296,ORTH,Prosbeta2R2
ENSEMBL:ENSMODG00000001681,ORTH,ENSEMBL:ENSMODG00000001681
RGD:1595790,ORTH,Zdhhc17
MP:0011095,DISO,"embryonic lethality between implantation and placentation, complete penetrance"
ENSEMBL:ENSFCAG00000006109,ORTH,ENSEMBL:ENSFCAG00000006109
WBPhenotype:0000886,DISO,worm phenotype
ZFIN:ZDB-GENE-040426-949,ORTH,ppp6c
dictyBase:DDB_G0280121,GENO,DDB_G0280121
ZFIN:ZDB-GENE-010502-1,ORTH,hmga1a
ENSEMBL:ENSFCAG00000004957,ORTH,ENSEMBL:ENSFCAG00000004957
HP:0009121,DISO,Abnormal axial skeleton morphology
Xenbase:XB-GENE-1217476,ORTH,zmat2
SGD:S000000814,ORTH,PRE1
MP:0001284,DISO,absent vibrissae
ENSEMBL:ENSBTAG00000007075,ORTH,LOC616942
MP:0013631,DISO,decreased bone trabecular spacing
ZP:0002912,DISO,"blood vessel lumenization process quality, abnormal"
ENSEMBL:ENSECAG00000013395,ORTH,ENSEMBL:ENSECAG00000013395
ENSEMBL:ENSCAFG00000014178,ORTH,RANBP1
ENSEMBL:ENSMODG00000008993,ORTH,ENSEMBL:ENSMODG00000008993
ZP:0002291,DISO,"pigmentation decreased occurrence, abnormal"
ZFIN:ZDB-GENE-040718-150,ORTH,ufd1l
HP:0003361,DISO,Tryptophanuria
HP:0005403,DISO,T lymphocytopenia
MP:0000978,DISO,hyperinnervation of hair-tylotrich cells
HP:0003477,DISO,Peripheral axonal neuropathy
ZFIN:ZDB-GENE-030131-3238,ORTH,pabpc1a
ZP:0000364,DISO,"trigeminal placode increased size, abnormal"
Xenbase:XB-GENE-971040,ORTH,cmc1
MP:0009990,DISO,abnormal cerebellum vermis lobule III morphology
ENSEMBL:ENSECAG00000002350,ORTH,ENSEMBL:ENSECAG00000002350
ENSEMBL:ENSCAFG00000029675,ORTH,A0A5F4D9X6
HGNC:2457,GENE,CSNK2A1
ENSEMBL:ENSACAG00000007345,ORTH,ENSEMBL:ENSACAG00000007345
WBPhenotype:0000275,DISO,organism UV hypersensitive
FlyBase:FBgn0028474,ORTH,CG4119
ZFIN:ZDB-GENE-010131-2,ORTH,cdk5
ENSEMBL:ENSGALG00000003800,ORTH,PABPC4
Xenbase:XB-GENE-947407,ORTH,tubb4a
MP:0009453,DISO,enhanced contextual conditioning behavior
MP:0009779,DISO,enhanced behavioral response to anesthetic
MP:0002085,DISO,abnormal embryonic tissue morphology
SGD:S000004157,ORTH,RPS31
ENSEMBL:ENSSSCG00000000509,ORTH,ZFC3H1
ENSEMBL:ENSFCAG00000027704,ORTH,ENSEMBL:ENSFCAG00000027704
ENSEMBL:ENSMODG00000009175,ORTH,ENSEMBL:ENSMODG00000009175
ENSEMBL:ENSACAG00000005142,ORTH,ENSEMBL:ENSACAG00000005142
ZP:0003394,DISO,"trunk atrophied, abnormal"
ZP:0006126,DISO,"atrial ventricular junction remodeling disrupted, abnormal"
MGI:108498,ORTH,Nbr1
MP:0005641,DISO,increased mean corpuscular hemoglobin concentration
GO:0005770,PHYS,late endosome
FlyBase:FBgn0267849,ORTH,Syx7
ENSEMBL:ENSMODG00000014313,ORTH,ENSEMBL:ENSMODG00000014313
Xenbase:XB-GENE-920944,ORTH,map3k10
MONARCH:APO_0000144APO_0000003,GENO,telomere length:decreased
FBcv:0000718,DISO,decreased cell growth
HGNC:28826,GENE,WDR82
MP:0001236,DISO,abnormal epidermis stratum spinosum morphology
ENSEMBL:ENSGALG00000040999,ORTH,EIF3B
MP:0020543,DISO,decreased substantia nigra size
ZP:0000819,DISO,"pharyngeal arch 2 decreased size, abnormal"
Coriell:GM04766,GENO,NIGMS-GM04766
ENSEMBL:ENSBTAG00000020262,ORTH,ENSEMBL:ENSBTAG00000020262
ENSEMBL:ENSCAFG00000010013,ORTH,ENSEMBL:ENSCAFG00000010013
ENSEMBL:ENSBTAG00000006933,ORTH,ENSEMBL:ENSBTAG00000006933
WBPhenotype:0002122,DISO,persistence of paternal mitochondria
RGD:1565187,ORTH,Kif9
ENSEMBL:ENSECAG00000005798,ORTH,ENSEMBL:ENSECAG00000005798
ENSEMBL:ENSFCAG00000003280,ORTH,ENSEMBL:ENSFCAG00000003280
MP:0002066,DISO,abnormal motor capabilities/coordination/movement
HP:0100729,DISO,Large face
MP:0003383,DISO,abnormal gluconeogenesis
MGI:1913690,ORTH,Cdc26
MP:0002404,DISO,increased intestinal adenoma incidence
MGI:1342292,ORTH,Hspa4
MP:0004539,DISO,absent maxilla
MP:0008026,DISO,abnormal brain white matter morphology
ENSEMBL:ENSCAFG00000018061,ORTH,ENSEMBL:ENSCAFG00000018061
ENSEMBL:ENSECAG00000022769,ORTH,ENSEMBL:ENSECAG00000022769
ENSEMBL:ENSECAG00000022197,ORTH,ENSEMBL:ENSECAG00000022197
MP:0004756,DISO,abnormal proximal convoluted tubule morphology
ZP:0019049,DISO,"retinal photoreceptor layer mislocalised, abnormal"
ENSEMBL:ENSDARG00000051711,ORTH,CR339041.2
MP:0006257,DISO,abnormal fungiform papillae morphology
ENSEMBL:ENSGALG00000031720,ORTH,ENSEMBL:ENSGALG00000031720
ZP:0006622,DISO,"whole organism semi-viable, abnormal"
ENSEMBL:ENSGALG00000003339,ORTH,ENSEMBL:ENSGALG00000003339
HP:0010837,DISO,Decreased circulating ceruloplasmin concentration
ENSEMBL:ENSCAFG00000000453,ORTH,ENSEMBL:ENSCAFG00000000453
HGNC:8510,GENE,OSTF1
MP:0009335,DISO,decreased splenocyte proliferation
MGI:5569535,ORTH,Tg(CMV-HTT*48Q)BTag/Tg(CMV-HTT*48Q)BTag [involves: FVB/N]
MP:0000885,DISO,ectopic Purkinje cell
HGNC:1507,GENE,CASP6
MP:0000556,DISO,abnormal hindlimb morphology
HP:0031845,DISO,Abnormal libido
ZP:0003302,DISO,"ceratobranchial cartilage malformed, abnormal"
ENSEMBL:ENSBTAG00000027412,ORTH,ENSEMBL:ENSBTAG00000027412
ZP:0005260,DISO,"olfactory placode morphology, abnormal"
ZFIN:ZDB-GENE-060929-592,ORTH,haus3
ZP:0008322,DISO,"brain morphogenesis process quality, abnormal"
ENSEMBL:ENSOANG00000002636,ORTH,ENSEMBL:ENSOANG00000002636
WormBase:WBGene00003079,ORTH,lsm-5
ZFIN:ZDB-GENE-030616-178,ORTH,vat1
WormBase:WBGene00001977,ORTH,hmg-12
ZP:0008031,DISO,"ventricular myocardium decreased occurrence cardiac chamber ballooning, abnormal"
HP:0008081,DISO,Pes valgus
WormBase:WBGene00000072,ORTH,add-1
ZP:0011628,DISO,"cell projection pigment cell increased amount, abnormal"
ENSEMBL:ENSCAFG00000016534,ORTH,ACTN1
MP:0030021,DISO,increased muscle cell glucose uptake
MP:0008511,DISO,thin retinal inner nuclear layer
ZP:0005776,DISO,"actin filament EVL disorganized, abnormal"
SGD:S000000133,ORTH,APL3
SGD:S000004998,ORTH,MSG5
ENSEMBL:ENSECAG00000009890,ORTH,ENSEMBL:ENSECAG00000009890
ENSEMBL:ENSECAG00000019246,ORTH,ENSEMBL:ENSECAG00000019246
ENSEMBL:ENSMODG00000023523,ORTH,ENSEMBL:ENSMODG00000023523
HP:0001081,DISO,Cholelithiasis
MP:0008402,DISO,increased cellular sensitivity to alkylating agents
ENSEMBL:ENSFCAG00000032411,ORTH,ENSEMBL:ENSFCAG00000032411
ENSEMBL:ENSOANG00000013551,ORTH,ENSEMBL:ENSOANG00000013551
WBPhenotype:0000426,DISO,antibody staining increased
ENSEMBL:ENSMMUG00000004379,ORTH,ENSEMBL:ENSMMUG00000004379
RGD:620218,ORTH,Creb1
ENSEMBL:ENSACAG00000007358,ORTH,ENSEMBL:ENSACAG00000007358
ENSEMBL:ENSBTAG00000048135,ORTH,ENSEMBL:ENSBTAG00000048135
HP:0005280,DISO,Depressed nasal bridge
WormBase:WBGene00007588,ORTH,C14C10.5
MP:0009888,DISO,palatal shelves fail to meet at midline
ENSEMBL:ENSFCAG00000024198,ORTH,ENSEMBL:ENSFCAG00000024198
HP:0011642,DISO,Abnormal coronary sinus morphology
HP:0007334,DISO,Bilateral tonic-clonic seizure with focal onset
ENSEMBL:ENSACAG00000000242,ORTH,ENSEMBL:ENSACAG00000000242
HP:0001743,DISO,Abnormality of the spleen
ENSEMBL:ENSFCAG00000039495,ORTH,ENSEMBL:ENSFCAG00000039495
HP:0011015,DISO,Abnormal blood glucose concentration
FlyBase:FBgn0013275,ORTH,Hsp70Aa
ENSEMBL:ENSCAFG00000008260,ORTH,ENSEMBL:ENSCAFG00000008260
MP:0000692,DISO,small spleen
ENSEMBL:ENSGALG00000039755,ORTH,LOC112531360
HP:0002509,DISO,Limb hypertonia
MP:0010537,DISO,tumor regression
ENSEMBL:ENSGALG00000012526,ORTH,PRPF40A
HGNC:4593,GENE,GRM1
ZP:0011678,DISO,"muscle cell interhyoideus decreased size, abnormal"
ENSEMBL:ENSMODG00000039439,ORTH,ENSEMBL:ENSMODG00000039439
ZP:0103430,DISO,"immune response process quality, abnormal"
Coriell:GM02167,GENO,NIGMS-GM02167
PomBase:SPBC56F2.03,GENO,arp10
MGI:1924555,ORTH,Wdr82
MP:0004910,DISO,decreased seminal vesicle weight
FlyBase:FBgn0023174,ORTH,Prosbeta2
RGD:620818,ORTH,Herpud1
ENSEMBL:ENSMMUG00000009698,ORTH,ENSEMBL:ENSMMUG00000009698
HP:0007099,DISO,Arnold-Chiari type I malformation
ENSEMBL:ENSBTAG00000053386,ORTH,RAB43
MP:0011049,DISO,impaired adaptive thermogenesis
FlyBase:FBgn0004379,ORTH,Klp67A
PomBase:SPBC947.02,GENO,apl2
EFO:0008459,GENO,response to mepolizumab
FlyBase:FBgn0261399,ORTH,Pp1-Y1
ENSEMBL:ENSGALG00000044098,ORTH,ENSEMBL:ENSGALG00000044098
PomBase:SPBP19A11.06,GENO,lid2
MP:0006057,DISO,decreased vascular endothelial cell number
ENSEMBL:ENSACAG00000016214,ORTH,ENSEMBL:ENSACAG00000016214
MONARCH:APO_0000205APO_0000003,GENO,ionic stress resistance:decreased
ZFIN:ZDB-GENE-081104-199,ORTH,rnf216
MP:0010123,DISO,increased bone mineral content
ZFIN:ZDB-GENE-030814-1,ORTH,bdkrb1
HP:0012735,DISO,Cough
Xenbase:XB-GENE-494779,ORTH,pacsin1
dbSNPIndividual:21488,GENO,46;XY;t(2;19)(2pter->2q23::19p12->19pter;&#x0D;&#x0A;2qter->2q23::19p12->19qter)[9]/46;XY[11] [GM04476]
ZP:0001406,DISO,"somite decreased size, abnormal"
MP:0002416,DISO,abnormal proerythroblast morphology
ENSEMBL:ENSBTAG00000009177,ORTH,ENSEMBL:ENSBTAG00000009177
ENSEMBL:ENSSSCG00000010548,ORTH,CHUK
MGI:1914164,ORTH,Vps28
EFO:0004346,GENO,neuroimaging measurement
MP:0001247,DISO,dermal cyst
HP:0010627,DISO,Anterior pituitary hypoplasia
ENSEMBL:ENSMMUG00000020190,ORTH,ENSEMBL:ENSMMUG00000020190
ENSEMBL:ENSPTRG00000007710,ORTH,ENSEMBL:ENSPTRG00000007710
ENSEMBL:ENSGALG00000013208,ORTH,ENSEMBL:ENSGALG00000013208
FlyBase:FBgn0003339,ORTH,Scr
MGI:1277961,ORTH,Plec
HP:0010824,DISO,Abnormal fifth cranial nerve morphology
ENSEMBL:ENSSSCG00000007135,ORTH,NINL
WBPhenotype:0000902,DISO,intestinal cell morphology variant
ENSEMBL:ENSECAG00000009113,ORTH,ENSEMBL:ENSECAG00000009113
ENSEMBL:ENSSSCG00000014126,ORTH,MSH3
ENSEMBL:ENSCAFG00000015785,ORTH,WDR45
ZP:0000353,DISO,"telencephalon decreased size, abnormal"
MP:0011846,DISO,decreased kidney collecting duct number
ZP:0008451,DISO,"neuromast hair cell functionality, abnormal"
ZP:0002394,DISO,"lens protruding out of eye, abnormal"
MP:0010890,DISO,decreased alveolar lamellar body number
MP:0008253,DISO,absent megakaryocytes
ENSEMBL:ENSPTRG00000013130,ORTH,ENSEMBL:ENSPTRG00000013130
MP:0012043,DISO,increased myoepithelioma incidence
ZFIN:ZDB-GENE-091204-452,ORTH,psme4a
MP:0004073,DISO,caudal body truncation
HP:0001770,DISO,Toe syndactyly
MP:0030957,DISO,abnormal myotube morphology
FlyBase:FBgn0001187,ORTH,Hex-C
ENSEMBL:ENSOANG00000007430,ORTH,ENSEMBL:ENSOANG00000007430
MP:0005545,DISO,abnormal lens development
MGI:103251,ORTH,Acly
dictyBase:DDB_G0272829,GENO,DDB_G0272829
ENSEMBL:ENSGALG00000051188,ORTH,LOC107054704
MP:0001233,DISO,abnormal epidermis suprabasal layer morphology
ZFIN:ZDB-GENE-040426-1961,ORTH,dynll1
Xenbase:XB-GENE-482409,ORTH,rps6kb1
MGI:2444552,ORTH,Actbl2
ENSEMBL:ENSOANG00000013293,ORTH,ENSEMBL:ENSOANG00000013293
ENSEMBL:ENSBTAG00000001755,ORTH,ENSEMBL:ENSBTAG00000001755
WormBase:WBGene00004463,ORTH,rpn-7
MGI:1349409,ORTH,Cops3
ENSEMBL:ENSPTRG00000018826,ORTH,ENSEMBL:ENSPTRG00000018826
MP:0006323,DISO,abnormal extraembryonic mesoderm development
MP:0009254,DISO,disorganized pancreatic islets
ZFIN:ZDB-GENE-110411-205,ORTH,mid1
ENSEMBL:ENSMODG00000023241,ORTH,ENSEMBL:ENSMODG00000023241
MP:0001423,DISO,abnormal liquid preference
WBPhenotype:0001896,DISO,gamma ray induced apoptosis decreased
ZP:0104497,DISO,"proteasome-mediated ubiquitin-dependent protein catabolic process decreased occurrence, abnormal"
MONARCH:APO_0000255APO_0000247,GENO,cell cycle progression in G1 phase:decreased duration
PomBase:SPAC20G8.05c,GENO,cdc15
MGI:103147,ORTH,Dync1h1
ZP:0002303,DISO,"pharyngeal arch 3-7 aplastic, abnormal"
MP:0011731,DISO,decreased myelin sheath thickness
WBPhenotype:0001889,DISO,body wall muscle sarcomere morphology variant
MP:0002176,DISO,increased brain weight
MP:0001005,DISO,abnormal retinal rod cell morphology
MP:0005478,DISO,decreased circulating thyroxine level
ZP:0019989,DISO,"microtubule cytoskeleton neural keel composition, abnormal"
HGNC:9536,GENE,PSMA7
HP:0010626,DISO,Anterior pituitary agenesis
ZP:0011822,DISO,"nodal signaling pathway decreased process quality, abnormal"
ZP:0006045,DISO,"heart contraction decreased frequency, abnormal"
HP:0001262,DISO,Excessive daytime somnolence
ENSEMBL:ENSECAG00000013563,ORTH,ENSEMBL:ENSECAG00000013563
ENSEMBL:ENSOANG00000008135,ORTH,ENSEMBL:ENSOANG00000008135
Xenbase:XB-GENE-968395,ORTH,rpl4
MP:0008943,DISO,increased sensitivity to induced cell death
GO:0019900,PHYS,kinase binding
FlyBase:FBgn0051354,ORTH,Hsp70Bbb
ENSEMBL:ENSFCAG00000023434,ORTH,ENSEMBL:ENSFCAG00000023434
ENSEMBL:ENSCAFG00000017463,ORTH,ENSEMBL:ENSCAFG00000017463
HP:0000525,DISO,Abnormality iris morphology
EFO:0009942,GENO,Glucocorticoid use measurement
ENSEMBL:ENSMODG00000017744,ORTH,ENSEMBL:ENSMODG00000017744
ENSEMBL:ENSMODG00000001059,ORTH,ENSEMBL:ENSMODG00000001059
MGI:1201691,ORTH,Rnf4
HGNC:3272,GENE,EIF3I
ENSEMBL:ENSMODG00000009657,ORTH,ENSEMBL:ENSMODG00000009657
HP:0002317,DISO,Unsteady gait
ENSEMBL:ENSMMUG00000021081,ORTH,ENSEMBL:ENSMMUG00000021081
ZP:0000711,DISO,"brain decreased size, abnormal"
WBPhenotype:0000011,DISO,drug resistant
PomBase:SPAC767.01c,GENO,vps1
HGNC:12508,GENE,UBQLN1
MP:0008458,DISO,abnormal cortical ventricular zone morphology
dictyBase:DDB_G0289187,GENO,H2Av1
ENSEMBL:ENSFCAG00000022878,ORTH,ENSEMBL:ENSFCAG00000022878
ENSEMBL:ENSBTAG00000005815,ORTH,RNF31
Coriell:GM04217,GENO,NIGMS-GM04217
MP:0020416,DISO,decreased fibroblast chemotaxis
ENSEMBL:ENSPTRG00000021233,ORTH,ENSEMBL:ENSPTRG00000021233
MGI:96193,ORTH,Hoxc11
MP:0000088,DISO,short mandible
PomBase:SPCC126.02c,GENO,pku70
MP:0020359,DISO,abnormal ribbon synapse morphology
ENSEMBL:ENSBTAG00000040199,ORTH,ENSEMBL:ENSBTAG00000040199
ENSEMBL:ENSSSCG00000021363,ORTH,CHD3
WBPhenotype:0002608,DISO,humpback
ENSEMBL:ENSFCAG00000003103,ORTH,ENSEMBL:ENSFCAG00000003103
ENSEMBL:ENSFCAG00000036119,ORTH,ENSEMBL:ENSFCAG00000036119
Xenbase:XB-GENE-495303,ORTH,hsp90aa1.1
MP:0001394,DISO,circling
dictyBase:DDB_G0275171,GENO,DDB0167459
MP:0012082,DISO,delayed heart development
WBPhenotype:0002298,DISO,coiling frequency variant
ZFIN:ZDB-GENE-980526-362,ORTH,ctnnb1
ENSEMBL:ENSMODG00000008918,ORTH,ENSEMBL:ENSMODG00000008918
FlyBase:FBgn0036136,ORTH,Ufd1
ENSEMBL:ENSACAG00000000769,ORTH,ENSEMBL:ENSACAG00000000769
ZFIN:ZDB-GENE-030131-537,ORTH,ctsa
HGNC:11778,GENE,TGM2
XPO:0115436,GENO,abnormally delayed closure of blastopore
ZFIN:ZDB-GENE-130206-9,ORTH,mhc1zfa
HP:0002705,DISO,"High, narrow palate"
HP:0000054,DISO,Micropenis
ENSEMBL:ENSECAG00000018079,ORTH,ENSEMBL:ENSECAG00000018079
MP:0003126,DISO,abnormal external female genitalia morphology
Xenbase:XB-GENE-484391,ORTH,pfkp
ZP:0002286,DISO,"midbrain hindbrain boundary decreased thickness, abnormal"
ENSEMBL:ENSFCAG00000001112,ORTH,ENSEMBL:ENSFCAG00000001112
Xenbase:XB-GENE-493024,ORTH,vim
WBPhenotype:0001349,DISO,protein phosphorylation variant
HGNC:26433,GENE,ZMAT2
ZP:0000637,DISO,"post-vent region curved, abnormal"
ZFIN:ZDB-GENE-090508-10,ORTH,ftr69
MP:0010951,DISO,abnormal lipid oxidation
ZP:0000407,DISO,"head decreased width, abnormal"
MP:0008772,DISO,increased heart ventricle size
HP:0000509,DISO,Conjunctivitis
dictyBase:DDB_G0269222,GENO,gefB
WBPhenotype:0001006,DISO,pharyngeal pumping rate variant
ENSEMBL:ENSACAG00000000892,ORTH,ENSEMBL:ENSACAG00000000892
EFO:0004533,GENO,alkaline phosphatase measurement
WormBase:WBGene00018294,ORTH,atg-18
ENSEMBL:ENSMMUG00000022222,ORTH,ENSEMBL:ENSMMUG00000022222
ZP:0011935,DISO,"nuclear pore intestine malformed, abnormal"
MONARCH:APO_0000106APO_0000245,GENO,vegetative growth:decreased rate
MGI:1341884,ORTH,Hey2
HP:0000138,DISO,Ovarian cyst
ZFIN:ZDB-GENE-041210-292,ORTH,si:dkey-63b1.1
MP:0000997,DISO,abnormal synovial joint capsule morphology
HP:0002487,DISO,Hyperkinetic movements
ZP:0001753,DISO,"nuclear migration disrupted, abnormal"
ENSEMBL:ENSPTRG00000006477,ORTH,ENSEMBL:ENSPTRG00000006477
MP:0009923,DISO,decreased transitional stage T1 B cell number
MP:0012128,DISO,abnormal blastocyst formation
MGI:1349388,ORTH,Cops7b
MP:0000746,DISO,weakness
RGD:1598234,ORTH,RT1-CE4
ZP:0000019,DISO,"intersegmental vessel malformed, abnormal"
ENSEMBL:ENSMODG00000024131,ORTH,ENSEMBL:ENSMODG00000024131
MP:0014103,DISO,increased chondrocyte apoptosis
ENSEMBL:ENSFCAG00000031975,ORTH,ENSEMBL:ENSFCAG00000031975
ENSEMBL:ENSOANG00000039549,ORTH,ENSEMBL:ENSOANG00000039549
MP:0011843,DISO,abnormal kidney collecting duct epithelium morphology
ENSEMBL:ENSRNOG00000004662,ORTH,M0R6L9
ZP:0000534,DISO,"cardiac muscle cell heart increased size, abnormal"
ZP:0003199,DISO,"cell brain decreased amount, abnormal"
WBPhenotype:0002535,DISO,dye filling defect
ENSEMBL:ENSCAFG00000008234,ORTH,DLA-79
ENSEMBL:ENSGALG00000020249,ORTH,ENSEMBL:ENSGALG00000020249
ENSEMBL:ENSCAFG00000004686,ORTH,A0A5F4DH63
MP:0003453,DISO,abnormal keratinocyte physiology
MP:0000270,DISO,abnormal heart tube morphology
WBPhenotype:0002057,DISO,Bacillus thuringiensis toxin hypersensitive
WBPhenotype:0000424,DISO,antibody staining variant
HP:0002850,DISO,Decreased circulating total IgM
MGI:104662,ORTH,Pml
FBcv:0002033,DISO,lethal - all die during embryonic stage
SGD:S000001686,ORTH,TOR2
ZP:0000450,DISO,"blood circulation arrested, abnormal"
ZP:0003856,DISO,"mitochondrion Mauthner neuron swollen, abnormal"
ENSEMBL:ENSMMUG00000017786,ORTH,ENSEMBL:ENSMMUG00000017786
ENSEMBL:ENSFCAG00000035181,ORTH,ENSEMBL:ENSFCAG00000035181
ENSEMBL:ENSPTRG00000046653,ORTH,ENSEMBL:ENSPTRG00000046653
MONARCH:APO_0000041APO_0000002,GENO,sporulation:abnormal
ZP:0000369,DISO,"epithelial cell posterior intestine increased amount, abnormal"
MGI:1924657,ORTH,Rab35
MP:0006073,DISO,abnormal retinal bipolar cell morphology
MP:0000575,DISO,increased foot pad pigmentation
ENSEMBL:ENSOANG00000045909,ORTH,ENSEMBL:ENSOANG00000045909
HP:0002795,DISO,Abnormal respiratory system physiology
HGNC:9564,GENE,PSMD6
WBPhenotype:0000016,DISO,aldicarb hypersensitive
ENSEMBL:ENSPTRG00000038721,ORTH,ENSEMBL:ENSPTRG00000038721
MONARCH:APO_0000198APO_0000004,GENO,mutation frequency:increased
ENSEMBL:ENSPTRG00000003868,ORTH,ENSEMBL:ENSPTRG00000003868
ZP:0018957,DISO,"caudal fin decreased amount, abnormal"
MP:0008729,DISO,decreased memory B cell number
FlyBase:FBgn0261085,ORTH,Syt12
dictyBase:DDB_G0269364,GENO,stlA
ENSEMBL:ENSACAG00000013331,ORTH,ENSEMBL:ENSACAG00000013331
RGD:1309070,ORTH,Ctsa
FBcv:0000683,DISO,abnormal temperature response
MP:0004835,DISO,abnormal miniature endplate potential
HP:0002910,DISO,Elevated hepatic transaminase
MP:0000427,DISO,abnormal hair cycle
MP:0008223,DISO,absent hippocampal commissure
ENSEMBL:ENSMMUG00000052074,ORTH,ENSEMBL:ENSMMUG00000052074
HP:0011947,DISO,Respiratory tract infection
ENSEMBL:ENSMMUG00000021380,ORTH,ENSEMBL:ENSMMUG00000021380
ENSEMBL:ENSMMUG00000040393,ORTH,ENSEMBL:ENSMMUG00000040393
SGD:S000001297,ORTH,CKA1
HGNC:29170,GENE,FAN1
ENSEMBL:ENSACAG00000007820,ORTH,ENSEMBL:ENSACAG00000007820
ZP:0001556,DISO,"notochord kinked, abnormal"
Coriell:GM05626,GENO,NIGMS-GM05626
WBPhenotype:0000481,DISO,negative chemotaxis variant
ENSEMBL:ENSCAFG00000012838,ORTH,STX6
HP:0002123,DISO,Generalized myoclonic seizure
FlyBase:CG45062,ORTH,FlyBase:CG45062
ZP:0004432,DISO,"vasculature morphology, abnormal"
ENSEMBL:ENSFCAG00000026588,ORTH,ENSEMBL:ENSFCAG00000026588
HP:0002617,DISO,Vascular dilatation
Coriell:GM04693,GENO,NIGMS-GM04693
WBPhenotype:0001320,DISO,endogenous synaptic amplitude variant
ENSEMBL:ENSGALG00000036218,ORTH,RAB4A
MP:0003895,DISO,increased ectoderm apoptosis
ENSEMBL:ENSCAFG00000015166,ORTH,ENSEMBL:ENSCAFG00000015166
HGNC:7326,GENE,MSH3
WormBase:WBGene00001232,ORTH,eif-3.I
ENSEMBL:ENSFCAG00000024181,ORTH,ENSEMBL:ENSFCAG00000024181
MGI:1913466,ORTH,Bsdc1
MGI:1098280,ORTH,Crebbp
HP:0002354,DISO,Memory impairment
ENSEMBL:ENSCAFG00000023693,ORTH,ENSEMBL:ENSCAFG00000023693
HP:0031567,DISO,Abnormal aortic valve cusp morphology
MP:0011639,DISO,decreased mitochondrial DNA content
ENSEMBL:ENSMODG00000037600,ORTH,ENSEMBL:ENSMODG00000037600
HP:0005237,DISO,Degenerative liver disease
HP:0000706,DISO,Eruption failure
MP:0001183,DISO,overexpanded pulmonary alveoli
ZP:0003300,DISO,"Meckel's cartilage shortened, abnormal"
HP:0010808,DISO,Protruding tongue
ENSEMBL:ENSGALG00000052371,ORTH,LOC107050833
WormBase:WBGene00000238,ORTH,bar-1
RGD:1562437,ORTH,Tcerg1l
MP:0013975,DISO,abnormal coronary sinus connection
ZFIN:ZDB-GENE-001208-4,ORTH,psmb7
ENSEMBL:ENSCAFG00000013579,ORTH,ENSEMBL:ENSCAFG00000013579
ENSEMBL:ENSOANG00000042707,ORTH,ENSEMBL:ENSOANG00000042707
ENSEMBL:ENSCAFG00000019046,ORTH,ENSEMBL:ENSCAFG00000019046
ENSEMBL:ENSACAG00000010232,ORTH,ENSEMBL:ENSACAG00000010232
MGI:1201685,ORTH,Ctbp1
Xenbase:XB-GENE-856240,ORTH,kdm5b
ENSEMBL:ENSCAFG00000016678,ORTH,KPNB1
WBPhenotype:0000376,DISO,no uterine cavity
HP:0006970,DISO,Periventricular leukomalacia
WBPhenotype:0001328,DISO,posterior body dumpy
ENSEMBL:ENSGALG00000000349,ORTH,PSMC5
MONARCH:APO_0000204APO_0000004,GENO,hyperosmotic stress resistance:increased
dictyBase:DDB_G0275091,GENO,DDB0167426
ENSEMBL:ENSMMUG00000018662,ORTH,ENSEMBL:ENSMMUG00000018662
WBPhenotype:0002495,DISO,ectopic hypodermis
ZP:0009991,DISO,"CaP motoneuron decreased process quality axon extension, abnormal"
ENSEMBL:ENSCAFG00000041420,ORTH,ENSEMBL:ENSCAFG00000041420
ENSEMBL:ENSMMUG00000013090,ORTH,ENSEMBL:ENSMMUG00000013090
MP:0009788,DISO,increased susceptibility to bacterial infection induced morbidity/mortality
MGI:1915661,ORTH,Map1lc3a
WormBase:WBGene00017159,ORTH,F01F1.2
FlyBase:FBgn0261797,ORTH,Dhc64C
FlyBase:FBgn0001230,ORTH,Hsp68
ENSEMBL:ENSGALG00000040016,ORTH,PPP1CA
MP:0002411,DISO,decreased susceptibility to bacterial infection
ENSEMBL:ENSSSCG00000039834,ORTH,GRIN1
WormBase:WBGene00000103,ORTH,akt-2
HP:0002359,DISO,Frequent falls
ENSEMBL:ENSSSCG00000017294,ORTH,DCAF7
ENSEMBL:ENSPTRG00000024276,ORTH,ENSEMBL:ENSPTRG00000024276
MP:0004657,DISO,small sacral vertebrae
GO:0032991,PHYS,protein-containing complex
PomBase:SPCC645.04,GENO,nse3
ENSEMBL:ENSECAG00000008104,ORTH,ENSEMBL:ENSECAG00000008104
ZP:0103456,DISO,"cell detached from cell, abnormal"
WormBase:WBGene00004823,ORTH,skr-17
ENSEMBL:ENSCAFG00000007950,ORTH,MAP1B
ENSEMBL:ENSACAG00000022187,ORTH,ENSEMBL:ENSACAG00000022187
ZP:0004039,DISO,"endocardial cushion quality, abnormal"
MGI:105926,ORTH,Rab5a
EnsemblGenome:AT1G67300,ORTH,EnsemblGenome:AT1G67300
ZP:0000961,DISO,"trunk bent, abnormal"
EFO:0003949,GENO,eye color
HGNC:32225,GENE,WIPI2
ENSEMBL:ENSCAFG00000006887,ORTH,ENSEMBL:ENSCAFG00000006887
MP:0000531,DISO,right pulmonary isomerism
ENSEMBL:ENSFCAG00000036638,ORTH,ENSEMBL:ENSFCAG00000036638
MP:0011409,DISO,increased renal glomerulus basement membrane thickness
ZFIN:ZDB-GENE-070912-399,ORTH,si:dkey-181m9.8
ENSEMBL:ENSOANG00000003303,ORTH,ENSEMBL:ENSOANG00000003303
ZP:0019454,DISO,"brain absent, abnormal"
MP:0003733,DISO,abnormal retinal inner nuclear layer morphology
ENSEMBL:ENSFCAG00000012177,ORTH,ENSEMBL:ENSFCAG00000012177
ENSEMBL:ENSSSCG00000012022,ORTH,APP
HGNC:17162,GENE,LSM5
ZP:0019003,DISO,"pronephric proximal straight tubule increased distribution, abnormal"
Coriell:GM05740,GENO,NIGMS-GM05740
UBERON:0000465,ANAT,material anatomical entity
ENSEMBL:ENSECAG00000023179,ORTH,ENSEMBL:ENSECAG00000023179
ENSEMBL:ENSSSCG00000035570,ORTH,HNRNPL
ENSEMBL:ENSMMUG00000053773,ORTH,ENSEMBL:ENSMMUG00000053773
MP:0008332,DISO,decreased lactotroph cell number
ENSEMBL:ENSACAG00000015738,ORTH,ENSEMBL:ENSACAG00000015738
ZP:0103242,DISO,"response to osmotic stress process quality, abnormal"
ENSEMBL:ENSMMUG00000000798,ORTH,ENSEMBL:ENSMMUG00000000798
ZP:0106392,DISO,"dentary increased amount, abnormal"
ZP:0004231,DISO,"cranial cartilage hypoplastic, abnormal"
ENSEMBL:ENSPTRG00000009851,ORTH,ENSEMBL:ENSPTRG00000009851
PomBase:SPCC4G3.15c,GENO,not2
MP:0000835,DISO,abnormal subthalamic nucleus morphology
HGNC:5237,GENE,HSPA4
RGD:1306434,ORTH,Rapgef2
MONARCH:APO_0000032APO_0000004,GENO,mating response:increased
WBPhenotype:0001940,DISO,rachis morphology variant
HP:0004380,DISO,Aortic valve calcification
ZP:0137436,DISO,"photoreceptor inner segment photoreceptor cell malformed, abnormal"
ENSEMBL:ENSPTRG00000049885,ORTH,ENSEMBL:ENSPTRG00000049885
ZFIN:ZDB-GENE-071203-2,ORTH,ulk1b
ENSEMBL:ENSCAFG00000017535,ORTH,KIF23
HP:0000260,DISO,Wide anterior fontanel
HP:0002859,DISO,Rhabdomyosarcoma
MP:0011723,DISO,ectopic neuron
ENSEMBL:ENSBTAG00000004556,ORTH,ENSEMBL:ENSBTAG00000004556
ZP:0018231,DISO,"dorsal aorta decreased process quality blood vessel lumenization, abnormal"
MGI:2671158,ORTH,Tg(HD82Gln)81Gschi [involves: C3H/HeJ * C57BL/6]
ENSEMBL:ENSECAG00000016158,ORTH,ENSEMBL:ENSECAG00000016158
EnsemblGenome:BAB96602,ORTH,EnsemblGenome:BAB96602
ENSEMBL:ENSFCAG00000038081,ORTH,ENSEMBL:ENSFCAG00000038081
HGNC:8881,GENE,PFN1
FlyBase:FBgn0261394,ORTH,Prosalpha3
ENSEMBL:ENSFCAG00000002577,ORTH,ENSEMBL:ENSFCAG00000002577
ENSEMBL:ENSGALG00000013916,ORTH,ENSEMBL:ENSGALG00000013916
HP:0000969,DISO,Edema
Xenbase:XB-GENE-5799894,ORTH,tenm2
ENSEMBL:ENSGALG00000008424,ORTH,ENSEMBL:ENSGALG00000008424
Xenbase:XB-GENE-980957,ORTH,ube2e3
Xenbase:XB-GENE-954918,ORTH,lgi1
ZP:0003479,DISO,"bulbus arteriosus malformed, abnormal"
RGD:1596413,ORTH,Hspb11
SGD:S000001171,ORTH,ARP1
HP:0001252,DISO,Hypotonia
dictyBase:DDB_G0282009,GENO,DDB0229927
GO:0099111,PHYS,microtubule-based transport
HP:0001319,DISO,Neonatal hypotonia
ZP:0000925,DISO,"ceratohyal cartilage aplastic, abnormal"
ZP:0100085,DISO,"pronephros development decreased process quality, abnormal"
PomBase:SPAC1F5.06,GENO,lsh1
ZFIN:ZDB-GENE-060421-4235,ORTH,zgc:136929
HP:0001880,DISO,Eosinophilia
MP:0012143,DISO,decreased a-wave amplitude
WormBase:WBGene00022710,ORTH,ZK354.9
MP:0009331,DISO,absent primitive node
ZP:0002913,DISO,"intersegmental vessel unlumenized, abnormal"
MP:0008507,DISO,thin retinal ganglion layer
ENSEMBL:ENSOANG00000003713,ORTH,ENSEMBL:ENSOANG00000003713
MP:0013502,DISO,decreased fibroblast apoptosis
ZFIN:ZDB-GENE-040718-329,ORTH,psma6b
ENSEMBL:ENSECAG00000008684,ORTH,ENSEMBL:ENSECAG00000008684
FlyBase:FBgn0263278,ORTH,Fic
MGI:4129208,ORTH,Zdhhc17<Gt(RRJ233)Byg>
HP:0003325,DISO,Limb-girdle muscle weakness
HP:0009811,DISO,Abnormality of the elbow
ZP:0003226,DISO,"forebrain decreased width, abnormal"
ENSEMBL:ENSCAFG00000012212,ORTH,ENSEMBL:ENSCAFG00000012212
WBPhenotype:0001410,DISO,protein expression absent
ZP:0000482,DISO,"heart contraction disrupted, abnormal"
HP:0032362,DISO,Increased circulating corticosterone level
ZFIN:ZDB-GENE-031007-1,ORTH,rpl13
ENSEMBL:ENSMODG00000048800,ORTH,ENSEMBL:ENSMODG00000048800
ENSEMBL:ENSOANG00000008322,ORTH,ENSEMBL:ENSOANG00000008322
WBPhenotype:0000372,DISO,no polar body formation
ZFIN:ZDB-GENE-040426-1851,ORTH,wdr61
ENSEMBL:ENSMMUG00000012811,ORTH,ENSEMBL:ENSMMUG00000012811
ENSEMBL:ENSMODG00000008139,ORTH,ENSEMBL:ENSMODG00000008139
HP:0010818,DISO,Generalized tonic seizure
ENSEMBL:ENSBTAG00000000560,ORTH,G3MXR5
GO:0044325,PHYS,transmembrane transporter binding
MP:0002419,DISO,abnormal innate immunity
ENSEMBL:ENSBTAG00000011916,ORTH,ENSEMBL:ENSBTAG00000011916
ENSEMBL:ENSOANG00000051140,ORTH,ENSEMBL:ENSOANG00000051140
MP:0012467,DISO,increased striatum size
ENSEMBL:ENSMODG00000024136,ORTH,ENSEMBL:ENSMODG00000024136
Xenbase:XB-GENE-6070000,ORTH,grb2
ENSEMBL:ENSECAG00000008891,ORTH,ENSEMBL:ENSECAG00000008891
Xenbase:XB-GENE-22167951,ORTH,mhc100494167
EFO:0009959,GENO,diverticular disease
RGD:2089,ORTH,Aldoa
HP:0010827,DISO,Abnormality of the seventh cranial nerve
ZP:0020461,DISO,"neural crest cell pharyngeal arch decreased distribution, abnormal"
ENSEMBL:ENSSSCG00015047339,ORTH,ENSEMBL:ENSSSCG00015047339
WormBase:WBGene00010263,ORTH,wago-4
ZP:0012012,DISO,"skeletal muscle cell accumulation mitochondrion skeletal muscle cell, abnormal"
HP:0031473,DISO,Hostility
MP:0008700,DISO,decreased interleukin-4 secretion
dictyBase:DDB_G0278389,GENO,rsmF
HGNC:20194,GENE,POLR1C
MGI:5292519,ORTH,Zdhhc17<Gt(RRJ233)Byg>/Zdhhc17<Gt(RRJ233)Byg> [FVB.129P2-Zdhhc17<Gt(RRJ233)Byg>]
ZFIN:ZDB-GENE-040426-1272,ORTH,ddb1
RGD:1597145,ORTH,Glb1
ZP:0138137,DISO,"heart obtuse, abnormal"
ENSEMBL:ENSCAFG00000015920,ORTH,HAP1
MP:0000321,DISO,increased bone marrow cell number
WormBase:WBGene00001030,ORTH,dnj-12
ZFIN:ZDB-GENE-040426-1681,ORTH,efr3a
WBPhenotype:0002420,DISO,chromatin modification variant
ENSEMBL:ENSSSCG00000033303,ORTH,MBD4
ENSEMBL:ENSMMUG00000009050,ORTH,ENSEMBL:ENSMMUG00000009050
ZP:0018481,DISO,"neuromuscular junction of skeletal muscle fiber myotome area, abnormal"
HP:0002073,DISO,Progressive cerebellar ataxia
ENSEMBL:ENSSSCG00000038436,ORTH,HYPK
HP:0002410,DISO,Aqueductal stenosis
WBPhenotype:0001727,DISO,body width variant
ZP:0000583,DISO,"caudal fin curled, abnormal"
EFO:0004337,GENO,intelligence
WBPhenotype:0001981,DISO,germ cell compartment expansion absent
RGD:621036,ORTH,Tkt
HP:0025487,DISO,Abnormality of bladder morphology
ENSEMBL:ENSECAG00000019763,ORTH,ENSEMBL:ENSECAG00000019763
MGI:1919804,ORTH,Utp14a
GO:1904504,PHYS,positive regulation of lipophagy
ENSEMBL:ENSGALG00000014640,ORTH,ENSEMBL:ENSGALG00000014640
WormBase:WBGene00018307,ORTH,dyla-1
ENSEMBL:ENSMODG00000014285,ORTH,ENSEMBL:ENSMODG00000014285
MP:0020551,DISO,abnormal postsynaptic density morphology
ENSEMBL:ENSMMUG00000011018,ORTH,ENSEMBL:ENSMMUG00000011018
MP:0011107,DISO,"embryonic lethality between somite formation and embryo turning, incomplete penetrance"
ENSEMBL:ENSCAFG00000008345,ORTH,A0A5F4CBY6
MONARCH:APO_0000222APO_0000004,GENO,chemical compound excretion:increased
MGI:5566682,ORTH,Tg(YAC128)#Hay [FVB/N-Tg(YAC128)#Hay]
FBcv:0000709,DISO,abnormal cell number
HP:0000377,DISO,Abnormality of the pinna
ENSEMBL:ENSMODG00000003806,ORTH,ENSEMBL:ENSMODG00000003806
ENSEMBL:ENSSSCG00000011158,ORTH,PFKP
ZFIN:ZDB-GENE-141215-28,ORTH,si:dkey-28e7.3
ENSEMBL:ENSCAFG00000014808,ORTH,ADD1
FlyBase:FBgn0015321,ORTH,Ubc4
MP:0003820,DISO,increased left ventricle systolic pressure
ENSEMBL:ENSBTAG00000000237,ORTH,LOC101906182
WBPhenotype:0000885,DISO,engulfment variant
ENSEMBL:ENSSSCG00000039077,ORTH,LOC100738412
ENSEMBL:ENSMODG00000017906,ORTH,ENSEMBL:ENSMODG00000017906
ZP:0006326,DISO,"spinal cord decreased width, abnormal"
MP:0013520,DISO,increased CD4-positive NK T cell number
ENSEMBL:ENSBTAG00000007390,ORTH,VAT1
ENSEMBL:ENSOANG00000013220,ORTH,ENSEMBL:ENSOANG00000013220
FlyBase:FBgn0037084,ORTH,Syx6
ZFIN:ZDB-GENE-110405-1,ORTH,hsp70.2
ENSEMBL:ENSOANG00000006591,ORTH,ENSEMBL:ENSOANG00000006591
HGNC:144,GENE,ACTG1
WBPhenotype:0001181,DISO,accumulated somatic cell corpses
FBcv:0000429,DISO,abnormal cell shape
HP:0200035,DISO,Skin plaque
HP:0000072,DISO,Hydroureter
ENSEMBL:ENSECAG00000006290,ORTH,ENSEMBL:ENSECAG00000006290
HP:0011873,DISO,Abnormal platelet count
HGNC:7879,GENE,CNOT3
dictyBase:DDB_G0290901,GENO,gefK
ZP:0008881,DISO,"double-strand break repair via homologous recombination increased frequency, abnormal"
MP:0003360,DISO,abnormal depression-related behavior
WBPhenotype:0000976,DISO,ventral cord patterning variant
ENSEMBL:ENSFCAG00000039950,ORTH,ENSEMBL:ENSFCAG00000039950
MP:0001685,DISO,abnormal endoderm development
RGD:1308894,ORTH,Ube2e3
ENSEMBL:ENSCAFG00000012049,ORTH,IPO4
ZFIN:ZDB-GENE-050913-57,ORTH,rasd2
ZP:0017704,DISO,"swimming increased frequency, abnormal"
MP:0011080,DISO,increased macrophage apoptosis
MP:0005164,DISO,abnormal response to injury
ENSEMBL:ENSFCAG00000003348,ORTH,ENSEMBL:ENSFCAG00000003348
ENSEMBL:ENSOANG00000041942,ORTH,ENSEMBL:ENSOANG00000041942
dbSNP:rs932428,GENO,rs932428-?
HP:0000422,DISO,Abnormal nasal bridge morphology
ENSEMBL:ENSACAG00000005207,ORTH,ENSEMBL:ENSACAG00000005207
ENSEMBL:ENSOANG00000039239,ORTH,ENSEMBL:ENSOANG00000039239
ENSEMBL:ENSGALG00000042851,ORTH,PPARGC1A
MONARCH:APO_0000275APO_0000005,GENO,prion inheritance:absent
ENSEMBL:ENSMODG00000016394,ORTH,ENSEMBL:ENSMODG00000016394
Coriell:GM06767,GENO,NIGMS-GM06767
ENSEMBL:ENSECAG00000007671,ORTH,ENSEMBL:ENSECAG00000007671
dictyBase:DDB_G0280603,GENO,DDB0206068
WBPhenotype:0002094,DISO,RAB-11 recycling endosome morphology variant
ENSEMBL:ENSXETG00000009076,ORTH,kit
ENSEMBL:ENSMODG00000002220,ORTH,ENSEMBL:ENSMODG00000002220
ENSEMBL:ENSACAG00000012931,ORTH,ENSEMBL:ENSACAG00000012931
dictyBase:DDB_G0293786,GENO,DDB_G0293786
ENSEMBL:ENSCAFG00000006938,ORTH,HAUS5
HP:0002623,DISO,Overriding aorta
FBcv:0000440,DISO,chemical sensitive
MP:0004936,DISO,impaired branching involved in ureteric bud morphogenesis
ZFIN:ZDB-GENE-040426-2575,ORTH,ctnnb2
dbSNP:rs6855981,GENO,rs6855981-?
FlyBase:FBgn0040232,ORTH,cmet
NCBIGene:100000959,GENE,c5ar1
ZP:0002590,DISO,"whole organism decreased behavioural activity, abnormal"
HP:0002126,DISO,Polymicrogyria
ENSEMBL:ENSOANG00000045504,ORTH,ENSEMBL:ENSOANG00000045504
MP:0003858,DISO,enhanced coordination
ENSEMBL:ENSPTRG00000006715,ORTH,ENSEMBL:ENSPTRG00000006715
Coriell:GM04197,GENO,NIGMS-GM04197
ZP:0001242,DISO,"yolk swollen, abnormal"
HGNC:6912,GENE,MATR3
WBPhenotype:0000964,DISO,DMPP resistant
Xenbase:XB-GENE-5878289,ORTH,cad
ENSEMBL:ENSMMUG00000020036,ORTH,ENSEMBL:ENSMMUG00000020036
ZP:0137231,DISO,"neuromuscular junction of skeletal muscle fiber CaP motoneuron increased width, abnormal"
ENSEMBL:ENSECAG00000015514,ORTH,ENSEMBL:ENSECAG00000015514
ENSEMBL:ENSCAFG00000016264,ORTH,ENSEMBL:ENSCAFG00000016264
ENSEMBL:ENSFCAG00000009998,ORTH,ENSEMBL:ENSFCAG00000009998
ZP:0008390,DISO,"cell retinal neural layer aggregated, abnormal"
WBPhenotype:0002313,DISO,turning frequency increased
MP:0008075,DISO,"decreased CD4-positive, alpha beta T cell number"
ENSEMBL:ENSECAG00000021116,ORTH,ENSEMBL:ENSECAG00000021116
HP:0003233,DISO,Decreased HDL cholesterol concentration
ZP:0013911,DISO,"Notch signaling pathway decreased intensity, abnormal"
MGI:2136940,ORTH,Pias4
WBPhenotype:0002587,DISO,Pluronic gel burrowing impaired
ENSEMBL:ENSFCAG00000005837,ORTH,ENSEMBL:ENSFCAG00000005837
HP:0012020,DISO,Right aortic arch
FlyBase:FBgn0032883,ORTH,Rhau
WBPhenotype:0000318,DISO,cell cycle delayed
NCBIGene:110437752,GENE,tcerg1l
HP:0004326,DISO,Cachexia
WBPhenotype:0002322,DISO,forward point velocity increased
ENSEMBL:ENSBTAG00000049812,ORTH,ENSEMBL:ENSBTAG00000049812
HP:0007270,DISO,Atypical absence seizure
MP:0005367,DISO,renal/urinary system phenotype
MP:0005025,DISO,abnormal response to infection
ZFIN:ZDB-GENE-131127-579,ORTH,taf4a
HP:0004969,DISO,Peripheral pulmonary artery stenosis
ENSEMBL:ENSMODG00000017701,ORTH,ENSEMBL:ENSMODG00000017701
MP:0005385,DISO,cardiovascular system phenotype
ENSEMBL:ENSMODG00000025517,ORTH,ENSEMBL:ENSMODG00000025517
MP:0030620,DISO,valinuria
ZFIN:ZDB-GENE-040516-3,ORTH,ppp1caa
ENSEMBL:ENSACAG00000013769,ORTH,ENSEMBL:ENSACAG00000013769
ENSEMBL:ENSMODG00000009018,ORTH,ENSEMBL:ENSMODG00000009018
WormBase:WBGene00019605,ORTH,ctsa-4.1
HP:0002905,DISO,Hyperphosphatemia
ZP:0000386,DISO,"mid diencephalic organizer increased thickness, abnormal"
HP:0000350,DISO,Small forehead
ZP:0002911,DISO,"adherens junction organization process quality, abnormal"
FlyBase:FBgn0287585,ORTH,Pss
MP:0012284,DISO,increased sternebra number
ENSEMBL:ENSPTRG00000042894,ORTH,ENSEMBL:ENSPTRG00000042894
MP:0011750,DISO,abnormal seminiferous tubule epithelium morphology
HP:0011599,DISO,Mesocardia
ZFIN:ZDB-GENE-070912-634,ORTH,pfkpb
ENSEMBL:ENSGALG00000047025,ORTH,A0A1D5PGC3
WBPhenotype:0001152,DISO,pronuclear migration defective early emb
MP:0008734,DISO,decreased susceptibility to endotoxin shock
ZP:0103454,DISO,"nucleus cell increased amount, abnormal"
MP:0010124,DISO,decreased bone mineral content
PomBase:SPCC63.13,GENO,SPCC63.13
ENSEMBL:ENSBTAG00000004736,ORTH,ENSEMBL:ENSBTAG00000004736
SGD:S000001072,ORTH,SLT2
HP:0002733,DISO,Abnormality of the lymph nodes
HP:0000682,DISO,Abnormal dental enamel morphology
WBPhenotype:0000825,DISO,postembryonic cell lineage variant
HGNC:29130,GENE,HAUS5
ENSEMBL:ENSOANG00000007613,ORTH,ENSEMBL:ENSOANG00000007613
ENSEMBL:ENSRNOG00000047948,ORTH,F1LU03
ENSEMBL:ENSPTRG00000000614,ORTH,ENSEMBL:ENSPTRG00000000614
MP:0001589,DISO,abnormal mean corpuscular hemoglobin
RGD:1311936,ORTH,Rnf20
dictyBase:DDB_G0283835,GENO,DDB0185717
HP:0045082,DISO,Decreased body mass index
MP:0008561,DISO,decreased tumor necrosis factor secretion
ZP:0005968,DISO,"male organism decreased male fertility, abnormal"
MGI:98086,ORTH,Polr2a
MP:0008142,DISO,decreased small intestinal villus size
HP:0002686,DISO,Prenatal maternal abnormality
ENSEMBL:ENSFCAG00000014042,ORTH,ENSEMBL:ENSFCAG00000014042
ZP:0001204,DISO,"sensory perception of touch disrupted, abnormal"
ENSEMBL:ENSSSCG00000008690,ORTH,ENSEMBL:ENSSSCG00000008690
ENSEMBL:ENSOANG00000037003,ORTH,ENSEMBL:ENSOANG00000037003
MP:0004097,DISO,abnormal cerebellar cortex morphology
HP:0006956,DISO,Dilation of lateral ventricles
ZFIN:ZDB-GENE-040912-78,ORTH,tgm2a
HP:0002616,DISO,Aortic root aneurysm
GO:0005783,PHYS,endoplasmic reticulum
MP:0006001,DISO,abnormal intestinal transit time
MP:0008444,DISO,retinal cone cell degeneration
ZP:0021346,DISO,"male organism decreased amount, abnormal"
HGNC:3757,GENE,FLOT1
ENSEMBL:ENSFCAG00000013876,ORTH,ENSEMBL:ENSFCAG00000013876
ENSEMBL:ENSACAG00000001148,ORTH,ENSEMBL:ENSACAG00000001148
ZP:0001318,DISO,"ceratobranchial cartilage decreased amount, abnormal"
ZFIN:ZDB-GENE-130730-1,ORTH,akt1
ENSEMBL:ENSFCAG00000023992,ORTH,ENSEMBL:ENSFCAG00000023992
ZFIN:ZDB-GENE-020326-1,ORTH,psma6a
ENSEMBL:ENSACAG00000008113,ORTH,ENSEMBL:ENSACAG00000008113
MP:0000601,DISO,small liver
ENSEMBL:ENSBTAG00000049761,ORTH,A0A3Q1M4J1
WormBase:WBGene00007150,ORTH,acly-2
FlyBase:FBgn0283427,ORTH,FASN1
Xenbase:XB-GENE-969324,ORTH,cnot7
ZP:0021361,DISO,"myelin sheath spinal cord decreased thickness, abnormal"
ZP:0100478,DISO,"antero-dorsal region whole organism absent, abnormal"
ENSEMBL:ENSSSCG00000008697,ORTH,HTT
ENSEMBL:ENSOANG00000010187,ORTH,ENSEMBL:ENSOANG00000010187
PomBase:SPBC16A3.09c,GENO,ufd1
MP:0003871,DISO,abnormal myelin sheath morphology
FlyBase:FBgn0037926,ORTH,Elp1
ENSEMBL:ENSCAFG00000032604,ORTH,ENSEMBL:ENSCAFG00000032604
ZFIN:ZDB-GENE-040426-2695,ORTH,actr1
ZP:0011360,DISO,"retinal ganglion cell occurrence collateral sprouting in absence of injury, abnormal"
MONARCH:APO_0000310APO_0000249,GENO,growth in exponential phase:delayed
ZP:0000958,DISO,"heart mislocalised, abnormal"
ZP:0000116,DISO,"anterior-posterior axis whole organism curved ventral, abnormal"
Xenbase:XB-GENE-490910,ORTH,ranbp1
ENSEMBL:ENSMMUG00000017758,ORTH,ENSEMBL:ENSMMUG00000017758
MP:0000128,DISO,growth retardation of molars
MP:0011199,DISO,abnormal amniotic cavity morphology
ENSEMBL:ENSCAFG00000025039,ORTH,ENSEMBL:ENSCAFG00000025039
ZP:0100053,DISO,"central region retina increased amount, abnormal"
ENSEMBL:ENSSSCG00000033334,ORTH,COPS7B
ZP:0137233,DISO,"filopodium CaP motoneuron decreased length, abnormal"
ZP:0010446,DISO,"striated muscle myosin thick filament myotome absent, abnormal"
ENSEMBL:ENSECAG00000002481,ORTH,ENSEMBL:ENSECAG00000002481
ENSEMBL:ENSMMUG00000008323,ORTH,ENSEMBL:ENSMMUG00000008323
HP:0002753,DISO,Thin bony cortex
FlyBase:FBgn0026582,ORTH,Hmg-2
ENSEMBL:ENSGALG00000011809,ORTH,GRIN2B
ENSEMBL:ENSACAG00000004276,ORTH,ENSEMBL:ENSACAG00000004276
ZFIN:ZDB-GENE-061013-557,ORTH,snx21
RGD:2409,ORTH,Dpysl4
MP:0011160,DISO,dermal-epidermal separation
ENSEMBL:ENSMMUG00000008048,ORTH,ENSEMBL:ENSMMUG00000008048
MGI:3613515,ORTH,Tg(YAC128)53Hay
ENSEMBL:ENSMODG00000013697,ORTH,ENSEMBL:ENSMODG00000013697
MGI:1333850,ORTH,Mbd4
ENSEMBL:ENSGALG00000025904,ORTH,ENSEMBL:ENSGALG00000025904
ENSEMBL:ENSOANG00000007418,ORTH,ENSEMBL:ENSOANG00000007418
ZP:0000542,DISO,"cardiac muscle cell ventricular myocardium increased mass density, abnormal"
ENSEMBL:ENSOANG00000003043,ORTH,ENSEMBL:ENSOANG00000003043
MP:0003545,DISO,increased alcohol consumption
PomBase:SPCC11E10.08,GENO,rik1
SGD:S000000174,ORTH,ATG8
HP:0001268,DISO,Mental deterioration
ENSEMBL:ENSMMUG00000049324,ORTH,ENSEMBL:ENSMMUG00000049324
ENSEMBL:ENSSSCG00000031635,ORTH,ENSEMBL:ENSSSCG00000031635
ZFIN:ZDB-GENE-040121-5,ORTH,akt2l
HP:0000824,DISO,Decreased response to growth hormone stimulation test
dictyBase:DDB_G0291848,GENO,csn3
WormBase:WBGene00018271,ORTH,ctsa-1.1
ENSEMBL:ENSCAFG00000018309,ORTH,ENSEMBL:ENSCAFG00000018309
ENSEMBL:ENSECAG00000009595,ORTH,ENSEMBL:ENSECAG00000009595
ENSEMBL:ENSXETG00000016466,ORTH,XB5894692 [provisional:azgp1]
ENSEMBL:ENSPTRG00000015843,ORTH,ENSEMBL:ENSPTRG00000015843
MGI:1919861,ORTH,Zfp655
MGI:1346859,ORTH,Mapk3
MP:0010234,DISO,abnormal vibrissa follicle morphology
ENSEMBL:ENSFCAG00000028143,ORTH,ENSEMBL:ENSFCAG00000028143
WBPhenotype:0001445,DISO,sodium acetate adaptation defective
ZP:0002222,DISO,"post-vent region shape, abnormal"
HP:0030345,DISO,Abnormal circulating luteinizing hormone concentration
MP:0008049,DISO,increased memory T cell number
WormBase:WBGene00004323,ORTH,rde-1
HP:0001260,DISO,Dysarthria
ZP:0000589,DISO,"central artery decreased branchiness, abnormal"
WBPhenotype:0001038,DISO,tumorous germline
ENSEMBL:ENSGALG00000032287,ORTH,ENSEMBL:ENSGALG00000032287
ENSEMBL:ENSBTAG00000032705,ORTH,CALM
SGD:S000002672,ORTH,AKR1
HP:0000103,DISO,Polyuria
ENSEMBL:ENSECAG00000022437,ORTH,ENSEMBL:ENSECAG00000022437
ENSEMBL:ENSFCAG00000040321,ORTH,ENSEMBL:ENSFCAG00000040321
ZFIN:ZDB-GENE-070410-130,ORTH,bdh1
MP:0009808,DISO,decreased oligodendrocyte number
ENSEMBL:ENSBTAG00000007399,ORTH,ENSEMBL:ENSBTAG00000007399
MP:0008083,DISO,decreased single-positive T cell number
ZP:0004045,DISO,"head immature, abnormal"
ZFIN:ZDB-GENE-060512-329,ORTH,commd1
ZP:0018013,DISO,"brain increased process quality cell population proliferation, abnormal"
ENSEMBL:ENSOANG00000004185,ORTH,ENSEMBL:ENSOANG00000004185
FlyBase:FBgn0263391,ORTH,hts
MP:0003725,DISO,increased autoantibody level
MP:0004261,DISO,abnormal embryonic neuroepithelium morphology
HP:0030037,DISO,Bifid ureter
ZP:0001669,DISO,"behavior quality, abnormal"
HP:0002315,DISO,Headache
WormBase:WBGene00006528,ORTH,tba-1
dictyBase:DDB_G0293674,GENO,DDB_G0293674
WormBase:WBGene00015552,ORTH,C06G3.6
ENSEMBL:ENSOANG00000004314,ORTH,ENSEMBL:ENSOANG00000004314
ENSEMBL:ENSMODG00000014043,ORTH,ENSEMBL:ENSMODG00000014043
Xenbase:XB-GENE-976485,ORTH,itch
ENSEMBL:ENSECAG00000012882,ORTH,ENSEMBL:ENSECAG00000012882
MP:0004905,DISO,decreased uterus weight
MP:0003176,DISO,reversion by viral sequence excision
FlyBase:FBgn0035016,ORTH,CG4612
ENSEMBL:ENSOANG00000042128,ORTH,ENSEMBL:ENSOANG00000042128
MP:0001923,DISO,reduced female fertility
dbSNP:rs149109767,GENO,rs149109767-AGAG
ENSEMBL:ENSACAG00000007687,ORTH,ENSEMBL:ENSACAG00000007687
ZP:0001350,DISO,"forebrain apoptotic, abnormal"
MP:0001676,DISO,abnormal apical ectodermal ridge morphology
dictyBase:DDB_G0281085,GENO,TFIIIA
MP:0008885,DISO,increased enterocyte apoptosis
SGD:S000005334,ORTH,BRE5
ENSEMBL:ENSGALG00000010349,ORTH,ENSEMBL:ENSGALG00000010349
ENSEMBL:ENSCAFG00000003548,ORTH,ENSEMBL:ENSCAFG00000003548
MP:0014143,DISO,decreased body fat mass
HGNC:4055,GENE,XRCC6
ENSEMBL:ENSPTRG00000007199,ORTH,ENSEMBL:ENSPTRG00000007199
ENSEMBL:ENSACAG00000015347,ORTH,ENSEMBL:ENSACAG00000015347
WBPhenotype:0000711,DISO,organism hypersensitive ionizing radiation
ZFIN:ZDB-GENE-130819-1,ORTH,lamtor1
ENSEMBL:ENSECAG00000008777,ORTH,ENSEMBL:ENSECAG00000008777
dictyBase:DDB_G0279549,GENO,eif3G
ENSEMBL:ENSMMUG00000009222,ORTH,ENSEMBL:ENSMMUG00000009222
HP:0009053,DISO,Distal lower limb muscle weakness
dbSNP:rs117933444,GENO,rs117933444-?
ENSEMBL:ENSECAG00000010309,ORTH,ENSEMBL:ENSECAG00000010309
HP:0100792,DISO,Acantholysis
ZP:0001435,DISO,"neural tube formation disrupted, abnormal"
ZP:0003403,DISO,"astrocyte ventricular zone increased amount, abnormal"
ZP:0022082,DISO,"neurofibrosarcoma whole organism increased amount, abnormal"
ZP:0001671,DISO,"locomotory behavior disrupted, abnormal"
MP:0002654,DISO,spongiform encephalopathy
ZFIN:ZDB-GENE-031007-5,ORTH,akt2
WBPhenotype:0000472,DISO,endoderm absent
RGD:631353,ORTH,Sharpin
ENSEMBL:ENSGALG00000053517,ORTH,ENSEMBL:ENSGALG00000053517
HP:0011808,DISO,Decreased patellar reflex
ENSEMBL:ENSMODG00000023604,ORTH,ENSEMBL:ENSMODG00000023604
HP:0007265,DISO,Absent mesencephalon
WBPhenotype:0001657,DISO,cell junction variant
HGNC:1027,GENE,BDH1
ZP:0106466,DISO,"primordial germ cell has extra parts of type microtubule organizing center primordial germ cell, abnormal"
WBPhenotype:0002324,DISO,backward point velocity decreased
FlyBase:FBgn0023395,ORTH,Chd3
ENSEMBL:ENSBTAG00000010598,ORTH,ENSEMBL:ENSBTAG00000010598
ZP:0001454,DISO,"extension aplastic, abnormal"
HP:0000268,DISO,Dolichocephaly
RGD:1307191,ORTH,Eif3g
WBPhenotype:0002338,DISO,body proportion variant
MP:0001411,DISO,spinning
ENSEMBL:ENSBTAG00000052071,ORTH,ENSEMBL:ENSBTAG00000052071
HP:0003237,DISO,Increased circulating IgG level
ZP:0021358,DISO,"otic vesicle process quality cilium assembly, abnormal"
dbSNP:rs114688092,GENO,rs114688092-?
WormBase:WBGene00010265,ORTH,F58G1.3
MP:0004679,DISO,xiphoid process foramen
ZP:0100740,DISO,"rhombomere 5 has extra parts of type facial nerve motor nucleus neuron projection motor neuron, abnormal"
ZP:0013737,DISO,"establishment or maintenance of cell polarity process quality, abnormal"
WormBase:WBGene00004813,ORTH,skr-7
ZP:0002570,DISO,"neural tube increased width, abnormal"
ENSEMBL:ENSFCAG00000015476,ORTH,ENSEMBL:ENSFCAG00000015476
ENSEMBL:ENSACAG00000014782,ORTH,ENSEMBL:ENSACAG00000014782
ENSEMBL:ENSMMUG00000018476,ORTH,ENSEMBL:ENSMMUG00000018476
dictyBase:DDB_G0271350,GENO,DDB_G0271350
Xenbase:XB-GENE-954481,ORTH,cltb
RGD:68424,ORTH,Dlg4
ENSEMBL:ENSMODG00000004051,ORTH,ENSEMBL:ENSMODG00000004051
ZP:0000530,DISO,"dorsal aorta collapsed, abnormal"
Coriell:GM03644,GENO,NIGMS-GM03644
WBPhenotype:0000007,DISO,bag of worms
EFO:0004908,GENO,testosterone measurement
MGI:2446242,ORTH,Atxn2l
WormBase:WBGene00009119,ORTH,ndk-1
ENSEMBL:ENSGALG00000010060,ORTH,ENSEMBL:ENSGALG00000010060
ENSEMBL:ENSOANG00000009024,ORTH,ENSEMBL:ENSOANG00000009024
MP:0000880,DISO,decreased Purkinje cell number
MGI:96195,ORTH,Hoxc4
ENSEMBL:ENSMODG00000039586,ORTH,ENSEMBL:ENSMODG00000039586
ENSEMBL:ENSECAG00000007134,ORTH,ENSEMBL:ENSECAG00000007134
ENSEMBL:ENSCAFG00000000226,ORTH,HBS1L
ZFIN:ZDB-GENE-030131-2987,ORTH,hbs1l
MGI:101920,ORTH,Ap2a2
MP:0004323,DISO,sternum hypoplasia
dictyBase:DDB_G0272831,GENO,psmA7
MP:0001675,DISO,abnormal ectoderm development
FlyBase:FBgn0010051,ORTH,Itpr
MONARCH:APO_0000047APO_0000004,GENO,transposable element transposition:increased
MP:0011239,DISO,abnormal skin coloration
WBPhenotype:0001716,DISO,forward point velocity variant
WBPhenotype:0000218,DISO,vulval cell induction increased
ZFIN:ZDB-GENE-040426-1038,ORTH,psmd6
GO:0000132,PHYS,establishment of mitotic spindle orientation
HP:0011001,DISO,Increased bone mineral density
EFO:0004348,GENO,hematocrit
ZP:0000115,DISO,"nervous system quality, abnormal"
WBPhenotype:0001169,DISO,pseudocleavage exaggerated early emb
FBcv:0000375,DISO,semi-fertile
WBPhenotype:0000675,DISO,zygotic lethal
MP:0010289,DISO,increased urinary system tumor incidence
ZP:0101819,DISO,"swimming decreased duration, abnormal"
GO:0045505,PHYS,dynein intermediate chain binding
MP:0004379,DISO,wide frontal bone
WormBase:WBGene00009113,ORTH,maph-1.2
ENSEMBL:ENSOANG00000047217,ORTH,ENSEMBL:ENSOANG00000047217
RGD:1591971,ORTH,Psme4
MP:0008713,DISO,abnormal cytokine level
HP:0001007,DISO,Hirsutism
SGD:S000003222,ORTH,HXK2
MP:0012029,DISO,abnormal electroretinogram waveform feature
ENSEMBL:ENSOANG00000042657,ORTH,ENSEMBL:ENSOANG00000042657
ENSEMBL:ENSMODG00000016067,ORTH,ENSEMBL:ENSMODG00000016067
WBPhenotype:0000667,DISO,gonad displaced
Coriell:GM00305,GENO,NIGMS-GM00305
MP:0005010,DISO,"abnormal CD8-positive, alpha beta T cell morphology"
MGI:1347085,ORTH,Cetn2
MP:0004737,DISO,absent distortion product otoacoustic emissions
HP:0002597,DISO,Abnormality of the vasculature
HGNC:9783,GENE,RAB5A
MP:0001700,DISO,abnormal embryo turning
ENSEMBL:ENSMODG00000000485,ORTH,ENSEMBL:ENSMODG00000000485
ZP:0012655,DISO,"axon cerebellum morphology, abnormal"
RGD:3032,ORTH,Smad3
MONARCH:APO_0000060APO_0000002,GENO,colony appearance:abnormal
FlyBase:FBgn0265606,ORTH,Prosalpha4T1
ENSEMBL:ENSECAG00000007233,ORTH,ENSEMBL:ENSECAG00000007233
ENSEMBL:ENSMODG00000015564,ORTH,ENSEMBL:ENSMODG00000015564
ZP:0001506,DISO,"whole organism refractivity, abnormal"
dbSNP:rs114643193,GENO,rs114643193-?
MP:0003043,DISO,hypoalgesia
ENSEMBL:ENSMODG00000006490,ORTH,ENSEMBL:ENSMODG00000006490
MGI:6294294,ORTH,Tg(Prnp-HTT*82Q)61Gschi [involves: C3H/HeJ * C57BL/6J]
dictyBase:DDB_G0289541,GENO,vasp
MONARCH:APO_0000091APO_0000003,GENO,starvation resistance:decreased
ENSEMBL:ENSMMUG00000004994,ORTH,ENSEMBL:ENSMMUG00000004994
MP:0003061,DISO,decreased aerobic running capacity
ZP:0010101,DISO,"pharyngeal arch 1 mislocalised ventrally, abnormal"
MP:0008119,DISO,decreased Langerhans cell number
WBPhenotype:0000345,DISO,VPC cell division variant
MGI:3030547,ORTH,Olfr713
SGD:S000001919,ORTH,PES4
ENSEMBL:ENSCAFG00000004123,ORTH,ENSEMBL:ENSCAFG00000004123
ZP:0000724,DISO,"atrium dilated, abnormal"
FlyBase:FBgn0033539,ORTH,Git
ENSEMBL:ENSMODG00000017422,ORTH,ENSEMBL:ENSMODG00000017422
ENSEMBL:ENSOANG00000044438,ORTH,ENSEMBL:ENSOANG00000044438
FlyBase:FBgn0042178,ORTH,Apl
ENSEMBL:ENSCAFG00000020089,ORTH,ENSEMBL:ENSCAFG00000020089
WBPhenotype:0001956,DISO,oocytes lack nucleus
ENSEMBL:ENSFCAG00000007013,ORTH,ENSEMBL:ENSFCAG00000007013
EFO:0006937,GENO,optic disc area measurement
WormBase:WBGene00022199,ORTH,pfk-1.1
HP:0011169,DISO,Generalized clonic seizure
ZP:0000955,DISO,"determination of heart left/right asymmetry disrupted, abnormal"
MP:0002733,DISO,abnormal thermal nociception
MONARCH:APO_0000037APO_0000003,GENO,pheromone sensitivity:decreased
ENSEMBL:ENSOANG00000040026,ORTH,ENSEMBL:ENSOANG00000040026
ZP:0101699,DISO,"vascular associated smooth muscle cell dorsal aorta decreased amount, abnormal"
ZP:0001449,DISO,"whole organism curved dorsal, abnormal"
ENSEMBL:ENSMMUG00000005780,ORTH,ENSEMBL:ENSMMUG00000005780
ENSEMBL:ENSMODG00000015637,ORTH,ENSEMBL:ENSMODG00000015637
ENSEMBL:ENSMMUG00000011325,ORTH,ENSEMBL:ENSMMUG00000011325
ENSEMBL:ENSECAG00000018697,ORTH,ENSEMBL:ENSECAG00000018697
MP:0006301,DISO,abnormal mesenchyme morphology
ENSEMBL:ENSMODG00000013663,ORTH,ENSEMBL:ENSMODG00000013663
ENSEMBL:ENSCAFG00000010836,ORTH,CENPE
ENSEMBL:ENSMMUG00000020109,ORTH,ENSEMBL:ENSMMUG00000020109
Xenbase:XB-GENE-6067221,ORTH,pik3r1
ENSEMBL:ENSMODG00000003663,ORTH,ENSEMBL:ENSMODG00000003663
FlyBase:FBgn0051960,ORTH,Dmel\CG31960
WormBase:WBGene00006529,ORTH,tba-2
ENSEMBL:ENSMODG00000003801,ORTH,ENSEMBL:ENSMODG00000003801
HP:0000110,DISO,Renal dysplasia
dictyBase:DDB_G0290791,GENO,rabK2
HGNC:12558,GENE,ULK1
dictyBase:DDB_G0282793,GENO,wdr61
MP:0001656,DISO,focal hepatic necrosis
NCBIGene:504357,GENE,AXIN1
ENSEMBL:ENSCAFG00000031336,ORTH,MED21
ENSEMBL:ENSBTAG00000017894,ORTH,ENSEMBL:ENSBTAG00000017894
Xenbase:XB-GENE-959791,ORTH,aldoa
MGI:2659071,ORTH,Rapgef2
EFO:0004509,GENO,hemoglobin measurement
ZFIN:ZDB-GENE-050419-81,ORTH,synm
HGNC:9847,GENE,RANBP1
HP:0002205,DISO,Recurrent respiratory infections
HP:0009804,DISO,Tooth agenesis
MP:0004188,DISO,delayed embryo turning
MP:0012046,DISO,decreased susceptibility to hypertension
FBcv:0000354,DISO,visible
SGD:S000003478,ORTH,BRF1
ENSEMBL:ENSFCAG00000013102,ORTH,ENSEMBL:ENSFCAG00000013102
Xenbase:XB-GENE-1004600,ORTH,msn
ENSEMBL:ENSACAG00000000744,ORTH,ENSEMBL:ENSACAG00000000744
dictyBase:DDB_G0284411,GENO,dng1
HGNC:562,GENE,AP2A2
ENSEMBL:ENSMMUG00000017720,ORTH,ENSEMBL:ENSMMUG00000017720
dictyBase:DDB_G0289613,GENO,DDB0188491
ENSEMBL:ENSBTAG00000006586,ORTH,ENSEMBL:ENSBTAG00000006586
MONARCH:APO_0000193APO_0000003,GENO,resistance to enzymatic treatment:decreased
ENSEMBL:ENSBTAG00000012002,ORTH,BCAR1
ZP:0005953,DISO,"photoreceptor outer segment eye photoreceptor cell decreased amount, abnormal"
MP:0008924,DISO,decreased cerebellar granule cell number
ZP:0106515,DISO,"cardiac muscle cell cardiac ventricle condensed, abnormal"
HGNC:4897,GENE,HGS
MP:0009423,DISO,increased extensor digitorum longus weight
FlyBase:FBgn0261276,ORTH,Opa1
RGD:619717,ORTH,Tuba1a
MP:0012133,DISO,absent midbrain-hindbrain boundary
ENSEMBL:ENSFCAG00000035227,ORTH,ENSEMBL:ENSFCAG00000035227
ENSEMBL:ENSECAG00000017077,ORTH,ENSEMBL:ENSECAG00000017077
ENSEMBL:ENSACAG00000014472,ORTH,ENSEMBL:ENSACAG00000014472
MP:0000297,DISO,abnormal atrioventricular cushion morphology
WBPhenotype:0002349,DISO,phosphatidylinositol 3-phosphate levels reduced
ENSEMBL:ENSCAFG00000015834,ORTH,ENSEMBL:ENSCAFG00000015834
HP:0002418,DISO,Abnormal midbrain morphology
ZP:0000505,DISO,"retinal cone cell decreased amount, abnormal"
MP:0000165,DISO,abnormal long bone hypertrophic chondrocyte zone
ENSEMBL:ENSGALG00000012542,ORTH,ENSEMBL:ENSGALG00000012542
MP:0005141,DISO,liver hyperplasia
ENSEMBL:ENSFCAG00000004893,ORTH,ENSEMBL:ENSFCAG00000004893
ENSEMBL:ENSFCAG00000032566,ORTH,ENSEMBL:ENSFCAG00000032566
ENSEMBL:ENSGALG00000034374,ORTH,ENSEMBL:ENSGALG00000034374
FlyBase:FBgn0038418,ORTH,pad
MP:0010395,DISO,abnormal pharyngeal arch development
ENSEMBL:ENSMMUG00000010722,ORTH,ENSEMBL:ENSMMUG00000010722
ZFIN:ZDB-GENE-990415-145,ORTH,mhc1uba
HP:0000252,DISO,Microcephaly
ENSEMBL:ENSECAG00000016068,ORTH,ENSEMBL:ENSECAG00000016068
RGD:3529,ORTH,Rab4a
WBPhenotype:0000089,DISO,alpha amanitin resistant
ENSEMBL:ENSSSCG00000040859,ORTH,LLGL1
MGI:1923831,ORTH,Wipi2
ENSEMBL:ENSGALG00000007971,ORTH,ENSEMBL:ENSGALG00000007971
ENSEMBL:ENSFCAG00000004047,ORTH,ENSEMBL:ENSFCAG00000004047
HP:0011002,DISO,Osteopetrosis
HP:0002217,DISO,Slow-growing hair
WBPhenotype:0001135,DISO,embryonic morphology defective early emb
ZP:0007177,DISO,"startle response decreased process quality, abnormal"
WBPhenotype:0002268,DISO,mitochondrial content decreased
ENSEMBL:ENSXETG00000030689,ORTH,dnali1
ENSEMBL:ENSSSCG00000003199,ORTH,AP2A1
MP:0004228,DISO,decreased cellular sensitivity to ionizing radiation
Coriell:GM04282,GENO,NIGMS-GM04282
PomBase:SPBP35G2.11c,GENO,nbr1
ENSEMBL:ENSCAFG00000003543,ORTH,ENSEMBL:ENSCAFG00000003543
WBPhenotype:0001646,DISO,no pharynx
ZP:0002260,DISO,"notochord cell vacuolation decreased process quality, abnormal"
MGI:1926465,ORTH,Hnrnpm
ENSEMBL:ENSSSCG00000022066,ORTH,PIAS4
Xenbase:XB-GENE-958272,ORTH,trafd1
WBPhenotype:0000006,DISO,egg laying defective
MP:0000952,DISO,abnormal CNS glial cell morphology
MP:0005643,DISO,decreased dopamine level
ZFIN:ZDB-GENE-030131-1502,ORTH,morc3a
ENSEMBL:ENSMODG00000019523,ORTH,ENSEMBL:ENSMODG00000019523
FBcv:0000007,DISO,female semi-fertile
WBPhenotype:0001805,DISO,mitochondria vesiculated
MGI:1914818,ORTH,Mrfap1
ENSEMBL:ENSSSCG00000017287,ORTH,PSMC5
HP:0012535,DISO,Abnormal synaptic transmission
HP:0000315,DISO,Abnormality of the orbital region
ENSEMBL:ENSOANG00000049851,ORTH,ENSEMBL:ENSOANG00000049851
ZP:0005469,DISO,"regulation of proton-transporting ATPase activity, rotational mechanism decreased process quality, abnormal"
ZP:0009315,DISO,"ectoderm delaminated, abnormal"
ENSEMBL:ENSBTAG00000004284,ORTH,ENSEMBL:ENSBTAG00000004284
ENSEMBL:ENSFCAG00000018390,ORTH,ENSEMBL:ENSFCAG00000018390
WBPhenotype:0000494,DISO,two fold arrest
ENSEMBL:ENSSSCG00000000204,ORTH,PRPF40B
ENSEMBL:ENSCAFG00000004173,ORTH,ENSEMBL:ENSCAFG00000004173
RGD:621595,ORTH,Vcp
RGD:71001,ORTH,Dnaja2
ZP:0101697,DISO,"anatomical region dorsal aorta absent, abnormal"
ENSEMBL:ENSBTAG00000017212,ORTH,ENSEMBL:ENSBTAG00000017212
dictyBase:DDB_G0284889,GENO,DDB0186240
ZP:0001236,DISO,"midbrain hindbrain boundary morphology, abnormal"
ZFIN:ZDB-GENE-030131-2066,ORTH,sin3ab
ZP:0000133,DISO,"ethmoid cartilage decreased size, abnormal"
ENSEMBL:ENSMODG00000008609,ORTH,ENSEMBL:ENSMODG00000008609
FlyBase:FBgn0286784,ORTH,TER94
ENSEMBL:ENSMMUG00000046892,ORTH,ENSEMBL:ENSMMUG00000046892
WormBase:WBGene00022152,ORTH,atg-5
Xenbase:XB-GENE-486585,ORTH,hoxc11
MP:0008508,DISO,thick retinal ganglion layer
ZP:0018955,DISO,"posterior region whole organism malformed, abnormal"
ZFIN:ZDB-GENE-060312-12,ORTH,casp6b.2
MP:0020157,DISO,abnormal behavioral response to alcohol
ENSEMBL:ENSMODG00000006820,ORTH,ENSEMBL:ENSMODG00000006820
WormBase:WBGene00016010,ORTH,C23G10.1
MP:0002199,DISO,abnormal brain commissure morphology
HGNC:3999,GENE,FTL
Coriell:GM05628,GENO,NIGMS-GM05628
HP:0004386,DISO,Gastrointestinal inflammation
ENSEMBL:ENSPTRG00000021656,ORTH,ENSEMBL:ENSPTRG00000021656
ENSEMBL:ENSSSCG00000003256,ORTH,PRKCG
ZP:0012870,DISO,"apoptotic process process quality, abnormal"
RGD:3012,ORTH,Llgl1
Xenbase:XB-GENE-488586,ORTH,flot1
ENSEMBL:ENSFCAG00000011869,ORTH,ENSEMBL:ENSFCAG00000011869
MP:0000965,DISO,abnormal sensory neuron morphology
ZP:0006869,DISO,"spindle ciliary marginal zone structure, abnormal"
MP:0009115,DISO,abnormal fat cell morphology
ENSEMBL:ENSCAFG00000004962,ORTH,J9P5S0
ZFIN:ZDB-GENE-110411-193,ORTH,lamtor5
MP:0001680,DISO,abnormal mesoderm development
ENSEMBL:ENSECAG00000010954,ORTH,ENSEMBL:ENSECAG00000010954
HP:0002063,DISO,Rigidity
ENSEMBL:ENSGALG00000005121,ORTH,ENSEMBL:ENSGALG00000005121
WBPhenotype:0001675,DISO,male gonad development variant
ENSEMBL:ENSOANG00000010458,ORTH,ENSEMBL:ENSOANG00000010458
WBPhenotype:0002336,DISO,path curvature increased
HP:0000668,DISO,Hypodontia
EnsemblGenome:BAA16420,ORTH,EnsemblGenome:BAA16420
ENSEMBL:ENSGALG00000023066,ORTH,DNAJA1
WormBase:WBGene00000248,ORTH,ben-1
MGI:96748,ORTH,Lamp2
HP:0003128,DISO,Lactic acidosis
HP:0012379,DISO,Abnormal enzyme/coenzyme activity
MONARCH:APO_0000327APO_0000003,GENO,hydrostatic pressure resistance:decreased
ENSEMBL:ENSFCAG00000044541,ORTH,ENSEMBL:ENSFCAG00000044541
ENSEMBL:ENSECAG00000019110,ORTH,ENSEMBL:ENSECAG00000019110
ENSEMBL:ENSECAG00000021436,ORTH,ENSEMBL:ENSECAG00000021436
ZP:0000242,DISO,"sarcomere skeletal muscle disorganized, abnormal"
HGNC:4812,GENE,HAP1
ENSEMBL:ENSMODG00000005299,ORTH,ENSEMBL:ENSMODG00000005299
ENSEMBL:ENSBTAG00000053552,ORTH,A0A3Q1LSR3
FlyBase:FBgn0286075,ORTH,DNAlig3
GO:2000479,PHYS,regulation of cAMP-dependent protein kinase activity
WormBase:WBGene00006538,ORTH,tbb-4
WormBase:WBGene00004101,ORTH,hgrs-1
ZP:0001609,DISO,"head morphology, abnormal"
ZFIN:ZDB-GENE-041001-146,ORTH,nrbp1
MP:0008333,DISO,absent lactotrophs
HP:0000977,DISO,Soft skin
HGNC:19022,GENE,HSPA12A
EnsemblGenome:AT1G79000,ORTH,EnsemblGenome:AT1G79000
MGI:109152,ORTH,Lig3
ENSEMBL:ENSECAG00000030778,ORTH,ENSEMBL:ENSECAG00000030778
ENSEMBL:ENSCAFG00000015145,ORTH,ENSEMBL:ENSCAFG00000015145
UBERON:0014892,ANAT,skeletal muscle organ
ZP:0007315,DISO,"dopaminergic neuron pretectum decreased amount, abnormal"
HP:0000498,DISO,Blepharitis
ZFIN:ZDB-GENE-080214-5,ORTH,hspb15
RGD:1305288,ORTH,Haus4
WBPhenotype:0002293,DISO,body posture amplitude increased
ENSEMBL:ENSCAFG00000019684,ORTH,AXIN1
ENSEMBL:ENSSSCG00000028978,ORTH,CAD
ENSEMBL:ENSBTAG00000033143,ORTH,A0A3Q1M4M0
EFO:0007800,GENO,body fat percentage
HP:0002179,DISO,Opisthotonus
ENSEMBL:ENSOANG00000009183,ORTH,ENSEMBL:ENSOANG00000009183
ENSEMBL:ENSFCAG00000029683,ORTH,ENSEMBL:ENSFCAG00000029683
HP:0010994,DISO,Abnormal corpus striatum morphology
MGI:4438242,ORTH,Htt<tm1Szi>/Htt<tm1Szi>; Tg(HTT*)1Xwy [involves: 129S/SvEv * FVB]
RGD:1309260,ORTH,Dnali1
PomBase:SPAC823.16c,GENO,atg1802
MP:0003734,DISO,abnormal retinal inner plexiform layer morphology
HP:0000722,DISO,Obsessive-compulsive behavior
MP:0000181,DISO,abnormal circulating LDL cholesterol level
RGD:2324749,ORTH,LOC100363141
RGD:1308097,ORTH,Actn2
ENSEMBL:ENSBTAG00000013436,ORTH,HAUS5
ZP:0019006,DISO,"pronephric distal late tubule decreased distribution, abnormal"
WBPhenotype:0000117,DISO,L1 lethal
MP:0002759,DISO,abnormal caudal vertebrae morphology
HP:0002900,DISO,Hypokalemia
PomBase:SPBC17D11.07c,GENO,rpn2
ENSEMBL:ENSFCAG00000028897,ORTH,ENSEMBL:ENSFCAG00000028897
MP:0012136,DISO,absent forebrain
MP:0009113,DISO,increased pancreatic beta cell mass
ENSEMBL:ENSECAG00000023691,ORTH,ENSEMBL:ENSECAG00000023691
RGD:2840,ORTH,Hspa1b
RGD:69353,ORTH,Ech1
MP:0011270,DISO,decreased excitatory postsynaptic current amplitude
MP:0004815,DISO,abnormal somatic hypermutation frequency
HP:0000559,DISO,Corneal scarring
MP:0003253,DISO,dilated bile duct
RGD:1564443,ORTH,MGC114483
ENSEMBL:ENSPTRG00000004718,ORTH,ENSEMBL:ENSPTRG00000004718
MP:0003088,DISO,abnormal prepulse inhibition
ENSEMBL:ENSMMUG00000016009,ORTH,ENSEMBL:ENSMMUG00000016009
ENSEMBL:ENSMMUG00000043638,ORTH,ENSEMBL:ENSMMUG00000043638
MP:0001722,DISO,pale yolk sac
MP:0002939,DISO,head spot
ENSEMBL:ENSMMUG00000051186,ORTH,ENSEMBL:ENSMMUG00000051186
MP:0010047,DISO,axonal spheroids
MP:0011200,DISO,abnormal extraembryonic coelom morphology
MP:0008732,DISO,reduced hair shaft melanin granule number
Xenbase:XB-GENE-992753,ORTH,ficd
WBPhenotype:0002468,DISO,translation rate reduced
WormBase:WBGene00010888,ORTH,dlc-2
MP:0000350,DISO,abnormal cell proliferation
SGD:S000002835,ORTH,RPN9
ENSEMBL:ENSECAG00000012406,ORTH,ENSEMBL:ENSECAG00000012406
ZP:0000038,DISO,"pericardium edematous, abnormal"
HGNC:20332,GENE,UPF3A
UBERON:0004360,ANAT,cauda epididymis
MGI:1914793,ORTH,Pabpc6
ENSEMBL:ENSACAG00000000015,ORTH,ENSEMBL:ENSACAG00000000015
HP:0003199,DISO,Decreased muscle mass
ENSEMBL:ENSFCAG00000008759,ORTH,ENSEMBL:ENSFCAG00000008759
HP:0001645,DISO,Sudden cardiac death
WormBase:WBGene00006786,ORTH,unc-51
HP:0012368,DISO,Flat face
MP:0011448,DISO,decreased dopaminergic neuron number
MP:0010700,DISO,hair follicle comedo
WormBase:WBGene00012768,ORTH,eef-1B.2
ENSEMBL:ENSCAFG00000010822,ORTH,ENSEMBL:ENSCAFG00000010822
WBPhenotype:0000033,DISO,developmental timing variant
ENSEMBL:ENSPTRG00000008357,ORTH,ENSEMBL:ENSPTRG00000008357
ZP:0003047,DISO,"cardiac ventricle hypertrophic, abnormal"
ENSEMBL:ENSECAG00000040461,ORTH,ENSEMBL:ENSECAG00000040461
FlyBase:FBgn0262743,ORTH,Fs(2)Ket
ZP:0018340,DISO,"axon epibranchial ganglion morphology, abnormal"
ENSEMBL:ENSGALG00000012159,ORTH,ENSEMBL:ENSGALG00000012159
HP:0002808,DISO,Kyphosis
MONARCH:APO_0000225APO_0000003,GENO,mitotic recombination:decreased
MP:0005602,DISO,decreased angiogenesis
ENSEMBL:ENSBTAG00000012040,ORTH,GIT1
ENSEMBL:ENSOANG00000006113,ORTH,ENSEMBL:ENSOANG00000006113
ZP:0003107,DISO,"palatoquadrate cartilage malformed, abnormal"
ENSEMBL:ENSSSCG00000012328,ORTH,ENSEMBL:ENSSSCG00000012328
WBPhenotype:0002267,DISO,mitochondrial content increased
ENSEMBL:ENSACAG00000022197,ORTH,ENSEMBL:ENSACAG00000022197
ENSEMBL:ENSMMUG00000005091,ORTH,ENSEMBL:ENSMMUG00000005091
MP:0002063,DISO,abnormal learning/memory/conditioning
ENSEMBL:ENSSSCG00000028007,ORTH,ENSEMBL:ENSSSCG00000028007
HP:0011967,DISO,Decreased circulating copper concentration
HP:0040273,DISO,Adenocarcinoma of the intestines
SGD:S000005986,ORTH,VPS28
ENSEMBL:ENSSSCG00000016128,ORTH,EEF1B2
ENSEMBL:ENSCAFG00000025174,ORTH,A0A5F4D012
ZFIN:ZDB-GENE-030131-7074,ORTH,heyl
MP:0003222,DISO,increased cardiomyocyte apoptosis
dbSNP:rs76778080,GENO,rs76778080-T
ZP:0004161,DISO,"nervous system apoptotic, abnormal"
ZP:0019043,DISO,"retina lacks parts or has fewer parts of type photoreceptor outer segment eye photoreceptor cell, abnormal"
ZFIN:ZDB-GENE-141216-265,ORTH,znf638
ZFIN:ZDB-GENE-060503-759,ORTH,atxn1a
MP:0003701,DISO,elevated level of mitotic sister chromatid exchange
ENSEMBL:ENSBTAG00000007599,ORTH,ENSEMBL:ENSBTAG00000007599
MP:0003050,DISO,abnormal sacral vertebrae morphology
WBPhenotype:0000282,DISO,hermaphrodite sex muscle development variant
WBPhenotype:0000709,DISO,pharyngeal morphology variant
ENSEMBL:ENSSSCG00000003660,ORTH,ENSEMBL:ENSSSCG00000003660
HP:0011121,DISO,Abnormality of skin morphology
EFO:0004309,GENO,platelet count
dictyBase:DDB_G0278271,GENO,DDB0205337
ENSEMBL:ENSSSCG00000011494,ORTH,PSMD6
FBcv:0000421,DISO,abnormal touch response
MP:0008858,DISO,abnormal hair cycle anagen phase
dictyBase:DDB_G0274695,GENO,DDB_G0274695
HP:0000803,DISO,Renal cortical cysts
HP:0000768,DISO,Pectus carinatum
MONARCH:APO_0000195APO_0000003,GENO,gamma ray resistance:decreased
ENSEMBL:ENSGALG00000040882,ORTH,ENSEMBL:ENSGALG00000040882
ENSEMBL:ENSCAFG00000016759,ORTH,TARDBP
MP:0002742,DISO,enlarged submandibular lymph nodes
FlyBase:FBgn0262519,ORTH,Mi-2
ENSEMBL:ENSMODG00000027318,ORTH,ENSEMBL:ENSMODG00000027318
MP:0000151,DISO,absent ribs
ENSEMBL:ENSACAG00000008018,ORTH,ENSEMBL:ENSACAG00000008018
PomBase:SPAC4D7.13,GENO,usp104
MP:0020391,DISO,radial glial endfoot detachment
HGNC:29858,GENE,NLK
ENSEMBL:ENSFCAG00000030845,ORTH,ENSEMBL:ENSFCAG00000030845
MP:0002219,DISO,decreased lymph node number
HP:0000577,DISO,Exotropia
Xenbase:XB-GENE-482185,ORTH,tubb
ZP:0013279,DISO,"phototaxis process quality, abnormal"
ENSEMBL:ENSFCAG00000008858,ORTH,ENSEMBL:ENSFCAG00000008858
ENSEMBL:ENSFCAG00000024404,ORTH,ENSEMBL:ENSFCAG00000024404
ENSEMBL:ENSBTAG00000047424,ORTH,ENSEMBL:ENSBTAG00000047424
ENSEMBL:ENSMMUG00000008202,ORTH,ENSEMBL:ENSMMUG00000008202
ZFIN:ZDB-GENE-051127-39,ORTH,actn2b
ENSEMBL:ENSMODG00000010180,ORTH,ENSEMBL:ENSMODG00000010180
RGD:735116,ORTH,Commd3
HP:0011190,DISO,Uni- and bilateral multifocal epileptiform discharges
MP:0001017,DISO,abnormal stellate ganglion morphology
SGD:S000002284,ORTH,CDC48
MP:0005389,DISO,reproductive system phenotype
ENSEMBL:ENSECAG00000016587,ORTH,ENSEMBL:ENSECAG00000016587
ZP:0000406,DISO,"sensory system quality, abnormal"
MP:0003628,DISO,abnormal leukocyte adhesion
ENSEMBL:ENSECAG00000013955,ORTH,ENSEMBL:ENSECAG00000013955
HGNC:18381,GENE,SYT12
ENSEMBL:ENSMMUG00000051955,ORTH,ENSEMBL:ENSMMUG00000051955
MONARCH:APO_0000155APO_0000004,GENO,apoptosis:increased
ENSEMBL:ENSACAG00000007097,ORTH,ENSEMBL:ENSACAG00000007097
WormBase:WBGene00018089,ORTH,F36D4.4
ENSEMBL:ENSFCAG00000022374,ORTH,ENSEMBL:ENSFCAG00000022374
WBPhenotype:0000309,DISO,SDS sensitive dauer
ENSEMBL:ENSECAG00000002550,ORTH,ENSEMBL:ENSECAG00000002550
MP:0008475,DISO,intermingled spleen red and white pulp
MGI:1917592,ORTH,Ptges2
ZFIN:ZDB-GENE-050506-64,ORTH,mipepb
ENSEMBL:ENSCAFG00000032222,ORTH,DLA-64
HP:0003141,DISO,Increased LDL cholesterol concentration
WBPhenotype:0000672,DISO,presynaptic vesicle cluster localization variant
WormBase:WBGene00022717,ORTH,hipr-1
ZP:0001448,DISO,"whole organism curved, abnormal"
UBERON:0001782,ANAT,pigmented layer of retina
RGD:2364,ORTH,Cltc
HP:0000737,DISO,Irritability
ZP:0016587,DISO,"neuron central nervous system decreased amount, abnormal"
dictyBase:DDB_G0289489,GENO,act18
WBPhenotype:0000767,DISO,integrity of membranous organelles defective early emb
ENSEMBL:ENSGALG00000014999,ORTH,MAP1B
ZFIN:ZDB-GENE-020423-3,ORTH,eef1g
WBPhenotype:0000026,DISO,lipid depleted
ZFIN:ZDB-GENE-030128-4,ORTH,smad3b
HP:0002789,DISO,Tachypnea
SGD:S000005969,ORTH,CAM1
ENSEMBL:ENSPTRG00000043871,ORTH,ENSEMBL:ENSPTRG00000043871
ZFIN:ZDB-GENE-040801-149,ORTH,atg5
ENSEMBL:ENSOANG00000001317,ORTH,ENSEMBL:ENSOANG00000001317
Xenbase:XB-GENE-981666,ORTH,kat2b
RGD:1564836,ORTH,RGD1564836
ENSEMBL:ENSMODG00000003133,ORTH,ENSEMBL:ENSMODG00000003133
SGD:S000002716,ORTH,SRB7
dictyBase:DDB_G0290491,GENO,DDB_G0290491
EFO:0007858,GENO,eye morphology measurement
MP:0009713,DISO,enhanced conditioned place preference behavior
MP:0000203,DISO,abnormal circulating aspartate transaminase level
ENSEMBL:ENSBTAG00000050778,ORTH,ENSEMBL:ENSBTAG00000050778
HP:0000164,DISO,Abnormality of the dentition
WormBase:WBGene00011832,ORTH,bgal-1
MP:0020434,DISO,increased astrocyte size
ZP:0000408,DISO,"activation of cysteine-type endopeptidase activity involved in apoptotic process increased occurrence, abnormal"
HP:0001367,DISO,Abnormal joint morphology
FlyBase:FBgn0036934,ORTH,sNPF-R
ZP:0000350,DISO,"optic vesicle absent, abnormal"
MP:0005591,DISO,decreased vasodilation
MONARCH:APO_0000143APO_0000004,GENO,chromosome/plasmid maintenance:increased
HGNC:11441,GENE,STX6
ENSEMBL:ENSXETG00000023370,ORTH,ENSEMBL:ENSXETG00000023370
RGD:1585874,ORTH,Mbd4
HGNC:2348,GENE,CREBBP
WBPhenotype:0001975,DISO,germ cell compartment large
MP:0000784,DISO,forebrain hypoplasia
ENSEMBL:ENSMMUG00000003176,ORTH,ENSEMBL:ENSMMUG00000003176
WBPhenotype:0002378,DISO,pathogen avoidance variant
MP:0009511,DISO,distended stomach
MONARCH:APO_0000276APO_0000003,GENO,prion formation:decreased
WBPhenotype:0002347,DISO,forward locomotion decreased
RGD:1561203,ORTH,Polr2h
MP:0008476,DISO,increased spleen red pulp amount
WormBase:WBGene00003922,ORTH,pas-1
ZFIN:ZDB-GENE-040426-1804,ORTH,evlb
FBcv:0002006,DISO,lethal - all die during first instar larval stage
ENSEMBL:ENSRNOG00000030224,ORTH,A0A0G2K7M1
MP:0008044,DISO,increased NK cell number
MP:0008862,DISO,asymmetric snout
MP:0008261,DISO,arrest of male meiosis
SGD:S000006027,ORTH,SSE1
ENSEMBL:ENSBTAG00000002352,ORTH,GGA2
RGD:1589575,ORTH,Nrbp1
HGNC:7957,GENE,NPY2R
ENSEMBL:ENSFCAG00000031083,ORTH,ENSEMBL:ENSFCAG00000031083
ENSEMBL:ENSFCAG00000042107,ORTH,ENSEMBL:ENSFCAG00000042107
FlyBase:FBgn0003557,ORTH,Su(dx)
ZP:0138131,DISO,"cardiac muscle process quality macroautophagy, abnormal"
MP:0020476,DISO,abnormal circardian behavior entrainment
ENSEMBL:ENSFCAG00000008968,ORTH,ENSEMBL:ENSFCAG00000008968
ENSEMBL:ENSSSCG00000013094,ORTH,DDB1
EFO:0008039,GENO,BMI-adjusted hip circumference
ENSEMBL:ENSBTAG00000012927,ORTH,ALDOA
MONARCH:APO_0000201APO_0000003,GENO,acid pH resistance:decreased
MGI:5052381,ORTH,Tg(HTT*/EGFP)150Nn [involves: C57BL/6 * DBA/2]
MP:0000569,DISO,abnormal digit pigmentation
HP:0100879,DISO,Enlarged ovaries
ENSEMBL:ENSOANG00000048360,ORTH,ENSEMBL:ENSOANG00000048360
RGD:1595868,ORTH,RT1-CE5
MGI:106499,ORTH,Ppih
FlyBase:FBgn0036514,ORTH,CG12301
RGD:628747,ORTH,Etfa
ENSEMBL:ENSOANG00000048406,ORTH,ENSEMBL:ENSOANG00000048406
ZP:0002921,DISO,"gut epithelium morphology, abnormal"
ENSEMBL:ENSACAG00000014389,ORTH,ENSEMBL:ENSACAG00000014389
ENSEMBL:ENSMMUG00000023636,ORTH,ENSEMBL:ENSMMUG00000023636
PomBase:SPAC688.11,GENO,end4
MP:0005630,DISO,increased lung weight
FlyBase:FBgn0028691,ORTH,Rpn9
ZP:0004375,DISO,"pharyngeal arch cartilage morphology, abnormal"
HP:0002091,DISO,Restrictive ventilatory defect
WormBase:WBGene00011145,ORTH,R08D7.5
WormBase:WBGene00007001,ORTH,tufm-2
EnsemblGenome:AT1G05890,ORTH,EnsemblGenome:AT1G05890
ENSEMBL:ENSPTRG00000046723,ORTH,ENSEMBL:ENSPTRG00000046723
WormBase:WBGene00009342,ORTH,fasn-1
ZFIN:ZDB-GENE-050410-9,ORTH,glb1
ENSEMBL:ENSSSCG00000002904,ORTH,HAUS5
ENSEMBL:ENSGALG00000004629,ORTH,RNF216
MP:0004364,DISO,thin stria vascularis
WBPhenotype:0002159,DISO,increased pathogen accumulation
ENSEMBL:ENSMMUG00000013669,ORTH,ENSEMBL:ENSMMUG00000013669
ENSEMBL:ENSFCAG00000011548,ORTH,ENSEMBL:ENSFCAG00000011548
MP:0010887,DISO,pale lung
Xenbase:XB-GENE-963757,ORTH,neurod1
MP:0008805,DISO,decreased circulating amylase level
RGD:621260,ORTH,Msn
HGNC:9284,GENE,PPP1R10
ENSEMBL:ENSACAG00000017072,ORTH,ENSEMBL:ENSACAG00000017072
FlyBase:FBgn0036496,ORTH,cocoon
ZP:0003848,DISO,"kidney morphology, abnormal"
MP:0011186,DISO,abnormal visceral endoderm morphology
ENSEMBL:ENSSSCG00000004761,ORTH,ZFYVE19
EnsemblGenome:AT1G33540,ORTH,EnsemblGenome:AT1G33540
ENSEMBL:ENSFCAG00000029809,ORTH,ENSEMBL:ENSFCAG00000029809
WBPhenotype:0002172,DISO,pathogen release variant
ENSEMBL:ENSECAG00000022718,ORTH,ENSEMBL:ENSECAG00000022718
MP:0004567,DISO,decreased myocardial fiber number
Coriell:GM05688,GENO,NIGMS-GM05688
MP:0000986,DISO,increased Merkel's receptor number
ENSEMBL:ENSMMUG00000022691,ORTH,ENSEMBL:ENSMMUG00000022691
dictyBase:DDB_G0286191,GENO,atg8
HP:0003326,DISO,Myalgia
ZP:0000906,DISO,"Meckel's cartilage aplastic, abnormal"
WBPhenotype:0000462,DISO,paraquat hypersensitive
WormBase:WBGene00000915,ORTH,hsp-90
MP:0020420,DISO,abnormal freezing behavior
MONARCH:APO_0000310APO_0000003,GENO,growth in exponential phase:decreased
MP:0000512,DISO,intestinal ulcer
ZP:0011626,DISO,"cell trunk apoptotic, abnormal"
ENSEMBL:ENSSSCG00000043124,ORTH,A0A5G2RBW7
MP:0020395,DISO,abnormal response to social novelty
ENSEMBL:ENSCAFG00000011993,ORTH,RNF31
ENSEMBL:ENSPTRG00000017675,ORTH,ENSEMBL:ENSPTRG00000017675
ENSEMBL:ENSACAG00000005642,ORTH,ENSEMBL:ENSACAG00000005642
ENSEMBL:ENSFCAG00000010085,ORTH,ENSEMBL:ENSFCAG00000010085
ENSEMBL:ENSPTRG00000015077,ORTH,ENSEMBL:ENSPTRG00000015077
MONARCH:APO_0000257APO_0000003,GENO,cell cycle progression through the G2/M phase transition:decreased
WBPhenotype:0001837,DISO,diet induced life span variant
MONARCH:APO_0000224APO_0000117,GENO,RNA accumulation:normal
dbSNP:rs55962025,GENO,rs55962025-?
MP:0011668,DISO,"double outlet right ventricle, Taussig bing type"
ZP:0138060,DISO,"startle response decreased magnitude, abnormal"
ENSEMBL:ENSECAG00000012677,ORTH,ENSEMBL:ENSECAG00000012677
ENSEMBL:ENSMODG00000010311,ORTH,ENSEMBL:ENSMODG00000010311
ENSEMBL:ENSMODG00000037355,ORTH,ENSEMBL:ENSMODG00000037355
HGNC:29943,GENE,TENM2
ENSEMBL:ENSECAG00000010532,ORTH,ENSEMBL:ENSECAG00000010532
MP:0004804,DISO,decreased susceptibility to autoimmune diabetes
ENSEMBL:ENSPTRG00000044125,ORTH,ENSEMBL:ENSPTRG00000044125
FlyBase:FBgn0043364,ORTH,cbt
MP:0020422,DISO,decreased freezing behavior
ZFIN:ZDB-GENE-030131-867,ORTH,atp2a2b
WBPhenotype:0002569,DISO,hypodermis development variant
ZP:0005773,DISO,"cell division rate, abnormal"
ENSEMBL:ENSMMUG00000030028,ORTH,ENSEMBL:ENSMMUG00000030028
ENSEMBL:ENSACAG00000006285,ORTH,ENSEMBL:ENSACAG00000006285
HGNC:9882,GENE,RASSF1
MP:0006205,DISO,embryonic lethality between implantation and somite formation
HGNC:11442,GENE,STX7
ZP:0006333,DISO,"photoreceptor cell differentiation disrupted, abnormal"
MGI:1913663,ORTH,Psmd6
MGI:1860511,ORTH,Heyl
WBPhenotype:0000576,DISO,organism physiology phenotype
ENSEMBL:ENSFCAG00000001517,ORTH,ENSEMBL:ENSFCAG00000001517
ENSEMBL:ENSSSCG00000012825,ORTH,ENSEMBL:ENSSSCG00000012825
MP:0000255,DISO,blood vessel congestion
ENSEMBL:ENSECAG00000009396,ORTH,ENSEMBL:ENSECAG00000009396
ZP:0001051,DISO,"pectoral fin decreased size, abnormal"
MGI:1276522,ORTH,H2-M10.1
MP:0009305,DISO,decreased retroperitoneal fat pad weight
HGNC:12468,GENE,UBC
RGD:1311626,ORTH,Ube2k
MP:0009642,DISO,abnormal blood homeostasis
WBPhenotype:0002118,DISO,population fitness phenotype
HP:0001798,DISO,Anonychia
ZP:0000343,DISO,"cell migration in diencephalon delayed, abnormal"
ENSEMBL:ENSMODG00000018750,ORTH,ENSEMBL:ENSMODG00000018750
ZP:0007118,DISO,"actin cytoskeleton somite disorganized, abnormal"
ENSEMBL:ENSBTAG00000000448,ORTH,ENSEMBL:ENSBTAG00000000448
ENSEMBL:ENSOANG00000048880,ORTH,ENSEMBL:ENSOANG00000048880
FBcv:0000425,DISO,increased cell death
WBPhenotype:0000425,DISO,antibody staining reduced
XPO:0133344,GENO,wholly ventralized embryo
ENSEMBL:ENSECAG00000006980,ORTH,ENSEMBL:ENSECAG00000006980
ZP:0020462,DISO,"neural crest cell pharyngeal arch spatial pattern, abnormal"
ENSEMBL:ENSACAG00000001021,ORTH,ENSEMBL:ENSACAG00000001021
HGNC:6916,GENE,MBD1
ENSEMBL:ENSACAG00000007859,ORTH,ENSEMBL:ENSACAG00000007859
FlyBase:FBgn0034058,ORTH,Pex11ab
HP:0004467,DISO,Preauricular pit
ZP:0004041,DISO,"whole organism malformed, abnormal"
HP:0002143,DISO,Abnormality of the spinal cord
ENSEMBL:ENSCAFG00000032609,ORTH,ENSEMBL:ENSCAFG00000032609
HGNC:9552,GENE,PSMC5
ENSEMBL:ENSGALG00000006197,ORTH,ENSEMBL:ENSGALG00000006197
FlyBase:FBgn0035540,ORTH,Syx17
PomBase:SPAC1F3.10c,GENO,oct1
HP:0006366,DISO,Adductor longus contractures
WBPhenotype:0001639,DISO,roaming reduced
ENSEMBL:ENSFCAG00000036122,ORTH,ENSEMBL:ENSFCAG00000036122
ENSEMBL:ENSECAG00000018445,ORTH,ENSEMBL:ENSECAG00000018445
WormBase:WBGene00002363,ORTH,let-92
MONARCH:APO_0000149APO_0000003,GENO,protein/peptide accumulation:decreased
ENSEMBL:ENSECAG00000032232,ORTH,ENSEMBL:ENSECAG00000032232
ZP:0011926,DISO,"nuclear pore retinal inner nuclear layer malformed, abnormal"
HGNC:13919,GENE,BAG6
MP:0011085,DISO,"postnatal lethality, complete penetrance"
RGD:1565602,ORTH,Kdm5b
ENSEMBL:ENSECAG00000019742,ORTH,ENSEMBL:ENSECAG00000019742
ZP:0019562,DISO,"maxilla decreased amount, abnormal"
MGI:107793,ORTH,Crmp1
HGNC:16716,GENE,DHX30
ENSEMBL:ENSCAFG00000002336,ORTH,E2RMZ3
ENSEMBL:ENSCAFG00000004769,ORTH,OPTN
MP:0004753,DISO,abnormal miniature excitatory postsynaptic currents
MP:0008626,DISO,increased circulating interleukin-5 level
ZP:0006404,DISO,"cranial cartilage decreased size, abnormal"
ZP:0000868,DISO,"convergent extension involved in gastrulation disrupted, abnormal"
ZFIN:ZDB-GENE-010130-1,ORTH,ctbp1
FlyBase:FBgn0038196,ORTH,CG9922
ENSEMBL:ENSFCAG00000000043,ORTH,ENSEMBL:ENSFCAG00000000043
MP:0001361,DISO,social withdrawal
MP:0010507,DISO,shortened RR interval
MP:0011368,DISO,increased kidney apoptosis
ZP:0008027,DISO,"atrium lacks parts or has fewer parts of type sarcomere cardiac muscle cell, abnormal"
Coriell:GM05030,GENO,NIGMS-GM05030
ENSEMBL:ENSPTRG00000044358,ORTH,ENSEMBL:ENSPTRG00000044358
ZP:0017653,DISO,"pronephric distal early tubule mislocalised posteriorly, abnormal"
MP:0008412,DISO,increased cellular sensitivity to oxidative stress
HGNC:3493,GENE,ETV4
ENSEMBL:ENSFCAG00000000444,ORTH,ENSEMBL:ENSFCAG00000000444
ENSEMBL:ENSCAFG00000008719,ORTH,ENSEMBL:ENSCAFG00000008719
SGD:S000006276,ORTH,NOT5
MP:0008127,DISO,decreased dendritic cell number
ENSEMBL:ENSECAG00000016155,ORTH,ENSEMBL:ENSECAG00000016155
ENSEMBL:ENSBTAG00000013641,ORTH,BAG3
PomBase:SPCC63.08c,GENO,atg1
MP:0013203,DISO,abnormal primary cilium morphology
SGD:S000001762,ORTH,DYN1
WormBase:WBGene00001225,ORTH,eif-3.B
MGI:1196256,ORTH,Kdm1a
ZFIN:ZDB-GENE-131231-1,ORTH,sp5b
MP:0011951,DISO,increased cardiac stroke volume
MP:0009763,DISO,increased sensitivity to induced morbidity/mortality
Coriell:GM05560,GENO,NIGMS-GM05560
ENSEMBL:ENSACAG00000016233,ORTH,ENSEMBL:ENSACAG00000016233
ENSEMBL:ENSECAG00000021637,ORTH,ENSEMBL:ENSECAG00000021637
MGI:95917,ORTH,H2-M5
HP:0005815,DISO,Supernumerary ribs
MP:0012083,DISO,absent foregut
ENSEMBL:ENSGALG00000033932,ORTH,ENSEMBL:ENSGALG00000033932
MP:0008483,DISO,increased spleen germinal center size
ENSEMBL:ENSPTRG00000021673,ORTH,ENSEMBL:ENSPTRG00000021673
PomBase:SPCC16C4.11,GENO,pef1
WormBase:WBGene00021943,ORTH,Y55F3BR.6
ENSEMBL:ENSRNOG00000022407,ORTH,F1M8C2
ZFIN:ZDB-GENE-030131-5547,ORTH,rbm25b
HP:0001254,DISO,Lethargy
HP:0000772,DISO,Abnormality of the ribs
MP:0020083,DISO,decreased hippocampus volume
ZP:0010100,DISO,"pharyngeal arch 1 disoriented, abnormal"
ZP:0004490,DISO,"intersegmental vessel absent, abnormal"
ZP:0003846,DISO,"kinocilium neuromast absent, abnormal"
HP:0001945,DISO,Fever
WormBase:WBGene00010684,ORTH,K08F9.1
EFO:0004614,GENO,apolipoprotein A 1 measurement
MGI:1920692,ORTH,Hspa12a
ENSEMBL:ENSXETG00000015735,ORTH,nfib
ZFIN:ZDB-GENE-090909-2,ORTH,aclyb
MP:0013392,DISO,Meibomian gland inflammation
ZP:0019801,DISO,"neuroectoderm increased distribution, abnormal"
HP:0000099,DISO,Glomerulonephritis
MONARCH:APO_0000062APO_0000117,GENO,colony shape:normal
ZP:0019044,DISO,"peripheral region retina morphology, abnormal"
ENSEMBL:ENSCAFG00000002451,ORTH,ZNF451
ENSEMBL:ENSGALG00000014408,ORTH,LLGL1
MP:0014171,DISO,increased fatty acid oxidation
ENSEMBL:ENSACAG00000000741,ORTH,ENSEMBL:ENSACAG00000000741
MP:0001438,DISO,aphagia
dbSNP:rs3889139,GENO,rs3889139-?
MGI:103016,ORTH,Ppp1ca
ZFIN:ZDB-GENE-001208-2,ORTH,psmb13a
HP:0000717,DISO,Autism
FBcv:0000396,DISO,abnormal eclosion rhythm
MONARCH:APO_0000204APO_0000003,GENO,hyperosmotic stress resistance:decreased
MP:0003887,DISO,increased hepatocyte apoptosis
ZP:0100106,DISO,"actin-based cell projection peridermal cell decreased length, abnormal"
MP:0005445,DISO,abnormal neurotransmitter secretion
WBPhenotype:0001936,DISO,resistant to protein aggregation induced paralysis
ZP:0100481,DISO,"lateral region shield absent, abnormal"
HP:0030688,DISO,Increased glucagon level
dictyBase:DDB_G0273439,GENO,ap2a1-1
Xenbase:XB-GENE-485185,ORTH,pabpc4
ZP:0101325,DISO,"posterior region whole organism decreased amount, abnormal"
MGI:5569528,ORTH,Tg(CMV-HTT*48Q)BTag
MP:0004859,DISO,abnormal synaptic plasticity
EnsemblGenome:AT1G59890,ORTH,EnsemblGenome:AT1G59890
ENSEMBL:ENSMMUG00000016544,ORTH,ENSEMBL:ENSMMUG00000016544
ZP:0101282,DISO,"defecation process quality, abnormal"
HP:0003234,DISO,Decreased plasma carnitine
ZP:0006389,DISO,"retinal outer nuclear layer absent, abnormal"
MP:0013391,DISO,abnormal Meibomian gland physiology
MONARCH:APO_0000089APO_0000003,GENO,budding index:decreased
ENSEMBL:ENSOANG00000012219,ORTH,ENSEMBL:ENSOANG00000012219
ENSEMBL:ENSBTAG00000006879,ORTH,ENSEMBL:ENSBTAG00000006879
FlyBase:FBgn0011817,ORTH,nmo
HP:0000407,DISO,Sensorineural hearing impairment
ENSEMBL:ENSSSCG00000005399,ORTH,ENSEMBL:ENSSSCG00000005399
MP:0005375,DISO,adipose tissue phenotype
ENSEMBL:ENSFCAG00000006914,ORTH,ENSEMBL:ENSFCAG00000006914
ZP:0019151,DISO,"eye photoreceptor cell has extra parts of type photoreceptor outer segment vesicle eye photoreceptor cell, abnormal"
ZP:0015031,DISO,"branchiostegal ray decreased amount, abnormal"
ENSEMBL:ENSOANG00000044768,ORTH,ENSEMBL:ENSOANG00000044768
HP:0001406,DISO,Intrahepatic cholestasis
MP:0003843,DISO,abnormal sagittal suture morphology
ZP:0007543,DISO,"pharyngeal arch hypoplastic, abnormal"
WBPhenotype:0001792,DISO,nuclei small
MP:0012114,DISO,absent inner cell mass proliferation
SGD:S000003016,ORTH,RPT6
ENSEMBL:ENSOANG00000004897,ORTH,ENSEMBL:ENSOANG00000004897
ZP:0011507,DISO,"optic tectum increased occurrence apoptotic process, abnormal"
MP:0011402,DISO,renal cast
ZP:0018232,DISO,"blood cell accumulation sinus venosus, abnormal"
ZFIN:ZDB-GENE-061215-15,ORTH,zgc:158640
HP:0100024,DISO,Conspicuously happy disposition
HP:0001660,DISO,Truncus arteriosus
HP:0000980,DISO,Pallor
ZP:0101896,DISO,"neuron projection facial nerve motor nucleus increased length, abnormal"
ENSEMBL:ENSPTRG00000044653,ORTH,ENSEMBL:ENSPTRG00000044653
MONARCH:APO_0000205APO_0000004,GENO,ionic stress resistance:increased
ENSEMBL:ENSFCAG00000013441,ORTH,ENSEMBL:ENSFCAG00000013441
Coriell:GM06447,GENO,NIGMS-GM06447
MP:0020913,DISO,increased susceptibility to Riboviria infection
ZFIN:ZDB-GENE-010328-15,ORTH,hip1
ENSEMBL:ENSSSCG00000013064,ORTH,EEF1G
HP:0009887,DISO,Abnormality of hair pigmentation
ZP:0001659,DISO,"heart morphogenesis process quality, abnormal"
EFO:0010092,GENO,bitter alcoholic beverage consumption measurement
HP:0100598,DISO,Pulmonary edema
WormBase:WBGene00007009,ORTH,wwp-1
MP:0011703,DISO,increased fibroblast proliferation
WormBase:WBGene00007529,ORTH,C11H1.3
WBPhenotype:0000420,DISO,levamisole hypersensitive
MGI:3032524,ORTH,Fam71f1
MP:0009341,DISO,decreased splenocyte apoptosis
HGNC:563,GENE,AP2B1
MP:0008660,DISO,increased interleukin-10 secretion
ZFIN:ZDB-GENE-130206-5,ORTH,mhc1zka
ZFIN:ZDB-GENE-040426-2763,ORTH,med21
Coriell:GM02080,GENO,NIGMS-GM02080
dictyBase:DDB_G0292120,GENO,cnrK
MGI:1927406,ORTH,Herpud1
RGD:1561019,ORTH,Gprasp2
WormBase:WBGene00010677,ORTH,gtbp-1
ENSEMBL:ENSSSCG00000014252,ORTH,PRRC1
ENSEMBL:ENSOANG00000004781,ORTH,ENSEMBL:ENSOANG00000004781
MP:0020949,DISO,increased susceptibility to Coronaviridae infection
HGNC:30892,GENE,HUWE1
MP:0005551,DISO,abnormal eye electrophysiology
ENSEMBL:ENSMMUG00000018719,ORTH,ENSEMBL:ENSMMUG00000018719
WBPhenotype:0000113,DISO,RNA expression variant
MP:0001052,DISO,abnormal innervation pattern to muscle
ENSEMBL:ENSFCAG00000010459,ORTH,ENSEMBL:ENSFCAG00000010459
HP:0004373,DISO,Focal dystonia
HGNC:5961,GENE,IKBKG
WBPhenotype:0001434,DISO,chemotaxis variant
ZP:0106391,DISO,"pterygoid process decreased size, abnormal"
ZP:0006723,DISO,"cranium morphology, abnormal"
HP:0000080,DISO,Abnormality of reproductive system physiology
MGI:1347070,ORTH,Psma7
ZP:0000177,DISO,"hindbrain development disrupted, abnormal"
HP:0100258,DISO,Preaxial polydactyly
MP:0004269,DISO,abnormal optic cup morphology
WormBase:WBGene00013415,ORTH,ilcr-1
MP:0008449,DISO,abnormal retinal cone cell outer segment morphology
ZFIN:ZDB-GENE-040426-2204,ORTH,sqstm1
ENSEMBL:ENSBTAG00000046468,ORTH,ENSEMBL:ENSBTAG00000046468
ENSEMBL:ENSCAFG00000003081,ORTH,PABPC4
XPO:0115385,GENO,abnormally posterioralized embryo
HP:0001638,DISO,Cardiomyopathy
WormBase:WBGene00000286,ORTH,cal-2
ENSEMBL:ENSPTRG00000000321,ORTH,ENSEMBL:ENSPTRG00000000321
HP:0000540,DISO,Hypermetropia
ZP:0000050,DISO,"optic tectum decreased size, abnormal"
HP:0007002,DISO,Motor axonal neuropathy
FlyBase:FBgn0025632,ORTH,CG4313
EFO:0010700,GENO,reticulocyte measurement
MP:0002745,DISO,abnormal atrioventricular valve morphology
ENSEMBL:ENSOANG00000046146,ORTH,ENSEMBL:ENSOANG00000046146
HP:0100018,DISO,Nuclear cataract
MONDO:0054573,DISO,Lopes-Maciel-Rodan syndrome
ZP:0010086,DISO,"regulation of brain-derived neurotrophic factor receptor signaling pathway disrupted, abnormal"
PomBase:SPBC354.12,GENO,gpd3
ENSEMBL:ENSSSCG00000004190,ORTH,STX7
HP:0003026,DISO,Short long bone
dbSNPIndividual:21047,GENO,46;XX.arr(1-22;X)x2 [GM04721]
ZP:0001276,DISO,"cell retina disorganized, abnormal"
MP:0006382,DISO,abnormal lung epithelium morphology
MP:0000781,DISO,decreased corpus callosum size
ZP:0013137,DISO,"cell division process quality, abnormal"
Xenbase:XB-GENE-956283,ORTH,atxn7
ENSEMBL:ENSSSCG00000011433,ORTH,WDR82
HP:0003302,DISO,Spondylolisthesis
Xenbase:XB-GENE-993118,ORTH,mtor
MP:0009832,DISO,abnormal sperm mitochondrial sheath morphology
ENSEMBL:ENSACAG00000016954,ORTH,ENSEMBL:ENSACAG00000016954
MP:0003310,DISO,reduced cochlear modiolus
ENSEMBL:ENSGALG00000015589,ORTH,MSH3
MONARCH:APO_0000199APO_0000003,GENO,chitin deposition:decreased
ENSEMBL:ENSMODG00000013164,ORTH,ENSEMBL:ENSMODG00000013164
ZFIN:ZDB-GENE-030131-9034,ORTH,rpl4
PomBase:SPCC1682.10,GENO,rpn8
MP:0013907,DISO,abnormal cerebrospinal fluid flow
HP:0007663,DISO,Reduced visual acuity
HGNC:37276,GENE,CRPPA
ENSEMBL:ENSMMUG00000010509,ORTH,ENSEMBL:ENSMMUG00000010509
ENSEMBL:ENSPTRG00000045880,ORTH,ENSEMBL:ENSPTRG00000045880
ZP:0019829,DISO,"cilium photoreceptor cell absent, abnormal"
WormBase:WBGene00015264,ORTH,B0563.7
MP:0003461,DISO,abnormal response to novel object
MP:0001157,DISO,small seminal vesicle
MGI:5635161,ORTH,Tg(HTT*)LXwy [involves: FVB/NJ]
FBcv:0000702,DISO,segment polarity phenotype
dictyBase:DDB_G0289665,GENO,gefQ
HGNC:9559,GENE,PSMD2
WormBase:WBGene00000369,ORTH,ccf-1
ZP:0000217,DISO,"liver development disrupted, abnormal"
HP:0010844,DISO,EEG with multifocal slow activity
MONARCH:APO_0000033APO_0000003,GENO,cell fusion:decreased
MP:0013307,DISO,increased adrenal gland weight
ZP:0000396,DISO,"nucleate erythrocyte decreased amount, abnormal"
ENSEMBL:ENSFCAG00000045412,ORTH,ENSEMBL:ENSFCAG00000045412
HGNC:30292,GENE,G3BP1
HGNC:11343,GENE,ST13
MGI:2429756,ORTH,Tg(YAC72)2511Hay
FlyBase:FBgn0026404,ORTH,Dronc
dictyBase:DDB_G0269458,GENO,ubqJ
HP:0000773,DISO,Short ribs
ZP:0001519,DISO,"skeletal muscle cell broken, abnormal"
HGNC:7219,GENE,MPP1
WBPhenotype:0000290,DISO,sperm absent
ENSEMBL:ENSCAFG00000001976,ORTH,ENSEMBL:ENSCAFG00000001976
ENSEMBL:ENSMODG00000045549,ORTH,ENSEMBL:ENSMODG00000045549
ZP:0002183,DISO,"axonogenesis disrupted, abnormal"
WBPhenotype:0001048,DISO,odorant chemosensory response variant
MGI:5700345,ORTH,Tg(Plp1-HTT*150Q)4aXjl [Not Specified]
ZP:0000324,DISO,"whole organism decreased size, abnormal"
WBPhenotype:0001497,DISO,mitotic metaphase to anaphase transition defect
Xenbase:XB-GENE-997434,ORTH,ubac1
MP:0005288,DISO,abnormal oxygen consumption
FlyBase:FBgn0264922,ORTH,smt3
ZP:0103458,DISO,"cleavage furrow cell decreased amount, abnormal"
ENSEMBL:ENSPTRG00000028721,ORTH,ENSEMBL:ENSPTRG00000028721
ENSEMBL:ENSGALG00000017248,ORTH,ENSEMBL:ENSGALG00000017248
RGD:1588606,ORTH,Cad
WormBase:WBGene00004808,ORTH,skr-2
MP:0002809,DISO,increased spinal cord size
ZP:0011676,DISO,"interhyoideus decreased thickness, abnormal"
MP:0008194,DISO,abnormal memory B cell physiology
MP:0000603,DISO,pale liver
ENSEMBL:ENSOANG00000009712,ORTH,ENSEMBL:ENSOANG00000009712
MP:0001730,DISO,embryonic growth arrest
ENSEMBL:ENSECAG00000010011,ORTH,ENSEMBL:ENSECAG00000010011
FlyBase:FBgn0264325,ORTH,Atg6
WormBase:WBGene00003774,ORTH,nmr-1
ZP:0019051,DISO,"ciliary marginal zone increased occurrence apoptotic process, abnormal"
ENSEMBL:ENSMODG00000011727,ORTH,ENSEMBL:ENSMODG00000011727
MP:0013878,DISO,abnormal ductus venosus valve topology
WBPhenotype:0001175,DISO,high incidence male progeny
OMIM:613004.0005,DISO,"HTT, PHE2719LEU"
WormBase:WBGene00017969,ORTH,ctsa-3.1
ZFIN:ZDB-GENE-031113-4,ORTH,mpp1
ENSEMBL:ENSMMUG00000037513,ORTH,ENSEMBL:ENSMMUG00000037513
MP:0001246,DISO,mixed cellular infiltration to dermis
ENSEMBL:ENSSSCG00000001347,ORTH,ENSEMBL:ENSSSCG00000001347
ZFIN:ZDB-GENE-040426-2190,ORTH,amfra
HGNC:1856,GENE,CENPE
ENSEMBL:ENSBTAG00000014388,ORTH,ENSEMBL:ENSBTAG00000014388
HGNC:30300,GENE,WDR61
ENSEMBL:ENSPTRG00000013658,ORTH,ENSEMBL:ENSPTRG00000013658
HP:0003089,DISO,Hamstring contractures
ENSEMBL:ENSECAG00000007258,ORTH,ENSEMBL:ENSECAG00000007258
MGI:1914259,ORTH,Ttc23
ZFIN:ZDB-GENE-031001-3,ORTH,hsp90aa1.2
MONARCH:APO_0000047APO_0000003,GENO,transposable element transposition:decreased
MP:0001447,DISO,abnormal nest building behavior
MGI:96250,ORTH,Hsp90aa1
MP:0009219,DISO,increased prostate intraepithelial neoplasia incidence
ENSEMBL:ENSCAFG00000009691,ORTH,AP2A2
EnsemblGenome:BAA15728,ORTH,EnsemblGenome:BAA15728
ENSEMBL:ENSSSCG00000017018,ORTH,TENM2
HP:0040171,DISO,Decreased serum testosterone concentration
dictyBase:DDB_G0289511,GENO,act28
ENSEMBL:ENSOANG00000006501,ORTH,ENSEMBL:ENSOANG00000006501
WBPhenotype:0001854,DISO,benomyl response variant
ENSEMBL:ENSFCAG00000024620,ORTH,ENSEMBL:ENSFCAG00000024620
FlyBase:FBgn0025631,ORTH,moody
dictyBase:DDB_G0279193,GENO,polr2a
Xenbase:XB-GENE-1014668,ORTH,ctsa
WBPhenotype:0000496,DISO,male postdeirid sensilla absent
ENSEMBL:ENSMODG00000003337,ORTH,ENSEMBL:ENSMODG00000003337
ZFIN:ZDB-GENE-040426-2848,ORTH,hk1
Xenbase:XB-GENE-1001916,ORTH,ago2
ZFIN:ZDB-GENE-030131-5201,ORTH,haus2
ZP:0004124,DISO,"exocrine pancreas degenerate, abnormal"
ENSEMBL:ENSCAFG00000030532,ORTH,OR10A5D
ENSEMBL:ENSPTRG00000021055,ORTH,ENSEMBL:ENSPTRG00000021055
MP:0004029,DISO,spontaneous chromosome breakage
MONARCH:APO_0000100APO_0000245,GENO,nutrient uptake:decreased rate
MP:0009797,DISO,abnormal mismatch repair
ENSEMBL:ENSMODG00000015570,ORTH,ENSEMBL:ENSMODG00000015570
MONARCH:APO_0000143APO_0000003,GENO,chromosome/plasmid maintenance:decreased
ENSEMBL:ENSMMUG00000002523,ORTH,ENSEMBL:ENSMMUG00000002523
HP:0040176,DISO,Abnormal circulating phospholipid concentration
ENSEMBL:ENSACAG00000002999,ORTH,ENSEMBL:ENSACAG00000002999
ENSEMBL:ENSFCAG00000044472,ORTH,ENSEMBL:ENSFCAG00000044472
ENSEMBL:ENSBTAG00000046998,ORTH,G3MZL7
ENSEMBL:ENSBTAG00000011922,ORTH,PLEC
ENSEMBL:ENSFCAG00000004533,ORTH,ENSEMBL:ENSFCAG00000004533
MP:0000458,DISO,abnormal mandible morphology
ENSEMBL:ENSACAG00000010161,ORTH,ENSEMBL:ENSACAG00000010161
ENSEMBL:ENSFCAG00000029885,ORTH,ENSEMBL:ENSFCAG00000029885
MP:0002264,DISO,abnormal bronchus morphology
MP:0001353,DISO,increased aggression towards mice
MGI:1861457,ORTH,Dynll1
ZP:0003832,DISO,"intersegmental vessel dilated, abnormal"
MP:0003959,DISO,abnormal lean body mass
ENSEMBL:ENSGALG00000028749,ORTH,ENSEMBL:ENSGALG00000028749
MP:0004102,DISO,abnormal dorsal striatum morphology
ENSEMBL:ENSOANG00000043915,ORTH,ENSEMBL:ENSOANG00000043915
MGI:1919083,ORTH,Dcaf7
ENSEMBL:ENSACAG00000014413,ORTH,ENSEMBL:ENSACAG00000014413
ENSEMBL:ENSGALG00000052686,ORTH,MHCIA6
ZP:0001377,DISO,"cyclin-dependent protein serine/threonine kinase activity decreased occurrence, abnormal"
ZFIN:ZDB-GENE-040801-98,ORTH,morc3b
ZFIN:ZDB-GENE-111115-4,ORTH,npy2rl
ENSEMBL:ENSSSCG00000012521,ORTH,ENSEMBL:ENSSSCG00000012521
MP:0009455,DISO,enhanced cued conditioning behavior
ZFIN:ZDB-GENE-140820-8,ORTH,mhc1lga
HP:0002383,DISO,Encephalitis
FBcv:0002027,DISO,lethal - all die before end of pupal stage
Coriell:GM04200,GENO,NIGMS-GM04200
SGD:S000000137,ORTH,PRE7
MGI:2152346,ORTH,Taf4
ENSEMBL:ENSGALG00000007308,ORTH,ENSEMBL:ENSGALG00000007308
EFO:0004541,GENO,HbA1c measurement
EnsemblGenome:AT2G17260,ORTH,EnsemblGenome:AT2G17260
MP:0002276,DISO,abnormal lung interstitium morphology
HGNC:8853,GENE,PEX11B
ENSEMBL:ENSGALG00000013962,ORTH,HBS1L
MONARCH:APO_0000109APO_0000004,GENO,survival rate in stationary phase:increased
FBcv:0000665,DISO,abnormal body size
ZP:0011941,DISO,"hypothalamus has extra parts of type posterior side dopaminergic neuron, abnormal"
ENSEMBL:ENSCAFG00000046942,ORTH,A0A5F4D7S4
WormBase:WBGene00006731,ORTH,uev-2
FlyBase:FBgn0024814,ORTH,Clc
EFO:0007985,GENO,platelet crit
ENSEMBL:ENSBTAG00000015591,ORTH,SQSTM1
GO:0005522,PHYS,profilin binding
WBPhenotype:0001672,DISO,commisure growth variant
HP:0005537,DISO,Decreased mean platelet volume
ENSEMBL:ENSSSCG00000009904,ORTH,ENSEMBL:ENSSSCG00000009904
ZP:0008450,DISO,"neuromast hair cell cellular quality, abnormal"
MONARCH:APO_0000105APO_0000002,GENO,mitochondrial genome maintenance:abnormal
HGNC:939,GENE,BAG3
HGNC:15476,GENE,DYNLL1
MP:0009764,DISO,decreased sensitivity to induced morbidity/mortality
Xenbase:XB-GENE-990139,ORTH,ninl
MGI:1349764,ORTH,Dpysl4
ENSEMBL:ENSECAG00000030028,ORTH,ENSEMBL:ENSECAG00000030028
MP:0000392,DISO,accelerated hair follicle regression
Coriell:GM05530,GENO,NIGMS-GM05530
HP:0040218,DISO,Reduced natural killer cell count
HP:0006485,DISO,Agenesis of incisor
ENSEMBL:ENSMODG00000015810,ORTH,ENSEMBL:ENSMODG00000015810
MP:0000607,DISO,abnormal hepatocyte morphology
ENSEMBL:ENSECAG00000024454,ORTH,ENSEMBL:ENSECAG00000024454
ENSEMBL:ENSSSCG00000013332,ORTH,ENSEMBL:ENSSSCG00000013332
ENSEMBL:ENSECAG00000019014,ORTH,ENSEMBL:ENSECAG00000019014
ENSEMBL:ENSFCAG00000007793,ORTH,ENSEMBL:ENSFCAG00000007793
HGNC:391,GENE,AKT1
ZP:0017652,DISO,"pronephric proximal straight tubule mislocalised posteriorly, abnormal"
ZP:0000588,DISO,"central artery decreased length, abnormal"
ENSEMBL:ENSMODG00000013156,ORTH,ENSEMBL:ENSMODG00000013156
WBPhenotype:0001748,DISO,pharynx unattached
FBcv:0000450,DISO,abnormal developmental rate
WBPhenotype:0000035,DISO,larval body morphology variant
MP:0005620,DISO,abnormal muscle contractility
ZFIN:ZDB-GENE-030909-2,ORTH,add1
WBPhenotype:0001864,DISO,protein transport variant
HP:0005133,DISO,Right ventricular dilatation
FlyBase:FBgn0032516,ORTH,Ing5
WormBase:WBGene00016311,ORTH,efr-3
ENSEMBL:ENSCAFG00000010674,ORTH,EIF3I
MONARCH:APO_0000326APO_0000004,GENO,desiccation resistance:increased
MP:0020338,DISO,abnormal hippocampal pyramidal neuron dendrite morphology
MP:0010602,DISO,abnormal pulmonary valve cusp morphology
ENSEMBL:ENSGALG00000014703,ORTH,PRRC1
ENSEMBL:ENSOANG00000007213,ORTH,ENSEMBL:ENSOANG00000007213
MP:0002584,DISO,small ectoplacental cone
ENSEMBL:ENSECAG00000037704,ORTH,ENSEMBL:ENSECAG00000037704
ZP:0011581,DISO,"post-vent vasculature malformed, abnormal"
HP:0001098,DISO,Abnormal fundus morphology
MP:0001302,DISO,eyelids open at birth
dictyBase:DDB_G0269244,GENO,atg6A
Coriell:GM04831,GENO,NIGMS-GM04831
ZFIN:ZDB-GENE-030115-1,ORTH,gapdh
MONARCH:APO_0000110APO_0000117,GENO,competitive fitness:normal
FBcv:0000404,DISO,abnormal smell perception
ZFIN:ZDB-GENE-140820-5,ORTH,mhc1lda
WormBase:WBGene00000123,ORTH,ama-1
MP:0008892,DISO,abnormal sperm flagellum morphology
dictyBase:DDB_G0286013,GENO,repE
RGD:1594532,ORTH,Psmd14
ENSEMBL:ENSMODG00000009386,ORTH,ENSEMBL:ENSMODG00000009386
ZP:0000381,DISO,"parapineal organ position, abnormal"
ENSEMBL:ENSECAG00000005884,ORTH,ENSEMBL:ENSECAG00000005884
FlyBase:FBgn0033089,ORTH,CG17266
MGI:3613525,ORTH,Tg(YAC128)53Hay [FVB/N-Tg(YAC128)53Hay]
ENSEMBL:ENSSSCG00000029160,ORTH,ENSEMBL:ENSSSCG00000029160
RGD:1308949,ORTH,Ptdss1
HP:0001093,DISO,Optic nerve dysplasia
ENSEMBL:ENSBTAG00000046936,ORTH,ENSEMBL:ENSBTAG00000046936
MP:0001674,DISO,abnormal germ layer development
MP:0003119,DISO,abnormal digestive system development
HGNC:971,GENE,BCAR1
MP:0003085,DISO,abnormal egg cylinder morphology
MGI:1917946,ORTH,Magea9
ENSEMBL:ENSMODG00000011795,ORTH,ENSEMBL:ENSMODG00000011795
MP:0009746,DISO,enhanced behavioral response to xenobiotic
ENSEMBL:ENSMMUG00000001645,ORTH,ENSEMBL:ENSMMUG00000001645
ENSEMBL:ENSMMUG00000060287,ORTH,ENSEMBL:ENSMMUG00000060287
HP:0011018,DISO,Abnormality of the cell cycle
ZP:0130752,DISO,"cardiac ventricle increased occurrence cell population proliferation, abnormal"
ZP:0004526,DISO,"cardiac muscle cell shape, abnormal"
ZP:0003853,DISO,"grey matter morphology, abnormal"
ZFIN:ZDB-GENE-040426-2845,ORTH,cnot8
Xenbase:XB-GENE-6257521,ORTH,polr2a
ENSEMBL:ENSSSCG00000017343,ORTH,ENSEMBL:ENSSSCG00000017343
ENSEMBL:ENSFCAG00000025607,ORTH,ENSEMBL:ENSFCAG00000025607
HP:0003194,DISO,Short nasal bridge
ENSEMBL:ENSMODG00000004179,ORTH,ENSEMBL:ENSMODG00000004179
MONARCH:APO_0000302APO_0000002,GENO,vesicle distribution:abnormal
MP:0002102,DISO,abnormal ear morphology
ZFIN:ZDB-GENE-040426-2953,ORTH,ipo9
ENSEMBL:ENSECAG00000032988,ORTH,ENSEMBL:ENSECAG00000032988
MP:0008706,DISO,decreased interleukin-6 secretion
ZP:0005093,DISO,"regulation of cell cycle arrest disrupted, abnormal"
WBPhenotype:0000458,DISO,starvation resistant
NCBIGene:101731867,GENE,dusp10
HP:0001558,DISO,Decreased fetal movement
MP:0012106,DISO,impaired exercise endurance
ENSEMBL:ENSCAFG00000019605,ORTH,ENSEMBL:ENSCAFG00000019605
ENSEMBL:ENSSSCG00000005641,ORTH,DNM1
FlyBase:FBgn0030694,ORTH,CG15602
HGNC:31326,GENE,ATXN2L
ENSEMBL:ENSMMUG00000009151,ORTH,ENSEMBL:ENSMMUG00000009151
ZP:0000659,DISO,"skeletal muscle tissue development disrupted, abnormal"
HP:0012639,DISO,Abnormal nervous system morphology
ZP:0000539,DISO,"cardiac muscle cell atrial myocardium decreased mass density, abnormal"
MP:0008495,DISO,decreased IgG1 level
WBPhenotype:0000103,DISO,gut granule development variant
ZP:0000117,DISO,"head hypoplastic, abnormal"
PomBase:SPBC36B7.07,GENO,tlg1
HP:0030341,DISO,Decreased circulating follicle stimulating hormone concentration
MP:0000447,DISO,flattened snout
HP:0001249,DISO,Intellectual disability
MP:0009541,DISO,increased thymocyte apoptosis
ZP:0019803,DISO,"angioblastic mesenchymal cell increased amount, abnormal"
RGD:2275,ORTH,Casp3
MP:0004200,DISO,decreased fetal size
ENSEMBL:ENSFCAG00000040141,ORTH,ENSEMBL:ENSFCAG00000040141
ENSEMBL:ENSSSCG00000010144,ORTH,ACTN2
ENSEMBL:ENSFCAG00000008616,ORTH,ENSEMBL:ENSFCAG00000008616
FlyBase:FBgn0262739,ORTH,AGO1
ENSEMBL:ENSCAFG00000017134,ORTH,ENSEMBL:ENSCAFG00000017134
ZP:0001631,DISO,"notochord decreased length, abnormal"
ZP:0020331,DISO,"optic tectum increased process quality mitotic cell cycle, abnormal"
ENSEMBL:ENSGALG00000007528,ORTH,TCERG1
ENSEMBL:ENSCAFG00000032180,ORTH,NME4
MP:0010771,DISO,integument phenotype
MP:0008884,DISO,abnormal enterocyte apoptosis
HP:0001036,DISO,Parakeratosis
HGNC:2345,GENE,CREB1
ENSEMBL:ENSSSCG00000015892,ORTH,ENSEMBL:ENSSSCG00000015892
dictyBase:DDB_G0276913,GENO,DDB0168332
WormBase:WBGene00004810,ORTH,skr-4
ZFIN:ZDB-GENE-030131-9112,ORTH,nbr1a
ENSEMBL:ENSSSCG00000016272,ORTH,ENSEMBL:ENSSSCG00000016272
HP:0004944,DISO,Dilatation of the cerebral artery
WBPhenotype:0002390,DISO,variable cell division timing
RGD:1305015,ORTH,Pabpc4
EnsemblGenome:AT1G10450,ORTH,EnsemblGenome:AT1G10450
MP:0003908,DISO,decreased stereotypic behavior
ENSEMBL:ENSECAG00000007301,ORTH,ENSEMBL:ENSECAG00000007301
RGD:1595816,ORTH,RT1-M5
ZP:0020466,DISO,"cranium necrotic, abnormal"
ENSEMBL:ENSGALG00000006474,ORTH,ENSEMBL:ENSGALG00000006474
ENSEMBL:ENSECAG00000013136,ORTH,ENSEMBL:ENSECAG00000013136
MP:0008170,DISO,decreased B-1b cell number
MP:0009289,DISO,decreased epididymal fat pad weight
MP:0031121,DISO,increased susceptibility to induced thrombosis
ZP:0000730,DISO,"ventricular system decreased size, abnormal"
WBPhenotype:0002210,DISO,extra rays
MGI:3851447,ORTH,Tg(tetO-HTT*94Q/-lacZ)1Rhn [involves: C57BL/6 * CBA]
MP:0008664,DISO,decreased interleukin-12 secretion
ENSEMBL:ENSECAG00000024299,ORTH,ENSEMBL:ENSECAG00000024299
MP:0004856,DISO,decreased ovary weight
MP:0008078,DISO,"increased CD8-positive, alpha-beta T cell number"
ENSEMBL:ENSGALG00000006462,ORTH,ENSEMBL:ENSGALG00000006462
ENSEMBL:ENSBTAG00000024605,ORTH,ENSEMBL:ENSBTAG00000024605
ZP:0008113,DISO,"eye agenesis, abnormal"
ZP:0015844,DISO,"response to chemical process quality, abnormal"
ENSEMBL:ENSBTAG00000002564,ORTH,ENSEMBL:ENSBTAG00000002564
ENSEMBL:ENSRNOG00000053118,ORTH,ENSEMBL:ENSRNOG00000053118
WormBase:WBGene00000815,ORTH,csn-3
EnsemblGenome:AT4G09320,ORTH,EnsemblGenome:AT4G09320
HP:0008734,DISO,Decreased testicular size
MP:0001633,DISO,poor circulation
ZP:0019985,DISO,"whole organism has extra parts of type neural tube, abnormal"
MP:0008803,DISO,abnormal placental labyrinth vasculature morphology
dictyBase:DDB_G0271282,GENO,csn7
Xenbase:XB-GENE-486199,ORTH,pias4
ZP:0008618,DISO,"retinal photoreceptor layer poorly differentiated, abnormal"
ENSEMBL:ENSCAFG00000006504,ORTH,UPF3A
ENSEMBL:ENSGALG00000023847,ORTH,ENSEMBL:ENSGALG00000023847
HP:0000068,DISO,Urethral atresia
MONARCH:APO_0000085APO_0000117,GENO,UV resistance:normal
HP:0000137,DISO,Abnormality of the ovary
ENSEMBL:ENSFCAG00000030174,ORTH,ENSEMBL:ENSFCAG00000030174
RGD:1583592,ORTH,Zmat2
ZP:0003854,DISO,"axon sensory neuron disorganized, abnormal"
MP:0005023,DISO,abnormal wound healing
ZP:0017665,DISO,"blood plasma heart fatty, abnormal"
ENSEMBL:ENSACAG00000009452,ORTH,ENSEMBL:ENSACAG00000009452
ZP:0137423,DISO,"blastoderm increased amount, abnormal"
ZP:0006066,DISO,"intersegmental artery increased branchiness, abnormal"
ENSEMBL:ENSOANG00000004989,ORTH,ENSEMBL:ENSOANG00000004989
ENSEMBL:ENSMMUG00000012054,ORTH,ENSEMBL:ENSMMUG00000012054
ZP:0005495,DISO,"atrium decreased contractility, abnormal"
HP:0006958,DISO,Abnormal auditory evoked potentials
RGD:3706,ORTH,Slc2a3
MGI:1926143,ORTH,Cnot10
ENSEMBL:ENSMMUG00000019529,ORTH,ENSEMBL:ENSMMUG00000019529
ENSEMBL:ENSMODG00000025192,ORTH,ENSEMBL:ENSMODG00000025192
ENSEMBL:ENSSSCG00000010686,ORTH,BAG3
RGD:1305531,ORTH,Hspa12a
FlyBase:FBgn0038659,ORTH,EndoA
MONARCH:APO_0000052APO_0000004,GENO,cell size:increased
ENSEMBL:ENSCAFG00000001139,ORTH,ENSEMBL:ENSCAFG00000001139
ENSEMBL:ENSECAG00000004470,ORTH,ENSEMBL:ENSECAG00000004470
FlyBase:FBgn0015790,ORTH,Rab11
MONARCH:APO_0000310APO_0000245,GENO,growth in exponential phase:decreased rate
WBPhenotype:0000128,DISO,temperature induced dauer formation increased
dictyBase:DDB_G0273433,GENO,DDB_G0273433
WBPhenotype:0001913,DISO,excess coelomocytes
WBPhenotype:0000692,DISO,male sterile
ZP:0002182,DISO,"sprouting angiogenesis decreased process quality, abnormal"
HP:0006739,DISO,Squamous cell carcinoma of the skin
ZP:0000571,DISO,"liver quality, abnormal"
ZP:0018113,DISO,"enteric neuron posterior intestine absent, abnormal"
HP:0000430,DISO,Underdeveloped nasal alae
dictyBase:DDB_G0267916,GENO,mtmr15
ENSEMBL:ENSPTRG00000030043,ORTH,ENSEMBL:ENSPTRG00000030043
HP:0000179,DISO,Thick lower lip vermilion
ZP:0019154,DISO,"eye photoreceptor cell vacuolated, abnormal"
MGI:1917606,ORTH,St13
ENSEMBL:ENSFCAG00000008393,ORTH,ENSEMBL:ENSFCAG00000008393
MP:0001077,DISO,abnormal spinal nerve morphology
ENSEMBL:ENSFCAG00000003249,ORTH,ENSEMBL:ENSFCAG00000003249
WormBase:WBGene00043067,ORTH,dlc-5
WBPhenotype:0000642,DISO,hyperactive
ENSEMBL:ENSOANG00000010366,ORTH,ENSEMBL:ENSOANG00000010366
ZP:0002276,DISO,"mandibular arch skeleton increased thickness, abnormal"
MP:0012279,DISO,wide sternum
ENSEMBL:ENSCAFG00000031407,ORTH,ENSEMBL:ENSCAFG00000031407
ENSEMBL:ENSMMUG00000009426,ORTH,ENSEMBL:ENSMMUG00000009426
ENSEMBL:ENSBTAG00000021691,ORTH,ENSEMBL:ENSBTAG00000021691
ENSEMBL:ENSOANG00000012164,ORTH,ENSEMBL:ENSOANG00000012164
HP:0002013,DISO,Vomiting
ENSEMBL:ENSMODG00000021359,ORTH,ENSEMBL:ENSMODG00000021359
ENSEMBL:ENSMMUG00000056934,ORTH,ENSEMBL:ENSMMUG00000056934
EFO:0008378,GENO,mosquito bite reaction size measurement
ENSEMBL:ENSBTAG00000044181,ORTH,ENSEMBL:ENSBTAG00000044181
ZFIN:ZDB-GENE-030131-3654,ORTH,sp8b
ENSEMBL:ENSGALG00000001013,ORTH,PPP6C
HP:0002619,DISO,Varicose veins
ZP:0022916,DISO,"response to heat process quality, abnormal"
HP:0007162,DISO,Diffuse demyelination of the cerebral white matter
HP:0000505,DISO,Visual impairment
ENSEMBL:ENSGALG00000011272,ORTH,ENSEMBL:ENSGALG00000011272
ENSEMBL:ENSOANG00000005852,ORTH,ENSEMBL:ENSOANG00000005852
HP:0010791,DISO,Hyperplasia of the Leydig cells
MP:0030324,DISO,abnormal anterior head development
MGI:1923097,ORTH,Crppa
ENSEMBL:ENSCAFG00000017823,ORTH,A0A5F4D0Q5
ENSEMBL:ENSMMUG00000014887,ORTH,ENSEMBL:ENSMMUG00000014887
ZP:0021740,DISO,"muscle decreased amount, abnormal"
WBPhenotype:0000297,DISO,rays fused
EFO:0006903,GENO,hepatocyte growth factor measurement
PomBase:SPAC22A12.16,GENO,acl2
MP:0009395,DISO,increased nucleated erythrocyte cell number
ENSEMBL:ENSFCAG00000043477,ORTH,ENSEMBL:ENSFCAG00000043477
ENSEMBL:ENSOANG00000003765,ORTH,ENSEMBL:ENSOANG00000003765
WBPhenotype:0000061,DISO,extended life span
MP:0001539,DISO,decreased caudal vertebrae number
WBPhenotype:0000979,DISO,spermatheca dilation defective
ENSEMBL:ENSCAFG00000012509,ORTH,TAF4
HP:0000175,DISO,Cleft palate
ENSEMBL:ENSECAG00000015965,ORTH,ENSEMBL:ENSECAG00000015965
WormBase:WBGene00001230,ORTH,eif-3.G
FlyBase:FBgn0031975,ORTH,Tg
ENSEMBL:ENSECAG00000024368,ORTH,ENSEMBL:ENSECAG00000024368
Coriell:GM04867,GENO,NIGMS-GM04867
dictyBase:DDB_G0280565,GENO,dictyBase:DDB_G0280565
RGD:708404,ORTH,Rbck1
WBPhenotype:0000083,DISO,L3 arrest
dictyBase:DDB_G0281229,GENO,DDB0220676
SGD:S000003472,ORTH,PFK1
WormBase:WBGene00004807,ORTH,skr-1
ENSEMBL:ENSMMUG00000014853,ORTH,ENSEMBL:ENSMMUG00000014853
ZP:0000826,DISO,"cardiac muscle cell atrium increased amount, abnormal"
HGNC:561,GENE,AP2A1
HP:0003323,DISO,Progressive muscle weakness
FBcv:0000418,DISO,flightless
ENSEMBL:ENSFCAG00000018666,ORTH,ENSEMBL:ENSFCAG00000018666
ZFIN:ZDB-GENE-040426-2299,ORTH,aldoab
RGD:621165,ORTH,Mk1
ENSEMBL:ENSMODG00000010149,ORTH,ENSEMBL:ENSMODG00000010149
ZP:0007161,DISO,"neural crest cell mislocalised, abnormal"
ENSEMBL:ENSPTRG00000051839,ORTH,ENSEMBL:ENSPTRG00000051839
Coriell:GM04219,GENO,NIGMS-GM04219
ENSEMBL:ENSCAFG00000017255,ORTH,ENSEMBL:ENSCAFG00000017255
ENSEMBL:ENSACAG00000004618,ORTH,ENSEMBL:ENSACAG00000004618
HP:0007182,DISO,Peripheral hypomyelination
MP:0000334,DISO,decreased granulocyte number
WormBase:WBGene00010622,ORTH,K07A12.4
ENSEMBL:ENSOANG00000000244,ORTH,ENSEMBL:ENSOANG00000000244
ZP:0008029,DISO,"ventricular myocardium decreased size, abnormal"
MP:0006097,DISO,abnormal cerebellar lobule formation
ENSEMBL:ENSECAG00000016700,ORTH,ENSEMBL:ENSECAG00000016700
FlyBase:FBgn0263006,ORTH,SERCA
dbSNP:rs11197481,GENO,rs11197481-G
ZP:0000357,DISO,"eye aplastic, abnormal"
dictyBase:DDB_G0295845,GENO,DDB_G0295845
WormBase:WBGene00017641,ORTH,csr-1
HGNC:4775,GENE,H3C10
HGNC:2092,GENE,CLTC
HP:0001507,DISO,Growth abnormality
ENSEMBL:ENSPTRG00000046598,ORTH,ENSEMBL:ENSPTRG00000046598
MP:0008911,DISO,induced hyperactivity
ZP:0010452,DISO,"myofibril skeletal muscle cell decreased amount, abnormal"
RGD:1307843,ORTH,Pias1
SGD:S000000313,ORTH,CMD1
ENSEMBL:ENSMODG00000016589,ORTH,ENSEMBL:ENSMODG00000016589
MP:0002135,DISO,abnormal kidney morphology
dictyBase:DDB_G0269252,GENO,gefE
MONARCH:APO_0000333APO_0000003,GENO,acquired thermotolerance:decreased
ENSEMBL:ENSACAG00000000102,ORTH,ENSEMBL:ENSACAG00000000102
RGD:1308596,ORTH,Kif23
MP:0008891,DISO,decreased hepatocyte apoptosis
HP:0003307,DISO,Hyperlordosis
MP:0001529,DISO,abnormal vocalization
ZP:0018480,DISO,"neuronal cell body motor neuron mislocalised, abnormal"
HGNC:129,GENE,ACTA1
WBPhenotype:0000859,DISO,excretory socket cell development variant
ENSEMBL:ENSACAG00000012314,ORTH,ENSEMBL:ENSACAG00000012314
ENSEMBL:ENSECAG00000036217,ORTH,ENSEMBL:ENSECAG00000036217
WBPhenotype:0000037,DISO,egg morphology variant
FBcv:0000438,DISO,electrophoretic variant
ENSEMBL:ENSRNOG00000028958,ORTH,A0A0G2K8S2
FlyBase:FBgn0003139,ORTH,PpV
ZP:0006182,DISO,"trunk musculature refractivity, abnormal"
HP:0025514,DISO,Morning glory anomaly
ZP:0130873,DISO,"axon spinal cord truncated, abnormal"
ENSEMBL:ENSCAFG00000017995,ORTH,J9P5N8
ENSEMBL:ENSPTRG00000047275,ORTH,ENSEMBL:ENSPTRG00000047275
MP:0004418,DISO,small parietal bone
HP:0002521,DISO,Hypsarrhythmia
MP:0002596,DISO,abnormal hematocrit
ENSEMBL:ENSECAG00000022114,ORTH,ENSEMBL:ENSECAG00000022114
dictyBase:DDB_G0282295,GENO,ubqA
FBcv:0000365,DISO,semi-sterile
Coriell:GM02079,GENO,NIGMS-GM02079
RGD:1303331,ORTH,Pnkp
MP:0004708,DISO,short lumbar vertebrae
MP:0010378,DISO,increased respiratory quotient
NCBIGene:100496488,GENE,LOC100496488
dictyBase:DDB_G0269544,GENO,DDB0190345
ENSEMBL:ENSDARG00000115781,ORTH,CR339041.3
ENSEMBL:ENSACAG00000001219,ORTH,ENSEMBL:ENSACAG00000001219
ENSEMBL:ENSBTAG00000021645,ORTH,MBD4
ENSEMBL:ENSSSCG00000014146,ORTH,ENSEMBL:ENSSSCG00000014146
ENSEMBL:ENSPTRG00000006197,ORTH,ENSEMBL:ENSPTRG00000006197
MP:0020533,DISO,decreased pons size
ENSEMBL:ENSFCAG00000029873,ORTH,ENSEMBL:ENSFCAG00000029873
HP:0003344,DISO,3-Methylglutaric aciduria
ENSEMBL:ENSFCAG00000014297,ORTH,ENSEMBL:ENSFCAG00000014297
ZP:0000153,DISO,"somite increased width, abnormal"
OMIM:613004.0003,DISO,"HTT, THR1260MET ({dbSNP rs34315806})"
dictyBase:DDB_G0280557,GENO,DDB_G0280557
ZFIN:ZDB-GENE-120111-3,ORTH,il17rc
MGI:1917729,ORTH,Snx21
ENSEMBL:ENSMMUG00000019760,ORTH,ENSEMBL:ENSMMUG00000019760
EFO:0007906,GENO,synophrys measurement
RGD:71024,ORTH,Actr3
MP:0009783,DISO,abnormal melanoblast morphology
MP:0002837,DISO,dystrophic cardiac calcinosis
MGI:3694681,ORTH,Tg(HDexon1)62Gpb [B6CBA-Tg(HDexon1)62Gpb/1J]
MP:0005239,DISO,abnormal Bruch membrane morphology
MP:0002831,DISO,absent Peyer's patches
dictyBase:DDB_G0293770,GENO,DDB_G0293770
RGD:1305022,ORTH,Heyl
MGI:1860763,ORTH,Eif3i
MGI:87994,ORTH,Aldoa
ENSEMBL:ENSMODG00000038564,ORTH,ENSEMBL:ENSMODG00000038564
ENSEMBL:ENSPTRG00000015888,ORTH,ENSEMBL:ENSPTRG00000015888
WormBase:WBGene00012315,ORTH,immt-2
ENSEMBL:ENSFCAG00000015218,ORTH,ENSEMBL:ENSFCAG00000015218
WBPhenotype:0001029,DISO,patchy coloration
MONARCH:APO_0000041APO_0000003,GENO,sporulation:decreased
WBPhenotype:0002075,DISO,eggshell formation variant
MP:0006337,DISO,abnormal first pharyngeal arch morphology
ZP:0008042,DISO,"optokinetic behavior process quality, abnormal"
WBPhenotype:0000916,DISO,excretory cell morphology variant
WBPhenotype:0000038,DISO,exploded through vulva
ZP:0021197,DISO,"central nervous system decreased amount, abnormal"
Xenbase:XB-GENE-5960761,ORTH,ipo9
ENSEMBL:ENSMODG00000020408,ORTH,ENSEMBL:ENSMODG00000020408
ZP:0001456,DISO,"visual behavior disrupted, abnormal"
WormBase:WBGene00012716,ORTH,Y39E4B.5
ENSEMBL:ENSACAG00000010955,ORTH,ENSEMBL:ENSACAG00000010955
Xenbase:XB-GENE-963457,ORTH,pabpc1
ENSEMBL:ENSPTRG00000010021,ORTH,ENSEMBL:ENSPTRG00000010021
HP:0010831,DISO,Impaired proprioception
ZP:0000377,DISO,"endocardial cushion hyperplastic, abnormal"
MP:0011195,DISO,increased hair follicle apoptosis
MGI:88494,ORTH,Creb1
ZFIN:ZDB-GENE-031110-4,ORTH,tubb5
MP:0006404,DISO,abnormal lumbar dorsal root ganglion morphology
ENSEMBL:ENSMMUG00000018353,ORTH,ENSEMBL:ENSMMUG00000018353
ZP:0006332,DISO,"endoplasmic reticulum unfolded protein response increased occurrence, abnormal"
MP:0002084,DISO,abnormal developmental patterning
dictyBase:DDB_G0269262,GENO,rabT2
MP:0005307,DISO,head tossing
MGI:5286128,ORTH,Tg(Prnp-HTT*82Q/KRT14-EGFP)C63Dbo [Not Specified]
WormBase:WBGene00022130,ORTH,Y71F9B.9
ENSEMBL:ENSMODG00000019837,ORTH,ENSEMBL:ENSMODG00000019837
HP:0003826,DISO,Stillbirth
ENSEMBL:ENSMODG00000002800,ORTH,ENSEMBL:ENSMODG00000002800
MP:0001802,DISO,arrested B cell differentiation
HP:0007302,DISO,Bipolar affective disorder
HP:0003496,DISO,Increased circulating IgM level
ENSEMBL:ENSSSCG00000023437,ORTH,ITPR1
ENSEMBL:ENSMMUG00000002630,ORTH,ENSEMBL:ENSMMUG00000002630
FlyBase:FBgn0003134,ORTH,Pp1alpha-96A
MP:0011298,DISO,ureter hypoplasia
MP:0000600,DISO,liver hypoplasia
ENSEMBL:ENSACAG00000007251,ORTH,ENSEMBL:ENSACAG00000007251
HGNC:16154,GENE,SNX21
HP:0012864,DISO,Abnormal sperm morphology
ZP:0004040,DISO,"hindbrain distended, abnormal"
HP:0002269,DISO,Abnormality of neuronal migration
ENSEMBL:ENSFCAG00000010939,ORTH,ENSEMBL:ENSFCAG00000010939
ZFIN:ZDB-GENE-070424-194,ORTH,zdhhc17
ENSEMBL:ENSFCAG00000005359,ORTH,ENSEMBL:ENSFCAG00000005359
ENSEMBL:ENSCAFG00000017516,ORTH,CALM1
ENSEMBL:ENSMMUG00000014627,ORTH,ENSEMBL:ENSMMUG00000014627
FlyBase:FBgn0035733,ORTH,CG8641
MP:0008963,DISO,increased carbon dioxide production
MP:0000511,DISO,abnormal intestinal mucosa morphology
MP:0008883,DISO,abnormal enterocyte proliferation
MP:0002059,DISO,abnormal seminal vesicle morphology
Xenbase:XB-GENE-955502,ORTH,ftmt
ENSEMBL:ENSECAG00000016416,ORTH,ENSEMBL:ENSECAG00000016416
ENSEMBL:ENSOANG00000050014,ORTH,ENSEMBL:ENSOANG00000050014
ZP:0006865,DISO,"chromosome segregation process quality, abnormal"
HGNC:6868,GENE,MAP6
Coriell:GM05608,GENO,NIGMS-GM05608
HP:0003549,DISO,Abnormality of connective tissue
HP:0011675,DISO,Arrhythmia
HP:0009916,DISO,Anisocoria
MP:0010929,DISO,increased osteoid thickness
MP:0005300,DISO,abnormal corneal stroma morphology
MP:0001194,DISO,dermatitis
FBcv:0002001,DISO,lethal - all die before end of first instar larval stage
ENSEMBL:ENSOANG00000047101,ORTH,ENSEMBL:ENSOANG00000047101
PomBase:SPAC3C7.12,GENO,tip1
ENSEMBL:ENSGALG00000039284,ORTH,RCN2
ZFIN:ZDB-GENE-100920-3,ORTH,dnm1b
dictyBase:DDB_G0275933,GENO,DDB_G0275933
ENSEMBL:ENSACAG00000017758,ORTH,ENSEMBL:ENSACAG00000017758
HP:0002647,DISO,Aortic dissection
MP:0003944,DISO,abnormal T cell subpopulation ratio
MP:0000815,DISO,abnormal Ammon gyrus morphology
MP:0001573,DISO,abnormal circulating alanine transaminase level
ENSEMBL:ENSECAG00000040697,ORTH,ENSEMBL:ENSECAG00000040697
HGNC:2961,GENE,DYNC1H1
ENSEMBL:ENSMMUG00000058158,ORTH,ENSEMBL:ENSMMUG00000058158
ENSEMBL:ENSPTRG00000018202,ORTH,ENSEMBL:ENSPTRG00000018202
MP:0008769,DISO,abnormal plasmacytoid dendritic cell physiology
HGNC:10062,GENE,RNF20
ENSEMBL:ENSOANG00000012904,ORTH,ENSEMBL:ENSOANG00000012904
ZP:0002944,DISO,"swim bladder absent, abnormal"
ENSEMBL:ENSCAFG00000025384,ORTH,ENSEMBL:ENSCAFG00000025384
WBPhenotype:0001017,DISO,adult growth variant
ZP:0019342,DISO,"cell adhesion process quality, abnormal"
dictyBase:DDB_G0271690,GENO,DDB0168463
WBPhenotype:0001374,DISO,pronuclear nuclear appearance variant emb
MP:0008658,DISO,decreased interleukin-1 beta secretion
ENSEMBL:ENSECAG00000033995,ORTH,ENSEMBL:ENSECAG00000033995
MGI:1202301,ORTH,Itch
ENSEMBL:ENSACAG00000022234,ORTH,ENSEMBL:ENSACAG00000022234
MP:0008264,DISO,absent hippocampus CA1 region
ENSEMBL:ENSECAG00000013925,ORTH,ENSEMBL:ENSECAG00000013925
ENSEMBL:ENSSSCG00000009140,ORTH,CASP6
ENSEMBL:ENSPTRG00000006775,ORTH,ENSEMBL:ENSPTRG00000006775
ZP:0002170,DISO,"heart contraction process quality, abnormal"
MP:0012132,DISO,abnormal midbrain-hindbrain boundary morphology
ZP:0003945,DISO,"photoreceptor outer segment photoreceptor cell decreased amount, abnormal"
ENSEMBL:ENSFCAG00000045915,ORTH,ENSEMBL:ENSFCAG00000045915
HP:0000648,DISO,Optic atrophy
ENSEMBL:ENSCAFG00000014484,ORTH,ETV4
HP:0002445,DISO,Tetraplegia
MP:0005032,DISO,abnormal ectoplacental cone morphology
HP:0012312,DISO,Monocytopenia
MP:0000733,DISO,abnormal muscle development
ENSEMBL:ENSSSCG00000004516,ORTH,MBD1
ENSEMBL:ENSMODG00000010088,ORTH,ENSEMBL:ENSMODG00000010088
MP:0014134,DISO,abnormal embryo morphology
dictyBase:DDB_G0290263,GENO,pho2a
ENSEMBL:ENSECAG00000006800,ORTH,ENSEMBL:ENSECAG00000006800
ENSEMBL:ENSBTAG00000006175,ORTH,KDM5B
ENSEMBL:ENSSSCG00000003612,ORTH,EIF3I
ENSEMBL:ENSECAG00000029999,ORTH,ENSEMBL:ENSECAG00000029999
ZP:0000358,DISO,"forebrain quality, abnormal"
ZP:0102172,DISO,"caudal fin development process quality, abnormal"
HGNC:12612,GENE,USP14
HP:0011446,DISO,Abnormality of higher mental function
NCBIGene:110438533,GENE,LOC110438533
ENSEMBL:ENSGALG00000003337,ORTH,ENSEMBL:ENSGALG00000003337
MONARCH:APO_0000277APO_0000003,GENO,prion loss:decreased
ZFIN:ZDB-GENE-030109-2,ORTH,ruvbl1
WBPhenotype:0001412,DISO,alae morphology variant
MP:0000286,DISO,abnormal mitral valve morphology
HP:0000734,DISO,Disinhibition
HP:0001852,DISO,Sandal gap
GO:0005654,PHYS,nucleoplasm
RGD:628849,ORTH,Ostf1
MP:0012022,DISO,increased melanocyte number
ENSEMBL:ENSMODG00000042018,ORTH,ENSEMBL:ENSMODG00000042018
MGI:95294,ORTH,Egfr
MP:0008623,DISO,increased circulating interleukin-3 level
ENSEMBL:ENSMODG00000018721,ORTH,ENSEMBL:ENSMODG00000018721
ENSEMBL:ENSMMUG00000050761,ORTH,ENSEMBL:ENSMMUG00000050761
HP:0011124,DISO,Abnormal epidermal morphology
ENSEMBL:ENSMMUG00000013717,ORTH,ENSEMBL:ENSMMUG00000013717
ZP:0006658,DISO,"heart contraction decreased magnitude, abnormal"
ENSEMBL:ENSGALG00000001644,ORTH,ENSEMBL:ENSGALG00000001644
ZFIN:ZDB-GENE-090206-1,ORTH,prkcg
FlyBase:CG2216,ORTH,FlyBase:CG2216
WBPhenotype:0002501,DISO,ectopic cleavage furrow early emb
HP:0000126,DISO,Hydronephrosis
MP:0010226,DISO,increased quadriceps weight
HP:0002529,DISO,Neuronal loss in central nervous system
ENSEMBL:ENSBTAG00000001028,ORTH,MAP6
ENSEMBL:ENSXETG00000009068,ORTH,pcolce
ENSEMBL:ENSOANG00000050103,ORTH,ENSEMBL:ENSOANG00000050103
RGD:1311923,ORTH,Chd3
ZP:0003210,DISO,"whole organism decreased mobility, abnormal"
MP:0009939,DISO,abnormal hippocampus neuron morphology
MP:0009421,DISO,increased gastrocnemius weight
ZP:0011355,DISO,"axon retinal ganglion cell physical object quality, abnormal"
MP:0008515,DISO,thin retinal outer nuclear layer
ZP:0007119,DISO,"epithelial cell somite morphology, abnormal"
ENSEMBL:ENSECAG00000020229,ORTH,ENSEMBL:ENSECAG00000020229
MP:0001153,DISO,small seminiferous tubules
MP:0008783,DISO,decreased B cell apoptosis
FBcv:0000383,DISO,auxotroph
HP:0000343,DISO,Long philtrum
dictyBase:DDB_G0349530,GENO,dictyBase:DDB_G0349530
MP:0000396,DISO,increased curvature of hairs
ENSEMBL:ENSGALG00000004557,ORTH,ENSEMBL:ENSGALG00000004557
FlyBase:FBgn0024509,ORTH,Sec13
ENSEMBL:ENSACAG00000012875,ORTH,ENSEMBL:ENSACAG00000012875
ZFIN:ZDB-GENE-050320-48,ORTH,ube2ka
ZFIN:ZDB-GENE-101026-4,ORTH,tcerg1b
HP:0000275,DISO,Narrow face
ZFIN:ZDB-GENE-060721-2,ORTH,upf3a
RGD:735078,ORTH,Lamtor1
ENSEMBL:ENSGALG00000034475,ORTH,EIF3G
ENSEMBL:ENSECAG00000023171,ORTH,ENSEMBL:ENSECAG00000023171
PomBase:SPAC19G12.06c,GENO,hta2
ZP:0001624,DISO,"otolith decreased amount, abnormal"
MP:0008115,DISO,abnormal dendritic cell differentiation
MONARCH:APO_0000298APO_0000002,GENO,peroxisomal distribution:abnormal
MP:0001882,DISO,abnormal lactation
ZFIN:ZDB-GENE-030131-4694,ORTH,rasa1a
MP:0002908,DISO,delayed wound healing
dictyBase:DDB_G0283535,GENO,DG1104
WBPhenotype:0001100,DISO,early embryonic lethal
ENSEMBL:ENSFCAG00000024658,ORTH,ENSEMBL:ENSFCAG00000024658
ENSEMBL:ENSMMUG00000019118,ORTH,ENSEMBL:ENSMMUG00000019118
ENSEMBL:ENSECAG00000012008,ORTH,ENSEMBL:ENSECAG00000012008
ENSEMBL:ENSOANG00000014970,ORTH,ENSEMBL:ENSOANG00000014970
MP:0000940,DISO,abnormal motor neuron innervation pattern
ENSEMBL:ENSFCAG00000037731,ORTH,ENSEMBL:ENSFCAG00000037731
WBPhenotype:0000002,DISO,kinker
Xenbase:XB-GENE-984047,ORTH,cltc
ENSEMBL:ENSBTAG00000020641,ORTH,ENSEMBL:ENSBTAG00000020641
ENSEMBL:ENSPTRG00000021031,ORTH,ENSEMBL:ENSPTRG00000021031
ENSEMBL:ENSMODG00000014168,ORTH,ENSEMBL:ENSMODG00000014168
ZP:0106395,DISO,"ceratobranchial 4 cartilage decreased amount, abnormal"
ZP:0000311,DISO,"apoptotic process increased occurrence, abnormal"
ENSEMBL:ENSSSCG00000000952,ORTH,ZDHHC17
ENSEMBL:ENSCAFG00000004767,ORTH,ENSEMBL:ENSCAFG00000004767
ENSEMBL:ENSSSCG00000004958,ORTH,PIAS1
ENSEMBL:ENSECAG00000020187,ORTH,ENSEMBL:ENSECAG00000020187
ZP:0004008,DISO,"cranial nerve II decreased width, abnormal"
ZP:0104784,DISO,"thigmotaxis delayed, abnormal"
ZFIN:ZDB-GENE-140820-1,ORTH,mhc1uma
PomBase:SPBC3E7.05c,GENO,mic60
WBPhenotype:0001127,DISO,EMS anterior extension fails early emb
ENSEMBL:ENSGALG00000011620,ORTH,AKT1
ENSEMBL:ENSECAG00000024841,ORTH,ENSEMBL:ENSECAG00000024841
dictyBase:DDB_G0279179,GENO,DDB0218154
MP:0001062,DISO,absent oculomotor nerve
MP:0005406,DISO,abnormal heart size
Xenbase:XB-GENE-1004004,ORTH,stx7
WBPhenotype:0000668,DISO,endomitotic oocytes
ENSEMBL:ENSMMUG00000020751,ORTH,ENSEMBL:ENSMMUG00000020751
ENSEMBL:ENSMODG00000019742,ORTH,ENSEMBL:ENSMODG00000019742
WormBase:WBGene00004930,ORTH,sod-1
ZP:0018478,DISO,"acetylcholine-gated channel complex myotome increased area, abnormal"
Coriell:GM04738,GENO,NIGMS-GM04738
ENSEMBL:ENSFCAG00000015356,ORTH,ENSEMBL:ENSFCAG00000015356
WormBase:WBGene00002173,ORTH,itr-1
dictyBase:DDB_G0275619,GENO,pppB
PomBase:SPAC13G7.03,GENO,upf3
dictyBase:DDB_G0274375,GENO,fba
PomBase:SPBC31E1.04,GENO,pep12
ZP:0008467,DISO,"brain morphogenesis arrested, abnormal"
ENSEMBL:ENSPTRG00000013144,ORTH,ENSEMBL:ENSPTRG00000013144
ZP:0001720,DISO,"pectoral fin kinked, abnormal"
ENSEMBL:ENSBTAG00000016598,ORTH,DYNC1H1
WormBase:WBGene00018467,ORTH,sdpn-1
MP:0012099,DISO,decreased spongiotrophoblast size
ZP:0011674,DISO,"adductor mandibulae disrupted regulation of myofibril size, abnormal"
MP:0006305,DISO,abnormal optic eminence morphology
ZP:0011942,DISO,"lens shape, abnormal"
MP:0000987,DISO,hyperinnervation of Merkel's receptor
HGNC:5233,GENE,HSPA1B
ENSEMBL:ENSMODG00000004380,ORTH,ENSEMBL:ENSMODG00000004380
WormBase:WBGene00006865,ORTH,slcf-2
EFO:0003923,GENO,bone density
WBPhenotype:0000058,DISO,late larval lethal
ENSEMBL:ENSCAFG00000017108,ORTH,F1PR84
Coriell:GM06601,GENO,NIGMS-GM06601
MGI:3757568,ORTH,Tg(HDexon1)62Gpb [involves: C57BL/6 * CBA]
MONARCH:APO_0000030APO_0000004,GENO,lifespan:increased
HP:0000545,DISO,Myopia
RGD:1311158,ORTH,Brf1
HP:0001596,DISO,Alopecia
GO:0005737,PHYS,cytoplasm
ZFIN:ZDB-GENE-030131-5379,ORTH,kdm5ba
EFO:0007996,GENO,eosinophil percentage of granulocytes
MGI:1355296,ORTH,Prkn
ZP:0003211,DISO,"hatching delayed, abnormal"
XPO:0103316,GENO,absent tail bud
ENSEMBL:ENSACAG00000020966,ORTH,ENSEMBL:ENSACAG00000020966
HGNC:9402,GENE,PRKCG
ENSEMBL:ENSPTRG00000016087,ORTH,ENSEMBL:ENSPTRG00000016087
ENSEMBL:ENSCAFG00000018463,ORTH,ENSEMBL:ENSCAFG00000018463
PomBase:SPCC1739.13,GENO,ssa2
dictyBase:DDB_G0292814,GENO,symA
MONARCH:APO_0000039APO_0000002,GENO,meiosis:abnormal
SGD:S000000344,ORTH,IRA1
MP:0000417,DISO,short hair
ZP:0019273,DISO,"pronephros decreased occurrence multi-ciliated epithelial cell differentiation, abnormal"
HP:0010719,DISO,Abnormality of hair texture
HP:0003557,DISO,Increased variability in muscle fiber diameter
HP:0020054,DISO,Abnormal erythrocyte physiology
MONARCH:APO_0000132APO_0000002,GENO,RNA localization:abnormal
ENSEMBL:ENSCAFG00000015827,ORTH,PFN1
ENSEMBL:ENSPTRG00000003073,ORTH,ENSEMBL:ENSPTRG00000003073
ENSEMBL:ENSECAG00000016628,ORTH,ENSEMBL:ENSECAG00000016628
ENSEMBL:ENSMMUG00000000983,ORTH,ENSEMBL:ENSMMUG00000000983
FlyBase:FBgn0031331,ORTH,CG5440
ZP:0018601,DISO,"hindbrain decreased occurrence cell proliferation in hindbrain, abnormal"
ENSEMBL:ENSPTRG00000007393,ORTH,ENSEMBL:ENSPTRG00000007393
WBPhenotype:0001820,DISO,bordering
MP:0010831,DISO,"lethality, incomplete penetrance"
ENSEMBL:ENSSSCG00000007203,ORTH,CSNK2A1
WBPhenotype:0000645,DISO,roller
MGI:1891833,ORTH,Pfkp
ENSEMBL:ENSCAFG00000000444,ORTH,FLOT1
NCBIGene:100496639,GENE,LOC100496639
ENSEMBL:ENSFCAG00000033193,ORTH,ENSEMBL:ENSFCAG00000033193
ENSEMBL:ENSECAG00000012417,ORTH,ENSEMBL:ENSECAG00000012417
FlyBase:FBgn0029812,ORTH,Prosbeta2R1
ENSEMBL:ENSMMUG00000016844,ORTH,ENSEMBL:ENSMMUG00000016844
ENSEMBL:ENSMMUG00000015302,ORTH,ENSEMBL:ENSMMUG00000015302
ENSEMBL:ENSSSCG00000024070,ORTH,CDK5
MP:0001973,DISO,increased thermal nociceptive threshold
HP:0002605,DISO,Hepatic necrosis
ZP:0001378,DISO,"retina morphogenesis in camera-type eye disrupted, abnormal"
Xenbase:XB-GENE-945004,ORTH,pfn2
ZP:0005585,DISO,"blood vessel endothelial cell increased amount, abnormal"
WormBase:WBGene00010992,ORTH,R03D7.8
WormBase:WBGene00003233,ORTH,mgl-2
HP:0001730,DISO,Progressive hearing impairment
MONARCH:APO_0000253APO_0000005,GENO,cell cycle progression:absent
WBPhenotype:0000731,DISO,germ cell hypersensitive ionizing radiation
MP:0009324,DISO,absent hippocampal fimbria
HGNC:17780,GENE,ACTBL2
MGI:1913742,ORTH,Zmat2
MP:0006104,DISO,abnormal tectum morphology
MP:0010948,DISO,abnormal double-strand DNA break repair
dictyBase:DDB_G0279151,GENO,cenB
ENSEMBL:ENSCAFG00000011379,ORTH,FICD
Xenbase:XB-GENE-494718,ORTH,ppargc1a
ZP:0101903,DISO,"facial nerve motor nucleus rhombomere 4 increased volume, abnormal"
MGI:99919,ORTH,Vcp
ZP:0006214,DISO,"cardiac ventricle collapsed, abnormal"
MP:0014052,DISO,increased male germ cell apoptosis
HP:0011682,DISO,Perimembranous ventricular septal defect
ENSEMBL:ENSOANG00000014753,ORTH,ENSEMBL:ENSOANG00000014753
WBPhenotype:0001403,DISO,antibody subcellular localization variant
ENSEMBL:ENSCAFG00000014682,ORTH,ENSEMBL:ENSCAFG00000014682
FBcv:0000359,DISO,decreased cell number
HP:0012184,DISO,Increased HDL cholesterol concentration
ZP:0011826,DISO,"blastoderm separated from yolk, abnormal"
ENSEMBL:ENSMODG00000007509,ORTH,ENSEMBL:ENSMODG00000007509
HP:0100678,DISO,Premature skin wrinkling
ENSEMBL:ENSGALG00000005139,ORTH,ENSEMBL:ENSGALG00000005139
HGNC:4298,GENE,GLB1
ZP:0021360,DISO,"whole organism decreased occurrence TOR signaling, abnormal"
FlyBase:FBgn0030364,ORTH,Lsm12a
HP:0100852,DISO,Abnormal fear/anxiety-related behavior
MP:0002941,DISO,increased circulating alanine transaminase level
ZFIN:ZDB-GENE-040718-109,ORTH,zfyve19
ENSEMBL:ENSMODG00000011614,ORTH,ENSEMBL:ENSMODG00000011614
MGI:1261794,ORTH,Haus4
HP:0000528,DISO,Anophthalmia
Xenbase:XB-GENE-479960,ORTH,casp3.2
SGD:S000002419,ORTH,RPL4B
ZP:0018640,DISO,"atrium increased distribution, abnormal"
ZP:0002293,DISO,"fin malformed, abnormal"
ENSEMBL:ENSACAG00000010833,ORTH,ENSEMBL:ENSACAG00000010833
GO:0048487,PHYS,beta-tubulin binding
ENSEMBL:ENSFCAG00000002782,ORTH,ENSEMBL:ENSFCAG00000002782
FlyBase:FBgn0003140,ORTH,PpY-55A
ENSEMBL:ENSFCAG00000001810,ORTH,ENSEMBL:ENSFCAG00000001810
ZP:0007797,DISO,"swimming decreased occurrence, abnormal"
MP:0000848,DISO,abnormal pons morphology
MP:0002886,DISO,abnormal glutamate-mediated receptor currents
RGD:71048,ORTH,Ap2b1
ZP:0004000,DISO,"retinal ganglion cell layer decayed, abnormal"
MP:0013735,DISO,squamous metaplasia of urethral gland
FlyBase:FBgn0029969,ORTH,CG10932
HP:0010850,DISO,EEG with spike-wave complexes
ENSEMBL:ENSOANG00000011034,ORTH,ENSEMBL:ENSOANG00000011034
ENSEMBL:ENSCAFG00000049365,ORTH,A0A5F4D4F6
MGI:1918177,ORTH,Setd2
ZP:0003002,DISO,"eye shape, abnormal"
WBPhenotype:0001876,DISO,centriole biogenesis variant
WormBase:WBGene00003934,ORTH,pat-10
ENSEMBL:ENSACAG00000014536,ORTH,ENSEMBL:ENSACAG00000014536
MP:0002822,DISO,catalepsy
Coriell:GM02165,GENO,NIGMS-GM02165
ENSEMBL:ENSMODG00000012845,ORTH,ENSEMBL:ENSMODG00000012845
HP:0003974,DISO,Absent radius
WBPhenotype:0001857,DISO,pathogen induced gene expression variant
ENSEMBL:ENSSSCG00000004169,ORTH,HBS1L
ZFIN:ZDB-GENE-060929-600,ORTH,commd4
HP:0002098,DISO,Respiratory distress
ZP:0008035,DISO,"myofibril cardiac muscle disorganized, abnormal"
ENSEMBL:ENSGALG00000003881,ORTH,ENSEMBL:ENSGALG00000003881
Xenbase:XB-GENE-6257393,ORTH,gemin7
MGI:1926421,ORTH,Tcerg1
ENSEMBL:ENSFCAG00000000573,ORTH,ENSEMBL:ENSFCAG00000000573
MP:0000023,DISO,abnormal ear position
FlyBase:FBgn0003231,ORTH,ref(2)P
MP:0003826,DISO,abnormal Mullerian duct morphology
ENSEMBL:ENSFCAG00000005392,ORTH,ENSEMBL:ENSFCAG00000005392
ENSEMBL:ENSACAG00000009987,ORTH,ENSEMBL:ENSACAG00000009987
MP:0000468,DISO,abnormal esophageal epithelium morphology
ENSEMBL:ENSACAG00000002653,ORTH,ENSEMBL:ENSACAG00000002653
ZP:0005511,DISO,"canonical Wnt signaling pathway decreased process quality, abnormal"
FBcv:0000379,DISO,enhancer of variegation
ZP:0006346,DISO,"intestinal villus decreased length, abnormal"
ENSEMBL:ENSMODG00000007437,ORTH,ENSEMBL:ENSMODG00000007437
MP:0005168,DISO,abnormal female meiosis
ZP:0007287,DISO,"central artery morphology, abnormal"
MP:0010383,DISO,increased adenoma incidence
ENSEMBL:ENSACAG00000013643,ORTH,ENSEMBL:ENSACAG00000013643
MP:0001106,DISO,abnormal Schwann cell morphology
MP:0020038,DISO,retinal macular degeneration
ZP:0002724,DISO,"myosin filament slow muscle cell disorganized, abnormal"
ENSEMBL:ENSCAFG00000031802,ORTH,CRPPA
MP:0004156,DISO,abnormal QT variability
RGD:3160,ORTH,Nefm
ENSEMBL:ENSOANG00000005110,ORTH,ENSEMBL:ENSOANG00000005110
ZP:0008443,DISO,"detection of mechanical stimulus involved in sensory perception of sound decreased process quality, abnormal"
FlyBase:FBgn0025682,ORTH,scf
MP:0006282,DISO,abnormal spinal cord dorsal horn morphology
SGD:S000001802,ORTH,RPL40B
WormBase:WBGene00006791,ORTH,unc-57
ENSEMBL:ENSFCAG00000029904,ORTH,ENSEMBL:ENSFCAG00000029904
ZP:0100009,DISO,"whole organism quality, abnormal"
MP:0003544,DISO,abnormal vascular endothelial cell migration
PomBase:SPAC22G7.06c,GENO,ura1
MGI:107812,ORTH,Tubb5
RGD:68373,ORTH,Ruvbl1
ZP:0000638,DISO,"post-vent region curved ventral, abnormal"
MP:0008034,DISO,enhanced lipolysis
ENSEMBL:ENSMMUG00000000055,ORTH,ENSEMBL:ENSMMUG00000000055
ENSEMBL:ENSFCAG00000006578,ORTH,ENSEMBL:ENSFCAG00000006578
HGNC:11834,GENE,TKT
ENSEMBL:ENSSSCG00000003195,ORTH,PNKP
ENSEMBL:ENSCAFG00000006813,ORTH,TRAF6
MP:0000857,DISO,abnormal cerebellar foliation
MP:0003237,DISO,abnormal lens epithelium morphology
SGD:S000003947,ORTH,SSA2
FBcv:0002040,DISO,some die during prepupal stage
MP:0002371,DISO,abnormal thymus cortex morphology
MP:0009956,DISO,abnormal cerebellar layer morphology
ENSEMBL:ENSFCAG00000001893,ORTH,ENSEMBL:ENSFCAG00000001893
MP:0008597,DISO,decreased circulating interleukin-6 level
ENSEMBL:ENSPTRG00000020087,ORTH,ENSEMBL:ENSPTRG00000020087
MP:0013421,DISO,increased CD5-positive gamma-delta T cell number
ZFIN:ZDB-GENE-140820-4,ORTH,mhc1lca
ENSEMBL:ENSMODG00000047420,ORTH,ENSEMBL:ENSMODG00000047420
ENSEMBL:ENSBTAG00000012048,ORTH,CARM1
ENSEMBL:ENSECAG00000015929,ORTH,ENSEMBL:ENSECAG00000015929
FlyBase:FBgn0015834,ORTH,eIF3i
MP:0005499,DISO,abnormal olfactory system morphology
Coriell:GM04866,GENO,NIGMS-GM04866
ENSEMBL:ENSACAG00000005379,ORTH,ENSEMBL:ENSACAG00000005379
RGD:1311825,ORTH,Usp14
ZP:0001039,DISO,"cartilage development disrupted, abnormal"
ZFIN:ZDB-GENE-030131-458,ORTH,ipo7
MGI:1913435,ORTH,Virma
MP:0002705,DISO,dilated renal tubules
MP:0012307,DISO,impaired spatial learning
ZP:0000385,DISO,"intestinal bulb epithelium cellular quality, abnormal"
ENSEMBL:ENSECAG00000002513,ORTH,ENSEMBL:ENSECAG00000002513
ENSEMBL:ENSFCAG00000011716,ORTH,ENSEMBL:ENSFCAG00000011716
WBPhenotype:0002286,DISO,head bend angle increased
Xenbase:XB-GENE-982107,ORTH,tcerg1l
Coriell:GM03621,GENO,NIGMS-GM03621
ENSEMBL:ENSACAG00000017260,ORTH,ENSEMBL:ENSACAG00000017260
HGNC:18418,GENE,HYPK
EnsemblGenome:AT5G27640,ORTH,EnsemblGenome:AT5G27640
dictyBase:DDB_G0272032,GENO,gefG
ZP:0007731,DISO,"myotome detached from myofibril vertical myoseptum, abnormal"
MP:0009339,DISO,decreased splenocyte number
MP:0006359,DISO,absent startle reflex
ZP:0018474,DISO,"peripheral neuron process quality axon guidance, abnormal"
WBPhenotype:0000120,DISO,protein expression reduced
ENSEMBL:ENSBTAG00000052438,ORTH,ENSEMBL:ENSBTAG00000052438
MP:0003232,DISO,abnormal forebrain development
HGNC:5241,GENE,HSPA8
EFO:0004318,GENO,smoking behavior
MGI:3698752,ORTH,Htt<tm1.1Pfs>/Htt<+> [involves: 129S4/SvJae * C57BL/6]
MP:0005296,DISO,abnormal humerus morphology
MP:0003794,DISO,delayed somite formation
MP:0000812,DISO,abnormal dentate gyrus morphology
MP:0011099,DISO,"lethality throughout fetal growth and development, complete penetrance"
WBPhenotype:0000406,DISO,lumpy
ZP:0022067,DISO,"digestive system decreased amount, abnormal"
HGNC:1033,GENE,BDNF
ZP:0001495,DISO,"trunk musculature quality, abnormal"
ZFIN:ZDB-GENE-130530-578,ORTH,tkta
ENSEMBL:ENSACAG00000013584,ORTH,ENSEMBL:ENSACAG00000013584
ZP:0018343,DISO,"vagal ganglion decreased process quality fasciculation of sensory neuron axon, abnormal"
ENSEMBL:ENSBTAG00000012537,ORTH,CASP6
MONARCH:APO_0000240APO_0000005,GENO,mitophagy:absent
MP:0003424,DISO,premature neuronal precursor differentiation
ENSEMBL:ENSCAFG00000012741,ORTH,ENSEMBL:ENSCAFG00000012741
SGD:S000006316,ORTH,MRD1
ENSEMBL:ENSOANG00000002628,ORTH,ENSEMBL:ENSOANG00000002628
dictyBase:DDB_G0290883,GENO,DDB_G0290883
MGI:1098237,ORTH,Kif9
ZP:0018346,DISO,"hindbrain decreased process quality mitotic cell cycle, abnormal"
ENSEMBL:ENSMMUG00000019112,ORTH,ENSEMBL:ENSMMUG00000019112
MP:0001282,DISO,short vibrissae
ENSEMBL:ENSACAG00000001540,ORTH,ENSEMBL:ENSACAG00000001540
ZFIN:ZDB-GENE-030131-6107,ORTH,hgs
WormBase:WBGene00007702,ORTH,C24H11.5
RGD:621567,ORTH,Atxn3
WBPhenotype:0001955,DISO,multiple nuclei oocyte
ENSEMBL:ENSSSCG00000033876,ORTH,RAB35
MP:0001731,DISO,abnormal postnatal growth
ZP:0000582,DISO,"myotome increased width, abnormal"
ZFIN:ZDB-GENE-041104-1,ORTH,prmt2
MP:0006055,DISO,abnormal vascular endothelial cell morphology
WormBase:WBGene00021369,ORTH,siah-1
SGD:S000003484,ORTH,GCN5
MP:0009117,DISO,abnormal white fat cell morphology
HP:0000603,DISO,Central scotoma
ENSEMBL:ENSMMUG00000009960,ORTH,ENSEMBL:ENSMMUG00000009960
ENSEMBL:ENSMMUG00000014102,ORTH,ENSEMBL:ENSMMUG00000014102
MGI:2146901,ORTH,Trip10
ZFIN:ZDB-GENE-041010-42,ORTH,h2ax1
PomBase:SPAC31G5.09c,GENO,spk1
MGI:1349717,ORTH,Ncor1
ZP:0001126,DISO,"brain malformed, abnormal"
MP:0001929,DISO,abnormal gametogenesis
MP:0000460,DISO,mandible hypoplasia
ENSEMBL:ENSOANG00000008738,ORTH,ENSEMBL:ENSOANG00000008738
ZP:0003412,DISO,"Meckel's cartilage deformed, abnormal"
ZFIN:ZDB-GENE-050327-59,ORTH,eif4e2
RGD:1306537,ORTH,Vps28
MP:0003703,DISO,abnormal vestibulocochlear ganglion morphology
FlyBase:FBgn0030018,ORTH,slpr
ZP:0010449,DISO,"Z disc myotome disorganized, abnormal"
ZP:0003413,DISO,"ceratohyal cartilage deformed, abnormal"
ENSEMBL:ENSFCAG00000009909,ORTH,ENSEMBL:ENSFCAG00000009909
MGI:3698039,ORTH,Htt<tm4Mem>/Htt<tm4Mem> [involves: 129S1/Sv * 129X1/SvJ * CD-1]
HP:0000139,DISO,Uterine prolapse
dictyBase:DDB_G0291023,GENO,DDB0189217
HP:0002614,DISO,Hepatic periportal necrosis
dictyBase:DDB_G0277957,GENO,DDB0204324
ZP:0018473,DISO,"axon peripheral neuron branchiness, abnormal"
ZP:0000527,DISO,"brain hemorrhagic, abnormal"
MP:0013277,DISO,abnormal fasting circulating glucose level
MP:0014115,DISO,cognitive inflexibility
ZP:0001024,DISO,"lens protruding, abnormal"
HP:0000356,DISO,Abnormality of the outer ear
WormBase:WBGene00000228,ORTH,atn-1
ZP:0000148,DISO,"notochord increased width, abnormal"
ENSEMBL:ENSFCAG00000010517,ORTH,ENSEMBL:ENSFCAG00000010517
dictyBase:DDB_G0290217,GENO,glb1
ENSEMBL:ENSPTRG00000014682,ORTH,ENSEMBL:ENSPTRG00000014682
ENSEMBL:ENSPTRG00000019319,ORTH,ENSEMBL:ENSPTRG00000019319
ENSEMBL:ENSFCAG00000000877,ORTH,ENSEMBL:ENSFCAG00000000877
MGI:95590,ORTH,Ftl2-ps
ENSEMBL:ENSBTAG00000008372,ORTH,ENSEMBL:ENSBTAG00000008372
MP:0001927,DISO,abnormal estrous cycle
MP:0000627,DISO,abnormal mammary gland morphology
RGD:1302939,ORTH,Eef1g
ENSEMBL:ENSGALG00000039942,ORTH,CTBP1
MGI:5298849,ORTH,Htt<tm1Hay>/Htt<tm1Hay>; Tg(YAC46)668Hay [involves: FVB/N]
ZFIN:ZDB-GENE-090821-2,ORTH,grin2ba
FlyBase:FBgn0005779,ORTH,PpD6
WBPhenotype:0001942,DISO,rachis absent
MP:0002734,DISO,abnormal mechanical nociception
MP:0002413,DISO,abnormal megakaryocyte progenitor cell morphology
GO:0031072,PHYS,heat shock protein binding
ENSEMBL:ENSCAFG00000019170,ORTH,ENSEMBL:ENSCAFG00000019170
ENSEMBL:ENSMMUG00000008418,ORTH,ENSEMBL:ENSMMUG00000008418
HP:0005086,DISO,Knee osteoarthritis
ENSEMBL:ENSMODG00000051240,ORTH,ENSEMBL:ENSMODG00000051240
ENSEMBL:ENSSSCG00000041813,ORTH,ENSEMBL:ENSSSCG00000041813
ENSEMBL:ENSFCAG00000036371,ORTH,ENSEMBL:ENSFCAG00000036371
WBPhenotype:0000475,DISO,muscle detached
HP:0025114,DISO,Hypergranulosis
HP:0002002,DISO,Deep philtrum
dictyBase:DDB_G0276355,GENO,dhcA
MP:0020393,DISO,increased neuronal precursor proliferation
WBPhenotype:0001979,DISO,gonad vesiculated
HP:0410263,DISO,Brain imaging abnormality
WBPhenotype:0000179,DISO,neuron degeneration
HGNC:5960,GENE,IKBKB
RGD:621646,ORTH,Vim
HP:0032210,DISO,Decreased circulating free T3
ENSEMBL:ENSMMUG00000002021,ORTH,ENSEMBL:ENSMMUG00000002021
ENSEMBL:ENSMMUG00000001509,ORTH,ENSEMBL:ENSMMUG00000001509
ENSEMBL:ENSGALG00000005071,ORTH,ENSEMBL:ENSGALG00000005071
ENSEMBL:ENSMMUG00000001825,ORTH,ENSEMBL:ENSMMUG00000001825
FlyBase:FBgn0032596,ORTH,Prosbeta4
WBPhenotype:0000892,DISO,hermaphrodite germline proliferation variant
WBPhenotype:0000469,DISO,Q neuroblast lineage migration variant
ENSEMBL:ENSCAFG00000030530,ORTH,ENSEMBL:ENSCAFG00000030530
MP:0008596,DISO,increased circulating interleukin-6 level
ENSEMBL:ENSFCAG00000009629,ORTH,ENSEMBL:ENSFCAG00000009629
MONARCH:APO_0000106APO_0000246,GENO,vegetative growth:increased rate
MP:0008347,DISO,decreased gamma-delta T cell number
ENSEMBL:ENSMMUG00000012981,ORTH,ENSEMBL:ENSMMUG00000012981
ZP:0011505,DISO,"posterior margin midbrain increased width, abnormal"
ENSEMBL:ENSPTRG00000016330,ORTH,ENSEMBL:ENSPTRG00000016330
dictyBase:DDB_G0272797,GENO,DDB_G0272797
WBPhenotype:0000542,DISO,fat
ENSEMBL:ENSGALG00000008494,ORTH,ENSEMBL:ENSGALG00000008494
ENSEMBL:ENSPTRG00000003063,ORTH,ENSEMBL:ENSPTRG00000003063
EFO:0007984,GENO,platelet component distribution width
WBPhenotype:0000961,DISO,pattern of transgene expression variant
MGI:892004,ORTH,H2-Bl
ENSEMBL:ENSECAG00000013971,ORTH,ENSEMBL:ENSECAG00000013971
MONARCH:APO_0000199APO_0000002,GENO,chitin deposition:abnormal
SGD:S000005507,ORTH,PEX11
MP:0004322,DISO,abnormal sternebra morphology
HP:0012249,DISO,Abnormal ST segment
MP:0004811,DISO,abnormal neuron physiology
MP:0002966,DISO,decreased circulating alkaline phosphatase level
WBPhenotype:0001213,DISO,locomotion reduced
HP:0100247,DISO,Recurrent singultus
ENSEMBL:ENSOANG00000040350,ORTH,ENSEMBL:ENSOANG00000040350
SGD:S000003794,ORTH,RAV1
dictyBase:DDB_G0278345,GENO,acly
ENSEMBL:ENSMMUG00000001739,ORTH,ENSEMBL:ENSMMUG00000001739
ZP:0009836,DISO,"secondary motor neuron decreased process quality axon extension, abnormal"
HP:0030078,DISO,Lung adenocarcinoma
SGD:S000004438,ORTH,YLR446W
ZP:0004006,DISO,"eye degeneration, abnormal"
ENSEMBL:ENSGALG00000040098,ORTH,EEF1D
WBPhenotype:0002191,DISO,fewer sex myoblasts
WBPhenotype:0000516,DISO,ventral cord disorganized
GO:0030659,PHYS,cytoplasmic vesicle membrane
ZFIN:ZDB-GENE-030131-7247,ORTH,wu:fl23c11
ZP:0000382,DISO,"primary neuron tract of the postoptic commissure morphology, abnormal"
dictyBase:DDB_G0274301,GENO,DDB0167813
ENSEMBL:ENSPTRG00000051554,ORTH,ENSEMBL:ENSPTRG00000051554
MP:0012113,DISO,decreased inner cell mass proliferation
ZP:0005918,DISO,"brain vasculature broken, abnormal"
ENSEMBL:ENSMODG00000016012,ORTH,ENSEMBL:ENSMODG00000016012
HP:0009020,DISO,Exercise-induced muscle fatigue
MGI:104871,ORTH,Ppp1cb
HP:0000689,DISO,Dental malocclusion
ZFIN:ZDB-GENE-140820-7,ORTH,mhc1lfa
ZP:0009507,DISO,"cerebellar Purkinje cell differentiation disrupted, abnormal"
WBPhenotype:0001425,DISO,receptor mediated endocytosis defective
ENSEMBL:ENSMMUG00000018582,ORTH,ENSEMBL:ENSMMUG00000018582
ZFIN:ZDB-GENE-040701-1,ORTH,nlk1
WormBase:WBGene00004313,ORTH,rbc-1
ENSEMBL:ENSOANG00000015730,ORTH,ENSEMBL:ENSOANG00000015730
FlyBase:FBgn0000711,ORTH,flw
ZP:0010095,DISO,"neural tube shape, abnormal"
ENSEMBL:ENSSSCG00000006954,ORTH,EEF1D
ENSEMBL:ENSECAG00000012315,ORTH,ENSEMBL:ENSECAG00000012315
ENSEMBL:ENSFCAG00000005241,ORTH,ENSEMBL:ENSFCAG00000005241
RGD:3046,ORTH,Mapk3
ENSEMBL:ENSECAG00000016216,ORTH,ENSEMBL:ENSECAG00000016216
WBPhenotype:0001199,DISO,gonad sheath contractions variant
EFO:0003963,GENO,freckles
MP:0010724,DISO,thick interventricular septum
HP:0001410,DISO,Decreased liver function
WBPhenotype:0000688,DISO,sterile
MP:0000956,DISO,decreased spinal cord size
ENSEMBL:ENSXETG00000032875,ORTH,slc25a53
RGD:1562975,ORTH,Kdm1a
ZFIN:ZDB-GENE-030131-8453,ORTH,lig3
dbSNP:rs6828882,GENO,rs6828882-?
FlyBase:FBgn0028515,ORTH,EndoGI
FBcv:0006002,DISO,decreased fecundity
GO:1903599,PHYS,positive regulation of autophagy of mitochondrion
WBPhenotype:0004007,DISO,periodic spicule prodding defective
EnsemblGenome:AT1G54390,ORTH,EnsemblGenome:AT1G54390
ZP:0137422,DISO,"swimming decreased linear velocity, abnormal"
ENSEMBL:ENSOANG00000010721,ORTH,ENSEMBL:ENSOANG00000010721
MP:0014062,DISO,nervous system inclusion bodies
ZP:0014277,DISO,"wound healing decreased process quality, abnormal"
ENSEMBL:ENSCAFG00000014596,ORTH,ENSEMBL:ENSCAFG00000014596
dictyBase:DDB_G0291928,GENO,ubqI
ENSEMBL:ENSCAFG00000016286,ORTH,DNAJB1
MP:0012129,DISO,failure of blastocyst formation
MP:0008269,DISO,abnormal hippocampus CA4 region morphology
MP:0008897,DISO,decreased IgG2c level
ZP:0003480,DISO,"bulbus arteriosus cylindrical, abnormal"
ZP:0000636,DISO,"trunk curved ventral, abnormal"
WormBase:WBGene00002583,ORTH,let-363
ENSEMBL:ENSCAFG00000049844,ORTH,POLR2H
ENSEMBL:ENSMODG00000039790,ORTH,ENSEMBL:ENSMODG00000039790
MP:0005265,DISO,abnormal blood urea nitrogen level
ZP:0008043,DISO,"optomotor response disrupted, abnormal"
ENSEMBL:ENSGALG00000001572,ORTH,ENSEMBL:ENSGALG00000001572
ZFIN:ZDB-GENE-100917-2,ORTH,plecb
dictyBase:DDB_G0292240,GENO,DDB0184288
FlyBase:FBgn0004910,ORTH,Eip63F-1
FlyBase:FBgn0002121,ORTH,l(2)gl
ENSEMBL:ENSMMUG00000006942,ORTH,ENSEMBL:ENSMMUG00000006942
ENSEMBL:ENSMMUG00000015238,ORTH,ENSEMBL:ENSMMUG00000015238
ENSEMBL:ENSPTRG00000045225,ORTH,ENSEMBL:ENSPTRG00000045225
ENSEMBL:ENSCAFG00000006853,ORTH,LOC477441
ENSEMBL:ENSFCAG00000010286,ORTH,ENSEMBL:ENSFCAG00000010286
ENSEMBL:ENSGALG00000007932,ORTH,ENSEMBL:ENSGALG00000007932
ENSEMBL:ENSECAG00000029531,ORTH,ENSEMBL:ENSECAG00000029531
ENSEMBL:ENSBTAG00000050919,ORTH,ENSEMBL:ENSBTAG00000050919
ZP:0000398,DISO,"whole organism necrotic, abnormal"
ZFIN:ZDB-GENE-041219-3,ORTH,commd3
Coriell:GM04213,GENO,NIGMS-GM04213
GO:0099523,PHYS,presynaptic cytosol
HP:0002213,DISO,Fine hair
OMIM:613004.0004,DISO,"HTT, IVS34DS, G-A, +1"
RGD:628631,ORTH,Mrfap1
ENSEMBL:ENSFCAG00000005402,ORTH,ENSEMBL:ENSFCAG00000005402
ENSEMBL:ENSBTAG00000025071,ORTH,TENM2
HP:0410009,DISO,Abnormality of the somatic nervous system
HP:0005102,DISO,Cochlear degeneration
Coriell:GM09197,GENO,NIGMS-GM09197
MP:0002098,DISO,abnormal vibrissa morphology
ZP:0018339,DISO,"axon glossopharyngeal ganglion malformed, abnormal"
ENSEMBL:ENSMODG00000015064,ORTH,ENSEMBL:ENSMODG00000015064
ZP:0006872,DISO,"ciliary marginal zone orientation spindle retinal pigmented epithelium, abnormal"
ENSEMBL:ENSPTRG00000002144,ORTH,ENSEMBL:ENSPTRG00000002144
MP:0004090,DISO,abnormal sarcomere morphology
RGD:1565486,ORTH,Rbm25l1
MP:0003140,DISO,dilated heart atrium
HP:0001671,DISO,Abnormal cardiac septum morphology
Xenbase:XB-GENE-479154,ORTH,app
WormBase:WBGene00020246,ORTH,clic-1
dictyBase:DDB_G0290931,GENO,DDB_G0290931
MP:0001382,DISO,abnormal nursing
Xenbase:XB-GENE-485923,ORTH,hey2
MP:0004713,DISO,split notochord
ENSEMBL:ENSACAG00000013092,ORTH,ENSEMBL:ENSACAG00000013092
ENSEMBL:ENSGALG00000050515,ORTH,A0A3Q2UAA5
FlyBase:FBgn0003889,ORTH,betaTub85D
HP:0005225,DISO,Intestinal edema
ENSEMBL:ENSBTAG00000010152,ORTH,ENSEMBL:ENSBTAG00000010152
ZP:0010935,DISO,"vein morphology, abnormal"
WormBase:WBGene00022800,ORTH,ZK688.5
FBcv:0000371,DISO,male semi-sterile
ZP:0000474,DISO,"neuron degenerate, abnormal"
ENSEMBL:ENSACAG00000005807,ORTH,ENSEMBL:ENSACAG00000005807
ZFIN:ZDB-GENE-000510-1,ORTH,rhebl1
ZP:0005095,DISO,"somite lacks parts or has fewer parts of type fast muscle cell, abnormal"
EFO:0007841,GENO,facial morphology measurement
MP:0001902,DISO,reduced NMDA-mediated synaptic currents
ENSEMBL:ENSBTAG00000012049,ORTH,ENSEMBL:ENSBTAG00000012049
MP:0008868,DISO,abnormal granulosa cell morphology
MP:0005402,DISO,abnormal action potential
ENSEMBL:ENSMODG00000013675,ORTH,ENSEMBL:ENSMODG00000013675
MP:0003413,DISO,hair follicle degeneration
ENSEMBL:ENSCAFG00000002713,ORTH,ENSEMBL:ENSCAFG00000002713
ENSEMBL:ENSPTRG00000021756,ORTH,ENSEMBL:ENSPTRG00000021756
HP:0010309,DISO,Bifid sternum
ENSEMBL:ENSMODG00000004672,ORTH,ENSEMBL:ENSMODG00000004672
ZP:0011824,DISO,"secondary lysosome EVL increased amount, abnormal"
ENSEMBL:ENSGALG00000013738,ORTH,OPTN
MP:0012062,DISO,small tail bud
HP:0000238,DISO,Hydrocephalus
ENSEMBL:ENSXETG00000009064,ORTH,ENSEMBL:ENSXETG00000009064
HP:0001931,DISO,Hypochromic anemia
ENSEMBL:ENSRNOG00000038610,ORTH,E9PTN6
ENSEMBL:ENSSSCG00000014016,ORTH,SQSTM1
HP:0002167,DISO,Neurological speech impairment
MONARCH:APO_0000309APO_0000004,GENO,respiratory growth:increased
ENSEMBL:ENSECAG00000014586,ORTH,ENSEMBL:ENSECAG00000014586
ENSEMBL:ENSMODG00000011995,ORTH,ENSEMBL:ENSMODG00000011995
ENSEMBL:ENSFCAG00000030327,ORTH,ENSEMBL:ENSFCAG00000030327
ENSEMBL:ENSCAFG00000000360,ORTH,SQSTM1
ENSEMBL:ENSBTAG00000007474,ORTH,ENSEMBL:ENSBTAG00000007474
HP:0005112,DISO,Abdominal aortic aneurysm
WBPhenotype:0001043,DISO,interphase entry defective early emb
FlyBase:FBgn0015778,ORTH,rin
MP:0005240,DISO,abnormal amacrine cell morphology
ZP:0001277,DISO,"photoreceptor cell circular, abnormal"
WBPhenotype:0001013,DISO,pathogen susceptibility increased
WBPhenotype:0000700,DISO,multivulva
Coriell:GM04868,GENO,NIGMS-GM04868
HP:0000967,DISO,Petechiae
ZP:0003538,DISO,"pectoral fin malformed, abnormal"
HP:0003228,DISO,Hypernatremia
ENSEMBL:ENSBTAG00000024787,ORTH,HAUS3
dictyBase:DDB_G0276885,GENO,casK
HP:0011113,DISO,Abnormality of cytokine secretion
dictyBase:DDB_G0269230,GENO,fpaA
UBERON:0004804,ANAT,oviduct epithelium
MONARCH:APO_0000199APO_0000117,GENO,chitin deposition:normal
HGNC:19353,GENE,SIN3A
dictyBase:DDB_G0286773,GENO,gflB
FlyBase:FBgn0039044,ORTH,p53
WBPhenotype:0002277,DISO,dauer lifespan extended
MP:0000929,DISO,open neural tube
HGNC:5258,GENE,HSP90AB1
ENSEMBL:ENSACAG00000010183,ORTH,ENSEMBL:ENSACAG00000010183
ZP:0004599,DISO,"cartilaginous joint mandibular arch skeleton morphology, abnormal"
EnsemblGenome:AT1G04820,ORTH,EnsemblGenome:AT1G04820
dictyBase:DDB_G0275703,GENO,gefN
MP:0012468,DISO,decreased striatum size
ENSEMBL:ENSMMUG00000001194,ORTH,ENSEMBL:ENSMMUG00000001194
ENSEMBL:ENSPTRG00000006931,ORTH,ENSEMBL:ENSPTRG00000006931
HP:0012705,DISO,Abnormal metabolic brain imaging by MRS
SGD:S000001847,ORTH,RGD2
ENSEMBL:ENSSSCG00000035776,ORTH,A0A287AGI9
WBPhenotype:0001962,DISO,missing distal tip cells
ZP:0100482,DISO,"midbrain hindbrain boundary neural rod absent, abnormal"
MONARCH:APO_0000128APO_0000003,GENO,peroxisomal transport:decreased
HGNC:6769,GENE,SMAD3
MP:0009928,DISO,abnormal pinna hair pigmentation
ENSEMBL:ENSCAFG00000016532,ORTH,ENSEMBL:ENSCAFG00000016532
HP:0011496,DISO,Corneal neovascularization
HP:0010784,DISO,Uterine neoplasm
MP:0005666,DISO,abnormal adipose tissue physiology
WormBase:WBGene00000552,ORTH,cmd-1
HP:0001882,DISO,Leukopenia
MGI:95805,ORTH,Grb2
ENSEMBL:ENSOANG00000046842,ORTH,ENSEMBL:ENSOANG00000046842
MONARCH:APO_0000240APO_0000003,GENO,mitophagy:decreased
ENSEMBL:ENSPTRG00000046370,ORTH,ENSEMBL:ENSPTRG00000046370
MP:0011207,DISO,absent ectoplacental cavity
MP:0000961,DISO,abnormal dorsal root ganglion morphology
ENSEMBL:ENSECAG00000024945,ORTH,ENSEMBL:ENSECAG00000024945
ENSEMBL:ENSGALG00000015548,ORTH,RNF20
ENSEMBL:ENSSSCG00000024770,ORTH,LIG3
ZFIN:ZDB-GENE-061013-29,ORTH,cnot7
MP:0001380,DISO,reduced male mating frequency
ENSEMBL:ENSMMUG00000006799,ORTH,ENSEMBL:ENSMMUG00000006799
ENSEMBL:ENSPTRG00000030674,ORTH,ENSEMBL:ENSPTRG00000030674
Xenbase:XB-GENE-994068,ORTH,kpnb1
WBPhenotype:0002346,DISO,forward locomotion increased
MP:0010579,DISO,increased heart left ventricle size
ENSEMBL:ENSMODG00000016874,ORTH,ENSEMBL:ENSMODG00000016874
RGD:1564259,ORTH,Adgb
ENSEMBL:ENSCAFG00000001104,ORTH,ENSEMBL:ENSCAFG00000001104
SGD:S000000622,ORTH,RHB1
WBPhenotype:0000405,DISO,giant oocytes
ZP:0017426,DISO,"eye photoreceptor cell lacks parts or has fewer parts of type photoreceptor outer segment eye photoreceptor cell, abnormal"
ENSEMBL:ENSGALG00000036678,ORTH,ETV4
ENSEMBL:ENSSSCG00000005600,ORTH,ENSEMBL:ENSSSCG00000005600
ENSEMBL:ENSSSCG00000012836,ORTH,AP2A2
ENSEMBL:ENSPTRG00000010424,ORTH,ENSEMBL:ENSPTRG00000010424
RGD:621255,ORTH,Ago2
ENSEMBL:ENSSSCG00060023500,ORTH,ENSEMBL:ENSSSCG00060023500
ENSEMBL:ENSACAG00000011733,ORTH,ENSEMBL:ENSACAG00000011733
MP:0003546,DISO,decreased alcohol consumption
ZP:0006348,DISO,"intestinal villus decreased amount, abnormal"
ENSEMBL:ENSFCAG00000004901,ORTH,ENSEMBL:ENSFCAG00000004901
ENSEMBL:ENSMODG00000011233,ORTH,ENSEMBL:ENSMODG00000011233
ZP:0018479,DISO,"spinal cord decreased process quality motor neuron axon guidance, abnormal"
ENSEMBL:ENSECAG00000003428,ORTH,ENSEMBL:ENSECAG00000003428
HP:0000798,DISO,Oligospermia
EFO:0004528,GENO,mean corpuscular hemoglobin concentration
WBPhenotype:0000438,DISO,retarded heterochronic variations
HP:0010826,DISO,Abnormality of the twelfth cranial nerve
ENSEMBL:ENSFCAG00000013801,ORTH,ENSEMBL:ENSFCAG00000013801
MP:0003447,DISO,decreased tumor growth/size
HGNC:4882,GENE,HEYL
ZP:0003151,DISO,"facial ganglion decreased size, abnormal"
ENSEMBL:ENSACAG00000026327,ORTH,ENSEMBL:ENSACAG00000026327
MP:0001191,DISO,abnormal skin condition
ZFIN:ZDB-GENE-100316-4,ORTH,psme4b
WBPhenotype:0001184,DISO,fat content increased
HP:0002365,DISO,Hypoplasia of the brainstem
ENSEMBL:ENSMMUG00000010740,ORTH,ENSEMBL:ENSMMUG00000010740
RGD:1308655,ORTH,Lsm5
MP:0002359,DISO,abnormal spleen germinal center morphology
MP:0009387,DISO,abnormal epidermal pigmentation
HP:0011122,DISO,Abnormality of skin physiology
HP:0002999,DISO,Patellar dislocation
HP:0000712,DISO,Emotional lability
ENSEMBL:ENSMODG00000001673,ORTH,ENSEMBL:ENSMODG00000001673
ENSEMBL:ENSFCAG00000009775,ORTH,ENSEMBL:ENSFCAG00000009775
Coriell:GM04857,GENO,NIGMS-GM04857
Xenbase:XB-GENE-483379,ORTH,ctbp1
ZP:0004004,DISO,"cell diencephalon decreased amount, abnormal"
WBPhenotype:0000633,DISO,axon branching variant
HP:0002131,DISO,Episodic ataxia
FlyBase:FBgn0028695,ORTH,Rpn1
HP:0001266,DISO,Choreoathetosis
ZP:0002255,DISO,"midbrain hindbrain boundary condensed, abnormal"
ENSEMBL:ENSMMUG00000016048,ORTH,ENSEMBL:ENSMMUG00000016048
ENSEMBL:ENSMMUG00000020521,ORTH,ENSEMBL:ENSMMUG00000020521
ENSEMBL:ENSMMUG00000007842,ORTH,ENSEMBL:ENSMMUG00000007842
ENSEMBL:ENSXETG00000009073,ORTH,pkp1
WBPhenotype:0000965,DISO,somatic cell death variant
Xenbase:XB-GENE-945356,ORTH,fez1
HP:0001629,DISO,Ventricular septal defect
HP:0000958,DISO,Dry skin
WBPhenotype:0000605,DISO,reproductive system morphology variant
ZP:0006864,DISO,"mitotic cell cycle arrested, abnormal"
ENSEMBL:ENSMMUG00000007430,ORTH,ENSEMBL:ENSMMUG00000007430
HP:0004959,DISO,Descending thoracic aorta aneurysm
MP:0003063,DISO,increased coping response
PomBase:SPBC16H5.07c,GENO,ppa2
ENSEMBL:ENSSSCG00000006089,ORTH,PTDSS1
ZP:0000387,DISO,"mid diencephalic organizer cellular quality, abnormal"
ZP:0016569,DISO,"cell division absent, abnormal"
MP:0010594,DISO,thick aortic valve
FlyBase:CG5669,ORTH,FlyBase:CG5669
ZP:0000095,DISO,"whole organism lethal (sensu genetics), abnormal"
MGI:2446977,ORTH,Kif18a
Xenbase:XB-GENE-5910254,ORTH,pex11b
ENSEMBL:ENSECAG00000007532,ORTH,ENSEMBL:ENSECAG00000007532
ENSEMBL:ENSECAG00000005631,ORTH,ENSEMBL:ENSECAG00000005631
PomBase:SPAC821.10c,GENO,sod1
ZP:0004555,DISO,"optic tectum structure, abnormal"
HP:0000010,DISO,Recurrent urinary tract infections
ENSEMBL:ENSMODG00000016736,ORTH,ENSEMBL:ENSMODG00000016736
ZFIN:ZDB-GENE-131024-2,ORTH,itchb
ENSEMBL:ENSSSCG00000023357,ORTH,REST
FlyBase:FBgn0011745,ORTH,Arp1
ENSEMBL:ENSSSCG00000031786,ORTH,NCDN
ENSEMBL:ENSSSCG00000028036,ORTH,MAP3K10
dictyBase:DDB_G0283543,GENO,DDB0185552
PomBase:SPAC29A4.05,GENO,cam2
ZP:0000374,DISO,"head apoptotic, abnormal"
HP:0000649,DISO,Abnormality of visual evoked potentials
NCBIGene:100493954,GENE,LOC100493954
APO:0000152,DISO,haploinsufficient
ZP:0002588,DISO,"larval locomotory behavior process quality, abnormal"
PomBase:SPCC4G3.08,GENO,psk1
ZP:0000304,DISO,"cell population proliferation decreased occurrence, abnormal"
HP:0030190,DISO,Oral motor hypotonia
ENSEMBL:ENSECAG00000020965,ORTH,ENSEMBL:ENSECAG00000020965
ENSEMBL:ENSACAG00000000468,ORTH,ENSEMBL:ENSACAG00000000468
HP:0002360,DISO,Sleep disturbance
FlyBase:FBgn0035675,ORTH,CG6610
MP:0001327,DISO,decreased retinal photoreceptor cell number
ENSEMBL:ENSGALG00000013616,ORTH,ENSEMBL:ENSGALG00000013616
HP:0001363,DISO,Craniosynostosis
ZP:0106465,DISO,"primordial germ cell decreased process quality microtubule organizing center organization, abnormal"
ENSEMBL:ENSCAFG00000030862,ORTH,COMMD4
MP:0000763,DISO,abnormal filiform papillae morphology
ENSEMBL:ENSMODG00000043149,ORTH,ENSEMBL:ENSMODG00000043149
Xenbase:XB-GENE-949877,ORTH,ikbkb
MP:0004601,DISO,abnormal vertebral spinous process morphology
PomBase:SPCC18.06c,GENO,caf1
MONARCH:APO_0000046APO_0000005,GENO,silencing:absent
ENSEMBL:ENSSSCG00000001866,ORTH,ENSEMBL:ENSSSCG00000001866
ENSEMBL:ENSACAG00000002641,ORTH,ENSEMBL:ENSACAG00000002641
MP:0002048,DISO,increased lung adenoma incidence
ENSEMBL:ENSMODG00000001760,ORTH,ENSEMBL:ENSMODG00000001760
MP:0009136,DISO,decreased brown fat cell size
ENSEMBL:ENSPTRG00000042982,ORTH,ENSEMBL:ENSPTRG00000042982
MP:0003704,DISO,abnormal hair follicle development
RGD:1307790,ORTH,Eif4e2
Xenbase:XB-GENE-942552,ORTH,haus2
MP:0008516,DISO,disorganized retinal outer nuclear layer
ZP:0007288,DISO,"central artery irregular spatial pattern, abnormal"
ENSEMBL:ENSFCAG00000026276,ORTH,ENSEMBL:ENSFCAG00000026276
HGNC:25501,GENE,BSDC1
ZP:0001091,DISO,"post-vent region increased curvature, abnormal"
EFO:0004338,GENO,body weight
ENSEMBL:ENSPTRG00000020622,ORTH,ENSEMBL:ENSPTRG00000020622
ENSEMBL:ENSSSCG00000033540,ORTH,A0A287AF21
HP:0007485,DISO,Absence of subcutaneous fat
ENSEMBL:ENSXETG00000034817,ORTH,plekhn1
ENSEMBL:ENSOANG00000009310,ORTH,ENSEMBL:ENSOANG00000009310
ENSEMBL:ENSBTAG00000009516,ORTH,ENSEMBL:ENSBTAG00000009516
HP:0000358,DISO,Posteriorly rotated ears
ZP:0101899,DISO,"neuron projection facial nerve motor nucleus increased amount, abnormal"
WBPhenotype:0000012,DISO,dauer constitutive
ENSEMBL:ENSSSCG00000015867,ORTH,ENSEMBL:ENSSSCG00000015867
MP:0003313,DISO,abnormal locomotor activation
MP:0000471,DISO,abnormal stomach epithelium morphology
ZP:0011509,DISO,"optic tectum process quality regulation of neurogenesis, abnormal"
WBPhenotype:0000442,DISO,larval development retarded
MP:0001981,DISO,increased chemically-elicited antinociception
ZFIN:ZDB-GENE-990415-94,ORTH,hsp90aa1.1
SGD:S000005335,ORTH,POP2
MGI:97912,ORTH,Rheb
ENSEMBL:ENSECAG00000020699,ORTH,ENSEMBL:ENSECAG00000020699
HP:0000729,DISO,Autistic behavior
HP:0001133,DISO,Constriction of peripheral visual field
ZP:0005734,DISO,"muscle morphology, abnormal"
dbSNP:rs73191188,GENO,rs73191188-A
WBPhenotype:0000154,DISO,reduced brood size
ZP:0001383,DISO,"retinal outer plexiform layer morphology, abnormal"
WormBase:WBGene00012536,ORTH,Y37A1A.3
HP:0006829,DISO,Severe muscular hypotonia
ENSEMBL:ENSACAG00000014787,ORTH,ENSEMBL:ENSACAG00000014787
ENSEMBL:ENSBTAG00000009960,ORTH,ENSEMBL:ENSBTAG00000009960
HP:0100827,DISO,Lymphocytosis
FlyBase:FBgn0050378,ORTH,Dmel\CG30378
HP:0000633,DISO,Decreased lacrimation
ZP:0018108,DISO,"cerebellum increased occurrence apoptotic process, abnormal"
HGNC:5526,GENE,IGHG2
FlyBase:FBgn0033631,ORTH,Sod3
ENSEMBL:ENSACAG00000001727,ORTH,ENSEMBL:ENSACAG00000001727
dictyBase:DDB_G0285683,GENO,eif3I
RGD:1308207,ORTH,Dnajb6
MP:0008211,DISO,decreased mature B cell number
MP:0001553,DISO,abnormal circulating free fatty acids level
WormBase:WBGene00000366,ORTH,cbp-1
HP:0410043,DISO,Abnormal neural tube morphology
MGI:105992,ORTH,Tkt
ZP:0100209,DISO,"retinal outer nuclear layer increased amount, abnormal"
MP:0002862,DISO,abnormal righting response
HGNC:12631,GENE,USP8
SGD:S000004788,ORTH,ECM5
WBPhenotype:0000649,DISO,vulva location variant
MP:0000453,DISO,absent mouth
ZP:0006787,DISO,"slow muscle cell mislocalised, abnormal"
HP:0001337,DISO,Tremor
XPO:0102390,GENO,abnormal tail bud morphology
ENSEMBL:ENSFCAG00000028210,ORTH,ENSEMBL:ENSFCAG00000028210
MONARCH:APO_0000326APO_0000003,GENO,desiccation resistance:decreased
ZP:0008389,DISO,"apical region retinal neural layer increased area, abnormal"
HP:0001635,DISO,Congestive heart failure
ENSEMBL:ENSGALG00000010490,ORTH,DPYSL4
dictyBase:DDB_G0274211,GENO,DDB0167574
ZP:0000531,DISO,"dorsal aorta aplastic, abnormal"
RGD:70907,ORTH,Actn1
ZP:0005847,DISO,"photoreceptor outer segment photoreceptor cell decreased length, abnormal"
ZP:0008038,DISO,"Z disc cardiac muscle cell decreased size, abnormal"
ENSEMBL:ENSMODG00000015157,ORTH,ENSEMBL:ENSMODG00000015157
ENSEMBL:ENSCAFG00000009934,ORTH,ATXN1
ENSEMBL:ENSMODG00000008614,ORTH,ENSEMBL:ENSMODG00000008614
MP:0002834,DISO,decreased heart weight
MP:0000042,DISO,abnormal organ of Corti morphology
HP:0007108,DISO,Demyelinating peripheral neuropathy
MP:0010912,DISO,herniated liver
dbSNP:rs2798297,GENO,rs2798297-A
ENSEMBL:ENSPTRG00000010851,ORTH,ENSEMBL:ENSPTRG00000010851
ENSEMBL:ENSPTRG00000010133,ORTH,ENSEMBL:ENSPTRG00000010133
ENSEMBL:ENSPTRG00000009525,ORTH,ENSEMBL:ENSPTRG00000009525
ENSEMBL:ENSECAG00000019648,ORTH,ENSEMBL:ENSECAG00000019648
ZP:0100539,DISO,"rhombomere 6 has fewer parts of type motor neuron facial nerve motor nucleus, abnormal"
Coriell:GM04779,GENO,NIGMS-GM04779
WormBase:WBGene00003048,ORTH,lit-1
MP:0011939,DISO,increased food intake
ENSEMBL:ENSFCAG00000031140,ORTH,ENSEMBL:ENSFCAG00000031140
WBPhenotype:0001221,DISO,nose touch defective
ENSEMBL:ENSFCAG00000007698,ORTH,ENSEMBL:ENSFCAG00000007698
ENSEMBL:ENSSSCG00000004845,ORTH,FAN1
MP:0009715,DISO,thick epidermis stratum basale
WBPhenotype:0001945,DISO,oocytes small
ZP:0002060,DISO,"yolk edematous, abnormal"
MP:0001186,DISO,pigmentation phenotype
MP:0000557,DISO,absent hindlimb
Coriell:GM05538,GENO,NIGMS-GM05538
WBPhenotype:0000111,DISO,pattern of gene expression variant
WormBase:WBGene00015471,ORTH,lmp-2
ZP:0017705,DISO,"swimming increased process quality, abnormal"
WBPhenotype:0002337,DISO,path curvature decreased
WBPhenotype:0000866,DISO,germ cell arrest
ENSEMBL:ENSOANG00000042741,ORTH,ENSEMBL:ENSOANG00000042741
ZFIN:ZDB-GENE-070410-43,ORTH,trafd1
ENSEMBL:ENSFCAG00000003098,ORTH,ENSEMBL:ENSFCAG00000003098
ENSEMBL:ENSMODG00000008558,ORTH,ENSEMBL:ENSMODG00000008558
HP:0002909,DISO,Generalized aminoaciduria
ZP:0007910,DISO,"kinocilium posterior lateral line neuromast decreased length, abnormal"
MP:0008439,DISO,abnormal cortical plate morphology
ENSEMBL:ENSCAFG00000011357,ORTH,PEX11B
MONARCH:APO_0000085APO_0000003,GENO,UV resistance:decreased
ENSEMBL:ENSBTAG00000017825,ORTH,ENSEMBL:ENSBTAG00000017825
ENSEMBL:ENSMODG00000000221,ORTH,ENSEMBL:ENSMODG00000000221
HP:3000002,DISO,Abnormal inner ear epithelium morphology
FBcv:0002020,DISO,some die during P-stage
ENSEMBL:ENSMODG00000008922,ORTH,ENSEMBL:ENSMODG00000008922
ENSEMBL:ENSPTRG00000000524,ORTH,ENSEMBL:ENSPTRG00000000524
ENSEMBL:ENSSSCG00000004119,ORTH,GRM1
ZP:0002943,DISO,"lens malformed, abnormal"
WBPhenotype:0001468,DISO,benzaldehyde chemotaxis variant
MP:0003993,DISO,abnormal ventral spinal root morphology
ZP:0005691,DISO,"dorsal aorta decreased diameter, abnormal"
MP:0004860,DISO,dilated kidney collecting duct
MGI:1914529,ORTH,Med31
HGNC:4881,GENE,HEY2
ENSEMBL:ENSMODG00000047408,ORTH,ENSEMBL:ENSMODG00000047408
ZP:0138132,DISO,"skeletal muscle increased process quality TOR signaling, abnormal"
ENSEMBL:ENSECAG00000020595,ORTH,ENSEMBL:ENSECAG00000020595
ENSEMBL:ENSMMUG00000005224,ORTH,ENSEMBL:ENSMMUG00000005224
MGI:6400710,ORTH,Htt<tm5Detl>/Htt<+> [involves: C57BL/6]
HP:0100022,DISO,Abnormality of movement
HP:0002527,DISO,Falls
ENSEMBL:ENSOANG00000004646,ORTH,ENSEMBL:ENSOANG00000004646
MP:0010307,DISO,abnormal tumor latency
MGI:95957,ORTH,H2-T23
RGD:619838,ORTH,Pabpc1
ENSEMBL:ENSECAG00000026833,ORTH,ENSEMBL:ENSECAG00000026833
ENSEMBL:ENSMMUG00000007524,ORTH,ENSEMBL:ENSMMUG00000007524
ZP:0000359,DISO,"forebrain decreased size, abnormal"
HP:0045005,DISO,Neural tube defect
ENSEMBL:ENSOANG00000002226,ORTH,ENSEMBL:ENSOANG00000002226
HP:0000642,DISO,Red-green dyschromatopsia
ENSEMBL:ENSMODG00000015696,ORTH,ENSEMBL:ENSMODG00000015696
MONARCH:APO_0000215APO_0000003,GENO,toxin resistance:decreased
SGD:S000000202,ORTH,SRO77
SGD:S000000967,ORTH,PAB1
MP:0003996,DISO,clonic seizures
ENSEMBL:ENSOANG00000007850,ORTH,ENSEMBL:ENSOANG00000007850
ZP:0011633,DISO,"photoreceptor outer segment photoreceptor cell absent, abnormal"
ZP:0006833,DISO,"protein glycosylation decreased process quality, abnormal"
ENSEMBL:ENSFCAG00000038056,ORTH,ENSEMBL:ENSFCAG00000038056
MP:0011077,DISO,decreased macrophage nitric oxide production
MP:0000443,DISO,abnormal snout morphology
MGI:1914544,ORTH,Elp1
HGNC:50546,GENE,LINC01337
ENSEMBL:ENSMODG00000005173,ORTH,ENSEMBL:ENSMODG00000005173
MP:0004231,DISO,abnormal calcium ion homeostasis
ENSEMBL:ENSBTAG00000032852,ORTH,GPRASP2
ENSEMBL:ENSGALG00000030411,ORTH,PSMA7
dictyBase:DDB_G0287689,GENO,tubA
ENSEMBL:ENSMODG00000041797,ORTH,ENSEMBL:ENSMODG00000041797
MP:0005547,DISO,abnormal Muller cell morphology
ENSEMBL:ENSECAG00000024742,ORTH,ENSEMBL:ENSECAG00000024742
ENSEMBL:ENSSSCG00000039962,ORTH,HSPB1
MGI:2675620,ORTH,Htt<tm1Mfc>/Htt<tm1Mfc> [involves: 129S1/Sv * C57BL/6]
MP:0001724,DISO,abnormal extraembryonic endoderm formation
ENSEMBL:ENSPTRG00000043934,ORTH,ENSEMBL:ENSPTRG00000043934
WormBase:WBGene00000820,ORTH,csp-2
MP:0009267,DISO,abnormal cerebellum fissure morphology
ENSEMBL:ENSECAG00000023974,ORTH,ENSEMBL:ENSECAG00000023974
ZP:0137506,DISO,"secondary motor neuron process quality axon guidance, abnormal"
HP:0003758,DISO,Reduced subcutaneous adipose tissue
WormBase:WBGene00010663,ORTH,toca-2
ZP:0000240,DISO,"whole organism bent, abnormal"
HGNC:463,GENE,AMFR
ZP:0000333,DISO,"determination of left/right symmetry disrupted, abnormal"
MP:0003049,DISO,abnormal lumbar vertebrae morphology
WBPhenotype:0000456,DISO,touch resistant
ENSEMBL:ENSMMUG00000023288,ORTH,ENSEMBL:ENSMMUG00000023288
ENSEMBL:ENSCAFG00000013917,ORTH,ENSEMBL:ENSCAFG00000013917
ENSEMBL:ENSACAG00000005040,ORTH,ENSEMBL:ENSACAG00000005040
ENSEMBL:ENSOANG00000003818,ORTH,ENSEMBL:ENSOANG00000003818
MGI:1891704,ORTH,Hbs1l
FlyBase:FBgn0001186,ORTH,Hex-A
ENSEMBL:ENSMMUG00000015233,ORTH,ENSEMBL:ENSMMUG00000015233
ENSEMBL:ENSPTRG00000003768,ORTH,ENSEMBL:ENSPTRG00000003768
HP:0001888,DISO,Lymphopenia
MP:0011090,DISO,"perinatal lethality, incomplete penetrance"
ZFIN:ZDB-GENE-070912-105,ORTH,ftr95
MP:0000592,DISO,short tail
ZP:0021843,DISO,"retinal inner nuclear layer increased amount, abnormal"
MP:0000861,DISO,disorganized barrel cortex
ENSEMBL:ENSMODG00000002337,ORTH,ENSEMBL:ENSMODG00000002337
FlyBase:FBgn0001089,ORTH,Gal
ZFIN:ZDB-GENE-040426-1069,ORTH,chuk
HGNC:24808,GENE,TRAFD1
HP:0001263,DISO,Global developmental delay
HP:0010663,DISO,Abnormality of thalamus morphology
ENSEMBL:ENSCAFG00000018305,ORTH,LLGL1
ENSEMBL:ENSMMUG00000049848,ORTH,ENSEMBL:ENSMMUG00000049848
SGD:S000004550,ORTH,TUB1
ENSEMBL:ENSCAFG00000010910,ORTH,FEZ1
ENSEMBL:ENSSSCG00000022454,ORTH,NRBP1
HP:0030084,DISO,Clinodactyly
HP:0004305,DISO,Involuntary movements
ZP:0006867,DISO,"exocrine pancreas decreased length, abnormal"
Xenbase:XB-GENE-481100,ORTH,ptges2
ENSEMBL:ENSMODG00000000765,ORTH,ENSEMBL:ENSMODG00000000765
ENSEMBL:ENSFCAG00000002477,ORTH,ENSEMBL:ENSFCAG00000002477
RGD:621312,ORTH,St13
RGD:1308737,ORTH,Pias4
MP:0010209,DISO,abnormal circulating chemokine level
ENSEMBL:ENSMMUG00000002247,ORTH,ENSEMBL:ENSMMUG00000002247
FlyBase:FBgn0267001,ORTH,Ten-a
PomBase:SPAC1805.12c,GENO,uep1
WBPhenotype:0001950,DISO,diplotene region organization variant
MGI:1890695,ORTH,Rab9
ENSEMBL:ENSOANG00000000140,ORTH,ENSEMBL:ENSOANG00000000140
dictyBase:DDB_G0284385,GENO,DDB0185983
MP:0020527,DISO,small thalamus
MGI:5569537,ORTH,Tg(CMV-HTT*89Q)ATag/Tg(CMV-HTT*89Q)ATag [involves: FVB/N]
MP:0013876,DISO,absent ductus venosus valve
HP:0002669,DISO,Osteosarcoma
PomBase:SPAC23D3.07,GENO,pup1
ZP:0100734,DISO,"autophagy process quality, abnormal"
MGI:6294293,ORTH,Tg(Prnp-HTT*82Q)8AGschi [involves: C3H/HeJ * C57BL/6J]
WBPhenotype:0001577,DISO,mitochondria alignment variant
ENSEMBL:ENSCAFG00000005734,ORTH,ENSEMBL:ENSCAFG00000005734
Coriell:GM14044,GENO,NIGMS-GM14044
ENSEMBL:ENSMODG00000037820,ORTH,ENSEMBL:ENSMODG00000037820
ENSEMBL:ENSGALG00000045705,ORTH,H2AFX
RGD:1595786,ORTH,RT1-CE7
ZP:0138051,DISO,"swimming increased linear velocity, abnormal"
HP:0007343,DISO,Abnormal morphology of the limbic system
ZP:0002507,DISO,"opsin transport disrupted, abnormal"
HGNC:8140,GENE,OPA1
MP:0020859,DISO,disorganized corneal epithelium
ENSEMBL:ENSECAG00000014666,ORTH,ENSEMBL:ENSECAG00000014666
HGNC:938,GENE,BAG2
ENSEMBL:ENSBTAG00000015811,ORTH,E1BA77
ENSEMBL:ENSPTRG00000021418,ORTH,ENSEMBL:ENSPTRG00000021418
WBPhenotype:0002151,DISO,mRNA deadenylation variant
ZP:0020493,DISO,"Meckel's cartilage decreased amount, abnormal"
MP:0008834,DISO,abnormal melanosome transport
ZFIN:ZDB-GENE-091118-94,ORTH,cetn2
HP:0030047,DISO,Abnormal lateral ventricle morphology
ENSEMBL:ENSECAG00000018600,ORTH,ENSEMBL:ENSECAG00000018600
ENSEMBL:ENSECAG00000001037,ORTH,ENSEMBL:ENSECAG00000001037
ENSEMBL:ENSECAG00000024248,ORTH,ENSEMBL:ENSECAG00000024248
ENSEMBL:ENSSSCG00000022725,ORTH,ENSEMBL:ENSSSCG00000022725
dictyBase:DDB_G0279721,GENO,ubqH
dictyBase:DDB_G0282025,GENO,DDB0205093
ZP:0005169,DISO,"parasphenoid ossified, abnormal"
ENSEMBL:ENSCAFG00000007750,ORTH,CASP3
ENSEMBL:ENSCAFG00000009014,ORTH,ENSEMBL:ENSCAFG00000009014
ENSEMBL:ENSACAG00000012747,ORTH,ENSEMBL:ENSACAG00000012747
PomBase:SPAC17G8.14c,GENO,pck1
ZP:0003637,DISO,"whole organism deformed, abnormal"
ENSEMBL:ENSBTAG00000019386,ORTH,BOLA-NC1
MGI:1914410,ORTH,Eef1g
dbSNP:rs73786719,GENO,rs73786719-?
ENSEMBL:ENSFCAG00000041725,ORTH,ENSEMBL:ENSFCAG00000041725
ZP:0003198,DISO,"regulation of transmission of nerve impulse decreased process quality, abnormal"
ENSEMBL:ENSECAG00000023865,ORTH,ENSEMBL:ENSECAG00000023865
ENSEMBL:ENSOANG00000036554,ORTH,ENSEMBL:ENSOANG00000036554
HP:0002089,DISO,Pulmonary hypoplasia
ENSEMBL:ENSFCAG00000041348,ORTH,ENSEMBL:ENSFCAG00000041348
SGD:S000006314,ORTH,RPC40
HP:0002282,DISO,Gray matter heterotopia
ENSEMBL:ENSSSCG00000011493,ORTH,ATXN7
ENSEMBL:ENSGALG00000014920,ORTH,USP14
WBPhenotype:0002216,DISO,pattern antibody staining variant
ENSEMBL:ENSMMUG00000012053,ORTH,ENSEMBL:ENSMMUG00000012053
Coriell:GM05536,GENO,NIGMS-GM05536
MGI:103288,ORTH,Polr1c
WBPhenotype:0001967,DISO,meiotic chromatin reorganization variant
ZFIN:ZDB-GENE-040426-1948,ORTH,zgc:56095
MP:0006294,DISO,absent optic vesicle
ZP:0011936,DISO,"intestine decreased process quality poly(A)+ mRNA export from nucleus, abnormal"
FBcv:0002004,DISO,increased mortality
MGI:95935,ORTH,H2-Q6
ENSEMBL:ENSMODG00000016684,ORTH,ENSEMBL:ENSMODG00000016684
HGNC:11998,GENE,TP53
ENSEMBL:ENSGALG00000054256,ORTH,HAUS3
ZFIN:ZDB-GENE-030131-7660,ORTH,cops3
WormBase:WBGene00004275,ORTH,rab-11.2
MGI:2388633,ORTH,Cltc
ENSEMBL:ENSFCAG00000002708,ORTH,ENSEMBL:ENSFCAG00000002708
HP:0000496,DISO,Abnormality of eye movement
Coriell:GM04727,GENO,NIGMS-GM04727
Coriell:GM04285,GENO,NIGMS-GM04285
MP:0013504,DISO,increased embryonic tissue cell apoptosis
ZP:0103450,DISO,"wound healing decreased occurrence, abnormal"
ENSEMBL:ENSACAG00000010848,ORTH,ENSEMBL:ENSACAG00000010848
WBPhenotype:0000119,DISO,protein expression increased
NCBIGene:100494930,GENE,LOC100494930
RGD:1310759,ORTH,Pabpc2
MP:0002270,DISO,abnormal pulmonary alveolus morphology
Coriell:GM05534,GENO,NIGMS-GM05534
ENSEMBL:ENSMODG00000015091,ORTH,ENSEMBL:ENSMODG00000015091
ZP:0003399,DISO,"rRNA catabolic process disrupted, abnormal"
RGD:2736,ORTH,Grin1
dictyBase:DDB_G0281569,GENO,tor
MP:0003627,DISO,abnormal leukocyte tethering or rolling
ENSEMBL:ENSGALG00000054070,ORTH,LOC100859100
WormBase:WBGene00012115,ORTH,T28B8.4
WBPhenotype:0002592,DISO,organism response to gravitational force abnormal
ZP:0000321,DISO,"fourth ventricle increased size, abnormal"
MP:0000030,DISO,abnormal tympanic ring morphology
ENSEMBL:ENSMODG00000040567,ORTH,ENSEMBL:ENSMODG00000040567
MGI:2447670,ORTH,Mgrn1
MONARCH:APO_0000310APO_0000252,GENO,growth in exponential phase:normal rate
HP:0001342,DISO,Cerebral hemorrhage
MGI:1925927,ORTH,Rnf20
MP:0004174,DISO,abnormal spine curvature
ENSEMBL:ENSOANG00000004175,ORTH,ENSEMBL:ENSOANG00000004175
ENSEMBL:ENSOANG00000045071,ORTH,ENSEMBL:ENSOANG00000045071
Xenbase:XB-GENE-923086,ORTH,amfr
MP:0012188,DISO,increased regulatory T cell apoptosis
ZP:0003841,DISO,"mitochondrion spinal cord swollen, abnormal"
RGD:1583234,ORTH,Gemin7l1
ENSEMBL:ENSMODG00000019147,ORTH,ENSEMBL:ENSMODG00000019147
dictyBase:DDB_G0278133,GENO,DDB_G0278133
Coriell:GM04853,GENO,NIGMS-GM04853
MP:0003231,DISO,abnormal placenta vasculature
MGI:1333811,ORTH,Mbd1
ZFIN:ZDB-GENE-030131-3246,ORTH,atxn2l
MONARCH:APO_0000271APO_0000002,GENO,RNA modification:abnormal
ENSEMBL:ENSCAFG00000005907,ORTH,ENSEMBL:ENSCAFG00000005907
HP:0012114,DISO,Endometrial carcinoma
MP:0005382,DISO,craniofacial phenotype
MP:0003987,DISO,small vestibular ganglion
ENSEMBL:ENSCAFG00000005434,ORTH,J9NTC2
ZP:0000306,DISO,"whole organism dead, abnormal"
WBPhenotype:0002283,DISO,autophagy reduced
MP:0001458,DISO,abnormal object recognition memory
MP:0008274,DISO,failure of bone ossification
MP:0003984,DISO,embryonic growth retardation
ENSEMBL:ENSSSCG00000014343,ORTH,ENSEMBL:ENSSSCG00000014343
MGI:5429554,ORTH,Tg(YAC128)53Hay [B6.FVB-Tg(YAC128)53Hay]
MGI:1277186,ORTH,Atg5
ZP:0010085,DISO,"whole organism lacks all parts of type eye, abnormal"
MP:0009560,DISO,absent epidermis stratum granulosum
ENSEMBL:ENSCAFG00000002380,ORTH,ACTR1B
dictyBase:DDB_G0281293,GENO,ddiA
MP:0010741,DISO,abnormal melanocyte proliferation
ZFIN:ZDB-GENE-010501-5,ORTH,bag6
MP:0005504,DISO,abnormal ligament morphology
ENSEMBL:ENSCAFG00000002544,ORTH,ENSEMBL:ENSCAFG00000002544
WormBase:WBGene00004465,ORTH,rpn-9
ENSEMBL:ENSGALG00000000314,ORTH,A0A1L1RUS3
ZP:0000545,DISO,"granulocyte differentiation decreased occurrence, abnormal"
ENSEMBL:ENSECAG00000018193,ORTH,ENSEMBL:ENSECAG00000018193
ZP:0000250,DISO,"myofibril fast muscle cell disorganized, abnormal"
MP:0011501,DISO,increased glomerular capsule space
ZP:0019546,DISO,"opercle decreased amount, abnormal"
PomBase:SPCC622.08c,GENO,hta1
dictyBase:DDB_G0276237,GENO,DDB_G0276237
MONARCH:APO_0000200APO_0000002,GENO,budding pattern:abnormal
HP:0001744,DISO,Splenomegaly
Xenbase:XB-GENE-5751496,ORTH,wdr61
MGI:1917493,ORTH,Wdr61
ZP:0004643,DISO,"ceratobranchial cartilage morphology, abnormal"
WormBase:WBGene00009478,ORTH,syx-7
MP:0012144,DISO,decreased b-wave amplitude
HP:0002191,DISO,Progressive spasticity
dictyBase:DDB_G0291031,GENO,ccs
MP:0013175,DISO,bifurcated tail
ENSEMBL:ENSOANG00000002058,ORTH,ENSEMBL:ENSOANG00000002058
FBcv:0002015,DISO,partially lethal
ENSEMBL:ENSSSCG00000040510,ORTH,KIF9
ZP:0019501,DISO,"brain increased amount, abnormal"
WormBase:WBGene00003858,ORTH,ogt-1
ENSEMBL:ENSACAG00000006502,ORTH,ENSEMBL:ENSACAG00000006502
Xenbase:XB-GENE-494691,ORTH,rassf1
ENSEMBL:ENSECAG00000035670,ORTH,ENSEMBL:ENSECAG00000035670
ENSEMBL:ENSCAFG00000019072,ORTH,ENSEMBL:ENSCAFG00000019072
SGD:S000000946,ORTH,UBP5
WormBase:WBGene00012209,ORTH,hmg-20
MONARCH:APO_0000090APO_0000004,GENO,metal resistance:increased
ENSEMBL:ENSSSCG00000014860,ORTH,MAP6
WormBase:WBGene00000160,ORTH,apb-1
ENSEMBL:ENSSSCG00000011033,ORTH,ENSEMBL:ENSSSCG00000011033
ZP:0102974,DISO,"anterior margin ethmoid cartilage emarginate, abnormal"
ENSEMBL:ENSGALG00000009280,ORTH,ENSEMBL:ENSGALG00000009280
WBPhenotype:0001813,DISO,synapsis defective
ZP:0001379,DISO,"motor neuron brain increased amount, abnormal"
ZP:0018484,DISO,"myotome decreased process quality regulation of synaptic transmission, cholinergic, abnormal"
HP:0004415,DISO,Pulmonary artery stenosis
MP:0005517,DISO,decreased liver regeneration
ZP:0000366,DISO,"presumptive telencephalon aplastic, abnormal"
MP:0008284,DISO,abnormal hippocampus pyramidal cell layer
ENSEMBL:ENSMMUG00000002332,ORTH,ENSEMBL:ENSMMUG00000002332
WormBase:WBGene00007700,ORTH,C24H11.2
RGD:61874,ORTH,Psmb2
ENSEMBL:ENSCAFG00000015164,ORTH,E2RRH1
MP:0010632,DISO,cardiac muscle necrosis
ENSEMBL:ENSOANG00000048639,ORTH,ENSEMBL:ENSOANG00000048639
dictyBase:DDB_G0289193,GENO,H2Av2
dictyBase:DDB_G0267754,GENO,DDB_G0267754
ZFIN:ZDB-GENE-040115-4,ORTH,pfn2
MP:0004769,DISO,abnormal synaptic vesicle morphology
ENSEMBL:ENSSSCG00000024564,ORTH,IMMT
MP:0000133,DISO,abnormal long bone metaphysis morphology
ENSEMBL:ENSBTAG00000004238,ORTH,TACC1
MP:0003156,DISO,abnormal leukocyte migration
ENSEMBL:ENSCAFG00000003701,ORTH,ENSEMBL:ENSCAFG00000003701
MP:0000322,DISO,increased granulocyte number
EnsemblGenome:AT5G56030,ORTH,EnsemblGenome:AT5G56030
ZP:0003347,DISO,"caudal vein dilated, abnormal"
MP:0001088,DISO,small nodose ganglion
MP:0030313,DISO,abnormal face development
ZP:0012013,DISO,"Z disc skeletal muscle cell morphology, abnormal"
ZFIN:ZDB-GENE-041114-105,ORTH,trip10a
ZFIN:ZDB-GENE-031113-1,ORTH,aclya
MGI:1861703,ORTH,Htt<tm2Mem>
WBPhenotype:0001352,DISO,endoplasmic reticulum metabolism variant
MP:0004252,DISO,abnormal direction of heart looping
MGI:1916981,ORTH,Gemin7
ZP:0001281,DISO,"retinal bipolar neuron decreased amount, abnormal"
MP:0011666,DISO,"double outlet right ventricle, ventricular defect committed to aorta"
ZP:0011182,DISO,"vagal ganglion decreased size, abnormal"
dictyBase:DDB_G0269902,GENO,act26
ENSEMBL:ENSPTRG00000021594,ORTH,ENSEMBL:ENSPTRG00000021594
RGD:621680,ORTH,Mipep
MGI:98888,ORTH,Ubb
MP:0010947,DISO,abnormal single-strand DNA break repair
ENSEMBL:ENSCAFG00000017621,ORTH,CARM1
ENSEMBL:ENSBTAG00000034170,ORTH,LOC101902172
WBPhenotype:0002405,DISO,pheromone behavioral response variant
ENSEMBL:ENSMMUG00000015529,ORTH,ENSEMBL:ENSMMUG00000015529
Coriell:GM04194,GENO,NIGMS-GM04194
HP:0006266,DISO,Small placenta
ENSEMBL:ENSPTRG00000009477,ORTH,ENSEMBL:ENSPTRG00000009477
ENSEMBL:ENSGALG00000003475,ORTH,ENSEMBL:ENSGALG00000003475
WormBase:WBGene00010427,ORTH,hpo-11
WBPhenotype:0001785,DISO,associative memory defective
HGNC:6801,GENE,MAGEA3
ENSEMBL:ENSCAFG00000010218,ORTH,ENSEMBL:ENSCAFG00000010218
MGI:95485,ORTH,Fasn
ZP:0107022,DISO,"germ line cell neoplastic, abnormal"
ZP:0104640,DISO,"mitochondrion skeletal muscle malformed, abnormal"
ENSEMBL:ENSMODG00000018722,ORTH,ENSEMBL:ENSMODG00000018722
Xenbase:XB-GENE-489018,ORTH,rab35
dictyBase:DDB_G0289505,GENO,act24
EFO:0004587,GENO,lymphocyte count
HGNC:10560,GENE,ATXN7
ENSEMBL:ENSCAFG00000018143,ORTH,ETFA
ENSEMBL:ENSBTAG00000007844,ORTH,ENSEMBL:ENSBTAG00000007844
WormBase:WBGene00000106,ORTH,alg-2
HP:0100615,DISO,Ovarian neoplasm
ENSEMBL:ENSCAFG00000009345,ORTH,ENSEMBL:ENSCAFG00000009345
HGNC:5232,GENE,HSPA1A
RGD:2016,ORTH,Acat1
NCBIGene:101735222,GENE,LOC101735222
ZFIN:ZDB-GENE-031001-1,ORTH,hspa12a
FlyBase:FBgn0031443,ORTH,Prosbeta4R2
MP:0003059,DISO,decreased insulin secretion
PomBase:SPBP8B7.11,GENO,nxt3
ENSEMBL:ENSPTRG00000014866,ORTH,ENSEMBL:ENSPTRG00000014866
WormBase:WBGene00017817,ORTH,F26B1.5
HP:0000104,DISO,Renal agenesis
MP:0001463,DISO,abnormal spatial learning
Xenbase:XB-GENE-1005422,ORTH,psmd7
MP:0002269,DISO,muscular atrophy
dictyBase:DDB_G0267452,GENO,ubqln
ENSEMBL:ENSSSCG00000033178,ORTH,ENSEMBL:ENSSSCG00000033178
ENSEMBL:ENSACAG00000011069,ORTH,ENSEMBL:ENSACAG00000011069
ZP:0002877,DISO,"head deformed, abnormal"
WormBase:WBGene00010038,ORTH,rheb-1
ENSEMBL:ENSMMUG00000017928,ORTH,ENSEMBL:ENSMMUG00000017928
ZP:0018823,DISO,"neural crest cell pharyngeal arch decreased amount, abnormal"
HP:0000475,DISO,Broad neck
ZP:0019150,DISO,"eye photoreceptor cell accumulation photoreceptor inner segment vacuole eye photoreceptor cell, abnormal"
HP:0000194,DISO,Open mouth
ZFIN:ZDB-GENE-010502-2,ORTH,psma6l
ENSEMBL:ENSBTAG00000053484,ORTH,CTDP1
ENSEMBL:ENSMODG00000019381,ORTH,ENSEMBL:ENSMODG00000019381
ENSEMBL:ENSPTRG00000022548,ORTH,ENSEMBL:ENSPTRG00000022548
HP:0001876,DISO,Pancytopenia
HP:0100738,DISO,Abnormal eating behavior
FBcv:0006001,DISO,increased fecundity
FBcv:0002003,DISO,lethal - all die before end of second instar larval stage
MP:0008177,DISO,increased germinal center B cell number
FlyBase:FBgn0017550,ORTH,Rga
HP:0002079,DISO,Hypoplasia of the corpus callosum
MP:0030998,DISO,small pacinian corpuscles
MP:0003989,DISO,abnormal barrel cortex morphology
ZP:0137430,DISO,"ventral region optic cup increased distribution, abnormal"
ENSEMBL:ENSSSCG00000024679,ORTH,UPF3A
ENSEMBL:ENSSSCG00000039390,ORTH,EIF3B
ENSEMBL:ENSACAG00000007521,ORTH,ENSEMBL:ENSACAG00000007521
WormBase:WBGene00019971,ORTH,ergo-1
ENSEMBL:ENSPTRG00000008343,ORTH,ENSEMBL:ENSPTRG00000008343
HP:0002918,DISO,Hypermagnesemia
HP:0005116,DISO,Arterial tortuosity
ENSEMBL:ENSMODG00000002259,ORTH,ENSEMBL:ENSMODG00000002259
ENSEMBL:ENSGALG00000004115,ORTH,ENSEMBL:ENSGALG00000004115
ENSEMBL:ENSRNOG00000059043,ORTH,Itch
RGD:2990,ORTH,Lamp2
ZP:0014466,DISO,"dopaminergic neuron retina decreased amount, abnormal"
FlyBase:FBal0209708,ORTH,htt[GD14339]
MP:0001129,DISO,impaired ovarian folliculogenesis
HGNC:10067,GENE,RNF4
WBPhenotype:0002015,DISO,voltage measurement variant
ENSEMBL:ENSMMUG00000010620,ORTH,ENSEMBL:ENSMMUG00000010620
ENSEMBL:ENSPTRG00000015850,ORTH,ENSEMBL:ENSPTRG00000015850
ZFIN:ZDB-GENE-130530-741,ORTH,map6b
MP:0004546,DISO,esophagus hyperplasia
MGI:1100537,ORTH,Mid1
MP:0009181,DISO,decreased pancreatic delta cell number
dictyBase:DDB_G0271868,GENO,gefS
HP:0008887,DISO,Adipose tissue loss
HP:0011805,DISO,Abnormal skeletal muscle morphology
ENSEMBL:ENSMODG00000003423,ORTH,ENSEMBL:ENSMODG00000003423
HP:0011472,DISO,Abnormality of small intestinal villus morphology
HP:0003179,DISO,Protrusio acetabuli
MP:0004521,DISO,abnormal cochlear hair cell stereociliary bundle morphology
HP:0010446,DISO,Tricuspid stenosis
MGI:105922,ORTH,Rpl13
ENSEMBL:ENSACAG00000017945,ORTH,ENSEMBL:ENSACAG00000017945
MP:0002753,DISO,dilated heart left ventricle
MP:0001935,DISO,decreased litter size
WBPhenotype:0000759,DISO,spindle defective early emb
ZFIN:ZDB-GENE-040426-702,ORTH,atp2a2a
ZP:0001065,DISO,"pharyngeal arch cartilage absent, abnormal"
WormBase:WBGene00004284,ORTH,rab-35
ENSEMBL:ENSSSCG00000010121,ORTH,UFD1
PomBase:SPAC926.04c,GENO,hsp90
ENSEMBL:ENSCAFG00000003886,ORTH,ENSEMBL:ENSCAFG00000003886
MP:0010488,DISO,abnormal left subclavian artery morphology
MP:0004268,DISO,abnormal optic stalk morphology
ENSEMBL:ENSBTAG00000046765,ORTH,ENSEMBL:ENSBTAG00000046765
ENSEMBL:ENSCAFG00000004679,ORTH,ENSEMBL:ENSCAFG00000004679
WormBase:WBGene00019760,ORTH,calu-1
HP:0000609,DISO,Optic nerve hypoplasia
MP:0009258,DISO,abnormal thymocyte apoptosis
ENSEMBL:ENSACAG00000002246,ORTH,ENSEMBL:ENSACAG00000002246
RGD:1561901,ORTH,MGC114492
ENSEMBL:ENSOANG00000001056,ORTH,ENSEMBL:ENSOANG00000001056
HP:0007481,DISO,Hyperpigmented nevi
WormBase:WBGene00001683,ORTH,gpd-1
WormBase:WBGene00012425,ORTH,dlc-4
ZP:0002516,DISO,"pronephric glomerulus cystic, abnormal"
MP:0005286,DISO,decreased saturated fatty acids level
ENSEMBL:ENSGALG00000042125,ORTH,AP2B1
SGD:S000001724,ORTH,MIC60
MP:0011111,DISO,"lethality during fetal growth through weaning, complete penetrance"
ZP:0002191,DISO,"axon trigeminal motor nucleus decreased length, abnormal"
ENSEMBL:ENSSSCG00000035914,ORTH,PSMB2
WBPhenotype:0001912,DISO,fewer coelomocytes
ZP:0000856,DISO,"whole organism curved ventral, abnormal"
ZP:0012680,DISO,"female organism increased female fertility, abnormal"
ENSEMBL:ENSPTRG00000004626,ORTH,ENSEMBL:ENSPTRG00000004626
ENSEMBL:ENSBTAG00000049284,ORTH,A0A3Q1MHL2
MP:0008414,DISO,abnormal spatial reference memory
WBPhenotype:0000777,DISO,polar body extrusion defective early emb
ENSEMBL:ENSMMUG00000018821,ORTH,ENSEMBL:ENSMMUG00000018821
HP:0004209,DISO,Clinodactyly of the 5th finger
dictyBase:DDB_G0269472,GENO,psmB2
HP:0012763,DISO,Paroxysmal dyspnea
EFO:0005674,GENO,white matter microstructure measurement
ENSEMBL:ENSACAG00000016320,ORTH,ENSEMBL:ENSACAG00000016320
RGD:1595923,ORTH,RT1-A2
ENSEMBL:ENSCAFG00000019627,ORTH,MPP1
ENSEMBL:ENSCAFG00000047980,ORTH,ENSEMBL:ENSCAFG00000047980
MP:0004275,DISO,abnormal postnatal subventricular zone morphology
MP:0004086,DISO,absent heartbeat
PomBase:SPAC3G9.08,GENO,png1
MP:0004597,DISO,increased susceptibility to noise-induced hearing loss
dictyBase:DDB_G0277577,GENO,DDB0217990
dictyBase:DDB_G0277243,GENO,DDB_G0277243
HP:0100753,DISO,Schizophrenia
WormBase:WBGene00004425,ORTH,rpl-13
MP:0010080,DISO,abnormal hepatocyte physiology
FlyBase:FBgn0003888,ORTH,betaTub60D
ENSEMBL:ENSPTRG00000010940,ORTH,ENSEMBL:ENSPTRG00000010940
ENSEMBL:ENSRNOG00000060540,ORTH,ENSEMBL:ENSRNOG00000060540
MP:0002019,DISO,abnormal tumor incidence
ZP:0002310,DISO,"whole organism circling, abnormal"
HP:0100785,DISO,Insomnia
FlyBase:FBgn0021814,ORTH,Vps28
WormBase:WBGene00008065,ORTH,npr-18
RGD:6489991,ORTH,Hoxc11
MONARCH:APO_0000044APO_0000004,GENO,sporulation efficiency:increased
ENSEMBL:ENSPTRG00000041932,ORTH,ENSEMBL:ENSPTRG00000041932
HP:0008936,DISO,Muscular hypotonia of the trunk
ENSEMBL:ENSBTAG00000006189,ORTH,ENSEMBL:ENSBTAG00000006189
HP:0000763,DISO,Sensory neuropathy
WBPhenotype:0000054,DISO,larval lethal
ENSEMBL:ENSBTAG00000020963,ORTH,ENSEMBL:ENSBTAG00000020963
SGD:S000001556,ORTH,LHS1
ZP:0000547,DISO,"definitive hemopoiesis disrupted, abnormal"
ZP:0003573,DISO,"blood decreased fluid flow, abnormal"
ENSEMBL:ENSFCAG00000006262,ORTH,ENSEMBL:ENSFCAG00000006262
FlyBase:FBgn0035850,ORTH,Atg18a
ENSEMBL:ENSMODG00000013364,ORTH,ENSEMBL:ENSMODG00000013364
ENSEMBL:ENSMMUG00000002569,ORTH,ENSEMBL:ENSMMUG00000002569
ZFIN:ZDB-GENE-140820-3,ORTH,mhc1lba
ZFIN:ZDB-GENE-040426-1404,ORTH,wipi1
ZP:0002494,DISO,"muscle contraction arrested, abnormal"
FlyBase:FBgn0031431,ORTH,CG3515
MP:0009686,DISO,abnormal spinal cord medial motor column morphology
MGI:1931874,ORTH,Dnajb1
MGI:95914,ORTH,H2-M2
ENSEMBL:ENSSSCG00000011332,ORTH,SETD2
WormBase:WBGene00020287,ORTH,lsy-13
EnsemblGenome:AT2G22970,ORTH,EnsemblGenome:AT2G22970
MP:0008080,DISO,"abnormal CD8-positive, alpha-beta T cell differentiation"
ENSEMBL:ENSACAG00000007966,ORTH,ENSEMBL:ENSACAG00000007966
MP:0010572,DISO,persistent right dorsal aorta
ENSEMBL:ENSCAFG00000006455,ORTH,ENSEMBL:ENSCAFG00000006455
HGNC:23332,GENE,COMMD3
FlyBase:FBgn0263968,ORTH,nonC
WBPhenotype:0000243,DISO,engulfment failure by killer cell
ENSEMBL:ENSACAG00000013607,ORTH,ENSEMBL:ENSACAG00000013607
ENSEMBL:ENSOANG00000048391,ORTH,ENSEMBL:ENSOANG00000048391
MP:0013918,DISO,abnormal endolymphatic sac topology
Xenbase:XB-GENE-5958903,ORTH,ptprm
ENSEMBL:ENSOANG00000000711,ORTH,ENSEMBL:ENSOANG00000000711
HP:0000543,DISO,Optic disc pallor
MP:0008587,DISO,short photoreceptor outer segment
MGI:97583,ORTH,Pik3r1
MP:0000854,DISO,abnormal cerebellum development
ENSEMBL:ENSFCAG00000012426,ORTH,ENSEMBL:ENSFCAG00000012426
MP:0000164,DISO,abnormal cartilage development
MONARCH:APO_0000074APO_0000004,GENO,autophagy:increased
ENSEMBL:ENSMODG00000009808,ORTH,ENSEMBL:ENSMODG00000009808
ENSEMBL:ENSGALG00000034986,ORTH,HEYL
ENSEMBL:ENSCAFG00000010362,ORTH,J9P932
RGD:1309400,ORTH,Ift20
MP:0006319,DISO,abnormal epididymal fat pad morphology
ZP:0009508,DISO,"cerebellar granule cell decreased amount, abnormal"
MP:0002051,DISO,increased skin papilloma incidence
MP:0008462,DISO,abnormal medium spiny neuron morphology
MGI:1914440,ORTH,Eif4e2
ENSEMBL:ENSBTAG00000032087,ORTH,ENSEMBL:ENSBTAG00000032087
WBPhenotype:0000999,DISO,athermotactic
MONARCH:APO_0000027APO_0000004,GENO,filamentous growth:increased
ENSEMBL:ENSBTAG00000001398,ORTH,ATP2A2
WormBase:WBGene00022401,ORTH,Y97E10AR.6
MGI:3698855,ORTH,Htt<tm2Msl>/Htt<tm2Msl> [involves: 129S1/Sv * C57BL/6J]
ENSEMBL:ENSFCAG00000010062,ORTH,ENSEMBL:ENSFCAG00000010062
MP:0000298,DISO,absent atrioventricular cushions
WormBase:WBGene00011910,ORTH,alg-3
ZP:0107021,DISO,"vasculature neoplastic, abnormal"
ENSEMBL:ENSSSCG00000022896,ORTH,CRMP1
ENSEMBL:ENSECAG00000009162,ORTH,ENSEMBL:ENSECAG00000009162
ENSEMBL:ENSSSCG00000008274,ORTH,DCTN1
ENSEMBL:ENSECAG00000015670,ORTH,ENSEMBL:ENSECAG00000015670
WormBase:WBGene00006943,ORTH,wrm-1
WormBase:WBGene00012641,ORTH,epg-6
ENSEMBL:ENSSSCG00000023522,ORTH,TGM2
MGI:3699097,ORTH,Htt<tm1.1Tna>/Htt<+> [involves: 129P2/OlaHsd * C57BL/6J]
ZP:0019993,DISO,"ventral region whole organism increased distribution, abnormal"
ENSEMBL:ENSOANG00000009766,ORTH,ENSEMBL:ENSOANG00000009766
ZFIN:ZDB-GENE-040121-1,ORTH,mapk3
Xenbase:XB-GENE-973762,ORTH,dcaf7
ENSEMBL:ENSECAG00000002380,ORTH,ENSEMBL:ENSECAG00000002380
HGNC:21686,GENE,RNASET2
MP:0003786,DISO,premature aging
MP:0004529,DISO,decreased outer hair cell stereocilia number
MP:0002803,DISO,abnormal operant conditioning behavior
HGNC:1867,GENE,CETN2
HP:0003074,DISO,Hyperglycemia
MP:0001265,DISO,decreased body size
MP:0005491,DISO,pancreatic islet hyperplasia
SGD:S000006356,ORTH,URN1
PomBase:SPAPB8E5.09,GENO,rvb1
MP:0008035,DISO,behavioral arrest
ENSEMBL:ENSOANG00000007546,ORTH,ENSEMBL:ENSOANG00000007546
HP:0003693,DISO,Distal amyotrophy
MP:0011083,DISO,"lethality at weaning, complete penetrance"
APO:0000112,DISO,inviable
ENSEMBL:ENSECAG00000014412,ORTH,ENSEMBL:ENSECAG00000014412
HP:0004463,DISO,Absent brainstem auditory responses
Xenbase:XB-GENE-950195,ORTH,lamtor5
ENSEMBL:ENSMODG00000010491,ORTH,ENSEMBL:ENSMODG00000010491
WBPhenotype:0000274,DISO,dead eggs laid
Xenbase:XB-GENE-479174,ORTH,ighx
ZFIN:ZDB-GENE-011212-3,ORTH,vim
ENSEMBL:ENSFCAG00000031909,ORTH,ENSEMBL:ENSFCAG00000031909
HGNC:243,GENE,ADD1
WBPhenotype:0001317,DISO,evoked postsynaptic amplitude reduced
MGI:95915,ORTH,H2-M3
RGD:620449,ORTH,Siah1
MP:0010024,DISO,increased total body fat amount
HP:0000987,DISO,Atypical scarring of skin
ZP:0001696,DISO,"swim bladder quality, abnormal"
ZFIN:ZDB-GENE-040426-877,ORTH,ppp2cab
ENSEMBL:ENSMMUG00000021395,ORTH,ENSEMBL:ENSMMUG00000021395
FlyBase:FBgn0036789,ORTH,AstC-R2
ZP:0019549,DISO,"cleithrum decreased amount, abnormal"
ZP:0003070,DISO,"Z disc skeletal muscle cell disorganized, abnormal"
HGNC:20254,GENE,MGRN1
ZP:0103238,DISO,"motile cilium pronephric tubule immobile, abnormal"
WormBase:WBGene00000149,ORTH,apl-1
ENSEMBL:ENSCAFG00000008535,ORTH,A0A5F4BYV9
WBPhenotype:0000628,DISO,spindle assembly defective early emb
ENSEMBL:ENSMODG00000017913,ORTH,ENSEMBL:ENSMODG00000017913
Xenbase:XB-GENE-976936,ORTH,dnaja1
ZP:0137288,DISO,"compartment boundary brain amorphous, abnormal"
ZFIN:ZDB-GENE-030131-7802,ORTH,fasn
WBPhenotype:0000270,DISO,pleiotropic defects severe early emb
ENSEMBL:ENSPTRG00000008703,ORTH,ENSEMBL:ENSPTRG00000008703
HGNC:24882,GENE,GOLPH3L
ZP:0006349,DISO,"Bruch's membrane aplastic, abnormal"
ZP:0005933,DISO,"lipid metabolic process process quality, abnormal"
ENSEMBL:ENSCAFG00000006500,ORTH,TCERG1
HP:0002138,DISO,Subarachnoid hemorrhage
ENSEMBL:ENSFCAG00000014602,ORTH,ENSEMBL:ENSFCAG00000014602
dictyBase:DDB_G0282161,GENO,DDB0205163
ENSEMBL:ENSMMUG00000003624,ORTH,ENSEMBL:ENSMMUG00000003624
HP:0000171,DISO,Microglossia
ENSEMBL:ENSMMUG00000006598,ORTH,ENSEMBL:ENSMMUG00000006598
Xenbase:XB-GENE-6044422,ORTH,map1b
ENSEMBL:ENSPTRG00000048553,ORTH,ENSEMBL:ENSPTRG00000048553
EFO:0004527,GENO,mean corpuscular hemoglobin
HGNC:3942,GENE,MTOR
ZFIN:ZDB-GENE-030131-6334,ORTH,brf1a
ZP:0003482,DISO,"cranial neural crest disrupted neural crest cell development, abnormal"
MP:0011105,DISO,"embryonic lethality between implantation and placentation, incomplete penetrance"
ENSEMBL:ENSOANG00000040893,ORTH,ENSEMBL:ENSOANG00000040893
dictyBase:DDB_G0273435,GENO,DDB_G0273435
ENSEMBL:ENSSSCG00000000765,ORTH,IL17RA
ZFIN:ZDB-GENE-040426-1707,ORTH,skp1
EnsemblGenome:AT1G48650,ORTH,EnsemblGenome:AT1G48650
Xenbase:XB-GENE-482797,ORTH,casp6
MP:0002797,DISO,increased thigmotaxis
MP:0020103,DISO,decreased hepatic glucose production
MP:0005356,DISO,positive geotaxis
ZP:0000012,DISO,"somite morphology, abnormal"
ZFIN:ZDB-GENE-051202-2,ORTH,grin1b
RGD:1310521,ORTH,Ranbp1
RGD:1311415,ORTH,Eef1b2
MP:0001195,DISO,flaky skin
MP:0003893,DISO,increased hepatocyte proliferation
MGI:5432190,ORTH,Tg(YAC128)55Hay/Tg(YAC128)55Hay [FVB/N-Tg(YAC128)55Hay]
MP:0000930,DISO,wavy neural tube
WBPhenotype:0000004,DISO,constitutive egg laying
dictyBase:DDB_G0281979,GENO,DDB0205066
ENSEMBL:ENSRNOG00000050630,ORTH,M0R660
MP:0011259,DISO,abnormal cephalic neural fold morphology
Coriell:GM05668,GENO,NIGMS-GM05668
ENSEMBL:ENSBTAG00000017177,ORTH,ENSEMBL:ENSBTAG00000017177
PomBase:SPBC4B4.10c,GENO,atg5
MP:0009327,DISO,abnormal maternal grooming
MP:0004098,DISO,abnormal cerebellar granule cell morphology
ENSEMBL:ENSECAG00000007908,ORTH,ENSEMBL:ENSECAG00000007908
ENSEMBL:ENSFCAG00000031349,ORTH,ENSEMBL:ENSFCAG00000031349
ENSEMBL:ENSGALG00000006939,ORTH,PFKP
FlyBase:FBgn0021796,ORTH,Tor
MGI:1919258,ORTH,Zfyve19
HP:0003808,DISO,Abnormal muscle tone
ENSEMBL:ENSCAFG00000018524,ORTH,HNRNPM
ENSEMBL:ENSBTAG00000014430,ORTH,ENSEMBL:ENSBTAG00000014430
ENSEMBL:ENSACAG00000012594,ORTH,ENSEMBL:ENSACAG00000012594
MP:0001515,DISO,abnormal grip strength
HGNC:30915,GENE,DCAF7
ENSEMBL:ENSBTAG00000003307,ORTH,ENSEMBL:ENSBTAG00000003307
MP:0010373,DISO,myeloid hyperplasia
ENSEMBL:ENSCAFG00000019712,ORTH,UBAC1
WBPhenotype:0001350,DISO,protein phosphorylation increased
ENSEMBL:ENSRNOG00000024217,ORTH,F1M8P6
ENSEMBL:ENSOANG00000050784,ORTH,ENSEMBL:ENSOANG00000050784
WBPhenotype:0002078,DISO,histone methylation variant
ENSEMBL:ENSOANG00000001863,ORTH,ENSEMBL:ENSOANG00000001863
ZFIN:ZDB-GENE-030131-139,ORTH,rab5aa
ZP:0006356,DISO,"retinal rod cell aplastic, abnormal"
WormBase:WBGene00014097,ORTH,ZK829.9
ZP:0000349,DISO,"olfactory placode aplastic, abnormal"
MP:0000376,DISO,folliculitis
HP:0000308,DISO,Microretrognathia
UBERON:0000081,ANAT,metanephros
MONARCH:APO_0000041APO_0000005,GENO,sporulation:absent
ENSEMBL:ENSACAG00000016080,ORTH,ENSEMBL:ENSACAG00000016080
ENSEMBL:ENSMODG00000017976,ORTH,ENSEMBL:ENSMODG00000017976
ENSEMBL:ENSMMUG00000020021,ORTH,ENSEMBL:ENSMMUG00000020021
MONARCH:APO_0000079APO_0000003,GENO,vacuolar transport:decreased
ENSEMBL:ENSCAFG00000000842,ORTH,RNASET2
Xenbase:XB-GENE-946042,ORTH,psmb7
ZP:0016901,DISO,"CaP motoneuron decreased length, abnormal"
ENSEMBL:ENSCAFG00000003465,ORTH,EGFR
MP:0004565,DISO,small myocardial fiber
HGNC:168,GENE,ACTR1B
ZP:0006341,DISO,"pronephric duct decreased thickness, abnormal"
ENSEMBL:ENSOANG00000047459,ORTH,ENSEMBL:ENSOANG00000047459
WBPhenotype:0000219,DISO,vulval cell induction reduced
MP:0000579,DISO,abnormal nail morphology
MGI:3605769,ORTH,Htt<tm1Szi>/Htt<tm2Szi>; Tg(Camk2a-cre)1Szi [involves: 129S/SvEv * 129S1/Sv * C57BL/6 * CBA]
ZP:0010292,DISO,"sarcoma trunk present, abnormal"
SGD:S000001132,ORTH,YNG2
EFO:0006831,GENO,acute insulin response measurement
WBPhenotype:0000245,DISO,SM migration variant
MP:0001510,DISO,abnormal coat appearance
ENSEMBL:ENSMODG00000008639,ORTH,ENSEMBL:ENSMODG00000008639
ENSEMBL:ENSCAFG00000003541,ORTH,AP2A1
HP:0002352,DISO,Leukoencephalopathy
ZFIN:ZDB-GENE-030916-1,ORTH,mhc1zaa
ENSEMBL:ENSBTAG00000000746,ORTH,KAT2B
HP:0000639,DISO,Nystagmus
HP:0000267,DISO,Cranial asymmetry
ENSEMBL:ENSMMUG00000008174,ORTH,ENSEMBL:ENSMMUG00000008174
FlyBase:FBgn0010380,ORTH,AP-1-2beta
RGD:1309457,ORTH,Med31
MGI:104783,ORTH,Atxn1
MP:0002978,DISO,absent otoliths
ENSEMBL:ENSCAFG00000014570,ORTH,ENSEMBL:ENSCAFG00000014570
ENSEMBL:ENSGALG00000050637,ORTH,C5AR1
HP:0000070,DISO,Ureterocele
ENSEMBL:ENSMMUG00000015202,ORTH,ENSEMBL:ENSMMUG00000015202
MGI:1096327,ORTH,Axin1
HGNC:11280,GENE,SQSTM1
ENSEMBL:ENSSSCG00000000272,ORTH,ENSEMBL:ENSSSCG00000000272
PomBase:SPBC21B10.03c,GENO,ath1
WormBase:WBGene00004274,ORTH,rab-11.1
MGI:5698523,ORTH,Htt<tm2Detl>/Htt<+> [B6J.129P2-Htt<tm2Detl>]
ENSEMBL:ENSPTRG00000042824,ORTH,ENSEMBL:ENSPTRG00000042824
MONARCH:APO_0000307APO_0000003,GENO,anaerobic growth:decreased
dictyBase:DDB_G0279569,GENO,DDB0205854
HP:0003198,DISO,Myopathy
ENSEMBL:ENSOANG00000004805,ORTH,ENSEMBL:ENSOANG00000004805
EFO:0005213,GENO,central corneal thickness
RGD:1359718,ORTH,Wdr45
ENSEMBL:ENSMMUG00000013115,ORTH,ENSEMBL:ENSMMUG00000013115
MP:0020040,DISO,decreased bone ossification
WormBase:WBGene00016798,ORTH,ets-8
WBPhenotype:0001394,DISO,cell acidification defective
ENSEMBL:ENSOANG00000005734,ORTH,ENSEMBL:ENSOANG00000005734
HP:0005487,DISO,Prominent metopic ridge
EFO:0006335,GENO,systolic blood pressure
ZP:0000008,DISO,"hematopoietic stem cell differentiation disrupted, abnormal"
ENSEMBL:ENSPTRG00000042199,ORTH,ENSEMBL:ENSPTRG00000042199
ZP:0001385,DISO,"Rohon-Beard neuron displaced to axis spinal cord, abnormal"
WBPhenotype:0000165,DISO,cell fusion variant
Xenbase:XB-GENE-5844181,ORTH,zfc3h1
ENSEMBL:ENSFCAG00000008780,ORTH,ENSEMBL:ENSFCAG00000008780
HP:0025512,DISO,Skin-colored papule
WBPhenotype:0001371,DISO,protein RNA interaction variant
WBPhenotype:0001402,DISO,connected mitochondria
ENSEMBL:ENSBTAG00000015779,ORTH,ENSEMBL:ENSBTAG00000015779
MP:0008074,DISO,"increased CD4-positive, alpha beta T cell number"
ZFIN:ZDB-GENE-140820-13,ORTH,mhc1lla
ENSEMBL:ENSCAFG00000023690,ORTH,ERCC6L
PomBase:SPBC2F12.13,GENO,klp5
ZFIN:ZDB-GENE-980605-9,ORTH,ube2kb
MP:0008441,DISO,thin cortical plate
MP:0005459,DISO,decreased percent body fat/body weight
WormBase:WBGene00009948,ORTH,F52H3.6
ZFIN:ZDB-GENE-040426-1728,ORTH,eif4e2rs1
FBcv:0000002,DISO,abnormal thermotaxis
WBPhenotype:0010004,DISO,cell corpse degradation variant
ZP:0001262,DISO,"thigmotaxis disrupted, abnormal"
HP:0012116,DISO,Abnormal circulating albumin concentration
WBPhenotype:0000298,DISO,rays displaced
ZP:0019384,DISO,"anatomical structure decreased distribution, abnormal"
ENSEMBL:ENSACAG00000002543,ORTH,ENSEMBL:ENSACAG00000002543
ENSEMBL:ENSBTAG00000005607,ORTH,ENSEMBL:ENSBTAG00000005607
WBPhenotype:0002252,DISO,increased susceptibility to viral infection
MP:0001881,DISO,abnormal mammary gland physiology
WBPhenotype:0001925,DISO,oocytes disorganized
Coriell:GM05682,GENO,NIGMS-GM05682
ZP:0004424,DISO,"locomotory behavior increased process quality, abnormal"
MGI:1915141,ORTH,Rpl4
ENSEMBL:ENSMODG00000025382,ORTH,ENSEMBL:ENSMODG00000025382
dictyBase:DDB_G0271860,GENO,DDB0168530
ENSEMBL:ENSPTRG00000050508,ORTH,ENSEMBL:ENSPTRG00000050508
ENSEMBL:ENSSSCG00000017206,ORTH,ENSEMBL:ENSSSCG00000017206
Xenbase:XB-GENE-1005572,ORTH,psmd13
Xenbase:XB-GENE-946101,ORTH,psmb2
RGD:1591723,ORTH,Haus3
ZP:0019432,DISO,"presumptive endoderm decreased amount, abnormal"
MGI:1917446,ORTH,Actr1b
dictyBase:DDB_G0283755,GENO,arpC
ZP:0019960,DISO,"diencephalon increased amount, abnormal"
ZP:0003478,DISO,"heart primordium lacks parts or has fewer parts of type cardiac muscle cell, abnormal"
MP:0004726,DISO,abnormal nasal capsule morphology
ENSEMBL:ENSPTRG00000003737,ORTH,ENSEMBL:ENSPTRG00000003737
APO:0000045,DISO,sterile
RGD:628742,ORTH,Lgi1
ENSEMBL:ENSPTRG00000013847,ORTH,ENSEMBL:ENSPTRG00000013847
ENSEMBL:ENSSSCG00000034012,ORTH,CASP3
MP:0005232,DISO,abnormal mesenteric lymph node morphology
ENSEMBL:ENSECAG00000007993,ORTH,ENSEMBL:ENSECAG00000007993
ENSEMBL:ENSPTRG00000051132,ORTH,ENSEMBL:ENSPTRG00000051132
HP:0001711,DISO,Abnormal left ventricle morphology
WormBase:WBGene00022465,ORTH,ift-20
ENSEMBL:ENSFCAG00000007299,ORTH,ENSEMBL:ENSFCAG00000007299
ENSEMBL:ENSECAG00000016050,ORTH,ENSEMBL:ENSECAG00000016050
MP:0001154,DISO,seminiferous tubule degeneration
MP:0002836,DISO,abnormal chorion morphology
ENSEMBL:ENSSSCG00000017421,ORTH,ACLY
MP:0005587,DISO,abnormal Meckel's cartilage morphology
HP:0008232,DISO,Elevated circulating follicle stimulating hormone level
MP:0008160,DISO,increased diameter of humerus
MP:0011205,DISO,excessive folding of visceral yolk sac
ZP:0018870,DISO,"retina lacks all parts of type central region photoreceptor cell, abnormal"
RGD:1306254,ORTH,Ap2a1
EnsemblGenome:AT5G55160,ORTH,EnsemblGenome:AT5G55160
Coriell:GM06274,GENO,NIGMS-GM06274
ZP:0012503,DISO,"neuromuscular junction trunk morphology, abnormal"
ZP:0020458,DISO,"ventral mandibular arch apoptotic, abnormal"
ZP:0137226,DISO,"neuron projection CaP motoneuron decreased size, abnormal"
ENSEMBL:ENSCAFG00000005789,ORTH,HGS
ZP:0001125,DISO,"brain apoptotic, abnormal"
ENSEMBL:ENSOANG00000010605,ORTH,ENSEMBL:ENSOANG00000010605
ENSEMBL:ENSMODG00000003397,ORTH,ENSEMBL:ENSMODG00000003397
ENSEMBL:ENSCAFG00000010567,ORTH,ENSEMBL:ENSCAFG00000010567
ENSEMBL:ENSCAFG00000003485,ORTH,PNKP
ZP:0005801,DISO,"cilium olfactory pit decreased amount, abnormal"
ENSEMBL:ENSOANG00000003847,ORTH,ENSEMBL:ENSOANG00000003847
ZP:0013230,DISO,"larval development process quality, abnormal"
ZP:0002351,DISO,"optic fissure open, abnormal"
WBPhenotype:0000550,DISO,body muscle dystrophy
ENSEMBL:ENSCAFG00000018408,ORTH,BRF1
ENSEMBL:ENSPTRG00000011920,ORTH,ENSEMBL:ENSPTRG00000011920
ZP:0000778,DISO,"regulation of smoothened signaling pathway disrupted, abnormal"
ENSEMBL:ENSECAG00000009962,ORTH,ENSEMBL:ENSECAG00000009962
ENSEMBL:ENSECAG00000028766,ORTH,ENSEMBL:ENSECAG00000028766
ENSEMBL:ENSSSCG00000028663,ORTH,RBM25
ENSEMBL:ENSFCAG00000004553,ORTH,ENSEMBL:ENSFCAG00000004553
WBPhenotype:0000045,DISO,developmental delay postembryonic
ENSEMBL:ENSCAFG00000017677,ORTH,ENSEMBL:ENSCAFG00000017677
ENSEMBL:ENSCAFG00000008255,ORTH,A0A5F4C0Q5
MP:0008673,DISO,decreased interleukin-13 secretion
MP:0010168,DISO,"increased CD4-positive, CD25-positive, alpha-beta regulatory T cell number"
ENSEMBL:ENSFCAG00000007404,ORTH,ENSEMBL:ENSFCAG00000007404
ZP:0008030,DISO,"ventricular myocardium decreased volume, abnormal"
HGNC:12036,GENE,TRAF6
MGI:1923551,ORTH,Trafd1
MP:0004281,DISO,abnormal hypoglossal nucleus morphology
dictyBase:DDB_G0276335,GENO,pyr1-3
ZFIN:ZDB-GENE-060312-44,ORTH,neflb
ENSEMBL:ENSECAG00000022051,ORTH,ENSEMBL:ENSECAG00000022051
HP:0000021,DISO,Megacystis
MP:0011032,DISO,impaired branching involved in terminal bronchiole morphogenesis
Xenbase:XB-GENE-972398,ORTH,psmd2
MONARCH:APO_0000255APO_0000249,GENO,cell cycle progression in G1 phase:delayed
MP:0004024,DISO,aneuploidy
ENSEMBL:ENSPTRG00000007537,ORTH,ENSEMBL:ENSPTRG00000007537
MP:0003992,DISO,increased mortality induced by ionizing radiation
WormBase:WBGene00006715,ORTH,ubc-20
ENSEMBL:ENSCAFG00000023617,ORTH,LOC106558132
WBPhenotype:0001594,DISO,germline transgene silencing variant
ZP:0019050,DISO,"proliferative region brain decreased amount, abnormal"
RGD:2406,ORTH,Bcar1
dictyBase:DDB_G0290307,GENO,DDB0188830
HP:0002992,DISO,Abnormality of tibia morphology
WBPhenotype:0000505,DISO,male ray morphology variant
HGNC:11205,GENE,SP1
ENSEMBL:ENSBTAG00000046332,ORTH,ENSEMBL:ENSBTAG00000046332
ENSEMBL:ENSGALG00000006477,ORTH,ENSEMBL:ENSGALG00000006477
WormBase:WBGene00004816,ORTH,skr-10
ZFIN:ZDB-GENE-000509-3,ORTH,smad3a
WormBase:WBGene00016995,ORTH,acly-1
MP:0008762,DISO,embryonic lethality
WBPhenotype:0000934,DISO,developmental morphology variant
FlyBase:FBgn0265523,ORTH,Smr
dictyBase:DDB_G0280037,GENO,ddj1
ZP:0016808,DISO,"heart hypertrophic, abnormal"
WormBase:WBGene00012929,ORTH,rsks-1
ENSEMBL:ENSMODG00000001879,ORTH,ENSEMBL:ENSMODG00000001879
ZP:0103239,DISO,"cytoplasm pronephric tubule decreased amount, abnormal"
ENSEMBL:ENSACAG00000004506,ORTH,ENSEMBL:ENSACAG00000004506
HP:0003765,DISO,Psoriasiform dermatitis
MP:0009293,DISO,decreased inguinal fat pad weight
WBPhenotype:0001302,DISO,P granule localization defective
HP:0001941,DISO,Acidosis
HP:0001034,DISO,Hypermelanotic macule
RGD:1304725,ORTH,Dnajb1
ZP:0002195,DISO,"microtubule cytoskeleton Mauthner neuron decreased mass density, abnormal"
HP:0002342,DISO,"Intellectual disability, moderate"
RGD:621081,ORTH,Tgm2
ENSEMBL:ENSSSCG00000036310,ORTH,RFXANK
PomBase:SPAC328.05,GENO,hrb1
RGD:61915,ORTH,Stx6
ENSEMBL:ENSFCAG00000000566,ORTH,ENSEMBL:ENSFCAG00000000566
dictyBase:DDB_G0271264,GENO,DDB0202821
dictyBase:DDB_G0281363,GENO,DDB0204159
ENSEMBL:ENSOANG00000045580,ORTH,ENSEMBL:ENSOANG00000045580
WBPhenotype:0001663,DISO,organism oxidative stress resistant
Coriell:GM04855,GENO,NIGMS-GM04855
WBPhenotype:0001065,DISO,fewer egg laying events during active
HP:0002084,DISO,Encephalocele
ENSEMBL:ENSBTAG00000005211,ORTH,ENSEMBL:ENSBTAG00000005211
ENSEMBL:ENSSSCG00000001065,ORTH,ATXN1
ENSEMBL:ENSMODG00000013693,ORTH,ENSEMBL:ENSMODG00000013693
RGD:619822,ORTH,Ufd1
MGI:1276570,ORTH,H2-M9
ENSEMBL:ENSMODG00000003648,ORTH,ENSEMBL:ENSMODG00000003648
ENSEMBL:ENSGALG00000030401,ORTH,ENSEMBL:ENSGALG00000030401
ENSEMBL:ENSSSCG00000030260,ORTH,PFN2
ENSEMBL:ENSFCAG00000031147,ORTH,ENSEMBL:ENSFCAG00000031147
EFO:0005271,GENO,sleep duration
HP:0000105,DISO,Enlarged kidney
ZP:0004263,DISO,"primitive hemopoiesis disrupted, abnormal"
ENSEMBL:ENSFCAG00000001132,ORTH,ENSEMBL:ENSFCAG00000001132
MONARCH:APO_0000131APO_0000003,GENO,protein/peptide modification:decreased
ZFIN:ZDB-GENE-030131-6420,ORTH,xrcc6
MONARCH:APO_0000124APO_0000005,GENO,pheromone-induced cell cycle arrest:absent
HP:0000472,DISO,Long neck
ENSEMBL:ENSACAG00000002723,ORTH,ENSEMBL:ENSACAG00000002723
WBPhenotype:0002046,DISO,iron homeostasis variant
ENSEMBL:ENSMMUG00000013613,ORTH,ENSEMBL:ENSMMUG00000013613
HP:0012154,DISO,Anhedonia
ZP:0001270,DISO,"ventricular system dilated, abnormal"
WBPhenotype:0001769,DISO,cytoplasmic RNAi defective
ENSEMBL:ENSMODG00000010216,ORTH,ENSEMBL:ENSMODG00000010216
MP:0012484,DISO,decreased corticospinal tract size
MGI:5621304,ORTH,Gm44504
FBcv:0000358,DISO,decreased body size
WBPhenotype:0002079,DISO,delayed reproductive maturity
HP:0004429,DISO,Recurrent viral infections
ENSEMBL:ENSFCAG00000027237,ORTH,ENSEMBL:ENSFCAG00000027237
ENSEMBL:ENSACAG00000013765,ORTH,ENSEMBL:ENSACAG00000013765
ENSEMBL:ENSFCAG00000007682,ORTH,ENSEMBL:ENSFCAG00000007682
HGNC:9792,GENE,RAB9A
WBPhenotype:0001676,DISO,touch receptor cell morphology variant
WBPhenotype:0000081,DISO,L1 arrest
ENSEMBL:ENSPTRG00000014867,ORTH,ENSEMBL:ENSPTRG00000014867
ENSEMBL:ENSGALG00000006140,ORTH,GGA2
ENSEMBL:ENSACAG00000003991,ORTH,ENSEMBL:ENSACAG00000003991
WBPhenotype:0001346,DISO,actin cytoskeleton dynamics phenotype
PomBase:SPAC222.16c,GENO,csn3
MP:0004838,DISO,abnormal neural fold elevation formation
MP:0005409,DISO,darkened coat color
ZP:0000345,DISO,"photoreceptor cell epiphysis increased amount, abnormal"
MP:0002855,DISO,abnormal cochlear ganglion morphology
ENSEMBL:ENSACAG00000003973,ORTH,ENSEMBL:ENSACAG00000003973
WBPhenotype:0000082,DISO,L2 arrest
ZFIN:ZDB-GENE-030131-333,ORTH,wdr82
ENSEMBL:ENSBTAG00000000737,ORTH,ENSEMBL:ENSBTAG00000000737
ZP:0008378,DISO,"cardiac ventricle mislocalised, abnormal"
HP:0002155,DISO,Hypertriglyceridemia
HP:0030319,DISO,Weakness of facial musculature
HGNC:9207,GENE,CNOT8
ENSEMBL:ENSBTAG00000027722,ORTH,ENSEMBL:ENSBTAG00000027722
ENSEMBL:ENSSSCG00000024285,ORTH,DLG4
ENSEMBL:ENSECAG00000015638,ORTH,ENSEMBL:ENSECAG00000015638
MGI:95819,ORTH,Grin1
ENSEMBL:ENSSSCG00000028805,ORTH,PTPRM
MP:0001083,DISO,small geniculate ganglion
ZP:0000575,DISO,"notochord development disrupted, abnormal"
ENSEMBL:ENSACAG00000012380,ORTH,ENSEMBL:ENSACAG00000012380
FlyBase:FBgn0026174,ORTH,SkpD
MGI:1333827,ORTH,Magea8
WBPhenotype:0000353,DISO,backing increased
HP:0200058,DISO,Angiosarcoma
WBPhenotype:0001916,DISO,increased pathogen survival
ZP:0001384,DISO,"retinal outer nuclear layer morphology, abnormal"
RGD:620072,ORTH,Elp1
HGNC:3149,GENE,ECH1
ZFIN:ZDB-GENE-040516-12,ORTH,lsm12a
SGD:S000001617,ORTH,OCT1
MP:0009926,DISO,decreased transitional stage T2 B cell number
ENSEMBL:ENSPTRG00000008144,ORTH,ENSEMBL:ENSPTRG00000008144
ZFIN:ZDB-GENE-040426-1975,ORTH,grb2b
Xenbase:XB-GENE-484572,ORTH,carm1
MGI:2675580,ORTH,Htt<tm1Mfc>
RGD:1311342,ORTH,Cdc26
ZP:0001127,DISO,"hindbrain disorganized, abnormal"
WormBase:WBGene00002005,ORTH,hsp-1
FlyBase:FBgn0013759,ORTH,CASK
MP:0011706,DISO,abnormal fibroblast migration
ZFIN:ZDB-GENE-030131-4449,ORTH,etfa
MP:0001400,DISO,hyperresponsive
PomBase:SPBC405.04c,GENO,ypt7
ZP:0106398,DISO,"neurocranium decreased amount, abnormal"
HP:0007401,DISO,Macular atrophy
RGD:621405,ORTH,Hey2
ENSEMBL:ENSMODG00000012080,ORTH,ENSEMBL:ENSMODG00000012080
ENSEMBL:ENSFCAG00000031459,ORTH,ENSEMBL:ENSFCAG00000031459
HP:0002843,DISO,Abnormal T cell morphology
ENSEMBL:ENSECAG00000023185,ORTH,ENSEMBL:ENSECAG00000023185
ZFIN:ZDB-GENE-031016-1,ORTH,ing5a
ZFIN:ZDB-GENE-050522-155,ORTH,pacsin1a
WormBase:WBGene00007462,ORTH,ctsa-3.2
Xenbase:XB-GENE-5933522,ORTH,dctn1
MP:0009405,DISO,increased skeletal muscle fiber number
PomBase:SPCP31B10.03c,GENO,med31
MP:0010916,DISO,decreased solitary pulmonary neuroendocrine cell number
MP:0000379,DISO,decreased hair follicle number
ENSEMBL:ENSPTRG00000046305,ORTH,ENSEMBL:ENSPTRG00000046305
ZFIN:ZDB-GENE-070117-2205,ORTH,dctn1a
MP:0009550,DISO,increased urinary bladder carcinoma incidence
WBPhenotype:0001343,DISO,meiotic spindle defective early emb
MGI:1339708,ORTH,Neurod1
ZP:0100535,DISO,"motor neuron facial nerve motor nucleus increased amount, abnormal"
ENSEMBL:ENSMMUG00000018931,ORTH,ENSEMBL:ENSMMUG00000018931
ENSEMBL:ENSACAG00000001366,ORTH,ENSEMBL:ENSACAG00000001366
ZP:0000693,DISO,"regulation of cardiac muscle contraction by calcium ion signaling disrupted, abnormal"
ENSEMBL:ENSFCAG00000036800,ORTH,ENSEMBL:ENSFCAG00000036800
WormBase:WBGene00004825,ORTH,skr-19
MGI:3711010,ORTH,Htt<tm1Hay>/Htt<tm1Hay>; Tg(YAC353G6)W7Hay [involves: C57BL/6J * FVB/NJ]
MP:0003202,DISO,abnormal neuron apoptosis
MONARCH:APO_0000226APO_0000002,GENO,subcellular morphology:abnormal
ENSEMBL:ENSCAFG00000001433,ORTH,ENSEMBL:ENSCAFG00000001433
ENSEMBL:ENSMMUG00000008351,ORTH,ENSEMBL:ENSMMUG00000008351
HP:0012523,DISO,Oral aversion
FlyBase:FBgn0000439,ORTH,Dfd
RGD:2661,ORTH,Gapdh
MONARCH:APO_0000035APO_0000005,GENO,nuclear fusion during mating:absent
HGNC:1774,GENE,CDK5
ENSEMBL:ENSFCAG00000018624,ORTH,ENSEMBL:ENSFCAG00000018624
MP:0011972,DISO,decreased circulating lactate dehydrogenase level
ZFIN:ZDB-GENE-071116-7,ORTH,elp1
EnsemblGenome:AT4G33650,ORTH,EnsemblGenome:AT4G33650
MP:0009760,DISO,abnormal mitotic spindle morphology
ZP:0011578,DISO,"intersegmental artery decreased amount, abnormal"
MP:0001718,DISO,abnormal visceral yolk sac morphology
ENSEMBL:ENSFCAG00000002998,ORTH,ENSEMBL:ENSFCAG00000002998
MP:0003055,DISO,abnormal long bone epiphyseal plate morphology
ZFIN:ZDB-GENE-041121-1,ORTH,grb2a
WBPhenotype:0000059,DISO,larval arrest
Coriell:GM01168,GENO,NIGMS-GM01168
MP:0008479,DISO,decreased spleen white pulp amount
EFO:0007710,GENO,cognitive decline measurement
ENSEMBL:ENSMMUG00000002668,ORTH,ENSEMBL:ENSMMUG00000002668
ENSEMBL:ENSMODG00000003546,ORTH,ENSEMBL:ENSMODG00000003546
ENSEMBL:ENSECAG00000012900,ORTH,ENSEMBL:ENSECAG00000012900
MP:0002947,DISO,increased hemangioma incidence
ENSEMBL:ENSSSCG00000035264,ORTH,UBQLN2
HGNC:5270,GENE,DNAJB1
ZP:0020597,DISO,"hindbrain mislocalised, abnormal"
MP:0002961,DISO,abnormal axon guidance
HP:0002212,DISO,Curly hair
WormBase:WBGene00002075,ORTH,imb-1
FBcv:0000449,DISO,abnormal planar polarity
ENSEMBL:ENSBTAG00000012885,ORTH,ENSEMBL:ENSBTAG00000012885
ENSEMBL:ENSFCAG00000031269,ORTH,ENSEMBL:ENSFCAG00000031269
PomBase:SPAC630.03,GENO,arp3
ZP:0019271,DISO,"pronephros has fewer parts of type multi-ciliated epithelial cell pronephros, abnormal"
MGI:95896,ORTH,H2-D1
MP:0011086,DISO,"postnatal lethality, incomplete penetrance"
ENSEMBL:ENSECAG00000009721,ORTH,ENSEMBL:ENSECAG00000009721
RGD:1598231,ORTH,RT1-CE3
ZFIN:ZDB-GENE-030131-9372,ORTH,ubac1
ENSEMBL:ENSFCAG00000011298,ORTH,ENSEMBL:ENSFCAG00000011298
ZP:0000365,DISO,"sensory neuron trigeminal placode mislocalised anteriorly, abnormal"
ENSEMBL:ENSFCAG00000004429,ORTH,ENSEMBL:ENSFCAG00000004429
FBcv:0000360,DISO,decreased cell size
ENSEMBL:ENSGALG00000007711,ORTH,RPL4
ENSEMBL:ENSOANG00000043940,ORTH,ENSEMBL:ENSOANG00000043940
HGNC:10899,GENE,SKP1
ENSEMBL:ENSPTRG00000012575,ORTH,ENSEMBL:ENSPTRG00000012575
ENSEMBL:ENSPTRG00000020852,ORTH,ENSEMBL:ENSPTRG00000020852
dictyBase:DDB_G0272344,GENO,htt
ENSEMBL:ENSMODG00000014738,ORTH,ENSEMBL:ENSMODG00000014738
MP:0005635,DISO,decreased circulating bilirubin level
ENSEMBL:ENSMMUG00000023620,ORTH,ENSEMBL:ENSMMUG00000023620
MP:0005562,DISO,decreased mean corpuscular hemoglobin
dictyBase:DDB_G0275925,GENO,wdr68
ENSEMBL:ENSECAG00000019923,ORTH,ENSEMBL:ENSECAG00000019923
HP:0011448,DISO,Ankle clonus
ENSEMBL:ENSMMUG00000037624,ORTH,ENSEMBL:ENSMMUG00000037624
ENSEMBL:ENSACAG00000003088,ORTH,ENSEMBL:ENSACAG00000003088
ENSEMBL:ENSPTRG00000000548,ORTH,ENSEMBL:ENSPTRG00000000548
ZFIN:ZDB-GENE-040426-810,ORTH,psmd1
ENSEMBL:ENSBTAG00000025191,ORTH,ENSEMBL:ENSBTAG00000025191
ENSEMBL:ENSECAG00000011366,ORTH,ENSEMBL:ENSECAG00000011366
UBERON:0007023,ANAT,adult organism
WBPhenotype:0000127,DISO,dauer recovery variant
MONARCH:APO_0000079APO_0000002,GENO,vacuolar transport:abnormal
RGD:628886,ORTH,Optn
dictyBase:DDB_G0281703,GENO,nedd8l1
ENSEMBL:ENSPTRG00000015854,ORTH,ENSEMBL:ENSPTRG00000015854
ZP:0019569,DISO,"head increased amount, abnormal"
MP:0010157,DISO,abnormal small intestinal crypt cell proliferation
FBcv:0000006,DISO,male semi-fertile
MONARCH:APO_0000109APO_0000003,GENO,survival rate in stationary phase:decreased
ENSEMBL:ENSMODG00000013493,ORTH,ENSEMBL:ENSMODG00000013493
ENSEMBL:ENSACAG00000009855,ORTH,ENSEMBL:ENSACAG00000009855
ENSEMBL:ENSPTRG00000008645,ORTH,ENSEMBL:ENSPTRG00000008645
MGI:103575,ORTH,Skp1
MP:0005574,DISO,decreased pulmonary respiratory rate
FlyBase:FBgn0037408,ORTH,NPFR
ENSEMBL:ENSECAG00000024558,ORTH,ENSEMBL:ENSECAG00000024558
SGD:S000005713,ORTH,TUF1
WBPhenotype:0001972,DISO,germ cell compartment multinucleate
HP:0000044,DISO,Hypogonadotropic hypogonadism
SGD:S000002844,ORTH,PPZ2
MGI:95933,ORTH,H2-Q4
MP:0006126,DISO,abnormal cardiac outflow tract development
MGI:5564936,ORTH,Emx1<tm1(cre)Ito>/Emx1<+>; Rgs9<tm1(cre)Yql>/Rgs9<+>; Tg(HTT*97Q)IXwy [involves: 129P2/OlaHsd * FVB]
ZP:0003835,DISO,"central nervous system myelination disrupted, abnormal"
HP:0011123,DISO,Inflammatory abnormality of the skin
WBPhenotype:0002355,DISO,increased susceptibility to bacterial pathogens
ENSEMBL:ENSACAG00000011713,ORTH,ENSEMBL:ENSACAG00000011713
MP:0001402,DISO,hypoactivity
WBPhenotype:0001478,DISO,body elongation variant
MGI:5298845,ORTH,Htt<tm1Hay>/Htt<tm1Hay>; Tg(YAC72)2511Hay [involves: FVB/N]
WBPhenotype:0000624,DISO,reproductive system development variant
ENSEMBL:ENSPTRG00000008846,ORTH,ENSEMBL:ENSPTRG00000008846
MONARCH:APO_0000074APO_0000003,GENO,autophagy:decreased
SGD:S000002232,ORTH,BRE1
HGNC:23244,GENE,RBM25
MP:0010504,DISO,abnormal RR interval
FlyBase:FBgn0020236,ORTH,ATPCL
MONARCH:APO_0000046APO_0000003,GENO,silencing:decreased
MP:0010053,DISO,decreased grip strength
Coriell:GM04887,GENO,NIGMS-GM04887
dictyBase:DDB_G0294571,GENO,DDB_G0294571
ZP:0011959,DISO,"negative regulation of neurogenesis increased occurrence, abnormal"
dictyBase:DDB_G0290629,GENO,DDB0189005
EnsemblGenome:AT4G14800,ORTH,EnsemblGenome:AT4G14800
ENSEMBL:ENSFCAG00000005047,ORTH,ENSEMBL:ENSFCAG00000005047
ZFIN:ZDB-GENE-040426-1922,ORTH,eif3i
HP:0002421,DISO,Poor head control
ZP:0019197,DISO,"spinal cord increased occurrence apoptotic process, abnormal"
ZP:0004377,DISO,"muscle fiber development disrupted, abnormal"
MGI:87870,ORTH,Acat1
MP:0001922,DISO,reduced male fertility
FBcv:0000355,DISO,abnormal eye color
HP:0009910,DISO,Aplasia of the middle ear ossicles
ENSEMBL:ENSECAG00000019052,ORTH,ENSEMBL:ENSECAG00000019052
MGI:1915826,ORTH,Lamtor5
MP:0008213,DISO,absent immature B cells
FBcv:0000385,DISO,short lived
ENSEMBL:ENSSSCG00000009742,ORTH,ULK1
MP:0001792,DISO,impaired wound healing
HP:0000122,DISO,Unilateral renal agenesis
ENSEMBL:ENSBTAG00000018969,ORTH,ENSEMBL:ENSBTAG00000018969
ENSEMBL:ENSOANG00000043454,ORTH,ENSEMBL:ENSOANG00000043454
WormBase:WBGene00008852,ORTH,ubql-1
ENSEMBL:ENSMMUG00000009476,ORTH,ENSEMBL:ENSMMUG00000009476
ZP:0014806,DISO,"neuromuscular process controlling balance process quality, abnormal"
ZP:0008140,DISO,"midbrain increased occurrence cell death, abnormal"
MP:0009640,DISO,abnormal renal tubule epithelium morphology
MP:0003957,DISO,abnormal nitric oxide homeostasis
ENSEMBL:ENSPTRG00000010732,ORTH,ENSEMBL:ENSPTRG00000010732
ENSEMBL:ENSPTRG00000013043,ORTH,ENSEMBL:ENSPTRG00000013043
MP:0011110,DISO,"preweaning lethality, incomplete penetrance"
ZFIN:ZDB-GENE-121031-4,ORTH,chd3
dictyBase:DDB_G0285221,GENO,med31
ZFIN:ZDB-GENE-070424-4,ORTH,mhc1zca
MGI:1920081,ORTH,Dhx30
MP:0005318,DISO,decreased triglyceride level
ZP:0009415,DISO,"atrium mislocalised, abnormal"
ZP:0020989,DISO,"double-strand break repair via single-strand annealing increased frequency, abnormal"
MP:0009580,DISO,increased keratinocyte apoptosis
MP:0000245,DISO,abnormal erythropoiesis
ZP:0104796,DISO,"primitive heart tube increased distribution, abnormal"
MP:0001666,DISO,abnormal intestinal absorption
RGD:70991,ORTH,Flot1
HGNC:3481,GENE,ETFA
ZP:0000337,DISO,"thalamus development decreased process quality, abnormal"
ZP:0006749,DISO,"brain vasculature decreased functionality, abnormal"
MP:0030635,DISO,increased taurine level
Xenbase:XB-GENE-969573,ORTH,vcp
WBPhenotype:0002292,DISO,body posture amplitude decreased
ENSEMBL:ENSGALG00000001103,ORTH,ENSEMBL:ENSGALG00000001103
ENSEMBL:ENSCAFG00000013641,ORTH,ENSEMBL:ENSCAFG00000013641
ENSEMBL:ENSBTAG00000016696,ORTH,ENSEMBL:ENSBTAG00000016696
FlyBase:FBgn0264855,ORTH,AP-2alpha
MP:0002499,DISO,chronic inflammation
MGI:1858202,ORTH,Rab11a
MP:0008670,DISO,decreased interleukin-12b secretion
MGI:1916467,ORTH,Plekha4
ENSEMBL:ENSMMUG00000010593,ORTH,ENSEMBL:ENSMMUG00000010593
ZP:0010087,DISO,"pigment accumulation delayed, abnormal"
ENSEMBL:ENSECAG00000021193,ORTH,ENSEMBL:ENSECAG00000021193
ZP:0010092,DISO,"neuroblast head dispersed, abnormal"
ENSEMBL:ENSGALG00000005807,ORTH,ENSEMBL:ENSGALG00000005807
ENSEMBL:ENSMODG00000024415,ORTH,ENSEMBL:ENSMODG00000024415
MP:0004801,DISO,increased susceptibility to systemic lupus erythematosus
dictyBase:DDB_G0277777,GENO,DDB0203449
ZP:0002256,DISO,"fourth ventricle distended, abnormal"
XPO:0115658,GENO,abnormally edematous dorsal fin
WormBase:WBGene00022855,ORTH,tcer-1
HP:0000821,DISO,Hypothyroidism
MP:0009937,DISO,abnormal neuron differentiation
WBPhenotype:0001865,DISO,protein ubiquitination variant
ZP:0007178,DISO,"cellular respiration decreased process quality, abnormal"
HP:0011616,DISO,Pulmonary situs inversus
HP:0000317,DISO,Facial myokymia
HP:0100614,DISO,Myositis
WormBase:WBGene00013883,ORTH,npr-13
MP:0004806,DISO,absent germ cells
MP:0001951,DISO,abnormal breathing pattern
MP:0004809,DISO,increased hematopoietic stem cell number
RGD:1309918,ORTH,Rnaset2
WBPhenotype:0000415,DISO,necrotic cell death variant
MP:0002703,DISO,abnormal renal tubule morphology
WBPhenotype:0000793,DISO,posterior body morphology variant
ENSEMBL:ENSMMUG00000054721,ORTH,ENSEMBL:ENSMMUG00000054721
ENSEMBL:ENSCAFG00000013038,ORTH,ENSEMBL:ENSCAFG00000013038
Coriell:GM04710,GENO,NIGMS-GM04710
GO:0047496,PHYS,vesicle transport along microtubule
ENSEMBL:ENSMMUG00000014633,ORTH,ENSEMBL:ENSMMUG00000014633
ENSEMBL:ENSSSCG00000027718,ORTH,HAUS3
MGI:1859606,ORTH,Wdr45
ZP:0019104,DISO,"neural crest cell xanthoblast aggregated, abnormal"
ZFIN:ZDB-GENE-030131-2579,ORTH,kpnb1
ZP:0008910,DISO,"pharyngeal arch decreased amount, abnormal"
ZP:0004598,DISO,"Meckel's cartilage aplastic/hypoplastic, abnormal"
WBPhenotype:0000565,DISO,coiler
PomBase:SPAC19D5.04,GENO,ptr1
ZFIN:ZDB-GENE-120215-155,ORTH,sumo2a
MP:0008040,DISO,decreased NK T cell number
ENSEMBL:ENSOANG00000009877,ORTH,ENSEMBL:ENSOANG00000009877
FBcv:0000363,DISO,increased cell size
HP:0002398,DISO,Degeneration of anterior horn cells
MGI:1917497,ORTH,Psmd1
Xenbase:XB-GENE-491938,ORTH,acta1
ENSEMBL:ENSRNOG00000055911,ORTH,LOC100361259
HP:0001699,DISO,Sudden death
ENSEMBL:ENSPTRG00000013415,ORTH,ENSEMBL:ENSPTRG00000013415
ENSEMBL:ENSPTRG00000015954,ORTH,ENSEMBL:ENSPTRG00000015954
dbSNP:rs150393409,GENO,rs150393409-A
FlyBase:FBgn0266848,ORTH,wap
MONARCH:APO_0000277APO_0000004,GENO,prion loss:increased
HGNC:164,GENE,ACTN2
WBPhenotype:0000699,DISO,vulva development variant
FBcv:0000382,DISO,non-suppressor of variegation
ENSEMBL:ENSFCAG00000012862,ORTH,ENSEMBL:ENSFCAG00000012862
ENSEMBL:ENSECAG00000013877,ORTH,ENSEMBL:ENSECAG00000013877
MP:0008699,DISO,increased interleukin-4 secretion
HGNC:21091,GENE,ZNF451
ZP:0011629,DISO,"vesicle neuron decreased speed, abnormal"
WBPhenotype:0001964,DISO,dopaminergic fate atypical
HP:0006891,DISO,Thick cerebral cortex
ZP:0002361,DISO,"endodermal cell decreased amount, abnormal"
dictyBase:DDB_G0273399,GENO,MIP1
ZP:0003621,DISO,"head opaque, abnormal"
ENSEMBL:ENSFCAG00000022040,ORTH,ENSEMBL:ENSFCAG00000022040
WBPhenotype:0000280,DISO,breaks in alae
ENSEMBL:ENSACAG00000006042,ORTH,ENSEMBL:ENSACAG00000006042
MONARCH:APO_0000208APO_0000002,GENO,chromosome segregation:abnormal
ENSEMBL:ENSECAG00000023247,ORTH,ENSEMBL:ENSECAG00000023247
MP:0002906,DISO,increased susceptibility to pharmacologically induced seizures
MP:0000790,DISO,abnormal stratification in cerebral cortex
ZP:0002701,DISO,"exocrine pancreas decreased size, abnormal"
HP:0001019,DISO,Erythroderma
MP:0008702,DISO,increased interleukin-5 secretion
Coriell:GM04830,GENO,NIGMS-GM04830
ZFIN:ZDB-GENE-040426-2285,ORTH,m6pr
ZP:0003057,DISO,"skeletal myofibril assembly disrupted, abnormal"
WormBase:WBGene00003924,ORTH,pas-3
ZP:0000538,DISO,"cardiac muscle cell atrial myocardium increased amount, abnormal"
HP:0000027,DISO,Azoospermia
ZP:0014275,DISO,"fin regeneration decreased process quality, abnormal"
Xenbase:XB-GENE-982230,ORTH,tacc1
PomBase:SPAC13C5.02,GENO,dre4
HP:0002385,DISO,Paraparesis
WormBase:WBGene00012245,ORTH,rbm-25
MGI:104681,ORTH,Hgs
dictyBase:DDB_G0292564,GENO,iplA
HP:0002758,DISO,Osteoarthritis
ENSEMBL:ENSMODG00000012958,ORTH,ENSEMBL:ENSMODG00000012958
dictyBase:DDB_G0289339,GENO,med21
ENSEMBL:ENSACAG00000011443,ORTH,ENSEMBL:ENSACAG00000011443
RGD:619758,ORTH,Grb2
ENSEMBL:ENSCAFG00000024323,ORTH,ENSEMBL:ENSCAFG00000024323
HP:0100840,DISO,Aplasia/Hypoplasia of the eyebrow
MP:0031131,DISO,myocardial fiber disarray
WBPhenotype:0001743,DISO,mitosis variant
ENSEMBL:ENSACAG00000009470,ORTH,ENSEMBL:ENSACAG00000009470
ENSEMBL:ENSCAFG00000016648,ORTH,MTOR
PomBase:SPAC24H6.04,GENO,hxk1
ZP:0011958,DISO,"neurogenesis decreased occurrence, abnormal"
PomBase:SPCC16C4.02c,GENO,SPCC16C4.02c
RGD:1311622,ORTH,Bsdc1
MGI:1858258,ORTH,Eif3g
MP:0004527,DISO,abnormal outer hair cell stereociliary bundle morphology
WBPhenotype:0000097,DISO,AB lineage variant
Xenbase:XB-GENE-943222,ORTH,etfa
HP:0001256,DISO,"Intellectual disability, mild"
MGI:1913929,ORTH,Rae1
WBPhenotype:0001162,DISO,pronuclear number defective early emb
HGNC:16064,GENE,GGA2
MP:0000976,DISO,hyperinnervation of hair guard cells
MP:0000808,DISO,abnormal hippocampus development
MP:0011348,DISO,abnormal renal glomerulus basement membrane morphology
ENSEMBL:ENSFCAG00000012293,ORTH,ENSEMBL:ENSFCAG00000012293
HP:0000092,DISO,Renal tubular atrophy
MP:0003661,DISO,abnormal locus ceruleus morphology
MONARCH:APO_0000081APO_0000003,GENO,killer toxin resistance:decreased
dictyBase:DDB_G0273249,GENO,hspE-1
dictyBase:DDB_G0270336,GENO,DDB0190979
RGD:1306524,ORTH,Etv4
ENSEMBL:ENSFCAG00000043336,ORTH,ENSEMBL:ENSFCAG00000043336
HP:0001334,DISO,Communicating hydrocephalus
MP:0001200,DISO,thick skin
ENSEMBL:ENSGALG00000017447,ORTH,F1NHK3
WormBase:WBGene00022877,ORTH,wago-5
ENSEMBL:ENSPTRG00000007210,ORTH,ENSEMBL:ENSPTRG00000007210
MP:0014145,DISO,increased white adipose tissue mass
MGI:1919161,ORTH,Bdh1
dictyBase:DDB_G0284075,GENO,DDB0185824
ENSEMBL:ENSOANG00000046189,ORTH,ENSEMBL:ENSOANG00000046189
ENSEMBL:ENSECAG00000021385,ORTH,ENSEMBL:ENSECAG00000021385
ENSEMBL:ENSECAG00000014814,ORTH,ENSEMBL:ENSECAG00000014814
ZP:0003233,DISO,"midbrain hindbrain boundary quality, abnormal"
Coriell:GM01083,GENO,NIGMS-GM01083
ZFIN:ZDB-GENE-070705-22,ORTH,ftr85
ENSEMBL:ENSPTRG00000011315,ORTH,ENSEMBL:ENSPTRG00000011315
ENSEMBL:ENSPTRG00000014619,ORTH,ENSEMBL:ENSPTRG00000014619
ZP:0001056,DISO,"palatoquadrate cartilage aplastic, abnormal"
WormBase:WBGene00016624,ORTH,hrpl-1
ENSEMBL:ENSCAFG00000014883,ORTH,ENSEMBL:ENSCAFG00000014883
Xenbase:XB-GENE-986079,ORTH,plekha4
PomBase:SPBC4C3.06,GENO,syp1
MP:0002968,DISO,increased circulating alkaline phosphatase level
ENSEMBL:ENSPTRG00000050744,ORTH,ENSEMBL:ENSPTRG00000050744
ZFIN:ZDB-GENE-030131-2642,ORTH,dnaja1
ENSEMBL:ENSFCAG00000000832,ORTH,ENSEMBL:ENSFCAG00000000832
ENSEMBL:ENSBTAG00000049406,ORTH,ENSEMBL:ENSBTAG00000049406
dictyBase:DDB_G0290961,GENO,zfaA
MP:0004573,DISO,absent limb buds
ZFIN:ZDB-GENE-061110-88,ORTH,ubc
MGI:2389466,ORTH,Tg(HDexon1)61Gpb
RGD:621840,ORTH,Rheb
WBPhenotype:0000358,DISO,extra cell division postembryonic
ENSEMBL:ENSMODG00000005190,ORTH,ENSEMBL:ENSMODG00000005190
ENSEMBL:ENSCAFG00000005827,ORTH,ENSEMBL:ENSCAFG00000005827
MP:0003091,DISO,abnormal cell migration
ENSEMBL:ENSACAG00000010065,ORTH,ENSEMBL:ENSACAG00000010065
Coriell:GM06445,GENO,NIGMS-GM06445
ENSEMBL:ENSOANG00000005083,ORTH,ENSEMBL:ENSOANG00000005083
WBPhenotype:0002039,DISO,retrograde transport variant
ZP:0001461,DISO,"somite U-shaped, abnormal"
ZFIN:ZDB-GENE-040426-2707,ORTH,hnrnpl2
MP:0009754,DISO,enhanced behavioral response to cocaine
HP:0000563,DISO,Keratoconus
ENSEMBL:ENSGALG00000035701,ORTH,ENSEMBL:ENSGALG00000035701
HP:0040071,DISO,Abnormal morphology of ulna
ENSEMBL:ENSGALG00000007510,ORTH,ENSEMBL:ENSGALG00000007510
MP:0020280,DISO,increased creatine kinase level
MP:0002161,DISO,abnormal fertility/fecundity
ENSEMBL:ENSMODG00000048748,ORTH,ENSEMBL:ENSMODG00000048748
HGNC:10832,GENE,SH3GL3
WBPhenotype:0001107,DISO,spindle rotation defective early emb
HGNC:24549,GENE,MRFAP1
dictyBase:DDB_G0277773,GENO,DDB0203447
HP:0003202,DISO,Skeletal muscle atrophy
ZP:0004596,DISO,"determination of left/right asymmetry in diencephalon process quality, abnormal"
MGI:1921529,ORTH,Magea14
SGD:S000001857,ORTH,TUB2
ZFIN:ZDB-GENE-050208-439,ORTH,crebbpa
ZFIN:ZDB-GENE-030131-6959,ORTH,rapgef2
WBPhenotype:0000857,DISO,excretory cell development variant
ZP:0003559,DISO,"neurocranium malformed, abnormal"
dictyBase:DDB_G0272566,GENO,psmD14
ENSEMBL:ENSPTRG00000022023,ORTH,ENSEMBL:ENSPTRG00000022023
FlyBase:FBgn0028692,ORTH,Rpn2
Xenbase:XB-GENE-967617,ORTH,cetn1
ZP:0137439,DISO,"histone modification disrupted, abnormal"
WBPhenotype:0000743,DISO,RNAi response variant
ZP:0018342,DISO,"epibranchial ganglion process quality axon development, abnormal"
ENSEMBL:ENSCAFG00000010627,ORTH,RASSF1
ENSEMBL:ENSACAG00000011267,ORTH,ENSEMBL:ENSACAG00000011267
MP:0001074,DISO,abnormal vagus nerve morphology
HP:0000687,DISO,Widely spaced teeth
ZP:0006024,DISO,"forebrain aplastic, abnormal"
ENSEMBL:ENSOANG00000009042,ORTH,ENSEMBL:ENSOANG00000009042
ENSEMBL:ENSECAG00000019599,ORTH,ENSEMBL:ENSECAG00000019599
ZP:0017038,DISO,"forebrain absent, abnormal"
RGD:1359580,ORTH,Atg5
FBcv:0002008,DISO,lethal - all die during second instar larval stage
HGNC:17822,GENE,PTGES2
HP:0000470,DISO,Short neck
ENSEMBL:ENSECAG00000008992,ORTH,ENSEMBL:ENSECAG00000008992
ENSEMBL:ENSPTRG00000045358,ORTH,ENSEMBL:ENSPTRG00000045358
MP:0014105,DISO,abnormal chondrocyte differentiation
ENSEMBL:ENSMMUG00000006804,ORTH,ENSEMBL:ENSMMUG00000006804
FlyBase:FBgn0037578,ORTH,PNKP
HGNC:25031,GENE,PRPF40B
HP:0007082,DISO,Dilated third ventricle
MP:0008907,DISO,decreased total fat pad weight
WBPhenotype:0002567,DISO,long-term associative olfactory memory defective
dictyBase:DDB_G0283939,GENO,DDB0185762
ENSEMBL:ENSMODG00000006104,ORTH,ENSEMBL:ENSMODG00000006104
MP:0011060,DISO,abnormal kinocilium morphology
MP:0008190,DISO,decreased transitional stage B cell number
FlyBase:FBgn0038796,ORTH,eIF3g2
ZFIN:ZDB-GENE-030131-5408,ORTH,vcp
dictyBase:DDB_G0269682,GENO,atxn2
WormBase:WBGene00002183,ORTH,kat-1
ENSEMBL:ENSXETG00000035922,ORTH,ENSEMBL:ENSXETG00000035922
ENSEMBL:ENSBTAG00000000219,ORTH,ENSEMBL:ENSBTAG00000000219
MP:0001783,DISO,decreased white adipose tissue amount
ENSEMBL:ENSMODG00000009873,ORTH,ENSEMBL:ENSMODG00000009873
MGI:106092,ORTH,Etfa
HP:0002763,DISO,Abnormal cartilage morphology
ENSEMBL:ENSRNOG00000046761,ORTH,LOC103690102
EFO:0009941,GENO,Inhalant adrenergic use measurement
ENSEMBL:ENSFCAG00000044226,ORTH,ENSEMBL:ENSFCAG00000044226
WormBase:WBGene00001501,ORTH,ftn-2
ZP:0013172,DISO,"cell fate specification process quality, abnormal"
Xenbase:XB-GENE-951034,ORTH,med31
ZP:0019097,DISO,"female organism increased amount, abnormal"
ZFIN:ZDB-GENE-060825-69,ORTH,llgl1
ZP:0010630,DISO,"swim bladder inflation decreased process quality, abnormal"
MP:0011112,DISO,"lethality during fetal growth through weaning, incomplete penetrance"
EFO:0004458,GENO,C-reactive protein measurement
MP:0001181,DISO,absent lungs
MONARCH:APO_0000120APO_0000002,GENO,actin cytoskeleton morphology:abnormal
HP:0003691,DISO,Scapular winging
WBPhenotype:0001539,DISO,dauer induction variant
ENSEMBL:ENSACAG00000017921,ORTH,ENSEMBL:ENSACAG00000017921
MP:0004000,DISO,impaired passive avoidance behavior
ZP:0007182,DISO,"nucleate erythrocyte accumulation heart, abnormal"
dictyBase:DDB_G0282581,GENO,DDB0204851
ZP:0000100,DISO,"brain morphology, abnormal"
NCBIGene:100000823,GENE,dlg4
ZP:0018956,DISO,"brain decreased amount, abnormal"
MP:0010685,DISO,abnormal hair follicle inner root sheath morphology
ENSEMBL:ENSBTAG00000000753,ORTH,ENSEMBL:ENSBTAG00000000753
WormBase:WBGene00018960,ORTH,ilcr-2
ENSEMBL:ENSGALG00000040896,ORTH,ENSEMBL:ENSGALG00000040896
ZP:0008387,DISO,"exit from mitosis decreased occurrence, abnormal"
MP:0030003,DISO,hippocampus atrophy
ENSEMBL:ENSECAG00000001106,ORTH,ENSEMBL:ENSECAG00000001106
ENSEMBL:ENSFCAG00000030741,ORTH,ENSEMBL:ENSFCAG00000030741
ENSEMBL:ENSOANG00000004021,ORTH,ENSEMBL:ENSOANG00000004021
ENSEMBL:ENSMMUG00000004401,ORTH,ENSEMBL:ENSMMUG00000004401
MONARCH:APO_0000159APO_0000003,GENO,biofilm formation:decreased
PomBase:SPAC22A12.14c,GENO,SPAC22A12.14c
WBPhenotype:0002462,DISO,pathogen adherence increased
MP:0005322,DISO,abnormal serotonin level
MP:0013818,DISO,abnormal oral cavity morphology
HP:0100543,DISO,Cognitive impairment
MP:0006322,DISO,abnormal perichondrium morphology
FBcv:0000402,DISO,abnormal song
HP:0000517,DISO,Abnormality of the lens
ZP:0000563,DISO,"neutrophil decreased amount, abnormal"
MP:0000688,DISO,lymphoid hyperplasia
MP:0000909,DISO,abnormal facial motor nucleus morphology
HP:0002045,DISO,Hypothermia
ENSEMBL:ENSACAG00000014074,ORTH,ENSEMBL:ENSACAG00000014074
ZFIN:ZDB-GENE-030131-9631,ORTH,ogt.1
ENSEMBL:ENSCAFG00000008788,ORTH,MSH3
WBPhenotype:0000476,DISO,progressive muscle detachment
HGNC:3293,GENE,EIF4E2
ENSEMBL:ENSMODG00000008382,ORTH,ENSEMBL:ENSMODG00000008382
WBPhenotype:0002072,DISO,carbohydrate metabolism variant
MGI:1914117,ORTH,Hmg20a
MP:0005370,DISO,liver/biliary system phenotype
WormBase:WBGene00044281,ORTH,R04A9.7
HP:0007530,DISO,Punctate palmoplantar hyperkeratosis
MP:0004165,DISO,abnormal lateral geniculate nucleus morphology
HP:0000135,DISO,Hypogonadism
MP:0004265,DISO,abnormal placental transport
ZP:0003690,DISO,"axis specification disrupted, abnormal"
ZFIN:ZDB-GENE-020430-1,ORTH,flot1a
MGI:2159601,ORTH,Syt12
MP:0009776,DISO,decreased behavioral withdrawal response
FlyBase:FBgn0031442,ORTH,Prosbeta4R1
ENSEMBL:ENSSSCG00000041318,ORTH,ENSEMBL:ENSSSCG00000041318
Xenbase:XB-GENE-480628,ORTH,traf6
Xenbase:XB-GENE-941589,ORTH,vat1
ENSEMBL:ENSCAFG00000001345,ORTH,MATR3
MP:0012095,DISO,increased Reichert's membrane thickness
HP:0008956,DISO,Proximal lower limb amyotrophy
ENSEMBL:ENSMODG00000024179,ORTH,ENSEMBL:ENSMODG00000024179
MGI:102694,ORTH,Ptprm
Coriell:GM05622,GENO,NIGMS-GM05622
PomBase:SPBC12C2.10c,GENO,pst1
MP:0000250,DISO,abnormal vasoconstriction
ZP:0020456,DISO,"ceratobranchial 5 tooth hypoplastic, abnormal"
MONARCH:APO_0000041APO_0000117,GENO,sporulation:normal
WormBase:WBGene00016984,ORTH,npr-8
ENSEMBL:ENSCAFG00000006946,ORTH,ENSEMBL:ENSCAFG00000006946
MP:0008572,DISO,abnormal Purkinje cell dendrite morphology
dictyBase:DDB_G0286661,GENO,DDB0187079
MP:0004937,DISO,dilated heart
WBPhenotype:0000367,DISO,comma arrest emb
MP:0001107,DISO,decreased Schwann cell number
ZFIN:ZDB-GENE-040426-1666,ORTH,becn1
WBPhenotype:0001177,DISO,embryo osmotic pressure sensitive early emb
FlyBase:FBgn0035793,ORTH,CG7546
ENSEMBL:ENSECAG00000021328,ORTH,ENSEMBL:ENSECAG00000021328
ENSEMBL:ENSMODG00000017657,ORTH,ENSEMBL:ENSMODG00000017657
ENSEMBL:ENSFCAG00000003902,ORTH,ENSEMBL:ENSFCAG00000003902
Xenbase:XB-GENE-493040,ORTH,hap1
ZP:0011947,DISO,"vasculature malformed, abnormal"
ENSEMBL:ENSOANG00000014135,ORTH,ENSEMBL:ENSOANG00000014135
WBPhenotype:0000637,DISO,dauer formation variant
ENSEMBL:ENSECAG00000015098,ORTH,ENSEMBL:ENSECAG00000015098
HP:0030040,DISO,Fused lumbar vertebrae
ENSEMBL:ENSGALG00000011330,ORTH,ENSEMBL:ENSGALG00000011330
ZP:0105777,DISO,"pronephric duct increased distribution, abnormal"
MP:0001819,DISO,abnormal immune cell physiology
WBPhenotype:0000467,DISO,age associated fluorescence increased
ENSEMBL:ENSFCAG00000015730,ORTH,ENSEMBL:ENSFCAG00000015730
ZFIN:ZDB-GENE-090501-2,ORTH,si:dkey-28b4.8
MGI:95606,ORTH,Xrcc6
WormBase:WBGene00007026,ORTH,mdt-31
ENSEMBL:ENSFCAG00000009735,ORTH,ENSEMBL:ENSFCAG00000009735
MP:0011967,DISO,increased or absent threshold for auditory brainstem response
FBcv:0002038,DISO,some die during pharate adult stage
ENSEMBL:ENSBTAG00000021949,ORTH,ENSEMBL:ENSBTAG00000021949
ENSEMBL:ENSMODG00000008861,ORTH,ENSEMBL:ENSMODG00000008861
MP:0005087,DISO,decreased acute inflammation
ENSEMBL:ENSMODG00000020353,ORTH,ENSEMBL:ENSMODG00000020353
ENSEMBL:ENSMMUG00000054990,ORTH,ENSEMBL:ENSMMUG00000054990
ENSEMBL:ENSMMUG00000007811,ORTH,ENSEMBL:ENSMMUG00000007811
MP:0008484,DISO,decreased spleen germinal center size
MONARCH:APO_0000224APO_0000004,GENO,RNA accumulation:increased
ENSEMBL:ENSMMUG00000001723,ORTH,ENSEMBL:ENSMMUG00000001723
ENSEMBL:ENSSSCG00000002446,ORTH,ATXN3
MP:0008489,DISO,slow postnatal weight gain
ENSEMBL:ENSPTRG00000052507,ORTH,ENSEMBL:ENSPTRG00000052507
WBPhenotype:0002114,DISO,swimming induced paralysis
MONARCH:APO_0000147APO_0000117,GENO,heat sensitivity:normal
ENSEMBL:ENSCAFG00000023331,ORTH,F1PKK4
ENSEMBL:ENSPTRG00000012150,ORTH,ENSEMBL:ENSPTRG00000012150
HP:0001284,DISO,Areflexia
dictyBase:DDB_G0283597,GENO,eif3B
GO:0030425,PHYS,dendrite
MP:0004953,DISO,decreased spleen weight
MGI:2442013,ORTH,C5ar2
ENSEMBL:ENSOANG00000003658,ORTH,ENSEMBL:ENSOANG00000003658
PomBase:SPAC3A12.14,GENO,cam1
WormBase:WBGene00006974,ORTH,zen-4
ENSEMBL:ENSMODG00000048958,ORTH,ENSEMBL:ENSMODG00000048958
ENSEMBL:ENSOANG00000040309,ORTH,ENSEMBL:ENSOANG00000040309
WormBase:WBGene00004458,ORTH,rpn-1
ZFIN:ZDB-GENE-090507-4,ORTH,tuba1a
ENSEMBL:ENSECAG00000023516,ORTH,ENSEMBL:ENSECAG00000023516
MGI:1347009,ORTH,Psma5
ENSEMBL:ENSACAG00000012394,ORTH,ENSEMBL:ENSACAG00000012394
MGI:1099442,ORTH,Atxn3
MP:0010939,DISO,abnormal mandibular prominence morphology
HP:0001700,DISO,Myocardial necrosis
ENSEMBL:ENSGALG00000036962,ORTH,ENSEMBL:ENSGALG00000036962
HGNC:28783,GENE,CMC1
ENSEMBL:ENSGALG00000051479,ORTH,CDK5
MP:0000778,DISO,abnormal nervous system tract morphology
ZFIN:ZDB-GENE-040801-62,ORTH,rab35b
ZP:0018483,DISO,"acetylcholine-gated channel complex myotome increased distribution, abnormal"
MP:0001491,DISO,unresponsive to tactile stimuli
ENSEMBL:ENSMODG00000025180,ORTH,ENSEMBL:ENSMODG00000025180
MP:0003674,DISO,oxidative stress
MONARCH:APO_0000094APO_0000003,GENO,metabolism and growth:decreased
WBPhenotype:0002285,DISO,head bend angle decreased
ZP:0106015,DISO,"oligodendrocyte central nervous system decreased amount, abnormal"
ZP:0002078,DISO,"spinal cord decreased length, abnormal"
ZP:0007470,DISO,"ceratohyal cartilage increased angle to ceratohyal cartilage, abnormal"
ZP:0005471,DISO,"regulation of cellular pH reduction decreased process quality, abnormal"
ZFIN:ZDB-GENE-070912-487,ORTH,ftr38
FlyBase:FBgn0027497,ORTH,Madm
ZP:0001016,DISO,"eye development disrupted, abnormal"
ZP:0000159,DISO,"whole organism shape, abnormal"
WBPhenotype:0002212,DISO,amphid neuron dye filling defect
MP:0001828,DISO,abnormal T cell activation
MP:0004229,DISO,abnormal embryonic erythropoiesis
FlyBase:FBgn0010379,ORTH,Akt1
HGNC:9871,GENE,RASA1
ENSEMBL:ENSECAG00000015999,ORTH,ENSEMBL:ENSECAG00000015999
ENSEMBL:ENSPTRG00000009261,ORTH,ENSEMBL:ENSPTRG00000009261
ENSEMBL:ENSECAG00000037420,ORTH,ENSEMBL:ENSECAG00000037420
PomBase:SPAC8F11.03,GENO,msh3
ZP:0000048,DISO,"retina morphology, abnormal"
MONARCH:APO_0000126APO_0000003,GENO,nuclear import:decreased
ZP:0000568,DISO,"axis decreased length, abnormal"
WBPhenotype:0001012,DISO,organism pathogen response variant
ZFIN:ZDB-GENE-070410-70,ORTH,cnot2
ZP:0138431,DISO,"retinal pigmented epithelium incomplete structure, abnormal"
ENSEMBL:ENSOANG00000049167,ORTH,ENSEMBL:ENSOANG00000049167
ENSEMBL:ENSMODG00000024783,ORTH,ENSEMBL:ENSMODG00000024783
ENSEMBL:ENSCAFG00000010555,ORTH,J9P0P0
ENSEMBL:ENSMMUG00000004802,ORTH,ENSEMBL:ENSMMUG00000004802
Xenbase:XB-GENE-5917368,ORTH,rcn2
NCBIGene:110438919,GENE,LOC110438919
ZFIN:ZDB-GENE-030825-4,ORTH,casp6a
HP:0001873,DISO,Thrombocytopenia
ENSEMBL:ENSCAFG00000000406,ORTH,ENSEMBL:ENSCAFG00000000406
HGNC:9774,GENE,RAB35
HP:0002475,DISO,Myelomeningocele
ZP:0013173,DISO,"visual behavior process quality, abnormal"
ENSEMBL:ENSSSCG00000007030,ORTH,IKBKB
ENSEMBL:ENSBTAG00000017780,ORTH,ENSEMBL:ENSBTAG00000017780
ENSEMBL:ENSFCAG00000028502,ORTH,ENSEMBL:ENSFCAG00000028502
MP:0003960,DISO,increased lean body mass
ZP:0008795,DISO,"anterior region whole organism truncated, abnormal"
MP:0002279,DISO,abnormal diaphragm morphology
HGNC:9534,GENE,PSMA5
WBPhenotype:0001905,DISO,fewer eggs laid
MP:0006279,DISO,abnormal limb development
FlyBase:FBgn0011692,ORTH,pav
HP:0001677,DISO,Coronary artery atherosclerosis
HGNC:4235,GENE,GFAP
ENSEMBL:ENSCAFG00000002699,ORTH,CNOT3
Xenbase:XB-GENE-966618,ORTH,zdhhc17
MGI:700012,ORTH,Ostf1
MP:0009546,DISO,absent gastric milk in neonates
ZFIN:ZDB-GENE-030131-5541,ORTH,psmd7
MGI:5467291,ORTH,Sirt2<tm1Gdon>/Sirt2<tm1Gdon>; Tg(HDexon1)62Gpb [involves: 129P2/OlaHsd * C57BL/6 * CBA]
MP:0001468,DISO,abnormal temporal memory
MP:0010842,DISO,"decreased central memory CD4-positive, alpha-beta T cell number"
ENSEMBL:ENSMODG00000006193,ORTH,ENSEMBL:ENSMODG00000006193
ENSEMBL:ENSFCAG00000014173,ORTH,ENSEMBL:ENSFCAG00000014173
OMIM:613004.0002,DISO,"HTT, PRO703LEU"
MP:0010349,DISO,increased teratocarcinoma incidence
HGNC:21212,GENE,ADGB
ENSEMBL:ENSPTRG00000013021,ORTH,ENSEMBL:ENSPTRG00000013021
FlyBase:FBgn0267378,ORTH,sau
MP:0009971,DISO,decreased hippocampus pyramidal cell number
ENSEMBL:ENSSSCG00000016649,ORTH,F1SJA8
WBPhenotype:0001079,DISO,cytoplasmic dynamics defective early emb
MONARCH:APO_0000143APO_0000002,GENO,chromosome/plasmid maintenance:abnormal
MP:0001258,DISO,decreased body length
PomBase:SPAC31G5.13,GENO,rpn11
MP:0013213,DISO,abnormal embryonic neuroepithelium primary cilium morphology
NCBIGene:548377,GENE,cyp2c37
ENSEMBL:ENSBTAG00000007766,ORTH,ENSEMBL:ENSBTAG00000007766
ZP:0000475,DISO,"neural crest cell migration disrupted, abnormal"
MP:0012163,DISO,abnormal dental mesenchyme morphology
WBPhenotype:0001886,DISO,cleavage furrow termination defective early emb
ENSEMBL:ENSBTAG00000003304,ORTH,ENSEMBL:ENSBTAG00000003304
ZP:0002294,DISO,"gut decreased size, abnormal"
SGD:S000006100,ORTH,PPQ1
ZP:0100116,DISO,"paired fin absent, abnormal"
RGD:1585173,ORTH,Bag2
ENSEMBL:ENSECAG00000018149,ORTH,ENSEMBL:ENSECAG00000018149
ENSEMBL:ENSOANG00000005189,ORTH,ENSEMBL:ENSOANG00000005189
ENSEMBL:ENSCAFG00000016067,ORTH,WIPI2
HP:0007256,DISO,Abnormal pyramidal sign
HP:0001952,DISO,Glucose intolerance
HP:0012075,DISO,Personality disorder
ENSEMBL:ENSECAG00000008264,ORTH,ENSEMBL:ENSECAG00000008264
ENSEMBL:ENSBTAG00000003748,ORTH,CNOT2
ENSEMBL:ENSFCAG00000008729,ORTH,ENSEMBL:ENSFCAG00000008729
MP:0005006,DISO,abnormal osteoblast physiology
ENSEMBL:ENSFCAG00000002657,ORTH,ENSEMBL:ENSFCAG00000002657
XPO:0102358,GENO,abnormal tail morphology
ENSEMBL:ENSECAG00000017141,ORTH,ENSEMBL:ENSECAG00000017141
SGD:S000004339,ORTH,KAP95
MP:0009352,DISO,impaired spacing of implantation sites
ZP:0006599,DISO,"dorsal aorta absent, abnormal"
SGD:S000001949,ORTH,HXK1
MP:0010320,DISO,increased pituitary gland tumor incidence
FlyBase:CG1469,ORTH,FlyBase:CG1469
ENSEMBL:ENSACAG00000009074,ORTH,ENSEMBL:ENSACAG00000009074
ZP:0005770,DISO,"nucleus lens mislocalised anteriorly, abnormal"
ZP:0002761,DISO,"brain structure, abnormal"
ENSEMBL:ENSACAG00000011290,ORTH,ENSEMBL:ENSACAG00000011290
ENSEMBL:ENSSSCG00000034395,ORTH,CREB1
SGD:S000003174,ORTH,CHC1
ENSEMBL:ENSSSCG00000005273,ORTH,ENSEMBL:ENSSSCG00000005273
ZP:0009074,DISO,"neuronal cell body rhombomere 4 mislocalised, abnormal"
HP:0200037,DISO,Skin vesicle
dictyBase:DDB_G0288427,GENO,cenA
ZFIN:ZDB-GENE-050417-66,ORTH,polr2h
ENSEMBL:ENSPTRG00000005014,ORTH,ENSEMBL:ENSPTRG00000005014
ZFIN:ZDB-GENE-030131-7166,ORTH,syvn1
WormBase:WBGene00009306,ORTH,maph-1.1
HP:0008755,DISO,Laryngotracheomalacia
MGI:5467290,ORTH,Tg(HDexon1)62Gpb [involves: C57BL/6 * C57BL/6JOlaHsd * CBA * CBA/CaOlaHsd]
ENSEMBL:ENSGALG00000008460,ORTH,ENSEMBL:ENSGALG00000008460
RGD:1306853,ORTH,Traf6
WormBase:WBGene00000288,ORTH,cal-4
ENSEMBL:ENSBTAG00000008333,ORTH,ENSEMBL:ENSBTAG00000008333
ZP:0000147,DISO,"notochord quality, abnormal"
MP:0012263,DISO,decreased hindbrain size
HP:0030434,DISO,Pilomatrixoma
WormBase:WBGene00000199,ORTH,arx-1
HGNC:14339,GENE,PLEKHA4
ENSEMBL:ENSBTAG00000020998,ORTH,ENSEMBL:ENSBTAG00000020998
ENSEMBL:ENSSSCG00000001871,ORTH,HMG20A
RGD:1561602,ORTH,Nlk
ENSEMBL:ENSFCAG00000045670,ORTH,ENSEMBL:ENSFCAG00000045670
ENSEMBL:ENSPTRG00000009815,ORTH,ENSEMBL:ENSPTRG00000009815
HGNC:5045,GENE,HNRNPL
FlyBase:FBgn0031057,ORTH,Ubqn
MGI:3813482,ORTH,Tg(Ppp1r1b-HTT*)1Meeh [C57BL/6J-Tg(Ppp1r1b-HTT*)1Meeh]
HP:0000965,DISO,Cutis marmorata
ZFIN:ZDB-GENE-060531-56,ORTH,ercc6l
ENSEMBL:ENSBTAG00000051238,ORTH,SNX21
MP:0003935,DISO,abnormal craniofacial development
Xenbase:XB-GENE-995345,ORTH,map6
ENSEMBL:ENSGALG00000010766,ORTH,ENSEMBL:ENSGALG00000010766
EFO:0008460,GENO,colorectal health
ENSEMBL:ENSMODG00000015559,ORTH,ENSEMBL:ENSMODG00000015559
WBPhenotype:0001103,DISO,spindle absent early emb
ENSEMBL:ENSSSCG00000007503,ORTH,ENSEMBL:ENSSSCG00000007503
HP:0001655,DISO,Patent foramen ovale
ENSEMBL:ENSFCAG00000004245,ORTH,ENSEMBL:ENSFCAG00000004245
RGD:1359555,ORTH,Sec13
dictyBase:DDB_G0269234,GENO,act1
ZFIN:ZDB-GENE-040426-1527,ORTH,vps28
ENSEMBL:ENSBTAG00000017618,ORTH,MAP3K10
MGI:108418,ORTH,Npy2r
ENSEMBL:ENSCAFG00000011126,ORTH,ENSEMBL:ENSCAFG00000011126
ZFIN:ZDB-GENE-081031-18,ORTH,ptdss1b
dbSNP:rs112683178,GENO,rs112683178-A
dictyBase:DDB_G0280855,GENO,DDB_G0280855
ENSEMBL:ENSMODG00000016731,ORTH,ENSEMBL:ENSMODG00000016731
ZFIN:ZDB-GENE-091117-1,ORTH,nefla
MP:0004974,DISO,decreased regulatory T cell number
HP:0001650,DISO,Aortic valve stenosis
ZP:0000597,DISO,"retinal pigmented epithelium decreased pigmentation, abnormal"
HP:0009125,DISO,Lipodystrophy
HP:0000541,DISO,Retinal detachment
ENSEMBL:ENSPTRG00000050388,ORTH,ENSEMBL:ENSPTRG00000050388
ZP:0000537,DISO,"intersegmental vessel collapsed, abnormal"
ENSEMBL:ENSOANG00000008839,ORTH,ENSEMBL:ENSOANG00000008839
ZP:0138435,DISO,"cranial nerve II disrupted axonal fasciculation, abnormal"
MP:0001658,DISO,increased mortality induced by gamma-irradiation
ZP:0002309,DISO,"eye necrotic, abnormal"
NCBIGene:450202,GENE,PATR-B
ZP:0002562,DISO,"whole organism increased curvature, abnormal"
ZP:0001710,DISO,"photoreceptor outer segment layer absent, abnormal"
MGI:1928760,ORTH,Ruvbl1
ENSEMBL:ENSACAG00000016085,ORTH,ENSEMBL:ENSACAG00000016085
ENSEMBL:ENSPTRG00000005705,ORTH,ENSEMBL:ENSPTRG00000005705
MP:0001719,DISO,absent vitelline blood vessels
FlyBase:FBgn0037770,ORTH,Art4
dbSNP:rs28406206,GENO,rs28406206-?
ENSEMBL:ENSCAFG00000042367,ORTH,PPP2CA
UBERON:0000966,ANAT,retina
HGNC:4913,GENE,HIP1
dbSNPIndividual:16731,GENO,46;XX.arr(1-22;X)x2 [GM04723]
ENSEMBL:ENSPTRG00000005403,ORTH,ENSEMBL:ENSPTRG00000005403
ENSEMBL:ENSSSCG00000031710,ORTH,BRF1
ZP:0001764,DISO,"heart decreased size, abnormal"
ZP:0007158,DISO,"blood island has fewer parts of type hematopoietic stem cell, abnormal"
WormBase:WBGene00004811,ORTH,skr-5
MONARCH:APO_0000076APO_0000003,GENO,mitochondrial transport:decreased
ENSEMBL:ENSMMUG00000002286,ORTH,ENSEMBL:ENSMMUG00000002286
HP:0010442,DISO,Polydactyly
ZP:0001214,DISO,"dopaminergic neuron caudal tuberculum decreased amount, abnormal"
MP:0002804,DISO,abnormal motor learning
ENSEMBL:ENSGALG00000003107,ORTH,ENSEMBL:ENSGALG00000003107
ENSEMBL:ENSPTRG00000015078,ORTH,ENSEMBL:ENSPTRG00000015078
ENSEMBL:ENSSSCG00000038956,ORTH,ENSEMBL:ENSSSCG00000038956
dictyBase:DDB_G0288065,GENO,cdcD
Xenbase:XB-GENE-950703,ORTH,psmd14
MP:0000295,DISO,trabecula carnea hypoplasia
RGD:1305576,ORTH,Setd2
ENSEMBL:ENSECAG00000013260,ORTH,ENSEMBL:ENSECAG00000013260
ZFIN:ZDB-FISH-170608-6,ORTH,<zf602Tg>/<?>; <zf703Tg>/<?> [unspecified background]
ZP:0106671,DISO,"granulocyte ventral wall of dorsal aorta decreased amount, abnormal"
MP:0008009,DISO,delayed cellular replicative senescence
ZP:0002161,DISO,"ethmoid cartilage hypoplastic, abnormal"
MP:0010239,DISO,decreased skeletal muscle weight
MP:0009625,DISO,abnormal abdominal lymph node morphology
ENSEMBL:ENSACAG00000003517,ORTH,ENSEMBL:ENSACAG00000003517
ENSEMBL:ENSMODG00000011301,ORTH,ENSEMBL:ENSMODG00000011301
ZP:0019046,DISO,"cell projection Muller cell disorganized, abnormal"
Xenbase:XB-GENE-487820,ORTH,gapdh
ENSEMBL:ENSMMUG00000012574,ORTH,ENSEMBL:ENSMMUG00000012574
ZP:0106517,DISO,"cardiac muscle cell atrium condensed, abnormal"
ZP:0100117,DISO,"paired fin decreased size, abnormal"
ENSEMBL:ENSOANG00000013750,ORTH,ENSEMBL:ENSOANG00000013750
ENSEMBL:ENSMMUG00000015032,ORTH,ENSEMBL:ENSMMUG00000015032
MP:0000116,DISO,abnormal tooth development
MONARCH:APO_0000078APO_0000003,GENO,protein secretion:decreased
ENSEMBL:ENSGALG00000036556,ORTH,ENSEMBL:ENSGALG00000036556
MP:0005078,DISO,abnormal cytotoxic T cell physiology
EFO:0007702,GENO,hip bone mineral density
ZFIN:ZDB-GENE-030131-408,ORTH,ube2e3
FlyBase:FBgn0033184,ORTH,mEFTu2
ENSEMBL:ENSPTRG00000008714,ORTH,ENSEMBL:ENSPTRG00000008714
ENSEMBL:ENSPTRG00000007297,ORTH,ENSEMBL:ENSPTRG00000007297
WBPhenotype:0001020,DISO,embryonic lethal late emb
HP:0003687,DISO,Centrally nucleated skeletal muscle fibers
ENSEMBL:ENSCAFG00000006373,ORTH,A0A5F4C140
FBcv:0000389,DISO,paralytic
FBcv:0000416,DISO,uncoordinated
ZP:0004001,DISO,"neuron retinal ganglion cell layer degenerate, abnormal"
MP:0009988,DISO,abnormal cerebellum vermis lobule I morphology
ENSEMBL:ENSECAG00000004216,ORTH,ENSEMBL:ENSECAG00000004216
Xenbase:XB-GENE-974453,ORTH,tardbp
MP:0005215,DISO,abnormal pancreatic islet morphology
WormBase:WBGene00011808,ORTH,T16G12.7
MP:0003178,DISO,left pulmonary isomerism
ZP:0000031,DISO,"swim bladder inflation arrested, abnormal"
FlyBase:FBgn0034904,ORTH,CG15800
ENSEMBL:ENSSSCG00000036924,ORTH,PSMA4
ENSEMBL:ENSACAG00000012381,ORTH,ENSEMBL:ENSACAG00000012381
ENSEMBL:ENSCAFG00000017841,ORTH,G3BP1
HP:0030955,DISO,Alcoholism
ENSEMBL:ENSCAFG00000005494,ORTH,LOC102155200
MP:0001454,DISO,abnormal cued conditioning behavior
MP:0009317,DISO,increased follicular lymphoma incidence
MP:0009828,DISO,increased tumor latency
MP:0001713,DISO,decreased trophoblast giant cell number
HP:0001939,DISO,Abnormality of metabolism/homeostasis
ZP:0001660,DISO,"axon extension process quality, abnormal"
WBPhenotype:0001292,DISO,body wall muscle physiology variant
EFO:0010638,GENO,atopic asthma
WBPhenotype:0000168,DISO,alae secretion variant
HP:0011611,DISO,Interrupted aortic arch
ZP:0001173,DISO,"whole organism decreased pigmentation, abnormal"
WBPhenotype:0001682,DISO,organism UV resistant
ENSEMBL:ENSPTRG00000007326,ORTH,ENSEMBL:ENSPTRG00000007326
FlyBase:CG8815,ORTH,FlyBase:CG8815
ZFIN:ZDB-GENE-041008-246,ORTH,rnf4
MP:0003793,DISO,abnormal submandibular gland morphology
ENSEMBL:ENSCAFG00000049704,ORTH,A0A5F4CDM6
WBPhenotype:0002467,DISO,male reproductive longevity extended
HP:0012281,DISO,Chylous ascites
ENSEMBL:ENSOANG00000047082,ORTH,ENSEMBL:ENSOANG00000047082
MP:0020916,DISO,increased susceptibility to Herpesvirales infection
WBPhenotype:0000184,DISO,apoptosis fails to occur
WormBase:WBGene00004819,ORTH,skr-13
MP:0009114,DISO,decreased pancreatic beta cell mass
EFO:0007627,GENO,airway imaging measurement
MGI:1096368,ORTH,Ap1b1
HGNC:11125,GENE,SUMO2
ENSEMBL:ENSECAG00000003103,ORTH,ENSEMBL:ENSECAG00000003103
ENSEMBL:ENSECAG00000006505,ORTH,ENSEMBL:ENSECAG00000006505
MONARCH:APO_0000051APO_0000002,GENO,cell shape:abnormal
MONARCH:APO_0000269APO_0000246,GENO,cell cycle progression through the G1/S phase transition:increased rate
ENSEMBL:ENSSSCG00000011572,ORTH,SEC13
MP:0002700,DISO,opacity of vitreous body
ENSEMBL:ENSFCAG00000014717,ORTH,ENSEMBL:ENSFCAG00000014717
MP:0002109,DISO,abnormal limb morphology
WormBase:WBGene00008453,ORTH,E02A10.3
ENSEMBL:ENSECAG00000031899,ORTH,ENSEMBL:ENSECAG00000031899
MP:0005438,DISO,abnormal glycogen homeostasis
ENSEMBL:ENSOANG00000012459,ORTH,ENSEMBL:ENSOANG00000012459
MP:0008025,DISO,brain vacuoles
ENSEMBL:ENSOANG00000037973,ORTH,ENSEMBL:ENSOANG00000037973
ENSEMBL:ENSGALG00000016770,ORTH,E1BVN0
EFO:0007989,GENO,monocyte percentage of leukocytes
FBcv:0000447,DISO,melanotic necrosis
ENSEMBL:ENSMMUG00000007400,ORTH,ENSEMBL:ENSMMUG00000007400
WormBase:WBGene00001686,ORTH,gpd-4
ENSEMBL:ENSRNOG00000029082,ORTH,M0R5T8
WormBase:WBGene00010416,ORTH,hxk-2
ENSEMBL:ENSOANG00000012154,ORTH,ENSEMBL:ENSOANG00000012154
ZFIN:ZDB-GENE-030131-2829,ORTH,sp1
ZFIN:ZDB-GENE-990415-258,ORTH,sod1
ZP:0137432,DISO,"optic cup unfused from optic cup, abnormal"
EFO:0009695,GENO,household income
HP:0001642,DISO,Pulmonic stenosis
WBPhenotype:0000025,DISO,blistered
HGNC:6919,GENE,MBD4
RGD:2018,ORTH,Acly
Xenbase:XB-GENE-995030,ORTH,add1
ENSEMBL:ENSMMUG00000061659,ORTH,ENSEMBL:ENSMMUG00000061659
FlyBase:FBgn0259938,ORTH,cwo
ENSEMBL:ENSCAFG00000003797,ORTH,A0A5F4CYA7
PomBase:SPAC458.06,GENO,atg1803
MGI:1914289,ORTH,Rbm25
ENSEMBL:ENSPTRG00000006977,ORTH,ENSEMBL:ENSPTRG00000006977
ENSEMBL:ENSPTRG00000021882,ORTH,ENSEMBL:ENSPTRG00000021882
FlyBase:FBgn0054039,ORTH,CG34039
WormBase:WBGene00006876,ORTH,vab-10
WBPhenotype:0001788,DISO,resistant to mutagens
WBPhenotype:0001036,DISO,sterile F1
HP:0040013,DISO,Decreased mitochondrial number
dictyBase:DDB_G0267420,GENO,sodA
ENSEMBL:ENSECAG00000011670,ORTH,ENSEMBL:ENSECAG00000011670
MP:0013764,DISO,decreased T-helper cell number
ENSEMBL:ENSMMUG00000009116,ORTH,ENSEMBL:ENSMMUG00000009116
PomBase:SPAC1952.16,GENO,rga9
EFO:0006939,GENO,cup-to-disc ratio measurement
ZFIN:ZDB-GENE-990914-3,ORTH,gfap
Coriell:GM02164,GENO,NIGMS-GM02164
HGNC:5959,GENE,ELP1
ENSEMBL:ENSMODG00000013823,ORTH,ENSEMBL:ENSMODG00000013823
MONARCH:APO_0000080APO_0000003,GENO,stress resistance:decreased
MP:0002573,DISO,behavioral despair
ZP:0000411,DISO,"swim bladder aplastic, abnormal"
EFO:1001976,GENO,cardioembolic stroke
MONARCH:APO_0000075APO_0000003,GENO,endocytosis:decreased
RGD:1305879,ORTH,Carm1
ENSEMBL:ENSFCAG00000000629,ORTH,ENSEMBL:ENSFCAG00000000629
ENSEMBL:ENSCAFG00000023721,ORTH,E2R7F3
ZP:0000348,DISO,"peripheral olfactory organ absent, abnormal"
ZP:0013585,DISO,"serotonin metabolic process process quality, abnormal"
ENSEMBL:ENSSSCG00000023719,ORTH,ENSEMBL:ENSSSCG00000023719
HGNC:2091,GENE,CLTB
ZP:0102174,DISO,"dorsal fin morphogenesis process quality, abnormal"
MGI:1860276,ORTH,Ubqln1
ZP:0001223,DISO,"dopaminergic neuron decreased amount, abnormal"
Xenbase:XB-GENE-489215,ORTH,mbd4
ENSEMBL:ENSOANG00000001437,ORTH,ENSEMBL:ENSOANG00000001437
WormBase:WBGene00012424,ORTH,dlc-3
WBPhenotype:0000744,DISO,transgene induced cosuppression variant
WBPhenotype:0001310,DISO,neuron positioning variant
ENSEMBL:ENSPTRG00000010376,ORTH,ENSEMBL:ENSPTRG00000010376
ENSEMBL:ENSMODG00000005141,ORTH,ENSEMBL:ENSMODG00000005141
ENSEMBL:ENSGALG00000041625,ORTH,ENSEMBL:ENSGALG00000041625
ENSEMBL:ENSMMUG00000058345,ORTH,ENSEMBL:ENSMMUG00000058345
EFO:0004344,GENO,birth weight
EnsemblGenome:AT3G50000,ORTH,EnsemblGenome:AT3G50000
ZP:0000552,DISO,"hematopoietic stem cell ventral wall of dorsal aorta decreased amount, abnormal"
MP:0011281,DISO,abnormal olfactory epithelium cilium morphology
MP:0001410,DISO,head bobbing
ZP:0021359,DISO,"whole organism decreased occurrence cholesterol biosynthetic process, abnormal"
ZFIN:ZDB-GENE-030131-6544,ORTH,eef1db
ZP:0138134,DISO,"cardiac ventricle increased process quality cardiac muscle cell contraction, abnormal"
HGNC:24500,GENE,VIRMA
ENSEMBL:ENSMMUG00000047011,ORTH,ENSEMBL:ENSMMUG00000047011
FlyBase:FBgn0265297,ORTH,pAbp
ENSEMBL:ENSGALG00000015635,ORTH,ENSEMBL:ENSGALG00000015635
ZP:0003669,DISO,"sarcomerogenesis disrupted, abnormal"
HP:0012338,DISO,Abnormal energy expenditure
WormBase:WBGene00012735,ORTH,sptf-3
ENSEMBL:ENSPTRG00000012543,ORTH,ENSEMBL:ENSPTRG00000012543
ENSEMBL:ENSMODG00000025428,ORTH,ENSEMBL:ENSMODG00000025428
MP:0001701,DISO,incomplete embryo turning
ENSEMBL:ENSFCAG00000011488,ORTH,ENSEMBL:ENSFCAG00000011488
ENSEMBL:ENSMODG00000002887,ORTH,ENSEMBL:ENSMODG00000002887
ENSEMBL:ENSMMUG00000009773,ORTH,ENSEMBL:ENSMMUG00000009773
ENSEMBL:ENSPTRG00000007227,ORTH,ENSEMBL:ENSPTRG00000007227
WormBase:WBGene00008533,ORTH,F02E9.10
HP:0000029,DISO,Testicular atrophy
MONARCH:APO_0000075APO_0000005,GENO,endocytosis:absent
MP:0000371,DISO,diluted coat color
WBPhenotype:0000138,DISO,lipid composition variant
ENSEMBL:ENSECAG00000020813,ORTH,ENSEMBL:ENSECAG00000020813
MGI:1891828,ORTH,Becn1
HGNC:17839,GENE,CDC26
ENSEMBL:ENSECAG00000010380,ORTH,ENSEMBL:ENSECAG00000010380
HP:0003546,DISO,Exercise intolerance
Coriell:GM04869,GENO,NIGMS-GM04869
MGI:4437302,ORTH,Tg(GFAP-HTT*160Q)31Xjl [either: (involves: FVB/NCrl) or (involves: C3H * C57BL/6 * FVB/NCrl)]
ENSEMBL:ENSPTRG00000043162,ORTH,ENSEMBL:ENSPTRG00000043162
MP:0010067,DISO,increased red blood cell distribution width
MONARCH:APO_0000259APO_0000250,GENO,cell cycle passage through the metaphase-anaphase transition:arrested
Xenbase:XB-GENE-920765,ORTH,itpr1
dictyBase:DDB_G0282339,GENO,polr1c
MP:0011966,DISO,abnormal auditory brainstem response waveform shape
ENSEMBL:ENSPTRG00000004247,ORTH,ENSEMBL:ENSPTRG00000004247
ENSEMBL:ENSECAG00000006950,ORTH,ENSEMBL:ENSECAG00000006950
ENSEMBL:ENSSSCG00000003531,ORTH,KDM1A
WormBase:WBGene00002299,ORTH,let-23
UBERON:0001950,ANAT,neocortex
dictyBase:DDB_G0281683,GENO,msh3
HGNC:25730,GENE,TTC23
Xenbase:XB-GENE-971601,ORTH,ccdc126
ENSEMBL:ENSGALG00000002688,ORTH,ENSEMBL:ENSGALG00000002688
ENSEMBL:ENSFCAG00000048955,ORTH,ENSEMBL:ENSFCAG00000048955
ENSEMBL:ENSPTRG00000001048,ORTH,ENSEMBL:ENSPTRG00000001048
ZP:0007180,DISO,"contractile fiber muscle disorganized, abnormal"
HP:0002032,DISO,Esophageal atresia
ENSEMBL:ENSSSCG00000011822,ORTH,OPA1
SGD:S000001618,ORTH,APL2
ENSEMBL:ENSFCAG00000004171,ORTH,ENSEMBL:ENSFCAG00000004171
ENSEMBL:ENSRNOG00000030963,ORTH,ENSEMBL:ENSRNOG00000030963
ENSEMBL:ENSCAFG00000014163,ORTH,UBE2E3
WormBase:WBGene00010375,ORTH,H09F14.1
MP:0001015,DISO,small superior cervical ganglion
MP:0008470,DISO,abnormal spleen B cell follicle morphology
ENSEMBL:ENSMMUG00000000924,ORTH,ENSEMBL:ENSMMUG00000000924
ZP:0003833,DISO,"intersegmental vessel decreased functionality, abnormal"
MP:0001188,DISO,hyperpigmentation
ZP:0000222,DISO,"heart looping disrupted, abnormal"
MP:0011965,DISO,decreased total retina thickness
HP:0000640,DISO,Gaze-evoked nystagmus
ENSEMBL:ENSOANG00000006879,ORTH,ENSEMBL:ENSOANG00000006879
HP:0002515,DISO,Waddling gait
ENSEMBL:ENSCAFG00000010145,ORTH,RAB35
ZP:0007176,DISO,"melanosome transport decreased rate, abnormal"
ZP:0011929,DISO,"liver decreased process quality poly(A)+ mRNA export from nucleus, abnormal"
ENSEMBL:ENSACAG00000022657,ORTH,ENSEMBL:ENSACAG00000022657
HP:0000387,DISO,Absent earlobe
ENSEMBL:ENSMMUG00000056744,ORTH,ENSEMBL:ENSMMUG00000056744
ZP:0019054,DISO,"forebrain increased occurrence cell death, abnormal"
ZP:0007909,DISO,"stereocilium posterior lateral line neuromast decreased length, abnormal"
ENSEMBL:ENSCAFG00000002290,ORTH,A0A5F4CUZ1
ENSEMBL:ENSPTRG00000011756,ORTH,ENSEMBL:ENSPTRG00000011756
ENSEMBL:ENSFCAG00000008220,ORTH,ENSEMBL:ENSFCAG00000008220
ZP:0003338,DISO,"photoreceptor outer segment eye photoreceptor cell decreased length, abnormal"
ZFIN:ZDB-GENE-050208-596,ORTH,rfxank
ENSEMBL:ENSSSCG00000023126,ORTH,TARDBP
WormBase:T28F2.2b,ORTH,WormBase:T28F2.2b
dbSNPIndividual:21199,GENO,46;XX/47;XX;+12;47;XX;+12[13]/46;XX[37] [GM02166]
PomBase:SPAC1952.12c,GENO,csn71
ENSEMBL:ENSPTRG00000009177,ORTH,ENSEMBL:ENSPTRG00000009177
ENSEMBL:ENSACAG00000012445,ORTH,ENSEMBL:ENSACAG00000012445
ZFIN:ZDB-GENE-040426-862,ORTH,kif18a
dictyBase:DDB_G0285149,GENO,DDB_G0285149
dictyBase:DDB_G0284749,GENO,dictyBase:DDB_G0284749
ENSEMBL:ENSPTRG00000020178,ORTH,ENSEMBL:ENSPTRG00000020178
MGI:95928,ORTH,H2-Q1
HP:0001159,DISO,Syndactyly
dictyBase:DDB_G0273099,GENO,rsmE
dbSNP:rs79029191,GENO,rs79029191-?
ENSEMBL:ENSMODG00000024733,ORTH,ENSEMBL:ENSMODG00000024733
MP:0002792,DISO,abnormal retinal vasculature morphology
ZP:0010998,DISO,"optokinetic behavior decreased process quality, abnormal"
ZP:0011623,DISO,"vesicle localization process quality, abnormal"
RGD:1359133,ORTH,Aldoart2
ZP:0000404,DISO,"liver hypoplastic, abnormal"
ENSEMBL:ENSOANG00000038412,ORTH,ENSEMBL:ENSOANG00000038412
HP:0002885,DISO,Medulloblastoma
ENSEMBL:ENSFCAG00000005468,ORTH,ENSEMBL:ENSFCAG00000005468
ENSEMBL:ENSECAG00000019125,ORTH,ENSEMBL:ENSECAG00000019125
MP:0002942,DISO,decreased circulating alanine transaminase level
HP:0001394,DISO,Cirrhosis
SGD:S000005021,ORTH,APJ1
Xenbase:XB-GENE-961352,ORTH,cox16
dictyBase:DDB_G0279407,GENO,calA
ENSEMBL:ENSMMUG00000019357,ORTH,ENSEMBL:ENSMMUG00000019357
MP:0006058,DISO,decreased cerebral infarct size
MP:0013501,DISO,increased fibroblast apoptosis
MONARCH:APO_0000074APO_0000002,GENO,autophagy:abnormal
ZP:0018468,DISO,"axon peripheral neuron morphology, abnormal"
ZP:0104387,DISO,"caudal vein plexus increased amount, abnormal"
WBPhenotype:0000695,DISO,vulva morphology variant
WormBase:WBGene00001037,ORTH,dnj-19
RGD:1565411,ORTH,Prpf40b
WormBase:WBGene00019665,ORTH,K11H12.9
MP:0008432,DISO,abnormal long term spatial reference memory
ZP:0002314,DISO,"head shape, abnormal"
MGI:1923686,ORTH,Tufm
ENSEMBL:ENSOANG00000007717,ORTH,ENSEMBL:ENSOANG00000007717
MP:0008810,DISO,increased circulating iron level
HP:0001167,DISO,Abnormality of finger
MP:0000983,DISO,enlarged Meissner's corpuscles
MGI:98932,ORTH,Vim
UBERON:0001890,ANAT,forebrain
ENSEMBL:ENSMMUG00000000639,ORTH,ENSEMBL:ENSMMUG00000000639
WBPhenotype:0002428,DISO,intestinal degeneration
ENSEMBL:ENSOANG00000002022,ORTH,ENSEMBL:ENSOANG00000002022
HP:0001392,DISO,Abnormality of the liver
ZFIN:ZDB-GENE-060503-692,ORTH,si:ch211-234p6.5
HP:0002450,DISO,Abnormal motor neuron morphology
ZFIN:ZDB-GENE-000607-65,ORTH,evla
HP:0040189,DISO,Scaling skin
ENSEMBL:ENSPTRG00000009791,ORTH,ENSEMBL:ENSPTRG00000009791
MP:0006270,DISO,abnormal mammary gland growth during lactation
SGD:S000004897,ORTH,YKU70
SGD:S000006044,ORTH,RNY1
ENSEMBL:ENSSSCG00000008376,ORTH,COMMD1
ENSEMBL:ENSGALG00000002107,ORTH,RANBP1
HGNC:19421,GENE,ING5
WBPhenotype:0004023,DISO,frequency of body bend variant
ENSEMBL:ENSBTAG00000050598,ORTH,ENSEMBL:ENSBTAG00000050598
ZFIN:ZDB-GENE-090508-11,ORTH,ftr70
EFO:0004704,GENO,age at menopause
ZFIN:ZDB-GENE-040426-1743,ORTH,viml
dictyBase:DDB_G0271682,GENO,DDB_G0271682
ENSEMBL:ENSOANG00000047320,ORTH,ENSEMBL:ENSOANG00000047320
ENSEMBL:ENSECAG00000011673,ORTH,ENSEMBL:ENSECAG00000011673
WormBase:WBGene00001134,ORTH,eat-3
ZP:0000269,DISO,"Meckel's cartilage morphology, abnormal"
ENSEMBL:ENSOANG00000001711,ORTH,ENSEMBL:ENSOANG00000001711
WormBase:WBGene00000287,ORTH,cal-3
WormBase:WBGene00006424,ORTH,ctbp-1
ENSEMBL:ENSPTRG00000016966,ORTH,ENSEMBL:ENSPTRG00000016966
dictyBase:DDB_G0287733,GENO,syn7A
MP:0005171,DISO,absent coat pigmentation
Xenbase:XB-GENE-959285,ORTH,hspa12a
FlyBase:FBgn0086708,ORTH,stv
ENSEMBL:ENSFCAG00000014700,ORTH,ENSEMBL:ENSFCAG00000014700
HGNC:9554,GENE,PSMD1
SGD:S000001495,ORTH,PRP40
ENSEMBL:ENSCAFG00000024643,ORTH,J9PAV3
MP:0004957,DISO,abnormal blastocyst morphology
ENSEMBL:ENSBTAG00000020116,ORTH,JSP.1
ENSEMBL:ENSMODG00000044679,ORTH,ENSEMBL:ENSMODG00000044679
WormBase:WBGene00020511,ORTH,immt-1
ENSEMBL:ENSFCAG00000028456,ORTH,ENSEMBL:ENSFCAG00000028456
MP:0011441,DISO,decreased kidney cell proliferation
RGD:3052,ORTH,Matr3
MP:0009435,DISO,abnormal miniature inhibitory postsynaptic currents
ENSEMBL:ENSBTAG00000007112,ORTH,ENSEMBL:ENSBTAG00000007112
ENSEMBL:ENSGALG00000011966,ORTH,ENSEMBL:ENSGALG00000011966
ENSEMBL:ENSGALG00000012007,ORTH,ST13P5
ENSEMBL:ENSACAG00000010843,ORTH,ENSEMBL:ENSACAG00000010843
dictyBase:DDB_G0271812,GENO,DDB0216913
MP:0009230,DISO,abnormal sperm head morphology
ZP:0010454,DISO,"striated muscle myosin thick filament fast muscle cell disorganized, abnormal"
MP:0004298,DISO,vestibular ganglion degeneration
ZP:0137437,DISO,"retinal neural layer protruding into brain, abnormal"
RGD:1598232,ORTH,RT1-M6-1
SGD:S000004952,ORTH,SIS1
ENSEMBL:ENSCAFG00000018010,ORTH,SIN3A
HGNC:3594,GENE,FASN
ZP:0000370,DISO,"epithelial cell intestinal bulb increased amount, abnormal"
ClinVarVariant:417742,VARI,NM_002111.8(HTT):c.2114C>T (p.Pro705Leu)
ZFIN:ZDB-GENE-081113-4,ORTH,actn1
WBPhenotype:0000737,DISO,germ cell resistant ionizing radiation
HGNC:1974,GENE,CHUK
MP:0002591,DISO,decreased mean corpuscular volume
Xenbase:XB-GENE-969139,ORTH,sumo2
ZP:0011883,DISO,"slow muscle cell detached from vertical myoseptum, abnormal"
MP:0010868,DISO,increased bone trabecula number
ZP:0003789,DISO,"macrophage decreased amount, abnormal"
ENSEMBL:ENSMODG00000011824,ORTH,ENSEMBL:ENSMODG00000011824
MP:0009403,DISO,increased variability of skeletal muscle fiber size
ZP:0000062,DISO,"palatoquadrate cartilage decreased size, abnormal"
MP:0002833,DISO,increased heart weight
WBPhenotype:0000258,DISO,cell secretion variant
MP:0008335,DISO,decreased gonadotroph cell number
ENSEMBL:ENSBTAG00000013343,ORTH,FTL
GO:0002039,PHYS,p53 binding
HP:0012311,DISO,Monocytosis
WormBase:WBGene00020319,ORTH,npr-31
ENSEMBL:ENSECAG00000010419,ORTH,ENSEMBL:ENSECAG00000010419
PomBase:SPBC119.08,GENO,pmk1
ZP:0001536,DISO,"cardiac muscle cell cardiac ventricle increased amount, abnormal"
ENSEMBL:ENSMODG00000014659,ORTH,ENSEMBL:ENSMODG00000014659
FlyBase:FBgn0000319,ORTH,Chc
MP:0030963,DISO,abnormal brain ependyma motile cilium location or orientation
Coriell:GM04846,GENO,NIGMS-GM04846
MP:0009427,DISO,increased tibialis anterior weight
RGD:9113230,ORTH,LOC103690108
ENSEMBL:ENSGALG00000002818,ORTH,VAT1
MP:0005576,DISO,decreased pulmonary ventilation
HP:0002583,DISO,Colitis
MP:0008493,DISO,alpha-synuclein inclusion body
MGI:1345181,ORTH,Pacsin1
ENSEMBL:ENSACAG00000029354,ORTH,ENSEMBL:ENSACAG00000029354
dictyBase:DDB_G0269918,GENO,mpl1
ENSEMBL:ENSMMUG00000062063,ORTH,ENSEMBL:ENSMMUG00000062063
ENSEMBL:ENSOANG00000049031,ORTH,ENSEMBL:ENSOANG00000049031
dictyBase:DDB_G0268258,GENO,kif12
HP:0011100,DISO,Intestinal atresia
PomBase:SPBP8B7.03c,GENO,rpl402
MP:0008782,DISO,increased B cell apoptosis
ENSEMBL:ENSSSCG00000002846,ORTH,ENSEMBL:ENSSSCG00000002846
SGD:S000000003,ORTH,EFB1
ZP:0007137,DISO,"anterior-posterior axis whole organism increased curvature, abnormal"
ZP:0001337,DISO,"whole organism increased occurrence apoptotic process, abnormal"
WBPhenotype:0000710,DISO,intestinal morphology variant
WBPhenotype:0001430,DISO,lysosome organization biogenesis variant
HP:0002069,DISO,Bilateral tonic-clonic seizure
ZP:0002689,DISO,"camera-type eye photoreceptor cell differentiation disrupted, abnormal"
MONARCH:APO_0000106APO_0000002,GENO,vegetative growth:abnormal
HP:0002093,DISO,Respiratory insufficiency
MP:0008339,DISO,absent thyrotrophs
FlyBase:FBgn0036505,ORTH,CG7945
FlyBase:FBgn0011774,ORTH,Irbp
HP:0012385,DISO,Camptodactyly
dictyBase:DDB_G0292160,GENO,DDB_G0292160
MP:0002602,DISO,abnormal eosinophil cell number
HGNC:16031,GENE,RNF31
MONARCH:APO_0000098APO_0000004,GENO,utilization of carbon source:increased
MP:0030935,DISO,increased primordial germ cell apoptosis
ENSEMBL:ENSECAG00000019624,ORTH,ENSEMBL:ENSECAG00000019624
dbSNP:rs1263309,GENO,rs1263309-T
ENSEMBL:ENSGALG00000026421,ORTH,ENSEMBL:ENSGALG00000026421
ZFIN:ZDB-GENE-041014-307,ORTH,ipo4
PomBase:SPAC11G7.02,GENO,pub1
dictyBase:DDB_G0279633,GENO,psmD7
MP:0008098,DISO,decreased plasma cell number
dictyBase:DDB_G0289881,GENO,atg5
HP:0000651,DISO,Diplopia
MP:0002757,DISO,decreased vertical activity
MP:0001241,DISO,absent epidermis stratum corneum
ZP:0000336,DISO,"thalamus development process quality, abnormal"
PomBase:SPAC343.11c,GENO,msc1
RGD:620942,ORTH,Dnaja1
MP:0013241,DISO,embryo tissue necrosis
ENSEMBL:ENSFCAG00000032144,ORTH,ENSEMBL:ENSFCAG00000032144
ENSEMBL:ENSOANG00000009993,ORTH,ENSEMBL:ENSOANG00000009993
WBPhenotype:0001212,DISO,cuticle fragile
HP:0002514,DISO,Cerebral calcification
MP:0002945,DISO,abnormal inhibitory postsynaptic currents
ENSEMBL:ENSPTRG00000017931,ORTH,ENSEMBL:ENSPTRG00000017931
ENSEMBL:ENSECAG00000018337,ORTH,ENSEMBL:ENSECAG00000018337
FlyBase:FBgn0003410,ORTH,sina
WormBase:WBGene00004202,ORTH,pry-1
ZP:0005817,DISO,"eye photoreceptor cell decreased amount, abnormal"
ZP:0008445,DISO,"hair cell lateral crista morphology, abnormal"
GO:0006890,PHYS,"retrograde vesicle-mediated transport, Golgi to endoplasmic reticulum"
WBPhenotype:0001330,DISO,egg laying event infrequent
WBPhenotype:0000824,DISO,embryonic cell lineage variant
ENSEMBL:ENSMMUG00000013129,ORTH,ENSEMBL:ENSMMUG00000013129
ZP:0137803,DISO,"primitive heart tube shape, abnormal"
HGNC:2972,GENE,DNM1
Xenbase:XB-GENE-5871354,ORTH,ap2b1
HP:0000989,DISO,Pruritus
MP:0011171,DISO,increased number of Heinz bodies
ENSEMBL:ENSCAFG00000000567,ORTH,PABPC1
ENSEMBL:ENSMMUG00000050019,ORTH,ENSEMBL:ENSMMUG00000050019
Coriell:GM04198,GENO,NIGMS-GM04198
MP:0000805,DISO,abnormal visual cortex morphology
MP:0006043,DISO,decreased apoptosis
MP:0012574,DISO,decreased noradrenaline level
FlyBase:FBgn0086784,ORTH,stmA
ZP:0000479,DISO,"enteric nervous system development disrupted, abnormal"
HP:0004303,DISO,Abnormal muscle fiber morphology
MONDO:0002009,DISO,major depressive disorder
Xenbase:XB-GENE-5780031,ORTH,lsm12
MP:0004557,DISO,dilated allantois
HP:0003438,DISO,Absent Achilles reflex
WormBase:WBGene00018935,ORTH,skr-18
ENSEMBL:ENSBTAG00000002069,ORTH,BOLA
ENSEMBL:ENSCAFG00000023809,ORTH,J9P1C6
WBPhenotype:0000205,DISO,expulsion variant
ENSEMBL:ENSECAG00000019249,ORTH,ENSEMBL:ENSECAG00000019249
ENSEMBL:ENSGALG00000020386,ORTH,ENSEMBL:ENSGALG00000020386
MP:0006414,DISO,decreased T cell apoptosis
HP:0002355,DISO,Difficulty walking
ENSEMBL:ENSBTAG00000018036,ORTH,ENSEMBL:ENSBTAG00000018036
ZP:0103455,DISO,"EVL fused with nucleus nucleus EVL, abnormal"
MP:0005553,DISO,increased circulating creatinine level
ZP:0000541,DISO,"cardiac muscle cell ventricular myocardium increased amount, abnormal"
HP:0000193,DISO,Bifid uvula
ZP:0011911,DISO,"cell whole organism decreased amount, abnormal"
MP:0013762,DISO,abnormal effector T cell number
MP:0011276,DISO,increased tail pigmentation
WBPhenotype:0000997,DISO,cryophilic
PomBase:SPAC20G8.10c,GENO,atg6
HP:0010987,DISO,Abnormal cellular immune system morphology
HGNC:7739,GENE,NEFL
MP:0001968,DISO,abnormal touch/ nociception
ENSEMBL:ENSSSCG00000012654,ORTH,ENSEMBL:ENSSSCG00000012654
HGNC:7852,GENE,NME4
WormBase:WBGene00008714,ORTH,F11F1.1
RGD:1311457,ORTH,Hypk
ZFIN:ZDB-GENE-120409-2,ORTH,gemin7
RGD:1310380,ORTH,Rangap1
Xenbase:XB-GENE-987923,ORTH,bdkrb2
MP:0002923,DISO,increased post-tetanic potentiation
ENSEMBL:ENSECAG00000016653,ORTH,ENSEMBL:ENSECAG00000016653
HP:0006543,DISO,Cardiorespiratory arrest
EnsemblGenome:AT2G12480,ORTH,EnsemblGenome:AT2G12480
HP:0009921,DISO,Duane anomaly
MONARCH:APO_0000155APO_0000003,GENO,apoptosis:decreased
Coriell:GM04829,GENO,NIGMS-GM04829
ENSEMBL:ENSCAFG00000017388,ORTH,SMAD3
ENSEMBL:ENSBTAG00000016252,ORTH,ENSEMBL:ENSBTAG00000016252
Xenbase:XB-GENE-949692,ORTH,nbr1
HP:0003763,DISO,Bruxism
MP:0014178,DISO,increased brain apoptosis
Coriell:GM03869,GENO,NIGMS-GM03869
HP:0100616,DISO,Testicular teratoma
WBPhenotype:0001797,DISO,pachytene arrested germline nuclei
ENSEMBL:ENSECAG00000002263,ORTH,ENSEMBL:ENSECAG00000002263
ENSEMBL:ENSMMUG00000045275,ORTH,ENSEMBL:ENSMMUG00000045275
ENSEMBL:ENSSSCG00000024621,ORTH,KAT2B
ENSEMBL:ENSECAG00000020691,ORTH,ENSEMBL:ENSECAG00000020691
FlyBase:FBgn0004638,ORTH,drk
ENSEMBL:ENSOANG00000036321,ORTH,ENSEMBL:ENSOANG00000036321
ENSEMBL:ENSMMUG00000008696,ORTH,ENSEMBL:ENSMMUG00000008696
WBPhenotype:0001105,DISO,P0 spindle position defective early emb
ENSEMBL:ENSCAFG00000007532,ORTH,ENSEMBL:ENSCAFG00000007532
ENSEMBL:ENSMMUG00000046124,ORTH,ENSEMBL:ENSMMUG00000046124
HGNC:2494,GENE,CTBP1
ENSEMBL:ENSACAG00000009672,ORTH,ENSEMBL:ENSACAG00000009672
Xenbase:XB-GENE-1216189,ORTH,sp8
WBPhenotype:0000354,DISO,cell differentiation variant
MP:0001488,DISO,increased startle reflex
FBcv:0002051,DISO,some die during immature adult stage
ENSEMBL:ENSACAG00000012607,ORTH,ENSEMBL:ENSACAG00000012607
ENSEMBL:ENSMODG00000003938,ORTH,ENSEMBL:ENSMODG00000003938
MGI:3584455,ORTH,Gt(ROSA)26Sor<tm1(HD*103Q)Xwy>; Tg(Nes-cre)1Kln [involves: 129S1/Sv * 129X1/SvJ * C57BL/6 * SJL]
HP:0007973,DISO,Retinal dysplasia
PomBase:SPAC4F8.07c,GENO,hxk2
HP:0002105,DISO,Hemoptysis
ENSEMBL:ENSACAG00000015238,ORTH,ENSEMBL:ENSACAG00000015238
MGI:106478,ORTH,Eif3b
ZP:0008102,DISO,"convergent extension process quality, abnormal"
ZFIN:ZDB-GENE-040426-2734,ORTH,pias4a
ZP:0008470,DISO,"sarcolemma muscle collapsed, abnormal"
Xenbase:XB-GENE-5837209,ORTH,psma4
EFO:0007825,GENO,balding measurement
HP:0011154,DISO,Focal autonomic seizure
MP:0011732,DISO,decreased somite size
MONARCH:APO_0000043APO_0000002,GENO,spore wall formation:abnormal
MP:0006046,DISO,atrioventricular valve regurgitation
ZFIN:ZDB-GENE-041114-7,ORTH,opa1
ENSEMBL:ENSCAFG00000013392,ORTH,ENSEMBL:ENSCAFG00000013392
RGD:2025,ORTH,Acta1
MONARCH:APO_0000131APO_0000249,GENO,protein/peptide modification:delayed
MP:0011699,DISO,abnormal brown adipose tissue thermogenesis
FBcv:0002030,DISO,lethal - all die during pupal stage
HP:0007495,DISO,Prematurely aged appearance
ENSEMBL:ENSMMUG00000009765,ORTH,ENSEMBL:ENSMMUG00000009765
ENSEMBL:ENSBTAG00000015780,ORTH,ENSEMBL:ENSBTAG00000015780
ZP:0020908,DISO,"trunk decreased amount, abnormal"
MP:0011294,DISO,renal glomerulus hypertrophy
WormBase:WBGene00007352,ORTH,cdc-48.1
ENSEMBL:ENSOANG00000011546,ORTH,ENSEMBL:ENSOANG00000011546
ZP:0002420,DISO,"blastoderm morphology, abnormal"
MP:0006143,DISO,increased systemic arterial diastolic blood pressure
ENSEMBL:ENSMODG00000018027,ORTH,ENSEMBL:ENSMODG00000018027
HP:0000324,DISO,Facial asymmetry
FlyBase:FBgn0010424,ORTH,TpnC73F
ZP:0005764,DISO,"pancreas absent, abnormal"
ENSEMBL:ENSACAG00000017344,ORTH,ENSEMBL:ENSACAG00000017344
WormBase:WBGene00016081,ORTH,C25A6.1
MGI:1338071,ORTH,Ikbkb
ENSEMBL:ENSGALG00000008095,ORTH,ENSEMBL:ENSGALG00000008095
FlyBase:FBgn0028737,ORTH,eEF1beta
ENSEMBL:ENSFCAG00000002916,ORTH,ENSEMBL:ENSFCAG00000002916
ZP:0011928,DISO,"nuclear pore liver malformed, abnormal"
PomBase:SPAC4D7.05,GENO,sum1
ZP:0000821,DISO,"pharyngeal arch 1 decreased size, abnormal"
MGI:5564939,ORTH,Rgs9<tm1(cre)Yql>/Rgs9<+>; Tg(HTT*97Q)IXwy [involves: FVB]
FBcv:0000388,DISO,abnormal gravitaxis
ENSEMBL:ENSPTRG00000022118,ORTH,ENSEMBL:ENSPTRG00000022118
HP:0001684,DISO,Secundum atrial septal defect
ZP:0137809,DISO,"pharyngeal mesoderm increased distribution, abnormal"
PomBase:SPBC119.05c,GENO,lsb1
ZP:0138130,DISO,"atrium process quality cardiac conduction system development, abnormal"
ZP:0101895,DISO,"facial nerve motor nucleus premature neuron maturation, abnormal"
ENSEMBL:ENSACAG00000005107,ORTH,ENSEMBL:ENSACAG00000005107
ENSEMBL:ENSCAFG00000016859,ORTH,ENSEMBL:ENSCAFG00000016859
FlyBase:FBgn0026175,ORTH,SkpC
FlyBase:FBgn0034646,ORTH,Rae1
ENSEMBL:ENSPTRG00000016640,ORTH,ENSEMBL:ENSPTRG00000016640
FlyBase:FBgn0036784,ORTH,CG5103
MP:0006303,DISO,abnormal retinal nerve fiber layer morphology
Xenbase:XB-GENE-5814345,ORTH,rapgef2
ENSEMBL:ENSGALG00000024039,ORTH,UTP14A
ENSEMBL:ENSFCAG00000030009,ORTH,ENSEMBL:ENSFCAG00000030009
HGNC:3065,GENE,DUSP10
ZP:0002343,DISO,"cell retina apoptotic, abnormal"
HP:0001824,DISO,Weight loss
ENSEMBL:ENSMODG00000010620,ORTH,ENSEMBL:ENSMODG00000010620
ZP:0012600,DISO,"learning process quality, abnormal"
ZP:0001115,DISO,"dopaminergic neuron diencephalon decreased amount, abnormal"
HP:0002533,DISO,Abnormal posturing
RGD:1359391,ORTH,Ficd
WormBase:WBGene00000519,ORTH,cku-70
ENSEMBL:ENSMODG00000016692,ORTH,ENSEMBL:ENSMODG00000016692
MP:0003408,DISO,increased width of hypertrophic chondrocyte zone
WormBase:WBGene00003952,ORTH,pbs-6
ENSEMBL:ENSMODG00000043385,ORTH,ENSEMBL:ENSMODG00000043385
PomBase:SPBC713.06,GENO,adl1
ZP:0010453,DISO,"striated muscle myosin thick filament slow muscle cell disorganized, abnormal"
MP:0002874,DISO,decreased hemoglobin content
FlyBase:FBgn0034863,ORTH,SkpF
dbSNP:rs2298969,GENO,rs2298969-?
ENSEMBL:ENSFCAG00000015379,ORTH,ENSEMBL:ENSFCAG00000015379
MP:0002661,DISO,abnormal corpus epididymis morphology
WBPhenotype:0000509,DISO,sperm pseudopod variant
HP:0001653,DISO,Mitral regurgitation
MP:0020935,DISO,decreased susceptibility to Retroviridae infection
MP:0003718,DISO,maternal effect
ZP:0002189,DISO,"axon facial nerve motor nucleus decreased length, abnormal"
ENSEMBL:ENSMMUG00000031224,ORTH,ENSEMBL:ENSMMUG00000031224
ENSEMBL:ENSMMUG00000001044,ORTH,ENSEMBL:ENSMMUG00000001044
RGD:1359499,ORTH,RT1-T24-1
ZP:0000138,DISO,"chondrocyte disorganized, abnormal"
ZP:0003159,DISO,"intestine decreased thickness, abnormal"
WormBase:WBGene00001979,ORTH,hmp-2
MGI:3043476,ORTH,Htt<tm2Detl>/Htt<tm2Detl> [involves: 129P2/OlaHsd * C57BL/6J]
MP:0004560,DISO,abnormal chorionic plate morphology
SGD:S000003880,ORTH,JHD2
WBPhenotype:0001319,DISO,endogenous synaptic event frequency reduced
EnsemblGenome:AT1G15110,ORTH,EnsemblGenome:AT1G15110
HGNC:903,GENE,AXIN1
ENSEMBL:ENSPTRG00000020442,ORTH,ENSEMBL:ENSPTRG00000020442
MP:0002724,DISO,enhanced wound healing
WormBase:WBGene00009187,ORTH,F27D4.1
PomBase:SPBC2D10.20,GENO,ubc1
FlyBase:FBgn0039875,ORTH,sip3
MP:0008209,DISO,decreased pre-B cell number
ENSEMBL:ENSECAG00000038427,ORTH,ENSEMBL:ENSECAG00000038427
EnsemblGenome:AT5G52640,ORTH,EnsemblGenome:AT5G52640
MGI:2157525,ORTH,Dppa4
PomBase:SPAC589.10c,GENO,ubi5
APO:0000113,DISO,viable
ZP:0003481,DISO,"whole organism lacks parts or has fewer parts of type pharyngeal arch, abnormal"
HP:0001875,DISO,Neutropenia
ENSEMBL:ENSGALG00000008590,ORTH,EEF1B2
ENSEMBL:ENSMMUG00000005229,ORTH,ENSEMBL:ENSMMUG00000005229
ENSEMBL:ENSGALG00000020747,ORTH,MBD4
Coriell:GM04722,GENO,NIGMS-GM04722
WBPhenotype:0001700,DISO,swimming variant
WormBase:WBGene00006769,ORTH,unc-33
ENSEMBL:ENSPTRG00000045869,ORTH,ENSEMBL:ENSPTRG00000045869
MGI:5569536,ORTH,Tg(CMV-HTT*89Q)ATag [involves: FVB/N]
HGNC:8156,GENE,OPRM1
ENSEMBL:ENSACAG00000016239,ORTH,ENSEMBL:ENSACAG00000016239
ZP:0010279,DISO,"peripheral nervous system neoplastic, malignant, abnormal"
WormBase:WBGene00011239,ORTH,pges-2
FlyBase:FBgn0036309,ORTH,Hip1
HP:0003112,DISO,Abnormal circulating amino acid concentration
UBERON:0013540,ANAT,Brodmann (1909) area 9
ENSEMBL:ENSSSCG00000024694,ORTH,TAF4
MONARCH:APO_0000026APO_0000003,GENO,bipolar budding pattern:decreased
ZP:0019984,DISO,"neural tube closure delayed, abnormal"
HP:0001659,DISO,Aortic regurgitation
ZP:0009477,DISO,"response to starvation process quality, abnormal"
SGD:S000004949,ORTH,HRB1
MP:0010387,DISO,abnormal Bergmann glial cell morphology
WBPhenotype:0001382,DISO,protein modification variant
ZP:0009559,DISO,"neuroblast decreased amount, abnormal"
HP:0002019,DISO,Constipation
MP:0004256,DISO,abnormal maternal decidual layer morphology
WBPhenotype:0000121,DISO,translation variant
MP:0001182,DISO,lung hemorrhage
ENSEMBL:ENSECAG00000006611,ORTH,ENSEMBL:ENSECAG00000006611
ZP:0004077,DISO,"mitotic cell cycle process quality, abnormal"
ZP:0005798,DISO,"developmental growth decreased rate, abnormal"
ZP:0106467,DISO,"primordial germ cell decreased rate cell division, abnormal"
HP:0003647,DISO,Electron transfer flavoprotein-ubiquinone oxidoreductase defect
ENSEMBL:ENSFCAG00000027444,ORTH,ENSEMBL:ENSFCAG00000027444
MP:0006344,DISO,small second pharyngeal arch
ENSEMBL:ENSPTRG00000007339,ORTH,ENSEMBL:ENSPTRG00000007339
ZP:0017122,DISO,"cardiac ventricle size, abnormal"
HP:0001631,DISO,Atrial septal defect
HP:0002039,DISO,Anorexia
WBPhenotype:0001937,DISO,hypersensitive to protein aggregation induced paralysis
MP:0004485,DISO,increased response of heart to induced stress
MP:0013430,DISO,"increased memory CD4-positive, CD25-positive, alpha-beta regulatory T cell number"
ENSEMBL:ENSGALG00000052329,ORTH,PEX11B
ENSEMBL:ENSMODG00000015317,ORTH,ENSEMBL:ENSMODG00000015317
HP:0005294,DISO,Arterial dissection
MP:0013382,DISO,small perianal sebaceous gland
HGNC:2365,GENE,CRMP1
MP:0004025,DISO,polyploidy
NCBIGene:100001490,GENE,atxn7
ZP:0011354,DISO,"retinal ganglion cell decreased process quality neuron remodeling, abnormal"
FlyBase:FBgn0050441,ORTH,IFT20
Coriell:GM04799,GENO,NIGMS-GM04799
MP:0020386,DISO,adipose tissue inflammation
ENSEMBL:ENSMMUG00000003909,ORTH,ENSEMBL:ENSMMUG00000003909
ENSEMBL:ENSECAG00000003931,ORTH,ENSEMBL:ENSECAG00000003931
ZFIN:ZDB-GENE-030131-5838,ORTH,cnot3b
ENSEMBL:ENSMODG00000007594,ORTH,ENSEMBL:ENSMODG00000007594
ZP:0006327,DISO,"caudal fin multiple, abnormal"
WBPhenotype:0001724,DISO,tunicamycin hypersensitive
SGD:S000002598,ORTH,RVB1
Xenbase:XB-GENE-489122,ORTH,actn2
ZFIN:ZDB-GENE-051113-168,ORTH,golph3l
ENSEMBL:ENSFCAG00000044001,ORTH,ENSEMBL:ENSFCAG00000044001
ENSEMBL:ENSECAG00000019757,ORTH,ENSEMBL:ENSECAG00000019757
ZFIN:ZDB-GENE-030616-462,ORTH,ing5b
ENSEMBL:ENSCAFG00000016689,ORTH,ENSEMBL:ENSCAFG00000016689
MP:0006338,DISO,abnormal second pharyngeal arch morphology
ENSEMBL:ENSCAFG00000045764,ORTH,A0A5F4DC37
ENSEMBL:ENSSSCG00000015814,ORTH,TACC1
RGD:69195,ORTH,Nbr1
RGD:2441,ORTH,Ctbp1
ENSEMBL:ENSMMUG00000008318,ORTH,ENSEMBL:ENSMMUG00000008318
MP:0008641,DISO,increased circulating interleukin-1 beta level
ZFIN:ZDB-GENE-021030-4,ORTH,cad
SGD:S000006095,ORTH,NIP100
RGD:1311114,ORTH,Strap
MGI:95929,ORTH,H2-Q10
ENSEMBL:ENSGALG00000035804,ORTH,ENSEMBL:ENSGALG00000035804
HP:0009381,DISO,Short finger
WBPhenotype:0000022,DISO,long
HP:0001944,DISO,Dehydration
HP:0004414,DISO,Abnormality of the pulmonary artery
ENSEMBL:ENSCAFG00000007132,ORTH,MIPEP
MP:0010179,DISO,rough coat
ZP:0008882,DISO,"double-strand break repair via nonhomologous end joining decreased frequency, abnormal"
HP:0002072,DISO,Chorea
ZFIN:ZDB-GENE-040426-1690,ORTH,rheb
WBPhenotype:0000062,DISO,lethal
EFO:0004631,GENO,vitamin D measurement
ENSEMBL:ENSECAG00000000873,ORTH,ENSEMBL:ENSECAG00000000873
ENSEMBL:ENSACAG00000002260,ORTH,ENSEMBL:ENSACAG00000002260
ENSEMBL:ENSACAG00000017013,ORTH,ENSEMBL:ENSACAG00000017013
HP:0002171,DISO,Gliosis
ENSEMBL:ENSPTRG00000018796,ORTH,ENSEMBL:ENSPTRG00000018796
ENSEMBL:ENSACAG00000004800,ORTH,ENSEMBL:ENSACAG00000004800
ZP:0017191,DISO,"horizontal cell decreased amount, abnormal"
HGNC:9781,GENE,RAB4A
MP:0010072,DISO,increased pruritus
ENSEMBL:ENSCAFG00000004867,ORTH,MBD4
ENSEMBL:ENSMMUG00000005255,ORTH,ENSEMBL:ENSMMUG00000005255
WBPhenotype:0001384,DISO,fertility reduced
WormBase:WBGene00010890,ORTH,ddb-1
HP:0002442,DISO,Dyscalculia
HP:0030515,DISO,Moderately reduced visual acuity
MP:0010725,DISO,thin interventricular septum
PomBase:SPAC823.15,GENO,ppa1
MP:0020214,DISO,increased susceptibility to malignant hyperthermia
Xenbase:XB-GENE-5817381,ORTH,hk2
SGD:S000004478,ORTH,PPZ1
ENSEMBL:ENSECAG00000002611,ORTH,ENSEMBL:ENSECAG00000002611
ENSEMBL:ENSBTAG00000048281,ORTH,ENSEMBL:ENSBTAG00000048281
MGI:1913284,ORTH,Psmd14
MP:0010879,DISO,decreased trabecular bone volume
ZP:0000344,DISO,"epiphysis increased size, abnormal"
WBPhenotype:0002295,DISO,body posture wavelength decreased
ZP:0007593,DISO,"T-tubule fast muscle cell unlumenized, abnormal"
ENSEMBL:ENSBTAG00000049904,ORTH,ENSEMBL:ENSBTAG00000049904
HGNC:19426,GENE,IPO4
WBPhenotype:0002302,DISO,nose movement decreased
WBPhenotype:0001746,DISO,tight junction defective
ENSEMBL:ENSPTRG00000007723,ORTH,ENSEMBL:ENSPTRG00000007723
ENSEMBL:ENSFCAG00000024634,ORTH,ENSEMBL:ENSFCAG00000024634
HGNC:18178,GENE,VPS28
WBPhenotype:0001414,DISO,male mating defective
ENSEMBL:ENSECAG00000024719,ORTH,ENSEMBL:ENSECAG00000024719
ENSEMBL:ENSMODG00000012963,ORTH,ENSEMBL:ENSMODG00000012963
ZP:0002513,DISO,"anterior-posterior axis whole organism curved, abnormal"
ZP:0009076,DISO,"posterior region whole organism morphology, abnormal"
ZP:0003843,DISO,"mitochondrion liver swollen, abnormal"
ENSEMBL:ENSOANG00000038056,ORTH,ENSEMBL:ENSOANG00000038056
MP:0003562,DISO,abnormal pancreatic beta cell physiology
EFO:0002892,GENO,thyroid carcinoma
ZP:0018602,DISO,"hindbrain increased amount, abnormal"
WBPhenotype:0001424,DISO,oocyte physiology variant
MP:0001622,DISO,abnormal vasculogenesis
ENSEMBL:ENSBTAG00000014827,ORTH,ENSEMBL:ENSBTAG00000014827
ZP:0005779,DISO,"extracellular space DEL decreased area, abnormal"
MP:0002883,DISO,chromatolysis
FlyBase:FBgn0002787,ORTH,Rpn8
HP:0011161,DISO,Focal sensory seizure with olfactory features
ENSEMBL:ENSMMUG00000019812,ORTH,ENSEMBL:ENSMMUG00000019812
ZP:0001601,DISO,"otic vesicle morphology, abnormal"
ENSEMBL:ENSOANG00000048825,ORTH,ENSEMBL:ENSOANG00000048825
ENSEMBL:ENSECAG00000021306,ORTH,ENSEMBL:ENSECAG00000021306
MP:0010363,DISO,increased fibrosarcoma incidence
HP:0001166,DISO,Arachnodactyly
HP:0002414,DISO,Spina bifida
ENSEMBL:ENSPTRG00000052040,ORTH,ENSEMBL:ENSPTRG00000052040
ZP:0009316,DISO,"yolk protruding out of ball, abnormal"
SGD:S000000534,ORTH,BIK1
MP:0009695,DISO,abnormal spinal cord ventral commissure morphology
WBPhenotype:0000414,DISO,cell fate transformation
ENSEMBL:ENSECAG00000024597,ORTH,ENSEMBL:ENSECAG00000024597
ENSEMBL:ENSECAG00000022878,ORTH,ENSEMBL:ENSECAG00000022878
ZFIN:ZDB-GENE-040426-2740,ORTH,eef1da
ENSEMBL:ENSGALG00000000707,ORTH,ENSEMBL:ENSGALG00000000707
ENSEMBL:ENSECAG00000022106,ORTH,ENSEMBL:ENSECAG00000022106
ZP:0014497,DISO,"erythrocyte differentiation decreased process quality, abnormal"
MP:0003448,DISO,abnormal tumor morphology
ENSEMBL:ENSBTAG00000021977,ORTH,ENSEMBL:ENSBTAG00000021977
MP:0009177,DISO,decreased pancreatic alpha cell number
EnsemblGenome:AT3G53930,ORTH,EnsemblGenome:AT3G53930
ZFIN:ZDB-GENE-101005-2,ORTH,cltb
MONARCH:APO_0000098APO_0000003,GENO,utilization of carbon source:decreased
ENSEMBL:ENSCAFG00000005538,ORTH,A0A5F4D9K9
ZP:0011757,DISO,"atrium morphology, abnormal"
HP:0000272,DISO,Malar flattening
MP:0008340,DISO,increased corticotroph cell number
RGD:619866,ORTH,Dynll1
ENSEMBL:ENSMMUG00000015610,ORTH,ENSEMBL:ENSMMUG00000015610
MP:0011092,DISO,"embryonic lethality, complete penetrance"
MP:0002206,DISO,abnormal CNS synaptic transmission
MONARCH:APO_0000028APO_0000003,GENO,invasive growth:decreased
ENSEMBL:ENSCAFG00000018717,ORTH,ENSEMBL:ENSCAFG00000018717
ZP:0003348,DISO,"caudal vein plexus morphology, abnormal"
FlyBase:FBgn0017556,ORTH,Prosalpha4T2
HGNC:30704,GENE,FAM71F1
MP:0001460,DISO,abnormal olfactory discrimination memory
PomBase:SPCC970.10c,GENO,brl2
MP:0010851,DISO,"decreased effector memory CD8-positive, alpha-beta T cell number"
MGI:96103,ORTH,Hk1
MP:0000288,DISO,abnormal pericardium morphology
FlyBase:FBgn0260746,ORTH,Ect3
ZP:0000470,DISO,"post-vent region decreased size, abnormal"
ENSEMBL:ENSOANG00000042116,ORTH,ENSEMBL:ENSOANG00000042116
ENSEMBL:ENSBTAG00000006756,ORTH,MATR3
MP:0004979,DISO,abnormal neuronal precursor cell number
ENSEMBL:ENSSSCG00000023296,ORTH,CENPE
ENSEMBL:ENSCAFG00000001341,ORTH,A0A5F4CU32
ENSEMBL:ENSECAG00000000207,ORTH,ENSEMBL:ENSECAG00000000207
HP:0010612,DISO,Plantar pits
MP:0003954,DISO,abnormal Reichert's membrane morphology
ZP:0019448,DISO,"testis decreased amount, abnormal"
WBPhenotype:0001372,DISO,protein DNA interaction variant
MP:0005289,DISO,increased oxygen consumption
ENSEMBL:ENSCAFG00000016519,ORTH,PPARGC1A
ZP:0104396,DISO,"caudal artery decreased amount, abnormal"
dictyBase:DDB_G0279911,GENO,ndkM
RGD:1305752,ORTH,Psmd2
ZP:0000412,DISO,"cranial nerve II aplastic, abnormal"
ENSEMBL:ENSOANG00000002162,ORTH,ENSEMBL:ENSOANG00000002162
ENSEMBL:ENSFCAG00000033628,ORTH,ENSEMBL:ENSFCAG00000033628
MP:0000378,DISO,absent hair follicles
FlyBase:FBgn0260444,ORTH,Not10
MP:0002582,DISO,disorganized extraembryonic tissue
MP:0006269,DISO,abnormal mammary gland growth during pregnancy
RGD:1587326,ORTH,Polr2a
MGI:1923001,ORTH,Ipo4
ENSEMBL:ENSPTRG00000039250,ORTH,ENSEMBL:ENSPTRG00000039250
MGI:1919159,ORTH,Haus5
ENSEMBL:ENSOANG00000008945,ORTH,ENSEMBL:ENSOANG00000008945
WormBase:WBGene00011248,ORTH,R11D1.10
ZP:0001546,DISO,"yolk grey, abnormal"
ZP:0001542,DISO,"cardiac muscle cell increased size, abnormal"
HGNC:8638,GENE,KAT2B
ENSEMBL:ENSGALG00000004306,ORTH,ENSEMBL:ENSGALG00000004306
ENSEMBL:ENSFCAG00000004927,ORTH,ENSEMBL:ENSFCAG00000004927
SGD:S000003184,ORTH,KIP3
ENSEMBL:ENSCAFG00000046311,ORTH,A0A5F4CAB3
MP:0010017,DISO,visceral vascular congestion
FlyBase:FBgn0031090,ORTH,Rab35
MGI:3711011,ORTH,Htt<tm1Hay>/Htt<tm1Hay>; Tg(YAC128)53Hay [involves: C57BL/6J * FVB]
ZP:0104395,DISO,"caudal artery decreased distribution, abnormal"
ZP:0138062,DISO,"swimming decreased spatial extent of a process, abnormal"
WormBase:WBGene00001333,ORTH,erm-1
MP:0009454,DISO,impaired contextual conditioning behavior
RGD:1309158,ORTH,Zfp655
MP:0002216,DISO,abnormal seminiferous tubule morphology
ZP:0008391,DISO,"heart decreased object quality, abnormal"
PomBase:SPBC16A3.18,GENO,cip1
FlyBase:FBgn0000228,ORTH,Bsg25D
MONARCH:APO_0000260APO_0000248,GENO,cell cycle progression in anaphase:increased duration
MP:0003008,DISO,enhanced long term potentiation
ENSEMBL:ENSECAG00000002649,ORTH,ENSEMBL:ENSECAG00000002649
HP:0001900,DISO,Increased hemoglobin
MGI:1913758,ORTH,Lamtor1
ENSEMBL:ENSCAFG00000013367,ORTH,ENSEMBL:ENSCAFG00000013367
HP:0011804,DISO,Abnormal muscle physiology
dictyBase:DDB_G0276371,GENO,gefL
WBPhenotype:0000679,DISO,transgene subcellular localization variant
WBPhenotype:0001109,DISO,P0 spindle rotation delayed early emb
MP:0005469,DISO,abnormal thyroxine level
ENSEMBL:ENSRNOG00000023960,ORTH,F1LUV3
FlyBase:FBgn0033238,ORTH,azot
dictyBase:DDB_G0268744,GENO,act23
HGNC:6501,GENE,LAMP2
ENSEMBL:ENSSSCG00000001398,ORTH,SLA-6
Coriell:GM04849,GENO,NIGMS-GM04849
ENSEMBL:ENSCAFG00000009588,ORTH,ENSEMBL:ENSCAFG00000009588
MP:0003869,DISO,ectopic cartilage
ENSEMBL:ENSMODG00000002991,ORTH,ENSEMBL:ENSMODG00000002991
HP:0000964,DISO,Eczema
EFO:0004695,GENO,intraocular pressure measurement
FlyBase:FBgn0011273,ORTH,Acam
HP:0005162,DISO,Abnormal left ventricular function
WBPhenotype:0000933,DISO,MS lineage variant
WormBase:WBGene00009479,ORTH,fcp-1
Xenbase:XB-GENE-1013462,ORTH,htt
ZP:0002071,DISO,"lens fiber cell differentiation disrupted, abnormal"
ENSEMBL:ENSMODG00000019055,ORTH,ENSEMBL:ENSMODG00000019055
HGNC:9828,GENE,RAE1
SGD:S000001550,ORTH,YNK1
Xenbase:XB-GENE-491581,ORTH,hnrnpl
ENSEMBL:ENSCAFG00000008859,ORTH,SOD1
MONARCH:APO_0000241APO_0000003,GENO,freeze-thaw resistance:decreased
PomBase:SPBC30D10.10c,GENO,tor1
dictyBase:DDB_G0267666,GENO,gefW
HGNC:4584,GENE,GRIN1
ZP:0007116,DISO,"epithelial structure maintenance disrupted, abnormal"
Xenbase:XB-GENE-5941006,ORTH,lsm5
ENSEMBL:ENSMODG00000009818,ORTH,ENSEMBL:ENSMODG00000009818
ZFIN:ZDB-GENE-030131-8984,ORTH,pleca
dbSNP:rs363096,GENO,rs363096-C
RGD:68337,ORTH,Htt
MP:0008899,DISO,plush coat
ZFIN:ZDB-GENE-061220-6,ORTH,ncdn
MP:0011098,DISO,"embryonic lethality during organogenesis, complete penetrance"
ENSEMBL:ENSPTRG00000009008,ORTH,ENSEMBL:ENSPTRG00000009008
ENSEMBL:ENSOANG00000001605,ORTH,ENSEMBL:ENSOANG00000001605
MP:0000577,DISO,absent eccrine glands
WBPhenotype:0002341,DISO,bent posture variant
SGD:S000001906,ORTH,UBP6
MONARCH:APO_0000224APO_0000005,GENO,RNA accumulation:absent
MGI:88276,ORTH,Ctnnb1
MP:0008236,DISO,decreased susceptibility to neuronal excitotoxicity
MGI:4438239,ORTH,Tg(HTT*)BXwy [FVB-Tg(HTT*)BXwy]
HP:0006482,DISO,Abnormality of dental morphology
HP:0005974,DISO,Episodic ketoacidosis
HP:0012647,DISO,Abnormal inflammatory response
MP:0005033,DISO,abnormal trophoblast giant cell morphology
FlyBase:FBgn0052225,ORTH,CG32225
MGI:3800779,ORTH,Tg(HTT*97Q)IXwy
ZP:0002455,DISO,"swim bladder formation delayed, abnormal"
ENSEMBL:ENSFCAG00000013525,ORTH,ENSEMBL:ENSFCAG00000013525
RGD:3376,ORTH,Ppp1cb
ZP:0019804,DISO,"hematopoietic system decreased amount, abnormal"
ENSEMBL:ENSOANG00000044829,ORTH,ENSEMBL:ENSOANG00000044829
HP:0000233,DISO,Thin vermilion border
FlyBase:FBgn0041191,ORTH,Rheb
HP:0100242,DISO,Sarcoma
WormBase:WBGene00019275,ORTH,rpac-40
HP:0003189,DISO,Long nose
ZFIN:ZDB-GENE-050320-73,ORTH,tufm
SGD:S000003424,ORTH,TDH3
RGD:727907,ORTH,Tenm2
FlyBase:FBgn0086558,ORTH,Ubi-p5E
MONARCH:APO_0000024APO_0000002,GENO,budding:abnormal
FlyBase:FBgn0038571,ORTH,CG7215
FBcv:0002019,DISO,increased mortality during development
HP:0001537,DISO,Umbilical hernia
MP:0030996,DISO,decreased pacinian corpuscle number
MGI:5432178,ORTH,Gt(ROSA)26Sor<tm50(HTT)Arte>/Gt(ROSA)26Sor<+> [Not Specified]
ENSEMBL:ENSBTAG00000047834,ORTH,EFR3A
dictyBase:DDB_G0290829,GENO,rabM
ZP:0103448,DISO,"breeding tubercle male organism deformed, abnormal"
MP:0014049,DISO,increased T cell acute lymphoblastic leukemia incidence
ENSEMBL:ENSPTRG00000021368,ORTH,ENSEMBL:ENSPTRG00000021368
WBPhenotype:0000899,DISO,epithelial cell morphology variant
ENSEMBL:ENSPTRG00000008130,ORTH,ENSEMBL:ENSPTRG00000008130
MP:0020288,DISO,ectopic limbs
ENSEMBL:ENSCAFG00000018632,ORTH,A0A5F4C2R1
HP:0003429,DISO,CNS hypomyelination
ENSEMBL:ENSMODG00000014806,ORTH,ENSEMBL:ENSMODG00000014806
ENSEMBL:ENSPTRG00000002998,ORTH,ENSEMBL:ENSPTRG00000002998
ENSEMBL:ENSCAFG00000031581,ORTH,MAPK3
ENSEMBL:ENSMODG00000029529,ORTH,ENSEMBL:ENSMODG00000029529
ZP:0000917,DISO,"ventral mandibular arch aplastic, abnormal"
MP:0002169,DISO,no abnormal phenotype detected
ZP:0138139,DISO,"trabecular layer of the atrium increased thickness, abnormal"
RGD:3397,ORTH,Prkcg
MGI:1861934,ORTH,Htt<tm4Mem>
ENSEMBL:ENSFCAG00000032218,ORTH,ENSEMBL:ENSFCAG00000032218
Xenbase:XB-GENE-6258415,ORTH,tcerg1
HP:0000481,DISO,Abnormal cornea morphology
ENSEMBL:ENSFCAG00000014377,ORTH,ENSEMBL:ENSFCAG00000014377
ZP:0010153,DISO,"posterior lateral line development disrupted, abnormal"
ZFIN:ZDB-GENE-030616-40,ORTH,matr3l1.1
FlyBase:FBgn0039788,ORTH,Rpt6R
ZP:0001197,DISO,"neuron apoptotic, abnormal"
WBPhenotype:0001168,DISO,pseudocleavage absent early emb
HP:0001651,DISO,Dextrocardia
MP:0031023,DISO,decreased susceptibility to Riboviria infection induced morbidity/mortality
MONARCH:APO_0000083APO_0000004,GENO,oxidative stress resistance:increased
HP:0000348,DISO,High forehead
HP:0000391,DISO,Thickened helices
MONARCH:APO_0000224APO_0000003,GENO,RNA accumulation:decreased
MONARCH:APO_0000110APO_0000004,GENO,competitive fitness:increased
HGNC:3236,GENE,EGFR
ZP:0004784,DISO,"retinal pigmented epithelium hypertrophic, abnormal"
MP:0011396,DISO,abnormal sleep behavior
HP:0004372,DISO,Reduced consciousness/confusion
HP:0007678,DISO,Lacrimal duct stenosis
RGD:3043,ORTH,Map1b
MP:0008248,DISO,abnormal mononuclear phagocyte morphology
WormBase:WBGene00012236,ORTH,W04A8.1
ENSEMBL:ENSFCAG00000043383,ORTH,ENSEMBL:ENSFCAG00000043383
ENSEMBL:ENSMMUG00000006996,ORTH,ENSEMBL:ENSMMUG00000006996
MGI:96160,ORTH,Hmga1
ENSEMBL:ENSFCAG00000006019,ORTH,ENSEMBL:ENSFCAG00000006019
EFO:0010078,GENO,dentures
ENSEMBL:ENSGALG00000034413,ORTH,ENSEMBL:ENSGALG00000034413
ENSEMBL:ENSPTRG00000007300,ORTH,ENSEMBL:ENSPTRG00000007300
RGD:735133,ORTH,Plekha4
WBPhenotype:0001745,DISO,adherens junction variant
RGD:3738,ORTH,Sp1
HGNC:16666,GENE,KIF9
RGD:1309504,ORTH,Actbl2
ZP:0008039,DISO,"Z disc cardiac muscle cell increased width, abnormal"
WormBase:WBGene00003024,ORTH,lin-39
MONARCH:APO_0000334APO_0000004,GENO,innate thermotolerance:increased
HP:0002140,DISO,Ischemic stroke
MP:0005319,DISO,abnormal enzyme/coenzyme level
PomBase:SPAC1952.05,GENO,gcn5
WormBase:WBGene00014158,ORTH,ZK938.1
RGD:3380,ORTH,Ppp2ca
ENSEMBL:ENSBTAG00000011628,ORTH,ENSEMBL:ENSBTAG00000011628
HP:0003146,DISO,Hypocholesterolemia
ENSEMBL:ENSXETG00000033941,ORTH,eral1
FlyBase:FBgn0035101,ORTH,p130CAS
ENSEMBL:ENSFCAG00000011245,ORTH,ENSEMBL:ENSFCAG00000011245
ENSEMBL:ENSMMUG00000008833,ORTH,ENSEMBL:ENSMMUG00000008833
ZFIN:ZDB-GENE-030131-2774,ORTH,bcar1
MP:0005387,DISO,immune system phenotype
ENSEMBL:ENSCAFG00000005876,ORTH,TACC1
ENSEMBL:ENSCAFG00000041690,ORTH,ENSEMBL:ENSCAFG00000041690
WormBase:WBGene00000407,ORTH,cdk-5
ENSEMBL:ENSECAG00000012879,ORTH,ENSEMBL:ENSECAG00000012879
ENSEMBL:ENSCAFG00000020082,ORTH,DNM1
dictyBase:DDB_G0279371,GENO,DDB0205748
MP:0005376,DISO,homeostasis/metabolism phenotype
RGD:621174,ORTH,Eef1d
MP:0003867,DISO,increased defecation amount
ENSEMBL:ENSPTRG00000021794,ORTH,ENSEMBL:ENSPTRG00000021794
ZP:0011359,DISO,"axon collateral retinal ganglion cell physical object quality, abnormal"
ZFIN:ZDB-GENE-130530-833,ORTH,dhx30
HGNC:19200,GENE,DPPA4
EFO:0007629,GENO,hemoglobin A1 measurement
ENSEMBL:ENSFCAG00000015643,ORTH,ENSEMBL:ENSFCAG00000015643
HP:0002846,DISO,Abnormal B cell morphology
WBPhenotype:0000408,DISO,dauer recovery inhibited
WBPhenotype:0000832,DISO,C lineage variant
Coriell:GM03645,GENO,NIGMS-GM03645
RGD:1332598,ORTH,Olr227
MGI:3647514,ORTH,Gm7030
MP:0004930,DISO,small epididymis
MONARCH:APO_0000024APO_0000005,GENO,budding:absent
MP:0008499,DISO,increased IgG1 level
HP:0005326,DISO,Hypoplastic philtrum
ENSEMBL:ENSGALG00000000377,ORTH,ENSEMBL:ENSGALG00000000377
ENSEMBL:ENSCAFG00000009472,ORTH,PTDSS1
ENSEMBL:ENSECAG00000011497,ORTH,ENSEMBL:ENSECAG00000011497
MP:0008027,DISO,abnormal spinal cord white matter morphology
MP:0002018,DISO,increased malignant tumor incidence
ZFIN:ZDB-GENE-040801-40,ORTH,bag3
ZFIN:ZDB-GENE-041010-181,ORTH,zgc:101679
HP:0100679,DISO,Lack of skin elasticity
SGD:S000003280,ORTH,UFD1
WBPhenotype:0001943,DISO,rachis wide
ENSEMBL:ENSFCAG00000022134,ORTH,ENSEMBL:ENSFCAG00000022134
ENSEMBL:ENSMMUG00000029971,ORTH,ENSEMBL:ENSMMUG00000029971
HP:0011165,DISO,Focal sensory seizure with visual features
HGNC:9539,GENE,PSMB2
ENSEMBL:ENSOANG00000003398,ORTH,ENSEMBL:ENSOANG00000003398
FBcv:0000670,DISO,abnormal eclosion
ENSEMBL:ENSSSCG00000024837,ORTH,ENSEMBL:ENSSSCG00000024837
MP:0009399,DISO,increased skeletal muscle fiber size
MP:0004984,DISO,increased osteoclast cell number
EnsemblGenome:BAA16405,ORTH,EnsemblGenome:BAA16405
MP:0004994,DISO,abnormal brain wave pattern
ENSEMBL:ENSECAG00000024301,ORTH,ENSEMBL:ENSECAG00000024301
WBPhenotype:0001332,DISO,vesicle number variant
MP:0012431,DISO,increased lymphoma incidence
Coriell:GM04915,GENO,NIGMS-GM04915
ENSEMBL:ENSBTAG00000005182,ORTH,BOLA-A
ENSEMBL:ENSBTAG00000054943,ORTH,ENSEMBL:ENSBTAG00000054943
HP:0005404,DISO,Increased B cell count
ZP:0002503,DISO,"midbrain decreased size, abnormal"
SGD:S000001375,ORTH,SDP1
HGNC:6600,GENE,LIG3
ENSEMBL:ENSOANG00000004000,ORTH,ENSEMBL:ENSOANG00000004000
ENSEMBL:ENSBTAG00000020175,ORTH,ENSEMBL:ENSBTAG00000020175
MP:0009651,DISO,abnormal eyelid development
ENSEMBL:ENSECAG00000013458,ORTH,ENSEMBL:ENSECAG00000013458
ENSEMBL:ENSMODG00000002006,ORTH,ENSEMBL:ENSMODG00000002006
SGD:S000005750,ORTH,RPB8
FlyBase:FBgn0035113,ORTH,pyx
dictyBase:DDB_G0290833,GENO,rabK1
ENSEMBL:ENSGALG00000044177,ORTH,ENSEMBL:ENSGALG00000044177
HP:0000568,DISO,Microphthalmia
MP:0004619,DISO,caudal vertebral fusion
ENSEMBL:ENSOANG00000042140,ORTH,ENSEMBL:ENSOANG00000042140
WBPhenotype:0000463,DISO,metabolic pathway variant
MP:0000765,DISO,abnormal tongue squamous epithelium morphology
HP:0008765,DISO,Auditory hallucinations
WBPhenotype:0000230,DISO,tail withered
ENSEMBL:ENSCAFG00000000443,ORTH,ENSEMBL:ENSCAFG00000000443
ZFIN:ZDB-GENE-030804-2,ORTH,calm1b
Xenbase:XB-GENE-1003225,ORTH,wdr82
ENSEMBL:ENSPTRG00000008808,ORTH,ENSEMBL:ENSPTRG00000008808
PomBase:SPAC1002.05c,GENO,jmj2
ENSEMBL:ENSECAG00000023721,ORTH,ENSEMBL:ENSECAG00000023721
WBPhenotype:0000694,DISO,hermaphrodite sterile
ENSEMBL:ENSOANG00000045757,ORTH,ENSEMBL:ENSOANG00000045757
dictyBase:DDB_G0293678,GENO,DDB_G0293678
MP:0000906,DISO,abnormal trigeminal V mesencephalic nucleus morphology
FBcv:0000380,DISO,non-enhancer of variegation
ZP:0137808,DISO,"pharyngeal mesoderm increased amount, abnormal"
MP:0009406,DISO,decreased skeletal muscle fiber number
ENSEMBL:ENSECAG00000016754,ORTH,ENSEMBL:ENSECAG00000016754
HGNC:9323,GENE,PPP6C
GO:0005515,PHYS,protein binding
ZP:0000054,DISO,"head decreased size, abnormal"
ClinVarVariant:409,VARI,NC_000004.11:g.3076606GCA[(40_?)]
FlyBase:FBgn0051528,ORTH,CG31528
Xenbase:XB-GENE-1003088,ORTH,golph3l
ENSEMBL:ENSPTRG00000051534,ORTH,ENSEMBL:ENSPTRG00000051534
ZP:0018531,DISO,"spinal cord decreased occurrence central nervous system myelination, abnormal"
EFO:0000409,GENO,disease free survival
ZP:0010448,DISO,"striated muscle thin filament myotome decreased amount, abnormal"
ENSEMBL:ENSGALG00000033887,ORTH,IL17RA
ENSEMBL:ENSCAFG00000000743,ORTH,ENSEMBL:ENSCAFG00000000743
ENSEMBL:ENSGALG00000001768,ORTH,ENSEMBL:ENSGALG00000001768
dictyBase:DDB_G0281045,GENO,DDB0216409
ZP:0006926,DISO,"angiogenesis increased occurrence, abnormal"
ENSEMBL:ENSOANG00000000318,ORTH,ENSEMBL:ENSOANG00000000318
ENSEMBL:ENSGALG00000041380,ORTH,ENSEMBL:ENSGALG00000041380
HP:0200134,DISO,Epileptic encephalopathy
ENSEMBL:ENSCAFG00000019590,ORTH,ENSEMBL:ENSCAFG00000019590
ENSEMBL:ENSECAG00000037484,ORTH,ENSEMBL:ENSECAG00000037484
EFO:0004875,GENO,mathematical ability
ENSEMBL:ENSOANG00000039253,ORTH,ENSEMBL:ENSOANG00000039253
ENSEMBL:ENSMODG00000017181,ORTH,ENSEMBL:ENSMODG00000017181
HP:0007230,DISO,Decreased distal sensory nerve action potential
dictyBase:DDB_G0278867,GENO,DDB0206250
WormBase:WBGene00019510,ORTH,nucl-1
ENSEMBL:ENSMMUG00000016741,ORTH,ENSEMBL:ENSMMUG00000016741
EnsemblGenome:AT2G22980,ORTH,EnsemblGenome:AT2G22980
FlyBase:FBgn0036932,ORTH,CG14184
ZP:0019076,DISO,"liver decreased amount, abnormal"
MP:0006345,DISO,absent second pharyngeal arch
ENSEMBL:ENSSSCG00000001757,ORTH,ENSEMBL:ENSSSCG00000001757
ENSEMBL:ENSSSCG00025021718,ORTH,ENSEMBL:ENSSSCG00025021718
ENSEMBL:ENSPTRG00000019057,ORTH,ENSEMBL:ENSPTRG00000019057
RGD:61848,ORTH,Psma5
MGI:1931148,ORTH,Nme4
ZP:0020221,DISO,"dorsal region whole organism decreased distribution, abnormal"
dbSNPIndividual:18613,GENO,47;XY;t(1;3)(3qter->3q?21::1p?32->1qter;&#x0D;&#x0A;3pter->3q?21::1p?32->1pter);+20[8]/46;XY[12] [GM01085]
HP:0100851,DISO,Abnormal emotion/affect behavior
RGD:1595924,ORTH,RT1-A1
MP:0000260,DISO,abnormal angiogenesis
MP:0005154,DISO,increased B cell proliferation
ENSEMBL:ENSFCAG00000003183,ORTH,ENSEMBL:ENSFCAG00000003183
RGD:619708,ORTH,Fez1
WBPhenotype:0001482,DISO,frequency body bend reduced
dictyBase:DDB_G0289667,GENO,gefD
ZP:0106394,DISO,"ceratobranchial 3 cartilage decreased amount, abnormal"
ENSEMBL:ENSFCAG00000015468,ORTH,ENSEMBL:ENSFCAG00000015468
ENSEMBL:ENSMMUG00000001353,ORTH,ENSEMBL:ENSMMUG00000001353
ENSEMBL:ENSMMUG00000015803,ORTH,ENSEMBL:ENSMMUG00000015803
dictyBase:DDB_G0281573,GENO,gefP
ENSEMBL:ENSGALG00000006179,ORTH,ENSEMBL:ENSGALG00000006179
ENSEMBL:ENSMMUG00000022151,ORTH,ENSEMBL:ENSMMUG00000022151
ENSEMBL:ENSBTAG00000023978,ORTH,ENSEMBL:ENSBTAG00000023978
ENSEMBL:ENSACAG00000016603,ORTH,ENSEMBL:ENSACAG00000016603
HP:0003110,DISO,Abnormality of urine homeostasis
MONARCH:APO_0000147APO_0000004,GENO,heat sensitivity:increased
ENSEMBL:ENSBTAG00000016265,ORTH,ENSEMBL:ENSBTAG00000016265
MP:0002746,DISO,abnormal semilunar valve morphology
RGD:631334,ORTH,Nup58
ZP:0002086,DISO,"erythrocyte differentiation disrupted, abnormal"
WBPhenotype:0001014,DISO,pathogen resistance increased
ENSEMBL:ENSMODG00000007791,ORTH,ENSEMBL:ENSMODG00000007791
RGD:1564760,ORTH,Hmg20a
ZP:0009072,DISO,"neuronal cell body rhombomere 5 mislocalised, abnormal"
WBPhenotype:0000646,DISO,sluggish
ENSEMBL:ENSRNOG00000005062,ORTH,F1M040
SGD:S000001248,ORTH,SCH9
ENSEMBL:ENSECAG00000024092,ORTH,ENSEMBL:ENSECAG00000024092
HP:0001820,DISO,Leukonychia
EnsemblGenome:AT4G11380,ORTH,EnsemblGenome:AT4G11380
ZP:0106397,DISO,"ceratobranchial 5 cartilage decreased amount, abnormal"
ZP:0006800,DISO,"blood decreased volume, abnormal"
EnsemblGenome:BAA35297,ORTH,EnsemblGenome:BAA35297
FlyBase:FBgn0023023,ORTH,CRMP
HGNC:2938,GENE,DMXL2
ENSEMBL:ENSSSCG00000009978,ORTH,ENSEMBL:ENSSSCG00000009978
Xenbase:XB-GENE-967934,ORTH,ppp1cc
HGNC:20778,GENE,TUBB
ENSEMBL:ENSBTAG00000014440,ORTH,ENSEMBL:ENSBTAG00000014440
MP:0013672,DISO,decreased mature NK cell number
ENSEMBL:ENSBTAG00000012208,ORTH,BOLA
ZP:0011577,DISO,"intersegmental vein increased amount, abnormal"
ENSEMBL:ENSGALG00000006045,ORTH,SH3GL3
ENSEMBL:ENSSSCG00000002822,ORTH,AMFR
ENSEMBL:ENSSSCG00000030211,ORTH,ENSEMBL:ENSSSCG00000030211
ZP:0138135,DISO,"cardiac myofibril cardiac ventricle increased contractility, abnormal"
ZP:0000654,DISO,"retina decreased size, abnormal"
ENSEMBL:ENSMODG00000024116,ORTH,ENSEMBL:ENSMODG00000024116
HP:0001735,DISO,Acute pancreatitis
MP:0004666,DISO,absent stapedial artery
MGI:2387633,ORTH,Haus3
ENSEMBL:ENSPTRG00000008663,ORTH,ENSEMBL:ENSPTRG00000008663
ENSEMBL:ENSACAG00000004772,ORTH,ENSEMBL:ENSACAG00000004772
HP:0001305,DISO,Dandy-Walker malformation
ENSEMBL:ENSCAFG00000001610,ORTH,VPS28
MP:0008712,DISO,decreased interleukin-9 secretion
MP:0001407,DISO,short stride length
HP:0000207,DISO,Triangular mouth
MP:0004748,DISO,increased susceptibility to age-related hearing loss
Xenbase:XB-GENE-983413,ORTH,npy2r
WBPhenotype:0001751,DISO,organism hypertonic lethality increased
MONARCH:APO_0000034APO_0000117,GENO,mating efficiency:normal
RGD:631427,ORTH,Cryl1
MP:0000836,DISO,abnormal substantia nigra morphology
MP:0001448,DISO,abnormal huddling behavior
HP:0032759,DISO,Focal sensory seizure with vestibular features
MP:0000628,DISO,abnormal mammary gland development
Xenbase:XB-GENE-1004249,ORTH,ing5
ENSEMBL:ENSMODG00000006754,ORTH,ENSEMBL:ENSMODG00000006754
RGD:68371,ORTH,Mtor
ENSEMBL:ENSFCAG00000011175,ORTH,ENSEMBL:ENSFCAG00000011175
ENSEMBL:ENSBTAG00000019180,ORTH,ENSEMBL:ENSBTAG00000019180
MP:0009400,DISO,decreased skeletal muscle fiber size
ZP:0005467,DISO,"neuron-neuron synaptic transmission decreased process quality, abnormal"
WBPhenotype:0001208,DISO,RNAi resistant
MP:0009747,DISO,impaired behavioral response to xenobiotic
RGD:1304800,ORTH,Gga2
ENSEMBL:ENSGALG00000039830,ORTH,DHX30
RGD:628878,ORTH,Hspa4
dictyBase:DDB_G0274607,GENO,gefM
MP:0002656,DISO,abnormal keratinocyte differentiation
ZFIN:ZDB-GENE-990415-172,ORTH,neurod1
MP:0005352,DISO,small cranium
ZP:0005766,DISO,"anaphase-promoting complex-dependent catabolic process decreased rate, abnormal"
RGD:628596,ORTH,Tubb5
ZP:0018337,DISO,"glossopharyngeal ganglion lacks parts or has fewer parts of type axon glossopharyngeal ganglion, abnormal"
ZP:0012599,DISO,"behavior process quality, abnormal"
WormBase:WBGene00000073,ORTH,add-2
HP:0002949,DISO,Fused cervical vertebrae
ENSEMBL:ENSGALG00000053682,ORTH,LOC768350
Xenbase:XB-GENE-989839,ORTH,immt
ENSEMBL:ENSMODG00000039612,ORTH,ENSEMBL:ENSMODG00000039612
MP:0008492,DISO,dorsal root ganglion degeneration
HP:0001269,DISO,Hemiparesis
MP:0006060,DISO,increased cerebral infarct size
MP:0001967,DISO,deafness
HGNC:8557,GENE,PABPC4
MGI:95958,ORTH,H2-T24
ENSEMBL:ENSMMUG00000007456,ORTH,ENSEMBL:ENSMMUG00000007456
HP:0045025,DISO,Narrow palpebral fissure
ZP:0009077,DISO,"neural tube wholly ventralized, abnormal"
MP:0003081,DISO,abnormal soleus morphology
ENSEMBL:ENSACAG00000004508,ORTH,ENSEMBL:ENSACAG00000004508
ENSEMBL:ENSCAFG00000018639,ORTH,PTPRM
HGNC:7672,GENE,NCOR1
HGNC:1424,GENE,CAD
MP:0004564,DISO,enlarged myocardial fiber
MGI:2137706,ORTH,Actn1
ENSEMBL:ENSMODG00000002680,ORTH,ENSEMBL:ENSMODG00000002680
MP:0009321,DISO,increased histiocytic sarcoma incidence
ENSEMBL:ENSFCAG00000028444,ORTH,ENSEMBL:ENSFCAG00000028444
MP:0008283,DISO,small hippocampus
HP:0000716,DISO,Depression
ENSEMBL:ENSGALG00000008931,ORTH,COMMD1
ENSEMBL:ENSMODG00000005573,ORTH,ENSEMBL:ENSMODG00000005573
ENSEMBL:ENSBTAG00000055067,ORTH,A0A3Q1LRT4
ENSEMBL:ENSBTAG00000014643,ORTH,ENSEMBL:ENSBTAG00000014643
ZFIN:ZDB-GENE-050417-109,ORTH,prkn
ZP:0004790,DISO,"photoreceptor cell morphology, abnormal"
dictyBase:DDB_G0283425,GENO,DDB0185513
MP:0020080,DISO,increased bone mineralization
RGD:1311862,ORTH,Mgrn1
ZP:0100495,DISO,"response to stress process quality, abnormal"
ENSEMBL:ENSRNOG00000023547,ORTH,F1M4G6
ENSEMBL:ENSMMUG00000004484,ORTH,ENSEMBL:ENSMMUG00000004484
HP:0004942,DISO,Aortic aneurysm
EFO:0006896,GENO,glucose homeostasis measurement
ZP:0001560,DISO,"whole organism broken, abnormal"
MP:0008396,DISO,abnormal osteoclast differentiation
MGI:1344372,ORTH,Rbck1
ZP:0010867,DISO,"caudal fin necrotic, abnormal"
ZP:0012250,DISO,"photoreceptor cell absent, abnormal"
HP:0002170,DISO,Intracranial hemorrhage
MP:0008140,DISO,podocyte foot process effacement
WBPhenotype:0001309,DISO,amplitude of sinusoidal movement decreased
ENSEMBL:ENSGALG00000011278,ORTH,KAT2B
WBPhenotype:0002155,DISO,pre miRNA processing defective
PomBase:SPBC1105.10,GENO,rav1
FlyBase:FBgn0003731,ORTH,Egfr
RGD:1561171,ORTH,Ccdc126
MGI:1934704,ORTH,Rnf31
ZP:0006331,DISO,"cell cycle process arrested, abnormal"
ZP:0007115,DISO,"protein kinase activity decreased occurrence, abnormal"
MGI:1919439,ORTH,Bag6
FBcv:0000351,DISO,lethal
HP:0000789,DISO,Infertility
PomBase:SPAC23C11.04c,GENO,pnk1
ZP:0100010,DISO,"anatomical system quality, abnormal"
ENSEMBL:ENSSSCG00000007986,ORTH,NME4
ENSEMBL:ENSCAFG00000001474,ORTH,ENSEMBL:ENSCAFG00000001474
HP:0000113,DISO,Polycystic kidney dysplasia
HP:0030770,DISO,Craniorachischisis
MP:0002357,DISO,abnormal spleen white pulp morphology
PomBase:SPBC1709.11c,GENO,png2
HGNC:12479,GENE,UBE2E3
ENSEMBL:ENSGALG00000007900,ORTH,F1NJ25
WBPhenotype:0002299,DISO,coiling frequency decreased
RGD:1359542,ORTH,Ubac1
dictyBase:DDB_G0272340,GENO,DDB_G0272340
ENSEMBL:ENSFCAG00000014416,ORTH,ENSEMBL:ENSFCAG00000014416
ENSEMBL:ENSMODG00000012741,ORTH,ENSEMBL:ENSMODG00000012741
ENSEMBL:ENSBTAG00000021039,ORTH,ENSEMBL:ENSBTAG00000021039
ENSEMBL:ENSMODG00000010124,ORTH,ENSEMBL:ENSMODG00000010124
WBPhenotype:0002296,DISO,body posture wavelength increased
ZFIN:ZDB-GENE-040718-250,ORTH,rab30
HP:0011120,DISO,Concave nasal ridge
HP:0012447,DISO,Abnormal myelination
MP:0002362,DISO,abnormal spleen marginal zone morphology
PomBase:SPBC14C8.12,GENO,rpb8
HP:0000153,DISO,Abnormality of the mouth
MP:0010954,DISO,abnormal cellular respiration
MP:0001475,DISO,reduced long term depression
RGD:621093,ORTH,Psmb7
WBPhenotype:0000421,DISO,levamisole resistant
ENSEMBL:ENSGALG00000003916,ORTH,ENSEMBL:ENSGALG00000003916
ENSEMBL:ENSACAG00000002311,ORTH,ENSEMBL:ENSACAG00000002311
WormBase:WBGene00019624,ORTH,rnst-2
HGNC:13744,GENE,HERPUD1
APO:0000153,DISO,petite
ENSEMBL:ENSMODG00000002058,ORTH,ENSEMBL:ENSMODG00000002058
dictyBase:DDB_G0282979,GENO,efa1G
ENSEMBL:ENSMODG00000015062,ORTH,ENSEMBL:ENSMODG00000015062
Xenbase:XB-GENE-949327,ORTH,grin2b
ENSEMBL:ENSFCAG00000018550,ORTH,ENSEMBL:ENSFCAG00000018550
WormBase:WBGene00012741,ORTH,Y40H4A.2
ENSEMBL:ENSCAFG00000010347,ORTH,ENSEMBL:ENSCAFG00000010347
PomBase:SPAC1687.05,GENO,pli1
ENSEMBL:ENSGALG00000050329,ORTH,A0A1D5PBS4
ZP:0010285,DISO,"integument neoplastic, abnormal"
HP:0008070,DISO,Sparse hair
MP:0008050,DISO,decreased memory T cell number
ZP:0017290,DISO,"prechordal plate absent, abnormal"
ENSEMBL:ENSGALG00000043208,ORTH,ENSEMBL:ENSGALG00000043208
ENSEMBL:ENSPTRG00000018684,ORTH,ENSEMBL:ENSPTRG00000018684
ZFIN:ZDB-GENE-010319-31,ORTH,siah1
FBcv:0000374,DISO,fertile
ENSEMBL:ENSPTRG00000045185,ORTH,ENSEMBL:ENSPTRG00000045185
ENSEMBL:ENSBTAG00000006103,ORTH,ENSEMBL:ENSBTAG00000006103
HP:0002312,DISO,Clumsiness
ENSEMBL:ENSPTRG00000007494,ORTH,ENSEMBL:ENSPTRG00000007494
dictyBase:DDB_G0285449,GENO,DDB0186499
ENSEMBL:ENSGALG00000020999,ORTH,ENSEMBL:ENSGALG00000020999
HP:0002059,DISO,Cerebral atrophy
ZP:0009310,DISO,"synapse maturation disrupted, abnormal"
ZFIN:ZDB-GENE-060825-152,ORTH,mhc1uka
ENSEMBL:ENSCAFG00000002729,ORTH,PSME4
ENSEMBL:ENSMMUG00000049436,ORTH,ENSEMBL:ENSMMUG00000049436
dbSNP:rs363066,GENO,rs363066-G
ENSEMBL:ENSACAG00000012615,ORTH,ENSEMBL:ENSACAG00000012615
ENSEMBL:ENSCAFG00000012961,ORTH,ENSEMBL:ENSCAFG00000012961
MP:0010287,DISO,increased reproductive system tumor incidence
HP:0100261,DISO,Abnormal tendon morphology
Coriell:GM04286,GENO,NIGMS-GM04286
ENSEMBL:ENSOANG00000003663,ORTH,ENSEMBL:ENSOANG00000003663
EnsemblGenome:BAE76828,ORTH,EnsemblGenome:BAE76828
ENSEMBL:ENSMMUG00000001548,ORTH,ENSEMBL:ENSMMUG00000001548
dictyBase:DDB_G0292390,GENO,atg1
EnsemblGenome:AT1G10230,ORTH,EnsemblGenome:AT1G10230
ENSEMBL:ENSGALG00000000909,ORTH,ENSEMBL:ENSGALG00000000909
HP:0040170,DISO,Abnormality of hair growth
FlyBase:FBgn0031450,ORTH,Hrs
ENSEMBL:ENSMMUG00000008392,ORTH,ENSEMBL:ENSMMUG00000008392
PomBase:SPBC9B6.08,GENO,clc1
MGI:1928386,ORTH,Rassf1
ENSEMBL:ENSMMUG00000021117,ORTH,ENSEMBL:ENSMMUG00000021117
HP:0001634,DISO,Mitral valve prolapse
ENSEMBL:ENSACAG00000011455,ORTH,ENSEMBL:ENSACAG00000011455
ZFIN:ZDB-GENE-130206-11,ORTH,mhc1zja
PomBase:SPAC607.05,GENO,rpn9
MONARCH:APO_0000239APO_0000005,GENO,pexophagy:absent
ENSEMBL:ENSECAG00000016488,ORTH,ENSEMBL:ENSECAG00000016488
ZFIN:ZDB-GENE-030131-5877,ORTH,ppp1cc
MP:0005326,DISO,abnormal podocyte morphology
HP:0002373,DISO,Febrile seizure (within the age range of 3 months to 6 years)
ENSEMBL:ENSECAG00000029708,ORTH,ENSEMBL:ENSECAG00000029708
HP:0001539,DISO,Omphalocele
HP:0001877,DISO,Abnormal erythrocyte morphology
MONARCH:APO_0000255APO_0000250,GENO,cell cycle progression in G1 phase:arrested
MONDO:0005148,DISO,type 2 diabetes mellitus
MP:0005221,DISO,abnormal rostral-caudal axis patterning
MP:0006027,DISO,impaired lung alveolus development
Xenbase:XB-GENE-969023,ORTH,usp8
WBPhenotype:0004006,DISO,post hermaphrodite contact variant
MP:0005359,DISO,growth retardation of incisors
ENSEMBL:ENSGALG00000038504,ORTH,ENSEMBL:ENSGALG00000038504
HP:0004510,DISO,Pancreatic islet-cell hyperplasia
dictyBase:DDB_G0278661,GENO,tstE
ENSEMBL:ENSOANG00000005094,ORTH,ENSEMBL:ENSOANG00000005094
ZFIN:ZDB-GENE-091113-52,ORTH,rps6kb1a
ZP:0018606,DISO,"rhombomere 4 decreased length, abnormal"
ENSEMBL:ENSSSCG00000010762,ORTH,DPYSL4
MONARCH:APO_0000111APO_0000004,GENO,viability:increased
ENSEMBL:ENSECAG00000018948,ORTH,ENSEMBL:ENSECAG00000018948
ZFIN:ZDB-GENE-030616-609,ORTH,ppp1cb
ENSEMBL:ENSOANG00000047629,ORTH,ENSEMBL:ENSOANG00000047629
ENSEMBL:ENSPTRG00000014033,ORTH,ENSEMBL:ENSPTRG00000014033
UBERON:0004993,ANAT,mucosa of sigmoid colon
SGD:S000003865,ORTH,SOD1
WBPhenotype:0001395,DISO,body vacuole
MP:0008525,DISO,decreased cranium height
SGD:S000001887,ORTH,BLM10
ENSEMBL:ENSOANG00000038796,ORTH,ENSEMBL:ENSOANG00000038796
ENSEMBL:ENSSSCG00000038466,ORTH,EIF4E2
RGD:69331,ORTH,Git1
HP:0000486,DISO,Strabismus
EFO:0004784,GENO,self reported educational attainment
HP:0003648,DISO,Lacticaciduria
ENSEMBL:ENSMMUG00000022495,ORTH,ENSEMBL:ENSMMUG00000022495
HP:0032794,DISO,Myoclonic seizure
EFO:0004736,GENO,aspartate aminotransferase measurement
RGD:2064,ORTH,Ap1b1
ZP:0102471,DISO,"actin-based cell projection peridermal cell decreased size, abnormal"
WormBase:WBGene00006770,ORTH,unc-34
MP:0003075,DISO,abnormal response to CNS ischemic injury
MGI:3528067,ORTH,Tg(HDexon1)62Gpb; Tgm2<tm1.1Rmgr>/Tgm2<+> [involves: 129X1/SvJ * C57BL/6 * CBA]
ENSEMBL:ENSMMUG00000018420,ORTH,ENSEMBL:ENSMMUG00000018420
ZFIN:ZDB-GENE-060810-162,ORTH,fbxl6
ENSEMBL:ENSACAG00000006267,ORTH,ENSEMBL:ENSACAG00000006267
MP:0003965,DISO,abnormal pituitary hormone level
ZP:0005768,DISO,"lens fiber cell differentiation process quality, abnormal"
ENSEMBL:ENSOANG00000008521,ORTH,ENSEMBL:ENSOANG00000008521
WBPhenotype:0001153,DISO,pronuclear migration failure early emb
HP:0008843,DISO,Hip osteoarthritis
MP:0003873,DISO,pharyngeal arch hypoplasia
ENSEMBL:ENSFCAG00000003545,ORTH,ENSEMBL:ENSFCAG00000003545
MP:0010933,DISO,decreased trabecular bone connectivity density
ENSEMBL:ENSBTAG00000004565,ORTH,A0A3Q1LLH1
ENSEMBL:ENSFCAG00000022474,ORTH,ENSEMBL:ENSFCAG00000022474
MP:0011521,DISO,decreased placental labyrinth size
ENSEMBL:ENSMMUG00000006596,ORTH,ENSEMBL:ENSMMUG00000006596
ENSEMBL:ENSGALG00000049208,ORTH,A0A1D5PV14
ZP:0137434,DISO,"posterior segment eye lacks parts or has fewer parts of type proximal side retinal pigmented epithelium, abnormal"
MP:0002451,DISO,abnormal macrophage physiology
ENSEMBL:ENSPTRG00000014706,ORTH,ENSEMBL:ENSPTRG00000014706
ZFIN:ZDB-GENE-030131-4214,ORTH,mbd1a
ZP:0011560,DISO,"cytokinesis process quality, abnormal"
MP:0004205,DISO,absent hyoid bone
WBPhenotype:0001378,DISO,mitotic chromosome segregation variant
HP:0000746,DISO,Delusions
RGD:69287,ORTH,Sqstm1
ENSEMBL:ENSSSCG00000004813,ORTH,TTC23
PomBase:SPAC18G6.03,GENO,ypt3
ENSEMBL:ENSRNOG00000053060,ORTH,Zfc3h1
ENSEMBL:ENSCAFG00000017908,ORTH,ENSEMBL:ENSCAFG00000017908
ENSEMBL:ENSGALG00000006947,ORTH,ENSEMBL:ENSGALG00000006947
ENSEMBL:ENSACAG00000004479,ORTH,ENSEMBL:ENSACAG00000004479
ZP:0005415,DISO,"cardiac ventricle morphology, abnormal"
MONARCH:APO_0000075APO_0000117,GENO,endocytosis:normal
ENSEMBL:ENSPTRG00000018686,ORTH,ENSEMBL:ENSPTRG00000018686
MP:0003204,DISO,decreased neuron apoptosis
MP:0001499,DISO,abnormal kindling response
FlyBase:FBgn0052396,ORTH,CG32396
HGNC:26068,GENE,LAMTOR1
ENSEMBL:ENSBTAG00000015683,ORTH,ENSEMBL:ENSBTAG00000015683
ENSEMBL:ENSPTRG00000007319,ORTH,ENSEMBL:ENSPTRG00000007319
ENSEMBL:ENSACAG00000008253,ORTH,ENSEMBL:ENSACAG00000008253
Coriell:GM05678,GENO,NIGMS-GM05678
ENSEMBL:ENSOANG00000010513,ORTH,ENSEMBL:ENSOANG00000010513
WBPhenotype:0000229,DISO,small
Xenbase:XB-GENE-6085075,ORTH,rasa1
ENSEMBL:ENSMODG00000002732,ORTH,ENSEMBL:ENSMODG00000002732
ENSEMBL:ENSOANG00000038083,ORTH,ENSEMBL:ENSOANG00000038083
WBPhenotype:0001005,DISO,backward locomotion variant
ENSEMBL:ENSCAFG00000016687,ORTH,CTBP1
ZP:0010936,DISO,"interrenal primordium centered, abnormal"
ENSEMBL:ENSOANG00000050274,ORTH,ENSEMBL:ENSOANG00000050274
RGD:1559904,ORTH,Virma
MP:0000420,DISO,ruffled hair
RGD:1305513,ORTH,Rnf31
WBPhenotype:0001282,DISO,mitochondrial metabolism variant
dbSNPIndividual:22138,GENO,46;XY.arr 3p25.2(12651912-12806123)x3;6(q13q16.175176185-98959605)x2 hmz;7p21.3(7313484-13335041)x2 hmz;15q11.1(20216942-22681064)x1;17q22q24.2(53819086-65020731)x2 hmz [GM04285]
ENSEMBL:ENSFCAG00000022539,ORTH,ENSEMBL:ENSFCAG00000022539
ENSEMBL:ENSMODG00000006940,ORTH,ENSEMBL:ENSMODG00000006940
ZP:0021478,DISO,"neural crest cell aggregated, abnormal"
ZP:0018599,DISO,"hindbrain decreased amount, abnormal"
MP:0010956,DISO,abnormal mitochondrial ATP synthesis coupled electron transport
ENSEMBL:ENSPTRG00000002298,ORTH,ENSEMBL:ENSPTRG00000002298
ENSEMBL:ENSSSCG00005033087,ORTH,ENSEMBL:ENSSSCG00005033087
ENSEMBL:ENSRNOG00000058719,ORTH,ENSEMBL:ENSRNOG00000058719
MP:0011667,DISO,double outlet right ventricle with atrioventricular septal defect
HGNC:5001,GENE,HMG20A
ZFIN:ZDB-GENE-030131-34,ORTH,pfn2l
MP:0005650,DISO,abnormal limb bud morphology
HP:0012285,DISO,Abnormal hypothalamus physiology
ZP:0001934,DISO,"hatching arrested, abnormal"
ZP:0002703,DISO,"larval locomotory behavior arrested, abnormal"
EFO:0006940,GENO,optic cup area measurement
WBPhenotype:0001225,DISO,phasmid socket absent
ENSEMBL:ENSCAFG00000018077,ORTH,ENSEMBL:ENSCAFG00000018077
MP:0010367,DISO,increased spindle cell carcinoma incidence
ZP:0020239,DISO,"photoreceptor outer segment eye photoreceptor cell structure, abnormal"
ENSEMBL:ENSGALG00000005894,ORTH,USP8
ENSEMBL:ENSMMUG00000010056,ORTH,ENSEMBL:ENSMMUG00000010056
WBPhenotype:0000823,DISO,germline proliferation variant
ENSEMBL:ENSSSCG00000003964,ORTH,ENSEMBL:ENSSSCG00000003964
WBPhenotype:0000027,DISO,organism metabolism processing variant
MP:0009674,DISO,decreased birth weight
MP:0004631,DISO,abnormal auditory cortex morphology
WBPhenotype:0001265,DISO,head movement variant
ENSEMBL:ENSGALG00000002403,ORTH,ULK1
ENSEMBL:ENSOANG00000041099,ORTH,ENSEMBL:ENSOANG00000041099
MP:0009612,DISO,thick epidermis suprabasal layer
RGD:1359648,ORTH,Skp1
RGD:621663,ORTH,Csnk2a1
Coriell:GM02166,GENO,NIGMS-GM02166
ZP:0001275,DISO,"retina increased occurrence cell death, abnormal"
dbSNP:rs12668183,GENO,rs12668183-C
ZP:0010821,DISO,"yolk syncytial layer edematous, abnormal"
ENSEMBL:ENSCAFG00000048499,ORTH,A0A5F4DFV3
Xenbase:XB-GENE-941851,ORTH,map1lc3a
WBPhenotype:0002490,DISO,ectopic axon outgrowth
MP:0003812,DISO,abnormal hair medulla
MONDO:0009282,DISO,multiple acyl-CoA dehydrogenase deficiency
MP:0009161,DISO,pancreatic acinar cell zymogen granule accumulation
WormBase:WBGene00004319,ORTH,rbr-2
MONARCH:APO_0000340APO_0000003,GENO,reticulophagy:decreased
MP:0008392,DISO,decreased primordial germ cell number
HP:0003292,DISO,Decreased serum leptin
MP:0008947,DISO,increased neuron number
FlyBase:FBgn0003256,ORTH,rl
ZP:0018939,DISO,"somite decreased distribution, abnormal"
MP:0005561,DISO,increased mean corpuscular hemoglobin
HP:0011115,DISO,Abnormality of chemokine secretion
PomBase:SPAC806.07,GENO,ndk1
ENSEMBL:ENSSSCG00000016434,ORTH,RHEB
ZP:0001192,DISO,"heart edematous, abnormal"
ENSEMBL:ENSECAG00000017646,ORTH,ENSEMBL:ENSECAG00000017646
EFO:0009762,GENO,healthspan
ENSEMBL:ENSACAG00000015722,ORTH,ENSEMBL:ENSACAG00000015722
ENSEMBL:ENSACAG00000014240,ORTH,ENSEMBL:ENSACAG00000014240
FlyBase:FBgn0041188,ORTH,Atx2
ZP:0008444,DISO,"angular vestibuloocular reflex decreased process quality, abnormal"
RGD:1565632,ORTH,Prrc1
EFO:0008377,GENO,mosquito bite reaction itch intensity measurement
ENSEMBL:ENSMMUG00000022831,ORTH,ENSEMBL:ENSMMUG00000022831
HP:0002070,DISO,Limb ataxia
ENSEMBL:ENSECAG00000023674,ORTH,ENSEMBL:ENSECAG00000023674
MP:0012724,DISO,absent head fold
MP:0008657,DISO,increased interleukin-1 beta secretion
dictyBase:DDB_G0269476,GENO,DDB0190289
MGI:1270129,ORTH,Dnaja1
HP:0001662,DISO,Bradycardia
MGI:1345634,ORTH,Amfr
ENSEMBL:ENSPTRG00000013699,ORTH,ENSEMBL:ENSPTRG00000013699
WBPhenotype:0001652,DISO,anchor cell invasion variant
MP:0001257,DISO,increased body length
FlyBase:FBgn0023458,ORTH,Rbcn-3A
ZFIN:ZDB-GENE-040912-14,ORTH,rassf1
MP:0000540,DISO,abnormal urinary bladder urothelium morphology
dictyBase:DDB_G0269926,GENO,DDB0190676
HP:0002446,DISO,Astrocytosis
FlyBase:FBgn0034774,ORTH,CG13526
HGNC:29163,GENE,NINL
MP:0005280,DISO,abnormal fatty acids level
ZFIN:ZDB-GENE-060526-271,ORTH,si:dkey-251i10.3
HP:0011185,DISO,EEG with focal epileptiform discharges
ENSEMBL:ENSECAG00000002265,ORTH,ENSEMBL:ENSECAG00000002265
ENSEMBL:ENSFCAG00000040222,ORTH,ENSEMBL:ENSFCAG00000040222
HP:0032388,DISO,Periventricular nodular heterotopia
Xenbase:XB-GENE-980107,ORTH,grm1
ZP:0010288,DISO,"posterior intestine neoplastic, abnormal"
MP:0010835,DISO,"increased CD4-positive, alpha-beta memory T cell number"
MP:0009781,DISO,abnormal preimplantation embryo development
ENSEMBL:ENSCAFG00000005381,ORTH,ENSEMBL:ENSCAFG00000005381
ENSEMBL:ENSFCAG00000003917,ORTH,ENSEMBL:ENSFCAG00000003917
ZFIN:ZDB-GENE-040718-390,ORTH,slc2a3a
ENSEMBL:ENSACAG00000001189,ORTH,ENSEMBL:ENSACAG00000001189
ZFIN:ZDB-GENE-990415-95,ORTH,hsp90ab1
ZFIN:ZDB-GENE-110606-6,ORTH,ago2
MP:0004101,DISO,abnormal brain interneuron morphology
HP:0009124,DISO,Abnormal adipose tissue morphology
ZFIN:ZDB-GENE-020220-1,ORTH,appb
ENSEMBL:ENSBTAG00000005503,ORTH,PRMT2
RGD:1309875,ORTH,Lig3
RGD:621092,ORTH,Psmb1
HP:0001396,DISO,Cholestasis
MP:0002080,DISO,prenatal lethality
SGD:S000006168,ORTH,YPL247C
MP:0020039,DISO,increased bone ossification
ZP:0002649,DISO,"post-vent region curvature, abnormal"
MP:0008268,DISO,absent hippocampus CA3 region
WBPhenotype:0001519,DISO,posterior cell migration variant
HGNC:49222,GENE,LINC01099
MGI:95821,ORTH,Grin2b
ENSEMBL:ENSACAG00000017022,ORTH,ENSEMBL:ENSACAG00000017022
MP:0003299,DISO,gastric polyps
HGNC:6392,GENE,KIF23
MP:0003824,DISO,decreased left ventricle developed pressure
ZP:0007163,DISO,"intestine well differentiated, abnormal"
MGI:5052377,ORTH,Tg(HTT*/EGFP)190Nn
MP:0012300,DISO,abnormal umbilical cord blood vessel morphology
MONARCH:APO_0000144APO_0000004,GENO,telomere length:increased
ENSEMBL:ENSECAG00000024766,ORTH,ENSEMBL:ENSECAG00000024766
HGNC:29441,GENE,KIF18A
ENSEMBL:ENSECAG00000013271,ORTH,ENSEMBL:ENSECAG00000013271
ENSEMBL:ENSGALG00000050119,ORTH,ENSEMBL:ENSGALG00000050119
ZFIN:ZDB-GENE-031002-33,ORTH,pfn1
ENSEMBL:ENSSSCG00000033332,ORTH,PSMA7
ENSEMBL:ENSECAG00000009033,ORTH,ENSEMBL:ENSECAG00000009033
MGI:1918898,ORTH,Optn
Xenbase:XB-GENE-484168,ORTH,akt2
ENSEMBL:ENSECAG00000020933,ORTH,ENSEMBL:ENSECAG00000020933
ENSEMBL:ENSPTRG00000017327,ORTH,ENSEMBL:ENSPTRG00000017327
ENSEMBL:ENSOANG00000013424,ORTH,ENSEMBL:ENSOANG00000013424
EFO:0004612,GENO,high density lipoprotein cholesterol measurement
ENSEMBL:ENSPTRG00000018306,ORTH,ENSEMBL:ENSPTRG00000018306
ENSEMBL:ENSFCAG00000022331,ORTH,ENSEMBL:ENSFCAG00000022331
RGD:1563983,ORTH,Ubl4a
ENSEMBL:ENSSSCG00000001410,ORTH,BAG6
MP:0011630,DISO,increased mitochondrial size
WormBase:WBGene00006533,ORTH,tba-7
ENSEMBL:ENSCAFG00000012067,ORTH,ENSEMBL:ENSCAFG00000012067
ZP:0011707,DISO,"retina has fewer parts of type retinal ganglion cell, abnormal"
HP:0007018,DISO,Attention deficit hyperactivity disorder
ENSEMBL:ENSOANG00000009107,ORTH,ENSEMBL:ENSOANG00000009107
MP:0008143,DISO,abnormal dendrite morphology
MP:0000571,DISO,interdigital webbing
ENSEMBL:ENSBTAG00000009293,ORTH,EVL
PomBase:SPBC146.06c,GENO,fan1
MP:0009125,DISO,decreased brown fat cell lipid droplet size
EnsemblGenome:BAE76913,ORTH,EnsemblGenome:BAE76913
RGD:1566014,ORTH,F8a1
ENSEMBL:ENSBTAG00000008480,ORTH,CTBP1
HP:0001397,DISO,Hepatic steatosis
ENSEMBL:ENSCAFG00000004616,ORTH,ENSEMBL:ENSCAFG00000004616
ZP:0000342,DISO,"canonical Wnt signaling pathway increased occurrence, abnormal"
ENSEMBL:ENSPTRG00000043192,ORTH,ENSEMBL:ENSPTRG00000043192
Xenbase:XB-GENE-1012933,ORTH,atp2a2
MGI:2670626,ORTH,Tg(HD82Gln)81Gschi
ENSEMBL:ENSPTRG00000041833,ORTH,ENSEMBL:ENSPTRG00000041833
ENSEMBL:ENSACAG00000001098,ORTH,ENSEMBL:ENSACAG00000001098
WormBase:WBGene00000105,ORTH,alg-1
MGI:1916375,ORTH,Cnot8
FlyBase:FBgn0038862,ORTH,Usp8
WBPhenotype:0000294,DISO,intestine dark
MP:0005391,DISO,vision/eye phenotype
ZFIN:ZDB-GENE-040426-2149,ORTH,mhc1zba
MP:0014046,DISO,abnormal mitophagy
HGNC:3547,GENE,F8A1
HP:0000368,DISO,"Low-set, posteriorly rotated ears"
ZFIN:ZDB-GENE-160113-121,ORTH,si:dkey-1k23.3
MP:0001386,DISO,abnormal maternal nurturing
HP:0000666,DISO,Horizontal nystagmus
WBPhenotype:0000893,DISO,male germline proliferation variant
ENSEMBL:ENSMODG00000013290,ORTH,ENSEMBL:ENSMODG00000013290
FBcv:0000680,DISO,abnormal proboscis extension reflex
ENSEMBL:ENSMMUG00000016670,ORTH,ENSEMBL:ENSMMUG00000016670
ENSEMBL:ENSMMUG00000015455,ORTH,ENSEMBL:ENSMMUG00000015455
ENSEMBL:ENSFCAG00000006874,ORTH,ENSEMBL:ENSFCAG00000006874
MP:0011093,DISO,"embryonic lethality at implantation, complete penetrance"
ENSEMBL:ENSECAG00000021615,ORTH,ENSEMBL:ENSECAG00000021615
MP:0008918,DISO,microgliosis
ZP:0100332,DISO,"sperm increased cellular motility, abnormal"
WBPhenotype:0002289,DISO,tail bend angle increased
MP:0002989,DISO,small kidney
MP:0003269,DISO,colon polyps
ZFIN:ZDB-GENE-121214-264,ORTH,si:dkey-27j5.5
FlyBase:FBgn0086694,ORTH,Bre1
ENSEMBL:ENSOANG00000010148,ORTH,ENSEMBL:ENSOANG00000010148
HP:0002460,DISO,Distal muscle weakness
MP:0002857,DISO,cochlear ganglion degeneration
dictyBase:DDB_G0273199,GENO,DDB_G0273199
ENSEMBL:ENSSSCG00000040682,ORTH,MAPK3
MP:0001780,DISO,decreased brown adipose tissue amount
MP:0004950,DISO,abnormal brain vasculature morphology
ENSEMBL:ENSSSCG00000007803,ORTH,TUFM
ENSEMBL:ENSSSCG00000017212,ORTH,ENSEMBL:ENSSSCG00000017212
ENSEMBL:ENSGALG00000039624,ORTH,ENSEMBL:ENSGALG00000039624
FBcv:0007508,DISO,decreased size
MP:0010898,DISO,abnormal pulmonary alveolus epithelium morphology
MGI:2137896,ORTH,Zfp451
HP:0000089,DISO,Renal hypoplasia
ZP:0006325,DISO,"axis specification arrested, abnormal"
ZFIN:ZDB-GENE-991019-4,ORTH,kif23
MP:0009412,DISO,skeletal muscle fiber degeneration
ENSEMBL:ENSECAG00000009633,ORTH,ENSEMBL:ENSECAG00000009633
ZP:0009923,DISO,"optic vesicle mislocalised, abnormal"
ZP:0004600,DISO,"palatoquadrate cartilage aplastic/hypoplastic, abnormal"
ZP:0007117,DISO,"formation of anatomical boundary delayed, abnormal"
WBPhenotype:0001228,DISO,alae absent
ENSEMBL:ENSOANG00000014119,ORTH,ENSEMBL:ENSOANG00000014119
HP:0030853,DISO,Heterotaxy
WBPhenotype:0001974,DISO,germ cell compartment small
ENSEMBL:ENSSSCG00000031155,ORTH,RASD2
MP:0011089,DISO,"perinatal lethality, complete penetrance"
ZP:0010934,DISO,"artery absent, abnormal"
ENSEMBL:ENSCAFG00000014620,ORTH,ENSEMBL:ENSCAFG00000014620
ENSEMBL:ENSFCAG00000004399,ORTH,ENSEMBL:ENSFCAG00000004399
MP:0004046,DISO,abnormal mitosis
ENSEMBL:ENSECAG00000041828,ORTH,ENSEMBL:ENSECAG00000041828
WBPhenotype:0000662,DISO,foraging behavior variant
ZFIN:ZDB-GENE-070604-3,ORTH,itpr1a
HP:0030260,DISO,Microphallus
HGNC:4834,GENE,HBS1L
Xenbase:XB-GENE-6036635,ORTH,g3bp1
ENSEMBL:ENSGALG00000015664,ORTH,ENSEMBL:ENSGALG00000015664
ENSEMBL:ENSMODG00000023202,ORTH,ENSEMBL:ENSMODG00000023202
HP:0001595,DISO,Abnormal hair morphology
WBPhenotype:0002477,DISO,ribosome localization variant
WBPhenotype:0001272,DISO,vulval cell induction variant
EnsemblGenome:BAE78321,ORTH,EnsemblGenome:BAE78321
ZP:0005765,DISO,"lens morphogenesis in camera-type eye process quality, abnormal"
ZP:0000776,DISO,"whole organism decreased life span, abnormal"
HP:0010602,DISO,Type 2 muscle fiber predominance
ENSEMBL:ENSPTRG00000006509,ORTH,ENSEMBL:ENSPTRG00000006509
Coriell:GM06643,GENO,NIGMS-GM06643
MONDO:0016621,DISO,juvenile Huntington disease
MP:0011096,DISO,"embryonic lethality between implantation and somite formation, complete penetrance"
WBPhenotype:0001586,DISO,multiple anchor cells
ENSEMBL:ENSACAG00000016197,ORTH,ENSEMBL:ENSACAG00000016197
ENSEMBL:ENSOANG00000049910,ORTH,ENSEMBL:ENSOANG00000049910
GO:0042802,PHYS,identical protein binding
ENSEMBL:ENSMMUG00000018284,ORTH,ENSEMBL:ENSMMUG00000018284
ENSEMBL:ENSPTRG00000009578,ORTH,ENSEMBL:ENSPTRG00000009578
ENSEMBL:ENSPTRG00000017062,ORTH,ENSEMBL:ENSPTRG00000017062
ZP:0010094,DISO,"melanocyte trunk disorganized, abnormal"
WBPhenotype:0002263,DISO,mitochondrial membrane potential increased
RGD:620190,ORTH,Becn1
ZP:0000303,DISO,"cell cycle arrested, abnormal"
EnsemblGenome:AT3G25420,ORTH,EnsemblGenome:AT3G25420
ENSEMBL:ENSACAG00000012621,ORTH,ENSEMBL:ENSACAG00000012621
WBPhenotype:0001375,DISO,transgene expression undetectable
ENSEMBL:ENSSSCG00000012757,ORTH,ENSEMBL:ENSSSCG00000012757
ENSEMBL:ENSACAG00000013405,ORTH,ENSEMBL:ENSACAG00000013405
SGD:S000000665,ORTH,CPR4
MP:0001786,DISO,skin edema
PomBase:SPAC27D7.13c,GENO,ssm4
MP:0010591,DISO,enlarged aortic valve
SGD:S000003410,ORTH,PBP1
dictyBase:DDB_G0290745,GENO,pabpc1B
ZP:0011530,DISO,"epiboly involved in gastrulation with mouth forming second process quality, abnormal"
Xenbase:XB-GENE-6455928,ORTH,snx21
ENSEMBL:ENSFCAG00000010881,ORTH,ENSEMBL:ENSFCAG00000010881
WormBase:WBGene00018921,ORTH,sago-2
ENSEMBL:ENSBTAG00000005786,ORTH,ENSEMBL:ENSBTAG00000005786
ZFIN:ZDB-GENE-040924-8,ORTH,npy2r
ZP:0004284,DISO,"cranial nerve II misrouted, abnormal"
MP:0001362,DISO,abnormal anxiety-related response
HP:0000546,DISO,Retinal degeneration
SGD:S000001501,ORTH,SWD2
ZP:0011579,DISO,"post-vent region absent blood circulation, abnormal"
ZFIN:ZDB-GENE-140820-11,ORTH,mhc1lja
MP:0004800,DISO,decreased susceptibility to experimental autoimmune encephalomyelitis
ZP:0017146,DISO,"neural crest cell fate specification disrupted, abnormal"
ZP:0009339,DISO,"pectoral fin morphogenesis process quality, abnormal"
ZP:0000351,DISO,"postoptic commissure aplastic, abnormal"
ZP:0000569,DISO,"yolk circular, abnormal"
WormBase:WBGene00015310,ORTH,fan-1
WormBase:WBGene00021503,ORTH,ctsa-4.2
FBcv:0006004,DISO,abnormal oviposition
ENSEMBL:ENSOANG00000014498,ORTH,ENSEMBL:ENSOANG00000014498
WBPhenotype:0000116,DISO,mid larval lethal
ZP:0001576,DISO,"primordial germ cell mislocalised, abnormal"
MONARCH:APO_0000326APO_0000005,GENO,desiccation resistance:absent
RGD:619747,ORTH,Stx7
HGNC:9565,GENE,PSMD7
ENSEMBL:ENSCAFG00000000994,ORTH,SKP1
MGI:97550,ORTH,Pfn2
WormBase:WBGene00008920,ORTH,eef-1G
ENSEMBL:ENSOANG00000040060,ORTH,ENSEMBL:ENSOANG00000040060
MP:0001501,DISO,abnormal sleep pattern
MGI:102682,ORTH,Llgl1
MP:0020137,DISO,decreased bone mineralization
MONARCH:APO_0000077APO_0000002,GENO,nuclear transport:abnormal
Xenbase:XB-GENE-971842,ORTH,usp14
Xenbase:XB-GENE-999318,ORTH,becn1
ZP:0003323,DISO,"swimming behavior process quality, abnormal"
Xenbase:XB-GENE-998337,ORTH,dnaja2
WormBase:WBGene00000962,ORTH,dhc-1
MP:0002220,DISO,large lymphoid organs
ENSEMBL:ENSSSCG00000017260,ORTH,WIPI1
MP:0002910,DISO,abnormal excitatory postsynaptic currents
MP:0003207,DISO,decreased cellular sensitivity to gamma-irradiation
ENSEMBL:ENSECAG00000004615,ORTH,ENSEMBL:ENSECAG00000004615
dictyBase:DDB_G0277917,GENO,mlcD
ENSEMBL:ENSGALG00000042213,ORTH,AP1B1
dictyBase:DDB_G0287391,GENO,ranbp1
EFO:0007988,GENO,myeloid white cell count
PomBase:SPBC839.10,GENO,usp107
NCBIGene:396254,GENE,TUBB
MP:0002722,DISO,abnormal immune system organ morphology
HP:0000047,DISO,Hypospadias
ENSEMBL:ENSRNOG00000029732,ORTH,A0A0G2K3I6
HP:0003124,DISO,Hypercholesterolemia
ENSEMBL:ENSPTRG00000006854,ORTH,ENSEMBL:ENSPTRG00000006854
Coriell:GM06423,GENO,NIGMS-GM06423
MONARCH:APO_0000118APO_0000002,GENO,nuclear position:abnormal
ENSEMBL:ENSMMUG00000003218,ORTH,ENSEMBL:ENSMMUG00000003218
WBPhenotype:0000549,DISO,head muscle dystrophy
MGI:2445092,ORTH,Utp14b
WBPhenotype:0000196,DISO,distal tip cell morphology variant
ENSEMBL:ENSPTRG00000009241,ORTH,ENSEMBL:ENSPTRG00000009241
HGNC:10303,GENE,RPL13
ENSEMBL:ENSOANG00000012814,ORTH,ENSEMBL:ENSOANG00000012814
MP:0008547,DISO,abnormal neocortex morphology
ZP:0021482,DISO,"early endosome neural crest cell aggregated, abnormal"
dbSNP:rs35537543,GENO,rs35537543-G
ENSEMBL:ENSBTAG00000011150,ORTH,ENSEMBL:ENSBTAG00000011150
ZP:0020464,DISO,"cranium increased occurrence apoptotic process, abnormal"
ZP:0004817,DISO,"cell proliferation in midbrain decreased occurrence, abnormal"
ZFIN:ZDB-GENE-050419-112,ORTH,map3k10
MONARCH:APO_0000106APO_0000250,GENO,vegetative growth:arrested
WormBase:WBGene00002991,ORTH,lin-2
ZP:0021485,DISO,"neural crest cell process quality endocytosis, abnormal"
HP:0200016,DISO,Acrokeratosis
RGD:3165,ORTH,Neurod1
ENSEMBL:ENSGALG00000009450,ORTH,DUSP10
ENSEMBL:ENSCAFG00000007288,ORTH,CRYL1
MONARCH:APO_0000027APO_0000003,GENO,filamentous growth:decreased
dictyBase:DDB_G0285105,GENO,psmD13
WBPhenotype:0000846,DISO,presynaptic region physiology variant
ENSEMBL:ENSSSCG00000008412,ORTH,PSME4
WormBase:WBGene00004254,ORTH,pxf-1
ZP:0000532,DISO,"heart increased size, abnormal"
HP:0000204,DISO,Cleft upper lip
ENSEMBL:ENSOANG00000009880,ORTH,ENSEMBL:ENSOANG00000009880
MP:0004793,DISO,abnormal synaptic vesicle clustering
ENSEMBL:ENSGALG00000041641,ORTH,ENSEMBL:ENSGALG00000041641
ZP:0002403,DISO,"retina increased occurrence apoptotic process, abnormal"
MP:0001360,DISO,abnormal social investigation
Coriell:GM01169,GENO,NIGMS-GM01169
ZP:0003435,DISO,"autophagy increased occurrence, abnormal"
MP:0004079,DISO,abnormal putamen morphology
MGI:3528066,ORTH,Tg(HDexon1)62Gpb; Tgm2<tm1.1Rmgr>/Tgm2<tm1.1Rmgr> [involves: 129X1/SvJ * C57BL/6 * CBA]
MP:0003047,DISO,abnormal thoracic vertebrae morphology
HP:0002500,DISO,Abnormal cerebral white matter morphology
MP:0001007,DISO,abnormal sympathetic system morphology
WBPhenotype:0000241,DISO,accumulated cell corpses
SGD:S000004889,ORTH,DSK2
HP:0002020,DISO,Gastroesophageal reflux
HP:0009088,DISO,Speech articulation difficulties
ENSEMBL:ENSCAFG00000000338,ORTH,ENSEMBL:ENSCAFG00000000338
ZP:0001566,DISO,"posterior lateral line neuromast primordium migration process quality, abnormal"
MP:0004486,DISO,decreased response of heart to induced stress
HP:0001644,DISO,Dilated cardiomyopathy
RGD:2259,ORTH,Calm3
ENSEMBL:ENSMMUG00000001844,ORTH,ENSEMBL:ENSMMUG00000001844
ENSEMBL:ENSMMUG00000002075,ORTH,ENSEMBL:ENSMMUG00000002075
HP:0004481,DISO,Progressive macrocephaly
MONARCH:APO_0000213APO_0000002,GENO,spindle morphology:abnormal
FlyBase:FBgn0024222,ORTH,IKKbeta
ZFIN:ZDB-GENE-070912-661,ORTH,ftr66
MP:0030266,DISO,small vomer bone
HGNC:2239,GENE,COPS3
ENSEMBL:ENSCAFG00000017679,ORTH,ENSEMBL:ENSCAFG00000017679
ZP:0018482,DISO,"regulation of synaptic transmission, cholinergic decreased process quality, abnormal"
ENSEMBL:ENSGALG00000001926,ORTH,HSPB1
MP:0002702,DISO,decreased circulating free fatty acids level
ZP:0000567,DISO,"epiboly involved in gastrulation with mouth forming second delayed, abnormal"
FlyBase:FBgn0030449,ORTH,Fer3HCH
ENSEMBL:ENSFCAG00000006639,ORTH,ENSEMBL:ENSFCAG00000006639
ENSEMBL:ENSBTAG00000011876,ORTH,MORC3
MGI:1333832,ORTH,Magea3
WormBase:WBGene00018603,ORTH,F48E3.2
MP:0003950,DISO,abnormal plasma membrane morphology
MGI:1922816,ORTH,Ing5
ZP:0003652,DISO,"polysome whole organism decreased amount, abnormal"
GO:0005829,PHYS,cytosol
WBPhenotype:0002581,DISO,cell position variability increased
ENSEMBL:ENSOANG00000045527,ORTH,ENSEMBL:ENSOANG00000045527
HP:0011028,DISO,Abnormality of blood circulation
FlyBase:FBgn0034237,ORTH,eIF3b
MP:0003010,DISO,decreased mortality induced by ionizing radiation
HGNC:11138,GENE,SNCA
FlyBase:FBgn0039373,ORTH,BcDNA:AT16150
ENSEMBL:ENSFCAG00000030483,ORTH,ENSEMBL:ENSFCAG00000030483
WBPhenotype:0002314,DISO,turning frequency reduced
ENSEMBL:ENSSSCG00000044778,ORTH,DPPA4
dictyBase:DDB_G0278341,GENO,DDB0205386
ENSEMBL:ENSPTRG00000001203,ORTH,ENSEMBL:ENSPTRG00000001203
EFO:0004339,GENO,body height
ENSEMBL:ENSMODG00000002034,ORTH,ENSEMBL:ENSMODG00000002034
ENSEMBL:ENSMMUG00000006048,ORTH,ENSEMBL:ENSMMUG00000006048
MP:0002442,DISO,abnormal leukocyte physiology
RGD:1311598,ORTH,Sin3a
PomBase:SPAC1B3.07c,GENO,vps28
dictyBase:DDB_G0277675,GENO,DDB0169348
ENSEMBL:ENSMODG00000017540,ORTH,ENSEMBL:ENSMODG00000017540
WormBase:WBGene00004094,ORTH,ppw-2
ENSEMBL:ENSECAG00000024535,ORTH,ENSEMBL:ENSECAG00000024535
MP:0001982,DISO,decreased chemically-elicited antinociception
dictyBase:DDB_G0285269,GENO,DDB0186421
ZP:0016446,DISO,"response to oxidative stress process quality, abnormal"
FlyBase:FBgn0013733,ORTH,shot
MP:0010957,DISO,abnormal aerobic respiration
ENSEMBL:ENSPTRG00000034182,ORTH,ENSEMBL:ENSPTRG00000034182
MP:0003209,DISO,abnormal pulmonary elastic fiber morphology
ENSEMBL:ENSOANG00000009397,ORTH,ENSEMBL:ENSOANG00000009397
ENSEMBL:ENSBTAG00000018999,ORTH,ENSEMBL:ENSBTAG00000018999
ENSEMBL:ENSPTRG00000017451,ORTH,ENSEMBL:ENSPTRG00000017451
Coriell:GM04807,GENO,NIGMS-GM04807
ZP:0137433,DISO,"posterior region optic vesicle mislocalised, abnormal"
MP:0005348,DISO,increased T cell proliferation
ZP:0012327,DISO,"sleep process quality, abnormal"
MP:0004499,DISO,increased incidence of tumors by chemical induction
ENSEMBL:ENSMMUG00000015192,ORTH,ENSEMBL:ENSMMUG00000015192
HP:0001771,DISO,Achilles tendon contracture
ZP:0001463,DISO,"epiboly involved in gastrulation with mouth forming second arrested, abnormal"
MP:0008477,DISO,decreased spleen red pulp amount
ENSEMBL:ENSBTAG00000013901,ORTH,ENSEMBL:ENSBTAG00000013901
ENSEMBL:ENSCAFG00000017137,ORTH,ENSEMBL:ENSCAFG00000017137
ENSEMBL:ENSMODG00000010703,ORTH,ENSEMBL:ENSMODG00000010703
ENSEMBL:ENSMMUG00000017906,ORTH,ENSEMBL:ENSMMUG00000017906
MP:0011775,DISO,rectal atresia
MP:0006038,DISO,increased mitochondrial fission
MP:0009545,DISO,abnormal dermis papillary layer morphology
Xenbase:XB-GENE-992494,ORTH,acly
ZP:0003668,DISO,"forerunner cell group decreased amount, abnormal"
WBPhenotype:0001495,DISO,cell division precocious
MGI:87906,ORTH,Actg1
SGD:S000001564,ORTH,TEF4
HP:0002242,DISO,Abnormal intestine morphology
ENSEMBL:ENSMODG00000019816,ORTH,ENSEMBL:ENSMODG00000019816
Coriell:GM04716,GENO,NIGMS-GM04716
ENSEMBL:ENSMODG00000015693,ORTH,ENSEMBL:ENSMODG00000015693
HP:0031589,DISO,Suicidal ideation
ZP:0009162,DISO,"cell proliferation involved in heart morphogenesis decreased occurrence, abnormal"
ENSEMBL:ENSBTAG00000010923,ORTH,ENSEMBL:ENSBTAG00000010923
ENSEMBL:ENSOANG00000046259,ORTH,ENSEMBL:ENSOANG00000046259
FlyBase:FBgn0003189,ORTH,r
ENSEMBL:ENSMMUG00000020100,ORTH,ENSEMBL:ENSMMUG00000020100
WBPhenotype:0000034,DISO,embryonic polarity variant
ENSEMBL:ENSMODG00000020387,ORTH,ENSEMBL:ENSMODG00000020387
SGD:S000002256,ORTH,SNU23
HP:0004938,DISO,Tortuous cerebral arteries
ENSEMBL:ENSBTAG00000009035,ORTH,CENPE
ClinVarVariant:417745,VARI,NM_002111.8(HTT):c.8156T>A (p.Phe2719Tyr)
ENSEMBL:ENSACAG00000001861,ORTH,ENSEMBL:ENSACAG00000001861
dbSNP:rs112372148,GENO,rs112372148-A
Coriell:GM03864,GENO,NIGMS-GM03864
RGD:1562593,ORTH,RT1-M4
ENSEMBL:ENSPTRG00000008085,ORTH,ENSEMBL:ENSPTRG00000008085
ZP:0008448,DISO,"sodium:potassium-exchanging ATPase complex hair cell mislocalised, abnormal"
WBPhenotype:0001312,DISO,neuron number variant
ENSEMBL:ENSGALG00000016579,ORTH,ENSEMBL:ENSGALG00000016579
ZP:0019240,DISO,"margin decreased amount, abnormal"
WBPhenotype:0001693,DISO,male posterior alae
ZP:0005474,DISO,"synaptic vesicle lumen neuromast hair cell decreased acidity, abnormal"
SGD:S000001609,ORTH,YPK1
ENSEMBL:ENSPTRG00000009515,ORTH,ENSEMBL:ENSPTRG00000009515
HP:0001336,DISO,Myoclonus
dictyBase:DDB_G0268716,GENO,lsm5
HP:0011390,DISO,Morphological abnormality of the inner ear
MP:0001102,DISO,small superior vagus ganglion
ZP:0003115,DISO,"intermediate cell mass of mesoderm increased size, abnormal"
ENSEMBL:ENSMODG00000018083,ORTH,ENSEMBL:ENSMODG00000018083
ENSEMBL:ENSPTRG00000040677,ORTH,ENSEMBL:ENSPTRG00000040677
FlyBase:FBgn0046687,ORTH,Tre1
MGI:3711009,ORTH,Tg(YAC353G6)W7Hay [FVB/NJ-Tg(YAC353G6)W7Hay]
ZP:0019800,DISO,"posterior lateral plate mesoderm increased amount, abnormal"
ENSEMBL:ENSACAG00000003733,ORTH,ENSEMBL:ENSACAG00000003733
ZP:0020375,DISO,"heart tube decreased amount, abnormal"
MP:0001569,DISO,abnormal circulating bilirubin level
ENSEMBL:ENSOANG00000007817,ORTH,ENSEMBL:ENSOANG00000007817
ENSEMBL:ENSFCAG00000028168,ORTH,ENSEMBL:ENSFCAG00000028168
ENSEMBL:ENSECAG00000024801,ORTH,ENSEMBL:ENSECAG00000024801
EnsemblGenome:AT5G11180,ORTH,EnsemblGenome:AT5G11180
HP:0012091,DISO,Abnormality of pancreas physiology
ENSEMBL:ENSBTAG00000017116,ORTH,ENSEMBL:ENSBTAG00000017116
WBPhenotype:0001171,DISO,shortened life span
ENSEMBL:ENSCAFG00000015444,ORTH,ENSEMBL:ENSCAFG00000015444
MP:0008415,DISO,abnormal neurite morphology
WBPhenotype:0000273,DISO,thrashing reduced
WBPhenotype:0001894,DISO,nuclear number variant
MP:0020448,DISO,increased microglial cell activation
ENSEMBL:ENSSSCG00000034866,ORTH,LOC106506226
MP:0011204,DISO,abnormal visceral yolk sac blood island morphology
ENSEMBL:ENSACAG00000005494,ORTH,ENSEMBL:ENSACAG00000005494
MP:0011496,DISO,abnormal head size
MP:0006052,DISO,cerebellum hemorrhage
HGNC:15577,GENE,EPPK1
MP:0003888,DISO,liver hemorrhage
WormBase:WBGene00002637,ORTH,let-418
ZP:0016546,DISO,"habituation decreased process quality, abnormal"
ENSEMBL:ENSACAG00000004827,ORTH,ENSEMBL:ENSACAG00000004827
RGD:1595256,ORTH,Sumo4
FlyBase:FBgn0028836,ORTH,CSN7
MP:0005238,DISO,increased brain size
HP:0003073,DISO,Hypoalbuminemia
PomBase:SPCC736.11,GENO,ago1
ENSEMBL:ENSACAG00000004779,ORTH,ENSEMBL:ENSACAG00000004779
WBPhenotype:0000272,DISO,egg laying irregular
MONARCH:APO_0000087APO_0000003,GENO,resistance to chemicals:decreased
SGD:S000003181,ORTH,SKI8
WBPhenotype:0000208,DISO,long defecation cycle
Xenbase:XB-GENE-955426,ORTH,hspa8
ZP:0010982,DISO,"posterior lateral line primordium disorganized, abnormal"
ZP:0018338,DISO,"axon facial ganglion malformed, abnormal"
ENSEMBL:ENSECAG00000022985,ORTH,ENSEMBL:ENSECAG00000022985
ENSEMBL:ENSGALG00000005699,ORTH,ENSEMBL:ENSGALG00000005699
ENSEMBL:ENSFCAG00000024999,ORTH,ENSEMBL:ENSFCAG00000024999
MP:0011712,DISO,arrested osteoblast differentiation
FlyBase:FBgn0029176,ORTH,eEF1gamma
ENSEMBL:ENSACAG00000028656,ORTH,ENSEMBL:ENSACAG00000028656
ZFIN:ZDB-GENE-990415-270,ORTH,tp53
FlyBase:FBgn0001233,ORTH,Hsp83
RGD:1305976,ORTH,Efr3a
ENSEMBL:ENSSSCG00000038558,ORTH,ENSEMBL:ENSSSCG00000038558
HP:0008404,DISO,Nail dystrophy
MGI:2446632,ORTH,Ago2
ENSEMBL:ENSECAG00000024936,ORTH,ENSEMBL:ENSECAG00000024936
ENSEMBL:ENSPTRG00000005216,ORTH,ENSEMBL:ENSPTRG00000005216
ENSEMBL:ENSMMUG00000009612,ORTH,ENSEMBL:ENSMMUG00000009612
ZFIN:ZDB-GENE-050913-47,ORTH,herpud1
SGD:S000005587,ORTH,CKA2
RGD:1309689,ORTH,Polr1c
WormBase:WBGene00017830,ORTH,rpb-8
ENSEMBL:ENSOANG00000048650,ORTH,ENSEMBL:ENSOANG00000048650
HP:0001344,DISO,Absent speech
RGD:1309018,ORTH,Eif3b
MGI:2442071,ORTH,Gprasp2
ZFIN:ZDB-GENE-030131-8369,ORTH,aldoaa
ENSEMBL:ENSCAFG00000018330,ORTH,ENSEMBL:ENSCAFG00000018330
WormBase:WBGene00021644,ORTH,Y47G6A.18
Xenbase:XB-GENE-5892016,ORTH,bsdc1
HP:0009778,DISO,Short thumb
ENSEMBL:ENSFCAG00000011994,ORTH,ENSEMBL:ENSFCAG00000011994
ZP:0003875,DISO,"ciliary marginal zone decreased size, abnormal"
WBPhenotype:0000075,DISO,cuticle attachment variant
WBPhenotype:0002402,DISO,cell position defective
ENSEMBL:ENSGALG00000014290,ORTH,UBE2K
ZP:0000761,DISO,"extension decreased thickness, abnormal"
WBPhenotype:0000005,DISO,hyperactive egg laying
HP:0020119,DISO,Abnormal retinal nerve fiber layer morphology
ZP:0011617,DISO,"blood island has fewer parts of type neutrophil, abnormal"
GO:0034452,PHYS,dynactin binding
HGNC:20234,GENE,EVL
dictyBase:DDB_G0282993,GENO,sodC
FlyBase:FBgn0085412,ORTH,kmr
ENSEMBL:ENSCAFG00030005339,ORTH,ENSEMBL:ENSCAFG00030005339
FlyBase:FBgn0015320,ORTH,Ubc2
WormBase:WBGene00017394,ORTH,cal-8
WormBase:WBGene00004814,ORTH,skr-8
ZFIN:ZDB-GENE-040927-6,ORTH,cnot3a
ZP:0102940,DISO,"anatomical region Kupffer's vesicle spatial pattern, abnormal"
ENSEMBL:ENSPTRG00000040819,ORTH,ENSEMBL:ENSPTRG00000040819
HGNC:9113,GENE,PML
HP:0001172,DISO,Abnormal thumb morphology
MONARCH:APO_0000063APO_0000003,GENO,colony size:decreased
RGD:620665,ORTH,Fasn
ENSEMBL:ENSMODG00000007252,ORTH,ENSEMBL:ENSMODG00000007252
ENSEMBL:ENSACAG00000006696,ORTH,ENSEMBL:ENSACAG00000006696
RGD:71015,ORTH,Ap2a2
RGD:1564147,ORTH,Fam71f1
FlyBase:FBgn0259794,ORTH,sinah
HP:0012448,DISO,Delayed myelination
ENSEMBL:ENSACAG00000016106,ORTH,ENSEMBL:ENSACAG00000016106
ZP:0008620,DISO,"eye photoreceptor cell shape, abnormal"
MP:0000846,DISO,abnormal medulla oblongata morphology
ZP:0000720,DISO,"liver decreased size, abnormal"
dictyBase:DDB_G0270188,GENO,psmD6
PomBase:SPBC28F2.12,GENO,rpb1
ENSEMBL:ENSCAFG00000020224,ORTH,PSMB7
WormBase:WBGene00004303,ORTH,ran-2
HP:0100285,DISO,EMG: impaired neuromuscular transmission
MP:0006082,DISO,CNS inflammation
HP:0001500,DISO,Broad finger
HP:0010701,DISO,Abnormal immunoglobulin level
MGI:5897176,ORTH,Tg(CAG-Ppard*E411P)#Als; Tg(Nes-cre)1Kln [B6J.Cg-Tg(Nes-cre)1Kln Tg(CAG-Ppard*E411P)#Als]
MGI:3757562,ORTH,Tg(HDexon1)61Gpb [involves: C57BL/6 * CBA]
ENSEMBL:ENSMODG00000005254,ORTH,ENSEMBL:ENSMODG00000005254
MP:0000166,DISO,abnormal chondrocyte morphology
ZP:0107020,DISO,"sarcoma whole organism increased amount, abnormal"
ENSEMBL:ENSFCAG00000009451,ORTH,ENSEMBL:ENSFCAG00000009451
FlyBase:FBgn0004103,ORTH,Pp1-87B
HGNC:1034,GENE,BECN1
HP:0001315,DISO,Reduced tendon reflexes
ENSEMBL:ENSCAFG00000001872,ORTH,ENSEMBL:ENSCAFG00000001872
WBPhenotype:0002301,DISO,nose movement variant
ENSEMBL:ENSSSCG00000028355,ORTH,ENSEMBL:ENSSSCG00000028355
ENSEMBL:ENSACAG00000011776,ORTH,ENSEMBL:ENSACAG00000011776
Xenbase:XB-GENE-991720,ORTH,cnot2
RGD:61813,ORTH,Ftl1
dictyBase:DDB_G0272969,GENO,psmB1
WBPhenotype:0001538,DISO,mRNA surveillance defective
MGI:107637,ORTH,Psmb7
ZFIN:ZDB-GENE-040426-1480,ORTH,psmd2
ENSEMBL:ENSMMUG00000022768,ORTH,ENSEMBL:ENSMMUG00000022768
MP:0010066,DISO,abnormal red blood cell distribution width
ENSEMBL:ENSPTRG00000018217,ORTH,ENSEMBL:ENSPTRG00000018217
ENSEMBL:ENSPTRG00000041770,ORTH,ENSEMBL:ENSPTRG00000041770
SGD:S000006258,ORTH,SMK1
MP:0010763,DISO,abnormal hematopoietic stem cell physiology
MP:0009542,DISO,decreased thymocyte apoptosis
ENSEMBL:ENSCAFG00000031783,ORTH,ENSEMBL:ENSCAFG00000031783
dictyBase:DDB_G0269238,GENO,rab11A
Xenbase:XB-GENE-5746936,ORTH,rnf20
HP:0001903,DISO,Anemia
dictyBase:DDB_G0285703,GENO,hipA
HP:0010522,DISO,Dyslexia
ENSEMBL:ENSBTAG00000005127,ORTH,ENSEMBL:ENSBTAG00000005127
WormBase:WBGene00011867,ORTH,chc-1
HP:0003701,DISO,Proximal muscle weakness
ZP:0015258,DISO,"primary motor neuron structure, abnormal"
ZP:0017720,DISO,"eye increased process quality cell death, abnormal"
ENSEMBL:ENSMMUG00000010812,ORTH,ENSEMBL:ENSMMUG00000010812
MP:0003948,DISO,abnormal gas homeostasis
ENSEMBL:ENSSSCG00000014292,ORTH,HSPA4
FBcv:0000386,DISO,long lived
FlyBase:FBgn0051802,ORTH,CG31802
WBPhenotype:0001147,DISO,polar body defective early emb
ENSEMBL:ENSECAG00000021107,ORTH,ENSEMBL:ENSECAG00000021107
WormBase:WBGene00010497,ORTH,axl-1
ZP:0002288,DISO,"nerve peripheral nervous system neoplastic, abnormal"
Coriell:GM04479,GENO,NIGMS-GM04479
ENSEMBL:ENSOANG00000009257,ORTH,ENSEMBL:ENSOANG00000009257
ENSEMBL:ENSECAG00000025014,ORTH,ENSEMBL:ENSECAG00000025014
ENSEMBL:ENSGALG00000013649,ORTH,ENSEMBL:ENSGALG00000013649
ENSEMBL:ENSECAG00000038311,ORTH,ENSEMBL:ENSECAG00000038311
ENSEMBL:ENSSSCG00000013784,ORTH,ENSEMBL:ENSSSCG00000013784
ZFIN:ZDB-GENE-030131-6564,ORTH,ap2b1
HP:0030199,DISO,Fatigable weakness of neck muscles
ZP:0011576,DISO,"hindbrain increased process quality cell death, abnormal"
ENSEMBL:ENSGALG00000037492,ORTH,MGRN1
HP:0001311,DISO,Abnormal nervous system electrophysiology
ZP:0020465,DISO,"pharyngeal arch 2 decreased occurrence cell population proliferation, abnormal"
Xenbase:XB-GENE-988694,ORTH,prpf40a
HP:0004325,DISO,Decreased body weight
MP:0009336,DISO,increased splenocyte proliferation
ENSEMBL:ENSACAG00000014687,ORTH,ENSEMBL:ENSACAG00000014687
ZP:0003560,DISO,"pharyngeal arch 3-7 malformed, abnormal"
MP:0002841,DISO,impaired skeletal muscle contractility
HP:0002209,DISO,Sparse scalp hair
WBPhenotype:0001408,DISO,pattern protein expression variant
ENSEMBL:ENSCAFG00000019160,ORTH,ENSEMBL:ENSCAFG00000019160
MONARCH:APO_0000058APO_0000002,GENO,peroxisomal morphology:abnormal
ENSEMBL:ENSPTRG00000018458,ORTH,ENSEMBL:ENSPTRG00000018458
ENSEMBL:ENSACAG00000024638,ORTH,ENSEMBL:ENSACAG00000024638
PomBase:SPAC1565.08,GENO,cdc48
HGNC:3263,GENE,AGO2
HP:0012638,DISO,Abnormal nervous system physiology
WBPhenotype:0002265,DISO,lysosome-related organelle biogenesis variant
WormBase:WBGene00008053,ORTH,cdc-48.2
ENSEMBL:ENSSSCG00000021834,ORTH,ERCC6L
MONARCH:APO_0000256APO_0000250,GENO,cell cycle passage through START:arrested
ENSEMBL:ENSCAFG00000007564,ORTH,IMMT
ZP:0018688,DISO,"retina decreased distribution, abnormal"
ENSEMBL:ENSGALG00000007150,ORTH,ENSEMBL:ENSGALG00000007150
ZP:0002275,DISO,"trunk necrotic, abnormal"
EnsemblGenome:BAE77394,ORTH,EnsemblGenome:BAE77394
ENSEMBL:ENSSSCG00000022655,ORTH,ENSEMBL:ENSSSCG00000022655
ENSEMBL:ENSMMUG00000008296,ORTH,ENSEMBL:ENSMMUG00000008296
HP:0001719,DISO,Double outlet right ventricle
MP:0008186,DISO,increased pro-B cell number
ZP:0000657,DISO,"retinal ganglion cell decreased amount, abnormal"
HP:0010553,DISO,Oculogyric crisis
ENSEMBL:ENSRNOG00000059545,ORTH,A0A0G2JYG9
FlyBase:FBgn0003346,ORTH,RanGAP
FBcv:0000352,DISO,partially lethal - majority die
Xenbase:XB-GENE-1014070,ORTH,msh3
ENSEMBL:ENSOANG00000014708,ORTH,ENSEMBL:ENSOANG00000014708
ENSEMBL:ENSCAFG00000013806,ORTH,M6PR
ZP:0101817,DISO,"synapse ventral root decreased amount, abnormal"
MP:0013795,DISO,abnormal colon goblet cell morphology
MGI:1919592,ORTH,Lsm12
ZP:0003635,DISO,"somite structure, abnormal"
ENSEMBL:ENSACAG00000009792,ORTH,ENSEMBL:ENSACAG00000009792
WBPhenotype:0001930,DISO,muscle arm development defective
RGD:620776,ORTH,Ptprm
ENSEMBL:ENSCAFG00000012199,ORTH,ENSEMBL:ENSCAFG00000012199
Xenbase:XB-GENE-6000372,ORTH,atxn2l
FlyBase:FBgn0025790,ORTH,TBPH
dictyBase:DDB_G0290965,GENO,DDB_G0290965
MP:0001712,DISO,abnormal placenta development
HP:0002575,DISO,Tracheoesophageal fistula
WBPhenotype:0000834,DISO,E lineage variant
PomBase:SPBP19A11.03c,GENO,mts4
MP:0008154,DISO,decreased diameter of humerus
ZP:0106107,DISO,"anterior lateral plate mesoderm increased amount, abnormal"
ENSEMBL:ENSMODG00000013104,ORTH,ENSEMBL:ENSMODG00000013104
MP:0030026,DISO,small Meckel's cartilage
WBPhenotype:0002120,DISO,mitochondrial DNA repair variant
ENSEMBL:ENSFCAG00000030808,ORTH,ENSEMBL:ENSFCAG00000030808
ENSEMBL:ENSMMUG00000011511,ORTH,ENSEMBL:ENSMMUG00000011511
ZFIN:ZDB-GENE-120727-5,ORTH,pias1a
ZP:0006365,DISO,"axon CaP motoneuron increased branchiness, abnormal"
ENSEMBL:ENSPTRG00000006153,ORTH,ENSEMBL:ENSPTRG00000006153
ENSEMBL:ENSGALG00000047314,ORTH,YF5
WBPhenotype:0001635,DISO,excess pharyngeal cells
ENSEMBL:ENSPTRG00000001078,ORTH,ENSEMBL:ENSPTRG00000001078
MONARCH:APO_0000277APO_0000117,GENO,prion loss:normal
ENSEMBL:ENSCAFG00000006446,ORTH,ENSEMBL:ENSCAFG00000006446
ENSEMBL:ENSSSCG00000033526,ORTH,ENSEMBL:ENSSSCG00000033526
HP:0001270,DISO,Motor delay
ENSEMBL:ENSACAG00000014684,ORTH,ENSEMBL:ENSACAG00000014684
ENSEMBL:ENSFCAG00000001798,ORTH,ENSEMBL:ENSFCAG00000001798
MP:0011925,DISO,abnormal heart echocardiography feature
FlyBase:FBgn0040020,ORTH,MED21
ZP:0137229,DISO,"synapse CaP motoneuron decreased size, abnormal"
ENSEMBL:ENSBTAG00000030416,ORTH,A0A3Q1MA30
FlyBase:FBgn0262872,ORTH,milt
Xenbase:XB-GENE-995481,ORTH,kif9
ENSEMBL:ENSMODG00000007691,ORTH,ENSEMBL:ENSMODG00000007691
ENSEMBL:ENSECAG00000020259,ORTH,ENSEMBL:ENSECAG00000020259
MP:0014077,DISO,ectopic Paneth cells
SGD:S000000373,ORTH,SSE2
FlyBase:FBgn0029676,ORTH,HIP-R
ENSEMBL:ENSOANG00000014580,ORTH,ENSEMBL:ENSOANG00000014580
MONARCH:APO_0000101APO_0000003,GENO,fermentative metabolism:decreased
ENSEMBL:ENSFCAG00000009835,ORTH,ENSEMBL:ENSFCAG00000009835
ENSEMBL:ENSMMUG00000007948,ORTH,ENSEMBL:ENSMMUG00000007948
HP:0003296,DISO,Hyperthreoninuria
ENSEMBL:ENSMODG00000015670,ORTH,ENSEMBL:ENSMODG00000015670
HGNC:16919,GENE,VAT1
MP:0010850,DISO,"increased effector memory CD8-positive, alpha-beta T cell number"
ENSEMBL:ENSOANG00000038027,ORTH,ENSEMBL:ENSOANG00000038027
WBPhenotype:0000342,DISO,bursa morphology variant
ZP:0016188,DISO,"neuroepithelial cell apoptotic, abnormal"
FlyBase:FBgn0016701,ORTH,Rab4
ZP:0011193,DISO,"glomerular filtration process quality, abnormal"
HP:0004329,DISO,Abnormal posterior eye segment morphology
WormBase:WBGene00017855,ORTH,F27C1.6
ENSEMBL:ENSFCAG00000013189,ORTH,ENSEMBL:ENSFCAG00000013189
ZP:0003733,DISO,"peripheral neuron branchiness, abnormal"
MGI:1276575,ORTH,Ptdss1
ENSEMBL:ENSACAG00000029516,ORTH,ENSEMBL:ENSACAG00000029516
FlyBase:FBgn0026176,ORTH,SkpB
MP:0001562,DISO,abnormal circulating calcium level
MP:0006072,DISO,abnormal retinal apoptosis
RGD:3493,ORTH,RT1-M2
MP:0009849,DISO,increased vertical stereotypic behavior
ENSEMBL:ENSGALG00000037953,ORTH,TUBA1A
ENSEMBL:ENSFCAG00000004561,ORTH,ENSEMBL:ENSFCAG00000004561
MP:0008481,DISO,increased spleen germinal center number
ENSEMBL:ENSPTRG00000051009,ORTH,ENSEMBL:ENSPTRG00000051009
HP:0002185,DISO,Neurofibrillary tangles
ZFIN:ZDB-GENE-000403-1,ORTH,axin1
ZP:0009069,DISO,"dorsal/ventral neural tube patterning disrupted, abnormal"
ZP:0002246,DISO,"hyomandibula decreased size, abnormal"
ENSEMBL:ENSFCAG00000043362,ORTH,ENSEMBL:ENSFCAG00000043362
RGD:1310844,ORTH,Dusp10
MONARCH:APO_0000044APO_0000003,GENO,sporulation efficiency:decreased
dictyBase:DDB_G0292074,GENO,commd1
HP:0002483,DISO,Bulbar signs
WormBase:WBGene00013598,ORTH,vps-28
MP:0003225,DISO,axonal dystrophy
PomBase:SPCC1739.12,GENO,ppe1
FlyBase:FBgn0040078,ORTH,pont
ZP:0009144,DISO,"photoreceptor outer segment photoreceptor cell decreased size, abnormal"
MONARCH:APO_0000257APO_0000002,GENO,cell cycle progression through the G2/M phase transition:abnormal
PomBase:SPBC106.03,GENO,SPBC106.03
MONARCH:APO_0000119APO_0000003,GENO,size of nucleus:decreased
ENSEMBL:ENSSSCG00000033194,ORTH,GEMIN7
ENSEMBL:ENSECAG00000005915,ORTH,ENSEMBL:ENSECAG00000005915
HGNC:20794,GENE,ERCC6L
HP:0001488,DISO,Bilateral ptosis
ENSEMBL:ENSFCAG00000011685,ORTH,ENSEMBL:ENSFCAG00000011685
ZFIN:ZDB-GENE-061026-1,ORTH,ftr97
WormBase:WBGene00007624,ORTH,hrde-1
WBPhenotype:0000056,DISO,late larval arrest
HP:0002718,DISO,Recurrent bacterial infections
ENSEMBL:ENSCAFG00000032009,ORTH,ENSEMBL:ENSCAFG00000032009
RGD:621669,ORTH,Psmd1
HP:0012433,DISO,Abnormal social behavior
Xenbase:XB-GENE-5940894,ORTH,tgm2
MP:0030017,DISO,decreased adipocyte glucose uptake
Xenbase:XB-GENE-986025,ORTH,ubqln1
MONARCH:APO_0000266APO_0000246,GENO,cell cycle progression in S phase:increased rate
ENSEMBL:ENSOANG00000041824,ORTH,ENSEMBL:ENSOANG00000041824
ENSEMBL:ENSRNOG00000034093,ORTH,M0RCB1
Xenbase:XB-GENE-6070198,ORTH,eif3g
MP:0020354,DISO,increased endoplasmic reticulum stress
ENSEMBL:ENSACAG00000009810,ORTH,ENSEMBL:ENSACAG00000009810
MP:0008874,DISO,decreased physiological sensitivity to xenobiotic
MP:0005537,DISO,abnormal cerebral aqueduct morphology
MP:0005590,DISO,increased vasodilation
ZP:0010283,DISO,"gill neoplastic, abnormal"
ENSEMBL:ENSBTAG00000034182,ORTH,LOC782966
MP:0009623,DISO,enlarged inguinal lymph nodes
HP:0000902,DISO,Rib fusion
MP:0001625,DISO,cardiac hypertrophy
ENSEMBL:ENSSSCG00000001396,ORTH,SLA-8
RGD:71096,ORTH,Dnm1
SGD:S000004198,ORTH,SEC13
ENSEMBL:ENSMODG00000017430,ORTH,ENSEMBL:ENSMODG00000017430
ZP:0100538,DISO,"facial nerve motor nucleus displaced to motor neuron rhombomere 5, abnormal"
ENSEMBL:ENSRNOG00000049403,ORTH,ENSEMBL:ENSRNOG00000049403
ENSEMBL:ENSACAG00000001379,ORTH,ENSEMBL:ENSACAG00000001379
ENSEMBL:ENSSSCG00000036758,ORTH,ENSEMBL:ENSSSCG00000036758
MP:0005384,DISO,cellular phenotype
ENSEMBL:ENSECAG00000001400,ORTH,ENSEMBL:ENSECAG00000001400
ENSEMBL:ENSXETG00000040456,ORTH,sh2b3
ZP:0017624,DISO,"replacement tooth 4V immature, abnormal"
HP:0011423,DISO,Hyperchloremia
HGNC:8878,GENE,PFKP
HGNC:5186,GENE,PRMT2
MP:0013956,DISO,decreased colon length
ZP:0003200,DISO,"fourth ventricle hydrocephalic, abnormal"
MP:0030140,DISO,facial muscle atrophy
ENSEMBL:ENSMMUG00000015773,ORTH,ENSEMBL:ENSMMUG00000015773
ENSEMBL:ENSBTAG00000038619,ORTH,LOC512672
MP:0001601,DISO,abnormal myelopoiesis
WBPhenotype:0000365,DISO,embryo osmotic integrity defective early emb
ENSEMBL:ENSPTRG00000020900,ORTH,ENSEMBL:ENSPTRG00000020900
ENSEMBL:ENSPTRG00000021930,ORTH,ENSEMBL:ENSPTRG00000021930
ENSEMBL:ENSMMUG00000060033,ORTH,ENSEMBL:ENSMMUG00000060033
ZP:0005080,DISO,"neuroepithelial cell neural tube disorganized, abnormal"
ZP:0007170,DISO,"striated muscle thin filament slow muscle cell disorganized, abnormal"
MP:0008092,DISO,abnormal T-helper 2 cell differentiation
ENSEMBL:ENSECAG00000007197,ORTH,ENSEMBL:ENSECAG00000007197
WBPhenotype:0001511,DISO,linker cell migration variant
ENSEMBL:ENSSSCG00000039094,ORTH,PLEC
HP:0002415,DISO,Leukodystrophy
ENSEMBL:ENSACAG00000007201,ORTH,ENSEMBL:ENSACAG00000007201
ZP:0004148,DISO,"intersegmental vessel branched, abnormal"
MP:0004716,DISO,abnormal cochlear nerve morphology
ZP:0003230,DISO,"whole organism pigmented, abnormal"
dictyBase:DDB_G0291011,GENO,DDB0189210
ENSEMBL:ENSOANG00000040317,ORTH,ENSEMBL:ENSOANG00000040317
ZP:0104386,DISO,"caudal artery increased distribution, abnormal"
Coriell:GM04476,GENO,NIGMS-GM04476
MP:0001231,DISO,abnormal epidermis stratum basale morphology
MP:0030016,DISO,increased adipocyte glucose uptake
ZP:0020242,DISO,"eye photoreceptor cell accumulation vacuole eye photoreceptor cell, abnormal"
ZFIN:ZDB-GENE-040628-3,ORTH,dlg4b
ZFIN:ZDB-GENE-020419-15,ORTH,ppp1r10
ENSEMBL:ENSMODG00000000956,ORTH,ENSEMBL:ENSMODG00000000956
FlyBase:FBgn0041103,ORTH,nht
Xenbase:XB-GENE-5879626,ORTH,lamtor1
WormBase:WBGene00007354,ORTH,C06A1.3
dictyBase:DDB_G0289555,GENO,arkA
HP:0011103,DISO,Abnormal left ventricular outflow tract morphology
MP:0009199,DISO,abnormal external male genitalia morphology
WBPhenotype:0002303,DISO,nose movement increased
ZP:0010277,DISO,"gut neoplastic, abnormal"
Xenbase:XB-GENE-989959,ORTH,psmd1
Xenbase:XB-GENE-1014860,ORTH,crppa
Xenbase:XB-GENE-1011391,ORTH,oprm1
ZP:0000410,DISO,"pericardium swollen, abnormal"
HP:0007308,DISO,Extrapyramidal dyskinesia
HP:0012100,DISO,Abnormal circulating creatinine concentration
HP:0011220,DISO,Prominent forehead
ZP:0001254,DISO,"trunk curved dorsal, abnormal"
RGD:621649,ORTH,Plec
WormBase:WBGene00004117,ORTH,sin-3
MP:0005608,DISO,cardiac interstitial fibrosis
ENSEMBL:ENSGALG00000010175,ORTH,ENSEMBL:ENSGALG00000010175
HP:0002088,DISO,Abnormal lung morphology
ZFIN:ZDB-GENE-030131-7893,ORTH,grm1a
ENSEMBL:ENSMODG00000014624,ORTH,ENSEMBL:ENSMODG00000014624
EFO:0009270,GENO,heel bone mineral density
ENSEMBL:ENSFCAG00000010023,ORTH,ENSEMBL:ENSFCAG00000010023
ZP:0019110,DISO,"lens elongated, abnormal"
ENSEMBL:ENSOANG00000048138,ORTH,ENSEMBL:ENSOANG00000048138
FlyBase:FBgn0286508,ORTH,Had1
ZFIN:ZDB-GENE-030131-1280,ORTH,pik3r1
ENSEMBL:ENSGALG00000038721,ORTH,ENSEMBL:ENSGALG00000038721
ENSEMBL:ENSBTAG00000001476,ORTH,ENSEMBL:ENSBTAG00000001476
MP:0008825,DISO,abnormal cardiac epithelial to mesenchymal transition
ZP:0000111,DISO,"somite fused with somite, abnormal"
RGD:621826,ORTH,Pfn2
FlyBase:FBgn0010399,ORTH,Nmdar1
ENSEMBL:ENSMODG00000011967,ORTH,ENSEMBL:ENSMODG00000011967
HP:0001897,DISO,Normocytic anemia
Coriell:GM06685,GENO,NIGMS-GM06685
Coriell:GM04847,GENO,NIGMS-GM04847
MP:0030263,DISO,cranial bossing
ENSEMBL:ENSSSCG00000013554,ORTH,TRIP10
SGD:S000000905,ORTH,SSA4
ENSEMBL:ENSPTRG00000000142,ORTH,ENSEMBL:ENSPTRG00000000142
HP:0000078,DISO,Abnormality of the genital system
dictyBase:DDB_G0282653,GENO,DDB0230049
ENSEMBL:ENSFCAG00000027034,ORTH,ENSEMBL:ENSFCAG00000027034
ENSEMBL:ENSFCAG00000037382,ORTH,ENSEMBL:ENSFCAG00000037382
WBPhenotype:0000977,DISO,somatic gonad morphology variant
ZFIN:ZDB-GENE-061110-16,ORTH,crppa
ENSEMBL:ENSPTRG00000016558,ORTH,ENSEMBL:ENSPTRG00000016558
ENSEMBL:ENSGALG00000017118,ORTH,MIPEP
MP:0020471,DISO,abnormal circadian behavior persistence
MP:0003982,DISO,increased cholesterol level
MONARCH:APO_0000082APO_0000003,GENO,osmotic stress resistance:decreased
ENSEMBL:ENSSSCG00000037263,ORTH,ENSEMBL:ENSSSCG00000037263
ENSEMBL:ENSMODG00000001646,ORTH,ENSEMBL:ENSMODG00000001646
ENSEMBL:ENSECAG00000019837,ORTH,ENSEMBL:ENSECAG00000019837
MGI:3708786,ORTH,Gm10358
ENSEMBL:ENSGALG00000003046,ORTH,ENSEMBL:ENSGALG00000003046
Xenbase:XB-GENE-5873924,ORTH,XB5873923 [provisional]
HP:0001942,DISO,Metabolic acidosis
ENSEMBL:ENSGALG00000010470,ORTH,ENSEMBL:ENSGALG00000010470
ZP:0006868,DISO,"exocrine pancreas retracted, abnormal"
EFO:0004343,GENO,waist-hip ratio
Xenbase:XB-GENE-6257751,ORTH,nup58
ZFIN:ZDB-GENE-070103-4,ORTH,nefmb
WBPhenotype:0001507,DISO,Bacillus thuringiensis toxin resistant
MONARCH:APO_0000148APO_0000003,GENO,cold sensitivity:decreased
WormBase:WBGene00009164,ORTH,hrdl-1
WBPhenotype:0000603,DISO,muscle system morphology variant
FBcv:0000368,DISO,female sterile germline-dependent
ENSEMBL:ENSACAG00000012824,ORTH,ENSEMBL:ENSACAG00000012824
MP:0000813,DISO,abnormal hippocampus layer morphology
ZFIN:ZDB-GENE-040426-2164,ORTH,lsm12b
HP:0000107,DISO,Renal cyst
ENSEMBL:ENSCAFG00000005468,ORTH,PFKP
WBPhenotype:0000495,DISO,ray ectopic
ENSEMBL:ENSECAG00000022890,ORTH,ENSEMBL:ENSECAG00000022890
ZP:0014819,DISO,"growth decreased process quality, abnormal"
RGD:620859,ORTH,Axin1
WormBase:WBGene00003171,ORTH,mec-7
ZP:0005775,DISO,"EVL moderately well differentiated, abnormal"
ZP:0005771,DISO,"nucleus lens decreased amount, abnormal"
ENSEMBL:ENSSSCG00000033082,ORTH,HGS
ZP:0005441,DISO,"hair cell posterior macula decreased amount, abnormal"
MP:0008974,DISO,proportional dwarf
PomBase:SPBC16E9.11c,GENO,pub3
HGNC:7373,GENE,MSN
EFO:0009885,GENO,frailty measurement
ENSEMBL:ENSECAG00000019318,ORTH,ENSEMBL:ENSECAG00000019318
ENSEMBL:ENSPTRG00000000573,ORTH,ENSEMBL:ENSPTRG00000000573
HGNC:31850,GENE,F8A3
ZP:0010272,DISO,"oncogene-induced cell senescence decreased occurrence, abnormal"
ZP:0007181,DISO,"mitochondrion muscle cell broken, abnormal"
EnsemblGenome:BAE76489,ORTH,EnsemblGenome:BAE76489
MGI:5635158,ORTH,Tg(HTT*)NXwy [involves: FVB/NJ]
ENSEMBL:ENSGALG00000040480,ORTH,ENSEMBL:ENSGALG00000040480
SGD:S000000232,ORTH,YPK3
MP:0009299,DISO,decreased mesenteric fat pad weight
Xenbase:XB-GENE-990470,ORTH,kif18a
ENSEMBL:ENSMODG00000003815,ORTH,ENSEMBL:ENSMODG00000003815
ENSEMBL:ENSBTAG00000046270,ORTH,A0A3Q1M0D5
HP:0002067,DISO,Bradykinesia
ZFIN:ZDB-GENE-060307-2,ORTH,bag6l
PomBase:SPAC22G7.09c,GENO,nup45
HP:0001283,DISO,Bulbar palsy
ENSEMBL:ENSECAG00000014842,ORTH,ENSEMBL:ENSECAG00000014842
ENSEMBL:ENSSSCG00000038082,ORTH,ENSEMBL:ENSSSCG00000038082
ENSEMBL:ENSOANG00000000364,ORTH,ENSEMBL:ENSOANG00000000364
FBcv:0000720,DISO,abnormal jump response
ZP:0104637,DISO,"involuntary skeletal muscle contraction decreased occurrence, abnormal"
ZP:0000124,DISO,"head malformed, abnormal"
ENSEMBL:ENSPTRG00000015689,ORTH,ENSEMBL:ENSPTRG00000015689
ZFIN:ZDB-GENE-041010-48,ORTH,casp6b.1
ENSEMBL:ENSCAFG00000029992,ORTH,J9P895
ENSEMBL:ENSMMUG00000020700,ORTH,ENSEMBL:ENSMMUG00000020700
ZFIN:ZDB-GENE-070424-161,ORTH,ftr55
ENSEMBL:ENSECAG00000037204,ORTH,ENSEMBL:ENSECAG00000037204
EFO:0008579,GENO,risk-taking behaviour
dictyBase:DDB_G0281557,GENO,drkD
HP:0001152,DISO,Saccadic smooth pursuit
MP:0002983,DISO,increased retinal ganglion cell number
ZFIN:ZDB-GENE-070620-19,ORTH,ftr54
MP:0010869,DISO,decreased bone trabecula number
MP:0002655,DISO,abnormal keratinocyte morphology
ZFIN:ZDB-GENE-050420-97,ORTH,tgm2l
MP:0003131,DISO,increased erythrocyte cell number
ENSEMBL:ENSMODG00000010392,ORTH,ENSEMBL:ENSMODG00000010392
MP:0008824,DISO,absent interventricular septum membranous part
ZP:0002682,DISO,"pharyngeal arch cartilage malformed, abnormal"
HP:0000286,DISO,Epicanthus
WBPhenotype:0001685,DISO,postsynaptic region morphology variant
ENSEMBL:ENSGALG00000031832,ORTH,IKBKB
SGD:S000002476,ORTH,DOA4
ENSEMBL:ENSPTRG00000047694,ORTH,ENSEMBL:ENSPTRG00000047694
WBPhenotype:0000281,DISO,male sex muscle development variant
PomBase:SPBC16A3.15c,GENO,nda2
SGD:S000000927,ORTH,RSP5
MP:0020427,DISO,increased hepatocyte karyomegaly
MONARCH:APO_0000074APO_0000005,GENO,autophagy:absent
ENSEMBL:ENSFCAG00000014567,ORTH,ENSEMBL:ENSFCAG00000014567
ENSEMBL:ENSMMUG00000020667,ORTH,ENSEMBL:ENSMMUG00000020667
WormBase:WBGene00018991,ORTH,F56F11.4
HP:0011158,DISO,Focal sensory seizure with auditory features
MP:0002796,DISO,impaired skin barrier function
ENSEMBL:ENSOANG00000015410,ORTH,ENSEMBL:ENSOANG00000015410
MP:0010940,DISO,abnormal maxillary prominence morphology
HP:0000762,DISO,Decreased nerve conduction velocity
HP:0002664,DISO,Neoplasm
MP:0001230,DISO,epidermal desquamation
MP:0003123,DISO,paternal imprinting
ENSEMBL:ENSPTRG00000006073,ORTH,ENSEMBL:ENSPTRG00000006073
ENSEMBL:ENSRNOG00000046657,ORTH,M0R497
ENSEMBL:ENSMODG00000017550,ORTH,ENSEMBL:ENSMODG00000017550
MP:0000939,DISO,decreased motor neuron number
WBPhenotype:0001877,DISO,nuclear membrane morphology variant
WBPhenotype:0000696,DISO,everted vulva
HP:0002180,DISO,Neurodegeneration
ENSEMBL:ENSMODG00000013400,ORTH,ENSEMBL:ENSMODG00000013400
ZP:0000027,DISO,"post-vent region decreased length, abnormal"
HP:0002553,DISO,Highly arched eyebrow
HP:0001513,DISO,Obesity
ENSEMBL:ENSSSCG00000001884,ORTH,COMMD4
HP:0002381,DISO,Aphasia
Coriell:GM04694,GENO,NIGMS-GM04694
HP:0000551,DISO,Color vision defect
ZFIN:ZDB-GENE-040426-1004,ORTH,psmd13
ZP:0003227,DISO,"axon forebrain decreased size, abnormal"
RGD:620079,ORTH,Ppp1r10
FlyBase:FBgn0037962,ORTH,Dnali1
MP:0011191,DISO,increased embryonic epiblast cell apoptosis
HP:0010579,DISO,Cone-shaped epiphysis
dictyBase:DDB_G0268116,GENO,DDB0189785
ENSEMBL:ENSMMUG00000001484,ORTH,ENSEMBL:ENSMMUG00000001484
ENSEMBL:ENSPTRG00000044428,ORTH,ENSEMBL:ENSPTRG00000044428
ENSEMBL:ENSMMUG00000004696,ORTH,ENSEMBL:ENSMMUG00000004696
ENSEMBL:ENSECAG00000015838,ORTH,ENSEMBL:ENSECAG00000015838
MP:0005380,DISO,embryo phenotype
EnsemblGenome:BAE76252,ORTH,EnsemblGenome:BAE76252
WBPhenotype:0001143,DISO,multiple nuclei early emb
ZP:0005774,DISO,"EVL increased permeability, abnormal"
ENSEMBL:ENSECAG00000003774,ORTH,ENSEMBL:ENSECAG00000003774
ENSEMBL:ENSFCAG00000000050,ORTH,ENSEMBL:ENSFCAG00000000050
RGD:71059,ORTH,Hnrnpl
ENSEMBL:ENSMMUG00000012957,ORTH,ENSEMBL:ENSMMUG00000012957
HP:0001310,DISO,Dysmetria
HP:0000954,DISO,Single transverse palmar crease
Xenbase:XB-GENE-1015302,ORTH,st13
ENSEMBL:ENSACAG00000015744,ORTH,ENSEMBL:ENSACAG00000015744
ENSEMBL:ENSECAG00000001897,ORTH,ENSEMBL:ENSECAG00000001897
HP:0002894,DISO,Neoplasm of the pancreas
ZFIN:ZDB-GENE-050302-102,ORTH,crebbpb
ENSEMBL:ENSOANG00000012964,ORTH,ENSEMBL:ENSOANG00000012964
ENSEMBL:ENSPTRG00000045923,ORTH,ENSEMBL:ENSPTRG00000045923
ENSEMBL:ENSMMUG00000003245,ORTH,ENSEMBL:ENSMMUG00000003245
HP:0001896,DISO,Reticulocytopenia
ZP:0007168,DISO,"axis curved ventral, abnormal"
MGI:2177756,ORTH,Htt<tm1Detl>
ENSEMBL:ENSPTRG00000012258,ORTH,ENSEMBL:ENSPTRG00000012258
dictyBase:DDB_G0269104,GENO,calB
ZFIN:ZDB-GENE-030131-6547,ORTH,psmc5
MP:0004940,DISO,abnormal B-1 B cell morphology
ZP:0019157,DISO,"eye photoreceptor cell decreased distribution, abnormal"
WBPhenotype:0001584,DISO,chromosome alignment variant
NCBIGene:108181672,GENE,LOC108181672
ENSEMBL:ENSFCAG00000015180,ORTH,ENSEMBL:ENSFCAG00000015180
ENSEMBL:ENSPTRG00000009333,ORTH,ENSEMBL:ENSPTRG00000009333
MGI:1342774,ORTH,Ppargc1a
HGNC:11007,GENE,SLC2A3
RGD:621889,ORTH,Ddb1
ENSEMBL:ENSFCAG00000029716,ORTH,ENSEMBL:ENSFCAG00000029716
ENSEMBL:ENSSSCG00000017379,ORTH,ENSEMBL:ENSSSCG00000017379
MP:0001286,DISO,abnormal eye development
FlyBase:FBgn0032216,ORTH,Usp14
ENSEMBL:ENSSSCG00000000614,ORTH,GRIN2B
WBPhenotype:0000228,DISO,spontaneous mutation rate increased
HP:0012005,DISO,Deja vu aura
ZP:0008621,DISO,"retinal ganglion cell increased amount, abnormal"
HP:0011017,DISO,Abnormal cellular physiology
HGNC:9299,GENE,PPP2CA
FBcv:0000435,DISO,abnormal neuroanatomy
ENSEMBL:ENSMODG00000023487,ORTH,ENSEMBL:ENSMODG00000023487
ENSEMBL:ENSCAFG00000004724,ORTH,ENSEMBL:ENSCAFG00000004724
ENSEMBL:ENSOANG00000002512,ORTH,ENSEMBL:ENSOANG00000002512
HP:0000174,DISO,Abnormal palate morphology
MP:0008265,DISO,abnormal hippocampus CA2 region morphology
HGNC:6400,GENE,KPNB1
MGI:87902,ORTH,Acta1
WormBase:WBGene00001042,ORTH,dnj-24
ENSEMBL:ENSMMUG00000051227,ORTH,ENSEMBL:ENSMMUG00000051227
MP:0008497,DISO,decreased IgG2b level
ENSEMBL:ENSPTRG00000010460,ORTH,ENSEMBL:ENSPTRG00000010460
MP:0004701,DISO,decreased circulating insulin-like growth factor I level
Xenbase:XB-GENE-919631,ORTH,skp1
FBcv:0000723,DISO,neoplasia
MGI:107931,ORTH,Sqstm1
dictyBase:DDB_G0294577,GENO,DDB_G0294577
HP:0040216,DISO,Hypoinsulinemia
ZP:0011627,DISO,"pigment cell decreased perimeter, abnormal"
HGNC:16463,GENE,PRPF40A
ENSEMBL:ENSBTAG00000005119,ORTH,ENSEMBL:ENSBTAG00000005119
HP:0008216,DISO,Adrenal gland dysgenesis
MONARCH:APO_0000102APO_0000002,GENO,respiratory metabolism:abnormal
Coriell:GM04222,GENO,NIGMS-GM04222
ENSEMBL:ENSMODG00000002502,ORTH,ENSEMBL:ENSMODG00000002502
ENSEMBL:ENSCAFG00000029635,ORTH,ENSEMBL:ENSCAFG00000029635
ZP:0000319,DISO,"brain hydrocephalic, abnormal"
MP:0009425,DISO,increased soleus weight
WormBase:WBGene00000963,ORTH,dhp-1
ENSEMBL:ENSACAG00000001423,ORTH,ENSEMBL:ENSACAG00000001423
Coriell:GM04776,GENO,NIGMS-GM04776
WormBase:WBGene00006514,ORTH,tdp-1
ENSEMBL:ENSMODG00000039032,ORTH,ENSEMBL:ENSMODG00000039032
MONARCH:APO_0000096APO_0000003,GENO,nutrient utilization:decreased
SGD:S000003870,ORTH,CPA2
RGD:1359383,ORTH,Rassf1
ENSEMBL:ENSMODG00000043186,ORTH,ENSEMBL:ENSMODG00000043186
HP:0001972,DISO,Macrocytic anemia
ZP:0019153,DISO,"cell body eye photoreceptor cell mislocalised, abnormal"
WBPhenotype:0001321,DISO,presynaptic region morphology variant
MP:0003460,DISO,decreased fear-related response
MP:0009969,DISO,abnormal cerebral cortex pyramidal cell morphology
ZFIN:ZDB-GENE-100408-5,ORTH,git1
ENSEMBL:ENSSSCG00000024119,ORTH,GLB1
MP:0004981,DISO,decreased neuronal precursor cell number
Xenbase:XB-GENE-961670,ORTH,ppp1cb
MGI:1277151,ORTH,Snca
MP:0010864,DISO,abnormal enamel knot morphology
ZP:0002234,DISO,"cell division increased occurrence, abnormal"
Xenbase:XB-GENE-944135,ORTH,rnaset2
EFO:0004345,GENO,corneal topography
ZP:0103715,DISO,"brain decreased process quality cell population proliferation, abnormal"
ENSEMBL:ENSGALG00000052529,ORTH,RNF4
ENSEMBL:ENSSSCG00000038993,ORTH,ENSEMBL:ENSSSCG00000038993
ENSEMBL:ENSSSCG00000003113,ORTH,ENSEMBL:ENSSSCG00000003113
ZP:0002774,DISO,"head flattened, abnormal"
ZFIN:ZDB-GENE-030131-2884,ORTH,dnaja2b
ZFIN:ZDB-GENE-030131-5417,ORTH,immt
RGD:1586163,ORTH,Dmxl2
WormBase:WBGene00194816,ORTH,ZK616.61
ENSEMBL:ENSMODG00000012494,ORTH,ENSEMBL:ENSMODG00000012494
MP:0009172,DISO,small pancreatic islets
ZP:0018546,DISO,"whole organism increased amount, abnormal"
ENSEMBL:ENSGALG00000002478,ORTH,ENSEMBL:ENSGALG00000002478
ENSEMBL:ENSPTRG00000000484,ORTH,ENSEMBL:ENSPTRG00000000484
MP:0008090,DISO,increased T-helper 2 cell number
ENSEMBL:ENSCAFG00000002818,ORTH,ENSEMBL:ENSCAFG00000002818
MP:0008842,DISO,lipofuscinosis
ENSEMBL:ENSMMUG00000004935,ORTH,ENSEMBL:ENSMMUG00000004935
MP:0004056,DISO,abnormal myocardium compact layer morphology
ENSEMBL:ENSRNOG00000028592,ORTH,RGD1562451
MONARCH:APO_0000089APO_0000002,GENO,budding index:abnormal
Xenbase:XB-GENE-988849,ORTH,ercc6l
WormBase:WBGene00018135,ORTH,F37A4.5
MP:0001021,DISO,small L4 dorsal root ganglion
ZP:0012014,DISO,"skeletal muscle myofibril skeletal muscle cell disorganized, abnormal"
SGD:S000002780,ORTH,VPS74
ENSEMBL:ENSFCAG00000009990,ORTH,ENSEMBL:ENSFCAG00000009990
ENSEMBL:ENSCAFG00000030046,ORTH,ENSEMBL:ENSCAFG00000030046
ENSEMBL:ENSPTRG00000017230,ORTH,ENSEMBL:ENSPTRG00000017230
ENSEMBL:ENSCAFG00000011038,ORTH,WIPI1
ENSEMBL:ENSPTRG00000007314,ORTH,ENSEMBL:ENSPTRG00000007314
dbSNP:rs7685686,GENO,rs7685686-A
HP:0000978,DISO,Bruising susceptibility
WBPhenotype:0001983,DISO,lawn leaving behavior variant
SGD:S000000688,ORTH,MSH3
ZFIN:ZDB-GENE-060503-662,ORTH,mipepa
ENSEMBL:ENSACAG00000014691,ORTH,ENSEMBL:ENSACAG00000014691
WBPhenotype:0001923,DISO,fewer seam cells
FlyBase:FBgn0261617,ORTH,nej
MP:0008512,DISO,disorganized retinal inner nuclear layer
MP:0003961,DISO,decreased lean body mass
WormBase:WBGene00017298,ORTH,toca-1
MP:0012531,DISO,delayed limb development
Xenbase:XB-GENE-6455449,ORTH,ptdss1
ENSEMBL:ENSOANG00000006132,ORTH,ENSEMBL:ENSOANG00000006132
MP:0013294,DISO,prenatal lethality prior to heart atrial septation
HP:0100287,DISO,EMG: slow motor conduction
ENSEMBL:ENSOANG00000021332,ORTH,ENSEMBL:ENSOANG00000021332
WormBase:WBGene00008278,ORTH,npr-10
ENSEMBL:ENSMMUG00000008213,ORTH,ENSEMBL:ENSMMUG00000008213
WormBase:WBGene00000417,ORTH,ced-3
FlyBase:FBgn0034091,ORTH,mrj
dictyBase:DDB_G0293230,GENO,cdc26
WormBase:WBGene00012084,ORTH,npr-15
WBPhenotype:0000060,DISO,adult lethal
ENSEMBL:ENSACAG00000008638,ORTH,ENSEMBL:ENSACAG00000008638
ENSEMBL:ENSFCAG00000010239,ORTH,ENSEMBL:ENSFCAG00000010239
ENSEMBL:ENSFCAG00000000053,ORTH,ENSEMBL:ENSFCAG00000000053
dictyBase:DDB_G0277041,GENO,rheb
ZP:0002805,DISO,"thigmotaxis arrested, abnormal"
Xenbase:XB-GENE-991688,ORTH,m6pr
HP:0000218,DISO,High palate
ENSEMBL:ENSSSCG00000027053,ORTH,PACSIN1
RGD:1563954,ORTH,Msh3
MP:0006351,DISO,abnormal glycosylated hemoglobin level
Coriell:GM04287,GENO,NIGMS-GM04287
WBPhenotype:0000518,DISO,development phenotype
FBcv:0000439,DISO,chemical resistant
ENSEMBL:ENSSSCG00000007951,ORTH,CREBBP
ZP:0002116,DISO,"embryonic viscerocranium morphogenesis process quality, abnormal"
MP:0005070,DISO,impaired natural killer cell mediated cytotoxicity
ENSEMBL:ENSPTRG00000020701,ORTH,ENSEMBL:ENSPTRG00000020701
ENSEMBL:ENSRNOG00000039674,ORTH,D4A7L5
HP:0000963,DISO,Thin skin
ZP:0004005,DISO,"eye size, abnormal"
ENSEMBL:ENSSSCG00000039843,ORTH,IPO9
dbSNP:rs3121419,GENO,rs3121419-T
ZP:0004636,DISO,"brain edematous, abnormal"
ENSEMBL:ENSSSCG00000023247,ORTH,OPTN
HP:0002152,DISO,Hyperproteinemia
HP:0001773,DISO,Short foot
ZP:0017157,DISO,"blood accumulation atrium, abnormal"
ZP:0006474,DISO,"whole organism wholly posterioralized, abnormal"
ZP:0000939,DISO,"swimming behavior disrupted, abnormal"
WormBase:WBGene00001017,ORTH,dnc-1
ENSEMBL:ENSACAG00000003107,ORTH,ENSEMBL:ENSACAG00000003107
HP:0008994,DISO,Proximal muscle weakness in lower limbs
WormBase:WBGene00008741,ORTH,ctsa-1.2
Coriell:GM04691,GENO,NIGMS-GM04691
HP:0001762,DISO,Talipes equinovarus
MP:0001898,DISO,abnormal long term depression
ENSEMBL:ENSOANG00000014619,ORTH,ENSEMBL:ENSOANG00000014619
WormBase:WBGene00021296,ORTH,Y25C1A.13
dictyBase:DDB_G0278847,GENO,psmA6
dictyBase:DDB_G0284177,GENO,DDB0185880
MP:0002310,DISO,decreased susceptibility to hepatic steatosis
WBPhenotype:0000135,DISO,gene expression level high
SGD:S000002584,ORTH,UBC1
ENSEMBL:ENSFCAG00000013023,ORTH,ENSEMBL:ENSFCAG00000013023
Xenbase:XB-GENE-6449994,ORTH,haus5
ENSEMBL:ENSMMUG00000001508,ORTH,ENSEMBL:ENSMMUG00000001508
ENSEMBL:ENSPTRG00000019872,ORTH,ENSEMBL:ENSPTRG00000019872
MP:0006292,DISO,abnormal nasal placode morphology
EFO:0007925,GENO,response to paliperidone
MP:0004096,DISO,abnormal midbrain-hindbrain boundary development
ENSEMBL:ENSGALG00000014786,ORTH,ENSEMBL:ENSGALG00000014786
HP:0012704,DISO,Widened subarachnoid space
MGI:4881532,ORTH,Tg(YAC18)18Hay [involves: FVB/N]
MONARCH:APO_0000071APO_0000003,GENO,cytokinesis:decreased
ENSEMBL:ENSACAG00000008108,ORTH,ENSEMBL:ENSACAG00000008108
ZP:0000529,DISO,"dorsal aorta closed, abnormal"
MP:0000872,DISO,abnormal cerebellum external granule cell layer morphology
MGI:96623,ORTH,Itpr1
ENSEMBL:ENSRNOG00000001893,ORTH,ENSEMBL:ENSRNOG00000001893
ENSEMBL:ENSECAG00000015766,ORTH,ENSEMBL:ENSECAG00000015766
ENSEMBL:ENSOANG00000045313,ORTH,ENSEMBL:ENSOANG00000045313
HP:0001258,DISO,Spastic paraplegia
MP:0002970,DISO,abnormal white adipose tissue morphology
WormBase:WBGene00000231,ORTH,atx-2
MP:0005560,DISO,decreased circulating glucose level
MP:0030197,DISO,small nasal septum
MP:0003062,DISO,abnormal coping response
ENSEMBL:ENSSSCG00000012110,ORTH,ENSEMBL:ENSSSCG00000012110
HP:0002014,DISO,Diarrhea
WBPhenotype:0000170,DISO,precocious alae
ENSEMBL:ENSPTRG00000011901,ORTH,ENSEMBL:ENSPTRG00000011901
MP:0011014,DISO,decreased core body temperature
ENSEMBL:ENSPTRG00000041525,ORTH,ENSEMBL:ENSPTRG00000041525
MP:0010155,DISO,abnormal intestine physiology
MP:0004398,DISO,cochlear inner hair cell degeneration
ENSEMBL:ENSGALG00000035487,ORTH,ENSEMBL:ENSGALG00000035487
MP:0000755,DISO,hindlimb paralysis
ENSEMBL:ENSCAFG00000008410,ORTH,RASA1
ENSEMBL:ENSMODG00000019512,ORTH,ENSEMBL:ENSMODG00000019512
WBPhenotype:0000063,DISO,terminal arrest variable
ZFIN:ZDB-GENE-110919-2,ORTH,il17ra3
ENSEMBL:ENSECAG00000022480,ORTH,ENSEMBL:ENSECAG00000022480
ENSEMBL:ENSECAG00000003121,ORTH,ENSEMBL:ENSECAG00000003121
ENSEMBL:ENSFCAG00000030865,ORTH,ENSEMBL:ENSFCAG00000030865
MP:0008451,DISO,retinal rod cell degeneration
ENSEMBL:ENSFCAG00000000438,ORTH,ENSEMBL:ENSFCAG00000000438
ENSEMBL:ENSMODG00000006206,ORTH,ENSEMBL:ENSMODG00000006206
MONARCH:APO_0000099APO_0000245,GENO,utilization of nitrogen source:decreased rate
ENSEMBL:ENSCAFG00000000575,ORTH,ENSEMBL:ENSCAFG00000000575
ENSEMBL:ENSACAG00000015302,ORTH,ENSEMBL:ENSACAG00000015302
MGI:96247,ORTH,Hsp90ab1
ENSEMBL:ENSGALG00000008908,ORTH,NEUROD1
MP:0002747,DISO,abnormal aortic valve morphology
HP:0010803,DISO,Everted upper lip vermilion
ENSEMBL:ENSXETG00000034056,ORTH,thumpd2
ZFIN:ZDB-GENE-030131-6018,ORTH,hspa4b
MGI:3800927,ORTH,Tg(HTT*97Q)IXwy [FVB-Tg(HTT*97Q)IXwy]
ZP:0004627,DISO,"eye decreased amount, abnormal"
dictyBase:DDB_G0280801,GENO,DDB0204740
ZP:0022867,DISO,"cardiac muscle cell increased occurrence cell population proliferation, abnormal"
ENSEMBL:ENSSSCG00000006100,ORTH,VIRMA
HP:0001298,DISO,Encephalopathy
dictyBase:DDB_G0284133,GENO,dictyBase:DDB_G0284133
PomBase:SPAC6G9.08,GENO,ubp6
MP:0001787,DISO,pericardial edema
ENSEMBL:ENSMMUG00000002940,ORTH,ENSEMBL:ENSMMUG00000002940
MGI:3723505,ORTH,Tg(HD)63Aron [involves: C57BL/6 * SJL]
ENSEMBL:ENSGALG00000007762,ORTH,CREBBP
ZP:0011938,DISO,"endoplasmic reticulum retinal outer nuclear layer morphology, abnormal"
ENSEMBL:ENSACAG00000002018,ORTH,ENSEMBL:ENSACAG00000002018
ZP:0004084,DISO,"cilium otic vesicle decreased amount, abnormal"
MONARCH:APO_0000105APO_0000003,GENO,mitochondrial genome maintenance:decreased
GO:0005769,PHYS,early endosome
WBPhenotype:0001794,DISO,cytoplasmic processing body variant
MP:0013385,DISO,abnormal Meibomian gland development
MP:0013523,DISO,increased memory-marker CD4-positive NK T cell number
HP:0200146,DISO,Mucoid extracellular matrix accumulation
ENSEMBL:ENSPTRG00000004734,ORTH,ENSEMBL:ENSPTRG00000004734
MP:0004889,DISO,increased energy expenditure
ENSEMBL:ENSMMUG00000018925,ORTH,ENSEMBL:ENSMMUG00000018925
MP:0003886,DISO,abnormal embryonic epiblast morphology
ENSEMBL:ENSGALG00000007919,ORTH,ENSEMBL:ENSGALG00000007919
MP:0011888,DISO,abnormal circulating total protein level
ENSEMBL:ENSFCAG00000011336,ORTH,ENSEMBL:ENSFCAG00000011336
ENSEMBL:ENSMODG00000002631,ORTH,ENSEMBL:ENSMODG00000002631
ZP:0003863,DISO,"caudal vein plexus malformed, abnormal"
ENSEMBL:ENSBTAG00000001834,ORTH,PNKP
ENSEMBL:ENSMMUG00000022221,ORTH,ENSEMBL:ENSMMUG00000022221
ENSEMBL:ENSCAFG00000007626,ORTH,ENSEMBL:ENSCAFG00000007626
WormBase:WBGene00009976,ORTH,swan-2
ENSEMBL:ENSMMUG00000012559,ORTH,ENSEMBL:ENSMMUG00000012559
MP:0006042,DISO,increased apoptosis
ENSEMBL:ENSCAFG00000005661,ORTH,ENSEMBL:ENSCAFG00000005661
ENSEMBL:ENSMODG00000011925,ORTH,ENSEMBL:ENSMODG00000011925
ZP:0138061,DISO,"prepulse inhibition increased magnitude, abnormal"
SGD:S000001163,ORTH,LSM12
HP:0002750,DISO,Delayed skeletal maturation
ENSEMBL:ENSBTAG00000003798,ORTH,AMFR
ENSEMBL:ENSSSCG00000012604,ORTH,ENSEMBL:ENSSSCG00000012604
HP:0010830,DISO,Impaired tactile sensation
ZFIN:ZDB-GENE-040718-45,ORTH,dnajb6a
MP:0014142,DISO,increased body fat mass
MP:0010392,DISO,prolonged QRS complex duration
ZP:0001049,DISO,"head circular, abnormal"
ENSEMBL:ENSACAG00000003643,ORTH,ENSEMBL:ENSACAG00000003643
ZP:0137227,DISO,"neuron projection CaP motoneuron decreased amount, abnormal"
MP:0004152,DISO,abnormal circulating iron level
RGD:619740,ORTH,Rab9a
ENSEMBL:ENSACAG00000003603,ORTH,ENSEMBL:ENSACAG00000003603
ENSEMBL:ENSPTRG00000039806,ORTH,ENSEMBL:ENSPTRG00000039806
MP:0008234,DISO,absent spleen marginal zone
MP:0000709,DISO,enlarged thymus
ENSEMBL:ENSCAFG00000018610,ORTH,ENSEMBL:ENSCAFG00000018610
HP:0011019,DISO,Abnormality of chromosome condensation
HP:0000767,DISO,Pectus excavatum
MP:0001689,DISO,incomplete somite formation
ENSEMBL:ENSBTAG00000023169,ORTH,NINL
ENSEMBL:ENSOANG00000012075,ORTH,ENSEMBL:ENSOANG00000012075
ENSEMBL:ENSSSCG00000032556,ORTH,ALDOA
HP:0004408,DISO,Abnormality of the sense of smell
ENSEMBL:ENSSSCG00000007700,ORTH,HIP1
ZFIN:ZDB-GENE-040426-1473,ORTH,rasd1
ZP:0000685,DISO,"heart physical object quality, abnormal"
ENSEMBL:ENSCAFG00000018144,ORTH,F1PNI3
ZP:0001428,DISO,"epiboly involved in gastrulation with mouth forming second disrupted, abnormal"
MP:0005449,DISO,abnormal food intake
ENSEMBL:ENSACAG00000003867,ORTH,ENSEMBL:ENSACAG00000003867
ZP:0003667,DISO,"pre-miRNA processing disrupted, abnormal"
MP:0003988,DISO,disorganized embryonic tissue
ZP:0011672,DISO,"medial rectus decreased thickness, abnormal"
HP:0002506,DISO,Diffuse cerebral atrophy
ZP:0018685,DISO,"atrioventricular valve increased distribution, abnormal"
ENSEMBL:ENSSSCG00000005955,ORTH,EFR3A
RGD:62038,ORTH,Dctn1
ZFIN:ZDB-GENE-130530-643,ORTH,amfrb
FlyBase:FBgn0016697,ORTH,Prosalpha5
ENSEMBL:ENSPTRG00000008904,ORTH,ENSEMBL:ENSPTRG00000008904
ENSEMBL:ENSGALG00000006775,ORTH,TGM2
ENSEMBL:ENSRNOG00000000787,ORTH,LOC100909797
HP:0002615,DISO,Hypotension
EnsemblGenome:AT5G19770,ORTH,EnsemblGenome:AT5G19770
MGI:1919318,ORTH,Cnot2
HP:0002017,DISO,Nausea and vomiting
WBPhenotype:0000698,DISO,vulvaless
ZP:0000414,DISO,"ventral mandibular arch malformed, abnormal"
WBPhenotype:0001141,DISO,nucleus reforms cell division remnant early emb
RGD:1566089,ORTH,LOC303448
dictyBase:DDB_G0277803,GENO,rpl4
ENSEMBL:ENSECAG00000009164,ORTH,ENSEMBL:ENSECAG00000009164
MP:0005377,DISO,hearing/vestibular/ear phenotype
ENSEMBL:ENSACAG00000001226,ORTH,ENSEMBL:ENSACAG00000001226
ENSEMBL:ENSMMUG00000001916,ORTH,ENSEMBL:ENSMMUG00000001916
ENSEMBL:ENSOANG00000049902,ORTH,ENSEMBL:ENSOANG00000049902
ZP:0017509,DISO,"photoreceptor outer segment photoreceptor cell morphology, abnormal"
WormBase:WBGene00007036,ORTH,sod-5
MP:0011278,DISO,increased ear pigmentation
HP:0003076,DISO,Glycosuria
HGNC:9544,GENE,PSMB7
ENSEMBL:ENSSSCG00000005590,ORTH,ENSEMBL:ENSSSCG00000005590
HP:0001643,DISO,Patent ductus arteriosus
Xenbase:XB-GENE-1012765,ORTH,atg5
ZP:0002186,DISO,"yolk decreased size, abnormal"
ZP:0002075,DISO,"amacrine cell decreased amount, abnormal"
HP:0000494,DISO,Downslanted palpebral fissures
WBPhenotype:0000239,DISO,vulval cell lineage variant
ENSEMBL:ENSOANG00000005845,ORTH,ENSEMBL:ENSOANG00000005845
HP:0006855,DISO,Cerebellar vermis atrophy
MP:0009657,DISO,failure of chorioallantoic fusion
ENSEMBL:ENSFCAG00000050410,ORTH,ENSEMBL:ENSFCAG00000050410
MP:0002177,DISO,abnormal outer ear morphology
HP:0001251,DISO,Ataxia
ZP:0003503,DISO,"pharyngeal arch decreased size, abnormal"
SGD:S000006161,ORTH,HSP82
ZP:0002497,DISO,"retina layer formation process quality, abnormal"
WBPhenotype:0001139,DISO,nuclear envelope assembly variant early emb
ENSEMBL:ENSOANG00000047432,ORTH,ENSEMBL:ENSOANG00000047432
HP:0007010,DISO,Poor fine motor coordination
MGI:1861699,ORTH,Htt<tm3Mem>
HGNC:7878,GENE,CNOT2
SGD:S000000112,ORTH,FUS3
ZFIN:ZDB-GENE-040426-1063,ORTH,ptgesl
ZP:0105657,DISO,"retinal ganglion cell decreased occurrence cysteine-type endopeptidase activity, abnormal"
WBPhenotype:0001119,DISO,cell cycle slow early emb
WBPhenotype:0002218,DISO,arsenite hypersensitive
ZP:0019152,DISO,"photoreceptor disc membrane eye photoreceptor cell deformed, abnormal"
RGD:620305,ORTH,Hip1
ENSEMBL:ENSMODG00000013940,ORTH,ENSEMBL:ENSMODG00000013940
ENSEMBL:ENSPTRG00000004125,ORTH,ENSEMBL:ENSPTRG00000004125
MP:0011683,DISO,dual inferior vena cava
ENSEMBL:ENSGALG00000004834,ORTH,ENSEMBL:ENSGALG00000004834
ENSEMBL:ENSECAG00000023415,ORTH,ENSEMBL:ENSECAG00000023415
HP:0005576,DISO,Tubulointerstitial fibrosis
HGNC:6752,GENE,M6PR
ZFIN:ZDB-GENE-040718-353,ORTH,psmb2
ENSEMBL:ENSSSCG00000006983,ORTH,ENSEMBL:ENSSSCG00000006983
ENSEMBL:ENSPTRG00000018860,ORTH,ENSEMBL:ENSPTRG00000018860
ENSEMBL:ENSCAFG00000017986,ORTH,DYNC1H1
WBPhenotype:0000510,DISO,vulval invagination variant L4
ZFIN:ZDB-GENE-090311-50,ORTH,rasa1b
dictyBase:DDB_G0277403,GENO,clc
SGD:S000003455,ORTH,HSV2
MP:0009414,DISO,skeletal muscle fiber necrosis
FBcv:0002037,DISO,majority die during embryonic stage
MGI:3588211,ORTH,Magea10
ENSEMBL:ENSSSCG00000010831,ORTH,ENSEMBL:ENSSSCG00000010831
ZP:0000243,DISO,"Z disc skeletal muscle disorganized, abnormal"
WormBase:WBGene00008885,ORTH,F16C3.1
MP:0005571,DISO,decreased lactate dehydrogenase level
HP:0011801,DISO,Enlargement of parotid gland
ENSEMBL:ENSACAG00000016368,ORTH,ENSEMBL:ENSACAG00000016368
EFO:0007040,GENO,blood lead measurement
MP:0008841,DISO,ruptured lens capsule
PomBase:SPBC1734.11,GENO,mas5
ENSEMBL:ENSECAG00000017197,ORTH,ENSEMBL:ENSECAG00000017197
RGD:1306902,ORTH,Psmd7
ENSEMBL:ENSCAFG00000000641,ORTH,ENSEMBL:ENSCAFG00000000641
RGD:3731,ORTH,Sod1
FlyBase:FBgn0031457,ORTH,Snx21
ZP:0016367,DISO,"synapse assembly process quality, abnormal"
ENSEMBL:ENSOANG00000045435,ORTH,ENSEMBL:ENSOANG00000045435
HP:0012757,DISO,Abnormal neuron morphology
ENSEMBL:ENSOANG00000042299,ORTH,ENSEMBL:ENSOANG00000042299
ENSEMBL:ENSPTRG00000015794,ORTH,ENSEMBL:ENSPTRG00000015794
RGD:3329,ORTH,Pik3r1
WBPhenotype:0001129,DISO,cleavage furrow defective early emb
MP:0002896,DISO,abnormal bone mineralization
ZP:0101897,DISO,"motor neuron facial nerve motor nucleus circular, abnormal"
HP:0000340,DISO,Sloping forehead
ENSEMBL:ENSBTAG00000026753,ORTH,CXCR1
ENSEMBL:ENSBTAG00000031483,ORTH,A0A3Q1MR28
FlyBase:FBgn0026090,ORTH,Lamtor5
ENSEMBL:ENSMODG00000020890,ORTH,ENSEMBL:ENSMODG00000020890
ZP:0017134,DISO,"diencephalon mislocalised, abnormal"
HGNC:23572,GENE,MORC3
ZFIN:ZDB-GENE-990415-27,ORTH,csnk2a1
ZP:0019987,DISO,"neural tube closure, abnormal"
HP:0001541,DISO,Ascites
ENSEMBL:ENSSSCG00000029174,ORTH,ENSEMBL:ENSSSCG00000029174
SGD:S000004460,ORTH,YPT7
FlyBase:FBgn0030100,ORTH,CG12106
ENSEMBL:ENSOANG00000012207,ORTH,ENSEMBL:ENSOANG00000012207
ENSEMBL:ENSPTRG00000017438,ORTH,ENSEMBL:ENSPTRG00000017438
WormBase:WBGene00020101,ORTH,lmtr-5
RGD:1310409,ORTH,Ttc23
ENSEMBL:ENSGALG00000043929,ORTH,LOC101749377
SGD:S000004765,ORTH,TPP1
MP:0005559,DISO,increased circulating glucose level
ENSEMBL:ENSMODG00000010645,ORTH,ENSEMBL:ENSMODG00000010645
ENSEMBL:ENSSSCG00000001229,ORTH,LOC100513601
ENSEMBL:ENSMMUG00000023515,ORTH,ENSEMBL:ENSMMUG00000023515
Coriell:GM04209,GENO,NIGMS-GM04209
FBcv:0000376,DISO,male fertile
ENSEMBL:ENSSSCG00000023204,ORTH,AXIN1
ZP:0106833,DISO,"floor plate increased amount, abnormal"
WBPhenotype:0000644,DISO,paralyzed
ENSEMBL:ENSOANG00000012420,ORTH,ENSEMBL:ENSOANG00000012420
MP:0002801,DISO,abnormal long term object recognition memory
NCBIGene:100334818,GENE,LOC100334818
ZP:0005472,DISO,"synaptic vesicle lumen acidification decreased process quality, abnormal"
MP:0001244,DISO,thin dermal layer
ZP:0001255,DISO,"post-vent region curved dorsal, abnormal"
dictyBase:DDB_G0289445,GENO,prmt2
ENSEMBL:ENSPTRG00000019307,ORTH,ENSEMBL:ENSPTRG00000019307
HP:0003563,DISO,Decreased LDL cholesterol concentration
SGD:S000005590,ORTH,YNG1
MP:0004187,DISO,cardia bifida
ZP:0000413,DISO,"ventricular system increased size, abnormal"
MP:0009581,DISO,decreased keratinocyte apoptosis
MP:0003917,DISO,increased kidney weight
MP:0001706,DISO,abnormal left-right axis patterning
ENSEMBL:ENSSSCG00000005787,ORTH,CTDP1
FBcv:0002026,DISO,lethal - all die before end of prepupal stage
MP:0004163,DISO,abnormal adenohypophysis morphology
FlyBase:FBgn0260397,ORTH,Su(var)3-3
ENSEMBL:ENSACAG00000015502,ORTH,ENSEMBL:ENSACAG00000015502
ENSEMBL:ENSCAFG00000013148,ORTH,ENSEMBL:ENSCAFG00000013148
HGNC:11551,GENE,BRF1
HP:0010747,DISO,Medial flaring of the eyebrow
ENSEMBL:ENSGALG00000004160,ORTH,ENSEMBL:ENSGALG00000004160
ZFIN:ZDB-GENE-041114-150,ORTH,haus5
HP:0002495,DISO,Impaired vibratory sensation
MGI:1915445,ORTH,Rnaset2a
WBPhenotype:0000032,DISO,sick
ENSEMBL:ENSGALG00000040028,ORTH,GLB1
HGNC:8882,GENE,PFN2
ENSEMBL:ENSCAFG00000013237,ORTH,SH3GL3
ENSEMBL:ENSCAFG00000001536,ORTH,ENSEMBL:ENSCAFG00000001536
ENSEMBL:ENSFCAG00000023182,ORTH,ENSEMBL:ENSFCAG00000023182
WBPhenotype:0001146,DISO,polar body size defective early emb
dictyBase:DDB_G0280969,GENO,psmA4
ZFIN:ZDB-GENE-030131-2576,ORTH,tgm2b
HP:0030344,DISO,Decreased circulating luteinizing hormone level
MP:0004382,DISO,abnormal hair follicle melanogenesis
ENSEMBL:ENSMMUG00000030824,ORTH,ENSEMBL:ENSMMUG00000030824
ZP:0012049,DISO,"bulbus arteriosus elongated, abnormal"
Coriell:GM02172,GENO,NIGMS-GM02172
MP:0013733,DISO,squamous metaplasia of bulbourethral gland
XPO:0103286,GENO,absent head
EFO:0004340,GENO,body mass index
ENSEMBL:ENSOANG00000005733,ORTH,ENSEMBL:ENSOANG00000005733
MONARCH:APO_0000312APO_0000005,GENO,cell death:absent
HP:0003750,DISO,Increased muscle fatiguability
MP:0000424,DISO,retarded hair growth
FlyBase:FBgn0052365,ORTH,CG32365
ENSEMBL:ENSPTRG00000044616,ORTH,ENSEMBL:ENSPTRG00000044616
WormBase:WBGene00008768,ORTH,CELE_F13G3.10
RGD:1310684,ORTH,Immt
ENSEMBL:ENSBTAG00000027337,ORTH,CTSA
FlyBase:FBgn0032595,ORTH,CG17996
MP:0005217,DISO,abnormal pancreatic beta cell morphology
ZP:0006334,DISO,"extracellular matrix constituent secretion disrupted, abnormal"
ENSEMBL:ENSSSCG00000013333,ORTH,ENSEMBL:ENSSSCG00000013333
MP:0008498,DISO,decreased IgG3 level
WormBase:WBGene00000161,ORTH,apa-2
ENSEMBL:ENSSSCG00000009886,ORTH,TRAFD1
ZFIN:ZDB-GENE-030131-6318,ORTH,mbd1b
MP:0002953,DISO,thick ventricular wall
HP:0007703,DISO,Abnormality of retinal pigmentation
ZFIN:ZDB-GENE-060810-7,ORTH,cryl1
MP:0013202,DISO,abnormal cilium morphology
EFO:0009552,GENO,hemorrhoid
ZP:0003404,DISO,"cerebral spinal fluid increased volume, abnormal"
ENSEMBL:ENSBTAG00000021569,ORTH,DDB1
MGI:103071,ORTH,Rangap1
EFO:0004713,GENO,FEV/FEC ratio
EnsemblGenome:AT1G10670,ORTH,EnsemblGenome:AT1G10670
FlyBase:FBgn0038722,ORTH,Nup58
ENSEMBL:ENSPTRG00000046571,ORTH,ENSEMBL:ENSPTRG00000046571
MP:0001413,DISO,abnormal response to new environment
WBPhenotype:0000768,DISO,cytoplasmic structure defective early emb
WBPhenotype:0001703,DISO,body bend variant
WBPhenotype:0001150,DISO,polar body reabsorbed one two early emb
ENSEMBL:ENSSSCG00000001912,ORTH,PML
dictyBase:DDB_G0274281,GENO,ppiH
MP:0003143,DISO,enlarged otoliths
ENSEMBL:ENSBTAG00000005441,ORTH,ENSEMBL:ENSBTAG00000005441
FlyBase:FBgn0026418,ORTH,Hsc70Cb
RGD:1304556,ORTH,Actg1
ZP:0009506,DISO,"nucleate erythrocyte proportionality to nucleus cytoplasm nucleate erythrocyte, abnormal"
ENSEMBL:ENSMMUG00000009058,ORTH,ENSEMBL:ENSMMUG00000009058
MGI:95757,ORTH,Slc2a3
PomBase:SPBC216.07c,GENO,tor2
WBPhenotype:0001875,DISO,anaphase bridging
ENSEMBL:ENSCAFG00000032005,ORTH,ENSEMBL:ENSCAFG00000032005
dictyBase:DDB_G0283857,GENO,lig3
HP:0008872,DISO,Feeding difficulties in infancy
MP:0002981,DISO,increased liver weight
MP:0008725,DISO,enlarged heart atrium
ZFIN:ZDB-GENE-040426-2548,ORTH,ranbp1
ENSEMBL:ENSSSCG00000016011,ORTH,NEUROD1
ZP:0000047,DISO,"retinal photoreceptor layer disorganized, abnormal"
HP:0009794,DISO,Branchial anomaly
dictyBase:DDB_G0272118,GENO,ppp6c
ENSEMBL:ENSGALG00000010042,ORTH,ENSEMBL:ENSGALG00000010042
WormBase:WBGene00020985,ORTH,W03D8.2
MONARCH:APO_0000212APO_0000002,GENO,bud morphology:abnormal
ENSEMBL:ENSGALG00000016512,ORTH,NRBP1
SGD:S000003733,ORTH,UBP12
MP:0003329,DISO,amyloid beta deposits
HGNC:20758,GENE,ZFYVE19
Coriell:GM03790,GENO,NIGMS-GM03790
RGD:1308943,ORTH,Vat1
MP:0000811,DISO,hippocampal neuron degeneration
WBPhenotype:0000296,DISO,spicules crumpled
MGI:1928898,ORTH,Usp14
ZP:0018592,DISO,"ventral wall of dorsal aorta decreased amount, abnormal"
RGD:1589743,ORTH,Ulk1
ENSEMBL:ENSPTRG00000011260,ORTH,ENSEMBL:ENSPTRG00000011260
ENSEMBL:ENSECAG00000021821,ORTH,ENSEMBL:ENSECAG00000021821
HP:0025032,DISO,Abnormality of digestive system physiology
FlyBase:CG42724,ORTH,FlyBase:CG42724
ENSEMBL:ENSSSCG00005037806,ORTH,ENSEMBL:ENSSSCG00005037806
ZP:0002589,DISO,"whole organism unbalanced, abnormal"
WBPhenotype:0000220,DISO,vulva cell fate specification variant
ZP:0000533,DISO,"sarcomere heart increased size, abnormal"
ZFIN:ZDB-GENE-061013-433,ORTH,pnkp
ZFIN:ZDB-GENE-040426-983,ORTH,atxn3
HP:0000766,DISO,Abnormal sternum morphology
ENSEMBL:ENSPTRG00000006648,ORTH,ENSEMBL:ENSPTRG00000006648
ENSEMBL:ENSMMUG00000020451,ORTH,ENSEMBL:ENSMMUG00000020451
ENSEMBL:ENSECAG00000006095,ORTH,ENSEMBL:ENSECAG00000006095
WBPhenotype:0000925,DISO,sex muscle morphology variant
Xenbase:XB-GENE-479716,ORTH,ctdp1
ENSEMBL:ENSMODG00000015187,ORTH,ENSEMBL:ENSMODG00000015187
ENSEMBL:ENSMMUG00000019919,ORTH,ENSEMBL:ENSMMUG00000019919
ENSEMBL:ENSPTRG00000011268,ORTH,ENSEMBL:ENSPTRG00000011268
Xenbase:XB-GENE-989058,ORTH,opa1
WormBase:WBGene00006760,ORTH,unc-23
ZFIN:ZDB-GENE-040625-96,ORTH,psma5
ENSEMBL:ENSCAFG00000004400,ORTH,NINL
ENSEMBL:ENSPTRG00000004085,ORTH,ENSEMBL:ENSPTRG00000004085
MP:0020394,DISO,decreased neuronal precursor proliferation
MP:0020467,DISO,abnormal circadian behavior
ENSEMBL:ENSFCAG00000042897,ORTH,ENSEMBL:ENSFCAG00000042897
ENSEMBL:ENSACAG00000000167,ORTH,ENSEMBL:ENSACAG00000000167
ENSEMBL:ENSMMUG00000047378,ORTH,ENSEMBL:ENSMMUG00000047378
ENSEMBL:ENSMODG00000005185,ORTH,ENSEMBL:ENSMODG00000005185
ENSEMBL:ENSOANG00000002684,ORTH,ENSEMBL:ENSOANG00000002684
Coriell:GM04852,GENO,NIGMS-GM04852
MP:0008457,DISO,abnormal cortical intermediate zone morphology
HP:0010851,DISO,EEG with burst suppression
SGD:S000005737,ORTH,MGM1
ZP:0014483,DISO,"innate immune response process quality, abnormal"
MP:0008260,DISO,abnormal autophagy
HP:0001713,DISO,Abnormal cardiac ventricle morphology
ENSEMBL:ENSMMUG00000001856,ORTH,ENSEMBL:ENSMMUG00000001856
ZFIN:ZDB-GENE-130530-690,ORTH,map1b
WormBase:WBGene00003803,ORTH,rae-1
MP:0010379,DISO,decreased respiratory quotient
MP:0012104,DISO,small amniotic cavity
MP:0030987,DISO,spinal cord inflammation
ZP:0017628,DISO,"pronephric proximal convoluted tubule distended, abnormal"
ENSEMBL:ENSFCAG00000041738,ORTH,ENSEMBL:ENSFCAG00000041738
MP:0000291,DISO,enlarged pericardium
WBPhenotype:0001106,DISO,spindle orientation variant AB or P1 early emb
ENSEMBL:ENSPTRG00000008952,ORTH,ENSEMBL:ENSPTRG00000008952
EFO:0004847,GENO,age at onset
HGNC:28796,GENE,MRFAP1L1
ZP:0018926,DISO,"skeletal muscle myofibril skeletal muscle disorganized, abnormal"
MP:0009806,DISO,abnormal otic vesicle morphology
ENSEMBL:ENSCAFG00000016728,ORTH,PSMA4
MP:0001222,DISO,epidermal hyperplasia
ENSEMBL:ENSOANG00000009358,ORTH,ENSEMBL:ENSOANG00000009358
MP:0005093,DISO,decreased B cell proliferation
ZP:0008442,DISO,"cellular sodium ion homeostasis decreased process quality, abnormal"
MP:0005191,DISO,head tilt
ZP:0018336,DISO,"glossopharyngeal ganglion decreased size, abnormal"
Xenbase:XB-GENE-1217661,ORTH,morc3
ZFIN:ZDB-GENE-050522-205,ORTH,nefma
ENSEMBL:ENSFCAG00000004503,ORTH,ENSEMBL:ENSFCAG00000004503
HP:0012378,DISO,Fatigue
WBPhenotype:0000583,DISO,dumpy
RGD:1311771,ORTH,Commd1
ENSEMBL:ENSCAFG00000010649,ORTH,IPO9
ZP:0018558,DISO,"anterior lateral plate mesoderm increased distribution, abnormal"
ENSEMBL:ENSACAG00000017032,ORTH,ENSEMBL:ENSACAG00000017032
MP:0002761,DISO,abnormal hippocampal mossy fiber morphology
WormBase:WBGene00004459,ORTH,rpn-2
HP:0000504,DISO,Abnormality of vision
ENSEMBL:ENSACAG00000009914,ORTH,ENSEMBL:ENSACAG00000009914
MP:0010299,DISO,increased mammary gland tumor incidence
MP:0011167,DISO,abnormal adipose tissue development
ENSEMBL:ENSMMUG00000016827,ORTH,ENSEMBL:ENSMMUG00000016827
WormBase:WBGene00006864,ORTH,npr-16
ENSEMBL:ENSMODG00000024959,ORTH,ENSEMBL:ENSMODG00000024959
HGNC:5123,GENE,HOXC11
HP:0010628,DISO,Facial palsy
EFO:0004312,GENO,vital capacity
WBPhenotype:0001567,DISO,nuclei enlarged
FlyBase:FBgn0037894,ORTH,Ipo9
ENSEMBL:ENSACAG00000011664,ORTH,ENSEMBL:ENSACAG00000011664
ENSEMBL:ENSCAFG00000014341,ORTH,ENSEMBL:ENSCAFG00000014341
ENSEMBL:ENSACAG00000012897,ORTH,ENSEMBL:ENSACAG00000012897
ZFIN:ZDB-GENE-030416-1,ORTH,eppk1
HP:0010648,DISO,Dermal translucency
WBPhenotype:0002107,DISO,RAB-11 recycling endosome localization variant
ZP:0015598,DISO,"liver low brightness, abnormal"
dbSNP:rs4736525,GENO,rs4736525-?
ZFIN:ZDB-GENE-081104-27,ORTH,dnm1a
ENSEMBL:ENSPTRG00000017294,ORTH,ENSEMBL:ENSPTRG00000017294
dbSNP:rs78621558,GENO,rs78621558-?
ZP:0107019,DISO,"Non-Lymphoid leukaemias whole organism increased amount, abnormal"
RGD:1309836,ORTH,Med21
ENSEMBL:ENSMODG00000011702,ORTH,ENSEMBL:ENSMODG00000011702
ENSEMBL:ENSMMUG00000009015,ORTH,ENSEMBL:ENSMMUG00000009015
ENSEMBL:ENSPTRG00000047504,ORTH,ENSEMBL:ENSPTRG00000047504
MGI:96269,ORTH,Ranbp1
GO:0031587,PHYS,"positive regulation of inositol 1,4,5-trisphosphate-sensitive calcium-release channel activity"
HP:0003219,DISO,Ethylmalonic aciduria
MP:0009935,DISO,abnormal Meibomian gland acinus morphology
ENSEMBL:ENSECAG00000039368,ORTH,ENSEMBL:ENSECAG00000039368
WBPhenotype:0000052,DISO,maternal effect lethal emb
WBPhenotype:0002560,DISO,burrowing in response to high population density increased
WBPhenotype:0002013,DISO,univalent meiotic chromosomes
ZFIN:ZDB-GENE-101108-4,ORTH,ptprmb
HP:0200023,DISO,Priapism
ENSEMBL:ENSECAG00000024659,ORTH,ENSEMBL:ENSECAG00000024659
MP:0008671,DISO,abnormal interleukin-13 secretion
MONARCH:APO_0000095APO_0000003,GENO,chemical compound accumulation:decreased
WBPhenotype:0001761,DISO,axon midline crossing variant
ENSEMBL:ENSFCAG00000028004,ORTH,ENSEMBL:ENSFCAG00000028004
ENSEMBL:ENSECAG00000034395,ORTH,ENSEMBL:ENSECAG00000034395
HP:0000501,DISO,Glaucoma
ENSEMBL:ENSCAFG00000005118,ORTH,SEC13
ZP:0007017,DISO,"slow muscle cell broken, abnormal"
ZP:0006371,DISO,"yolk syncytial layer increased size, abnormal"
ENSEMBL:ENSOANG00000003698,ORTH,ENSEMBL:ENSOANG00000003698
ENSEMBL:ENSECAG00000013197,ORTH,ENSEMBL:ENSECAG00000013197
FlyBase:FBgn0032474,ORTH,DnaJ-H
ENSEMBL:ENSPTRG00000049619,ORTH,ENSEMBL:ENSPTRG00000049619
HP:0000961,DISO,Cyanosis
HP:0010174,DISO,Broad phalanx of the toes
ENSEMBL:ENSSSCG00000032517,ORTH,ENSEMBL:ENSSSCG00000032517
WormBase:WBGene00004822,ORTH,skr-16
PomBase:SPAC13C5.01c,GENO,pre9
HP:0011282,DISO,Abnormality of hindbrain morphology
MGI:1312921,ORTH,Casp6
RGD:1593362,ORTH,LOC691918
WormBase:WBGene00011995,ORTH,rsf-1
WBPhenotype:0000169,DISO,early exit cell cycle
PomBase:SPAC824.04,GENO,swd22
FBcv:0000417,DISO,abnormal flight
MP:0020002,DISO,increased response to antigen
MP:0003570,DISO,increased uterus leiomyoma incidence
MP:0013842,DISO,ductus venosus stenosis
ZP:0003437,DISO,"trunk morphology, abnormal"
ZFIN:ZDB-GENE-090511-1,ORTH,ftr80
MP:0001272,DISO,increased metastatic potential
MGI:3709758,ORTH,Drd1<tm2Jcd>/Drd1<+>; Tg(Camk2a-cre)2Gsc [involves: 129S4/SvJae * FVB/N]
ZFIN:ZDB-GENE-070112-242,ORTH,sh3gl3a
ENSEMBL:ENSBTAG00000021979,ORTH,ENSEMBL:ENSBTAG00000021979
ENSEMBL:ENSPTRG00000004442,ORTH,ENSEMBL:ENSPTRG00000004442
MGI:4429156,ORTH,Tg(GFAP-HTT*160Q)1Xjl [either: (involves: FVB/NCrl) or (involves: C3H * C57BL/6 * FVB/NCrl)]
HP:0002766,DISO,Relatively short spine
ZP:0003788,DISO,"granulocyte decreased amount, abnormal"
WormBase:WBGene00019257,ORTH,dhhc-13
ENSEMBL:ENSBTAG00000012086,ORTH,ENSEMBL:ENSBTAG00000012086
ENSEMBL:ENSCAFG00000011666,ORTH,ENSEMBL:ENSCAFG00000011666
ZP:0106673,DISO,"granulocyte blood island decreased amount, abnormal"
FlyBase:FBgn0029830,ORTH,Grip
MGI:109353,ORTH,Ufd1
HP:0012767,DISO,Abnormal placental size
ZP:0009543,DISO,"myofibril muscle morphology, abnormal"
WBPhenotype:0001133,DISO,division axis defective
MP:0003141,DISO,cardiac fibrosis
MP:0013219,DISO,abnormal substantia nigra pars compacta morphology
HGNC:9251,GENE,CTSA
ENSEMBL:ENSMMUG00000011769,ORTH,ENSEMBL:ENSMMUG00000011769
MGI:88145,ORTH,Bdnf
MP:0001988,DISO,cocaine preference
ZP:0002262,DISO,"vacuole notochord broken, abnormal"
WBPhenotype:0000772,DISO,sister chromatid segregation defective early emb
ZP:0000340,DISO,"embryonic eye morphogenesis disrupted, abnormal"
WBPhenotype:0001980,DISO,germ cell compartment expansion variant
EnsemblGenome:AT5G67380,ORTH,EnsemblGenome:AT5G67380
HP:0000776,DISO,Congenital diaphragmatic hernia
ZFIN:ZDB-GENE-040122-3,ORTH,rab5ab
HGNC:8161,GENE,OR10A2
RGD:1307115,ORTH,Cenpe
ZP:0004703,DISO,"cell migration process quality, abnormal"
ZP:0011927,DISO,"endoplasmic reticulum retinal inner nuclear layer morphology, abnormal"
MP:0010808,DISO,right-sided stomach
HP:0012547,DISO,Abnormal involuntary eye movements
MGI:5763069,ORTH,Supt4a<tm1Yty>/Supt4a<+>; Tg(HDexon1)62Gpb [involves: 129S6/SvEvTac * C57BL/6 * CBA]
MONARCH:APO_0000204APO_0000117,GENO,hyperosmotic stress resistance:normal
MP:0004768,DISO,abnormal axonal transport
MP:0009940,DISO,abnormal hippocampus pyramidal cell morphology
ENSEMBL:ENSFCAG00000005451,ORTH,ENSEMBL:ENSFCAG00000005451
HP:0012090,DISO,Abnormal pancreas morphology
ENSEMBL:ENSFCAG00000008668,ORTH,ENSEMBL:ENSFCAG00000008668
dictyBase:DDB_G0282651,GENO,rsmN
ZFIN:ZDB-GENE-050419-202,ORTH,pias1b
ENSEMBL:ENSFCAG00000009764,ORTH,ENSEMBL:ENSFCAG00000009764
ENSEMBL:ENSPTRG00000045792,ORTH,ENSEMBL:ENSPTRG00000045792
HP:0031888,DISO,Abnormal HDL cholesterol concentration
ENSEMBL:ENSBTAG00000050655,ORTH,ENSEMBL:ENSBTAG00000050655
HP:0001082,DISO,Cholecystitis
WBPhenotype:0000195,DISO,distal tip cell migration variant
Xenbase:XB-GENE-963687,ORTH,ufd1
WBPhenotype:0002199,DISO,neuron calcium transient levels variant
WormBase:WBGene00007699,ORTH,C24H11.1
ENSEMBL:ENSXETG00000031111,ORTH,map3k7
MP:0002920,DISO,decreased paired-pulse facilitation
WormBase:WBGene00011474,ORTH,aldo-1
ENSEMBL:ENSFCAG00000014823,ORTH,ENSEMBL:ENSFCAG00000014823
MP:0004965,DISO,inner cell mass degeneration
MGI:1351338,ORTH,Grm1
HP:0000492,DISO,Abnormal eyelid morphology
ZFIN:ZDB-GENE-030131-9663,ORTH,pabpc4
ENSEMBL:ENSPTRG00000013342,ORTH,ENSEMBL:ENSPTRG00000013342
MP:0001196,DISO,shiny skin
ENSEMBL:ENSECAG00000015953,ORTH,ENSEMBL:ENSECAG00000015953
HP:0100716,DISO,Self-injurious behavior
FlyBase:FBgn0003132,ORTH,Pp1-13C
ZP:0000500,DISO,"Meckel's cartilage decreased length, abnormal"
MGI:1276527,ORTH,H2-M10.4
ENSEMBL:ENSFCAG00000010390,ORTH,ENSEMBL:ENSFCAG00000010390
Xenbase:XB-GENE-6455973,ORTH,ubl4a
ENSEMBL:ENSPTRG00000021543,ORTH,ENSEMBL:ENSPTRG00000021543
ENSEMBL:ENSMODG00000006222,ORTH,ENSEMBL:ENSMODG00000006222
ZFIN:ZDB-GENE-010125-1,ORTH,oprm1
ENSEMBL:ENSCAFG00030004107,ORTH,ENSEMBL:ENSCAFG00030004107
MP:0003402,DISO,decreased liver weight
EFO:0004570,GENO,bilirubin measurement
ZP:0011673,DISO,"adductor mandibulae decreased thickness, abnormal"
ENSEMBL:ENSCAFG00000004725,ORTH,CDK5
MP:0010682,DISO,abnormal hair follicle infundibulum morphology
ENSEMBL:ENSBTAG00000053213,ORTH,ENSEMBL:ENSBTAG00000053213
WBPhenotype:0000020,DISO,pharyngeal pumping irregular
WBPhenotype:0000724,DISO,protein secretion variant
RGD:2401,ORTH,Crebbp
ENSEMBL:ENSSSCG00000027746,ORTH,ENSEMBL:ENSSSCG00000027746
Coriell:GM04861,GENO,NIGMS-GM04861
MP:0004883,DISO,abnormal vascular wound healing
ENSEMBL:ENSPTRG00000049060,ORTH,ENSEMBL:ENSPTRG00000049060
ZP:0006347,DISO,"intestinal villus disorganized, abnormal"
MP:0002086,DISO,abnormal extraembryonic tissue morphology
ENSEMBL:ENSCAFG00000010856,ORTH,ENSEMBL:ENSCAFG00000010856
FBcv:0000399,DISO,abnormal courtship behavior
ENSEMBL:ENSMODG00000009090,ORTH,ENSEMBL:ENSMODG00000009090
WBPhenotype:0000409,DISO,organism morphology variable
WBPhenotype:0001099,DISO,nose twisted
ZFIN:ZDB-GENE-120919-4,ORTH,itcha
ENSEMBL:ENSFCAG00000007797,ORTH,ENSEMBL:ENSFCAG00000007797
WormBase:WBGene00219376,ORTH,C28G1.10
ENSEMBL:ENSBTAG00000034529,ORTH,HMGA1
ENSEMBL:ENSSSCG00000010481,ORTH,ENSEMBL:ENSSSCG00000010481
HP:0005518,DISO,Increased mean corpuscular volume
ZFIN:ZDB-GENE-030131-6898,ORTH,hnrnpm
HP:0002090,DISO,Pneumonia
MP:0004702,DISO,increased circulating insulin-like growth factor I level
ZP:0000044,DISO,"heart quality, abnormal"
ENSEMBL:ENSPTRG00000013890,ORTH,ENSEMBL:ENSPTRG00000013890
ENSEMBL:ENSMMUG00000004560,ORTH,ENSEMBL:ENSMMUG00000004560
ZP:0002231,DISO,"head pointed, abnormal"
ENSEMBL:ENSCAFG00000008980,ORTH,ENSEMBL:ENSCAFG00000008980
MP:0008866,DISO,chromosomal instability
ZP:0000688,DISO,"cardiac muscle cell decreased amount, abnormal"
ZP:0014445,DISO,"fin regeneration process quality, abnormal"
MP:0012319,DISO,fast extinction of fear memory
HP:0001510,DISO,Growth delay
ENSEMBL:ENSECAG00000019139,ORTH,ENSEMBL:ENSECAG00000019139
MP:0011243,DISO,decreased fetal derived definitive erythrocyte cell number
MP:0001525,DISO,impaired balance
Coriell:GM04818,GENO,NIGMS-GM04818
MP:0004354,DISO,absent deltoid tuberosity
WBPhenotype:0001268,DISO,induced cell death variant
ENSEMBL:ENSACAG00000005399,ORTH,ENSEMBL:ENSACAG00000005399
HP:0200055,DISO,Small hand
ZP:0102175,DISO,"caudal fin morphogenesis process quality, abnormal"
ENSEMBL:ENSCAFG00000010270,ORTH,H9GWA4
ENSEMBL:ENSFCAG00000005684,ORTH,ENSEMBL:ENSFCAG00000005684
ENSEMBL:ENSMMUG00000015434,ORTH,ENSEMBL:ENSMMUG00000015434
RGD:2543,ORTH,Egfr
MP:0002856,DISO,abnormal vestibular ganglion morphology
dictyBase:DDB_G0278535,GENO,DDB_G0278535
ENSEMBL:ENSBTAG00000005663,ORTH,ENSEMBL:ENSBTAG00000005663
ENSEMBL:ENSMMUG00000011045,ORTH,ENSEMBL:ENSMMUG00000011045
ENSEMBL:ENSPTRG00000014959,ORTH,ENSEMBL:ENSPTRG00000014959
ZFIN:ZDB-GENE-040121-4,ORTH,sh3gl3b
HGNC:9966,GENE,REST
MGI:109192,ORTH,Actn2
RGD:1587522,ORTH,Magea4
PomBase:SPAC6G10.11c,GENO,ubi3
ZP:0010278,DISO,"hepatocellular carcinoma liver present, abnormal"
WBPhenotype:0001781,DISO,hypersensitivity to mutagen
ZP:0018014,DISO,"caudal fin increased process quality cell population proliferation, abnormal"
FlyBase:FBgn0020369,ORTH,Rpt6
HP:0030039,DISO,Fused thoracic vertebrae
HP:0006892,DISO,Frontotemporal cerebral atrophy
HP:0100671,DISO,Abnormal trabecular bone morphology
HP:0000590,DISO,Progressive external ophthalmoplegia
WBPhenotype:0000072,DISO,body morphology variant
FBcv:0000415,DISO,abnormal jumping
ZFIN:ZDB-GENE-050227-12,ORTH,cltcb
Xenbase:XB-GENE-1011796,ORTH,fan1
ENSEMBL:ENSGALG00000000317,ORTH,NEFM
HGNC:6628,GENE,LLGL1
Coriell:GM04737,GENO,NIGMS-GM04737
MGI:1333839,ORTH,Magea4
MP:0010101,DISO,increased sacral vertebrae number
ZP:0003997,DISO,"cerebellum decreased size, abnormal"
MGI:1926953,ORTH,Ctdp1
HP:0002518,DISO,Abnormal periventricular white matter morphology
MGI:1276524,ORTH,H2-M10.3
PomBase:SPAC29A4.02c,GENO,SPAC29A4.02c
dictyBase:DDB_G0289623,GENO,pex11
MP:0012135,DISO,embryonic-extraembryonic boundary constriction
MGI:1276525,ORTH,H2-M10.2
EFO:0007701,GENO,spine bone mineral density
WormBase:WBGene00001684,ORTH,gpd-2
ENSEMBL:ENSMMUG00000007497,ORTH,ENSEMBL:ENSMMUG00000007497
GO:0005814,PHYS,centriole
ENSEMBL:ENSGALG00000038951,ORTH,RASSF1
MP:0004747,DISO,abnormal cochlear OHC afferent innervation pattern
ENSEMBL:ENSGALG00000006512,ORTH,HSPA8
HGNC:6836,GENE,MAP1B
ENSEMBL:ENSMMUG00000018354,ORTH,ENSEMBL:ENSMMUG00000018354
WBPhenotype:0000316,DISO,touch resistant tail
ZP:0137626,DISO,"neuron projection motor neuron truncated, abnormal"
RGD:3624,ORTH,Atxn1
MP:0004255,DISO,abnormal spongiotrophoblast layer morphology
RGD:2139,ORTH,App
MP:0011097,DISO,"embryonic lethality between somite formation and embryo turning, complete penetrance"
ENSEMBL:ENSSSCG00000007280,ORTH,ITCH
ENSEMBL:ENSECAG00000008938,ORTH,ENSEMBL:ENSECAG00000008938
FlyBase:FBgn0042712,ORTH,HBS1
MP:0004023,DISO,abnormal chromosome number
RGD:620475,ORTH,Npy2r
HP:0000347,DISO,Micrognathia
HP:0001212,DISO,Prominent fingertip pads
HP:0012469,DISO,Infantile spasms
ZFIN:ZDB-GENE-050321-1,ORTH,hsp70l
ZP:0012827,DISO,"sensory perception of sound process quality, abnormal"
ENSEMBL:ENSMMUG00000062758,ORTH,ENSEMBL:ENSMMUG00000062758
RGD:1303075,ORTH,Hsp90ab1
ENSEMBL:ENSMMUG00000010668,ORTH,ENSEMBL:ENSMMUG00000010668
ENSEMBL:ENSSSCG00000012186,ORTH,MAGEB18
MP:0004151,DISO,decreased circulating iron level
ZFIN:ZDB-GENE-040912-30,ORTH,fth1b
ENSEMBL:ENSMODG00000008997,ORTH,ENSEMBL:ENSMODG00000008997
WBPhenotype:0000843,DISO,male mating efficiency reduced
WBPhenotype:0001934,DISO,vulval muscle extension variant
ZP:0106949,DISO,"response to drug process quality, abnormal"
ENSEMBL:ENSPTRG00000052483,ORTH,ENSEMBL:ENSPTRG00000052483
ENSEMBL:ENSPTRG00000018607,ORTH,ENSEMBL:ENSPTRG00000018607
ENSEMBL:ENSOANG00000004069,ORTH,ENSEMBL:ENSOANG00000004069
SGD:S000006070,ORTH,ATG5
ZP:0017783,DISO,"neoplasm whole organism increased occurrence, abnormal"
ENSEMBL:ENSBTAG00000003500,ORTH,ENSEMBL:ENSBTAG00000003500
Xenbase:XB-GENE-5829966,ORTH,znf180
ZP:0100479,DISO,"postero-dorsal region whole organism absent, abnormal"
Coriell:GM05428,GENO,NIGMS-GM05428
PomBase:SPBC12D12.04c,GENO,pck2
WBPhenotype:0002348,DISO,frequency of body bends increased
MONARCH:APO_0000131APO_0000248,GENO,protein/peptide modification:increased duration
WormBase:WBGene00013270,ORTH,Y57A10A.31
dictyBase:DDB_G0290831,GENO,rabK3
ZP:0000594,DISO,"embryo development delayed, abnormal"
ENSEMBL:ENSRNOG00000054497,ORTH,Taf4
WBPhenotype:0002459,DISO,hyperinduction of antimicrobial peptide expression after infection
HGNC:9675,GENE,PTPRM
Xenbase:XB-GENE-942203,ORTH,commd3
MP:0000377,DISO,abnormal hair follicle morphology
ENSEMBL:ENSECAG00000011717,ORTH,ENSEMBL:ENSECAG00000011717
MP:0012306,DISO,enhanced spatial learning
MP:0004045,DISO,abnormal cell cycle checkpoint function
SGD:S000000545,ORTH,GLK1
ENSEMBL:ENSGALG00000007224,ORTH,ENSEMBL:ENSGALG00000007224
WormBase:WBGene00006449,ORTH,alg-4
Xenbase:XB-GENE-986845,ORTH,dnm1
MP:0008872,DISO,abnormal physiological response to xenobiotic
WormBase:WBGene00013168,ORTH,arp-1
ENSEMBL:ENSBTAG00000026848,ORTH,A0A3Q1MEL2
SGD:S000005373,ORTH,HRD1
HP:0030680,DISO,Abnormality of cardiovascular system morphology
ENSEMBL:ENSCAFG00000016418,ORTH,EIF3B
HGNC:18246,GENE,CRYL1
ENSEMBL:ENSSSCG00000017756,ORTH,NLK
PomBase:SPBC1685.15c,GENO,klp6
HP:0007772,DISO,Impaired smooth pursuit
ENSEMBL:ENSMMUG00000002320,ORTH,ENSEMBL:ENSMMUG00000002320
ENSEMBL:ENSECAG00000004482,ORTH,ENSEMBL:ENSECAG00000004482
ENSEMBL:ENSOANG00000012685,ORTH,ENSEMBL:ENSOANG00000012685
ENSEMBL:ENSBTAG00000014731,ORTH,ENSEMBL:ENSBTAG00000014731
ENSEMBL:ENSPTRG00000022440,ORTH,ENSEMBL:ENSPTRG00000022440
MP:0010506,DISO,prolonged RR interval
ENSEMBL:ENSECAG00000022880,ORTH,ENSEMBL:ENSECAG00000022880
MGI:3779381,ORTH,Gm11127
MP:0004538,DISO,abnormal maxillary shelf morphology
ZFIN:ZDB-GENE-030918-1,ORTH,egfra
ENSEMBL:ENSFCAG00000008723,ORTH,ENSEMBL:ENSFCAG00000008723
Xenbase:XB-GENE-478689,ORTH,bag6
ENSEMBL:ENSECAG00000002758,ORTH,ENSEMBL:ENSECAG00000002758
MONARCH:APO_0000266APO_0000249,GENO,cell cycle progression in S phase:delayed
dictyBase:DDB_G0287981,GENO,DDB0187718
MP:0003439,DISO,abnormal glycerol level
ZP:0009068,DISO,"spinal cord oligodendrocyte cell differentiation disrupted, abnormal"
ZP:0018641,DISO,"cardiac ventricle increased distribution, abnormal"
HP:0001667,DISO,Right ventricular hypertrophy
ENSEMBL:ENSACAG00000001712,ORTH,ENSEMBL:ENSACAG00000001712
ZP:0002184,DISO,"midbrain development disrupted, abnormal"
MP:0002718,DISO,abnormal inner cell mass morphology
ENSEMBL:ENSMODG00000001955,ORTH,ENSEMBL:ENSMODG00000001955
ZFIN:ZDB-GENE-030131-9849,ORTH,sp8a
MP:0008789,DISO,abnormal olfactory epithelium morphology
ZFIN:ZDB-GENE-050720-3,ORTH,dpysl4
ENSEMBL:ENSMMUG00000008104,ORTH,ENSEMBL:ENSMMUG00000008104
HP:0003431,DISO,Decreased motor nerve conduction velocity
ENSEMBL:ENSACAG00000027871,ORTH,ENSEMBL:ENSACAG00000027871
WBPhenotype:0000291,DISO,no oocytes
ENSEMBL:ENSACAG00000006524,ORTH,ENSEMBL:ENSACAG00000006524
ZP:0010725,DISO,"heart tube increased amount, abnormal"
ENSEMBL:ENSSSCG00000024059,ORTH,ENSEMBL:ENSSSCG00000024059
HP:0000924,DISO,Abnormality of the skeletal system
HP:0030809,DISO,Abnormal tongue morphology
ENSEMBL:ENSSSCG00000026264,ORTH,HSPB11
SGD:S000000912,ORTH,KAP123
ENSEMBL:ENSMODG00000020235,ORTH,ENSEMBL:ENSMODG00000020235
MP:0001417,DISO,decreased exploration in new environment
ENSEMBL:ENSBTAG00000014377,ORTH,CHD3
MP:0003224,DISO,neuron degeneration
EnsemblGenome:AT5G11210,ORTH,EnsemblGenome:AT5G11210
SGD:S000000909,ORTH,GLE2
ZP:0004056,DISO,"posterior cardinal vein increased diameter, abnormal"
ENSEMBL:ENSMMUG00000060815,ORTH,ENSEMBL:ENSMMUG00000060815
ENSEMBL:ENSMODG00000001307,ORTH,ENSEMBL:ENSMODG00000001307
MP:0012138,DISO,decreased forebrain size
ZP:0001432,DISO,"whole organism morphology, abnormal"
MP:0005290,DISO,decreased oxygen consumption
ZFIN:ZDB-GENE-040808-68,ORTH,acat1
RGD:1595815,ORTH,RT1-M6-2
RGD:1305140,ORTH,Dcaf7
ENSEMBL:ENSFCAG00000001874,ORTH,ENSEMBL:ENSFCAG00000001874
dbSNP:rs116220136,GENO,rs116220136-?
HP:0000444,DISO,Convex nasal ridge
MP:0004148,DISO,increased compact bone thickness
MGI:1346879,ORTH,Map3k10
MP:0004279,DISO,abnormal rostral migratory stream morphology
ENSEMBL:ENSCAFG00000003861,ORTH,ENSEMBL:ENSCAFG00000003861
MP:0000239,DISO,absent common myeloid progenitor cells
MP:0002113,DISO,abnormal skeleton development
HGNC:9558,GENE,PSMD13
RGD:620578,ORTH,Sh3gl3
WBPhenotype:0000010,DISO,drug hypersensitive
HGNC:28970,GENE,EFR3A
ZP:0000606,DISO,"developmental process delayed, abnormal"
EFO:0004530,GENO,triglyceride measurement
ENSEMBL:ENSBTAG00000016218,ORTH,PTGES2
ZP:0000220,DISO,"post-vent region morphology, abnormal"
ZP:0003234,DISO,"glomerular filtration disrupted, abnormal"
ENSEMBL:ENSECAG00000003978,ORTH,ENSEMBL:ENSECAG00000003978
SGD:S000000012,ORTH,SYN8
HGNC:5253,GENE,HSP90AA1
MP:0004201,DISO,fetal growth retardation
WormBase:WBGene00008799,ORTH,F14E5.1
EFO:0009589,GENO,worry measurement
ENSEMBL:ENSMMUG00000022086,ORTH,ENSEMBL:ENSMMUG00000022086
MONARCH:APO_0000149APO_0000004,GENO,protein/peptide accumulation:increased
HP:0012177,DISO,Abnormal natural killer cell physiology
ZP:0000611,DISO,"floor plate absent, abnormal"
ENSEMBL:ENSACAG00000004866,ORTH,ENSEMBL:ENSACAG00000004866
ENSEMBL:ENSCAFG00000006006,ORTH,FASN
WBPhenotype:0001982,DISO,cell membrane organization biogenesis variant
ENSEMBL:ENSCAFG00000007067,ORTH,ENSEMBL:ENSCAFG00000007067
ENSEMBL:ENSMODG00000004076,ORTH,ENSEMBL:ENSMODG00000004076
HGNC:19425,GENE,IPO9
ZP:0020735,DISO,"heart tube decreased distribution, abnormal"
WormBase:WBGene00019225,ORTH,bgal-2
ENSEMBL:ENSGALG00000042051,ORTH,SETD2
MP:0003763,DISO,abnormal thymus physiology
ENSEMBL:ENSOANG00000041440,ORTH,ENSEMBL:ENSOANG00000041440
WBPhenotype:0000676,DISO,growth rate variant
HP:0000011,DISO,Neurogenic bladder
ENSEMBL:ENSBTAG00000016844,ORTH,ADGB
MGI:108063,ORTH,Siah1b
MGI:1261831,ORTH,Hap1
HP:0003445,DISO,EMG: neuropathic changes
FBcv:0002009,DISO,lethal - all die during third instar larval stage
ENSEMBL:ENSOANG00000007307,ORTH,ENSEMBL:ENSOANG00000007307
ZP:0008266,DISO,"central artery hemorrhagic, abnormal"
MP:0002007,DISO,increased cellular sensitivity to gamma-irradiation
MP:0002922,DISO,decreased post-tetanic potentiation
ENSEMBL:ENSMMUG00000019325,ORTH,ENSEMBL:ENSMMUG00000019325
HGNC:4566,GENE,GRB2
MP:0010540,DISO,long stride length
MP:0002802,DISO,abnormal discrimination learning
FlyBase:FBgn0004465,ORTH,Su(P)
ZP:0018605,DISO,"rhombomere 3 decreased length, abnormal"
ZP:0100285,DISO,"basement membrane retinal pigmented epithelium aplastic, abnormal"
ENSEMBL:ENSMODG00000009461,ORTH,ENSEMBL:ENSMODG00000009461
ENSEMBL:ENSFCAG00000002758,ORTH,ENSEMBL:ENSFCAG00000002758
ENSEMBL:ENSFCAG00000039669,ORTH,ENSEMBL:ENSFCAG00000039669
ENSEMBL:ENSACAG00000006256,ORTH,ENSEMBL:ENSACAG00000006256
ENSEMBL:ENSSSCG00000021005,ORTH,UBQLN1
ENSEMBL:ENSCAFG00000024378,ORTH,ENSEMBL:ENSCAFG00000024378
ENSEMBL:ENSACAG00000021018,ORTH,ENSEMBL:ENSACAG00000021018
PomBase:SPBP8B7.24c,GENO,atg8
ENSEMBL:ENSPTRG00000020680,ORTH,ENSEMBL:ENSPTRG00000020680
ENSEMBL:ENSACAG00000017208,ORTH,ENSEMBL:ENSACAG00000017208
ENSEMBL:ENSACAG00000006646,ORTH,ENSEMBL:ENSACAG00000006646
MP:0003212,DISO,increased susceptibility to age related obesity
MP:0010401,DISO,increased skeletal muscle glycogen level
ENSEMBL:ENSCAFG00000014856,ORTH,ENSEMBL:ENSCAFG00000014856
MP:0003827,DISO,abnormal Wolffian duct morphology
ENSEMBL:ENSPTRG00000010594,ORTH,ENSEMBL:ENSPTRG00000010594
MP:0010279,DISO,increased gastrointestinal tumor incidence
HP:0001649,DISO,Tachycardia
WormBase:WBGene00006716,ORTH,ubc-21
MP:0008168,DISO,decreased B-1a cell number
ENSEMBL:ENSBTAG00000004887,ORTH,DCTN1
ENSEMBL:ENSSSCG00000001880,ORTH,ENSEMBL:ENSSSCG00000001880
ENSEMBL:ENSACAG00000009891,ORTH,ENSEMBL:ENSACAG00000009891
ENSEMBL:ENSSSCG00000024109,ORTH,BDH1
ENSEMBL:ENSCAFG00000041148,ORTH,ENSEMBL:ENSCAFG00000041148
ZP:0100869,DISO,"regenerating fin decreased area, abnormal"
ENSEMBL:ENSOANG00000039824,ORTH,ENSEMBL:ENSOANG00000039824
MP:0009931,DISO,abnormal skin appearance
ENSEMBL:ENSFCAG00000035418,ORTH,ENSEMBL:ENSFCAG00000035418
ZP:0005877,DISO,"retinal photoreceptor layer aplastic, abnormal"
ENSEMBL:ENSOANG00000040153,ORTH,ENSEMBL:ENSOANG00000040153
MP:0001008,DISO,abnormal sympathetic ganglion morphology
ZP:0004779,DISO,"lens opaque, abnormal"
WormBase:WBGene00019666,ORTH,sago-1
ENSEMBL:ENSACAG00000012815,ORTH,ENSEMBL:ENSACAG00000012815
ENSEMBL:ENSACAG00000010642,ORTH,ENSEMBL:ENSACAG00000010642
HGNC:20635,GENE,PSME4
dictyBase:DDB_G0278105,GENO,DDB0204424
ZP:0001323,DISO,"brain development disrupted, abnormal"
ZFIN:ZDB-GENE-040426-2038,ORTH,rps6kb1b
HP:0002367,DISO,Visual hallucinations
ZP:0018639,DISO,"heart increased distribution, abnormal"
ENSEMBL:ENSECAG00000017084,ORTH,ENSEMBL:ENSECAG00000017084
ENSEMBL:ENSGALG00000002408,ORTH,NCDN
WBPhenotype:0001517,DISO,annulae morphology variant
RGD:2909,ORTH,Kpnb1
ENSEMBL:ENSSSCG00000032505,ORTH,ING5
MP:0009656,DISO,delayed chorioallantoic fusion
ZP:0000305,DISO,"embryo development arrested, abnormal"
ZFIN:ZDB-GENE-030131-7676,ORTH,usp14
ENSEMBL:ENSMODG00000011679,ORTH,ENSEMBL:ENSMODG00000011679
ZFIN:ZDB-GENE-041008-78,ORTH,polr2a
ENSEMBL:ENSECAG00000003944,ORTH,ENSEMBL:ENSECAG00000003944
ZFIN:ZDB-GENE-030131-9511,ORTH,dcaf7
ENSEMBL:ENSCAFG00000024512,ORTH,J9NTU0
FBcv:0000390,DISO,hypoactive
ZP:0000376,DISO,"adenohypophysis decreased size, abnormal"
WBPhenotype:0001671,DISO,vesicle organization variant
ENSEMBL:ENSECAG00000020867,ORTH,ENSEMBL:ENSECAG00000020867
WBPhenotype:0004016,DISO,dauer nictation behavior variant
SGD:S000001057,ORTH,MIP6
WBPhenotype:0000806,DISO,hermaphrodite fertility variant
ENSEMBL:ENSOANG00000014676,ORTH,ENSEMBL:ENSOANG00000014676
PomBase:SPBP35G2.10,GENO,mit1
ENSEMBL:ENSCAFG00000047070,ORTH,A0A5F4CHC8
ENSEMBL:ENSBTAG00000049124,ORTH,ENSEMBL:ENSBTAG00000049124
ENSEMBL:ENSGALG00000005198,ORTH,RPS6KB1
ZFIN:ZDB-GENE-040801-90,ORTH,dnajb1a
ZP:0010937,DISO,"pronephric glomerular capillary absent, abnormal"
ENSEMBL:ENSMODG00000015173,ORTH,ENSEMBL:ENSMODG00000015173
WBPhenotype:0001351,DISO,protein phosphorylation reduced
HP:0002187,DISO,"Intellectual disability, profound"
ENSEMBL:ENSPTRG00000022819,ORTH,ENSEMBL:ENSPTRG00000022819
WBPhenotype:0002486,DISO,persistent primordial germ cell lobes
WBPhenotype:0000827,DISO,V lineages variant
SGD:S000000629,ORTH,SNT1
ZP:0000160,DISO,"whole organism wholly dorsalized, abnormal"
ENSEMBL:ENSMMUG00000021850,ORTH,ENSEMBL:ENSMMUG00000021850
MGI:1351465,ORTH,G3bp1
WBPhenotype:0001885,DISO,cleavage furrow initiation defective early emb
ENSEMBL:ENSMMUG00000058013,ORTH,ENSEMBL:ENSMMUG00000058013
MP:0004982,DISO,abnormal osteoclast morphology
HP:0011645,DISO,Dilatation of the sinus of Valsalva
RGD:1561740,ORTH,Kif18a
ZP:0000043,DISO,"eye decreased size, abnormal"
MP:0013848,DISO,subcutaneous edema
ENSEMBL:ENSFCAG00000002265,ORTH,ENSEMBL:ENSFCAG00000002265
ENSEMBL:ENSSSCG00000032242,ORTH,HMGA1
ZP:0019986,DISO,"neural plate decreased rate cell migration, abnormal"
ZP:0001381,DISO,"motor neuron spinal cord increased amount, abnormal"
ENSEMBL:ENSACAG00000022634,ORTH,ENSEMBL:ENSACAG00000022634
ZP:0002074,DISO,"optic tectum morphology, abnormal"
ENSEMBL:ENSSSCG00000012822,ORTH,ENSEMBL:ENSSSCG00000012822
HGNC:12520,GENE,UFD1
ZFIN:ZDB-GENE-131030-1,ORTH,rab35a
HGNC:12666,GENE,VCP
MP:0011088,DISO,"neonatal lethality, incomplete penetrance"
ENSEMBL:ENSGALG00000010379,ORTH,ENSEMBL:ENSGALG00000010379
MP:0008948,DISO,decreased neuron number
HP:0031653,DISO,Abnormal heart valve physiology
ENSEMBL:ENSMODG00000007342,ORTH,ENSEMBL:ENSMODG00000007342
ENSEMBL:ENSSSCG00000007813,ORTH,A0A287A0X9
ZP:0010496,DISO,"cell division decreased rate, abnormal"
ENSEMBL:ENSECAG00000012280,ORTH,ENSEMBL:ENSECAG00000012280
ZP:0004929,DISO,"posterior cardinal vein morphology, abnormal"
ZP:0000190,DISO,"optic fissure closure incomplete, abnormal"
Xenbase:XB-GENE-995488,ORTH,setd2
ENSEMBL:ENSGALG00000040908,ORTH,HIP1
SGD:S000005632,ORTH,VAM3
MP:0014146,DISO,decreased white adipose tissue mass
MP:0001711,DISO,abnormal placenta morphology
ZP:0001052,DISO,"mandibular arch skeleton morphology, abnormal"
WormBase:WBGene00006536,ORTH,tbb-1
ZFIN:ZDB-GENE-070912-228,ORTH,ftr06
WBPhenotype:0001668,DISO,oocyte accumulation
ENSEMBL:ENSPTRG00000017626,ORTH,ENSEMBL:ENSPTRG00000017626
ENSEMBL:ENSPTRG00000006200,ORTH,ENSEMBL:ENSPTRG00000006200
HP:0001182,DISO,Tapered finger
WBPhenotype:0001893,DISO,mitochondrial membrane potential reduced
HP:0001273,DISO,Abnormal corpus callosum morphology
MGI:96240,ORTH,Hspb1
ENSEMBL:ENSBTAG00000019216,ORTH,ENSEMBL:ENSBTAG00000019216
FlyBase:FBgn0030386,ORTH,CG2574
dictyBase:DDB_G0284185,GENO,syn6
ENSEMBL:ENSMODG00000036978,ORTH,ENSEMBL:ENSMODG00000036978
MP:0000907,DISO,small mesencephalic trigeminal nucleus
ENSEMBL:ENSPTRG00000016940,ORTH,ENSEMBL:ENSPTRG00000016940
ENSEMBL:ENSRNOG00000055446,ORTH,Amfr
ENSEMBL:ENSECAG00000013077,ORTH,ENSEMBL:ENSECAG00000013077
MP:0000226,DISO,abnormal mean corpuscular volume
ZP:0005468,DISO,"sensory perception of sound decreased process quality, abnormal"
MP:0011104,DISO,"embryonic lethality before implantation, incomplete penetrance"
ENSEMBL:ENSPTRG00000012724,ORTH,ENSEMBL:ENSPTRG00000012724
ENSEMBL:ENSOANG00000000972,ORTH,ENSEMBL:ENSOANG00000000972
WormBase:WBGene00019207,ORTH,fgt-1
ENSEMBL:ENSACAG00000008213,ORTH,ENSEMBL:ENSACAG00000008213
FlyBase:FBgn0013348,ORTH,TpnC41C
MP:0002916,DISO,increased synaptic depression
MP:0000814,DISO,absent dentate gyrus
Coriell:GM04854,GENO,NIGMS-GM04854
WBPhenotype:0000847,DISO,presynaptic component localization variant
WormBase:WBGene00006385,ORTH,taf-4
MP:0001940,DISO,testis hypoplasia
FBcv:0000316,DISO,homeotic
MP:0005439,DISO,decreased glycogen level
PomBase:SPBC23G7.12c,GENO,rpt6
RGD:2318303,ORTH,LOC100362384
ENSEMBL:ENSBTAG00000048623,ORTH,ENSEMBL:ENSBTAG00000048623
ZP:0000346,DISO,"neuron epiphysis increased amount, abnormal"
ENSEMBL:ENSOANG00000013344,ORTH,ENSEMBL:ENSOANG00000013344
HP:0000738,DISO,Hallucinations
WBPhenotype:0001969,DISO,germ cell compartment morphology variant
WBPhenotype:0000712,DISO,germ cell ionizing radiation response variant
HP:0000713,DISO,Agitation
ZP:0014639,DISO,"hatching process quality, abnormal"
MGI:1913906,ORTH,Eef1d
WormBase:WBGene00004933,ORTH,sod-4
WBPhenotype:0001989,DISO,hypoxia hypersensitive
HP:0000726,DISO,Dementia
WBPhenotype:0000369,DISO,pretzel arrest
MP:0009780,DISO,abnormal chondrocyte physiology
ENSEMBL:ENSMMUG00000003251,ORTH,ENSEMBL:ENSMMUG00000003251
ENSEMBL:ENSOANG00000011557,ORTH,ENSEMBL:ENSOANG00000011557
ENSEMBL:ENSMMUG00000015653,ORTH,ENSEMBL:ENSMMUG00000015653
RGD:1307924,ORTH,Morc3
ENSEMBL:ENSECAG00000010007,ORTH,ENSEMBL:ENSECAG00000010007
WBPhenotype:0002541,DISO,radiation induced germ cell apoptosis resistant
ENSEMBL:ENSBTAG00000016589,ORTH,PRPF40B
HP:0100750,DISO,Atelectasis
Coriell:GM04690,GENO,NIGMS-GM04690
ENSEMBL:ENSCAFG00000001043,ORTH,XRCC6
ENSEMBL:ENSPTRG00000007065,ORTH,ENSEMBL:ENSPTRG00000007065
MP:0011940,DISO,decreased food intake
ENSEMBL:ENSACAG00000005871,ORTH,ENSEMBL:ENSACAG00000005871
ZFIN:ZDB-GENE-050208-42,ORTH,map6a
MP:0008088,DISO,abnormal T-helper 1 cell differentiation
ENSEMBL:ENSGALG00000006976,ORTH,ENSEMBL:ENSGALG00000006976
WBPhenotype:0001978,DISO,germ cell partition absent
ENSEMBL:ENSMMUG00000011622,ORTH,ENSEMBL:ENSMMUG00000011622
ZP:0001332,DISO,"neural plate increased width, abnormal"
PomBase:SPAC664.05,GENO,rpl13
MONARCH:APO_0000193APO_0000004,GENO,resistance to enzymatic treatment:increased
HP:0001324,DISO,Muscle weakness
MGI:3722277,ORTH,Tg(YAC72)2511Hay [involves: FVB/N]
ZFIN:ZDB-GENE-040426-2884,ORTH,dnaja2a
ENSEMBL:ENSECAG00000010387,ORTH,ENSEMBL:ENSECAG00000010387
MP:0011957,DISO,decreased compensatory feeding amount
MONARCH:APO_0000309APO_0000246,GENO,respiratory growth:increased rate
MP:0004791,DISO,absent lower incisors
ZP:0019021,DISO,"cranial skeletal system development disrupted, abnormal"
ENSEMBL:ENSPTRG00000042716,ORTH,ENSEMBL:ENSPTRG00000042716
HGNC:589,GENE,ATG5
HP:0002006,DISO,Facial cleft
ENSEMBL:ENSSSCG00000012913,ORTH,PPP1CA
ENSEMBL:ENSCAFG00000002607,ORTH,ENSEMBL:ENSCAFG00000002607
MP:0004247,DISO,small pancreas
ENSEMBL:ENSCAFG00000011840,ORTH,SYT12
ZP:0006473,DISO,"hindbrain decreased length, abnormal"
MGI:4438238,ORTH,Tg(HTT*97Q)LXwy [FVB-Tg(HTT*97Q)LXwy]
ZP:0000335,DISO,"blood circulation disrupted, abnormal"
ZP:0006620,DISO,"cardiac ventricle action potential, abnormal"
ZP:0010154,DISO,"neuromast shape, abnormal"
HP:0031843,DISO,Bradyphrenia
Xenbase:XB-GENE-1008908,ORTH,chd3
ZP:0000379,DISO,"intestine morphology, abnormal"
HP:0032773,DISO,Focal autonomic seizure with palpitations/tachycardia/bradycardia/asystole
MGI:1919069,ORTH,Kif23
ZFIN:ZDB-GENE-080415-1,ORTH,rest
ZFIN:ZDB-GENE-030131-6248,ORTH,brf1b
HGNC:1918,GENE,CHD3
RGD:3247,ORTH,Pacsin1
MP:0009308,DISO,increased adenocarcinoma incidence
MGI:5298847,ORTH,Tg(YAC72)2511Hay [involves: FVB/N]
ZFIN:ZDB-GENE-050913-35,ORTH,pacsin1b
ENSEMBL:ENSMODG00000000203,ORTH,ENSEMBL:ENSMODG00000000203
ENSEMBL:ENSMODG00000006521,ORTH,ENSEMBL:ENSMODG00000006521
WBPhenotype:0000862,DISO,bloated
ENSEMBL:ENSACAG00000001088,ORTH,ENSEMBL:ENSACAG00000001088
MP:0002083,DISO,premature death
MP:0000351,DISO,increased cell proliferation
ENSEMBL:ENSACAG00000011824,ORTH,ENSEMBL:ENSACAG00000011824
HP:0005180,DISO,Tricuspid regurgitation
ENSEMBL:ENSFCAG00000000594,ORTH,ENSEMBL:ENSFCAG00000000594
FlyBase:FBgn0040395,ORTH,Unc-76
ENSEMBL:ENSACAG00000015832,ORTH,ENSEMBL:ENSACAG00000015832
HGNC:3280,GENE,EIF3B
MP:0009173,DISO,absent pancreatic islets
WBPhenotype:0001803,DISO,endosome biogenesis variant
ENSEMBL:ENSRNOG00000059770,ORTH,F1M9F3
MP:0002784,DISO,abnormal Sertoli cell morphology
MP:0001412,DISO,excessive scratching
SGD:S000002876,ORTH,TLG1
MONARCH:APO_0000029APO_0000004,GENO,pseudohyphal growth:increased
EnsemblGenome:AT5G62690,ORTH,EnsemblGenome:AT5G62690
ENSEMBL:ENSECAG00000024900,ORTH,ENSEMBL:ENSECAG00000024900
HP:0001647,DISO,Bicuspid aortic valve
MP:0000968,DISO,abnormal sensory neuron innervation pattern
MP:0009848,DISO,increased horizontal stereotypic behavior
ZP:0005610,DISO,"photoreceptor cell decreased amount, abnormal"
ENSEMBL:ENSFCAG00000003400,ORTH,ENSEMBL:ENSFCAG00000003400
HGNC:22398,GENE,CCDC126
dictyBase:DDB_G0281833,GENO,DDB0204236
MP:0000759,DISO,abnormal skeletal muscle morphology
ENSEMBL:ENSOANG00000041042,ORTH,ENSEMBL:ENSOANG00000041042
MP:0001721,DISO,absent visceral yolk sac blood islands
ENSEMBL:ENSACAG00000001813,ORTH,ENSEMBL:ENSACAG00000001813
ZP:0000689,DISO,"sprouting angiogenesis process quality, abnormal"
HP:0002457,DISO,Abnormal head movements
MP:0011197,DISO,abnormal proamniotic cavity morphology
HP:0002280,DISO,Enlarged cisterna magna
ZP:0009505,DISO,"hemoglobin complex intermediate cell mass of mesoderm absent, abnormal"
ENSEMBL:ENSPTRG00000014300,ORTH,ENSEMBL:ENSPTRG00000014300
WBPhenotype:0000938,DISO,male V lineages variant
ZP:0010090,DISO,"olfactory receptor cell olfactory placode absent, abnormal"
ENSEMBL:ENSMMUG00000019143,ORTH,ENSEMBL:ENSMMUG00000019143
ENSEMBL:ENSACAG00000009127,ORTH,ENSEMBL:ENSACAG00000009127
MP:0002574,DISO,increased vertical activity
MP:0000585,DISO,kinked tail
WormBase:WBGene00003950,ORTH,pbs-4
HP:0001000,DISO,Abnormality of skin pigmentation
ZP:0003336,DISO,"pronephric duct cystic, abnormal"
ENSEMBL:ENSBTAG00000018879,ORTH,ZNF451
FlyBase:FBgn0028694,ORTH,Rpn11
ENSEMBL:ENSFCAG00000030563,ORTH,ENSEMBL:ENSFCAG00000030563
WormBase:WBGene00001685,ORTH,gpd-3
WormBase:WBGene00021983,ORTH,npr-5
ENSEMBL:ENSACAG00000002265,ORTH,ENSEMBL:ENSACAG00000002265
MP:0009141,DISO,increased prepulse inhibition
ENSEMBL:ENSMODG00000017105,ORTH,ENSEMBL:ENSMODG00000017105
ENSEMBL:ENSECAG00000006588,ORTH,ENSEMBL:ENSECAG00000006588
ENSEMBL:ENSBTAG00000005146,ORTH,ENSEMBL:ENSBTAG00000005146
ENSEMBL:ENSBTAG00000026403,ORTH,ENSEMBL:ENSBTAG00000026403
MP:0001694,DISO,absent egg cylinders
WBPhenotype:0000242,DISO,body elongation defective
ENSEMBL:ENSOANG00000013534,ORTH,ENSEMBL:ENSOANG00000013534
ZFIN:ZDB-GENE-061218-2,ORTH,atxn1b
Xenbase:XB-GENE-966120,ORTH,bag2
ENSEMBL:ENSPTRG00000046866,ORTH,ENSEMBL:ENSPTRG00000046866
RGD:1359219,ORTH,Cnot10
PomBase:SPBC32F12.02,GENO,rec14
ENSEMBL:ENSACAG00000007327,ORTH,ENSEMBL:ENSACAG00000007327
dictyBase:DDB_G0277915,GENO,gefI
HP:0000842,DISO,Hyperinsulinemia
Coriell:GM04208,GENO,NIGMS-GM04208
WBPhenotype:0001690,DISO,constitutive larval display
ENSEMBL:ENSMMUG00000020179,ORTH,ENSEMBL:ENSMMUG00000020179
WormBase:WBGene00000561,ORTH,cnd-1
FlyBase:FBgn0013762,ORTH,Cdk5
ENSEMBL:ENSECAG00000013510,ORTH,ENSEMBL:ENSECAG00000013510
MP:0009745,DISO,abnormal behavioral response to xenobiotic
HP:0002141,DISO,Gait imbalance
ZP:0011937,DISO,"nuclear pore retinal outer nuclear layer malformed, abnormal"
HP:0000431,DISO,Wide nasal bridge
ZFIN:ZDB-GENE-040720-1,ORTH,ctdp1
HGNC:14888,GENE,DNAJB6
MP:0009753,DISO,enhanced behavioral response to morphine
MGI:1345192,ORTH,Psmd13
WBPhenotype:0000403,DISO,sperm transfer initiation defective
GO:0005794,PHYS,Golgi apparatus
ENSEMBL:ENSACAG00000000610,ORTH,ENSEMBL:ENSACAG00000000610
ENSEMBL:ENSBTAG00000011067,ORTH,IL17RA
ZP:0000360,DISO,"heart linear, abnormal"
FlyBase:FBgn0262535,ORTH,lincRNA.427
ENSEMBL:ENSCAFG00000025599,ORTH,ENSEMBL:ENSCAFG00000025599
ENSEMBL:ENSGALG00000012585,ORTH,UBQLN1
MP:0001883,DISO,increased mammary adenocarcinoma incidence
RGD:1308888,ORTH,Dhx30
ENSEMBL:ENSCAFG00000046342,ORTH,ENSEMBL:ENSCAFG00000046342
MONARCH:APO_0000215APO_0000004,GENO,toxin resistance:increased
MP:0009767,DISO,decreased sensitivity to xenobiotic induced morbidity/mortality
ZP:0000944,DISO,"photoreceptor cell retinal photoreceptor layer absent, abnormal"
MP:0008474,DISO,absent spleen germinal center
WBPhenotype:0001239,DISO,mating latency increased
Xenbase:XB-GENE-966387,ORTH,ift20
ENSEMBL:ENSMMUG00000003620,ORTH,ENSEMBL:ENSMMUG00000003620
ENSEMBL:ENSOANG00000008402,ORTH,ENSEMBL:ENSOANG00000008402
ZP:0006342,DISO,"nucleus retina condensed, abnormal"
Coriell:GM04715,GENO,NIGMS-GM04715
ENSEMBL:ENSSSCG00000004969,ORTH,KIF23
ZP:0001455,DISO,"trunk decreased width, abnormal"
WormBase:WBGene00022306,ORTH,hxk-3
ENSEMBL:ENSGALG00000039615,ORTH,A0A1D5NYK7
MP:0005167,DISO,abnormal blood-brain barrier function
WormBase:WBGene00021692,ORTH,Y48G8AL.15
ENSEMBL:ENSPTRG00000033764,ORTH,ENSEMBL:ENSPTRG00000033764
WBPhenotype:0001202,DISO,nicotine hypersensitive
MONARCH:APO_0000342APO_0000005,GENO,late nucleophagy:absent
WormBase:WBGene00009878,ORTH,F49C12.9
ENSEMBL:ENSFCAG00000008821,ORTH,ENSEMBL:ENSFCAG00000008821
ZP:0000577,DISO,"central nervous system morphology, abnormal"
HP:0002505,DISO,Progressive inability to walk
MGI:2152414,ORTH,Ipo7
MGI:1917728,ORTH,Mipep
MP:0005004,DISO,abnormal lymphocyte anergy
HP:0011443,DISO,Abnormality of coordination
MGI:98351,ORTH,Sod1
ENSEMBL:ENSBTAG00000001055,ORTH,ENSEMBL:ENSBTAG00000001055
ENSEMBL:ENSOANG00000036944,ORTH,ENSEMBL:ENSOANG00000036944
ENSEMBL:ENSOANG00000006849,ORTH,ENSEMBL:ENSOANG00000006849
MGI:5441507,ORTH,Neil1<tm1Bjor>/Neil1<tm1Bjor>; Tg(HDexon1)61Gpb [involves: C57BL/6 * C57BL/6J * CBA]
ZP:0137372,DISO,"cell midbrain hindbrain boundary constriction increased length, abnormal"
MP:0020526,DISO,enlarged thalamus
HP:0100775,DISO,Dural ectasia
Xenbase:XB-GENE-1016033,ORTH,hgs
ZP:0004266,DISO,"axis elongation decreased process quality, abnormal"
MGI:107739,ORTH,Casp3
PomBase:SPBC18H10.06c,GENO,swd2
ENSEMBL:ENSPTRG00000021922,ORTH,ENSEMBL:ENSPTRG00000021922
ENSEMBL:ENSPTRG00000048329,ORTH,ENSEMBL:ENSPTRG00000048329
MP:0001906,DISO,increased dopamine level
HP:0001399,DISO,Hepatic failure
MP:0012361,DISO,decreased large unstained cell number
ENSEMBL:ENSMMUG00000019563,ORTH,ENSEMBL:ENSMMUG00000019563
RGD:2081,ORTH,Akt1
FlyBase:FBgn0028852,ORTH,CG15262
MP:0002662,DISO,abnormal cauda epididymis morphology
ZP:0003850,DISO,"glial cell (sensu Vertebrata) ventricular zone increased size, abnormal"
MGI:3851446,ORTH,Tg(Camk2a-tTA)1Mmay; Tg(tetO-HTT*94Q/-lacZ)1Rhn [involves: C57BL/6 * CBA]
MP:0005388,DISO,respiratory system phenotype
ENSEMBL:ENSMODG00000010312,ORTH,ENSEMBL:ENSMODG00000010312
MP:0000267,DISO,abnormal heart development
RGD:621725,ORTH,Hspa8
MGI:2445110,ORTH,Zdhhc17
HGNC:6746,GENE,NBR1
ENSEMBL:ENSSSCG00000048272,ORTH,ENSEMBL:ENSSSCG00000048272
dictyBase:DDB_G0292192,GENO,dictyBase:DDB_G0292192
ENSEMBL:ENSSSCG00000010798,ORTH,GGA2
FBcv:0002041,DISO,some die during embryonic stage
MP:0000249,DISO,abnormal blood vessel physiology
Coriell:GM03642,GENO,NIGMS-GM03642
RGD:70487,ORTH,Ctnnb1
RGD:1565494,ORTH,Magea9
MP:0009749,DISO,enhanced behavioral response to addictive substance
HP:0040109,DISO,Morphological abnormality of the utricle
HGNC:1029,GENE,BDKRB1
RGD:2679,ORTH,Gfap
MP:0009504,DISO,abnormal mammary gland epithelium morphology
WormBase:WBGene00004820,ORTH,skr-14
ENSEMBL:ENSRNOG00000034150,ORTH,M0RCS3
PomBase:SPAC589.07c,GENO,atg1801
ENSEMBL:ENSSSCG00000037698,ORTH,TCERG1L
ENSEMBL:ENSOANG00000009317,ORTH,ENSEMBL:ENSOANG00000009317
ENSEMBL:ENSACAG00000006471,ORTH,ENSEMBL:ENSACAG00000006471
ENSEMBL:ENSCAFG00000001196,ORTH,AGO2
MP:0000966,DISO,decreased sensory neuron number
WormBase:WBGene00020689,ORTH,npr-12
ENSEMBL:ENSBTAG00000024015,ORTH,PTPRM
WBPhenotype:0001134,DISO,Aba ABp division axis defective early emb
HGNC:10436,GENE,RPS6KB1
MGI:95956,ORTH,H2-T22
ZP:0002702,DISO,"endoplasmic reticulum chondrocyte morphology, abnormal"
ENSEMBL:ENSCAFG00000005492,ORTH,ENSEMBL:ENSCAFG00000005492
MP:0003799,DISO,impaired macrophage chemotaxis
ENSEMBL:ENSPTRG00000002352,ORTH,ENSEMBL:ENSPTRG00000002352
NCBIGene:101732839,GENE,LOC101732839
ZP:0000665,DISO,"ceratohyal cartilage decreased length, abnormal"
MP:0012411,DISO,increased granulosa cell tumor incidence
ZP:0005094,DISO,"mitotic cell cycle arrest increased occurrence, abnormal"
ZFIN:ZDB-GENE-060503-867,ORTH,hspa1b
ENSEMBL:ENSMODG00000024751,ORTH,ENSEMBL:ENSMODG00000024751
Xenbase:XB-GENE-1017127,ORTH,ppp6c
dictyBase:DDB_G0275955,GENO,rabH
ENSEMBL:ENSPTRG00000010989,ORTH,ENSEMBL:ENSPTRG00000010989
HP:0003117,DISO,Abnormal circulating hormone concentration
ZFIN:ZDB-GENE-990415-131,ORTH,htt
ZP:0019105,DISO,"neural crest cell melanoblast aggregated, abnormal"
HP:0100490,DISO,Camptodactyly of finger
ZP:0018678,DISO,"right side epithalamus mislocalised, abnormal"
ENSEMBL:ENSACAG00000028866,ORTH,ENSEMBL:ENSACAG00000028866
ENSEMBL:ENSFCAG00000024278,ORTH,ENSEMBL:ENSFCAG00000024278
ZP:0100124,DISO,"apical side peridermal cell decreased amount, abnormal"
dbSNP:rs362307,GENO,rs362307-C
FBcv:0002007,DISO,lethal - all die during larval stage
ENSEMBL:ENSGALG00000015783,ORTH,ENSEMBL:ENSGALG00000015783
HGNC:14101,GENE,CNOT7
RGD:2796,ORTH,Hk1
ZP:0005827,DISO,"eye edematous, abnormal"
ENSEMBL:ENSGALG00000017706,ORTH,ENSEMBL:ENSGALG00000017706
ENSEMBL:ENSMMUG00000008639,ORTH,ENSEMBL:ENSMMUG00000008639
ZP:0003398,DISO,"cell death increased frequency, abnormal"
ENSEMBL:ENSOANG00000001262,ORTH,ENSEMBL:ENSOANG00000001262
RGD:1563566,ORTH,Ubqln2
ZP:0130872,DISO,"axon spinal cord decreased thickness, abnormal"
WBPhenotype:0001621,DISO,organism oxidative stress response hypersensitive
ENSEMBL:ENSCAFG00000018928,ORTH,MBD1
dictyBase:DDB_G0286331,GENO,DDB0218799
Xenbase:XB-GENE-486024,ORTH,ap2a2
ENSEMBL:ENSACAG00000007703,ORTH,ENSEMBL:ENSACAG00000007703
ENSEMBL:ENSFCAG00000000686,ORTH,ENSEMBL:ENSFCAG00000000686
ZP:0000871,DISO,"embryonic viscerocranium morphogenesis disrupted, abnormal"
WormBase:WBGene00013724,ORTH,Y106G6H.14
ENSEMBL:ENSMMUG00000007309,ORTH,ENSEMBL:ENSMMUG00000007309
EFO:0004842,GENO,eosinophil count
ZP:0001828,DISO,"post-vent region malformed, abnormal"
MP:0008191,DISO,abnormal follicular B cell physiology
ENSEMBL:ENSCAFG00000000487,ORTH,DLA88
WBPhenotype:0000249,DISO,osmotic avoidance defective
ENSEMBL:ENSOANG00000004073,ORTH,ENSEMBL:ENSOANG00000004073
MP:0010160,DISO,increased oligodendrocyte number
ZP:0002587,DISO,"trunk decreased size, abnormal"
MONARCH:APO_0000029APO_0000005,GENO,pseudohyphal growth:absent
ENSEMBL:ENSCAFG00000009018,ORTH,A0A5F4C6T7
ZP:0018636,DISO,"atrioventricular canal increased distribution, abnormal"
MP:0002798,DISO,abnormal active avoidance behavior
ZP:0003117,DISO,"cytolysis increased occurrence, abnormal"
MGI:1915149,ORTH,Cmc1
MP:0002843,DISO,decreased systemic arterial blood pressure
ENSEMBL:ENSSSCG00000014058,ORTH,CLTB
WBPhenotype:0002568,DISO,long-term associative memory phenotype
WBPhenotype:0001882,DISO,aneuploidy
ZP:0000516,DISO,"nucleate erythrocyte immature, abnormal"
ENSEMBL:ENSACAG00000013268,ORTH,ENSEMBL:ENSACAG00000013268
ENSEMBL:ENSECAG00000014536,ORTH,ENSEMBL:ENSECAG00000014536
ENSEMBL:ENSRNOG00000032820,ORTH,F1M2M6
RGD:61846,ORTH,Psma4
MGI:1913546,ORTH,Haus2
MP:0004036,DISO,abnormal muscle relaxation
MP:0002717,DISO,abnormal male preputial gland morphology
HP:0003834,DISO,Shoulder dislocation
dictyBase:DDB_G0271980,GENO,rabR
FlyBase:FBgn0003071,ORTH,Pfk
ENSEMBL:ENSMMUG00000040263,ORTH,ENSEMBL:ENSMMUG00000040263
HP:0004324,DISO,Increased body weight
WBPhenotype:0001999,DISO,conflicting sensory integration variant
ZP:0137806,DISO,"bulbus arteriosus increased occurrence cell population proliferation, abnormal"
HGNC:20045,GENE,GEMIN7
ENSEMBL:ENSECAG00000015479,ORTH,ENSEMBL:ENSECAG00000015479
WBPhenotype:0002300,DISO,coiling frequency increased
ZP:0018347,DISO,"cerebellum structure, abnormal"
ENSEMBL:ENSOANG00000046095,ORTH,ENSEMBL:ENSOANG00000046095
MONARCH:APO_0000308APO_0000245,GENO,fermentative growth:decreased rate
MP:0001602,DISO,impaired myelopoiesis
WBPhenotype:0000564,DISO,echo defecation cycle
ENSEMBL:ENSOANG00000003933,ORTH,ENSEMBL:ENSOANG00000003933
ENSEMBL:ENSGALG00000010795,ORTH,ENSEMBL:ENSGALG00000010795
PomBase:SPCC1183.02,GENO,SPCC1183.02
MP:0001026,DISO,abnormal adrenergic neuron morphology
ENSEMBL:ENSCAFG00000015995,ORTH,DLG4
MP:0000889,DISO,abnormal cerebellar molecular layer
MP:0006386,DISO,absent somites
HP:0011968,DISO,Feeding difficulties
MGI:2136841,ORTH,Morc3
SGD:S000002240,ORTH,RPL13A
ENSEMBL:ENSBTAG00000003418,ORTH,ENSEMBL:ENSBTAG00000003418
ENSEMBL:ENSMODG00000013732,ORTH,ENSEMBL:ENSMODG00000013732
dictyBase:DDB_G0282369,GENO,ubqG
HP:0002751,DISO,Kyphoscoliosis
ENSEMBL:ENSCAFG00000048208,ORTH,A0A5F4DI44
MP:0001307,DISO,fused cornea and lens
PomBase:SPAC922.06,GENO,SPAC922.06
ENSEMBL:ENSMMUG00000009396,ORTH,ENSEMBL:ENSMMUG00000009396
HGNC:6838,GENE,MAP1LC3A
dbSNP:rs4720024,GENO,rs4720024-?
ZP:0101464,DISO,"basement membrane liver aplastic, abnormal"
PomBase:SPAC22E12.14c,GENO,sck2
MP:0011087,DISO,"neonatal lethality, complete penetrance"
Coriell:GM06449,GENO,NIGMS-GM06449
FlyBase:FBgn0003969,ORTH,vap
HP:0001930,DISO,Nonspherocytic hemolytic anemia
ENSEMBL:ENSCAFG00000040985,ORTH,OPRM1
MONARCH:APO_0000105APO_0000005,GENO,mitochondrial genome maintenance:absent
HP:0100645,DISO,Cystocele
MGI:2144790,ORTH,Ighg3
ZP:0001772,DISO,"retina quality, abnormal"
ENSEMBL:ENSECAG00000011424,ORTH,ENSEMBL:ENSECAG00000011424
ENSEMBL:ENSPTRG00000051527,ORTH,ENSEMBL:ENSPTRG00000051527
ENSEMBL:ENSECAG00000008511,ORTH,ENSEMBL:ENSECAG00000008511
WormBase:WBGene00009619,ORTH,npr-6
WormBase:WBGene00007000,ORTH,tufm-1
PomBase:SPAC343.07,GENO,mug28
ZFIN:ZDB-GENE-061025-1,ORTH,ap1b1
ENSEMBL:ENSECAG00000009952,ORTH,ENSEMBL:ENSECAG00000009952
HP:0000445,DISO,Wide nose
ENSEMBL:ENSOANG00000001818,ORTH,ENSEMBL:ENSOANG00000001818
ENSEMBL:ENSCAFG00000004529,ORTH,VIM
HP:0012248,DISO,Prolonged PR interval
MP:0003229,DISO,abnormal vitelline vasculature morphology
MP:0001899,DISO,absent long term depression
SGD:S000000833,ORTH,YPT31
ENSEMBL:ENSMODG00000010827,ORTH,ENSEMBL:ENSMODG00000010827
SGD:S000003827,ORTH,TOR1
ZP:0003984,DISO,"pharyngeal arch apoptotic, abnormal"
MGI:1927140,ORTH,Git1
MGI:1915881,ORTH,Cryl1
MP:0014001,DISO,abnormal vertebral artery topology
MP:0006380,DISO,abnormal spermatid morphology
ENSEMBL:ENSMODG00000013302,ORTH,ENSEMBL:ENSMODG00000013302
MP:0010838,DISO,"increased CD8-positive, alpha-beta memory T cell number"
PomBase:SPAC12G12.03,GENO,cip2
WormBase:WBGene00000102,ORTH,akt-1
ZP:0001540,DISO,"hemoglobin complex nucleate erythrocyte decreased amount, abnormal"
ENSEMBL:ENSMODG00000006427,ORTH,ENSEMBL:ENSMODG00000006427
ENSEMBL:ENSPTRG00000011444,ORTH,ENSEMBL:ENSPTRG00000011444
Coriell:GM04721,GENO,NIGMS-GM04721
HP:0003261,DISO,Increased circulating IgA level
HGNC:17597,GENE,NCDN
MONARCH:APO_0000080APO_0000004,GENO,stress resistance:increased
HP:0011021,DISO,Abnormality of circulating enzyme level
ENSEMBL:ENSGALG00000001947,ORTH,ENSEMBL:ENSGALG00000001947
Xenbase:XB-GENE-1014415,ORTH,siah1
FBcv:0002011,DISO,majority die during first instar larval stage
ENSEMBL:ENSSSCG00000028340,ORTH,ENSEMBL:ENSSSCG00000028340
ENSEMBL:ENSGALG00000010976,ORTH,ENSEMBL:ENSGALG00000010976
ZP:0008034,DISO,"contractile fiber skeletal muscle decreased size, abnormal"
MP:0000776,DISO,abnormal inferior colliculus morphology
ZP:0020457,DISO,"rRNA transcription disrupted, abnormal"
ENSEMBL:ENSOANG00000014576,ORTH,ENSEMBL:ENSOANG00000014576
ENSEMBL:ENSGALG00000000397,ORTH,IPO9
ENSEMBL:ENSACAG00000003862,ORTH,ENSEMBL:ENSACAG00000003862
MP:0001279,DISO,wavy vibrissae
ENSEMBL:ENSMMUG00000022394,ORTH,ENSEMBL:ENSMMUG00000022394
HP:0011483,DISO,Anterior synechiae of the anterior chamber
HP:0007141,DISO,Sensorimotor neuropathy
MONARCH:APO_0000099APO_0000005,GENO,utilization of nitrogen source:absent
MP:0005379,DISO,endocrine/exocrine gland phenotype
PomBase:SPAC11G7.04,GENO,ubi1
ENSEMBL:ENSMMUG00000020471,ORTH,ENSEMBL:ENSMMUG00000020471
MGI:5564938,ORTH,Emx1<tm1(cre)Ito>/Emx1<+>; Tg(HTT*97Q)IXwy [involves: 129P2/OlaHsd * FVB]
ZP:0000236,DISO,"sarcomere organization disrupted, abnormal"
ENSEMBL:ENSECAG00000024605,ORTH,ENSEMBL:ENSECAG00000024605
ZFIN:ZDB-GENE-031030-1,ORTH,tardbpa
ENSEMBL:ENSACAG00000016580,ORTH,ENSEMBL:ENSACAG00000016580
ENSEMBL:ENSFCAG00000000695,ORTH,ENSEMBL:ENSFCAG00000000695
ENSEMBL:ENSFCAG00000001566,ORTH,ENSEMBL:ENSFCAG00000001566
MP:0003863,DISO,decreased aggression towards mice
ENSEMBL:ENSOANG00000049226,ORTH,ENSEMBL:ENSOANG00000049226
MP:0002376,DISO,abnormal dendritic cell physiology
WormBase:WBGene00009278,ORTH,npr-33
HP:0002813,DISO,Abnormality of limb bone morphology
RGD:1307754,ORTH,Wipi1
ENSEMBL:ENSBTAG00000033167,ORTH,ENSEMBL:ENSBTAG00000033167
ZP:0001771,DISO,"pronephros quality, abnormal"
ZP:0009928,DISO,"heart looping decreased occurrence, abnormal"
MP:0009139,DISO,failure of Mullerian duct regression
ENSEMBL:ENSOANG00000040570,ORTH,ENSEMBL:ENSOANG00000040570
GO:0043065,PHYS,positive regulation of apoptotic process
FlyBase:CG33094,ORTH,FlyBase:CG33094
ZP:0000367,DISO,"presumptive diencephalon increased size, abnormal"
ENSEMBL:ENSSSCG00000036039,ORTH,RAB4A
ENSEMBL:ENSMODG00000004742,ORTH,ENSEMBL:ENSMODG00000004742
PomBase:SPBC800.05c,GENO,atb2
ENSEMBL:ENSECAG00000022083,ORTH,ENSEMBL:ENSECAG00000022083
WormBase:WBGene00019183,ORTH,npr-30
MGI:2384309,ORTH,Polr2h
dictyBase:DDB_G0277221,GENO,chcA
ENSEMBL:ENSGALG00000033760,ORTH,ENSEMBL:ENSGALG00000033760
ENSEMBL:ENSSSCG00000022126,ORTH,EGFR
HP:0003324,DISO,Generalized muscle weakness
HP:0008064,DISO,Ichthyosis
WBPhenotype:0000506,DISO,bursa swollen
ENSEMBL:ENSFCAG00000052762,ORTH,ENSEMBL:ENSFCAG00000052762
ZFIN:ZDB-GENE-080723-31,ORTH,ulk1a
ENSEMBL:ENSACAG00000017497,ORTH,ENSEMBL:ENSACAG00000017497
WBPhenotype:0000050,DISO,embryonic lethal
ENSEMBL:ENSACAG00000017406,ORTH,ENSEMBL:ENSACAG00000017406
ENSEMBL:ENSCAFG00000045102,ORTH,A0A5F4DIN2
ENSEMBL:ENSMMUG00000014408,ORTH,ENSEMBL:ENSMMUG00000014408
WormBase:WBGene00007966,ORTH,maph-1.3
HP:0011034,DISO,Amyloidosis
PomBase:SPAC5D6.13,GENO,gpp74
RGD:620401,ORTH,Bdkrb1
GO:0007030,PHYS,Golgi organization
HP:0001388,DISO,Joint laxity
ZP:0004346,DISO,"photoreceptor inner segment eye photoreceptor cell malformed, abnormal"
PomBase:SPBC428.16c,GENO,rhb1
ENSEMBL:ENSOANG00000009047,ORTH,ENSEMBL:ENSOANG00000009047
ENSEMBL:ENSBTAG00000039556,ORTH,WIPI1
FlyBase:FBgn0262716,ORTH,Arp3
ZP:0011205,DISO,"cerebellum hypoplastic, abnormal"
Coriell:GM04199,GENO,NIGMS-GM04199
HP:0008410,DISO,Subungual hyperkeratotic fragments
ENSEMBL:ENSECAG00000014279,ORTH,ENSEMBL:ENSECAG00000014279
MP:0004875,DISO,increased mean systemic arterial blood pressure
ENSEMBL:ENSMODG00000023805,ORTH,ENSEMBL:ENSMODG00000023805
FBcv:0000434,DISO,abnormal neurophysiology
HP:0012133,DISO,Erythroid hypoplasia
FlyBase:FBgn0004177,ORTH,mts
MGI:2386306,ORTH,Eppk1
WBPhenotype:0000175,DISO,hypercontracted
ENSEMBL:ENSACAG00000016861,ORTH,ENSEMBL:ENSACAG00000016861
HP:0000365,DISO,Hearing impairment
ENSEMBL:ENSOANG00000006175,ORTH,ENSEMBL:ENSOANG00000006175
ENSEMBL:ENSPTRG00000018060,ORTH,ENSEMBL:ENSPTRG00000018060
MP:0009506,DISO,abnormal mammary gland alveolus morphology
ENSEMBL:ENSCAFG00000009240,ORTH,VIRMA
ENSEMBL:ENSACAG00000004802,ORTH,ENSEMBL:ENSACAG00000004802
ENSEMBL:ENSMMUG00000022363,ORTH,ENSEMBL:ENSMMUG00000022363
ZP:0100536,DISO,"facial nerve motor nucleus displaced to motor neuron rhombomere 4, abnormal"
ZFIN:ZDB-GENE-040718-122,ORTH,haus4
ENSEMBL:ENSACAG00000004685,ORTH,ENSEMBL:ENSACAG00000004685
FlyBase:FBgn0087035,ORTH,AGO2
MP:0000333,DISO,decreased bone marrow cell number
WBPhenotype:0002176,DISO,seam cell morphology variant
HP:0012450,DISO,Chronic constipation
FlyBase:FBgn0003277,ORTH,Polr2A
MGI:1096584,ORTH,Psmd2
WormBase:WBGene00004827,ORTH,skr-21
WBPhenotype:0000762,DISO,spindle position defective early emb
Xenbase:XB-GENE-970899,ORTH,xrcc6
ENSEMBL:ENSFCAG00000022323,ORTH,ENSEMBL:ENSFCAG00000022323
MP:0002398,DISO,abnormal bone marrow cell morphology/development
MGI:3782011,ORTH,Gm3839
MGI:1349722,ORTH,Pabpc1
PomBase:SPBC1289.07c,GENO,rpc40
ENSEMBL:ENSMODG00000003074,ORTH,ENSEMBL:ENSMODG00000003074
ZP:0004977,DISO,"blood circulation decreased occurrence, abnormal"
Xenbase:XB-GENE-5961407,ORTH,mr1-like
ENSEMBL:ENSGALG00000037261,ORTH,RFXANK
RGD:1304771,ORTH,Cnot3
MGI:95942,ORTH,H2-T10
MP:0009283,DISO,decreased gonadal fat pad weight
HP:0100243,DISO,Leiomyosarcoma
ZFIN:ZDB-GENE-121031-5,ORTH,slc2a3b
ZP:0000329,DISO,"melanocyte decreased amount, abnormal"
MGI:95904,ORTH,H2-K1
PomBase:SPBC14F5.03c,GENO,kap123
HP:0025321,DISO,Copper accumulation in liver
ENSEMBL:ENSCAFG00000010962,ORTH,DPYSL4
HP:0011787,DISO,Central hypothyroidism
MONARCH:APO_0000253APO_0000250,GENO,cell cycle progression:arrested
MGI:1329037,ORTH,Strap
ENSEMBL:ENSACAG00000000017,ORTH,ENSEMBL:ENSACAG00000000017
ENSEMBL:ENSPTRG00000002083,ORTH,ENSEMBL:ENSPTRG00000002083
WBPhenotype:0001995,DISO,cell cycle progression variant
MP:0010699,DISO,dilated hair follicles
ENSEMBL:ENSBTAG00000045756,ORTH,G3MX54
EFO:0004747,GENO,protein measurement
FlyBase:FBgn0053513,ORTH,Nmdar2
MP:0002861,DISO,abnormal tail bud morphology
ENSEMBL:ENSACAG00000006123,ORTH,ENSEMBL:ENSACAG00000006123
ENSEMBL:ENSACAG00000007271,ORTH,ENSEMBL:ENSACAG00000007271
ENSEMBL:ENSMODG00000039640,ORTH,ENSEMBL:ENSMODG00000039640
HGNC:9770,GENE,RAB30
dictyBase:DDB_G0269704,GENO,DDB0190486
HGNC:620,GENE,APP
ENSEMBL:ENSPTRG00000015878,ORTH,ENSEMBL:ENSPTRG00000015878
ZFIN:ZDB-GENE-040618-2,ORTH,psmb1
MP:0005386,DISO,behavior/neurological phenotype
MGI:107745,ORTH,Dctn1
MP:0001384,DISO,abnormal pup retrieval
EFO:0007986,GENO,reticulocyte count
ClinVarVariant:225541,VARI,NM_002111.8(HTT):c.4463+1G>A
MP:0006219,DISO,optic nerve degeneration
ENSEMBL:ENSCAFG00000005788,ORTH,ENSEMBL:ENSCAFG00000005788
ENSEMBL:ENSPTRG00000043450,ORTH,ENSEMBL:ENSPTRG00000043450
ZP:0008032,DISO,"skeletal muscle lacks parts or has fewer parts of type myofibril slow muscle cell, abnormal"
ENSEMBL:ENSACAG00000007305,ORTH,ENSEMBL:ENSACAG00000007305
ENSEMBL:ENSFCAG00000022033,ORTH,ENSEMBL:ENSFCAG00000022033
WBPhenotype:0001764,DISO,carbon dioxide response variant
ENSEMBL:ENSMMUG00000000800,ORTH,ENSEMBL:ENSMMUG00000000800
ENSEMBL:ENSOANG00000020339,ORTH,ENSEMBL:ENSOANG00000020339
FBcv:0000366,DISO,female sterile
ENSEMBL:ENSMMUG00000007152,ORTH,ENSEMBL:ENSMMUG00000007152
ENSEMBL:ENSMMUG00000000573,ORTH,ENSEMBL:ENSMMUG00000000573
HP:0003450,DISO,Axonal regeneration
ZP:0007908,DISO,"posterior lateral line neuromast has fewer parts of type kinocilium neuromast, abnormal"
ZP:0008388,DISO,"retinal neural layer structure, abnormal"
ENSEMBL:ENSOANG00000003787,ORTH,ENSEMBL:ENSOANG00000003787
MP:0008719,DISO,impaired neutrophil recruitment
RGD:1359355,ORTH,M6pr
HP:0002133,DISO,Status epilepticus
FlyBase:FBgn0032171,ORTH,Dmel\CG5846
HP:0011623,DISO,Muscular ventricular septal defect
SGD:S000004376,ORTH,IKI3
ZP:0004003,DISO,"nucleus diencephalon aggregated, abnormal"
ENSEMBL:ENSFCAG00000050011,ORTH,ENSEMBL:ENSFCAG00000050011
MGI:1860512,ORTH,Prpf40a
ENSEMBL:ENSECAG00000014334,ORTH,ENSEMBL:ENSECAG00000014334
MGI:95912,ORTH,H2-L
MONARCH:APO_0000317APO_0000004,GENO,replicative lifespan:increased
SGD:S000002865,ORTH,TOM1
MGI:2385261,ORTH,Cnot3
ZP:0000122,DISO,"notochord undulate, abnormal"
MP:0001218,DISO,thin epidermis
ENSEMBL:ENSMMUG00000055610,ORTH,ENSEMBL:ENSMMUG00000055610
ZFIN:ZDB-FISH-170608-4,ORTH,<zf602Tg>/<?>; <zf701Tg>/<?> [unspecified background]
MP:0006365,DISO,absent guard hair
MP:0009363,DISO,abnormal secondary ovarian follicle morphology
MGI:88251,ORTH,Calm1
ENSEMBL:ENSCAFG00000001699,ORTH,ENSEMBL:ENSCAFG00000001699
MP:0011386,DISO,increased metanephric mesenchyme apoptosis
MP:0001243,DISO,abnormal dermal layer morphology
ZFIN:ZDB-GENE-041014-35,ORTH,stx7l
HGNC:6047,GENE,IMMT
HP:0200147,DISO,Neuronal loss in basal ganglia
MGI:1098230,ORTH,Cenpe
ZP:0003589,DISO,"gut endothelial cell morphology, abnormal"
ENSEMBL:ENSSSCG00000017787,ORTH,GIT1
SGD:S000005041,ORTH,PHO23
ENSEMBL:ENSMODG00000013903,ORTH,ENSEMBL:ENSMODG00000013903
WBPhenotype:0001426,DISO,coelomocyte endocytosis defective
ZFIN:ZDB-GENE-030131-7452,ORTH,g3bp1
ZP:0106959,DISO,"microtubule cytoskeleton organization process quality, abnormal"
ZP:0003847,DISO,"kinocilium neuromast decreased length, abnormal"
ZP:0010096,DISO,"ceratohyal cartilage curved caudal, abnormal"
MP:0009503,DISO,abnormal mammary gland duct morphology
dictyBase:DDB_G0285063,GENO,DDB_G0285063
FBcv:0000361,DISO,increased body size
ENSEMBL:ENSMODG00000008018,ORTH,ENSEMBL:ENSMODG00000008018
GO:0006915,PHYS,apoptotic process
HP:0011224,DISO,Ablepharon
ZP:0002783,DISO,"ribosome biogenesis disrupted, abnormal"
FlyBase:FBgn0037717,ORTH,CG8301
SGD:S000004818,ORTH,PFK2
HP:0007366,DISO,Atrophy/Degeneration affecting the brainstem
MP:0001715,DISO,placental labyrinth hypoplasia
FlyBase:FBgn0046698,ORTH,Pp1-Y2
ENSEMBL:ENSECAG00000010051,ORTH,ENSEMBL:ENSECAG00000010051
HP:0001894,DISO,Thrombocytosis
Xenbase:XB-GENE-972413,ORTH,dnajb6
FlyBase:FBgn0005778,ORTH,PpD5
MP:0010911,DISO,abnormal pulmonary acinus morphology
Coriell:GM02147,GENO,NIGMS-GM02147
HP:0012153,DISO,Hypotriglyceridemia
ENSEMBL:ENSBTAG00000018207,ORTH,ENSEMBL:ENSBTAG00000018207
ENSEMBL:ENSBTAG00000005207,ORTH,ENSEMBL:ENSBTAG00000005207
ENSEMBL:ENSECAG00000005828,ORTH,ENSEMBL:ENSECAG00000005828
ZP:0000103,DISO,"extension decreased length, abnormal"
MP:0010344,DISO,increased hibernoma incidence
ZP:0006870,DISO,"spindle ciliary marginal zone increased amount, abnormal"
ENSEMBL:ENSOANG00000010454,ORTH,ENSEMBL:ENSOANG00000010454
ENSEMBL:ENSPTRG00000018630,ORTH,ENSEMBL:ENSPTRG00000018630
ENSEMBL:ENSECAG00000005595,ORTH,ENSEMBL:ENSECAG00000005595
MP:0000031,DISO,abnormal cochlea morphology
dictyBase:DDB_G0283971,GENO,DDB0185786
ENSEMBL:ENSPTRG00000006786,ORTH,ENSEMBL:ENSPTRG00000006786
MP:0000346,DISO,broad head
WBPhenotype:0001681,DISO,spindle orientation variant
ENSEMBL:ENSACAG00000005706,ORTH,ENSEMBL:ENSACAG00000005706
ENSEMBL:ENSFCAG00000027002,ORTH,ENSEMBL:ENSFCAG00000027002
ENSEMBL:ENSFCAG00000024388,ORTH,ENSEMBL:ENSFCAG00000024388
WBPhenotype:0000039,DISO,life span phenotype
MP:0012349,DISO,increased susceptibility to induction of seizure by inducing agent
Xenbase:XB-GENE-964696,ORTH,glb1l
MP:0001726,DISO,abnormal allantois morphology
FBcv:0000367,DISO,female semi-sterile
HP:0004279,DISO,Short palm
MGI:99832,ORTH,Sec13
FlyBase:FBgn0000108,ORTH,Appl
ENSEMBL:ENSACAG00000015910,ORTH,ENSEMBL:ENSACAG00000015910
ZFIN:ZDB-GENE-040525-1,ORTH,rab4a
FlyBase:FBgn0036260,ORTH,Rh7
ZP:0008523,DISO,"locomotory behavior process quality, abnormal"
ENSEMBL:ENSGALG00000042564,ORTH,UBAC1
ENSEMBL:ENSACAG00000012744,ORTH,ENSEMBL:ENSACAG00000012744
RGD:1304979,ORTH,Usp8
RGD:619762,ORTH,Rab11a
HP:0005692,DISO,Joint hyperflexibility
ENSEMBL:ENSCAFG00000009169,ORTH,AMFR
ZP:0003017,DISO,"laminin complex somite decreased amount, abnormal"
Xenbase:XB-GENE-493034,ORTH,ipo4
MP:0008567,DISO,decreased interferon-gamma secretion
WormBase:WBGene00015378,ORTH,C03B1.7
ENSEMBL:ENSGALG00000001593,ORTH,ENSEMBL:ENSGALG00000001593
ZP:0000442,DISO,"cell death increased occurrence, abnormal"
Xenbase:XB-GENE-993962,ORTH,hnrnpm
ZFIN:ZDB-GENE-121214-31,ORTH,hspa8b
ZFIN:ZDB-GENE-040724-77,ORTH,carm1
ENSEMBL:ENSBTAG00000020309,ORTH,ENSEMBL:ENSBTAG00000020309
Coriell:GM04688,GENO,NIGMS-GM04688
ZP:0000945,DISO,"pigment cell quality, abnormal"
HP:0001654,DISO,Abnormal heart valve morphology
MP:0009264,DISO,failure of eyelid fusion
MGI:1919558,ORTH,Brf1
MP:0009124,DISO,increased brown fat cell lipid droplet size
ENSEMBL:ENSGALG00000008534,ORTH,POLR2H
ZFIN:ZDB-GENE-130530-768,ORTH,ninl
ENSEMBL:ENSMODG00000045925,ORTH,ENSEMBL:ENSMODG00000045925
HP:0003271,DISO,Visceromegaly
MP:0005500,DISO,abnormal gustatory system morphology
ENSEMBL:ENSECAG00000031575,ORTH,ENSEMBL:ENSECAG00000031575
ZP:0000650,DISO,"lens decreased size, abnormal"
WBPhenotype:0002259,DISO,dendritic termini number reduced
MP:0001473,DISO,reduced long term potentiation
MP:0008418,DISO,abnormal cutaneous elastic fiber morphology
RGD:1564921,ORTH,Ppih
EFO:0004840,GENO,cortical thickness
FlyBase:FBgn0032949,ORTH,Lamp1
HP:0012310,DISO,Abnormal monocyte count
ZP:0011675,DISO,"muscle cell adductor mandibulae decreased size, abnormal"
ZP:0102173,DISO,"dorsal fin development process quality, abnormal"
ZP:0008110,DISO,"brain morphogenesis decreased process quality, abnormal"
Xenbase:XB-GENE-5991273,ORTH,mr1
ENSEMBL:ENSSSCG00000010253,ORTH,HK1
ENSEMBL:ENSECAG00000043427,ORTH,ENSEMBL:ENSECAG00000043427
HP:0025356,DISO,Psychomotor retardation
HP:0011117,DISO,Abnormality of interleukin secretion
ENSEMBL:ENSSSCG00000022659,ORTH,CLTC
HP:0030026,DISO,Squared superior portion of helix
ENSEMBL:ENSPTRG00000003943,ORTH,ENSEMBL:ENSPTRG00000003943
HP:0002600,DISO,Hyporeflexia of lower limbs
HGNC:7104,GENE,MIPEP
ENSEMBL:ENSMODG00000051501,ORTH,ENSEMBL:ENSMODG00000051501
ENSEMBL:ENSMODG00000013727,ORTH,ENSEMBL:ENSMODG00000013727
ZP:0105996,DISO,"central artery decreased occurrence angiogenesis, abnormal"
MONARCH:APO_0000125APO_0000003,GENO,utilization of phosphorus source:decreased
ENSEMBL:ENSCAFG00000006950,ORTH,SP1
MP:0009420,DISO,skeletal muscle endomysial fibrosis
ENSEMBL:ENSBTAG00000002948,ORTH,SETD2
MP:0000280,DISO,thin ventricular wall
MP:0008042,DISO,abnormal NK T cell physiology
MP:0008226,DISO,decreased anterior commissure size
ENSEMBL:ENSACAG00000008857,ORTH,ENSEMBL:ENSACAG00000008857
MONARCH:APO_0000106APO_0000003,GENO,vegetative growth:decreased
MP:0013906,DISO,absent embryonic telencephalon
ENSEMBL:ENSMODG00000020656,ORTH,ENSEMBL:ENSMODG00000020656
ENSEMBL:ENSGALG00000038885,ORTH,FEZ1
HGNC:20766,GENE,TUBA1A
ENSEMBL:ENSMODG00000013238,ORTH,ENSEMBL:ENSMODG00000013238
ENSEMBL:ENSFCAG00000000249,ORTH,ENSEMBL:ENSFCAG00000000249
RGD:2640,ORTH,Mid1
MGI:1922391,ORTH,Rasd2
ZP:0009005,DISO,"retina increased occurrence cell population proliferation, abnormal"
SGD:S000006041,ORTH,VPS30
PomBase:SPAC19B12.05c,GENO,fcp1
ENSEMBL:ENSBTAG00000013010,ORTH,ENSEMBL:ENSBTAG00000013010
RGD:1309507,ORTH,Rab30
ENSEMBL:ENSMODG00000018204,ORTH,ENSEMBL:ENSMODG00000018204
ZP:0017123,DISO,"atrium size, abnormal"
SGD:S000006236,ORTH,SRO7
MP:0011631,DISO,decreased mitochondrial size
WormBase:WBGene00007784,ORTH,ruvb-1
HGNC:28719,GENE,HAUS3
MGI:3584454,ORTH,Emx1<tm1(cre)Ito>; Gt(ROSA)26Sor<tm1(HD*103Q)Xwy> [involves: 129S1/Sv * 129X1/SvJ * C57BL/6 * SJL]
MGI:107399,ORTH,Il17ra
MGI:5298850,ORTH,Tg(YAC18)18Hay [involves: FVB/N]
ENSEMBL:ENSSSCG00000017950,ORTH,ENSEMBL:ENSSSCG00000017950
ENSEMBL:ENSECAG00000024569,ORTH,ENSEMBL:ENSECAG00000024569
ENSEMBL:ENSACAG00000029405,ORTH,ENSEMBL:ENSACAG00000029405
ZP:0003477,DISO,"heart primordium decreased width, abnormal"
ZP:0011580,DISO,"caudal vein plexus increased size, abnormal"
WormBase:WBGene00006733,ORTH,ufd-1
ENSEMBL:ENSECAG00000037934,ORTH,ENSEMBL:ENSECAG00000037934
MP:0003393,DISO,decreased cardiac output
EFO:0005090,GENO,basophil count
HP:0032059,DISO,Mild malformation of cortical development
ENSEMBL:ENSSSCG00000016582,ORTH,ENSEMBL:ENSSSCG00000016582
FlyBase:FBgn0000667,ORTH,Actn
MGI:3643982,ORTH,Mageb6b1
ENSEMBL:ENSPTRG00000043790,ORTH,ENSEMBL:ENSPTRG00000043790
MP:0013278,DISO,decreased fasting circulating glucose level
ZP:0003224,DISO,"axon hindbrain decreased length, abnormal"
PomBase:SPAC13A11.01c,GENO,rga8
ENSEMBL:ENSECAG00000021641,ORTH,ENSEMBL:ENSECAG00000021641
HP:0003072,DISO,Hypercalcemia
FlyBase:FBgn0010406,ORTH,RNaseX25
RGD:70514,ORTH,Cdk5
ZP:0001280,DISO,"Muller cell decreased amount, abnormal"
ENSEMBL:ENSOANG00000011351,ORTH,ENSEMBL:ENSOANG00000011351
HP:0007204,DISO,Diffuse white matter abnormalities
ENSEMBL:ENSACAG00000004943,ORTH,ENSEMBL:ENSACAG00000004943
ENSEMBL:ENSRNOG00000059655,ORTH,RGD1564855
ENSEMBL:ENSMODG00000025373,ORTH,ENSEMBL:ENSMODG00000025373
MP:0010875,DISO,increased bone volume
ZFIN:ZDB-GENE-081027-5,ORTH,tenm2
ENSEMBL:ENSMODG00000014066,ORTH,ENSEMBL:ENSMODG00000014066
MP:0000715,DISO,decreased thymocyte number
PomBase:SPAC1F3.03,GENO,sro7
PomBase:SPBC17D11.08,GENO,dca7
HGNC:25530,GENE,HAUS2
MP:0001055,DISO,failure of neuromuscular synapse postsynaptic differentiation
MP:0010091,DISO,decreased circulating creatine kinase level
Coriell:GM04201,GENO,NIGMS-GM04201
HP:0002875,DISO,Exertional dyspnea
Xenbase:XB-GENE-983586,ORTH,matr3
WormBase:WBGene00004774,ORTH,sem-5
dictyBase:DDB_G0292550,GENO,DDB_G0292550
MONARCH:APO_0000083APO_0000003,GENO,oxidative stress resistance:decreased
ZFIN:ZDB-GENE-030131-2140,ORTH,setd2
ZP:0000661,DISO,"embryonic cranial skeleton morphogenesis disrupted, abnormal"
ZP:0004401,DISO,"neural crest cell migration decreased rate, abnormal"
ENSEMBL:ENSBTAG00000018463,ORTH,ENSEMBL:ENSBTAG00000018463
ZFIN:ZDB-GENE-040905-1,ORTH,bsdc1
MP:0003877,DISO,abnormal serotonergic neuron morphology
ZP:0002810,DISO,"swimming behavior decreased process quality, abnormal"
ZP:0000352,DISO,"antero-lateral region prechordal plate decreased size, abnormal"
MP:0000860,DISO,abnormal primary somatosensory cortex morphology
PomBase:SPBC36.07,GENO,elp1
WBPhenotype:0000451,DISO,head protrusion
dictyBase:DDB_G0275077,GENO,pks17
WormBase:WBGene00012114,ORTH,T28B8.3
ZP:0009071,DISO,"neuronal cell body cranial nerve VII mislocalised anteriorly, abnormal"
ZP:0003483,DISO,"cranial neural crest cell apoptotic, abnormal"
HP:0030731,DISO,Carcinoma
ZFIN:ZDB-GENE-030804-3,ORTH,calm2a
MP:0030302,DISO,abnormal maxillary zygomatic process morphology
ZFIN:ZDB-GENE-030131-6192,ORTH,mgrn1a
ZP:0002747,DISO,"endothelial cell increased amount, abnormal"
ENSEMBL:ENSECAG00000003473,ORTH,ENSEMBL:ENSECAG00000003473
ENSEMBL:ENSBTAG00000050050,ORTH,OR10A5G
Xenbase:XB-GENE-974377,ORTH,eif3i
MP:0000859,DISO,abnormal somatosensory cortex morphology
ENSEMBL:ENSPTRG00000041261,ORTH,ENSEMBL:ENSPTRG00000041261
dictyBase:DDB_G0292318,GENO,rsmD
PomBase:SPBC32F12.16,GENO,gem7
ENSEMBL:ENSECAG00000013864,ORTH,ENSEMBL:ENSECAG00000013864
ENSEMBL:ENSFCAG00000013696,ORTH,ENSEMBL:ENSFCAG00000013696
ENSEMBL:ENSSSCG00000039034,ORTH,ENSEMBL:ENSSSCG00000039034
WBPhenotype:0000572,DISO,neuronal outgrowth variant
ENSEMBL:ENSPTRG00000005449,ORTH,ENSEMBL:ENSPTRG00000005449
RGD:620247,ORTH,Cetn2
MP:0008554,DISO,decreased circulating tumor necrosis factor level
WormBase:WBGene00003808,ORTH,npr-2
ENSEMBL:ENSSSCG00000022575,ORTH,PRMT2
MP:0030947,DISO,increased myoblast proliferation
MP:0001486,DISO,abnormal startle reflex
HP:0000506,DISO,Telecanthus
ZFIN:ZDB-GENE-050419-75,ORTH,plekha7a
ZP:0004160,DISO,"pharyngeal arch 3-7 skeleton aplastic, abnormal"
ENSEMBL:ENSSSCG00000016958,ORTH,PIK3R1
ZFIN:ZDB-GENE-091112-22,ORTH,pfkpa
HP:0002107,DISO,Pneumothorax
ENSEMBL:ENSFCAG00000023036,ORTH,ENSEMBL:ENSFCAG00000023036
ENSEMBL:ENSMMUG00000041076,ORTH,ENSEMBL:ENSMMUG00000041076
MP:0012507,DISO,midbrain atrophy
ZP:0007120,DISO,"lamellipodium cell decreased amount, abnormal"
MGI:1921376,ORTH,Syvn1
ENSEMBL:ENSGALG00000003950,ORTH,ENSEMBL:ENSGALG00000003950
dictyBase:DDB_G0270402,GENO,DDB0191031
HP:0030301,DISO,Abnormality of the anterior commissure
MONARCH:APO_0000028APO_0000005,GENO,invasive growth:absent
ENSEMBL:ENSGALG00000006876,ORTH,ENSEMBL:ENSGALG00000006876
ENSEMBL:ENSMMUG00000014883,ORTH,ENSEMBL:ENSMMUG00000014883
ENSEMBL:ENSSSCG00000012733,ORTH,ENSEMBL:ENSSSCG00000012733
ZFIN:ZDB-GENE-040426-2626,ORTH,cmc1
RGD:1306362,ORTH,Rab35
ENSEMBL:ENSMMUG00000011741,ORTH,ENSEMBL:ENSMMUG00000011741
HP:0030769,DISO,Exencephaly
FlyBase:FBgn0041100,ORTH,park
FlyBase:FBgn0037447,ORTH,Neurochondrin
Xenbase:XB-GENE-946065,ORTH,brf1
MP:0002579,DISO,disorganized secondary lens fibers
HP:0001271,DISO,Polyneuropathy
ENSEMBL:ENSFCAG00000002669,ORTH,ENSEMBL:ENSFCAG00000002669
FBcv:0002034,DISO,majority die during pupal stage
dictyBase:DDB_G0282381,GENO,gefC
MONARCH:APO_0000053APO_0000002,GENO,cell wall morphology:abnormal
WBPhenotype:0001413,DISO,bacterially unswollen
ENSEMBL:ENSFCAG00000005158,ORTH,ENSEMBL:ENSFCAG00000005158
FBcv:0002000,DISO,lethal - all die before end of P-stage
RGD:62060,ORTH,Ogt
EFO:0004703,GENO,age at menarche
MP:0004955,DISO,increased thymus weight
ZP:0001488,DISO,"somite disorganized, abnormal"
GO:0099524,PHYS,postsynaptic cytosol
ENSEMBL:ENSMMUG00000012912,ORTH,ENSEMBL:ENSMMUG00000012912
RGD:1307794,ORTH,Bag3
WormBase:WBGene00011326,ORTH,T01D3.1
PomBase:SPBC15D4.01c,GENO,klp9
ENSEMBL:ENSACAG00000009759,ORTH,ENSEMBL:ENSACAG00000009759
MP:0020411,DISO,increased abdominal adipose tissue amount
HP:0005479,DISO,Decreased circulating IgE
HP:0000400,DISO,Macrotia
MP:0030079,DISO,small incisors
MGI:2177757,ORTH,Htt<tm2Detl>
ZFIN:ZDB-GENE-041001-205,ORTH,adgb
Coriell:GM04894,GENO,NIGMS-GM04894
HP:0100891,DISO,Bifid xiphoid process
MGI:1347006,ORTH,Psma6
RGD:1562692,ORTH,Atxn7
ENSEMBL:ENSOANG00000013547,ORTH,ENSEMBL:ENSOANG00000013547
ZP:0000388,DISO,"dorso-rostral cluster absent, abnormal"
EFO:0007785,GENO,femoral neck bone mineral density
ENSEMBL:ENSFCAG00000015049,ORTH,ENSEMBL:ENSFCAG00000015049
ENSEMBL:ENSBTAG00000016401,ORTH,ENSEMBL:ENSBTAG00000016401
ENSEMBL:ENSPTRG00000052247,ORTH,ENSEMBL:ENSPTRG00000052247
HGNC:23393,GENE,CARM1
MP:0001289,DISO,persistence of hyaloid vascular system
dictyBase:DDB_G0285563,GENO,DDB0186571
WBPhenotype:0002325,DISO,backward point velocity increased
MGI:1913208,ORTH,Carm1
HGNC:115,GENE,ACLY
ENSEMBL:ENSMMUG00000007740,ORTH,ENSEMBL:ENSMMUG00000007740
MP:0000911,DISO,abnormal trigeminal motor nucleus morphology
ENSEMBL:ENSOANG00000031572,ORTH,ENSEMBL:ENSOANG00000031572
MGI:4438241,ORTH,Tg(HTT*)1Xwy [FVB-Tg(HTT*)1Xwy]
ENSEMBL:ENSPTRG00000007886,ORTH,ENSEMBL:ENSPTRG00000007886
ENSEMBL:ENSPTRG00000008616,ORTH,ENSEMBL:ENSPTRG00000008616
MP:0010050,DISO,hypermyelination
ZP:0006387,DISO,"retinal inner nuclear layer absent, abnormal"
MP:0010601,DISO,thick pulmonary valve
ENSEMBL:ENSECAG00000017563,ORTH,ENSEMBL:ENSECAG00000017563
MP:0008266,DISO,absent hippocampus CA2 region
RGD:1598233,ORTH,RT1-T24-4
ENSEMBL:ENSFCAG00000027081,ORTH,ENSEMBL:ENSFCAG00000027081
ZP:0001349,DISO,"eye apoptotic, abnormal"
HP:0009792,DISO,Teratoma
MP:0000702,DISO,enlarged lymph nodes
SGD:S000000201,ORTH,PKC1
ENSEMBL:ENSMMUG00000051787,ORTH,ENSEMBL:ENSMMUG00000051787
ENSEMBL:ENSMODG00000010543,ORTH,ENSEMBL:ENSMODG00000010543
MP:0010068,DISO,decreased red blood cell distribution width
ENSEMBL:ENSMMUG00000007972,ORTH,ENSEMBL:ENSMMUG00000007972
MP:0008146,DISO,asymmetric sternocostal joints
MGI:1321159,ORTH,Ppp2ca
EnsemblGenome:BAE77952,ORTH,EnsemblGenome:BAE77952
HP:0000582,DISO,Upslanted palpebral fissure
WBPhenotype:0001323,DISO,vesicle morphology variant
WormBase:WBGene00019122,ORTH,F59E12.6
WBPhenotype:0001121,DISO,exaggerated asynchrony early emb
MP:0002578,DISO,impaired ability to fire action potentials
MP:0013600,DISO,testis degeneration
ZP:0010784,DISO,"apoptotic process increased process quality, abnormal"
ENSEMBL:ENSOANG00000014057,ORTH,ENSEMBL:ENSOANG00000014057
ZFIN:ZDB-GENE-040704-3,ORTH,rbck1
MP:0008518,DISO,retinal outer nuclear layer degeneration
MP:0003087,DISO,absent allantois
MP:0008459,DISO,abnormal circulating pancreatic peptide level
ENSEMBL:ENSECAG00000016231,ORTH,ENSEMBL:ENSECAG00000016231
ENSEMBL:ENSBTAG00000008033,ORTH,ENSEMBL:ENSBTAG00000008033
MP:0003289,DISO,abnormal intestinal peristalsis
MP:0005452,DISO,abnormal adipose tissue amount
ZFIN:ZDB-GENE-110401-3,ORTH,mgrn1b
FlyBase:FBgn0026206,ORTH,mei-P26
WBPhenotype:0001224,DISO,axon outgrowth variant
MP:0000787,DISO,abnormal telencephalon morphology
ENSEMBL:ENSMODG00000016841,ORTH,ENSEMBL:ENSMODG00000016841
dictyBase:DDB_G0289449,GENO,ubqF
MP:0004783,DISO,abnormal cardinal vein morphology
MP:0004706,DISO,short vertebral body
Coriell:GM04856,GENO,NIGMS-GM04856
HP:0012432,DISO,Chronic fatigue
SGD:S000004750,ORTH,RPL13B
ENSEMBL:ENSSSCG00000000071,ORTH,ST13
dictyBase:DDB_G0290187,GENO,hspH
MP:0010412,DISO,atrioventricular septal defect
FlyBase:FBgn0261403,ORTH,sxc
ENSEMBL:ENSMODG00000018066,ORTH,ENSEMBL:ENSMODG00000018066
ENSEMBL:ENSACAG00000004001,ORTH,ENSEMBL:ENSACAG00000004001
PomBase:SPBC25B2.01,GENO,hbs1
FlyBase:FBgn0037538,ORTH,CG3223
PomBase:SPCC16A11.12c,GENO,ubp1
MGI:1261864,ORTH,Wipi1
ENSEMBL:ENSPTRG00000000522,ORTH,ENSEMBL:ENSPTRG00000000522
ENSEMBL:ENSECAG00000034082,ORTH,ENSEMBL:ENSECAG00000034082
WBPhenotype:0000774,DISO,gametogenesis variant
MP:0006418,DISO,abnormal testis cord formation
MP:0008560,DISO,increased tumor necrosis factor secretion
HP:0031951,DISO,Nocturnal seizures
ENSEMBL:ENSPTRG00000047939,ORTH,ENSEMBL:ENSPTRG00000047939
ENSEMBL:ENSPTRG00000007076,ORTH,ENSEMBL:ENSPTRG00000007076
ZP:0005778,DISO,"cell junction EVL immature, abnormal"
dictyBase:DDB_G0275391,GENO,TACC1
MP:0000259,DISO,abnormal vascular development
ENSEMBL:ENSOANG00000005940,ORTH,ENSEMBL:ENSOANG00000005940
ENSEMBL:ENSSSCG00000032220,ORTH,CNOT10
ENSEMBL:ENSCAFG00000048678,ORTH,ENSEMBL:ENSCAFG00000048678
ENSEMBL:ENSSSCG00000007580,ORTH,WIPI2
WBPhenotype:0001383,DISO,protein methylation variant
HP:0100257,DISO,Ectrodactyly
RGD:2174,ORTH,Atp2a2
ENSEMBL:ENSECAG00000006626,ORTH,ENSEMBL:ENSECAG00000006626
ENSEMBL:ENSCAFG00000013544,ORTH,ENSEMBL:ENSCAFG00000013544
ENSEMBL:ENSMODG00000013274,ORTH,ENSEMBL:ENSMODG00000013274
ENSEMBL:ENSFCAG00000025054,ORTH,ENSEMBL:ENSFCAG00000025054
ENSEMBL:ENSECAG00000014268,ORTH,ENSEMBL:ENSECAG00000014268
ENSEMBL:ENSECAG00000010023,ORTH,ENSEMBL:ENSECAG00000010023
WormBase:WBGene00014004,ORTH,fic-1
ZP:0003829,DISO,"branching morphogenesis of an epithelial tube disrupted, abnormal"
ENSEMBL:ENSPTRG00000021273,ORTH,ENSEMBL:ENSPTRG00000021273
WormBase:WBGene00000482,ORTH,chd-3
ZP:0138436,DISO,"optic nerve head fasciculation, abnormal"
ENSEMBL:ENSCAFG00000029930,ORTH,ENSEMBL:ENSCAFG00000029930
RGD:621353,ORTH,Cltb
ENSEMBL:ENSMMUG00000008069,ORTH,ENSEMBL:ENSMMUG00000008069
ENSEMBL:ENSMMUG00000000768,ORTH,ENSEMBL:ENSMMUG00000000768
ENSEMBL:ENSACAG00000015583,ORTH,ENSEMBL:ENSACAG00000015583
ENSEMBL:ENSACAG00000015595,ORTH,ENSEMBL:ENSACAG00000015595
ZP:0103409,DISO,"mating behavior process quality, abnormal"
MP:0004103,DISO,abnormal ventral striatum morphology
FlyBase:FBgn0051721,ORTH,Trim9
ENSEMBL:ENSECAG00000038583,ORTH,ENSEMBL:ENSECAG00000038583
MGI:1913331,ORTH,Sharpin
ZFIN:ZDB-GENE-050706-62,ORTH,rcn2
ENSEMBL:ENSFCAG00000046228,ORTH,ENSEMBL:ENSFCAG00000046228
ENSEMBL:ENSOANG00000010685,ORTH,ENSEMBL:ENSOANG00000010685
Coriell:GM06773,GENO,NIGMS-GM06773
ZFIN:ZDB-GENE-021211-2,ORTH,msna
ENSEMBL:ENSACAG00000015665,ORTH,ENSEMBL:ENSACAG00000015665
ZP:0137440,DISO,"retina spatial pattern, abnormal"
ZP:0000389,DISO,"intestinal epithelial cell proliferative, abnormal"
ZP:0018349,DISO,"central nervous system decreased thickness, abnormal"
ENSEMBL:ENSMODG00000021004,ORTH,ENSEMBL:ENSMODG00000021004
ZP:0008037,DISO,"nucleus slow muscle cell circular, abnormal"
MP:0020082,DISO,increased hippocampus volume
ENSEMBL:ENSBTAG00000000469,ORTH,ENSEMBL:ENSBTAG00000000469
ZP:0003225,DISO,"axon hindbrain disorganized, abnormal"
FlyBase:FBgn0004066,ORTH,Prosalpha4
MP:0012362,DISO,increased large unstained cell number
dictyBase:DDB_G0285101,GENO,kif4
ENSEMBL:ENSECAG00000022080,ORTH,ENSEMBL:ENSECAG00000022080
ENSEMBL:ENSSSCG00000028278,ORTH,POLR2A
Xenbase:XB-GENE-974352,ORTH,ech1
ENSEMBL:ENSBTAG00000001961,ORTH,MAP1B
MP:0009709,DISO,hydrometra
Xenbase:XB-GENE-5755016,ORTH,cnot10
MP:0030005,DISO,increased retinal apoptosis
MONARCH:APO_0000096APO_0000004,GENO,nutrient utilization:increased
MP:0009450,DISO,abnormal axon fasciculation
ENSEMBL:ENSMMUG00000017277,ORTH,ENSEMBL:ENSMMUG00000017277
MP:0000583,DISO,long toenails
MP:0004703,DISO,abnormal vertebral column morphology
ENSEMBL:ENSECAG00000005267,ORTH,ENSEMBL:ENSECAG00000005267
MP:0009342,DISO,enlarged gallbladder
MP:0004016,DISO,decreased bone mass
MP:0006237,DISO,abnormal choroid vasculature morphology
ENSEMBL:ENSMODG00000007809,ORTH,ENSEMBL:ENSMODG00000007809
ENSEMBL:ENSMMUG00000017846,ORTH,ENSEMBL:ENSMMUG00000017846
WBPhenotype:0001655,DISO,cadmium hypersensitive
MP:0006007,DISO,abnormal basal ganglion morphology
ENSEMBL:ENSCAFG00000010452,ORTH,KDM5B
ENSEMBL:ENSECAG00000000796,ORTH,ENSEMBL:ENSECAG00000000796
ENSEMBL:ENSMMUG00000004660,ORTH,ENSEMBL:ENSMMUG00000004660
MP:0000706,DISO,small thymus
ZP:0006357,DISO,"Muller cell disoriented, abnormal"
HP:0002035,DISO,Rectal prolapse
MP:0006204,DISO,embryonic lethality before implantation
WBPhenotype:0001933,DISO,synaptic vesicle tag abnormal in mechanosensory neurons
WormBase:WBGene00011926,ORTH,sptf-2
WBPhenotype:0000189,DISO,hypodermis disorganized
MP:0004929,DISO,decreased epididymis weight
MP:0000830,DISO,abnormal diencephalon morphology
MP:0000074,DISO,abnormal neurocranium morphology
FlyBase:FBgn0031759,ORTH,Kdm5
ENSEMBL:ENSSSCG00000037105,ORTH,EVL
ENSEMBL:ENSPTRG00000005224,ORTH,ENSEMBL:ENSPTRG00000005224
ENSEMBL:ENSACAG00000012196,ORTH,ENSEMBL:ENSACAG00000012196
ZP:0007403,DISO,"ceratobranchial 5 tooth decreased amount, abnormal"
ENSEMBL:ENSBTAG00000000781,ORTH,ENSEMBL:ENSBTAG00000000781
ENSEMBL:ENSXETG00000034683,ORTH,ENSEMBL:ENSXETG00000034683
ENSEMBL:ENSOANG00000050535,ORTH,ENSEMBL:ENSOANG00000050535
ENSEMBL:ENSOANG00000004900,ORTH,ENSEMBL:ENSOANG00000004900
Xenbase:XB-GENE-1009901,ORTH,polr1c
ZP:0000562,DISO,"thrombocyte decreased amount, abnormal"
MP:0005134,DISO,decreased thyroid-stimulating hormone level
HP:0032410,DISO,Bilateral generalized polymicrogyria
WBPhenotype:0000638,DISO,molt defect
ENSEMBL:ENSECAG00000031123,ORTH,ENSEMBL:ENSECAG00000031123
MP:0011665,DISO,d-loop transposition of the great arteries
ZFIN:ZDB-GENE-030131-6225,ORTH,fan1
ZP:0007173,DISO,"sarcomere slow muscle cell decreased amount, abnormal"
dictyBase:DDB_G0277851,GENO,dymB
WBPhenotype:0001400,DISO,level of protein expression variant
WBPhenotype:0000779,DISO,late embryonic arrest
WBPhenotype:0000748,DISO,asymmetric cell division defective early emb
WormBase:WBGene00020053,ORTH,R13A5.11
ENSEMBL:ENSOANG00000044463,ORTH,ENSEMBL:ENSOANG00000044463
HP:0010864,DISO,"Intellectual disability, severe"
MP:0003036,DISO,vertebral transformation
MP:0005192,DISO,increased motor neuron number
MP:0010399,DISO,decreased skeletal muscle glycogen level
WBPhenotype:0001873,DISO,meiotic spindle assembly defective
ENSEMBL:ENSMODG00000014435,ORTH,ENSEMBL:ENSMODG00000014435
ENSEMBL:ENSSSCG00000003264,ORTH,CNOT3
ENSEMBL:ENSFCAG00000031543,ORTH,ENSEMBL:ENSFCAG00000031543
ENSEMBL:ENSFCAG00000019287,ORTH,ENSEMBL:ENSFCAG00000019287
ZP:0018375,DISO,"heart tube linear, abnormal"
HGNC:8554,GENE,PABPC1
ENSEMBL:ENSCAFG00000004985,ORTH,ACTR3
ENSEMBL:ENSDARG00000070299,ORTH,BX942819.1
dictyBase:DDB_G0290783,GENO,rabG2
ENSEMBL:ENSFCAG00000038352,ORTH,ENSEMBL:ENSFCAG00000038352
HP:0003330,DISO,Abnormal bone structure
WBPhenotype:0000545,DISO,egg retention
ENSEMBL:ENSPTRG00000009247,ORTH,ENSEMBL:ENSPTRG00000009247
ENSEMBL:ENSMODG00000019233,ORTH,ENSEMBL:ENSMODG00000019233
MONARCH:APO_0000087APO_0000117,GENO,resistance to chemicals:normal
ENSEMBL:ENSGALG00000011128,ORTH,ENSEMBL:ENSGALG00000011128
ENSEMBL:ENSPTRG00000008094,ORTH,ENSEMBL:ENSPTRG00000008094
RGD:1306559,ORTH,Il17ra
MP:0031048,DISO,increased susceptibility to Coronaviridae infection induced morbidity/mortality
MP:0000913,DISO,abnormal brain development
HP:0000739,DISO,Anxiety
MP:0004901,DISO,decreased male germ cell number
MP:0000215,DISO,absent erythrocytes
ENSEMBL:ENSCAFG00000044459,ORTH,HYPK
ENSEMBL:ENSBTAG00000014970,ORTH,ENSEMBL:ENSBTAG00000014970
WBPhenotype:0001637,DISO,no Intestine
ENSEMBL:ENSSSCG00000011274,ORTH,CTNNB1
MP:0002682,DISO,decreased mature ovarian follicle number
HP:0000939,DISO,Osteoporosis
MP:0008546,DISO,abnormal vesicle-mediated transport
ZP:0103236,DISO,"pronephric tubule has fewer parts of type motile cilium outer dynein arm pronephric tubule, abnormal"
WormBase:WBGene00022617,ORTH,ZC477.2
HP:0010610,DISO,Palmar pits
MP:0001053,DISO,abnormal neuromuscular synapse morphology
ENSEMBL:ENSCAFG00000013374,ORTH,E2RNJ4
MP:0002691,DISO,small stomach
PomBase:SPBC16G5.11c,GENO,bag101
MP:0000440,DISO,domed cranium
ENSEMBL:ENSACAG00000013494,ORTH,ENSEMBL:ENSACAG00000013494
WormBase:WBGene00000166,ORTH,apt-9
WBPhenotype:0002211,DISO,phasmid neuron dye filling defect
FBcv:0002012,DISO,majority die during larval stage
ENSEMBL:ENSGALG00000040957,ORTH,AGO2
MP:0004896,DISO,abnormal endometrium morphology
MONARCH:APO_0000095APO_0000002,GENO,chemical compound accumulation:abnormal
WBPhenotype:0002009,DISO,proteasome core activity variant
MP:0003076,DISO,increased susceptibility to ischemic brain injury
MP:0000098,DISO,abnormal vomer bone morphology
ZFIN:ZDB-GENE-040718-114,ORTH,med31
ZP:0000752,DISO,"cardiac muscle cell increased amount, abnormal"
WBPhenotype:0001524,DISO,quiescence variant
WBPhenotype:0002310,DISO,pausing increased
ZP:0137807,DISO,"atrium increased occurrence cell population proliferation, abnormal"
FlyBase:FBgn0001217,ORTH,Hsc70-2
EnsemblGenome:AT3G21280,ORTH,EnsemblGenome:AT3G21280
ZP:0101902,DISO,"facial nerve motor nucleus rhombomere 5 increased volume, abnormal"
MP:0000774,DISO,decreased brain size
HGNC:20163,GENE,HAUS4
MGI:1858210,ORTH,Stx7
HP:0002384,DISO,Focal impaired awareness seizure
ZP:0002212,DISO,"thigmotaxis decreased process quality, abnormal"
MONARCH:APO_0000242APO_0000002,GENO,lipid particle morphology:abnormal
ENSEMBL:ENSCAFG00000005526,ORTH,IKBKB
MP:0008128,DISO,abnormal brain internal capsule morphology
ENSEMBL:ENSGALG00000029402,ORTH,ENSEMBL:ENSGALG00000029402
HGNC:26407,GENE,LSM12
ENSEMBL:ENSSSCG00005044935,ORTH,ENSEMBL:ENSSSCG00005044935
ENSEMBL:ENSOANG00000042588,ORTH,ENSEMBL:ENSOANG00000042588
HP:0010535,DISO,Sleep apnea
ENSEMBL:ENSCAFG00000005204,ORTH,CTNNB1
FlyBase:FBgn0000150,ORTH,awd
ENSEMBL:ENSECAG00000020463,ORTH,ENSEMBL:ENSECAG00000020463
WBPhenotype:0001871,DISO,drug induced life span variant
WormBase:WBGene00004306,ORTH,ran-5
WBPhenotype:0001917,DISO,protein acetylation variant
MP:0010277,DISO,increased astrocytoma incidence
HP:0009129,DISO,Upper limb amyotrophy
ENSEMBL:ENSMMUG00000021091,ORTH,ENSEMBL:ENSMMUG00000021091
MP:0002998,DISO,abnormal bone remodeling
SGD:S000002299,ORTH,RPO21
MP:0005181,DISO,decreased circulating estradiol level
WormBase:WBGene00021636,ORTH,pcaf-1
ZP:0004597,DISO,"metapterygoid morphology, abnormal"
ZP:0003999,DISO,"brain degeneration, abnormal"
ZFIN:ZDB-GENE-060126-4,ORTH,ftr79
HGNC:163,GENE,ACTN1
ENSEMBL:ENSPTRG00000023600,ORTH,ENSEMBL:ENSPTRG00000023600
MP:0008770,DISO,decreased survivor rate
WBPhenotype:0001817,DISO,enhanced taste aversion defective
ENSEMBL:ENSMODG00000011192,ORTH,ENSEMBL:ENSMODG00000011192
ZP:0138136,DISO,"regulation of heart contraction decreased process quality, abnormal"
MP:0005397,DISO,hematopoietic system phenotype
MP:0008178,DISO,decreased germinal center B cell number
MP:0008395,DISO,abnormal osteoblast differentiation
HP:0002633,DISO,Vasculitis
Coriell:GM04288,GENO,NIGMS-GM04288
RGD:3583,ORTH,Rnf4
MP:0009413,DISO,skeletal muscle fiber atrophy
ENSEMBL:ENSMODG00000016396,ORTH,ENSEMBL:ENSMODG00000016396
HP:0000508,DISO,Ptosis
MP:0002680,DISO,decreased corpora lutea number
ENSEMBL:ENSCAFG00000007949,ORTH,ENSEMBL:ENSCAFG00000007949
HP:0002058,DISO,Myopathic facies
WormBase:WBGene00009010,ORTH,F21D5.5
Xenbase:XB-GENE-966145,ORTH,ogt
FlyBase:FBgn0000064,ORTH,Ald1
MP:0008148,DISO,abnormal sternocostal joint morphology
WBPhenotype:0000324,DISO,short
MP:0011677,DISO,abnormal olfactory sensory neuron physiology
HGNC:2498,GENE,CTDP1
ENSEMBL:ENSOANG00000042514,ORTH,ENSEMBL:ENSOANG00000042514
ENSEMBL:ENSCAFG00000006611,ORTH,HOXC4
ZP:0010455,DISO,"striated muscle thin filament fast muscle cell disorganized, abnormal"
MP:0010225,DISO,abnormal quadriceps morphology
ZP:0000536,DISO,"cranial vasculature broken, abnormal"
ZFIN:ZDB-GENE-030131-6529,ORTH,ppp1cbl
ENSEMBL:ENSMMUG00000005302,ORTH,ENSEMBL:ENSMMUG00000005302
Xenbase:XB-GENE-974002,ORTH,psmd6
dictyBase:DDB_G0269196,GENO,tubB
HGNC:10548,GENE,ATXN1
MGI:1347064,ORTH,Med21
ENSEMBL:ENSBTAG00000005564,ORTH,PIAS1
ZP:0000621,DISO,"eye decreased distance eye, abnormal"
WBPhenotype:0002213,DISO,kinase activity reduced
MP:0001545,DISO,abnormal hematopoietic system physiology
MP:0000208,DISO,decreased hematocrit
WBPhenotype:0001580,DISO,nuclear envelope breakdown variant
ENSEMBL:ENSMMUG00000019189,ORTH,ENSEMBL:ENSMMUG00000019189
ZP:0104533,DISO,"pharynx development process quality, abnormal"
ZP:0003114,DISO,"Kupffer's vesicle morphology, abnormal"
Xenbase:XB-GENE-982653,ORTH,psma5
PomBase:SPAC57A7.04c,GENO,pabp
EFO:0010701,GENO,mean reticulocyte volume
MGI:1276526,ORTH,H2-M10.5
HP:0003737,DISO,Mitochondrial myopathy
Coriell:GM01061,GENO,NIGMS-GM01061
ZFIN:ZDB-GENE-040426-710,ORTH,hnrnpl
WBPhenotype:0001903,DISO,centrosome biogenesis variant
ZP:0000136,DISO,"ceratobranchial cartilage decreased size, abnormal"
MP:0003722,DISO,absent ureter
ENSEMBL:ENSPTRG00000015752,ORTH,ENSEMBL:ENSPTRG00000015752
MGI:2443510,ORTH,Tacc1
HP:0000278,DISO,Retrognathia
MP:0008448,DISO,abnormal retinal cone cell inner segment morphology
MP:0003492,DISO,abnormal involuntary movement
WBPhenotype:0001778,DISO,nuclear RNAi defective
HGNC:1442,GENE,CALM1
Xenbase:XB-GENE-1016982,ORTH,rnf4
ENSEMBL:ENSCAFG00000005652,ORTH,ENSEMBL:ENSCAFG00000005652
WBPhenotype:0002321,DISO,forward point velocity decreased
RGD:3375,ORTH,Ppp1ca
ENSEMBL:ENSSSCG00000035318,ORTH,NUP58
MP:0002111,DISO,abnormal tail morphology
FlyBase:FBgn0029943,ORTH,Atg5
ZFIN:ZDB-GENE-071115-2,ORTH,ikbkb
ENSEMBL:ENSMMUG00000003348,ORTH,ENSEMBL:ENSMMUG00000003348
ENSEMBL:ENSPTRG00000005243,ORTH,ENSEMBL:ENSPTRG00000005243
WBPhenotype:0001354,DISO,actin cytoskeleton filament morphology phenotype
ENSEMBL:ENSCAFG00000019944,ORTH,J9NXZ3
dictyBase:DDB_G0277849,GENO,dymA
HP:0002162,DISO,Low posterior hairline
MP:0002824,DISO,abnormal chorioallantoic fusion
ZP:0018604,DISO,"hindbrain lacks parts or has fewer parts of type Mauthner neuron, abnormal"
MP:0008111,DISO,abnormal granulocyte differentiation
SGD:S000004558,ORTH,UTP14
ZP:0020598,DISO,"primary motor neuron increased amount, abnormal"
HGNC:6877,GENE,MAPK3
ENSEMBL:ENSECAG00000020408,ORTH,ENSEMBL:ENSECAG00000020408
ENSEMBL:ENSMMUG00000020943,ORTH,ENSEMBL:ENSMMUG00000020943
MP:0009401,DISO,increased skeletal muscle fiber diameter
ZP:0008966,DISO,"T cell decreased amount, abnormal"
MP:0000597,DISO,delayed hepatic development
WBPhenotype:0001470,DISO,diacetyl chemotaxis variant
ENSEMBL:ENSMODG00000036784,ORTH,ENSEMBL:ENSMODG00000036784
HP:0000465,DISO,Webbed neck
ZFIN:ZDB-GENE-040426-2723,ORTH,fez1
EFO:0007927,GENO,schizophrenia symptom severity measurement
PomBase:SPBC16H5.02,GENO,pfk1
ZP:0005134,DISO,"ethmoid cartilage decreased length, abnormal"
Coriell:GM05554,GENO,NIGMS-GM05554
MP:0020070,DISO,decreased neocortex volume
MGI:2444630,ORTH,Dmxl2
MP:0003918,DISO,decreased kidney weight
Xenbase:XB-GENE-480875,ORTH,sin3a
RGD:1311201,ORTH,Pabpc6
Coriell:GM04210,GENO,NIGMS-GM04210
ZFIN:ZDB-GENE-050419-28,ORTH,dctn1b
HP:0007165,DISO,Periventricular heterotopia
ENSEMBL:ENSMMUG00000045825,ORTH,ENSEMBL:ENSMMUG00000045825
ENSEMBL:ENSMODG00000004418,ORTH,ENSEMBL:ENSMODG00000004418
PomBase:SPAC26A3.16,GENO,dsk2
dictyBase:DDB_G0277865,GENO,ptpB
ENSEMBL:ENSCAFG00000005814,ORTH,ENSEMBL:ENSCAFG00000005814
ENSEMBL:ENSFCAG00000000230,ORTH,ENSEMBL:ENSFCAG00000000230
ENSEMBL:ENSACAG00000010885,ORTH,ENSEMBL:ENSACAG00000010885
MP:0003566,DISO,abnormal cell adhesion
MP:0011704,DISO,decreased fibroblast proliferation
ZFIN:ZDB-GENE-030131-7320,ORTH,si:dkey-33c12.3
MP:0004121,DISO,abnormal sarcolemma morphology
MGI:5635162,ORTH,Tg(HTT*)AXwy [involves: FVB/NJ]
MP:0009347,DISO,increased trabecular bone thickness
HGNC:17142,GENE,OPTN
Coriell:GM05552,GENO,NIGMS-GM05552
ENSEMBL:ENSACAG00000016158,ORTH,ENSEMBL:ENSACAG00000016158
ENSEMBL:ENSOANG00000045309,ORTH,ENSEMBL:ENSOANG00000045309
ENSEMBL:ENSACAG00000002692,ORTH,ENSEMBL:ENSACAG00000002692
ZP:0102171,DISO,"anal fin development process quality, abnormal"
ENSEMBL:ENSGALG00000017163,ORTH,ENSEMBL:ENSGALG00000017163
EnsemblGenome:BAA16020,ORTH,EnsemblGenome:BAA16020
ZP:0003688,DISO,"oligodendrocyte decreased amount, abnormal"
ZP:0004710,DISO,"skeletal muscle refractivity, abnormal"
ENSEMBL:ENSPTRG00000015352,ORTH,ENSEMBL:ENSPTRG00000015352
FlyBase:FBgn0038830,ORTH,CG17272
ENSEMBL:ENSMODG00000007217,ORTH,ENSEMBL:ENSMODG00000007217
ENSEMBL:ENSGALG00000031681,ORTH,ENSEMBL:ENSGALG00000031681
WBPhenotype:0001765,DISO,carbon dioxide avoidance variant
HP:0004328,DISO,Abnormal anterior eye segment morphology
MP:0004404,DISO,cochlear outer hair cell degeneration
ENSEMBL:ENSOANG00000048512,ORTH,ENSEMBL:ENSOANG00000048512
dictyBase:DDB_G0292382,GENO,psmC5
SGD:S000000445,ORTH,VVS1
WBPhenotype:0000319,DISO,large
RGD:61851,ORTH,Psma7
MP:0004799,DISO,increased susceptibility to experimental autoimmune encephalomyelitis
ZP:0101900,DISO,"motor neuron facial nerve motor nucleus increased volume, abnormal"
WBPhenotype:0000308,DISO,dauer development phenotype
ZP:0011957,DISO,"Notch signaling pathway increased occurrence, abnormal"
MP:0000964,DISO,small dorsal root ganglion
MGI:5441508,ORTH,Tg(HDexon1)61Gpb [involves: C57BL/6 * C57BL/6J * CBA]
RGD:1303120,ORTH,Tacc1
EnsemblGenome:AT1G62040,ORTH,EnsemblGenome:AT1G62040
HP:0001288,DISO,Gait disturbance
PomBase:SPAC31A2.04c,GENO,pre1
ENSEMBL:ENSOANG00000013610,ORTH,ENSEMBL:ENSOANG00000013610
ENSEMBL:ENSSSCG00000015710,ORTH,ACTR3
FlyBase:FBgn0032877,ORTH,CG2617
ZP:0000409,DISO,"locomotion decreased process quality, abnormal"
HP:0012376,DISO,Microphakia
MGI:1922813,ORTH,Dnali1
ENSEMBL:ENSPTRG00000013483,ORTH,ENSEMBL:ENSPTRG00000013483
WormBase:WBGene00016373,ORTH,swd-2.1
MP:0005498,DISO,hyporesponsive to tactile stimuli
dictyBase:DDB_G0268632,GENO,abpA
SGD:S000004635,ORTH,HOF1
HP:0040238,DISO,Impaired neutrophil chemotaxis
HP:0011842,DISO,Abnormality of skeletal morphology
ENSEMBL:ENSGALG00000008419,ORTH,SEC13
WormBase:WBGene00006537,ORTH,tbb-2
MP:0000875,DISO,abnormal cerebellar Purkinje cell layer
MONARCH:APO_0000104APO_0000004,GENO,mitochondrial rho- mutation frequency:increased
MP:0004249,DISO,abnormal crista ampullaris morphology
ENSEMBL:ENSCAFG00000011032,ORTH,A0A5F4D839
Xenbase:XB-GENE-995595,ORTH,rae1
ZP:0005424,DISO,"liver position, abnormal"
ENSEMBL:ENSACAG00000011070,ORTH,ENSEMBL:ENSACAG00000011070
ENSEMBL:ENSMMUG00000009732,ORTH,ENSEMBL:ENSMMUG00000009732
FBcv:0000427,DISO,abnormal cell growth
HP:0032363,DISO,Decreased circulating corticosterone level
WBPhenotype:0000590,DISO,cell corpse number variant
Xenbase:XB-GENE-973592,ORTH,cops7b
ENSEMBL:ENSOANG00000005895,ORTH,ENSEMBL:ENSOANG00000005895
MGI:1270849,ORTH,Rps6kb1
WBPhenotype:0001010,DISO,clear
FlyBase:FBgn0039225,ORTH,Ets96B
dictyBase:DDB_G0291870,GENO,rpl13
HP:0100495,DISO,Mastocytosis
MP:0011452,DISO,decreased susceptibility to dopaminergic neuron neurotoxicity
ENSEMBL:ENSBTAG00000030507,ORTH,ENSEMBL:ENSBTAG00000030507
MGI:3702087,ORTH,Rnaset2b
ENSEMBL:ENSSSCG00000001862,ORTH,ETFA
FlyBase:CG11025,ORTH,FlyBase:CG11025
ENSEMBL:ENSBTAG00000005076,ORTH,SYVN1
ENSEMBL:ENSACAG00000000562,ORTH,ENSEMBL:ENSACAG00000000562
MP:0006238,DISO,abnormal choriocapillaris morphology
WBPhenotype:0000758,DISO,L4 adult molt defect
MP:0000202,DISO,abnormal circulating alkaline phosphatase level
ENSEMBL:ENSSSCG00000010928,ORTH,KDM5B
HP:0030087,DISO,Abnormal circulating testosterone concentration
MP:0005566,DISO,decreased blood urea nitrogen level
WormBase:WBGene00002191,ORTH,kin-3
Xenbase:XB-GENE-5777680,ORTH,prrc1
MONARCH:APO_0000199APO_0000004,GENO,chitin deposition:increased
ENSEMBL:ENSOANG00000044322,ORTH,ENSEMBL:ENSOANG00000044322
MP:0000862,DISO,absent barrels in primary somatosensory cortex
ENSEMBL:ENSCAFG00000049613,ORTH,A0A5F4C2P0
ENSEMBL:ENSFCAG00000023667,ORTH,ENSEMBL:ENSFCAG00000023667
ENSEMBL:ENSCAFG00000012528,ORTH,ENSEMBL:ENSCAFG00000012528
ENSEMBL:ENSPTRG00000000762,ORTH,ENSEMBL:ENSPTRG00000000762
ENSEMBL:ENSCAFG00000014379,ORTH,ENSEMBL:ENSCAFG00000014379
ENSEMBL:ENSSSCG00000008194,ORTH,ACTR1B
ENSEMBL:ENSMODG00000019231,ORTH,ENSEMBL:ENSMODG00000019231
ZP:0014893,DISO,"response to gamma radiation process quality, abnormal"
ZP:0009527,DISO,"pectoral fin development process quality, abnormal"
MP:0001874,DISO,acanthosis
ENSEMBL:ENSACAG00000014791,ORTH,ENSEMBL:ENSACAG00000014791
MGI:1917821,ORTH,Tcerg1l
ENSEMBL:ENSMODG00000002694,ORTH,ENSEMBL:ENSMODG00000002694
ENSEMBL:ENSCAFG00000019201,ORTH,MGRN1
WBPhenotype:0000114,DISO,mRNA expression variant
ZP:0002893,DISO,"apical protein localization disrupted, abnormal"
FlyBase:FBgn0029893,ORTH,CG14442
ZP:0011940,DISO,"endoplasmic reticulum retinal ganglion cell morphology, abnormal"
MP:0005201,DISO,abnormal retinal pigment epithelium morphology
Xenbase:XB-GENE-6457034,ORTH,nefm
ENSEMBL:ENSGALG00000007970,ORTH,PIAS1
MP:0030927,DISO,decreased telomere length
WBPhenotype:0000017,DISO,aldicarb resistant
MONARCH:APO_0000148APO_0000004,GENO,cold sensitivity:increased
ENSEMBL:ENSGALG00000027435,ORTH,ENSEMBL:ENSGALG00000027435
ZP:0000380,DISO,"intestine increased thickness, abnormal"
MGI:1931882,ORTH,Dnaja2
MP:0010979,DISO,small ureteric bud
ZP:0001616,DISO,"eye malformed, abnormal"
ENSEMBL:ENSACAG00000009533,ORTH,ENSEMBL:ENSACAG00000009533
ENSEMBL:ENSECAG00000022375,ORTH,ENSEMBL:ENSECAG00000022375
FlyBase:FBgn0027055,ORTH,CSN3
HGNC:23533,GENE,TCERG1L
RGD:631409,ORTH,Hsp90aa1
HP:0010783,DISO,Erythema
PomBase:SPAC1B1.03c,GENO,kap95
WormBase:WBGene00022069,ORTH,eel-1
ENSEMBL:ENSSSCG00000027257,ORTH,ENSEMBL:ENSSSCG00000027257
WBPhenotype:0000529,DISO,cell development variant
HGNC:6849,GENE,MAP3K10
WBPhenotype:0002082,DISO,peptide uptake by intestinal cell decreased
ZP:0000941,DISO,"retina development in camera-type eye disrupted, abnormal"
ENSEMBL:ENSACAG00000011180,ORTH,ENSEMBL:ENSACAG00000011180
FlyBase:FBgn0033029,ORTH,Not3
RGD:1311748,ORTH,Tcerg1
MP:0002972,DISO,abnormal cardiac muscle contractility
ENSEMBL:ENSFCAG00000006328,ORTH,ENSEMBL:ENSFCAG00000006328
ZP:0137435,DISO,"proximal side posterior segment eye irregularly shaped, abnormal"
FlyBase:FBgn0036882,ORTH,Dmel\CG9279
ENSEMBL:ENSOANG00000014851,ORTH,ENSEMBL:ENSOANG00000014851
dictyBase:DDB_G0285295,GENO,vps28
RGD:621179,ORTH,Rpl13
MP:0002123,DISO,abnormal definitive hematopoiesis
MP:0008714,DISO,increased lung carcinoma incidence
ZFIN:ZDB-GENE-030131-5512,ORTH,ppp1cab
MP:0011021,DISO,abnormal circadian regulation of heart rate
ENSEMBL:ENSMMUG00000000754,ORTH,ENSEMBL:ENSMMUG00000000754
MONARCH:APO_0000022APO_0000004,GENO,protein activity:increased
MP:0010738,DISO,abnormal internode morphology
MP:0002570,DISO,alcohol aversion
ZP:0005470,DISO,"synaptic vesicle maturation decreased process quality, abnormal"
ENSEMBL:ENSACAG00000000665,ORTH,ENSEMBL:ENSACAG00000000665
ENSEMBL:ENSOANG00000037190,ORTH,ENSEMBL:ENSOANG00000037190
ZP:0018143,DISO,"chordoma intestine present, abnormal"
GO:0005776,PHYS,autophagosome
HGNC:4141,GENE,GAPDH
ENSEMBL:ENSMMUG00000022601,ORTH,ENSEMBL:ENSMMUG00000022601
ENSEMBL:ENSCAFG00000031020,ORTH,ENSEMBL:ENSCAFG00000031020
ENSEMBL:ENSFCAG00000037386,ORTH,ENSEMBL:ENSFCAG00000037386
WBPhenotype:0000131,DISO,pheromone induced dauer formation defective
ZP:0006340,DISO,"neuroepithelial cell retinal pigmented epithelium disorganized, abnormal"
ENSEMBL:ENSCAFG00000015959,ORTH,A0A5F4DA52
ENSEMBL:ENSSSCG00000028202,ORTH,RANGAP1
MGI:1891254,ORTH,Bag2
MP:0002221,DISO,abnormal lymph organ size
MONDO:0005068,DISO,Myocardial infarction
ENSEMBL:ENSACAG00000006478,ORTH,ENSEMBL:ENSACAG00000006478
dictyBase:DDB_G0268538,GENO,psmA5
MGI:3698754,ORTH,Htt<tm2.1Pfs>/Htt<+> [involves: 129X1/SvJ * C57BL/6]
ZP:0011093,DISO,"myelin sheath peripheral neuron neoplastic, abnormal"
HP:0001382,DISO,Joint hypermobility
MP:0004083,DISO,polysyndactyly
MP:0003082,DISO,abnormal gastrocnemius morphology
ENSEMBL:ENSMODG00000009778,ORTH,ENSEMBL:ENSMODG00000009778
ZP:0019155,DISO,"eye photoreceptor cell accumulation photoreceptor inner segment vesicle eye photoreceptor cell, abnormal"
WBPhenotype:0002534,DISO,antimicrobial gene expression variant
ENSEMBL:ENSBTAG00000008134,ORTH,ENSEMBL:ENSBTAG00000008134
ENSEMBL:ENSCAFG00000005174,ORTH,DNAJB6
ENSEMBL:ENSACAG00000009549,ORTH,ENSEMBL:ENSACAG00000009549
MP:0005394,DISO,taste/olfaction phenotype
ENSEMBL:ENSMMUG00000014701,ORTH,ENSEMBL:ENSMMUG00000014701
MP:0009936,DISO,abnormal dendritic spine morphology
WBPhenotype:0008001,DISO,embryonic cell fate specification variant
ENSEMBL:ENSBTAG00000016633,ORTH,ENSEMBL:ENSBTAG00000016633
ENSEMBL:ENSOANG00000002507,ORTH,ENSEMBL:ENSOANG00000002507
HP:0012444,DISO,Brain atrophy
MGI:1914943,ORTH,Hypk
FlyBase:FBgn0024754,ORTH,Flo1
MP:0000428,DISO,abnormal craniofacial morphology
MONARCH:APO_0000220APO_0000003,GENO,necrotic cell death:decreased
Xenbase:XB-GENE-495311,ORTH,hsp90ab1
ENSEMBL:ENSMODG00000024955,ORTH,ENSEMBL:ENSMODG00000024955
ENSEMBL:ENSACAG00000017899,ORTH,ENSEMBL:ENSACAG00000017899
HGNC:2752,GENE,PIAS1
ENSEMBL:ENSGALG00000030396,ORTH,ENSEMBL:ENSGALG00000030396
MONARCH:APO_0000050APO_0000002,GENO,cellular morphology:abnormal
HP:0003551,DISO,Difficulty climbing stairs
ENSEMBL:ENSFCAG00000042800,ORTH,ENSEMBL:ENSFCAG00000042800
HP:0000751,DISO,Personality changes
ENSEMBL:ENSOANG00000000394,ORTH,ENSEMBL:ENSOANG00000000394
HP:0002335,DISO,Agenesis of cerebellar vermis
Xenbase:XB-GENE-972376,ORTH,wdr45
WBPhenotype:0000366,DISO,three fold arrest
MONARCH:APO_0000209APO_0000248,GENO,protein/peptide distribution:increased duration
HP:0000952,DISO,Jaundice
ENSEMBL:ENSGALG00000039803,ORTH,ENSEMBL:ENSGALG00000039803
WBPhenotype:0001808,DISO,cell corpse digestion variant
MP:0000383,DISO,abnormal hair follicle orientation
dictyBase:DDB_G0275153,GENO,gpdA
WormBase:WBGene00011372,ORTH,npr-26
MP:0002651,DISO,abnormal sciatic nerve morphology
MP:0000904,DISO,abnormal superior colliculus morphology
MP:0005112,DISO,abnormal spinal cord ventral horn morphology
MP:0002023,DISO,increased B cell derived lymphoma incidence
WBPhenotype:0001258,DISO,RNAi enhanced
ZP:0003229,DISO,"midbrain shape, abnormal"
MP:0012107,DISO,enhanced exercise endurance
ZP:0006350,DISO,"chondrocyte deformed, abnormal"
MP:0010249,DISO,lactation failure
WormBase:WBGene00013920,ORTH,pssy-1
ENSEMBL:ENSACAG00000017907,ORTH,ENSEMBL:ENSACAG00000017907
MP:0008577,DISO,increased circulating interferon-gamma level
ZP:0010093,DISO,"trunk misaligned with larval melanophore stripe anterior-posterior axis whole organism, abnormal"
ZP:0021305,DISO,"glucose blood increased amount, abnormal"
Coriell:GM04212,GENO,NIGMS-GM04212
ENSEMBL:ENSGALG00000000510,ORTH,DCAF7
dictyBase:DDB_G0293752,GENO,psmD2
ENSEMBL:ENSOANG00000016047,ORTH,ENSEMBL:ENSOANG00000016047
ENSEMBL:ENSGALG00000007315,ORTH,PSMD6
ZFIN:ZDB-GENE-040426-1076,ORTH,eif3g
ZP:0000132,DISO,"ceratohyal cartilage malformed, abnormal"
MP:0000928,DISO,incomplete rostral neuropore closure
WBPhenotype:0002076,DISO,cortical granule exocytosis variant
dictyBase:DDB_G0277913,GENO,gefJ
ENSEMBL:ENSMODG00000003615,ORTH,ENSEMBL:ENSMODG00000003615
HP:0000454,DISO,Flared nostrils
ZP:0022720,DISO,"feeding behavior process quality, abnormal"
ENSEMBL:ENSOANG00000041977,ORTH,ENSEMBL:ENSOANG00000041977
ENSEMBL:ENSSSCG00000040743,ORTH,M6PR
ENSEMBL:ENSPTRG00000010941,ORTH,ENSEMBL:ENSPTRG00000010941
ENSEMBL:ENSMODG00000005784,ORTH,ENSEMBL:ENSMODG00000005784
ENSEMBL:ENSRNOG00000052773,ORTH,ENSEMBL:ENSRNOG00000052773
ENSEMBL:ENSRNOG00000005665,ORTH,F1M4P7
MP:0002675,DISO,asthenozoospermia
FlyBase:FBgn0020378,ORTH,Sp1
MGI:1925427,ORTH,Ninl
RGD:621145,ORTH,Trip10
PomBase:SPCC830.07c,GENO,psi1
ENSEMBL:ENSACAG00000010505,ORTH,ENSEMBL:ENSACAG00000010505
HGNC:93,GENE,ACAT1
ENSEMBL:ENSBTAG00000016851,ORTH,RPS6KB1
HGNC:31849,GENE,F8A2
ENSEMBL:ENSSSCG00000017514,ORTH,KPNB1
SGD:S000000099,ORTH,HTA2
ENSEMBL:ENSPTRG00000023148,ORTH,ENSEMBL:ENSPTRG00000023148
MP:0010878,DISO,increased trabecular bone volume
HP:0010804,DISO,Tented upper lip vermilion
RGD:620369,ORTH,Hnrnpm
PomBase:SPBC582.07c,GENO,rpn7
WBPhenotype:0001691,DISO,germ nuclei rachis
MP:0013734,DISO,squamous metaplasia of preputial gland
MGI:5432176,ORTH,Gt(ROSA)26Sor<tm48(HTT)Arte>/Gt(ROSA)26Sor<+> [Not Specified]
ZP:0000084,DISO,"posterior lateral line neuromast decreased amount, abnormal"
ZFIN:ZDB-GENE-031107-3,ORTH,ndnl2
MP:0004528,DISO,fused outer hair cell stereocilia
ENSEMBL:ENSACAG00000015576,ORTH,ENSEMBL:ENSACAG00000015576
ENSEMBL:ENSGALG00000004852,ORTH,ENSEMBL:ENSGALG00000004852
ENSEMBL:ENSCAFG00000018974,ORTH,F1PXS7
Coriell:GM05526,GENO,NIGMS-GM05526
WBPhenotype:0000634,DISO,pharyngeal pumping variant
MONARCH:APO_0000095APO_0000004,GENO,chemical compound accumulation:increased
Coriell:GM04687,GENO,NIGMS-GM04687
Coriell:GM04828,GENO,NIGMS-GM04828
WBPhenotype:0000464,DISO,oxygen response variant
ZP:0103880,DISO,"paired fin decreased amount, abnormal"
HGNC:5010,GENE,HMGA1
ENSEMBL:ENSGALG00000012163,ORTH,ENSEMBL:ENSGALG00000012163
dictyBase:DDB_G0291568,GENO,dnaja1
ENSEMBL:ENSPTRG00000002974,ORTH,ENSEMBL:ENSPTRG00000002974
ENSEMBL:ENSMMUG00000052202,ORTH,ENSEMBL:ENSMMUG00000052202
WBPhenotype:0000053,DISO,paralyzed arrested elongation two fold
WBPhenotype:0001957,DISO,gonad small
ENSEMBL:ENSOANG00000047036,ORTH,ENSEMBL:ENSOANG00000047036
HP:0200043,DISO,Verrucae
HP:0010886,DISO,Osteochondritis Dissecans
WormBase:WBGene00013464,ORTH,Y67H2A.7
ENSEMBL:ENSMODG00000013042,ORTH,ENSEMBL:ENSMODG00000013042
ENSEMBL:ENSPTRG00000045136,ORTH,ENSEMBL:ENSPTRG00000045136
ZP:0005777,DISO,"bicellular tight junction EVL irregular spatial pattern, abnormal"
MONARCH:APO_0000258APO_0000250,GENO,cell cycle progression in M phase:arrested
MP:0012303,DISO,umbilical vein stenosis
ZFIN:ZDB-GENE-040625-127,ORTH,ppih
ENSEMBL:ENSACAG00000004107,ORTH,ENSEMBL:ENSACAG00000004107
ENSEMBL:ENSSSCG00000021845,ORTH,ATXN2L
HP:0000708,DISO,Behavioral abnormality
ENSEMBL:ENSMODG00000012573,ORTH,ENSEMBL:ENSMODG00000012573
MGI:3586839,ORTH,Htt<tm1Hay>/Htt<+> [involves: C57BL/6J]
ENSEMBL:ENSACAG00000010579,ORTH,ENSEMBL:ENSACAG00000010579
ENSEMBL:ENSBTAG00000020357,ORTH,ENSEMBL:ENSBTAG00000020357
MP:0005031,DISO,abnormal trophoblast layer morphology
ZP:0012679,DISO,"swimming behavior increased duration, abnormal"
SGD:S000004798,ORTH,HSC82
FlyBase:FBgn0032782,ORTH,Rab9
ENSEMBL:ENSMODG00000008151,ORTH,ENSEMBL:ENSMODG00000008151
ZP:0000268,DISO,"symplectic decreased size, abnormal"
HP:0000408,DISO,Progressive sensorineural hearing impairment
ZP:0001391,DISO,"whole organism wholly ventralized, abnormal"
MGI:4881525,ORTH,Tg(YAC46)668Hay [involves: FVB/N]
HP:0000480,DISO,Retinal coloboma
ZP:0000535,DISO,"atrium increased size, abnormal"
FBcv:0002013,DISO,majority die during second instar larval stage
WBPhenotype:0001279,DISO,transgene expression reduced male
MP:0008285,DISO,abnormal hippocampus granule cell layer
ZP:0021483,DISO,"late endosome neural crest cell decreased size, abnormal"
dictyBase:DDB_G0271122,GENO,ufd1
MP:0011208,DISO,small proamniotic cavity
MGI:99423,ORTH,Etv4
ENSEMBL:ENSMODG00000002929,ORTH,ENSEMBL:ENSMODG00000002929
ENSEMBL:ENSCAFG00000000622,ORTH,ENSEMBL:ENSCAFG00000000622
ZP:0019509,DISO,"axon peripheral neuron absent, abnormal"
FlyBase:FBgn0267790,ORTH,rump
SGD:S000002837,ORTH,TIF35
dictyBase:DDB_G0268620,GENO,pkbA
ENSEMBL:ENSRNOG00000057958,ORTH,ENSEMBL:ENSRNOG00000057958
FlyBase:CG9765,ORTH,FlyBase:CG9765
ENSEMBL:ENSECAG00000016097,ORTH,ENSEMBL:ENSECAG00000016097
PomBase:SPAC926.07c,GENO,dlc2
ZFIN:ZDB-GENE-041114-53,ORTH,rab11a
ZP:0000869,DISO,"anterior-posterior axis whole organism shortened, abnormal"
ZP:0006173,DISO,"double-strand break repair via homologous recombination decreased frequency, abnormal"
ENSEMBL:ENSMMUG00000018258,ORTH,ENSEMBL:ENSMMUG00000018258
ZP:0018575,DISO,"whole organism absent, abnormal"
ZP:0130866,DISO,"thigmotaxis decreased duration, abnormal"
ENSEMBL:ENSOANG00000001414,ORTH,ENSEMBL:ENSOANG00000001414
ENSEMBL:ENSMMUG00000003820,ORTH,ENSEMBL:ENSMMUG00000003820
ENSEMBL:ENSSSCG00000004639,ORTH,USP8
dictyBase:DDB_G0290233,GENO,mgp1
ZFIN:ZDB-GENE-030326-4,ORTH,hspb1
ENSEMBL:ENSSSCG00000013633,ORTH,CARM1
ENSEMBL:ENSMODG00000038066,ORTH,ENSEMBL:ENSMODG00000038066
HP:0000664,DISO,Synophrys
ENSEMBL:ENSGALG00000041746,ORTH,ENSEMBL:ENSGALG00000041746
MP:0001672,DISO,abnormal embryo development
MP:0013292,DISO,embryonic lethality prior to organogenesis
ENSEMBL:ENSBTAG00000012748,ORTH,ENSEMBL:ENSBTAG00000012748
WormBase:WBGene00006856,ORTH,usp-14
RGD:1308509,ORTH,Hbs1l
MP:0001705,DISO,abnormal proximal-distal axis patterning
HP:0001519,DISO,Disproportionate tall stature
ZP:0010758,DISO,"skeletal muscle cell myotome morphology, abnormal"
HP:0410004,DISO,obsolete Cleft secondary palate
ZP:0100537,DISO,"facial nerve motor nucleus decreased occurrence motor neuron migration, abnormal"
MGI:1861935,ORTH,Htt<tm5Mem>
MP:0004191,DISO,neuronal intranuclear inclusions
WBPhenotype:0002189,DISO,extra linker cells
ENSEMBL:ENSFCAG00000033613,ORTH,ENSEMBL:ENSFCAG00000033613
ZP:0013947,DISO,"caudal fin increased size, abnormal"
ENSEMBL:ENSSSCG00025026657,ORTH,ENSEMBL:ENSSSCG00025026657
ZP:0001348,DISO,"anterior-most region hindbrain apoptotic, abnormal"
HP:0005563,DISO,Decreased numbers of nephrons
WormBase:WBGene00008730,ORTH,F13B12.2
HP:0008669,DISO,Abnormal spermatogenesis
ENSEMBL:ENSACAG00000002296,ORTH,ENSEMBL:ENSACAG00000002296
ZP:0018344,DISO,"forebrain increased process quality cell death, abnormal"
MP:0000343,DISO,abnormal response to cardiac infarction
MP:0004566,DISO,myocardial fiber degeneration
MP:0008647,DISO,increased circulating interleukin-12b level
MP:0004718,DISO,abnormal vestibular nerve morphology
dictyBase:DDB_G0289197,GENO,H2Av3
MP:0020011,DISO,increased bone mineral density of femur
ENSEMBL:ENSGALG00000040703,ORTH,FLOT1
ENSEMBL:ENSCAFG00000014230,ORTH,ENSEMBL:ENSCAFG00000014230
Xenbase:XB-GENE-494584,ORTH,mid1
HGNC:4586,GENE,GRIN2B
HP:0031806,DISO,Abnormal basophil count
HP:0031808,DISO,Decreased basophil count
WormBase:WBGene00011381,ORTH,npr-25
ENSEMBL:ENSCAFG00000001435,ORTH,UBQLN1
MP:0006346,DISO,small pharyngeal arch
ZP:0103237,DISO,"motile cilium peripheral olfactory organ immobile, abnormal"
dictyBase:DDB_G0286069,GENO,ku70
RGD:1310488,ORTH,Syvn1
ENSEMBL:ENSMMUG00000010581,ORTH,ENSEMBL:ENSMMUG00000010581
MONARCH:APO_0000098APO_0000245,GENO,utilization of carbon source:decreased rate
Xenbase:XB-GENE-5866629,ORTH,f8a1
WBPhenotype:0001585,DISO,asymmetric cell division variant
WormBase:WBGene00008506,ORTH,tkt-1
ZFIN:ZDB-GENE-051202-1,ORTH,grin1a
MP:0005572,DISO,abnormal pulmonary respiratory rate
MP:0011998,DISO,decreased embryonic cilium length
ZFIN:ZDB-GENE-060526-307,ORTH,msh3
HGNC:8570,GENE,PACSIN1
ZFIN:ZDB-GENE-030131-7828,ORTH,kdm1a
ENSEMBL:ENSGALG00000015387,ORTH,ATG5
MP:0004069,DISO,abnormal muscle spindle morphology
ZFIN:ZDB-GENE-050327-68,ORTH,ikbkg
ENSEMBL:ENSOANG00000008921,ORTH,ENSEMBL:ENSOANG00000008921
ENSEMBL:ENSACAG00000010533,ORTH,ENSEMBL:ENSACAG00000010533
ENSEMBL:ENSGALG00000012297,ORTH,ENSEMBL:ENSGALG00000012297
ENSEMBL:ENSMMUG00000010152,ORTH,ENSEMBL:ENSMMUG00000010152
SGD:S000003095,ORTH,SOH1
ENSEMBL:ENSOANG00000006680,ORTH,ENSEMBL:ENSOANG00000006680
ZFIN:ZDB-GENE-030131-7310,ORTH,eef1b2
ENSEMBL:ENSMODG00000009242,ORTH,ENSEMBL:ENSMODG00000009242
WBPhenotype:0002193,DISO,posterior reversed vulval lineage
HP:0002904,DISO,Hyperbilirubinemia
ENSEMBL:ENSGALG00000005707,ORTH,ENSEMBL:ENSGALG00000005707
MGI:1099804,ORTH,Hip1
ENSEMBL:ENSOANG00000009346,ORTH,ENSEMBL:ENSOANG00000009346
Xenbase:XB-GENE-22249057,ORTH,bdh1b
ENSEMBL:ENSGALG00000020793,ORTH,ENSEMBL:ENSGALG00000020793
WBPhenotype:0001926,DISO,gonad sheath contraction rate increased
ENSEMBL:ENSACAG00000001869,ORTH,ENSEMBL:ENSACAG00000001869
ENSEMBL:ENSGALG00000033212,ORTH,HSP90AA1
ENSEMBL:ENSMMUG00000057217,ORTH,ENSEMBL:ENSMMUG00000057217
ZP:0103452,DISO,"angiogenic sprout central artery decreased amount, abnormal"
Coriell:GM05524,GENO,NIGMS-GM05524
ENSEMBL:ENSMMUG00000042087,ORTH,ENSEMBL:ENSMMUG00000042087
dbSNP:rs1313766,GENO,rs1313766-C
MP:0008329,DISO,decreased somatotroph cell number
ENSEMBL:ENSGALG00000008294,ORTH,ITPR1
dbSNP:rs362275,GENO,rs362275-T
ENSEMBL:ENSPTRG00000028713,ORTH,ENSEMBL:ENSPTRG00000028713
MP:0003245,DISO,abnormal GABAergic neuron morphology
ZP:0011821,DISO,"endocytosis decreased process quality, abnormal"
HP:0002884,DISO,Hepatoblastoma
MP:0000423,DISO,delayed hair regrowth
HGNC:10011,GENE,RHEB
FlyBase:FBgn0039386,ORTH,CG5948
MP:0006108,DISO,abnormal hindbrain development
HGNC:11179,GENE,SOD1
MP:0013180,DISO,truncated tail bud
MP:0001716,DISO,abnormal placenta labyrinth morphology
SGD:S000003304,ORTH,UPF3
MP:0010982,DISO,abnormal ureteric bud elongation
WBPhenotype:0002284,DISO,head bend angle variant
MP:0002182,DISO,abnormal astrocyte morphology
FBcv:0000377,DISO,female fertile
ZFIN:ZDB-GENE-130530-613,ORTH,dlg4a
WBPhenotype:0000137,DISO,mRNA levels reduced
ENSEMBL:ENSOANG00000042470,ORTH,ENSEMBL:ENSOANG00000042470
FlyBase:FBgn0003091,ORTH,Pkc53E
MP:0011820,DISO,decreased pancreatic beta cell proliferation
HGNC:8979,GENE,PIK3R1
MP:0008346,DISO,increased gamma-delta T cell number
MP:0001436,DISO,abnormal suckling behavior
WBPhenotype:0000136,DISO,mRNA levels increased
WBPhenotype:0001833,DISO,membrane trafficking variant
HP:0009830,DISO,Peripheral neuropathy
EnsemblGenome:AT4G09720,ORTH,EnsemblGenome:AT4G09720
MP:0006032,DISO,abnormal ureteric bud morphology
MP:0005046,DISO,absent spleen white pulp
Coriell:GM05610,GENO,NIGMS-GM05610
MGI:1915107,ORTH,Ppp6c
SGD:S000005560,ORTH,AKR2
MP:0001127,DISO,small ovary
MONARCH:APO_0000040APO_0000003,GENO,meiotic recombination:decreased
MP:0008574,DISO,decreased circulating interferon-alpha level
ZP:0007848,DISO,"double-strand break repair via single-strand annealing decreased frequency, abnormal"
ZP:0019802,DISO,"blood island decreased amount, abnormal"
MP:0001648,DISO,abnormal apoptosis
ZFIN:ZDB-GENE-030131-858,ORTH,stx6
MP:0002118,DISO,abnormal lipid homeostasis
MP:0005306,DISO,abnormal phalanx morphology
HGNC:7106,GENE,ATXN3
HGNC:15630,GENE,TCERG1
ZP:0002998,DISO,"lens hypoplastic, abnormal"
ENSEMBL:ENSMODG00000007009,ORTH,ENSEMBL:ENSMODG00000007009
MP:0009426,DISO,decreased soleus weight
MGI:104897,ORTH,Rest
ENSEMBL:ENSECAG00000020649,ORTH,ENSEMBL:ENSECAG00000020649
ENSEMBL:ENSMODG00000004473,ORTH,ENSEMBL:ENSMODG00000004473
ENSEMBL:ENSPTRG00000020672,ORTH,ENSEMBL:ENSPTRG00000020672
ZP:0008028,DISO,"atrium lacks parts or has fewer parts of type Z disc cardiac muscle cell, abnormal"
WBPhenotype:0000683,DISO,masculinization of germline
HP:0002135,DISO,Basal ganglia calcification
HP:0010976,DISO,B lymphocytopenia
WBPhenotype:0000134,DISO,gene expression level reduced
MGI:96244,ORTH,Hspa1a
ENSEMBL:ENSSSCG00000034386,ORTH,ENSEMBL:ENSSSCG00000034386
ENSEMBL:ENSPTRG00000048069,ORTH,ENSEMBL:ENSPTRG00000048069
MP:0008413,DISO,decreased cellular sensitivity to oxidative stress
ENSEMBL:ENSMMUG00000011699,ORTH,ENSEMBL:ENSMMUG00000011699
HP:0001657,DISO,Prolonged QT interval
HP:0002076,DISO,Migraine
ZP:0003191,DISO,"liver increased size, abnormal"
ZP:0022352,DISO,"segmental plate absent, abnormal"
ENSEMBL:ENSRNOG00000022174,ORTH,D3ZME3
Xenbase:XB-GENE-6033591,ORTH,zscan2
FlyBase:FBgn0010280,ORTH,Taf4
PomBase:SPCC1919.15,GENO,brl1
HP:0000613,DISO,Photophobia
ENSEMBL:ENSACAG00000009222,ORTH,ENSEMBL:ENSACAG00000009222
WBPhenotype:0001435,DISO,ammonium chloride chemotaxis defective
ZP:0004604,DISO,"eye hypoplastic, abnormal"
MONARCH:APO_0000221APO_0000002,GENO,septum formation:abnormal
ZP:0014134,DISO,"developmental process decreased rate, abnormal"
ZP:0018633,DISO,"autophagosome assembly disrupted, abnormal"
ZP:0002629,DISO,"anterior-most region head truncated, abnormal"
ENSEMBL:ENSFCAG00000013144,ORTH,ENSEMBL:ENSFCAG00000013144
WBPhenotype:0000436,DISO,protein subcellular localization variant
ZP:0018114,DISO,"enteric neuron intestine decreased amount, abnormal"
ZP:0003232,DISO,"pericardial cavity edematous, abnormal"
ENSEMBL:ENSFCAG00000007327,ORTH,ENSEMBL:ENSFCAG00000007327
ENSEMBL:ENSMMUG00000051076,ORTH,ENSEMBL:ENSMMUG00000051076
ZFIN:ZDB-GENE-040426-1399,ORTH,bag2
MP:0001698,DISO,decreased embryo size
ENSEMBL:ENSFCAG00000002225,ORTH,ENSEMBL:ENSFCAG00000002225
ENSEMBL:ENSSSCG00000005914,ORTH,SHARPIN
MP:0006413,DISO,increased T cell apoptosis
WormBase:WBGene00003053,ORTH,lmp-1
MGI:1917129,ORTH,Golph3l
ENSEMBL:ENSBTAG00000004292,ORTH,ENSEMBL:ENSBTAG00000004292
ENSEMBL:ENSPTRG00000017195,ORTH,ENSEMBL:ENSPTRG00000017195
ZP:0104389,DISO,"caudal vein plexus increased distribution, abnormal"
dbSNP:rs1232027,GENO,rs1232027-?
ZP:0019048,DISO,"photoreceptor outer segment photoreceptor cell disorganized, abnormal"
UBERON:0001826,ANAT,nasal cavity mucosa
WBPhenotype:0000313,DISO,meiotic progression during oogenesis variant
ENSEMBL:ENSGALG00000009111,ORTH,ENSEMBL:ENSGALG00000009111
ENSEMBL:ENSECAG00000010324,ORTH,ENSEMBL:ENSECAG00000010324
ZP:0010091,DISO,"pharyngeal arch 3-7 skeleton has fewer parts of type pharyngeal arch cartilage, abnormal"
MP:0010897,DISO,abnormal bronchiole epithelium morphology
FlyBase:FBgn0000578,ORTH,ena
ENSEMBL:ENSGALG00000008572,ORTH,ENSEMBL:ENSGALG00000008572
ENSEMBL:ENSMODG00000024132,ORTH,ENSEMBL:ENSMODG00000024132
ENSEMBL:ENSOANG00000042958,ORTH,ENSEMBL:ENSOANG00000042958
GO:0031648,PHYS,protein destabilization
HP:0001800,DISO,Hypoplastic toenails
ZP:0000692,DISO,"blood circulation absent, abnormal"
ZP:0011934,DISO,"retina decreased process quality poly(A)+ mRNA export from nucleus, abnormal"
ZFIN:ZDB-GENE-070912-106,ORTH,ftr30
ENSEMBL:ENSMODG00000015222,ORTH,ENSEMBL:ENSMODG00000015222
ENSEMBL:ENSFCAG00000015145,ORTH,ENSEMBL:ENSFCAG00000015145
FlyBase:FBgn0034173,ORTH,CG9010
ENSEMBL:ENSMODG00000016138,ORTH,ENSEMBL:ENSMODG00000016138
MP:0009355,DISO,increased liver triglyceride level
HGNC:30221,GENE,UBAC1
MP:0020470,DISO,shortened circadian behavior period
HGNC:14618,GENE,XAGE3
MP:0008008,DISO,early cellular replicative senescence
WBPhenotype:0001968,DISO,somatic gonad precursor symmetrical sisters
PomBase:SPCC4B3.20,GENO,cmc2
HP:0002589,DISO,Gastrointestinal atresia
WBPhenotype:0001499,DISO,meiotic chromosome segregation variant
ZFIN:ZDB-GENE-040426-1932,ORTH,psma4
ENSEMBL:ENSFCAG00000027260,ORTH,ENSEMBL:ENSFCAG00000027260
MP:0011695,DISO,absent hematopoietic stem cells
dictyBase:DDB_G0283679,GENO,psmB7
ZFIN:ZDB-GENE-090312-175,ORTH,eif3bb
WBPhenotype:0000643,DISO,locomotion variant
MGI:1861691,ORTH,Lgi1
dictyBase:DDB_G0289811,GENO,act10
ENSEMBL:ENSGALG00000049444,ORTH,MICA
FlyBase:FBgn0037262,ORTH,MED31
ZP:0004811,DISO,"ethmoid cartilage decreased width, abnormal"
ENSEMBL:ENSACAG00000024548,ORTH,ENSEMBL:ENSACAG00000024548
EnsemblGenome:AT5G02560,ORTH,EnsemblGenome:AT5G02560
MONARCH:APO_0000131APO_0000117,GENO,protein/peptide modification:normal
UBERON:0000970,ANAT,eye
ENSEMBL:ENSGALG00000011562,ORTH,PARK2
ENSEMBL:ENSFCAG00000004995,ORTH,ENSEMBL:ENSFCAG00000004995
ENSEMBL:ENSECAG00000005207,ORTH,ENSEMBL:ENSECAG00000005207
MP:0009748,DISO,abnormal behavioral response to addictive substance
MP:0008212,DISO,absent mature B cells
ZFIN:ZDB-GENE-030131-8308,ORTH,calm1a
MP:0008496,DISO,decreased IgG2a level
MP:0009858,DISO,abnormal cellular extravasation
ENSEMBL:ENSECAG00000017461,ORTH,ENSEMBL:ENSECAG00000017461
MP:0001505,DISO,hunched posture
Coriell:GM04819,GENO,NIGMS-GM04819
ENSEMBL:ENSMMUG00000017217,ORTH,ENSEMBL:ENSMMUG00000017217
HP:0000276,DISO,Long face
HP:0005792,DISO,Short humerus
ZP:0003475,DISO,"cellular pigmentation decreased occurrence, abnormal"
ENSEMBL:ENSSSCG00000035719,ORTH,HAUS2
WBPhenotype:0000457,DISO,organism starvation hypersensitive
GO:1905337,PHYS,positive regulation of aggrephagy
Xenbase:XB-GENE-483288,ORTH,ncor1
WBPhenotype:0001656,DISO,distal tip cell development variant
ZP:0005044,DISO,"eye neoplastic, abnormal"
MP:0010286,DISO,increased plasmacytoma incidence
ENSEMBL:ENSCAFG00000008434,ORTH,ENSEMBL:ENSCAFG00000008434
RGD:2041,ORTH,Add1
ENSEMBL:ENSACAG00000012743,ORTH,ENSEMBL:ENSACAG00000012743
SGD:S000000935,ORTH,GLC7
ENSEMBL:ENSFCAG00000023792,ORTH,ENSEMBL:ENSFCAG00000023792
ENSEMBL:ENSSSCG00000009126,ORTH,F1S145
ENSEMBL:ENSRNOG00000030491,ORTH,A0A0G2JYY8
FlyBase:FBgn0032935,ORTH,Atg18b
ENSEMBL:ENSECAG00000020929,ORTH,ENSEMBL:ENSECAG00000020929
PomBase:SPBC11C11.02,GENO,imp2
MP:0006254,DISO,thin cerebral cortex
ENSEMBL:ENSBTAG00000045727,ORTH,EPPK1
ENSEMBL:ENSPTRG00000023315,ORTH,ENSEMBL:ENSPTRG00000023315
FlyBase:FBgn0042710,ORTH,Hex-t2
HGNC:11473,GENE,MED21
EFO:0006527,GENO,smoking status measurement
WBPhenotype:0000167,DISO,precocious seam cell fusion
WBPhenotype:0000126,DISO,general pace of development defective early emb
MP:0012515,DISO,abnormal heart apex morphology
MONARCH:APO_0000090APO_0000003,GENO,metal resistance:decreased
ENSEMBL:ENSMODG00000014653,ORTH,ENSEMBL:ENSMODG00000014653
HGNC:17002,GENE,PIAS4
MP:0013293,DISO,embryonic lethality prior to tooth bud stage
HP:0002901,DISO,Hypocalcemia
MP:0009093,DISO,oocyte degeneration
EnsemblGenome:BAE77796,ORTH,EnsemblGenome:BAE77796
HP:0005528,DISO,Bone marrow hypocellularity
MGI:88059,ORTH,App
ZP:0020332,DISO,"brain increased process quality mitotic cell cycle, abnormal"
ZP:0001301,DISO,"intersegmental vessel morphology, abnormal"
ENSEMBL:ENSGALG00000011209,ORTH,EVL
ENSEMBL:ENSMODG00000024462,ORTH,ENSEMBL:ENSMODG00000024462
WormBase:WBGene00016374,ORTH,swd-2.2
ENSEMBL:ENSACAG00000002828,ORTH,ENSEMBL:ENSACAG00000002828
dbSNP:rs553060882,GENO,rs553060882-A
ENSEMBL:ENSPTRG00000002243,ORTH,ENSEMBL:ENSPTRG00000002243
WormBase:WBGene00001005,ORTH,dlc-1
ZP:0005473,DISO,"vacuolar proton-transporting V-type ATPase, V1 domain neuromast hair cell mislocalised, abnormal"
WormBase:WBGene00020838,ORTH,trak-1
PomBase:SPCC31H12.05c,GENO,sds21
ENSEMBL:ENSECAG00000031677,ORTH,ENSEMBL:ENSECAG00000031677
ZP:0001037,DISO,"motor neuron decreased amount, abnormal"
MP:0001696,DISO,failure to gastrulate
MONARCH:APO_0000052APO_0000003,GENO,cell size:decreased
ENSEMBL:ENSOANG00000000714,ORTH,ENSEMBL:ENSOANG00000000714
WBPhenotype:0000715,DISO,muscle excess
Xenbase:XB-GENE-1006488,ORTH,sod1
WBPhenotype:0001806,DISO,protein stabilization variant
MP:0004250,DISO,tau protein deposits
ZFIN:ZDB-GENE-990415-111,ORTH,hoxc11a
FlyBase:FBgn0000117,ORTH,arm
ENSEMBL:ENSFCAG00000008938,ORTH,ENSEMBL:ENSFCAG00000008938
MP:0003730,DISO,abnormal photoreceptor inner segment morphology
MP:0003403,DISO,absent placental labyrinth
RGD:1595850,ORTH,RT1-N2
HGNC:14353,GENE,DNALI1
EnsemblGenome:AT2G14120,ORTH,EnsemblGenome:AT2G14120
MP:0011635,DISO,abnormal mitochondrial crista morphology
HP:0012795,DISO,Abnormality of the optic disc
HGNC:4851,GENE,HTT
MP:0002805,DISO,abnormal conditioned taste aversion behavior
MGI:1201387,ORTH,Nlk
HP:0011877,DISO,Increased mean platelet volume
HP:0000219,DISO,Thin upper lip vermilion
ENSEMBL:ENSSSCG00000000059,ORTH,XRCC6
ENSEMBL:ENSECAG00000011662,ORTH,ENSEMBL:ENSECAG00000011662
ENSEMBL:ENSMODG00000003159,ORTH,ENSEMBL:ENSMODG00000003159
WBPhenotype:0001130,DISO,cytokinesis fails early emb
WormBase:WBGene00015559,ORTH,npr-17
MP:0000348,DISO,abnormal aerobic fitness
ENSEMBL:ENSMMUG00000010433,ORTH,ENSEMBL:ENSMMUG00000010433
ZP:0003842,DISO,"liver color, abnormal"
ENSEMBL:ENSFCAG00000024797,ORTH,ENSEMBL:ENSFCAG00000024797
MGI:3699093,ORTH,Htt<tm1.1Tna>/Htt<tm1.1Tna> [involves: 129P2/OlaHsd * C57BL/6J]
ENSEMBL:ENSFCAG00000012926,ORTH,ENSEMBL:ENSFCAG00000012926
MP:0005466,DISO,abnormal T-helper 2 physiology
MP:0030939,DISO,abnormal autophagosome formation
Xenbase:XB-GENE-952286,ORTH,cenpe
ENSEMBL:ENSGALG00000031284,ORTH,ENSEMBL:ENSGALG00000031284
ZFIN:ZDB-GENE-030131-5107,ORTH,hmg20a
MONDO:0007739,DISO,Huntington disease
HGNC:9533,GENE,PSMA4
PomBase:SPAC22E12.07,GENO,rna1
ENSEMBL:ENSFCAG00000015280,ORTH,ENSEMBL:ENSFCAG00000015280
ZP:0004417,DISO,"neuron brain decreased amount, abnormal"
ENSEMBL:ENSRNOG00000061035,ORTH,ENSEMBL:ENSRNOG00000061035
ENSEMBL:ENSCAFG00000004894,ORTH,RHEB
HP:0001712,DISO,Left ventricular hypertrophy
ZP:0006352,DISO,"extracellular matrix chondrocyte decreased mass density, abnormal"
MP:0010219,DISO,increased T-helper 17 cell number
ENSEMBL:ENSCAFG00000008828,ORTH,J9PAM4
MGI:1338074,ORTH,Ikbkg
NCBIGene:103911752,GENE,LOC103911752
EFO:0007789,GENO,BMI-adjusted waist circumference
ENSEMBL:ENSSSCG00000037866,ORTH,MAGEA10
HP:0032792,DISO,Tonic seizure
ZFIN:ZDB-GENE-030131-8103,ORTH,optn
MP:0008222,DISO,decreased hippocampal commissure size
MP:0002823,DISO,abnormal rib development
SGD:S000000004,ORTH,SSA1
Xenbase:XB-GENE-959752,ORTH,csnk2a1
ENSEMBL:ENSPTRG00000048132,ORTH,ENSEMBL:ENSPTRG00000048132
WBPhenotype:0001948,DISO,diakinesis progression during oogenesis variant
ENSEMBL:ENSPTRG00000002086,ORTH,ENSEMBL:ENSPTRG00000002086
WBPhenotype:0002328,DISO,amplitude of sinusoidal movement increased
ENSEMBL:ENSMODG00000011198,ORTH,ENSEMBL:ENSMODG00000011198
ENSEMBL:ENSFCAG00000002140,ORTH,ENSEMBL:ENSFCAG00000002140
MP:0001290,DISO,delayed eyelid opening
MP:0003553,DISO,abnormal foreskin morphology
ENSEMBL:ENSFCAG00000023548,ORTH,ENSEMBL:ENSFCAG00000023548
MP:0002052,DISO,decreased tumor incidence
ENSEMBL:ENSECAG00000015611,ORTH,ENSEMBL:ENSECAG00000015611
ENSEMBL:ENSECAG00000006289,ORTH,ENSEMBL:ENSECAG00000006289
MGI:108091,ORTH,Bcar1
ENSEMBL:ENSECAG00000010229,ORTH,ENSEMBL:ENSECAG00000010229
ENSEMBL:ENSMODG00000025593,ORTH,ENSEMBL:ENSMODG00000025593
MP:0008826,DISO,abnormal splenic cell ratio
EnsemblGenome:AT1G11080,ORTH,EnsemblGenome:AT1G11080
ENSEMBL:ENSOANG00000047427,ORTH,ENSEMBL:ENSOANG00000047427
dictyBase:DDB_G0269144,GENO,hspB
ENSEMBL:ENSBTAG00000038103,ORTH,DPPA4
HP:0001733,DISO,Pancreatitis
ENSEMBL:ENSCAFG00000011750,ORTH,ENSEMBL:ENSCAFG00000011750
WormBase:WBGene00018067,ORTH,npr-7
ENSEMBL:ENSSSCG00000017670,ORTH,ENSEMBL:ENSSSCG00000017670
PomBase:SPBC32H8.12c,GENO,act1
ZP:0007683,DISO,"axon secondary motor neuron morphology, abnormal"
dictyBase:DDB_G0286907,GENO,ubqD
HP:0000096,DISO,Glomerular sclerosis
HP:0000160,DISO,Narrow mouth
ZFIN:ZDB-GENE-110621-1,ORTH,atxn7
MP:0000877,DISO,abnormal Purkinje cell morphology
MP:0001240,DISO,abnormal epidermis stratum corneum morphology
HP:0011990,DISO,Abnormality of neutrophil physiology
HGNC:16889,GENE,PSMD14
ZP:0008128,DISO,"synapse assembly disrupted, abnormal"
ENSEMBL:ENSDARG00000010940,ORTH,BX957278.1
WormBase:WBGene00004736,ORTH,sca-1
ENSEMBL:ENSCAFG00000024483,ORTH,A0A5F4DFL8
ENSEMBL:ENSPTRG00000005524,ORTH,ENSEMBL:ENSPTRG00000005524
Coriell:GM04718,GENO,NIGMS-GM04718
MONARCH:APO_0000111APO_0000003,GENO,viability:decreased
MP:0008873,DISO,increased physiological sensitivity to xenobiotic
ENSEMBL:ENSMODG00000007836,ORTH,ENSEMBL:ENSMODG00000007836
ZP:0005616,DISO,"ventral mandibular arch decreased length, abnormal"
Xenbase:XB-GENE-486781,ORTH,axin1
WBPhenotype:0001278,DISO,transgene expression reduced
ENSEMBL:ENSMODG00000004495,ORTH,ENSEMBL:ENSMODG00000004495
HP:0031936,DISO,Delayed ability to walk
ENSEMBL:ENSRNOG00000031628,ORTH,Q7TPK5
ENSEMBL:ENSPTRG00000052287,ORTH,ENSEMBL:ENSPTRG00000052287
ZP:0005349,DISO,"somitogenesis increased duration, abnormal"
WormBase:WBGene00004818,ORTH,skr-12
EnsemblGenome:BAA15029,ORTH,EnsemblGenome:BAA15029
RGD:1306401,ORTH,Cnot8
ZFIN:ZDB-GENE-160728-129,ORTH,kif9
PomBase:SPBC691.03c,GENO,apl3
ZP:0011677,DISO,"interhyoideus disrupted regulation of myofibril size, abnormal"
WormBase:WBGene00004464,ORTH,rpn-8
ZP:0008619,DISO,"nucleus retina mislocalised, abnormal"
HP:0100660,DISO,Dyskinesia
EFO:0005192,GENO,red blood cell distribution width
WBPhenotype:0002517,DISO,burrowing assay distance reduced
SGD:S000003893,ORTH,NMD5
HGNC:16760,GENE,COPS7B
HP:0002919,DISO,Ketonuria
MP:0000087,DISO,absent mandible
WormBase:WBGene00008805,ORTH,git-1
HP:0002031,DISO,Abnormal esophagus morphology
MP:0009757,DISO,impaired behavioral response to morphine
MP:0003915,DISO,increased left ventricle weight
dictyBase:DDB_G0283795,GENO,commd3
MP:0000828,DISO,abnormal fourth ventricle morphology
MP:0008277,DISO,abnormal sternum ossification
ZP:0002647,DISO,"dorsal longitudinal anastomotic vessel malformed, abnormal"
MP:0004787,DISO,abnormal dorsal aorta morphology
FlyBase:FBgn0020496,ORTH,CtBP
WBPhenotype:0002153,DISO,dsRNA processing defective
HGNC:10353,GENE,RPL4
MGI:1277959,ORTH,Dlg4
dbSNP:rs113928896,GENO,rs113928896-T
dictyBase:DDB_G0269236,GENO,rab7A
ZP:0012688,DISO,"hindbrain increased occurrence apoptotic process, abnormal"
ZP:0003401,DISO,"white matter brain damaged, abnormal"
ENSEMBL:ENSCAFG00000020081,ORTH,ENSEMBL:ENSCAFG00000020081
dictyBase:DDB_G0272917,GENO,dictyBase:DDB_G0272917
ZFIN:ZDB-GENE-040822-13,ORTH,gga1
MP:0020473,DISO,abnormal circadian behavior phase
MP:0011523,DISO,thin placenta labyrinth
ENSEMBL:ENSOANG00000038479,ORTH,ENSEMBL:ENSOANG00000038479
WBPhenotype:0001860,DISO,endocytic recycling defective
Xenbase:XB-GENE-984815,ORTH,gga1
NCBIGene:3064,GENE,HTT
MP:0004985,DISO,decreased osteoclast cell number
MP:0001239,DISO,abnormal epidermis stratum granulosum morphology
RGD:71064,ORTH,Bag6
ENSEMBL:ENSACAG00000012044,ORTH,ENSEMBL:ENSACAG00000012044
MGI:105047,ORTH,Psmc5
WormBase:WBGene00003599,ORTH,nhl-3
MP:0001683,DISO,absent mesoderm
EFO:0004833,GENO,neutrophil count
ENSEMBL:ENSSSCG00000002000,ORTH,IPO4
dictyBase:DDB_G0271750,GENO,nfaA
HP:0030732,DISO,Dysplastic tricuspid valve
SGD:S000002817,ORTH,SIZ1
Coriell:GM04709,GENO,NIGMS-GM04709
ENSEMBL:ENSMODG00000024125,ORTH,ENSEMBL:ENSMODG00000024125
WBPhenotype:0000157,DISO,posterior body wall contraction defecation cycle variant
ENSEMBL:ENSGALG00000012709,ORTH,ENSEMBL:ENSGALG00000012709
MP:0004762,DISO,increased anti-double stranded DNA antibody level
ENSEMBL:ENSGALG00000030280,ORTH,PABPC1
MP:0001928,DISO,abnormal ovulation
EFO:0007006,GENO,depressive symptom measurement
MP:0005114,DISO,premature hair loss
ZP:0001147,DISO,"mandibular arch skeleton aplastic, abnormal"
ENSEMBL:ENSSSCG00000004114,ORTH,ADGB
MP:0009451,DISO,abnormal chromosomal synapsis
ENSEMBL:ENSPTRG00000010290,ORTH,ENSEMBL:ENSPTRG00000010290
ENSEMBL:ENSPTRG00000021354,ORTH,ENSEMBL:ENSPTRG00000021354
dictyBase:DDB_G0274131,GENO,act17
ENSEMBL:ENSACAG00000012776,ORTH,ENSEMBL:ENSACAG00000012776
MP:0001256,DISO,abnormal body length
ENSEMBL:ENSFCAG00000023444,ORTH,ENSEMBL:ENSFCAG00000023444
HP:0001895,DISO,Normochromic anemia
RGD:2325062,ORTH,LOC100359668
MP:0001354,DISO,increased aggression towards males
MONARCH:APO_0000050APO_0000117,GENO,cellular morphology:normal
ENSEMBL:ENSFCAG00000003669,ORTH,ENSEMBL:ENSFCAG00000003669
MP:0004876,DISO,decreased mean systemic arterial blood pressure
ENSEMBL:ENSFCAG00000000814,ORTH,ENSEMBL:ENSFCAG00000000814
ENSEMBL:ENSCAFG00000015961,ORTH,ENSEMBL:ENSCAFG00000015961
ENSEMBL:ENSPTRG00000014685,ORTH,ENSEMBL:ENSPTRG00000014685
ZP:0002428,DISO,"embryo development process quality, abnormal"
ZP:0006871,DISO,"spindle ciliary marginal zone apical-basal polarity, abnormal"
MP:0013894,DISO,abnormal behavioral response to amphetamine
HP:0001974,DISO,Leukocytosis
ENSEMBL:ENSACAG00000025211,ORTH,ENSEMBL:ENSACAG00000025211
ENSEMBL:ENSPTRG00000004901,ORTH,ENSEMBL:ENSPTRG00000004901
WBPhenotype:0002095,DISO,lysosome-related organelle morphology variant
FlyBase:FBgn0026597,ORTH,Axn
HP:0011876,DISO,Abnormal platelet volume
SGD:S000002409,ORTH,YRB1
WormBase:WBGene00007922,ORTH,pph-6
MGI:3698042,ORTH,Htt<tm5Mem>/Htt<tm5Mem> [involves: 129S1/Sv * 129X1/SvJ * CD-1]
ZP:0005392,DISO,"embryonic cranial skeleton morphogenesis process quality, abnormal"
ZP:0016668,DISO,"palate morphology, abnormal"
ENSEMBL:ENSXETG00000036913,ORTH,PFN1
PomBase:SPBC776.02c,GENO,dis2
ZP:0003239,DISO,"facial nerve motor nucleus mislocalised anteriorly, abnormal"
MGI:2670976,ORTH,Fez1
MONARCH:APO_0000198APO_0000003,GENO,mutation frequency:decreased
ENSEMBL:ENSMMUG00000019305,ORTH,ENSEMBL:ENSMMUG00000019305
PomBase:SPCC1494.05c,GENO,ubp12
RGD:1311672,ORTH,Cnot2
MP:0009766,DISO,increased sensitivity to xenobiotic induced morbidity/mortality
HP:0011849,DISO,Abnormal bone ossification
MP:0008663,DISO,increased interleukin-12 secretion
PomBase:SPBC1289.14,GENO,SPBC1289.14
HP:0004268,DISO,Osteoarthritis of the small joints of the hand
MP:0004272,DISO,abnormal basement membrane morphology
HP:0002936,DISO,Distal sensory impairment
ENSEMBL:ENSECAG00000010446,ORTH,ENSEMBL:ENSECAG00000010446
MP:0008544,DISO,impaired olfaction
ENSEMBL:ENSOANG00000010873,ORTH,ENSEMBL:ENSOANG00000010873
dictyBase:DDB_G0269860,GENO,DDB_G0269860
RGD:708460,ORTH,Ppp6c
HGNC:7993,GENE,NRBP1
WBPhenotype:0001078,DISO,cytokinesis defective early emb
WBPhenotype:0001083,DISO,multiple cytoplasmic cavities early emb
SGD:S000005187,ORTH,SLA2
HP:0001618,DISO,Dysphonia
SGD:S000000235,ORTH,RPL4A
ENSEMBL:ENSCAFG00000031787,ORTH,ENSEMBL:ENSCAFG00000031787
ENSEMBL:ENSPTRG00000008911,ORTH,ENSEMBL:ENSPTRG00000008911
dictyBase:DDB_G0290343,GENO,sodE
dictyBase:DDB_G0283983,GENO,DDB0218548
SGD:S000003272,ORTH,KSS1
ENSEMBL:ENSMMUG00000014987,ORTH,ENSEMBL:ENSMMUG00000014987
ZP:0106390,DISO,"neurocranial trabecula deformed, abnormal"
ZP:0001124,DISO,"cilium Kupffer's vesicle decreased length, abnormal"
MP:0002575,DISO,increased circulating ketone body level
ENSEMBL:ENSACAG00000004179,ORTH,ENSEMBL:ENSACAG00000004179
ENSEMBL:ENSGALG00000011426,ORTH,ENSEMBL:ENSGALG00000011426
ENSEMBL:ENSCAFG00000017475,ORTH,ENSEMBL:ENSCAFG00000017475
HP:0032810,DISO,Focal sensory seizure with cephalic sensation
Coriell:GM05606,GENO,NIGMS-GM05606
ENSEMBL:ENSBTAG00000052014,ORTH,A0A3Q1M2U2
ENSEMBL:ENSACAG00000003880,ORTH,ENSEMBL:ENSACAG00000003880
HP:0000502,DISO,Abnormal conjunctiva morphology
ENSEMBL:ENSFCAG00000004808,ORTH,ENSEMBL:ENSFCAG00000004808
ENSEMBL:ENSSSCG00000009203,ORTH,ENSEMBL:ENSSSCG00000009203
MP:0011969,DISO,abnormal circulating triglyceride level
MP:0004362,DISO,cochlear hair cell degeneration
RGD:620745,ORTH,Ubqln1
ZFIN:ZDB-GENE-070912-108,ORTH,ftr32
ENSEMBL:ENSGALG00000008163,ORTH,ENSEMBL:ENSGALG00000008163
dbSNP:rs6882169,GENO,rs6882169-?
MGI:1921393,ORTH,Opa1
MP:0000313,DISO,abnormal cell death
MP:0001980,DISO,abnormal chemically-elicited antinociception
ENSEMBL:ENSBTAG00000050724,ORTH,ENSEMBL:ENSBTAG00000050724
HP:0002465,DISO,Poor speech
SGD:S000005311,ORTH,CPR8
SGD:S000000171,ORTH,SSA3
ZFIN:ZDB-GENE-130814-1,ORTH,mhc1ula
dictyBase:DDB_G0293006,GENO,gefF
ENSEMBL:ENSMMUG00000011532,ORTH,ENSEMBL:ENSMMUG00000011532
PomBase:SPBC9B6.04c,GENO,tuf1
ENSEMBL:ENSGALG00000005931,ORTH,RUVBL1
MP:0000399,DISO,increased curvature of guard hairs
ZP:0000829,DISO,"thigmotaxis decreased occurrence, abnormal"
ZP:0002347,DISO,"trunk curved, abnormal"
ENSEMBL:ENSECAG00000022119,ORTH,ENSEMBL:ENSECAG00000022119
ENSEMBL:ENSACAG00000000745,ORTH,ENSEMBL:ENSACAG00000000745
ZP:0011939,DISO,"nuclear pore retinal ganglion cell malformed, abnormal"
MP:0005431,DISO,decreased oocyte number
MP:0010343,DISO,increased lipoma incidence
MP:0000238,DISO,absent pre-B cells
ENSEMBL:ENSECAG00000011942,ORTH,ENSEMBL:ENSECAG00000011942
ENSEMBL:ENSMMUG00000019089,ORTH,ENSEMBL:ENSMMUG00000019089
HGNC:170,GENE,ACTR3
ENSEMBL:ENSGALG00000003344,ORTH,ENSEMBL:ENSGALG00000003344
MGI:2653603,ORTH,Tg(HDexon1)61Gpb [involves: C57BL/6 * CBA/J]
HP:0000982,DISO,Palmoplantar keratoderma
EFO:0007990,GENO,neutrophil percentage of leukocytes
ZP:0002792,DISO,"neural crest cell migration process quality, abnormal"
MP:0001800,DISO,abnormal humoral immune response
MGI:2687364,ORTH,H2-M10.6
WormBase:WBGene00018359,ORTH,F42G8.8
ENSEMBL:ENSGALG00000008898,ORTH,ENSEMBL:ENSGALG00000008898
HP:0012286,DISO,Abnormal hypothalamus morphology
MGI:2653604,ORTH,Tg(HDexon1)62Gpb [involves: C57BL/6 * CBA/J]
MP:0004132,DISO,absent embryonic cilia
ENSEMBL:ENSSSCG00000007281,ORTH,ENSEMBL:ENSSSCG00000007281
FlyBase:FBgn0243512,ORTH,puc
ZP:0001587,DISO,"gastrulation process quality, abnormal"
HP:0002153,DISO,Hyperkalemia
MGI:1914584,ORTH,H2ap
ENSEMBL:ENSECAG00000019476,ORTH,ENSEMBL:ENSECAG00000019476
ZFIN:ZDB-GENE-030131-3777,ORTH,tardbpb
MGI:3573927,ORTH,Htt<tm1Detl>/Htt<tm1Detl> [involves: 129P2/OlaHsd * C57BL/6J]
HP:0000718,DISO,Aggressive behavior
MP:0009318,DISO,increased splenic marginal zone lymphoma incidence
ENSEMBL:ENSACAG00000008136,ORTH,ENSEMBL:ENSACAG00000008136
ENSEMBL:ENSPTRG00000009472,ORTH,ENSEMBL:ENSPTRG00000009472
ENSEMBL:ENSFCAG00000011030,ORTH,ENSEMBL:ENSFCAG00000011030
dictyBase:DDB_G0274815,GENO,dlcB
ENSEMBL:ENSACAG00000005227,ORTH,ENSEMBL:ENSACAG00000005227
UBERON:0004358,ANAT,caput epididymis
ENSEMBL:ENSMMUG00000002691,ORTH,ENSEMBL:ENSMMUG00000002691
dictyBase:DDB_G0290971,GENO,DDB_G0290971
WBPhenotype:0000386,DISO,genotoxic chemical induced apoptosis variant
RGD:2407,ORTH,Crmp1
ENSEMBL:ENSECAG00000025122,ORTH,ENSEMBL:ENSECAG00000025122
MONARCH:APO_0000037APO_0000004,GENO,pheromone sensitivity:increased
MP:0008169,DISO,increased B-1b cell number
HP:0011471,DISO,Gastrostomy tube feeding in infancy
MP:0001280,DISO,loss of vibrissae
ENSEMBL:ENSPTRG00000002005,ORTH,ENSEMBL:ENSPTRG00000002005
HP:0002650,DISO,Scoliosis
HP:0002607,DISO,Bowel incontinence
MP:0008735,DISO,increased susceptibility to endotoxin shock
ENSEMBL:ENSSSCG00000028943,ORTH,ENSEMBL:ENSSSCG00000028943
ENSEMBL:ENSMODG00000010916,ORTH,ENSEMBL:ENSMODG00000010916
ENSEMBL:ENSOANG00000014734,ORTH,ENSEMBL:ENSOANG00000014734
WBPhenotype:0002018,DISO,retarded seam cell fusion
HP:0009046,DISO,Difficulty running
ENSEMBL:ENSMMUG00000062243,ORTH,ENSEMBL:ENSMMUG00000062243
ENSEMBL:ENSECAG00000021995,ORTH,ENSEMBL:ENSECAG00000021995
PomBase:SPBC32F12.11,GENO,tdh1
EFO:0004459,GENO,ferritin measurement
PomBase:SPAC23C11.15,GENO,pst2
HGNC:5528,GENE,IGHG4
ZP:0000040,DISO,"yolk quality, abnormal"
HP:0012648,DISO,Decreased inflammatory response
HP:0030842,DISO,Choking episodes
ZP:0007592,DISO,"mitochondrial electron transport, NADH to ubiquinone decreased rate, abnormal"
ZP:0018634,DISO,"autophagosome heart decreased amount, abnormal"
Coriell:GM05614,GENO,NIGMS-GM05614
ZP:0003844,DISO,"lipid droplet liver increased amount, abnormal"
ENSEMBL:ENSFCAG00000012038,ORTH,ENSEMBL:ENSFCAG00000012038
ENSEMBL:ENSECAG00000024227,ORTH,ENSEMBL:ENSECAG00000024227
MGI:1914281,ORTH,Upf3a
ENSEMBL:ENSOANG00000007878,ORTH,ENSEMBL:ENSOANG00000007878
MP:0001131,DISO,abnormal ovarian follicle morphology
MP:0004794,DISO,increased anti-nuclear antigen antibody level
WBPhenotype:0000085,DISO,swollen intestinal lumen
ENSEMBL:ENSACAG00000004790,ORTH,ENSEMBL:ENSACAG00000004790
APO:0000154,DISO,petite-negative
MGI:88144,ORTH,Bdkrb1
WBPhenotype:0000246,DISO,defecation cycle variable length
MP:0005655,DISO,increased aggression
ZP:0018345,DISO,"midbrain increased process quality cell death, abnormal"
ENSEMBL:ENSOANG00000002100,ORTH,ENSEMBL:ENSOANG00000002100
MP:0005098,DISO,abnormal optic choroid morphology
ENSEMBL:ENSECAG00000007220,ORTH,ENSEMBL:ENSECAG00000007220
MP:0001522,DISO,impaired swimming
ENSEMBL:ENSMODG00000008074,ORTH,ENSEMBL:ENSMODG00000008074
ZP:0010447,DISO,"striated muscle myosin thick filament myotome decreased amount, abnormal"
FlyBase:FBgn0036239,ORTH,Pop2
WBPhenotype:0001661,DISO,loss of asymmetry AWC
MP:0002631,DISO,abnormal epididymis morphology
ENSEMBL:ENSGALG00000017111,ORTH,ENSEMBL:ENSGALG00000017111
FlyBase:FBgn0010516,ORTH,wal
ENSEMBL:ENSFCAG00000013136,ORTH,ENSEMBL:ENSFCAG00000013136
ZFIN:ZDB-GENE-030131-5695,ORTH,trim33l
ENSEMBL:ENSCAFG00000019833,ORTH,ENSEMBL:ENSCAFG00000019833
RGD:70967,ORTH,Casp6
HP:0002136,DISO,Broad-based gait
ZP:0130890,DISO,"olfactory placode process quality cilium assembly, abnormal"
ENSEMBL:ENSBTAG00000002583,ORTH,ENSEMBL:ENSBTAG00000002583
ENSEMBL:ENSCAFG00000012608,ORTH,ENSEMBL:ENSCAFG00000012608
HP:0005372,DISO,Abnormality of B cell physiology
ENSEMBL:ENSFCAG00000026439,ORTH,ENSEMBL:ENSFCAG00000026439
ENSEMBL:ENSCAFG00000023407,ORTH,ENSEMBL:ENSCAFG00000023407
GO:0042297,PHYS,vocal learning
MP:0030906,DISO,decreased melanoblast proliferation
dictyBase:DDB_G0270688,GENO,mpl2
Xenbase:XB-GENE-479691,ORTH,psmb7.2
ZP:0006997,DISO,"skeletal muscle morphology, abnormal"
ZP:0002696,DISO,"retinal cone cell absent, abnormal"
ZP:0018476,DISO,"axon peripheral neuron shape, abnormal"
ENSEMBL:ENSCAFG00000041717,ORTH,A0A5F4CGT2
WormBase:WBGene00004815,ORTH,skr-9
ZP:0000870,DISO,"ossification disrupted, abnormal"
MONARCH:APO_0000081APO_0000004,GENO,killer toxin resistance:increased
HP:0002202,DISO,Pleural effusion
ZP:0018607,DISO,"rhombomere 3 morphogenesis process quality, abnormal"
FlyBase:FBgn0011272,ORTH,RpL13
ENSEMBL:ENSSSCG00000032908,ORTH,PSMD7
ENSEMBL:ENSGALG00000010638,ORTH,ENSEMBL:ENSGALG00000010638
MGI:97549,ORTH,Pfn1
ENSEMBL:ENSSSCG00005032795,ORTH,ENSEMBL:ENSSSCG00005032795
MGI:1925583,ORTH,Prpf40b
ENSEMBL:ENSCAFG00000006961,ORTH,ENSEMBL:ENSCAFG00000006961
ENSEMBL:ENSMMUG00000001054,ORTH,ENSEMBL:ENSMMUG00000001054
MP:0011024,DISO,abnormal branching involved in lung morphogenesis
ENSEMBL:ENSCAFG00000042409,ORTH,A0A5F4DFB2
ENSEMBL:ENSPTRG00000007938,ORTH,ENSEMBL:ENSPTRG00000007938
FlyBase:FBgn0031092,ORTH,Ech1
MP:0003244,DISO,loss of dopaminergic neurons
HP:0002922,DISO,Increased CSF protein
PomBase:SPAC27D7.06,GENO,etf1
ENSEMBL:ENSBTAG00000052778,ORTH,A0A3Q1LJX4
ENSEMBL:ENSMODG00000002570,ORTH,ENSEMBL:ENSMODG00000002570
ENSEMBL:ENSMODG00000024868,ORTH,ENSEMBL:ENSMODG00000024868
ENSEMBL:ENSPTRG00000014027,ORTH,ENSEMBL:ENSPTRG00000014027
ENSEMBL:ENSSSCG00000009290,ORTH,MIPEP
WormBase:WBGene00004826,ORTH,skr-20
MGI:88151,ORTH,Glb1
ENSEMBL:ENSPTRG00000011769,ORTH,ENSEMBL:ENSPTRG00000011769
ENSEMBL:ENSFCAG00000039185,ORTH,ENSEMBL:ENSFCAG00000039185
EFO:0010244,GENO,uveal melanoma disease severity
ENSEMBL:ENSECAG00000020066,ORTH,ENSEMBL:ENSECAG00000020066
ZP:0005613,DISO,"erythroblast immature, abnormal"
ENSEMBL:ENSECAG00000014401,ORTH,ENSEMBL:ENSECAG00000014401
ZP:0100918,DISO,"midbrain hindbrain boundary neural plate decreased distribution, abnormal"
WBPhenotype:0002282,DISO,autophagy increased
HP:0011718,DISO,Abnormality of the pulmonary veins
ENSEMBL:ENSBTAG00000000902,ORTH,ENSEMBL:ENSBTAG00000000902
MP:0002420,DISO,abnormal adaptive immunity
ZFIN:ZDB-GENE-000526-1,ORTH,hey2
MGI:5617271,ORTH,Htt<tm1Hay>/Htt<tm1Hay>; Tg(HTT*97Q)IXwy; Tg(YAC18)18Hay/Tg(YAC18)18Hay [FVB.Cg-Htt<tm1Hay> Tg(HTT*97Q)IXwy Tg(YAC18)18Hay]
ENSEMBL:ENSPTRG00000048493,ORTH,ENSEMBL:ENSPTRG00000048493
ENSEMBL:ENSOANG00000003900,ORTH,ENSEMBL:ENSOANG00000003900
ZP:0004002,DISO,"diencephalon apoptotic, abnormal"
WBPhenotype:0000046,DISO,pace of P lineage defective early emb
SGD:S000005683,ORTH,PUP1
MGI:1915585,ORTH,Ift20
dictyBase:DDB_G0274605,GENO,gefR
ENSEMBL:ENSBTAG00000018153,ORTH,ENSEMBL:ENSBTAG00000018153
WBPhenotype:0001687,DISO,surface antigenicity variant
MONARCH:APO_0000131APO_0000004,GENO,protein/peptide modification:increased
ZP:0006355,DISO,"endoplasmic reticulum eye photoreceptor cell dilated, abnormal"
ENSEMBL:ENSRNOG00000032585,ORTH,M0R8M9
MGI:95697,ORTH,Gfap
HGNC:3274,GENE,EIF3G
SGD:S000003666,ORTH,URA2
MP:0001093,DISO,small trigeminal ganglion
dictyBase:DDB_G0273251,GENO,fpaB-1
ENSEMBL:ENSGALG00000002973,ORTH,BECN1
ENSEMBL:ENSSSCG00000007425,ORTH,ENSEMBL:ENSSSCG00000007425
HGNC:9237,GENE,PPARGC1A
ZP:0020240,DISO,"eye photoreceptor cell accumulation vesicle eye photoreceptor cell, abnormal"
ZP:0002506,DISO,"heart looping process quality, abnormal"
MGI:5569532,ORTH,Tg(CMV-HTT*89Q)ATag
dictyBase:DDB_G0270412,GENO,DDB0191041
ENSEMBL:ENSOANG00000005892,ORTH,ENSEMBL:ENSOANG00000005892
WBPhenotype:0001910,DISO,kinetochore organization variant
HGNC:24260,GENE,MED31
ENSEMBL:ENSOANG00000037837,ORTH,ENSEMBL:ENSOANG00000037837
WormBase:WBGene00003826,ORTH,ntl-3
MP:0001771,DISO,abnormal circulating magnesium level
ZP:0001133,DISO,"cerebellum apoptotic, abnormal"
ZP:0002213,DISO,"central nervous system projection neuron axonogenesis disrupted, abnormal"
MP:0004274,DISO,abnormal embryonic/fetal subventricular zone morphology
ZP:0007692,DISO,"trunk vasculature malformed, abnormal"
WBPhenotype:0002504,DISO,pathogen release reduced
ENSEMBL:ENSECAG00000001231,ORTH,ENSEMBL:ENSECAG00000001231
ZP:0137228,DISO,"synapse CaP motoneuron morphology, abnormal"
ZFIN:ZDB-GENE-090302-2,ORTH,ap2a1
SGD:S000001917,ORTH,ATG18
ENSEMBL:ENSGALG00000011494,ORTH,ENSEMBL:ENSGALG00000011494
ENSEMBL:ENSPTRG00000018064,ORTH,ENSEMBL:ENSPTRG00000018064
ENSEMBL:ENSDARG00000116968,ORTH,A0A2R8RR55
ENSEMBL:ENSSSCG00000026392,ORTH,ENSEMBL:ENSSSCG00000026392
HP:0007359,DISO,Focal-onset seizure
MONARCH:APO_0000316APO_0000003,GENO,chronological lifespan:decreased
FlyBase:FBgn0032030,ORTH,Wdr82
HP:0001789,DISO,Hydrops fetalis
SGD:S000006021,ORTH,ATG21
WBPhenotype:0000905,DISO,neuron morphology variant
WBPhenotype:0002308,DISO,pausing variant
FlyBase:FBgn0283472,ORTH,S6k
ENSEMBL:ENSECAG00000016963,ORTH,ENSEMBL:ENSECAG00000016963
ZP:0010098,DISO,"pharyngeal arch 2 disoriented, abnormal"
FlyBase:FBgn0029629,ORTH,eIF3g1
ENSEMBL:ENSMMUG00000003193,ORTH,ENSEMBL:ENSMMUG00000003193
ZP:0000581,DISO,"cranium edematous, abnormal"
HP:0005182,DISO,Bicuspid pulmonary valve
MGI:3605549,ORTH,Adgb
MP:0011109,DISO,"lethality throughout fetal growth and development, incomplete penetrance"
MP:0011108,DISO,"embryonic lethality during organogenesis, incomplete penetrance"
MP:0003236,DISO,abnormal lens capsule morphology
WBPhenotype:0000745,DISO,transposon silencing variant
HGNC:3659,GENE,FEZ1
MP:0001469,DISO,abnormal contextual conditioning behavior
MP:0020875,DISO,decreased nervous system dopamine level
MGI:1333865,ORTH,Rfxank
MP:0010088,DISO,decreased circulating fructosamine level
WBPhenotype:0000697,DISO,protruding vulva
ZP:0011457,DISO,"larval locomotory behavior increased rate, abnormal"
ENSEMBL:ENSMMUG00000019902,ORTH,ENSEMBL:ENSMMUG00000019902
ENSEMBL:ENSOANG00000048621,ORTH,ENSEMBL:ENSOANG00000048621
ENSEMBL:ENSPTRG00000003460,ORTH,ENSEMBL:ENSPTRG00000003460
WBPhenotype:0002382,DISO,resistant to bioactive compound
MGI:5432191,ORTH,Tg(YAC72)2511Hay/Tg(YAC72)2511Hay [FVB/N-Tg(YAC72)2511Hay]
ENSEMBL:ENSPTRG00000009768,ORTH,ENSEMBL:ENSPTRG00000009768
HGNC:25169,GENE,GPRASP2
ZP:0102743,DISO,"ceratohyal cartilage decreased amount, abnormal"
ZP:0011149,DISO,"locomotor rhythm process quality, abnormal"
ENSEMBL:ENSFCAG00000015361,ORTH,ENSEMBL:ENSFCAG00000015361
ENSEMBL:ENSPTRG00000002572,ORTH,ENSEMBL:ENSPTRG00000002572
MP:0008097,DISO,increased plasma cell number
MP:0008743,DISO,decreased liver iron level
ENSEMBL:ENSPTRG00000011788,ORTH,ENSEMBL:ENSPTRG00000011788
MP:0001274,DISO,curly vibrissae
MP:0001704,DISO,abnormal dorsal-ventral axis patterning
MP:0009933,DISO,abnormal tail hair pigmentation
dictyBase:DDB_G0288677,GENO,cdk5
ZP:0006328,DISO,"neural tube distended, abnormal"
ENSEMBL:ENSSSCG00000005935,ORTH,AGO2
PomBase:SPAC23C11.11,GENO,cka1
HP:0003097,DISO,Short femur
ENSEMBL:ENSMMUG00000009281,ORTH,ENSEMBL:ENSMMUG00000009281
WBPhenotype:0001504,DISO,maternal effect sterile
WormBase:WBGene00001130,ORTH,dyn-1
ENSEMBL:ENSMODG00000017226,ORTH,ENSEMBL:ENSMODG00000017226
ENSEMBL:ENSPTRG00000020202,ORTH,ENSEMBL:ENSPTRG00000020202
ENSEMBL:ENSACAG00000024309,ORTH,ENSEMBL:ENSACAG00000024309
ZFIN:ZDB-GENE-090313-297,ORTH,si:dkey-27m7.4
HP:0003107,DISO,Abnormal circulating cholesterol concentration
FBcv:0000403,DISO,abnormal chemosensitive behavior
NCBIGene:113455423,GENE,LOC113455423
MP:0004618,DISO,thoracic vertebral transformation
ENSEMBL:ENSGALG00000042895,ORTH,BCAR1
ENSEMBL:ENSSSCG00000021408,ORTH,TKT
MP:0009154,DISO,pancreatic acinar hypoplasia
ENSEMBL:ENSECAG00000005451,ORTH,ENSEMBL:ENSECAG00000005451
MP:0005252,DISO,abnormal Meibomian gland morphology
UBERON:0001951,ANAT,epithelium of nasopharynx
RGD:1597035,ORTH,Gemin7
ENSEMBL:ENSFCAG00000004445,ORTH,ENSEMBL:ENSFCAG00000004445
HP:0002300,DISO,Mutism
ENSEMBL:ENSBTAG00000020316,ORTH,ENSEMBL:ENSBTAG00000020316
Coriell:GM05376,GENO,NIGMS-GM05376
FBcv:0000356,DISO,abnormal body color
ENSEMBL:ENSGALG00000008677,ORTH,ENSEMBL:ENSGALG00000008677
Xenbase:XB-GENE-480450,ORTH,hes5.3
HP:0040006,DISO,Mortality/Aging
HP:0001357,DISO,Plagiocephaly
ENSEMBL:ENSECAG00000019669,ORTH,ENSEMBL:ENSECAG00000019669
ENSEMBL:ENSBTAG00000001762,ORTH,ENSEMBL:ENSBTAG00000001762
ENSEMBL:ENSCAFG00000015799,ORTH,CRMP1
MP:0005029,DISO,abnormal amnion morphology
ENSEMBL:ENSPTRG00000004912,ORTH,ENSEMBL:ENSPTRG00000004912
ZFIN:ZDB-GENE-080515-6,ORTH,hypk
MGI:5432192,ORTH,Tg(YAC128)55Hay [FVB/N-Tg(YAC128)55Hay]
SGD:S000002803,ORTH,SXM1
HGNC:13890,GENE,ITCH
FBcv:0002022,DISO,some die during second instar larval stage
ZP:0019910,DISO,"ovulation process quality, abnormal"
MONARCH:APO_0000257APO_0000249,GENO,cell cycle progression through the G2/M phase transition:delayed
MP:0008022,DISO,dilated heart ventricle
ZFIN:ZDB-GENE-051128-1,ORTH,ogt.2
ENSEMBL:ENSXETG00000030031,ORTH,ENSEMBL:ENSXETG00000030031
ENSEMBL:ENSGALG00000007441,ORTH,MAP6
APO:0000097,DISO,auxotrophy
dictyBase:DDB_G0272098,GENO,DDB_G0272098
MP:0001776,DISO,abnormal circulating sodium level
WBPhenotype:0000013,DISO,dauer defective
ENSEMBL:ENSFCAG00000023994,ORTH,ENSEMBL:ENSFCAG00000023994
ZP:0009379,DISO,"swimming decreased process quality, abnormal"
ENSEMBL:ENSOANG00000048246,ORTH,ENSEMBL:ENSOANG00000048246
ENSEMBL:ENSSSCG00000015539,ORTH,STX6
MP:0005390,DISO,skeleton phenotype
HP:0002023,DISO,Anal atresia
MP:0001970,DISO,abnormal pain threshold
ENSEMBL:ENSPTRG00000003106,ORTH,ENSEMBL:ENSPTRG00000003106
WBPhenotype:0001947,DISO,diplotene progression during oogenesis variant
HP:0002149,DISO,Hyperuricemia
ENSEMBL:ENSMMUG00000001264,ORTH,ENSEMBL:ENSMMUG00000001264
ENSEMBL:ENSPTRG00000002328,ORTH,ENSEMBL:ENSPTRG00000002328
MGI:4438240,ORTH,Htt<tm1Szi>/Htt<tm1Szi>; Tg(HTT*)BXwy [involves: 129S/SvEv * FVB]
HP:0002745,DISO,Oral leukoplakia
ZP:0000613,DISO,"floor plate aplastic, abnormal"
MP:0001349,DISO,excessive tearing
ENSEMBL:ENSACAG00000002564,ORTH,ENSEMBL:ENSACAG00000002564
ENSEMBL:ENSGALG00000007752,ORTH,COPS7B
ENSEMBL:ENSPTRG00000005719,ORTH,ENSEMBL:ENSPTRG00000005719
FBcv:0002023,DISO,some die during larval stage
ENSEMBL:ENSMODG00000002996,ORTH,ENSEMBL:ENSMODG00000002996
ZP:0004374,DISO,"sensory perception of touch process quality, abnormal"
Coriell:GM04692,GENO,NIGMS-GM04692
FlyBase:FBgn0261395,ORTH,Prosalpha3T
ZP:0011823,DISO,"shield absent, abnormal"
ZP:0004498,DISO,"contractile fiber somite disorganized, abnormal"
MGI:1338882,ORTH,Pex11b
RGD:3512,ORTH,RT1-EC2
ENSEMBL:ENSACAG00000028873,ORTH,ENSEMBL:ENSACAG00000028873
HGNC:11537,GENE,TAF4
ZFIN:ZDB-GENE-061110-40,ORTH,zgc:152816
ENSEMBL:ENSACAG00000006639,ORTH,ENSEMBL:ENSACAG00000006639
ENSEMBL:ENSECAG00000014460,ORTH,ENSEMBL:ENSECAG00000014460
ZP:0019109,DISO,"nucleus lens present, abnormal"
HGNC:7095,GENE,MID1
dictyBase:DDB_G0267400,GENO,hspD
EFO:0007993,GENO,lymphocyte percentage of leukocytes
MP:0003874,DISO,absent pharyngeal arches
ZP:0137431,DISO,"optic stalk increased distribution, abnormal"
ENSEMBL:ENSXETG00000035320,ORTH,ENSEMBL:ENSXETG00000035320
ZP:0000540,DISO,"subintestinal vein collapsed, abnormal"
HP:0011712,DISO,Right bundle branch block
MP:0009932,DISO,skin fibrosis
ENSEMBL:ENSECAG00000009909,ORTH,ENSEMBL:ENSECAG00000009909
ENSEMBL:ENSGALG00000014324,ORTH,SLC2A14
ENSEMBL:ENSPTRG00000009021,ORTH,ENSEMBL:ENSPTRG00000009021
SGD:S000004848,ORTH,RNA1
MP:0013189,DISO,abnormal exploration in a new environment
MONARCH:APO_0000271APO_0000004,GENO,RNA modification:increased
ENSEMBL:ENSCAFG00000001317,ORTH,EEF1D
MONARCH:APO_0000316APO_0000004,GENO,chronological lifespan:increased
ENSEMBL:ENSCAFG00000006921,ORTH,RBCK1
ENSEMBL:ENSMMUG00000008697,ORTH,ENSEMBL:ENSMMUG00000008697
dbSNP:rs117440785,GENO,rs117440785-?
HGNC:9535,GENE,PSMA6
ZFIN:ZDB-GENE-040718-488,ORTH,wipi2
ZP:0001453,DISO,"extension decreased size, abnormal"
ENSEMBL:ENSSSCG00000017067,ORTH,CNOT8
dictyBase:DDB_G0286353,GENO,erkA
ZFIN:ZDB-GENE-081104-387,ORTH,huwe1
ENSEMBL:ENSACAG00000008661,ORTH,ENSEMBL:ENSACAG00000008661
WBPhenotype:0001536,DISO,embryonic cell patterning variant
MP:0001232,DISO,absent epidermis stratum basale
WBPhenotype:0000689,DISO,maternal sterile
ENSEMBL:ENSFCAG00000022558,ORTH,ENSEMBL:ENSFCAG00000022558
ENSEMBL:ENSRNOG00000053247,ORTH,ENSEMBL:ENSRNOG00000053247
ENSEMBL:ENSSSCG00000012740,ORTH,ENSEMBL:ENSSSCG00000012740
ENSEMBL:ENSECAG00000010479,ORTH,ENSEMBL:ENSECAG00000010479
FBcv:0000405,DISO,abnormal taste perception
HP:0012810,DISO,Wide nasal base
ENSEMBL:ENSSSCG00000027100,ORTH,ENSEMBL:ENSSSCG00000027100
HGNC:23024,GENE,COMMD1
WormBase:WBGene00007704,ORTH,mdt-21
ENSEMBL:ENSSSCG00000026064,ORTH,LSM5
ZFIN:ZDB-GENE-041024-9,ORTH,prrc1
ZP:0003361,DISO,"cell notochord circular, abnormal"
ENSEMBL:ENSSSCG00000038628,ORTH,SKP1
HP:0006989,DISO,Dysplastic corpus callosum
ZP:0003837,DISO,"mitochondrion brain swollen, abnormal"
WBPhenotype:0001033,DISO,proximal germ cell proliferation variant
MGI:96067,ORTH,Htt
MONARCH:APO_0000257APO_0000250,GENO,cell cycle progression through the G2/M phase transition:arrested
ZP:0010099,DISO,"pharyngeal arch 2 mislocalised ventrally, abnormal"
WormBase:WBGene00000819,ORTH,csp-1
MP:0002062,DISO,abnormal associative learning
ENSEMBL:ENSPTRG00000048790,ORTH,ENSEMBL:ENSPTRG00000048790
ENSEMBL:ENSGALG00000054686,ORTH,ENSEMBL:ENSGALG00000054686
ENSEMBL:ENSPTRG00000014075,ORTH,ENSEMBL:ENSPTRG00000014075
MP:0009538,DISO,abnormal synapse morphology
MP:0010907,DISO,absent lung buds
ENSEMBL:ENSOANG00000008888,ORTH,ENSEMBL:ENSOANG00000008888
ENSEMBL:ENSMODG00000014793,ORTH,ENSEMBL:ENSMODG00000014793
ENSEMBL:ENSOANG00000004987,ORTH,ENSEMBL:ENSOANG00000004987
FlyBase:FBgn0010423,ORTH,TpnC47D
HGNC:29079,GENE,KDM1A
ZP:0009007,DISO,"retinal outer nuclear layer increased occurrence cell population proliferation, abnormal"
HGNC:5527,GENE,IGHG3
MGI:1919094,ORTH,Nupl1
ENSEMBL:ENSACAG00000024528,ORTH,ENSEMBL:ENSACAG00000024528
FlyBase:FBgn0264574,ORTH,Glut1
dictyBase:DDB_G0268444,GENO,DDB_G0268444
ENSEMBL:ENSOANG00000013941,ORTH,ENSEMBL:ENSOANG00000013941
ENSEMBL:ENSMODG00000005047,ORTH,ENSEMBL:ENSMODG00000005047
FlyBase:FBgn0020622,ORTH,Pi3K21B
ZP:0010992,DISO,"breeding tubercle jaw flap decreased size, abnormal"
MP:0008806,DISO,increased circulating amylase level
HP:0040078,DISO,Axonal degeneration
ENSEMBL:ENSCAFG00000008513,ORTH,PRPF40B
ENSEMBL:ENSMODG00000016665,ORTH,ENSEMBL:ENSMODG00000016665
ENSEMBL:ENSMMUG00000007045,ORTH,ENSEMBL:ENSMMUG00000007045
NCBIGene:100334178,GENE,LOC100334178
HP:0002104,DISO,Apnea
ZP:0007684,DISO,"cardiac muscle cell atrioventricular canal morphology, abnormal"
WormBase:WBGene00018846,ORTH,eef-1B.1
Coriell:GM04231,GENO,NIGMS-GM04231
EFO:0005670,GENO,smoking initiation
HP:0100732,DISO,Pancreatic fibrosis
ENSEMBL:ENSMMUG00000014166,ORTH,ENSEMBL:ENSMMUG00000014166
WBPhenotype:0000765,DISO,spindle elongation integrity defective early emb
ZP:0002376,DISO,"pharyngeal arch cartilage aplastic, abnormal"
ZP:0003620,DISO,"glucose import decreased rate, abnormal"
ZFIN:ZDB-GENE-100308-1,ORTH,egfrb
HGNC:12420,GENE,TUFM
ZP:0105902,DISO,"circadian behavior process quality, abnormal"
MONARCH:APO_0000059APO_0000002,GENO,vacuolar morphology:abnormal
HGNC:18420,GENE,SETD2
SGD:S000002205,ORTH,SIT4
ENSEMBL:ENSMODG00000007222,ORTH,ENSEMBL:ENSMODG00000007222
ZP:0100131,DISO,"myotome has fewer parts of type skeletal muscle cell skeletal muscle myofibril skeletal muscle cell, abnormal"
ENSEMBL:ENSACAG00000003659,ORTH,ENSEMBL:ENSACAG00000003659
dbSNP:rs72715653,GENO,rs72715653-?
ENSEMBL:ENSOANG00000014201,ORTH,ENSEMBL:ENSOANG00000014201
MP:0004973,DISO,increased regulatory T cell number
HP:0008628,DISO,Abnormality of the stapes
ZP:0001589,DISO,"embryo development disrupted, abnormal"
Coriell:GM01187,GENO,NIGMS-GM01187
ENSEMBL:ENSGALG00000047380,ORTH,MICA
ZFIN:ZDB-GENE-040426-2649,ORTH,sec13
ENSEMBL:ENSOANG00000028768,ORTH,ENSEMBL:ENSOANG00000028768
MONARCH:APO_0000110APO_0000003,GENO,competitive fitness:decreased
WormBase:WBGene00022014,ORTH,Y61A9LA.1
ENSEMBL:ENSACAG00000013325,ORTH,ENSEMBL:ENSACAG00000013325
MP:0008705,DISO,increased interleukin-6 secretion
HGNC:30796,GENE,STRAP
ENSEMBL:ENSACAG00000011359,ORTH,ENSEMBL:ENSACAG00000011359
ZP:0001380,DISO,"retinal ganglion cell layer morphology, abnormal"
ZP:0002066,DISO,"slow muscle cell decreased amount, abnormal"
ENSEMBL:ENSPTRG00000007195,ORTH,ENSEMBL:ENSPTRG00000007195
HP:0011229,DISO,Broad eyebrow
ENSEMBL:ENSACAG00000002295,ORTH,ENSEMBL:ENSACAG00000002295
ENSEMBL:ENSACAG00000011968,ORTH,ENSEMBL:ENSACAG00000011968
FlyBase:FBgn0003462,ORTH,Sod1
MONARCH:APO_0000214APO_0000002,GENO,position of spindle pole body:abnormal
Coriell:GM04017,GENO,NIGMS-GM04017
HP:0012511,DISO,Temporal optic disc pallor
ZFIN:ZDB-GENE-000831-2,ORTH,fth1a
ZP:0017218,DISO,"wound healing process quality, abnormal"
WBPhenotype:0001297,DISO,male tail development variant
HP:0003470,DISO,Paralysis
MP:0030191,DISO,narrow snout
MP:0002828,DISO,abnormal renal glomerular capsule morphology
MP:0009356,DISO,decreased liver triglyceride level
WBPhenotype:0000433,DISO,DNA synthesis variant
SGD:S000003072,ORTH,VPS73
ZP:0020371,DISO,"heart tube increased distribution, abnormal"
dictyBase:DDB_G0275069,GENO,pks16
MP:0008672,DISO,increased interleukin-13 secretion
MGI:1351511,ORTH,Psmd7
WBPhenotype:0001422,DISO,endocytic transport defect
ENSEMBL:ENSFCAG00000002940,ORTH,ENSEMBL:ENSFCAG00000002940
MP:0004572,DISO,fusion of basioccipital and basisphenoid bone
ENSEMBL:ENSCAFG00000017563,ORTH,J9NWJ7
WormBase:WBGene00000910,ORTH,daf-14
EnsemblGenome:AT5G50870,ORTH,EnsemblGenome:AT5G50870
Coriell:GM05496,GENO,NIGMS-GM05496
WBPhenotype:0000470,DISO,HSN migration variant
FlyBase:FBgn0001108,ORTH,DCTN1-p150
WBPhenotype:0002312,DISO,turning frequency variant
MP:0020351,DISO,decreased vocalization
WBPhenotype:0004017,DISO,locomotor coordination variant
ZP:0100205,DISO,"retina increased occurrence Notch signaling pathway, abnormal"
ZP:0006752,DISO,"blood vessel permeable, abnormal"
MP:0004948,DISO,abnormal neuronal precursor proliferation
WBPhenotype:0000541,DISO,cord commissures fail to reach target
ENSEMBL:ENSMODG00000000549,ORTH,ENSEMBL:ENSMODG00000000549
ENSEMBL:ENSCAFG00000023542,ORTH,ENSEMBL:ENSCAFG00000023542
MP:0009778,DISO,impaired behavioral response to anesthetic
WBPhenotype:0000398,DISO,light body touch resistant
MGI:1860283,ORTH,Ubqln2
MP:0002840,DISO,abnormal lens fiber morphology
RGD:3889,ORTH,Tp53
dictyBase:DDB_G0278159,GENO,pssA
ZP:0009002,DISO,"brain increased occurrence apoptotic process, abnormal"
ENSEMBL:ENSPTRG00000004024,ORTH,ENSEMBL:ENSPTRG00000004024
ENSEMBL:ENSCAFG00000011417,ORTH,LOC100856765
ENSEMBL:ENSSSCG00000001795,ORTH,SH3GL3
Xenbase:XB-GENE-955353,ORTH,hmg20a
EFO:0004342,GENO,waist circumference
PomBase:SPBC1718.06,GENO,msp1
ENSEMBL:ENSBTAG00000003697,ORTH,ENSEMBL:ENSBTAG00000003697
ENSEMBL:ENSPTRG00000001262,ORTH,ENSEMBL:ENSPTRG00000001262
RGD:620683,ORTH,Rps6kb1
MP:0009038,DISO,decreased inferior colliculus size
ENSEMBL:ENSFCAG00000024752,ORTH,ENSEMBL:ENSFCAG00000024752
HGNC:9187,GENE,POLR2A
ENSEMBL:ENSGALG00000002925,ORTH,ETFA
SGD:S000003367,ORTH,PRE9
ZP:0005769,DISO,"nucleus lens circular, abnormal"
RGD:1310906,ORTH,Tardbp
ENSEMBL:ENSECAG00000019590,ORTH,ENSEMBL:ENSECAG00000019590
ENSEMBL:ENSSSCG00000035428,ORTH,A0A287A0E5
ENSEMBL:ENSCAFG00000039767,ORTH,ENSEMBL:ENSCAFG00000039767
RGD:2742,ORTH,Grm1
FlyBase:FBgn0033987,ORTH,ckn
FlyBase:FBgn0031692,ORTH,TpnC25D
ENSEMBL:ENSFCAG00000002582,ORTH,ENSEMBL:ENSFCAG00000002582
ENSEMBL:ENSACAG00000000151,ORTH,ENSEMBL:ENSACAG00000000151
Xenbase:XB-GENE-974195,ORTH,commd4
ENSEMBL:ENSFCAG00000025392,ORTH,ENSEMBL:ENSFCAG00000025392
HP:0005266,DISO,Intestinal polyp
MP:0000490,DISO,abnormal crypts of Lieberkuhn morphology
EFO:0004574,GENO,total cholesterol measurement
RGD:1305236,ORTH,Psmd13
MGI:88110,ORTH,Atp2a2
dictyBase:DDB_G0290267,GENO,gefO
ZP:0101898,DISO,"facial nerve motor nucleus has extra parts of type neuron projection motor neuron, abnormal"
FlyBase:FBgn0042711,ORTH,Hex-t1
ENSEMBL:ENSOANG00000010928,ORTH,ENSEMBL:ENSOANG00000010928
ENSEMBL:ENSECAG00000021011,ORTH,ENSEMBL:ENSECAG00000021011
ZFIN:ZDB-GENE-040426-969,ORTH,trip10b
HGNC:14884,GENE,DNAJA2
ENSEMBL:ENSFCAG00000005587,ORTH,ENSEMBL:ENSFCAG00000005587
ENSEMBL:ENSFCAG00000025193,ORTH,ENSEMBL:ENSFCAG00000025193
NCBIGene:498414,GENE,LOC498414
ZP:0013912,DISO,"ventral mandibular arch atrophied, abnormal"
MP:0000159,DISO,abnormal xiphoid process morphology
HP:0011025,DISO,Abnormal cardiovascular system physiology
MGI:97313,ORTH,Nefl
SGD:S000003826,ORTH,ARP3
Coriell:GM04724,GENO,NIGMS-GM04724
ENSEMBL:ENSSSCG00000006063,ORTH,ENSEMBL:ENSSSCG00000006063
MP:0011407,DISO,absent nephrogenic zone
Xenbase:XB-GENE-999052,ORTH,hypk
Coriell:GM04777,GENO,NIGMS-GM04777
HP:0002363,DISO,Abnormal brainstem morphology
ENSEMBL:ENSACAG00000009764,ORTH,ENSEMBL:ENSACAG00000009764
ENSEMBL:ENSECAG00000034339,ORTH,ENSEMBL:ENSECAG00000034339
dictyBase:DDB_G0282261,GENO,ech1
ENSEMBL:ENSSSCG00000033602,ORTH,UBE2K
ENSEMBL:ENSGALG00000043908,ORTH,ENSEMBL:ENSGALG00000043908
dictyBase:DDB_G0284329,GENO,gefA
FlyBase:FBgn0037248,ORTH,srl
RGD:2738,ORTH,Grin2b
ENSEMBL:ENSCAFG00000015818,ORTH,ACLY
MP:0011121,DISO,decreased primordial ovarian follicle number
ENSEMBL:ENSFCAG00000001580,ORTH,ENSEMBL:ENSFCAG00000001580
FlyBase:FBgn0019960,ORTH,Mitofilin
MGI:1343094,ORTH,Kat2b
MP:0001085,DISO,small petrosal ganglion
FlyBase:FBal0293482,ORTH,htt[HMS02845]
HP:0000957,DISO,Cafe-au-lait spot
HP:0000938,DISO,Osteopenia
MP:0011673,DISO,unbalanced complete common atrioventricular canal
MP:0009122,DISO,decreased white fat cell lipid droplet size
HP:0005212,DISO,Anal mucosal leukoplakia
Xenbase:XB-GENE-980934,ORTH,prmt2
ZP:0002187,DISO,"brain vasculature has fewer parts of type central artery, abnormal"
ZP:0008040,DISO,"Z disc cardiac muscle cell broken, abnormal"
SGD:S000003399,ORTH,CLC1
ZP:0000528,DISO,"cardiac ventricle decreased size, abnormal"
ENSEMBL:ENSGALG00000011705,ORTH,ENSEMBL:ENSGALG00000011705
HP:0001480,DISO,Freckling
ENSEMBL:ENSECAG00000021091,ORTH,ENSEMBL:ENSECAG00000021091
ENSEMBL:ENSPTRG00000017043,ORTH,ENSEMBL:ENSPTRG00000017043
WBPhenotype:0002188,DISO,male somatic gonad development variant
HP:0007371,DISO,Corpus callosum atrophy
ENSEMBL:ENSECAG00000021835,ORTH,ENSEMBL:ENSECAG00000021835
ZP:0018341,DISO,"axon vagal ganglion malformed, abnormal"
PomBase:SPBC18H10.03,GENO,tif307
HGNC:12509,GENE,UBQLN2
ENSEMBL:ENSPTRG00000022262,ORTH,ENSEMBL:ENSPTRG00000022262
MGI:3045344,ORTH,Mageb18
ENSEMBL:ENSMODG00000017399,ORTH,ENSEMBL:ENSMODG00000017399
MONARCH:APO_0000054APO_0000002,GENO,cytoskeleton morphology:abnormal
MP:0008594,DISO,decreased circulating interleukin-10 level
XPO:0103702,GENO,abnormal bending of tail
MP:0002888,DISO,abnormal NMDA-mediated synaptic currents
MP:0009964,DISO,abnormal cerebellum lobule morphology
WormBase:WBGene00016250,ORTH,hsp-110
ENSEMBL:ENSRNOG00000061099,ORTH,A0A0G2JVI3
EFO:0006336,GENO,diastolic blood pressure
MP:0009758,DISO,impaired behavioral response to cocaine
RGD:619824,ORTH,Rpl4
ENSEMBL:ENSGALG00000039880,ORTH,ENSEMBL:ENSGALG00000039880
HP:0001065,DISO,Striae distensae
ENSEMBL:ENSCAFG00000005810,ORTH,KAT2B
FBcv:0000430,DISO,abnormal cell polarity
ZP:0003845,DISO,"mitochondrial crista liver decreased mass density, abnormal"
MP:0004770,DISO,abnormal synaptic vesicle recycling
ENSEMBL:ENSPTRG00000006264,ORTH,ENSEMBL:ENSPTRG00000006264
ZP:0100130,DISO,"skeletal muscle myofibril skeletal muscle cell decreased amount, abnormal"
Xenbase:XB-GENE-5777932,ORTH,dhx30
MP:0000438,DISO,abnormal cranium morphology
FlyBase:FBgn0004449,ORTH,Ten-m
ENSEMBL:ENSACAG00000003922,ORTH,ENSEMBL:ENSACAG00000003922
MP:0009429,DISO,decreased embryo weight
ZP:0002680,DISO,"whole organism neoplastic, abnormal"
ENSEMBL:ENSMODG00000012505,ORTH,ENSEMBL:ENSMODG00000012505
HP:0000819,DISO,Diabetes mellitus
ENSEMBL:ENSPTRG00000021411,ORTH,ENSEMBL:ENSPTRG00000021411
MONARCH:APO_0000041APO_0000246,GENO,sporulation:increased rate
WBPhenotype:0001919,DISO,gut granules enlarged
WBPhenotype:0001034,DISO,pronuclear nuclear appearance defective early emb
SGD:S000002696,ORTH,NSE3
MP:0001496,DISO,audiogenic seizures
ENSEMBL:ENSBTAG00000003259,ORTH,TCERG1
ENSEMBL:ENSFCAG00000005498,ORTH,ENSEMBL:ENSFCAG00000005498
MGI:1349765,ORTH,Rcn2
MGI:98869,ORTH,Tuba1a
ZP:0012015,DISO,"skeletal muscle myofibril skeletal muscle cell broken, abnormal"
ENSEMBL:ENSCAFG00000000010,ORTH,CTDP1
MP:0009402,DISO,decreased skeletal muscle fiber diameter
ZP:0003400,DISO,"amyloid precursor protein metabolic process disrupted, abnormal"
EFO:0007014,GENO,3-hydroxypropylmercapturic acid measurement
MP:0004586,DISO,pillar cell degeneration
WBPhenotype:0002291,DISO,body posture amplitude variant
ZP:0106023,DISO,"neural crest cell pharyngeal arch disorganized, abnormal"
FBcv:0000717,DISO,increased cell growth
PomBase:SPBC1711.06,GENO,rpl401
MP:0001749,DISO,suppressed circulating follicle stimulating hormone level
ENSEMBL:ENSSSCG00000005441,ORTH,ENSEMBL:ENSSSCG00000005441
MP:0010276,DISO,increased intraocular melanoma incidence
Xenbase:XB-GENE-5800934,ORTH,ube2e2
MP:0008960,DISO,abnormal axon pruning
MP:0009938,DISO,abnormal hippocampus granule cell morphology
EFO:0007680,GENO,gait measurement
ENSEMBL:ENSFCAG00000027737,ORTH,ENSEMBL:ENSFCAG00000027737
ENSEMBL:ENSECAG00000000545,ORTH,ENSEMBL:ENSECAG00000000545
ENSEMBL:ENSMMUG00000016901,ORTH,ENSEMBL:ENSMMUG00000016901
FBcv:0000441,DISO,radiation resistant
MP:0008535,DISO,enlarged lateral ventricles
ENSEMBL:ENSECAG00000035867,ORTH,ENSEMBL:ENSECAG00000035867
ZFIN:ZDB-GENE-091014-2,ORTH,plekha7b
MP:0011440,DISO,increased kidney cell proliferation
ZP:0003849,DISO,"mitochondrion kidney swollen, abnormal"
WBPhenotype:0001148,DISO,polar body reabsorbed early emb
MONARCH:APO_0000312APO_0000003,GENO,cell death:decreased
ENSEMBL:ENSACAG00000006212,ORTH,ENSEMBL:ENSACAG00000006212
ENSEMBL:ENSFCAG00000001419,ORTH,ENSEMBL:ENSFCAG00000001419
WBPhenotype:0000655,DISO,GABA synaptic transmission variant
MGI:1344395,ORTH,Chd3
MGI:88543,ORTH,Csnk2a1
MP:0009118,DISO,increased white fat cell size
ENSEMBL:ENSECAG00000012136,ORTH,ENSEMBL:ENSECAG00000012136
MP:0004946,DISO,abnormal regulatory T cell physiology
ZP:0020903,DISO,"neoplasm whole organism increased amount, abnormal"
ENSEMBL:ENSOANG00000013115,ORTH,ENSEMBL:ENSOANG00000013115
WormBase:WBGene00004415,ORTH,rpl-4
ENSEMBL:ENSMODG00000021483,ORTH,ENSEMBL:ENSMODG00000021483
ENSEMBL:ENSBTAG00000052414,ORTH,HAP1
RGD:1305501,ORTH,Tufm
ENSEMBL:ENSFCAG00000053431,ORTH,ENSEMBL:ENSFCAG00000053431
ENSEMBL:ENSACAG00000023890,ORTH,ENSEMBL:ENSACAG00000023890
ENSEMBL:ENSFCAG00000015416,ORTH,ENSEMBL:ENSFCAG00000015416
ENSEMBL:ENSMODG00000044770,ORTH,ENSEMBL:ENSMODG00000044770
ZP:0000141,DISO,"dorsal/ventral pattern formation disrupted, abnormal"
WormBase:WBGene00014218,ORTH,ZK1098.1
ENSEMBL:ENSFCAG00000001625,ORTH,ENSEMBL:ENSFCAG00000001625
ZFIN:ZDB-GENE-050417-441,ORTH,ppp2caa
ENSEMBL:ENSFCAG00000003235,ORTH,ENSEMBL:ENSFCAG00000003235
ENSEMBL:ENSPTRG00000049505,ORTH,ENSEMBL:ENSPTRG00000049505
FlyBase:FBgn0038499,ORTH,Brf
ZP:0002100,DISO,"cranial cartilage morphology, abnormal"
ENSEMBL:ENSOANG00000013033,ORTH,ENSEMBL:ENSOANG00000013033
dbSNPIndividual:17323,GENO,46;XX;46;XX.arr(1-22;X)x2 [GM03621]
ENSEMBL:ENSBTAG00000001729,ORTH,ENSEMBL:ENSBTAG00000001729
ZP:0002272,DISO,"brain necrotic, abnormal"
dictyBase:DDB_G0290359,GENO,DDB0219543
ENSEMBL:ENSOANG00000008715,ORTH,ENSEMBL:ENSOANG00000008715
ENSEMBL:ENSPTRG00000050826,ORTH,ENSEMBL:ENSPTRG00000050826
ENSEMBL:ENSCAFG00000029428,ORTH,ENSEMBL:ENSCAFG00000029428
ENSEMBL:ENSCAFG00000017647,ORTH,ENSEMBL:ENSCAFG00000017647
WBPhenotype:0002521,DISO,gap junction plaque number increased
ENSEMBL:ENSOANG00000013859,ORTH,ENSEMBL:ENSOANG00000013859
ZP:0000832,DISO,"mechanosensory behavior disrupted, abnormal"
ENSEMBL:ENSGALG00000005309,ORTH,ENSEMBL:ENSGALG00000005309
dictyBase:DDB_G0279751,GENO,dictyBase:DDB_G0279751
HP:0040302,DISO,Hyperglycerolemia
ENSEMBL:ENSACAG00000001896,ORTH,ENSEMBL:ENSACAG00000001896
HP:0002827,DISO,Hip dislocation
MONARCH:APO_0000131APO_0000005,GENO,protein/peptide modification:absent
MP:0011903,DISO,decreased hematopoietic stem cell proliferation
ZP:0000341,DISO,"epithelial cell proliferation increased occurrence, abnormal"
MP:0002887,DISO,decreased susceptibility to pharmacologically induced seizures
HP:0004323,DISO,Abnormality of body weight
HGNC:18039,GENE,KDM5B
ENSEMBL:ENSFCAG00000004077,ORTH,ENSEMBL:ENSFCAG00000004077
HP:0000114,DISO,Proximal tubulopathy
FlyBase:FBgn0034923,ORTH,Upf3
ZP:0000301,DISO,"peripheral neuron decreased length, abnormal"
HP:0001763,DISO,Pes planus
MP:0008503,DISO,abnormal spinal cord grey matter morphology
ENSEMBL:ENSMODG00000009267,ORTH,ENSEMBL:ENSMODG00000009267
SGD:S000001620,ORTH,CMC1
ENSEMBL:ENSPTRG00000007988,ORTH,ENSEMBL:ENSPTRG00000007988
MGI:1339639,ORTH,Ogt
MP:0005404,DISO,abnormal axon morphology
FlyBase:FBgn0040010,ORTH,CG17493
APO:0000330,DISO,haploproficient
ZP:0008111,DISO,"tectal ventricle hydrocephalic, abnormal"
FlyBase:FBgn0032198,ORTH,eEF1delta
ENSEMBL:ENSMMUG00000014207,ORTH,ENSEMBL:ENSMMUG00000014207
ENSEMBL:ENSGALG00000002765,ORTH,ENSEMBL:ENSGALG00000002765
MGI:109519,ORTH,Msh3
ENSEMBL:ENSPTRG00000046752,ORTH,ENSEMBL:ENSPTRG00000046752
ENSEMBL:ENSACAG00000005395,ORTH,ENSEMBL:ENSACAG00000005395
HP:0012303,DISO,Abnormal aortic arch morphology
HP:0012776,DISO,Abnormal ciliary body morphology
ENSEMBL:ENSACAG00000017201,ORTH,ENSEMBL:ENSACAG00000017201
MP:0001392,DISO,abnormal locomotor behavior
ZP:0106396,DISO,"ceratobranchial 1 cartilage decreased amount, abnormal"
ENSEMBL:ENSACAG00000028751,ORTH,ENSEMBL:ENSACAG00000028751
ENSEMBL:ENSCAFG00000018354,ORTH,AKT1
ZP:0018576,DISO,"whole organism decreased amount, abnormal"
FBcv:0002010,DISO,majority die during P-stage
MP:0001006,DISO,abnormal retinal cone cell morphology
ENSEMBL:ENSMMUG00000003303,ORTH,ENSEMBL:ENSMMUG00000003303
MP:0011106,DISO,"embryonic lethality between implantation and somite formation, incomplete penetrance"
ENSEMBL:ENSACAG00000005261,ORTH,ENSEMBL:ENSACAG00000005261
WormBase:WBGene00003775,ORTH,nmr-2
MP:0006410,DISO,abnormal common myeloid progenitor cell morphology
ENSEMBL:ENSCAFG00000009819,ORTH,CTSA
ZFIN:ZDB-GENE-050417-267,ORTH,acta1a
MONARCH:APO_0000240APO_0000004,GENO,mitophagy:increased
ZP:0106014,DISO,"peripheral nervous system decreased process quality myelination in peripheral nervous system, abnormal"
FBcv:0000384,DISO,abnormal aging
MP:0011636,DISO,disorganized mitochondrial cristae
WBPhenotype:0001597,DISO,muscle missing
ENSEMBL:ENSCAFG00000018930,ORTH,GIT1
ENSEMBL:ENSFCAG00000015654,ORTH,ENSEMBL:ENSFCAG00000015654
MP:0010052,DISO,increased grip strength
ENSEMBL:ENSPTRG00000033948,ORTH,ENSEMBL:ENSPTRG00000033948
ZFIN:ZDB-GENE-031118-188,ORTH,rab11al
WBPhenotype:0000994,DISO,intestinal contractions variant
WBPhenotype:0001791,DISO,defecation cycle temperature compensation variant
HGNC:25019,GENE,HSPB11
HP:0045045,DISO,Elevated circulating acylcarnitine concentration
ENSEMBL:ENSGALG00000002288,ORTH,LIG3
MP:0013940,DISO,abnormal plasmablast number
ZP:0103694,DISO,"oocyte development process quality, abnormal"
MGI:1202384,ORTH,Ddb1
RGD:735183,ORTH,Map1lc3a
ENSEMBL:ENSACAG00000007003,ORTH,ENSEMBL:ENSACAG00000007003
ZP:0009711,DISO,"circulating cell blood decreased amount, abnormal"
ENSEMBL:ENSCAFG00000028759,ORTH,ENSEMBL:ENSCAFG00000028759
Coriell:GM04876,GENO,NIGMS-GM04876
ENSEMBL:ENSECAG00000009636,ORTH,ENSEMBL:ENSECAG00000009636
ENSEMBL:ENSCAFG00000017174,ORTH,ATXN2L
MP:0002652,DISO,thin myocardium
HP:0001627,DISO,Abnormal heart morphology
ENSEMBL:ENSSSCG00000011620,ORTH,RUVBL1
ENSEMBL:ENSSSCG00000013602,ORTH,HNRNPM
dictyBase:DDB_G0283337,GENO,DDB_G0283337
ENSEMBL:ENSMODG00000005932,ORTH,ENSEMBL:ENSMODG00000005932
ZFIN:ZDB-GENE-030131-5395,ORTH,st13
ZP:0019663,DISO,"ethmoid cartilage decreased amount, abnormal"
MONARCH:APO_0000255APO_0000248,GENO,cell cycle progression in G1 phase:increased duration
Xenbase:XB-GENE-995661,ORTH,haus4
ENSEMBL:ENSBTAG00000014331,ORTH,ENSEMBL:ENSBTAG00000014331
ZP:0000655,DISO,"retina disorganized, abnormal"
HGNC:554,GENE,AP1B1
HGNC:16854,GENE,RAPGEF2
ENSEMBL:ENSPTRG00000013417,ORTH,ENSEMBL:ENSPTRG00000013417
MGI:107157,ORTH,Sin3a
ENSEMBL:ENSMMUG00000019936,ORTH,ENSEMBL:ENSMMUG00000019936
HP:0001250,DISO,Seizure
MP:0002401,DISO,abnormal lymphopoiesis
ZP:0020646,DISO,"telencephalon mislocalised, abnormal"
ENSEMBL:ENSCAFG00000019251,ORTH,ENSEMBL:ENSCAFG00000019251
ENSEMBL:ENSFCAG00000002824,ORTH,ENSEMBL:ENSFCAG00000002824
MP:0002741,DISO,small olfactory bulb
HGNC:28164,GENE,PRRC1
PomBase:SPBC2G2.06c,GENO,apl1
RGD:1307380,ORTH,Actr1b
ENSEMBL:ENSMMUG00000012601,ORTH,ENSEMBL:ENSMMUG00000012601
MGI:1347351,ORTH,Ncdn
SGD:S000004890,ORTH,FCP1
WormBase:WBGene00006539,ORTH,tbb-6
MP:0001135,DISO,abnormal uterine cervix morphology
WBPhenotype:0000207,DISO,defecation cycle variant
MP:0003396,DISO,abnormal embryonic hematopoiesis
ZP:0006343,DISO,"endoplasmic reticulum intestinal epithelium dilated, abnormal"
MGI:1919020,ORTH,Ap2b1
ZP:0000652,DISO,"eye decreased diameter, abnormal"
MP:0004087,DISO,abnormal muscle fiber morphology
Xenbase:XB-GENE-922358,ORTH,herpud1
dictyBase:DDB_G0276963,GENO,gefH
SGD:S000003485,ORTH,PUP2
MP:0005136,DISO,decreased growth hormone level
WBPhenotype:0001907,DISO,dorsal intercalation defective
ENSEMBL:ENSMMUG00000018806,ORTH,ENSEMBL:ENSMMUG00000018806
ENSEMBL:ENSPTRG00000008828,ORTH,ENSEMBL:ENSPTRG00000008828
MP:0010086,DISO,abnormal circulating fructosamine level
ENSEMBL:ENSACAG00000005400,ORTH,ENSEMBL:ENSACAG00000005400
WormBase:WBGene00019022,ORTH,F58A6.1
SGD:S000005364,ORTH,SIN3
HP:0001508,DISO,Failure to thrive
MP:0000788,DISO,abnormal cerebral cortex morphology
WBPhenotype:0001315,DISO,electrophysiology phenotype
ZP:0003048,DISO,"cardiac ventricle hyperplastic, abnormal"
ZP:0021481,DISO,"early endosome neural crest cell increased size, abnormal"
ZP:0019215,DISO,"pronephric duct decreased distribution, abnormal"
MP:0003644,DISO,thymus atrophy
WormBase:WBGene00003807,ORTH,npr-1
ENSEMBL:ENSOANG00000001198,ORTH,ENSEMBL:ENSOANG00000001198
ENSEMBL:ENSBTAG00000006969,ORTH,ENSEMBL:ENSBTAG00000006969
MONARCH:APO_0000079APO_0000117,GENO,vacuolar transport:normal
ZP:0002890,DISO,"determination of left/right asymmetry in lateral mesoderm process quality, abnormal"
ENSEMBL:ENSCAFG00000016607,ORTH,ENSEMBL:ENSCAFG00000016607
MGI:1289273,ORTH,Ppp1r10
ENSEMBL:ENSECAG00000010874,ORTH,ENSEMBL:ENSECAG00000010874
ENSEMBL:ENSCAFG00000029076,ORTH,CCDC126
FBcv:0000444,DISO,hyperplasia
ZP:0000574,DISO,"central nervous system development disrupted, abnormal"
ZP:0004009,DISO,"head size, abnormal"
HP:0002007,DISO,Frontal bossing
ENSEMBL:ENSACAG00000009374,ORTH,ENSEMBL:ENSACAG00000009374
SGD:S000003433,ORTH,YGR201C
ZFIN:ZDB-GENE-170215-1,ORTH,nbr1b
HGNC:9587,GENE,PTDSS1
HP:0000736,DISO,Short attention span
ZP:0002193,DISO,"axon motor neuron decreased branchiness, abnormal"
MP:0001547,DISO,abnormal lipid level
WBPhenotype:0002011,DISO,bivulva
HP:0011851,DISO,Hemopericardium
MP:0002622,DISO,abnormal cochlear hair cell morphology
ZP:0106016,DISO,"myelinating Schwann cell peripheral nervous system decreased amount, abnormal"
ENSEMBL:ENSBTAG00000014900,ORTH,CNOT3
HP:0011182,DISO,Interictal epileptiform activity
SGD:S000001709,ORTH,VPS1
WBPhenotype:0001376,DISO,transgene expression undetectable cell specific
ENSEMBL:ENSGALG00000003405,ORTH,ENSEMBL:ENSGALG00000003405
HP:0010819,DISO,Atonic seizure
ENSEMBL:ENSACAG00000014501,ORTH,ENSEMBL:ENSACAG00000014501
HP:0002349,DISO,Focal aware seizure
MGI:96904,ORTH,M6pr
ENSEMBL:ENSACAG00000013226,ORTH,ENSEMBL:ENSACAG00000013226
EFO:0007878,GENO,alcohol consumption measurement
WBPhenotype:0002192,DISO,extra sex myoblasts
WBPhenotype:0001444,DISO,aqueous adaptation defective
WBPhenotype:0001276,DISO,ectopic expression transgene
ENSEMBL:ENSMODG00000022961,ORTH,ENSEMBL:ENSMODG00000022961
Xenbase:XB-GENE-486558,ORTH,pias1
ZP:0019207,DISO,"central nervous system increased occurrence apoptotic process, abnormal"
ENSEMBL:ENSECAG00000018468,ORTH,ENSEMBL:ENSECAG00000018468
ENSEMBL:ENSCAFG00000008221,ORTH,ALDOA
ENSEMBL:ENSECAG00000009115,ORTH,ENSEMBL:ENSECAG00000009115
WBPhenotype:0001080,DISO,excessive blebbing early emb
HP:0000093,DISO,Proteinuria
HP:0000510,DISO,Rod-cone dystrophy
RGD:1311390,ORTH,Rfxank
ENSEMBL:ENSSSCG00000027057,ORTH,SYVN1
HGNC:5126,GENE,HOXC4
MGI:5429331,ORTH,Tg(YAC128)53Hay [FVB-Tg(YAC128)53Hay/J]
ENSEMBL:ENSECAG00000015767,ORTH,ENSEMBL:ENSECAG00000015767
ENSEMBL:ENSSSCG00000011342,ORTH,ENSEMBL:ENSSSCG00000011342
MP:0008934,DISO,absent choroid plexus
ZP:0000066,DISO,"ceratobranchial cartilage absent, abnormal"
ZFIN:ZDB-GENE-030131-1949,ORTH,usp8
ENSEMBL:ENSSSCG00000014416,ORTH,TCERG1
MP:0009903,DISO,abnormal medial nasal prominence morphology
MGI:1922855,ORTH,Kdm5b
PomBase:SPAPB1A10.10c,GENO,ypt71
ZP:0008733,DISO,"neural tube disorganized, abnormal"
ZP:0011930,DISO,"pancreas decreased process quality poly(A)+ mRNA export from nucleus, abnormal"
HP:0002340,DISO,Caudate atrophy
dictyBase:DDB_G0283083,GENO,cbpD2
MP:0001142,DISO,abnormal vagina orifice morphology
ENSEMBL:ENSMODG00000011225,ORTH,ENSEMBL:ENSMODG00000011225
ENSEMBL:ENSMODG00000019685,ORTH,ENSEMBL:ENSMODG00000019685
MP:0005270,DISO,abnormal zygomatic bone morphology
ENSEMBL:ENSCAFG00000011118,ORTH,COPS7B
HP:0012875,DISO,Abnormal ejaculation
MONARCH:APO_0000253APO_0000002,GENO,cell cycle progression:abnormal
HP:0001597,DISO,Abnormality of the nail
MP:0000488,DISO,abnormal intestinal epithelium morphology
Xenbase:XB-GENE-944105,ORTH,hbs1l
HP:0000602,DISO,Ophthalmoplegia
Xenbase:XB-GENE-964820,ORTH,rpl13
MONARCH:APO_0000339APO_0000003,GENO,ribophagy:decreased
PomBase:SPBC20F10.09,GENO,lsm5
ZP:0100129,DISO,"skeletal muscle decreased occurrence skeletal myofibril assembly, abnormal"
ENSEMBL:ENSACAG00000015652,ORTH,ENSEMBL:ENSACAG00000015652
HP:0005110,DISO,Atrial fibrillation
WBPhenotype:0000164,DISO,thin
PomBase:SPBC1685.01,GENO,pmp1
EFO:0006946,GENO,behavioural disinhibition measurement
ENSEMBL:ENSFCAG00000008096,ORTH,ENSEMBL:ENSFCAG00000008096
ENSEMBL:ENSFCAG00000000591,ORTH,ENSEMBL:ENSFCAG00000000591
ENSEMBL:ENSMODG00000008482,ORTH,ENSEMBL:ENSMODG00000008482
ENSEMBL:ENSPTRG00000008691,ORTH,ENSEMBL:ENSPTRG00000008691
MP:0013666,DISO,decreased immature NK cell number
HP:0010646,DISO,Cervical spine instability
ENSEMBL:ENSGALG00000038608,ORTH,ENSEMBL:ENSGALG00000038608
ENSEMBL:ENSSSCG00000008881,ORTH,RAPGEF2
ENSEMBL:ENSECAG00000013294,ORTH,ENSEMBL:ENSECAG00000013294
HP:0001395,DISO,Hepatic fibrosis
ENSEMBL:ENSBTAG00000016896,ORTH,HERPUD1
MP:0004622,DISO,sacral vertebral fusion
ENSEMBL:ENSFCAG00000001289,ORTH,ENSEMBL:ENSFCAG00000001289
MP:0000786,DISO,abnormal embryonic neuroepithelial layer differentiation
HGNC:9760,GENE,RAB11A
ENSEMBL:ENSMMUG00000020410,ORTH,ENSEMBL:ENSMMUG00000020410
PomBase:SPAC57A7.08,GENO,pzh1
ENSEMBL:ENSOANG00000011913,ORTH,ENSEMBL:ENSOANG00000011913
MGI:1913125,ORTH,Pias1
ENSEMBL:ENSCAFG00000015077,ORTH,GAPDH
ZP:0103705,DISO,"heart tube spatial pattern, abnormal"
ENSEMBL:ENSMMUG00000021055,ORTH,ENSEMBL:ENSMMUG00000021055
ENSEMBL:ENSSSCG00000006881,ORTH,A0A287B6Z9
ZP:0000570,DISO,"gut quality, abnormal"
ZFIN:ZDB-GENE-061207-27,ORTH,grin2bb
ENSEMBL:ENSMODG00000008764,ORTH,ENSEMBL:ENSMODG00000008764
ZP:0002462,DISO,"myofibril slow muscle cell disorganized, abnormal"
HP:0011063,DISO,Abnormal incisor morphology
WBPhenotype:0001861,DISO,environmental stimuli induced gene expression variant
WBPhenotype:0000315,DISO,mechanosensation variant
MP:0002188,DISO,small heart
WormBase:WBGene00007008,ORTH,rfp-1
ENSEMBL:ENSPTRG00000017940,ORTH,ENSEMBL:ENSPTRG00000017940
MP:0011400,DISO,"lethality, complete penetrance"
RGD:708376,ORTH,Psmc5
ZP:0003228,DISO,"axon forebrain disorganized, abnormal"
MGI:95937,ORTH,H2-Q8
ZP:0009073,DISO,"neuronal cell body rhombomere 7 mislocalised, abnormal"
RGD:1309441,ORTH,Lsm12
ZFIN:ZDB-GENE-060503-11,ORTH,ccdc126
Coriell:GM06443,GENO,NIGMS-GM06443
ZFIN:ZDB-GENE-070620-3,ORTH,sin3aa
MGI:3573928,ORTH,Htt<tm1Detl>/Htt<+> [involves: 129P2/OlaHsd * C57BL/6J]
MP:0006099,DISO,thin cerebellar granule layer
Xenbase:XB-GENE-956125,ORTH,git1
dictyBase:DDB_G0293226,GENO,DDB0191832
HP:0100710,DISO,Impulsivity
ENSEMBL:ENSFCAG00000027866,ORTH,ENSEMBL:ENSFCAG00000027866
ENSEMBL:ENSFCAG00000018784,ORTH,ENSEMBL:ENSFCAG00000018784
ENSEMBL:ENSECAG00000009071,ORTH,ENSEMBL:ENSECAG00000009071
HGNC:28328,GENE,ZFC3H1
dictyBase:DDB_G0274743,GENO,pisA
ENSEMBL:ENSECAG00000014560,ORTH,ENSEMBL:ENSECAG00000014560
ENSEMBL:ENSPTRG00000009234,ORTH,ENSEMBL:ENSPTRG00000009234
ZP:0006801,DISO,"yolk vacuolated, abnormal"
ENSEMBL:ENSGALG00000029783,ORTH,A0A1D5P8L6
SGD:S000005682,ORTH,NFI1
Xenbase:XB-GENE-969721,ORTH,c5ar1
ENSEMBL:ENSFCAG00000002182,ORTH,ENSEMBL:ENSFCAG00000002182
HP:0003468,DISO,Abnormal vertebral morphology
ZP:0020993,DISO,"response to endoplasmic reticulum stress increased occurrence, abnormal"
FBcv:0002021,DISO,some die during first instar larval stage
MP:0010313,DISO,increased osteoma incidence
PomBase:SPAC26A3.05,GENO,chc1
ZP:0004010,DISO,"retinal inner plexiform layer decayed, abnormal"
MONARCH:APO_0000089APO_0000004,GENO,budding index:increased
HGNC:11571,GENE,TARDBP
WormBase:WBGene00011061,ORTH,wago-1
ENSEMBL:ENSECAG00000022516,ORTH,ENSEMBL:ENSECAG00000022516
ENSEMBL:ENSSSCG00000011000,ORTH,DNAJA1
PomBase:SPBC215.08c,GENO,arg4
ZP:0011825,DISO,"cell EVL morphology, abnormal"
ENSEMBL:ENSOANG00000046957,ORTH,ENSEMBL:ENSOANG00000046957
dictyBase:DDB_G0278945,GENO,DDB0218126
dictyBase:DDB_G0282941,GENO,DDB0185273
WBPhenotype:0001670,DISO,presynaptic vesicle number reduced
MP:0005140,DISO,decreased cardiac muscle contractility
ZFIN:ZDB-GENE-070607-1,ORTH,casp3b
ENSEMBL:ENSMODG00000013730,ORTH,ENSEMBL:ENSMODG00000013730
ENSEMBL:ENSFCAG00000029840,ORTH,ENSEMBL:ENSFCAG00000029840
HP:3000047,DISO,Abnormal glossopharyngeal nerve morphology
ZP:0006336,DISO,"fin kinked, abnormal"
ENSEMBL:ENSMODG00000039275,ORTH,ENSEMBL:ENSMODG00000039275
FlyBase:FBgn0042627,ORTH,FASN2
MGI:1916106,ORTH,Prrc1
HP:0005222,DISO,Bowel diverticulosis
WBPhenotype:0002069,DISO,axon termination defective
MGI:1858208,ORTH,Ech1
HP:0002353,DISO,EEG abnormality
HP:0000118,DISO,human phenotypic abnormality
HGNC:28912,GENE,WDR45
Xenbase:XB-GENE-493102,ORTH,efr3a
dictyBase:DDB_G0268778,GENO,DDB0220639
ZP:0013258,DISO,"circadian rhythm process quality, abnormal"
ENSEMBL:ENSFCAG00000004930,ORTH,ENSEMBL:ENSFCAG00000004930
ZP:0000403,DISO,"gut hypoplastic, abnormal"
ENSEMBL:ENSMODG00000006596,ORTH,ENSEMBL:ENSMODG00000006596
WBPhenotype:0000504,DISO,nuclear division variant
HP:0040213,DISO,Hypopnea
HP:0012163,DISO,Carotid artery dilatation
ZFIN:ZDB-GENE-040426-2832,ORTH,hspa4a
WBPhenotype:0000188,DISO,gonad arm morphology variant
SGD:S000001300,ORTH,NOT3
dictyBase:DDB_G0267744,GENO,DDB_G0267744
MP:0003631,DISO,nervous system phenotype
WBPhenotype:0001236,DISO,transgene expression increased
ZP:0004704,DISO,"endocrine pancreas development disrupted, abnormal"
Xenbase:XB-GENE-486361,ORTH,ruvbl1
HGNC:23796,GENE,MAGEB6
WBPhenotype:0002290,DISO,tail bend angle decreased
ZP:0008446,DISO,"hair cell anterior macula has extra parts of type multivesicular body hair cell anterior macula, abnormal"
MP:0004448,DISO,abnormal presphenoid bone morphology
ENSEMBL:ENSMODG00000018305,ORTH,ENSEMBL:ENSMODG00000018305
ENSEMBL:ENSPTRG00000009289,ORTH,ENSEMBL:ENSPTRG00000009289
ENSEMBL:ENSBTAG00000052130,ORTH,LOC512323
ENSEMBL:ENSFCAG00000004294,ORTH,ENSEMBL:ENSFCAG00000004294
ENSEMBL:ENSBTAG00000032923,ORTH,LOC101907097
ENSEMBL:ENSSSCG00000033966,ORTH,A0A287AXW5
FlyBase:FBgn0013277,ORTH,Hsp70Ba
RGD:1359313,ORTH,Utp14a
ENSEMBL:ENSPTRG00000046356,ORTH,ENSEMBL:ENSPTRG00000046356
PomBase:SPBC409.05,GENO,skp1
EnsemblGenome:AT4G21980,ORTH,EnsemblGenome:AT4G21980
WBPhenotype:0001977,DISO,germ cell partition morphology variant
ENSEMBL:ENSSSCG00000035676,ORTH,G3BP1
MP:0010026,DISO,decreased liver cholesterol level
ZP:0003851,DISO,"mitochondrion whole organism decreased functionality, abnormal"
RGD:2320860,ORTH,LOC100364500
MP:0008917,DISO,abnormal oligodendrocyte physiology
WBPhenotype:0000734,DISO,hypodermal cell physiology variant
EnsemblGenome:AT5G01270,ORTH,EnsemblGenome:AT5G01270
Coriell:GM05031,GENO,NIGMS-GM05031
RGD:1565778,ORTH,Magea8
RGD:1306918,ORTH,Cops7b
MP:0003686,DISO,abnormal eye muscle morphology
WBPhenotype:0001303,DISO,extra and ectopic cell
RGD:621140,ORTH,G3bp1
ZP:0002185,DISO,"neuron projection development disrupted, abnormal"
Xenbase:XB-GENE-977282,ORTH,acat1
dictyBase:DDB_G0278717,GENO,rsmG
ENSEMBL:ENSMODG00000045082,ORTH,ENSEMBL:ENSMODG00000045082
WBPhenotype:0000202,DISO,alae variant
MP:0008410,DISO,increased cellular sensitivity to ultraviolet irradiation
HP:0200042,DISO,Skin ulcer
ZP:0131196,DISO,"cilium retina decreased amount, abnormal"
HP:0008873,DISO,Disproportionate short-limb short stature
WBPhenotype:0000684,DISO,fewer germ cells
WormBase:WBGene00020324,ORTH,T07F12.4
MP:0011009,DISO,increased circulating glutamate dehydrogenase level
RGD:3494,ORTH,RT1-M3-1
dictyBase:DDB_G0292406,GENO,rab4
ZP:0003678,DISO,"head hemorrhagic, abnormal"
ENSEMBL:ENSBTAG00000046565,ORTH,ENSEMBL:ENSBTAG00000046565
ENSEMBL:ENSCAFG00000011876,ORTH,ENSEMBL:ENSCAFG00000011876
ENSEMBL:ENSACAG00000001880,ORTH,ENSEMBL:ENSACAG00000001880
ENSEMBL:ENSFCAG00000011363,ORTH,ENSEMBL:ENSFCAG00000011363
MP:0002275,DISO,abnormal type II pneumocyte morphology
ENSEMBL:ENSMMUG00000010401,ORTH,ENSEMBL:ENSMMUG00000010401
ZFIN:ZDB-FISH-150901-22783,ORTH,WT
HP:0004315,DISO,Decreased circulating IgG level
MP:0009989,DISO,abnormal cerebellum vermis lobule II morphology
MP:0005601,DISO,increased angiogenesis
FlyBase:FBgn0027655,ORTH,htt
MP:0008463,DISO,abnormal peripheral lymph node morphology
FBcv:0000392,DISO,hyperactive
ENSEMBL:ENSECAG00000017324,ORTH,ENSEMBL:ENSECAG00000017324
HP:0000826,DISO,Precocious puberty
MP:0008215,DISO,decreased immature B cell number
ENSEMBL:ENSECAG00000019062,ORTH,ENSEMBL:ENSECAG00000019062
ENSEMBL:ENSACAG00000026863,ORTH,ENSEMBL:ENSACAG00000026863
ENSEMBL:ENSCAFG00000023133,ORTH,ENSEMBL:ENSCAFG00000023133
MP:0003146,DISO,absent cochlear ganglion
FBcv:0006000,DISO,abnormal copulation
HP:0012132,DISO,Erythroid hyperplasia
RGD:1565868,ORTH,Atxn2l
ENSEMBL:ENSACAG00000015203,ORTH,ENSEMBL:ENSACAG00000015203
WBPhenotype:0001659,DISO,spermatheca morphology variant
ENSEMBL:ENSFCAG00000014170,ORTH,ENSEMBL:ENSFCAG00000014170
ZFIN:ZDB-GENE-070705-242,ORTH,il17ra1a
ZP:0000383,DISO,"intestinal bulb epithelium increased thickness, abnormal"
MP:0008014,DISO,increased lung tumor incidence
WormBase:WBGene00002062,ORTH,ife-4
ENSEMBL:ENSBTAG00000047089,ORTH,ENSEMBL:ENSBTAG00000047089
Coriell:GM04478,GENO,NIGMS-GM04478
ZFIN:ZDB-GENE-040426-2326,ORTH,nup58
ENSEMBL:ENSBTAG00000002563,ORTH,ENSEMBL:ENSBTAG00000002563
ENSEMBL:ENSACAG00000016808,ORTH,ENSEMBL:ENSACAG00000016808
MP:0001710,DISO,absent amniotic folds
ENSEMBL:ENSFCAG00000051016,ORTH,ENSEMBL:ENSFCAG00000051016
MGI:5052308,ORTH,Tg(HD82Gln)81Gschi [involves: 129S1/Sv * 129X1/SvJ * C3H * C57BL/6 * CD-1]
ZP:0003839,DISO,"neuroblast (sensu Vertebrata) brain increased amount, abnormal"
ENSEMBL:ENSMODG00000004615,ORTH,ENSEMBL:ENSMODG00000004615
MGI:1913623,ORTH,Lsm5
ENSEMBL:ENSBTAG00000054345,ORTH,ENSEMBL:ENSBTAG00000054345
HP:0001321,DISO,Cerebellar hypoplasia
RGD:1306661,ORTH,Chuk
MGI:98372,ORTH,Sp1
ENSEMBL:ENSPTRG00000000136,ORTH,ENSEMBL:ENSPTRG00000000136
RGD:1561576,ORTH,Zfyve19
ZP:0017556,DISO,"mandibular arch skeleton agenesis, abnormal"
ENSEMBL:ENSECAG00000009632,ORTH,ENSEMBL:ENSECAG00000009632
dictyBase:DDB_G0288937,GENO,arpA
ENSEMBL:ENSMMUG00000008006,ORTH,ENSEMBL:ENSMMUG00000008006
EFO:0004682,GENO,QT interval
MGI:1928394,ORTH,Mtor
HP:0001807,DISO,Ridged nail
ZP:0011933,DISO,"retina increased process quality apoptotic process, abnormal"
ENSEMBL:ENSCAFG00000019154,ORTH,PIAS4
MONARCH:APO_0000032APO_0000003,GENO,mating response:decreased
MP:0012572,DISO,increased susceptibility to chemically induced skin inflammation
HP:0000378,DISO,Cupped ear
ENSEMBL:ENSMODG00000000612,ORTH,ENSEMBL:ENSMODG00000000612
dictyBase:DDB_G0280435,GENO,dynA
ENSEMBL:ENSPTRG00000017375,ORTH,ENSEMBL:ENSPTRG00000017375
MP:0000951,DISO,sporadic seizures
FBcv:0000349,DISO,viable
ENSEMBL:ENSPTRG00000020660,ORTH,ENSEMBL:ENSPTRG00000020660
HGNC:4922,GENE,HK1
HP:0004322,DISO,Short stature
MGI:1920188,ORTH,Hspb11
ENSEMBL:ENSOANG00000036065,ORTH,ENSEMBL:ENSOANG00000036065
MP:0002020,DISO,increased tumor incidence
RGD:1305283,ORTH,Cmc1
ZP:0103474,DISO,"Z disc skeletal muscle cell malformed, abnormal"
WBPhenotype:0001780,DISO,associative learning variant
Coriell:GM04223,GENO,NIGMS-GM04223
MGI:87918,ORTH,Add1
FlyBase:FBgn0050382,ORTH,Prosalpha1R
HP:0001156,DISO,Brachydactyly
ENSEMBL:ENSMODG00000017882,ORTH,ENSEMBL:ENSMODG00000017882
ZP:0018638,DISO,"cell decreased process quality autophagosome assembly, abnormal"
SGD:S000003210,ORTH,KAP114
SGD:S000002324,ORTH,CDC36
MP:0002145,DISO,abnormal T cell differentiation
Xenbase:XB-GENE-488490,ORTH,taf4
OMIM:613004.0001,DISO,"HTT, (CAG)n REPEAT EXPANSION"
ENSEMBL:ENSECAG00000014883,ORTH,ENSEMBL:ENSECAG00000014883
MP:0009343,DISO,dilated gallbladder
ENSEMBL:ENSFCAG00000012690,ORTH,ENSEMBL:ENSFCAG00000012690
WBPhenotype:0001200,DISO,gonad sheath contraction rate reduced
FBcv:0002039,DISO,some die during pupal stage
MP:0006335,DISO,abnormal hearing electrophysiology
dictyBase:DDB_G0271544,GENO,DDB_G0271544
HP:0001075,DISO,Atrophic scars
EnsemblGenome:AT2G32390,ORTH,EnsemblGenome:AT2G32390
dictyBase:DDB_G0289533,GENO,act27
RGD:61306,ORTH,Hspb1
ENSEMBL:ENSPTRG00000021203,ORTH,ENSEMBL:ENSPTRG00000021203
WBPhenotype:0001018,DISO,cytokinesis variant emb
HGNC:18229,GENE,RASD2
Xenbase:XB-GENE-5724906,ORTH,znf420
ENSEMBL:ENSSSCG00000014804,ORTH,LAMTOR1
ENSEMBL:ENSCAFG00000004954,ORTH,ENSEMBL:ENSCAFG00000004954
MP:0010739,DISO,abnormal axolemma morphology
WormBase:WBGene00011737,ORTH,sqst-1
FlyBase:FBgn0042177,ORTH,Arts
ENSEMBL:ENSMODG00000005902,ORTH,ENSEMBL:ENSMODG00000005902
WBPhenotype:0000766,DISO,centrosome pair and associated pronuclear rotation variant
MONARCH:APO_0000057APO_0000002,GENO,nuclear morphology:abnormal
ENSEMBL:ENSACAG00000024081,ORTH,ENSEMBL:ENSACAG00000024081
HGNC:5246,GENE,HSPB1
FlyBase:FBgn0037384,ORTH,dgrn
ENSEMBL:ENSFCAG00000012428,ORTH,ENSEMBL:ENSFCAG00000012428
ZP:0003838,DISO,"lipid droplet brain increased amount, abnormal"
dictyBase:DDB_G0270910,GENO,DDB_G0270910
MGI:97167,ORTH,Msn
ENSEMBL:ENSCAFG00000001221,ORTH,PACSIN1
ENSEMBL:ENSPTRG00000018307,ORTH,ENSEMBL:ENSPTRG00000018307
ENSEMBL:ENSECAG00000013667,ORTH,ENSEMBL:ENSECAG00000013667
MP:0003420,DISO,delayed intramembranous bone ossification
ENSEMBL:ENSACAG00000017226,ORTH,ENSEMBL:ENSACAG00000017226
WormBase:WBGene00017166,ORTH,aldo-2
ENSEMBL:ENSCAFG00000017620,ORTH,ENSEMBL:ENSCAFG00000017620
WBPhenotype:0001355,DISO,gonad morphology variant
HP:0001608,DISO,Abnormality of the voice
HP:0011495,DISO,Abnormal corneal epithelium morphology
MP:0009431,DISO,decreased fetal weight
ENSEMBL:ENSBTAG00000018854,ORTH,ENSEMBL:ENSBTAG00000018854
MP:0005030,DISO,absent amnion
HP:0002266,DISO,Focal clonic seizure
MP:0004100,DISO,abnormal spinal cord interneuron morphology
ENSEMBL:ENSOANG00000038213,ORTH,ENSEMBL:ENSOANG00000038213
ZP:0001499,DISO,"myotome refractivity, abnormal"
MP:0002891,DISO,increased insulin sensitivity
WBPhenotype:0000473,DISO,progressive paralysis
ENSEMBL:ENSOANG00000039108,ORTH,ENSEMBL:ENSOANG00000039108
ENSEMBL:ENSFCAG00000010779,ORTH,ENSEMBL:ENSFCAG00000010779
SGD:S000002475,ORTH,DOS2
ENSEMBL:ENSSSCG00000028104,ORTH,HOXC11
ZFIN:ZDB-GENE-060825-289,ORTH,pex11b
HGNC:5985,GENE,IL17RA
WormBase:WBGene00020086,ORTH,npr-24
ENSEMBL:ENSFCAG00000005686,ORTH,ENSEMBL:ENSFCAG00000005686
ZP:0020459,DISO,"pharyngeal arch 1 decreased occurrence cell population proliferation, abnormal"
ENSEMBL:ENSBTAG00000005239,ORTH,ENSEMBL:ENSBTAG00000005239
HP:0009892,DISO,Anotia
ENSEMBL:ENSECAG00000013671,ORTH,ENSEMBL:ENSECAG00000013671
ZP:0001207,DISO,"cardiac ventricle increased size, abnormal"
WBPhenotype:0000926,DISO,body wall muscle morphology variant
ENSEMBL:ENSMODG00000021041,ORTH,ENSEMBL:ENSMODG00000021041
dbSNP:rs363075,GENO,rs363075-A
HP:0000414,DISO,Bulbous nose
ZP:0000956,DISO,"determination of liver left/right asymmetry disrupted, abnormal"
WormBase:WBGene00011945,ORTH,alg-5
ZP:0000057,DISO,"Meckel's cartilage decreased size, abnormal"
MP:0006262,DISO,increased testis tumor incidence
ENSEMBL:ENSFCAG00000006610,ORTH,ENSEMBL:ENSFCAG00000006610
MP:0005381,DISO,digestive/alimentary phenotype
WBPhenotype:0002319,DISO,roaming increased
ENSEMBL:ENSMODG00000009994,ORTH,ENSEMBL:ENSMODG00000009994
RGD:3537,ORTH,Rasa1
ENSEMBL:ENSSSCG00000001341,ORTH,SLA-11
dictyBase:DDB_G0292398,GENO,DDB0184358
HP:0001760,DISO,Abnormal foot morphology
FlyBase:FBgn0261090,ORTH,Sytbeta
HGNC:9854,GENE,RANGAP1
MP:0009393,DISO,abnormal resting posture
MP:0000043,DISO,organ of Corti degeneration
ENSEMBL:ENSECAG00000011062,ORTH,ENSEMBL:ENSECAG00000011062
HP:0001780,DISO,Abnormality of toe
FlyBase:FBgn0266429,ORTH,AstA-R1
UBERON:0004359,ANAT,corpus epididymis
HP:0012799,DISO,Unilateral facial palsy
ENSEMBL:ENSMMUG00000010767,ORTH,ENSEMBL:ENSMMUG00000010767
RGD:3548,ORTH,Rcn2
ENSEMBL:ENSBTAG00000001489,ORTH,ENSEMBL:ENSBTAG00000001489
ENSEMBL:ENSMODG00000009501,ORTH,ENSEMBL:ENSMODG00000009501
Coriell:GM04837,GENO,NIGMS-GM04837
MGI:5052307,ORTH,Cnr1<tm1Map>/Cnr1<tm1Map>; Tg(HD82Gln)81Gschi [involves: 129S1/Sv * 129X1/SvJ * C3H * C57BL/6 * CD-1]
ENSEMBL:ENSSSCG00000001379,ORTH,ENSEMBL:ENSSSCG00000001379
MGI:95589,ORTH,Ftl1
MONARCH:APO_0000255APO_0000002,GENO,cell cycle progression in G1 phase:abnormal
MP:0008207,DISO,decreased B-2 B cell number
MP:0001523,DISO,impaired righting response
ENSEMBL:ENSBTAG00000008888,ORTH,ENSEMBL:ENSBTAG00000008888
ZP:0019428,DISO,"gut decreased amount, abnormal"
WormBase:WBGene00016539,ORTH,madd-2
WBPhenotype:0000181,DISO,axon trajectory variant
HGNC:11522,GENE,TACC1
Coriell:GM04281,GENO,NIGMS-GM04281
WormBase:WBGene00003806,ORTH,npp-20
ZP:0002763,DISO,"neuron hindbrain decreased amount, abnormal"
XPO:0131871,GENO,abnormal development of embryo
ENSEMBL:ENSECAG00000008338,ORTH,ENSEMBL:ENSECAG00000008338
HP:0004933,DISO,Ascending aortic dissection
ZP:0004939,DISO,"apoptotic process decreased occurrence, abnormal"
ENSEMBL:ENSECAG00000015901,ORTH,ENSEMBL:ENSECAG00000015901
ENSEMBL:ENSCAFG00000011328,ORTH,EIF4E2
WBPhenotype:0001953,DISO,nuclear fallout
RGD:2202,ORTH,Bdnf
MONARCH:APO_0000267APO_0000004,GENO,entry into G0 (stationary phase):increased
WBPhenotype:0001418,DISO,organism hypersensitive desiccation
ZFIN:ZDB-GENE-040426-1089,ORTH,zgc:56596
Xenbase:XB-GENE-5953796,ORTH,pnkp
ENSEMBL:ENSMMUG00000014433,ORTH,ENSEMBL:ENSMMUG00000014433
ENSEMBL:ENSDARG00000051762,ORTH,E7FDL8
ENSEMBL:ENSCAFG00000030297,ORTH,GRB2
MGI:1923864,ORTH,Immt
ENSEMBL:ENSSSCG00000015212,ORTH,FEZ1
PomBase:SPCC1450.04,GENO,tef5
HP:0011487,DISO,Increased corneal thickness
MP:0005166,DISO,decreased susceptibility to injury
RGD:1311540,ORTH,Rae1
MP:0009346,DISO,decreased trabecular bone thickness
ZP:0019072,DISO,"pancreas decreased amount, abnormal"
ZP:0106393,DISO,"ceratobranchial 2 cartilage decreased amount, abnormal"
HP:0012337,DISO,Abnormal homeostasis
MGI:105069,ORTH,Rab4a
MP:0008217,DISO,abnormal B cell activation
XPO:0107347,GENO,abnormal anterior-posterior axis morphology
ZP:0019053,DISO,"eye increased occurrence cell death, abnormal"
ENSEMBL:ENSBTAG00000017002,ORTH,ENSEMBL:ENSBTAG00000017002
MGI:1347045,ORTH,Psmb2
MP:0008563,DISO,decreased interferon-alpha secretion
ENSEMBL:ENSCAFG00000009880,ORTH,SNCA
WBPhenotype:0000850,DISO,touch resistant anterior body
ZP:0005767,DISO,"proteasome-mediated ubiquitin-dependent protein catabolic process decreased rate, abnormal"
ZP:0017557,DISO,"pharyngeal arch 3-7 decreased amount, abnormal"
MGI:101765,ORTH,Cdk5
ENSEMBL:ENSECAG00000018485,ORTH,ENSEMBL:ENSECAG00000018485
MP:0005137,DISO,increased growth hormone level
HP:0000248,DISO,Brachycephaly
MP:0005092,DISO,decreased double-positive T cell number
HP:0002902,DISO,Hyponatremia
ENSEMBL:ENSACAG00000000836,ORTH,ENSEMBL:ENSACAG00000000836
ZFIN:ZDB-GENE-090507-8,ORTH,ftr43
ZP:0000309,DISO,"pigment cell decreased amount, abnormal"
MP:0010300,DISO,increased skin tumor incidence
HP:0011096,DISO,Peripheral demyelination
ZFIN:ZDB-GENE-090521-5,ORTH,tacc1
MP:0000596,DISO,abnormal liver development
ZFIN:ZDB-GENE-070705-176,ORTH,mhc1zea
ZFIN:ZDB-GENE-030131-3197,ORTH,zmat2
ZFIN:ZDB-GENE-040426-750,ORTH,creb1a
ZP:0106052,DISO,"myotome decreased occurrence neuromuscular junction development, abnormal"
MP:0001332,DISO,abnormal optic nerve innervation
MGI:1920995,ORTH,Ubac1
FlyBase:FBgn0260945,ORTH,Atg1
MP:0001657,DISO,abnormal induced morbidity/mortality
MP:0002116,DISO,abnormal craniofacial bone morphology
dictyBase:DDB_G0272348,GENO,DDB_G0272348
ZFIN:ZDB-GENE-070604-2,ORTH,itpr1b
MP:0008877,DISO,abnormal DNA methylation
MONARCH:APO_0000062APO_0000002,GENO,colony shape:abnormal
WBPhenotype:0000490,DISO,pharynx disorganized
Coriell:GM05542,GENO,NIGMS-GM05542
EFO:0004526,GENO,mean corpuscular volume
EFO:0010125,GENO,viral load
MP:0003816,DISO,abnormal pituitary gland development
ENSEMBL:ENSACAG00000015327,ORTH,ENSEMBL:ENSACAG00000015327
ENSEMBL:ENSMMUG00000000605,ORTH,ENSEMBL:ENSMMUG00000000605
WBPhenotype:0000329,DISO,pumping asynchronous
MP:0004818,DISO,increased skeletal muscle mass
ENSEMBL:ENSFCAG00000009614,ORTH,ENSEMBL:ENSFCAG00000009614
MP:0011094,DISO,"embryonic lethality before implantation, complete penetrance"
MP:0010733,DISO,abnormal axon initial segment morphology
WormBase:WBGene00006583,ORTH,tnc-2
MP:0010919,DISO,increased number of pulmonary neuroendocrine bodies
ENSEMBL:ENSACAG00000005108,ORTH,ENSEMBL:ENSACAG00000005108
RGD:621150,ORTH,Evl
WBPhenotype:0000361,DISO,lima bean arrest
ZP:0008033,DISO,"myofibril skeletal muscle morphology, abnormal"
MP:0002799,DISO,abnormal passive avoidance behavior
HGNC:8127,GENE,OGT
MP:0008086,DISO,increased T-helper 1 cell number
SGD:S000000147,ORTH,PIN4
ENSEMBL:ENSECAG00000023048,ORTH,ENSEMBL:ENSECAG00000023048
WormBase:WBGene00004768,ORTH,sel-11
ZP:0003474,DISO,"heart rudiment development disrupted, abnormal"
WBPhenotype:0002344,DISO,backing decreased
ZP:0019272,DISO,"pronephric nephron tubule epithelial cell differentiation process quality, abnormal"
WBPhenotype:0001294,DISO,head bent
MP:0006083,DISO,abnormal blood vessel elastic tissue morphology
MP:0008051,DISO,abnormal memory T cell physiology
Xenbase:XB-GENE-999865,ORTH,kif23
HP:0009466,DISO,Radial deviation of finger
MONARCH:APO_0000075APO_0000002,GENO,endocytosis:abnormal
MP:0001524,DISO,impaired limb coordination
RGD:621244,ORTH,Ubc
ENSEMBL:ENSSSCG00000040663,ORTH,HERPUD1
Coriell:GM04229,GENO,NIGMS-GM04229
HP:0012521,DISO,Optic nerve aplasia
MP:0001905,DISO,abnormal dopamine level
ZP:0008617,DISO,"retinal ganglion cell retinal ganglion cell layer increased amount, abnormal"
ZP:0004246,DISO,"response to ionizing radiation disrupted, abnormal"
MP:0010103,DISO,small thoracic cage
ZP:0019045,DISO,"cell projection Muller cell decreased amount, abnormal"
ENSEMBL:ENSFCAG00000026914,ORTH,ENSEMBL:ENSFCAG00000026914
WBPhenotype:0001041,DISO,meiosis defective early emb
MGI:1889376,ORTH,Ccdc126
ZP:0000007,DISO,"blood vessel morphogenesis disrupted, abnormal"
UBERON:0000998,ANAT,seminal vesicle
ZP:0000065,DISO,"hyosymplectic cartilage decreased size, abnormal"
ENSEMBL:ENSSSCG00000015140,ORTH,HSPA8
ZP:0008393,DISO,"adherens junction retina distributed, abnormal"
WBPhenotype:0001719,DISO,unfolded protein response variant
ZP:0003852,DISO,"lipid droplet intestine increased amount, abnormal"
WBPhenotype:0002460,DISO,no induction of antimicrobial peptide expression after infection
MP:0006123,DISO,tricuspid valve atresia
ZP:0106674,DISO,"hypermethylation of CpG island increased occurrence, abnormal"
MGI:1194884,ORTH,Evl
WormBase:WBGene00009893,ORTH,F49E11.7
ENSEMBL:ENSCAFG00000000769,ORTH,ENSEMBL:ENSCAFG00000000769
HP:0000632,DISO,Lacrimation abnormality
WBPhenotype:0001932,DISO,myopodia present
RGD:1311401,ORTH,Prpf40a
ZP:0001342,DISO,"head aplastic, abnormal"
HGNC:12304,GENE,TRIP10
HP:0007269,DISO,Spinal muscular atrophy
ENSEMBL:ENSMODG00000021001,ORTH,ENSEMBL:ENSMODG00000021001
EFO:0007937,GENO,blood protein measurement
HP:0011054,DISO,Agenesis of molar
WBPhenotype:0002590,DISO,linker cell detached
MP:0000422,DISO,delayed hair appearance
ENSEMBL:ENSOANG00000044470,ORTH,ENSEMBL:ENSOANG00000044470
RGD:1559726,ORTH,RGD1559726
MGI:98731,ORTH,Tgm2
ENSEMBL:ENSCAFG00000047620,ORTH,A0A5F4CGE3
dictyBase:DDB_G0286125,GENO,pkgC
HP:0012240,DISO,Increased intramyocellular lipid droplets
MP:0004081,DISO,abnormal globus pallidus morphology
MP:0003864,DISO,abnormal midbrain development
dictyBase:DDB_G0279327,GENO,cnrP
MP:0008513,DISO,thin retinal inner plexiform layer
Coriell:GM06566,GENO,NIGMS-GM06566
Xenbase:XB-GENE-966955,ORTH,eef1b2
ZP:0006345,DISO,"cell junction intestinal epithelium loose, abnormal"
ZP:0005432,DISO,"atrium inverted, abnormal"
MP:0006379,DISO,abnormal spermatocyte morphology
ENSEMBL:ENSACAG00000015056,ORTH,ENSEMBL:ENSACAG00000015056
ENSEMBL:ENSPTRG00000019196,ORTH,ENSEMBL:ENSPTRG00000019196
MP:0002555,DISO,addiction
ENSEMBL:ENSMMUG00000001711,ORTH,ENSEMBL:ENSMMUG00000001711
ZP:0137804,DISO,"cardiac muscle cell bulbus arteriosus increased amount, abnormal"
MP:0003998,DISO,decreased thermal nociceptive threshold
ENSEMBL:ENSGALG00000037203,ORTH,ENSEMBL:ENSGALG00000037203
HGNC:4527,GENE,C5AR2
ENSEMBL:ENSFCAG00000027807,ORTH,ENSEMBL:ENSFCAG00000027807
MP:0000973,DISO,abnormal cutaneous/subcutaneous mechanoreceptor morphology
ENSEMBL:ENSOANG00000009794,ORTH,ENSEMBL:ENSOANG00000009794
ZP:0018637,DISO,"atrioventricular canal mislocalised, abnormal"
HP:0003196,DISO,Short nose
HP:0032864,DISO,Focal aware sensory seizure with auditory features
MP:0005632,DISO,decreased circulating aspartate transaminase level
ZP:0003840,DISO,"neuroblast (sensu Vertebrata) brain hyperplastic, abnormal"
ENSEMBL:ENSOANG00000015672,ORTH,ENSEMBL:ENSOANG00000015672
EFO:0004300,GENO,longevity
MP:0001364,DISO,decreased anxiety-related response
ZP:0008468,DISO,"muscle tendon junction muscle disorganized, abnormal"
ENSEMBL:ENSSSCG00000017712,ORTH,AP2B1
RGD:1306104,ORTH,Commd4
MP:0005058,DISO,abnormal lysosome morphology
HP:0001332,DISO,Dystonia
ENSEMBL:ENSSSCG00000013661,ORTH,EIF3G
MP:0000850,DISO,absent cerebellum
MP:0010019,DISO,liver vascular congestion
ENSEMBL:ENSSSCG00000000502,ORTH,CNOT2
Xenbase:XB-GENE-974596,ORTH,psma7
ENSEMBL:ENSCAFG00000005712,ORTH,ZDHHC17
HP:0001680,DISO,Coarctation of aorta
ENSEMBL:ENSOANG00000001193,ORTH,ENSEMBL:ENSOANG00000001193
HP:0001072,DISO,Thickened skin
FlyBase:FBgn0053100,ORTH,eIF4EHP
ZP:0001555,DISO,"tail bud decreased size, abnormal"
MP:0010322,DISO,increased cutaneous melanoma incidence
WBPhenotype:0000641,DISO,activity level variant
HP:0001987,DISO,Hyperammonemia
ENSEMBL:ENSMODG00000002420,ORTH,ENSEMBL:ENSMODG00000002420
ZP:0101911,DISO,"germ cell migration decreased occurrence, abnormal"
MP:0000647,DISO,abnormal sebaceous gland morphology
ENSEMBL:ENSMODG00000021453,ORTH,ENSEMBL:ENSMODG00000021453
ZP:0019042,DISO,"synapse eye photoreceptor cell poorly differentiated, abnormal"
RGD:1334002,ORTH,Olr230
MP:0014218,DISO,increased intestinal mucosa thickness
MGI:88218,ORTH,Commd3
PomBase:SPBC1347.12,GENO,arp1
WBPhenotype:0000531,DISO,organism development variant
MP:0001511,DISO,disheveled coat
ENSEMBL:ENSMMUG00000021695,ORTH,ENSEMBL:ENSMMUG00000021695
ENSEMBL:ENSACAG00000014855,ORTH,ENSEMBL:ENSACAG00000014855
HP:0001257,DISO,Spasticity
SGD:S000002924,ORTH,EMI2
ZP:0017152,DISO,"germ cell development process quality, abnormal"
ENSEMBL:ENSMODG00000011382,ORTH,ENSEMBL:ENSMODG00000011382
WBPhenotype:0001868,DISO,meiotic spindle defective
ZFIN:ZDB-GENE-030131-55,ORTH,acta1b
WBPhenotype:0000761,DISO,spindle position orientation defective early emb
ZP:0004331,DISO,"pronephric glomerulus permeability, abnormal"
FlyBase:FBgn0026252,ORTH,msk
HGNC:25321,GENE,SHARPIN
WBPhenotype:0001158,DISO,pronuclear breakdown asynchronous early emb
ENSEMBL:ENSPTRG00000005027,ORTH,ENSEMBL:ENSPTRG00000005027
ZP:0006747,DISO,"maintenance of blood-brain barrier disrupted, abnormal"
RGD:1560369,ORTH,Mageb18
WBPhenotype:0002320,DISO,reversal variant
ZP:0102176,DISO,"anal fin morphogenesis process quality, abnormal"
MP:0009473,DISO,abnormal skin exfoliation
MP:0003083,DISO,abnormal tibialis anterior morphology
MP:0003037,DISO,increased myocardial infarct size
RGD:1595502,ORTH,LOC680121
MP:0000764,DISO,abnormal tongue epithelium morphology
WBPhenotype:0000040,DISO,one cell arrest early emb
MONARCH:APO_0000310APO_0000246,GENO,growth in exponential phase:increased rate
dictyBase:DDB_G0291738,GENO,rabG1
MP:0002566,DISO,abnormal sexual interaction
WBPhenotype:0001779,DISO,miRNA expression variant
ENSEMBL:ENSPTRG00000040882,ORTH,ENSEMBL:ENSPTRG00000040882
PomBase:SPBC460.02c,GENO,SPBC460.02c
ENSEMBL:ENSSSCG00000015358,ORTH,CRPPA
MP:0000269,DISO,abnormal heart looping
ENSEMBL:ENSCAFG00000001100,ORTH,EFR3A
ENSEMBL:ENSACAG00000011896,ORTH,ENSEMBL:ENSACAG00000011896
ZFIN:ZDB-GENE-040426-1029,ORTH,rae1
HGNC:9987,GENE,RFXANK
HP:0000490,DISO,Deeply set eye
HP:0006274,DISO,Reduced pancreatic beta cells
MP:0008450,DISO,retinal photoreceptor degeneration
ENSEMBL:ENSSSCG00000007930,ORTH,MGRN1
ZP:0002929,DISO,"cilium pronephric duct decreased amount, abnormal"
ENSEMBL:ENSACAG00000017466,ORTH,ENSEMBL:ENSACAG00000017466
ENSEMBL:ENSGALG00000010177,ORTH,ENSEMBL:ENSGALG00000010177
ZFIN:ZDB-GENE-030729-9,ORTH,lamp2
ENSEMBL:ENSPTRG00000011966,ORTH,ENSEMBL:ENSPTRG00000011966
WBPhenotype:0001271,DISO,pathogen induced death increased
ZFIN:ZDB-GENE-000412-1,ORTH,bdnf
MONARCH:APO_0000095APO_0000005,GENO,chemical compound accumulation:absent
Xenbase:XB-GENE-1007635,ORTH,nsmce3
ENSEMBL:ENSACAG00000005534,ORTH,ENSEMBL:ENSACAG00000005534
ENSEMBL:ENSGALG00000001986,ORTH,ENSEMBL:ENSGALG00000001986
ZP:0000415,DISO,"lens development in camera-type eye disrupted, abnormal"
HGNC:10857,GENE,SIAH1
ENSEMBL:ENSMODG00000005948,ORTH,ENSEMBL:ENSMODG00000005948
FlyBase:FBgn0038145,ORTH,Droj2
MP:0001900,DISO,impaired synaptic plasticity
MP:0008908,DISO,increased total fat pad weight
WBPhenotype:0001206,DISO,movement variant
ZP:0019939,DISO,"hindbrain increased distribution, abnormal"
HP:0012649,DISO,Increased inflammatory response
SGD:S000005888,ORTH,PRT1
ZP:0101698,DISO,"vascular associated smooth muscle cell dorsal aorta absent, abnormal"
ENSEMBL:ENSPTRG00000052392,ORTH,ENSEMBL:ENSPTRG00000052392
MP:0000136,DISO,abnormal microglial cell morphology
Coriell:GM04798,GENO,NIGMS-GM04798
GO:0048471,PHYS,perinuclear region of cytoplasm
WormBase:WBGene00000887,ORTH,cyn-11
ENSEMBL:ENSRNOG00000061639,ORTH,A0A0G2K8R6
ENSEMBL:ENSECAG00000014690,ORTH,ENSEMBL:ENSECAG00000014690
HP:0000463,DISO,Anteverted nares
ENSEMBL:ENSXETG00000012424,ORTH,lipt1
ZFIN:ZDB-GENE-030131-6588,ORTH,ficd
EFO:0009963,GENO,bipolar I disorder
WBPhenotype:0000099,DISO,P lineages variant
HP:0000552,DISO,Tritanomaly
MP:0008537,DISO,increased susceptibility to induced colitis
ZP:0005993,DISO,"retinal photoreceptor layer morphology, abnormal"
MP:0000364,DISO,abnormal vascular regression
ZP:0003267,DISO,"muscle attachment process quality, abnormal"
HP:0012115,DISO,Hepatitis
HP:0025097,DISO,Eyelid myoclonus
ENSEMBL:ENSMMUG00000016769,ORTH,ENSEMBL:ENSMMUG00000016769
HP:0006582,DISO,Reye syndrome-like episodes
HP:0006270,DISO,Hypoplastic spleen
ENSEMBL:ENSCAFG00000011570,ORTH,ENSEMBL:ENSCAFG00000011570
ENSEMBL:ENSBTAG00000037735,ORTH,ENSEMBL:ENSBTAG00000037735
MP:0002207,DISO,abnormal long term potentiation
ENSEMBL:ENSOANG00000032894,ORTH,ENSEMBL:ENSOANG00000032894
WBPhenotype:0001428,DISO,intestinal vacuole
ZP:0000152,DISO,"somite circular, abnormal"
HP:0003355,DISO,Aminoaciduria
HGNC:15864,GENE,RBCK1
ENSEMBL:ENSACAG00000008195,ORTH,ENSEMBL:ENSACAG00000008195
FlyBase:FBgn0003890,ORTH,betaTub97EF
ZP:0000206,DISO,"musculoskeletal movement quality, abnormal"
ENSEMBL:ENSSSCG00000016974,ORTH,ENSEMBL:ENSSSCG00000016974
MGI:5432149,ORTH,Tg(YAC128)#Hay
ENSEMBL:ENSMODG00000009467,ORTH,ENSEMBL:ENSMODG00000009467
RGD:621876,ORTH,Syt12
MONARCH:APO_0000149APO_0000002,GENO,protein/peptide accumulation:abnormal
WormBase:WBGene00006498,ORTH,ten-1
FlyBase:FBgn0037121,ORTH,Rpb8
WormBase:WBGene00016110,ORTH,npr-11
WBPhenotype:0002270,DISO,metabolite content decreased
PomBase:SPBC1604.10,GENO,srb7
FlyBase:FBgn0030671,ORTH,CG8134
FlyBase:FBgn0287184,ORTH,FASN3
HP:0011991,DISO,Abnormal neutrophil count
Coriell:GM04860,GENO,NIGMS-GM04860
ZP:0000586,DISO,"anterior-posterior axis whole organism decreased length, abnormal"
ENSEMBL:ENSFCAG00000005513,ORTH,ENSEMBL:ENSFCAG00000005513
ZP:0005998,DISO,"photoreceptor outer segment eye photoreceptor cell morphology, abnormal"
ZP:0100333,DISO,"sperm increased velocity, abnormal"
MP:0000352,DISO,decreased cell proliferation
RGD:1561661,ORTH,RGD1561661
ENSEMBL:ENSPTRG00000017238,ORTH,ENSEMBL:ENSPTRG00000017238
WBPhenotype:0001274,DISO,organism heat hypersensitive
ENSEMBL:ENSGALG00000007653,ORTH,RAE1
ENSEMBL:ENSACAG00000009359,ORTH,ENSEMBL:ENSACAG00000009359
RGD:735037,ORTH,RT1-S3
HP:0030692,DISO,Brain neoplasm
MGI:5429327,ORTH,Tg(HDexon1)62Gpb [B6.Cg-Tg(HDexon1)62Gpb/240]
HP:0000212,DISO,Gingival overgrowth
HP:0002510,DISO,Spastic tetraplegia
HP:0002840,DISO,Lymphadenitis
WBPhenotype:0000535,DISO,organism morphology variant
HP:0000576,DISO,Centrocecal scotoma
ENSEMBL:ENSBTAG00000000919,ORTH,ENSEMBL:ENSBTAG00000000919
ZP:0000378,DISO,"cardiac jelly increased volume, abnormal"
ClinVarVariant:31916,VARI,NM_002111.8(HTT):c.52CAG[(36_39)]
ENSEMBL:ENSMODG00000012040,ORTH,ENSEMBL:ENSMODG00000012040
MP:0008681,DISO,increased interleukin-17 secretion
GO:0045724,PHYS,positive regulation of cilium assembly
MP:0003257,DISO,abnormal abdominal wall morphology
MP:0003051,DISO,curly tail
MP:0001396,DISO,unidirectional circling
ENSEMBL:ENSMODG00000025647,ORTH,ENSEMBL:ENSMODG00000025647
HP:0001943,DISO,Hypoglycemia
ZP:0003470,DISO,"cardiac ventricle decreased contractility, abnormal"
EFO:0005208,GENO,glomerular filtration rate
ZP:0000373,DISO,"anterior commissure aplastic, abnormal"
SGD:S000003924,ORTH,DNM1
ZP:0020463,DISO,"opercle hypoplastic, abnormal"
ENSEMBL:ENSCAFG00000013361,ORTH,ENSEMBL:ENSCAFG00000013361
ZP:0003732,DISO,"axon motor neuron decreased length, abnormal"
WBPhenotype:0002256,DISO,selenium response variant
WBPhenotype:0000604,DISO,nervous system morphology variant
ENSEMBL:ENSMMUG00000013791,ORTH,ENSEMBL:ENSMMUG00000013791
dictyBase:DDB_G0287553,GENO,rab7B
ENSEMBL:ENSMODG00000015970,ORTH,ENSEMBL:ENSMODG00000015970
Xenbase:XB-GENE-6087000,ORTH,cnot3
dbSNP:rs7659144,GENO,rs7659144-G
MP:0008850,DISO,increased hemoglobin concentration distribution width
ENSEMBL:ENSMODG00000000748,ORTH,ENSEMBL:ENSMODG00000000748
MGI:101921,ORTH,Ap2a1
ZP:0002721,DISO,"myofibril skeletal muscle cell disorganized, abnormal"
HP:0006687,DISO,Aortic tortuosity
EFO:0004341,GENO,body fat distribution
ZP:0019668,DISO,"hindbrain development process quality, abnormal"
ZFIN:ZDB-GENE-040625-157,ORTH,ostf1
MP:0011941,DISO,increased fluid intake
ZP:0104641,DISO,"skeletal muscle decreased process quality skeletal myofibril assembly, abnormal"
dictyBase:DDB_G0277089,GENO,dictyBase:DDB_G0277089
ZP:0010888,DISO,"eye increased process quality apoptotic process, abnormal"
MGI:5432147,ORTH,Tg(YAC128)55Hay
ENSEMBL:ENSPTRG00000044817,ORTH,ENSEMBL:ENSPTRG00000044817
MP:0008208,DISO,decreased pro-B cell number
MP:0030988,DISO,dysosmia
ENSEMBL:ENSOANG00000010384,ORTH,ENSEMBL:ENSOANG00000010384
dictyBase:DDB_G0276765,GENO,ubqC
ENSEMBL:ENSMODG00000019272,ORTH,ENSEMBL:ENSMODG00000019272
HP:0005922,DISO,Abnormal hand morphology
dictyBase:DDB_G0270098,GENO,DDB0190801
WBPhenotype:0000632,DISO,axon fasciculation variant
MP:0001081,DISO,abnormal cranial ganglia morphology
HP:0003251,DISO,Male infertility
MP:0004428,DISO,abnormal type I vestibular cell
WBPhenotype:0001958,DISO,gonad degenerate
HP:0007957,DISO,Corneal opacity
GO:1905289,PHYS,regulation of CAMKK-AMPK signaling cascade
ENSEMBL:ENSMODG00000015156,ORTH,ENSEMBL:ENSMODG00000015156
WBPhenotype:0001155,DISO,pronuclei meet centrally early emb
ZFIN:ZDB-GENE-040426-1110,ORTH,strap
ZFIN:ZDB-GENE-060929-492,ORTH,rangap1a
ENSEMBL:ENSCAFG00000014592,ORTH,NBR1
Xenbase:XB-GENE-483544,ORTH,nlk
ENSEMBL:ENSMODG00000025362,ORTH,ENSEMBL:ENSMODG00000025362
HP:0012733,DISO,Macule
EFO:0004464,GENO,brain measurement
WBPhenotype:0002396,DISO,tumor prolapse frequency decreased
WBPhenotype:0001575,DISO,ATP levels reduced
ENSEMBL:ENSRNOG00000030638,ORTH,F1M269
WormBase:WBGene00009977,ORTH,swan-1
FlyBase:FBgn0259824,ORTH,Hip14
RGD:620936,ORTH,Rab5a
dictyBase:DDB_G0292880,GENO,DDB0191668
ENSEMBL:ENSFCAG00000004051,ORTH,ENSEMBL:ENSFCAG00000004051
HGNC:6180,GENE,ITPR1
WBPhenotype:0001164,DISO,excess pronucleus early emb
ENSEMBL:ENSBTAG00000052456,ORTH,OR10A5L
WBPhenotype:0000776,DISO,passage through meiosis defective early emb
PomBase:SPBC17D11.02c,GENO,hrd1
ENSEMBL:ENSMODG00000016454,ORTH,ENSEMBL:ENSMODG00000016454
ENSEMBL:ENSMODG00000020974,ORTH,ENSEMBL:ENSMODG00000020974
MGI:1201690,ORTH,Map6
MGI:1913449,ORTH,Commd4
dictyBase:DDB_G0283769,GENO,HBS1
HP:0011014,DISO,Abnormal glucose homeostasis
ZFIN:ZDB-GENE-030131-274,ORTH,prpf40a
SGD:S000004754,ORTH,TIF34
WBPhenotype:0001270,DISO,pathogen induced cell death reduced
MP:0008827,DISO,abnormal thymus cell ratio
ZP:0104412,DISO,"pancreatic B cell exocrine pancreas increased amount, abnormal"
ENSEMBL:ENSOANG00000006569,ORTH,ENSEMBL:ENSOANG00000006569
WBPhenotype:0002010,DISO,protein turnover variant
ZP:0019193,DISO,"heart decreased amount, abnormal"
RGD:621458,ORTH,Nefl
ENSEMBL:ENSPTRG00000015827,ORTH,ENSEMBL:ENSPTRG00000015827
Xenbase:XB-GENE-6067152,ORTH,egfr
ENSEMBL:ENSBTAG00000018689,ORTH,ENSEMBL:ENSBTAG00000018689
ENSEMBL:ENSFCAG00000021911,ORTH,ENSEMBL:ENSFCAG00000021911
MP:0000495,DISO,abnormal colon morphology
ENSEMBL:ENSMODG00000016740,ORTH,ENSEMBL:ENSMODG00000016740
MP:0013279,DISO,increased fasting circulating glucose level
HP:0000369,DISO,Low-set ears
MGI:3704134,ORTH,Gm8909
HP:0008419,DISO,Intervertebral disc degeneration
MP:0002082,DISO,postnatal lethality
ZP:0021480,DISO,"early endosome neural crest cell increased amount, abnormal"
ZP:0003834,DISO,"lipid metabolic process disrupted, abnormal"
MGI:1316652,ORTH,Prmt2
ENSEMBL:ENSOANG00000013483,ORTH,ENSEMBL:ENSOANG00000013483
FlyBase:FBgn0025637,ORTH,SkpA
HP:0002244,DISO,Abnormality of the small intestine
ENSEMBL:ENSECAG00000007747,ORTH,ENSEMBL:ENSECAG00000007747
MP:0005077,DISO,abnormal melanogenesis
HP:0003075,DISO,Hypoproteinemia
Coriell:GM03868,GENO,NIGMS-GM03868
MP:0010873,DISO,decreased trabecular bone mass
ZFIN:ZDB-GENE-070410-56,ORTH,psmd14
ENSEMBL:ENSCAFG00000017889,ORTH,EVL
RGD:1565734,ORTH,Ercc6l
ZP:0004641,DISO,"embryonic camera-type eye development disrupted, abnormal"
EFO:0008409,GENO,susceptibility to scarlet fever measurement
HP:0008551,DISO,Microtia
WBPhenotype:0001138,DISO,nucleus defective early emb
WBPhenotype:0002610,DISO,ectopic apoptosis
ZP:0000417,DISO,"retina layer formation disrupted, abnormal"
HGNC:12505,GENE,UBL4A
ZP:0011624,DISO,"eye decreased area, abnormal"
HP:0001325,DISO,Hypoglycemic coma
HGNC:9281,GENE,PPP1CA
Xenbase:XB-GENE-6084294,ORTH,wipi2
RGD:1359368,ORTH,Crppa
Coriell:GM04767,GENO,NIGMS-GM04767
FlyBase:FBgn0031857,ORTH,LUBEL
dictyBase:DDB_G0280755,GENO,ubqB
ZP:0001445,DISO,"pronephros cystic, abnormal"
WBPhenotype:0000682,DISO,feminization of germline
ENSEMBL:ENSOANG00000003533,ORTH,ENSEMBL:ENSOANG00000003533
WormBase:WBGene00011444,ORTH,T04F8.6
ENSEMBL:ENSBTAG00000009124,ORTH,FEZ1
ZP:0103457,DISO,"cleavage furrow blastomere blurry, abnormal"
Coriell:GM06631,GENO,NIGMS-GM06631
ENSEMBL:ENSBTAG00000012723,ORTH,ENSEMBL:ENSBTAG00000012723
MP:0001179,DISO,thick pulmonary interalveolar septum
ENSEMBL:ENSACAG00000014561,ORTH,ENSEMBL:ENSACAG00000014561
EFO:0004611,GENO,low density lipoprotein cholesterol measurement
ENSEMBL:ENSCAFG00000008253,ORTH,ENSEMBL:ENSCAFG00000008253
MONARCH:APO_0000270APO_0000002,GENO,endoplasmic reticulum morphology:abnormal
ENSEMBL:ENSMODG00000015566,ORTH,ENSEMBL:ENSMODG00000015566
HP:0002323,DISO,Anencephaly
ENSEMBL:ENSMMUG00000061193,ORTH,ENSEMBL:ENSMMUG00000061193
FlyBase:FBgn0039425,ORTH,Ald2
ENSEMBL:ENSPTRG00000029753,ORTH,ENSEMBL:ENSPTRG00000029753
MP:0010900,DISO,abnormal pulmonary interalveolar septum morphology
WBPhenotype:0000717,DISO,gene expression variant
HP:0003811,DISO,Neonatal death
ENSEMBL:ENSFCAG00000031292,ORTH,ENSEMBL:ENSFCAG00000031292
ENSEMBL:ENSMMUG00000019679,ORTH,ENSEMBL:ENSMMUG00000019679
HGNC:3016,GENE,DPYSL4
ENSEMBL:ENSACAG00000022117,ORTH,ENSEMBL:ENSACAG00000022117
HP:0011342,DISO,Mild global developmental delay
EFO:0004305,GENO,erythrocyte count
HGNC:8607,GENE,PRKN
MP:0002736,DISO,abnormal nociception after inflammation
ZP:0020573,DISO,"synapse CaP motoneuron decreased amount, abnormal"
Xenbase:XB-GENE-5776981,ORTH,vps28
ENSEMBL:ENSGALG00000021198,ORTH,LOC101751348
NCBIGene:100488610,GENE,LOC100488610
ENSEMBL:ENSOANG00000010076,ORTH,ENSEMBL:ENSOANG00000010076
ENSEMBL:ENSMODG00000021269,ORTH,ENSEMBL:ENSMODG00000021269
HP:0001231,DISO,Abnormal fingernail morphology
HP:0002357,DISO,Dysphasia
WBPhenotype:0002345,DISO,forward locomotion variant
ENSEMBL:ENSSSCG00000041972,ORTH,ENSEMBL:ENSSSCG00000041972
WBPhenotype:0002061,DISO,chromosome decondensation variant
HP:0011195,DISO,EEG with focal sharp slow waves
ZP:0010293,DISO,"post-vent region neoplastic, abnormal"
MGI:1923235,ORTH,Rab30
FBcv:0000428,DISO,abnormal cell size
ZP:0016609,DISO,"hepatocyte ballooning, abnormal"
ENSEMBL:ENSFCAG00000022017,ORTH,ENSEMBL:ENSFCAG00000022017
MP:0010426,DISO,abnormal heart and great artery attachment
FBcv:0002005,DISO,lethal - all die during P-stage
ENSEMBL:ENSCAFG00000018650,ORTH,ENSEMBL:ENSCAFG00000018650
MP:0020516,DISO,abnormal visceral yolk sac mesenchyme morphology
MP:0010617,DISO,thick mitral valve cusps
ENSEMBL:ENSFCAG00000010251,ORTH,ENSEMBL:ENSFCAG00000010251
ZFIN:ZDB-GENE-030131-1791,ORTH,tcerg1a
ENSEMBL:ENSPTRG00000005536,ORTH,ENSEMBL:ENSPTRG00000005536
GO:0005634,PHYS,nucleus
ENSEMBL:ENSMMUG00000011612,ORTH,ENSEMBL:ENSMMUG00000011612
FBcv:0000393,DISO,abnormal pain response
dictyBase:DDB_G0290407,GENO,rabO
ZP:0005690,DISO,"margin disorganized, abnormal"
ENSEMBL:ENSMMUG00000012481,ORTH,ENSEMBL:ENSMMUG00000012481
Coriell:GM04723,GENO,NIGMS-GM04723
WBPhenotype:0001818,DISO,neuron activation variant
FlyBase:FBgn0024997,ORTH,CG2681
ENSEMBL:ENSGALG00000051054,ORTH,LOC417056
ZP:0019052,DISO,"optic tectum increased occurrence cell death, abnormal"
ENSEMBL:ENSFCAG00000000623,ORTH,ENSEMBL:ENSFCAG00000000623
HP:0001265,DISO,Hyporeflexia
ZP:0003476,DISO,"heart primordium decreased size, abnormal"
ENSEMBL:ENSBTAG00000054466,ORTH,A0A3Q1MRS1
ZP:0001794,DISO,"intestine decreased size, abnormal"
HP:0000035,DISO,Abnormal testis morphology
ENSEMBL:ENSPTRG00000004648,ORTH,ENSEMBL:ENSPTRG00000004648
ZP:0000338,DISO,"Wnt-activated signaling pathway involved in forebrain neuron fate commitment disrupted, abnormal"
PomBase:SPBC12C2.08,GENO,dnm1
ENSEMBL:ENSPTRG00000008480,ORTH,ENSEMBL:ENSPTRG00000008480
MP:0013986,DISO,abnormal vitelline vein topology
HGNC:10665,GENE,UTP14A
MP:0000278,DISO,abnormal myocardial fiber morphology
ENSEMBL:ENSBTAG00000017125,ORTH,ENSEMBL:ENSBTAG00000017125
ENSEMBL:ENSOANG00000036573,ORTH,ENSEMBL:ENSOANG00000036573
ENSEMBL:ENSBTAG00000046633,ORTH,A0A3Q1MM35
ZP:0008449,DISO,"stereocilium bundle hair cell decreased width, abnormal"
ENSEMBL:ENSCAFG00000008869,ORTH,TGM2
RGD:1308381,ORTH,Map3k10
ENSEMBL:ENSECAG00000022370,ORTH,ENSEMBL:ENSECAG00000022370
ZP:0008073,DISO,"M band skeletal muscle cell disorganized, abnormal"
WormBase:WBGene00004882,ORTH,smg-4
WBPhenotype:0000532,DISO,body region morphology variant
ZP:0018253,DISO,"mitochondrial chromosome whole organism increased amount, abnormal"
MGI:3605770,ORTH,Htt<tm1Szi>/Htt<tm2Szi>; Tg(Camk2a-cre)2Szi [involves: 129S/SvEv * 129S1/Sv * C57BL/6 * CBA]
WormBase:WBGene00006530,ORTH,tba-4
ENSEMBL:ENSMMUG00000020716,ORTH,ENSEMBL:ENSMMUG00000020716
ZP:0138434,DISO,"cranial nerve II disrupted axon guidance, abnormal"
ENSEMBL:ENSGALG00000035539,ORTH,A0A1D5P4H6
MGI:1270126,ORTH,Ulk1
ENSEMBL:ENSOANG00000011769,ORTH,ENSEMBL:ENSOANG00000011769
SGD:S000002736,ORTH,SKP1
SGD:S000001855,ORTH,ACT1
ENSEMBL:ENSPTRG00000019667,ORTH,ENSEMBL:ENSPTRG00000019667
ENSEMBL:ENSMODG00000007002,ORTH,ENSEMBL:ENSMODG00000007002
ZP:0102181,DISO,"autophagy decreased occurrence, abnormal"
MP:0000873,DISO,thin external granule cell layer
HP:0004950,DISO,Peripheral arterial stenosis
MP:0011390,DISO,abnormal fetal cardiomyocyte physiology
MP:0030143,DISO,facial muscle spasm
HP:0003444,DISO,EMG: chronic denervation signs
ZFIN:ZDB-GENE-000616-13,ORTH,appa
HP:0000085,DISO,Horseshoe kidney
ZP:0021484,DISO,"late endosome neural crest cell decreased amount, abnormal"
Coriell:GM02146,GENO,NIGMS-GM02146
GO:0016234,PHYS,inclusion body
MP:0004810,DISO,decreased hematopoietic stem cell number
ENSEMBL:ENSSSCG00000001701,ORTH,HSP90AB1
MGI:1349450,ORTH,Vat1
ENSEMBL:ENSCAFG00000018040,ORTH,ENSEMBL:ENSCAFG00000018040
ENSEMBL:ENSBTAG00000002707,ORTH,IPO4
MP:0003121,DISO,genetic imprinting
MONARCH:APO_0000098APO_0000005,GENO,utilization of carbon source:absent
ZP:0003192,DISO,"liver fatty, abnormal"
HP:0002720,DISO,Decreased circulating IgA level
ZP:0019917,DISO,"double-strand break repair via alternative nonhomologous end joining decreased process quality, abnormal"
ZP:0018635,DISO,"post-vent region increased occurrence cell death, abnormal"
HP:0001679,DISO,Abnormal aortic morphology
ENSEMBL:ENSECAG00000024998,ORTH,ENSEMBL:ENSECAG00000024998
ENSEMBL:ENSCAFG00000016311,ORTH,HUWE1
HP:0000053,DISO,Macroorchidism
MONARCH:APO_0000056APO_0000002,GENO,bud neck morphology:abnormal
ENSEMBL:ENSSSCG00000033272,ORTH,DNAJB6
MP:0003312,DISO,abnormal locomotor coordination
RGD:61797,ORTH,Prkn
MP:0008886,DISO,abnormal PML bodies
MP:0005603,DISO,neuron hypertrophy
ENSEMBL:ENSBTAG00000021717,ORTH,BDKRB2
ENSEMBL:ENSECAG00000014168,ORTH,ENSEMBL:ENSECAG00000014168
HP:0011159,DISO,Focal autonomic seizure with epigastric sensation/nausea/vomiting/other gastrointestinal phenomena
WormBase:WBGene00009922,ORTH,F52B5.3
ENSEMBL:ENSMODG00000019128,ORTH,ENSEMBL:ENSMODG00000019128
FBcv:0000381,DISO,suppressor of variegation
WormBase:WBGene00000247,ORTH,bec-1
RGD:1305313,ORTH,Cnot7
FlyBase:FBgn0031882,ORTH,Rab30
ENSEMBL:ENSBTAG00000011789,ORTH,RESTB
ZP:0008392,DISO,"adherens junction retina increased size, abnormal"
ENSEMBL:ENSCAFG00000013088,ORTH,ENSEMBL:ENSCAFG00000013088
FlyBase:FBgn0011661,ORTH,Moe
WBPhenotype:0001404,DISO,ectopic expression antibody
ZP:0020241,DISO,"eye photoreceptor cell disrupted protein localization, abnormal"
HP:0040140,DISO,Degeneration of the striatum
WBPhenotype:0000540,DISO,muscle arm development variant
HGNC:20738,GENE,SYVN1
RGD:2322065,ORTH,LOC100360491
MP:0002184,DISO,abnormal innervation
ENSEMBL:ENSECAG00000009251,ORTH,ENSEMBL:ENSECAG00000009251
ENSEMBL:ENSPTRG00000009642,ORTH,ENSEMBL:ENSPTRG00000009642
ENSEMBL:ENSGALG00000015770,ORTH,APP
ENSEMBL:ENSACAG00000005963,ORTH,ENSEMBL:ENSACAG00000005963
dictyBase:DDB_G0274111,GENO,pfkA
HP:0004348,DISO,Abnormality of bone mineral density
ENSEMBL:ENSECAG00000003192,ORTH,ENSEMBL:ENSECAG00000003192
EnsemblGenome:AT4G17730,ORTH,EnsemblGenome:AT4G17730
MP:0008453,DISO,decreased retinal rod cell number
ZFIN:ZDB-GENE-080303-4,ORTH,si:ch211-1a19.2
WBPhenotype:0001869,DISO,meiotic spindle positioning defective
HP:0007210,DISO,Lower limb amyotrophy
MP:0003901,DISO,abnormal PR interval
ENSEMBL:ENSFCAG00000013147,ORTH,ENSEMBL:ENSFCAG00000013147
MP:0001513,DISO,limb grasping
WormBase:WBGene00003926,ORTH,pas-5
FlyBase:FBgn0027524,ORTH,CG3909
MP:0008249,DISO,abnormal common lymphocyte progenitor cell morphology
MP:0009353,DISO,twin decidual capsule
MP:0005616,DISO,decreased susceptibility to type IV hypersensitivity reaction
Xenbase:XB-GENE-973579,ORTH,mgc89871
MP:0001541,DISO,abnormal osteoclast physiology
MGI:97441,ORTH,Oprm1
ZP:0002448,DISO,"retinal outer nuclear layer disorganized, abnormal"
ZP:0101303,DISO,"ventral region forebrain increased amount, abnormal"
WormBase:WBGene00004809,ORTH,skr-3
FlyBase:FBgn0259108,ORTH,futsch
MP:0000960,DISO,abnormal sensory ganglion morphology
MP:0004129,DISO,abnormal respiratory quotient
dictyBase:DDB_G0293558,GENO,pabpc1A
ENSEMBL:ENSMODG00000015724,ORTH,ENSEMBL:ENSMODG00000015724
MGI:97314,ORTH,Nefm
HP:0000670,DISO,Carious teeth
ZFIN:ZDB-GENE-141114-2,ORTH,actn2a
ENSEMBL:ENSBTAG00000055100,ORTH,ENSEMBL:ENSBTAG00000055100
dictyBase:DDB_G0287953,GENO,psmD1
HP:0000765,DISO,Abnormal thorax morphology
ENSEMBL:ENSSSCG00000014900,ORTH,RAB30
HP:0003201,DISO,Rhabdomyolysis
EFO:0007992,GENO,basophil percentage of leukocytes
ENSEMBL:ENSACAG00000006674,ORTH,ENSEMBL:ENSACAG00000006674
MGI:1298230,ORTH,Cnot7
WBPhenotype:0001136,DISO,embryonic morphology variant
ZP:0011932,DISO,"nuclear pore retina malformed, abnormal"
MP:0000277,DISO,abnormal heart shape
HGNC:4932,GENE,HLA-B
FlyBase:FBgn0030674,ORTH,HUWE1
PomBase:SPBC582.09,GENO,pex11
ENSEMBL:ENSOANG00000005396,ORTH,ENSEMBL:ENSOANG00000005396
ENSEMBL:ENSSSCG00000003413,ORTH,ENSEMBL:ENSSSCG00000003413
WBPhenotype:0001595,DISO,somatic transgene silencing variant
ZP:0010445,DISO,"mandibular muscle refractivity, abnormal"
MP:0001825,DISO,arrested T cell differentiation
EFO:0004568,GENO,serum non-albumin protein measurement
ENSEMBL:ENSACAG00000001823,ORTH,ENSEMBL:ENSACAG00000001823
WormBase:WBGene00001006,ORTH,dlg-1
dictyBase:DDB_G0289337,GENO,DDB0188369
ENSEMBL:ENSECAG00000009950,ORTH,ENSEMBL:ENSECAG00000009950
ENSEMBL:ENSOANG00000006985,ORTH,ENSEMBL:ENSOANG00000006985
EFO:0007991,GENO,eosinophil percentage of leukocytes
HP:0001155,DISO,Abnormality of the hand
MP:0011102,DISO,"embryonic lethality, incomplete penetrance"
MP:0004890,DISO,decreased energy expenditure
HP:0010438,DISO,Abnormal ventricular septum morphology
RGD:61849,ORTH,Psma6
HGNC:4914,GENE,UBE2K
MP:0000876,DISO,Purkinje cell degeneration
ZP:0011625,DISO,"cell head apoptotic, abnormal"
RGD:1584269,ORTH,Wdr82
ZP:0137375,DISO,"midbrain hindbrain boundary constriction increased angle to midbrain hindbrain boundary constriction, abnormal"
Coriell:GM02173,GENO,NIGMS-GM02173
MP:0010398,DISO,decreased liver glycogen level
WBPhenotype:0002491,DISO,ectopic neurite outgrowth
dictyBase:DDB_G0283567,GENO,DDB_G0283567
MP:0009375,DISO,thin zona pellucida
WBPhenotype:0002045,DISO,cell corpse number decreased
ENSEMBL:ENSRNOG00000008363,ORTH,D3ZQT0
MONARCH:APO_0000055APO_0000002,GENO,mitochondrial morphology:abnormal
WBPhenotype:0000690,DISO,gonad migration variant
dictyBase:DDB_G0278403,GENO,rsmH
ZP:0001021,DISO,"anterior/posterior pattern specification disrupted, abnormal"
dictyBase:DDB_G0290789,GENO,rabN1
MP:0010997,DISO,decreased aorta wall thickness
MP:0011624,DISO,abnormal sensitization to xenobiotic
ZP:0018018,DISO,"nucleus skeletal muscle circular, abnormal"
ENSEMBL:ENSBTAG00000013485,ORTH,ENSEMBL:ENSBTAG00000013485
MP:0013542,DISO,abnormal submandibular gland branching morphogenesis
ZFIN:ZDB-FISH-170608-17,ORTH,<zf696Tg>/<?>; <zf703Tg>/<?> [unspecified background]
ENSEMBL:ENSMODG00000025182,ORTH,ENSEMBL:ENSMODG00000025182
HP:0012554,DISO,Absent thumbnail
dictyBase:DDB_G0293202,GENO,DDB_G0293202
ENSEMBL:ENSECAG00000010347,ORTH,ENSEMBL:ENSECAG00000010347
ENSEMBL:ENSECAG00000033152,ORTH,ENSEMBL:ENSECAG00000033152
HP:0002326,DISO,Transient ischemic attack
dictyBase:DDB_G0276759,GENO,cbpA
MONARCH:APO_0000074APO_0000117,GENO,autophagy:normal
PomBase:SPAC1610.03c,GENO,crp79
HP:0001274,DISO,Agenesis of corpus callosum
PomBase:SPAC110.04c,GENO,pss1
HP:0000975,DISO,Hyperhidrosis
ZP:0019149,DISO,"eye photoreceptor cell has extra parts of type photoreceptor inner segment lysosome eye photoreceptor cell, abnormal"
HP:0001297,DISO,Stroke
ZP:0003660,DISO,"axon motor neuron truncated, abnormal"
ENSEMBL:ENSCAFG00000013918,ORTH,SLC2A3
HP:0002121,DISO,Generalized non-motor (absence) seizure
ZP:0103235,DISO,"pronephric tubule has fewer parts of type motile cilium inner dynein arm pronephric tubule, abnormal"
ZP:0000126,DISO,"Meckel's cartilage malformed, abnormal"
ENSEMBL:ENSGALG00000017135,ORTH,ENSEMBL:ENSGALG00000017135
ENSEMBL:ENSMODG00000020264,ORTH,ENSEMBL:ENSMODG00000020264
MP:0013513,DISO,decreased memory-marker CD4-negative NK T cell number
HP:0011840,DISO,Abnormality of T cell physiology
ENSEMBL:ENSFCAG00000001256,ORTH,ENSEMBL:ENSFCAG00000001256
WBPhenotype:0001819,DISO,pathogen load variant
ENSEMBL:ENSECAG00000009005,ORTH,ENSEMBL:ENSECAG00000009005
ENSEMBL:ENSBTAG00000001189,ORTH,AP1B1
ENSEMBL:ENSSSCG00000012290,ORTH,ENSEMBL:ENSSSCG00000012290
ENSEMBL:ENSMODG00000045899,ORTH,ENSEMBL:ENSMODG00000045899
ENSEMBL:ENSCAFG00000044133,ORTH,ENSEMBL:ENSCAFG00000044133
MONARCH:APO_0000197APO_0000004,GENO,colony sectoring:increased
ENSEMBL:ENSBTAG00000048495,ORTH,ENSEMBL:ENSBTAG00000048495
ZFIN:ZDB-GENE-011210-1,ORTH,casp3a
MGI:5565690,ORTH,Tg(UBC-GFP/HTT*84Q)22Shya
MP:0008321,DISO,small adenohypophysis
dictyBase:DDB_G0289909,GENO,DDB0188631
ENSEMBL:ENSMODG00000003384,ORTH,ENSEMBL:ENSMODG00000003384
XPO:0141505,GENO,abnormal tadpole morphology
WBPhenotype:0002106,DISO,early endosome localization variant
ENSEMBL:ENSCAFG00000045717,ORTH,A0A5F4C8A6
ENSEMBL:ENSECAG00000018467,ORTH,ENSEMBL:ENSECAG00000018467
ZP:0001543,DISO,"cardiac muscle cell decreased size, abnormal"
ENSEMBL:ENSSSCG00000009945,ORTH,ENSEMBL:ENSSSCG00000009945
ENSEMBL:ENSGALG00000044425,ORTH,ENSEMBL:ENSGALG00000044425
FlyBase:FBgn0000253,ORTH,Cam
ENSEMBL:ENSXETG00000009089,ORTH,etnppl
ENSEMBL:ENSMODG00000039717,ORTH,ENSEMBL:ENSMODG00000039717
HGNC:2514,GENE,CTNNB1
EFO:0004627,GENO,IGF-1 measurement
MP:0011100,DISO,"preweaning lethality, complete penetrance"
ENSEMBL:ENSBTAG00000003758,ORTH,TKT
HP:0005415,DISO,Decreased proportion of CD8-positive T cells
MONARCH:APO_0000126APO_0000117,GENO,nuclear import:normal
WBPhenotype:0001954,DISO,diplotene absent during oogenesis
MONDO:0001409,DISO,esophagitis
SGD:S000006312,ORTH,RPN7
HGNC:9537,GENE,PSMB1
MP:0010662,DISO,abnormal intersomitic artery morphology
MONARCH:APO_0000224APO_0000002,GENO,RNA accumulation:abnormal
WBPhenotype:0000314,DISO,scrawny
HP:0410151,DISO,Eosinophilic infiltration of the esophagus
MP:0006308,DISO,enlarged seminiferous tubules
FlyBase:FBgn0264492,ORTH,CkIIalpha
FlyBase:FBgn0284243,ORTH,betaTub56D
FBcv:0000364,DISO,sterile
MGI:5052380,ORTH,Tg(HTT*/EGFP)190Nn [involves: C57BL/6 * DBA/2]
WBPhenotype:0002469,DISO,plate tap habituation variant
WBPhenotype:0001644,DISO,protein metabolism variant
MP:0012342,DISO,high preference for an addictive substance
WBPhenotype:0001180,DISO,accumulated germline cell corpses
MONARCH:APO_0000271APO_0000003,GENO,RNA modification:decreased
MONARCH:APO_0000101APO_0000002,GENO,fermentative metabolism:abnormal
HP:0001909,DISO,Leukemia
ENSEMBL:ENSBTAG00000038111,ORTH,F1MMT9
Xenbase:XB-GENE-484711,ORTH,mhc1b2
ENSEMBL:ENSSSCG00000008692,ORTH,ADD1
MGI:2177755,ORTH,Htt<tm2Szi>
HP:0025435,DISO,Increased circulating lactate dehydrogenase concentration
ENSEMBL:ENSOANG00000008102,ORTH,ENSEMBL:ENSOANG00000008102
ZP:0003720,DISO,"axon motor neuron branched, abnormal"
MP:0020316,DISO,decreased vascular endothelial cell proliferation
ZFIN:ZDB-GENE-130404-2,ORTH,rnf20
MGI:1891698,ORTH,Pnkp
MP:0009902,DISO,abnormal lateral nasal prominence morphology
ENSEMBL:ENSCAFG00000013510,ORTH,ENSEMBL:ENSCAFG00000013510
ZFIN:ZDB-GENE-040426-837,ORTH,ptdss1a
ZP:0001793,DISO,"pancreas decreased size, abnormal"
HP:0010821,DISO,Focal emotional seizure with laughing
SGD:S000001069,ORTH,RPN1
MP:0012541,DISO,absent lamina terminalis
ENSEMBL:ENSPTRG00000020428,ORTH,ENSEMBL:ENSPTRG00000020428
ENSEMBL:ENSBTAG00000002960,ORTH,ENSEMBL:ENSBTAG00000002960
ENSEMBL:ENSACAG00000011170,ORTH,ENSEMBL:ENSACAG00000011170
MP:0006378,DISO,abnormal spermatogonia morphology
RGD:3234,ORTH,Oprm1
ZP:0018435,DISO,"photoreceptor inner segment photoreceptor cell absent, abnormal"
NCBIGene:100492955,GENE,LOC100492955
MGI:2143994,ORTH,Psme4
HP:0012727,DISO,Thoracic aortic aneurysm
MP:0020348,DISO,decreased olfactory sensory neuron number
MP:0004502,DISO,decreased incidence of tumors by chemical induction
ENSEMBL:ENSPTRG00000050477,ORTH,ENSEMBL:ENSPTRG00000050477
WormBase:WBGene00001748,ORTH,gsp-2
Xenbase:XB-GENE-969277,ORTH,bag3
WormBase:WBGene00000001,ORTH,aap-1
FlyBase:FBgn0040233,ORTH,cana
MGI:5466506,ORTH,Zdhhc13<Gt(AC0492)Wtsi>/Zdhhc13<Gt(AC0492)Wtsi> [FVB.129P2-Zdhhc13<Gt(AC0492)Wtsi>]
PomBase:SPBC215.15,GENO,sec13
ENSEMBL:ENSOANG00000048350,ORTH,ENSEMBL:ENSOANG00000048350
WBPhenotype:0002596,DISO,sleep deprivation-induced brood size reduction suppressed
MGI:2654144,ORTH,Ercc6l
ENSEMBL:ENSPTRG00000002771,ORTH,ENSEMBL:ENSPTRG00000002771
MONARCH:APO_0000149APO_0000005,GENO,protein/peptide accumulation:absent
ENSEMBL:ENSFCAG00000037922,ORTH,ENSEMBL:ENSFCAG00000037922
MP:0000749,DISO,muscle degeneration
ZP:0002914,DISO,"adherens junction blood vessel endothelial cell physical object quality, abnormal"
RGD:1624211,ORTH,RT1-T24-3
MONARCH:APO_0000131APO_0000002,GENO,protein/peptide modification:abnormal
ZFIN:ZDB-GENE-000822-3,ORTH,hoxc11b
FBcv:0000442,DISO,radiation sensitive
WBPhenotype:0001037,DISO,sterile progeny
MP:0006092,DISO,abnormal olfactory sensory neuron morphology
MP:0009220,DISO,increased prostate gland adenocarcinoma incidence
HP:0012304,DISO,Hypoplastic aortic arch
Xenbase:XB-GENE-854557,ORTH,dnali1
MP:0004500,DISO,increased incidence of tumors by ionizing radiation induction
ZP:0003686,DISO,"oligodendrocyte spinal cord decreased amount, abnormal"
ENSEMBL:ENSMODG00000044974,ORTH,ENSEMBL:ENSMODG00000044974
ZP:0100480,DISO,"posterior region neuroectoderm absent, abnormal"
GO:2001237,PHYS,negative regulation of extrinsic apoptotic signaling pathway
ENSEMBL:ENSGALG00000009433,ORTH,ENSEMBL:ENSGALG00000009433
MGI:95640,ORTH,Gapdh
HP:0003212,DISO,Increased circulating IgE level
EnsemblGenome:AT4G37010,ORTH,EnsemblGenome:AT4G37010
WormBase:WBGene00001500,ORTH,ftn-1
MP:0011003,DISO,reduced AMPA-mediated synaptic currents
MP:0005059,DISO,lysosomal protein accumulation
FlyBase:FBgn0024556,ORTH,mEFTu1
ENSEMBL:ENSPTRG00000039222,ORTH,ENSEMBL:ENSPTRG00000039222
WBPhenotype:0001077,DISO,chromosome segregation variant karyomeres early emb
ENSEMBL:ENSPTRG00000005470,ORTH,ENSEMBL:ENSPTRG00000005470
Xenbase:XB-GENE-6258723,ORTH,crebbp
MP:0011963,DISO,abnormal total retina thickness
MP:0002217,DISO,small lymph nodes
RGD:1305980,ORTH,Mbd1
MGI:107384,ORTH,Dnm1
ENSEMBL:ENSMODG00000001936,ORTH,ENSEMBL:ENSMODG00000001936
RGD:621734,ORTH,Ncdn
WBPhenotype:0001846,DISO,phagosome maturation defective
ZP:0011931,DISO,"retinal pigmented epithelium distended, abnormal"
dbSNPIndividual:22796,GENO,46;XY.arr(1-22)x2;(XY)x1 [GM09197]
ENSEMBL:ENSCAFG00000017487,ORTH,J9NX83
MP:0030940,DISO,impaired autophagy
ENSEMBL:ENSMMUG00000020043,ORTH,ENSEMBL:ENSMMUG00000020043
MP:0006071,DISO,abnormal retinal progenitor cell morphology
ENSEMBL:ENSPTRG00000001856,ORTH,ENSEMBL:ENSPTRG00000001856
MP:0001176,DISO,abnormal lung development
SGD:S000005398,ORTH,PRE6
MP:0011101,DISO,"prenatal lethality, incomplete penetrance"
WBPhenotype:0000660,DISO,social feeding increased
ZP:0012861,DISO,"actin cytoskeleton organization process quality, abnormal"
MP:0000662,DISO,abnormal branching of the mammary ductal tree
MP:0004180,DISO,failure of initiation of embryo turning
WBPhenotype:0002105,DISO,late endosome localization variant
ENSEMBL:ENSMODG00000017991,ORTH,ENSEMBL:ENSMODG00000017991
WBPhenotype:0001762,DISO,uptake of yolk defective
ZFIN:ZDB-GENE-110713-1,ORTH,hsp70.3
ZP:0004741,DISO,"neuron development process quality, abnormal"
ENSEMBL:ENSECAG00000010033,ORTH,ENSEMBL:ENSECAG00000010033
MP:0004263,DISO,abnormal limb posture
PomBase:SPAC15A10.08,GENO,ain1
HP:0000650,DISO,Abnormal amplitude of pattern reversal visual evoked potentials
MP:0005292,DISO,improved glucose tolerance
PomBase:SPAC57A7.06,GENO,utp14
ZP:0006866,DISO,"mitotic cell cycle arrest increased duration, abnormal"
ENSEMBL:ENSECAG00000006983,ORTH,ENSEMBL:ENSECAG00000006983
ZP:0013553,DISO,"gonad development process quality, abnormal"
EFO:0010128,GENO,immunoglobulin isotype switching measurement
HP:0012078,DISO,Motor conduction block
HP:0001970,DISO,Tubulointerstitial nephritis
ZP:0000943,DISO,"eye morphology, abnormal"
WBPhenotype:0000095,DISO,M lineage variant
Xenbase:XB-GENE-5915622,ORTH,hspa1b
HP:0012332,DISO,Abnormal autonomic nervous system physiology
ZP:0003836,DISO,"regulation of fatty acid beta-oxidation disrupted, abnormal"
dictyBase:DDB_G0288021,GENO,atg6B
ZP:0020460,DISO,"ceratohyal cartilage polarity, abnormal"
HGNC:2717,GENE,DDB1
HP:0002119,DISO,Ventriculomegaly
ZP:0006625,DISO,"pharyngeal arch disorganized, abnormal"
MP:0002739,DISO,abnormal olfactory bulb development
ENSEMBL:ENSMMUG00000015824,ORTH,ENSEMBL:ENSMMUG00000015824
ZP:0103451,DISO,"angiogenic sprout central artery complexity, abnormal"
HGNC:27731,GENE,LINC01098
ZFIN:ZDB-GENE-081107-14,ORTH,znf451
ZP:0000938,DISO,"swimming behavior decreased duration, abnormal"
MP:0008817,DISO,hematoma
dbSNP:rs1313771,GENO,rs1313771-C
ZP:0008026,DISO,"eye lacks all parts of type retinal photoreceptor layer, abnormal"
ENSEMBL:ENSMODG00000012015,ORTH,ENSEMBL:ENSMODG00000012015
ENSEMBL:ENSBTAG00000016590,ORTH,NME4
WormBase:WBGene00020707,ORTH,wago-10
ZP:0001397,DISO,"retina layer formation delayed, abnormal"
MP:0000550,DISO,abnormal forelimb morphology
MP:0005378,DISO,growth/size/body region phenotype
HP:0009890,DISO,High anterior hairline
ENSEMBL:ENSBTAG00000025441,ORTH,ENSEMBL:ENSBTAG00000025441
WormBase:WBGene00010698,ORTH,K08H10.6
ZFIN:ZDB-GENE-040426-1043,ORTH,nme4
ENSEMBL:ENSPTRG00000004577,ORTH,ENSEMBL:ENSPTRG00000004577
MGI:5565691,ORTH,Tg(UBC-GFP/HTT*84Q)22Shya [involves: FVB]
Xenbase:XB-GENE-489955,ORTH,rangap1
MGI:87986,ORTH,Akt1
WormBase:WBGene00003948,ORTH,pbs-2
ZFIN:ZDB-GENE-050419-126,ORTH,ttc23
RGD:1595070,ORTH,Dppa4
MP:0005220,DISO,abnormal exocrine pancreas morphology
WBPhenotype:0000703,DISO,epithelial morphology variant
RGD:621375,ORTH,Ikbkb
ENSEMBL:ENSFCAG00000004458,ORTH,ENSEMBL:ENSFCAG00000004458
SGD:S000003588,ORTH,TDH1
dictyBase:DDB_G0284577,GENO,DDB0186079
RGD:1563155,ORTH,H2ap
ZP:0019107,DISO,"nucleus lens apoptotic, abnormal"
ENSEMBL:ENSPTRG00000014570,ORTH,ENSEMBL:ENSPTRG00000014570
ENSEMBL:ENSFCAG00000003338,ORTH,ENSEMBL:ENSFCAG00000003338
ENSEMBL:ENSGALG00000031461,ORTH,CTDP1
WBPhenotype:0002309,DISO,pausing decreased
ENSEMBL:ENSCAFG00000001211,ORTH,HMGA1
WBPhenotype:0000122,DISO,post translational processing variant
dictyBase:DDB_G0279667,GENO,H2AX
ENSEMBL:ENSMMUG00000003298,ORTH,ENSEMBL:ENSMMUG00000003298
MGI:1921367,ORTH,Actr3
ZP:0006383,DISO,"retinal ganglion cell layer absent, abnormal"
RGD:1303027,ORTH,C5ar2
MP:0001385,DISO,pup cannibalization
MP:0013236,DISO,ovary degeneration
ENSEMBL:ENSFCAG00000013098,ORTH,ENSEMBL:ENSFCAG00000013098
MP:0001204,DISO,decreased sensitivity to skin irradiation
WormBase:WBGene00003902,ORTH,pab-1
MGI:2387629,ORTH,Tardbp
ENSEMBL:ENSMMUG00000001888,ORTH,ENSEMBL:ENSMMUG00000001888
MP:0001629,DISO,abnormal heart rate
MGI:1858216,ORTH,Ube2k
ENSEMBL:ENSSSCG00000014559,ORTH,PSMD13
ZFIN:ZDB-GENE-041014-271,ORTH,dusp10
ZP:0000426,DISO,"heart increased amount, abnormal"
HP:0005263,DISO,Gastritis
ENSEMBL:ENSMODG00000012603,ORTH,ENSEMBL:ENSMODG00000012603
HP:0001878,DISO,Hemolytic anemia
MONARCH:APO_0000222APO_0000003,GENO,chemical compound excretion:decreased
ZP:0002939,DISO,"T-tubule organization process quality, abnormal"
WormBase:WBGene00008780,ORTH,hxk-1
ENSEMBL:ENSCAFG00000018659,ORTH,ENSEMBL:ENSCAFG00000018659
HP:0005978,DISO,Type II diabetes mellitus
WBPhenotype:0001645,DISO,protein degradation variant
ENSEMBL:ENSMODG00000015374,ORTH,ENSEMBL:ENSMODG00000015374
ENSEMBL:ENSGALG00000008016,ORTH,ENSEMBL:ENSGALG00000008016
FBcv:0000431,DISO,abnormal meiotic cell cycle
Xenbase:XB-GENE-5910008,ORTH,chuk
ZP:0101818,DISO,"presynapse assembly disrupted, abnormal"
Coriell:GM03865,GENO,NIGMS-GM03865
dbSNPIndividual:22189,GENO,46;XY;add(2)(pter->q?31::?);der(6)(6pter->6q?13::2q?14.1->2qter)[5]/46;XY[15].arr(1-22)x2;(XY)x1 [GM04693]
RGD:621761,ORTH,Sumo2
HGNC:26027,GENE,COMMD4
EnsemblGenome:BAA15001,ORTH,EnsemblGenome:BAA15001
HGNC:414,GENE,ALDOA
FlyBase:FBgn0033949,ORTH,Had2
RGD:628594,ORTH,Rasd2
ENSEMBL:ENSFCAG00000003278,ORTH,ENSEMBL:ENSFCAG00000003278
ENSEMBL:ENSMMUG00000021276,ORTH,ENSEMBL:ENSMMUG00000021276
FlyBase:FBgn0025643,ORTH,CG3588
ENSEMBL:ENSPTRG00000013147,ORTH,ENSEMBL:ENSPTRG00000013147
WormBase:WBGene00019979,ORTH,R09B5.11
RGD:1595869,ORTH,RT1-CE1
ENSEMBL:ENSCAFG00000016809,ORTH,RBM25
ENSEMBL:ENSCAFG00000018246,ORTH,AP2B1
MONARCH:APO_0000276APO_0000004,GENO,prion formation:increased
MP:0009583,DISO,increased keratinocyte proliferation
MONARCH:APO_0000307APO_0000005,GENO,anaerobic growth:absent
MGI:1921575,ORTH,Cltb
SGD:S000005008,ORTH,YDJ1
HGNC:9852,GENE,IPO7
MP:0020384,DISO,absent kidney epithelial cell primary cilium
HP:0001761,DISO,Pes cavus
ENSEMBL:ENSACAG00000028858,ORTH,ENSEMBL:ENSACAG00000028858
ZP:0101901,DISO,"facial nerve motor nucleus rhombomere 6 increased volume, abnormal"
MP:0008703,DISO,decreased interleukin-5 secretion
WormBase:WBGene00001747,ORTH,gsp-1
FlyBase:FBgn0036057,ORTH,Hez
MP:0000527,DISO,abnormal kidney development
HP:0007033,DISO,Cerebellar dysplasia
ZP:0103127,DISO,"atrium increased area, abnormal"
MP:0002024,DISO,increased T cell derived lymphoma incidence
ENSEMBL:ENSCAFG00000016076,ORTH,IL17RA
MP:0003732,DISO,abnormal retinal outer plexiform layer morphology
HP:0025100,DISO,Abnormal hippocampus morphology
ZP:0003855,DISO,"hepatocyte increased size, abnormal"
MP:0010955,DISO,abnormal respiratory electron transport chain
ENSEMBL:ENSECAG00000000381,ORTH,ENSEMBL:ENSECAG00000000381
GO:0030424,PHYS,axon
ZFIN:ZDB-GENE-990415-92,ORTH,hspa8
dictyBase:DDB_G0268910,GENO,rabT1
MP:0011975,DISO,neuronal cytoplasmic inclusions
PomBase:SPAC22H10.03c,GENO,kap114
ENSEMBL:ENSOANG00000009915,ORTH,ENSEMBL:ENSOANG00000009915
MONARCH:APO_0000065APO_0000004,GENO,flocculation:increased
EnsemblGenome:BAA15927,ORTH,EnsemblGenome:BAA15927
PomBase:SPBC26H8.07c,GENO,nda3
RGD:1359281,ORTH,Golph3l
MP:0011632,DISO,dilated mitochondria
MP:0009278,DISO,abnormal bone marrow cell physiology
WBPhenotype:0000199,DISO,male tail sensory ray development variant
ENSEMBL:ENSPTRG00000004404,ORTH,ENSEMBL:ENSPTRG00000004404
ENSEMBL:ENSMMUG00000044809,ORTH,ENSEMBL:ENSMMUG00000044809
ENSEMBL:ENSBTAG00000020441,ORTH,ENSEMBL:ENSBTAG00000020441
MP:0000693,DISO,spleen hyperplasia
dbSNP:rs61348208,GENO,rs61348208-T
ENSEMBL:ENSOANG00000005959,ORTH,ENSEMBL:ENSOANG00000005959
ENSEMBL:ENSECAG00000005863,ORTH,ENSEMBL:ENSECAG00000005863
ENSEMBL:ENSSSCG00000029158,ORTH,ENSEMBL:ENSSSCG00000029158
MGI:3040680,ORTH,BC048507
MP:0003159,DISO,abnormal esophageal smooth muscle morphology
ENSEMBL:ENSCAFG00000008830,ORTH,ENSEMBL:ENSCAFG00000008830
ENSEMBL:ENSACAG00000010469,ORTH,ENSEMBL:ENSACAG00000010469
ENSEMBL:ENSFCAG00000005586,ORTH,ENSEMBL:ENSFCAG00000005586
FBcv:0002024,DISO,some die during third instar larval stage
ENSEMBL:ENSMODG00000009475,ORTH,ENSEMBL:ENSMODG00000009475
ENSEMBL:ENSPTRG00000043057,ORTH,ENSEMBL:ENSPTRG00000043057
ENSEMBL:ENSOANG00000029349,ORTH,ENSEMBL:ENSOANG00000029349
MP:0003425,DISO,abnormal optic vesicle formation
HP:0001999,DISO,Abnormal facial shape
WormBase:WBGene00009101,ORTH,F25B3.4
MGI:97860,ORTH,Rasa1
ENSEMBL:ENSMODG00000012807,ORTH,ENSEMBL:ENSMODG00000012807
ZP:0138049,DISO,"response to absence of light increased process quality, abnormal"
MP:0008813,DISO,decreased common myeloid progenitor cell number
MP:0000073,DISO,absent craniofacial bones
EFO:1002040,GENO,Corneal astigmatism
HP:0100689,DISO,Decreased corneal thickness
ZP:0007648,DISO,"cell division decreased occurrence, abnormal"
ZP:0009075,DISO,"whole organism decreased fertility, abnormal"
PomBase:SPAC343.18,GENO,rfp2
ZP:0003340,DISO,"axoneme eye photoreceptor cell decreased length, abnormal"
PomBase:SPAC22F3.11c,GENO,snu23
ZP:0102975,DISO,"pharyngeal arch 3-7 has fewer parts of type ectomesenchyme, abnormal"
MP:0000696,DISO,abnormal Peyer's patch morphology
ZP:0000399,DISO,"head flat, abnormal"
WBPhenotype:0000673,DISO,brood size variant
HP:0011153,DISO,Focal motor seizure
RGD:2511,ORTH,Dync1h1
ZP:0020988,DISO,"double-strand break repair via nonhomologous end joining increased frequency, abnormal"
ZP:0020333,DISO,"fourth ventricle increased process quality mitotic cell cycle, abnormal"
EnsemblGenome:AT1G80780,ORTH,EnsemblGenome:AT1G80780
HP:0001385,DISO,Hip dysplasia
HP:0012244,DISO,Abnormal sex determination
ENSEMBL:ENSFCAG00000029288,ORTH,ENSEMBL:ENSFCAG00000029288
ENSEMBL:ENSPTRG00000030450,ORTH,ENSEMBL:ENSPTRG00000030450
ZP:0138140,DISO,"cardiac muscle cell has extra parts of type autophagosome cardiac muscle cell, abnormal"
WBPhenotype:0000359,DISO,tunicamycin response variant
SGD:S000005441,ORTH,IRA2
ENSEMBL:ENSFCAG00000004825,ORTH,ENSEMBL:ENSFCAG00000004825
ENSEMBL:ENSMODG00000025331,ORTH,ENSEMBL:ENSMODG00000025331
RGD:1308778,ORTH,Upf3a
WBPhenotype:0002519,DISO,axon length reduced
MGI:1929520,ORTH,Eef1b2
HP:0011147,DISO,Typical absence seizure
HGNC:6572,GENE,LGI1
ENSEMBL:ENSBTAG00000013271,ORTH,NCOR1
ENSEMBL:ENSECAG00000011835,ORTH,ENSEMBL:ENSECAG00000011835
EFO:0007796,GENO,parental longevity
dictyBase:DDB_G0279141,GENO,ap1b1
ENSEMBL:ENSGALG00000004858,ORTH,FICD
ENSEMBL:ENSFCAG00000039013,ORTH,ENSEMBL:ENSFCAG00000039013
HP:0000741,DISO,Apathy
FlyBase:FBgn0037481,ORTH,MAGE
HP:0000833,DISO,obsolete Glucose intolerance
WBPhenotype:0001172,DISO,programmed cell death variant
EFO:0007864,GENO,sulfate measurement
MP:0000886,DISO,abnormal cerebellar granule layer morphology
WBPhenotype:0000093,DISO,lineage variant
Coriell:GM06581,GENO,NIGMS-GM06581
WBPhenotype:0000770,DISO,embryonic cell morphology variant
ENSEMBL:ENSCAFG00000003298,ORTH,DNALI1
Xenbase:XB-GENE-494969,ORTH,rasd2
ENSEMBL:ENSBTAG00000003369,ORTH,ENSEMBL:ENSBTAG00000003369
MP:0008203,DISO,absent B-1a cells
ENSEMBL:ENSRNOG00000048248,ORTH,LOC100910446
ENSEMBL:ENSACAG00000005425,ORTH,ENSEMBL:ENSACAG00000005425
Coriell:GM04719,GENO,NIGMS-GM04719
MP:0000219,DISO,increased neutrophil cell number
SGD:S000000948,ORTH,LSM5
FBcv:0000353,DISO,cell lethal
WBPhenotype:0000760,DISO,spindle orientation defective early emb
ENSEMBL:ENSACAG00000023667,ORTH,ENSEMBL:ENSACAG00000023667
WormBase:WBGene00006808,ORTH,unc-76
ZFIN:ZDB-GENE-141210-9,ORTH,csnk2a4
MP:0005369,DISO,muscle phenotype
MP:0008794,DISO,increased lens epithelium apoptosis
MP:0013177,DISO,abnormal tail tip morphology
ENSEMBL:ENSGALG00000009248,ORTH,ENSEMBL:ENSGALG00000009248
MP:0005332,DISO,abnormal amino acid level
MP:0000102,DISO,abnormal nasal bone morphology
WBPhenotype:0001944,DISO,oocyte number decreased
ENSEMBL:ENSACAG00000004282,ORTH,ENSEMBL:ENSACAG00000004282
ENSEMBL:ENSPTRG00000048762,ORTH,ENSEMBL:ENSPTRG00000048762
MP:0002919,DISO,enhanced paired-pulse facilitation
HGNC:4272,GENE,GIT1
ENSEMBL:ENSBTAG00000009855,ORTH,FAN1
ENSEMBL:ENSECAG00000023868,ORTH,ENSEMBL:ENSECAG00000023868
WBPhenotype:0000306,DISO,transgene expression variant
ENSEMBL:ENSACAG00000013026,ORTH,ENSEMBL:ENSACAG00000013026
EFO:0008394,GENO,verbal-numerical reasoning measurement
MP:0004978,DISO,decreased B-1 B cell number
MP:0002875,DISO,decreased erythrocyte cell number
ZP:0006338,DISO,"retinal photoreceptor layer absent, abnormal"
WBPhenotype:0001215,DISO,germ cell mitosis variant
SGD:S000000517,ORTH,GBP2
MP:0003400,DISO,kinked neural tube
dictyBase:DDB_G0274613,GENO,DDB_G0274613
WBPhenotype:0000070,DISO,male tail morphology variant
ENSEMBL:ENSGALG00000000419,ORTH,ENSEMBL:ENSGALG00000000419
FlyBase:FBgn0025800,ORTH,Smox
ENSEMBL:ENSMMUG00000004794,ORTH,ENSEMBL:ENSMMUG00000004794
WBPhenotype:0000174,DISO,basal lamina development variant
HP:0001518,DISO,Small for gestational age
ENSEMBL:ENSACAG00000011520,ORTH,ENSEMBL:ENSACAG00000011520
ZP:0007333,DISO,"neuromast hair cell absent, abnormal"
ENSEMBL:ENSACAG00000015019,ORTH,ENSEMBL:ENSACAG00000015019
MP:0005165,DISO,increased susceptibility to injury
MP:0009142,DISO,decreased prepulse inhibition
ENSEMBL:ENSACAG00000003919,ORTH,ENSEMBL:ENSACAG00000003919
ZP:0100741,DISO,"rhombomere 4 has extra parts of type facial nerve motor nucleus neuron projection motor neuron, abnormal"
ZP:0002203,DISO,"trunk decreased thickness, abnormal"
EFO:0004765,GENO,visceral adipose tissue measurement
ZP:0008025,DISO,"cell lens nucleate quality, abnormal"
ENSEMBL:ENSECAG00000023181,ORTH,ENSEMBL:ENSECAG00000023181
MGI:107412,ORTH,Ube2e3
MP:0005455,DISO,increased susceptibility to weight gain
FlyBase:FBgn0033027,ORTH,TpnC4
dictyBase:DDB_G0281493,GENO,sodD
ZP:0000347,DISO,"floor plate quality, abnormal"
HP:0001639,DISO,Hypertrophic cardiomyopathy
ENSEMBL:ENSMMUG00000022618,ORTH,ENSEMBL:ENSMMUG00000022618
Coriell:GM06769,GENO,NIGMS-GM06769
ENSEMBL:ENSMMUG00000029174,ORTH,ENSEMBL:ENSMMUG00000029174
ZP:0101821,DISO,"retina decreased occurrence Notch signaling pathway, abnormal"
ENSEMBL:ENSOANG00000001783,ORTH,ENSEMBL:ENSOANG00000001783
ENSEMBL:ENSBTAG00000015073,ORTH,CRPPA
ENSEMBL:ENSOANG00000041217,ORTH,ENSEMBL:ENSOANG00000041217
HP:0000518,DISO,Cataract
ENSEMBL:ENSPTRG00000050230,ORTH,ENSEMBL:ENSPTRG00000050230
HGNC:25471,GENE,WIPI1
HP:0011097,DISO,Epileptic spasm
ENSEMBL:ENSMODG00000038324,ORTH,ENSEMBL:ENSMODG00000038324
EFO:0004584,GENO,mean platelet volume
dictyBase:DDB_G0280643,GENO,DDB_G0280643
RGD:1562602,ORTH,Pml
ENSEMBL:ENSCAFG00000000185,ORTH,STX7
Xenbase:XB-GENE-494200,ORTH,grin1
WBPhenotype:0001485,DISO,ER stress response variant
ENSEMBL:ENSFCAG00000003525,ORTH,ENSEMBL:ENSFCAG00000003525
WormBase:WBGene00022463,ORTH,elpc-1
ENSEMBL:ENSMODG00000013418,ORTH,ENSEMBL:ENSMODG00000013418
FlyBase:FBgn0036004,ORTH,Jarid2
FBcv:0000400,DISO,abnormal mating
MGI:1333837,ORTH,Magea6
ZFIN:ZDB-GENE-060312-27,ORTH,ftr67
HGNC:20261,GENE,NUP58
ENSEMBL:ENSPTRG00000015524,ORTH,ENSEMBL:ENSPTRG00000015524
MGI:1352493,ORTH,Bag3
ZP:0004499,DISO,"contractile fiber somite undulate, abnormal"
SGD:S000003765,ORTH,APL1
WormBase:WBGene00000285,ORTH,cal-1
dictyBase:DDB_G0275023,GENO,act22
ZP:0000397,DISO,"central nervous system necrotic, abnormal"
WormBase:WBGene00003102,ORTH,mab-5
ENSEMBL:ENSACAG00000008874,ORTH,ENSEMBL:ENSACAG00000008874
ENSEMBL:ENSSSCG00000029944,ORTH,FASN
HP:0004444,DISO,Spherocytosis
MONARCH:APO_0000303APO_0000002,GENO,endomembrane system morphology:abnormal
MGI:2446143,ORTH,Zfc3h1
EnsemblGenome:BAE77340,ORTH,EnsemblGenome:BAE77340
ENSEMBL:ENSMODG00000024504,ORTH,ENSEMBL:ENSMODG00000024504
MGI:2385206,ORTH,Pabpc4
ENSEMBL:ENSMMUG00000012920,ORTH,ENSEMBL:ENSMMUG00000012920
ZP:0003998,DISO,"cerebellum disorganized, abnormal"
WBPhenotype:0001084,DISO,sodium chloride chemotaxis defective
MGI:3030548,ORTH,Olfr714
MP:0001661,DISO,extended life span
ZP:0104033,DISO,"memory process quality, abnormal"
ENSEMBL:ENSCAFG00000013916,ORTH,SYVN1
MP:0010393,DISO,shortened QRS complex duration
ZP:0010097,DISO,"neuromast lateral line decreased amount, abnormal"
ENSEMBL:ENSCAFG00000001886,ORTH,H9GW49
MP:0002971,DISO,abnormal brown adipose tissue morphology
SGD:S000005952,ORTH,PHO85
MP:0001695,DISO,abnormal gastrulation
EFO:0005763,GENO,pulse pressure measurement
ZP:0004747,DISO,"digestive tract development process quality, abnormal"
PomBase:SPBC106.16,GENO,pre6
dictyBase:DDB_G0283459,GENO,DDB0220684
ENSEMBL:ENSACAG00000012331,ORTH,ENSEMBL:ENSACAG00000012331
ENSEMBL:ENSOANG00000011115,ORTH,ENSEMBL:ENSOANG00000011115
MP:0004215,DISO,abnormal myocardial fiber physiology
WBPhenotype:0001971,DISO,germ cell compartment anucleate
MP:0003638,DISO,abnormal response/metabolism to endogenous compounds
ZP:0004624,DISO,"cardiac conduction disrupted, abnormal"
ENSEMBL:ENSMODG00000012747,ORTH,ENSEMBL:ENSMODG00000012747
WormBase:WBGene00000793,ORTH,crh-1
ENSEMBL:ENSCAFG00000032015,ORTH,ENSEMBL:ENSCAFG00000032015
ENSEMBL:ENSPTRG00000043959,ORTH,ENSEMBL:ENSPTRG00000043959
HP:0001561,DISO,Polyhydramnios
ENSEMBL:ENSECAG00000015533,ORTH,ENSEMBL:ENSECAG00000015533
ZP:0000034,DISO,"hindbrain quality, abnormal"
ENSEMBL:ENSCAFG00000002103,ORTH,J9P6C4
ENSEMBL:ENSPTRG00000014221,ORTH,ENSEMBL:ENSPTRG00000014221
MGI:105384,ORTH,Hspa8
HP:0012863,DISO,Abnormal male germ cell morphology
ENSEMBL:ENSSSCG00000037530,ORTH,TACC2
HP:0000529,DISO,Progressive visual loss
MGI:3698041,ORTH,Htt<tm5Mem>/Htt<+> [involves: 129S1/Sv * 129X1/SvJ * CD-1]
WormBase:WBGene00008230,ORTH,pfk-1.2
ENSEMBL:ENSPTRG00000043794,ORTH,ENSEMBL:ENSPTRG00000043794
FlyBase:FBgn0035520,ORTH,CG11586
dictyBase:DDB_G0294569,GENO,DDB_G0294569
MP:0003927,DISO,increased cellular glucose import
MP:0000890,DISO,thin cerebellar molecular layer
FBcv:0000446,DISO,melanotic mass phenotype
MP:0004410,DISO,absent endocochlear potential
MONARCH:APO_0000309APO_0000003,GENO,respiratory growth:decreased
MP:0009677,DISO,abnormal spinal cord dorsal column morphology
ENSEMBL:ENSGALG00000052732,ORTH,A0A3Q2TYX2
HP:0011314,DISO,Abnormality of long bone morphology
ZP:0002542,DISO,"neural keel increased width, abnormal"
MGI:1918944,ORTH,Ipo9
ENSEMBL:ENSMMUG00000004877,ORTH,ENSEMBL:ENSMMUG00000004877
MP:0008325,DISO,abnormal gonadotroph morphology
ENSEMBL:ENSOANG00000046617,ORTH,ENSEMBL:ENSOANG00000046617
WBPhenotype:0001102,DISO,mitotic spindle defective early emb
WBPhenotype:0001973,DISO,germ cell compartment size variant
ENSEMBL:ENSMODG00000023910,ORTH,ENSEMBL:ENSMODG00000023910
MP:0006265,DISO,increased pulse pressure
HP:0040327,DISO,Abnormal morphology of the olfactory bulb
ENSEMBL:ENSBTAG00000007684,ORTH,MSH3
ENSEMBL:ENSGALG00000012186,ORTH,CASP6
ENSEMBL:ENSECAG00000040214,ORTH,ENSEMBL:ENSECAG00000040214
MP:0005343,DISO,increased circulating aspartate transaminase level
MP:0005241,DISO,abnormal retinal ganglion layer morphology
RGD:621825,ORTH,Pfn1
ENSEMBL:ENSACAG00000000190,ORTH,ENSEMBL:ENSACAG00000000190
MONARCH:APO_0000157APO_0000003,GENO,utilization of iron source:decreased
RGD:735127,ORTH,Psmd6
HP:0100704,DISO,Cerebral visual impairment
MP:0005598,DISO,decreased ventricle muscle contractility
ZP:0002456,DISO,"whole organism decreased weight, abnormal"
HP:0000256,DISO,Macrocephaly
ZFIN:ZDB-GENE-070912-230,ORTH,ftr08
ENSEMBL:ENSECAG00000017817,ORTH,ENSEMBL:ENSECAG00000017817
ENSEMBL:ENSSSCG00000011407,ORTH,ENSEMBL:ENSSSCG00000011407
MP:0001391,DISO,abnormal tail movements
ZFIN:ZDB-GENE-050417-464,ORTH,mhc1laa
WBPhenotype:0000073,DISO,tail morphology variant
MP:0008182,DISO,decreased marginal zone B cell number
HP:0009623,DISO,Proximal placement of thumb
dictyBase:DDB_G0272454,GENO,DDB0217014
ENSEMBL:ENSBTAG00000048505,ORTH,ENSEMBL:ENSBTAG00000048505
MP:0001565,DISO,abnormal circulating phosphate level
ZP:0006335,DISO,"cell eye apoptotic, abnormal"
FBcv:0000370,DISO,male sterile
MP:0020523,DISO,decreased susceptibility to induced hypothermia
ENSEMBL:ENSECAG00000020459,ORTH,ENSEMBL:ENSECAG00000020459
ENSEMBL:ENSPTRG00000048969,ORTH,ENSEMBL:ENSPTRG00000048969
ENSEMBL:ENSCAFG00000009759,ORTH,ENSEMBL:ENSCAFG00000009759
MP:0001011,DISO,abnormal superior cervical ganglion morphology
MP:0001435,DISO,absent suckling reflex
MP:0008916,DISO,abnormal astrocyte physiology
ENSEMBL:ENSGALG00000051088,ORTH,A0A3Q2UMZ6
HP:0002015,DISO,Dysphagia
PomBase:SPAC1B3.05,GENO,not3
ZP:0101816,DISO,"neuromuscular junction ventral root structure, abnormal"
HP:0000426,DISO,Prominent nasal bridge
ENSEMBL:ENSGALG00000051280,ORTH,LOC107049075
ENSEMBL:ENSACAG00000015801,ORTH,ENSEMBL:ENSACAG00000015801
ENSEMBL:ENSCAFG00000031663,ORTH,ENSEMBL:ENSCAFG00000031663
ENSEMBL:ENSSSCG00000024974,ORTH,ENSEMBL:ENSSSCG00000024974
MONARCH:APO_0000046APO_0000002,GENO,silencing:abnormal
SGD:S000004593,ORTH,TUB3
HP:0005469,DISO,Flat occiput
ENSEMBL:ENSBTAG00000016313,ORTH,ENSEMBL:ENSBTAG00000016313
ENSEMBL:ENSOANG00000040605,ORTH,ENSEMBL:ENSOANG00000040605
ZFIN:ZDB-GENE-040822-18,ORTH,cdc26
FBcv:0000424,DISO,abnormal cell death
HP:0000519,DISO,Developmental cataract
ZP:0008036,DISO,"slow muscle cell decreased diameter, abnormal"
WBPhenotype:0001887,DISO,excess seam cells
dictyBase:DDB_G0288795,GENO,DDB_G0288795
ZP:0010450,DISO,"M band myotome disorganized, abnormal"
ENSEMBL:ENSG00000253978,ORTH,ENSEMBL:ENSG00000253978
ZP:0008117,DISO,"myofibril myotome disorganized, abnormal"
ENSEMBL:ENSGALG00000004222,ORTH,HK1
Xenbase:XB-GENE-487200,ORTH,ctnnb1
ENSEMBL:ENSECAG00000039147,ORTH,ENSEMBL:ENSECAG00000039147
WormBase:WBGene00004467,ORTH,rpn-11
MP:0002268,DISO,abnormal terminal bronchiole morphology
MP:0004956,DISO,decreased thymus weight
HP:0002197,DISO,Generalized-onset seizure
WBPhenotype:0001481,DISO,thrashing increased
ZFIN:ZDB-GENE-030131-1731,ORTH,lgi1a
EnsemblGenome:AT4G31710,ORTH,EnsemblGenome:AT4G31710
ZP:0013869,DISO,"sarcomere slow muscle cell morphology, abnormal"
WBPhenotype:0000227,DISO,male turning defective
PomBase:SPAC13G7.02c,GENO,ssa1
ENSEMBL:ENSCAFG00000013354,ORTH,BDH1
dictyBase:DDB_G0288873,GENO,DDB0219387
ZP:0001020,DISO,"embryo development paedomorphic growth, abnormal"
ENSEMBL:ENSSSCG00000018051,ORTH,COPS3
Xenbase:XB-GENE-992563,ORTH,crmp1
HP:0025092,DISO,Epidermal acanthosis
MP:0006260,DISO,abnormal gustatory papillae taste bud morphology
MP:0012320,DISO,abnormal body fat mass
ENSEMBL:ENSGALG00000040474,ORTH,ENSEMBL:ENSGALG00000040474
HGNC:10697,GENE,SEC13
MGI:5429322,ORTH,Tg(HDexon1)62Gpb [B6CBA-Tg(HDexon1)62Gpb/3J]
MP:0000373,DISO,belly spot
MP:0005458,DISO,increased percent body fat/body weight
ZFIN:ZDB-GENE-060503-207,ORTH,kat2b
MP:0005605,DISO,increased bone mass
MP:0004852,DISO,decreased testis weight
HP:0002148,DISO,Hypophosphatemia
ZP:0008622,DISO,"retinal ganglion cell mislocalised, abnormal"
MP:0000826,DISO,abnormal third ventricle morphology
ZP:0001067,DISO,"ceratobranchial cartilage aplastic, abnormal"
ENSEMBL:ENSBTAG00000045839,ORTH,G3N2K6
ENSEMBL:ENSCAFG00000009963,ORTH,PSMD14
WormBase:WBGene00011735,ORTH,hip-1
ENSEMBL:ENSMMUG00000010269,ORTH,ENSEMBL:ENSMMUG00000010269
ENSEMBL:ENSFCAG00000040788,ORTH,ENSEMBL:ENSFCAG00000040788
HP:0002021,DISO,Pyloric stenosis
MP:0012360,DISO,abnormal large unstained cell number
ENSEMBL:ENSOANG00000020714,ORTH,ENSEMBL:ENSOANG00000020714
WBPhenotype:0001072,DISO,response to food variant
MP:0004227,DISO,increased cellular sensitivity to ionizing radiation
MP:0002427,DISO,disproportionate dwarf
ENSEMBL:ENSCAFG00000002325,ORTH,E2RNN4
MP:0003641,DISO,small lung
ZP:0011508,DISO,"optic tectum increased occurrence cell proliferation in midbrain, abnormal"
ZP:0006750,DISO,"adherens junction blood vessel endothelium decreased object quality, abnormal"
ENSEMBL:ENSBTAG00000001069,ORTH,ENSEMBL:ENSBTAG00000001069
WBPhenotype:0000140,DISO,stress induced arrest variant
dictyBase:DDB_G0281215,GENO,TFIIIB2
ZP:0009848,DISO,"spinal cord has fewer parts of type oligodendrocyte, abnormal"
MONARCH:APO_0000225APO_0000004,GENO,mitotic recombination:increased
WormBase:WBGene00019862,ORTH,nrde-3
MP:0003122,DISO,maternal imprinting
FlyBase:FBgn0001216,ORTH,Hsc70-1
ENSEMBL:ENSBTAG00000036009,ORTH,ENSEMBL:ENSBTAG00000036009
ENSEMBL:ENSMODG00000017481,ORTH,ENSEMBL:ENSMODG00000017481
ENSEMBL:ENSPTRG00000005684,ORTH,ENSEMBL:ENSPTRG00000005684
WBPhenotype:0001569,DISO,body wall muscle myosin organization defective
ENSEMBL:ENSBTAG00000009985,ORTH,ENSEMBL:ENSBTAG00000009985
MP:0030252,DISO,narrow frontonasal prominence
WBPhenotype:0001946,DISO,pachytene progression during oogenesis variant
WBPhenotype:0001777,DISO,pre mRNA levels increased
MONARCH:APO_0000106APO_0000117,GENO,vegetative growth:normal
MP:0001125,DISO,abnormal oocyte morphology
ENSEMBL:ENSRNOG00000048704,ORTH,E9PTV9
dictyBase:DDB_G0279305,GENO,rsmJ
MP:0001613,DISO,abnormal vasodilation
RGD:620925,ORTH,Ppargc1a
dictyBase:DDB_G0289593,GENO,tufm
PomBase:SPAC22F8.06,GENO,pam1
ENSEMBL:ENSOANG00000048044,ORTH,ENSEMBL:ENSOANG00000048044
ZP:0001211,DISO,"swim bladder uninflated, abnormal"
ZP:0001460,DISO,"notochord deformed, abnormal"
WormBase:WBGene00044071,ORTH,dhhc-14
MONARCH:APO_0000277APO_0000005,GENO,prion loss:absent
HGNC:9935,GENE,RCN2
ZP:0001668,DISO,"neuromuscular junction development process quality, abnormal"
MP:0010639,DISO,abnormal tumor pathology
WBPhenotype:0001405,DISO,protein aggregation variant
MP:0008682,DISO,decreased interleukin-17 secretion
ENSEMBL:ENSOANG00000048067,ORTH,ENSEMBL:ENSOANG00000048067
ENSEMBL:ENSMODG00000009033,ORTH,ENSEMBL:ENSMODG00000009033
Coriell:GM04230,GENO,NIGMS-GM04230
ENSEMBL:ENSACAG00000014733,ORTH,ENSEMBL:ENSACAG00000014733
HP:0000098,DISO,Tall stature
ZP:0001464,DISO,"heart position, abnormal"
ENSEMBL:ENSACAG00000009052,ORTH,ENSEMBL:ENSACAG00000009052
WormBase:WBGene00000964,ORTH,dhp-2
ENSEMBL:ENSCAFG00000008647,ORTH,TKT
ZP:0001145,DISO,"post-vent region kinked, abnormal"
FlyBase:FBgn0036790,ORTH,AstC-R1
RGD:1310836,ORTH,Ptges2
HP:0001291,DISO,Abnormal cranial nerve morphology
ENSEMBL:ENSCAFG00000007528,ORTH,ENSEMBL:ENSCAFG00000007528
ENSEMBL:ENSOANG00000038541,ORTH,ENSEMBL:ENSOANG00000038541
MP:0008482,DISO,decreased spleen germinal center number
ZP:0003142,DISO,"neuron spinal cord decreased amount, abnormal"
dictyBase:DDB_G0289507,GENO,act25
MGI:1931052,ORTH,Aldoart2
MP:0006030,DISO,abnormal otic vesicle development
MP:0008553,DISO,increased circulating tumor necrosis factor level
EFO:0007788,GENO,BMI-adjusted waist-hip ratio
HP:0006984,DISO,Distal sensory loss of all modalities
HP:0000612,DISO,Iris coloboma
dictyBase:DDB_G0269484,GENO,dictyBase:DDB_G0269484
MP:0009146,DISO,abnormal pancreatic acinar cell morphology
WormBase:WBGene00004282,ORTH,rab-30
ZFIN:ZDB-GENE-030131-2981,ORTH,sp5l
WormBase:WBGene00004033,ORTH,pkc-2
Xenbase:XB-GENE-493909,ORTH,actn1
ENSEMBL:ENSCAFG00000004116,ORTH,ENSEMBL:ENSCAFG00000004116
ENSEMBL:ENSGALG00000035254,ORTH,LOC107051192
dictyBase:DDB_G0271676,GENO,DDB_G0271676
ZP:0019047,DISO,"nucleus photoreceptor cell disorganized, abnormal"
HP:0030781,DISO,Increased circulating free fatty acid level
MGI:104884,ORTH,Psmb1
ENSEMBL:ENSOANG00000036451,ORTH,ENSEMBL:ENSOANG00000036451
FlyBase:FBgn0028688,ORTH,Rpn7
WBPhenotype:0001226,DISO,commissure variant
ENSEMBL:ENSMMUG00000006362,ORTH,ENSEMBL:ENSMMUG00000006362
ENSEMBL:ENSMODG00000013097,ORTH,ENSEMBL:ENSMODG00000013097
WormBase:WBGene00009027,ORTH,F21G4.6
ZP:0019799,DISO,"posterior lateral plate mesoderm decreased amount, abnormal"
ENSEMBL:ENSGALG00000006799,ORTH,ENSEMBL:ENSGALG00000006799
SGD:S000002832,ORTH,DYN2
WBPhenotype:0000511,DISO,nuclear positioning variant
ENSEMBL:ENSACAG00000004408,ORTH,ENSEMBL:ENSACAG00000004408
dictyBase:DDB_G0284679,GENO,DDB0186138
ENSEMBL:ENSECAG00000010644,ORTH,ENSEMBL:ENSECAG00000010644
ZP:0006354,DISO,"endoplasmic reticulum hepatocyte vacuolated, abnormal"
ENSEMBL:ENSMMUG00000010536,ORTH,ENSEMBL:ENSMMUG00000010536
ZP:0008447,DISO,"vesicle hair cell anterior macula increased diameter, abnormal"
ZP:0005772,DISO,"midbrain hindbrain boundary hemorrhagic, abnormal"
dictyBase:DDB_G0276019,GENO,gefY
ENSEMBL:ENSSSCG00000021355,ORTH,SOD1
MP:0009385,DISO,abnormal dermal pigmentation
ENSEMBL:ENSECAG00000024877,ORTH,ENSEMBL:ENSECAG00000024877
MP:0000981,DISO,hyperinnervation of hair-down cells
MGI:108072,ORTH,Traf6
ENSEMBL:ENSGALG00000034716,ORTH,ENSEMBL:ENSGALG00000034716
MP:0010760,DISO,abnormal macrophage chemotaxis
WBPhenotype:0000962,DISO,level of transgene expression variant
ENSEMBL:ENSMODG00000013465,ORTH,ENSEMBL:ENSMODG00000013465
MGI:1333838,ORTH,Magea5
RGD:2933,ORTH,Itpr1
HP:0031793,DISO,Increased serum leptin
ENSEMBL:ENSMODG00000005868,ORTH,ENSEMBL:ENSMODG00000005868
Coriell:GM01085,GENO,NIGMS-GM01085
