index_id,id,semantic,label,semantic_id
0,ZP:0003032,phenotype,"extension quality, abnormal",8
1,MP:0011749,phenotype,perivascular fibrosis,8
2,ClinVarVariant:568924,variant,NM_004006.2(DMD):c.7247T>A (p.Leu2416Ter),10
3,MP:0002551,phenotype,abnormal blood coagulation,8
4,RGD:1305759,gene,Pxn,4
5,ZFIN:ZDB-GENE-090312-131,gene,tmod1,4
6,Coriell:GM23086,biological artifact,NIGMS-GM23086,0
7,FBcv:0000718,phenotype,decreased cell growth,8
8,ENSEMBL:ENSGALG00000013968,gene,ENSEMBL:ENSGALG00000013968,4
9,ENSEMBL:ENSACAG00000010643,gene,ENSEMBL:ENSACAG00000010643,4
10,ENSEMBL:ENSECAG00000008204,gene,ENSEMBL:ENSECAG00000008204,4
11,ENSEMBL:ENSOANG00000040856,gene,ENSEMBL:ENSOANG00000040856,4
12,OMIM:300377.0026,variant,"DMD, CYS3340TYR",10
13,MP:0020391,phenotype,radial glial endfoot detachment,8
14,ENSEMBL:ENSOANG00000007166,gene,ENSEMBL:ENSOANG00000007166,4
15,ZP:0001051,phenotype,"pectoral fin decreased size, abnormal",8
16,ZFIN:ZDB-GENE-130726-1,gene,kcnj10a,4
17,WBPhenotype:0002323,phenotype,backward point velocity variant,8
18,ENSEMBL:ENSCAFG00000009411,gene,HNF4A,4
19,ZP:0000861,phenotype,"kidney increased size, abnormal",8
20,ZP:0011671,phenotype,"mitochondrial crista skeletal muscle decreased amount, abnormal",8
21,MP:0001726,phenotype,abnormal allantois morphology,8
22,ENSEMBL:ENSGALG00000030569,gene,ENSEMBL:ENSGALG00000030569,4
23,ENSEMBL:ENSCAFG00000018767,gene,SPEF2,4
24,HP:0003261,phenotype,Increased circulating IgA level,8
25,ENSEMBL:ENSSSCG00000003520,gene,CDC42,4
26,ENSEMBL:ENSACAG00000017791,gene,ENSEMBL:ENSACAG00000017791,4
27,MP:0008803,phenotype,abnormal placental labyrinth vasculature morphology,8
28,ZP:0003023,phenotype,"laminin complex neural tube decreased amount, abnormal",8
29,ZP:0018462,phenotype,"cilium assembly decreased process quality, abnormal",8
30,MP:0010873,phenotype,decreased trabecular bone mass,8
31,MP:0002169,phenotype,no abnormal phenotype detected,8
32,ENSEMBL:ENSECAG00000000296,gene,ENSEMBL:ENSECAG00000000296,4
33,MGI:1194504,gene,Kcnj10,4
34,ZP:0004982,phenotype,"hindbrain apoptotic, abnormal",8
35,SGD:S000006392,gene,MLC2,4
36,MP:0011631,phenotype,decreased mitochondrial size,8
37,OMIM:300377.0049,variant,"DMD, TRP1063TER",10
38,MP:0003989,phenotype,abnormal barrel cortex morphology,8
39,ClinVarVariant:953669,variant,NM_004006.3(DMD):c.7661-1G>A,10
40,HGNC:15948,gene,ZGPAT,4
41,3025,drug,bietamiverine,3
42,ENSEMBL:ENSMODG00000000740,gene,ENSEMBL:ENSMODG00000000740,4
43,MP:0010783,phenotype,abnormal stomach wall morphology,8
44,WBPhenotype:0000349,phenotype,flaccid,8
45,HP:0002075,phenotype,Dysdiadochokinesis,8
46,HP:0001103,phenotype,Abnormal macular morphology,8
47,MP:0008779,phenotype,abnormal maternal behavior,8
48,HP:0010309,phenotype,Bifid sternum,8
49,MP:0009426,phenotype,decreased soleus weight,8
50,OMIM:300377.0011,variant,"DMD, AG-T, EX48",10
51,ENSEMBL:ENSMODG00000013288,gene,ENSEMBL:ENSMODG00000013288,4
52,HP:0008669,phenotype,Abnormal spermatogenesis,8
53,WBPhenotype:0000338,phenotype,tail swelling,8
54,ENSEMBL:ENSFCAG00000004605,gene,ENSEMBL:ENSFCAG00000004605,4
55,OMIM:300377.0034,variant,"DMD, 1-BP DEL, 724C",10
56,MP:0009405,phenotype,increased skeletal muscle fiber number,8
57,WBPhenotype:0001375,phenotype,transgene expression undetectable,8
58,ClinVarVariant:803813,variant,NM_004006.3(DMD):c.8797del (p.Glu2934fs),10
59,ZP:0000043,phenotype,"eye decreased size, abnormal",8
60,MP:0004098,phenotype,abnormal cerebellar granule cell morphology,8
61,ZP:0002590,phenotype,"whole organism decreased behavioural activity, abnormal",8
62,MP:0005318,phenotype,decreased triglyceride level,8
63,HP:0000275,phenotype,Narrow face,8
64,ENSEMBL:ENSFCAG00000035271,gene,ENSEMBL:ENSFCAG00000035271,4
65,ClinVarVariant:830691,variant,NC_000023.11:g.(?_31836708)_(31965029_?)del,10
66,MP:0003140,phenotype,dilated heart atrium,8
67,ENSEMBL:ENSCAFG00000002086,gene,ENSEMBL:ENSCAFG00000002086,4
68,HP:0003394,phenotype,Muscle spasm,8
69,ZP:0005933,phenotype,"lipid metabolic process process quality, abnormal",8
70,HP:0002305,phenotype,Athetosis,8
71,ENSEMBL:ENSMMUG00000017432,gene,ENSEMBL:ENSMMUG00000017432,4
72,ENSEMBL:ENSOANG00000008427,gene,ENSEMBL:ENSOANG00000008427,4
73,ZP:0002913,phenotype,"intersegmental vessel unlumenized, abnormal",8
74,ZP:0000532,phenotype,"heart increased size, abnormal",8
75,ENSEMBL:ENSCAFG00000005335,gene,CAPN14,4
76,ENSEMBL:ENSMODG00000016554,gene,ENSEMBL:ENSMODG00000016554,4
77,MGI:98397,gene,Src,4
78,ENSEMBL:ENSSSCG00000001698,gene,CAPN11,4
79,MP:0000527,phenotype,abnormal kidney development,8
80,ZP:0000309,phenotype,"pigment cell decreased amount, abnormal",8
81,ClinVarVariant:803833,variant,NM_004006.3(DMD):c.7858dup (p.Ile2620fs),10
82,HP:0001629,phenotype,Ventricular septal defect,8
83,ClinVarVariant:856427,variant,NM_004006.3(DMD):c.9085-2A>G,10
84,RGD:62029,gene,Myh6,4
85,ENSEMBL:ENSOANG00000051157,gene,ENSEMBL:ENSOANG00000051157,4
86,MP:0003941,phenotype,abnormal skin development,8
87,ClinVarVariant:813445,variant,NM_004020.3(DMD):c.2843+6256_2843+6260dup,10
88,ClinVarVariant:652594,variant,NM_004006.2(DMD):c.1307_1332-7556del,10
89,ClinVarVariant:166864,variant,NM_004006.2(DMD):c.883C>T (p.Arg295Ter),10
90,HP:0007750,phenotype,Hypoplasia of the fovea,8
91,ClinVarVariant:830885,variant,NC_000023.11:g.(?_32517998)_(32651077_?)del,10
92,OMIA-breed:442,biological artifact,Rottweiler (dog),0
93,MP:0000172,phenotype,abnormal bone marrow cell number,8
94,HP:0000778,phenotype,Hypoplasia of the thymus,8
95,WBPhenotype:0001658,phenotype,intercellular junction variant,8
96,ClinVarVariant:11278,variant,"DMD, 8-BP DEL, 1-BP INS, NT10692",10
97,dictyBase:DDB_G0283617,gene,cdc25,4
98,ClinVarVariant:803841,variant,NM_004006.3(DMD):c.7029G>A (p.Trp2343Ter),10
99,ENSEMBL:ENSCAFG00000004409,gene,EML2,4
100,MP:0001054,phenotype,failure of neuromuscular synapse presynaptic differentiation,8
101,EFO:0004838,phenotype,calcium measurement,8
102,ClinVarVariant:254062,variant,NM_004006.2(DMD):c.94-?_4233+?del,10
103,RGD:1310277,gene,Nfx1,4
104,ZP:0008454,phenotype,"swimming behavior decreased occurrence, abnormal",8
105,ZP:0138054,phenotype,"prepulse inhibition decreased magnitude, abnormal",8
106,ZP:0000694,phenotype,"calcium-mediated signaling disrupted, abnormal",8
107,MP:0008582,phenotype,short photoreceptor inner segment,8
108,ENSEMBL:ENSCAFG00000018154,gene,ENSEMBL:ENSCAFG00000018154,4
109,ENSEMBL:ENSMODG00000020578,gene,ENSEMBL:ENSMODG00000020578,4
110,ENSEMBL:ENSGALG00000020084,gene,ENSEMBL:ENSGALG00000020084,4
111,ClinVarVariant:409908,variant,NM_004006.2(DMD):c.4072-1G>T,10
112,WBPhenotype:0000433,phenotype,DNA synthesis variant,8
113,HGNC:4137,gene,GAN,4
114,ENSEMBL:ENSCAFG00000011638,gene,SPTA1,4
115,ClinVarVariant:833073,variant,NC_000023.11:g.(?_31875178)_(32217073_?)dup,10
116,HGNC:347,gene,AHNAK,4
117,MGI:98388,gene,Sptbn1,4
118,dbSNPIndividual:10696,genotype,DMD(EX3-17DEL); 46;XY;46;XY.arr Xp21.1(32463660-32884709)x0 [GM03780],6
119,ClinVarVariant:984111,variant,NM_004006.3(DMD):c.1819A>T (p.Lys607Ter),10
120,MP:0002269,phenotype,muscular atrophy,8
121,ZP:0010938,phenotype,"adrenal gland development lacking processual parts cell migration, abnormal",8
122,MP:0001730,phenotype,embryonic growth arrest,8
123,MGI:2447658,gene,Disc1,4
124,ENSEMBL:ENSMMUG00000000171,gene,ENSEMBL:ENSMMUG00000000171,4
125,HP:0001959,phenotype,Polydipsia,8
126,OMIM:300377.0079,variant,"DMD, 16-BP DEL",10
127,ZP:0000148,phenotype,"notochord increased width, abnormal",8
128,ClinVarVariant:455832,variant,NC_000023.11:g.(?_32386290)_(32849840_?)del,10
129,ClinVarVariant:830485,variant,NC_000023.11:g.(?_31657980)_(31932237_?)del,10
130,MP:0009543,phenotype,abnormal thymus corticomedullary boundary morphology,8
131,WormBase:WBGene00007401,gene,C07A9.5,4
132,MONARCH:APO_0000110APO_0000004,phenotype,competitive fitness:increased,8
133,MP:0013876,phenotype,absent ductus venosus valve,8
134,MP:0000383,phenotype,abnormal hair follicle orientation,8
135,1500,drug,isopropamide,3
136,MP:0002376,phenotype,abnormal dendritic cell physiology,8
137,ENSEMBL:ENSMODG00000007806,gene,ENSEMBL:ENSMODG00000007806,4
138,MP:0000286,phenotype,abnormal mitral valve morphology,8
139,MP:0004801,phenotype,increased susceptibility to systemic lupus erythematosus,8
140,EFO:0004623,phenotype,fibrinogen measurement,8
141,EFO:0010394,phenotype,sphingomyelin 18:1 measurement,8
142,ZFIN:ZDB-GENE-030131-9823,gene,lama5,4
143,ENSEMBL:ENSECAG00000017158,gene,ENSEMBL:ENSECAG00000017158,4
144,ENSEMBL:ENSOANG00000004217,gene,ENSEMBL:ENSOANG00000004217,4
145,MP:0012176,phenotype,abnormal head development,8
146,MP:0006379,phenotype,abnormal spermatocyte morphology,8
147,ENSEMBL:ENSCAFG00000002835,gene,CTNNAL1,4
148,3408,drug,oxiconazole,3
149,ENSEMBL:ENSSSCG00000010994,gene,NFX1,4
150,ENSEMBL:ENSMODG00000014098,gene,ENSEMBL:ENSMODG00000014098,4
151,MP:0011188,phenotype,increased erythrocyte protoporphyrin level,8
152,ZP:0021155,phenotype,"somite mislocalised, abnormal",8
153,ENSEMBL:ENSPTRG00000044699,gene,ENSEMBL:ENSPTRG00000044699,4
154,ZP:0003150,phenotype,"pharyngeal pouch morphology, abnormal",8
155,HP:0001707,phenotype,Abnormal right ventricle morphology,8
156,ENSEMBL:ENSECAG00000022125,gene,ENSEMBL:ENSECAG00000022125,4
157,dictyBase:DDB_G0349530,gene,dictyBase:DDB_G0349530,4
158,WBPhenotype:0002132,phenotype,protein complex organization variant,8
159,ClinVarVariant:11220,variant,NM_004006.2(DMD):c.6955C>T (p.Gln2319Ter),10
160,MP:0002798,phenotype,abnormal active avoidance behavior,8
161,EFO:0005043,phenotype,cardiac troponin T measurement,8
162,ENSEMBL:ENSSSCG00000014852,gene,ARRB1,4
163,HP:0000637,phenotype,Long palpebral fissure,8
164,ClinVarVariant:803836,variant,NM_004006.3(DMD):c.7564C>T (p.Gln2522Ter),10
165,ZP:0137883,phenotype,"glial cell projection Muller cell morphology, abnormal",8
166,ENSEMBL:ENSPTRG00000002328,gene,ENSEMBL:ENSPTRG00000002328,4
167,MGI:107437,gene,Capn3,4
168,HP:0002354,phenotype,Memory impairment,8
169,HGNC:1397,gene,CACNA1S,4
170,ClinVarVariant:11280,variant,NM_000109.4(DMD):c.3607G>T (p.Glu1203Ter),10
171,MP:0003854,phenotype,abnormal forelimb stylopod morphology,8
172,WormBase:WBGene00005024,gene,sqv-6,4
173,MONARCH:APO_0000308APO_0000246,phenotype,fermentative growth:increased rate,8
174,HP:0001903,phenotype,Anemia,8
175,MP:0013166,phenotype,small forelimb buds,8
176,HP:0001163,phenotype,Abnormality of the metacarpal bones,8
177,MP:0005092,phenotype,decreased double-positive T cell number,8
178,HGNC:7582,gene,MYL1,4
179,Q01815,gene product,Voltage-dependent L-type calcium channel subunit alpha-1C,5
180,ZP:0009203,phenotype,"muscle cell myotome retracted, abnormal",8
181,MP:0000857,phenotype,abnormal cerebellar foliation,8
182,ZP:0001945,phenotype,"postoptic commissure decreased size, abnormal",8
183,ENSEMBL:ENSPTRG00000016788,gene,ENSEMBL:ENSPTRG00000016788,4
184,NCBIGene:100487106,gene,LOC100487106,4
185,ZP:0000095,phenotype,"whole organism lethal (sensu genetics), abnormal",8
186,HP:0006270,phenotype,Hypoplastic spleen,8
187,ClinVarVariant:803934,variant,NM_004006.3(DMD):c.1144del (p.His382fs),10
188,ClinVarVariant:832445,variant,NC_000023.11:g.(?_31609621)_(31679596_?)dup,10
189,ENSEMBL:ENSGALG00000028612,gene,MYH1G,4
190,MONARCH:APO_0000028APO_0000004,phenotype,invasive growth:increased,8
191,ENSEMBL:ENSACAG00000000836,gene,ENSEMBL:ENSACAG00000000836,4
192,MP:0003988,phenotype,disorganized embryonic tissue,8
193,2612,drug,sapropterin,3
194,ClinVarVariant:831022,variant,NC_000023.11:g.(?_32468488)_(32849830_?)del,10
195,ZP:0003152,phenotype,"trigeminal motor nucleus decreased size, abnormal",8
196,MP:0009266,phenotype,abnormal mesendoderm development,8
197,MP:0010106,phenotype,abnormal circulating pyruvate kinase level,8
198,ZP:0000242,phenotype,"sarcomere skeletal muscle disorganized, abnormal",8
199,ZFIN:ZDB-GENE-080917-19,gene,si:ch211-202f3.3,4
200,HP:0040218,phenotype,Reduced natural killer cell count,8
201,ClinVarVariant:654111,variant,NC_000023.10:g.(?_31838072)_(31893510_?)dup,10
202,HP:0006707,phenotype,Abnormality of the hepatic vasculature,8
203,ClinVarVariant:455843,variant,NC_000023.11:g.(?_32809473)_(32823850_?)del,10
204,ZP:0006365,phenotype,"axon CaP motoneuron increased branchiness, abnormal",8
205,ZP:0018733,phenotype,"neuronal cell body facial nerve motor nucleus mislocalised, abnormal",8
206,ENSEMBL:ENSACAG00000007410,gene,ENSEMBL:ENSACAG00000007410,4
207,ENSEMBL:ENSECAG00000013832,gene,ENSEMBL:ENSECAG00000013832,4
208,WBPhenotype:0000688,phenotype,sterile,8
209,ClinVarVariant:625643,variant,GRCh37/hg19 Xp21.1(chrX:31853996-31855256),10
210,HP:0004446,phenotype,Stomatocytosis,8
211,ENSEMBL:ENSGALG00000002907,gene,ENSEMBL:ENSGALG00000002907,4
212,ZP:0006614,phenotype,"swimming decreased rate, abnormal",8
213,ENSEMBL:ENSACAG00000024322,gene,ENSEMBL:ENSACAG00000024322,4
214,ClinVarVariant:833020,variant,NC_000023.11:g.(?_31609621)_(33020210_?)dup,10
215,WBPhenotype:0000475,phenotype,muscle detached,8
216,dbSNP:rs754118,variant,rs754118-?,10
217,MP:0004564,phenotype,enlarged myocardial fiber,8
218,ENSEMBL:ENSOANG00000050494,gene,ENSEMBL:ENSOANG00000050494,4
219,ENSEMBL:ENSSSCG00000013236,gene,ENSEMBL:ENSSSCG00000013236,4
220,MGI:1355315,gene,Tmod3,4
221,HP:0006515,phenotype,Interstitial pneumonitis,8
222,MP:0011888,phenotype,abnormal circulating total protein level,8
223,HP:0001000,phenotype,Abnormality of skin pigmentation,8
224,MP:0013179,phenotype,wavy tail,8
225,MP:0008765,phenotype,decreased mast cell degranulation,8
226,ZFIN:ZDB-GENE-040426-775,gene,mpp6b,4
227,ZP:0002987,phenotype,"epithelial cilium movement involved in determination of left/right asymmetry decreased process quality, abnormal",8
228,EFO:0005674,phenotype,white matter microstructure measurement,8
229,WBPhenotype:0001837,phenotype,diet induced life span variant,8
230,ENSEMBL:ENSMMUG00000016376,gene,ENSEMBL:ENSMMUG00000016376,4
231,ZP:0100633,phenotype,"slow muscle cell decreased process quality skeletal myofibril assembly, abnormal",8
232,WBPhenotype:0000135,phenotype,gene expression level high,8
233,ClinVarVariant:642306,variant,NM_004010.3(DMD):c.-336_-332del,10
234,HP:0031284,phenotype,Flushing,8
235,WBPhenotype:0001315,phenotype,electrophysiology phenotype,8
236,MP:0001284,phenotype,absent vibrissae,8
237,ClinVarVariant:455874,variant,NM_000109.4(DMD):c.7+127965del,10
238,897,drug,diltiazem,3
239,MP:0020446,phenotype,increased NAD(P)H oxidase activity,8
240,MP:0001354,phenotype,increased aggression towards males,8
241,MP:0008285,phenotype,abnormal hippocampus granule cell layer,8
242,ZP:0001527,phenotype,"fast muscle cell detached from myoseptum, abnormal",8
243,ENSEMBL:ENSBTAG00000009707,gene,ENSEMBL:ENSBTAG00000009707,4
244,ZP:0000475,phenotype,"neural crest cell migration disrupted, abnormal",8
245,ENSEMBL:ENSBTAG00000023529,gene,ENSEMBL:ENSBTAG00000023529,4
246,ENSEMBL:ENSECAG00000010713,gene,ENSEMBL:ENSECAG00000010713,4
247,ClinVarVariant:409930,variant,NM_004010.3(DMD):c.-132dup,10
248,HGNC:6134,gene,ITGA1,4
249,ClinVarVariant:217211,variant,NM_004006.2(DMD):c.7817G>A (p.Trp2606Ter),10
250,MP:0005391,phenotype,vision/eye phenotype,8
251,ENSEMBL:ENSFCAG00000012955,gene,ENSEMBL:ENSFCAG00000012955,4
252,MP:0005087,phenotype,decreased acute inflammation,8
253,MP:0011307,phenotype,kidney medulla cyst,8
254,ZP:0001451,phenotype,"head edematous, abnormal",8
255,1775,drug,methysergide,3
256,Coriell:GM04364,biological artifact,NIGMS-GM04364,0
257,MP:0011723,phenotype,ectopic neuron,8
258,ZP:0011447,phenotype,"forebrain disrupted commissural neuron axon guidance, abnormal",8
259,MP:0012105,phenotype,delayed gastrulation,8
260,ClinVarVariant:455826,variant,NC_000023.10:g.(?_32235013)_(32490446_?)dup,10
261,MP:0009425,phenotype,increased soleus weight,8
262,RGD:1305950,gene,Mybpc3,4
263,ZP:0007264,phenotype,"startle response process quality, abnormal",8
264,ENSEMBL:ENSGALG00000041432,gene,ENSEMBL:ENSGALG00000041432,4
265,ClinVarVariant:417508,variant,NC_000023.11:g.(?_31657990)_(31836819_?)del,10
266,HP:0410263,phenotype,Brain imaging abnormality,8
267,4302,drug,glycopyrronium bromide,3
268,ZP:0009300,phenotype,"whole organism lacks parts or has fewer parts of type cranial nerve VII, abnormal",8
269,HGNC:10807,gene,SGCD,4
270,WormBase:WBGene00000062,gene,acr-23,4
271,MP:0002591,phenotype,decreased mean corpuscular volume,8
272,ClinVarVariant:832703,variant,NC_000023.11:g.(?_31819965)_(31965029_?)del,10
273,HP:0001877,phenotype,Abnormal erythrocyte morphology,8
274,ZP:0007877,phenotype,"atrium collapsed, abnormal",8
275,ZP:0005381,phenotype,"forerunner cell group detached from forerunner cell group, abnormal",8
276,ZP:0006865,phenotype,"chromosome segregation process quality, abnormal",8
277,OMIM:300377.0017,variant,"DMD, GLU772TER, G-T, NT2522",10
278,MP:0001724,phenotype,abnormal extraembryonic endoderm formation,8
279,ClinVarVariant:832411,variant,NC_000023.11:g.(?_31875178)_(31879410_?)del,10
280,HP:0002669,phenotype,Osteosarcoma,8
281,MP:0010279,phenotype,increased gastrointestinal tumor incidence,8
282,MP:0000292,phenotype,distended pericardium,8
283,ClinVarVariant:409896,variant,NM_004006.2(DMD):c.10797+1G>A,10
284,ZFIN:ZDB-GENE-040426-1593,gene,myl13,4
285,ENSEMBL:ENSPTRG00000001820,gene,ENSEMBL:ENSPTRG00000001820,4
286,1782,drug,metoclopramide,3
287,WormBase:WBGene00011097,gene,nhr-206,4
288,ZP:0002562,phenotype,"whole organism increased curvature, abnormal",8
289,MP:0004024,phenotype,aneuploidy,8
290,ClinVarVariant:11254,variant,NM_004006.2(DMD):c.3121C>T (p.Gln1041Ter),10
291,ZP:0104776,phenotype,"response to environmental enrichment occurrence, abnormal",8
292,ZP:0002588,phenotype,"larval locomotory behavior process quality, abnormal",8
293,ClinVarVariant:94644,variant,NM_004006.2(DMD):c.4902_4908del (p.Gly1635fs),10
294,HP:0100547,phenotype,Abnormality of forebrain morphology,8
295,OMIA-breed:303,biological artifact,Brittany Spaniel (dog),0
296,HP:0410004,phenotype,obsolete Cleft secondary palate,8
297,ZP:0001073,phenotype,"intrahepatic bile duct development disrupted, abnormal",8
298,ZP:0018898,phenotype,"vertical myoseptum decreased amount, abnormal",8
299,MP:0004567,phenotype,decreased myocardial fiber number,8
300,ZP:0003147,phenotype,"axon cranial nerve IX decreased length, abnormal",8
301,MP:0003638,phenotype,abnormal response/metabolism to endogenous compounds,8
302,4633,drug,trabectedin,3
303,MP:0004882,phenotype,enlarged lung,8
304,HP:0002527,phenotype,Falls,8
305,ClinVarVariant:803840,variant,NM_004006.3(DMD):c.7068del (p.Gln2356fs),10
306,ENSEMBL:ENSSSCG00005039937,gene,ENSEMBL:ENSSSCG00005039937,4
307,HP:0001250,phenotype,Seizure,8
308,MP:0004701,phenotype,decreased circulating insulin-like growth factor I level,8
309,HP:0003134,phenotype,Abnormality of peripheral nerve conduction,8
310,OMIM:300377.0081,variant,"DMD, IVS25, A-G, +2036",10
311,FlyBase:FBgn0011743,gene,Arp53D,4
312,ENSEMBL:ENSPTRG00000006915,gene,ENSEMBL:ENSPTRG00000006915,4
313,ZP:0003137,phenotype,"neuron differentiation disrupted, abnormal",8
314,MONARCH:APO_0000099APO_0000245,phenotype,utilization of nitrogen source:decreased rate,8
315,FBcv:0002022,phenotype,some die during second instar larval stage,8
316,MP:0002264,phenotype,abnormal bronchus morphology,8
317,WBPhenotype:0001006,phenotype,pharyngeal pumping rate variant,8
318,MP:0001553,phenotype,abnormal circulating free fatty acids level,8
319,HP:0012639,phenotype,Abnormal nervous system morphology,8
320,MP:0001723,phenotype,disorganized yolk sac vascular plexus,8
321,ZP:0011757,phenotype,"atrium morphology, abnormal",8
322,ENSEMBL:ENSFCAG00000000748,gene,ENSEMBL:ENSFCAG00000000748,4
323,MP:0020938,phenotype,decreased susceptibility to Picornaviridae infection,8
324,WormBase:WBGene00003650,gene,nhr-60,4
325,HP:0002751,phenotype,Kyphoscoliosis,8
326,HP:0006744,phenotype,Adrenocortical carcinoma,8
327,WormBase:WBGene00006443,gene,pak-2,4
328,WormBase:WBGene00010554,gene,mlc-6,4
329,MP:0010781,phenotype,pyloric sphincter hypertrophy,8
330,NCBITaxon:9823,taxon,Sus scrofa,9
331,ClinVarVariant:660673,variant,NC_000023.10:g.(?_32632410)_(33038327_?)dup,10
332,MGI:3722314,genotype,Dmd<tm1Mok> [involves: 129S/SvEv],6
333,ZP:0002964,phenotype,"muscle cell post-vent region morphology, abnormal",8
334,MP:0004740,phenotype,sensorineural hearing loss,8
335,MP:0000263,phenotype,absent organized vascular network,8
336,ENSEMBL:ENSBTAG00000011730,gene,ENSEMBL:ENSBTAG00000011730,4
337,HP:0001137,phenotype,Alternating esotropia,8
338,ZP:0004384,phenotype,"median fin fold structure, abnormal",8
339,ZFIN:ZDB-FISH-150901-25829,genotype,dmd<cl100>/dmd<cl100> [unspecified background],6
340,ZP:0100539,phenotype,"rhombomere 6 has fewer parts of type motor neuron facial nerve motor nucleus, abnormal",8
341,HP:0005372,phenotype,Abnormality of B cell physiology,8
342,HP:0006297,phenotype,Enamel hypoplasia,8
343,MP:0009004,phenotype,progressive hair loss,8
344,MGI:6507848,genotype,Dmd<mdx>; Tg(DMD*)#Spc [involves: 129P2/OlaHsd * C57BL/10ScSn * DBA/2],6
345,WormBase:WBGene00003658,gene,nhr-68,4
346,dbSNP:rs745651645,variant,rs745651645-T,10
347,ENSEMBL:ENSGALG00000041560,gene,ENSEMBL:ENSGALG00000041560,4
348,MP:0010872,phenotype,increased trabecular bone mass,8
349,ClinVarVariant:657916,variant,NC_000023.10:g.(?_32305636)_(32584008_?)dup,10
350,ZP:0005267,phenotype,"cranial cartilage malformed, abnormal",8
351,MGI:98386,gene,Sptan1,4
352,674,drug,clevidipine,3
353,ENSEMBL:ENSCAFG00000016432,gene,ENSEMBL:ENSCAFG00000016432,4
354,EFO:0004528,phenotype,mean corpuscular hemoglobin concentration,8
355,1812,drug,minaprine,3
356,WBPhenotype:0000386,phenotype,genotoxic chemical induced apoptosis variant,8
357,180,drug,amitriptyline,3
358,MP:0005035,phenotype,perianal ulcer,8
359,GO:0035633,molecular function,maintenance of blood-brain barrier,7
360,FlyBase:FBgn0002673,gene,twe,4
361,MP:0004628,phenotype,Deiters cell degeneration,8
362,ENSEMBL:ENSCAFG00000007975,gene,ENSEMBL:ENSCAFG00000007975,4
363,ENSEMBL:ENSPTRG00000018519,gene,ENSEMBL:ENSPTRG00000018519,4
364,ZP:0000143,phenotype,"post-anal tail morphogenesis disrupted, abnormal",8
365,ZP:0019766,phenotype,"Z disc cardiac muscle spatial pattern, abnormal",8
366,dbSNP:rs1293906,variant,rs1293906-T,10
367,WBPhenotype:0000695,phenotype,vulva morphology variant,8
368,HP:0003100,phenotype,Slender long bone,8
369,ENSEMBL:ENSFCAG00000031083,gene,ENSEMBL:ENSFCAG00000031083,4
370,ZFIN:ZDB-GENE-081105-186,gene,ntng2a,4
371,HP:0001181,phenotype,Adducted thumb,8
372,HP:0009732,phenotype,Plexiform neurofibroma,8
373,ZFIN:ZDB-GENE-040426-1003,gene,trim63b,4
374,ZP:0001515,phenotype,"skeletal muscle increased accumulation fibrillar collagen trimer skeletal muscle cell, abnormal",8
375,ENSEMBL:ENSACAG00000006788,gene,ENSEMBL:ENSACAG00000006788,4
376,ENSEMBL:ENSMMUG00000002719,gene,ENSEMBL:ENSMMUG00000002719,4
377,ENSEMBL:ENSSSCG00000012492,gene,ENSEMBL:ENSSSCG00000012492,4
378,RGD:621714,gene,Sptan1,4
379,ENSEMBL:ENSACAG00000002977,gene,ENSEMBL:ENSACAG00000002977,4
380,MP:0009570,phenotype,abnormal right lung morphology,8
381,ClinVarVariant:217209,variant,NM_004006.2(DMD):c.7105G>T (p.Glu2369Ter),10
382,ClinVarVariant:417499,variant,NC_000023.11:g.(?_31119228)_(33211556_?)del,10
383,ClinVarVariant:455812,variant,NC_000023.10:g.(?_31792057)_(31950364_?)del,10
384,RGD:2406,gene,Bcar1,4
385,ClinVarVariant:803923,variant,NM_004006.3(DMD):c.1894A>T (p.Lys632Ter),10
386,MONDO:0010542,disease,dilated cardiomyopathy 3B,2
387,dictyBase:DDB_G0268204,gene,DDB0189863,4
388,ZP:0002724,phenotype,"myosin filament slow muscle cell disorganized, abnormal",8
389,MP:0000269,phenotype,abnormal heart looping,8
390,MP:0030460,phenotype,enamel pits,8
391,MP:0009539,phenotype,abnormal Hassall's corpuscle morphology,8
392,2484,drug,strychnine,3
393,2677,drug,tiotropium bromide,3
394,MONARCH:APO_0000198APO_0000004,phenotype,mutation frequency:increased,8
395,ENSEMBL:ENSBTAG00000015764,gene,EML2,4
396,WBPhenotype:0002578,phenotype,basement membrane laminin level phenotype,8
397,ZP:0100172,phenotype,"skeletal muscle adaptation disrupted, abnormal",8
398,ENSEMBL:ENSFCAG00000001719,gene,ENSEMBL:ENSFCAG00000001719,4
399,ENSEMBL:ENSGALG00000015842,gene,ENSEMBL:ENSGALG00000015842,4
400,ZP:0019892,phenotype,"lens ovate, abnormal",8
401,Coriell:GM04100,biological artifact,NIGMS-GM04100,0
402,ENSEMBL:ENSPTRG00000044713,gene,ENSEMBL:ENSPTRG00000044713,4
403,HGNC:4778,gene,H3-4,4
404,ZP:0017689,phenotype,"pectoral fin decreased process quality cell population proliferation, abnormal",8
405,ENSEMBL:ENSMMUG00000010805,gene,ENSEMBL:ENSMMUG00000010805,4
406,MP:0008075,phenotype,"decreased CD4-positive, alpha beta T cell number",8
407,MGI:99638,gene,Mark2,4
408,MP:0005010,phenotype,"abnormal CD8-positive, alpha beta T cell morphology",8
409,HP:0008153,phenotype,Periodic hypokalemic paresis,8
410,ZP:0004200,phenotype,"optic cup morphogenesis involved in camera-type eye development disrupted, abnormal",8
411,ENSEMBL:ENSECAG00000014992,gene,ENSEMBL:ENSECAG00000014992,4
412,ENSEMBL:ENSCAFG00000005776,gene,ACTN4,4
413,ENSEMBL:ENSOANG00000012754,gene,ENSEMBL:ENSOANG00000012754,4
414,Xenbase:XB-GENE-491618,gene,actg1,4
415,ENSEMBL:ENSSSCG00000014339,gene,CTNNA1,4
416,HP:0040083,phenotype,Toe walking,8
417,HP:0012133,phenotype,Erythroid hypoplasia,8
418,ENSEMBL:ENSACAG00000014468,gene,ENSEMBL:ENSACAG00000014468,4
419,MP:0012145,phenotype,increased a-wave amplitude,8
420,HP:0012873,phenotype,Absent vas deferens,8
421,MP:0000350,phenotype,abnormal cell proliferation,8
422,ZP:0014923,phenotype,"cardiac ventricle process quality heart contraction, abnormal",8
423,ZP:0019617,phenotype,"forebrain decreased amount, abnormal",8
424,MP:0010274,phenotype,increased organ/body region tumor incidence,8
425,ClinVarVariant:11223,variant,"DMD, 1-BP DEL, 2568C",10
426,WBPhenotype:0000700,phenotype,multivulva,8
427,ClinVarVariant:831181,variant,NC_000023.11:g.(?_32501745)_(32501852_?)dup,10
428,ENSEMBL:ENSACAG00000022492,gene,ENSEMBL:ENSACAG00000022492,4
429,4178,drug,vandetanib,3
430,ENSEMBL:ENSGALG00000008100,gene,RAPSN,4
431,ZP:0002060,phenotype,"yolk edematous, abnormal",8
432,ENSEMBL:ENSMODG00000003131,gene,ENSEMBL:ENSMODG00000003131,4
433,ZP:0003234,phenotype,"glomerular filtration disrupted, abnormal",8
434,ENSEMBL:ENSOANG00000044870,gene,ENSEMBL:ENSOANG00000044870,4
435,ClinVarVariant:973532,variant,NM_004006.3(DMD):c.1087C>T (p.Gln363Ter),10
436,ZP:0004586,phenotype,"muscle cell sparse, abnormal",8
437,HP:0025066,phenotype,Decreased mean corpuscular volume,8
438,Q12791,gene product,Calcium-activated potassium channel subunit alpha-1,5
439,HP:0001511,phenotype,Intrauterine growth retardation,8
440,HP:0000179,phenotype,Thick lower lip vermilion,8
441,ENSEMBL:ENSOANG00000012417,gene,ENSEMBL:ENSOANG00000012417,4
442,MGI:88264,gene,Capn2,4
443,HP:0002561,phenotype,Absent nipple,8
444,ZFIN:ZDB-GENE-030131-271,gene,smyhc1,4
445,ENSEMBL:ENSOANG00000040844,gene,ENSEMBL:ENSOANG00000040844,4
446,NCBIGene:415296,gene,P53478,4
447,ZP:0012577,phenotype,"Z disc fast muscle cell increased width, abnormal",8
448,ENSEMBL:ENSMODG00000000633,gene,ENSEMBL:ENSMODG00000000633,4
449,MP:0005451,phenotype,abnormal body composition,8
450,ZP:0001562,phenotype,"neuron migration disrupted, abnormal",8
451,1045,drug,erlotinib,3
452,ENSEMBL:ENSECAG00000023971,gene,ENSEMBL:ENSECAG00000023971,4
453,EFO:0005230,phenotype,anxiety,8
454,ClinVarVariant:803826,variant,NM_004006.3(DMD):c.8299G>T (p.Glu2767Ter),10
455,ClinVarVariant:409887,variant,NM_000109.4(DMD):c.8367-1_8367delinsAA,10
456,ZFIN:ZDB-GENE-070912-197,gene,adcy8,4
457,ZP:0000133,phenotype,"ethmoid cartilage decreased size, abnormal",8
458,SGD:S000001855,gene,ACT1,4
459,MP:0002699,phenotype,abnormal vitreous body morphology,8
460,MGI:2145373,gene,Slc25a48,4
461,ENSEMBL:ENSOANG00000009857,gene,ENSEMBL:ENSOANG00000009857,4
462,MP:0003122,phenotype,maternal imprinting,8
463,ENSEMBL:ENSSSCG00000034357,gene,DAG1,4
464,ZP:0100166,phenotype,"trunk musculature increased duration relaxation of muscle, abnormal",8
465,ClinVarVariant:803844,variant,NM_004006.3(DMD):c.6913-1G>T,10
466,ClinVarVariant:803843,variant,NM_004006.3(DMD):c.7027del (p.Trp2343fs),10
467,ENSEMBL:ENSFCAG00000008031,gene,ENSEMBL:ENSFCAG00000008031,4
468,ENSEMBL:ENSBTAG00000050243,gene,FKRP,4
469,MP:0011083,phenotype,"lethality at weaning, complete penetrance",8
470,FlyBase:FBgn0020497,gene,emb,4
471,HP:0001376,phenotype,Limitation of joint mobility,8
472,ZP:0001016,phenotype,"eye development disrupted, abnormal",8
473,MP:0020527,phenotype,small thalamus,8
474,EFO:0010700,phenotype,reticulocyte measurement,8
475,ClinVarVariant:417493,variant,NC_000023.11:g.(?_31657990)_(31820083_?)del,10
476,ZP:0001664,phenotype,"skeletal muscle contraction disrupted, abnormal",8
477,ZP:0000417,phenotype,"retina layer formation disrupted, abnormal",8
478,Xenbase:XB-GENE-485710,gene,tnni1.2,4
479,WBPhenotype:0002188,phenotype,male somatic gonad development variant,8
480,WBPhenotype:0001184,phenotype,fat content increased,8
481,HP:0002936,phenotype,Distal sensory impairment,8
482,ENSEMBL:ENSGALG00000004582,gene,MYL2,4
483,MP:0006358,phenotype,absent pinna reflex,8
484,ZFIN:ZDB-GENE-040426-1248,gene,zgpat,4
485,ZP:0104772,phenotype,"(3,4-dihydroxyphenyl)acetic acid diencephalon decreased amount, abnormal",8
486,WBPhenotype:0001095,phenotype,organism high sodium chloride hypersensitive,8
487,Xenbase:XB-GENE-994502,gene,drp2,4
488,MP:0008078,phenotype,"increased CD8-positive, alpha-beta T cell number",8
489,FlyBase:FBgn0026063,gene,KP78b,4
490,ENSEMBL:ENSBTAG00000008248,gene,DMD,4
491,ZP:0005863,phenotype,"motor neuron spinal cord disorganized, abnormal",8
492,ClinVarVariant:666228,variant,NC_000023.10:g.(?_31613687)_(31645989_?)dup,10
493,ClinVarVariant:803944,variant,NM_004006.3(DMD):c.666T>G (p.Tyr222Ter),10
494,ZP:0000355,phenotype,"eye quality, abnormal",8
495,HGNC:12012,gene,TPM3,4
496,ENSEMBL:ENSPTRG00000007227,gene,ENSEMBL:ENSPTRG00000007227,4
497,HP:0002766,phenotype,Relatively short spine,8
498,ENSEMBL:ENSOANG00000013738,gene,ENSEMBL:ENSOANG00000013738,4
499,ENSEMBL:ENSCAFG00000012919,gene,ENSEMBL:ENSCAFG00000012919,4
500,ClinVarVariant:933205,variant,NC_000023.11:g.(31507454_31627672)_(31968515_32216915)del,10
501,MP:0006359,phenotype,absent startle reflex,8
502,FlyBase:FBgn0085390,gene,Dgk,4
503,ZP:0011794,phenotype,"cardiac muscle cell has fewer parts of type cell projection cardiac muscle cell, abnormal",8
504,MP:0002703,phenotype,abnormal renal tubule morphology,8
505,MP:0006143,phenotype,increased systemic arterial diastolic blood pressure,8
506,HP:0006739,phenotype,Squamous cell carcinoma of the skin,8
507,ClinVarVariant:832846,variant,NC_000023.11:g.(?_31773950)_(31836829_?)del,10
508,ZP:0007127,phenotype,"sarcomere skeletal muscle decreased length, abnormal",8
509,ENSEMBL:ENSACAG00000007269,gene,ENSEMBL:ENSACAG00000007269,4
510,WBPhenotype:0001282,phenotype,mitochondrial metabolism variant,8
511,ClinVarVariant:526144,variant,NC_000023.10:g.(?_31341695)_(31341795_?)dup,10
512,ClinVarVariant:940477,variant,NM_004006.3(DMD):c.7179dup (p.Pro2394fs),10
513,ENSEMBL:ENSSSCG00000040786,gene,SPTBN1,4
514,HP:0004315,phenotype,Decreased circulating IgG level,8
515,ENSEMBL:ENSPTRG00000028883,gene,ENSEMBL:ENSPTRG00000028883,4
516,ZP:0130999,phenotype,"muscle physical object quality, abnormal",8
517,ENSEMBL:ENSFCAG00000029229,gene,ENSEMBL:ENSFCAG00000029229,4
518,ENSEMBL:ENSECAG00000006257,gene,ENSEMBL:ENSECAG00000006257,4
519,ClinVarVariant:831899,variant,NC_000023.11:g.(?_32614293)_(32816650_?)del,10
520,WormBase:WBGene00017866,gene,stn-2,4
521,ENSEMBL:ENSBTAG00000011392,gene,ENSEMBL:ENSBTAG00000011392,4
522,MGI:3789123,genotype,Dmd<mdx> [C57BL/10ScSn-Dmd<mdx>/J],6
523,WBPhenotype:0001644,phenotype,protein metabolism variant,8
524,HP:0002465,phenotype,Poor speech,8
525,HP:0003109,phenotype,Hyperphosphaturia,8
526,MP:0010107,phenotype,abnormal renal reabsorption,8
527,ENSEMBL:ENSBTAG00000002809,gene,CAPN10,4
528,MP:0010158,phenotype,abnormal intestine development,8
529,ENSEMBL:ENSMMUG00000001820,gene,ENSEMBL:ENSMMUG00000001820,4
530,MP:0000352,phenotype,decreased cell proliferation,8
531,HP:0006956,phenotype,Dilation of lateral ventricles,8
532,HP:0000958,phenotype,Dry skin,8
533,ZP:0005383,phenotype,"heart tube positional polarity, abnormal",8
534,ZP:0131267,phenotype,"myotome has extra parts of type fast muscle cell, abnormal",8
535,ENSEMBL:ENSACAG00000009216,gene,ENSEMBL:ENSACAG00000009216,4
536,PomBase:SPAC6F6.01,gene,cch1,4
537,MP:0006055,phenotype,abnormal vascular endothelial cell morphology,8
538,ZP:0002621,phenotype,"fourth ventricle morphology, abnormal",8
539,RGD:1310650,gene,Kif14,4
540,ZP:0019899,phenotype,"basal lamina optic cup mislocalised, abnormal",8
541,5408,drug,viltolarsen,3
542,WBPhenotype:0001982,phenotype,cell membrane organization biogenesis variant,8
543,FlyBase:FBgn0015360,gene,oxt,4
544,FlyBase:FBgn0283471,gene,wupA,4
545,MP:0004925,phenotype,decreased susceptibility to noise-induced hearing loss,8
546,ENSEMBL:ENSMMUG00000013778,gene,ENSEMBL:ENSMMUG00000013778,4
547,1200,drug,flunarizine,3
548,WBPhenotype:0002355,phenotype,increased susceptibility to bacterial pathogens,8
549,ZP:0000562,phenotype,"thrombocyte decreased amount, abnormal",8
550,MP:0008446,phenotype,decreased retinal cone cell number,8
551,ZP:0000273,phenotype,"thoracic duct absent, abnormal",8
552,HP:0007973,phenotype,Retinal dysplasia,8
553,MP:0003229,phenotype,abnormal vitelline vasculature morphology,8
554,RGD:61879,gene,Psmb5,4
555,ENSEMBL:ENSECAG00000023844,gene,ENSEMBL:ENSECAG00000023844,4
556,ZP:0011512,phenotype,"anterior commissure has fewer parts of type astrocyte, abnormal",8
557,FBcv:0000392,phenotype,hyperactive,8
558,WBPhenotype:0000352,phenotype,backing uncoordinated,8
559,ENSEMBL:ENSPTRG00000008391,gene,ENSEMBL:ENSPTRG00000008391,4
560,ClinVarVariant:284288,variant,NM_004006.3(DMD):c.10098AGA[1] (p.Glu3367del),10
561,ENSEMBL:ENSFCAG00000032144,gene,ENSEMBL:ENSFCAG00000032144,4
562,EFO:0004753,phenotype,interleukin 12 measurement,8
563,2286,drug,promethazine,3
564,RGD:1309318,gene,Adcy1,4
565,ENSEMBL:ENSBTAG00000010230,gene,CAPN1,4
566,MP:0008022,phenotype,dilated heart ventricle,8
567,dbSNPIndividual:21321,genotype,DMD(EX45-62DUP); 46;XY;46;XY.arr Xp21.2p21.1(31224485-31977208)x2 [GM05124],6
568,MP:0013227,phenotype,small brain ventricles,8
569,MP:0001140,phenotype,abnormal vagina epithelium morphology,8
570,ZP:0007878,phenotype,"myocardium uncoordinated, abnormal",8
571,dictyBase:DDB_G0268632,gene,abpA,4
572,HP:0001792,phenotype,Small nail,8
573,ZP:0001508,phenotype,"muscle damaged, abnormal",8
574,PomBase:SPAP8A3.08,gene,cdc4,4
575,ENSEMBL:ENSGALG00000030247,gene,TMOD4,4
576,MP:0011390,phenotype,abnormal fetal cardiomyocyte physiology,8
577,ENSEMBL:ENSECAG00000037637,gene,ENSEMBL:ENSECAG00000037637,4
578,WBPhenotype:0000562,phenotype,body levamisole resistant,8
579,WBPhenotype:0002535,phenotype,dye filling defect,8
580,ZP:0001977,phenotype,"ceratohyal cartilage hypoplastic, abnormal",8
581,ClinVarVariant:831870,variant,NC_000023.11:g.(?_32438231)_(32573856_?)del,10
582,ENSEMBL:ENSECAG00000019674,gene,ENSEMBL:ENSECAG00000019674,4
583,WormBase:WBGene00003372,gene,mlc-4,4
584,ZP:0001520,phenotype,"skeletal muscle cell increased variability of size, abnormal",8
585,ZP:0009074,phenotype,"neuronal cell body rhombomere 4 mislocalised, abnormal",8
586,ClinVarVariant:959273,variant,NM_004006.3(DMD):c.10813A>T (p.Lys3605Ter),10
587,ENSEMBL:ENSBTAG00000006616,gene,ENSEMBL:ENSBTAG00000006616,4
588,ZP:0020142,phenotype,"head lacks parts or has fewer parts of type cephalic musculature, abnormal",8
589,MGI:2443727,gene,Spef2,4
590,ZP:0002996,phenotype,"lens mislocalised, abnormal",8
591,WBPhenotype:0000861,phenotype,body wall muscle development variant,8
592,Xenbase:XB-GENE-1001901,gene,utrn,4
593,ENSEMBL:ENSGALG00000048866,gene,MARK2,4
594,dictyBase:DDB_G0269200,gene,cplA,4
595,ClinVarVariant:584029,variant,NC_000023.10:g.(?_31332523)_(31462764_?)dup,10
596,Xenbase:XB-GENE-988669,gene,tns2,4
597,ENSEMBL:ENSSSCG00000014804,gene,LAMTOR1,4
598,MP:0002206,phenotype,abnormal CNS synaptic transmission,8
599,MP:0030420,phenotype,short basicranium,8
600,RGD:3250,gene,Pak1,4
601,ZP:0008732,phenotype,"contractile fiber trunk disorganized, abnormal",8
602,ZP:0001675,phenotype,"notochord damaged, abnormal",8
603,EFO:0007937,phenotype,blood protein measurement,8
604,MP:0002102,phenotype,abnormal ear morphology,8
605,621,drug,chlorpromazine,3
606,MP:0002575,phenotype,increased circulating ketone body level,8
607,ENSEMBL:ENSMMUG00000002347,gene,ENSEMBL:ENSMMUG00000002347,4
608,WBPhenotype:0000561,phenotype,head levamisole resistant,8
609,ClinVarVariant:984685,variant,NM_004006.3(DMD):c.131dup (p.Gln45fs),10
610,ZP:0002992,phenotype,"determination of liver left/right asymmetry decreased process quality, abnormal",8
611,ZP:0002188,phenotype,"somite deformed, abnormal",8
612,FBcv:0000381,phenotype,suppressor of variegation,8
613,RGD:3410,gene,Prnp,4
614,MP:0004151,phenotype,decreased circulating iron level,8
615,WormBase:WBGene00015396,gene,nhr-148,4
616,ZP:0137885,phenotype,"Muller cell overlap with glial cell projection glial cell projection Muller cell, abnormal",8
617,ZP:0000705,phenotype,"proximal convoluted tubule development arrested, abnormal",8
618,ENSEMBL:ENSPTRG00000001762,gene,ENSEMBL:ENSPTRG00000001762,4
619,ENSEMBL:ENSFCAG00000009197,gene,ENSEMBL:ENSFCAG00000009197,4
620,ENSEMBL:ENSXETG00000015090,gene,pak5,4
621,ClinVarVariant:833180,variant,NC_000023.11:g.(?_32545149)_(32595886_?)del,10
622,MP:0006104,phenotype,abnormal tectum morphology,8
623,HP:0008070,phenotype,Sparse hair,8
624,MP:0001438,phenotype,aphagia,8
625,Xenbase:XB-GENE-489008,gene,rac1,4
626,ENSEMBL:ENSCAFG00000031099,gene,STUB1,4
627,HP:0100704,phenotype,Cerebral visual impairment,8
628,MP:0003631,phenotype,nervous system phenotype,8
629,HP:0002949,phenotype,Fused cervical vertebrae,8
630,ENSEMBL:ENSECAG00000017294,gene,ENSEMBL:ENSECAG00000017294,4
631,FlyBase:FBgn0000036,gene,nAChRalpha1,4
632,MP:0010352,phenotype,gastrointestinal tract polyps,8
633,Xenbase:XB-GENE-5823109,gene,nup93,4
634,ENSEMBL:ENSXETG00000034466,gene,ENSEMBL:ENSXETG00000034466,4
635,MP:0003201,phenotype,extremity edema,8
636,HGNC:19181,gene,KIF14,4
637,ClinVarVariant:639383,variant,NC_000023.11:g.(?_31729621)_(31836829_?)del,10
638,WormBase:WBGene00006797,gene,unc-63,4
639,ClinVarVariant:984113,variant,NM_004006.3(DMD):c.1405G>T (p.Glu469Ter),10
640,ZP:0014934,phenotype,"atrioventricular valve development process quality, abnormal",8
641,ENSEMBL:ENSPTRG00000048164,gene,ENSEMBL:ENSPTRG00000048164,4
642,HP:0011969,phenotype,Elevated circulating luteinizing hormone level,8
643,ZP:0001487,phenotype,"skeletal muscle fiber development process quality, abnormal",8
644,HP:0002167,phenotype,Neurological speech impairment,8
645,ENSEMBL:ENSACAG00000002510,gene,ENSEMBL:ENSACAG00000002510,4
646,ZFIN:ZDB-GENE-000616-13,gene,appa,4
647,MGI:4359195,genotype,Dmd<mdx>/Dmd<mdx> [C57BL/10ScSn-Dmd<mdx>],6
648,ZP:0002970,phenotype,"skeletal muscle dystrophic, abnormal",8
649,868,drug,dicycloverine,3
650,ENSEMBL:ENSMODG00000013388,gene,ENSEMBL:ENSMODG00000013388,4
651,ZP:0001946,phenotype,"pharyngeal arch 3-7 skeleton morphology, abnormal",8
652,ENSEMBL:ENSPTRG00000014912,gene,ENSEMBL:ENSPTRG00000014912,4
653,MP:0000875,phenotype,abnormal cerebellar Purkinje cell layer,8
654,4902,drug,imidafenacin,3
655,ClinVarVariant:937223,variant,NM_004006.3(DMD):c.4600C>T (p.Gln1534Ter),10
656,NCBITaxon:9598,taxon,Pan troglodytes,9
657,MP:0009401,phenotype,increased skeletal muscle fiber diameter,8
658,ENSEMBL:ENSOANG00000000992,gene,ENSEMBL:ENSOANG00000000992,4
659,ClinVarVariant:94658,variant,NM_004006.2(DMD):c.5287C>T (p.Arg1763Ter),10
660,PomBase:SPCC4B3.15,gene,mid1,4
661,ENSEMBL:ENSCAFG00000013618,gene,MYL3,4
662,ZP:0004374,phenotype,"sensory perception of touch process quality, abnormal",8
663,901,drug,dimenhydrinate,3
664,ZP:0000716,phenotype,"dorsal aorta unlumenized, abnormal",8
665,ZP:0002935,phenotype,"muscle attachment disrupted, abnormal",8
666,ClinVarVariant:11245,variant,"DMD, 1-BP INS, NT1554",10
667,HGNC:12932,gene,TRIM25,4
668,HGNC:9394,gene,PICK1,4
669,FlyBase:FBgn0262733,gene,Src64B,4
670,ENSEMBL:ENSGALG00000027323,gene,ENSEMBL:ENSGALG00000027323,4
671,2824,drug,vinburnine,3
672,4866,drug,ceritinib,3
673,ZP:0101900,phenotype,"motor neuron facial nerve motor nucleus increased volume, abnormal",8
674,ZP:0021036,phenotype,"blood vessel heart vasculature increased amount, abnormal",8
675,ENSEMBL:ENSPTRG00000005433,gene,ENSEMBL:ENSPTRG00000005433,4
676,OMIM:300377.0073,variant,"DMD, THR279ALA",10
677,ClinVarVariant:864790,variant,NM_004006.3(DMD):c.9432del (p.Met3145fs),10
678,WBPhenotype:0002107,phenotype,RAB-11 recycling endosome localization variant,8
679,MP:0004521,phenotype,abnormal cochlear hair cell stereociliary bundle morphology,8
680,HP:0003110,phenotype,Abnormality of urine homeostasis,8
681,WBPhenotype:0001907,phenotype,dorsal intercalation defective,8
682,ClinVarVariant:11276,variant,NM_004017.3(DMD):c.1019+737C>T,10
683,ENSEMBL:ENSACAG00000014900,gene,ENSEMBL:ENSACAG00000014900,4
684,HP:0030329,phenotype,Retinal thinning,8
685,ZP:0000054,phenotype,"head decreased size, abnormal",8
686,HP:0000855,phenotype,Insulin resistance,8
687,HP:0002185,phenotype,Neurofibrillary tangles,8
688,ENSEMBL:ENSMMUG00000015628,gene,ENSEMBL:ENSMMUG00000015628,4
689,ZP:0004976,phenotype,"cardiac ventricle development disrupted, abnormal",8
690,ZP:0101684,phenotype,"lateral recess decreased distribution, abnormal",8
691,HGNC:11274,gene,SPTB,4
692,MP:0003954,phenotype,abnormal Reichert's membrane morphology,8
693,MP:0020380,phenotype,abnormal galactolipid level,8
694,269,drug,azathioprine,3
695,MP:0004846,phenotype,absent skeletal muscle,8
696,HP:0004312,phenotype,Abnormal reticulocyte morphology,8
697,ZP:0017509,phenotype,"photoreceptor outer segment photoreceptor cell morphology, abnormal",8
698,ZFIN:ZDB-GENE-050626-97,gene,tnnt2d,4
699,MESH:D019808,drug,Losartan,3
700,ClinVarVariant:409902,variant,NM_000109.4(DMD):c.4910_4913del (p.Lys1637fs),10
701,MONARCH:APO_0000124APO_0000005,phenotype,pheromone-induced cell cycle arrest:absent,8
702,ZP:0000863,phenotype,"kidney has extra parts of type erythroid progenitor cell, abnormal",8
703,ClinVarVariant:409928,variant,NM_004010.3(DMD):c.-217dup,10
704,ENSEMBL:ENSECAG00000009003,gene,ENSEMBL:ENSECAG00000009003,4
705,5182,drug,eteplirsen,3
706,ENSEMBL:ENSGALG00000015211,gene,DTNA,4
707,WBPhenotype:0000781,phenotype,body wall muscle thin filament variant,8
708,MP:0002807,phenotype,abnormal eye blink conditioning behavior,8
709,HP:0001900,phenotype,Increased hemoglobin,8
710,ZP:0001399,phenotype,"central nervous system hemorrhagic, abnormal",8
711,HP:0011875,phenotype,Abnormal platelet morphology,8
712,ZP:0018025,phenotype,"thyroid gland development process quality, abnormal",8
713,MP:0005095,phenotype,decreased T cell proliferation,8
714,MONARCH:APO_0000087APO_0000004,phenotype,resistance to chemicals:increased,8
715,Q13698,gene product,Voltage-dependent L-type calcium channel subunit alpha-1S,5
716,WormBase:WBGene00007547,gene,nhr-154,4
717,ZP:0004695,phenotype,"pectoral fin degenerate, abnormal",8
718,dictyBase:DDB_G0278613,gene,DDB0218061,4
719,MP:0010506,phenotype,prolonged RR interval,8
720,EFO:0008377,phenotype,mosquito bite reaction itch intensity measurement,8
721,OMIM:300377.0020,variant,"DMD, LEU54ARG",10
722,MP:0003088,phenotype,abnormal prepulse inhibition,8
723,ClinVarVariant:984679,variant,NM_004006.3(DMD):c.5812G>T (p.Glu1938Ter),10
724,ZFIN:ZDB-GENE-070124-2,gene,dytn,4
725,ENSEMBL:ENSPTRG00000003562,gene,ENSEMBL:ENSPTRG00000003562,4
726,WBPhenotype:0001301,phenotype,P granule abnormal,8
727,WBPhenotype:0002486,phenotype,persistent primordial germ cell lobes,8
728,ZP:0001477,phenotype,"whole organism spindle-shaped, abnormal",8
729,MP:0000358,phenotype,abnormal cell morphology,8
730,HP:0002187,phenotype,"Intellectual disability, profound",8
731,HP:0002035,phenotype,Rectal prolapse,8
732,HP:0003292,phenotype,Decreased serum leptin,8
733,MP:0005217,phenotype,abnormal pancreatic beta cell morphology,8
734,ZP:0138005,phenotype,"vascular cord decreased occurrence Notch signaling pathway, abnormal",8
735,ENSEMBL:ENSACAG00000002242,gene,ENSEMBL:ENSACAG00000002242,4
736,ZFIN:ZDB-GENE-060803-3,gene,itgb1b.1,4
737,ENSEMBL:ENSMMUG00000002267,gene,ENSEMBL:ENSMMUG00000002267,4
738,dbSNP:rs35693284,variant,rs35693284-?,10
739,WormBase:WBGene00002186,gene,kel-10,4
740,HP:0002123,phenotype,Generalized myoclonic seizure,8
741,HGNC:24036,gene,APC2,4
742,ClinVarVariant:651817,variant,NC_000023.11:g.(?_31819965)_(32217073_?)del,10
743,ZP:0017554,phenotype,"retinal ganglion cell process quality asymmetric cell division, abnormal",8
744,MP:0001183,phenotype,overexpanded pulmonary alveoli,8
745,HP:0005502,phenotype,Increased red cell osmotic fragility,8
746,Xenbase:XB-GENE-949518,gene,sgcd,4
747,MP:0005599,phenotype,increased cardiac muscle contractility,8
748,ClinVarVariant:830992,variant,NC_000023.11:g.(?_31773950)_(31932237_?)dup,10
749,OMIM:300377.0046,variant,"DMD, 52-BP DEL",10
750,ZP:0003641,phenotype,"heart non-functional, abnormal",8
751,HGNC:7583,gene,MYL2,4
752,ZP:0001808,phenotype,"notochord formation disrupted, abnormal",8
753,ENSEMBL:ENSECAG00000021291,gene,ENSEMBL:ENSECAG00000021291,4
754,ZP:0001488,phenotype,"somite disorganized, abnormal",8
755,RGD:708483,gene,Mark2,4
756,ENSEMBL:ENSPTRG00000001834,gene,ENSEMBL:ENSPTRG00000001834,4
757,ZP:0138559,phenotype,"migrasome whole organism decreased amount, abnormal",8
758,HGNC:1479,gene,CAPN2,4
759,ENSEMBL:ENSACAG00000001335,gene,ENSEMBL:ENSACAG00000001335,4
760,MP:0008014,phenotype,increased lung tumor incidence,8
761,ClinVarVariant:803822,variant,NM_004006.3(DMD):c.8451del (p.Leu2818fs),10
762,HP:0000603,phenotype,Central scotoma,8
763,HGNC:18167,gene,PALS2,4
764,ENSEMBL:ENSSSCG00000040546,gene,PXN,4
765,ClinVarVariant:94447,variant,NM_004006.2(DMD):c.10797+5G>A,10
766,2028,drug,oxybutynin,3
767,MGI:6163637,genotype,Dmd<em1Eno> [involves: C57BL/6J],6
768,ClinVarVariant:455871,variant,NM_004006.2(DMD):c.1865C>A (p.Ser622Ter),10
769,WormBase:WBGene00003916,gene,par-1,4
770,ZFIN:ZDB-GENE-081022-171,gene,zgc:194990,4
771,ZP:0103430,phenotype,"immune response process quality, abnormal",8
772,HP:0000343,phenotype,Long philtrum,8
773,ZP:0008717,phenotype,"blood vessel inner optic circle elliptic, abnormal",8
774,ClinVarVariant:833496,variant,NC_000023.11:g.(?_31773950)_(31875383_?)del,10
775,ZP:0012745,phenotype,"cardiac muscle cell decreased volume, abnormal",8
776,ZP:0002190,phenotype,"trunk deformed, abnormal",8
777,MP:0011088,phenotype,"neonatal lethality, incomplete penetrance",8
778,ZP:0000707,phenotype,"blood flow rate, abnormal",8
779,ENSEMBL:ENSGALG00000006037,gene,ENSEMBL:ENSGALG00000006037,4
780,MONARCH:APO_0000225APO_0000004,phenotype,mitotic recombination:increased,8
781,HP:0000286,phenotype,Epicanthus,8
782,ENSEMBL:ENSSSCG00000016885,gene,ITGA1,4
783,MONDO:0005084,disease,mental disorder,2
784,ZP:0100650,phenotype,"atrioventricular canal morphogenesis decreased occurrence, abnormal",8
785,dictyBase:DDB_G0284261,gene,DDB0185933,4
786,FlyBase:FBgn0052850,gene,Rnf11,4
787,ClinVarVariant:983942,variant,NM_004006.3(DMD):c.4979G>A (p.Trp1660Ter),10
788,ZP:0003269,phenotype,"cartilage morphogenesis decreased process quality, abnormal",8
789,ZP:0002300,phenotype,"thymus decreased occurrence cell population proliferation, abnormal",8
790,MP:0010375,phenotype,increased kidney iron level,8
791,ENSEMBL:ENSECAG00000003570,gene,ENSEMBL:ENSECAG00000003570,4
792,MP:0011925,phenotype,abnormal heart echocardiography feature,8
793,ENSEMBL:ENSCAFG00000020081,gene,ENSEMBL:ENSCAFG00000020081,4
794,ZP:0000032,phenotype,"brain quality, abnormal",8
795,ZFIN:ZDB-GENE-091113-22,gene,si:dkeyp-50d11.2,4
796,MP:0003884,phenotype,decreased macrophage cell number,8
797,ClinVarVariant:11219,variant,"DMD, EX18DEL",10
798,ENSEMBL:ENSSSCG00000002762,gene,ENSEMBL:ENSSSCG00000002762,4
799,MP:0003453,phenotype,abnormal keratinocyte physiology,8
800,WBPhenotype:0001636,phenotype,excess intestinal cells,8
801,MP:0004266,phenotype,pale placenta,8
802,MP:0000754,phenotype,paresis,8
803,ClinVarVariant:830422,variant,NC_000023.11:g.(?_31609621)_(31679596_?)del,10
804,ZP:0009308,phenotype,"MiP motor neuron decreased amount, abnormal",8
805,MP:0008450,phenotype,retinal photoreceptor degeneration,8
806,MP:0011094,phenotype,"embryonic lethality before implantation, complete penetrance",8
807,MP:0004837,phenotype,abnormal neural fold formation,8
808,MP:0002166,phenotype,abnormal tumor susceptibility,8
809,RGD:620106,gene,Nos1ap,4
810,FlyBase:FBgn0033845,gene,mars,4
811,ENSEMBL:ENSMODG00000012806,gene,ENSEMBL:ENSMODG00000012806,4
812,EFO:0005658,phenotype,response to selective serotonin reuptake inhibitor,8
813,O96013,gene product,Serine/threonine-protein kinase PAK 4,5
814,MP:0008139,phenotype,fused podocyte foot processes,8
815,HGNC:25770,gene,WDR54,4
816,ClinVarVariant:832637,variant,NC_000023.11:g.(?_32380500)_(32816650_?)del,10
817,MP:0008788,phenotype,abnormal fetal cardiomyocyte morphology,8
818,ENSEMBL:ENSGALG00000008544,gene,ENSEMBL:ENSGALG00000008544,4
819,HP:0002907,phenotype,Microscopic hematuria,8
820,MP:0003044,phenotype,impaired basement membrane formation,8
821,ENSEMBL:ENSMMUG00000004350,gene,ENSEMBL:ENSMMUG00000004350,4
822,ClinVarVariant:803793,variant,NM_004006.3(DMD):c.9950_9951del (p.Lys3317fs),10
823,249,drug,astemizole,3
824,MP:0010097,phenotype,abnormal retinal blood vessel morphology,8
825,ClinVarVariant:526166,variant,NC_000023.11:g.(?_31773940)_(31968534_?)del,10
826,HP:0011019,phenotype,Abnormality of chromosome condensation,8
827,WormBase:WBGene00006582,gene,tmd-2,4
828,ENSEMBL:ENSGALG00000009050,gene,ENSEMBL:ENSGALG00000009050,4
829,ENSEMBL:ENSACAG00000007264,gene,ENSEMBL:ENSACAG00000007264,4
830,ENSEMBL:ENSECAG00000011067,gene,ENSEMBL:ENSECAG00000011067,4
831,ZFIN:ZDB-GENE-060526-47,gene,spef2,4
832,ClinVarVariant:217191,variant,NM_004006.2(DMD):c.282dup (p.Gly95fs),10
833,HP:0002098,phenotype,Respiratory distress,8
834,ENSEMBL:ENSBTAG00000010660,gene,CACNA1C,4
835,ClinVarVariant:643706,variant,NC_000023.11:g.(?_32287519)_(32365209_?)del,10
836,MONARCH:APO_0000131APO_0000004,phenotype,protein/peptide modification:increased,8
837,MP:0005375,phenotype,adipose tissue phenotype,8
838,HP:0025576,phenotype,Abnormal inferior vena cava morphology,8
839,ZP:0001514,phenotype,"skeletal muscle atrophied, abnormal",8
840,ENSEMBL:ENSSSCG00000032836,gene,TRIM41,4
841,MP:0004486,phenotype,decreased response of heart to induced stress,8
842,MP:0009339,phenotype,decreased splenocyte number,8
843,ENSEMBL:ENSPTRG00000022100,gene,ENSEMBL:ENSPTRG00000022100,4
844,ZP:0007875,phenotype,"sarcomere cardiac ventricle irregular spatial pattern, abnormal",8
845,ZP:0007410,phenotype,"eye morphogenesis disrupted, abnormal",8
846,HP:0004804,phenotype,Congenital hemolytic anemia,8
847,WBPhenotype:0001172,phenotype,programmed cell death variant,8
848,OMIM:300377.0082,variant,"DMD, ARG2905TER",10
849,ENSEMBL:ENSGALG00000006092,gene,ENSEMBL:ENSGALG00000006092,4
850,ZP:0003139,phenotype,"retinal ganglion cell layer decreased size, abnormal",8
851,ZP:0000129,phenotype,"neurocranial trabecula decreased size, abnormal",8
852,ZP:0018607,phenotype,"rhombomere 3 morphogenesis process quality, abnormal",8
853,ClinVarVariant:649074,variant,NC_000023.10:g.(?_32827600)_(33038327_?)dup,10
854,ENSEMBL:ENSOANG00000015045,gene,ENSEMBL:ENSOANG00000015045,4
855,ZP:0004485,phenotype,"blood circulation decreased process quality, abnormal",8
856,MGI:3798621,genotype,Dmd<mdx-5Cv> [B6Ros.Cg-Dmd<mdx-5Cv>],6
857,MP:0010614,phenotype,abnormal mitral valve cusp morphology,8
858,ZP:0100537,phenotype,"facial nerve motor nucleus decreased occurrence motor neuron migration, abnormal",8
859,ZP:0018229,phenotype,"trunk vasculature decreased process quality blood vessel lumenization, abnormal",8
860,MP:0003916,phenotype,decreased heart left ventricle weight,8
861,ENSEMBL:ENSCAFG00000014976,gene,MARK2,4
862,MP:0008553,phenotype,increased circulating tumor necrosis factor level,8
863,ENSEMBL:ENSFCAG00000011170,gene,ENSEMBL:ENSFCAG00000011170,4
864,ClinVarVariant:833401,variant,NC_000023.11:g.(?_31444471)_(31658154_?)del,10
865,dbSNP:rs841163,variant,rs841163-?,10
866,MP:0009289,phenotype,decreased epididymal fat pad weight,8
867,MP:0001377,phenotype,abnormal mating frequency,8
868,ENSEMBL:ENSFCAG00000014120,gene,ENSEMBL:ENSFCAG00000014120,4
869,NCBITaxon:10116,taxon,Rattus norvegicus,9
870,PomBase:SPAC144.14,gene,klp8,4
871,RGD:1565451,gene,Lonrf3,4
872,WBPhenotype:0000166,phenotype,seam cell fusion variant,8
873,HP:0000790,phenotype,Hematuria,8
874,MONARCH:APO_0000215APO_0000003,phenotype,toxin resistance:decreased,8
875,HGNC:11973,gene,TNS1,4
876,MP:0004981,phenotype,decreased neuronal precursor cell number,8
877,ENSEMBL:ENSGALG00000005321,gene,LAMA5,4
878,MP:0030016,phenotype,increased adipocyte glucose uptake,8
879,MONARCH:APO_0000029APO_0000005,phenotype,pseudohyphal growth:absent,8
880,ZP:0000671,phenotype,"sarcomere muscle disorganized, abnormal",8
881,ENSEMBL:ENSBTAG00000011424,gene,ENSEMBL:ENSBTAG00000011424,4
882,ENSEMBL:ENSGALG00000035219,gene,ALB,4
883,ENSEMBL:ENSMMUG00000013140,gene,ENSEMBL:ENSMMUG00000013140,4
884,Coriell:GM23244,biological artifact,NIGMS-GM23244,0
885,HP:0003641,phenotype,Hemoglobinuria,8
886,MGI:98927,gene,Vcl,4
887,ENSEMBL:ENSACAG00000015565,gene,ENSEMBL:ENSACAG00000015565,4
888,Coriell:GM23095,biological artifact,NIGMS-GM23095,0
889,ZFIN:ZDB-GENE-070412-4,gene,fkrp,4
890,ClinVarVariant:526090,variant,NM_000109.4(DMD):c.632dup (p.Asp211fs),10
891,ZP:0000685,phenotype,"heart physical object quality, abnormal",8
892,ClinVarVariant:94576,variant,NM_004006.2(DMD):c.3151C>T (p.Arg1051Ter),10
893,ZP:0000895,phenotype,"mouth quality, abnormal",8
894,ZFIN:ZDB-GENE-040426-1146,gene,traf3ip1,4
895,ENSEMBL:ENSGALG00000003886,gene,ENSEMBL:ENSGALG00000003886,4
896,ClinVarVariant:832653,variant,NC_000023.11:g.(?_31729631)_(31932227_?)del,10
897,HP:0010862,phenotype,Delayed fine motor development,8
898,HGNC:6492,gene,LAMC1,4
899,HP:0001802,phenotype,Absent toenail,8
900,ZP:0007873,phenotype,"cardiac ventricle quality, abnormal",8
901,ENSEMBL:ENSECAG00000014446,gene,ENSEMBL:ENSECAG00000014446,4
902,RGD:71043,gene,Cdc42,4
903,ZP:0003036,phenotype,"muscle pioneer somite absent, abnormal",8
904,ENSEMBL:ENSMMUG00000015508,gene,ENSEMBL:ENSMMUG00000015508,4
905,ENSEMBL:ENSSSCG00000039710,gene,ENSEMBL:ENSSSCG00000039710,4
906,MGI:96610,gene,Itgb1,4
907,ZFIN:ZDB-GENE-041212-49,gene,arhgef7b,4
908,MP:0003871,phenotype,abnormal myelin sheath morphology,8
909,ClinVarVariant:833222,variant,NC_000023.11:g.(?_31314406)_(31820093_?)dup,10
910,ENSEMBL:ENSDARG00000104742,gene,hnf4b,4
911,ENSEMBL:ENSMODG00000004993,gene,ENSEMBL:ENSMODG00000004993,4
912,ENSEMBL:ENSOANG00000041099,gene,ENSEMBL:ENSOANG00000041099,4
913,ZP:0000747,phenotype,"sarcomere ventricular myocardium disorganized, abnormal",8
914,ClinVarVariant:983943,variant,NM_004006.3(DMD):c.4656T>A (p.Tyr1552Ter),10
915,ENSEMBL:ENSPTRG00000042355,gene,ENSEMBL:ENSPTRG00000042355,4
916,FBcv:0000002,phenotype,abnormal thermotaxis,8
917,ENSEMBL:ENSBTAG00000012307,gene,ENSEMBL:ENSBTAG00000012307,4
918,WormBase:WBGene00004951,gene,spc-1,4
919,HP:0001942,phenotype,Metabolic acidosis,8
920,ZFIN:ZDB-GENE-001101-1,gene,nos1,4
921,EFO:0008176,phenotype,interleukin 17 receptor B measurement,8
922,MP:0003141,phenotype,cardiac fibrosis,8
923,ZP:0000677,phenotype,"myeloid cell differentiation disrupted, abnormal",8
924,ZFIN:ZDB-GENE-050522-426,gene,cav3,4
925,MP:0002161,phenotype,abnormal fertility/fecundity,8
926,ENSEMBL:ENSPTRG00000002086,gene,ENSEMBL:ENSPTRG00000002086,4
927,WBPhenotype:0001886,phenotype,cleavage furrow termination defective early emb,8
928,ClinVarVariant:917479,variant,NM_004006.3(DMD):c.1283del (p.Asn428fs),10
929,ENSEMBL:ENSBTAG00000007498,gene,ENSEMBL:ENSBTAG00000007498,4
930,ClinVarVariant:584064,variant,NC_000023.10:g.(?_32827590)_(32841967_?)dup,10
931,MP:0020326,phenotype,dilated capillary,8
932,ZP:0106697,phenotype,"cardiac ventricle decreased occurrence heart contraction, abnormal",8
933,HP:0002180,phenotype,Neurodegeneration,8
934,dbSNPIndividual:20969,genotype,DMD(EX4-43DEL); arr Xp21.1(32170293-32774419)x0 [GM05169],6
935,ClinVarVariant:455935,variant,NM_004006.2(DMD):c.8547+1G>A,10
936,ZP:0019895,phenotype,"focal adhesion optic fissure decreased amount, abnormal",8
937,5357,drug,golodirsen,3
938,ClinVarVariant:831932,variant,NC_000023.11:g.(?_32287519)_(32823850_?)del,10
939,HP:0000268,phenotype,Dolichocephaly,8
940,HP:0003196,phenotype,Short nose,8
941,ZP:0020138,phenotype,"skeletal muscle increased process quality apoptotic process, abnormal",8
942,WBPhenotype:0002009,phenotype,proteasome core activity variant,8
943,ENSEMBL:ENSACAG00000001327,gene,ENSEMBL:ENSACAG00000001327,4
944,ENSEMBL:ENSMODG00000013943,gene,ENSEMBL:ENSMODG00000013943,4
945,MP:0003733,phenotype,abnormal retinal inner nuclear layer morphology,8
946,HGNC:493,gene,ANK2,4
947,HP:0001105,phenotype,Retinal atrophy,8
948,ENSEMBL:ENSCAFG00000012695,gene,CAPN10,4
949,WormBase:WBGene00022166,gene,Y71H2AM.1,4
950,MONARCH:APO_0000204APO_0000003,phenotype,hyperosmotic stress resistance:decreased,8
951,ENSEMBL:ENSMMUG00000049219,gene,ENSEMBL:ENSMMUG00000049219,4
952,ENSEMBL:ENSBTAG00000018108,gene,PXN,4
953,WormBase:WBGene00019277,gene,sgcb-1,4
954,MGI:99678,gene,Actn3,4
955,MP:0002227,phenotype,abnormal spleen capsule morphology,8
956,PomBase:SPAC1805.17,gene,crm1,4
957,ZP:0003164,phenotype,"atrium decreased size, abnormal",8
958,ZP:0003165,phenotype,"intersegmental vessel decreased length, abnormal",8
959,ZP:0008743,phenotype,"myofibril muscle misrouted, abnormal",8
960,ENSEMBL:ENSOANG00000040795,gene,ENSEMBL:ENSOANG00000040795,4
961,ZFIN:ZDB-GENE-040426-1743,gene,viml,4
962,HP:0031793,phenotype,Increased serum leptin,8
963,MGI:87906,gene,Actg1,4
964,OMIM:300377.0075,variant,"DMD, ALU INS",10
965,ENSEMBL:ENSBTAG00000013191,gene,AGRN,4
966,ZP:0001771,phenotype,"pronephros quality, abnormal",8
967,HGNC:6493,gene,LAMC2,4
968,ENSEMBL:ENSPTRG00000020589,gene,ENSEMBL:ENSPTRG00000020589,4
969,MP:0001731,phenotype,abnormal postnatal growth,8
970,ClinVarVariant:526087,variant,NM_004006.2(DMD):c.9183G>A (p.Trp3061Ter),10
971,ZP:0000737,phenotype,"ceratohyal cartilage orientation ceratohyal cartilage, abnormal",8
972,ZP:0100139,phenotype,"muscle tendon junction fast muscle cell increased amount, abnormal",8
973,MP:0004810,phenotype,decreased hematopoietic stem cell number,8
974,HP:0007894,phenotype,Hypopigmentation of the fundus,8
975,RGD:620450,gene,Spef2,4
976,HGNC:19737,gene,TNS2,4
977,MP:0011110,phenotype,"preweaning lethality, incomplete penetrance",8
978,ZP:0013753,phenotype,"lens development in camera-type eye process quality, abnormal",8
979,MGI:1927340,gene,Mpp6,4
980,FlyBase:FBgn0026598,gene,Apc2,4
981,ZP:0007283,phenotype,"cranial vasculature separated from blood vessel endothelial cell mesenchymal cell head mesenchyme, abnormal",8
982,HGNC:14896,gene,SPTBN4,4
983,ZP:0001967,phenotype,"mandibular arch skeleton protruding, abnormal",8
984,ZP:0000693,phenotype,"regulation of cardiac muscle contraction by calcium ion signaling disrupted, abnormal",8
985,MP:0011523,phenotype,thin placenta labyrinth,8
986,WBPhenotype:0001857,phenotype,pathogen induced gene expression variant,8
987,MP:0002280,phenotype,abnormal intercostal muscle morphology,8
988,ClinVarVariant:945561,variant,NM_004006.3(DMD):c.6629del (p.Lys2210fs),10
989,HP:0040170,phenotype,Abnormality of hair growth,8
990,MP:0001407,phenotype,short stride length,8
991,ENSEMBL:ENSOANG00000003469,gene,ENSEMBL:ENSOANG00000003469,4
992,Xenbase:XB-GENE-5875739,gene,capn3,4
993,HP:0002910,phenotype,Elevated hepatic transaminase,8
994,ClinVarVariant:11239,variant,NM_004006.2(DMD):c.178C>T (p.Gln60Ter),10
995,ENSEMBL:ENSACAG00000015214,gene,ENSEMBL:ENSACAG00000015214,4
996,ZP:0002175,phenotype,"cardiac muscle cell cardiac ventricle non-contractile, abnormal",8
997,HGNC:16663,gene,CAPN13,4
998,ClinVarVariant:11249,variant,NM_000109.4(DMD):c.1928G>A (p.Trp643Ter),10
999,ClinVarVariant:224665,variant,NM_004020.3(DMD):c.2843+9182_2843+9183del,10
1000,EFO:0005091,phenotype,monocyte count,8
1001,ENSEMBL:ENSGALG00000010186,gene,ENSEMBL:ENSGALG00000010186,4
1002,HP:0000568,phenotype,Microphthalmia,8
1003,ZP:0019501,phenotype,"brain increased amount, abnormal",8
1004,MP:0014076,phenotype,absent Paneth cells,8
1005,ClinVarVariant:501095,variant,NM_000109.4(DMD):c.10062+1G>T,10
1006,MP:0009850,phenotype,embryonic lethality between implantation and placentation,8
1007,MP:0011882,phenotype,enlarged duodenum,8
1008,EFO:0008171,phenotype,interleukin 13 measurement,8
1009,ClinVarVariant:94598,variant,NM_000109.4(DMD):c.3579+2T>A,10
1010,ZP:0006837,phenotype,"skeletal muscle cell disorganized, abnormal",8
1011,ENSEMBL:ENSOANG00000002406,gene,ENSEMBL:ENSOANG00000002406,4
1012,Q13936,gene product,Voltage-dependent L-type calcium channel subunit alpha-1C,5
1013,WBPhenotype:0001889,phenotype,body wall muscle sarcomere morphology variant,8
1014,ENSEMBL:ENSSSCG00000017500,gene,ENSEMBL:ENSSSCG00000017500,4
1015,RGD:1307341,gene,Capn12,4
1016,WBPhenotype:0001403,phenotype,antibody subcellular localization variant,8
1017,MONARCH:APO_0000059APO_0000002,phenotype,vacuolar morphology:abnormal,8
1018,WBPhenotype:0000525,phenotype,organism behavior variant,8
1019,MESH:C540944,drug,5-O-(5-amino-5-deoxyribofuranosyl)-1N-(4-amino-2-hydroxybutanoyl)paromamine,3
1020,MP:0011877,phenotype,absent liver,8
1021,ZP:0011545,phenotype,"cell posterior lateral mesoderm shape, abnormal",8
1022,ZFIN:ZDB-GENE-070228-6,gene,utrn,4
1023,ENSEMBL:ENSCAFG00000018322,gene,ENSEMBL:ENSCAFG00000018322,4
1024,MP:0002207,phenotype,abnormal long term potentiation,8
1025,EFO:0005271,phenotype,sleep duration,8
1026,ZP:0003218,phenotype,"filamentous actin cell disorganized, abnormal",8
1027,OMIM:300377.0057,variant,"DMD, GLN2264TER",10
1028,WormBase:WBGene00002978,gene,lev-11,4
1029,ENSEMBL:ENSMMUG00000006848,gene,ENSEMBL:ENSMMUG00000006848,4
1030,FlyBase:FBgn0260003,gene,Dys,4
1031,ZP:0000232,phenotype,"heart decreased contractility, abnormal",8
1032,ClinVarVariant:948835,variant,NM_004006.3(DMD):c.88del (p.Ser30fs),10
1033,ClinVarVariant:217214,variant,NM_004006.2(DMD):c.8357G>A (p.Trp2786Ter),10
1034,MONARCH:APO_0000200APO_0000002,phenotype,budding pattern:abnormal,8
1035,RGD:1308596,gene,Kif23,4
1036,ClinVarVariant:565437,variant,NM_004010.3(DMD):c.-229dup,10
1037,NCBITaxon:9685,taxon,Felis catus,9
1038,ENSEMBL:ENSGALG00000016367,gene,SNTG2,4
1039,HP:0001935,phenotype,Microcytic anemia,8
1040,MP:0000683,phenotype,decreased percent water in carcass,8
1041,ZP:0010836,phenotype,"motile cilium pronephric duct disorganized, abnormal",8
1042,ENSEMBL:ENSOANG00000042128,gene,ENSEMBL:ENSOANG00000042128,4
1043,ClinVarVariant:409903,variant,NM_004006.2(DMD):c.8914C>T (p.Gln2972Ter),10
1044,ENSEMBL:ENSBTAG00000020034,gene,LYN,4
1045,HP:0100678,phenotype,Premature skin wrinkling,8
1046,ENSEMBL:ENSSSCG00000036418,gene,SLC8A1,4
1047,ENSEMBL:ENSFCAG00000011488,gene,ENSEMBL:ENSFCAG00000011488,4
1048,ZP:0001024,phenotype,"lens protruding, abnormal",8
1049,ENSEMBL:ENSFCAG00000025611,gene,ENSEMBL:ENSFCAG00000025611,4
1050,MP:0012270,phenotype,cardiac edema,8
1051,ClinVarVariant:803845,variant,NM_004006.3(DMD):c.6913-2A>T,10
1052,Xenbase:XB-GENE-999865,gene,kif23,4
1053,HP:0005584,phenotype,Renal cell carcinoma,8
1054,dbSNP:rs1426040,variant,rs1426040-?,10
1055,ZP:0007082,phenotype,"sarcomere skeletal muscle cell disorganized, abnormal",8
1056,MP:0011109,phenotype,"lethality throughout fetal growth and development, incomplete penetrance",8
1057,ZP:0100168,phenotype,"twitch skeletal muscle contraction decreased intensity, abnormal",8
1058,969,drug,drotaverine,3
1059,ClinVarVariant:854585,variant,NM_004006.3(DMD):c.10248G>A (p.Trp3416Ter),10
1060,ZP:0100130,phenotype,"skeletal muscle myofibril skeletal muscle cell decreased amount, abnormal",8
1061,ZP:0003107,phenotype,"palatoquadrate cartilage malformed, abnormal",8
1062,ENSEMBL:ENSECAG00000008017,gene,ENSEMBL:ENSECAG00000008017,4
1063,MP:0000471,phenotype,abnormal stomach epithelium morphology,8
1064,HP:0000455,phenotype,Broad nasal tip,8
1065,MP:0009768,phenotype,impaired somite development,8
1066,MP:0004969,phenotype,pale kidney,8
1067,629,drug,cianidanol,3
1068,OMIM:300377.0018,variant,"DMD, IVS19, A-C, +3",10
1069,HP:0003691,phenotype,Scapular winging,8
1070,ClinVarVariant:455840,variant,NC_000023.10:g.(?_32662229)_(32669194_?)dup,10
1071,dictyBase:DDB_G0292004,gene,DDB0184155,4
1072,WBPhenotype:0000039,phenotype,life span phenotype,8
1073,MP:0012173,phenotype,short rostral-caudal axis,8
1074,ENSEMBL:ENSOANG00000044923,gene,ENSEMBL:ENSOANG00000044923,4
1075,HP:0001360,phenotype,Holoprosencephaly,8
1076,ClinVarVariant:851918,variant,NM_004006.3(DMD):c.8626C>T (p.Gln2876Ter),10
1077,ZP:0008960,phenotype,"cardiac ventricle decreased volume, abnormal",8
1078,MP:0004867,phenotype,decreased platelet calcium level,8
1079,MP:0003223,phenotype,decreased cardiomyocyte apoptosis,8
1080,ENSEMBL:ENSSSCG00000016831,gene,SPEF2,4
1081,HP:0003487,phenotype,Babinski sign,8
1082,MP:0010124,phenotype,decreased bone mineral content,8
1083,MP:0001928,phenotype,abnormal ovulation,8
1084,ZP:0008073,phenotype,"M band skeletal muscle cell disorganized, abnormal",8
1085,HP:0005404,phenotype,Increased B cell count,8
1086,FBcv:0000366,phenotype,female sterile,8
1087,ENSEMBL:ENSCAFG00000016120,gene,ENSEMBL:ENSCAFG00000016120,4
1088,1613,drug,loxapine,3
1089,ENSEMBL:ENSMODG00000017436,gene,ENSEMBL:ENSMODG00000017436,4
1090,MP:0003648,phenotype,abnormal radial glial cell morphology,8
1091,HP:0001974,phenotype,Leukocytosis,8
1092,ZP:0001093,phenotype,"endocrine pancreas mislocalised, abnormal",8
1093,ENSEMBL:ENSOANG00000008788,gene,ENSEMBL:ENSOANG00000008788,4
1094,ZP:0007285,phenotype,"mid cerebral vein fragile, abnormal",8
1095,ZP:0008007,phenotype,"voltage-gated sodium channel complex spinal cord decreased amount, abnormal",8
1096,ZP:0003031,phenotype,"muscle organ morphogenesis delayed, abnormal",8
1097,ENSEMBL:ENSMMUG00000002952,gene,ENSEMBL:ENSMMUG00000002952,4
1098,2536,drug,suloctidil,3
1099,MP:0030969,phenotype,increased circulating adiponectin level,8
1100,ENSEMBL:ENSACAG00000005756,gene,ENSEMBL:ENSACAG00000005756,4
1101,HP:0002521,phenotype,Hypsarrhythmia,8
1102,RGD:628837,gene,Actb,4
1103,dbSNP:rs16990008,variant,rs16990008-C,10
1104,MP:0003461,phenotype,abnormal response to novel object,8
1105,ENSEMBL:ENSGALG00000017111,gene,ENSEMBL:ENSGALG00000017111,4
1106,ZFIN:ZDB-GENE-120221-1,gene,tiam1b,4
1107,ENSEMBL:ENSOANG00000002355,gene,ENSEMBL:ENSOANG00000002355,4
1108,HP:0001875,phenotype,Neutropenia,8
1109,ZP:0000726,phenotype,"thymus decreased size, abnormal",8
1110,HP:0003477,phenotype,Peripheral axonal neuropathy,8
1111,ENSEMBL:ENSBTAG00000012726,gene,ENSEMBL:ENSBTAG00000012726,4
1112,MP:0011940,phenotype,decreased food intake,8
1113,ZP:0008715,phenotype,"myofibril somite unstructured, abnormal",8
1114,ENSEMBL:ENSCAFG00000007635,gene,ENSEMBL:ENSCAFG00000007635,4
1115,HGNC:21152,gene,LONRF3,4
1116,ENSEMBL:ENSFCAG00000012569,gene,ENSEMBL:ENSFCAG00000012569,4
1117,EnsemblGenome:AT1G13060,gene,EnsemblGenome:AT1G13060,4
1118,ZFIN:ZDB-GENE-070705-73,gene,myhz1.2,4
1119,MP:0020154,phenotype,impaired humoral immune response,8
1120,ClinVarVariant:984219,variant,NM_004006.3(DMD):c.6217A>T (p.Lys2073Ter),10
1121,MP:0010653,phenotype,abnormal Wallerian degeneration,8
1122,HP:0003073,phenotype,Hypoalbuminemia,8
1123,Coriell:GM05016,biological artifact,NIGMS-GM05016,0
1124,ENSEMBL:ENSOANG00000045748,gene,ENSEMBL:ENSOANG00000045748,4
1125,MP:0003241,phenotype,loss of cortex neurons,8
1126,MONARCH:APO_0000075APO_0000251,phenotype,endocytosis:premature,8
1127,ZP:0004517,phenotype,"lens absent, abnormal",8
1128,HGNC:25174,gene,HAUS1,4
1129,ClinVarVariant:455799,variant,NC_000023.10:g.(?_31627738)_(31747885_?)del,10
1130,ENSEMBL:ENSBTAG00000047856,gene,ENSEMBL:ENSBTAG00000047856,4
1131,522,drug,carvedilol,3
1132,WBPhenotype:0000018,phenotype,pharyngeal pumping increased,8
1133,ENSEMBL:ENSCAFG00000006708,gene,ENSEMBL:ENSCAFG00000006708,4
1134,FBcv:0000390,phenotype,hypoactive,8
1135,OMIM:300377.0041,variant,"DMD, GLN497TER",10
1136,ENSEMBL:ENSECAG00000010909,gene,ENSEMBL:ENSECAG00000010909,4
1137,ZP:0137243,phenotype,"myoseptum absent, abnormal",8
1138,MP:0003562,phenotype,abnormal pancreatic beta cell physiology,8
1139,HP:0012547,phenotype,Abnormal involuntary eye movements,8
1140,WBPhenotype:0000604,phenotype,nervous system morphology variant,8
1141,ClinVarVariant:217207,variant,NM_004006.2(DMD):c.6128_6131del (p.Asp2043fs),10
1142,WBPhenotype:0000345,phenotype,VPC cell division variant,8
1143,ClinVarVariant:455913,variant,NM_000109.4(DMD):c.5589_5616del (p.Lys1863fs),10
1144,ClinVarVariant:417497,variant,NC_000023.11:g.(?_31819975)_(31836819_?)del,10
1145,MONARCH:APO_0000224APO_0000003,phenotype,RNA accumulation:decreased,8
1146,ClinVarVariant:239601,variant,NM_004006.2(DMD):c.1705-1G>T,10
1147,ENSEMBL:ENSPTRG00000005719,gene,ENSEMBL:ENSPTRG00000005719,4
1148,HP:0002983,phenotype,Micromelia,8
1149,ENSEMBL:ENSCAFG00000018597,gene,LAMA1,4
1150,HP:0030685,phenotype,Decreased adiponectin level,8
1151,ClinVarVariant:803881,variant,NM_004006.3(DMD):c.4294C>T (p.Gln1432Ter),10
1152,1427,drug,imipramine,3
1153,ZP:0106677,phenotype,"endocrine pancreas decreased occurrence determination of pancreatic left/right asymmetry, abnormal",8
1154,HGNC:18867,gene,KCNU1,4
1155,OMIA-breed:282,biological artifact,Weimaraner (dog),0
1156,RGD:621535,gene,Cacna1f,4
1157,MP:0005093,phenotype,decreased B cell proliferation,8
1158,HP:0011483,phenotype,Anterior synechiae of the anterior chamber,8
1159,MONARCH:APO_0000085APO_0000003,phenotype,UV resistance:decreased,8
1160,ENSEMBL:ENSOANG00000001050,gene,ENSEMBL:ENSOANG00000001050,4
1161,ZP:0102142,phenotype,"plasma membrane notochord inner cell broken, abnormal",8
1162,P05067,gene product,Amyloid beta A4 protein,5
1163,HP:0002410,phenotype,Aqueductal stenosis,8
1164,MP:0009239,phenotype,short sperm flagellum,8
1165,ZP:0002962,phenotype,"whole organism decreased speed, abnormal",8
1166,ENSEMBL:ENSRNOG00000051594,gene,ENSEMBL:ENSRNOG00000051594,4
1167,WBPhenotype:0001211,phenotype,cuticle integrity variant,8
1168,MP:0000158,phenotype,absent sternum,8
1169,ENSEMBL:ENSACAG00000005260,gene,ENSEMBL:ENSACAG00000005260,4
1170,ClinVarVariant:803816,variant,NM_004006.3(DMD):c.8731del (p.Val2911fs),10
1171,RGD:2320873,gene,LOC100361087,4
1172,ENSEMBL:ENSMMUG00000008633,gene,ENSEMBL:ENSMMUG00000008633,4
1173,MP:0001780,phenotype,decreased brown adipose tissue amount,8
1174,ENSEMBL:ENSECAG00000023396,gene,ENSEMBL:ENSECAG00000023396,4
1175,MGI:98783,gene,Tnni3,4
1176,MP:0000652,phenotype,enlarged sebaceous gland,8
1177,ENSEMBL:ENSPTRG00000011802,gene,ENSEMBL:ENSPTRG00000011802,4
1178,ClinVarVariant:584245,variant,NC_000023.11:g.(?_31627653)_(31679606_?)del,10
1179,MP:0008962,phenotype,abnormal carbon dioxide production,8
1180,MP:0012677,phenotype,absent brain ventricles,8
1181,ClinVarVariant:526174,variant,NC_000023.11:g.(?_32438221)_(32614473_?)del,10
1182,ZP:0007172,phenotype,"sarcomere slow muscle cell malformed, abnormal",8
1183,HP:0002282,phenotype,Gray matter heterotopia,8
1184,MGI:1346523,gene,Sgcb,4
1185,WBPhenotype:0001276,phenotype,ectopic expression transgene,8
1186,MP:0009408,phenotype,decreased skeletal muscle fiber density,8
1187,MP:0012263,phenotype,decreased hindbrain size,8
1188,ENSEMBL:ENSSSCG00000014311,gene,SLC25A48,4
1189,ZP:0014134,phenotype,"developmental process decreased rate, abnormal",8
1190,FlyBase:FBgn0031410,gene,CG17237,4
1191,WBPhenotype:0000473,phenotype,progressive paralysis,8
1192,ClinVarVariant:830801,variant,NC_000023.11:g.(?_31348546)_(31364153_?)del,10
1193,ZP:0019069,phenotype,"sarcoplasmic reticulum skeletal muscle dilated, abnormal",8
1194,ENSEMBL:ENSMMUG00000017767,gene,ENSEMBL:ENSMMUG00000017767,4
1195,ZP:0004643,phenotype,"ceratobranchial cartilage morphology, abnormal",8
1196,ENSEMBL:ENSFCAG00000009601,gene,ENSEMBL:ENSFCAG00000009601,4
1197,ClinVarVariant:210853,variant,NM_004006.2(DMD):c.6614+3310G>T,10
1198,ZP:0003186,phenotype,"pronephros decreased functionality, abnormal",8
1199,ZFIN:ZDB-GENE-030131-6695,gene,sgcb,4
1200,MP:0030943,phenotype,abnormal centrosome morphology,8
1201,ZP:0009378,phenotype,"response to external stimulus arrested, abnormal",8
1202,WormBase:WBGene00002975,gene,lev-8,4
1203,MP:0009423,phenotype,increased extensor digitorum longus weight,8
1204,MP:0001006,phenotype,abnormal retinal cone cell morphology,8
1205,ZP:0002589,phenotype,"whole organism unbalanced, abnormal",8
1206,MP:0004362,phenotype,cochlear hair cell degeneration,8
1207,MP:0003087,phenotype,absent allantois,8
1208,ZP:0019488,phenotype,"macrophage brain increased amount, abnormal",8
1209,ENSEMBL:ENSSSCG00000005243,gene,PGM5,4
1210,RGD:1359708,gene,Git2,4
1211,WBPhenotype:0000772,phenotype,sister chromatid segregation defective early emb,8
1212,ZP:0006778,phenotype,"perichondral bone hyperplastic, abnormal",8
1213,ENSEMBL:ENSPTRG00000020999,gene,ENSEMBL:ENSPTRG00000020999,4
1214,MP:0004145,phenotype,abnormal muscle electrophysiology,8
1215,Xenbase:XB-GENE-923190,gene,mybpc2,4
1216,ClinVarVariant:409904,variant,NM_004006.2(DMD):c.1149+1G>A,10
1217,812,drug,desipramine,3
1218,ZP:0004690,phenotype,"epidermal cell median fin fold positional polarity, abnormal",8
1219,ENSEMBL:ENSMMUG00000021075,gene,ENSEMBL:ENSMMUG00000021075,4
1220,MONARCH:APO_0000212APO_0000002,phenotype,bud morphology:abnormal,8
1221,MGI:1346525,gene,Sgcd,4
1222,ZP:0005025,phenotype,"nucleus skeletal muscle cell shape, abnormal",8
1223,ENSEMBL:ENSSSCG00000007469,gene,PTPN1,4
1224,WBPhenotype:0001181,phenotype,accumulated somatic cell corpses,8
1225,ClinVarVariant:662853,variant,NC_000023.10:g.(?_33032666)_(33038327_?)dup,10
1226,ENSEMBL:ENSFCAG00000018350,gene,ENSEMBL:ENSFCAG00000018350,4
1227,MP:0010569,phenotype,papillary muscle hypertrophy,8
1228,RGD:61953,gene,Pak2,4
1229,ZP:0017152,phenotype,"germ cell development process quality, abnormal",8
1230,HGNC:164,gene,ACTN2,4
1231,FBcv:0000670,phenotype,abnormal eclosion,8
1232,dictyBase:DDB_G0289533,gene,act27,4
1233,WBPhenotype:0001569,phenotype,body wall muscle myosin organization defective,8
1234,ENSEMBL:ENSMODG00000003148,gene,ENSEMBL:ENSMODG00000003148,4
1235,ZP:0002952,phenotype,"vertical myoseptum U-shaped, abnormal",8
1236,ENSEMBL:ENSECAG00000009727,gene,ENSEMBL:ENSECAG00000009727,4
1237,HP:0004326,phenotype,Cachexia,8
1238,ENSEMBL:ENSBTAG00000010191,gene,ENSEMBL:ENSBTAG00000010191,4
1239,ENSEMBL:ENSOANG00000012482,gene,ENSEMBL:ENSOANG00000012482,4
1240,ENSEMBL:ENSOANG00000046752,gene,ENSEMBL:ENSOANG00000046752,4
1241,WormBase:WBGene00000403,gene,casy-1,4
1242,ZP:0003820,phenotype,"fast muscle cell mononucleate, abnormal",8
1243,ZP:0100060,phenotype,"cell body Muller cell displaced, abnormal",8
1244,ZP:0001188,phenotype,"myofibril slow muscle cell decreased thickness, abnormal",8
1245,1057,drug,estradiol,3
1246,MGI:109550,gene,Tnnt3,4
1247,HP:0001344,phenotype,Absent speech,8
1248,HP:0007703,phenotype,Abnormality of retinal pigmentation,8
1249,ENSEMBL:ENSOANG00000007126,gene,ENSEMBL:ENSOANG00000007126,4
1250,ENSEMBL:ENSECAG00000012155,gene,ENSEMBL:ENSECAG00000012155,4
1251,MP:0004272,phenotype,abnormal basement membrane morphology,8
1252,ClinVarVariant:803786,variant,NM_004006.3(DMD):c.10429C>T (p.Gln3477Ter),10
1253,ENSEMBL:ENSFCAG00000006788,gene,ENSEMBL:ENSFCAG00000006788,4
1254,ENSEMBL:ENSMODG00000000247,gene,ENSEMBL:ENSMODG00000000247,4
1255,MP:0001264,phenotype,increased body size,8
1256,WBPhenotype:0001635,phenotype,excess pharyngeal cells,8
1257,Xenbase:XB-GENE-975048,gene,psmb5,4
1258,P11229,gene product,Muscarinic acetylcholine receptor M1,5
1259,HP:0011472,phenotype,Abnormality of small intestinal villus morphology,8
1260,ENSEMBL:ENSECAG00000020052,gene,ENSEMBL:ENSECAG00000020052,4
1261,HP:0010615,phenotype,Angiofibromas,8
1262,ClinVarVariant:580058,variant,NM_004006.2(DMD):c.1619G>A (p.Trp540Ter),10
1263,ENSEMBL:ENSMMUG00000019571,gene,ENSEMBL:ENSMMUG00000019571,4
1264,ZFIN:ZDB-GENE-040625-62,gene,tnnc1b,4
1265,MP:0001005,phenotype,abnormal retinal rod cell morphology,8
1266,FlyBase:FBgn0264695,gene,Mhc,4
1267,ClinVarVariant:803956,variant,NM_004006.3(DMD):c.93_93+14del,10
1268,MP:0004179,phenotype,transmission ratio distortion,8
1269,ClinVarVariant:832226,variant,NC_000023.11:g.(?_31836708)_(31968524_?)dup,10
1270,ENSEMBL:ENSMODG00000008490,gene,ENSEMBL:ENSMODG00000008490,4
1271,ClinVarVariant:649052,variant,NC_000023.11:g.(?_31819965)_(31879410_?)del,10
1272,ClinVarVariant:217216,variant,NM_000109.4(DMD):c.8944_8945GA[1] (p.Asn2983fs),10
1273,ENSEMBL:ENSMMUG00000016925,gene,ENSEMBL:ENSMMUG00000016925,4
1274,EFO:0005937,phenotype,longitudinal BMI measurement,8
1275,ZP:0002999,phenotype,"lens disorganized, abnormal",8
1276,WormBase:WBGene00000390,gene,cdc-42,4
1277,HP:0003330,phenotype,Abnormal bone structure,8
1278,ZP:0013258,phenotype,"circadian rhythm process quality, abnormal",8
1279,ClinVarVariant:803909,variant,NM_004006.3(DMD):c.2529del (p.Glu843fs),10
1280,HP:0012535,phenotype,Abnormal synaptic transmission,8
1281,ClinVarVariant:417483,variant,NC_000023.11:g.(?_31478106)_(31932227_?)del,10
1282,ClinVarVariant:409882,variant,NM_004006.2(DMD):c.3603+3A>T,10
1283,MP:0000854,phenotype,abnormal cerebellum development,8
1284,HP:0003198,phenotype,Myopathy,8
1285,MP:0009399,phenotype,increased skeletal muscle fiber size,8
1286,ClinVarVariant:832430,variant,NC_000023.11:g.(?_32697860)_(32699303_?)del,10
1287,MP:0014101,phenotype,decreased chondrocyte proliferation,8
1288,HP:0003010,phenotype,Prolonged bleeding time,8
1289,ZP:0001650,phenotype,"blood vessel remodeling disrupted, abnormal",8
1290,MP:0003137,phenotype,abnormal impulse conducting system conduction,8
1291,ENSEMBL:ENSCAFG00000001431,gene,ENSEMBL:ENSCAFG00000001431,4
1292,ENSEMBL:ENSGALG00000017122,gene,SGCG,4
1293,ClinVarVariant:409899,variant,NM_004006.2(DMD):c.1653G>A (p.Trp551Ter),10
1294,dictyBase:DDB_G0283599,gene,limA,4
1295,ZP:0003075,phenotype,"myofibril cardiac muscle cell decreased size, abnormal",8
1296,ENSEMBL:ENSPTRG00000018588,gene,ENSEMBL:ENSPTRG00000018588,4
1297,WormBase:WBGene00003911,gene,pak-1,4
1298,ENSEMBL:ENSECAG00000020701,gene,ENSEMBL:ENSECAG00000020701,4
1299,PomBase:SPAC4A8.05c,gene,myp2,4
1300,MP:0010758,phenotype,increased right ventricle systolic pressure,8
1301,MP:0002084,phenotype,abnormal developmental patterning,8
1302,ENSEMBL:ENSMODG00000008918,gene,ENSEMBL:ENSMODG00000008918,4
1303,ZP:0000237,phenotype,"striated muscle cell development disrupted, abnormal",8
1304,OMIM:300377.0003,variant,"DMD, GLU931TER",10
1305,MP:0012307,phenotype,impaired spatial learning,8
1306,ClinVarVariant:657913,variant,NC_000023.11:g.(?_31819965)_(31820093_?)del,10
1307,MP:0013293,phenotype,embryonic lethality prior to tooth bud stage,8
1308,HP:0001655,phenotype,Patent foramen ovale,8
1309,Xenbase:XB-GENE-18006552,gene,capn8.3,4
1310,FBcv:0002000,phenotype,lethal - all die before end of P-stage,8
1311,ENSEMBL:ENSMODG00000016246,gene,ENSEMBL:ENSMODG00000016246,4
1312,ZP:0001315,phenotype,"palatoquadrate cartilage decreased length, abnormal",8
1313,HP:0011706,phenotype,Second degree atrioventricular block,8
1314,ZFIN:ZDB-GENE-080108-5,gene,dock1,4
1315,ENSEMBL:ENSECAG00000009126,gene,ENSEMBL:ENSECAG00000009126,4
1316,ENSEMBL:ENSMODG00000047823,gene,ENSEMBL:ENSMODG00000047823,4
1317,dbSNP:rs6736607,variant,rs6736607-?,10
1318,HP:0000158,phenotype,Macroglossia,8
1319,ZP:0008721,phenotype,"head morphogenesis disrupted, abnormal",8
1320,HGNC:16664,gene,CAPN14,4
1321,ENSEMBL:ENSACAG00000005142,gene,ENSEMBL:ENSACAG00000005142,4
1322,HP:0011877,phenotype,Increased mean platelet volume,8
1323,ENSEMBL:ENSSSCG00000011309,gene,KIF15,4
1324,HP:0002653,phenotype,Bone pain,8
1325,HP:0011800,phenotype,Midface retrusion,8
1326,ENSEMBL:ENSECAG00000007530,gene,ENSEMBL:ENSECAG00000007530,4
1327,4301,drug,Flutemetamol (18F),3
1328,ClinVarVariant:964684,variant,NM_004006.3(DMD):c.3603+2T>C,10
1329,ZP:0017651,phenotype,"posterior lateral line decreased occurrence myelination of posterior lateral line nerve axons, abnormal",8
1330,MP:0009114,phenotype,decreased pancreatic beta cell mass,8
1331,HP:0009879,phenotype,Simplified gyral pattern,8
1332,MP:0003111,phenotype,abnormal cell nucleus morphology,8
1333,MP:0000316,phenotype,cellular necrosis,8
1334,ZP:0007797,phenotype,"swimming decreased occurrence, abnormal",8
1335,ClinVarVariant:11224,variant,NM_000109.4(DMD):c.2290G>T (p.Glu764Ter),10
1336,MP:0002804,phenotype,abnormal motor learning,8
1337,ClinVarVariant:595152,variant,NM_004006.2(DMD):c.831+1G>T,10
1338,ENSEMBL:ENSSSCG00000023329,gene,APC2,4
1339,ENSEMBL:ENSMMUG00000008112,gene,ENSEMBL:ENSMMUG00000008112,4
1340,Xenbase:XB-GENE-1013041,gene,sntb1,4
1341,ENSEMBL:ENSMMUG00000053020,gene,ENSEMBL:ENSMMUG00000053020,4
1342,HP:0011804,phenotype,Abnormal muscle physiology,8
1343,ENSEMBL:ENSGALG00000006802,gene,LAMB2,4
1344,ENSEMBL:ENSPTRG00000019084,gene,ENSEMBL:ENSPTRG00000019084,4
1345,ENSEMBL:ENSPTRG00000007080,gene,ENSEMBL:ENSPTRG00000007080,4
1346,ZP:0007741,phenotype,"nucleus skeletal muscle cell increased amount, abnormal",8
1347,MGI:4936865,genotype,Dmd<mdx>; Terc<tm1Rdp>/Terc<tm1Rdp> [involves: 129/Sv * C57BL/6J * C57BL/10ScSn * SJL],6
1348,MONARCH:APO_0000120APO_0000002,phenotype,actin cytoskeleton morphology:abnormal,8
1349,ClinVarVariant:584308,variant,NC_000023.10:g.(?_31332523)_(31627738_?)dup,10
1350,ZP:0106624,phenotype,"cardiac ventricle arrested cardiac muscle contraction, abnormal",8
1351,ClinVarVariant:455798,variant,NC_000023.10:g.(?_31514885)_(31950364_?)dup,10
1352,ZP:0005493,phenotype,"bulbus arteriosus increased length, abnormal",8
1353,ZFIN:ZDB-GENE-080204-103,gene,tm4sf21b,4
1354,ZFIN:ZDB-GENE-030616-581,gene,si:ch211-14a17.10,4
1355,MGI:1920334,gene,Pak5,4
1356,HP:0003077,phenotype,Hyperlipidemia,8
1357,ZP:0012827,phenotype,"sensory perception of sound process quality, abnormal",8
1358,HP:0002007,phenotype,Frontal bossing,8
1359,ENSEMBL:ENSFCAG00000024895,gene,ENSEMBL:ENSFCAG00000024895,4
1360,ENSEMBL:ENSPTRG00000009964,gene,ENSEMBL:ENSPTRG00000009964,4
1361,ClinVarVariant:11279,variant,NM_000109.4(DMD):c.811A>G (p.Thr271Ala),10
1362,FBcv:0007507,phenotype,increased size,8
1363,ENSEMBL:ENSFCAG00000013930,gene,ENSEMBL:ENSFCAG00000013930,4
1364,MP:0010202,phenotype,focal dorsal hair loss,8
1365,2159,drug,physostigmine,3
1366,MP:0011160,phenotype,dermal-epidermal separation,8
1367,ZP:0019193,phenotype,"heart decreased amount, abnormal",8
1368,ZP:0019764,phenotype,"Z disc ventricular myocardium decreased amount, abnormal",8
1369,ENSEMBL:ENSFCAG00000008785,gene,ENSEMBL:ENSFCAG00000008785,4
1370,ZP:0015840,phenotype,"fast muscle cell myotome disorganized, abnormal",8
1371,MONARCH:APO_0000110APO_0000117,phenotype,competitive fitness:normal,8
1372,MP:0000248,phenotype,macrocytosis,8
1373,MP:0000474,phenotype,abnormal foregut morphology,8
1374,HP:0005225,phenotype,Intestinal edema,8
1375,ENSEMBL:ENSOANG00000005501,gene,ENSEMBL:ENSOANG00000005501,4
1376,ClinVarVariant:430829,variant,NM_004006.2(DMD):c.94_264dup,10
1377,ENSEMBL:ENSPTRG00000049628,gene,ENSEMBL:ENSPTRG00000049628,4
1378,ClinVarVariant:526141,variant,NC_000023.11:g.(?_31657970)_(31774212_?)del,10
1379,FlyBase:FBgn0025391,gene,Scgdelta,4
1380,ENSEMBL:ENSMODG00000009414,gene,ENSEMBL:ENSMODG00000009414,4
1381,WBPhenotype:0001080,phenotype,excessive blebbing early emb,8
1382,ClinVarVariant:803960,variant,NM_004006.3(DMD):c.39del (p.Glu14fs),10
1383,ENSEMBL:ENSOANG00000006737,gene,ENSEMBL:ENSOANG00000006737,4
1384,WBPhenotype:0001333,phenotype,neuron cell body absent misplaced,8
1385,MP:0001191,phenotype,abnormal skin condition,8
1386,ZP:0000238,phenotype,"actin filament bundle distribution disrupted, abnormal",8
1387,ENSEMBL:ENSFCAG00000009759,gene,ENSEMBL:ENSFCAG00000009759,4
1388,HP:0002170,phenotype,Intracranial hemorrhage,8
1389,ENSEMBL:ENSSSCG00000005316,gene,TPM2,4
1390,MGI:1339709,gene,Myh3,4
1391,EFO:1002040,phenotype,Corneal astigmatism,8
1392,ClinVarVariant:417509,variant,NC_000023.10:g.(?_32583819)_(32632570_?)dup,10
1393,MP:0009951,phenotype,abnormal olfactory bulb mitral cell layer morphology,8
1394,MP:0008826,phenotype,abnormal splenic cell ratio,8
1395,ENSEMBL:ENSFCAG00000026551,gene,ENSEMBL:ENSFCAG00000026551,4
1396,ClinVarVariant:832394,variant,NC_000023.11:g.(?_32287519)_(32390191_?)del,10
1397,ZP:0019889,phenotype,"focal adhesion optic cup increased amount, abnormal",8
1398,HGNC:232,gene,ADCY1,4
1399,FlyBase:FBgn0024941,gene,RSG7,4
1400,ZP:0004700,phenotype,"epidermal cell shape, abnormal",8
1401,HP:0000311,phenotype,Round face,8
1402,MP:0000458,phenotype,abnormal mandible morphology,8
1403,ENSEMBL:ENSMMUG00000015084,gene,ENSEMBL:ENSMMUG00000015084,4
1404,ENSEMBL:ENSMMUG00000042038,gene,ENSEMBL:ENSMMUG00000042038,4
1405,ZP:0017966,phenotype,"atrial myocardium absent, abnormal",8
1406,ClinVarVariant:831132,variant,NC_000023.11:g.(?_32545149)_(32573856_?)dup,10
1407,ENSEMBL:ENSSSCG00000033093,gene,RGS6,4
1408,ClinVarVariant:583820,variant,NC_000023.11:g.(?_32362768)_(32699313_?)del,10
1409,ClinVarVariant:803958,variant,NM_004006.3(DMD):c.58del (p.Thr20fs),10
1410,ClinVarVariant:803821,variant,NM_004006.3(DMD):c.8460G>A (p.Trp2820Ter),10
1411,WormBase:WBGene00021981,gene,lgc-26,4
1412,ZP:0100141,phenotype,"slow muscle cell detached from slow muscle cell, abnormal",8
1413,EFO:0004465,phenotype,fasting blood glucose measurement,8
1414,NCBITaxon:9031,taxon,Gallus gallus,9
1415,MONARCH:APO_0000106APO_0000252,phenotype,vegetative growth:normal rate,8
1416,WBPhenotype:0002469,phenotype,plate tap habituation variant,8
1417,MP:0005329,phenotype,abnormal myocardium layer morphology,8
1418,ZP:0000476,phenotype,"mesodermal cell migration disrupted, abnormal",8
1419,ENSEMBL:ENSMODG00000015519,gene,ENSEMBL:ENSMODG00000015519,4
1420,MP:0003822,phenotype,decreased left ventricle systolic pressure,8
1421,ZP:0011560,phenotype,"cytokinesis process quality, abnormal",8
1422,2495,drug,sulconazole,3
1423,ZP:0002929,phenotype,"cilium pronephric duct decreased amount, abnormal",8
1424,ENSEMBL:ENSFCAG00000011505,gene,ENSEMBL:ENSFCAG00000011505,4
1425,ClinVarVariant:217173,variant,NM_004006.2(DMD):c.10412T>G (p.Leu3471Ter),10
1426,ZFIN:ZDB-GENE-010724-2,gene,capn9,4
1427,HGNC:6284,gene,KCNMA1,4
1428,MP:0011057,phenotype,absent brain ependyma motile cilia,8
1429,ZFIN:ZDB-GENE-040426-797,gene,trim25,4
1430,MGI:108495,gene,Kcnj12,4
1431,MONARCH:APO_0000040APO_0000004,phenotype,meiotic recombination:increased,8
1432,ENSEMBL:ENSGALG00000000313,gene,TNNI1,4
1433,MONARCH:APO_0000316APO_0000003,phenotype,chronological lifespan:decreased,8
1434,HP:0006283,phenotype,Multiple unerupted teeth,8
1435,MP:0010899,phenotype,abnormal pulmonary alveolar system morphology,8
1436,ZP:0000652,phenotype,"eye decreased diameter, abnormal",8
1437,MP:0011703,phenotype,increased fibroblast proliferation,8
1438,ENSEMBL:ENSGALG00000027482,gene,SNTB2,4
1439,ZP:0006445,phenotype,"eye lacks all parts of type lens, abnormal",8
1440,HP:0002808,phenotype,Kyphosis,8
1441,ZP:0137783,phenotype,"myotome detached from muscle cell myotome, abnormal",8
1442,WBPhenotype:0000052,phenotype,maternal effect lethal emb,8
1443,ZP:0007025,phenotype,"sarcomere cardiac muscle cell decreased thickness, abnormal",8
1444,ZP:0018732,phenotype,"microtubule cytoskeleton brain disorganized, abnormal",8
1445,ZP:0003073,phenotype,"cardiac muscle cell decreased thickness, abnormal",8
1446,MONARCH:APO_0000055APO_0000002,phenotype,mitochondrial morphology:abnormal,8
1447,1836,drug,montelukast,3
1448,ZP:0000419,phenotype,"lens fiber cell morphogenesis disrupted, abnormal",8
1449,ZP:0003185,phenotype,"renal system process disrupted, abnormal",8
1450,WBPhenotype:0000644,phenotype,paralyzed,8
1451,ClinVarVariant:803892,variant,NM_004006.3(DMD):c.3533_3536del (p.Glu1178fs),10
1452,MP:0004963,phenotype,abnormal blastocoele morphology,8
1453,WBPhenotype:0002004,phenotype,actomyosin contractility defective,8
1454,ZFIN:ZDB-GENE-040426-1197,gene,tbc1d5,4
1455,RGD:2156,gene,Arrb1,4
1456,ClinVarVariant:583538,variant,NC_000023.10:g.(?_33038236)_(33038337_?)dup,10
1457,ClinVarVariant:455801,variant,NC_000023.10:g.(?_31627738)_(31838220_?)dup,10
1458,WBPhenotype:0001930,phenotype,muscle arm development defective,8
1459,ENSEMBL:ENSSSCG00000009551,gene,ARHGEF7,4
1460,MP:0001132,phenotype,absent mature ovarian follicles,8
1461,WBPhenotype:0001310,phenotype,neuron positioning variant,8
1462,HP:0003712,phenotype,Skeletal muscle hypertrophy,8
1463,HP:0012232,phenotype,Shortened QT interval,8
1464,ENSEMBL:ENSFCAG00000027835,gene,ENSEMBL:ENSFCAG00000027835,4
1465,HP:0040273,phenotype,Adenocarcinoma of the intestines,8
1466,ENSEMBL:ENSMMUG00000013138,gene,ENSEMBL:ENSMMUG00000013138,4
1467,ENSEMBL:ENSGALG00000037864,gene,MYH1A,4
1468,HP:0011355,phenotype,Localized skin lesion,8
1469,WBPhenotype:0001206,phenotype,movement variant,8
1470,MGI:2181366,gene,Capn8,4
1471,ENSEMBL:ENSPTRG00000014926,gene,ENSEMBL:ENSPTRG00000014926,4
1472,OMIM:300377.0008,variant,"DMD, EX73-76DEL",10
1473,ClinVarVariant:11210,variant,NM_004006.2(DMD):c.5551C>T (p.Gln1851Ter),10
1474,ClinVarVariant:417485,variant,NC_000023.11:g.(?_32545159)_(32849820_?)del,10
1475,ZP:0101685,phenotype,"hypothalamus process quality neuron differentiation, abnormal",8
1476,1385,drug,hydrochlorothiazide,3
1477,P04156,gene product,Major prion protein,5
1478,HP:0005525,phenotype,Spontaneous hemolytic crises,8
1479,ClinVarVariant:803938,variant,NM_004006.3(DMD):c.961-1G>A,10
1480,ZP:0100495,phenotype,"response to stress process quality, abnormal",8
1481,2774,drug,tropicamide,3
1482,ENSEMBL:ENSECAG00000014953,gene,ENSEMBL:ENSECAG00000014953,4
1483,RGD:2488,gene,Dgkb,4
1484,HP:0012101,phenotype,Decreased serum creatinine,8
1485,MGI:101772,gene,Snta1,4
1486,ENSEMBL:ENSECAG00000000087,gene,ENSEMBL:ENSECAG00000000087,4
1487,EFO:0004541,phenotype,HbA1c measurement,8
1488,ClinVarVariant:94772,variant,NM_004006.2(DMD):c.7657C>T (p.Arg2553Ter),10
1489,MP:0008416,phenotype,increased somatotroph cell size,8
1490,ZP:0000239,phenotype,"whole organism immobile, abnormal",8
1491,MGI:99677,gene,Adcy1,4
1492,ENSEMBL:ENSFCAG00000001886,gene,ENSEMBL:ENSFCAG00000001886,4
1493,ENSEMBL:ENSPTRG00000013244,gene,ENSEMBL:ENSPTRG00000013244,4
1494,ZP:0001503,phenotype,"muscle cell myotome broken, abnormal",8
1495,ZFIN:ZDB-GENE-090514-1,gene,cacna1sa,4
1496,ZP:0103303,phenotype,"RoP motor neuron decreased amount, abnormal",8
1497,GO:0014809,molecular function,regulation of skeletal muscle contraction by regulation of release of sequestered calcium ion,7
1498,MP:0003085,phenotype,abnormal egg cylinder morphology,8
1499,ENSEMBL:ENSECAG00000016553,gene,ENSEMBL:ENSECAG00000016553,4
1500,ENSEMBL:ENSSSCG00000005654,gene,SPTAN1,4
1501,ClinVarVariant:577742,variant,NM_004006.2(DMD):c.8655C>A (p.Tyr2885Ter),10
1502,ENSEMBL:ENSGALG00000001459,gene,ENSEMBL:ENSGALG00000001459,4
1503,ZP:0015525,phenotype,"retinal inner nuclear layer structure, abnormal",8
1504,MP:0000005,phenotype,increased brown adipose tissue amount,8
1505,ENSEMBL:ENSGALG00000034107,gene,TRIM63,4
1506,WormBase:WBGene00003799,gene,npp-13,4
1507,Coriell:GM25170,biological artifact,NIGMS-GM25170,0
1508,PomBase:SPAC6B12.07c,gene,SPAC6B12.07c,4
1509,ClinVarVariant:803937,variant,NM_004006.3(DMD):c.971del (p.Ala324fs),10
1510,ClinVarVariant:833190,variant,NC_000023.11:g.(?_31657980)_(31968524_?)del,10
1511,HP:0000762,phenotype,Decreased nerve conduction velocity,8
1512,HP:0001321,phenotype,Cerebellar hypoplasia,8
1513,MP:0010698,phenotype,abnormal impulsive behavior control,8
1514,ZP:0008035,phenotype,"myofibril cardiac muscle disorganized, abnormal",8
1515,ClinVarVariant:803896,variant,NM_004006.3(DMD):c.3193del (p.Ala1065fs),10
1516,ClinVarVariant:832433,variant,NC_000023.11:g.(?_32650983)_(32849830_?)dup,10
1517,ZP:0011920,phenotype,"ciliary basal body pronephric tubule mislocalised, abnormal",8
1518,MP:0012050,phenotype,decreased susceptilbility to retinal ischemic injury,8
1519,ENSEMBL:ENSFCAG00000005955,gene,ENSEMBL:ENSFCAG00000005955,4
1520,ClinVarVariant:803866,variant,NM_004006.3(DMD):c.4980G>A (p.Trp1660Ter),10
1521,HP:0003233,phenotype,Decreased HDL cholesterol concentration,8
1522,MP:0002263,phenotype,abnormal laryngeal muscle morphology,8
1523,73,drug,acepromazine,3
1524,ClinVarVariant:455813,variant,NC_000023.11:g.(?_31773940)_(32217083_?)del,10
1525,ENSEMBL:ENSGALG00000039977,gene,ENSEMBL:ENSGALG00000039977,4
1526,ENSEMBL:ENSPTRG00000020624,gene,ENSEMBL:ENSPTRG00000020624,4
1527,ZP:0003062,phenotype,"heart contraction amplitude, abnormal",8
1528,WBPhenotype:0000203,phenotype,odorant adaptation variant,8
1529,ENSEMBL:ENSFCAG00000004169,gene,ENSEMBL:ENSFCAG00000004169,4
1530,WBPhenotype:0004027,phenotype,plate tap reflex variant,8
1531,HP:0011715,phenotype,Trifascicular block,8
1532,ENSEMBL:ENSACAG00000007921,gene,ENSEMBL:ENSACAG00000007921,4
1533,MP:0012194,phenotype,decreased keratinocyte migration,8
1534,ZP:0000423,phenotype,"nucleus lens increased amount, abnormal",8
1535,ZP:0100173,phenotype,"sarcomere trunk musculature decreased diameter, abnormal",8
1536,ClinVarVariant:409934,variant,NM_004006.2(DMD):c.9287-27_9287-2del,10
1537,ENSEMBL:ENSPTRG00000009922,gene,ENSEMBL:ENSPTRG00000009922,4
1538,EFO:0004309,phenotype,platelet count,8
1539,ClinVarVariant:803879,variant,NM_004006.3(DMD):c.4315del (p.Arg1439fs),10
1540,ZP:0000905,phenotype,"Meckel's cartilage bent, abnormal",8
1541,ClinVarVariant:217188,variant,NM_004006.2(DMD):c.2797C>T (p.Gln933Ter),10
1542,ZFIN:ZDB-GENE-091118-79,gene,kcnj12b,4
1543,MP:0003169,phenotype,abnormal scala media morphology,8
1544,WBPhenotype:0000977,phenotype,somatic gonad morphology variant,8
1545,WBPhenotype:0000062,phenotype,lethal,8
1546,FlyBase:FBgn0032447,gene,PICK1,4
1547,MONARCH:APO_0000081APO_0000004,phenotype,killer toxin resistance:increased,8
1548,FlyBase:CG10379,gene,FlyBase:CG10379,4
1549,ZFIN:ZDB-GENE-040625-139,gene,trim63a,4
1550,MP:0003890,phenotype,abnormal embryonic-extraembryonic boundary morphology,8
1551,ENSEMBL:ENSBTAG00000018071,gene,ENSEMBL:ENSBTAG00000018071,4
1552,MP:0002230,phenotype,abnormal primitive streak formation,8
1553,ZP:0000866,phenotype,"nucleate erythrocyte teardrop-shaped, abnormal",8
1554,HGNC:16398,gene,OSBPL1A,4
1555,FlyBase:FBgn0260450,gene,CalpC,4
1556,dictyBase:DDB_G0284461,gene,DDB0186020,4
1557,MP:0000322,phenotype,increased granulocyte number,8
1558,HP:0009797,phenotype,Cholesteatoma,8
1559,WBPhenotype:0000229,phenotype,small,8
1560,ZP:0004110,phenotype,"myeloid leukocyte decreased amount, abnormal",8
1561,FlyBase:FBgn0033539,gene,Git,4
1562,MP:0010108,phenotype,abnormal renal water reabsorption,8
1563,MP:0014018,phenotype,embryo tumor,8
1564,MP:0003934,phenotype,abnormal pancreas development,8
1565,ClinVarVariant:803810,variant,NM_004006.3(DMD):c.8937+1G>C,10
1566,MP:0013278,phenotype,decreased fasting circulating glucose level,8
1567,ZP:0003054,phenotype,"visceral muscle development disrupted, abnormal",8
1568,WBPhenotype:0000603,phenotype,muscle system morphology variant,8
1569,HP:0000028,phenotype,Cryptorchidism,8
1570,WormBase:WBGene00004830,gene,slo-1,4
1571,ENSEMBL:ENSOANG00000012517,gene,ENSEMBL:ENSOANG00000012517,4
1572,HP:0006716,phenotype,Hereditary nonpolyposis colorectal carcinoma,8
1573,OMIM:300377.0066,variant,"DMD, IVS65, G-A, +1",10
1574,ENSEMBL:ENSMMUG00000003473,gene,ENSEMBL:ENSMMUG00000003473,4
1575,ENSEMBL:ENSMMUG00000004266,gene,ENSEMBL:ENSMMUG00000004266,4
1576,MP:0005343,phenotype,increased circulating aspartate transaminase level,8
1577,MP:0009688,phenotype,abnormal spinal cord central canal morphology,8
1578,WBPhenotype:0000843,phenotype,male mating efficiency reduced,8
1579,HGNC:2770,gene,DES,4
1580,ZFIN:ZDB-GENE-040718-50,gene,trim55a,4
1581,MP:0008444,phenotype,retinal cone cell degeneration,8
1582,WBPhenotype:0000050,phenotype,embryonic lethal,8
1583,dictyBase:DDB_G0292794,gene,culD,4
1584,ENSEMBL:ENSACAG00000001410,gene,ENSEMBL:ENSACAG00000001410,4
1585,FlyBase:FBgn0036932,gene,CG14184,4
1586,MP:0005384,phenotype,cellular phenotype,8
1587,ZP:0002944,phenotype,"swim bladder absent, abnormal",8
1588,ENSEMBL:ENSECAG00000018961,gene,ENSEMBL:ENSECAG00000018961,4
1589,HP:0005617,phenotype,Bilateral camptodactyly,8
1590,ZP:0008728,phenotype,"myofibril myotome refractivity, abnormal",8
1591,MP:0008872,phenotype,abnormal physiological response to xenobiotic,8
1592,ClinVarVariant:803959,variant,NM_004006.3(DMD):c.53del (p.Lys18fs),10
1593,ZP:0021030,phenotype,"squamous epithelial cell epicardium ovate, abnormal",8
1594,ENSEMBL:ENSECAG00000011894,gene,ENSEMBL:ENSECAG00000011894,4
1595,ENSEMBL:ENSGALG00000007130,gene,ENSEMBL:ENSGALG00000007130,4
1596,WBPhenotype:0001524,phenotype,quiescence variant,8
1597,ZP:0003348,phenotype,"caudal vein plexus morphology, abnormal",8
1598,ENSEMBL:ENSSSCG00000028878,gene,BCAR1,4
1599,3018,drug,benzethonium,3
1600,ZP:0004710,phenotype,"skeletal muscle refractivity, abnormal",8
1601,Xenbase:XB-GENE-5777345,gene,kcnj10,4
1602,ClinVarVariant:526173,variant,NC_000023.11:g.(?_31729625)_(31774198_?)del,10
1603,ENSEMBL:ENSCAFG00000016020,gene,ACTB,4
1604,ENSEMBL:ENSGALG00000008058,gene,ENSEMBL:ENSGALG00000008058,4
1605,WBPhenotype:0000834,phenotype,E lineage variant,8
1606,ClinVarVariant:11218,variant,"DMD, EX21DEL",10
1607,ENSEMBL:ENSPTRG00000003048,gene,ENSEMBL:ENSPTRG00000003048,4
1608,HP:0001022,phenotype,Albinism,8
1609,ZP:0019813,phenotype,"axon neuron increased length, abnormal",8
1610,MP:0010811,phenotype,decreased type II pneumocyte number,8
1611,HP:0003011,phenotype,Abnormality of the musculature,8
1612,ClinVarVariant:94500,variant,NM_004006.2(DMD):c.2281_2285del (p.Glu761fs),10
1613,ZP:0003299,phenotype,"pectoral fin truncated, abnormal",8
1614,ClinVarVariant:647196,variant,NM_000109.4(DMD):c.9444del (p.Ile3149fs),10
1615,ENSEMBL:ENSOANG00000039322,gene,ENSEMBL:ENSOANG00000039322,4
1616,ZP:0001985,phenotype,"basihyal cartilage decreased size, abnormal",8
1617,WBPhenotype:0000679,phenotype,transgene subcellular localization variant,8
1618,MONARCH:APO_0000106APO_0000117,phenotype,vegetative growth:normal,8
1619,ENSEMBL:ENSGALG00000012783,gene,MYBPC1,4
1620,MP:0003211,phenotype,abnormal aorta elastic fiber morphology,8
1621,ZP:0003015,phenotype,"pancreas bilateral symmetry, abnormal",8
1622,ZP:0011407,phenotype,"sarcolemma skeletal muscle cell increased permeability, abnormal",8
1623,5359,drug,brilliant Blue G,3
1624,ZP:0014012,phenotype,"angioblast cell migration from lateral mesoderm to midline process quality, abnormal",8
1625,OMIM:300377.0054,variant,"DMD, ARG2098TER",10
1626,ENSEMBL:ENSBTAG00000045980,gene,ENSEMBL:ENSBTAG00000045980,4
1627,4115,drug,asenapine,3
1628,ZP:0006721,phenotype,"cell retina decreased amount, abnormal",8
1629,WBPhenotype:0001408,phenotype,pattern protein expression variant,8
1630,WBPhenotype:0000088,phenotype,body muscle displaced,8
1631,ClinVarVariant:803951,variant,NM_004006.3(DMD):c.265-463A>G,10
1632,FBcv:0000717,phenotype,increased cell growth,8
1633,1795,drug,mezlocillin,3
1634,MP:0009342,phenotype,enlarged gallbladder,8
1635,MGI:2451073,gene,Xylt1,4
1636,MGI:1919541,gene,Sntg2,4
1637,ClinVarVariant:864502,variant,NM_004006.3(DMD):c.6622G>T (p.Glu2208Ter),10
1638,MP:0001106,phenotype,abnormal Schwann cell morphology,8
1639,MP:0013164,phenotype,abnormal forelimb bud morphology,8
1640,ClinVarVariant:803820,variant,NM_004006.3(DMD):c.8569del (p.Thr2857fs),10
1641,WBPhenotype:0000097,phenotype,AB lineage variant,8
1642,XPO:0102358,phenotype,abnormal tail morphology,8
1643,ClinVarVariant:455835,variant,NC_000023.10:g.(?_32429849)_(33038337_?)dup,10
1644,ZP:0011224,phenotype,"hindbrain process quality neural keel formation, abnormal",8
1645,Coriell:GM23243,biological artifact,NIGMS-GM23243,0
1646,ZFIN:ZDB-GENE-060825-192,gene,tnni1c,4
1647,MP:0000313,phenotype,abnormal cell death,8
1648,ENSEMBL:ENSECAG00000007718,gene,ENSEMBL:ENSECAG00000007718,4
1649,MP:0000043,phenotype,organ of Corti degeneration,8
1650,ZP:0001692,phenotype,"pectoral fin development disrupted, abnormal",8
1651,ClinVarVariant:984683,variant,NM_004006.3(DMD):c.44del (p.Asp15fs),10
1652,dbSNPIndividual:16436,genotype,DMD(EX45-50DEL); arr[hg19] Xp21.1(31844447-31986609)x1 [GM03429],6
1653,HP:0003113,phenotype,Hypochloremia,8
1654,HP:0001688,phenotype,Sinus bradycardia,8
1655,HP:0002247,phenotype,Duodenal atresia,8
1656,FlyBase:FBgn0004118,gene,nAChRbeta2,4
1657,ClinVarVariant:455815,variant,NC_000023.11:g.(?_31819955)_(31932247_?)del,10
1658,ZP:0106114,phenotype,"sarcomere cardiac ventricle decreased length, abnormal",8
1659,ClinVarVariant:972352,variant,NM_004006.3(DMD):c.7577dup (p.Leu2527fs),10
1660,HP:0008256,phenotype,Adrenocortical adenoma,8
1661,MP:0010152,phenotype,abnormal brain ependyma morphology,8
1662,OMIM:300377.0061,variant,"DMD, GLU2910VAL",10
1663,ENSEMBL:ENSGALG00000004285,gene,HNF4A,4
1664,HP:0000340,phenotype,Sloping forehead,8
1665,ZP:0101735,phenotype,"sinoatrial node increased area, abnormal",8
1666,FBcv:0000363,phenotype,increased cell size,8
1667,MP:0004964,phenotype,absent inner cell mass,8
1668,ENSEMBL:ENSMMUG00000055227,gene,ENSEMBL:ENSMMUG00000055227,4
1669,ZP:0106119,phenotype,"Z disc cardiac ventricle increased thickness, abnormal",8
1670,ClinVarVariant:803911,variant,NM_004006.3(DMD):c.2461_2462GA[2] (p.Arg822fs),10
1671,MP:0006380,phenotype,abnormal spermatid morphology,8
1672,MP:0009392,phenotype,retinal gliosis,8
1673,5231,drug,midostaurin,3
1674,WormBase:WBGene00002228,gene,klp-18,4
1675,MP:0003209,phenotype,abnormal pulmonary elastic fiber morphology,8
1676,EFO:0002614,phenotype,insulin resistance,8
1677,ENSEMBL:ENSACAG00000002501,gene,ENSEMBL:ENSACAG00000002501,4
1678,ENSEMBL:ENSACAG00000001635,gene,ENSEMBL:ENSACAG00000001635,4
1679,ZP:0002202,phenotype,"whole organism edematous, abnormal",8
1680,ZP:0017964,phenotype,"atrium decreased process quality heart contraction, abnormal",8
1681,dictyBase:DDB_G0278587,gene,DDB_G0278587,4
1682,ZFIN:ZDB-GENE-070705-456,gene,si:dkey-34e4.1,4
1683,MP:0001102,phenotype,small superior vagus ganglion,8
1684,FlyBase:FBgn0034135,gene,Syn2,4
1685,MP:0010366,phenotype,increased adrenal cortical tumor incidence,8
1686,HP:0000023,phenotype,Inguinal hernia,8
1687,MP:0002914,phenotype,abnormal endplate potential,8
1688,HGNC:11273,gene,SPTAN1,4
1689,ENSEMBL:ENSFCAG00000006436,gene,ENSEMBL:ENSFCAG00000006436,4
1690,HP:0000121,phenotype,Nephrocalcinosis,8
1691,ZP:0012574,phenotype,"striated muscle thin filament fast muscle cell increased variability of size, abnormal",8
1692,MP:0004214,phenotype,abnormal long bone diaphysis morphology,8
1693,FlyBase:FBgn0003721,gene,Tm1,4
1694,WBPhenotype:0000661,phenotype,solitary feeding increased,8
1695,OMIM:300377.0077,variant,"DMD, ARG1314TER",10
1696,WormBase:WBGene00006062,gene,stn-1,4
1697,ZP:0000829,phenotype,"thigmotaxis decreased occurrence, abnormal",8
1698,WBPhenotype:0002300,phenotype,coiling frequency increased,8
1699,HP:0000083,phenotype,Renal insufficiency,8
1700,EFO:0004464,phenotype,brain measurement,8
1701,MP:0009946,phenotype,abnormal olfactory bulb layer morphology,8
1702,OMIA-breed:463,biological artifact,German Shorthair Pointer (dog),0
1703,HP:0032438,phenotype,Platelet anisocytosis,8
1704,ClinVarVariant:496616,variant,NM_000109.4(DMD):c.2780-1del,10
1705,ENSEMBL:ENSCAFG00000049597,gene,ENSEMBL:ENSCAFG00000049597,4
1706,MP:0009719,phenotype,reduced cerebellar foliation,8
1707,XPO:0102390,phenotype,abnormal tail bud morphology,8
1708,WBPhenotype:0000007,phenotype,bag of worms,8
1709,WBPhenotype:0001932,phenotype,myopodia present,8
1710,HP:0000492,phenotype,Abnormal eyelid morphology,8
1711,EFO:0004514,phenotype,bone quantitative ultrasound measurement,8
1712,ENSEMBL:ENSMODG00000013453,gene,ENSEMBL:ENSMODG00000013453,4
1713,ZP:0003004,phenotype,"lateral plate mesoderm mislocalised, abnormal",8
1714,ZP:0001124,phenotype,"cilium Kupffer's vesicle decreased length, abnormal",8
1715,EFO:0004305,phenotype,erythrocyte count,8
1716,WBPhenotype:0002347,phenotype,forward locomotion decreased,8
1717,HP:0000322,phenotype,Short philtrum,8
1718,MP:0030610,phenotype,absent teeth,8
1719,ENSEMBL:ENSCAFG00000013283,gene,CHRNA1,4
1720,ClinVarVariant:831175,variant,NC_000023.11:g.(?_31146281)_(31147536_?)dup,10
1721,ZP:0002513,phenotype,"anterior-posterior axis whole organism curved, abnormal",8
1722,MP:0008725,phenotype,enlarged heart atrium,8
1723,2966,drug,suramin,3
1724,ClinVarVariant:409888,variant,NM_004013.2(DMD):c.-719del,10
1725,SGD:S000003580,gene,GYP6,4
1726,ENSEMBL:ENSFCAG00000022242,gene,ENSEMBL:ENSFCAG00000022242,4
1727,ClinVarVariant:803864,variant,NM_004006.3(DMD):c.5167G>T (p.Glu1723Ter),10
1728,ENSEMBL:ENSCAFG00000001097,gene,ENSEMBL:ENSCAFG00000001097,4
1729,ZP:0008066,phenotype,"myotome decreased size, abnormal",8
1730,ENSEMBL:ENSGALG00000041823,gene,ENSEMBL:ENSGALG00000041823,4
1731,HGNC:166,gene,ACTN4,4
1732,HP:0200037,phenotype,Skin vesicle,8
1733,MP:0030798,phenotype,joint contracture,8
1734,ENSEMBL:ENSSSCG00000033836,gene,SHKBP1,4
1735,ENSEMBL:ENSMMUG00000009660,gene,ENSEMBL:ENSMMUG00000009660,4
1736,MP:0010686,phenotype,abnormal hair follicle matrix region morphology,8
1737,WormBase:WBGene00013534,gene,acr-24,4
1738,ENSEMBL:ENSGALG00000012254,gene,ENSEMBL:ENSGALG00000012254,4
1739,FlyBase:CG14895,gene,FlyBase:CG14895,4
1740,MP:0002579,phenotype,disorganized secondary lens fibers,8
1741,ENSEMBL:ENSSSCG00000015618,gene,LAMB3,4
1742,ZP:0001445,phenotype,"pronephros cystic, abnormal",8
1743,WBPhenotype:0001668,phenotype,oocyte accumulation,8
1744,GO:0086001,molecular function,cardiac muscle cell action potential,7
1745,HP:0009020,phenotype,Exercise-induced muscle fatigue,8
1746,ZP:0000778,phenotype,"regulation of smoothened signaling pathway disrupted, abnormal",8
1747,dbSNP:rs2829877,variant,rs2829877-?,10
1748,HP:0000219,phenotype,Thin upper lip vermilion,8
1749,ClinVarVariant:803794,variant,NM_004006.3(DMD):c.9887_9908del (p.Pro3296fs),10
1750,MP:0004410,phenotype,absent endocochlear potential,8
1751,ENSEMBL:ENSFCAG00000006991,gene,ENSEMBL:ENSFCAG00000006991,4
1752,EFO:0004337,phenotype,intelligence,8
1753,ZFIN:ZDB-GENE-030131-6232,gene,mark3a,4
1754,MP:0013835,phenotype,absent hypoglossal nerve,8
1755,ENSEMBL:ENSPTRG00000012906,gene,ENSEMBL:ENSPTRG00000012906,4
1756,ClinVarVariant:94837,variant,NM_004006.2(DMD):c.9225-647A>G,10
1757,MGI:1891369,gene,Capn12,4
1758,HGNC:4273,gene,GIT2,4
1759,WBPhenotype:0004008,phenotype,sustained spicule protraction defective,8
1760,HGNC:10808,gene,SGCE,4
1761,OMIM:300377.0070,variant,"DMD, ALA3421VAL",10
1762,ZP:0002976,phenotype,"skeletal muscle cell separated from sarcolemma sarcolemma skeletal muscle cell, abnormal",8
1763,HP:0004444,phenotype,Spherocytosis,8
1764,ZFIN:ZDB-GENE-070928-1,gene,sf3b2,4
1765,MP:0005364,phenotype,increased susceptibility to prion infection,8
1766,MP:0006316,phenotype,increased urine sodium level,8
1767,ENSEMBL:ENSFCAG00000012801,gene,ENSEMBL:ENSFCAG00000012801,4
1768,HP:0004839,phenotype,Pyropoikilocytosis,8
1769,ClinVarVariant:11237,variant,NM_000109.4(DMD):c.70-1G>T,10
1770,FBcv:0002005,phenotype,lethal - all die during P-stage,8
1771,ZP:0003833,phenotype,"intersegmental vessel decreased functionality, abnormal",8
1772,ENSEMBL:ENSFCAG00000000336,gene,ENSEMBL:ENSFCAG00000000336,4
1773,ZP:0002949,phenotype,"skeletal muscle cell trunk musculature retracted, abnormal",8
1774,Coriell:GM11024,biological artifact,NIGMS-GM11024,0
1775,OMIM:300377.0032,variant,"DMD, ARG145TER",10
1776,Xenbase:XB-GENE-944511,gene,tmod2,4
1777,ZFIN:ZDB-GENE-050208-475,gene,lama3,4
1778,ZP:0004638,phenotype,"hematopoietic stem cell blood island decreased amount, abnormal",8
1779,WBPhenotype:0000011,phenotype,drug resistant,8
1780,MONARCH:APO_0000262APO_0000249,phenotype,cell cycle progression in mid anaphase:delayed,8
1781,ZP:0009075,phenotype,"whole organism decreased fertility, abnormal",8
1782,ClinVarVariant:217217,variant,NM_000109.4(DMD):c.9176_9179CAAA[1] (p.Asn3060fs),10
1783,MP:0005369,phenotype,muscle phenotype,8
1784,HGNC:14082,gene,ANLN,4
1785,HP:0009794,phenotype,Branchial anomaly,8
1786,HP:0002013,phenotype,Vomiting,8
1787,ZP:0003035,phenotype,"collagen type IV trimer notochord absent, abnormal",8
1788,WormBase:WBGene00001115,gene,dyb-1,4
1789,OMIM:300377.0067,variant,"DMD, ARG3381TER",10
1790,ZP:0005496,phenotype,"atrium non-contractile, abnormal",8
1791,MP:0002861,phenotype,abnormal tail bud morphology,8
1792,HP:0006292,phenotype,Abnormality of dental eruption,8
1793,ENSEMBL:ENSFCAG00000011256,gene,ENSEMBL:ENSFCAG00000011256,4
1794,ZP:0106690,phenotype,"cytosol myocardium mislocalised, abnormal",8
1795,ClinVarVariant:961627,variant,NM_004006.3(DMD):c.8912_8913dup (p.Gln2972fs),10
1796,ZP:0008070,phenotype,"skeletal muscle cell dystrophic, abnormal",8
1797,ZP:0002084,phenotype,"angiogenesis disrupted, abnormal",8
1798,ENSEMBL:ENSMODG00000003143,gene,ENSEMBL:ENSMODG00000003143,4
1799,ZP:0007287,phenotype,"central artery morphology, abnormal",8
1800,FBcv:0000699,phenotype,pair rule phenotype,8
1801,ClinVarVariant:522612,variant,NM_004006.2(DMD):c.7085_7088dup (p.Asp2364fs),10
1802,ClinVarVariant:526158,variant,NC_000023.11:g.(?_31657970)_(31932247_?)del,10
1803,HP:0001719,phenotype,Double outlet right ventricle,8
1804,MP:0011143,phenotype,thick lung-associated mesenchyme,8
1805,MONARCH:APO_0000334APO_0000004,phenotype,innate thermotolerance:increased,8
1806,HP:0001945,phenotype,Fever,8
1807,ZP:0011633,phenotype,"photoreceptor outer segment photoreceptor cell absent, abnormal",8
1808,ClinVarVariant:290604,variant,NM_004006.2(DMD):c.9975-2A>C,10
1809,WormBase:WBGene00022358,gene,Y92H12A.2,4
1810,RGD:2067,gene,Agrn,4
1811,ZP:0000868,phenotype,"convergent extension involved in gastrulation disrupted, abnormal",8
1812,FBcv:0000376,phenotype,male fertile,8
1813,ZP:0012570,phenotype,"locomotion involved in locomotory behavior decreased speed, abnormal",8
1814,MP:0000864,phenotype,abnormal cerebellum vermis morphology,8
1815,ENSEMBL:ENSMMUG00000000158,gene,ENSEMBL:ENSMMUG00000000158,4
1816,ZFIN:ZDB-GENE-000322-3,gene,tnnt3a,4
1817,HP:0025388,phenotype,Thyroid nodule,8
1818,WormBase:WBGene00018943,gene,dgn-2,4
1819,MP:0005478,phenotype,decreased circulating thyroxine level,8
1820,MP:0003089,phenotype,decreased skin tensile strength,8
1821,ZFIN:ZDB-GENE-061027-393,gene,myh7l,4
1822,ZP:0009593,phenotype,"acetylcholine receptor activity increased duration, abnormal",8
1823,MP:0001441,phenotype,increased grooming behavior,8
1824,ENSEMBL:ENSACAG00000023160,gene,ENSEMBL:ENSACAG00000023160,4
1825,4608,drug,trypan blue,3
1826,ClinVarVariant:526045,variant,NM_000109.4(DMD):c.8555del (p.Pro2852fs),10
1827,MP:0000786,phenotype,abnormal embryonic neuroepithelial layer differentiation,8
1828,MP:0002989,phenotype,small kidney,8
1829,RGD:1591197,gene,Myl4,4
1830,HP:0002269,phenotype,Abnormality of neuronal migration,8
1831,MONARCH:APO_0000087APO_0000117,phenotype,resistance to chemicals:normal,8
1832,HP:0002795,phenotype,Abnormal respiratory system physiology,8
1833,MP:0006337,phenotype,abnormal first pharyngeal arch morphology,8
1834,ENSEMBL:ENSCAFG00000018952,gene,ARHGEF6,4
1835,dbSNPIndividual:17231,genotype,DMD(EX51-55DEL); arr Xp21.1(31518395-31688047)x0 [GM04364],6
1836,ENSEMBL:ENSMODG00000014765,gene,ENSEMBL:ENSMODG00000014765,4
1837,MP:0030675,phenotype,abnormal acetylcholine level,8
1838,ClinVarVariant:836051,variant,NM_004006.3(DMD):c.3347del (p.Lys1116fs),10
1839,MP:0011334,phenotype,abnormal nephrogenic zone morphology,8
1840,MP:0006403,phenotype,abnormal cochlear endolymph ionic homeostasis,8
1841,ENSEMBL:ENSPTRG00000002016,gene,ENSEMBL:ENSPTRG00000002016,4
1842,OMIA-breed:235,biological artifact,Golden Retriever (dog),0
1843,ENSEMBL:ENSCAFG00000009820,gene,ENSEMBL:ENSCAFG00000009820,4
1844,ENSEMBL:ENSCAFG00000010822,gene,ENSEMBL:ENSCAFG00000010822,4
1845,ClinVarVariant:835263,variant,NM_004006.3(DMD):c.6611del (p.Lys2204fs),10
1846,ClinVarVariant:831406,variant,NC_000023.11:g.(?_32287519)_(32287711_?)del,10
1847,OMIM:300377.0028,variant,"DMD, 2-BP DEL, 382AG",10
1848,ZP:0137841,phenotype,"basal region midbrain hindbrain boundary constriction structure, abnormal",8
1849,MP:0003434,phenotype,decreased susceptibility to induced choroidal neovascularization,8
1850,ClinVarVariant:831690,variant,NC_000023.11:g.(?_31203951)_(31210914_?)dup,10
1851,ENSEMBL:ENSMMUG00000001466,gene,ENSEMBL:ENSMMUG00000001466,4
1852,ENSEMBL:ENSMODG00000021043,gene,ENSEMBL:ENSMODG00000021043,4
1853,MP:0006082,phenotype,CNS inflammation,8
1854,ZP:0021016,phenotype,"trunk vasculature decreased amount, abnormal",8
1855,ZP:0000776,phenotype,"whole organism decreased life span, abnormal",8
1856,MP:0001666,phenotype,abnormal intestinal absorption,8
1857,ZFIN:ZDB-GENE-041210-27,gene,tnnt2e,4
1858,MP:0012131,phenotype,small visceral yolk sac,8
1859,dictyBase:DDB_G0279605,gene,racB,4
1860,ClinVarVariant:803924,variant,NM_004006.3(DMD):c.1791dup (p.Ser598fs),10
1861,ZP:0002347,phenotype,"trunk curved, abnormal",8
1862,ENSEMBL:ENSPTRG00000001832,gene,ENSEMBL:ENSPTRG00000001832,4
1863,MP:0001473,phenotype,reduced long term potentiation,8
1864,ZP:0000708,phenotype,"blood increased accumulation caudal vein, abnormal",8
1865,ENSEMBL:ENSBTAG00000015327,gene,SPTAN1,4
1866,HP:0000501,phenotype,Glaucoma,8
1867,ENSEMBL:ENSCAFG00000008491,gene,DLGAP4,4
1868,ENSEMBL:ENSCAFG00000004052,gene,MCM2,4
1869,ZFIN:ZDB-GENE-040724-213,gene,lama4,4
1870,FBcv:0000370,phenotype,male sterile,8
1871,Xenbase:XB-GENE-6455225,gene,dtna,4
1872,ZP:0102949,phenotype,"lens development in camera-type eye arrested, abnormal",8
1873,ClinVarVariant:803799,variant,NM_004006.3(DMD):c.9649+5G>C,10
1874,MP:0012031,phenotype,abnormal b-wave amplitude,8
1875,MP:0004530,phenotype,absent outer hair cell stereocilia,8
1876,ENSEMBL:ENSACAG00000004818,gene,ENSEMBL:ENSACAG00000004818,4
1877,MP:0001900,phenotype,impaired synaptic plasticity,8
1878,ENSEMBL:ENSECAG00000014987,gene,ENSEMBL:ENSECAG00000014987,4
1879,MP:0003888,phenotype,liver hemorrhage,8
1880,ENSEMBL:ENSACAG00000012174,gene,ENSEMBL:ENSACAG00000012174,4
1881,ClinVarVariant:832817,variant,NC_000023.11:g.(?_31657980)_(31774202_?)del,10
1882,ZFIN:ZDB-GENE-070501-5,gene,tcap,4
1883,MP:0013877,phenotype,abnormal ductus venosus valve morphology,8
1884,HP:0010619,phenotype,Fibroadenoma of the breast,8
1885,ZP:0022319,phenotype,"intestinal epithelium increased amount, abnormal",8
1886,MP:0003305,phenotype,proctitis,8
1887,HP:0100026,phenotype,Arteriovenous malformation,8
1888,ZP:0011464,phenotype,"astrocyte postoptic commissure mislocalised, abnormal",8
1889,MP:0002116,phenotype,abnormal craniofacial bone morphology,8
1890,WBPhenotype:0002310,phenotype,pausing increased,8
1891,HP:0012648,phenotype,Decreased inflammatory response,8
1892,MP:0010373,phenotype,myeloid hyperplasia,8
1893,ZP:0001519,phenotype,"skeletal muscle cell broken, abnormal",8
1894,ZP:0001545,phenotype,"myofibril cardiac muscle cell disorganized, abnormal",8
1895,HP:0000822,phenotype,Hypertension,8
1896,ClinVarVariant:447260,variant,NM_004006.2(DMD):c.5851C>T (p.Gln1951Ter),10
1897,ENSEMBL:ENSPTRG00000043346,gene,ENSEMBL:ENSPTRG00000043346,4
1898,WormBase:WBGene00003710,gene,nhr-120,4
1899,ClinVarVariant:984439,variant,NM_004006.3(DMD):c.10409del (p.Leu3470fs),10
1900,HP:0010935,phenotype,Abnormality of the upper urinary tract,8
1901,ZP:0000489,phenotype,"fin quality, abnormal",8
1902,HP:0001337,phenotype,Tremor,8
1903,MP:0004355,phenotype,short radius,8
1904,MP:0001289,phenotype,persistence of hyaloid vascular system,8
1905,ENSEMBL:ENSBTAG00000054684,gene,A0A3Q1LKT5,4
1906,HP:0011273,phenotype,Anisocytosis,8
1907,ENSEMBL:ENSPTRG00000046193,gene,ENSEMBL:ENSPTRG00000046193,4
1908,RGD:2988,gene,Lamb2,4
1909,HP:0010775,phenotype,Vascular ring,8
1910,MP:0008719,phenotype,impaired neutrophil recruitment,8
1911,ENSEMBL:ENSACAG00000010598,gene,ENSEMBL:ENSACAG00000010598,4
1912,HP:0002355,phenotype,Difficulty walking,8
1913,MP:0009759,phenotype,abnormal hair follicle bulge morphology,8
1914,ENSEMBL:ENSCAFG00000010309,gene,ENSEMBL:ENSCAFG00000010309,4
1915,WBPhenotype:0001068,phenotype,egg laying serotonin resistant,8
1916,ZP:0001504,phenotype,"skeletal muscle cell myotome decreased amount, abnormal",8
1917,MONARCH:APO_0000080APO_0000003,phenotype,stress resistance:decreased,8
1918,HP:0003554,phenotype,Type 2 muscle fiber atrophy,8
1919,ClinVarVariant:572550,variant,NM_004006.2(DMD):c.3679C>T (p.Gln1227Ter),10
1920,GO:0005829,molecular function,cytosol,7
1921,MONARCH:APO_0000033APO_0000003,phenotype,cell fusion:decreased,8
1922,HP:0011990,phenotype,Abnormality of neutrophil physiology,8
1923,ZP:0003005,phenotype,"lateral plate mesoderm disorganized, abnormal",8
1924,EFO:0006336,phenotype,diastolic blood pressure,8
1925,ZP:0019898,phenotype,"cell motility involved in camera-type eye morphogenesis disrupted, abnormal",8
1926,WBPhenotype:0000759,phenotype,spindle defective early emb,8
1927,WBPhenotype:0000033,phenotype,developmental timing variant,8
1928,NCBITaxon:10090,taxon,Mus musculus,9
1929,ZP:0106703,phenotype,"female organism decreased weight, abnormal",8
1930,MP:0003861,phenotype,abnormal nervous system development,8
1931,ENSEMBL:ENSSSCG00000005012,gene,ENSEMBL:ENSSSCG00000005012,4
1932,ZP:0002502,phenotype,"heart dilated, abnormal",8
1933,ENSEMBL:ENSMMUG00000019262,gene,ENSEMBL:ENSMMUG00000019262,4
1934,RGD:1359577,gene,Sgcg,4
1935,HP:0002174,phenotype,Postural tremor,8
1936,dictyBase:DDB_G0293590,gene,nfx1,4
1937,MP:0000749,phenotype,muscle degeneration,8
1938,FlyBase:FBgn0034880,gene,ItgaPS5,4
1939,MP:0000364,phenotype,abnormal vascular regression,8
1940,MONARCH:APO_0000317APO_0000004,phenotype,replicative lifespan:increased,8
1941,ClinVarVariant:958650,variant,NM_004006.3(DMD):c.4903G>T (p.Gly1635Ter),10
1942,ZP:0015279,phenotype,"cardiac muscle cell mislocalised, abnormal",8
1943,OMIM:300377.0001,variant,"DMD, GLU1157TER",10
1944,MP:0010749,phenotype,absent visual evoked potential,8
1945,ClinVarVariant:832794,variant,NC_000023.11:g.(?_32697860)_(32699303_?)dup,10
1946,ENSEMBL:ENSPTRG00000048889,gene,ENSEMBL:ENSPTRG00000048889,4
1947,ZP:0100183,phenotype,"mitochondrial crista muscle decreased amount, abnormal",8
1948,ENSEMBL:ENSPTRG00000013846,gene,ENSEMBL:ENSPTRG00000013846,4
1949,MP:0010287,phenotype,increased reproductive system tumor incidence,8
1950,WBPhenotype:0002299,phenotype,coiling frequency decreased,8
1951,ENSEMBL:ENSMMUG00000021186,gene,ENSEMBL:ENSMMUG00000021186,4
1952,ZP:0009598,phenotype,"mouth morphology, abnormal",8
1953,ClinVarVariant:803831,variant,NM_004006.3(DMD):c.7872+2T>A,10
1954,ZFIN:ZDB-GENE-050522-84,gene,capn2b,4
1955,GO:0030018,molecular function,Z disc,7
1956,HP:0000112,phenotype,Nephropathy,8
1957,ENSEMBL:ENSFCAG00000047792,gene,ENSEMBL:ENSFCAG00000047792,4
1958,MP:0003313,phenotype,abnormal locomotor activation,8
1959,ZP:0008722,phenotype,"notochord disorganized, abnormal",8
1960,WormBase:WBGene00002213,gene,kin-32,4
1961,MP:0010024,phenotype,increased total body fat amount,8
1962,MP:0000048,phenotype,abnormal stria vascularis morphology,8
1963,HP:0000504,phenotype,Abnormality of vision,8
1964,HGNC:1480,gene,CAPN3,4
1965,ZP:0000404,phenotype,"liver hypoplastic, abnormal",8
1966,ENSEMBL:ENSECAG00000011582,gene,ENSEMBL:ENSECAG00000011582,4
1967,RGD:1307159,gene,Sf3b2,4
1968,MP:0013878,phenotype,abnormal ductus venosus valve topology,8
1969,ZFIN:ZDB-GENE-031112-1,gene,myh6,4
1970,FBcv:0000709,phenotype,abnormal cell number,8
1971,ZFIN:ZDB-GENE-030131-6069,gene,cdc42l,4
1972,MP:0005223,phenotype,abnormal dorsal-ventral polarity of the somites,8
1973,MP:0001212,phenotype,skin lesions,8
1974,ENSEMBL:ENSCAFG00000012306,gene,SPTBN2,4
1975,ENSEMBL:ENSOANG00000008607,gene,ENSEMBL:ENSOANG00000008607,4
1976,dictyBase:DDB_G0275023,gene,act22,4
1977,HP:0200114,phenotype,Metabolic alkalosis,8
1978,ClinVarVariant:833459,variant,NC_000023.11:g.(?_32644122)_(32651077_?)del,10
1979,ZP:0018956,phenotype,"brain decreased amount, abnormal",8
1980,ENSEMBL:ENSACAG00000009119,gene,ENSEMBL:ENSACAG00000009119,4
1981,ClinVarVariant:526089,variant,NM_004006.2(DMD):c.3268C>T (p.Gln1090Ter),10
1982,FBcv:0002006,phenotype,lethal - all die during first instar larval stage,8
1983,2600,drug,terfenadine,3
1984,MP:0004275,phenotype,abnormal postnatal subventricular zone morphology,8
1985,ZFIN:ZDB-GENE-060312-37,gene,trim55b,4
1986,MP:0030927,phenotype,decreased telomere length,8
1987,ClinVarVariant:497147,variant,NM_000109.4(DMD):c.3579+2dup,10
1988,ENSEMBL:ENSFCAG00000034879,gene,ENSEMBL:ENSFCAG00000034879,4
1989,ENSEMBL:ENSECAG00000001262,gene,ENSEMBL:ENSECAG00000001262,4
1990,MGI:99892,gene,Lama1,4
1991,ClinVarVariant:417506,variant,NC_000023.10:g.(?_32834585)_(32862977_?)dup,10
1992,ZP:0000398,phenotype,"whole organism necrotic, abnormal",8
1993,ENSEMBL:ENSACAG00000005674,gene,ENSEMBL:ENSACAG00000005674,4
1994,ENSEMBL:ENSECAG00000024450,gene,ENSEMBL:ENSECAG00000024450,4
1995,ENSEMBL:ENSECAG00000018762,gene,ENSEMBL:ENSECAG00000018762,4
1996,WBPhenotype:0000409,phenotype,organism morphology variable,8
1997,HP:0002672,phenotype,Gastrointestinal carcinoma,8
1998,dbSNPIndividual:11072,genotype,DMD(5'END-EX19DEL); 46;XY by Karyotype Analysis 46;Y;del(X)(Xpter>Xp21.3::Xp21.1>Xqter) by Molecular Probe Analysis;46;XY by Karyotype Analysis 46;Y;del(X)(Xpter>Xp21.3::Xp21.1>Xqter) by Probe Analysis;46;Y;del(X)(pter>p21.3::p21.1>qter) ;46;Y;del(X)(Xpter->Xp21.1::Xp11.4->Xqter).arr Xp21.1p11.4(32320869-37616741)x0;15q11.2(20073109-20852202)x1;46;Y;del(X)(Xpter>Xp21.3::Xp21.1>Xqter) [GM07947],6
1999,GO:0060048,molecular function,cardiac muscle contraction,7
2000,MGI:2685061,gene,Dytn,4
2001,MP:0003946,phenotype,renal necrosis,8
2002,ZFIN:ZDB-GENE-100805-1,gene,adcy1b,4
2003,ZP:0001066,phenotype,"basihyal cartilage aplastic, abnormal",8
2004,ClinVarVariant:217181,variant,NM_004006.2(DMD):c.1683G>A (p.Trp561Ter),10
2005,ENSEMBL:ENSXETG00000038327,gene,xirp2,4
2006,HP:0002080,phenotype,Intention tremor,8
2007,ZP:0018756,phenotype,"shield increased distribution, abnormal",8
2008,MP:0003269,phenotype,colon polyps,8
2009,Coriell:GM03782,biological artifact,NIGMS-GM03782,0
2010,ZFIN:ZDB-GENE-030131-5759,gene,kif14,4
2011,HP:0012310,phenotype,Abnormal monocyte count,8
2012,MP:0004121,phenotype,abnormal sarcolemma morphology,8
2013,ZP:0008523,phenotype,"locomotory behavior process quality, abnormal",8
2014,MGI:87904,gene,Actb,4
2015,ENSEMBL:ENSOANG00000037104,gene,ENSEMBL:ENSOANG00000037104,4
2016,ENSEMBL:ENSMMUG00000003603,gene,ENSEMBL:ENSMMUG00000003603,4
2017,ZFIN:ZDB-GENE-050419-75,gene,plekha7a,4
2018,MP:0005096,phenotype,erythroblastosis,8
2019,ENSEMBL:ENSACAG00000013302,gene,ENSEMBL:ENSACAG00000013302,4
2020,HP:0000317,phenotype,Facial myokymia,8
2021,ZP:0008194,phenotype,"glomerular visceral epithelial cell development disrupted, abnormal",8
2022,ZP:0000574,phenotype,"central nervous system development disrupted, abnormal",8
2023,ClinVarVariant:526172,variant,NC_000023.11:g.(?_32362768)_(32365219_?)del,10
2024,HGNC:9611,gene,PTK2,4
2025,MP:0008511,phenotype,thin retinal inner nuclear layer,8
2026,dbSNP:rs73460075,variant,rs73460075-C,10
2027,ZP:0000864,phenotype,"nucleate erythrocyte binucleate, abnormal",8
2028,1576,drug,levosimendan,3
2029,ZP:0006845,phenotype,"synaptic transmission, cholinergic amplitude, abnormal",8
2030,MP:0008182,phenotype,decreased marginal zone B cell number,8
2031,ZP:0102149,phenotype,"caveola bulb notochord inner cell decreased depth, abnormal",8
2032,ENSEMBL:ENSPTRG00000006039,gene,ENSEMBL:ENSPTRG00000006039,4
2033,ZP:0105794,phenotype,"whole organism decreased occurrence laminin binding, abnormal",8
2034,ZP:0003006,phenotype,"laminin complex lateral plate mesoderm decreased amount, abnormal",8
2035,ZP:0004741,phenotype,"neuron development process quality, abnormal",8
2036,Xenbase:XB-GENE-950909,gene,adcy1,4
2037,ClinVarVariant:198502,variant,NM_004006.2(DMD):c.547dup (p.Trp183fs),10
2038,ENSEMBL:ENSACAG00000000304,gene,ENSEMBL:ENSACAG00000000304,4
2039,EFO:0004584,phenotype,mean platelet volume,8
2040,ZP:0004686,phenotype,"median fin fold edematous, abnormal",8
2041,ZP:0000132,phenotype,"ceratohyal cartilage malformed, abnormal",8
2042,ZP:0005006,phenotype,"neuron-neuron synaptic transmission process quality, abnormal",8
2043,ClinVarVariant:217200,variant,NM_004006.2(DMD):c.4918del (p.Thr1640fs),10
2044,ZP:0138063,phenotype,"habituation increased rate, abnormal",8
2045,ZP:0003034,phenotype,"notochord lacks parts or has fewer parts of type rough endoplasmic reticulum cell, abnormal",8
2046,ENSEMBL:ENSACAG00000001768,gene,ENSEMBL:ENSACAG00000001768,4
2047,MP:0001787,phenotype,pericardial edema,8
2048,MP:0002657,phenotype,chondrodystrophy,8
2049,ENSEMBL:ENSPTRG00000050316,gene,ENSEMBL:ENSPTRG00000050316,4
2050,MP:0012114,phenotype,absent inner cell mass proliferation,8
2051,HP:0000539,phenotype,Abnormality of refraction,8
2052,MP:0009940,phenotype,abnormal hippocampus pyramidal cell morphology,8
2053,ZP:0000236,phenotype,"sarcomere organization disrupted, abnormal",8
2054,ZP:0002191,phenotype,"axon trigeminal motor nucleus decreased length, abnormal",8
2055,WormBase:WBGene00003639,gene,nhr-49,4
2056,WBPhenotype:0000116,phenotype,mid larval lethal,8
2057,FlyBase:FBgn0025866,gene,CalpB,4
2058,MP:0004484,phenotype,abnormal response of heart to induced stress,8
2059,ENSEMBL:ENSSSCG00000002965,gene,ACTN4,4
2060,ClinVarVariant:526165,variant,NC_000023.10:g.(?_31838072)_(31838220_?)dup,10
2061,ZP:0001704,phenotype,"cornea increased thickness, abnormal",8
2062,MP:0005288,phenotype,abnormal oxygen consumption,8
2063,EFO:0008378,phenotype,mosquito bite reaction size measurement,8
2064,SGD:S000004219,gene,CDC42,4
2065,ClinVarVariant:11232,variant,"DMD, 1-BP DEL, 724C",10
2066,MP:0003566,phenotype,abnormal cell adhesion,8
2067,5431,drug,tirbanibulin,3
2068,1971,drug,nortriptyline,3
2069,MONARCH:APO_0000127APO_0000003,phenotype,nuclear export:decreased,8
2070,ENSEMBL:ENSMODG00000007891,gene,ENSEMBL:ENSMODG00000007891,4
2071,MP:0000280,phenotype,thin ventricular wall,8
2072,ENSEMBL:ENSPTRG00000022187,gene,ENSEMBL:ENSPTRG00000022187,4
2073,3217,drug,evans blue,3
2074,ZP:0000013,phenotype,"somite shape, abnormal",8
2075,EnsemblGenome:BAA35940,gene,EnsemblGenome:BAA35940,4
2076,ZP:0003136,phenotype,"branchiomotor neuron axon guidance disrupted, abnormal",8
2077,MP:0000861,phenotype,disorganized barrel cortex,8
2078,P12657,gene product,Muscarinic acetylcholine receptor M1,5
2079,WBPhenotype:0000510,phenotype,vulval invagination variant L4,8
2080,ClinVarVariant:373091,variant,NM_004006.2(DMD):c.2168+1G>A,10
2081,MP:0003331,phenotype,increased hepatocellular carcinoma incidence,8
2082,ENSEMBL:ENSCAFG00000011295,gene,ENSEMBL:ENSCAFG00000011295,4
2083,HP:0002893,phenotype,Pituitary adenoma,8
2084,ClinVarVariant:455926,variant,NM_000109.4(DMD):c.6889-11_6894del,10
2085,ClinVarVariant:833487,variant,NC_000023.11:g.(?_31932070)_(31932237_?)del,10
2086,ClinVarVariant:984427,variant,NM_004006.3(DMD):c.4840G>T (p.Gly1614Ter),10
2087,MP:0005367,phenotype,renal/urinary system phenotype,8
2088,HP:0000089,phenotype,Renal hypoplasia,8
2089,WormBase:WBGene00006584,gene,tni-1,4
2090,ZP:0014660,phenotype,"cardiac ventricle decreased process quality heart contraction, abnormal",8
2091,HP:0008323,phenotype,Abnormal light- and dark-adapted electroretinogram,8
2092,ZFIN:ZDB-GENE-130415-1,gene,shkbp1,4
2093,HP:0002480,phenotype,Hepatic encephalopathy,8
2094,MONARCH:APO_0000047APO_0000004,phenotype,transposable element transposition:increased,8
2095,EFO:0004351,phenotype,resting heart rate,8
2096,ClinVarVariant:803827,variant,NM_004006.3(DMD):c.8278C>T (p.Gln2760Ter),10
2097,MP:0009674,phenotype,decreased birth weight,8
2098,WBPhenotype:0000643,phenotype,locomotion variant,8
2099,MP:0011205,phenotype,excessive folding of visceral yolk sac,8
2100,ENSEMBL:ENSACAG00000009542,gene,ENSEMBL:ENSACAG00000009542,4
2101,ENSEMBL:ENSECAG00000003760,gene,ENSEMBL:ENSECAG00000003760,4
2102,ClinVarVariant:617563,variant,NM_004006.2:c.94_3786dup,10
2103,HP:0002894,phenotype,Neoplasm of the pancreas,8
2104,ENSEMBL:ENSMODG00000014223,gene,ENSEMBL:ENSMODG00000014223,4
2105,ZP:0018603,phenotype,"hindbrain decreased occurrence neuron differentiation, abnormal",8
2106,ENSEMBL:ENSMODG00000047420,gene,ENSEMBL:ENSMODG00000047420,4
2107,ENSEMBL:ENSFCAG00000011361,gene,ENSEMBL:ENSFCAG00000011361,4
2108,ZP:0017649,phenotype,"posterior lateral line decreased process quality Schwann cell development, abnormal",8
2109,FBcv:0000365,phenotype,semi-sterile,8
2110,RGD:1309579,gene,Dtnb,4
2111,MP:0004261,phenotype,abnormal embryonic neuroepithelium morphology,8
2112,FlyBase:FBgn0085464,gene,CG34435,4
2113,ENSEMBL:ENSOANG00000040179,gene,ENSEMBL:ENSOANG00000040179,4
2114,MONARCH:APO_0000060APO_0000002,phenotype,colony appearance:abnormal,8
2115,EnsemblGenome:BAA15611,gene,EnsemblGenome:BAA15611,4
2116,dictyBase:DDB_G0284863,gene,limB,4
2117,ZP:0003029,phenotype,"actin filament organization disrupted, abnormal",8
2118,HP:0000883,phenotype,Thin ribs,8
2119,ZP:0002414,phenotype,"optic tectum necrotic, abnormal",8
2120,ENSEMBL:ENSCAFG00000009880,gene,SNCA,4
2121,HP:0003138,phenotype,Increased blood urea nitrogen,8
2122,ZP:0000420,phenotype,"lens morphology, abnormal",8
2123,MP:0010825,phenotype,abnormal lung saccule morphology,8
2124,EFO:0007701,phenotype,spine bone mineral density,8
2125,ENSEMBL:ENSMODG00000014470,gene,ENSEMBL:ENSMODG00000014470,4
2126,MP:0001257,phenotype,increased body length,8
2127,MP:0001415,phenotype,increased exploration in new environment,8
2128,HP:0005110,phenotype,Atrial fibrillation,8
2129,ENSEMBL:ENSGALG00000014995,gene,ENSEMBL:ENSGALG00000014995,4
2130,MONARCH:APO_0000071APO_0000005,phenotype,cytokinesis:absent,8
2131,ENSEMBL:ENSPTRG00000013808,gene,ENSEMBL:ENSPTRG00000013808,4
2132,MP:0002837,phenotype,dystrophic cardiac calcinosis,8
2133,ClinVarVariant:803850,variant,NM_004006.3(DMD):c.6364_6365del (p.Glu2122fs),10
2134,2166,drug,pilocarpine,3
2135,RGD:1559479,gene,Tpm2,4
2136,1920,drug,nicotine,3
2137,ENSEMBL:ENSMMUG00000009159,gene,ENSEMBL:ENSMMUG00000009159,4
2138,MONDO:0010311,disease,Becker muscular dystrophy,2
2139,ClinVarVariant:803946,variant,NM_004006.3(DMD):c.572C>A (p.Ser191Ter),10
2140,HP:0007129,phenotype,Cerebellar medulloblastoma,8
2141,2068,drug,paroxetine,3
2142,WBPhenotype:0001645,phenotype,protein degradation variant,8
2143,ZP:0002403,phenotype,"retina increased occurrence apoptotic process, abnormal",8
2144,ENSEMBL:ENSSSCG00000025353,gene,ENSEMBL:ENSSSCG00000025353,4
2145,dictyBase:DDB_G0271372,gene,DDB_G0271372,4
2146,MP:0009838,phenotype,abnormal sperm axoneme morphology,8
2147,ENSEMBL:ENSFCAG00000004853,gene,ENSEMBL:ENSFCAG00000004853,4
2148,MP:0001695,phenotype,abnormal gastrulation,8
2149,MP:0001055,phenotype,failure of neuromuscular synapse postsynaptic differentiation,8
2150,WBPhenotype:0001168,phenotype,pseudocleavage absent early emb,8
2151,ENSEMBL:ENSBTAG00000009655,gene,TNS3,4
2152,MGI:1098258,gene,Kif15,4
2153,MP:0005221,phenotype,abnormal rostral-caudal axis patterning,8
2154,ENSEMBL:ENSECAG00000024534,gene,ENSEMBL:ENSECAG00000024534,4
2155,RGD:61822,gene,Kcnj10,4
2156,ENSEMBL:ENSECAG00000014703,gene,ENSEMBL:ENSECAG00000014703,4
2157,MP:0008873,phenotype,increased physiological sensitivity to xenobiotic,8
2158,ENSEMBL:ENSMODG00000016216,gene,ENSEMBL:ENSMODG00000016216,4
2159,EFO:0004527,phenotype,mean corpuscular hemoglobin,8
2160,ZP:0000745,phenotype,"hematopoietic system decreased functionality, abnormal",8
2161,MGI:97255,gene,Myh6,4
2162,MP:0011183,phenotype,abnormal primitive endoderm morphology,8
2163,ZP:0000711,phenotype,"brain decreased size, abnormal",8
2164,P32418,gene product,Sodium/calcium exchanger 1,5
2165,MP:0030968,phenotype,decreased circulating adiponectin level,8
2166,FBcv:0000429,phenotype,abnormal cell shape,8
2167,MGI:108091,gene,Bcar1,4
2168,HP:0002389,phenotype,Cavum septum pellucidum,8
2169,ZFIN:ZDB-GENE-030131-230,gene,si:ch211-241e1.3,4
2170,MP:0011276,phenotype,increased tail pigmentation,8
2171,MONARCH:APO_0000224APO_0000004,phenotype,RNA accumulation:increased,8
2172,ENSEMBL:ENSSSCG00000002138,gene,ENSEMBL:ENSSSCG00000002138,4
2173,ENSEMBL:ENSMMUG00000016394,gene,ENSEMBL:ENSMMUG00000016394,4
2174,HP:0011840,phenotype,Abnormality of T cell physiology,8
2175,ENSEMBL:ENSCAFG00000008769,gene,ENSEMBL:ENSCAFG00000008769,4
2176,HP:0100852,phenotype,Abnormal fear/anxiety-related behavior,8
2177,MGI:1856330,variant,Dmd<mdx-3Cv>,10
2178,FBcv:0006002,phenotype,decreased fecundity,8
2179,WormBase:WBGene00003154,gene,mcm-2,4
2180,ZP:0000698,phenotype,"nucleate erythrocyte development disrupted, abnormal",8
2181,MP:0008277,phenotype,abnormal sternum ossification,8
2182,ZP:0002172,phenotype,"cardiac muscle contraction irregular rhythm, abnormal",8
2183,WBPhenotype:0000283,phenotype,vulva uterus connection defective,8
2184,MP:0002718,phenotype,abnormal inner cell mass morphology,8
2185,WBPhenotype:0001105,phenotype,P0 spindle position defective early emb,8
2186,MP:0008917,phenotype,abnormal oligodendrocyte physiology,8
2187,HP:0002119,phenotype,Ventriculomegaly,8
2188,WormBase:WBGene00003616,gene,nhr-17,4
2189,ZP:0001812,phenotype,"notochord morphogenesis disrupted, abnormal",8
2190,ClinVarVariant:832725,variant,NC_000023.11:g.(?_31773950)_(31932237_?)del,10
2191,MONDO:0010679,disease,Duchenne muscular dystrophy,2
2192,MP:0002841,phenotype,impaired skeletal muscle contractility,8
2193,ENSEMBL:ENSMMUG00000007903,gene,ENSEMBL:ENSMMUG00000007903,4
2194,3533,drug,ruboxistaurin,3
2195,ZFIN:ZDB-GENE-990415-215,gene,psmb5,4
2196,MP:0006190,phenotype,retinal ischemia,8
2197,MP:0001488,phenotype,increased startle reflex,8
2198,ZP:0020140,phenotype,"skeletal muscle trunk decreased amount, abnormal",8
2199,WBPhenotype:0001954,phenotype,diplotene absent during oogenesis,8
2200,HP:0002242,phenotype,Abnormal intestine morphology,8
2201,ClinVarVariant:803851,variant,NM_004006.3(DMD):c.6357G>A (p.Trp2119Ter),10
2202,HP:0001899,phenotype,Increased hematocrit,8
2203,WormBase:WBGene00016975,gene,nhr-173,4
2204,HP:0000099,phenotype,Glomerulonephritis,8
2205,RGD:1311833,gene,Mpp6,4
2206,ZP:0137877,phenotype,"inner limiting membrane morphology, abnormal",8
2207,ZP:0002769,phenotype,"somite flattened, abnormal",8
2208,P37840,gene product,Alpha-synuclein,5
2209,ENSEMBL:ENSMODG00000003964,gene,ENSEMBL:ENSMODG00000003964,4
2210,HP:0001880,phenotype,Eosinophilia,8
2211,ENSEMBL:ENSECAG00000014536,gene,ENSEMBL:ENSECAG00000014536,4
2212,EFO:0004340,phenotype,body mass index,8
2213,ZP:0105706,phenotype,"Reissner's fiber spatial pattern, abnormal",8
2214,HP:0004308,phenotype,Ventricular arrhythmia,8
2215,MP:0012040,phenotype,abnormal c-wave shape,8
2216,HP:0001254,phenotype,Lethargy,8
2217,ZP:0014324,phenotype,"cardiac chamber formation process quality, abnormal",8
2218,ENSEMBL:ENSOANG00000008679,gene,ENSEMBL:ENSOANG00000008679,4
2219,ClinVarVariant:831575,variant,NC_000023.11:g.(?_31679365)_(31932237_?)del,10
2220,MP:0000427,phenotype,abnormal hair cycle,8
2221,MP:0002596,phenotype,abnormal hematocrit,8
2222,ZP:0017686,phenotype,"heart increased process quality apoptotic process, abnormal",8
2223,MONARCH:APO_0000081APO_0000003,phenotype,killer toxin resistance:decreased,8
2224,MP:0020396,phenotype,abnormal social recognition,8
2225,ZP:0018738,phenotype,"caveola assembly disrupted, abnormal",8
2226,MONARCH:APO_0000215APO_0000004,phenotype,toxin resistance:increased,8
2227,HP:0000047,phenotype,Hypospadias,8
2228,ZFIN:ZDB-GENE-130726-2,gene,kcnj10b,4
2229,MONARCH:APO_0000310APO_0000245,phenotype,growth in exponential phase:decreased rate,8
2230,ClinVarVariant:803941,variant,NM_004006.3(DMD):c.774dup (p.Lys259Ter),10
2231,HP:0002577,phenotype,Abnormal stomach morphology,8
2232,ENSEMBL:ENSOANG00000003362,gene,ENSEMBL:ENSOANG00000003362,4
2233,ENSEMBL:ENSOANG00000002365,gene,ENSEMBL:ENSOANG00000002365,4
2234,Xenbase:XB-GENE-950442,gene,ptpn1,4
2235,ZP:0011705,phenotype,"liver increased process quality apoptotic process, abnormal",8
2236,HP:0012205,phenotype,Globozoospermia,8
2237,HP:0003236,phenotype,Elevated circulating creatine kinase concentration,8
2238,ENSEMBL:ENSCAFG00000011736,gene,ENSEMBL:ENSCAFG00000011736,4
2239,RGD:1311030,gene,Tmod3,4
2240,MP:0006264,phenotype,decreased systemic arterial systolic blood pressure,8
2241,MP:0001221,phenotype,epidermal atrophy,8
2242,ENSEMBL:ENSACAG00000002086,gene,ENSEMBL:ENSACAG00000002086,4
2243,MP:0012057,phenotype,abnormal mural trophectoderm morphology,8
2244,ZP:0101898,phenotype,"facial nerve motor nucleus has extra parts of type neuron projection motor neuron, abnormal",8
2245,ENSEMBL:ENSMODG00000024992,gene,ENSEMBL:ENSMODG00000024992,4
2246,ENSEMBL:ENSMODG00000002274,gene,ENSEMBL:ENSMODG00000002274,4
2247,ENSEMBL:ENSPTRG00000018993,gene,ENSEMBL:ENSPTRG00000018993,4
2248,RGD:621852,gene,Tnnt1,4
2249,MP:0004409,phenotype,abnormal crista ampullaris neuroepithelium morphology,8
2250,dbSNP:rs7108263,variant,rs7108263-?,10
2251,ENSEMBL:ENSMODG00000005113,gene,ENSEMBL:ENSMODG00000005113,4
2252,ENSEMBL:ENSGALG00000016105,gene,DYSF,4
2253,ZP:0010964,phenotype,"muscle cell deformed, abnormal",8
2254,ENSEMBL:ENSCAFG00000007410,gene,SNTA1,4
2255,ENSEMBL:ENSOANG00000040619,gene,ENSEMBL:ENSOANG00000040619,4
2256,ClinVarVariant:575175,variant,NM_004006.2(DMD):c.918T>A (p.Tyr306Ter),10
2257,HP:0008678,phenotype,Renal hypoplasia/aplasia,8
2258,ENSEMBL:ENSBTAG00000011789,gene,RESTB,4
2259,HP:0001664,phenotype,Torsade de pointes,8
2260,MP:0008866,phenotype,chromosomal instability,8
2261,814,drug,desloratadine,3
2262,MP:0002270,phenotype,abnormal pulmonary alveolus morphology,8
2263,ENSEMBL:ENSPTRG00000043914,gene,ENSEMBL:ENSPTRG00000043914,4
2264,ZP:0004725,phenotype,"whole organism mobility, abnormal",8
2265,MP:0011417,phenotype,abnormal renal transport,8
2266,ZP:0001475,phenotype,"pronephros development disrupted, abnormal",8
2267,ENSEMBL:ENSACAG00000013602,gene,ENSEMBL:ENSACAG00000013602,4
2268,MP:0002086,phenotype,abnormal extraembryonic tissue morphology,8
2269,ENSEMBL:ENSFCAG00000018954,gene,ENSEMBL:ENSFCAG00000018954,4
2270,WBPhenotype:0000017,phenotype,aldicarb resistant,8
2271,MP:0003734,phenotype,abnormal retinal inner plexiform layer morphology,8
2272,ENSEMBL:ENSPTRG00000010408,gene,ENSEMBL:ENSPTRG00000010408,4
2273,ENSEMBL:ENSSSCG00025020932,gene,ENSEMBL:ENSSSCG00025020932,4
2274,HP:0001392,phenotype,Abnormality of the liver,8
2275,ZP:0008713,phenotype,"endoplasmic reticulum notochord increased size, abnormal",8
2276,MP:0011369,phenotype,increased renal glomerulus apoptosis,8
2277,Q05397,gene product,Focal adhesion kinase 1,5
2278,WBPhenotype:0002118,phenotype,population fitness phenotype,8
2279,HP:0200023,phenotype,Priapism,8
2280,ENSEMBL:ENSCAFG00000014108,gene,OSBPL1A,4
2281,HGNC:30451,gene,SLC25A48,4
2282,dictyBase:DDB_G0289505,gene,act24,4
2283,HP:0030301,phenotype,Abnormality of the anterior commissure,8
2284,MP:0004937,phenotype,dilated heart,8
2285,ENSEMBL:ENSOANG00000005576,gene,ENSEMBL:ENSOANG00000005576,4
2286,HP:0004691,phenotype,2-3 toe syndactyly,8
2287,MP:0003628,phenotype,abnormal leukocyte adhesion,8
2288,WormBase:WBGene00003930,gene,pat-3,4
2289,HP:0012190,phenotype,T-cell lymphoma,8
2290,ZP:0001236,phenotype,"midbrain hindbrain boundary morphology, abnormal",8
2291,ZP:0003068,phenotype,"sensory neuron morphology, abnormal",8
2292,MP:0010394,phenotype,decreased QRS amplitude,8
2293,EFO:0006922,phenotype,delivery measurement,8
2294,ClinVarVariant:981991,variant,NC_000023.11:g.(31679587_31729630)_(31968515_32216915)dup,10
2295,ENSEMBL:ENSMMUG00000050192,gene,ENSEMBL:ENSMMUG00000050192,4
2296,WBPhenotype:0001866,phenotype,reduced pathogen accumulation,8
2297,dbSNP:rs9975725,variant,rs9975725-?,10
2298,HP:0000938,phenotype,Osteopenia,8
2299,ENSEMBL:ENSECAG00000023991,gene,ENSEMBL:ENSECAG00000023991,4
2300,MP:0009230,phenotype,abnormal sperm head morphology,8
2301,ZP:0000027,phenotype,"post-vent region decreased length, abnormal",8
2302,ClinVarVariant:981976,variant,NC_000023.11:g.(31875374_31929595)_(31929746_31932079)del,10
2303,ENSEMBL:ENSMODG00000008164,gene,ENSEMBL:ENSMODG00000008164,4
2304,ENSEMBL:ENSSSCG00000007061,gene,PAK5,4
2305,WBPhenotype:0000827,phenotype,V lineages variant,8
2306,ENSEMBL:ENSOANG00000044262,gene,ENSEMBL:ENSOANG00000044262,4
2307,GO:1901385,molecular function,regulation of voltage-gated calcium channel activity,7
2308,WBPhenotype:0000016,phenotype,aldicarb hypersensitive,8
2309,dbSNPIndividual:20933,genotype,46;X;t(X;4)(Xqter>Xp21::4q35>4qter;4pter>4q35::Xp21>Xpter);46;X;t(X;4)(Xqter>Xp21::4q35> 4qter;4pter>4q35::Xp21>Xpter).ish t(X;4)(4qtel11+;wcpX+;wcp+;4qtel11-) [GM11025],6
2310,ClinVarVariant:409914,variant,NM_004006.2(DMD):c.6614+2T>C,10
2311,MP:0004086,phenotype,absent heartbeat,8
2312,Coriell:GM10062,biological artifact,NIGMS-GM10062,0
2313,FlyBase:FBgn0011676,gene,Nos,4
2314,HP:0000270,phenotype,Delayed cranial suture closure,8
2315,ClinVarVariant:645373,variant,NC_000023.11:g.(?_31965029)_(31968524_?)del,10
2316,ENSEMBL:ENSSSCG00000035158,gene,DYTN,4
2317,MP:0008439,phenotype,abnormal cortical plate morphology,8
2318,MP:0000764,phenotype,abnormal tongue epithelium morphology,8
2319,WBPhenotype:0000651,phenotype,constipated,8
2320,ZFIN:ZDB-GENE-000322-2,gene,tnnc2,4
2321,WBPhenotype:0000882,phenotype,dendrite development variant,8
2322,ZP:0012322,phenotype,"auditory receptor cell decreased functionality, abnormal",8
2323,MP:0010769,phenotype,abnormal survival,8
2324,ENSEMBL:ENSPTRG00000021888,gene,ENSEMBL:ENSPTRG00000021888,4
2325,Coriell:GM07691,biological artifact,NIGMS-GM07691,0
2326,ZP:0000740,phenotype,"ceratobranchial cartilage orientation ceratobranchial cartilage, abnormal",8
2327,ENSEMBL:ENSECAG00000015071,gene,ENSEMBL:ENSECAG00000015071,4
2328,ClinVarVariant:963558,variant,NM_004006.3(DMD):c.2508dup (p.Asn837Ter),10
2329,ENSEMBL:ENSDARG00000111548,gene,CR749762.4,4
2330,MP:0013975,phenotype,abnormal coronary sinus connection,8
2331,HP:0001667,phenotype,Right ventricular hypertrophy,8
2332,MGI:6394025,genotype,Dmd<em#Tve> [involves: C57BL/6 * CBA],6
2333,Xenbase:XB-GENE-6045506,gene,capn13,4
2334,ZP:0018281,phenotype,"mitochondrion slow muscle cell functionality, abnormal",8
2335,MP:0010782,phenotype,stomach smooth muscle circular layer hypertrophy,8
2336,ZFIN:ZDB-GENE-020604-1,gene,myhz2,4
2337,ENSEMBL:ENSCAFG00000015528,gene,TMOD2,4
2338,HP:0011069,phenotype,Supernumerary tooth,8
2339,ClinVarVariant:689489,variant,NM_004006.2(DMD):c.8800G>T (p.Glu2934Ter),10
2340,ENSEMBL:ENSOANG00000051243,gene,ENSEMBL:ENSOANG00000051243,4
2341,ZP:0013881,phenotype,"chromaffin cell mislocalised, abnormal",8
2342,ENSEMBL:ENSDARG00000110480,gene,BX511087.1,4
2343,dbSNPIndividual:16801,genotype,DMD(EX4-43DEL); arr Xp21.1(32170293-32774419)x0 [GM05170],6
2344,RGD:2268,gene,Capn2,4
2345,ZP:0102121,phenotype,"notochord inner cell metaplastic, abnormal",8
2346,ENSEMBL:ENSPTRG00000043275,gene,ENSEMBL:ENSPTRG00000043275,4
2347,HP:0001939,phenotype,Abnormality of metabolism/homeostasis,8
2348,Xenbase:XB-GENE-999974,gene,mcm2,4
2349,ENSEMBL:ENSGALG00000011254,gene,ENSEMBL:ENSGALG00000011254,4
2350,dictyBase:DDB_G0281499,gene,DDB0205629,4
2351,WormBase:WBGene00002150,gene,irk-2,4
2352,ZP:0008742,phenotype,"anatomical compartment boundary somite shape, abnormal",8
2353,MP:0005334,phenotype,abnormal fat pad morphology,8
2354,ZFIN:ZDB-GENE-181009-2,gene,ltbp4,4
2355,ClinVarVariant:640987,variant,NC_000023.11:g.(?_31879410)_(31968524_?)del,10
2356,HP:0003076,phenotype,Glycosuria,8
2357,ZP:0001536,phenotype,"cardiac muscle cell cardiac ventricle increased amount, abnormal",8
2358,HP:0040274,phenotype,Adenocarcinoma of the small intestine,8
2359,MP:0004087,phenotype,abnormal muscle fiber morphology,8
2360,ZP:0101699,phenotype,"vascular associated smooth muscle cell dorsal aorta decreased amount, abnormal",8
2361,ENSEMBL:ENSCAFG00000007067,gene,ENSEMBL:ENSCAFG00000007067,4
2362,MP:0008057,phenotype,abnormal DNA replication,8
2363,HP:0001402,phenotype,Hepatocellular carcinoma,8
2364,ENSEMBL:ENSCAFG00000028535,gene,ENSEMBL:ENSCAFG00000028535,4
2365,WBPhenotype:0000388,phenotype,sperm morphology variant,8
2366,916,drug,diphenhydramine,3
2367,dbSNP:rs35396788,variant,rs35396788-?,10
2368,ENSEMBL:ENSFCAG00000009092,gene,ENSEMBL:ENSFCAG00000009092,4
2369,MGI:3655090,genotype,Dmd<mdx>; Foxk1<tm1Djg>/Foxk1<tm1Djg> [involves: 129S4/SvJae * C57BL/10ScSn],6
2370,WBPhenotype:0000863,phenotype,male fertility reduced,8
2371,ENSEMBL:ENSFCAG00000000787,gene,ENSEMBL:ENSFCAG00000000787,4
2372,MONDO:0015470,disease,Familial isolated dilated cardiomyopathy,2
2373,ENSEMBL:ENSMODG00000010887,gene,ENSEMBL:ENSMODG00000010887,4
2374,ENSEMBL:ENSFCAG00000005957,gene,ENSEMBL:ENSFCAG00000005957,4
2375,HP:0001881,phenotype,Abnormal leukocyte morphology,8
2376,ZFIN:ZDB-GENE-051005-2,gene,nedd4a,4
2377,ClinVarVariant:590902,variant,NM_004006.2(DMD):c.4486G>T (p.Glu1496Ter),10
2378,MP:0001693,phenotype,failure of primitive streak formation,8
2379,OMIM:300377.0053,variant,"DMD, 1-BP DEL, 6408C",10
2380,ClinVarVariant:625789,variant,GRCh37/hg19 Xp21.1(chrX:32587530-32719171),10
2381,ENSEMBL:ENSECAG00000043652,gene,ENSEMBL:ENSECAG00000043652,4
2382,EFO:0007634,phenotype,major depressive episode,8
2383,ENSEMBL:ENSBTAG00000015670,gene,ENSEMBL:ENSBTAG00000015670,4
2384,HGNC:6482,gene,LAMA2,4
2385,ZP:0000742,phenotype,"basilar artery decreased diameter, abnormal",8
2386,ClinVarVariant:571814,variant,NM_004006.2(DMD):c.531-1G>C,10
2387,ClinVarVariant:526077,variant,NM_000109.4(DMD):c.1771del (p.Ser591fs),10
2388,ClinVarVariant:664440,variant,NC_000023.10:g.(?_32827600)_(32867947_?)dup,10
2389,HP:0002583,phenotype,Colitis,8
2390,MP:0009385,phenotype,abnormal dermal pigmentation,8
2391,ENSEMBL:ENSCAFG00000003886,gene,ENSEMBL:ENSCAFG00000003886,4
2392,MP:0005402,phenotype,abnormal action potential,8
2393,HP:0004325,phenotype,Decreased body weight,8
2394,NCBIGene:571757,gene,LOC571757,4
2395,HP:0000718,phenotype,Aggressive behavior,8
2396,ZP:0011406,phenotype,"skeletal muscle myofibril myotome increased fragility, abnormal",8
2397,ENSEMBL:ENSACAG00000007490,gene,ENSEMBL:ENSACAG00000007490,4
2398,ENSEMBL:ENSECAG00000005493,gene,ENSEMBL:ENSECAG00000005493,4
2399,ENSEMBL:ENSPTRG00000012879,gene,ENSEMBL:ENSPTRG00000012879,4
2400,ZP:0019365,phenotype,"retinal cone cell absence due to degeneration, abnormal",8
2401,ENSEMBL:ENSOANG00000001449,gene,ENSEMBL:ENSOANG00000001449,4
2402,ENSEMBL:ENSOANG00000009824,gene,ENSEMBL:ENSOANG00000009824,4
2403,HP:0040078,phenotype,Axonal degeneration,8
2404,ClinVarVariant:971303,variant,NM_004006.3(DMD):c.3008_3009del (p.Val1003fs),10
2405,ClinVarVariant:11264,variant,"DMD, 1-BP INS, 7188A",10
2406,ENSEMBL:ENSACAG00000012165,gene,ENSEMBL:ENSACAG00000012165,4
2407,EFO:0009930,phenotype,Calcium channel blocker use measurement,8
2408,OMIM:300377.0065,variant,"DMD, 4-BP DEL, NT9679",10
2409,1999,drug,orphenadrine,3
2410,ENSEMBL:ENSBTAG00000016097,gene,ENSEMBL:ENSBTAG00000016097,4
2411,HP:0002510,phenotype,Spastic tetraplegia,8
2412,ClinVarVariant:217204,variant,NM_004006.2(DMD):c.5602_5605del (p.Arg1868fs),10
2413,ZP:0012204,phenotype,"myofibril striated muscle cell disorganized, abnormal",8
2414,ENSEMBL:ENSMMUG00000001753,gene,ENSEMBL:ENSMMUG00000001753,4
2415,ClinVarVariant:94436,variant,NM_004020.3(DMD):c.2843+9127del,10
2416,MP:0011710,phenotype,enhanced osteoblast differentiation,8
2417,WBPhenotype:0001506,phenotype,spontaneous reversal rate variant,8
2418,ZP:0002100,phenotype,"cranial cartilage morphology, abnormal",8
2419,ZFIN:ZDB-GENE-030131-2963,gene,stub1,4
2420,ZP:0001241,phenotype,"pericardium increased size, abnormal",8
2421,ENSEMBL:ENSBTAG00000000603,gene,ENSEMBL:ENSBTAG00000000603,4
2422,HP:0002239,phenotype,Gastrointestinal hemorrhage,8
2423,ZP:0008102,phenotype,"convergent extension process quality, abnormal",8
2424,ENSEMBL:ENSSSCG00000010170,gene,DISC1,4
2425,WormBase:WBGene00000059,gene,acr-20,4
2426,ZP:0000638,phenotype,"post-vent region curved ventral, abnormal",8
2427,ENSEMBL:ENSFCAG00000012746,gene,ENSEMBL:ENSFCAG00000012746,4
2428,Xenbase:XB-GENE-989283,gene,myh4,4
2429,HP:0002090,phenotype,Pneumonia,8
2430,ClinVarVariant:803795,variant,NM_004006.3(DMD):c.9868del (p.Gln3290fs),10
2431,MP:0001243,phenotype,abnormal dermal layer morphology,8
2432,HP:0002850,phenotype,Decreased circulating total IgM,8
2433,HP:0000218,phenotype,High palate,8
2434,ZP:0000867,phenotype,"nucleus nucleate erythrocyte structure, abnormal",8
2435,MP:0009232,phenotype,abnormal sperm nucleus morphology,8
2436,ENSEMBL:ENSPTRG00000002647,gene,ENSEMBL:ENSPTRG00000002647,4
2437,ZP:0020985,phenotype,"cardiac muscle cell decreased process quality Notch signaling pathway, abnormal",8
2438,MP:0030287,phenotype,enlarged occipital bone,8
2439,Q99246,gene product,Voltage-dependent L-type calcium channel subunit alpha-1D,5
2440,MP:0020419,phenotype,decreased cardiac muscle relaxation,8
2441,MGI:1352759,gene,Rnf11,4
2442,ZFIN:ZDB-GENE-021223-1,gene,dag1,4
2443,HP:0012337,phenotype,Abnormal homeostasis,8
2444,ENSEMBL:ENSACAG00000009401,gene,ENSEMBL:ENSACAG00000009401,4
2445,ENSEMBL:ENSCAFG00000015475,gene,DES,4
2446,ZP:0010781,phenotype,"muscle broken, abnormal",8
2447,HP:0002088,phenotype,Abnormal lung morphology,8
2448,ENSEMBL:ENSACAG00000004568,gene,ENSEMBL:ENSACAG00000004568,4
2449,ZP:0014653,phenotype,"regulation of cardiac muscle contraction by calcium ion signaling process quality, abnormal",8
2450,HP:0001943,phenotype,Hypoglycemia,8
2451,WBPhenotype:0002277,phenotype,dauer lifespan extended,8
2452,HP:0032447,phenotype,Pulmonary bleb,8
2453,WBPhenotype:0001123,phenotype,synchronous second division early emb,8
2454,EFO:0007788,phenotype,BMI-adjusted waist-hip ratio,8
2455,HP:0003470,phenotype,Paralysis,8
2456,HP:0012790,phenotype,Abnormal intramembranous ossification,8
2457,RGD:2123,gene,Apc,4
2458,MP:0002082,phenotype,postnatal lethality,8
2459,WBPhenotype:0001400,phenotype,level of protein expression variant,8
2460,ZP:0009204,phenotype,"sarcolemma skeletal muscle cell broken, abnormal",8
2461,ENSEMBL:ENSCAFG00000018173,gene,LAMA3,4
2462,OMIM:300377.0021,variant,"DMD, EX1DEL",10
2463,ZP:0010963,phenotype,"muscle cell malformed, abnormal",8
2464,WBPhenotype:0001979,phenotype,gonad vesiculated,8
2465,ZP:0003140,phenotype,"retinal ganglion cell layer apoptotic, abnormal",8
2466,ENSEMBL:ENSOANG00000043403,gene,ENSEMBL:ENSOANG00000043403,4
2467,ClinVarVariant:584234,variant,NC_000023.10:g.(?_31366653)_(31382270_?)dup,10
2468,HP:0000953,phenotype,Hyperpigmentation of the skin,8
2469,dictyBase:DDB_G0269178,gene,racG,4
2470,ENSEMBL:ENSGALG00000000220,gene,ENSEMBL:ENSGALG00000000220,4
2471,GO:0016010,molecular function,dystrophin-associated glycoprotein complex,7
2472,HP:0100806,phenotype,Sepsis,8
2473,ENSEMBL:ENSMODG00000020644,gene,ENSEMBL:ENSMODG00000020644,4
2474,ENSEMBL:ENSCAFG00000008690,gene,ENSEMBL:ENSCAFG00000008690,4
2475,HP:0012539,phenotype,Non-Hodgkin lymphoma,8
2476,MGI:104631,gene,Utrn,4
2477,MONARCH:APO_0000193APO_0000003,phenotype,resistance to enzymatic treatment:decreased,8
2478,dictyBase:DDB_G0277777,gene,DDB0203449,4
2479,ClinVarVariant:951119,variant,NM_004006.3(DMD):c.2253del (p.Lys752fs),10
2480,EFO:0004346,phenotype,neuroimaging measurement,8
2481,WormBase:WBGene00003637,gene,nhr-47,4
2482,ZP:0021006,phenotype,"sarcomere somite decreased length, abnormal",8
2483,ZP:0000204,phenotype,"response to auditory stimulus disrupted, abnormal",8
2484,ENSEMBL:ENSBTAG00000035726,gene,A0A3Q1MW81,4
2485,WBPhenotype:0000059,phenotype,larval arrest,8
2486,ClinVarVariant:946299,variant,NM_004006.3(DMD):c.8666_8668+3del,10
2487,ENSEMBL:ENSMMUG00000019393,gene,ENSEMBL:ENSMMUG00000019393,4
2488,ENSEMBL:ENSCAFG00000001217,gene,ENSEMBL:ENSCAFG00000001217,4
2489,MGI:2449939,gene,Zgpat,4
2490,FlyBase:FBgn0036454,gene,CG17839,4
2491,HP:0001197,phenotype,Abnormality of prenatal development or birth,8
2492,WBPhenotype:0001202,phenotype,nicotine hypersensitive,8
2493,ENSEMBL:ENSPTRG00000040069,gene,ENSEMBL:ENSPTRG00000040069,4
2494,MP:0005425,phenotype,increased macrophage cell number,8
2495,MP:0000934,phenotype,abnormal telencephalon development,8
2496,dictyBase:DDB_G0269160,gene,nxnA,4
2497,P29475,gene product,"Nitric oxide synthase, brain",5
2498,RGD:1312009,gene,Pak5,4
2499,MGI:98932,gene,Vim,4
2500,ENSEMBL:ENSOANG00000001490,gene,ENSEMBL:ENSOANG00000001490,4
2501,ENSEMBL:ENSBTAG00000014189,gene,RGS6,4
2502,MP:0003424,phenotype,premature neuronal precursor differentiation,8
2503,HP:0005518,phenotype,Increased mean corpuscular volume,8
2504,WBPhenotype:0001018,phenotype,cytokinesis variant emb,8
2505,MP:0010633,phenotype,myocardium hypertrophy,8
2506,HP:0012373,phenotype,Abnormal eye physiology,8
2507,MGI:1313261,gene,Sptbn2,4
2508,ZP:0001349,phenotype,"eye apoptotic, abnormal",8
2509,ENSEMBL:ENSMODG00000008796,gene,ENSEMBL:ENSMODG00000008796,4
2510,ENSEMBL:ENSFCAG00000006998,gene,ENSEMBL:ENSFCAG00000006998,4
2511,ZP:0014275,phenotype,"fin regeneration decreased process quality, abnormal",8
2512,MP:0002925,phenotype,abnormal cardiovascular development,8
2513,WormBase:WBGene00003654,gene,nhr-64,4
2514,MP:0001601,phenotype,abnormal myelopoiesis,8
2515,HP:0002914,phenotype,Hyperchloriduria,8
2516,dictyBase:DDB_G0281545,gene,acaA,4
2517,ZP:0012599,phenotype,"behavior process quality, abnormal",8
2518,ZP:0008718,phenotype,"ocular blood vessel deformed, abnormal",8
2519,ClinVarVariant:217174,variant,NM_004006.2(DMD):c.10504G>T (p.Glu3502Ter),10
2520,Xenbase:XB-GENE-954519,gene,rgs6,4
2521,MP:0009454,phenotype,impaired contextual conditioning behavior,8
2522,HP:0002058,phenotype,Myopathic facies,8
2523,ClinVarVariant:526146,variant,NC_000023.10:g.(?_31366653)_(31747885_?)dup,10
2524,ClinVarVariant:94819,variant,NM_004006.3(DMD):c.8908_8909TC[2] (p.Leu2971fs),10
2525,WBPhenotype:0001279,phenotype,transgene expression reduced male,8
2526,ZP:0106967,phenotype,"axon extension accelerated growth, abnormal",8
2527,ENSEMBL:ENSMODG00000000364,gene,ENSEMBL:ENSMODG00000000364,4
2528,MP:0001290,phenotype,delayed eyelid opening,8
2529,MGI:1202300,gene,Kcnu1,4
2530,WBPhenotype:0001887,phenotype,excess seam cells,8
2531,HP:0025143,phenotype,Chills,8
2532,FlyBase:FBgn0038221,gene,IFT54,4
2533,MGI:2176892,genotype,Dmd<mdx>; Dtna<tm1Jrs>/Dtna<tm1Jrs> [involves: 129X1/SvJ * C57BL/10ScSn],6
2534,ClinVarVariant:455939,variant,NM_000109.4(DMD):c.8651del (p.Pro2884fs),10
2535,HP:0010831,phenotype,Impaired proprioception,8
2536,WormBase:WBGene00017198,gene,nhr-36,4
2537,ENSEMBL:ENSACAG00000014991,gene,ENSEMBL:ENSACAG00000014991,4
2538,ZP:0006045,phenotype,"heart contraction decreased frequency, abnormal",8
2539,ENSEMBL:ENSPTRG00000017135,gene,ENSEMBL:ENSPTRG00000017135,4
2540,MONARCH:APO_0000131APO_0000005,phenotype,protein/peptide modification:absent,8
2541,FlyBase:CG2987,gene,FlyBase:CG2987,4
2542,ClinVarVariant:492825,variant,NM_004006.2(DMD):c.7310-1G>A,10
2543,MP:0010067,phenotype,increased red blood cell distribution width,8
2544,HP:0030341,phenotype,Decreased circulating follicle stimulating hormone concentration,8
2545,ENSEMBL:ENSCAFG00000007343,gene,APC,4
2546,MP:0000711,phenotype,thymus cortex hypoplasia,8
2547,ZP:0008720,phenotype,"voluntary musculoskeletal movement disrupted, abnormal",8
2548,MP:0008479,phenotype,decreased spleen white pulp amount,8
2549,MONARCH:APO_0000027APO_0000003,phenotype,filamentous growth:decreased,8
2550,Q9JIS7,gene product,Voltage-dependent L-type calcium channel subunit alpha-1F,5
2551,ClinVarVariant:194384,variant,NM_004006.2(DMD):c.1704+1G>A,10
2552,HP:0000706,phenotype,Eruption failure,8
2553,HGNC:4853,gene,HDAC2,4
2554,ZP:0002310,phenotype,"whole organism circling, abnormal",8
2555,HP:0005048,phenotype,Synostosis of carpal bones,8
2556,MP:0020519,phenotype,renal glomerular immunoglobulin deposits,8
2557,ENSEMBL:ENSPTRG00000009849,gene,ENSEMBL:ENSPTRG00000009849,4
2558,ZP:0007168,phenotype,"axis curved ventral, abnormal",8
2559,ClinVarVariant:11251,variant,NM_000109.4(DMD):c.2293A>G (p.Lys765Glu),10
2560,ClinVarVariant:455923,variant,NM_004006.2(DMD):c.6615-2A>T,10
2561,ENSEMBL:ENSMMUG00000014149,gene,ENSEMBL:ENSMMUG00000014149,4
2562,960,drug,doxorubicin,3
2563,ENSEMBL:ENSFCAG00000006639,gene,ENSEMBL:ENSFCAG00000006639,4
2564,RGD:2923,gene,Itga1,4
2565,MP:0008499,phenotype,increased IgG1 level,8
2566,MP:0004084,phenotype,abnormal cardiac muscle relaxation,8
2567,HP:0003551,phenotype,Difficulty climbing stairs,8
2568,FBcv:0000399,phenotype,abnormal courtship behavior,8
2569,MP:0020253,phenotype,increased collagen level,8
2570,HP:0006725,phenotype,Pancreatic adenocarcinoma,8
2571,HP:0001541,phenotype,Ascites,8
2572,ENSEMBL:ENSPTRG00000023820,gene,ENSEMBL:ENSPTRG00000023820,4
2573,ZP:0010222,phenotype,"cell projection radial glial cell disorganized, abnormal",8
2574,MP:0002980,phenotype,abnormal postural reflex,8
2575,FlyBase:FBgn0014006,gene,Ask1,4
2576,MP:0004951,phenotype,abnormal spleen weight,8
2577,MGI:103198,gene,Cdc25a,4
2578,MP:0001458,phenotype,abnormal object recognition memory,8
2579,ZFIN:ZDB-GENE-090122-1,gene,disc1,4
2580,HP:0031266,phenotype,Podocyte foot process effacement,8
2581,HP:0025579,phenotype,Abnormal left atrium morphology,8
2582,ClinVarVariant:803829,variant,NM_004006.3(DMD):c.8145dup (p.Gln2716fs),10
2583,ZP:0002186,phenotype,"yolk decreased size, abnormal",8
2584,ClinVarVariant:409894,variant,NM_000109.4(DMD):c.10701del (p.Met3568fs),10
2585,HP:0007663,phenotype,Reduced visual acuity,8
2586,HP:0001978,phenotype,Extramedullary hematopoiesis,8
2587,ENSEMBL:ENSMMUG00000000838,gene,ENSEMBL:ENSMMUG00000000838,4
2588,MP:0000607,phenotype,abnormal hepatocyte morphology,8
2589,MP:0009402,phenotype,decreased skeletal muscle fiber diameter,8
2590,MP:0010955,phenotype,abnormal respiratory electron transport chain,8
2591,ENSEMBL:ENSMODG00000003050,gene,ENSEMBL:ENSMODG00000003050,4
2592,HP:0002487,phenotype,Hyperkinetic movements,8
2593,P12931,gene product,Proto-oncogene tyrosine-protein kinase Src,5
2594,MGI:2388820,gene,Sgcz,4
2595,ZP:0137887,phenotype,"retinal neural layer lacks parts or has fewer parts of type inner limiting membrane, abnormal",8
2596,RGD:631334,gene,Nup58,4
2597,HP:0004870,phenotype,Chronic hemolytic anemia,8
2598,HP:0003563,phenotype,Decreased LDL cholesterol concentration,8
2599,MP:0006324,phenotype,abnormal cochlear nerve fiber response,8
2600,ZFIN:ZDB-GENE-020419-38,gene,terfa,4
2601,ENSEMBL:ENSSSCG00000034773,gene,KCNJ18,4
2602,WormBase:WBGene00000228,gene,atn-1,4
2603,MP:0002813,phenotype,microcytosis,8
2604,WBPhenotype:0001571,phenotype,body wall muscle cell polarization variant,8
2605,MP:0004787,phenotype,abnormal dorsal aorta morphology,8
2606,dbSNP:rs6499854,variant,rs6499854-?,10
2607,ENSEMBL:ENSMMUG00000016589,gene,ENSEMBL:ENSMMUG00000016589,4
2608,ENSEMBL:ENSOANG00000010411,gene,ENSEMBL:ENSOANG00000010411,4
2609,ClinVarVariant:659785,variant,NM_004006.2(DMD):c.616C>T (p.Gln206Ter),10
2610,WBPhenotype:0000414,phenotype,cell fate transformation,8
2611,MONARCH:APO_0000271APO_0000005,phenotype,RNA modification:absent,8
2612,ZP:0005499,phenotype,"cardiac jelly distended, abnormal",8
2613,MP:0003257,phenotype,abnormal abdominal wall morphology,8
2614,WBPhenotype:0002490,phenotype,ectopic axon outgrowth,8
2615,ZFIN:ZDB-GENE-090312-215,gene,si:rp71-17i16.4,4
2616,MP:0000219,phenotype,increased neutrophil cell number,8
2617,ENSEMBL:ENSACAG00000012896,gene,ENSEMBL:ENSACAG00000012896,4
2618,ZP:0000746,phenotype,"trabecular layer aplastic, abnormal",8
2619,ClinVarVariant:583700,variant,NC_000023.11:g.(?_31729611)_(31932247_?)del,10
2620,MP:0002023,phenotype,increased B cell derived lymphoma incidence,8
2621,ENSEMBL:ENSECAG00000009665,gene,ENSEMBL:ENSECAG00000009665,4
2622,MGI:1316648,gene,Ahnak,4
2623,MP:0011732,phenotype,decreased somite size,8
2624,MP:0013836,phenotype,abnormal hypoglossal nerve topology,8
2625,ENSEMBL:ENSOANG00000006363,gene,ENSEMBL:ENSOANG00000006363,4
2626,ZP:0002945,phenotype,"myoseptum somite deformed, abnormal",8
2627,ClinVarVariant:653507,variant,NC_000023.11:g.(?_32438231)_(32849830_?)del,10
2628,HP:0011900,phenotype,Hypofibrinogenemia,8
2629,PomBase:SPBC12C2.03c,gene,SPBC12C2.03c,4
2630,HP:0004298,phenotype,Abnormality of the abdominal wall,8
2631,EFO:0004723,phenotype,coronary artery calcification,8
2632,MP:0008030,phenotype,abnormal Cajal-Retzius cell morphology,8
2633,RGD:70983,gene,Cacna1s,4
2634,HP:0002515,phenotype,Waddling gait,8
2635,Xenbase:XB-GENE-949399,gene,xylt1,4
2636,ENSEMBL:ENSRNOG00000060511,gene,Tcap,4
2637,WormBase:WBGene00001116,gene,dyc-1,4
2638,ZP:0000206,phenotype,"musculoskeletal movement quality, abnormal",8
2639,ZFIN:ZDB-GENE-030523-1,gene,tnnc1a,4
2640,MGI:87902,gene,Acta1,4
2641,ClinVarVariant:851846,variant,NM_004006.3(DMD):c.402_408dup (p.Glu137delinsGlnGlnTer),10
2642,ENSEMBL:ENSBTAG00000001654,gene,SNTB2,4
2643,ENSEMBL:ENSECAG00000008625,gene,ENSEMBL:ENSECAG00000008625,4
2644,ZFIN:ZDB-GENE-040426-2085,gene,pak5,4
2645,MP:0011264,phenotype,abnormal cardiac mesenchyme morphology,8
2646,ClinVarVariant:409936,variant,NM_000109.4(DMD):c.2709dup (p.Val904fs),10
2647,EFO:0006501,phenotype,carotid plaque build,8
2648,ENSEMBL:ENSCAFG00000011744,gene,LAMB2,4
2649,ENSEMBL:ENSECAG00000022054,gene,ENSEMBL:ENSECAG00000022054,4
2650,ZP:0004977,phenotype,"blood circulation decreased occurrence, abnormal",8
2651,ClinVarVariant:583653,variant,NC_000023.11:g.(?_31223027)_(31223141_?)del,10
2652,MP:0001994,phenotype,increased blinking frequency,8
2653,ClinVarVariant:983659,variant,NM_004006.3(DMD):c.5026G>T (p.Glu1676Ter),10
2654,ZP:0008648,phenotype,"pigmentation occurrence, abnormal",8
2655,ENSEMBL:ENSFCAG00000011506,gene,ENSEMBL:ENSFCAG00000011506,4
2656,HP:0011017,phenotype,Abnormal cellular physiology,8
2657,ENSEMBL:ENSSSCG00000009556,gene,CUL4A,4
2658,MONARCH:APO_0000036APO_0000003,phenotype,pheromone production:decreased,8
2659,ClinVarVariant:283346,variant,NM_004006.2(DMD):c.93+1G>A,10
2660,HP:0011499,phenotype,Mydriasis,8
2661,ClinVarVariant:455886,variant,NM_004006.2(DMD):c.2804-1G>T,10
2662,WBPhenotype:0000178,phenotype,cell degeneration,8
2663,MP:0010632,phenotype,cardiac muscle necrosis,8
2664,MP:0000848,phenotype,abnormal pons morphology,8
2665,HP:0003237,phenotype,Increased circulating IgG level,8
2666,ClinVarVariant:803936,variant,NM_004006.3(DMD):c.998C>A (p.Ser333Ter),10
2667,4682,drug,panobinostat,3
2668,ZP:0001526,phenotype,"slow muscle cell detached from myoseptum, abnormal",8
2669,MP:0010724,phenotype,thick interventricular septum,8
2670,WBPhenotype:0001346,phenotype,actin cytoskeleton dynamics phenotype,8
2671,WBPhenotype:0004023,phenotype,frequency of body bend variant,8
2672,1780,drug,metixene,3
2673,MP:0001392,phenotype,abnormal locomotor behavior,8
2674,EFO:0004318,phenotype,smoking behavior,8
2675,FlyBase:FBgn0053993,gene,CG33993,4
2676,ENSEMBL:ENSOANG00000046259,gene,ENSEMBL:ENSOANG00000046259,4
2677,MGI:3693943,gene,Smok3a,4
2678,ZP:0018501,phenotype,"cell migration involved in heart development decreased occurrence, abnormal",8
2679,MGI:88274,gene,Ctnna1,4
2680,MGI:1098226,gene,Kif14,4
2681,MP:0003899,phenotype,abnormal QT interval,8
2682,ENSEMBL:ENSOANG00000015106,gene,ENSEMBL:ENSOANG00000015106,4
2683,MP:0005240,phenotype,abnormal amacrine cell morphology,8
2684,Xenbase:XB-GENE-876948,gene,cacna1d,4
2685,HP:0001265,phenotype,Hyporeflexia,8
2686,ZP:0009070,phenotype,"smoothened signaling pathway involved in dorsal/ventral neural tube patterning disrupted, abnormal",8
2687,MP:0005387,phenotype,immune system phenotype,8
2688,ENSEMBL:ENSGALG00000004347,gene,NEDD4,4
2689,ZP:0020991,phenotype,"anatomical surface retina decreased area, abnormal",8
2690,ENSEMBL:ENSBTAG00000013958,gene,ENSEMBL:ENSBTAG00000013958,4
2691,ZP:0018601,phenotype,"hindbrain decreased occurrence cell proliferation in hindbrain, abnormal",8
2692,HGNC:14686,gene,JAM2,4
2693,MP:0030051,phenotype,increased foot pigmentation,8
2694,MP:0001967,phenotype,deafness,8
2695,ClinVarVariant:455863,variant,NM_000109.4(DMD):c.1452del (p.Gln484fs),10
2696,MP:0011409,phenotype,increased renal glomerulus basement membrane thickness,8
2697,MP:0011512,phenotype,mesangial cell interposition,8
2698,WBPhenotype:0000366,phenotype,three fold arrest,8
2699,ZP:0138061,phenotype,"prepulse inhibition increased magnitude, abnormal",8
2700,HGNC:11322,gene,SSPN,4
2701,EFO:1001488,phenotype,influenza A (H1N1),8
2702,ZP:0004231,phenotype,"cranial cartilage hypoplastic, abnormal",8
2703,ZP:0004703,phenotype,"cell migration process quality, abnormal",8
2704,ZFIN:ZDB-GENE-050506-35,gene,mpp6a,4
2705,EFO:0004535,phenotype,serum albumin measurement,8
2706,ENSEMBL:ENSECAG00000002481,gene,ENSEMBL:ENSECAG00000002481,4
2707,ENSEMBL:ENSMMUG00000008618,gene,ENSEMBL:ENSMMUG00000008618,4
2708,ZP:0011405,phenotype,"skeletal muscle myofibril myotome disorganized, abnormal",8
2709,WBPhenotype:0001010,phenotype,clear,8
2710,WBPhenotype:0000520,phenotype,morphology phenotype,8
2711,ENSEMBL:ENSMMUG00000012278,gene,ENSEMBL:ENSMMUG00000012278,4
2712,MP:0003885,phenotype,abnormal rostral-caudal body axis extension,8
2713,MONARCH:APO_0000032APO_0000003,phenotype,mating response:decreased,8
2714,WormBase:WBGene00000064,gene,act-2,4
2715,ClinVarVariant:803852,variant,NM_004006.3(DMD):c.6356G>A (p.Trp2119Ter),10
2716,MP:0010725,phenotype,thin interventricular septum,8
2717,MP:0000788,phenotype,abnormal cerebral cortex morphology,8
2718,ZFIN:ZDB-GENE-030616-413,gene,ttn.1,4
2719,ZP:0009748,phenotype,"atrium shape, abnormal",8
2720,ClinVarVariant:11222,variant,NM_000109.4(DMD):c.2278C>T (p.Arg760Ter),10
2721,ClinVarVariant:803815,variant,NM_004006.3(DMD):c.8744G>A (p.Trp2915Ter),10
2722,MP:0002952,phenotype,ventricular cardiomyopathy,8
2723,ZP:0011825,phenotype,"cell EVL morphology, abnormal",8
2724,ZFIN:ZDB-GENE-040426-2326,gene,nup58,4
2725,SGD:S000003449,gene,CCH1,4
2726,2338,drug,mepacrine,3
2727,Xenbase:XB-GENE-948345,gene,capn9,4
2728,ClinVarVariant:653791,variant,NM_004006.2(DMD):c.831+1G>C,10
2729,OMIM:300377.0023,variant,"DMD, GLN673TER",10
2730,ClinVarVariant:803796,variant,NM_004006.3(DMD):c.9808-2A>T,10
2731,ClinVarVariant:981993,variant,NC_000023.11:g.(31147519_31169442)_(31658145_31679374)dup,10
2732,MGI:2441856,gene,Sf3b2,4
2733,HP:0012091,phenotype,Abnormality of pancreas physiology,8
2734,MP:0012104,phenotype,small amniotic cavity,8
2735,ClinVarVariant:575031,variant,NM_000109.4(DMD):c.670_674ATCAC[3] (p.Leu227fs),10
2736,ZP:0002181,phenotype,"ventricular myocardium non-functional, abnormal",8
2737,MP:0013443,phenotype,Harderian gland hyperplasia,8
2738,ENSEMBL:ENSPTRG00000016087,gene,ENSEMBL:ENSPTRG00000016087,4
2739,MONARCH:APO_0000111APO_0000003,phenotype,viability:decreased,8
2740,MP:0013771,phenotype,decreased effector memory T-helper cell number,8
2741,MP:0001633,phenotype,poor circulation,8
2742,HGNC:11138,gene,SNCA,4
2743,HP:0030434,phenotype,Pilomatrixoma,8
2744,HP:0005879,phenotype,Congenital finger flexion contractures,8
2745,HP:0002280,phenotype,Enlarged cisterna magna,8
2746,ZFIN:ZDB-GENE-041111-121,gene,sgca,4
2747,EFO:0004784,phenotype,self reported educational attainment,8
2748,HP:0012086,phenotype,Abnormal urinary color,8
2749,ZFIN:ZDB-GENE-060526-13,gene,si:ch211-114c12.5,4
2750,ENSEMBL:ENSGALG00000013207,gene,CTNNAL1,4
2751,WormBase:WBGene00001127,gene,dyf-11,4
2752,ZP:0100739,phenotype,"cardiac muscle cell decreased length, abnormal",8
2753,ENSEMBL:ENSBTAG00000045789,gene,TNNT2,4
2754,MP:0004231,phenotype,abnormal calcium ion homeostasis,8
2755,ZP:0104210,phenotype,"myelinating Schwann cell posterior lateral line decreased distribution, abnormal",8
2756,MP:0010819,phenotype,primary atelectasis,8
2757,HGNC:27503,gene,LINC01588,4
2758,NCBITaxon:13616,taxon,Monodelphis domestica,9
2759,MP:0008554,phenotype,decreased circulating tumor necrosis factor level,8
2760,ZP:0000725,phenotype,"posterior cardinal vein unlumenized, abnormal",8
2761,HP:0004429,phenotype,Recurrent viral infections,8
2762,RGD:631429,gene,Myod1,4
2763,ZP:0009592,phenotype,"neuromuscular synaptic transmission increased duration, abnormal",8
2764,MP:0004273,phenotype,abnormal basal lamina morphology,8
2765,EnsemblGenome:AT1G55350,gene,EnsemblGenome:AT1G55350,4
2766,MP:0009781,phenotype,abnormal preimplantation embryo development,8
2767,ENSEMBL:ENSCAFG00030010141,gene,ENSEMBL:ENSCAFG00030010141,4
2768,ZP:0102145,phenotype,"caveola notochord inner cell malformed, abnormal",8
2769,ENSEMBL:ENSGALG00000009670,gene,SGCE,4
2770,ZFIN:ZDB-GENE-980526-265,gene,myog,4
2771,ZP:0007519,phenotype,"eurydendroid cell cerebellum decreased amount, abnormal",8
2772,ClinVarVariant:526062,variant,NM_004006.2(DMD):c.1292G>A (p.Trp431Ter),10
2773,P63316,gene product,"Troponin C, slow skeletal and cardiac muscles",5
2774,FlyBase:FBgn0003510,gene,Sry-alpha,4
2775,MP:0008232,phenotype,abnormal cingulum morphology,8
2776,ClinVarVariant:803948,variant,NM_004006.3(DMD):c.453T>G (p.Tyr151Ter),10
2777,MP:0003827,phenotype,abnormal Wolffian duct morphology,8
2778,ZP:0003016,phenotype,"endocrine cell pancreas mislocalised, abnormal",8
2779,HP:0040194,phenotype,Increased head circumference,8
2780,MP:0020187,phenotype,abnormal susceptibility to prion infection,8
2781,dictyBase:DDB_G0292304,gene,mrkA,4
2782,HP:0003811,phenotype,Neonatal death,8
2783,dictyBase:DDB_G0269240,gene,racH,4
2784,MP:0003082,phenotype,abnormal gastrocnemius morphology,8
2785,ZP:0100422,phenotype,"pupil irregularly shaped, abnormal",8
2786,HGNC:685,gene,ARHGEF6,4
2787,ENSEMBL:ENSFCAG00000042196,gene,ENSEMBL:ENSFCAG00000042196,4
2788,ENSEMBL:ENSMODG00000008793,gene,ENSEMBL:ENSMODG00000008793,4
2789,ClinVarVariant:837336,variant,NM_004006.3(DMD):c.10797+2T>A,10
2790,ZP:0003153,phenotype,"somite border morphology, abnormal",8
2791,WBPhenotype:0001708,phenotype,protein export from nucleus defective,8
2792,RGD:620686,gene,Des,4
2793,ClinVarVariant:254069,variant,NM_004006.2(DMD):c.32-?_93+?dup62,10
2794,MP:0003731,phenotype,abnormal retinal outer nuclear layer morphology,8
2795,ZP:0137795,phenotype,"myotome structurally discontinuous, abnormal",8
2796,ZP:0000528,phenotype,"cardiac ventricle decreased size, abnormal",8
2797,ZP:0003267,phenotype,"muscle attachment process quality, abnormal",8
2798,ZP:0001443,phenotype,"pronephric duct dilated, abnormal",8
2799,ZP:0002174,phenotype,"cardiac ventricle non-functional, abnormal",8
2800,MP:0000440,phenotype,domed cranium,8
2801,ClinVarVariant:584202,variant,NC_000023.11:g.(?_31627653)_(31932247_?)del,10
2802,MP:0003051,phenotype,curly tail,8
2803,ZP:0014104,phenotype,"brain vasculature structure, abnormal",8
2804,ENSEMBL:ENSMODG00000012155,gene,ENSEMBL:ENSMODG00000012155,4
2805,WBPhenotype:0000060,phenotype,adult lethal,8
2806,ZP:0101690,phenotype,"caudal hypothalamic zone increased distribution, abnormal",8
2807,MP:0008489,phenotype,slow postnatal weight gain,8
2808,GO:0010881,molecular function,regulation of cardiac muscle contraction by regulation of the release of sequestered calcium ion,7
2809,MP:0001362,phenotype,abnormal anxiety-related response,8
2810,ClinVarVariant:662295,variant,NC_000023.10:g.(?_32715967)_(33146302_?)dup,10
2811,MP:0008560,phenotype,increased tumor necrosis factor secretion,8
2812,GO:0031527,molecular function,filopodium membrane,7
2813,ZFIN:ZDB-GENE-980526-137,gene,chrna1,4
2814,HGNC:6735,gene,LYN,4
2815,ENSEMBL:ENSGALG00000012256,gene,UTRN,4
2816,ZP:0000666,phenotype,"chondrocyte ceratohyal cartilage morphology, abnormal",8
2817,WormBase:WBGene00002225,gene,klp-15,4
2818,RGD:1310801,gene,Zgpat,4
2819,MP:0011144,phenotype,thin lung-associated mesenchyme,8
2820,ENSEMBL:ENSACAG00000011902,gene,ENSEMBL:ENSACAG00000011902,4
2821,PomBase:SPBC56F2.03,gene,arp10,4
2822,ClinVarVariant:417488,variant,NC_000023.11:g.(?_31968339)_(31968514_?)del,10
2823,MP:0012703,phenotype,decreased embryonic neuroepithelium thickness,8
2824,ZP:0008069,phenotype,"skeletal muscle cell retracted, abnormal",8
2825,RGD:2321596,gene,Rnf11l1,4
2826,HP:0001012,phenotype,Multiple lipomas,8
2827,OMIM:300377.0069,variant,"DMD, IVS70, G-T, +5",10
2828,WormBase:WBGene00019184,gene,H10E21.4,4
2829,ClinVarVariant:984460,variant,NC_000023.10:g.(32834758_32841411)_(33038318_33229398)del,10
2830,MP:0002333,phenotype,abnormal lung compliance,8
2831,ENSEMBL:ENSGALG00000006835,gene,ENSEMBL:ENSGALG00000006835,4
2832,HP:0030825,phenotype,Absent foveal reflex,8
2833,ENSEMBL:ENSBTAG00000002414,gene,ENSEMBL:ENSBTAG00000002414,4
2834,ENSEMBL:ENSFCAG00000014869,gene,ENSEMBL:ENSFCAG00000014869,4
2835,ENSEMBL:ENSMMUG00000006169,gene,ENSEMBL:ENSMMUG00000006169,4
2836,EFO:0004308,phenotype,leukocyte count,8
2837,MONARCH:APO_0000255APO_0000002,phenotype,cell cycle progression in G1 phase:abnormal,8
2838,ZP:0006703,phenotype,"retinal inner plexiform layer decreased thickness, abnormal",8
2839,MP:0001589,phenotype,abnormal mean corpuscular hemoglobin,8
2840,ClinVarVariant:984440,variant,NM_004006.3(DMD):c.3490A>T (p.Lys1164Ter),10
2841,HP:0001635,phenotype,Congestive heart failure,8
2842,ENSEMBL:ENSMODG00000016393,gene,ENSEMBL:ENSMODG00000016393,4
2843,ZP:0104209,phenotype,"posterior lateral line delayed myelination of posterior lateral line nerve axons, abnormal",8
2844,ENSEMBL:ENSBTAG00000046838,gene,A0A3Q1LWR2,4
2845,ENSEMBL:ENSACAG00000007566,gene,ENSEMBL:ENSACAG00000007566,4
2846,ZP:0008195,phenotype,"glomerular basement membrane disorganized, abnormal",8
2847,dictyBase:DDB_G0282291,gene,potA,4
2848,ENSEMBL:ENSSSCG00000006556,gene,TPM3,4
2849,ZP:0018735,phenotype,"endosome skeletal muscle cell increased amount, abnormal",8
2850,ENSEMBL:ENSACAG00000003864,gene,ENSEMBL:ENSACAG00000003864,4
2851,ZFIN:ZDB-GENE-040718-80,gene,tnni2a.3,4
2852,ENSEMBL:ENSGALG00000008148,gene,A0A1D5PKM9,4
2853,MP:0005176,phenotype,eyelids fail to open,8
2854,MP:0011348,phenotype,abnormal renal glomerulus basement membrane morphology,8
2855,ENSEMBL:ENSPTRG00000003869,gene,ENSEMBL:ENSPTRG00000003869,4
2856,ZP:0017550,phenotype,"caudal vein plexus process quality sprouting angiogenesis, abnormal",8
2857,MP:0001515,phenotype,abnormal grip strength,8
2858,WBPhenotype:0001495,phenotype,cell division precocious,8
2859,ENSEMBL:ENSMMUG00000010484,gene,ENSEMBL:ENSMMUG00000010484,4
2860,MP:0001883,phenotype,increased mammary adenocarcinoma incidence,8
2861,Xenbase:XB-GENE-854103,gene,satb1,4
2862,RGD:1311596,gene,Mybpc2,4
2863,ClinVarVariant:217196,variant,NM_004006.2(DMD):c.358-2A>G,10
2864,ENSEMBL:ENSCAFG00000020267,gene,TERF2,4
2865,MGI:1352490,gene,Capn11,4
2866,ClinVarVariant:844999,variant,NM_004006.3(DMD):c.650-1G>A,10
2867,ZFIN:ZDB-GENE-060526-267,gene,git2a,4
2868,ENSEMBL:ENSGALG00000009382,gene,ENSEMBL:ENSGALG00000009382,4
2869,EFO:0004570,phenotype,bilirubin measurement,8
2870,MP:0000830,phenotype,abnormal diencephalon morphology,8
2871,ENSEMBL:ENSMMUG00000060439,gene,ENSEMBL:ENSMMUG00000060439,4
2872,HP:0007350,phenotype,Hyperreflexia in upper limbs,8
2873,MP:0030258,phenotype,small mandibular condyloid process,8
2874,ZP:0000306,phenotype,"whole organism dead, abnormal",8
2875,ZP:0102147,phenotype,"notochord inner cell has fewer parts of type plasma membrane caveola notochord inner cell, abnormal",8
2876,ZP:0001640,phenotype,"cell notochord structure, abnormal",8
2877,MP:0003886,phenotype,abnormal embryonic epiblast morphology,8
2878,ZP:0102118,phenotype,"notochord outer sheath cell displaced to central region notochord, abnormal",8
2879,MP:0002020,phenotype,increased tumor incidence,8
2880,Xenbase:XB-GENE-953967,gene,agrn,4
2881,MGI:1194513,gene,Psmb5,4
2882,HP:0002495,phenotype,Impaired vibratory sensation,8
2883,WBPhenotype:0000565,phenotype,coiler,8
2884,WBPhenotype:0000962,phenotype,level of transgene expression variant,8
2885,ZP:0003283,phenotype,"horizontal myoseptum aplastic, abnormal",8
2886,ClinVarVariant:625644,variant,GRCh37/hg19 Xp21.1(chrX:32235149-32459424),10
2887,ENSEMBL:ENSACAG00000010234,gene,ENSEMBL:ENSACAG00000010234,4
2888,MP:0001716,phenotype,abnormal placenta labyrinth morphology,8
2889,ZP:0006415,phenotype,"myoblast fusion decreased occurrence, abnormal",8
2890,ZP:0004377,phenotype,"muscle fiber development disrupted, abnormal",8
2891,HP:0002650,phenotype,Scoliosis,8
2892,ENSEMBL:ENSCAFG00000023592,gene,SLC8A1,4
2893,3256,drug,furtrethonium,3
2894,HP:0001763,phenotype,Pes planus,8
2895,MP:0011108,phenotype,"embryonic lethality during organogenesis, incomplete penetrance",8
2896,ENSEMBL:ENSBTAG00000017473,gene,LAMC3,4
2897,ZP:0000921,phenotype,"ceratohyal cartilage morphology, abnormal",8
2898,ZP:0019910,phenotype,"ovulation process quality, abnormal",8
2899,GO:0048747,molecular function,muscle fiber development,7
2900,ZP:0137787,phenotype,"connective tissue cell myotome increased amount, abnormal",8
2901,ENSEMBL:ENSECAG00000005145,gene,ENSEMBL:ENSECAG00000005145,4
2902,RGD:1306638,gene,Sgcd,4
2903,ENSEMBL:ENSMMUG00000007878,gene,ENSEMBL:ENSMMUG00000007878,4
2904,ZP:0100473,phenotype,"filopodium intersegmental vessel decreased amount, abnormal",8
2905,FBcv:0000425,phenotype,increased cell death,8
2906,987,drug,edetic acid,3
2907,ZP:0013553,phenotype,"gonad development process quality, abnormal",8
2908,HGNC:9688,gene,CAVIN1,4
2909,WBPhenotype:0000675,phenotype,zygotic lethal,8
2910,ENSEMBL:ENSOANG00000009183,gene,ENSEMBL:ENSOANG00000009183,4
2911,ZP:0018619,phenotype,"microglial cell increased frequency phagocytosis, abnormal",8
2912,ENSEMBL:ENSPTRG00000052804,gene,ENSEMBL:ENSPTRG00000052804,4
2913,dictyBase:DDB_G0269558,gene,DDB0190356,4
2914,ZP:0100736,phenotype,"sarcomere cardiac muscle cell disassembled, abnormal",8
2915,ENSEMBL:ENSPTRG00000015787,gene,ENSEMBL:ENSPTRG00000015787,4
2916,ClinVarVariant:455834,variant,NC_000023.11:g.(?_32411732)_(32614473_?)del,10
2917,MP:0009791,phenotype,increased susceptibility to viral infection induced morbidity/mortality,8
2918,MONARCH:APO_0000255APO_0000247,phenotype,cell cycle progression in G1 phase:decreased duration,8
2919,ENSEMBL:ENSMMUG00000003124,gene,ENSEMBL:ENSMMUG00000003124,4
2920,MP:0001849,phenotype,ear inflammation,8
2921,HP:0000717,phenotype,Autism,8
2922,ENSEMBL:ENSGALG00000013684,gene,SGCZ,4
2923,374,drug,biperiden,3
2924,ENSEMBL:ENSSSCG00000031172,gene,ENSEMBL:ENSSSCG00000031172,4
2925,MP:0005575,phenotype,increased pulmonary ventilation,8
2926,ZP:0005007,phenotype,"posterior lateral line neuromast hair cell development process quality, abnormal",8
2927,MP:0004876,phenotype,decreased mean systemic arterial blood pressure,8
2928,RGD:1566072,gene,Dock1,4
2929,ZP:0003013,phenotype,"vacuole notochord decreased size, abnormal",8
2930,HP:0011705,phenotype,First degree atrioventricular block,8
2931,ClinVarVariant:94584,variant,NM_004006.2(DMD):c.3295C>T (p.Gln1099Ter),10
2932,MP:0009254,phenotype,disorganized pancreatic islets,8
2933,ZP:0005655,phenotype,"heart contraction asynchronous, abnormal",8
2934,ClinVarVariant:803932,variant,NM_004006.3(DMD):c.1150-2A>T,10
2935,HP:0000997,phenotype,Axillary freckling,8
2936,MESH:D002185,drug,Cannabidiol,3
2937,494,drug,pentoxyverine,3
2938,ZP:0103653,phenotype,"striated muscle thin filament slow muscle cell decreased length, abnormal",8
2939,681,drug,clioquinol,3
2940,ZP:0000415,phenotype,"lens development in camera-type eye disrupted, abnormal",8
2941,Q08828,gene product,Adenylate cyclase type 1,5
2942,ZP:0019939,phenotype,"hindbrain increased distribution, abnormal",8
2943,WBPhenotype:0001700,phenotype,swimming variant,8
2944,ZP:0106968,phenotype,"neuron projection CaP motoneuron increased length, abnormal",8
2945,WormBase:WBGene00006974,gene,zen-4,4
2946,ENSEMBL:ENSMODG00000025574,gene,ENSEMBL:ENSMODG00000025574,4
2947,ENSEMBL:ENSECAG00000020220,gene,ENSEMBL:ENSECAG00000020220,4
2948,MGI:6438180,genotype,Dmd<em4Eno> [C57BL/6-Dmd<em4Eno>],6
2949,ZP:0002984,phenotype,"lateral mesoderm morphogenesis decreased process quality, abnormal",8
2950,HP:0006690,phenotype,Myocardial calcification,8
2951,ZFIN:ZDB-GENE-990415-46,gene,nup93,4
2952,ZP:0137235,phenotype,"caudal vein plexus decreased distribution, abnormal",8
2953,ENSEMBL:ENSFCAG00000040625,gene,ENSEMBL:ENSFCAG00000040625,4
2954,WBPhenotype:0001567,phenotype,nuclei enlarged,8
2955,ZFIN:ZDB-GENE-101013-2,gene,arhgef6,4
2956,ENSEMBL:ENSBTAG00000039684,gene,CAVIN1,4
2957,MP:0020409,phenotype,abnormal cardiac thrombosis,8
2958,ClinVarVariant:526066,variant,NM_004006.2(DMD):c.1366A>T (p.Lys456Ter),10
2959,ClinVarVariant:584270,variant,NC_000023.10:g.(?_31224679)_(31382270_?)dup,10
2960,ClinVarVariant:11230,variant,NM_000109.4(DMD):c.479C>A (p.Ala160Asp),10
2961,MGI:99916,gene,Lamb2,4
2962,ClinVarVariant:570910,variant,NM_004006.2(DMD):c.5026-2A>G,10
2963,ZP:0007281,phenotype,"cranial vasculature immature, abnormal",8
2964,ENSEMBL:ENSBTAG00000003956,gene,SGCA,4
2965,MP:0004754,phenotype,abnormal kidney collecting duct morphology,8
2966,HP:0003042,phenotype,Elbow dislocation,8
2967,ZFIN:ZDB-GENE-041014-154,gene,si:dkey-206f10.1,4
2968,RGD:1594202,gene,Sgcb,4
2969,ClinVarVariant:833017,variant,NC_000023.11:g.(?_31657980)_(31729758_?)del,10
2970,EFO:0009749,phenotype,age at first sexual intercourse measurement,8
2971,ClinVarVariant:831003,variant,NC_000023.11:g.(?_32816458)_(32823850_?)del,10
2972,MP:0020439,phenotype,absent b-wave,8
2973,ENSEMBL:ENSPTRG00000021235,gene,ENSEMBL:ENSPTRG00000021235,4
2974,MP:0011466,phenotype,increased urine urea nitrogen level,8
2975,ENSEMBL:ENSOANG00000009533,gene,ENSEMBL:ENSOANG00000009533,4
2976,MONARCH:APO_0000090APO_0000003,phenotype,metal resistance:decreased,8
2977,ClinVarVariant:650182,variant,NC_000023.11:g.(?_31609621)_(32501852_?)del,10
2978,ClinVarVariant:981955,variant,NC_000023.11:g.(31729749_31773959)_(31968515_32216915)del,10
2979,MP:0020333,phenotype,enhanced leukocyte tethering or rolling,8
2980,ENSEMBL:ENSMODG00000017016,gene,ENSEMBL:ENSMODG00000017016,4
2981,FlyBase:FBgn0038788,gene,Sirt2,4
2982,HP:0100522,phenotype,Thymoma,8
2983,ZP:0017759,phenotype,"optic tectum decreased width, abnormal",8
2984,MP:0008097,phenotype,increased plasma cell number,8
2985,784,drug,darifenacin,3
2986,Coriell:GM03604,biological artifact,NIGMS-GM03604,0
2987,MP:0020416,phenotype,decreased fibroblast chemotaxis,8
2988,MP:0006108,phenotype,abnormal hindbrain development,8
2989,ZP:0014338,phenotype,"sarcomere slow muscle cell absent, abnormal",8
2990,ClinVarVariant:982037,variant,NM_004006.3(DMD):c.3982C>T (p.Gln1328Ter),10
2991,OMIM:300377.0074,variant,"DMD, GLU1211TER, 3839G-T",10
2992,ENSEMBL:ENSGALG00000015248,gene,ENSEMBL:ENSGALG00000015248,4
2993,WBPhenotype:0002319,phenotype,roaming increased,8
2994,dbSNPIndividual:11326,genotype,46;X;t(X;21)(Xqter>Xp21::21p12>21pter; 21qter>21p12::Xp21>Xpter) [GM10062],6
2995,Xenbase:XB-GENE-1014775,gene,cul4a,4
2996,FlyBase:FBgn0040206,gene,krz,4
2997,MP:0002834,phenotype,decreased heart weight,8
2998,MP:0004996,phenotype,abnormal CNS synapse formation,8
2999,HP:0030039,phenotype,Fused thoracic vertebrae,8
3000,ZP:0104768,phenotype,"serotonin hindbrain increased amount, abnormal",8
3001,MP:0006254,phenotype,thin cerebral cortex,8
3002,ENSEMBL:ENSMMUG00000005424,gene,ENSEMBL:ENSMMUG00000005424,4
3003,ENSEMBL:ENSACAG00000009583,gene,ENSEMBL:ENSACAG00000009583,4
3004,MP:0002177,phenotype,abnormal outer ear morphology,8
3005,ZP:0011195,phenotype,"lens disrupted collagen fibril organization, abnormal",8
3006,WBPhenotype:0001102,phenotype,mitotic spindle defective early emb,8
3007,MP:0010098,phenotype,abnormal retinal blood vessel pattern,8
3008,MP:0003862,phenotype,decreased aggression towards males,8
3009,ZP:0018435,phenotype,"photoreceptor inner segment photoreceptor cell absent, abnormal",8
3010,ENSEMBL:ENSBTAG00000021916,gene,ENSEMBL:ENSBTAG00000021916,4
3011,ClinVarVariant:584162,variant,NC_000023.11:g.(?_32438221)_(32699313_?)del,10
3012,FlyBase:CG44159,gene,FlyBase:CG44159,4
3013,ENSEMBL:ENSXETG00000039206,gene,gja7,4
3014,HP:0002974,phenotype,Radioulnar synostosis,8
3015,ZP:0002178,phenotype,"atrial myocardium contractility, abnormal",8
3016,MP:0001052,phenotype,abnormal innervation pattern to muscle,8
3017,MP:0008854,phenotype,bleb,8
3018,MP:0008699,phenotype,increased interleukin-4 secretion,8
3019,NCBIGene:100495980,gene,LOC100495980,4
3020,MP:0001719,phenotype,absent vitelline blood vessels,8
3021,ZP:0104691,phenotype,"metencephalic artery absent, abnormal",8
3022,ENSEMBL:ENSFCAG00000007147,gene,ENSEMBL:ENSFCAG00000007147,4
3023,ZP:0000865,phenotype,"nucleate erythrocyte spherical, abnormal",8
3024,2776,drug,trospium,3
3025,5341,drug,quizartinib,3
3026,Xenbase:XB-GENE-961764,gene,pak3,4
3027,ZP:0002941,phenotype,"camera-type eye morphogenesis process quality, abnormal",8
3028,WormBase:WBGene00003369,gene,mlc-1,4
3029,MGI:1313259,gene,Slfn1,4
3030,HP:0045005,phenotype,Neural tube defect,8
3031,ClinVarVariant:838351,variant,NM_004006.3(DMD):c.8821G>T (p.Glu2941Ter),10
3032,Coriell:GM23096,biological artifact,NIGMS-GM23096,0
3033,MP:0008025,phenotype,brain vacuoles,8
3034,MP:0004251,phenotype,failure of heart looping,8
3035,MP:0009926,phenotype,decreased transitional stage T2 B cell number,8
3036,MP:0001256,phenotype,abnormal body length,8
3037,MP:0001906,phenotype,increased dopamine level,8
3038,ENSEMBL:ENSGALG00000004740,gene,ENSEMBL:ENSGALG00000004740,4
3039,dictyBase:DDB_G0268258,gene,kif12,4
3040,ClinVarVariant:455849,variant,NC_000023.11:g.(?_33211262)_(33211366_?)del,10
3041,MP:0013189,phenotype,abnormal exploration in a new environment,8
3042,HP:0002365,phenotype,Hypoplasia of the brainstem,8
3043,MP:0003721,phenotype,increased tumor growth/size,8
3044,ZFIN:ZDB-GENE-030131-1028,gene,sirt2,4
3045,ClinVarVariant:803905,variant,NM_004006.3(DMD):c.2694dup (p.Glu899fs),10
3046,HP:0000543,phenotype,Optic disc pallor,8
3047,MP:0000377,phenotype,abnormal hair follicle morphology,8
3048,ZFIN:ZDB-GENE-070822-12,gene,smyhc2,4
3049,ENSEMBL:ENSSSCG00000011201,gene,SATB1,4
3050,ClinVarVariant:499188,variant,NM_004006.2(DMD):c.4591C>T (p.Gln1531Ter),10
3051,ENSEMBL:ENSACAG00000002512,gene,ENSEMBL:ENSACAG00000002512,4
3052,ENSEMBL:ENSPTRG00000030540,gene,ENSEMBL:ENSPTRG00000030540,4
3053,HP:0002342,phenotype,"Intellectual disability, moderate",8
3054,ZP:0001486,phenotype,"skeletal muscle satellite cell proliferation increased occurrence, abnormal",8
3055,ZP:0000675,phenotype,"heart morphogenesis decreased process quality, abnormal",8
3056,HGNC:6484,gene,LAMA4,4
3057,WormBase:WBGene00012437,gene,nmy-3,4
3058,ZP:0019130,phenotype,"pronephros decreased process quality cilium assembly, abnormal",8
3059,MGI:97769,gene,Prnp,4
3060,ENSEMBL:ENSECAG00000023813,gene,ENSEMBL:ENSECAG00000023813,4
3061,ZP:0020574,phenotype,"CaP motoneuron decreased occurrence synaptic vesicle exocytosis, abnormal",8
3062,ZFIN:ZDB-GENE-030131-7105,gene,satb1b,4
3063,ZP:0006768,phenotype,"splanchnocranium malformed, abnormal",8
3064,MGI:1856331,variant,Dmd<mdx-4Cv>,10
3065,ZP:0018892,phenotype,"muscle pioneer increased distribution, abnormal",8
3066,MP:0000596,phenotype,abnormal liver development,8
3067,ZP:0002957,phenotype,"muscle tendon junction myotome disorganized, abnormal",8
3068,ZP:0006775,phenotype,"splanchnocranium structure, abnormal",8
3069,ZP:0003074,phenotype,"cardiac muscle cell decreased contractility, abnormal",8
3070,EFO:0010972,phenotype,blood phosphate measurement,8
3071,MP:0010922,phenotype,alveolitis,8
3072,ClinVarVariant:803962,variant,NM_004006.3(DMD):c.31+1del,10
3073,ENSEMBL:ENSRNOG00000057569,gene,ENSEMBL:ENSRNOG00000057569,4
3074,ZP:0138008,phenotype,"cell posterior lateral plate mesoderm decreased adhesivity, abnormal",8
3075,WBPhenotype:0001792,phenotype,nuclei small,8
3076,ZP:0003360,phenotype,"caveola notochord decreased amount, abnormal",8
3077,ClinVarVariant:11256,variant,NM_000109.4(DMD):c.4189C>T (p.Gln1397Ter),10
3078,ZP:0010940,phenotype,"vascular endothelium increased size, abnormal",8
3079,MP:0001361,phenotype,social withdrawal,8
3080,HP:0002884,phenotype,Hepatoblastoma,8
3081,WBPhenotype:0000574,phenotype,excretory canal short,8
3082,ENSEMBL:ENSECAG00000009238,gene,ENSEMBL:ENSECAG00000009238,4
3083,RGD:1306311,gene,Lamb1,4
3084,ENSEMBL:ENSFCAG00000015132,gene,ENSEMBL:ENSFCAG00000015132,4
3085,MP:0008260,phenotype,abnormal autophagy,8
3086,HP:0002442,phenotype,Dyscalculia,8
3087,MGI:1344392,gene,Capn10,4
3088,ZP:0018621,phenotype,"ventral wall of dorsal aorta increased amount, abnormal",8
3089,HP:0040238,phenotype,Impaired neutrophil chemotaxis,8
3090,MONARCH:APO_0000266APO_0000250,phenotype,cell cycle progression in S phase:arrested,8
3091,MP:0001404,phenotype,no spontaneous movement,8
3092,ZP:0021040,phenotype,"endocardium increased occurrence cell population proliferation, abnormal",8
3093,WBPhenotype:0001289,phenotype,acetylcholinesterase inhibitor resistant,8
3094,HP:0000548,phenotype,Cone/cone-rod dystrophy,8
3095,ENSEMBL:ENSPTRG00000052824,gene,ENSEMBL:ENSPTRG00000052824,4
3096,ENSEMBL:ENSCAFG00000001106,gene,LAMA2,4
3097,EFO:0005090,phenotype,basophil count,8
3098,HP:0004328,phenotype,Abnormal anterior eye segment morphology,8
3099,ENSEMBL:ENSCAFG00000006116,gene,ARHGEF7,4
3100,ENSEMBL:ENSECAG00000019706,gene,ENSEMBL:ENSECAG00000019706,4
3101,MP:0006335,phenotype,abnormal hearing electrophysiology,8
3102,MP:0005465,phenotype,abnormal T-helper 1 physiology,8
3103,HP:0000657,phenotype,Oculomotor apraxia,8
3104,MGI:1921269,gene,Traf3ip1,4
3105,763,drug,cycrimine,3
3106,MGI:97268,gene,Myl3,4
3107,ENSEMBL:ENSCAFG00000017592,gene,SGCD,4
3108,ZFIN:ZDB-GENE-041014-342,gene,trim54,4
3109,ClinVarVariant:831464,variant,NC_000023.11:g.(?_31609621)_(31836829_?)del,10
3110,HP:0001310,phenotype,Dysmetria,8
3111,MONARCH:APO_0000149APO_0000003,phenotype,protein/peptide accumulation:decreased,8
3112,ZFIN:ZDB-GENE-040801-9,gene,tnni2b.2,4
3113,MP:0003693,phenotype,abnormal blastocyst hatching,8
3114,EFO:0004762,phenotype,vascular endothelial growth factor measurement,8
3115,MP:0008392,phenotype,decreased primordial germ cell number,8
3116,ZP:0008790,phenotype,"filopodium intersegmental vessel decreased length, abnormal",8
3117,1982,drug,olanzapine,3
3118,ZP:0100535,phenotype,"motor neuron facial nerve motor nucleus increased amount, abnormal",8
3119,ENSEMBL:ENSPTRG00000008276,gene,ENSEMBL:ENSPTRG00000008276,4
3120,ZP:0102110,phenotype,"notochord increased fragility, abnormal",8
3121,FBcv:0000720,phenotype,abnormal jump response,8
3122,ClinVarVariant:832679,variant,NC_000023.11:g.(?_32216906)_(32699303_?)del,10
3123,RGD:70907,gene,Actn1,4
3124,MP:0031131,phenotype,myocardial fiber disarray,8
3125,ENSEMBL:ENSOANG00000013754,gene,ENSEMBL:ENSOANG00000013754,4
3126,ENSEMBL:ENSPTRG00000019587,gene,ENSEMBL:ENSPTRG00000019587,4
3127,ZP:0009302,phenotype,"whole organism lacks parts or has fewer parts of type trigeminal motor nucleus, abnormal",8
3128,ClinVarVariant:832662,variant,NC_000023.11:g.(?_32380500)_(32699303_?)del,10
3129,GO:0014819,molecular function,regulation of skeletal muscle contraction,7
3130,ZP:0019897,phenotype,"presumptive neural retina flattened, abnormal",8
3131,ENSEMBL:ENSBTAG00000013239,gene,ENSEMBL:ENSBTAG00000013239,4
3132,MGI:97805,gene,Ptpn1,4
3133,ENSEMBL:ENSMMUG00000013768,gene,ENSEMBL:ENSMMUG00000013768,4
3134,RGD:1359674,gene,Arhgef6,4
3135,ClinVarVariant:654104,variant,NC_000023.11:g.(?_31729621)_(31729758_?)del,10
3136,ENSEMBL:ENSOANG00000043940,gene,ENSEMBL:ENSOANG00000043940,4
3137,HP:0005978,phenotype,Type II diabetes mellitus,8
3138,WBPhenotype:0000593,phenotype,copper hypersensitive,8
3139,ZP:0009296,phenotype,"telencephalic white matter lacks parts or has fewer parts of type anterior commissure, abnormal",8
3140,242,drug,aripiprazole,3
3141,Coriell:GM05113,biological artifact,NIGMS-GM05113,0
3142,ClinVarVariant:803807,variant,NM_004006.3(DMD):c.9185_9186AG[2] (p.Arg3063fs),10
3143,MGI:88039,gene,Apc,4
3144,ClinVarVariant:649084,variant,NC_000023.10:g.(?_32536115)_(32536267_?)dup,10
3145,ZP:0000758,phenotype,"hematopoietic multipotent progenitor cell decreased amount, abnormal",8
3146,ZP:0001137,phenotype,"somite decreased amount, abnormal",8
3147,ENSEMBL:ENSCAFG00000012249,gene,ADCY1,4
3148,MP:0011963,phenotype,abnormal total retina thickness,8
3149,ZP:0007173,phenotype,"sarcomere slow muscle cell decreased amount, abnormal",8
3150,WBPhenotype:0001687,phenotype,surface antigenicity variant,8
3151,2457,drug,solifenacin,3
3152,MP:0003957,phenotype,abnormal nitric oxide homeostasis,8
3153,ENSEMBL:ENSMODG00000010667,gene,ENSEMBL:ENSMODG00000010667,4
3154,HP:0100578,phenotype,Lipoatrophy,8
3155,HP:0012100,phenotype,Abnormal circulating creatinine concentration,8
3156,WormBase:WBGene00003600,gene,nhr-1,4
3157,MP:0008019,phenotype,increased liver tumor incidence,8
3158,ZP:0000247,phenotype,"actin filament fast muscle cell distributed, abnormal",8
3159,ENSEMBL:ENSCAFG00000000251,gene,ENSEMBL:ENSCAFG00000000251,4
3160,ClinVarVariant:643482,variant,NM_000109.4(DMD):c.4586dup (p.Asn1529fs),10
3161,dictyBase:DDB_G0288817,gene,osbK,4
3162,ZP:0006622,phenotype,"whole organism semi-viable, abnormal",8
3163,ENSEMBL:ENSECAG00000011792,gene,ENSEMBL:ENSECAG00000011792,4
3164,ENSEMBL:ENSACAG00000003763,gene,ENSEMBL:ENSACAG00000003763,4
3165,ClinVarVariant:803825,variant,NM_004006.3(DMD):c.8326del (p.Gln2776fs),10
3166,ClinVarVariant:803921,variant,NM_004006.3(DMD):c.2064dup (p.Thr689fs),10
3167,HP:0002376,phenotype,Developmental regression,8
3168,ENSEMBL:ENSOANG00000036553,gene,ENSEMBL:ENSOANG00000036553,4
3169,HGNC:11948,gene,TNNT1,4
3170,WBPhenotype:0002288,phenotype,tail bend angle variant,8
3171,ENSEMBL:ENSMODG00000008369,gene,ENSEMBL:ENSMODG00000008369,4
3172,MP:0008789,phenotype,abnormal olfactory epithelium morphology,8
3173,MP:0003083,phenotype,abnormal tibialis anterior morphology,8
3174,ENSEMBL:ENSECAG00000003398,gene,ENSEMBL:ENSECAG00000003398,4
3175,WormBase:WBGene00003630,gene,nhr-40,4
3176,MP:0000759,phenotype,abnormal skeletal muscle morphology,8
3177,WBPhenotype:0000793,phenotype,posterior body morphology variant,8
3178,ZP:0000701,phenotype,"regulation of cardiac muscle contraction disrupted, abnormal",8
3179,MP:0000706,phenotype,small thymus,8
3180,WBPhenotype:0001468,phenotype,benzaldehyde chemotaxis variant,8
3181,ENSEMBL:ENSPTRG00000015345,gene,ENSEMBL:ENSPTRG00000015345,4
3182,ENSEMBL:ENSMMUG00000020418,gene,ENSEMBL:ENSMMUG00000020418,4
3183,ENSEMBL:ENSGALG00000007247,gene,TGFB1I1,4
3184,HP:0008180,phenotype,Mildly elevated creatine kinase,8
3185,ZP:0003210,phenotype,"whole organism decreased mobility, abnormal",8
3186,ZP:0000450,phenotype,"blood circulation arrested, abnormal",8
3187,HP:0004447,phenotype,Poikilocytosis,8
3188,MGI:1339975,gene,Pak1,4
3189,MONARCH:APO_0000129APO_0000002,phenotype,protein transport:abnormal,8
3190,MP:0011952,phenotype,decreased cardiac stroke volume,8
3191,ENSEMBL:ENSCAFG00000009066,gene,ENSEMBL:ENSCAFG00000009066,4
3192,APO:0000152,phenotype,haploinsufficient,8
3193,HP:0011459,phenotype,Esophageal carcinoma,8
3194,ENSEMBL:ENSBTAG00000022699,gene,ENSEMBL:ENSBTAG00000022699,4
3195,2599,drug,terconazole,3
3196,ENSEMBL:ENSACAG00000017939,gene,ENSEMBL:ENSACAG00000017939,4
3197,ClinVarVariant:830818,variant,NC_000023.11:g.(?_31260945)_(31261664_?)del,10
3198,ENSEMBL:ENSECAG00000004908,gene,ENSEMBL:ENSECAG00000004908,4
3199,ZP:0000505,phenotype,"retinal cone cell decreased amount, abnormal",8
3200,ENSEMBL:ENSPTRG00000010936,gene,ENSEMBL:ENSPTRG00000010936,4
3201,Q13153,gene product,Serine/threonine-protein kinase PAK 1,5
3202,FlyBase:FBgn0000045,gene,Act79B,4
3203,MONARCH:APO_0000123APO_0000003,phenotype,recovery from pheromone-induced cell cycle arrest:decreased,8
3204,ZP:0006359,phenotype,"brain decreased volume, abnormal",8
3205,ZFIN:ZDB-GENE-070424-83,gene,zgc:162184,4
3206,ENSEMBL:ENSSSCG00000033760,gene,LTBP4,4
3207,dbSNP:rs6788567,variant,rs6788567-?,10
3208,ClinVarVariant:11288,variant,NM_004006.2(DMD):c.8713C>T (p.Arg2905Ter),10
3209,MP:0010123,phenotype,increased bone mineral content,8
3210,MP:0009357,phenotype,abnormal seizure response to inducing agent,8
3211,ClinVarVariant:217180,variant,NM_004006.2(DMD):c.1663C>T (p.Gln555Ter),10
3212,Xenbase:XB-GENE-486401,gene,mybpc1,4
3213,ENSEMBL:ENSSSCG00000011325,gene,MYL3,4
3214,ENSEMBL:ENSSSCG00000006250,gene,LYN,4
3215,ZP:0003148,phenotype,"axon cranial nerve V decreased length, abnormal",8
3216,ENSEMBL:ENSRNOG00000055371,gene,ENSEMBL:ENSRNOG00000055371,4
3217,ClinVarVariant:984681,variant,NM_004006.3(DMD):c.7768G>T (p.Glu2590Ter),10
3218,ZP:0003014,phenotype,"vacuole notochord decreased amount, abnormal",8
3219,MP:0004338,phenotype,small clavicle,8
3220,ZP:0005836,phenotype,"motile cilium Kupffer's vesicle decreased length, abnormal",8
3221,PomBase:SPAC4A8.13c,gene,pts1,4
3222,HP:0005214,phenotype,Intestinal obstruction,8
3223,HP:0002073,phenotype,Progressive cerebellar ataxia,8
3224,5260,drug,acalabrutinib,3
3225,HP:0001407,phenotype,Hepatic cysts,8
3226,HP:0000969,phenotype,Edema,8
3227,MP:0004298,phenotype,vestibular ganglion degeneration,8
3228,MP:0008853,phenotype,decreased abdominal adipose tissue amount,8
3229,ClinVarVariant:803900,variant,NM_004006.3(DMD):c.2960del (p.Ser987fs),10
3230,MP:0001396,phenotype,unidirectional circling,8
3231,WormBase:WBGene00008832,gene,obr-2,4
3232,ClinVarVariant:217213,variant,NM_004006.2(DMD):c.8038C>T (p.Arg2680Ter),10
3233,ClinVarVariant:952118,variant,NM_004006.3(DMD):c.5452G>T (p.Glu1818Ter),10
3234,ENSEMBL:ENSFCAG00000003185,gene,ENSEMBL:ENSFCAG00000003185,4
3235,ClinVarVariant:832306,variant,NC_000023.11:g.(?_31729621)_(31729758_?)dup,10
3236,ZP:0015978,phenotype,"central artery absent, abnormal",8
3237,ENSEMBL:ENSGALG00000002447,gene,ENSEMBL:ENSGALG00000002447,4
3238,MP:0000602,phenotype,dilated liver sinusoidal spaces,8
3239,WBPhenotype:0000942,phenotype,accessory cell development variant,8
3240,MGI:102844,gene,Mybpc3,4
3241,MP:0003178,phenotype,left pulmonary isomerism,8
3242,ClinVarVariant:832063,variant,NC_000023.11:g.(?_31879410)_(31932237_?)del,10
3243,MGI:2429942,variant,Dmd<tm1Mok>,10
3244,EFO:0004518,phenotype,creatinine measurement,8
3245,ClinVarVariant:658453,variant,NC_000023.10:g.(?_32235013)_(32519979_?)dup,10
3246,WBPhenotype:0002328,phenotype,amplitude of sinusoidal movement increased,8
3247,260,drug,atropine,3
3248,WormBase:WBGene00006585,gene,tni-3,4
3249,WBPhenotype:0000578,phenotype,body axis development variant,8
3250,ZP:0017687,phenotype,"heart decreased process quality cell population proliferation, abnormal",8
3251,ClinVarVariant:831345,variant,NC_000023.11:g.(?_32697860)_(32849830_?)del,10
3252,MP:0000880,phenotype,decreased Purkinje cell number,8
3253,FlyBase:FBgn0035101,gene,p130CAS,4
3254,ZP:0000455,phenotype,"intersegmental vessel aplastic, abnormal",8
3255,RGD:2269,gene,Capn3,4
3256,FlyBase:FBgn0004657,gene,mys,4
3257,ENSEMBL:ENSMMUG00000006400,gene,ENSEMBL:ENSMMUG00000006400,4
3258,ENSEMBL:ENSMODG00000009907,gene,ENSEMBL:ENSMODG00000009907,4
3259,ClinVarVariant:803914,variant,NM_004006.3(DMD):c.2442del (p.Glu814fs),10
3260,ClinVarVariant:661740,variant,NC_000023.11:g.(?_32287519)_(32310286_?)del,10
3261,HP:0003306,phenotype,Spinal rigidity,8
3262,ZP:0007170,phenotype,"striated muscle thin filament slow muscle cell disorganized, abnormal",8
3263,HP:0000666,phenotype,Horizontal nystagmus,8
3264,ENSEMBL:ENSECAG00000006772,gene,ENSEMBL:ENSECAG00000006772,4
3265,ZP:0000011,phenotype,"somite quality, abnormal",8
3266,MP:0011709,phenotype,increased fibroblast cell migration,8
3267,1209,drug,fluoxetine,3
3268,ENSEMBL:ENSFCAG00000001203,gene,ENSEMBL:ENSFCAG00000001203,4
3269,ENSEMBL:ENSSSCG00000014207,gene,APC,4
3270,ZFIN:ZDB-GENE-050522-279,gene,capn8,4
3271,MGI:99923,gene,Kcnma1,4
3272,ZFIN:ZDB-GENE-051227-1,gene,cacna1sb,4
3273,WBPhenotype:0001147,phenotype,polar body defective early emb,8
3274,ENSEMBL:ENSFCAG00000009848,gene,ENSEMBL:ENSFCAG00000009848,4
3275,MP:0002594,phenotype,low mean erythrocyte cell number,8
3276,ENSEMBL:ENSFCAG00000031486,gene,ENSEMBL:ENSFCAG00000031486,4
3277,HP:0000772,phenotype,Abnormality of the ribs,8
3278,ClinVarVariant:644710,variant,NM_000109.4(DMD):c.7+127975del,10
3279,MP:0009931,phenotype,abnormal skin appearance,8
3280,ENSEMBL:ENSPTRG00000006092,gene,ENSEMBL:ENSPTRG00000006092,4
3281,Xenbase:XB-GENE-990299,gene,terf2,4
3282,HP:0006722,phenotype,Small intestine carcinoid,8
3283,ZP:0001255,phenotype,"post-vent region curved dorsal, abnormal",8
3284,MP:0011826,phenotype,abnormal lymphocyte chemotaxis,8
3285,MGI:1857113,variant,Prkdc<scid>,10
3286,HP:0009592,phenotype,Astrocytoma,8
3287,MP:0001413,phenotype,abnormal response to new environment,8
3288,MP:0004203,phenotype,abnormal cranial flexure morphology,8
3289,ZP:0137873,phenotype,"cell body Muller cell position, abnormal",8
3290,MGI:2148589,variant,Utrn<tm1Ked>,10
3291,MONARCH:APO_0000028APO_0000005,phenotype,invasive growth:absent,8
3292,MGI:99914,gene,Lamc1,4
3293,ENSEMBL:ENSGALG00000010539,gene,RNF11,4
3294,HP:0011885,phenotype,Hemorrhage of the eye,8
3295,MP:0004500,phenotype,increased incidence of tumors by ionizing radiation induction,8
3296,ZP:0016596,phenotype,"axon CaP motoneuron decreased branchiness, abnormal",8
3297,HP:0004303,phenotype,Abnormal muscle fiber morphology,8
3298,FBcv:0002027,phenotype,lethal - all die before end of pupal stage,8
3299,WBPhenotype:0000167,phenotype,precocious seam cell fusion,8
3300,Xenbase:XB-GENE-993758,gene,capn2,4
3301,ClinVarVariant:11212,variant,"DMD, IVS68, T-A, +2",10
3302,MGI:2384814,gene,Trim41,4
3303,MP:0011521,phenotype,decreased placental labyrinth size,8
3304,ENSEMBL:ENSMMUG00000002494,gene,ENSEMBL:ENSMMUG00000002494,4
3305,ClinVarVariant:455809,variant,NC_000023.11:g.(?_31773940)_(31836839_?)del,10
3306,ClinVarVariant:584109,variant,NC_000023.11:g.(?_31929576)_(31929765_?)del,10
3307,HP:0001507,phenotype,Growth abnormality,8
3308,MP:0011774,phenotype,abnormal urinary bladder detrusor smooth muscle morphology,8
3309,MP:0008565,phenotype,decreased interferon-beta secretion,8
3310,RGD:1310917,gene,Tns2,4
3311,ENSEMBL:ENSOANG00000006278,gene,ENSEMBL:ENSOANG00000006278,4
3312,ZP:0000329,phenotype,"melanocyte decreased amount, abnormal",8
3313,ZP:0002394,phenotype,"lens protruding out of eye, abnormal",8
3314,ClinVarVariant:526051,variant,NM_004006.2(DMD):c.10783C>T (p.Gln3595Ter),10
3315,65,drug,acetylcholine,3
3316,HP:0002813,phenotype,Abnormality of limb bone morphology,8
3317,ZP:0006978,phenotype,"neutrophil blood island increased amount, abnormal",8
3318,MP:0001130,phenotype,abnormal ovarian folliculogenesis,8
3319,ZP:0004109,phenotype,"spinal cord degenerate, abnormal",8
3320,MGI:88294,gene,Cacna1s,4
3321,ZP:0001491,phenotype,"myofibril somite necrotic, abnormal",8
3322,MP:0001272,phenotype,increased metastatic potential,8
3323,HP:0001657,phenotype,Prolonged QT interval,8
3324,Xenbase:XB-GENE-1010901,gene,dlgap4,4
3325,ENSEMBL:ENSCAFG00000016534,gene,ACTN1,4
3326,HP:0000876,phenotype,Oligomenorrhea,8
3327,ZP:0003470,phenotype,"cardiac ventricle decreased contractility, abnormal",8
3328,WBPhenotype:0000301,phenotype,distal tip cell reflex failure,8
3329,GO:0003779,molecular function,actin binding,7
3330,HP:0005824,phenotype,Clinodactyly of the 2nd toe,8
3331,ZP:0007513,phenotype,"eurydendroid cell differentiation disrupted, abnormal",8
3332,WBPhenotype:0001426,phenotype,coelomocyte endocytosis defective,8
3333,ENSEMBL:ENSOANG00000051212,gene,ENSEMBL:ENSOANG00000051212,4
3334,WormBase:WBGene00011099,gene,nhr-208,4
3335,HP:0003390,phenotype,Sensory axonal neuropathy,8
3336,FlyBase:FBgn0004169,gene,up,4
3337,ClinVarVariant:455934,variant,NM_004006.2(DMD):c.831+1G>A,10
3338,MP:0010579,phenotype,increased heart left ventricle size,8
3339,ZP:0009201,phenotype,"basement membrane vertical myoseptum malformed, abnormal",8
3340,MP:0001353,phenotype,increased aggression towards mice,8
3341,MP:0004434,phenotype,abnormal cochlear outer hair cell physiology,8
3342,HGNC:13740,gene,SNTG1,4
3343,WormBase:WBGene00007167,gene,rbg-3,4
3344,ZP:0007286,phenotype,"primordial midbrain channel fragile, abnormal",8
3345,ClinVarVariant:656844,variant,NC_000023.11:g.(?_31773950)_(31968524_?)del,10
3346,HP:0000833,phenotype,obsolete Glucose intolerance,8
3347,ClinVarVariant:803927,variant,NM_004006.3(DMD):c.1750A>T (p.Lys584Ter),10
3348,MGI:3621491,genotype,Dmd<mdx>/Dmd<mdx> [C57BL/10ScSn-Dmd<mdx>/J],6
3349,MP:0000940,phenotype,abnormal motor neuron innervation pattern,8
3350,RGD:708350,gene,Dlgap4,4
3351,ENSEMBL:ENSOANG00000042811,gene,ENSEMBL:ENSOANG00000042811,4
3352,MP:0002923,phenotype,increased post-tetanic potentiation,8
3353,MP:0005559,phenotype,increased circulating glucose level,8
3354,ENSEMBL:ENSMODG00000009818,gene,ENSEMBL:ENSMODG00000009818,4
3355,ZP:0001543,phenotype,"cardiac muscle cell decreased size, abnormal",8
3356,ZP:0130716,phenotype,"adherens junction median fin fold composition, abnormal",8
3357,MP:0011453,phenotype,abnormal glomerular capillary endothelium morphology,8
3358,NCBIGene:396067,gene,P02606,4
3359,ClinVarVariant:647086,variant,NM_000109.4(DMD):c.1230_1231dup (p.Glu411fs),10
3360,MP:0004032,phenotype,abnormal interventricular groove morphology,8
3361,HP:0003022,phenotype,Hypoplasia of the ulna,8
3362,HP:0002249,phenotype,Melena,8
3363,ZP:0010780,phenotype,"myotome broken, abnormal",8
3364,Xenbase:XB-GENE-489407,gene,anln,4
3365,RGD:3717,gene,Slc8a1,4
3366,ZP:0003063,phenotype,"cardiac ventricle contractility, abnormal",8
3367,ClinVarVariant:417482,variant,NC_000023.11:g.(?_31729631)_(31820083_?)del,10
3368,HP:0003081,phenotype,Increased urinary potassium,8
3369,ZP:0001483,phenotype,"thigmotaxis decreased rate, abnormal",8
3370,ClinVarVariant:526179,variant,NC_000023.11:g.(?_31773940)_(32849840_?)del,10
3371,WBPhenotype:0002095,phenotype,lysosome-related organelle morphology variant,8
3372,dbSNP:rs1379871,variant,rs1379871-C,10
3373,ZP:0106705,phenotype,"ventricular myocardium has fewer parts of type sarcomere ventricular myocardium, abnormal",8
3374,ENSEMBL:ENSACAG00000008105,gene,ENSEMBL:ENSACAG00000008105,4
3375,HP:0003560,phenotype,Muscular dystrophy,8
3376,ENSEMBL:ENSSSCG00000037779,gene,CAPN10,4
3377,OMIM:300377.0086,variant,"DMD, TRP3TER",10
3378,ENSEMBL:ENSECAG00000017728,gene,ENSEMBL:ENSECAG00000017728,4
3379,HP:0032794,phenotype,Myoclonic seizure,8
3380,HP:0004840,phenotype,Hypochromic microcytic anemia,8
3381,ENSEMBL:ENSPTRG00000005865,gene,ENSEMBL:ENSPTRG00000005865,4
3382,ZP:0000307,phenotype,"post-vent region arrested segmentation, abnormal",8
3383,ZFIN:ZDB-GENE-050309-201,gene,xpo1a,4
3384,ClinVarVariant:831830,variant,NC_000023.11:g.(?_31348546)_(31507463_?)dup,10
3385,ZP:0002603,phenotype,"retina immature, abnormal",8
3386,ClinVarVariant:949876,variant,NM_004006.3(DMD):c.8395del (p.His2799fs),10
3387,ClinVarVariant:239608,variant,NM_004006.2(DMD):c.5506C>T (p.Gln1836Ter),10
3388,MP:0008135,phenotype,small Peyer's patches,8
3389,ZP:0003000,phenotype,"lens displaced, abnormal",8
3390,ClinVarVariant:94454,variant,NM_004006.2(DMD):c.1261C>T (p.Gln421Ter),10
3391,ENSEMBL:ENSMODG00000019448,gene,ENSEMBL:ENSMODG00000019448,4
3392,GO:0009986,molecular function,cell surface,7
3393,ClinVarVariant:803933,variant,NM_004006.3(DMD):c.1147G>T (p.Glu383Ter),10
3394,HP:0001291,phenotype,Abnormal cranial nerve morphology,8
3395,ZP:0019908,phenotype,"glucose whole organism increased amount, abnormal",8
3396,ClinVarVariant:666110,variant,NM_000109.4(DMD):c.8968del (p.Ala2991fs),10
3397,ZP:0004683,phenotype,"medial fin development disrupted, abnormal",8
3398,HP:0007370,phenotype,Aplasia/Hypoplasia of the corpus callosum,8
3399,ZP:0006452,phenotype,"endoplasmic reticulum liver swollen, abnormal",8
3400,HGNC:17997,gene,FKRP,4
3401,MP:0000479,phenotype,abnormal enterocyte morphology,8
3402,ZP:0000955,phenotype,"determination of heart left/right asymmetry disrupted, abnormal",8
3403,2544,drug,sunitinib,3
3404,HGNC:144,gene,ACTG1,4
3405,HGNC:129,gene,ACTA1,4
3406,HP:0002021,phenotype,Pyloric stenosis,8
3407,WormBase:WBGene00016801,gene,C50C3.5,4
3408,MP:0011704,phenotype,decreased fibroblast proliferation,8
3409,ZFIN:ZDB-GENE-090612-2,gene,terf1,4
3410,ENSEMBL:ENSFCAG00000018836,gene,ENSEMBL:ENSFCAG00000018836,4
3411,MONARCH:APO_0000095APO_0000004,phenotype,chemical compound accumulation:increased,8
3412,WBPhenotype:0001247,phenotype,anterograde transport defective,8
3413,MP:0004495,phenotype,decreased synaptic glutamate release,8
3414,ENSEMBL:ENSSSCG00000032772,gene,ENSEMBL:ENSSSCG00000032772,4
3415,ClinVarVariant:660696,variant,NC_000023.11:g.(?_31496768)_(31679606_?)del,10
3416,ClinVarVariant:217190,variant,NM_004006.2(DMD):c.2804-2A>C,10
3417,ZP:0000350,phenotype,"optic vesicle absent, abnormal",8
3418,ENSEMBL:ENSPTRG00000013400,gene,ENSEMBL:ENSPTRG00000013400,4
3419,MP:0010383,phenotype,increased adenoma incidence,8
3420,ClinVarVariant:583890,variant,NC_000023.11:g.(?_32595737)_(32823850_?)del,10
3421,HP:0003006,phenotype,Neuroblastoma,8
3422,MP:0011402,phenotype,renal cast,8
3423,ZP:0102564,phenotype,"ventral region margin decreased distribution, abnormal",8
3424,ENSEMBL:ENSFCAG00000008311,gene,ENSEMBL:ENSFCAG00000008311,4
3425,ClinVarVariant:803834,variant,NM_004006.3(DMD):c.7717C>T (p.Gln2573Ter),10
3426,MGI:109192,gene,Actn2,4
3427,MP:0005326,phenotype,abnormal podocyte morphology,8
3428,ENSEMBL:ENSMMUG00000038377,gene,ENSEMBL:ENSMMUG00000038377,4
3429,MP:0020358,phenotype,abnormal inhibitory synapse morphology,8
3430,MP:0002217,phenotype,small lymph nodes,8
3431,WBPhenotype:0001083,phenotype,multiple cytoplasmic cavities early emb,8
3432,ENSEMBL:ENSPTRG00000011609,gene,ENSEMBL:ENSPTRG00000011609,4
3433,ZP:0020575,phenotype,"CaP motoneuron process quality regulation of synaptic plasticity, abnormal",8
3434,ENSEMBL:ENSOANG00000036193,gene,ENSEMBL:ENSOANG00000036193,4
3435,MP:0005296,phenotype,abnormal humerus morphology,8
3436,MP:0001688,phenotype,abnormal somite development,8
3437,ClinVarVariant:455830,variant,NC_000023.10:g.(?_32305626)_(32509655_?)dup,10
3438,ZP:0003151,phenotype,"facial ganglion decreased size, abnormal",8
3439,HP:0001947,phenotype,Renal tubular acidosis,8
3440,dbSNP:rs921896,variant,rs921896-C,10
3441,MP:0000455,phenotype,abnormal maxilla morphology,8
3442,HP:0010442,phenotype,Polydactyly,8
3443,RGD:621498,gene,Cdc25a,4
3444,HP:0004727,phenotype,Impaired renal concentrating ability,8
3445,HP:0200063,phenotype,Colorectal polyposis,8
3446,ZFIN:ZDB-GENE-131120-20,gene,ifit14,4
3447,HP:0002143,phenotype,Abnormality of the spinal cord,8
3448,ZP:0000302,phenotype,"somitogenesis decreased functionality, abnormal",8
3449,Coriell:GM05835,biological artifact,NIGMS-GM05835,0
3450,ENSEMBL:ENSPTRG00000007102,gene,ENSEMBL:ENSPTRG00000007102,4
3451,ENSEMBL:ENSOANG00000047737,gene,ENSEMBL:ENSOANG00000047737,4
3452,MP:0000164,phenotype,abnormal cartilage development,8
3453,RGD:1562668,gene,Lamb3,4
3454,ZP:0003336,phenotype,"pronephric duct cystic, abnormal",8
3455,MP:0004716,phenotype,abnormal cochlear nerve morphology,8
3456,ENSEMBL:ENSPTRG00000004079,gene,ENSEMBL:ENSPTRG00000004079,4
3457,ClinVarVariant:266038,variant,NM_004006.2(DMD):c.8459G>A (p.Trp2820Ter),10
3458,RGD:2085,gene,Alb,4
3459,RGD:1308256,gene,Apc2,4
3460,MP:0010172,phenotype,abnormal mammary gland epithelium physiology,8
3461,ClinVarVariant:831235,variant,NC_000023.11:g.(?_32644122)_(32823850_?)del,10
3462,ZP:0106699,phenotype,"female organism decreased process quality heart contraction, abnormal",8
3463,ZP:0008056,phenotype,"axonogenesis neotenous growth, abnormal",8
3464,EFO:0006333,phenotype,transferrin saturation measurement,8
3465,ZP:0101895,phenotype,"facial nerve motor nucleus premature neuron maturation, abnormal",8
3466,MP:0000811,phenotype,hippocampal neuron degeneration,8
3467,MGI:1917979,gene,Nos1ap,4
3468,ZP:0004692,phenotype,"fin necrotic, abnormal",8
3469,MP:0009538,phenotype,abnormal synapse morphology,8
3470,HGNC:2512,gene,CTNNAL1,4
3471,ClinVarVariant:832191,variant,NC_000023.11:g.(?_31657980)_(31658154_?)dup,10
3472,HP:0012434,phenotype,Delayed social development,8
3473,ZP:0011225,phenotype,"rhombomere 3 process quality neural keel formation, abnormal",8
3474,ZP:0002946,phenotype,"intersegmental vessel somite absent, abnormal",8
3475,ClinVarVariant:583656,variant,NC_000023.10:g.(?_31332523)_(31986651_?)dup,10
3476,ZP:0000406,phenotype,"sensory system quality, abnormal",8
3477,MP:0000373,phenotype,belly spot,8
3478,MP:0005381,phenotype,digestive/alimentary phenotype,8
3479,HP:0000882,phenotype,Hypoplastic scapulae,8
3480,ENSEMBL:ENSGALG00000036645,gene,ENSEMBL:ENSGALG00000036645,4
3481,ZP:0005808,phenotype,"retina has fewer parts of type central region eye photoreceptor cell, abnormal",8
3482,ENSEMBL:ENSSSCG00000028047,gene,DTNA,4
3483,MP:0002908,phenotype,delayed wound healing,8
3484,MP:0006059,phenotype,decreased susceptibility to ischemic brain injury,8
3485,ZP:0022106,phenotype,"microglial cell optic tectum decreased amount, abnormal",8
3486,HP:0005576,phenotype,Tubulointerstitial fibrosis,8
3487,HGNC:7611,gene,MYOD1,4
3488,GO:0044306,molecular function,neuron projection terminus,7
3489,ZP:0137422,phenotype,"swimming decreased linear velocity, abnormal",8
3490,SGD:S000005620,gene,ARF3,4
3491,WormBase:WBGene00020952,gene,kel-8,4
3492,MP:0002988,phenotype,decreased urine osmolality,8
3493,ZP:0021029,phenotype,"endocardium increased amount, abnormal",8
3494,ENSEMBL:ENSMODG00000014292,gene,ENSEMBL:ENSMODG00000014292,4
3495,WBPhenotype:0001075,phenotype,vulval muscle physiology variant,8
3496,MP:0000523,phenotype,cortical renal glomerulopathies,8
3497,ZFIN:ZDB-GENE-040912-7,gene,lyn,4
3498,RGD:1592340,gene,Sntb2,4
3499,ZP:0005691,phenotype,"dorsal aorta decreased diameter, abnormal",8
3500,ZFIN:ZDB-GENE-080229-3,gene,jam2b,4
3501,ClinVarVariant:803899,variant,NM_004006.3(DMD):c.3013G>T (p.Glu1005Ter),10
3502,ZFIN:ZDB-GENE-040426-2460,gene,zgc:85932,4
3503,Coriell:GM05169,biological artifact,NIGMS-GM05169,0
3504,ENSEMBL:ENSBTAG00000017367,gene,ENSEMBL:ENSBTAG00000017367,4
3505,ZP:0003437,phenotype,"trunk morphology, abnormal",8
3506,ENSEMBL:ENSECAG00000021297,gene,ENSEMBL:ENSECAG00000021297,4
3507,MP:0002828,phenotype,abnormal renal glomerular capsule morphology,8
3508,WBPhenotype:0001435,phenotype,ammonium chloride chemotaxis defective,8
3509,ZP:0002750,phenotype,"cranial vasculature fragile, abnormal",8
3510,WBPhenotype:0001637,phenotype,no Intestine,8
3511,ZP:0106698,phenotype,"male organism decreased process quality heart contraction, abnormal",8
3512,HP:0002573,phenotype,Hematochezia,8
3513,WormBase:WBGene00003627,gene,nhr-34,4
3514,WBPhenotype:0000022,phenotype,long,8
3515,ClinVarVariant:455851,variant,NM_004006.2(DMD):c.10109G>C (p.Arg3370Pro),10
3516,EFO:0005272,phenotype,sleep quality,8
3517,MP:0010226,phenotype,increased quadriceps weight,8
3518,WBPhenotype:0002429,phenotype,protein glycosylation variant,8
3519,WBPhenotype:0000046,phenotype,pace of P lineage defective early emb,8
3520,MGI:105073,gene,Tnni1,4
3521,ZP:0009169,phenotype,"skeletal muscle cell esophagus poorly differentiated, abnormal",8
3522,MP:0004565,phenotype,small myocardial fiber,8
3523,MP:0011096,phenotype,"embryonic lethality between implantation and somite formation, complete penetrance",8
3524,ZP:0131029,phenotype,"angiogenic sprout central artery increased amount, abnormal",8
3525,ZP:0000397,phenotype,"central nervous system necrotic, abnormal",8
3526,MP:0008518,phenotype,retinal outer nuclear layer degeneration,8
3527,ENSEMBL:ENSPTRG00000005701,gene,ENSEMBL:ENSPTRG00000005701,4
3528,ZP:0015258,phenotype,"primary motor neuron structure, abnormal",8
3529,WBPhenotype:0001955,phenotype,multiple nuclei oocyte,8
3530,MP:0010338,phenotype,increased desmoid tumor incidence,8
3531,ZP:0131233,phenotype,"nucleus skeletal muscle cell absent, abnormal",8
3532,HP:0005403,phenotype,T lymphocytopenia,8
3533,ClinVarVariant:417501,variant,NC_000023.11:g.(?_32287529)_(32310276_?)del,10
3534,WBPhenotype:0001203,phenotype,nicotine resistant,8
3535,MP:0000812,phenotype,abnormal dentate gyrus morphology,8
3536,ClinVarVariant:983654,variant,NM_004006.3(DMD):c.6124A>T (p.Lys2042Ter),10
3537,ENSEMBL:ENSFCAG00000034593,gene,ENSEMBL:ENSFCAG00000034593,4
3538,ENSEMBL:ENSCAFG00000016763,gene,RGS6,4
3539,ENSEMBL:ENSMMUG00000019345,gene,ENSEMBL:ENSMMUG00000019345,4
3540,ZFIN:ZDB-GENE-030131-3967,gene,dtnba,4
3541,HGNC:2850,gene,DGKB,4
3542,ZP:0020016,phenotype,"atrium spatial pattern, abnormal",8
3543,ZP:0001192,phenotype,"heart edematous, abnormal",8
3544,ZP:0005814,phenotype,"retinal outer nuclear layer wholeness, abnormal",8
3545,ENSEMBL:ENSECAG00000010942,gene,ENSEMBL:ENSECAG00000010942,4
3546,ZFIN:ZDB-GENE-041010-165,gene,ank2b,4
3547,MP:0003866,phenotype,abnormal defecation,8
3548,ZFIN:ZDB-GENE-091014-2,gene,plekha7b,4
3549,6,drug,(S)-nitrendipine,3
3550,SGD:S000001746,gene,KAE1,4
3551,WBPhenotype:0000457,phenotype,organism starvation hypersensitive,8
3552,MONARCH:APO_0000254APO_0000248,phenotype,cell cycle progression in G2 phase:increased duration,8
3553,ZP:0008062,phenotype,"cell body retinal ganglion cell mislocalised, abnormal",8
3554,WBPhenotype:0001421,phenotype,endocytic transport variant,8
3555,ZP:0005801,phenotype,"cilium olfactory pit decreased amount, abnormal",8
3556,MGI:1914418,gene,Lpar6,4
3557,ClinVarVariant:650539,variant,NM_004006.2(DMD):c.6439-10_8217+32103dup,10
3558,FBcv:0006004,phenotype,abnormal oviposition,8
3559,ENSEMBL:ENSECAG00000025102,gene,ENSEMBL:ENSECAG00000025102,4
3560,ZP:0005361,phenotype,"cranial nerve II decreased thickness, abnormal",8
3561,HP:0003351,phenotype,Decreased circulating renin level,8
3562,MP:0010547,phenotype,abnormal mesocardium morphology,8
3563,WBPhenotype:0002337,phenotype,path curvature decreased,8
3564,ZP:0001211,phenotype,"swim bladder uninflated, abnormal",8
3565,RGD:1311023,gene,Dysf,4
3566,Xenbase:XB-GENE-5815250,gene,shkbp1,4
3567,ZP:0001261,phenotype,"apical part of cell neuroepithelial cell decreased width, abnormal",8
3568,24,drug,phenylbutanoic acid,3
3569,WormBase:WBGene00006774,gene,unc-38,4
3570,RGD:2267,gene,Capn1,4
3571,ENSEMBL:ENSCAFG00000008561,gene,ENSEMBL:ENSCAFG00000008561,4
3572,ENSEMBL:ENSECAG00000012862,gene,ENSEMBL:ENSECAG00000012862,4
3573,MP:0004790,phenotype,absent upper incisors,8
3574,ZP:0005824,phenotype,"oligodendrocyte hindbrain decreased amount, abnormal",8
3575,MP:0005363,phenotype,decreased susceptibility to prion infection,8
3576,ClinVarVariant:217220,variant,NM_004006.2(DMD):c.9938_9941dup (p.Asn3314delinsLysTer),10
3577,MP:0009453,phenotype,enhanced contextual conditioning behavior,8
3578,ENSEMBL:ENSACAG00000004184,gene,ENSEMBL:ENSACAG00000004184,4
3579,ZFIN:ZDB-GENE-050809-1,gene,slc8a1a,4
3580,ZP:0011289,phenotype,"heart development process quality, abnormal",8
3581,ClinVarVariant:217176,variant,NM_004006.2(DMD):c.1324C>T (p.Gln442Ter),10
3582,Coriell:GM25313,biological artifact,NIGMS-GM25313,0
3583,ClinVarVariant:852346,variant,NM_004006.3(DMD):c.187-2A>G,10
3584,HP:0100851,phenotype,Abnormal emotion/affect behavior,8
3585,ZP:0001269,phenotype,"thigmotaxis process quality, abnormal",8
3586,ZP:0106122,phenotype,"I band atrium absent, abnormal",8
3587,MP:0000438,phenotype,abnormal cranium morphology,8
3588,ZP:0004682,phenotype,"cell adhesion disrupted, abnormal",8
3589,ZP:0006126,phenotype,"atrial ventricular junction remodeling disrupted, abnormal",8
3590,ZP:0000660,phenotype,"myofibril assembly disrupted, abnormal",8
3591,ZP:0021032,phenotype,"fibroblast accumulation epicardium, abnormal",8
3592,WormBase:WBGene00000542,gene,clp-1,4
3593,ENSEMBL:ENSFCAG00000025507,gene,ENSEMBL:ENSFCAG00000025507,4
3594,ClinVarVariant:651819,variant,NC_000023.11:g.(?_31323588)_(31507463_?)del,10
3595,WBPhenotype:0000054,phenotype,larval lethal,8
3596,ENSEMBL:ENSMODG00000021001,gene,ENSEMBL:ENSMODG00000021001,4
3597,ZP:0005839,phenotype,"motile cilium pronephric duct decreased length, abnormal",8
3598,ENSEMBL:ENSPTRG00000048969,gene,ENSEMBL:ENSPTRG00000048969,4
3599,ENSEMBL:ENSMMUG00000019438,gene,ENSEMBL:ENSMMUG00000019438,4
3600,EFO:0007629,phenotype,hemoglobin A1 measurement,8
3601,ZP:0009200,phenotype,"action potential disrupted, abnormal",8
3602,ENSEMBL:ENSMMUG00000018630,gene,ENSEMBL:ENSMMUG00000018630,4
3603,ENSEMBL:ENSACAG00000001174,gene,ENSEMBL:ENSACAG00000001174,4
3604,MP:0010215,phenotype,abnormal circulating complement protein level,8
3605,ENSEMBL:ENSPTRG00000024314,gene,ENSEMBL:ENSPTRG00000024314,4
3606,Xenbase:XB-GENE-966302,gene,pak2,4
3607,MP:0001222,phenotype,epidermal hyperplasia,8
3608,WBPhenotype:0000075,phenotype,cuticle attachment variant,8
3609,WormBase:WBGene00016841,gene,magu-3,4
3610,ENSEMBL:ENSACAG00000016923,gene,ENSEMBL:ENSACAG00000016923,4
3611,MONARCH:APO_0000096APO_0000004,phenotype,nutrient utilization:increased,8
3612,HP:0002659,phenotype,Increased susceptibility to fractures,8
3613,HGNC:11427,gene,STUB1,4
3614,ENSEMBL:ENSGALG00000037453,gene,TERF1,4
3615,ZP:0003817,phenotype,"myoblast fusion disrupted, abnormal",8
3616,ZP:0005694,phenotype,"head muscle hypoplastic, abnormal",8
3617,WBPhenotype:0001853,phenotype,AAD response variant,8
3618,WBPhenotype:0000776,phenotype,passage through meiosis defective early emb,8
3619,WBPhenotype:0000243,phenotype,engulfment failure by killer cell,8
3620,ClinVarVariant:644278,variant,NC_000023.11:g.(?_31657980)_(32287711_?)del,10
3621,MP:0009766,phenotype,increased sensitivity to xenobiotic induced morbidity/mortality,8
3622,MP:0010384,phenotype,increased renal carcinoma incidence,8
3623,ClinVarVariant:803847,variant,NM_004006.3(DMD):c.6754C>T (p.Gln2252Ter),10
3624,MP:0008567,phenotype,decreased interferon-gamma secretion,8
3625,dictyBase:DDB_G0267934,gene,fnkB,4
3626,MP:0008808,phenotype,decreased spleen iron level,8
3627,ZP:0002749,phenotype,"brain vasculature fragile, abnormal",8
3628,MP:0001046,phenotype,abnormal enteric neuron morphology,8
3629,HP:0033682,phenotype,Pleomorphic xanthoastrocytoma,8
3630,HP:0001967,phenotype,Diffuse mesangial sclerosis,8
3631,ClinVarVariant:831770,variant,NC_000023.11:g.(?_31177922)_(31223131_?)dup,10
3632,ClinVarVariant:804333,variant,NM_004006.3(DMD):c.2530C>T (p.Gln844Ter),10
3633,OMIM:300377.0015,variant,"DMD, ARG768TER, C-T, NT2510",10
3634,ZP:0004028,phenotype,"muscle cell disorganized, abnormal",8
3635,ZP:0130688,phenotype,"atrioventricular canal endocardium process quality tissue morphogenesis, abnormal",8
3636,ZP:0000305,phenotype,"embryo development arrested, abnormal",8
3637,ENSEMBL:ENSACAG00000017659,gene,ENSEMBL:ENSACAG00000017659,4
3638,ClinVarVariant:455817,variant,NC_000023.11:g.(?_31836698)_(31875393_?)del,10
3639,ClinVarVariant:455820,variant,NC_000023.10:g.(?_31947693)_(31950364_?)del,10
3640,ZP:0018569,phenotype,"myeloid cell development absent, abnormal",8
3641,ZFIN:ZDB-GENE-050706-71,gene,eml2,4
3642,MP:0011186,phenotype,abnormal visceral endoderm morphology,8
3643,OMIM:300377.0002,variant,"DMD, PROMOTER DEL",10
3644,ZP:0137842,phenotype,"basal region midbrain hindbrain boundary constriction increased width, abnormal",8
3645,ZP:0019094,phenotype,"membrane trunk musculature damage, abnormal",8
3646,ZFIN:ZDB-GENE-110222-3,gene,lamc2,4
3647,OMIM:300377.0052,variant,"DMD, ARG1967TER",10
3648,ENSEMBL:ENSPTRG00000022919,gene,ENSEMBL:ENSPTRG00000022919,4
3649,ZP:0018284,phenotype,"mitochondrial respirasome fast muscle cell decreased functionality, abnormal",8
3650,WBPhenotype:0001743,phenotype,mitosis variant,8
3651,HGNC:24476,gene,DLGAP4,4
3652,HP:0012174,phenotype,Glioblastoma multiforme,8
3653,ZP:0008033,phenotype,"myofibril skeletal muscle morphology, abnormal",8
3654,RGD:1307705,gene,Pak4,4
3655,ENSEMBL:ENSCAFG00030017683,gene,ENSEMBL:ENSCAFG00030017683,4
3656,ZP:0006785,phenotype,"myotome morphology, abnormal",8
3657,MP:0003414,phenotype,epidermal cyst,8
3658,ZFIN:ZDB-GENE-031006-3,gene,sptbn1,4
3659,EFO:0009819,phenotype,comparative body size at age 10,8
3660,MP:0004101,phenotype,abnormal brain interneuron morphology,8
3661,MP:0003574,phenotype,abnormal oviduct morphology,8
3662,MGI:2176880,genotype,Dmd<Gt(ROSABetageo)1Mpd> [involves: 129S1/Sv],6
3663,ZP:0005802,phenotype,"retinal photoreceptor layer structure, abnormal",8
3664,MONARCH:APO_0000087APO_0000003,phenotype,resistance to chemicals:decreased,8
3665,ENSEMBL:ENSMMUG00000006464,gene,ENSEMBL:ENSMMUG00000006464,4
3666,ENSEMBL:ENSSSCG00000016717,gene,MPP6,4
3667,ENSEMBL:ENSECAG00000011898,gene,ENSEMBL:ENSECAG00000011898,4
3668,OMIM:300377.0036,variant,"DMD, GLN242TER",10
3669,EFO:0004874,phenotype,memory performance,8
3670,ClinVarVariant:803888,variant,NM_004006.3(DMD):c.3639del (p.Lys1213_Val1214insTer),10
3671,ZP:0003002,phenotype,"eye shape, abnormal",8
3672,MGI:1277151,gene,Snca,4
3673,NCBITaxon:9258,taxon,Ornithorhynchus anatinus,9
3674,ClinVarVariant:981974,variant,NC_000023.11:g.(31729749_31773959)_(31875374_31929595)del,10
3675,ClinVarVariant:502441,variant,NM_000109.4(DMD):c.8042_8046del (p.Arg2681fs),10
3676,ZP:0004687,phenotype,"basement membrane median fin fold punctate, abnormal",8
3677,ENSEMBL:ENSMODG00000008547,gene,ENSEMBL:ENSMODG00000008547,4
3678,HGNC:1725,gene,CDC25A,4
3679,HP:0000105,phenotype,Enlarged kidney,8
3680,HP:0002315,phenotype,Headache,8
3681,ZP:0001868,phenotype,"optokinetic behavior arrested, abnormal",8
3682,MP:0005137,phenotype,increased growth hormone level,8
3683,MP:0008805,phenotype,decreased circulating amylase level,8
3684,ClinVarVariant:981972,variant,NC_000023.11:g.(31836820_31875187)_(31875374_31929595)del,10
3685,ZP:0018729,phenotype,"trigeminal motor nucleus mislocalised, abnormal",8
3686,ZP:0012600,phenotype,"learning process quality, abnormal",8
3687,ClinVarVariant:803918,variant,NM_004006.3(DMD):c.2169-1G>A,10
3688,HP:0030078,phenotype,Lung adenocarcinoma,8
3689,ZFIN:ZDB-GENE-020129-1,gene,cacna1c,4
3690,HP:0100515,phenotype,Pollakisuria,8
3691,ZP:0009293,phenotype,"basibranchial aplastic, abnormal",8
3692,ZP:0137793,phenotype,"banded collagen fibril vertical myoseptum decreased amount, abnormal",8
3693,MP:0012411,phenotype,increased granulosa cell tumor incidence,8
3694,WBPhenotype:0001944,phenotype,oocyte number decreased,8
3695,RGD:1311217,gene,Vcl,4
3696,dictyBase:DDB_G0282365,gene,rac1C,4
3697,ClinVarVariant:803954,variant,NM_004006.3(DMD):c.196A>T (p.Lys66Ter),10
3698,HP:0001849,phenotype,Foot oligodactyly,8
3699,ZFIN:ZDB-GENE-131120-116,gene,si:ch211-202f3.4,4
3700,ZFIN:ZDB-GENE-030520-2,gene,tnnt3b,4
3701,MP:0014023,phenotype,abnormal intestine placement,8
3702,HP:0004463,phenotype,Absent brainstem auditory responses,8
3703,ZP:0011345,phenotype,"cell projection cardiac muscle cell transient, abnormal",8
3704,dictyBase:DDB_G0291306,gene,xpo1,4
3705,ZFIN:ZDB-GENE-050417-267,gene,acta1a,4
3706,WBPhenotype:0000583,phenotype,dumpy,8
3707,HP:0002311,phenotype,Incoordination,8
3708,MP:0003400,phenotype,kinked neural tube,8
3709,HP:0000315,phenotype,Abnormality of the orbital region,8
3710,ZP:0019814,phenotype,"sensory neuron increased rate axon extension, abnormal",8
3711,ZP:0010453,phenotype,"striated muscle myosin thick filament slow muscle cell disorganized, abnormal",8
3712,MP:0012136,phenotype,absent forebrain,8
3713,ZP:0008064,phenotype,"skeletal muscle tissue development decreased process quality, abnormal",8
3714,ClinVarVariant:831817,variant,NC_000023.11:g.(?_32565692)_(32626362_?)del,10
3715,HP:0000494,phenotype,Downslanted palpebral fissures,8
3716,FlyBase:FBgn0085412,gene,kmr,4
3717,SGD:S000000119,gene,MCM2,4
3718,MP:0010238,phenotype,increased skeletal muscle weight,8
3719,ZP:0005028,phenotype,"third ventricle absent, abnormal",8
3720,MGI:87885,gene,Chrna1,4
3721,ZP:0018600,phenotype,"rhombomere 4 morphogenesis process quality, abnormal",8
3722,ENSEMBL:ENSGALG00000013892,gene,ENSEMBL:ENSGALG00000013892,4
3723,ClinVarVariant:217186,variant,NM_004006.2(DMD):c.2623-3C>G,10
3724,MP:0004811,phenotype,abnormal neuron physiology,8
3725,ClinVarVariant:575026,variant,NM_004006.2(DMD):c.3742C>T (p.Gln1248Ter),10
3726,MP:0003913,phenotype,increased heart right ventricle weight,8
3727,MONARCH:APO_0000089APO_0000004,phenotype,budding index:increased,8
3728,HP:0011998,phenotype,Postprandial hyperglycemia,8
3729,488,drug,carbachol,3
3730,ENSEMBL:ENSOANG00000039339,gene,ENSEMBL:ENSOANG00000039339,4
3731,ClinVarVariant:984107,variant,NM_004006.3(DMD):c.3824T>A (p.Leu1275Ter),10
3732,FlyBase:FBgn0003076,gene,Pgm1,4
3733,ENSEMBL:ENSCAFG00000010383,gene,ENSEMBL:ENSCAFG00000010383,4
3734,ENSEMBL:ENSGALG00000013537,gene,ENSEMBL:ENSGALG00000013537,4
3735,MP:0005585,phenotype,increased tidal volume,8
3736,WBPhenotype:0001923,phenotype,fewer seam cells,8
3737,ZP:0106118,phenotype,"sarcomere atrium disorganized, abnormal",8
3738,ENSEMBL:ENSGALG00000029761,gene,ENSEMBL:ENSGALG00000029761,4
3739,ENSEMBL:ENSSSCG00000034495,gene,SNTG1,4
3740,MGI:1927664,gene,Sirt2,4
3741,ZP:0101899,phenotype,"neuron projection facial nerve motor nucleus increased amount, abnormal",8
3742,ZP:0007171,phenotype,"myofibril slow muscle cell decreased size, abnormal",8
3743,HGNC:15520,gene,LPAR6,4
3744,ZP:0008749,phenotype,"myofibril skeletal muscle cell increased variability of size, abnormal",8
3745,ClinVarVariant:94773,variant,NM_004006.2(DMD):c.7672C>T (p.Gln2558Ter),10
3746,HP:0003026,phenotype,Short long bone,8
3747,WBPhenotype:0000571,phenotype,axon vesicle variant,8
3748,WBPhenotype:0000068,phenotype,cellular oxidative stress response variant,8
3749,HP:0000369,phenotype,Low-set ears,8
3750,ENSEMBL:ENSBTAG00000011803,gene,ENSEMBL:ENSBTAG00000011803,4
3751,WBPhenotype:0000034,phenotype,embryonic polarity variant,8
3752,HP:0002066,phenotype,Gait ataxia,8
3753,ClinVarVariant:803919,variant,NM_004006.3(DMD):c.2114del (p.Pro705fs),10
3754,dbSNP:rs6628643,variant,rs6628643-?,10
3755,ClinVarVariant:833002,variant,NC_000023.11:g.(?_32614283)_(32645172_?)del,10
3756,MP:0010278,phenotype,increased glioma incidence,8
3757,ZP:0002792,phenotype,"neural crest cell migration process quality, abnormal",8
3758,HP:0000789,phenotype,Infertility,8
3759,ZP:0003072,phenotype,"Rohon-Beard neuron morphology, abnormal",8
3760,HP:0002079,phenotype,Hypoplasia of the corpus callosum,8
3761,ENSEMBL:ENSACAG00000009750,gene,ENSEMBL:ENSACAG00000009750,4
3762,NCBIGene:396472,gene,MYL4,4
3763,ENSEMBL:ENSMODG00000001009,gene,ENSEMBL:ENSMODG00000001009,4
3764,ClinVarVariant:832701,variant,NC_000023.11:g.(?_32595747)_(32651077_?)del,10
3765,FBcv:0002001,phenotype,lethal - all die before end of first instar larval stage,8
3766,MP:0002732,phenotype,increased trichoepithelioma incidence,8
3767,ENSEMBL:ENSCAFG00000012047,gene,ENSEMBL:ENSCAFG00000012047,4
3768,ENSEMBL:ENSGALG00000010379,gene,ENSEMBL:ENSGALG00000010379,4
3769,ZP:0003138,phenotype,"midbrain-hindbrain boundary development disrupted, abnormal",8
3770,OMIM:300377.0010,variant,"DMD, 1-BP INS, EX12",10
3771,PomBase:SPAC3A11.08,gene,pcu4,4
3772,HP:0000670,phenotype,Carious teeth,8
3773,ZP:0013279,phenotype,"phototaxis process quality, abnormal",8
3774,ZP:0007273,phenotype,"blood vessel development arrested, abnormal",8
3775,HP:0008003,phenotype,Jerky ocular pursuit movements,8
3776,MGI:99912,gene,Lama2,4
3777,MP:0008948,phenotype,decreased neuron number,8
3778,ZP:0100140,phenotype,"slow muscle cell degenerate, abnormal",8
3779,ENSEMBL:ENSGALG00000029694,gene,ENSEMBL:ENSGALG00000029694,4
3780,HP:0410043,phenotype,Abnormal neural tube morphology,8
3781,ClinVarVariant:984109,variant,NM_004006.3(DMD):c.3059C>A (p.Ser1020Ter),10
3782,ENSEMBL:ENSPTRG00000009432,gene,ENSEMBL:ENSPTRG00000009432,4
3783,MP:0003993,phenotype,abnormal ventral spinal root morphology,8
3784,MP:0005412,phenotype,vascular stenosis,8
3785,EFO:0006527,phenotype,smoking status measurement,8
3786,EFO:0004627,phenotype,IGF-1 measurement,8
3787,ENSEMBL:ENSCAFG00000010081,gene,TNNT3,4
3788,dictyBase:DDB_G0280565,gene,dictyBase:DDB_G0280565,4
3789,4810,drug,ibrutinib,3
3790,MP:0012059,phenotype,thick diaphragm muscle,8
3791,MP:0002216,phenotype,abnormal seminiferous tubule morphology,8
3792,ZP:0005892,phenotype,"heart shape, abnormal",8
3793,ZP:0021031,phenotype,"heart vasculature increased amount, abnormal",8
3794,ClinVarVariant:501338,variant,NM_004006.2(DMD):c.4295del (p.Gln1432fs),10
3795,ClinVarVariant:964578,variant,NM_004006.3(DMD):c.6704del (p.Ser2235fs),10
3796,ZP:0009922,phenotype,"myofibril cardiac ventricle disorganized, abnormal",8
3797,WBPhenotype:0001811,phenotype,serotonin induced fat reduction variant,8
3798,ClinVarVariant:803885,variant,NM_004006.3(DMD):c.3843G>A (p.Trp1281Ter),10
3799,ZP:0021025,phenotype,"epicardium increased amount, abnormal",8
3800,ENSEMBL:ENSOANG00000000850,gene,ENSEMBL:ENSOANG00000000850,4
3801,ZP:0003671,phenotype,"sarcomere cardiac ventricle decreased amount, abnormal",8
3802,ENSEMBL:ENSPTRG00000021480,gene,ENSEMBL:ENSPTRG00000021480,4
3803,Xenbase:XB-GENE-480855,gene,apc,4
3804,ENSEMBL:ENSMMUG00000010440,gene,ENSEMBL:ENSMMUG00000010440,4
3805,ENSEMBL:ENSSSCG00000006184,gene,ENSEMBL:ENSSSCG00000006184,4
3806,HGNC:8590,gene,PAK1,4
3807,ZP:0007290,phenotype,"cytoplasm blood vessel endothelial cell decreased thickness, abnormal",8
3808,ENSEMBL:ENSACAG00000004317,gene,ENSEMBL:ENSACAG00000004317,4
3809,MONARCH:APO_0000029APO_0000004,phenotype,pseudohyphal growth:increased,8
3810,ENSEMBL:ENSMODG00000014073,gene,ENSEMBL:ENSMODG00000014073,4
3811,MP:0002310,phenotype,decreased susceptibility to hepatic steatosis,8
3812,ENSEMBL:ENSSSCG00000037494,gene,SPTBN4,4
3813,ZP:0021004,phenotype,"sarcomere somite disorganized, abnormal",8
3814,ZP:0000213,phenotype,"whole organism movement behavioral quality, abnormal",8
3815,ENSEMBL:ENSMODG00000023714,gene,ENSEMBL:ENSMODG00000023714,4
3816,ZP:0004699,phenotype,"dorsal fin has fewer parts of type lepidotrichium, abnormal",8
3817,MGI:1919094,gene,Nupl1,4
3818,ZP:0100165,phenotype,"myofibril muscle patchy, abnormal",8
3819,WBPhenotype:0001511,phenotype,linker cell migration variant,8
3820,ENSEMBL:ENSACAG00000029475,gene,ENSEMBL:ENSACAG00000029475,4
3821,MP:0001218,phenotype,thin epidermis,8
3822,ZP:0002716,phenotype,"vertical myoseptum malformed, abnormal",8
3823,ZP:0005810,phenotype,"photoreceptor outer segment retina decreased size, abnormal",8
3824,HP:0006829,phenotype,Severe muscular hypotonia,8
3825,ZP:0009291,phenotype,"swim bladder malformed, abnormal",8
3826,ClinVarVariant:803785,variant,NM_004006.3(DMD):c.10494_10495AG[2] (p.Glu3499_Ser3500insTer),10
3827,MP:0001547,phenotype,abnormal lipid level,8
3828,ZP:0003688,phenotype,"oligodendrocyte decreased amount, abnormal",8
3829,ZFIN:ZDB-GENE-081030-4,gene,lamb2,4
3830,MP:0012035,phenotype,abnormal b-wave shape,8
3831,ZP:0012364,phenotype,"skeletal muscle myofibril skeletal muscle organization quality, abnormal",8
3832,ZP:0002763,phenotype,"neuron hindbrain decreased amount, abnormal",8
3833,ENSEMBL:ENSPTRG00000014359,gene,ENSEMBL:ENSPTRG00000014359,4
3834,ENSEMBL:ENSSSCG00000011377,gene,LAMB2,4
3835,920,drug,diphenylpyraline,3
3836,MONDO:0016097,disease,symptomatic form of muscular dystrophy of Duchenne and Becker in female carriers,2
3837,MP:0002435,phenotype,abnormal effector T cell morphology,8
3838,ZP:0005495,phenotype,"atrium decreased contractility, abnormal",8
3839,ZP:0000456,phenotype,"trunk vasculature morphology, abnormal",8
3840,ClinVarVariant:646399,variant,NC_000023.11:g.(?_31507271)_(31507463_?)del,10
3841,ClinVarVariant:193663,variant,NM_004006.2(DMD):c.1093C>T (p.Gln365Ter),10
3842,NCBITaxon:9615,taxon,Canis lupus familiaris,9
3843,WBPhenotype:0000634,phenotype,pharyngeal pumping variant,8
3844,ClinVarVariant:661738,variant,NC_000023.11:g.(?_32849718)_(32849830_?)del,10
3845,ZP:0002989,phenotype,"Kupffer's vesicle development decreased process quality, abnormal",8
3846,ClinVarVariant:803901,variant,NM_004006.3(DMD):c.2853del (p.Arg952fs),10
3847,ZP:0005329,phenotype,"whole organism semi-lethal (sensu genetics), abnormal",8
3848,1796,drug,mianserin,3
3849,ZP:0014206,phenotype,"ventricular cardiac myofibril assembly process quality, abnormal",8
3850,HGNC:11943,gene,TNNC1,4
3851,FBcv:0002012,phenotype,majority die during larval stage,8
3852,MP:0004929,phenotype,decreased epididymis weight,8
3853,FlyBase:FBgn0038274,gene,Nup93-2,4
3854,ClinVarVariant:803908,variant,NM_004006.3(DMD):c.2572_2578del (p.Thr858fs),10
3855,HGNC:1486,gene,CAPN9,4
3856,ZP:0103652,phenotype,"striated muscle myosin thick filament slow muscle cell decreased length, abnormal",8
3857,HP:0001970,phenotype,Tubulointerstitial nephritis,8
3858,HP:0005616,phenotype,Accelerated skeletal maturation,8
3859,ClinVarVariant:409917,variant,NM_004006.2(DMD):c.4071+1G>A,10
3860,ClinVarVariant:855825,variant,NC_000023.11:g.32545149_32651077dup,10
3861,RGD:61965,gene,Ptpn1,4
3862,ZFIN:ZDB-GENE-060421-5204,gene,zgc:136872,4
3863,HP:0002194,phenotype,Delayed gross motor development,8
3864,HP:0000961,phenotype,Cyanosis,8
3865,ENSEMBL:ENSECAG00000024448,gene,ENSEMBL:ENSECAG00000024448,4
3866,HP:0030638,phenotype,Congenital stationary night blindness with normal fundus,8
3867,ENSEMBL:ENSFCAG00000047570,gene,ENSEMBL:ENSFCAG00000047570,4
3868,MP:0010451,phenotype,kidney microaneurysm,8
3869,ENSEMBL:ENSFCAG00000007624,gene,ENSEMBL:ENSFCAG00000007624,4
3870,ENSEMBL:ENSMMUG00000016587,gene,ENSEMBL:ENSMMUG00000016587,4
3871,ENSEMBL:ENSSSCG00000025228,gene,TRAF3IP1,4
3872,ZP:0137785,phenotype,"muscle cell myotome decreased amount, abnormal",8
3873,MP:0009703,phenotype,decreased birth body size,8
3874,MP:0012735,phenotype,abnormal response to exercise,8
3875,1612,drug,lovastatin,3
3876,HP:0030483,phenotype,Reduced amplitude of dark-adapted bright flash electroretinogram a-wave,8
3877,HP:0001518,phenotype,Small for gestational age,8
3878,ZFIN:ZDB-GENE-050622-16,gene,kif15,4
3879,RGD:2139,gene,App,4
3880,HP:0006482,phenotype,Abnormality of dental morphology,8
3881,SGD:S000006272,gene,HOS1,4
3882,HP:0002890,phenotype,Thyroid carcinoma,8
3883,ENSEMBL:ENSECAG00000018955,gene,ENSEMBL:ENSECAG00000018955,4
3884,ClinVarVariant:839334,variant,NM_004006.3(DMD):c.2546del (p.Ala849fs),10
3885,HP:0001357,phenotype,Plagiocephaly,8
3886,ENSEMBL:ENSOANG00000013534,gene,ENSEMBL:ENSOANG00000013534,4
3887,WormBase:WBGene00006759,gene,unc-22,4
3888,HP:0031705,phenotype,Compensatory head posture,8
3889,ZP:0001023,phenotype,"lens aplastic, abnormal",8
3890,ZP:0100538,phenotype,"facial nerve motor nucleus displaced to motor neuron rhombomere 5, abnormal",8
3891,ClinVarVariant:833176,variant,NC_000023.11:g.(?_31609621)_(31932237_?)del,10
3892,ClinVarVariant:803874,variant,NM_004006.3(DMD):c.4438G>T (p.Glu1480Ter),10
3893,271,drug,azelastine,3
3894,PomBase:SPBC29A10.01,gene,ccr1,4
3895,ENSEMBL:ENSGALG00000014042,gene,ENSEMBL:ENSGALG00000014042,4
3896,HP:0000517,phenotype,Abnormality of the lens,8
3897,MP:0002842,phenotype,increased systemic arterial blood pressure,8
3898,ClinVarVariant:641562,variant,NC_000023.11:g.(?_32472154)_(32651077_?)del,10
3899,MP:0001627,phenotype,abnormal cardiac output,8
3900,WBPhenotype:0001136,phenotype,embryonic morphology variant,8
3901,WBPhenotype:0000467,phenotype,age associated fluorescence increased,8
3902,HP:0004322,phenotype,Short stature,8
3903,ZP:0003025,phenotype,"intestinal bulb primordium bilateral symmetry, abnormal",8
3904,ENSEMBL:ENSACAG00000007299,gene,ENSEMBL:ENSACAG00000007299,4
3905,MP:0001258,phenotype,decreased body length,8
3906,MONARCH:APO_0000130APO_0000004,phenotype,small molecule transport:increased,8
3907,ZP:0001499,phenotype,"myotome refractivity, abnormal",8
3908,ENSEMBL:ENSPTRG00000051842,gene,ENSEMBL:ENSPTRG00000051842,4
3909,GO:0030055,molecular function,cell-substrate junction,7
3910,MP:0031026,phenotype,increased susceptibility to Herpesvirales infection induced morbidity/mortality,8
3911,WBPhenotype:0001100,phenotype,early embryonic lethal,8
3912,ZP:0104237,phenotype,"caudal vein plexus decreased occurrence sprouting angiogenesis, abnormal",8
3913,MP:0011979,phenotype,abnormal magnesium ion homeostasis,8
3914,ClinVarVariant:288725,variant,NM_004006.2(DMD):c.9563+1G>A,10
3915,HP:0012311,phenotype,Monocytosis,8
3916,WBPhenotype:0001036,phenotype,sterile F1,8
3917,ENSEMBL:ENSSSCG00000034654,gene,MYOG,4
3918,PomBase:SPAC24H6.05,gene,cdc25,4
3919,MP:0001674,phenotype,abnormal germ layer development,8
3920,MP:0008944,phenotype,decreased sensitivity to induced cell death,8
3921,MGI:1341110,gene,Adcy8,4
3922,GO:1902083,molecular function,negative regulation of peptidyl-cysteine S-nitrosylation,7
3923,dbSNP:rs11017928,variant,rs11017928-?,10
3924,HP:0001094,phenotype,Iridocyclitis,8
3925,ZP:0007700,phenotype,"Z disc skeletal muscle increased width, abnormal",8
3926,NCBITaxon:559292,taxon,Saccharomyces cerevisiae S288C,9
3927,ENSEMBL:ENSECAG00000017421,gene,ENSEMBL:ENSECAG00000017421,4
3928,ZP:0012327,phenotype,"sleep process quality, abnormal",8
3929,HP:0001595,phenotype,Abnormal hair morphology,8
3930,ZFIN:ZDB-GENE-040426-1357,gene,cul4a,4
3931,MP:0000715,phenotype,decreased thymocyte number,8
3932,ZP:0022916,phenotype,"response to heat process quality, abnormal",8
3933,MP:0000136,phenotype,abnormal microglial cell morphology,8
3934,ZP:0021033,phenotype,"epicardium hemorrhagic, abnormal",8
3935,MP:0009175,phenotype,abnormal pancreatic beta cell differentiation,8
3936,EFO:0004980,phenotype,appendicular lean mass,8
3937,ZP:0137791,phenotype,"multicellular organismal movement decreased occurrence, abnormal",8
3938,ClinVarVariant:455842,variant,NC_000023.11:g.(?_32697850)_(32823850_?)del,10
3939,ZP:0000689,phenotype,"sprouting angiogenesis process quality, abnormal",8
3940,ENSEMBL:ENSCAFG00000011913,gene,ENSEMBL:ENSCAFG00000011913,4
3941,HP:0001336,phenotype,Myoclonus,8
3942,WormBase:WBGene00021004,gene,sftb-2,4
3943,ZP:0001512,phenotype,"muscle dystrophic, abnormal",8
3944,MP:0011257,phenotype,abnormal head fold morphology,8
3945,ZP:0100010,phenotype,"anatomical system quality, abnormal",8
3946,MONARCH:APO_0000071APO_0000002,phenotype,cytokinesis:abnormal,8
3947,HP:0000103,phenotype,Polyuria,8
3948,ZP:0019993,phenotype,"ventral region whole organism increased distribution, abnormal",8
3949,HP:0001638,phenotype,Cardiomyopathy,8
3950,ZP:0138053,phenotype,"habituation decreased rate, abnormal",8
3951,Xenbase:XB-GENE-6258370,gene,sgca,4
3952,MP:0020870,phenotype,decreased thigmotaxis,8
3953,MP:0003996,phenotype,clonic seizures,8
3954,ENSEMBL:ENSCAFG00000006373,gene,A0A5F4C140,4
3955,ZP:0001523,phenotype,"mitochondrion skeletal muscle cell irregular spatial pattern, abnormal",8
3956,MP:0005641,phenotype,increased mean corpuscular hemoglobin concentration,8
3957,WBPhenotype:0002321,phenotype,forward point velocity decreased,8
3958,ZFIN:ZDB-GENE-090312-163,gene,tns2a,4
3959,WBPhenotype:0002291,phenotype,body posture amplitude variant,8
3960,ClinVarVariant:217172,variant,NM_004006.2(DMD):c.10223+1G>C,10
3961,HP:0012132,phenotype,Erythroid hyperplasia,8
3962,ZFIN:ZDB-GENE-100824-1,gene,nos1apb,4
3963,ENSEMBL:ENSPTRG00000009391,gene,ENSEMBL:ENSPTRG00000009391,4
3964,ENSEMBL:ENSSSCG00000038229,gene,EML2,4
3965,WBPhenotype:0000545,phenotype,egg retention,8
3966,ClinVarVariant:851668,variant,NM_004006.3(DMD):c.6474del (p.Val2159fs),10
3967,MP:0004860,phenotype,dilated kidney collecting duct,8
3968,WBPhenotype:0000672,phenotype,presynaptic vesicle cluster localization variant,8
3969,HP:0002040,phenotype,Esophageal varix,8
3970,ENSEMBL:ENSFCAG00000000833,gene,ENSEMBL:ENSFCAG00000000833,4
3971,ZP:0104033,phenotype,"memory process quality, abnormal",8
3972,HP:0100957,phenotype,Abnormal renal medulla morphology,8
3973,MP:0003491,phenotype,abnormal voluntary movement,8
3974,ENSEMBL:ENSBTAG00000021072,gene,DTNB,4
3975,HP:0003750,phenotype,Increased muscle fatiguability,8
3976,HGNC:10806,gene,SGCB,4
3977,4118,drug,pazopanib,3
3978,MP:0002442,phenotype,abnormal leukocyte physiology,8
3979,EFO:0010554,phenotype,retinal vasculature measurement,8
3980,WBPhenotype:0001953,phenotype,nuclear fallout,8
3981,WBPhenotype:0001573,phenotype,nicotine response variant,8
3982,FBcv:0000723,phenotype,neoplasia,8
3983,1738,drug,methapyrilene,3
3984,OMIM:300377.0038,variant,"DMD, 11-BP DEL, NT989",10
3985,HP:0001662,phenotype,Bradycardia,8
3986,EFO:0008039,phenotype,BMI-adjusted hip circumference,8
3987,ZP:0009520,phenotype,"chondrocyte hypertrophy premature, abnormal",8
3988,RGD:2036,gene,Adcy8,4
3989,MP:0004037,phenotype,increased muscle relaxation,8
3990,FlyBase:FBgn0030360,gene,CG1806,4
3991,HP:0000234,phenotype,Abnormality of the head,8
3992,WormBase:WBGene00023451,gene,mlc-7,4
3993,dictyBase:DDB_G0293526,gene,racC,4
3994,WBPhenotype:0000802,phenotype,dorsal region development variant,8
3995,ZP:0007166,phenotype,"slow-twitch skeletal muscle fiber contraction decreased process quality, abnormal",8
3996,HGNC:11871,gene,TMOD1,4
3997,ZP:0009521,phenotype,"hypertrophic chondrocyte increased amount, abnormal",8
3998,ZP:0013878,phenotype,"interrenal gland decreased occurrence epithelial to mesenchymal transition, abnormal",8
3999,ZP:0013933,phenotype,"retina folded, abnormal",8
4000,ZP:0001378,phenotype,"retina morphogenesis in camera-type eye disrupted, abnormal",8
4001,MP:0008533,phenotype,abnormal anterior visceral endoderm morphology,8
4002,ZP:0102948,phenotype,"lens increased occurrence cell death, abnormal",8
4003,MP:0000787,phenotype,abnormal telencephalon morphology,8
4004,ENSEMBL:ENSDARG00000114153,gene,BX927313.1,4
4005,ZP:0011403,phenotype,"skeletal myofibril assembly decreased process quality, abnormal",8
4006,ENSEMBL:ENSCAFG00000015254,gene,VCL,4
4007,Xenbase:XB-GENE-5870147,gene,dgkb,4
4008,ZP:0003090,phenotype,"palatoquadrate cartilage bent, abnormal",8
4009,ENSEMBL:ENSCAFG00000020049,gene,ENSEMBL:ENSCAFG00000020049,4
4010,HP:0000341,phenotype,Narrow forehead,8
4011,MP:0008547,phenotype,abnormal neocortex morphology,8
4012,ENSEMBL:ENSECAG00000022498,gene,ENSEMBL:ENSECAG00000022498,4
4013,WBPhenotype:0002298,phenotype,coiling frequency variant,8
4014,ZP:0018734,phenotype,"extension physical object quality, abnormal",8
4015,ClinVarVariant:803860,variant,NM_004006.3(DMD):c.5376del (p.Lys1792fs),10
4016,HP:0002904,phenotype,Hyperbilirubinemia,8
4017,MP:0002411,phenotype,decreased susceptibility to bacterial infection,8
4018,MP:0001613,phenotype,abnormal vasodilation,8
4019,FlyBase:FBgn0032643,gene,GCS2beta,4
4020,WBPhenotype:0001317,phenotype,evoked postsynaptic amplitude reduced,8
4021,WBPhenotype:0001351,phenotype,protein phosphorylation reduced,8
4022,ENSEMBL:ENSOANG00000014682,gene,ENSEMBL:ENSOANG00000014682,4
4023,MP:0000417,phenotype,short hair,8
4024,HP:0008069,phenotype,Neoplasm of the skin,8
4025,WBPhenotype:0002428,phenotype,intestinal degeneration,8
4026,MP:0000116,phenotype,abnormal tooth development,8
4027,ZP:0004979,phenotype,"sarcomere ventricular myocardium sparse, abnormal",8
4028,ENSEMBL:ENSMMUG00000006431,gene,ENSEMBL:ENSMMUG00000006431,4
4029,ClinVarVariant:526098,variant,NM_000109.4(DMD):c.3793del (p.Ser1265fs),10
4030,ZP:0009539,phenotype,"blood accumulation sinus venosus, abnormal",8
4031,HP:0001098,phenotype,Abnormal fundus morphology,8
4032,MP:0012029,phenotype,abnormal electroretinogram waveform feature,8
4033,PomBase:SPCC825.02,gene,gbs1,4
4034,MP:0008055,phenotype,increased urine osmolality,8
4035,WBPhenotype:0001302,phenotype,P granule localization defective,8
4036,ENSEMBL:ENSSSCG00000010313,gene,ENSEMBL:ENSSSCG00000010313,4
4037,MP:0005635,phenotype,decreased circulating bilirubin level,8
4038,MP:0000703,phenotype,abnormal thymus morphology,8
4039,OMIA-breed:154,biological artifact,Cavalier King Charles Spaniel (dog),0
4040,2630,drug,thiethylperazine,3
4041,ENSEMBL:ENSFCAG00000002534,gene,ENSEMBL:ENSFCAG00000002534,4
4042,HP:0012723,phenotype,Sinoatrial block,8
4043,ClinVarVariant:832986,variant,NC_000023.11:g.(?_32461199)_(32849830_?)del,10
4044,ClinVarVariant:857756,variant,NM_004006.3(DMD):c.10227del (p.Val3410fs),10
4045,ZP:0004689,phenotype,"epidermis median fin fold disorganized, abnormal",8
4046,ZP:0000756,phenotype,"Z disc cardiac muscle cell shape, abnormal",8
4047,ZP:0001534,phenotype,"heart contraction increased rate, abnormal",8
4048,HGNC:3032,gene,DRP2,4
4049,ENSEMBL:ENSMMUG00000018600,gene,ENSEMBL:ENSMMUG00000018600,4
4050,MP:0001349,phenotype,excessive tearing,8
4051,ZP:0003011,phenotype,"notochord cellular quality, abnormal",8
4052,HP:0002705,phenotype,"High, narrow palate",8
4053,ClinVarVariant:526084,variant,NM_004006.2(DMD):c.1075G>T (p.Glu359Ter),10
4054,WBPhenotype:0001161,phenotype,maternal pronucleus indistinct early emb,8
4055,HP:0002312,phenotype,Clumsiness,8
4056,MP:0010035,phenotype,increased erythrocyte clearance,8
4057,ENSEMBL:ENSOANG00000043938,gene,ENSEMBL:ENSOANG00000043938,4
4058,MP:0003627,phenotype,abnormal leukocyte tethering or rolling,8
4059,ENSEMBL:ENSMMUG00000028743,gene,ENSEMBL:ENSMMUG00000028743,4
4060,ENSEMBL:ENSCAFG00000013830,gene,CAPN1,4
4061,ZP:0010943,phenotype,"interrenal  angiogenic sprout mislocalised laterally, abnormal",8
4062,HP:0001761,phenotype,Pes cavus,8
4063,MP:0012557,phenotype,decreased calcium uptake by cardiac muscle,8
4064,MP:0001951,phenotype,abnormal breathing pattern,8
4065,ENSEMBL:ENSSSCG00000002690,gene,GAN,4
4066,MP:0006400,phenotype,decreased molar number,8
4067,WBPhenotype:0001675,phenotype,male gonad development variant,8
4068,ZP:0005565,phenotype,"pronephric tubule dilated, abnormal",8
4069,MP:0014115,phenotype,cognitive inflexibility,8
4070,dictyBase:DDB_G0287161,gene,DDB0187314,4
4071,ENSEMBL:ENSGALG00000034528,gene,SNTB1,4
4072,ENSEMBL:ENSACAG00000000790,gene,ENSEMBL:ENSACAG00000000790,4
4073,ZP:0004941,phenotype,"Kupffer's vesicle development disrupted, abnormal",8
4074,HP:0001397,phenotype,Hepatic steatosis,8
4075,Xenbase:XB-GENE-6257751,gene,nup58,4
4076,MP:0008143,phenotype,abnormal dendrite morphology,8
4077,ENSEMBL:ENSGALG00000004980,gene,ENSEMBL:ENSGALG00000004980,4
4078,HP:0001010,phenotype,Hypopigmentation of the skin,8
4079,HGNC:9863,gene,RAPSN,4
4080,ENSEMBL:ENSOANG00000008420,gene,ENSEMBL:ENSOANG00000008420,4
4081,WBPhenotype:0002156,phenotype,temperature learning variant,8
4082,HP:0005537,phenotype,Decreased mean platelet volume,8
4083,MP:0009657,phenotype,failure of chorioallantoic fusion,8
4084,MP:0003419,phenotype,delayed endochondral bone ossification,8
4085,ENSEMBL:ENSGALG00000010988,gene,MPP6,4
4086,ENSEMBL:ENSECAG00000020715,gene,ENSEMBL:ENSECAG00000020715,4
4087,ENSEMBL:ENSFCAG00000008541,gene,ENSEMBL:ENSFCAG00000008541,4
4088,ClinVarVariant:803945,variant,NM_004006.3(DMD):c.635_636dup (p.Leu213fs),10
4089,MP:0009026,phenotype,abnormal brain pia mater morphology,8
4090,ZP:0001522,phenotype,"nucleus skeletal muscle cell mislocalised, abnormal",8
4091,951,drug,dosulepin,3
4092,ENSEMBL:ENSOANG00000015835,gene,ENSEMBL:ENSOANG00000015835,4
4093,ENSEMBL:ENSMODG00000023914,gene,ENSEMBL:ENSMODG00000023914,4
4094,WBPhenotype:0001013,phenotype,pathogen susceptibility increased,8
4095,EFO:0009764,phenotype,eye colour measurement,8
4096,Xenbase:XB-GENE-5759106,gene,vcl,4
4097,Xenbase:XB-GENE-479643,gene,mybpc3,4
4098,MP:0010154,phenotype,abnormal gastroesophageal sphincter physiology,8
4099,ZP:0003028,phenotype,"fast muscle myoblast decreased length, abnormal",8
4100,FlyBase:FBgn0000667,gene,Actn,4
4101,MP:0003855,phenotype,abnormal forelimb zeugopod morphology,8
4102,MP:0004833,phenotype,ovary atrophy,8
4103,ClinVarVariant:217178,variant,NM_004006.2(DMD):c.1388G>A (p.Trp463Ter),10
4104,ENSEMBL:ENSECAG00000017905,gene,ENSEMBL:ENSECAG00000017905,4
4105,ENSEMBL:ENSGALG00000045085,gene,IFIT5,4
4106,MP:0004150,phenotype,absent caveolae,8
4107,OMIM:300377.0025,variant,"DMD, IVS1, G-T, +1",10
4108,ENSEMBL:ENSMODG00000007852,gene,ENSEMBL:ENSMODG00000007852,4
4109,ClinVarVariant:526154,variant,NC_000023.10:g.(?_31279052)_(31747885_?)dup,10
4110,GO:0045202,molecular function,synapse,7
4111,WBPhenotype:0000339,phenotype,transient bloating,8
4112,WBPhenotype:0001208,phenotype,RNAi resistant,8
4113,MP:0008531,phenotype,increased chemical nociceptive threshold,8
4114,ZFIN:ZDB-GENE-011212-3,gene,vim,4
4115,MP:0001921,phenotype,reduced fertility,8
4116,ENSEMBL:ENSBTAG00000001865,gene,ENSEMBL:ENSBTAG00000001865,4
4117,MP:0009293,phenotype,decreased inguinal fat pad weight,8
4118,ClinVarVariant:455821,variant,NC_000023.11:g.(?_31875168)_(31968534_?)del,10
4119,186,drug,amodiaquine,3
4120,ClinVarVariant:803832,variant,NM_004006.3(DMD):c.7872+1G>A,10
4121,NCBIGene:572297,gene,LOC572297,4
4122,ClinVarVariant:833410,variant,NC_000023.11:g.(?_31773950)_(32573856_?)del,10
4123,MP:0013488,phenotype,increased keratoacanthoma incidence,8
4124,FBcv:0000434,phenotype,abnormal neurophysiology,8
4125,dbSNP:rs2685902,variant,rs2685902-?,10
4126,ZP:0001516,phenotype,"neutrophil skeletal muscle present, abnormal",8
4127,ENSEMBL:ENSGALG00000006591,gene,TNNI2,4
4128,ZP:0011756,phenotype,"bulbus arteriosus development process quality, abnormal",8
4129,ClinVarVariant:803904,variant,NM_004006.3(DMD):c.2708del (p.Gly903fs),10
4130,NCBIGene:100331149,gene,LOC100331149,4
4131,ENSEMBL:ENSECAG00000021777,gene,ENSEMBL:ENSECAG00000021777,4
4132,ClinVarVariant:455822,variant,NC_000023.11:g.(?_31875168)_(33339285_?)del,10
4133,WBPhenotype:0002325,phenotype,backward point velocity increased,8
4134,ENSEMBL:ENSACAG00000013010,gene,ENSEMBL:ENSACAG00000013010,4
4135,ENSEMBL:ENSGALG00000033561,gene,ENSEMBL:ENSGALG00000033561,4
4136,ZP:0018354,phenotype,"cilium hair cell anterior macula decreased length, abnormal",8
4137,HP:0008216,phenotype,Adrenal gland dysgenesis,8
4138,ZP:0004697,phenotype,"pectoral fin has fewer parts of type lepidotrichium, abnormal",8
4139,Coriell:GM05127,biological artifact,NIGMS-GM05127,0
4140,ZP:0002195,phenotype,"microtubule cytoskeleton Mauthner neuron decreased mass density, abnormal",8
4141,HGNC:6153,gene,ITGB1,4
4142,ENSEMBL:ENSMMUG00000001291,gene,ENSEMBL:ENSMMUG00000001291,4
4143,WormBase:WBGene00006588,gene,tnt-3,4
4144,ENSEMBL:ENSMODG00000010165,gene,ENSEMBL:ENSMODG00000010165,4
4145,ClinVarVariant:803912,variant,NM_004006.3(DMD):c.2461G>T (p.Glu821Ter),10
4146,WBPhenotype:0001445,phenotype,sodium acetate adaptation defective,8
4147,4314,drug,aceclidine,3
4148,WBPhenotype:0000542,phenotype,fat,8
4149,ZP:0013026,phenotype,"sarcomere atrium morphology, abnormal",8
4150,ZP:0000034,phenotype,"hindbrain quality, abnormal",8
4151,MP:0010392,phenotype,prolonged QRS complex duration,8
4152,2106,drug,perhexiline,3
4153,ZP:0006637,phenotype,"blood accumulation cranial vasculature, abnormal",8
4154,ZP:0006725,phenotype,"endoplasmic reticulum unfolded protein response increased process quality, abnormal",8
4155,MP:0002833,phenotype,increased heart weight,8
4156,HP:0500018,phenotype,Abnormal cardiac exercise stress test,8
4157,Xenbase:XB-GENE-986079,gene,plekha4,4
4158,MGI:1914487,gene,Cul4a,4
4159,ClinVarVariant:455948,variant,NM_000109.4(DMD):c.9857_9866del (p.Trp3286fs),10
4160,ENSEMBL:ENSECAG00000020452,gene,ENSEMBL:ENSECAG00000020452,4
4161,ENSEMBL:ENSMODG00000038857,gene,ENSEMBL:ENSMODG00000038857,4
4162,dictyBase:DDB_G0269896,gene,DDB0190653,4
4163,ENSEMBL:ENSFCAG00000011140,gene,ENSEMBL:ENSFCAG00000011140,4
4164,MP:0008151,phenotype,increased diameter of long bones,8
4165,HP:0005736,phenotype,Short tibia,8
4166,MONARCH:APO_0000201APO_0000003,phenotype,acid pH resistance:decreased,8
4167,ENSEMBL:ENSACAG00000011077,gene,ENSEMBL:ENSACAG00000011077,4
4168,EFO:0004682,phenotype,QT interval,8
4169,MP:0005656,phenotype,decreased aggression,8
4170,ClinVarVariant:409885,variant,NM_000109.4(DMD):c.9016dup (p.Leu3006fs),10
4171,ClinVarVariant:11217,variant,"DMD, AG-T, EX48",10
4172,WormBase:WBGene00001978,gene,hmp-1,4
4173,ENSEMBL:ENSCAFG00000008253,gene,ENSEMBL:ENSCAFG00000008253,4
4174,WormBase:WBGene00003370,gene,mlc-2,4
4175,ZP:0013172,phenotype,"cell fate specification process quality, abnormal",8
4176,ENSEMBL:ENSACAG00000009622,gene,ENSEMBL:ENSACAG00000009622,4
4177,ZP:0001402,phenotype,"eye hemorrhagic, abnormal",8
4178,ENSEMBL:ENSCAFG00000004208,gene,FKRP,4
4179,HGNC:13741,gene,SNTG2,4
4180,ENSEMBL:ENSOANG00000004594,gene,ENSEMBL:ENSOANG00000004594,4
4181,ZFIN:ZDB-GENE-030131-7880,gene,osgep,4
4182,MP:0002972,phenotype,abnormal cardiac muscle contractility,8
4183,WBPhenotype:0001103,phenotype,spindle absent early emb,8
4184,MP:0002825,phenotype,abnormal notochord morphology,8
4185,ENSEMBL:ENSGALG00000009621,gene,ENSEMBL:ENSGALG00000009621,4
4186,FlyBase:FBgn0034567,gene,CG15651,4
4187,ClinVarVariant:803859,variant,NM_004006.3(DMD):c.5636G>A (p.Trp1879Ter),10
4188,ZP:0009668,phenotype,"palatoquadrate cartilage morphology, abnormal",8
4189,391,drug,bortezomib,3
4190,FlyBase:FBgn0003301,gene,rut,4
4191,MP:0001828,phenotype,abnormal T cell activation,8
4192,ZFIN:ZDB-GENE-080215-4,gene,mark2b,4
4193,WBPhenotype:0001014,phenotype,pathogen resistance increased,8
4194,MP:0000388,phenotype,absent hair follicle inner root sheath,8
4195,WBPhenotype:0001980,phenotype,germ cell compartment expansion variant,8
4196,ClinVarVariant:981994,variant,NC_000023.11:g.(31729749_31773959)_(31836820_31875187)del,10
4197,Xenbase:XB-GENE-955189,gene,bcar1,4
4198,ClinVarVariant:847633,variant,NM_004006.3(DMD):c.178del (p.Gln60fs),10
4199,MP:0030935,phenotype,increased primordial germ cell apoptosis,8
4200,ClinVarVariant:11275,variant,"DMD, IVS70, G-T, +5",10
4201,ZFIN:ZDB-GENE-160216-3,gene,kcnj4,4
4202,WormBase:WBGene00000156,gene,apr-1,4
4203,729,drug,colforsin daropate,3
4204,WormBase:WBGene00007048,gene,nfx-1,4
4205,ClinVarVariant:217215,variant,NM_004006.2(DMD):c.8390+2T>C,10
4206,dbSNP:rs145835909,variant,rs145835909-G,10
4207,HP:0002450,phenotype,Abnormal motor neuron morphology,8
4208,ENSEMBL:ENSOANG00000039013,gene,ENSEMBL:ENSOANG00000039013,4
4209,WormBase:WBGene00001187,gene,egl-19,4
4210,4818,drug,florbetaben F18,3
4211,MP:0008596,phenotype,increased circulating interleukin-6 level,8
4212,ZP:0002210,phenotype,"posterior lateral line neuromast primordium migration arrested, abnormal",8
4213,ZFIN:ZDB-GENE-030131-8109,gene,myl1,4
4214,ZP:0008028,phenotype,"atrium lacks parts or has fewer parts of type Z disc cardiac muscle cell, abnormal",8
4215,ClinVarVariant:833435,variant,NC_000023.11:g.(?_32310072)_(32518150_?)dup,10
4216,HP:0011297,phenotype,Abnormal digit morphology,8
4217,ZFIN:ZDB-GENE-030131-2774,gene,bcar1,4
4218,ClinVarVariant:849051,variant,NM_004006.3(DMD):c.4914_4915del (p.Lys1639fs),10
4219,MP:0006107,phenotype,abnormal fetal atrioventricular canal morphology,8
4220,ENSEMBL:ENSBTAG00000050839,gene,DISC1,4
4221,ZP:0000732,phenotype,"palatoquadrate arch decreased length, abnormal",8
4222,Q13177,gene product,Serine/threonine-protein kinase PAK 2,5
4223,ZFIN:ZDB-GENE-040426-1263,gene,capn1a,4
4224,MP:0013192,phenotype,decreased sebaceous gland number,8
4225,ZP:0106693,phenotype,"myocardium decreased process quality sarcomere organization, abnormal",8
4226,ENSEMBL:ENSACAG00000017407,gene,ENSEMBL:ENSACAG00000017407,4
4227,WBPhenotype:0000202,phenotype,alae variant,8
4228,ClinVarVariant:838434,variant,NM_004006.3(DMD):c.7378G>T (p.Glu2460Ter),10
4229,MP:0002583,phenotype,absent extraembryonic ectoderm,8
4230,MP:0001394,phenotype,circling,8
4231,WormBase:WBGene00001131,gene,dys-1,4
4232,4816,drug,umeclidinium,3
4233,ClinVarVariant:665639,variant,NC_000023.11:g.(?_31836708)_(31968524_?)del,10
4234,HP:0010923,phenotype,Anterior subcapsular cataract,8
4235,ClinVarVariant:665032,variant,NC_000023.11:g.(?_32310072)_(32454842_?)del,10
4236,ClinVarVariant:803830,variant,NM_004006.3(DMD):c.8027+1G>T,10
4237,ClinVarVariant:660142,variant,NC_000023.11:g.(?_31679355)_(31774212_?)del,10
4238,ENSEMBL:ENSSSCG00000016658,gene,ANLN,4
4239,ZP:0000051,phenotype,"optic tectum disorganized, abnormal",8
4240,ZP:0008027,phenotype,"atrium lacks parts or has fewer parts of type sarcomere cardiac muscle cell, abnormal",8
4241,SGD:S000003450,gene,CRM1,4
4242,MP:0004542,phenotype,impaired acrosome reaction,8
4243,MP:0005452,phenotype,abnormal adipose tissue amount,8
4244,GO:0046716,molecular function,muscle cell cellular homeostasis,7
4245,ClinVarVariant:560054,variant,ClinVarVariant:560054,10
4246,MP:0003232,phenotype,abnormal forebrain development,8
4247,MP:0000755,phenotype,hindlimb paralysis,8
4248,HP:0001679,phenotype,Abnormal aortic morphology,8
4249,ZP:0006773,phenotype,"extracellular matrix cranium decreased volume, abnormal",8
4250,ENSEMBL:ENSMMUG00000019297,gene,ENSEMBL:ENSMMUG00000019297,4
4251,ENSEMBL:ENSMMUG00000001951,gene,ENSEMBL:ENSMMUG00000001951,4
4252,ENSEMBL:ENSPTRG00000013750,gene,ENSEMBL:ENSPTRG00000013750,4
4253,ZP:0014340,phenotype,"myofibril muscle cell absent, abnormal",8
4254,ZP:0005108,phenotype,"T-tubule muscle broken, abnormal",8
4255,MP:0004021,phenotype,abnormal rod electrophysiology,8
4256,ClinVarVariant:938083,variant,NM_004006.3(DMD):c.2926G>T (p.Glu976Ter),10
4257,MONARCH:APO_0000123APO_0000005,phenotype,recovery from pheromone-induced cell cycle arrest:absent,8
4258,ZP:0003154,phenotype,"axon lateral line nerve decreased length, abnormal",8
4259,MP:0009858,phenotype,abnormal cellular extravasation,8
4260,ClinVarVariant:831978,variant,NC_000023.11:g.(?_32573520)_(32849830_?)del,10
4261,MP:0003953,phenotype,abnormal hormone level,8
4262,ClinVarVariant:409942,variant,NM_004006.2(DMD):c.2077C>T (p.Gln693Ter),10
4263,WBPhenotype:0000280,phenotype,breaks in alae,8
4264,HP:0030047,phenotype,Abnormal lateral ventricle morphology,8
4265,HP:0000400,phenotype,Macrotia,8
4266,OMIM:300377.0048,variant,"DMD, GLN1041TER",10
4267,MP:0008174,phenotype,decreased follicular B cell number,8
4268,ENSEMBL:ENSACAG00000003593,gene,ENSEMBL:ENSACAG00000003593,4
4269,ZP:0002196,phenotype,"cell aging increased magnitude, abnormal",8
4270,WBPhenotype:0000351,phenotype,failure to hatch,8
4271,ZP:0003197,phenotype,"locomotion disrupted, abnormal",8
4272,MGI:97272,gene,Myl2,4
4273,ZFIN:ZDB-GENE-000329-1,gene,actb1,4
4274,HP:0002753,phenotype,Thin bony cortex,8
4275,HP:0004370,phenotype,Abnormality of temperature regulation,8
4276,ENSEMBL:ENSOANG00000050950,gene,ENSEMBL:ENSOANG00000050950,4
4277,EFO:0006821,phenotype,trans fatty acid measurement,8
4278,OMIM:300377.0085,variant,"DMD, EX45-47DEL",10
4279,FBcv:0000349,phenotype,viable,8
4280,ZP:0000038,phenotype,"pericardium edematous, abnormal",8
4281,ZP:0001036,phenotype,"whole organism increased speed, abnormal",8
4282,MP:0000961,phenotype,abnormal dorsal root ganglion morphology,8
4283,WormBase:WBGene00000065,gene,act-3,4
4284,3220,drug,femoxetine,3
4285,5443,drug,casimersen,3
4286,MP:0002704,phenotype,tubular nephritis,8
4287,ClinVarVariant:658441,variant,NC_000023.11:g.(?_32809483)_(32849830_?)del,10
4288,HP:0001636,phenotype,Tetralogy of Fallot,8
4289,FlyBase:FBgn0261385,gene,scra,4
4290,ENSEMBL:ENSBTAG00000004997,gene,ENSEMBL:ENSBTAG00000004997,4
4291,MP:0001210,phenotype,skin ridges,8
4292,Xenbase:XB-GENE-493748,gene,kcnj4,4
4293,ENSEMBL:ENSMODG00000017041,gene,ENSEMBL:ENSMODG00000017041,4
4294,ClinVarVariant:984216,variant,NM_004006.3(DMD):c.8023A>T (p.Lys2675Ter),10
4295,ZP:0138050,phenotype,"swimming decreased frequency, abnormal",8
4296,WormBase:WBGene00000424,gene,ced-10,4
4297,ZP:0100171,phenotype,"tonic skeletal muscle contraction decreased intensity, abnormal",8
4298,ENSEMBL:ENSMODG00000017253,gene,ENSEMBL:ENSMODG00000017253,4
4299,ClinVarVariant:831707,variant,NC_000023.11:g.(?_32595747)_(32595886_?)del,10
4300,MP:0010936,phenotype,decreased airway resistance,8
4301,HP:0011807,phenotype,Type 1 muscle fiber atrophy,8
4302,ZP:0000655,phenotype,"retina disorganized, abnormal",8
4303,EFO:0003912,phenotype,ankle brachial index,8
4304,HP:0008734,phenotype,Decreased testicular size,8
4305,EFO:0007925,phenotype,response to paliperidone,8
4306,ClinVarVariant:94511,variant,NM_004006.2(DMD):c.2419C>T (p.Gln807Ter),10
4307,ZP:0008068,phenotype,"extracellular matrix myotome structure, abnormal",8
4308,ZP:0102336,phenotype,"intestinal epithelium decreased amount, abnormal",8
4309,ZP:0019903,phenotype,"motile cilium Kupffer's vesicle decreased functionality, abnormal",8
4310,ZFIN:ZDB-GENE-051127-17,gene,ifit8,4
4311,Xenbase:XB-GENE-966697,gene,stub1,4
4312,ClinVarVariant:803818,variant,NM_004006.3(DMD):c.8669-2A>T,10
4313,HP:0010864,phenotype,"Intellectual disability, severe",8
4314,1529,drug,ketorolac,3
4315,FlyBase:FBgn0000047,gene,Act88F,4
4316,GO:0043043,molecular function,peptide biosynthetic process,7
4317,ZP:0000031,phenotype,"swim bladder inflation arrested, abnormal",8
4318,ENSEMBL:ENSPTRG00000004526,gene,ENSEMBL:ENSPTRG00000004526,4
4319,ZFIN:ZDB-GENE-130819-1,gene,lamtor1,4
4320,MGI:894645,gene,Pick1,4
4321,ClinVarVariant:417481,variant,NC_000023.10:g.(?_32827610)_(33229673_?)dup,10
4322,WBPhenotype:0002327,phenotype,velocity of movement increased,8
4323,WBPhenotype:0002326,phenotype,velocity of movement decreased,8
4324,WBPhenotype:0001370,phenotype,protein protein interaction variant,8
4325,MP:0003060,phenotype,increased aerobic running capacity,8
4326,dictyBase:DDB_G0276459,gene,pakB,4
4327,ENSEMBL:ENSPTRG00000018944,gene,ENSEMBL:ENSPTRG00000018944,4
4328,2389,drug,risperidone,3
4329,RGD:3751,gene,Sptbn2,4
4330,MP:0000702,phenotype,enlarged lymph nodes,8
4331,ENSEMBL:ENSCAFG00000019342,gene,AGRN,4
4332,MP:0005560,phenotype,decreased circulating glucose level,8
4333,ZP:0021038,phenotype,"epicardium increased occurrence cell population proliferation, abnormal",8
4334,MP:0002404,phenotype,increased intestinal adenoma incidence,8
4335,ZP:0106691,phenotype,"cytosol myocardium increased distribution, abnormal",8
4336,ZP:0002717,phenotype,"myotome malformed, abnormal",8
4337,HP:0040088,phenotype,Abnormal lymphocyte count,8
4338,MP:0006024,phenotype,collapsed Reissner membrane,8
4339,ZP:0018639,phenotype,"heart increased distribution, abnormal",8
4340,WBPhenotype:0001913,phenotype,excess coelomocytes,8
4341,ZFIN:ZDB-GENE-030313-1,gene,rapsn,4
4342,ZP:0002068,phenotype,"lens separated from cell lens epithelium, abnormal",8
4343,HP:0001649,phenotype,Tachycardia,8
4344,ZP:0003949,phenotype,"spinal cord motor neuron differentiation disrupted, abnormal",8
4345,ENSEMBL:ENSMMUG00000016321,gene,ENSEMBL:ENSMMUG00000016321,4
4346,ENSEMBL:ENSECAG00000010652,gene,ENSEMBL:ENSECAG00000010652,4
4347,WormBase:WBGene00000951,gene,deg-3,4
4348,HP:0003546,phenotype,Exercise intolerance,8
4349,MP:0002118,phenotype,abnormal lipid homeostasis,8
4350,ENSEMBL:ENSGALG00000025842,gene,TPM2,4
4351,HP:0000020,phenotype,Urinary incontinence,8
4352,ENSEMBL:ENSFCAG00000035306,gene,ENSEMBL:ENSFCAG00000035306,4
4353,ENSEMBL:ENSGALG00000004620,gene,ENSEMBL:ENSGALG00000004620,4
4354,ClinVarVariant:662835,variant,NC_000023.11:g.(?_31836708)_(31879410_?)del,10
4355,MONARCH:APO_0000046APO_0000004,phenotype,silencing:increased,8
4356,1816,drug,mirtazapine,3
4357,WormBase:WBGene00006789,gene,unc-54,4
4358,ClinVarVariant:526055,variant,NM_004006.2(DMD):c.6251_6290+12981del,10
4359,HP:0008221,phenotype,Adrenal hyperplasia,8
4360,ZP:0019893,phenotype,"cell presumptive neural retina decreased length, abnormal",8
4361,MP:0001107,phenotype,decreased Schwann cell number,8
4362,ClinVarVariant:833396,variant,NC_000023.11:g.(?_31932070)_(31968524_?)del,10
4363,FBcv:0000379,phenotype,enhancer of variegation,8
4364,ENSEMBL:ENSSSCG00000033178,gene,ENSEMBL:ENSSSCG00000033178,4
4365,ZP:0001921,phenotype,"vagal ganglion malformed, abnormal",8
4366,MP:0009586,phenotype,increased platelet aggregation,8
4367,MGI:1927551,gene,Osbpl1a,4
4368,ZP:0101687,phenotype,"preoptic area decreased distribution, abnormal",8
4369,HP:0002033,phenotype,Poor suck,8
4370,MGI:2148259,variant,Dmd<Gt(ROSABetageo)1Mpd>,10
4371,HP:0002024,phenotype,Malabsorption,8
4372,ZP:0102334,phenotype,"intestine lumen decreased volume, abnormal",8
4373,ENSEMBL:ENSOANG00000044528,gene,ENSEMBL:ENSOANG00000044528,4
4374,ZP:0001509,phenotype,"muscle refractivity, abnormal",8
4375,ENSEMBL:ENSECAG00000011760,gene,ENSEMBL:ENSECAG00000011760,4
4376,ZP:0008036,phenotype,"slow muscle cell decreased diameter, abnormal",8
4377,ZP:0001772,phenotype,"retina quality, abnormal",8
4378,ENSEMBL:ENSBTAG00000033190,gene,ENSEMBL:ENSBTAG00000033190,4
4379,ClinVarVariant:960509,variant,NM_004006.3(DMD):c.1294_1295dup (p.Cys433fs),10
4380,WBPhenotype:0000420,phenotype,levamisole hypersensitive,8
4381,HP:0012110,phenotype,Hypoplasia of the pons,8
4382,PomBase:SPBC32F12.10,gene,pgm1,4
4383,EFO:0004767,phenotype,visceral:subcutaneous adipose tissue ratio,8
4384,WormBase:WBGene00006589,gene,tnt-4,4
4385,FBcv:0007508,phenotype,decreased size,8
4386,ClinVarVariant:94469,variant,NM_004006.2(DMD):c.1482+1G>T,10
4387,MP:0010948,phenotype,abnormal double-strand DNA break repair,8
4388,MP:0003935,phenotype,abnormal craniofacial development,8
4389,ZP:0004060,phenotype,"cranial vasculature morphology, abnormal",8
4390,ZP:0007278,phenotype,"head increased accumulation blood, abnormal",8
4391,ClinVarVariant:982017,variant,NC_000023.11:g.(32614454_32644131)_(32645153_32697869)del,10
4392,ClinVarVariant:832941,variant,NC_000023.11:g.(?_32216906)_(32287711_?)del,10
4393,MP:0013916,phenotype,decreased intestine length,8
4394,ENSEMBL:ENSBTAG00000009065,gene,MAP3K5,4
4395,ENSEMBL:ENSPTRG00000006504,gene,ENSEMBL:ENSPTRG00000006504,4
4396,ENSEMBL:ENSFCAG00000004357,gene,ENSEMBL:ENSFCAG00000004357,4
4397,ClinVarVariant:217208,variant,NM_004013.2(DMD):c.-770dup,10
4398,ClinVarVariant:239606,variant,NM_004006.2(DMD):c.4870C>T (p.Gln1624Ter),10
4399,HP:0012703,phenotype,Abnormal subarachnoid space morphology,8
4400,ENSEMBL:ENSMODG00000017860,gene,ENSEMBL:ENSMODG00000017860,4
4401,GO:0008307,molecular function,structural constituent of muscle,7
4402,ClinVarVariant:94421,variant,NM_004006.2(DMD):c.10033C>T (p.Arg3345Ter),10
4403,MP:0004524,phenotype,short cochlear hair cell stereocilia,8
4404,MP:0008190,phenotype,decreased transitional stage B cell number,8
4405,RGD:1307068,gene,Snta1,4
4406,ClinVarVariant:832148,variant,NC_000023.11:g.(?_32390061)_(32823850_?)del,10
4407,HP:0002018,phenotype,Nausea,8
4408,HP:0007984,phenotype,Electronegative electroretinogram,8
4409,MP:0000968,phenotype,abnormal sensory neuron innervation pattern,8
4410,HP:0011611,phenotype,Interrupted aortic arch,8
4411,ZP:0005818,phenotype,"nucleus eye photoreceptor cell condensed, abnormal",8
4412,ENSEMBL:ENSOANG00000007889,gene,ENSEMBL:ENSOANG00000007889,4
4413,ZP:0002456,phenotype,"whole organism decreased weight, abnormal",8
4414,ENSEMBL:ENSSSCG00000008008,gene,ENSEMBL:ENSSSCG00000008008,4
4415,HP:0000787,phenotype,Nephrolithiasis,8
4416,WormBase:WBGene00002226,gene,klp-16,4
4417,ZP:0018546,phenotype,"whole organism increased amount, abnormal",8
4418,ENSEMBL:ENSGALG00000041013,gene,TNS1,4
4419,WBPhenotype:0001978,phenotype,germ cell partition absent,8
4420,MP:0011098,phenotype,"embryonic lethality during organogenesis, complete penetrance",8
4421,HP:0004755,phenotype,Supraventricular tachycardia,8
4422,MP:0004091,phenotype,abnormal Z line morphology,8
4423,ZP:0100137,phenotype,"muscle tendon junction myotome spatial pattern, abnormal",8
4424,WBPhenotype:0001794,phenotype,cytoplasmic processing body variant,8
4425,EFO:0004713,phenotype,FEV/FEC ratio,8
4426,MP:0011967,phenotype,increased or absent threshold for auditory brainstem response,8
4427,WBPhenotype:0000533,phenotype,cell morphology variant,8
4428,FlyBase:FBgn0011747,gene,Ank,4
4429,Xenbase:XB-GENE-981222,gene,tnni1,4
4430,SGD:S000004414,gene,DCK1,4
4431,MP:0001153,phenotype,small seminiferous tubules,8
4432,HP:0012722,phenotype,Heart block,8
4433,HP:0011032,phenotype,Abnormality of fluid regulation,8
4434,WBPhenotype:0001941,phenotype,rachis narrow,8
4435,ZFIN:ZDB-GENE-990415-269,gene,tpma,4
4436,MP:0008451,phenotype,retinal rod cell degeneration,8
4437,WBPhenotype:0001852,phenotype,antihelmintic response variant,8
4438,ZP:0003716,phenotype,"ventricular myocardium decreased contractility, abnormal",8
4439,HP:0002578,phenotype,Gastroparesis,8
4440,ZP:0004983,phenotype,"hindbrain edematous, abnormal",8
4441,ZP:0018611,phenotype,"nucleate erythrocyte accumulation brain, abnormal",8
4442,MP:0004998,phenotype,decreased CNS synapse formation,8
4443,EnsemblGenome:BAA35337,gene,EnsemblGenome:BAA35337,4
4444,ENSEMBL:ENSMODG00000047156,gene,ENSEMBL:ENSMODG00000047156,4
4445,MP:0003070,phenotype,increased vascular permeability,8
4446,MP:0000023,phenotype,abnormal ear position,8
4447,ZP:0003055,phenotype,"regulation of blood pressure disrupted, abnormal",8
4448,RGD:1308940,gene,Tmod4,4
4449,SGD:S000004354,gene,STE11,4
4450,ENSEMBL:ENSOANG00000000991,gene,ENSEMBL:ENSOANG00000000991,4
4451,ClinVarVariant:217195,variant,NM_004006.2(DMD):c.355C>T (p.Gln119Ter),10
4452,ENSEMBL:ENSACAG00000003514,gene,ENSEMBL:ENSACAG00000003514,4
4453,ZP:0018675,phenotype,"right side lateral plate mesoderm mislocalised, abnormal",8
4454,ENSEMBL:ENSFCAG00000005527,gene,ENSEMBL:ENSFCAG00000005527,4
4455,ZP:0000029,phenotype,"retinal ganglion cell axon guidance disrupted, abnormal",8
4456,ENSEMBL:ENSOANG00000021943,gene,ENSEMBL:ENSOANG00000021943,4
4457,MP:0006386,phenotype,absent somites,8
4458,HP:0100245,phenotype,Desmoid tumors,8
4459,ENSEMBL:ENSFCAG00000046228,gene,ENSEMBL:ENSFCAG00000046228,4
4460,MP:0003224,phenotype,neuron degeneration,8
4461,ZFIN:ZDB-GENE-041114-60,gene,tnni2a.1,4
4462,MP:0001525,phenotype,impaired balance,8
4463,MP:0008614,phenotype,increased circulating interleukin-17 level,8
4464,WBPhenotype:0000885,phenotype,engulfment variant,8
4465,ENSEMBL:ENSGALG00000015770,gene,APP,4
4466,ZP:0019901,phenotype,"establishment of epithelial cell apical/basal polarity involved in camera-type eye morphogenesis disrupted, abnormal",8
4467,ENSEMBL:ENSOANG00000007894,gene,ENSEMBL:ENSOANG00000007894,4
4468,ClinVarVariant:833041,variant,NC_000023.11:g.(?_31836708)_(31932237_?)del,10
4469,MP:0004753,phenotype,abnormal miniature excitatory postsynaptic currents,8
4470,ZFIN:ZDB-GENE-101001-5,gene,tns2b,4
4471,WBPhenotype:0001412,phenotype,alae morphology variant,8
4472,ENSEMBL:ENSSSCG00000027725,gene,CACNA1C,4
4473,ZP:0000582,phenotype,"myotome increased width, abnormal",8
4474,HP:0100651,phenotype,Type I diabetes mellitus,8
4475,HGNC:6392,gene,KIF23,4
4476,EFO:0007828,phenotype,daytime rest measurement,8
4477,EFO:0004833,phenotype,neutrophil count,8
4478,ZP:0000607,phenotype,"cell migration involved in gastrulation disrupted, abnormal",8
4479,SGD:S000005023,gene,TPM1,4
4480,WBPhenotype:0001790,phenotype,thermoreceptor currents absent,8
4481,Xenbase:XB-GENE-949238,gene,git2,4
4482,ClinVarVariant:560062,variant,ClinVarVariant:560062,10
4483,MP:0008497,phenotype,decreased IgG2b level,8
4484,ENSEMBL:ENSMODG00000016335,gene,ENSEMBL:ENSMODG00000016335,4
4485,ENSEMBL:ENSSSCG00000011455,gene,ENSEMBL:ENSSSCG00000011455,4
4486,ZP:0138049,phenotype,"response to absence of light increased process quality, abnormal",8
4487,ClinVarVariant:657901,variant,NC_000023.10:g.(?_32235013)_(33038337_?)dup,10
4488,ZFIN:ZDB-GENE-141215-26,gene,si:dkey-219e21.2,4
4489,HP:0001332,phenotype,Dystonia,8
4490,HP:0003694,phenotype,Late-onset proximal muscle weakness,8
4491,MGI:2176891,genotype,Dmd<mdx>; Dtna<tm1Jrs>/Dtna<tm1Jrs>; Utrn<tm1Jrs>/Utrn<tm1Jrs> [involves: 129S1/Sv * 129X1/SvJ * C57BL/10ScSn],6
4492,ZP:0008060,phenotype,"vertical myoseptum morphology, abnormal",8
4493,ClinVarVariant:640083,variant,NM_004006.2(DMD):c.7454G>A (p.Trp2485Ter),10
4494,HP:0002902,phenotype,Hyponatremia,8
4495,HP:0004394,phenotype,Multiple gastric polyps,8
4496,WBPhenotype:0001906,phenotype,hypodermal cell elongation defective,8
4497,ClinVarVariant:639867,variant,NC_000023.10:g.(?_32305636)_(32305828_?)dup,10
4498,ClinVarVariant:526064,variant,NM_004006.2(DMD):c.4501C>T (p.Gln1501Ter),10
4499,ZP:0001542,phenotype,"cardiac muscle cell increased size, abnormal",8
4500,MGI:1336170,gene,Mybpc2,4
4501,ENSEMBL:ENSFCAG00000036039,gene,ENSEMBL:ENSFCAG00000036039,4
4502,MP:0004120,phenotype,cardiac ischemia,8
4503,MP:0004386,phenotype,enlarged interparietal bone,8
4504,MGI:103306,gene,Tiam1,4
4505,OMIM:300377.0063,variant,"DMD, HIS2921ARG",10
4506,MP:0030143,phenotype,facial muscle spasm,8
4507,ZP:0001010,phenotype,"otic vesicle decreased size, abnormal",8
4508,MP:0020351,phenotype,decreased vocalization,8
4509,MP:0002939,phenotype,head spot,8
4510,ENSEMBL:ENSSSCG00000012034,gene,TIAM1,4
4511,MP:0010487,phenotype,abnormal right subclavian artery morphology,8
4512,FlyBase:FBgn0000244,gene,FlyBase:FBgn0000244,4
4513,5330,drug,selinexor,3
4514,WormBase:WBGene00000960,gene,dgk-3,4
4515,WBPhenotype:0000624,phenotype,reproductive system development variant,8
4516,ClinVarVariant:501218,variant,NM_000109.4(DMD):c.5524_5528del (p.Lys1842fs),10
4517,RGD:69437,gene,Pick1,4
4518,HGNC:11872,gene,TMOD2,4
4519,HP:0005180,phenotype,Tricuspid regurgitation,8
4520,MP:0020508,phenotype,decreased dendritic spine density,8
4521,WBPhenotype:0001663,phenotype,organism oxidative stress resistant,8
4522,ZP:0011342,phenotype,"caudal vein plexus increased occurrence sprouting angiogenesis, abnormal",8
4523,HGNC:3057,gene,DTNA,4
4524,NCBITaxon:28377,taxon,Anolis carolinensis,9
4525,MP:0000165,phenotype,abnormal long bone hypertrophic chondrocyte zone,8
4526,ZP:0022029,phenotype,"atrium increased amount, abnormal",8
4527,ENSEMBL:ENSOANG00000001919,gene,ENSEMBL:ENSOANG00000001919,4
4528,MP:0001491,phenotype,unresponsive to tactile stimuli,8
4529,MP:0008883,phenotype,abnormal enterocyte proliferation,8
4530,MP:0002111,phenotype,abnormal tail morphology,8
4531,ZP:0100138,phenotype,"muscle tendon junction myotome increased amount, abnormal",8
4532,ZP:0001489,phenotype,"somite saccular, abnormal",8
4533,ENSEMBL:ENSCAFG00000004043,gene,LAMA4,4
4534,ENSEMBL:ENSBTAG00000002778,gene,SF3B2,4
4535,Xenbase:XB-GENE-991126,gene,cacna1c,4
4536,MP:0030178,phenotype,abnormal scalp morphology,8
4537,MP:0008752,phenotype,abnormal tumor necrosis factor level,8
4538,ClinVarVariant:583835,variant,NC_000023.11:g.(?_32697850)_(32849840_?)del,10
4539,HP:0010702,phenotype,Increased circulating antibody level,8
4540,ENSEMBL:ENSSSCG00000009203,gene,ENSEMBL:ENSSSCG00000009203,4
4541,WormBase:WBGene00003690,gene,nhr-100,4
4542,HP:0009830,phenotype,Peripheral neuropathy,8
4543,MP:0002840,phenotype,abnormal lens fiber morphology,8
4544,MP:0000488,phenotype,abnormal intestinal epithelium morphology,8
4545,HP:0001290,phenotype,Generalized hypotonia,8
4546,MP:0020001,phenotype,decreased response to antigen,8
4547,HP:0002203,phenotype,Respiratory paralysis,8
4548,WBPhenotype:0000413,phenotype,pharyngeal muscle paralyzed,8
4549,HP:0000708,phenotype,Behavioral abnormality,8
4550,EFO:0004324,phenotype,body weights and measures,8
4551,ZP:0019890,phenotype,"presumptive retinal pigmented epithelium flattened, abnormal",8
4552,MP:0002891,phenotype,increased insulin sensitivity,8
4553,ClinVarVariant:11259,variant,"DMD, 1-BP DEL, 6408C",10
4554,ENSEMBL:ENSFCAG00000003038,gene,ENSEMBL:ENSFCAG00000003038,4
4555,HP:0005135,phenotype,Abnormal T-wave,8
4556,FBcv:0000405,phenotype,abnormal taste perception,8
4557,ZP:0007128,phenotype,"filamentous actin skeletal muscle cell aggregated, abnormal",8
4558,ZFIN:ZDB-GENE-030131-4145,gene,mark2a,4
4559,ENSEMBL:ENSECAG00000020912,gene,ENSEMBL:ENSECAG00000020912,4
4560,HP:0002251,phenotype,Aganglionic megacolon,8
4561,ZP:0002988,phenotype,"muscle tissue development disrupted, abnormal",8
4562,ENSEMBL:ENSECAG00000018600,gene,ENSEMBL:ENSECAG00000018600,4
4563,WormBase:WBGene00001835,gene,hda-2,4
4564,WBPhenotype:0002472,phenotype,cilia length decreased,8
4565,ENSEMBL:ENSOANG00000000625,gene,ENSEMBL:ENSOANG00000000625,4
4566,HP:0011448,phenotype,Ankle clonus,8
4567,ENSEMBL:ENSECAG00000023223,gene,ENSEMBL:ENSECAG00000023223,4
4568,ENSEMBL:ENSPTRG00000017291,gene,ENSEMBL:ENSPTRG00000017291,4
4569,ENSEMBL:ENSACAG00000005431,gene,ENSEMBL:ENSACAG00000005431,4
4570,MP:0005241,phenotype,abnormal retinal ganglion layer morphology,8
4571,HP:0000505,phenotype,Visual impairment,8
4572,ZP:0000594,phenotype,"embryo development delayed, abnormal",8
4573,ZP:0137790,phenotype,"myotome spatial pattern, abnormal",8
4574,HP:0100679,phenotype,Lack of skin elasticity,8
4575,ENSEMBL:ENSFCAG00000004613,gene,ENSEMBL:ENSFCAG00000004613,4
4576,ClinVarVariant:455818,variant,NC_000023.10:g.(?_31854815)_(31986651_?)del,10
4577,ZP:0100740,phenotype,"rhombomere 5 has extra parts of type facial nerve motor nucleus neuron projection motor neuron, abnormal",8
4578,ENSEMBL:ENSCAFG00000002402,gene,ENSEMBL:ENSCAFG00000002402,4
4579,Xenbase:XB-GENE-493024,gene,vim,4
4580,HGNC:6487,gene,LAMB2,4
4581,ZP:0021024,phenotype,"cell epicardium decreased size, abnormal",8
4582,ZP:0020569,phenotype,"acetylcholine-gated channel complex skeletal muscle distributed, abnormal",8
4583,ENSEMBL:ENSACAG00000012652,gene,ENSEMBL:ENSACAG00000012652,4
4584,2637,drug,thioridazine,3
4585,ENSEMBL:ENSECAG00000014150,gene,ENSEMBL:ENSECAG00000014150,4
4586,ZP:0017113,phenotype,"cell cardiac ventricle spatial pattern, abnormal",8
4587,MP:0002945,phenotype,abnormal inhibitory postsynaptic currents,8
4588,ENSEMBL:ENSOANG00000009519,gene,ENSEMBL:ENSOANG00000009519,4
4589,OMIA-breed:8,biological artifact,Miniature Schnauzer (dog),0
4590,WBPhenotype:0002053,phenotype,ivermectin resistant,8
4591,HP:0030553,phenotype,Visual acuity no light perception,8
4592,ENSEMBL:ENSMODG00000017651,gene,ENSEMBL:ENSMODG00000017651,4
4593,ZP:0002656,phenotype,"podocyte morphology, abnormal",8
4594,ClinVarVariant:832721,variant,NC_000023.11:g.(?_31965029)_(31968524_?)dup,10
4595,EFO:0004469,phenotype,HOMA-B,8
4596,HP:0006958,phenotype,Abnormal auditory evoked potentials,8
4597,ZP:0002938,phenotype,"locomotion involved in locomotory behavior disrupted, abnormal",8
4598,ENSEMBL:ENSBTAG00000048903,gene,PRNP,4
4599,HP:0002240,phenotype,Hepatomegaly,8
4600,ZP:0021180,phenotype,"RNA catabolic process process quality, abnormal",8
4601,ENSEMBL:ENSGALG00000011251,gene,TBC1D5,4
4602,ENSEMBL:ENSACAG00000003680,gene,ENSEMBL:ENSACAG00000003680,4
4603,ENSEMBL:ENSMODG00000003915,gene,ENSEMBL:ENSMODG00000003915,4
4604,MP:0000250,phenotype,abnormal vasoconstriction,8
4605,HP:0004378,phenotype,Abnormality of the anus,8
4606,ClinVarVariant:831234,variant,NC_000023.11:g.(?_32216906)_(32614463_?)del,10
4607,HGNC:163,gene,ACTN1,4
4608,MGI:3798606,genotype,Dmd<mdx-3Cv> [involves: C3H/HeHa * C57BL/6Ros * C57BL/10Sn * M. m. castaneus * M. m musculus],6
4609,MP:0012157,phenotype,rostral body truncation,8
4610,MONARCH:APO_0000032APO_0000005,phenotype,mating response:absent,8
4611,WBPhenotype:0001272,phenotype,vulval cell induction variant,8
4612,MGI:2447586,gene,Fkrp,4
4613,MP:0002109,phenotype,abnormal limb morphology,8
4614,HGNC:34351,gene,C1orf226,4
4615,ENSEMBL:ENSFCAG00000002364,gene,ENSEMBL:ENSFCAG00000002364,4
4616,ZP:0000205,phenotype,"axon midline choice point recognition disrupted, abnormal",8
4617,ENSEMBL:ENSMMUG00000020954,gene,ENSEMBL:ENSMMUG00000020954,4
4618,ZFIN:ZDB-GENE-060531-121,gene,lamc3,4
4619,ZP:0004077,phenotype,"mitotic cell cycle process quality, abnormal",8
4620,ClinVarVariant:217198,variant,NM_004006.2(DMD):c.4606G>T (p.Glu1536Ter),10
4621,ZP:0018592,phenotype,"ventral wall of dorsal aorta decreased amount, abnormal",8
4622,ZFIN:ZDB-GENE-081024-1,gene,nos1apa,4
4623,ClinVarVariant:455805,variant,NC_000023.11:g.(?_31679355)_(31875393_?)del,10
4624,HP:0000541,phenotype,Retinal detachment,8
4625,ZP:0007276,phenotype,"ventral aorta has fewer parts of type vascular associated smooth muscle cell, abnormal",8
4626,Xenbase:XB-GENE-876451,gene,mark2,4
4627,ENSEMBL:ENSSSCG00000020785,gene,ENSEMBL:ENSSSCG00000020785,4
4628,ZFIN:ZDB-GENE-060824-1,gene,arrb1,4
4629,ZFIN:ZDB-GENE-041001-149,gene,capn3b,4
4630,ClinVarVariant:409889,variant,NM_004006.2(DMD):c.8209C>T (p.Gln2737Ter),10
4631,ZP:0011466,phenotype,"astrocyte anterior commissure mislocalised, abnormal",8
4632,WBPhenotype:0000478,phenotype,isothermal tracking behavior variant,8
4633,ENSEMBL:ENSOANG00000009449,gene,ENSEMBL:ENSOANG00000009449,4
4634,FBcv:0000417,phenotype,abnormal flight,8
4635,ClinVarVariant:283945,variant,NM_004006.2(DMD):c.5140G>T (p.Glu1714Ter),10
4636,ENSEMBL:ENSACAG00000006296,gene,ENSEMBL:ENSACAG00000006296,4
4637,HP:0012378,phenotype,Fatigue,8
4638,MP:0004007,phenotype,abnormal lung vasculature morphology,8
4639,HP:0002992,phenotype,Abnormality of tibia morphology,8
4640,MP:0002906,phenotype,increased susceptibility to pharmacologically induced seizures,8
4641,HP:0003254,phenotype,Abnormality of DNA repair,8
4642,ENSEMBL:ENSECAG00000016382,gene,ENSEMBL:ENSECAG00000016382,4
4643,ENSEMBL:ENSBTAG00000013254,gene,ENSEMBL:ENSBTAG00000013254,4
4644,MP:0001230,phenotype,epidermal desquamation,8
4645,WBPhenotype:0000038,phenotype,exploded through vulva,8
4646,ENSEMBL:ENSPTRG00000052694,gene,ENSEMBL:ENSPTRG00000052694,4
4647,ZFIN:ZDB-GENE-070912-408,gene,si:dkey-18p12.4,4
4648,WBPhenotype:0000709,phenotype,pharyngeal morphology variant,8
4649,HP:0002891,phenotype,Uterine leiomyosarcoma,8
4650,MP:0009141,phenotype,increased prepulse inhibition,8
4651,ENSEMBL:ENSMMUG00000012988,gene,ENSEMBL:ENSMMUG00000012988,4
4652,HP:0005792,phenotype,Short humerus,8
4653,WormBase:WBGene00013038,gene,ani-1,4
4654,ENSEMBL:ENSCAFG00000005734,gene,ENSEMBL:ENSCAFG00000005734,4
4655,FlyBase:FBgn0024150,gene,Ac78C,4
4656,ENSEMBL:ENSMODG00000002647,gene,ENSEMBL:ENSMODG00000002647,4
4657,Xenbase:XB-GENE-5815188,gene,ctnnal1,4
4658,HP:0001141,phenotype,Severely reduced visual acuity,8
4659,MP:0002912,phenotype,abnormal excitatory postsynaptic potential,8
4660,HP:0000952,phenotype,Jaundice,8
4661,WBPhenotype:0000704,phenotype,excretory canal morphology variant,8
4662,2459,drug,sorafenib,3
4663,ENSEMBL:ENSOANG00000009047,gene,ENSEMBL:ENSOANG00000009047,4
4664,ENSEMBL:ENSCAFG00000006290,gene,ENSEMBL:ENSCAFG00000006290,4
4665,WormBase:WBGene00003628,gene,nhr-35,4
4666,ClinVarVariant:848438,variant,NM_004006.3(DMD):c.2227C>T (p.Gln743Ter),10
4667,WBPhenotype:0000964,phenotype,DMPP resistant,8
4668,ClinVarVariant:583919,variant,NC_000023.11:g.(?_31323578)_(31508257_?)del,10
4669,ZFIN:ZDB-GENE-070126-1,gene,dgkb,4
4670,ZP:0003060,phenotype,"cardiac myofibril assembly disrupted, abnormal",8
4671,ZP:0006776,phenotype,"chondrocranium structure, abnormal",8
4672,ENSEMBL:ENSOANG00000004993,gene,ENSEMBL:ENSOANG00000004993,4
4673,ZP:0001461,phenotype,"somite U-shaped, abnormal",8
4674,MONARCH:APO_0000027APO_0000005,phenotype,filamentous growth:absent,8
4675,MP:0008074,phenotype,"increased CD4-positive, alpha beta T cell number",8
4676,MP:0004022,phenotype,abnormal cone electrophysiology,8
4677,FlyBase:FBgn0010395,gene,Itgbn,4
4678,ENSEMBL:ENSFCAG00000011492,gene,ENSEMBL:ENSFCAG00000011492,4
4679,MP:0000692,phenotype,small spleen,8
4680,ZP:0007738,phenotype,"epithelium gill filament disorganized, abnormal",8
4681,ZFIN:ZDB-GENE-040426-1277,gene,rnf11a,4
4682,ENSEMBL:ENSSSCG00000016157,gene,MYL1,4
4683,HP:0002097,phenotype,Emphysema,8
4684,MONARCH:APO_0000309APO_0000246,phenotype,respiratory growth:increased rate,8
4685,HP:0001874,phenotype,Abnormality of neutrophils,8
4686,ClinVarVariant:831818,variant,NC_000023.11:g.(?_31609621)_(31627872_?)dup,10
4687,MGI:5529018,genotype,Dmd<mdx-4Cv>/Dmd<mdx-4Cv>; Terc<tm1Rdp>/Terc<tm1Rdp> [B6.Cg-Terc<tm1Rdp> Dmd<mdx-4Cv>],6
4688,HP:0033770,phenotype,Gastric adenocarcinoma,8
4689,Xenbase:XB-GENE-984843,gene,ank2,4
4690,ENSEMBL:ENSOANG00000003516,gene,ENSEMBL:ENSOANG00000003516,4
4691,MP:0010050,phenotype,hypermyelination,8
4692,ClinVarVariant:526155,variant,NC_000023.11:g.(?_32501735)_(32501862_?)del,10
4693,MESH:D000806,drug,Angiotensin-Converting Enzyme Inhibitors,3
4694,WBPhenotype:0001500,phenotype,pentanedione chemotaxis variant,8
4695,MP:0003763,phenotype,abnormal thymus physiology,8
4696,ClinVarVariant:94550,variant,NM_000109.4(DMD):c.3035C>G (p.Ser1012Ter),10
4697,HP:0012819,phenotype,Myocarditis,8
4698,WBPhenotype:0002259,phenotype,dendritic termini number reduced,8
4699,OMIM:300377.0062,variant,"DMD, ASN2912ASP",10
4700,WBPhenotype:0000961,phenotype,pattern of transgene expression variant,8
4701,ClinVarVariant:831858,variant,NC_000023.11:g.(?_31609621)_(31658154_?)del,10
4702,MP:0011099,phenotype,"lethality throughout fetal growth and development, complete penetrance",8
4703,ENSEMBL:ENSMMUG00000001534,gene,ENSEMBL:ENSMMUG00000001534,4
4704,ZP:0138563,phenotype,"endocardial cushion bulbus arteriosus spatial pattern, abnormal",8
4705,HP:0100890,phenotype,Cyst of the ductus choledochus,8
4706,MP:0001606,phenotype,impaired hematopoiesis,8
4707,WBPhenotype:0000032,phenotype,sick,8
4708,WBPhenotype:0000043,phenotype,general pace of development variant,8
4709,MP:0001698,phenotype,decreased embryo size,8
4710,ZP:0008065,phenotype,"myotome structure, abnormal",8
4711,MP:0003634,phenotype,abnormal glial cell morphology,8
4712,ENSEMBL:ENSSSCG00000004969,gene,KIF23,4
4713,ENSEMBL:ENSGALG00000039755,gene,LOC112531360,4
4714,PomBase:SPAC1783.01,gene,SPAC1783.01,4
4715,302,drug,bendamustine,3
4716,ENSEMBL:ENSSSCG00000025531,gene,ENSEMBL:ENSSSCG00000025531,4
4717,MP:0005389,phenotype,reproductive system phenotype,8
4718,ZP:0131162,phenotype,"cardiac ventricle increased occurrence cardiac muscle cell proliferation, abnormal",8
4719,ENSEMBL:ENSBTAG00000006030,gene,ENSEMBL:ENSBTAG00000006030,4
4720,ZP:0009301,phenotype,"whole organism lacks parts or has fewer parts of type cranial nerve V, abnormal",8
4721,ZP:0022720,phenotype,"feeding behavior process quality, abnormal",8
4722,ZP:0002649,phenotype,"post-vent region curvature, abnormal",8
4723,MGI:1344394,gene,Lamc3,4
4724,SGD:S000004639,gene,MIH1,4
4725,WormBase:WBGene00002151,gene,irk-3,4
4726,MP:0003449,phenotype,abnormal intestinal goblet cell morphology,8
4727,MP:0002655,phenotype,abnormal keratinocyte morphology,8
4728,WBPhenotype:0000175,phenotype,hypercontracted,8
4729,ClinVarVariant:11207,variant,NM_000109.4(DMD):c.3445G>T (p.Glu1149Ter),10
4730,HP:0000640,phenotype,Gaze-evoked nystagmus,8
4731,ENSEMBL:ENSSSCG00000004432,gene,ENSEMBL:ENSSSCG00000004432,4
4732,MP:0005573,phenotype,increased pulmonary respiratory rate,8
4733,MP:0000087,phenotype,absent mandible,8
4734,MGI:96907,gene,Marcks,4
4735,MP:0010903,phenotype,abnormal pulmonary alveolus wall morphology,8
4736,Xenbase:XB-GENE-1013840,gene,cacna1f,4
4737,HP:0002363,phenotype,Abnormal brainstem morphology,8
4738,HP:0000164,phenotype,Abnormality of the dentition,8
4739,2200,drug,pirenzepine,3
4740,WBPhenotype:0002579,phenotype,basement membrane type IV collagen level phenotype,8
4741,WBPhenotype:0000154,phenotype,reduced brood size,8
4742,ZFIN:ZDB-GENE-060526-196,gene,sntg2,4
4743,ENSEMBL:ENSECAG00000021805,gene,ENSEMBL:ENSECAG00000021805,4
4744,HP:0004823,phenotype,Anisopoikilocytosis,8
4745,ZP:0002759,phenotype,"nervous system development disrupted, abnormal",8
4746,ZFIN:ZDB-GENE-991207-24,gene,ctnna1,4
4747,MP:0005165,phenotype,increased susceptibility to injury,8
4748,ZP:0004685,phenotype,"median fin fold malformed, abnormal",8
4749,MP:0002763,phenotype,ectopic Bergmann glia cells,8
4750,EFO:0005536,phenotype,nitric oxide exhalation measurement,8
4751,MP:0008885,phenotype,increased enterocyte apoptosis,8
4752,MP:0009455,phenotype,enhanced cued conditioning behavior,8
4753,3972,drug,ivermectin,3
4754,ClinVarVariant:29962,variant,NM_004006.2(DMD):c.9G>A (p.Trp3Ter),10
4755,ENSEMBL:ENSACAG00000008259,gene,ENSEMBL:ENSACAG00000008259,4
4756,HP:0100749,phenotype,Chest pain,8
4757,ZFIN:ZDB-GENE-040718-122,gene,haus4,4
4758,ZFIN:ZDB-GENE-120215-44,gene,si:zfos-323e3.4,4
4759,MP:0001131,phenotype,abnormal ovarian follicle morphology,8
4760,MP:0010377,phenotype,abnormal gut flora balance,8
4761,ZP:0138283,phenotype,"neuron projection development process quality, abnormal",8
4762,MP:0009456,phenotype,impaired cued conditioning behavior,8
4763,HP:0003468,phenotype,Abnormal vertebral morphology,8
4764,ClinVarVariant:840099,variant,NM_004006.3(DMD):c.8596_8600del (p.Leu2866fs),10
4765,ZP:0009006,phenotype,"optic cup increased occurrence apoptotic process, abnormal",8
4766,HP:0002061,phenotype,Lower limb spasticity,8
4767,HGNC:583,gene,APC,4
4768,MP:0010507,phenotype,shortened RR interval,8
4769,ENSEMBL:ENSMODG00000021126,gene,ENSEMBL:ENSMODG00000021126,4
4770,ZP:0010941,phenotype,"vascular endothelium mislocalised, abnormal",8
4771,ENSEMBL:ENSSSCG00000028109,gene,SNTB2,4
4772,ENSEMBL:ENSECAG00000009886,gene,ENSEMBL:ENSECAG00000009886,4
4773,HGNC:239,gene,ADCY8,4
4774,WBPhenotype:0001199,phenotype,gonad sheath contractions variant,8
4775,MP:0000255,phenotype,blood vessel congestion,8
4776,ClinVarVariant:984217,variant,NM_004006.3(DMD):c.7833T>A (p.Tyr2611Ter),10
4777,ClinVarVariant:661725,variant,NC_000023.11:g.(?_31929590)_(31968520_?)del,10
4778,ENSEMBL:ENSBTAG00000040053,gene,MYH6,4
4779,ENSEMBL:ENSFCAG00000040513,gene,ENSEMBL:ENSFCAG00000040513,4
4780,MP:0001244,phenotype,thin dermal layer,8
4781,MP:0004807,phenotype,abnormal paired-pulse inhibition,8
4782,ENSEMBL:ENSOANG00000009397,gene,ENSEMBL:ENSOANG00000009397,4
4783,ENSEMBL:ENSSSCG00000013050,gene,MARK2,4
4784,OMIM:300377.0033,variant,"DMD, ALA168ASP",10
4785,WBPhenotype:0000693,phenotype,male sperm fertilization defect,8
4786,ENSEMBL:ENSFCAG00000043392,gene,ENSEMBL:ENSFCAG00000043392,4
4787,OMIM:300377.0027,variant,"DMD, IVS2, G-T, -1",10
4788,ENSEMBL:ENSPTRG00000012049,gene,ENSEMBL:ENSPTRG00000012049,4
4789,ZP:0001669,phenotype,"behavior quality, abnormal",8
4790,WBPhenotype:0002369,phenotype,sister cell division timing asynchrony reduced,8
4791,NCBITaxon:562,taxon,Escherichia coli,9
4792,ClinVarVariant:830715,variant,NC_000023.11:g.(?_32816458)_(32844870_?)dup,10
4793,ZP:0101600,phenotype,"epicardium increased accumulation cell anatomical region heart vasculature, abnormal",8
4794,ENSEMBL:ENSOANG00000011671,gene,ENSEMBL:ENSOANG00000011671,4
4795,ZP:0006770,phenotype,"chondrocyte development premature, abnormal",8
4796,ZFIN:ZDB-GENE-030827-3,gene,map3k5,4
4797,ZP:0137594,phenotype,"axis specification process quality, abnormal",8
4798,OMIM:300377.0040,variant,"DMD, GLY480TER",10
4799,HGNC:7550,gene,MYBPC2,4
4800,ClinVarVariant:832393,variant,NC_000023.11:g.(?_32411742)_(32472319_?)del,10
4801,ZP:0002194,phenotype,"microtubule Mauthner neuron decreased amount, abnormal",8
4802,MP:0008918,phenotype,microgliosis,8
4803,MP:0001077,phenotype,abnormal spinal nerve morphology,8
4804,FlyBase:FBgn0266347,gene,nAChRalpha4,4
4805,MGI:1347053,gene,Git2,4
4806,ClinVarVariant:830499,variant,NC_000023.11:g.(?_31875178)_(32217073_?)del,10
4807,HP:0002346,phenotype,Head tremor,8
4808,ENSEMBL:ENSACAG00000007376,gene,ENSEMBL:ENSACAG00000007376,4
4809,HGNC:7578,gene,MYH8,4
4810,ENSEMBL:ENSPTRG00000003795,gene,ENSEMBL:ENSPTRG00000003795,4
4811,ZP:0000733,phenotype,"intersegmental vessel structure, abnormal",8
4812,ZP:0016446,phenotype,"response to oxidative stress process quality, abnormal",8
4813,ENSEMBL:ENSCAFG00000003214,gene,SNTG2,4
4814,MP:0009748,phenotype,abnormal behavioral response to addictive substance,8
4815,ENSEMBL:ENSPTRG00000015463,gene,ENSEMBL:ENSPTRG00000015463,4
4816,ZP:0019896,phenotype,"anterior margin optic cup increased amount, abnormal",8
4817,HP:0002446,phenotype,Astrocytosis,8
4818,ZFIN:ZDB-GENE-000329-9,gene,actn3a,4
4819,ZP:0004375,phenotype,"pharyngeal arch cartilage morphology, abnormal",8
4820,ZP:0000552,phenotype,"hematopoietic stem cell ventral wall of dorsal aorta decreased amount, abnormal",8
4821,ZP:0005380,phenotype,"forerunner cell group orientation forerunner cell group, abnormal",8
4822,HGNC:17273,gene,KIF15,4
4823,HP:0100631,phenotype,Neoplasm of the adrenal gland,8
4824,ZP:0002003,phenotype,"cell migration involved in gastrulation process quality, abnormal",8
4825,RGD:620432,gene,Myog,4
4826,ZFIN:ZDB-GENE-040426-854,gene,tpm1,4
4827,ZP:0001409,phenotype,"intersegmental vessel decreased amount, abnormal",8
4828,FBcv:0000450,phenotype,abnormal developmental rate,8
4829,Xenbase:XB-GENE-956423,gene,sgcg,4
4830,HP:0100249,phenotype,Calcification of muscles,8
4831,ENSEMBL:ENSACAG00000003672,gene,ENSEMBL:ENSACAG00000003672,4
4832,ZP:0138609,phenotype,"muscle absent, abnormal",8
4833,ZP:0103304,phenotype,"CaP motoneuron increased branchiness, abnormal",8
4834,ENSEMBL:ENSMODG00000000170,gene,ENSEMBL:ENSMODG00000000170,4
4835,MP:0010180,phenotype,increased susceptibility to weight loss,8
4836,2173,drug,pinacidil,3
4837,ClinVarVariant:409886,variant,NM_004006.2(DMD):c.832-15A>G,10
4838,MP:0003402,phenotype,decreased liver weight,8
4839,MP:0010072,phenotype,increased pruritus,8
4840,GO:0017022,molecular function,myosin binding,7
4841,ZP:0019767,phenotype,"Z disc cardiac muscle cell decreased amount, abnormal",8
4842,WBPhenotype:0000424,phenotype,antibody staining variant,8
4843,ZP:0000916,phenotype,"ventral mandibular arch decreased size, abnormal",8
4844,MP:0011630,phenotype,increased mitochondrial size,8
4845,MP:0003023,phenotype,decreased coronary flow rate,8
4846,ENSEMBL:ENSACAG00000008615,gene,ENSEMBL:ENSACAG00000008615,4
4847,ZP:0008009,phenotype,"node of Ranvier posterior lateral line nerve increased length, abnormal",8
4848,ClinVarVariant:94810,variant,NM_004006.2(DMD):c.8608C>T (p.Arg2870Ter),10
4849,RGD:621279,gene,Arf6,4
4850,MP:0004671,phenotype,long ribs,8
4851,MONARCH:APO_0000046APO_0000003,phenotype,silencing:decreased,8
4852,MP:0004201,phenotype,fetal growth retardation,8
4853,ZP:0004694,phenotype,"pectoral fin structure, abnormal",8
4854,HP:0012465,phenotype,Elevated hepatic iron concentration,8
4855,ZP:0009299,phenotype,"whole organism lacks parts or has fewer parts of type cranial nerve X, abnormal",8
4856,HGNC:7584,gene,MYL3,4
4857,NCBITaxon:4896,taxon,Schizosaccharomyces pombe,9
4858,ClinVarVariant:803875,variant,NM_004006.3(DMD):c.4423A>T (p.Lys1475Ter),10
4859,ZP:0005758,phenotype,"subintestinal vein morphology, abnormal",8
4860,MP:0004953,phenotype,decreased spleen weight,8
4861,MP:0001265,phenotype,decreased body size,8
4862,ENSEMBL:ENSOANG00000001722,gene,ENSEMBL:ENSOANG00000001722,4
4863,WBPhenotype:0000698,phenotype,vulvaless,8
4864,dictyBase:DDB_G0271120,gene,DDB_G0271120,4
4865,ENSEMBL:ENSFCAG00000012470,gene,ENSEMBL:ENSFCAG00000012470,4
4866,ENSEMBL:ENSECAG00000019458,gene,ENSEMBL:ENSECAG00000019458,4
4867,OMIM:300377.0019,variant,"DMD, IVS57, G-C, -1",10
4868,ENSEMBL:ENSGALG00000028749,gene,ENSEMBL:ENSGALG00000028749,4
4869,WormBase:WBGene00000042,gene,acr-2,4
4870,ClinVarVariant:409897,variant,NM_004006.2(DMD):c.2276T>A (p.Leu759Ter),10
4871,MP:0008540,phenotype,abnormal cerebral hemisphere morphology,8
4872,EFO:0004612,phenotype,high density lipoprotein cholesterol measurement,8
4873,MP:0008535,phenotype,enlarged lateral ventricles,8
4874,HP:0100762,phenotype,Hemobilia,8
4875,WBPhenotype:0001977,phenotype,germ cell partition morphology variant,8
4876,ClinVarVariant:647964,variant,NC_000023.11:g.(?_32844773)_(32849830_?)del,10
4877,ENSEMBL:ENSSSCG00000004123,gene,UTRN,4
4878,WBPhenotype:0001044,phenotype,cortical dynamics defective early emb,8
4879,HP:0100646,phenotype,Thyroiditis,8
4880,ZP:0007023,phenotype,"Z disc cardiac muscle increased width, abnormal",8
4881,ZP:0004627,phenotype,"eye decreased amount, abnormal",8
4882,ENSEMBL:ENSACAG00000007941,gene,ENSEMBL:ENSACAG00000007941,4
4883,ZFIN:ZDB-GENE-040704-69,gene,pak4,4
4884,ENSEMBL:ENSACAG00000003566,gene,ENSEMBL:ENSACAG00000003566,4
4885,ENSEMBL:ENSACAG00000009729,gene,ENSEMBL:ENSACAG00000009729,4
4886,WBPhenotype:0002348,phenotype,frequency of body bends increased,8
4887,ENSEMBL:ENSECAG00000014711,gene,ENSEMBL:ENSECAG00000014711,4
4888,ENSEMBL:ENSOANG00000048512,gene,ENSEMBL:ENSOANG00000048512,4
4889,HP:0011002,phenotype,Osteopetrosis,8
4890,Xenbase:XB-GENE-993240,gene,xpo1,4
4891,MP:0004132,phenotype,absent embryonic cilia,8
4892,MP:0005154,phenotype,increased B cell proliferation,8
4893,EFO:0007620,phenotype,volumetric bone mineral density,8
4894,HP:0002384,phenotype,Focal impaired awareness seizure,8
4895,Xenbase:XB-GENE-5843768,gene,prkcsh,4
4896,Coriell:GM05115,biological artifact,NIGMS-GM05115,0
4897,dbSNP:rs2725797,variant,rs2725797-?,10
4898,ClinVarVariant:526074,variant,NM_000109.4(DMD):c.2614del (p.Leu872fs),10
4899,WBPhenotype:0000179,phenotype,neuron degeneration,8
4900,MP:0006280,phenotype,abnormal digit development,8
4901,dbSNPIndividual:21388,genotype,DMD(EX18-41DEL); arr Xp21.1(32260633-32451041)x0 [GM03604],6
4902,GO:2000651,molecular function,positive regulation of sodium ion transmembrane transporter activity,7
4903,ZP:0000735,phenotype,"caudal vein plexus decreased size, abnormal",8
4904,926,drug,disopyramide,3
4905,RGD:1307685,gene,Cavin1,4
4906,ZP:0001454,phenotype,"extension aplastic, abnormal",8
4907,ZP:0006358,phenotype,"swimming decreased speed, abnormal",8
4908,FlyBase:CG18250,gene,FlyBase:CG18250,4
4909,MP:0009415,phenotype,skeletal muscle degeneration,8
4910,ENSEMBL:ENSECAG00000016277,gene,ENSEMBL:ENSECAG00000016277,4
4911,ZP:0003070,phenotype,"Z disc skeletal muscle cell disorganized, abnormal",8
4912,ZP:0006640,phenotype,"intersegmental vein decreased length, abnormal",8
4913,ZP:0000303,phenotype,"cell cycle arrested, abnormal",8
4914,MP:0010082,phenotype,sternebra fusion,8
4915,ZP:0106625,phenotype,"atrium arrested cardiac muscle contraction, abnormal",8
4916,1934,drug,nilvadipine,3
4917,Xenbase:XB-GENE-5884940,gene,tmod4,4
4918,ENSEMBL:ENSOANG00000013580,gene,ENSEMBL:ENSOANG00000013580,4
4919,ENSEMBL:ENSGALG00000030251,gene,ENSEMBL:ENSGALG00000030251,4
4920,ENSEMBL:ENSGALG00000031009,gene,ENSEMBL:ENSGALG00000031009,4
4921,ENSEMBL:ENSMMUG00000021796,gene,ENSEMBL:ENSMMUG00000021796,4
4922,WBPhenotype:0001341,phenotype,egg laying phentolamine resistant,8
4923,Q9P286,gene product,Serine/threonine-protein kinase PAK 7,5
4924,Coriell:GM02339,biological artifact,NIGMS-GM02339,0
4925,ClinVarVariant:981995,variant,NC_000023.11:g.(31679587_31729630)_(31774193_31819974)del,10
4926,ENSEMBL:ENSSSCG00000005994,gene,SNTB1,4
4927,ZP:0008025,phenotype,"cell lens nucleate quality, abnormal",8
4928,ZFIN:ZDB-GENE-031010-36,gene,satb1a,4
4929,MP:0005121,phenotype,decreased circulating prolactin level,8
4930,ClinVarVariant:526046,variant,NM_004006.2(DMD):c.4231C>T (p.Gln1411Ter),10
4931,ZP:0100869,phenotype,"regenerating fin decreased area, abnormal",8
4932,WBPhenotype:0001971,phenotype,germ cell compartment anucleate,8
4933,WBPhenotype:0000359,phenotype,tunicamycin response variant,8
4934,HGNC:1390,gene,CACNA1C,4
4935,MP:0011215,phenotype,decreased brain copper level,8
4936,ZP:0000624,phenotype,"notochord morphology, abnormal",8
4937,WormBase:WBGene00004287,gene,rac-2,4
4938,Xenbase:XB-GENE-967585,gene,cdc42,4
4939,WBPhenotype:0002312,phenotype,turning frequency variant,8
4940,ENSEMBL:ENSMODG00000007914,gene,ENSEMBL:ENSMODG00000007914,4
4941,HP:0012117,phenotype,Hyperalbuminemia,8
4942,dictyBase:DDB_G0269234,gene,act1,4
4943,ENSEMBL:ENSFCAG00000008178,gene,ENSEMBL:ENSFCAG00000008178,4
4944,ENSEMBL:ENSGALG00000003144,gene,ENSEMBL:ENSGALG00000003144,4
4945,HP:0000096,phenotype,Glomerular sclerosis,8
4946,WBPhenotype:0001285,phenotype,induced pharyngeal pumping variant,8
4947,ENSEMBL:ENSECAG00000019098,gene,ENSEMBL:ENSECAG00000019098,4
4948,MP:0011159,phenotype,abnormal epidermal-dermal junction morphology,8
4949,ZP:0003007,phenotype,"liver bilateral symmetry, abnormal",8
4950,HP:0100827,phenotype,Lymphocytosis,8
4951,WBPhenotype:0002308,phenotype,pausing variant,8
4952,MP:0002656,phenotype,abnormal keratinocyte differentiation,8
4953,ENSEMBL:ENSSSCG00000017583,gene,SGCA,4
4954,APO:0000330,phenotype,haploproficient,8
4955,MGI:1321395,gene,Ltbp4,4
4956,MP:0005265,phenotype,abnormal blood urea nitrogen level,8
4957,ClinVarVariant:409906,variant,NM_000109.4(DMD):c.2052dup (p.Gln685fs),10
4958,MP:0000042,phenotype,abnormal organ of Corti morphology,8
4959,ENSEMBL:ENSCAFG00000014575,gene,TNS1,4
4960,MP:0005048,phenotype,abnormal thrombosis,8
4961,MP:0008507,phenotype,thin retinal ganglion layer,8
4962,ENSEMBL:ENSACAG00000016939,gene,ENSEMBL:ENSACAG00000016939,4
4963,HP:0002069,phenotype,Bilateral tonic-clonic seizure,8
4964,ENSEMBL:ENSMODG00000004734,gene,ENSEMBL:ENSMODG00000004734,4
4965,Coriell:GM03780,biological artifact,NIGMS-GM03780,0
4966,ENSEMBL:ENSMMUG00000023640,gene,ENSEMBL:ENSMMUG00000023640,4
4967,WBPhenotype:0000164,phenotype,thin,8
4968,ClinVarVariant:832183,variant,NC_000023.11:g.(?_32216906)_(32442157_?)del,10
4969,ClinVarVariant:830712,variant,NC_000023.11:g.(?_31657980)_(31820093_?)del,10
4970,MP:0000886,phenotype,abnormal cerebellar granule layer morphology,8
4971,690,drug,clodronic acid,3
4972,ENSEMBL:ENSMMUG00000006710,gene,ENSEMBL:ENSMMUG00000006710,4
4973,ZP:0001525,phenotype,"myofibril skeletal muscle cell increased contractility, abnormal",8
4974,WBPhenotype:0001180,phenotype,accumulated germline cell corpses,8
4975,ZP:0000401,phenotype,"eye degenerate, abnormal",8
4976,HP:0200008,phenotype,Intestinal polyposis,8
4977,WBPhenotype:0000215,phenotype,no germ line,8
4978,WBPhenotype:0001810,phenotype,oocyte septum formation variant,8
4979,ZP:0001601,phenotype,"otic vesicle morphology, abnormal",8
4980,701,drug,clomipramine,3
4981,ZP:0011226,phenotype,"rhombomere 4 process quality neural keel formation, abnormal",8
4982,HP:0000248,phenotype,Brachycephaly,8
4983,ENSEMBL:ENSECAG00000024461,gene,ENSEMBL:ENSECAG00000024461,4
4984,HP:0030809,phenotype,Abnormal tongue morphology,8
4985,FBcv:0002034,phenotype,majority die during pupal stage,8
4986,EFO:0007988,phenotype,myeloid white cell count,8
4987,1214,drug,fluphenazine enanthate,3
4988,ZP:0001460,phenotype,"notochord deformed, abnormal",8
4989,ENSEMBL:ENSGALG00000023552,gene,ENSEMBL:ENSGALG00000023552,4
4990,ENSEMBL:ENSBTAG00000000793,gene,ENSEMBL:ENSBTAG00000000793,4
4991,ENSEMBL:ENSPTRG00000041089,gene,ENSEMBL:ENSPTRG00000041089,4
4992,MP:0010978,phenotype,absent ureteric bud,8
4993,ZP:0131167,phenotype,"primary neuron forebrain decreased amount, abnormal",8
4994,ZP:0018283,phenotype,"mitochondrial respirasome slow muscle cell decreased functionality, abnormal",8
4995,ZP:0002062,phenotype,"cranial nerve II defasciculated, abnormal",8
4996,ENSEMBL:ENSOANG00000009867,gene,ENSEMBL:ENSOANG00000009867,4
4997,MP:0001513,phenotype,limb grasping,8
4998,ZP:0103296,phenotype,"parachordal vessel intersegmental vessel decreased amount, abnormal",8
4999,EFO:0004908,phenotype,testosterone measurement,8
5000,MP:0008415,phenotype,abnormal neurite morphology,8
5001,ENSEMBL:ENSBTAG00000044046,gene,ENSEMBL:ENSBTAG00000044046,4
5002,OMIM:300377.0024,variant,"DMD, 1-BP DEL, 10334C AND IVS69, G-T, +1",10
5003,HP:0001627,phenotype,Abnormal heart morphology,8
5004,HP:0001723,phenotype,Restrictive cardiomyopathy,8
5005,MP:0009661,phenotype,abnormal pregnancy,8
5006,ENSEMBL:ENSACAG00000011727,gene,ENSEMBL:ENSACAG00000011727,4
5007,HP:0002197,phenotype,Generalized-onset seizure,8
5008,Xenbase:XB-GENE-920242,gene,actn3,4
5009,ClinVarVariant:832974,variant,NC_000023.11:g.(?_31627663)_(31820093_?)dup,10
5010,REACT:R-HSA-390522,biological process,Striated Muscle Contraction,1
5011,ENSEMBL:ENSCAFG00000007105,gene,TNS2,4
5012,ZP:0137210,phenotype,"caudal vein plexus fused with caudal vein plexus, abnormal",8
5013,RGD:1309921,gene,Tnnc1,4
5014,WBPhenotype:0001072,phenotype,response to food variant,8
5015,HP:0002089,phenotype,Pulmonary hypoplasia,8
5016,WBPhenotype:0001073,phenotype,egg laying response to food variant,8
5017,FBcv:0000719,phenotype,atrophy,8
5018,RGD:3443,gene,Ptk2,4
5019,MGI:2137706,gene,Actn1,4
5020,HP:0100523,phenotype,Liver abscess,8
5021,ZFIN:ZDB-GENE-090410-9,gene,chrm1a,4
5022,EFO:0007986,phenotype,reticulocyte count,8
5023,MP:0008687,phenotype,increased interleukin-2 secretion,8
5024,MP:0005551,phenotype,abnormal eye electrophysiology,8
5025,ENSEMBL:ENSOANG00000005484,gene,ENSEMBL:ENSOANG00000005484,4
5026,MP:0011966,phenotype,abnormal auditory brainstem response waveform shape,8
5027,FBcv:0000724,phenotype,hypoplasia,8
5028,ENSEMBL:ENSECAG00000014666,gene,ENSEMBL:ENSECAG00000014666,4
5029,ZP:0012363,phenotype,"dorsal-ventral axis myotome increased size, abnormal",8
5030,HP:0012338,phenotype,Abnormal energy expenditure,8
5031,HP:0025548,phenotype,Increased mean corpuscular hemoglobin concentration,8
5032,EFO:0004466,phenotype,fasting blood insulin measurement,8
5033,ClinVarVariant:803789,variant,NM_004006.3(DMD):c.10087-1G>A,10
5034,ZP:0001494,phenotype,"somite detached from myofibril somite, abnormal",8
5035,ZP:0009068,phenotype,"spinal cord oligodendrocyte cell differentiation disrupted, abnormal",8
5036,HP:0000113,phenotype,Polycystic kidney dysplasia,8
5037,MP:0003651,phenotype,abnormal axon extension,8
5038,ENSEMBL:ENSCAFG00000023094,gene,ENSEMBL:ENSCAFG00000023094,4
5039,ClinVarVariant:526156,variant,NC_000023.11:g.(?_32614283)_(32849840_?)del,10
5040,ClinVarVariant:663374,variant,NM_004006.2(DMD):c.4846-1G>T,10
5041,ClinVarVariant:804749,variant,NM_004006.3(DMD):c.93+2T>A,10
5042,ENSEMBL:ENSECAG00000023274,gene,ENSEMBL:ENSECAG00000023274,4
5043,MP:0002857,phenotype,cochlear ganglion degeneration,8
5044,RGD:727922,gene,Sptbn1,4
5045,ENSEMBL:ENSOANG00000037581,gene,ENSEMBL:ENSOANG00000037581,4
5046,FBcv:0002024,phenotype,some die during third instar larval stage,8
5047,ClinVarVariant:94504,variant,NM_004006.2(DMD):c.2332C>T (p.Gln778Ter),10
5048,318,drug,benzbromarone,3
5049,ZFIN:ZDB-GENE-131119-21,gene,si:ch73-364h19.2,4
5050,GO:0043034,molecular function,costamere,7
5051,5067,drug,ixazomib,3
5052,ZP:0018900,phenotype,"myotome decreased process quality skeletal muscle tissue development, abnormal",8
5053,ZP:0009558,phenotype,"mandibular arch skeleton movement quality, abnormal",8
5054,WBPhenotype:0000228,phenotype,spontaneous mutation rate increased,8
5055,MP:0004531,phenotype,short outer hair cell stereocilia,8
5056,ENSEMBL:ENSECAG00000024601,gene,ENSEMBL:ENSECAG00000024601,4
5057,MP:0008932,phenotype,abnormal embryonic tissue physiology,8
5058,HP:0001741,phenotype,Phimosis,8
5059,ENSEMBL:ENSPTRG00000019170,gene,ENSEMBL:ENSPTRG00000019170,4
5060,ClinVarVariant:833327,variant,NC_000023.11:g.(?_32484909)_(32501852_?)del,10
5061,ZP:0002189,phenotype,"axon facial nerve motor nucleus decreased length, abnormal",8
5062,FBcv:0000669,phenotype,abnormal hatching behavior,8
5063,ZP:0000243,phenotype,"Z disc skeletal muscle disorganized, abnormal",8
5064,ZP:0012571,phenotype,"striated muscle thin filament myotome disoriented, abnormal",8
5065,MP:0000790,phenotype,abnormal stratification in cerebral cortex,8
5066,HP:0003418,phenotype,Back pain,8
5067,ENSEMBL:ENSACAG00000014745,gene,ENSEMBL:ENSACAG00000014745,4
5068,ZP:0007737,phenotype,"gill filament malformed, abnormal",8
5069,ZP:0021034,phenotype,"cardiac ventricle spherical, abnormal",8
5070,ClinVarVariant:830677,variant,NC_000023.11:g.(?_32216906)_(32595886_?)del,10
5071,ZFIN:ZDB-GENE-060315-6,gene,rac1l,4
5072,FBcv:0000359,phenotype,decreased cell number,8
5073,ClinVarVariant:832826,variant,NC_000023.11:g.(?_31819965)_(31875383_?)del,10
5074,ENSEMBL:ENSCAFG00000016416,gene,ENSEMBL:ENSCAFG00000016416,4
5075,MP:0000603,phenotype,pale liver,8
5076,HP:0001539,phenotype,Omphalocele,8
5077,WBPhenotype:0000053,phenotype,paralyzed arrested elongation two fold,8
5078,ENSEMBL:ENSFCAG00000007701,gene,ENSEMBL:ENSFCAG00000007701,4
5079,ClinVarVariant:526050,variant,NM_000109.4(DMD):c.8072_8088del (p.Glu2691fs),10
5080,ENSEMBL:ENSECAG00000003664,gene,ENSEMBL:ENSECAG00000003664,4
5081,WormBase:WBGene00000149,gene,apl-1,4
5082,ZP:0004325,phenotype,"cardiac muscle cell absent, abnormal",8
5083,231,drug,aprindine,3
5084,XPO:0133344,phenotype,wholly ventralized embryo,8
5085,APO:0000113,phenotype,viable,8
5086,ZFIN:ZDB-GENE-080723-27,gene,tnnt1,4
5087,Xenbase:XB-GENE-480515,gene,tnnc1,4
5088,HP:0000175,phenotype,Cleft palate,8
5089,ENSEMBL:ENSACAG00000010793,gene,ENSEMBL:ENSACAG00000010793,4
5090,MP:0011087,phenotype,"neonatal lethality, complete penetrance",8
5091,ClinVarVariant:11273,variant,NM_004006.2(DMD):c.10141C>T (p.Arg3381Ter),10
5092,dbSNPIndividual:11036,genotype,DMD(EX1-18DEL (DEL 5 PRIME END-18)); 46;XY;46;XY.arr Xp21.1p11.4(32471148-37616741)x0;Xp11.23(47990695-48157416)x2;2q13(110061320-110519397)x3;8p23.1(7157886-7836249)x3;46;Y;del(X)(p21.1>p11.4) [GM07691],6
5093,ZFIN:ZDB-GENE-030131-4205,gene,lamb2l,4
5094,ENSEMBL:ENSPTRG00000008142,gene,ENSEMBL:ENSPTRG00000008142,4
5095,ZP:0003012,phenotype,"notochord moderately well differentiated, abnormal",8
5096,MP:0011084,phenotype,"lethality at weaning, incomplete penetrance",8
5097,ClinVarVariant:803915,variant,NM_004006.3(DMD):c.2407del (p.Gln803fs),10
5098,ENSEMBL:ENSSSCG00000015444,gene,LAMB1,4
5099,ZP:0009596,phenotype,"behavioral response to nicotine decreased occurrence, abnormal",8
5100,MONARCH:APO_0000209APO_0000002,phenotype,protein/peptide distribution:abnormal,8
5101,NCBITaxon:6239,taxon,Caenorhabditis elegans,9
5102,MP:0004905,phenotype,decreased uterus weight,8
5103,WBPhenotype:0001260,phenotype,oocyte morphology variant,8
5104,ENSEMBL:ENSFCAG00000013542,gene,ENSEMBL:ENSFCAG00000013542,4
5105,ENSEMBL:ENSACAG00000009289,gene,ENSEMBL:ENSACAG00000009289,4
5106,ZP:0010728,phenotype,"pronephric glomerulus morphogenesis process quality, abnormal",8
5107,MP:0002697,phenotype,abnormal eye size,8
5108,MGI:97845,gene,Rac1,4
5109,FlyBase:FBgn0014011,gene,Rac2,4
5110,WBPhenotype:0000494,phenotype,two fold arrest,8
5111,ZP:0003141,phenotype,"neuron projection retinal ganglion cell layer mislocalised, abnormal",8
5112,ENSEMBL:ENSACAG00000003209,gene,ENSEMBL:ENSACAG00000003209,4
5113,ENSEMBL:ENSSSCG00000011843,gene,PAK2,4
5114,RGD:1561626,gene,Tbc1d5,4
5115,Xenbase:XB-GENE-489820,gene,src,4
5116,RGD:620455,gene,Slfn4,4
5117,HP:0000639,phenotype,Nystagmus,8
5118,HP:0020054,phenotype,Abnormal erythrocyte physiology,8
5119,ClinVarVariant:813447,variant,NM_004006.3(DMD):c.2381-2A>C,10
5120,ClinVarVariant:94428,variant,NM_004006.2(DMD):c.10171C>T (p.Arg3391Ter),10
5121,ZP:0009294,phenotype,"glial cell trigeminal ganglion increased amount, abnormal",8
5122,MP:0006058,phenotype,decreased cerebral infarct size,8
5123,ClinVarVariant:224682,variant,NM_004006.2(DMD):c.799C>T (p.Gln267Ter),10
5124,ZFIN:ZDB-GENE-060503-838,gene,pgm5,4
5125,ZP:0010808,phenotype,"mitochondrion muscle increased size, abnormal",8
5126,HP:0001596,phenotype,Alopecia,8
5127,WBPhenotype:0000006,phenotype,egg laying defective,8
5128,MP:0000693,phenotype,spleen hyperplasia,8
5129,ZP:0008729,phenotype,"myoseptum disorganized, abnormal",8
5130,GO:0016328,molecular function,lateral plasma membrane,7
5131,ENSEMBL:ENSBTAG00000052622,gene,A0A3Q1LS68,4
5132,HP:0005120,phenotype,Abnormal cardiac atrium morphology,8
5133,dictyBase:DDB_G0291976,gene,racD,4
5134,ZP:0137782,phenotype,"muscle cell myotome morphology, abnormal",8
5135,ZP:0000715,phenotype,"dorsal aorta structure, abnormal",8
5136,EFO:0009700,phenotype,visual perception measurement,8
5137,ZP:0001809,phenotype,"muscle cell migration disrupted, abnormal",8
5138,ClinVarVariant:659595,variant,NC_000023.11:g.(?_31496778)_(31658154_?)del,10
5139,ZFIN:ZDB-GENE-060503-507,gene,ctnnal1,4
5140,MP:0020137,phenotype,decreased bone mineralization,8
5141,ClinVarVariant:409892,variant,NM_004006.2(DMD):c.5647A>T (p.Lys1883Ter),10
5142,MP:0001923,phenotype,reduced female fertility,8
5143,HP:0001090,phenotype,Abnormally large globe,8
5144,ClinVarVariant:583834,variant,NC_000023.11:g.(?_31609584)_(31968514_?)del,10
5145,WBPhenotype:0001952,phenotype,germline nuclear positioning variant,8
5146,EFO:0006917,phenotype,spontaneous preterm birth,8
5147,ENSEMBL:ENSMMUG00000005790,gene,ENSEMBL:ENSMMUG00000005790,4
5148,ZP:0000704,phenotype,"distal tubule development arrested, abnormal",8
5149,HP:0025016,phenotype,Abnormal capillary morphology,8
5150,OMIM:300377.0014,variant,"DMD, GLN2319TER",10
5151,ZP:0003146,phenotype,"axon cranial nerve X decreased length, abnormal",8
5152,ZP:0000147,phenotype,"notochord quality, abnormal",8
5153,ZP:0000658,phenotype,"skeletal muscle tissue development delayed, abnormal",8
5154,Xenbase:XB-GENE-957068,gene,tns1,4
5155,ClinVarVariant:803926,variant,NM_004006.3(DMD):c.1777C>T (p.Gln593Ter),10
5156,ZP:0106701,phenotype,"atrium female organism increased area, abnormal",8
5157,ZP:0013737,phenotype,"establishment or maintenance of cell polarity process quality, abnormal",8
5158,ENSEMBL:ENSCAFG00000048076,gene,A0A5F4D5V0,4
5159,Xenbase:XB-GENE-5783471,gene,sntb2,4
5160,MONARCH:APO_0000047APO_0000117,phenotype,transposable element transposition:normal,8
5161,ZFIN:ZDB-GENE-101215-2,gene,dlgap4b,4
5162,ENSEMBL:ENSMODG00000018433,gene,ENSEMBL:ENSMODG00000018433,4
5163,WBPhenotype:0000040,phenotype,one cell arrest early emb,8
5164,ZFIN:ZDB-GENE-041114-196,gene,mybpc1,4
5165,GO:0050998,molecular function,nitric-oxide synthase binding,7
5166,MP:0011149,phenotype,abnormal hippocampus stratum lacunosum morphology,8
5167,ZP:0002772,phenotype,"axon brainstem and spinal white matter decreased amount, abnormal",8
5168,ENSEMBL:ENSOANG00000004277,gene,ENSEMBL:ENSOANG00000004277,4
5169,EFO:0007789,phenotype,BMI-adjusted waist circumference,8
5170,ZP:0015844,phenotype,"response to chemical process quality, abnormal",8
5171,WBPhenotype:0000824,phenotype,embryonic cell lineage variant,8
5172,MP:0001656,phenotype,focal hepatic necrosis,8
5173,MP:0012106,phenotype,impaired exercise endurance,8
5174,ClinVarVariant:419572,variant,NM_004006.2(DMD):c.2555G>A (p.Trp852Ter),10
5175,MP:0008501,phenotype,increased IgG2b level,8
5176,HP:0002615,phenotype,Hypotension,8
5177,WBPhenotype:0001107,phenotype,spindle rotation defective early emb,8
5178,MP:0010553,phenotype,prolonged HV interval,8
5179,MP:0002085,phenotype,abnormal embryonic tissue morphology,8
5180,HP:0010741,phenotype,Pedal edema,8
5181,HP:0001944,phenotype,Dehydration,8
5182,ClinVarVariant:660687,variant,NC_000023.10:g.(?_32404417)_(32717420_?)dup,10
5183,MP:0008027,phenotype,abnormal spinal cord white matter morphology,8
5184,ZP:0021023,phenotype,"squamous epithelial cell epicardium morphology, abnormal",8
5185,ENSEMBL:ENSFCAG00000046822,gene,ENSEMBL:ENSFCAG00000046822,4
5186,Xenbase:XB-GENE-6257472,gene,zgpat,4
5187,MONARCH:APO_0000143APO_0000003,phenotype,chromosome/plasmid maintenance:decreased,8
5188,ClinVarVariant:647941,variant,NC_000023.10:g.(?_32472769)_(32536267_?)dup,10
5189,ENSEMBL:ENSOANG00000041650,gene,ENSEMBL:ENSOANG00000041650,4
5190,ClinVarVariant:578444,variant,NM_004006.2(DMD):c.3604-1G>C,10
5191,ZP:0103672,phenotype,"slow muscle cell somite 7 spatial pattern, abnormal",8
5192,ClinVarVariant:983945,variant,NM_004006.3(DMD):c.4454T>A (p.Leu1485Ter),10
5193,MONARCH:APO_0000309APO_0000005,phenotype,respiratory growth:absent,8
5194,ClinVarVariant:803823,variant,NM_004006.3(DMD):c.8417del (p.Gln2806fs),10
5195,WormBase:WBGene00003951,gene,pbs-5,4
5196,HP:0002671,phenotype,Basal cell carcinoma,8
5197,MP:0009583,phenotype,increased keratinocyte proliferation,8
5198,ZP:0006038,phenotype,"angioblastic mesenchymal cell decreased amount, abnormal",8
5199,ENSEMBL:ENSPTRG00000015000,gene,ENSEMBL:ENSPTRG00000015000,4
5200,WormBase:WBGene00006586,gene,tni-4,4
5201,ENSEMBL:ENSFCAG00000005320,gene,ENSEMBL:ENSFCAG00000005320,4
5202,MP:0008571,phenotype,abnormal synaptic bouton morphology,8
5203,WormBase:WBGene00013317,gene,Y57G11C.22,4
5204,HP:0007477,phenotype,Abnormal dermatoglyphics,8
5205,ENSEMBL:ENSECAG00000014009,gene,ENSEMBL:ENSECAG00000014009,4
5206,ClinVarVariant:11243,variant,NM_000109.4(DMD):c.724G>T (p.Glu242Ter),10
5207,MP:0000890,phenotype,thin cerebellar molecular layer,8
5208,HP:0001302,phenotype,Pachygyria,8
5209,MP:0009715,phenotype,thick epidermis stratum basale,8
5210,HP:0001274,phenotype,Agenesis of corpus callosum,8
5211,ClinVarVariant:584206,variant,NC_000023.11:g.(?_31679355)_(31679606_?)del,10
5212,ENSEMBL:ENSFCAG00000045898,gene,ENSEMBL:ENSFCAG00000045898,4
5213,HP:0001085,phenotype,Papilledema,8
5214,MP:0004174,phenotype,abnormal spine curvature,8
5215,ENSEMBL:ENSCAFG00000018177,gene,XYLT1,4
5216,HP:0001093,phenotype,Optic nerve dysplasia,8
5217,FBcv:0002037,phenotype,majority die during embryonic stage,8
5218,HGNC:10056,gene,RNF11,4
5219,MGI:1261794,gene,Haus4,4
5220,ENSEMBL:ENSACAG00000016526,gene,ENSEMBL:ENSACAG00000016526,4
5221,ClinVarVariant:803837,variant,NM_004006.3(DMD):c.7309+1G>C,10
5222,ZP:0014341,phenotype,"myofibril slow muscle cell undulate, abnormal",8
5223,MP:0001200,phenotype,thick skin,8
5224,ENSEMBL:ENSOANG00000036197,gene,ENSEMBL:ENSOANG00000036197,4
5225,EFO:0009270,phenotype,heel bone mineral density,8
5226,MP:0008056,phenotype,abnormal retinal ganglion cell morphology,8
5227,ENSEMBL:ENSOANG00000003631,gene,ENSEMBL:ENSOANG00000003631,4
5228,HP:0000100,phenotype,Nephrotic syndrome,8
5229,FBcv:0000792,phenotype,premature aging,8
5230,MP:0005643,phenotype,decreased dopamine level,8
5231,ZP:0000571,phenotype,"liver quality, abnormal",8
5232,MONARCH:APO_0000095APO_0000003,phenotype,chemical compound accumulation:decreased,8
5233,HP:0004751,phenotype,Paroxysmal ventricular tachycardia,8
5234,ClinVarVariant:983656,variant,NM_004006.3(DMD):c.5794C>T (p.Gln1932Ter),10
5235,MP:0001870,phenotype,salivary gland inflammation,8
5236,HP:0001714,phenotype,Ventricular hypertrophy,8
5237,MP:0020467,phenotype,abnormal circadian behavior,8
5238,MP:0001935,phenotype,decreased litter size,8
5239,WormBase:WBGene00003144,gene,max-2,4
5240,MP:0008469,phenotype,abnormal protein level,8
5241,MP:0008458,phenotype,abnormal cortical ventricular zone morphology,8
5242,MONARCH:APO_0000269APO_0000250,phenotype,cell cycle progression through the G1/S phase transition:arrested,8
5243,ENSEMBL:ENSSSCG00000011199,gene,TBC1D5,4
5244,MP:0010313,phenotype,increased osteoma incidence,8
5245,RGD:621750,gene,Drp2,4
5246,RGD:3874,gene,Tmod1,4
5247,WBPhenotype:0000782,phenotype,body wall muscle thick filament variant,8
5248,ZP:0012201,phenotype,"musculoskeletal movement decreased process quality, abnormal",8
5249,ZP:0101692,phenotype,"brain physical object quality, abnormal",8
5250,MP:0006036,phenotype,abnormal mitochondrial physiology,8
5251,HP:0003124,phenotype,Hypercholesterolemia,8
5252,WBPhenotype:0001143,phenotype,multiple nuclei early emb,8
5253,OMIM:300377.0012,variant,"DMD, EX21DEL",10
5254,ENSEMBL:ENSCAFG00000017311,gene,ENSEMBL:ENSCAFG00000017311,4
5255,ZP:0003472,phenotype,"cardiac muscle cell cardiac ventricle decreased size, abnormal",8
5256,ENSEMBL:ENSGALG00000005079,gene,ENSEMBL:ENSGALG00000005079,4
5257,ENSEMBL:ENSPTRG00000011724,gene,ENSEMBL:ENSPTRG00000011724,4
5258,5302,drug,lorlatinib,3
5259,ENSEMBL:ENSCAFG00000005557,gene,CAV3,4
5260,ENSEMBL:ENSFCAG00000014246,gene,ENSEMBL:ENSFCAG00000014246,4
5261,FlyBase:FBgn0033348,gene,Spt,4
5262,WormBase:WBGene00021640,gene,Y47G6A.14,4
5263,ENSEMBL:ENSPTRG00000016859,gene,ENSEMBL:ENSPTRG00000016859,4
5264,MONARCH:APO_0000209APO_0000004,phenotype,protein/peptide distribution:increased,8
5265,ENSEMBL:ENSOANG00000004096,gene,ENSEMBL:ENSOANG00000004096,4
5266,MP:0011045,phenotype,decreased lung elastance,8
5267,ENSEMBL:ENSSSCG00000025830,gene,NUP93,4
5268,MP:0005404,phenotype,abnormal axon morphology,8
5269,ENSEMBL:ENSSSCG00000010182,gene,CAPN9,4
5270,MP:0004193,phenotype,abnormal kidney papilla morphology,8
5271,ZP:0003064,phenotype,"heart decreased strength, abnormal",8
5272,FlyBase:FBgn0000039,gene,nAChRalpha2,4
5273,ENSEMBL:ENSPTRG00000007553,gene,ENSEMBL:ENSPTRG00000007553,4
5274,ZP:0020984,phenotype,"heart decreased process quality Notch signaling pathway, abnormal",8
5275,ClinVarVariant:94630,variant,NM_004006.2(DMD):c.4518+5G>A,10
5276,WormBase:WBGene00000047,gene,acr-8,4
5277,MP:0003960,phenotype,increased lean body mass,8
5278,HP:0000253,phenotype,Progressive microcephaly,8
5279,PomBase:SPBC4F6.12,gene,pxl1,4
5280,ZFIN:ZDB-GENE-030131-31,gene,rgs6,4
5281,ZP:0020139,phenotype,"skeletal muscle cell decondensed, abnormal",8
5282,ZP:0001616,phenotype,"eye malformed, abnormal",8
5283,ENSEMBL:ENSCAFG00000003821,gene,ITGB1,4
5284,MGI:94909,gene,Dmd,4
5285,WBPhenotype:0001997,phenotype,nuclear anchoring variant,8
5286,ZP:0017218,phenotype,"wound healing process quality, abnormal",8
5287,MP:0003994,phenotype,abnormal dorsal spinal root morphology,8
5288,WBPhenotype:0001942,phenotype,rachis absent,8
5289,3170,drug,eburnamonine,3
5290,Xenbase:XB-GENE-479154,gene,app,4
5291,ENSEMBL:ENSCAFG00000017522,gene,ENSEMBL:ENSCAFG00000017522,4
5292,WBPhenotype:0000828,phenotype,T lineages variant,8
5293,HP:0000618,phenotype,Blindness,8
5294,MP:0004100,phenotype,abnormal spinal cord interneuron morphology,8
5295,ZFIN:ZDB-GENE-061027-102,gene,desmb,4
5296,MP:0000167,phenotype,decreased chondrocyte number,8
5297,ENSEMBL:ENSMODG00000016722,gene,ENSEMBL:ENSMODG00000016722,4
5298,MP:0002432,phenotype,"abnormal CD4-positive, alpha beta T cell morphology",8
5299,Xenbase:XB-GENE-990995,gene,rapsn,4
5300,MGI:2138865,gene,Dlgap4,4
5301,WBPhenotype:0001133,phenotype,division axis defective,8
5302,HP:0002516,phenotype,Increased intracranial pressure,8
5303,HP:0100018,phenotype,Nuclear cataract,8
5304,MP:0005385,phenotype,cardiovascular system phenotype,8
5305,ClinVarVariant:803895,variant,NM_004006.3(DMD):c.3257del (p.Lys1086fs),10
5306,4715,drug,cabozantinib,3
5307,MP:0011176,phenotype,abnormal erythroblast morphology,8
5308,MP:0009349,phenotype,increased urine pH,8
5309,ENSEMBL:ENSPTRG00000012691,gene,ENSEMBL:ENSPTRG00000012691,4
5310,ZP:0009557,phenotype,"whole organism increased contractility, abnormal",8
5311,HP:0000483,phenotype,Astigmatism,8
5312,ZP:0137789,phenotype,"caudal vein increased amount, abnormal",8
5313,MP:0000571,phenotype,interdigital webbing,8
5314,EFO:0008337,phenotype,psychosis predisposition measurement,8
5315,ZP:0007736,phenotype,"retinal neural layer absent, abnormal",8
5316,ZP:0006451,phenotype,"endoplasmic reticulum liver disoriented, abnormal",8
5317,ZP:0001633,phenotype,"notochord undifferentiated, abnormal",8
5318,HP:0011712,phenotype,Right bundle branch block,8
5319,ZP:0002912,phenotype,"blood vessel lumenization process quality, abnormal",8
5320,ZP:0000966,phenotype,"retinal ganglion cell axon guidance process quality, abnormal",8
5321,2263,drug,pridinol,3
5322,MGI:96743,gene,Lamb1,4
5323,ZFIN:ZDB-GENE-041010-75,gene,tnni4a,4
5324,Xenbase:XB-GENE-962569,gene,snta1,4
5325,MP:0002566,phenotype,abnormal sexual interaction,8
5326,ENSEMBL:ENSOANG00000047590,gene,ENSEMBL:ENSOANG00000047590,4
5327,MP:0003203,phenotype,increased neuron apoptosis,8
5328,ZP:0011156,phenotype,"intersegmental vessel process quality blood vessel lumenization, abnormal",8
5329,MGI:1919069,gene,Kif23,4
5330,HGNC:2888,gene,DISC1,4
5331,Xenbase:XB-GENE-996120,gene,cavin1,4
5332,HP:0012261,phenotype,Abnormal respiratory motile cilium physiology,8
5333,OMIM:300377.0044,variant,"DMD, LYS770TER",10
5334,MMRRC:041198,biological artifact,FVB.B10ScSn-<i>Dmd<sup>mdx</sup></i> Tg(Myh6-DMD*)271Dua/Mmjax,0
5335,ZP:0000723,phenotype,"anterior cardinal vein unlumenized, abnormal",8
5336,ZFIN:ZDB-GENE-020114-1,gene,ptk2ab,4
5337,ZP:0018605,phenotype,"rhombomere 3 decreased length, abnormal",8
5338,ENSEMBL:ENSMODG00000014306,gene,ENSEMBL:ENSMODG00000014306,4
5339,ZP:0011883,phenotype,"slow muscle cell detached from vertical myoseptum, abnormal",8
5340,FBcv:0000418,phenotype,flightless,8
5341,ZP:0019067,phenotype,"ventricular myocardium spatial pattern, abnormal",8
5342,HP:0002020,phenotype,Gastroesophageal reflux,8
5343,MP:0001899,phenotype,absent long term depression,8
5344,ZP:0002619,phenotype,"brain disorganized, abnormal",8
5345,MP:0000761,phenotype,thin diaphragm muscle,8
5346,ClinVarVariant:409931,variant,NM_004006.3(DMD):c.38_39GA[1] (p.Glu14fs),10
5347,ZFIN:ZDB-GENE-121214-302,gene,ifit11,4
5348,ZP:0000729,phenotype,"hematopoietic multipotent progenitor cell trunk decreased amount, abnormal",8
5349,ZFIN:ZDB-GENE-030131-3759,gene,pak2b,4
5350,MP:0002896,phenotype,abnormal bone mineralization,8
5351,ZP:0008733,phenotype,"neural tube disorganized, abnormal",8
5352,ENSEMBL:ENSMODG00000014814,gene,ENSEMBL:ENSMODG00000014814,4
5353,APO:0000097,phenotype,auxotrophy,8
5354,MP:0008841,phenotype,ruptured lens capsule,8
5355,HP:0011001,phenotype,Increased bone mineral density,8
5356,HGNC:10809,gene,SGCG,4
5357,ZP:0013877,phenotype,"interrenal gland position, abnormal",8
5358,ZP:0011344,phenotype,"ventral wall of dorsal aorta has fewer parts of type hematopoietic stem cell, abnormal",8
5359,ZFIN:ZDB-GENE-081124-1,gene,myhb,4
5360,ENSEMBL:ENSCAFG00000013243,gene,LAMC2,4
5361,OMIM:300377.0022,variant,"DMD, IVS26, T-G, +2",10
5362,MP:0003429,phenotype,insensitivity to growth hormone,8
5363,ENSEMBL:ENSMMUG00000012112,gene,ENSEMBL:ENSMMUG00000012112,4
5364,WormBase:WBGene00001179,gene,egl-10,4
5365,ENSEMBL:ENSSSCG00000014878,gene,PAK1,4
5366,HP:0100240,phenotype,Synostosis of joints,8
5367,ClinVarVariant:217192,variant,NM_004006.2(DMD):c.2991C>G (p.Tyr997Ter),10
5368,HP:0100720,phenotype,Hypoplasia of the ear cartilage,8
5369,ENSEMBL:ENSMMUG00000023208,gene,ENSEMBL:ENSMMUG00000023208,4
5370,HGNC:11167,gene,SNTA1,4
5371,ENSEMBL:ENSECAG00000023774,gene,ENSEMBL:ENSECAG00000023774,4
5372,HP:0001997,phenotype,Gout,8
5373,HP:0001409,phenotype,Portal hypertension,8
5374,EFO:0009958,phenotype,response to bisphosphonate,8
5375,dictyBase:DDB_G0278009,gene,racN,4
5376,Xenbase:XB-GENE-953082,gene,pgm5,4
5377,WBPhenotype:0001719,phenotype,unfolded protein response variant,8
5378,ClinVarVariant:409919,variant,NM_004006.2(DMD):c.4858G>T (p.Glu1620Ter),10
5379,ClinVarVariant:584009,variant,NC_000023.11:g.(?_31496768)_(31875393_?)del,10
5380,ENSEMBL:ENSFCAG00000014942,gene,ENSEMBL:ENSFCAG00000014942,4
5381,ENSEMBL:ENSGALG00000016830,gene,CUL4A,4
5382,MGI:1913758,gene,Lamtor1,4
5383,4318,drug,afatinib,3
5384,MP:0010070,phenotype,decreased serotonin level,8
5385,ZP:0104212,phenotype,"immature Schwann cell posterior lateral line decreased distribution, abnormal",8
5386,ZP:0005805,phenotype,"retina electrical conductivity, abnormal",8
5387,HP:0005133,phenotype,Right ventricular dilatation,8
5388,HP:0012704,phenotype,Widened subarachnoid space,8
5389,MP:0012701,phenotype,increased embryonic neuroepithelium apoptosis,8
5390,ENSEMBL:ENSPTRG00000052362,gene,ENSEMBL:ENSPTRG00000052362,4
5391,ClinVarVariant:583965,variant,NC_000023.11:g.(?_32809473)_(32816660_?)del,10
5392,MP:0003657,phenotype,abnormal erythrocyte osmotic lysis,8
5393,3536,drug,sabcomeline,3
5394,MGI:1353511,gene,Sspn,4
5395,ClinVarVariant:651813,variant,NC_000023.11:g.(?_32517988)_(32518151_?)del,10
5396,ENSEMBL:ENSECAG00000024430,gene,ENSEMBL:ENSECAG00000024430,4
5397,ZP:0002943,phenotype,"lens malformed, abnormal",8
5398,ZP:0002179,phenotype,"pronephric podocyte unfused from pronephric podocyte, abnormal",8
5399,Xenbase:XB-GENE-22061118,gene,chrm1,4
5400,ClinVarVariant:984110,variant,NM_004006.3(DMD):c.2626G>T (p.Glu876Ter),10
5401,ZP:0000411,phenotype,"swim bladder aplastic, abnormal",8
5402,MP:0001696,phenotype,failure to gastrulate,8
5403,RGD:1305577,gene,Mcm2,4
5404,ENSEMBL:ENSSSCG00000008312,gene,DYSF,4
5405,ENSEMBL:ENSECAG00000029062,gene,ENSEMBL:ENSECAG00000029062,4
5406,RGD:2342,gene,Chrm1,4
5407,ZP:0003637,phenotype,"whole organism deformed, abnormal",8
5408,ENSEMBL:ENSPTRG00000014860,gene,ENSEMBL:ENSPTRG00000014860,4
5409,HP:0000347,phenotype,Micrognathia,8
5410,ENSEMBL:ENSACAG00000011805,gene,ENSEMBL:ENSACAG00000011805,4
5411,MP:0001683,phenotype,absent mesoderm,8
5412,MP:0001176,phenotype,abnormal lung development,8
5413,MP:0004200,phenotype,decreased fetal size,8
5414,WBPhenotype:0001724,phenotype,tunicamycin hypersensitive,8
5415,ClinVarVariant:832628,variant,NC_000023.11:g.(?_32342090)_(32699303_?)dup,10
5416,OMIM:300377.0080,variant,"DMD, IVS62, A-G, -285",10
5417,ENSEMBL:ENSPTRG00000005506,gene,ENSEMBL:ENSPTRG00000005506,4
5418,MP:0003225,phenotype,axonal dystrophy,8
5419,WormBase:WBGene00020721,gene,T23B12.6,4
5420,HGNC:7612,gene,MYOG,4
5421,HP:0000256,phenotype,Macrocephaly,8
5422,ClinVarVariant:832391,variant,NC_000023.11:g.(?_31595570)_(31968524_?)del,10
5423,ENSEMBL:ENSSSCG00000017063,gene,SGCD,4
5424,MP:0000382,phenotype,underdeveloped hair follicles,8
5425,HP:0100490,phenotype,Camptodactyly of finger,8
5426,ZP:0011617,phenotype,"blood island has fewer parts of type neutrophil, abnormal",8
5427,ZP:0019522,phenotype,"myelinating Schwann cell posterior lateral line decreased amount, abnormal",8
5428,MGI:88396,gene,Chrm1,4
5429,OMIA-breed:89,biological artifact,Samoyed (dog),0
5430,MP:0003222,phenotype,increased cardiomyocyte apoptosis,8
5431,HP:0003265,phenotype,Neonatal hyperbilirubinemia,8
5432,EFO:0008354,phenotype,cognitive function measurement,8
5433,ENSEMBL:ENSBTAG00000014380,gene,MCM2,4
5434,FlyBase:FBgn0034070,gene,SP2353,4
5435,ZP:0004624,phenotype,"cardiac conduction disrupted, abnormal",8
5436,ZP:0017511,phenotype,"epidermal basal stratum decreased process quality epithelial cell morphogenesis, abnormal",8
5437,HP:0000276,phenotype,Long face,8
5438,HP:0007033,phenotype,Cerebellar dysplasia,8
5439,MP:0004433,phenotype,abnormal cochlear inner hair cell physiology,8
5440,5459,drug,infigratinib,3
5441,ENSEMBL:ENSGALG00000005031,gene,DRP2,4
5442,dbSNPIndividual:22831,genotype,46;X;t(X;9)(Xqter>Xp21.2::9p22>9pter; 9qter>9p22::Xp21.2>Xpter);46;XY [GM06007],6
5443,ZP:0001226,phenotype,"midbrain-hindbrain boundary morphogenesis disrupted, abnormal",8
5444,MP:0001194,phenotype,dermatitis,8
5445,ZP:0103325,phenotype,"neuroectoderm increased amount, abnormal",8
5446,ENSEMBL:ENSCAFG00000028879,gene,ENSEMBL:ENSCAFG00000028879,4
5447,ZP:0000480,phenotype,"digestive tract development disrupted, abnormal",8
5448,RGD:1561367,gene,Anln,4
5449,HP:0010614,phenotype,Fibroma,8
5450,ZP:0019815,phenotype,"motor neuron increased rate axon extension, abnormal",8
5451,RGD:1563853,gene,Cul4a,4
5452,MP:0003227,phenotype,abnormal vascular branching morphogenesis,8
5453,ClinVarVariant:975106,variant,NM_004006.3(DMD):c.811C>T (p.Gln271Ter),10
5454,PomBase:SPBC1604.14c,gene,shk1,4
5455,ZFIN:ZDB-GENE-050522-145,gene,marcksa,4
5456,MGI:1336213,gene,Mybpc1,4
5457,MP:0002427,phenotype,disproportionate dwarf,8
5458,SGD:S000001898,gene,NIC96,4
5459,MP:0005058,phenotype,abnormal lysosome morphology,8
5460,ZP:0006769,phenotype,"osteoblast differentiation predisplaced growth, abnormal",8
5461,ENSEMBL:ENSMODG00000018459,gene,ENSEMBL:ENSMODG00000018459,4
5462,RGD:621436,gene,Kcnj4,4
5463,WormBase:WBGene00012835,gene,ani-3,4
5464,MP:0000730,phenotype,increased satellite cell number,8
5465,ClinVarVariant:803935,variant,NM_004006.3(DMD):c.1129del (p.Asp377fs),10
5466,ClinVarVariant:374372,variant,ClinVarVariant:374372,10
5467,HP:0001413,phenotype,Micronodular cirrhosis,8
5468,RGD:619755,gene,Rac1,4
5469,MP:0003702,phenotype,abnormal chromosome morphology,8
5470,ZP:0002981,phenotype,"protein localization disrupted, abnormal",8
5471,ENSEMBL:ENSBTAG00000021874,gene,KIF14,4
5472,ZP:0003156,phenotype,"axon Rohon-Beard neuron decreased amount, abnormal",8
5473,ZP:0003819,phenotype,"fast muscle cell increased amount, abnormal",8
5474,Xenbase:XB-GENE-5813243,gene,dmd.3,4
5475,ZP:0000749,phenotype,"blood vessel collapsed, abnormal",8
5476,ZP:0106115,phenotype,"sarcomere cardiac ventricle increased width, abnormal",8
5477,dbSNPIndividual:18313,genotype,DMD(EX45DEL); arr Xp21.1(31869808-31995808)x0 [GM05115],6
5478,2337,drug,quetiapine,3
5479,ENSEMBL:ENSFCAG00000033144,gene,ENSEMBL:ENSFCAG00000033144,4
5480,HP:0003212,phenotype,Increased circulating IgE level,8
5481,MP:0003928,phenotype,increased heart rate variability,8
5482,ZP:0005763,phenotype,"slow muscle cell morphology, abnormal",8
5483,ZP:0003439,phenotype,"skeletal muscle cell morphology, abnormal",8
5484,MGI:107432,gene,Drp2,4
5485,MP:0000738,phenotype,impaired muscle contractility,8
5486,FBcv:0002019,phenotype,increased mortality during development,8
5487,RGD:3883,gene,Tnnt3,4
5488,ENSEMBL:ENSGALG00000008351,gene,ENSEMBL:ENSGALG00000008351,4
5489,ZP:0007684,phenotype,"cardiac muscle cell atrioventricular canal morphology, abnormal",8
5490,ClinVarVariant:803824,variant,NM_004006.3(DMD):c.8391-1G>A,10
5491,ZP:0000425,phenotype,"fourth ventricle decreased size, abnormal",8
5492,ClinVarVariant:11228,variant,NM_004010.3(DMD):c.-209T>G,10
5493,WormBase:WBGene00012532,gene,crp-1,4
5494,HP:0001159,phenotype,Syndactyly,8
5495,ENSEMBL:ENSACAG00000012178,gene,ENSEMBL:ENSACAG00000012178,4
5496,ZP:0005734,phenotype,"muscle morphology, abnormal",8
5497,Xenbase:XB-GENE-977139,gene,chrna1,4
5498,ZP:0001410,phenotype,"intersegmental vessel increased branchiness, abnormal",8
5499,MONARCH:APO_0000038APO_0000005,phenotype,shmoo formation:absent,8
5500,dictyBase:DDB_G0269544,gene,DDB0190345,4
5501,ClinVarVariant:11229,variant,NM_000109.4(DMD):c.3579+2T>G,10
5502,MP:0005659,phenotype,decreased susceptibility to diet-induced obesity,8
5503,ClinVarVariant:803861,variant,NM_004006.3(DMD):c.5358del (p.Phe1786fs),10
5504,MP:0002947,phenotype,increased hemangioma incidence,8
5505,ENSEMBL:ENSECAG00000014975,gene,ENSEMBL:ENSECAG00000014975,4
5506,HP:0002093,phenotype,Respiratory insufficiency,8
5507,ClinVarVariant:526168,variant,NC_000023.11:g.(?_31932060)_(31932247_?)del,10
5508,ZP:0103263,phenotype,"focal adhesion heart absent, abnormal",8
5509,MP:0000876,phenotype,Purkinje cell degeneration,8
5510,4285,drug,Florbetapir F-18,3
5511,WBPhenotype:0000483,phenotype,no gut granules,8
5512,ENSEMBL:ENSBTAG00000050783,gene,SNTG2,4
5513,ZP:0002523,phenotype,"facial nerve development disrupted, abnormal",8
5514,MP:0001053,phenotype,abnormal neuromuscular synapse morphology,8
5515,MP:0004097,phenotype,abnormal cerebellar cortex morphology,8
5516,ZP:0017963,phenotype,"atrioventricular valve morphogenesis process quality, abnormal",8
5517,ZP:0100167,phenotype,"twitch skeletal muscle contraction increased duration, abnormal",8
5518,ZFIN:ZDB-GENE-051127-43,gene,sspn,4
5519,HP:0007265,phenotype,Absent mesencephalon,8
5520,ENSEMBL:ENSCAFG00000008853,gene,TIAM1,4
5521,ClinVarVariant:803913,variant,NM_004006.3(DMD):c.2448C>A (p.Cys816Ter),10
5522,HP:0001513,phenotype,Obesity,8
5523,ZFIN:ZDB-GENE-000329-3,gene,actb2,4
5524,ClinVarVariant:649535,variant,NM_004006.2(DMD):c.187-1G>T,10
5525,ClinVarVariant:417484,variant,NC_000023.11:g.(?_32644132)_(32849820_?)del,10
5526,ZP:0011979,phenotype,"skeletal muscle cell misaligned with skeletal muscle cell, abnormal",8
5527,ZP:0005382,phenotype,"pseudopodium forerunner cell group direction, abnormal",8
5528,ZP:0001511,phenotype,"muscle decreased strength, abnormal",8
5529,MP:0012250,phenotype,absent heart valves,8
5530,Xenbase:XB-GENE-480259,gene,tnnc2,4
5531,ENSEMBL:ENSACAG00000016803,gene,ENSEMBL:ENSACAG00000016803,4
5532,ENSEMBL:ENSECAG00000004913,gene,ENSEMBL:ENSECAG00000004913,4
5533,WBPhenotype:0000845,phenotype,levamisole response variant,8
5534,ClinVarVariant:803812,variant,NM_004006.3(DMD):c.8817del (p.Gln2940fs),10
5535,ZP:0000584,phenotype,"caudal fin decreased length, abnormal",8
5536,ZP:0000731,phenotype,"cranial vasculature unlumenized, abnormal",8
5537,MP:0030005,phenotype,increased retinal apoptosis,8
5538,EFO:0007874,phenotype,gut microbiome measurement,8
5539,MP:0004883,phenotype,abnormal vascular wound healing,8
5540,ENSEMBL:ENSCAFG00000002982,gene,MYBPC2,4
5541,ClinVarVariant:417489,variant,NC_000023.11:g.(?_31729631)_(31729748_?)del,10
5542,WBPhenotype:0001681,phenotype,spindle orientation variant,8
5543,SGD:S000003583,gene,RTT101,4
5544,HP:0040216,phenotype,Hypoinsulinemia,8
5545,RGD:3028,gene,Marcks,4
5546,HP:0000389,phenotype,Chronic otitis media,8
5547,MP:0005547,phenotype,abnormal Muller cell morphology,8
5548,ZP:0000041,phenotype,"pharyngeal arch 3-7 skeleton quality, abnormal",8
5549,MP:0005097,phenotype,polychromatophilia,8
5550,ENSEMBL:ENSFCAG00000040315,gene,ENSEMBL:ENSFCAG00000040315,4
5551,ENSEMBL:ENSMMUG00000043626,gene,ENSEMBL:ENSMMUG00000043626,4
5552,NCBITaxon:9544,taxon,Macaca mulatta,9
5553,ZP:0021005,phenotype,"sarcomere cardiac muscle disorganized, abnormal",8
5554,HP:0000104,phenotype,Renal agenesis,8
5555,ZP:0008693,phenotype,"telencephalon apoptotic, abnormal",8
5556,HGNC:11946,gene,TNNI2,4
5557,ZFIN:ZDB-GENE-030131-8719,gene,ahnak,4
5558,4190,drug,ruxolitinib,3
5559,MP:0002663,phenotype,absent blastocoele,8
5560,ENSEMBL:ENSSSCG00000005710,gene,LAMC3,4
5561,ENSEMBL:ENSMODG00000013281,gene,ENSEMBL:ENSMODG00000013281,4
5562,dbSNP:rs145455135,variant,rs145455135-A,10
5563,MP:0004842,phenotype,abnormal large intestine crypts of Lieberkuhn morphology,8
5564,ENSEMBL:ENSMMUG00000030881,gene,ENSEMBL:ENSMMUG00000030881,4
5565,ClinVarVariant:640446,variant,NC_000023.11:g.(?_31929586)_(31968524_?)del,10
5566,MP:0011060,phenotype,abnormal kinocilium morphology,8
5567,MP:0013467,phenotype,diaphragmitis,8
5568,ClinVarVariant:217182,variant,NM_004006.2(DMD):c.2215G>T (p.Glu739Ter),10
5569,ZP:0002185,phenotype,"neuron projection development disrupted, abnormal",8
5570,ZP:0102728,phenotype,"lateral dorsal aorta absent, abnormal",8
5571,GO:0035994,molecular function,response to muscle stretch,7
5572,EFO:0005763,phenotype,pulse pressure measurement,8
5573,WBPhenotype:0000163,phenotype,clear larva,8
5574,ClinVarVariant:582905,variant,NM_004006.2(DMD):c.7252C>T (p.Gln2418Ter),10
5575,HGNC:13249,gene,CAPN12,4
5576,MP:0008140,phenotype,podocyte foot process effacement,8
5577,ZP:0101689,phenotype,"preoptic area increased distribution, abnormal",8
5578,ZP:0000690,phenotype,"hormone activity decreased occurrence, abnormal",8
5579,ZP:0002551,phenotype,"motor neuron facial nerve motor nucleus mislocalised, abnormal",8
5580,ClinVarVariant:984684,variant,NM_004006.3(DMD):c.803del (p.Leu268fs),10
5581,WBPhenotype:0006001,phenotype,squashed vulva,8
5582,HP:0000842,phenotype,Hyperinsulinemia,8
5583,ENSEMBL:ENSECAG00000032992,gene,ENSEMBL:ENSECAG00000032992,4
5584,HGNC:20163,gene,HAUS4,4
5585,HGNC:19013,gene,TRIM41,4
5586,FlyBase:FBal0244100,variant,Dys[dsRNA.C.UAS],10
5587,ENSEMBL:ENSECAG00000011860,gene,ENSEMBL:ENSECAG00000011860,4
5588,ENSEMBL:ENSMODG00000019164,gene,ENSEMBL:ENSMODG00000019164,4
5589,ENSEMBL:ENSFCAG00000013550,gene,ENSEMBL:ENSFCAG00000013550,4
5590,ENSEMBL:ENSMMUG00000009498,gene,ENSEMBL:ENSMMUG00000009498,4
5591,WBPhenotype:0000654,phenotype,synaptic vesicle exocytosis variant,8
5592,HGNC:8592,gene,PAK3,4
5593,WBPhenotype:0000864,phenotype,early elongation arrest,8
5594,ENSEMBL:ENSFCAG00000004478,gene,ENSEMBL:ENSFCAG00000004478,4
5595,ENSEMBL:ENSECAG00000002132,gene,ENSEMBL:ENSECAG00000002132,4
5596,ENSEMBL:ENSMODG00000003208,gene,ENSEMBL:ENSMODG00000003208,4
5597,MP:0005590,phenotype,increased vasodilation,8
5598,ClinVarVariant:650719,variant,NC_000023.11:g.(?_31875178)_(31932237_?)del,10
5599,ZP:0008059,phenotype,"axon medial longitudinal fasciculus branched, abnormal",8
5600,HGNC:3058,gene,DTNB,4
5601,MP:0004948,phenotype,abnormal neuronal precursor proliferation,8
5602,HP:0012251,phenotype,ST segment elevation,8
5603,ENSEMBL:ENSBTAG00000006904,gene,TNS2,4
5604,ClinVarVariant:595153,variant,NM_004006.2(DMD):c.3923C>A (p.Ser1308Ter),10
5605,ZP:0001365,phenotype,"eye movement quality, abnormal",8
5606,ClinVarVariant:803952,variant,NM_004006.3(DMD):c.264+5G>A,10
5607,MP:0009414,phenotype,skeletal muscle fiber necrosis,8
5608,ClinVarVariant:932182,variant,NC_000023.10:g.(32632571_32662248)_(32867938_33038255)del,10
5609,ENSEMBL:ENSOANG00000005169,gene,ENSEMBL:ENSOANG00000005169,4
5610,ENSEMBL:ENSOANG00000010897,gene,ENSEMBL:ENSOANG00000010897,4
5611,MP:0003963,phenotype,abnormal corticosterone level,8
5612,FBcv:0000374,phenotype,fertile,8
5613,ClinVarVariant:640379,variant,NM_004006.2(DMD):c.4433T>G (p.Leu1478Ter),10
5614,ENSEMBL:ENSMMUG00000013785,gene,ENSEMBL:ENSMMUG00000013785,4
5615,ZP:0002182,phenotype,"sprouting angiogenesis decreased process quality, abnormal",8
5616,FlyBase:FBgn0010215,gene,alpha-Cat,4
5617,HP:0000691,phenotype,Microdontia,8
5618,ClinVarVariant:584105,variant,NC_000023.11:g.(?_32595737)_(32699313_?)del,10
5619,ZP:0005815,phenotype,"photoreceptor cell degenerate, abnormal",8
5620,ZP:0011530,phenotype,"epiboly involved in gastrulation with mouth forming second process quality, abnormal",8
5621,ZP:0020694,phenotype,"posterior lateral line neuromast deposition decreased occurrence, abnormal",8
5622,1423,drug,imatinib,3
5623,ENSEMBL:ENSSSCG00000013375,gene,MYOD1,4
5624,MP:0010656,phenotype,thick myocardium,8
5625,dbSNPIndividual:15877,genotype,arr Xp21.2p21.1(31224485-31977208)x2 [GM05126],6
5626,ClinVarVariant:447261,variant,NM_004006.2(DMD):c.589G>T (p.Glu197Ter),10
5627,MONARCH:APO_0000083APO_0000003,phenotype,oxidative stress resistance:decreased,8
5628,MP:0001214,phenotype,skin hyperplasia,8
5629,ClinVarVariant:11255,variant,NM_004006.2(DMD):c.3188G>A (p.Trp1063Ter),10
5630,HP:0002682,phenotype,Broad skull,8
5631,ENSEMBL:ENSPTRG00000002112,gene,ENSEMBL:ENSPTRG00000002112,4
5632,ENSEMBL:ENSSSCG00000000106,gene,ENSEMBL:ENSSSCG00000000106,4
5633,HGNC:11275,gene,SPTBN1,4
5634,ClinVarVariant:11260,variant,NM_004006.2(DMD):c.6292C>T (p.Arg2098Ter),10
5635,MP:0000166,phenotype,abnormal chondrocyte morphology,8
5636,ClinVarVariant:94619,variant,NM_004006.2(DMD):c.4314_4315del (p.Arg1439fs),10
5637,MONARCH:APO_0000027APO_0000004,phenotype,filamentous growth:increased,8
5638,FlyBase:FBgn0014861,gene,Mcm2,4
5639,MP:0006071,phenotype,abnormal retinal progenitor cell morphology,8
5640,ZP:0002954,phenotype,"cornea absent, abnormal",8
5641,MP:0009387,phenotype,abnormal epidermal pigmentation,8
5642,ZP:0007288,phenotype,"central artery irregular spatial pattern, abnormal",8
5643,MGI:5779562,genotype,Tg(ACTA1-Ctss)1Jmol [FVB/N-Tg(ACTA1-Ctss)1Jmol],6
5644,ENSEMBL:ENSMMUG00000046222,gene,ENSEMBL:ENSMMUG00000046222,4
5645,MP:0010380,phenotype,abnormal inner cell mass apoptosis,8
5646,MP:0011708,phenotype,decreased fibroblast cell migration,8
5647,MP:0012082,phenotype,delayed heart development,8
5648,MP:0008428,phenotype,abnormal spatial working memory,8
5649,MP:0008688,phenotype,decreased interleukin-2 secretion,8
5650,ClinVarVariant:11227,variant,NM_000109.4(DMD):c.8524-1G>C,10
5651,977,drug,ebastine,3
5652,ENSEMBL:ENSCAFG00000002816,gene,MPP6,4
5653,RGD:1308885,gene,Trim41,4
5654,ENSEMBL:ENSSSCG00000003218,gene,MYBPC2,4
5655,ENSEMBL:ENSPTRG00000011002,gene,ENSEMBL:ENSPTRG00000011002,4
5656,FlyBase:FBgn0034005,gene,ItgaPS4,4
5657,ZP:0000869,phenotype,"anterior-posterior axis whole organism shortened, abnormal",8
5658,HP:0000773,phenotype,Short ribs,8
5659,ENSEMBL:ENSBTAG00000012723,gene,ENSEMBL:ENSBTAG00000012723,4
5660,HP:0001288,phenotype,Gait disturbance,8
5661,MP:0002680,phenotype,decreased corpora lutea number,8
5662,WBPhenotype:0000402,phenotype,avoids bacterial lawn,8
5663,HGNC:165,gene,ACTN3,4
5664,FBcv:0000683,phenotype,abnormal temperature response,8
5665,ZP:0012208,phenotype,"skeletal muscle cell detached from somite border, abnormal",8
5666,4124,drug,vorinostat,3
5667,ENSEMBL:ENSCAFG00000007554,gene,J9P730,4
5668,ENSEMBL:ENSFCAG00000008186,gene,ENSEMBL:ENSFCAG00000008186,4
5669,ClinVarVariant:584367,variant,NC_000023.10:g.(?_31222078)_(31241238_?)dup,10
5670,ENSEMBL:ENSECAG00000009638,gene,ENSEMBL:ENSECAG00000009638,4
5671,MP:0006401,phenotype,absent male preputial gland,8
5672,ZP:0000659,phenotype,"skeletal muscle tissue development disrupted, abnormal",8
5673,Coriell:GM23159,biological artifact,NIGMS-GM23159,0
5674,WBPhenotype:0001278,phenotype,transgene expression reduced,8
5675,EFO:0004279,phenotype,suntan,8
5676,FlyBase:FBgn0267487,gene,Ptp61F,4
5677,ZP:0000057,phenotype,"Meckel's cartilage decreased size, abnormal",8
5678,MP:0010387,phenotype,abnormal Bergmann glial cell morphology,8
5679,MP:0003644,phenotype,thymus atrophy,8
5680,WBPhenotype:0000673,phenotype,brood size variant,8
5681,ENSEMBL:ENSFCAG00000003729,gene,ENSEMBL:ENSFCAG00000003729,4
5682,MP:0011091,phenotype,"prenatal lethality, complete penetrance",8
5683,ENSEMBL:ENSXETG00000038368,gene,ENSEMBL:ENSXETG00000038368,4
5684,HP:0003251,phenotype,Male infertility,8
5685,ZP:0000153,phenotype,"somite increased width, abnormal",8
5686,ZP:0012362,phenotype,"dorsal-ventral axis notochord increased size, abnormal",8
5687,ENSEMBL:ENSMODG00000015529,gene,ENSEMBL:ENSMODG00000015529,4
5688,ZFIN:ZDB-GENE-040625-114,gene,tpm2,4
5689,MP:0005397,phenotype,hematopoietic system phenotype,8
5690,MP:0003666,phenotype,impaired sperm capacitation,8
5691,WBPhenotype:0001911,phenotype,axon regeneration defective,8
5692,2865,drug,ziprasidone,3
5693,ENSEMBL:ENSECAG00000007555,gene,ENSEMBL:ENSECAG00000007555,4
5694,ENSEMBL:ENSPTRG00000016150,gene,ENSEMBL:ENSPTRG00000016150,4
5695,MP:0000889,phenotype,abnormal cerebellar molecular layer,8
5696,MP:0004136,phenotype,abnormal tongue muscle morphology,8
5697,GO:0030049,molecular function,muscle filament sliding,7
5698,ClinVarVariant:638586,variant,NM_004006.2(DMD):c.9974+175T>A,10
5699,ZP:0010831,phenotype,"Kupffer's vesicle decreased process quality motile cilium assembly, abnormal",8
5700,WBPhenotype:0002336,phenotype,path curvature increased,8
5701,HGNC:11610,gene,TCAP,4
5702,MP:0005526,phenotype,decreased renal plasma flow rate,8
5703,XPO:0101645,phenotype,abnormal heart morphology,8
5704,ENSEMBL:ENSACAG00000016657,gene,ENSEMBL:ENSACAG00000016657,4
5705,ENSEMBL:ENSCAFG00000025057,gene,LAMB1,4
5706,MP:0010664,phenotype,abnormal vitelline artery morphology,8
5707,MP:0005537,phenotype,abnormal cerebral aqueduct morphology,8
5708,ClinVarVariant:661732,variant,NC_000023.11:g.(?_31729621)_(31820093_?)del,10
5709,ClinVarVariant:581591,variant,NM_004006.2(DMD):c.650-1827_771del,10
5710,ENSEMBL:ENSFCAG00000001035,gene,ENSEMBL:ENSFCAG00000001035,4
5711,HGNC:12011,gene,TPM2,4
5712,ClinVarVariant:285350,variant,NM_004006.2(DMD):c.10361del (p.Tyr3454fs),10
5713,WBPhenotype:0001106,phenotype,spindle orientation variant AB or P1 early emb,8
5714,ZP:0021039,phenotype,"membrane epicardium smooth, abnormal",8
5715,HP:0001350,phenotype,Slurred speech,8
5716,HP:0004324,phenotype,Increased body weight,8
5717,ZP:0009069,phenotype,"dorsal/ventral neural tube patterning disrupted, abnormal",8
5718,WBPhenotype:0000357,phenotype,unfertilized oocytes laid,8
5719,dbSNPIndividual:10697,genotype,DMD(EX3-17DEL); arr Xp21.1(32463660-32882465)x0 [GM03782],6
5720,HP:0006753,phenotype,Neoplasm of the stomach,8
5721,HP:0008981,phenotype,Calf muscle hypertrophy,8
5722,ClinVarVariant:640997,variant,NC_000023.11:g.(?_31595570)_(31774202_?)del,10
5723,MONARCH:APO_0000149APO_0000002,phenotype,protein/peptide accumulation:abnormal,8
5724,HP:0002395,phenotype,Lower limb hyperreflexia,8
5725,EFO:0004329,phenotype,alcohol drinking,8
5726,ZP:0002193,phenotype,"axon motor neuron decreased branchiness, abnormal",8
5727,ENSEMBL:ENSOANG00000006522,gene,ENSEMBL:ENSOANG00000006522,4
5728,ClinVarVariant:649626,variant,NC_000023.11:g.(?_31729631)_(31774192_?)del,10
5729,FlyBase:FBgn0283681,gene,Tcs3,4
5730,WBPhenotype:0001078,phenotype,cytokinesis defective early emb,8
5731,FBcv:0000386,phenotype,long lived,8
5732,ENSEMBL:ENSMODG00000020370,gene,ENSEMBL:ENSMODG00000020370,4
5733,MP:0000343,phenotype,abnormal response to cardiac infarction,8
5734,ENSEMBL:ENSCAFG00000024150,gene,ARF6,4
5735,MGI:104597,gene,Tnnt2,4
5736,ENSEMBL:ENSACAG00000008935,gene,ENSEMBL:ENSACAG00000008935,4
5737,HP:0012104,phenotype,Parietal cortical atrophy,8
5738,EFO:0006826,phenotype,trans/trans-18:2 fatty acid measurement,8
5739,HP:0003003,phenotype,Colon cancer,8
5740,ENSEMBL:ENSMMUG00000022301,gene,ENSEMBL:ENSMMUG00000022301,4
5741,WBPhenotype:0001908,phenotype,ventral closure defective,8
5742,WBPhenotype:0002256,phenotype,selenium response variant,8
5743,MP:0004047,phenotype,abnormal milk composition,8
5744,ZP:0137781,phenotype,"myotome decreased occurrence cell adhesion, abnormal",8
5745,MP:0005623,phenotype,abnormal meninges morphology,8
5746,WBPhenotype:0002057,phenotype,Bacillus thuringiensis toxin hypersensitive,8
5747,HP:0000093,phenotype,Proteinuria,8
5748,MP:0008495,phenotype,decreased IgG1 level,8
5749,ENSEMBL:ENSOANG00000038513,gene,ENSEMBL:ENSOANG00000038513,4
5750,HP:0009004,phenotype,Hypoplasia of the musculature,8
5751,ZFIN:ZDB-GENE-070501-1,gene,dysf,4
5752,ZP:0002176,phenotype,"heart contractility, abnormal",8
5753,WBPhenotype:0001175,phenotype,high incidence male progeny,8
5754,ENSEMBL:ENSMMUG00000001479,gene,ENSEMBL:ENSMMUG00000001479,4
5755,ZP:0001773,phenotype,"retina degenerate, abnormal",8
5756,ZP:0000241,phenotype,"muscle trunk refractivity, abnormal",8
5757,ZP:0019923,phenotype,"atrioventricular valve closure, abnormal",8
5758,ENSEMBL:ENSCAFG00000002001,gene,ENSEMBL:ENSCAFG00000002001,4
5759,ZP:0001550,phenotype,"cell migration involved in gastrulation decreased rate, abnormal",8
5760,RGD:1307207,gene,Lama1,4
5761,MP:0001932,phenotype,abnormal spermiogenesis,8
5762,Coriell:GM05170,biological artifact,NIGMS-GM05170,0
5763,RGD:2245,gene,Cacna1c,4
5764,ENSEMBL:ENSCAFG00000009033,gene,ENSEMBL:ENSCAFG00000009033,4
5765,ENSEMBL:ENSPTRG00000022320,gene,ENSEMBL:ENSPTRG00000022320,4
5766,ENSEMBL:ENSSSCG00000024061,gene,TNNI1,4
5767,1942,drug,nisoldipine,3
5768,MGI:1330233,gene,Tcap,4
5769,dbSNP:rs17567824,variant,rs17567824-?,10
5770,HP:0012757,phenotype,Abnormal neuron morphology,8
5771,ClinVarVariant:526175,variant,NC_000023.10:g.(?_31838072)_(31983146_?)dup,10
5772,MP:0013279,phenotype,increased fasting circulating glucose level,8
5773,MGI:1918346,gene,Sntg1,4
5774,WormBase:WBGene00000302,gene,cav-2,4
5775,ClinVarVariant:658973,variant,NC_000023.11:g.(?_31929586)_(31929755_?)del,10
5776,HP:0030680,phenotype,Abnormality of cardiovascular system morphology,8
5777,ZP:0000049,phenotype,"surface structure quality, abnormal",8
5778,FBcv:0000385,phenotype,short lived,8
5779,MP:0005376,phenotype,homeostasis/metabolism phenotype,8
5780,ZP:0007742,phenotype,"nucleus skeletal muscle cell increased diameter, abnormal",8
5781,HP:0005266,phenotype,Intestinal polyp,8
5782,832,drug,dexfenfluramine,3
5783,MP:0008414,phenotype,abnormal spatial reference memory,8
5784,ENSEMBL:ENSCAFG00000012851,gene,ENSEMBL:ENSCAFG00000012851,4
5785,MGI:101771,gene,Sntb2,4
5786,MP:0000462,phenotype,abnormal digestive system morphology,8
5787,ZP:0003252,phenotype,"heart contraction decreased process quality, abnormal",8
5788,ClinVarVariant:217171,variant,NM_004006.2(DMD):c.10133del (p.Asn3378fs),10
5789,ENSEMBL:ENSMODG00000019067,gene,ENSEMBL:ENSMODG00000019067,4
5790,1689,drug,mepenzolate,3
5791,ClinVarVariant:650214,variant,NM_004006.2(DMD):c.9094G>T (p.Glu3032Ter),10
5792,dictyBase:DDB_G0280975,gene,racE,4
5793,ENSEMBL:ENSOANG00000048480,gene,ENSEMBL:ENSOANG00000048480,4
5794,ZP:0000688,phenotype,"cardiac muscle cell decreased amount, abnormal",8
5795,MP:0011100,phenotype,"preweaning lethality, complete penetrance",8
5796,Xenbase:XB-GENE-1008690,gene,sptbn2,4
5797,HP:0003273,phenotype,Hip contracture,8
5798,ZP:0100376,phenotype,"whole organism dorsalized, abnormal",8
5799,ZP:0138564,phenotype,"bulbus arteriosus lacks all parts of type ventriculo bulbo valve, abnormal",8
5800,MP:0003686,phenotype,abnormal eye muscle morphology,8
5801,ENSEMBL:ENSOANG00000042276,gene,ENSEMBL:ENSOANG00000042276,4
5802,MP:0002702,phenotype,decreased circulating free fatty acids level,8
5803,ClinVarVariant:943312,variant,NM_004006.3(DMD):c.2440G>T (p.Glu814Ter),10
5804,ENSEMBL:ENSBTAG00000051965,gene,KCNJ4,4
5805,MP:0002654,phenotype,spongiform encephalopathy,8
5806,MP:0010639,phenotype,abnormal tumor pathology,8
5807,MP:0010950,phenotype,abnormal lung hysteresivity,8
5808,MP:0002792,phenotype,abnormal retinal vasculature morphology,8
5809,ZP:0003020,phenotype,"myotome decreased thickness, abnormal",8
5810,ENSEMBL:ENSSSCG00000013627,gene,ENSEMBL:ENSSSCG00000013627,4
5811,ENSEMBL:ENSECAG00000017410,gene,ENSEMBL:ENSECAG00000017410,4
5812,HP:0100494,phenotype,Abnormal mast cell morphology,8
5813,ClinVarVariant:803863,variant,NM_004006.3(DMD):c.5255T>G (p.Leu1752Ter),10
5814,MP:0008106,phenotype,decreased amacrine cell number,8
5815,MONARCH:APO_0000126APO_0000002,phenotype,nuclear import:abnormal,8
5816,ENSEMBL:ENSMMUG00000002630,gene,ENSEMBL:ENSMMUG00000002630,4
5817,FBcv:0000371,phenotype,male semi-sterile,8
5818,ZP:0006880,phenotype,"ventricular system edematous, abnormal",8
5819,WBPhenotype:0001595,phenotype,somatic transgene silencing variant,8
5820,ENSEMBL:ENSPTRG00000022217,gene,ENSEMBL:ENSPTRG00000022217,4
5821,ENSEMBL:ENSMMUG00000056199,gene,ENSEMBL:ENSMMUG00000056199,4
5822,2737,drug,tridihexethyl,3
5823,ClinVarVariant:984682,variant,NM_004006.3(DMD):c.4675-1G>A,10
5824,ZP:0007282,phenotype,"blood vessel endothelial cell cranial vasculature morphology, abnormal",8
5825,HP:0031826,phenotype,Abnormal reflex,8
5826,EFO:0010094,phenotype,grapefruit juice consumption measurement,8
5827,ZP:0002450,phenotype,"intrahepatic bile duct decreased amount, abnormal",8
5828,ENSEMBL:ENSBTAG00000007617,gene,TERF2,4
5829,ENSEMBL:ENSECAG00000017459,gene,ENSEMBL:ENSECAG00000017459,4
5830,HP:0006274,phenotype,Reduced pancreatic beta cells,8
5831,ClinVarVariant:526083,variant,NM_004006.2(DMD):c.5602A>T (p.Arg1868Ter),10
5832,ZFIN:ZDB-GENE-030131-5509,gene,cavin1b,4
5833,ClinVarVariant:845533,variant,NM_004006.3(DMD):c.6290+2T>A,10
5834,FBcv:0000431,phenotype,abnormal meiotic cell cycle,8
5835,MP:0011201,phenotype,abnormal visceral yolk sac cavity morphology,8
5836,ZP:0020992,phenotype,"microtubule polymerization decreased rate, abnormal",8
5837,3514,drug,quercetin,3
5838,MP:0030566,phenotype,abnormal A band morphology,8
5839,ClinVarVariant:526140,variant,NC_000023.11:g.(?_31679355)_(31968534_?)del,10
5840,ClinVarVariant:455845,variant,NC_000023.11:g.(?_32823275)_(32823850_?)del,10
5841,WormBase:WBGene00003704,gene,nhr-114,4
5842,ClinVarVariant:832364,variant,NC_000023.11:g.(?_31121823)_(32849830_?)del,10
5843,MP:0004756,phenotype,abnormal proximal convoluted tubule morphology,8
5844,HP:0001562,phenotype,Oligohydramnios,8
5845,HGNC:11874,gene,TMOD4,4
5846,ENSEMBL:ENSECAG00000021886,gene,ENSEMBL:ENSECAG00000021886,4
5847,ZP:0138062,phenotype,"swimming decreased spatial extent of a process, abnormal",8
5848,ZP:0008067,phenotype,"myotome dystrophic, abnormal",8
5849,RGD:1311525,gene,Nup93,4
5850,MP:0004936,phenotype,impaired branching involved in ureteric bud morphogenesis,8
5851,dictyBase:DDB_G0276967,gene,racF2,4
5852,ClinVarVariant:11221,variant,NM_004010.3(DMD):c.-117C>T,10
5853,WBPhenotype:0000421,phenotype,levamisole resistant,8
5854,ZP:0011404,phenotype,"skeletal muscle myofibril myotome malformed, abnormal",8
5855,WBPhenotype:0001948,phenotype,diakinesis progression during oogenesis variant,8
5856,MP:0013292,phenotype,embryonic lethality prior to organogenesis,8
5857,MP:0030265,phenotype,parietal bossing,8
5858,APO:0000112,phenotype,inviable,8
5859,MONARCH:APO_0000159APO_0000003,phenotype,biofilm formation:decreased,8
5860,ClinVarVariant:803798,variant,NM_004006.3(DMD):c.9730del (p.Ile3244fs),10
5861,ZP:0017046,phenotype,"caudal vein plexus has fewer parts of type endothelial cell, abnormal",8
5862,ZFIN:ZDB-GENE-030113-2,gene,ttn.2,4
5863,ZP:0017688,phenotype,"cell atrium spatial pattern, abnormal",8
5864,ENSEMBL:ENSMODG00000005003,gene,ENSEMBL:ENSMODG00000005003,4
5865,HP:0006771,phenotype,Duodenal adenocarcinoma,8
5866,ZP:0021028,phenotype,"endothelial cell endocardium increased amount, abnormal",8
5867,607,drug,chloroquine,3
5868,MP:0000822,phenotype,abnormal brain ventricle morphology,8
5869,MP:0003642,phenotype,absent seminal vesicle,8
5870,ZP:0000734,phenotype,"intersegmental vessel structure, cavities, abnormal",8
5871,HP:0002624,phenotype,Abnormal venous morphology,8
5872,ZP:0101686,phenotype,"neuron hypothalamus irregular spatial pattern, abnormal",8
5873,ClinVarVariant:803949,variant,NM_004006.3(DMD):c.444del (p.Arg149fs),10
5874,WBPhenotype:0001130,phenotype,cytokinesis fails early emb,8
5875,MP:0004613,phenotype,fusion of vertebral arches,8
5876,Xenbase:XB-GENE-5871494,gene,traf3ip1,4
5877,MP:0005592,phenotype,abnormal vascular smooth muscle morphology,8
5878,ZP:0001609,phenotype,"head morphology, abnormal",8
5879,ZP:0005885,phenotype,"apical ectodermal ridge pectoral fin bud physical object quality, abnormal",8
5880,MP:0011086,phenotype,"postnatal lethality, incomplete penetrance",8
5881,ClinVarVariant:409918,variant,NM_004006.2(DMD):c.1061G>A (p.Trp354Ter),10
5882,ENSEMBL:ENSPTRG00000003166,gene,ENSEMBL:ENSPTRG00000003166,4
5883,ClinVarVariant:217219,variant,NM_004006.2(DMD):c.9551dup (p.Asn3184fs),10
5884,FlyBase:FBgn0026064,gene,KP78a,4
5885,ZP:0000111,phenotype,"somite fused with somite, abnormal",8
5886,ClinVarVariant:217202,variant,NM_000109.4(DMD):c.5326G>T (p.Glu1776Ter),10
5887,HP:0011873,phenotype,Abnormal platelet count,8
5888,ZP:0019065,phenotype,"skeletal muscle cell structure, abnormal",8
5889,MP:0004324,phenotype,vestibular hair cell degeneration,8
5890,FBcv:0000440,phenotype,chemical sensitive,8
5891,WormBase:WBGene00016570,gene,gnrr-4,4
5892,ENSEMBL:ENSGALG00000037784,gene,DAG1,4
5893,MP:0005169,phenotype,abnormal male meiosis,8
5894,FlyBase:FBgn0250788,gene,beta-Spec,4
5895,MONARCH:APO_0000025APO_0000003,phenotype,axial budding pattern:decreased,8
5896,ZP:0005673,phenotype,"lateral dorsal aorta morphology, abnormal",8
5897,OMIM:300377.0030,variant,"DMD, 1-BP INS, 402A",10
5898,ENSEMBL:ENSOANG00000040599,gene,ENSEMBL:ENSOANG00000040599,4
5899,WBPhenotype:0001720,phenotype,spermatozoa retro location defective,8
5900,MP:0011396,phenotype,abnormal sleep behavior,8
5901,ZP:0001392,phenotype,"somite border U-shaped, abnormal",8
5902,P04925,gene product,Major prion protein,5
5903,WBPhenotype:0001034,phenotype,pronuclear nuclear appearance defective early emb,8
5904,ENSEMBL:ENSFCAG00000015569,gene,ENSEMBL:ENSFCAG00000015569,4
5905,ZP:0000438,phenotype,"somite border shape, abnormal",8
5906,ZP:0000702,phenotype,"heart contraction absent, abnormal",8
5907,WBPhenotype:0001339,phenotype,egg laying levamisole resistant,8
5908,ZFIN:ZDB-GENE-070410-135,gene,zgc:163073,4
5909,MP:0004566,phenotype,myocardial fiber degeneration,8
5910,ZP:0000709,phenotype,"blood accumulation blood vasculature, abnormal",8
5911,HP:0000629,phenotype,Periorbital fullness,8
5912,ZFIN:ZDB-GENE-091106-2,gene,tnnt2b,4
5913,MP:0006042,phenotype,increased apoptosis,8
5914,MP:0003078,phenotype,aphakia,8
5915,ENSEMBL:ENSECAG00000018984,gene,ENSEMBL:ENSECAG00000018984,4
5916,1379,drug,homatropine,3
5917,MONARCH:APO_0000075APO_0000003,phenotype,endocytosis:decreased,8
5918,MP:0004633,phenotype,abnormal cochlear IHC efferent innervation pattern,8
5919,ENSEMBL:ENSGALG00000042257,gene,ENSEMBL:ENSGALG00000042257,4
5920,FlyBase:FBgn0267348,gene,LanB2,4
5921,WBPhenotype:0000760,phenotype,spindle orientation defective early emb,8
5922,ENSEMBL:ENSMODG00000017210,gene,ENSEMBL:ENSMODG00000017210,4
5923,313,drug,diphenidol,3
5924,MP:0005032,phenotype,abnormal ectoplacental cone morphology,8
5925,OMIM:300377.0056,variant,"DMD, 17-BP DEL, NT6982",10
5926,MP:0003420,phenotype,delayed intramembranous bone ossification,8
5927,ENSEMBL:ENSFCAG00000002429,gene,ENSEMBL:ENSFCAG00000002429,4
5928,ZP:0008600,phenotype,"microtubule cytoskeleton organization disrupted, abnormal",8
5929,ENSEMBL:ENSCAFG00000015977,gene,ENSEMBL:ENSCAFG00000015977,4
5930,MP:0010210,phenotype,abnormal circulating cytokine level,8
5931,MGI:1329005,gene,Slfn3,4
5932,ZP:0008029,phenotype,"ventricular myocardium decreased size, abnormal",8
5933,ENSEMBL:ENSPTRG00000042231,gene,ENSEMBL:ENSPTRG00000042231,4
5934,WBPhenotype:0001474,phenotype,pyrazine chemotaxis variant,8
5935,ENSEMBL:ENSACAG00000003562,gene,ENSEMBL:ENSACAG00000003562,4
5936,MESH:D000077185,drug,Resveratrol,3
5937,ENSEMBL:ENSECAG00000020148,gene,ENSEMBL:ENSECAG00000020148,4
5938,ENSEMBL:ENSMODG00000017422,gene,ENSEMBL:ENSMODG00000017422,4
5939,ENSEMBL:ENSFCAG00000023164,gene,ENSEMBL:ENSFCAG00000023164,4
5940,MP:0000242,phenotype,impaired fertilization,8
5941,663,drug,citalopram,3
5942,ENSEMBL:ENSOANG00000007716,gene,ENSEMBL:ENSOANG00000007716,4
5943,MP:0004220,phenotype,abnormal peripheral nervous system regeneration,8
5944,ZP:0008034,phenotype,"contractile fiber skeletal muscle decreased size, abnormal",8
5945,ZP:0000022,phenotype,"hematopoietic stem cell decreased amount, abnormal",8
5946,MP:0010869,phenotype,decreased bone trabecula number,8
5947,92,drug,adenosine phosphate,3
5948,MP:0004563,phenotype,absent active-zone-anchored inner hair cell synaptic ribbon,8
5949,ENSEMBL:ENSCAFG00000014112,gene,ENSEMBL:ENSCAFG00000014112,4
5950,MGI:1922909,gene,Wdr54,4
5951,ENSEMBL:ENSACAG00000008061,gene,ENSEMBL:ENSACAG00000008061,4
5952,MP:0001706,phenotype,abnormal left-right axis patterning,8
5953,ENSEMBL:ENSMMUG00000017534,gene,ENSEMBL:ENSMMUG00000017534,4
5954,ClinVarVariant:455893,variant,NM_004006.2(DMD):c.3432+2036A>G,10
5955,MP:0000533,phenotype,kidney hemorrhage,8
5956,ZP:0002960,phenotype,"caudal fin kinked, abnormal",8
5957,HP:0011805,phenotype,Abnormal skeletal muscle morphology,8
5958,ENSEMBL:ENSGALG00000000585,gene,MYL4,4
5959,ClinVarVariant:949535,variant,NM_004006.3(DMD):c.9868C>T (p.Gln3290Ter),10
5960,ENSEMBL:ENSMMUG00000020823,gene,ENSEMBL:ENSMMUG00000020823,4
5961,Xenbase:XB-GENE-1007923,gene,lama5,4
5962,HGNC:7549,gene,MYBPC1,4
5963,MP:0002416,phenotype,abnormal proerythroblast morphology,8
5964,WBPhenotype:0001469,phenotype,butanone chemotaxis variant,8
5965,HGNC:11949,gene,TNNT2,4
5966,MP:0002573,phenotype,behavioral despair,8
5967,HP:0000696,phenotype,Delayed eruption of permanent teeth,8
5968,ENSEMBL:ENSCAFG00000008524,gene,MYL2,4
5969,GO:0002162,molecular function,dystroglycan binding,7
5970,ZP:0100170,phenotype,"sarcomere trunk musculature decreased length, abnormal",8
5971,ENSEMBL:ENSGALG00000009069,gene,CAPN14,4
5972,ClinVarVariant:803868,variant,NM_004006.3(DMD):c.4693C>T (p.Gln1565Ter),10
5973,ENSEMBL:ENSECAG00000020967,gene,ENSEMBL:ENSECAG00000020967,4
5974,ENSEMBL:ENSCAFG00000012447,gene,TRAF3IP1,4
5975,MGI:5688354,genotype,Dmd<mdx>/Dmd<mdx> [D2.B10-Dmd<mdx>],6
5976,ZP:0005497,phenotype,"atrium decreased strength, abnormal",8
5977,ENSEMBL:ENSECAG00000009456,gene,ENSEMBL:ENSECAG00000009456,4
5978,MP:0009936,phenotype,abnormal dendritic spine morphology,8
5979,FlyBase:FBgn0052369,gene,CG32369,4
5980,WBPhenotype:0002094,phenotype,RAB-11 recycling endosome morphology variant,8
5981,ENSEMBL:ENSOANG00000045085,gene,ENSEMBL:ENSOANG00000045085,4
5982,ENSEMBL:ENSACAG00000014472,gene,ENSEMBL:ENSACAG00000014472,4
5983,MP:0000381,phenotype,enlarged hair follicles,8
5984,HP:0005207,phenotype,Gastric hypertrophy,8
5985,HP:0002121,phenotype,Generalized non-motor (absence) seizure,8
5986,Coriell:GM05162,biological artifact,NIGMS-GM05162,0
5987,RGD:2810,gene,Hnf4a,4
5988,ZFIN:ZDB-GENE-040801-151,gene,wdr54,4
5989,ClinVarVariant:420583,variant,NM_004006.2(DMD):c.8390+1G>A,10
5990,ZP:0102146,phenotype,"notochord inner cell malformed, abnormal",8
5991,ClinVarVariant:655764,variant,NC_000023.11:g.(?_31314406)_(31364153_?)del,10
5992,FlyBase:FBgn0004914,gene,Hnf4,4
5993,WBPhenotype:0000112,phenotype,protein expression variant,8
5994,MP:0000259,phenotype,abnormal vascular development,8
5995,HP:0003089,phenotype,Hamstring contractures,8
5996,ClinVarVariant:409937,variant,NM_004006.2(DMD):c.6118-1G>A,10
5997,FlyBase:FBgn0250789,gene,alpha-Spec,4
5998,FlyBase:FBgn0014380,gene,RhoL,4
5999,MP:0004215,phenotype,abnormal myocardial fiber physiology,8
6000,ZP:0002072,phenotype,"retina decreased thickness, abnormal",8
6001,ZFIN:ZDB-GENE-081031-95,gene,tns3.2,4
6002,ZP:0000463,phenotype,"heart contraction arrested, abnormal",8
6003,SGD:S000005274,gene,RPD3,4
6004,FlyBase:FBgn0033739,gene,Dyb,4
6005,ENSEMBL:ENSCAFG00000009088,gene,NUP93,4
6006,ENSEMBL:ENSSSCG00000035318,gene,NUP58,4
6007,ENSEMBL:ENSPTRG00000019411,gene,ENSEMBL:ENSPTRG00000019411,4
6008,ENSEMBL:ENSFCAG00000001173,gene,ENSEMBL:ENSFCAG00000001173,4
6009,ClinVarVariant:217183,variant,NM_004006.2(DMD):c.2368C>T (p.Gln790Ter),10
6010,ENSEMBL:ENSBTAG00000006189,gene,ENSEMBL:ENSBTAG00000006189,4
6011,5406,drug,oliceridine,3
6012,WormBase:WBGene00000070,gene,acy-3,4
6013,RGD:620624,gene,Arhgef7,4
6014,ClinVarVariant:983946,variant,NM_004006.3(DMD):c.4342C>T (p.Gln1448Ter),10
6015,ZP:0008061,phenotype,"retinal ganglion cell poorly differentiated, abnormal",8
6016,HP:0000098,phenotype,Tall stature,8
6017,EFO:0004875,phenotype,mathematical ability,8
6018,ClinVarVariant:94526,variant,NM_004006.2(DMD):c.2622+1G>A,10
6019,HP:0009778,phenotype,Short thumb,8
6020,WBPhenotype:0000019,phenotype,pharyngeal pumping reduced,8
6021,MGI:97297,gene,Nedd4,4
6022,ENSEMBL:ENSPTRG00000002144,gene,ENSEMBL:ENSPTRG00000002144,4
6023,HP:0000444,phenotype,Convex nasal ridge,8
6024,HGNC:44102,gene,SLC8A1-AS1,4
6025,ClinVarVariant:803889,variant,NM_004006.3(DMD):c.3603+2_3603+3insTA,10
6026,HP:0000641,phenotype,Dysmetric saccades,8
6027,ClinVarVariant:803849,variant,NM_004006.3(DMD):c.6407G>A (p.Trp2136Ter),10
6028,MP:0011092,phenotype,"embryonic lethality, complete penetrance",8
6029,MP:0003412,phenotype,abnormal afterhyperpolarization,8
6030,HP:0003752,phenotype,Episodic flaccid weakness,8
6031,HP:0007371,phenotype,Corpus callosum atrophy,8
6032,ENSEMBL:ENSOANG00000004542,gene,ENSEMBL:ENSOANG00000004542,4
6033,ENSEMBL:ENSOANG00000001503,gene,ENSEMBL:ENSOANG00000001503,4
6034,ENSEMBL:ENSPTRG00000004101,gene,ENSEMBL:ENSPTRG00000004101,4
6035,HP:0001272,phenotype,Cerebellar atrophy,8
6036,RGD:3138,gene,Myh3,4
6037,EFO:0005654,phenotype,velocity of sound measurement,8
6038,ZP:0000586,phenotype,"anterior-posterior axis whole organism decreased length, abnormal",8
6039,ENSEMBL:ENSFCAG00000033157,gene,ENSEMBL:ENSFCAG00000033157,4
6040,ZP:0001589,phenotype,"embryo development disrupted, abnormal",8
6041,ClinVarVariant:417495,variant,NC_000023.10:g.(?_32481556)_(32509635_?)dup,10
6042,ZP:0006997,phenotype,"skeletal muscle morphology, abnormal",8
6043,WormBase:WBGene00015705,gene,nhr-152,4
6044,ZFIN:ZDB-GENE-991019-9,gene,tmod4,4
6045,HP:0002570,phenotype,Steatorrhea,8
6046,dictyBase:DDB_G0270488,gene,DDB0201696,4
6047,ZP:0018620,phenotype,"cell projection microglial cell increased amount, abnormal",8
6048,HP:0410067,phenotype,Increased level of L-fucose in urine,8
6049,ENSEMBL:ENSOANG00000041983,gene,ENSEMBL:ENSOANG00000041983,4
6050,MP:0010012,phenotype,ectopic cerebral cortex pyramidal cells,8
6051,HP:0012037,phenotype,Pectoralis amyotrophy,8
6052,MP:0005608,phenotype,cardiac interstitial fibrosis,8
6053,Xenbase:XB-GENE-6046302,gene,tpm3,4
6054,FBcv:0000403,phenotype,abnormal chemosensitive behavior,8
6055,HGNC:26272,gene,LRRC8E,4
6056,MP:0004841,phenotype,abnormal small intestine crypts of Lieberkuhn morphology,8
6057,ENSEMBL:ENSMMUG00000007176,gene,ENSEMBL:ENSMMUG00000007176,4
6058,MONARCH:APO_0000095APO_0000002,phenotype,chemical compound accumulation:abnormal,8
6059,ZP:0014292,phenotype,"muscle cell undulate, abnormal",8
6060,ENSEMBL:ENSSSCG00000002277,gene,SPTB,4
6061,ENSEMBL:ENSFCAG00000022854,gene,ENSEMBL:ENSFCAG00000022854,4
6062,ZP:0003071,phenotype,"A band skeletal muscle cell disorganized, abnormal",8
6063,RGD:1306565,gene,Map3k5,4
6064,RGD:1307969,gene,Pgm5,4
6065,MP:0008705,phenotype,increased interleukin-6 secretion,8
6066,HP:0002245,phenotype,Meckel diverticulum,8
6067,FBcv:0000393,phenotype,abnormal pain response,8
6068,MP:0000619,phenotype,salivary gland epithelial hyperplasia,8
6069,MP:0001286,phenotype,abnormal eye development,8
6070,MONARCH:APO_0000091APO_0000003,phenotype,starvation resistance:decreased,8
6071,HGNC:6494,gene,LAMC3,4
6072,ZP:0010960,phenotype,"sarcomere caudal fin musculature disorganized, abnormal",8
6073,Xenbase:XB-GENE-1015769,gene,dag1,4
6074,ZP:0020983,phenotype,"trabecular layer cardiac ventricle absent, abnormal",8
6075,ZP:0106121,phenotype,"I band cardiac ventricle absent, abnormal",8
6076,MP:0002574,phenotype,increased vertical activity,8
6077,dictyBase:DDB_G0289811,gene,act10,4
6078,ZP:0100169,phenotype,"sarcomere trunk musculature increased diameter, abnormal",8
6079,EFO:0007989,phenotype,monocyte percentage of leukocytes,8
6080,MP:0020344,phenotype,abnormal susceptibility to injury induced morbidity/mortality,8
6081,ENSEMBL:ENSOANG00000038195,gene,ENSEMBL:ENSOANG00000038195,4
6082,ENSEMBL:ENSSSCG00000000263,gene,TNS2,4
6083,MP:0002691,phenotype,small stomach,8
6084,ZP:0002926,phenotype,"lateral plate mesoderm bilateral symmetry, abnormal",8
6085,MP:0009428,phenotype,decreased tibialis anterior weight,8
6086,WBPhenotype:0002166,phenotype,muscle membrane potential variant,8
6087,ENSEMBL:ENSOANG00000043701,gene,ENSEMBL:ENSOANG00000043701,4
6088,MP:0010580,phenotype,decreased heart left ventricle size,8
6089,ZP:0000625,phenotype,"notochord structure, abnormal",8
6090,PomBase:SPBC15D4.01c,gene,klp9,4
6091,ClinVarVariant:597052,variant,NM_004006.3(DMD):c.5697dup (p.Leu1900fs),10
6092,HP:0100706,phenotype,Abnormal oligodendroglia morphology,8
6093,ClinVarVariant:851300,variant,NM_004006.3(DMD):c.832-2A>C,10
6094,MP:0000936,phenotype,small embryonic telencephalon,8
6095,ENSEMBL:ENSMMUG00000003275,gene,ENSEMBL:ENSMMUG00000003275,4
6096,WBPhenotype:0001585,phenotype,asymmetric cell division variant,8
6097,MP:0000422,phenotype,delayed hair appearance,8
6098,ZFIN:ZDB-GENE-070705-74,gene,myhz1.3,4
6099,ENSEMBL:ENSMMUG00000004581,gene,ENSEMBL:ENSMMUG00000004581,4
6100,MP:0003641,phenotype,small lung,8
6101,ENSEMBL:ENSCAFG00000045893,gene,A0A5F4CLI3,4
6102,WBPhenotype:0002344,phenotype,backing decreased,8
6103,ENSEMBL:ENSCAFG00000010241,gene,PXN,4
6104,HP:0008417,phenotype,Vertebral hypoplasia,8
6105,ClinVarVariant:492824,variant,NM_000109.4(DMD):c.5300_5301delinsGT (p.Lys1767Ser),10
6106,ENSEMBL:ENSCAFG00000005849,gene,TBC1D5,4
6107,ENSEMBL:ENSSSCG00000034767,gene,LAMA1,4
6108,OMIM:300377.0045,variant,"DMD, LYS773GLU",10
6109,ENSEMBL:ENSGALG00000029606,gene,MYH1E,4
6110,WBPhenotype:0001566,phenotype,ventral enclosure variant,8
6111,ENSEMBL:ENSOANG00000005607,gene,ENSEMBL:ENSOANG00000005607,4
6112,ZP:0001428,phenotype,"epiboly involved in gastrulation with mouth forming second disrupted, abnormal",8
6113,ZP:0008039,phenotype,"Z disc cardiac muscle cell increased width, abnormal",8
6114,ClinVarVariant:803903,variant,NM_004006.3(DMD):c.2790_2791AG[1] (p.Glu931fs),10
6115,ZP:0003026,phenotype,"myosin filament fast muscle cell disorganized, abnormal",8
6116,MONARCH:APO_0000312APO_0000005,phenotype,cell death:absent,8
6117,2014,drug,oxatomide,3
6118,ZP:0106678,phenotype,"whole organism decreased occurrence smoothened signaling pathway, abnormal",8
6119,ENSEMBL:ENSMMUG00000023151,gene,ENSEMBL:ENSMMUG00000023151,4
6120,ClinVarVariant:803858,variant,NM_004006.3(DMD):c.5689G>T (p.Glu1897Ter),10
6121,HP:0002500,phenotype,Abnormal cerebral white matter morphology,8
6122,ENSEMBL:ENSCAFG00000012517,gene,ENSEMBL:ENSCAFG00000012517,4
6123,ENSEMBL:ENSMODG00000007005,gene,ENSEMBL:ENSMODG00000007005,4
6124,MP:0003732,phenotype,abnormal retinal outer plexiform layer morphology,8
6125,ClinVarVariant:832720,variant,NC_000023.11:g.(?_32816458)_(32816650_?)dup,10
6126,ClinVarVariant:803906,variant,NM_004006.3(DMD):c.2642C>A (p.Ser881Ter),10
6127,HP:0011121,phenotype,Abnormality of skin morphology,8
6128,ENSEMBL:ENSACAG00000027678,gene,ENSEMBL:ENSACAG00000027678,4
6129,dictyBase:DDB_G0270404,gene,DDB0191032,4
6130,ENSEMBL:ENSGALG00000014615,gene,LAMA1,4
6131,ClinVarVariant:526061,variant,NM_004006.2(DMD):c.2949+1G>A,10
6132,ENSEMBL:ENSMMUG00000020131,gene,ENSEMBL:ENSMMUG00000020131,4
6133,ClinVarVariant:830882,variant,NC_000023.11:g.(?_32411742)_(32651077_?)del,10
6134,HGNC:11950,gene,TNNT3,4
6135,ClinVarVariant:593031,variant,NM_004006.2(DMD):c.1652G>A (p.Trp551Ter),10
6136,ENSEMBL:ENSMODG00000024584,gene,ENSEMBL:ENSMODG00000024584,4
6137,ZP:0000664,phenotype,"whole organism movement quality, abnormal",8
6138,FBcv:0002023,phenotype,some die during larval stage,8
6139,dictyBase:DDB_G0285063,gene,DDB_G0285063,4
6140,MP:0003055,phenotype,abnormal long bone epiphyseal plate morphology,8
6141,MP:0009709,phenotype,hydrometra,8
6142,MP:0005167,phenotype,abnormal blood-brain barrier function,8
6143,ENSEMBL:ENSECAG00000021754,gene,ENSEMBL:ENSECAG00000021754,4
6144,HP:0006485,phenotype,Agenesis of incisor,8
6145,HP:0006721,phenotype,Acute lymphoblastic leukemia,8
6146,ZP:0009077,phenotype,"neural tube wholly ventralized, abnormal",8
6147,ZP:0020137,phenotype,"skeletal muscle cell decreased thickness, abnormal",8
6148,ENSEMBL:ENSPTRG00000008281,gene,ENSEMBL:ENSPTRG00000008281,4
6149,ZP:0001934,phenotype,"hatching arrested, abnormal",8
6150,WBPhenotype:0001041,phenotype,meiosis defective early emb,8
6151,PomBase:SPBC36.05c,gene,clr6,4
6152,WBPhenotype:0000298,phenotype,rays displaced,8
6153,ENSEMBL:ENSCAFG00000012671,gene,TRIM63,4
6154,HP:0006579,phenotype,Prolonged neonatal jaundice,8
6155,WBPhenotype:0000114,phenotype,mRNA expression variant,8
6156,ENSEMBL:ENSMODG00000044323,gene,ENSEMBL:ENSMODG00000044323,4
6157,ClinVarVariant:11215,variant,"DMD, 1-BP DEL, 10662T",10
6158,ZP:0100971,phenotype,"hypothalamus increased distribution, abnormal",8
6159,dictyBase:DDB_G0289489,gene,act18,4
6160,MP:0011116,phenotype,absent Reichert's membrane,8
6161,ENSEMBL:ENSSSCG00000033010,gene,ENSEMBL:ENSSSCG00000033010,4
6162,ClinVarVariant:217189,variant,NM_004006.2(DMD):c.280del (p.Ile94fs),10
6163,WBPhenotype:0002507,phenotype,pathogen infection clearance rate decreased,8
6164,ZP:0000669,phenotype,"muscle disorganized, abnormal",8
6165,ENSEMBL:ENSFCAG00000007640,gene,ENSEMBL:ENSFCAG00000007640,4
6166,ENSEMBL:ENSMODG00000012036,gene,ENSEMBL:ENSMODG00000012036,4
6167,FlyBase:FBgn0050183,gene,CG30183,4
6168,MGI:98385,gene,Spta1,4
6169,ZP:0002275,phenotype,"trunk necrotic, abnormal",8
6170,MP:0030140,phenotype,facial muscle atrophy,8
6171,MP:0012124,phenotype,increased bronchoconstrictive response,8
6172,ENSEMBL:ENSMODG00000011179,gene,ENSEMBL:ENSMODG00000011179,4
6173,WBPhenotype:0001129,phenotype,cleavage furrow defective early emb,8
6174,ENSEMBL:ENSFCAG00000001073,gene,ENSEMBL:ENSFCAG00000001073,4
6175,dictyBase:DDB_G0284725,gene,DDB0218629,4
6176,ENSEMBL:ENSMMUG00000013475,gene,ENSEMBL:ENSMMUG00000013475,4
6177,dictyBase:DDB_G0267512,gene,osgep,4
6178,ENSEMBL:ENSGALG00000043642,gene,ENSEMBL:ENSGALG00000043642,4
6179,ENSEMBL:ENSGALG00000011136,gene,CAPN9,4
6180,MP:0003091,phenotype,abnormal cell migration,8
6181,4667,drug,betamethasone phosphate,3
6182,ClinVarVariant:981977,variant,NC_000023.11:g.(31507454_31627672)_(31729749_31773959)del,10
6183,ClinVarVariant:409890,variant,NM_004006.2(DMD):c.9621T>A (p.Cys3207Ter),10
6184,ClinVarVariant:625788,variant,GRCh37/hg19 Xp21.1(chrX:32466518-32928163),10
6185,ZP:0002187,phenotype,"brain vasculature has fewer parts of type central artery, abnormal",8
6186,ZP:0001052,phenotype,"mandibular arch skeleton morphology, abnormal",8
6187,ZP:0008724,phenotype,"myotome decreased mass, abnormal",8
6188,ENSEMBL:ENSGALG00000006341,gene,SLC25A48,4
6189,OMIA-breed:402,biological artifact,Pembroke Welsh Corgi (dog),0
6190,ENSEMBL:ENSACAG00000012344,gene,ENSEMBL:ENSACAG00000012344,4
6191,ENSEMBL:ENSECAG00000021305,gene,ENSEMBL:ENSECAG00000021305,4
6192,2800,drug,valethamate,3
6193,dictyBase:DDB_G0286671,gene,sir2B,4
6194,ENSEMBL:ENSSSCG00000024781,gene,CAPN14,4
6195,Xenbase:XB-GENE-5969699,gene,XB5969698 [provisional:lamb4],4
6196,ClinVarVariant:497488,variant,NM_000109.4(DMD):c.5115del (p.Glu1706fs),10
6197,EFO:0006335,phenotype,systolic blood pressure,8
6198,FlyBase:FBgn0052683,gene,CG32683,4
6199,WormBase:WBGene00008221,gene,nhr-168,4
6200,ENSEMBL:ENSFCAG00000046126,gene,ENSEMBL:ENSFCAG00000046126,4
6201,ENSEMBL:ENSGALG00000050125,gene,ENSEMBL:ENSGALG00000050125,4
6202,ENSEMBL:ENSCAFG00000001085,gene,SLC25A48,4
6203,ClinVarVariant:639718,variant,NM_004013.2(DMD):c.-333_-324del,10
6204,MP:0009410,phenotype,abnormal skeletal muscle satellite cell proliferation,8
6205,ZP:0000984,phenotype,"axon retinal ganglion cell mislocalised, abnormal",8
6206,Coriell:GM04327,biological artifact,NIGMS-GM04327,0
6207,ENSEMBL:ENSMODG00000014750,gene,ENSEMBL:ENSMODG00000014750,4
6208,ZP:0019997,phenotype,"ventral region whole organism increased amount, abnormal",8
6209,ClinVarVariant:983947,variant,NM_004006.3(DMD):c.3898G>T (p.Glu1300Ter),10
6210,ZP:0000190,phenotype,"optic fissure closure incomplete, abnormal",8
6211,ZP:0000069,phenotype,"axon guidance disrupted, abnormal",8
6212,176,drug,amiodarone,3
6213,RGD:1307766,gene,Gan,4
6214,HP:0012312,phenotype,Monocytopenia,8
6215,RGD:621765,gene,Tnni1,4
6216,MP:0003883,phenotype,enlarged stomach,8
6217,dbSNPIndividual:22254,genotype,46;X;t(X;5)(Xqter>Xp21.2::5q35.3>5qter; 5pter>5q35.3::Xp21.2>Xpter) [GM05835],6
6218,MGI:1859639,gene,Cacna1f,4
6219,ZP:0020291,phenotype,"intestine decreased amount, abnormal",8
6220,Coriell:GM04619,biological artifact,NIGMS-GM04619,0
6221,ClinVarVariant:640999,variant,NC_000023.11:g.(?_31729621)_(31774202_?)del,10
6222,dictyBase:DDB_G0285939,gene,ctnnA,4
6223,ZFIN:ZDB-GENE-030131-4486,gene,anln,4
6224,HGNC:1736,gene,CDC42,4
6225,ENSEMBL:ENSFCAG00000007421,gene,ENSEMBL:ENSFCAG00000007421,4
6226,ENSEMBL:ENSMODG00000050983,gene,ENSEMBL:ENSMODG00000050983,4
6227,FlyBase:FBgn0041789,gene,Pax,4
6228,4728,drug,tenidap,3
6229,ENSEMBL:ENSOANG00000007390,gene,ENSEMBL:ENSOANG00000007390,4
6230,ZP:0003143,phenotype,"axon cranial nerve VI decreased length, abnormal",8
6231,WBPhenotype:0000862,phenotype,bloated,8
6232,ENSEMBL:ENSACAG00000025111,gene,ENSEMBL:ENSACAG00000025111,4
6233,ENSEMBL:ENSMMUG00000041889,gene,ENSEMBL:ENSMMUG00000041889,4
6234,WBPhenotype:0001661,phenotype,loss of asymmetry AWC,8
6235,ZP:0003053,phenotype,"muscle contraction disrupted, abnormal",8
6236,ENSEMBL:ENSPTRG00000043241,gene,ENSEMBL:ENSPTRG00000043241,4
6237,HP:0011068,phenotype,Odontoma,8
6238,ClinVarVariant:803867,variant,NM_004006.3(DMD):c.4858_4859GA[1] (p.Glu1620fs),10
6239,WormBase:WBGene00000845,gene,cup-4,4
6240,WBPhenotype:0000632,phenotype,axon fasciculation variant,8
6241,MP:0008008,phenotype,early cellular replicative senescence,8
6242,ZP:0000741,phenotype,"pronephric glomerulus unfused from pronephric glomerulus, abnormal",8
6243,HGNC:6265,gene,KCNJ4,4
6244,EFO:0004462,phenotype,PR interval,8
6245,ENSEMBL:ENSMODG00000007497,gene,ENSEMBL:ENSMODG00000007497,4
6246,ZP:0000960,phenotype,"pancreas mislocalised, abnormal",8
6247,ZFIN:ZDB-GENE-040625-81,gene,tnni4b.2,4
6248,ENSEMBL:ENSGALG00000002175,gene,KIF14,4
6249,MP:0002741,phenotype,small olfactory bulb,8
6250,FlyBase:FBgn0259174,gene,Nedd4,4
6251,ENSEMBL:ENSMMUG00000021579,gene,ENSEMBL:ENSMMUG00000021579,4
6252,RGD:619976,gene,Hdac2,4
6253,ZFIN:ZDB-GENE-040704-13,gene,sntb1,4
6254,MP:0013006,phenotype,abnormal enteric neural crest cell migration,8
6255,MP:0001655,phenotype,multifocal hepatic necrosis,8
6256,492,drug,carbenicillin,3
6257,HP:0001663,phenotype,Ventricular fibrillation,8
6258,ClinVarVariant:981978,variant,NC_000023.11:g.(32217064_32287528)_(32310277_32342099)del,10
6259,WBPhenotype:0000481,phenotype,negative chemotaxis variant,8
6260,ENSEMBL:ENSPTRG00000003406,gene,ENSEMBL:ENSPTRG00000003406,4
6261,MP:0010540,phenotype,long stride length,8
6262,ZP:0001660,phenotype,"axon extension process quality, abnormal",8
6263,ENSEMBL:ENSSSCG00000009281,gene,SGCG,4
6264,Xenbase:XB-GENE-5770986,gene,slc25a48,4
6265,ENSEMBL:ENSBTAG00000005353,gene,ENSEMBL:ENSBTAG00000005353,4
6266,ZP:0002972,phenotype,"muscle cell detached from muscle cell, abnormal",8
6267,MP:0011400,phenotype,"lethality, complete penetrance",8
6268,ZFIN:ZDB-GENE-991123-5,gene,myh7,4
6269,WBPhenotype:0001621,phenotype,organism oxidative stress response hypersensitive,8
6270,ENSEMBL:ENSFCAG00000004653,gene,ENSEMBL:ENSFCAG00000004653,4
6271,ENSEMBL:ENSPTRG00000003912,gene,ENSEMBL:ENSPTRG00000003912,4
6272,ClinVarVariant:832439,variant,NC_000023.11:g.(?_31679365)_(31679596_?)del,10
6273,ENSEMBL:ENSSSCG00000023357,gene,REST,4
6274,ZP:0011631,phenotype,"renal glomerulus disorganized, abnormal",8
6275,HP:0001901,phenotype,Polycythemia,8
6276,HP:0000980,phenotype,Pallor,8
6277,MP:0001722,phenotype,pale yolk sac,8
6278,MP:0008916,phenotype,abnormal astrocyte physiology,8
6279,EFO:0007993,phenotype,lymphocyte percentage of leukocytes,8
6280,P07948,gene product,Tyrosine-protein kinase Lyn,5
6281,ZFIN:ZDB-GENE-131017-1,gene,vclb,4
6282,ZP:0013137,phenotype,"cell division process quality, abnormal",8
6283,HP:0012032,phenotype,Lipoma,8
6284,ZP:0021027,phenotype,"blood vessel heart vasculature disorganized, abnormal",8
6285,MGI:1857930,variant,Terc<tm1Rdp>,10
6286,ZFIN:ZDB-GENE-160113-53,gene,si:dkey-23a13.21,4
6287,ENSEMBL:ENSMODG00000002343,gene,ENSEMBL:ENSMODG00000002343,4
6288,ClinVarVariant:803809,variant,NM_004006.3(DMD):c.9022C>T (p.Gln3008Ter),10
6289,SGD:S000001610,gene,PGM1,4
6290,1989,drug,omapatrilat,3
6291,WBPhenotype:0000472,phenotype,endoderm absent,8
6292,ENSEMBL:ENSMMUG00000040628,gene,ENSEMBL:ENSMMUG00000040628,4
6293,MP:0003794,phenotype,delayed somite formation,8
6294,MP:0003081,phenotype,abnormal soleus morphology,8
6295,ENSEMBL:ENSSSCG00000028228,gene,XPO1,4
6296,dictyBase:DDB_G0271092,gene,H3c,4
6297,WBPhenotype:0002066,phenotype,basement membrane gap expansion variant,8
6298,RGD:69277,gene,Chrna1,4
6299,ENSEMBL:ENSMODG00000014859,gene,ENSEMBL:ENSMODG00000014859,4
6300,MGI:1333868,gene,Tnnt1,4
6301,MP:0006074,phenotype,abnormal retinal rod bipolar cell morphology,8
6302,ENSEMBL:ENSGALG00000030587,gene,LOC421441,4
6303,MP:0001718,phenotype,abnormal visceral yolk sac morphology,8
6304,ENSEMBL:ENSECAG00000018301,gene,ENSEMBL:ENSECAG00000018301,4
6305,MP:0004058,phenotype,abnormal ventricle papillary muscle morphology,8
6306,HGNC:329,gene,AGRN,4
6307,ENSEMBL:ENSBTAG00000012116,gene,ENSEMBL:ENSBTAG00000012116,4
6308,GO:0060314,molecular function,regulation of ryanodine-sensitive calcium-release channel activity,7
6309,ENSEMBL:ENSECAG00000024694,gene,ENSEMBL:ENSECAG00000024694,4
6310,HP:0000053,phenotype,Macroorchidism,8
6311,ZP:0001204,phenotype,"sensory perception of touch disrupted, abnormal",8
6312,WBPhenotype:0002269,phenotype,oxygen consumption increased,8
6313,MP:0011964,phenotype,increased total retina thickness,8
6314,WBPhenotype:0000395,phenotype,no differentiated gametes,8
6315,MP:0000792,phenotype,abnormal cortical marginal zone morphology,8
6316,ZP:0010666,phenotype,"cardiac muscle cell cardiac ventricle increased size, abnormal",8
6317,WBPhenotype:0001951,phenotype,pachytene region organization variant,8
6318,MP:0020550,phenotype,multinucleated giant male germ cells,8
6319,MP:0009409,phenotype,abnormal skeletal muscle fiber type ratio,8
6320,2551,drug,tacrine,3
6321,MP:0012671,phenotype,retinal spots,8
6322,dbSNP:rs74643788,variant,rs74643788-?,10
6323,MP:0008837,phenotype,increased transforming growth factor beta level,8
6324,HGNC:11728,gene,TERF1,4
6325,ZFIN:ZDB-GENE-141212-266,gene,si:ch211-69b7.6,4
6326,MP:0003858,phenotype,enhanced coordination,8
6327,MP:0001711,phenotype,abnormal placenta morphology,8
6328,ClinVarVariant:576087,variant,NM_004006.2(DMD):c.9224+1G>A,10
6329,ZP:0020133,phenotype,"vertical myoseptum increased amount, abnormal",8
6330,ClinVarVariant:439617,variant,NM_000109.4(DMD):c.2461C>T (p.Gln821Ter),10
6331,OMIM:300377.0059,variant,"DMD, IVS47, G-A, +1, EX48DEL",10
6332,HP:0011098,phenotype,Speech apraxia,8
6333,ClinVarVariant:94705,variant,NM_000109.4(DMD):c.6365_6366CA[1] (p.Gln2123fs),10
6334,GO:0045211,molecular function,postsynaptic membrane,7
6335,MGI:109128,gene,Hnf4a,4
6336,dictyBase:DDB_G0275169,gene,DDB0167455,4
6337,ZFIN:ZDB-GENE-040426-2814,gene,capn1,4
6338,MP:0006262,phenotype,increased testis tumor incidence,8
6339,ZFIN:ZDB-GENE-110411-137,gene,capn10,4
6340,ClinVarVariant:803893,variant,NM_004006.3(DMD):c.3460G>T (p.Gly1154Ter),10
6341,ClinVarVariant:583963,variant,NC_000023.11:g.(?_32438221)_(32849840_?)del,10
6342,GO:0007517,molecular function,muscle organ development,7
6343,ZP:0004691,phenotype,"extension hypoplastic, abnormal",8
6344,ZFIN:ZDB-GENE-090422-1,gene,apc2,4
6345,ENSEMBL:ENSSSCG00000024784,gene,CACNA1S,4
6346,MGI:1203728,gene,Dtnb,4
6347,ZFIN:ZDB-GENE-980605-23,gene,ptpn1,4
6348,WBPhenotype:0000701,phenotype,epithelial development variant,8
6349,HP:0004756,phenotype,Ventricular tachycardia,8
6350,Xenbase:XB-GENE-493909,gene,actn1,4
6351,ZP:0004696,phenotype,"pectoral fin edematous, abnormal",8
6352,dbSNP:rs72737007,variant,rs72737007-?,10
6353,EFO:0005318,phenotype,axial length measurement,8
6354,624,drug,chlortetracycline,3
6355,MP:0001014,phenotype,absent superior cervical ganglion,8
6356,ZP:0001506,phenotype,"whole organism refractivity, abnormal",8
6357,ZP:0009298,phenotype,"whole organism lacks parts or has fewer parts of type motor nucleus of vagal nerve, abnormal",8
6358,ClinVarVariant:940246,variant,NM_004006.3(DMD):c.183dup (p.Leu62fs),10
6359,ZFIN:ZDB-GENE-980526-221,gene,desma,4
6360,ZP:0020598,phenotype,"primary motor neuron increased amount, abnormal",8
6361,ZP:0005812,phenotype,"anterior-posterior axis whole organism curled, abnormal",8
6362,ENSEMBL:ENSFCAG00000026385,gene,ENSEMBL:ENSFCAG00000026385,4
6363,MP:0011706,phenotype,abnormal fibroblast migration,8
6364,HP:0030736,phenotype,Sacrococcygeal teratoma,8
6365,WBPhenotype:0000119,phenotype,protein expression increased,8
6366,ZP:0000048,phenotype,"retina morphology, abnormal",8
6367,ZP:0006041,phenotype,"heart looping decreased process quality, abnormal",8
6368,ZFIN:ZDB-GENE-050419-245,gene,capn12,4
6369,MONARCH:APO_0000317APO_0000117,phenotype,replicative lifespan:normal,8
6370,ZFIN:ZDB-GENE-030520-1,gene,tnnt2c,4
6371,ENSEMBL:ENSBTAG00000010026,gene,ENSEMBL:ENSBTAG00000010026,4
6372,ClinVarVariant:282841,variant,NM_004006.2(DMD):c.10477C>T (p.Gln3493Ter),10
6373,ZP:0003076,phenotype,"myofibril cardiac muscle cell decreased amount, abnormal",8
6374,HP:0002378,phenotype,Hand tremor,8
6375,ZP:0102122,phenotype,"notochord outer sheath cell increased amount, abnormal",8
6376,MP:0002145,phenotype,abnormal T cell differentiation,8
6377,MP:0003417,phenotype,premature endochondral bone ossification,8
6378,RGD:1311979,gene,Lrrc8e,4
6379,WBPhenotype:0000137,phenotype,mRNA levels reduced,8
6380,WBPhenotype:0000073,phenotype,tail morphology variant,8
6381,EFO:0007992,phenotype,basophil percentage of leukocytes,8
6382,dictyBase:DDB_G0267402,gene,H3a,4
6383,ClinVarVariant:217194,variant,NM_004006.2(DMD):c.3433-5_3434del,10
6384,MP:0000932,phenotype,absent notochord,8
6385,MP:0014226,phenotype,abnormal alveolar macrophage physiology,8
6386,ZP:0009599,phenotype,"muscle cell increased permeability, abnormal",8
6387,HP:0005293,phenotype,Venous insufficiency,8
6388,ZP:0021865,phenotype,"aggressive behavior decreased occurrence, abnormal",8
6389,Xenbase:XB-GENE-5770563,gene,capn10,4
6390,ENSEMBL:ENSECAG00000025060,gene,ENSEMBL:ENSECAG00000025060,4
6391,MP:0004076,phenotype,abnormal vitelline vascular remodeling,8
6392,ClinVarVariant:832975,variant,NC_000023.11:g.(?_32472154)_(32472319_?)dup,10
6393,ClinVarVariant:11262,variant,"DMD, 17-BP DEL, NT6982",10
6394,HP:0011018,phenotype,Abnormality of the cell cycle,8
6395,ENSEMBL:ENSECAG00000023585,gene,ENSEMBL:ENSECAG00000023585,4
6396,ENSEMBL:ENSPTRG00000003161,gene,ENSEMBL:ENSPTRG00000003161,4
6397,ZP:0000987,phenotype,"retinal ganglion cell displaced to axon telencephalon, abnormal",8
6398,ClinVarVariant:984218,variant,NM_004006.3(DMD):c.6428G>A (p.Trp2143Ter),10
6399,ClinVarVariant:813446,variant,NM_004006.3(DMD):c.5922+1G>T,10
6400,ZP:0005125,phenotype,"swim bladder decreased size, abnormal",8
6401,MP:0006279,phenotype,abnormal limb development,8
6402,HP:0040084,phenotype,Abnormal circulating renin,8
6403,ClinVarVariant:803872,variant,NM_004006.3(DMD):c.4536_4540del (p.Val1515_Lys1516insTer),10
6404,ENSEMBL:ENSGALG00000031741,gene,ENSEMBL:ENSGALG00000031741,4
6405,ENSEMBL:ENSPTRG00000008357,gene,ENSEMBL:ENSPTRG00000008357,4
6406,ClinVarVariant:983657,variant,NM_004006.3(DMD):c.5383G>T (p.Glu1795Ter),10
6407,ClinVarVariant:217201,variant,NM_004006.2(DMD):c.5131C>T (p.Gln1711Ter),10
6408,MP:0010071,phenotype,abnormal pruritus,8
6409,XPO:0103371,phenotype,decreased size of the whole organism,8
6410,ZP:0005374,phenotype,"Kupffer's vesicle decreased volume, abnormal",8
6411,HP:0009701,phenotype,Metacarpal synostosis,8
6412,HGNC:1529,gene,CAV3,4
6413,MP:0005394,phenotype,taste/olfaction phenotype,8
6414,ENSEMBL:ENSECAG00000015727,gene,ENSEMBL:ENSECAG00000015727,4
6415,HGNC:11729,gene,TERF2,4
6416,MP:0004056,phenotype,abnormal myocardium compact layer morphology,8
6417,FlyBase:FBgn0032169,gene,CG4709,4
6418,ZP:0002408,phenotype,"caudal fin curved, abnormal",8
6419,ZFIN:ZDB-GENE-030131-8783,gene,cdc42,4
6420,ENSEMBL:ENSPTRG00000033774,gene,ENSEMBL:ENSPTRG00000033774,4
6421,ZP:0000321,phenotype,"fourth ventricle increased size, abnormal",8
6422,ZP:0013879,phenotype,"interrenal gland process quality animal organ morphogenesis, abnormal",8
6423,HP:0001981,phenotype,Schistocytosis,8
6424,HP:0030716,phenotype,Acrania,8
6425,ENSEMBL:ENSMODG00000002831,gene,ENSEMBL:ENSMODG00000002831,4
6426,ClinVarVariant:584110,variant,NC_000023.11:g.(?_31729611)_(31774212_?)del,10
6427,ZP:0007734,phenotype,"skeletal muscle cell differentiation disrupted, abnormal",8
6428,ZP:0012202,phenotype,"skeletal muscle paralysed, abnormal",8
6429,ENSEMBL:ENSECAG00000019026,gene,ENSEMBL:ENSECAG00000019026,4
6430,MGI:97275,gene,Myod1,4
6431,Xenbase:XB-GENE-494836,gene,sgce,4
6432,ZP:0000588,phenotype,"central artery decreased length, abnormal",8
6433,ZP:0002272,phenotype,"brain necrotic, abnormal",8
6434,ClinVarVariant:455803,variant,NC_000023.11:g.(?_31627653)_(31968534_?)del,10
6435,ClinVarVariant:592600,variant,NM_004006.2(DMD):c.8775G>A (p.Trp2925Ter),10
6436,ZP:0100131,phenotype,"myotome has fewer parts of type skeletal muscle cell skeletal muscle myofibril skeletal muscle cell, abnormal",8
6437,WBPhenotype:0001171,phenotype,shortened life span,8
6438,MP:0011452,phenotype,decreased susceptibility to dopaminergic neuron neurotoxicity,8
6439,MP:0000781,phenotype,decreased corpus callosum size,8
6440,HP:0000651,phenotype,Diplopia,8
6441,WormBase:WBGene00000942,gene,deb-1,4
6442,ZP:0002184,phenotype,"midbrain development disrupted, abnormal",8
6443,MP:0008730,phenotype,fused phalanges,8
6444,Xenbase:XB-GENE-995291,gene,apc2,4
6445,ZP:0000860,phenotype,"cardiac ventricle dilated, abnormal",8
6446,HP:0000798,phenotype,Oligospermia,8
6447,ENSEMBL:ENSCAFG00000018363,gene,ENSEMBL:ENSCAFG00000018363,4
6448,MP:0001134,phenotype,absent corpus luteum,8
6449,MP:0006298,phenotype,abnormal platelet activation,8
6450,ENSEMBL:ENSPTRG00000010945,gene,ENSEMBL:ENSPTRG00000010945,4
6451,ClinVarVariant:803961,variant,NM_004006.3(DMD):c.31+5G>A,10
6452,ENSEMBL:ENSMMUG00000006715,gene,ENSEMBL:ENSMMUG00000006715,4
6453,MP:0020348,phenotype,decreased olfactory sensory neuron number,8
6454,ZP:0002973,phenotype,"skeletal muscle cell detached from vertical myoseptum, abnormal",8
6455,HP:0007240,phenotype,Progressive gait ataxia,8
6456,Xenbase:XB-GENE-22164412,gene,capn8.2,4
6457,ENSEMBL:ENSPTRG00000046743,gene,ENSEMBL:ENSPTRG00000046743,4
6458,HP:0002323,phenotype,Anencephaly,8
6459,ZP:0003038,phenotype,"head swollen, abnormal",8
6460,ZFIN:ZDB-GENE-980526-561,gene,myod1,4
6461,MP:0003691,phenotype,abnormal microglial cell physiology,8
6462,dbSNPIndividual:23082,genotype,DMD(7893delC); arr(1-22)x2;(XY)x1 [GM05263],6
6463,MP:0008508,phenotype,thick retinal ganglion layer,8
6464,ClinVarVariant:951643,variant,NM_004006.3(DMD):c.9807+2T>G,10
6465,MP:0013968,phenotype,multiple persisting craniopharyngeal ducts,8
6466,ZP:0001449,phenotype,"whole organism curved dorsal, abnormal",8
6467,HP:0008682,phenotype,Renal tubular epithelial necrosis,8
6468,FlyBase:FBgn0000120,gene,Arr1,4
6469,ClinVarVariant:833379,variant,NC_000023.11:g.(?_32287519)_(32849830_?)dup,10
6470,ZP:0009076,phenotype,"posterior region whole organism morphology, abnormal",8
6471,ZP:0019068,phenotype,"skeletal muscle cell decreased size, abnormal",8
6472,ZP:0006502,phenotype,"cilium assembly disrupted, abnormal",8
6473,dbSNP:rs11641605,variant,rs11641605-?,10
6474,ClinVarVariant:290909,variant,NM_004006.2(DMD):c.358-1G>A,10
6475,ZP:0009477,phenotype,"response to starvation process quality, abnormal",8
6476,MP:0013001,phenotype,abnormal enteric neural crest cell morphology,8
6477,HP:0002353,phenotype,EEG abnormality,8
6478,HP:0002317,phenotype,Unsteady gait,8
6479,HP:0000963,phenotype,Thin skin,8
6480,WBPhenotype:0000668,phenotype,endomitotic oocytes,8
6481,FBcv:0002010,phenotype,majority die during P-stage,8
6482,WBPhenotype:0001917,phenotype,protein acetylation variant,8
6483,ZFIN:ZDB-GENE-030131-1033,gene,agrn,4
6484,ClinVarVariant:803869,variant,NM_004006.3(DMD):c.4682_4685AAAG[1] (p.Arg1562fs),10
6485,ZP:0000583,phenotype,"caudal fin curled, abnormal",8
6486,WBPhenotype:0001642,phenotype,cell cleavage variant emb,8
6487,ZFIN:ZDB-GENE-030131-8007,gene,arf6a,4
6488,HP:0000528,phenotype,Anophthalmia,8
6489,ZP:0007874,phenotype,"myofibril cardiac ventricle decreased thickness, abnormal",8
6490,ClinVarVariant:217185,variant,NM_004006.2(DMD):c.2611A>T (p.Lys871Ter),10
6491,RGD:1585877,gene,Kcnu1,4
6492,HP:0003002,phenotype,Breast carcinoma,8
6493,MP:0009655,phenotype,abnormal secondary palate development,8
6494,MP:0001783,phenotype,decreased white adipose tissue amount,8
6495,ClinVarVariant:579974,variant,NM_000109.4(DMD):c.1553del (p.Thr518fs),10
6496,ZP:0008032,phenotype,"skeletal muscle lacks parts or has fewer parts of type myofibril slow muscle cell, abnormal",8
6497,Xenbase:XB-GENE-952025,gene,ptk2,4
6498,1712,drug,mesoridazine,3
6499,HP:0011034,phenotype,Amyloidosis,8
6500,WBPhenotype:0002105,phenotype,late endosome localization variant,8
6501,HP:0002901,phenotype,Hypocalcemia,8
6502,ZFIN:ZDB-GENE-130530-933,gene,zmp:0000000930,4
6503,ZP:0106116,phenotype,"sarcomere atrium decreased length, abnormal",8
6504,ENSEMBL:ENSSSCG00000016726,gene,ADCY1,4
6505,MP:0000556,phenotype,abnormal hindlimb morphology,8
6506,MGI:104897,gene,Rest,4
6507,WormBase:WBGene00010776,gene,pix-1,4
6508,ClinVarVariant:94839,variant,NM_004006.2(DMD):c.9337C>T (p.Arg3113Ter),10
6509,ClinVarVariant:643325,variant,NM_000109.4(DMD):c.2437_2438GA[1] (p.Glu813fs),10
6510,MP:0002675,phenotype,asthenozoospermia,8
6511,RGD:1306167,gene,Stub1,4
6512,HP:0031459,phenotype,Soft tissue neoplasm,8
6513,HP:0004971,phenotype,Pulmonary artery hypoplasia,8
6514,4359,drug,bosutinib,3
6515,ZFIN:ZDB-GENE-050506-61,gene,vcla,4
6516,ENSEMBL:ENSBTAG00000006645,gene,ENSEMBL:ENSBTAG00000006645,4
6517,MP:0031182,phenotype,abnormal cerebral blood flow rate,8
6518,ClinVarVariant:409940,variant,NM_004013.2(DMD):c.-313_-312del,10
6519,1797,drug,mibefradil,3
6520,PomBase:SPAC22F8.10c,gene,sap145,4
6521,ZP:0002805,phenotype,"thigmotaxis arrested, abnormal",8
6522,WormBase:WBGene00003726,gene,nhr-136,4
6523,HP:0031808,phenotype,Decreased basophil count,8
6524,HP:0004768,phenotype,Sparse anterior scalp hair,8
6525,ClinVarVariant:803839,variant,NM_004006.3(DMD):c.7098+1G>A,10
6526,HP:0030469,phenotype,Abnormal dark-adapted electroretinogram,8
6527,ZP:0002212,phenotype,"thigmotaxis decreased process quality, abnormal",8
6528,MP:0004501,phenotype,increased incidence of tumors by UV-induction,8
6529,MP:0008327,phenotype,abnormal corticotroph morphology,8
6530,HGNC:6258,gene,KCNJ12,4
6531,ENSEMBL:ENSECAG00000007197,gene,ENSEMBL:ENSECAG00000007197,4
6532,MP:0000260,phenotype,abnormal angiogenesis,8
6533,ZP:0021037,phenotype,"blood vessel heart vasculature disconnected, abnormal",8
6534,ENSEMBL:ENSBTAG00000016525,gene,ENSEMBL:ENSBTAG00000016525,4
6535,ZP:0104208,phenotype,"posterior lateral line delayed myelination in peripheral nervous system, abnormal",8
6536,ZFIN:ZDB-GENE-130530-619,gene,si:ch211-132f19.7,4
6537,5211,drug,apatinib,3
6538,ZP:0005107,phenotype,"muscle misaligned with myofibril myofibril muscle, abnormal",8
6539,ClinVarVariant:803902,variant,NM_004006.3(DMD):c.2803+5G>C,10
6540,HP:0004942,phenotype,Aortic aneurysm,8
6541,MP:0000270,phenotype,abnormal heart tube morphology,8
6542,RGD:1598796,gene,Myl1,4
6543,RGD:1564245,gene,Myl2,4
6544,1273,drug,gallamine,3
6545,OMIA-breed:311,biological artifact,Irish Terrier (dog),0
6546,MP:0000585,phenotype,kinked tail,8
6547,SGD:S000004968,gene,FAP1,4
6548,EFO:0007997,phenotype,granulocyte percentage of myeloid white cells,8
6549,ZP:0001517,phenotype,"neutrophil skeletal muscle aggregated, abnormal",8
6550,EFO:0009924,phenotype,Drugs used in diabetes use measurement,8
6551,ZP:0001262,phenotype,"thigmotaxis disrupted, abnormal",8
6552,866,drug,dicloxacillin,3
6553,HP:0007430,phenotype,Generalized edema,8
6554,ZFIN:ZDB-GENE-061013-343,gene,lpar6a,4
6555,EFO:0004747,phenotype,protein measurement,8
6556,MP:0001235,phenotype,disorganized suprabasal layer,8
6557,WBPhenotype:0001118,phenotype,cell position defective early emb,8
6558,ENSEMBL:ENSFCAG00000010584,gene,ENSEMBL:ENSFCAG00000010584,4
6559,MP:0030283,phenotype,small mandibular coronoid process,8
6560,ZP:0004698,phenotype,"anal fin has fewer parts of type lepidotrichium, abnormal",8
6561,ZP:0104773,phenotype,"(3,4-dihydroxyphenyl)acetic acid optic tectum decreased amount, abnormal",8
6562,ClinVarVariant:951722,variant,NM_004006.3(DMD):c.2439del (p.Ile813fs),10
6563,HP:0011029,phenotype,Internal hemorrhage,8
6564,FlyBase:FBgn0004374,gene,neb,4
6565,MP:0004187,phenotype,cardia bifida,8
6566,MP:0004011,phenotype,decreased diastolic filling velocity,8
6567,WBPhenotype:0002218,phenotype,arsenite hypersensitive,8
6568,HP:0003115,phenotype,Abnormal EKG,8
6569,MP:0005498,phenotype,hyporesponsive to tactile stimuli,8
6570,MGI:1856332,variant,Dmd<mdx-5Cv>,10
6571,ZP:0021009,phenotype,"Z disc somite spatial pattern, abnormal",8
6572,MP:0008775,phenotype,abnormal heart ventricle pressure,8
6573,MP:0004952,phenotype,increased spleen weight,8
6574,MP:0000321,phenotype,increased bone marrow cell number,8
6575,ENSEMBL:ENSECAG00000010805,gene,ENSEMBL:ENSECAG00000010805,4
6576,HP:0000076,phenotype,Vesicoureteral reflux,8
6577,ZP:0019801,phenotype,"neuroectoderm increased distribution, abnormal",8
6578,ENSEMBL:ENSPTRG00000020858,gene,ENSEMBL:ENSPTRG00000020858,4
6579,HP:0001257,phenotype,Spasticity,8
6580,ZP:0003009,phenotype,"notochord hypotrophic, abnormal",8
6581,MP:0008009,phenotype,delayed cellular replicative senescence,8
6582,ENSEMBL:ENSSSCG00000010454,gene,IFIT5,4
6583,MP:0009413,phenotype,skeletal muscle fiber atrophy,8
6584,2284,drug,promazine,3
6585,ENSEMBL:ENSPTRG00000003766,gene,ENSEMBL:ENSPTRG00000003766,4
6586,ClinVarVariant:831116,variant,NC_000023.11:g.(?_32626362)_(32849830_?)del,10
6587,ENSEMBL:ENSBTAG00000027118,gene,KCNU1,4
6588,MGI:2447992,gene,Trim63,4
6589,ZFIN:ZDB-GENE-030131-3809,gene,src,4
6590,RGD:2281,gene,Cav3,4
6591,HP:0002797,phenotype,Osteolysis,8
6592,HP:0031807,phenotype,Increased basophil count,8
6593,MGI:1354730,gene,Rgs6,4
6594,MP:0005598,phenotype,decreased ventricle muscle contractility,8
6595,Q92769,gene product,Histone deacetylase 2,5
6596,305,drug,bendroflumethiazide,3
6597,ClinVarVariant:94472,variant,NM_004006.3(DMD):c.1529_1530del (p.Leu510fs),10
6598,ClinVarVariant:833262,variant,NC_000023.11:g.(?_32216906)_(32573856_?)del,10
6599,MP:0030428,phenotype,abnormal scalene muscle morphology,8
6600,MP:0000746,phenotype,weakness,8
6601,ZP:0009304,phenotype,"axial mesoderm increased width, abnormal",8
6602,MP:0003243,phenotype,abnormal dopaminergic neuron morphology,8
6603,WBPhenotype:0001832,phenotype,nuclear pore variant,8
6604,MP:0000031,phenotype,abnormal cochlea morphology,8
6605,RGD:62052,gene,Tnni3,4
6606,ZP:0000421,phenotype,"lens structure, abnormal",8
6607,ZP:0018608,phenotype,"hindbrain increased occurrence Notch signaling pathway, abnormal",8
6608,MP:0008911,phenotype,induced hyperactivity,8
6609,Xenbase:XB-GENE-1011014,gene,lamb1,4
6610,ClinVarVariant:831052,variant,NC_000023.11:g.(?_31478096)_(31774202_?)del,10
6611,WormBase:WBGene00015395,gene,nhr-147,4
6612,FBcv:0002002,phenotype,lethal - all die before end of larval stage,8
6613,ZP:0019070,phenotype,"mitochondrion skeletal muscle cell dilated, abnormal",8
6614,MP:0000428,phenotype,abnormal craniofacial morphology,8
6615,HP:0002597,phenotype,Abnormality of the vasculature,8
6616,FlyBase:FBgn0033260,gene,Cul4,4
6617,WBPhenotype:0002289,phenotype,tail bend angle increased,8
6618,WBPhenotype:0000531,phenotype,organism development variant,8
6619,MP:0005642,phenotype,decreased mean corpuscular hemoglobin concentration,8
6620,ENSEMBL:ENSMMUG00000003302,gene,ENSEMBL:ENSMMUG00000003302,4
6621,NCBITaxon:9913,taxon,Bos taurus,9
6622,ClinVarVariant:833269,variant,NC_000023.11:g.(?_32573520)_(32573856_?)del,10
6623,ENSEMBL:ENSPTRG00000020240,gene,ENSEMBL:ENSPTRG00000020240,4
6624,MGI:1860493,gene,Arhgef7,4
6625,ZP:0005024,phenotype,"skeletal muscle cell somite disorganized, abnormal",8
6626,ENSEMBL:ENSOANG00000013792,gene,ENSEMBL:ENSOANG00000013792,4
6627,HP:0002913,phenotype,Myoglobinuria,8
6628,WBPhenotype:0000509,phenotype,sperm pseudopod variant,8
6629,ZFIN:ZDB-GENE-030826-29,gene,pak1,4
6630,HP:0011035,phenotype,Abnormal renal cortex morphology,8
6631,MP:0011440,phenotype,increased kidney cell proliferation,8
6632,NCBIGene:100334126,gene,sgcz,4
6633,ZP:0002721,phenotype,"myofibril skeletal muscle cell disorganized, abnormal",8
6634,MP:0005449,phenotype,abnormal food intake,8
6635,MP:0005399,phenotype,increased susceptibility to fungal infection,8
6636,FlyBase:FBgn0013750,gene,Arf51F,4
6637,ClinVarVariant:831094,variant,NC_000023.11:g.(?_33174335)_(33211366_?)del,10
6638,Xenbase:XB-GENE-5815090,gene,cav3.2,4
6639,MP:0006086,phenotype,decreased body mass index,8
6640,Xenbase:XB-GENE-494339,gene,actn4,4
6641,ENSEMBL:ENSOANG00000014898,gene,ENSEMBL:ENSOANG00000014898,4
6642,ENSEMBL:ENSCAFG00000007161,gene,SGCG,4
6643,MP:0010399,phenotype,decreased skeletal muscle glycogen level,8
6644,MP:0004263,phenotype,abnormal limb posture,8
6645,MP:0010821,phenotype,abnormal visceral pleura morphology,8
6646,MP:0009584,phenotype,decreased keratinocyte proliferation,8
6647,ClinVarVariant:439613,variant,NM_000109.4(DMD):c.8367-2A>G,10
6648,GO:0005515,molecular function,protein binding,7
6649,ZP:0000753,phenotype,"cardiac muscle cell electric potential, abnormal",8
6650,ENSEMBL:ENSPTRG00000016053,gene,ENSEMBL:ENSPTRG00000016053,4
6651,ClinVarVariant:833274,variant,NC_000023.11:g.(?_32491267)_(32518150_?)dup,10
6652,ENSEMBL:ENSFCAG00000002809,gene,ENSEMBL:ENSFCAG00000002809,4
6653,ZP:0000567,phenotype,"epiboly involved in gastrulation with mouth forming second delayed, abnormal",8
6654,ENSEMBL:ENSMMUG00000017985,gene,ENSEMBL:ENSMMUG00000017985,4
6655,GO:0010880,molecular function,regulation of release of sequestered calcium ion into cytosol by sarcoplasmic reticulum,7
6656,MP:0012434,phenotype,decreased intestinal adenoma incidence,8
6657,ZP:0004361,phenotype,"cilium Kupffer's vesicle decreased amount, abnormal",8
6658,ZP:0008008,phenotype,"voltage-gated sodium channel complex posterior lateral line nerve decreased amount, abnormal",8
6659,MGI:99422,gene,Rapsn,4
6660,MGI:5439179,genotype,Barx2<tm1Rsd>/Barx2<tm1Rsd>; Dmd<mdx>/Dmd<mdx> [involves: 129 * C57BL/6 * C57BL/10ScSn],6
6661,WBPhenotype:0000694,phenotype,hermaphrodite sterile,8
6662,ZP:0000743,phenotype,"central artery physical object quality, abnormal",8
6663,ZP:0017924,phenotype,"ventricular system hydrocephalic, abnormal",8
6664,ENSEMBL:ENSPTRG00000010505,gene,ENSEMBL:ENSPTRG00000010505,4
6665,WormBase:WBGene00000063,gene,act-1,4
6666,MP:0001382,phenotype,abnormal nursing,8
6667,MP:0000763,phenotype,abnormal filiform papillae morphology,8
6668,ENSEMBL:ENSECAG00000020281,gene,ENSEMBL:ENSECAG00000020281,4
6669,Xenbase:XB-GENE-5842099,gene,ifit5,4
6670,ZP:0002192,phenotype,"cytoskeleton motor neuron disorganized, abnormal",8
6671,HP:0011682,phenotype,Perimembranous ventricular septal defect,8
6672,EFO:0007978,phenotype,red blood cell density measurement,8
6673,2745,drug,trihexyphenidyl,3
6674,HGNC:2928,gene,DMD,4
6675,MP:0001898,phenotype,abnormal long term depression,8
6676,WBPhenotype:0002322,phenotype,forward point velocity increased,8
6677,ZP:0002995,phenotype,"hypochord morphology, abnormal",8
6678,RGD:621052,gene,Lamc1,4
6679,Xenbase:XB-GENE-5889689,gene,capn10l,4
6680,OMIM:300377.0076,variant,"DMD, ARG3190TER",10
6681,MP:0010617,phenotype,thick mitral valve cusps,8
6682,HP:0001270,phenotype,Motor delay,8
6683,ZFIN:ZDB-GENE-041210-197,gene,lamb1b,4
6684,MGI:1921615,gene,Lonrf3,4
6685,ENSEMBL:ENSCAFG00000006792,gene,SGCZ,4
6686,WBPhenotype:0000900,phenotype,germ cell morphology variant,8
6687,MP:0001629,phenotype,abnormal heart rate,8
6688,ENSEMBL:ENSFCAG00000024153,gene,ENSEMBL:ENSFCAG00000024153,4
6689,ClinVarVariant:975989,variant,NM_004006.3(DMD):c.5530del (p.Arg1844fs),10
6690,HP:0002789,phenotype,Tachypnea,8
6691,HP:0001671,phenotype,Abnormal cardiac septum morphology,8
6692,HGNC:16059,gene,PAK4,4
6693,ClinVarVariant:417502,variant,NC_000023.10:g.(?_32841412)_(32841504_?)dup,10
6694,HP:0001260,phenotype,Dysarthria,8
6695,ZP:0001495,phenotype,"trunk musculature quality, abnormal",8
6696,HGNC:8908,gene,PGM5,4
6697,ZP:0001629,phenotype,"notochord development quality, abnormal",8
6698,MP:0002190,phenotype,disorganized myocardium,8
6699,ZP:0000754,phenotype,"cardiac muscle cell decreased area, abnormal",8
6700,MP:0003857,phenotype,abnormal hindlimb zeugopod morphology,8
6701,ENSEMBL:ENSCAFG00000015873,gene,CACNA1F,4
6702,Xenbase:XB-GENE-478629,gene,tnni2,4
6703,ZP:0002469,phenotype,"sinus venosus increased accumulation blood, abnormal",8
6704,ENSEMBL:ENSBTAG00000015865,gene,ENSEMBL:ENSBTAG00000015865,4
6705,ZP:0008723,phenotype,"vertical myoseptum curved, abnormal",8
6706,ZP:0006454,phenotype,"trunk malformed, abnormal",8
6707,FBcv:0000358,phenotype,decreased body size,8
6708,ClinVarVariant:659584,variant,NC_000023.11:g.(?_32491267)_(32849830_?)del,10
6709,MP:0001690,phenotype,failure of somite differentiation,8
6710,ENSEMBL:ENSXETG00000039685,gene,ENSEMBL:ENSXETG00000039685,4
6711,ENSEMBL:ENSCAFG00000005681,gene,ENSEMBL:ENSCAFG00000005681,4
6712,ENSEMBL:ENSOANG00000013009,gene,ENSEMBL:ENSOANG00000013009,4
6713,ENSEMBL:ENSMMUG00000005618,gene,ENSEMBL:ENSMMUG00000005618,4
6714,MP:0020234,phenotype,decreased basal metabolism,8
6715,ClinVarVariant:981975,variant,NC_000023.11:g.(31820084_31836717)_(31836820_31875187)del,10
6716,ZP:0103305,phenotype,"primary motor neuron shape, abnormal",8
6717,MP:0000852,phenotype,small cerebellum,8
6718,HGNC:20261,gene,NUP58,4
6719,ENSEMBL:ENSACAG00000002295,gene,ENSEMBL:ENSACAG00000002295,4
6720,ENSEMBL:ENSSSCG00000012957,gene,ENSEMBL:ENSSSCG00000012957,4
6721,HP:0003075,phenotype,Hypoproteinemia,8
6722,ENSEMBL:ENSECAG00000024841,gene,ENSEMBL:ENSECAG00000024841,4
6723,ENSEMBL:ENSACAG00000011848,gene,ENSEMBL:ENSACAG00000011848,4
6724,HP:0002900,phenotype,Hypokalemia,8
6725,HP:0000077,phenotype,Abnormality of the kidney,8
6726,MP:0003545,phenotype,increased alcohol consumption,8
6727,HGNC:1478,gene,CAPN11,4
6728,HP:0000613,phenotype,Photophobia,8
6729,ZP:0012815,phenotype,"central artery structure, abnormal",8
6730,HP:0006682,phenotype,Premature ventricular contraction,8
6731,MP:0002083,phenotype,premature death,8
6732,623,drug,chlorprothixene,3
6733,ENSEMBL:ENSCAFG00000005685,gene,ENSEMBL:ENSCAFG00000005685,4
6734,ZFIN:ZDB-GENE-120406-2,gene,ifit12,4
6735,ZP:0131240,phenotype,"myotome decreased height, abnormal",8
6736,FlyBase:FBgn0003429,gene,slo,4
6737,ZP:0000575,phenotype,"notochord development disrupted, abnormal",8
6738,ZP:0008744,phenotype,"voluntary musculoskeletal movement arrested, abnormal",8
6739,ZP:0002937,phenotype,"locomotion involved in locomotory behavior decreased rate, abnormal",8
6740,ClinVarVariant:417496,variant,NC_000023.10:g.(?_32563276)_(32563451_?)dup,10
6741,1937,drug,nimodipine,3
6742,MP:0009168,phenotype,decreased pancreatic islet number,8
6743,ClinVarVariant:833240,variant,NC_000023.11:g.(?_32454652)_(32699303_?)dup,10
6744,ENSEMBL:ENSMODG00000044798,gene,ENSEMBL:ENSMODG00000044798,4
6745,ClinVarVariant:288923,variant,NM_004006.2(DMD):c.4483C>T (p.Gln1495Ter),10
6746,ENSEMBL:ENSMODG00000005255,gene,ENSEMBL:ENSMODG00000005255,4
6747,ZP:0137884,phenotype,"retinal inner plexiform layer irregular thickness, abnormal",8
6748,ZP:0018030,phenotype,"vacuole muscle cell increased amount, abnormal",8
6749,1906,drug,nicotinamide,3
6750,HP:0007366,phenotype,Atrophy/Degeneration affecting the brainstem,8
6751,ClinVarVariant:803835,variant,NM_004006.3(DMD):c.7705C>T (p.Gln2569Ter),10
6752,ZP:0102270,phenotype,"keratinocyte increased size, abnormal",8
6753,ENSEMBL:ENSFCAG00000007905,gene,ENSEMBL:ENSFCAG00000007905,4
6754,ZP:0001497,phenotype,"vertical myoseptum physical object quality, abnormal",8
6755,ZP:0002951,phenotype,"vertical myoseptum deformed, abnormal",8
6756,dbSNPIndividual:18752,genotype,DMD(EX49-52DEL); arr Xp21.1(31705284-31773234)x0 [GM04100],6
6757,HP:0000246,phenotype,Sinusitis,8
6758,ZP:0000136,phenotype,"ceratobranchial cartilage decreased size, abnormal",8
6759,MP:0009541,phenotype,increased thymocyte apoptosis,8
6760,ZP:0000730,phenotype,"ventricular system decreased size, abnormal",8
6761,EFO:0007927,phenotype,schizophrenia symptom severity measurement,8
6762,WormBase:WBGene00020748,gene,nhr-221,4
6763,HP:0000073,phenotype,Ureteral duplication,8
6764,MP:0002911,phenotype,abnormal inhibitory postsynaptic potential,8
6765,ClinVarVariant:655752,variant,NC_000023.11:g.(?_32816458)_(32849830_?)del,10
6766,HP:0100828,phenotype,Increased T cell count,8
6767,dictyBase:DDB_G0269696,gene,pakD,4
6768,HGNC:9449,gene,PRNP,4
6769,dictyBase:DDB_G0281891,gene,tbc1d5B,4
6770,ClinVarVariant:649355,variant,NM_004010.3(DMD):c.-76_-64del,10
6771,ClinVarVariant:217206,variant,NM_004006.2(DMD):c.5917C>T (p.Gln1973Ter),10
6772,WormBase:WBGene00003371,gene,mlc-3,4
6773,HGNC:399,gene,ALB (human),4
6774,MGI:1195972,gene,Terf2,4
6775,HP:0002059,phenotype,Cerebral atrophy,8
6776,ENSEMBL:ENSBTAG00000000512,gene,ENSEMBL:ENSBTAG00000000512,4
6777,WormBase:WBGene00002248,gene,lam-3,4
6778,ZP:0005375,phenotype,"Kupffer's vesicle unlumenized, abnormal",8
6779,ClinVarVariant:455949,variant,NM_004006.2(DMD):c.9928C>T (p.Gln3310Ter),10
6780,ZP:0003190,phenotype,"fin decreased size, abnormal",8
6781,ENSEMBL:ENSECAG00000002155,gene,ENSEMBL:ENSECAG00000002155,4
6782,ClinVarVariant:455929,variant,NM_004006.2(DMD):c.7098+1G>T,10
6783,ZP:0000212,phenotype,"whole organism viability, abnormal",8
6784,ENSEMBL:ENSPTRG00000019161,gene,ENSEMBL:ENSPTRG00000019161,4
6785,HP:0000733,phenotype,Stereotypy,8
6786,ClinVarVariant:578413,variant,NM_004006.2(DMD):c.9807+5G>A,10
6787,WBPhenotype:0000462,phenotype,paraquat hypersensitive,8
6788,WBPhenotype:0000081,phenotype,L1 arrest,8
6789,ZP:0006214,phenotype,"cardiac ventricle collapsed, abnormal",8
6790,dbSNPIndividual:15435,genotype,DMD(EX3-17DEL); arr Xp21.1(32463660-32882465)x0 [GM03781],6
6791,ZP:0001050,phenotype,"pectoral fin decreased length, abnormal",8
6792,MP:0001120,phenotype,abnormal uterus morphology,8
6793,ENSEMBL:ENSFCAG00000034230,gene,ENSEMBL:ENSFCAG00000034230,4
6794,HP:0100014,phenotype,Epiretinal membrane,8
6795,ClinVarVariant:803887,variant,NM_004006.3(DMD):c.3697C>T (p.Gln1233Ter),10
6796,ENSEMBL:ENSSSCG00000043687,gene,TNNI3,4
6797,OMIM:300377.0013,variant,"DMD, EX18DEL",10
6798,ENSEMBL:ENSACAG00000003199,gene,ENSEMBL:ENSACAG00000003199,4
6799,EFO:0005093,phenotype,hip circumference,8
6800,ClinVarVariant:639544,variant,NM_004006.2(DMD):c.7400T>A (p.Leu2467Ter),10
6801,ClinVarVariant:838104,variant,NM_004006.3(DMD):c.10224-175_10238del,10
6802,ZP:0008745,phenotype,"T-tubule myotome mislocalised, abnormal",8
6803,ClinVarVariant:94537,variant,NM_004006.2(DMD):c.2804-1G>A,10
6804,FlyBase:FBgn0015926,gene,dah,4
6805,HP:0011675,phenotype,Arrhythmia,8
6806,MP:0009504,phenotype,abnormal mammary gland epithelium morphology,8
6807,ClinVarVariant:583589,variant,NC_000023.11:g.(?_32438221)_(32651077_?)del,10
6808,ClinVarVariant:984096,variant,NM_004006.3(DMD):c.9743T>A (p.Leu3248Ter),10
6809,ENSEMBL:ENSPTRG00000012955,gene,ENSEMBL:ENSPTRG00000012955,4
6810,WBPhenotype:0000189,phenotype,hypodermis disorganized,8
6811,ZP:0001767,phenotype,"liver morphology, abnormal",8
6812,FlyBase:FBgn0051742,gene,Prosbeta5R2,4
6813,ClinVarVariant:661830,variant,NM_004006.2(DMD):c.10182C>A (p.Tyr3394Ter),10
6814,MGI:1097691,gene,Hdac2,4
6815,ZP:0018609,phenotype,"leukocyte accumulation brain, abnormal",8
6816,WBPhenotype:0001005,phenotype,backward locomotion variant,8
6817,WormBase:WBGene00003691,gene,nhr-101,4
6818,Xenbase:XB-GENE-958519,gene,tial1,4
6819,WBPhenotype:0000012,phenotype,dauer constitutive,8
6820,MP:0009419,phenotype,skeletal muscle fibrosis,8
6821,FBcv:0000416,phenotype,uncoordinated,8
6822,WormBase:WBGene00000066,gene,act-4,4
6823,HGNC:11947,gene,TNNI3,4
6824,HP:0003646,phenotype,Bicarbonaturia,8
6825,HP:0003774,phenotype,Stage 5 chronic kidney disease,8
6826,HP:0004445,phenotype,Elliptocytosis,8
6827,MGI:88293,gene,Cacna1d,4
6828,ClinVarVariant:803814,variant,NM_004006.3(DMD):c.8746del (p.Glu2916fs),10
6829,EFO:0010503,phenotype,inosine measurement,8
6830,HP:0001367,phenotype,Abnormal joint morphology,8
6831,MP:0030578,phenotype,decreased keratinocyte adhesion,8
6832,HP:0001482,phenotype,Subcutaneous nodule,8
6833,ZP:0137980,phenotype,"blood cardinal system absent, abnormal",8
6834,ClinVarVariant:583921,variant,NC_000023.10:g.(?_32841392)_(32841524_?)dup,10
6835,PomBase:SPCC1739.14,gene,npp106,4
6836,HP:0008002,phenotype,Abnormality of macular pigmentation,8
6837,MP:0002805,phenotype,abnormal conditioned taste aversion behavior,8
6838,MP:0000928,phenotype,incomplete rostral neuropore closure,8
6839,dbSNP:rs201158842,variant,rs201158842-?,10
6840,WBPhenotype:0001410,phenotype,protein expression absent,8
6841,ClinVarVariant:417503,variant,NC_000023.10:g.(?_32827610)_(33038317_?)dup,10
6842,HP:0000126,phenotype,Hydronephrosis,8
6843,ZP:0009987,phenotype,"head muscle poorly differentiated, abnormal",8
6844,HP:0100738,phenotype,Abnormal eating behavior,8
6845,ClinVarVariant:654722,variant,NM_004006.2(DMD):c.10765C>T (p.Gln3589Ter),10
6846,ENSEMBL:ENSPTRG00000044033,gene,ENSEMBL:ENSPTRG00000044033,4
6847,FBcv:0000444,phenotype,hyperplasia,8
6848,Xenbase:XB-GENE-489122,gene,actn2,4
6849,ENSEMBL:ENSFCAG00000018405,gene,ENSEMBL:ENSFCAG00000018405,4
6850,HGNC:53001,gene,LINC02141,4
6851,MP:0009747,phenotype,impaired behavioral response to xenobiotic,8
6852,ZP:0000568,phenotype,"axis decreased length, abnormal",8
6853,MP:0002651,phenotype,abnormal sciatic nerve morphology,8
6854,RGD:1311973,gene,Tnnc2,4
6855,407,drug,bromperidol,3
6856,ClinVarVariant:455927,variant,NM_004013.2(DMD):c.-395del,10
6857,WormBase:WBGene00016197,gene,pxl-1,4
6858,ClinVarVariant:803784,variant,NM_004006.3(DMD):c.10633_10634dup (p.Met3545fs),10
6859,MP:0004504,phenotype,decreased incidence of tumors by UV induction,8
6860,HP:0010504,phenotype,Increased length of the tibia,8
6861,ZP:0000799,phenotype,"tectal ventricle decreased size, abnormal",8
6862,HP:0002078,phenotype,Truncal ataxia,8
6863,ZP:0101901,phenotype,"facial nerve motor nucleus rhombomere 6 increased volume, abnormal",8
6864,MONARCH:APO_0000148APO_0000004,phenotype,cold sensitivity:increased,8
6865,MP:0004733,phenotype,abnormal thoracic cavity morphology,8
6866,MP:0010136,phenotype,decreased DN4 thymocyte number,8
6867,ENSEMBL:ENSSSCG00000007371,gene,HNF4A,4
6868,1800,drug,miconazole,3
6869,ENSEMBL:ENSFCAG00000005621,gene,ENSEMBL:ENSFCAG00000005621,4
6870,ENSEMBL:ENSACAG00000005570,gene,ENSEMBL:ENSACAG00000005570,4
6871,Q01668,gene product,Voltage-dependent L-type calcium channel subunit alpha-1D,5
6872,ENSEMBL:ENSPTRG00000030902,gene,ENSEMBL:ENSPTRG00000030902,4
6873,ClinVarVariant:239612,variant,NM_000109.4(DMD):c.7757del (p.Gln2586fs),10
6874,ZP:0003135,phenotype,"motor neuron axon guidance disrupted, abnormal",8
6875,dbSNP:rs7960954,variant,rs7960954-?,10
6876,MP:0008898,phenotype,abnormal acrosome morphology,8
6877,MP:0003397,phenotype,increased muscle weight,8
6878,MP:0003824,phenotype,decreased left ventricle developed pressure,8
6879,ENSEMBL:ENSMODG00000021502,gene,ENSEMBL:ENSMODG00000021502,4
6880,HP:0001256,phenotype,"Intellectual disability, mild",8
6881,ENSEMBL:ENSSSCG00000038508,gene,SPTBN2,4
6882,HP:0002859,phenotype,Rhabdomyosarcoma,8
6883,WBPhenotype:0000638,phenotype,molt defect,8
6884,ENSEMBL:ENSSSCG00000028355,gene,ENSEMBL:ENSSSCG00000028355,4
6885,HP:0000551,phenotype,Color vision defect,8
6886,HP:0000820,phenotype,Abnormality of the thyroid gland,8
6887,HP:0011512,phenotype,Hyperpigmentation of the fundus,8
6888,HP:0000518,phenotype,Cataract,8
6889,ClinVarVariant:583541,variant,NC_000023.10:g.(?_31854815)_(31986651_?)dup,10
6890,ClinVarVariant:639041,variant,NM_000109.4(DMD):c.353dup (p.Asn118fs),10
6891,Coriell:GM05114,biological artifact,NIGMS-GM05114,0
6892,ENSEMBL:ENSGALG00000001046,gene,DLGAP4,4
6893,ZP:0106123,phenotype,"cardiac conduction irregular rhythm, abnormal",8
6894,ENSEMBL:ENSFCAG00000011854,gene,ENSEMBL:ENSFCAG00000011854,4
6895,ENSEMBL:ENSOANG00000036135,gene,ENSEMBL:ENSOANG00000036135,4
6896,dictyBase:DDB_G0287981,gene,DDB0187718,4
6897,EFO:0007034,phenotype,seropositivity measurement,8
6898,MP:0005360,phenotype,urolithiasis,8
6899,WBPhenotype:0004018,phenotype,sinusoidal movement variant,8
6900,MP:0020437,phenotype,abnormal social play behavior,8
6901,HP:0000272,phenotype,Malar flattening,8
6902,HGNC:14075,gene,SGCZ,4
6903,EFO:0005300,phenotype,word reading,8
6904,HP:0001622,phenotype,Premature birth,8
6905,WormBase:WBGene00006823,gene,unc-94,4
6906,HP:0001342,phenotype,Cerebral hemorrhage,8
6907,ClinVarVariant:567065,variant,NM_000109.4(DMD):c.5463_5464del (p.Gly1823fs),10
6908,MGI:94885,gene,Des,4
6909,ZP:0019095,phenotype,"myotome decreased process quality skeletal myofibril assembly, abnormal",8
6910,HP:0002987,phenotype,Elbow flexion contracture,8
6911,ENSEMBL:ENSOANG00000001450,gene,ENSEMBL:ENSOANG00000001450,4
6912,ZP:0018504,phenotype,"internal carotid artery process quality blood vessel endothelial cell migration, abnormal",8
6913,ZP:0011632,phenotype,"renal glomerulus distended, abnormal",8
6914,ClinVarVariant:583636,variant,NC_000023.11:g.(?_32287509)_(32362978_?)del,10
6915,MP:0009937,phenotype,abnormal neuron differentiation,8
6916,HP:0001324,phenotype,Muscle weakness,8
6917,ENSEMBL:ENSMODG00000024882,gene,ENSEMBL:ENSMODG00000024882,4
6918,ZP:0019900,phenotype,"optic stalk increased diameter, abnormal",8
6919,MONARCH:APO_0000037APO_0000005,phenotype,pheromone sensitivity:absent,8
6920,ZP:0008609,phenotype,"microtubule cytoskeleton neuron disorganized, abnormal",8
6921,ZP:0004750,phenotype,"visual perception disrupted, abnormal",8
6922,ENSEMBL:ENSSSCG00000015969,gene,CHRNA1,4
6923,MP:0001299,phenotype,abnormal eye distance/ position,8
6924,HGNC:28958,gene,NUP93,4
6925,ENSEMBL:ENSCAFG00000001315,gene,CTNNA1,4
6926,RGD:70973,gene,Cacna1d,4
6927,HP:0008081,phenotype,Pes valgus,8
6928,RGD:1309281,gene,Shkbp1,4
6929,ENSEMBL:ENSPTRG00000020011,gene,ENSEMBL:ENSPTRG00000020011,4
6930,ZFIN:ZDB-GENE-070705-188,gene,chrm1b,4
6931,ZP:0105761,phenotype,"spinal cord decreased occurrence motile cilium assembly, abnormal",8
6932,ENSEMBL:ENSACAG00000017989,gene,ENSEMBL:ENSACAG00000017989,4
6933,ZFIN:ZDB-GENE-040426-770,gene,prkcsh,4
6934,EFO:0000638,phenotype,overall survival,8
6935,ZP:0001301,phenotype,"intersegmental vessel morphology, abnormal",8
6936,ZP:0018973,phenotype,"ventral region whole organism decreased amount, abnormal",8
6937,MP:0020857,phenotype,corneal epithelium hyperplasia,8
6938,ClinVarVariant:455848,variant,NC_000023.10:g.(?_33032666)_(33038337_?)dup,10
6939,Coriell:GM03929,biological artifact,NIGMS-GM03929,0
6940,HP:0200040,phenotype,Epidermoid cyst,8
6941,WBPhenotype:0001026,phenotype,nuclear morphology variation early emb,8
6942,MGI:2176876,genotype,Dmd<mdx>/Dmd<mdx>; Utrn<tm1Jrs>/Utrn<tm1Jrs> [involves: 129S1/Sv * 129X1/SvJ * C57BL/10ScSn],6
6943,ZP:0007280,phenotype,"ventricular system increased accumulation blood, abnormal",8
6944,WormBase:WBGene00019064,gene,myo-5,4
6945,ClinVarVariant:595522,variant,NM_000109.4(DMD):c.2105del (p.Lys702fs),10
6946,ENSEMBL:ENSOANG00000037441,gene,ENSEMBL:ENSOANG00000037441,4
6947,Xenbase:XB-GENE-6258629,gene,itga1,4
6948,ENSEMBL:ENSPTRG00000017260,gene,ENSEMBL:ENSPTRG00000017260,4
6949,MP:0000524,phenotype,decreased renal tubule number,8
6950,ENSEMBL:ENSOANG00000001974,gene,ENSEMBL:ENSOANG00000001974,4
6951,ENSEMBL:ENSPTRG00000046640,gene,ENSEMBL:ENSPTRG00000046640,4
6952,ClinVarVariant:831530,variant,NC_000023.11:g.(?_32614293)_(32849830_?)dup,10
6953,ENSEMBL:ENSACAG00000012278,gene,ENSEMBL:ENSACAG00000012278,4
6954,ZP:0009202,phenotype,"myoseptum myotome mislocalised, abnormal",8
6955,ZP:0007923,phenotype,"somite apoptotic, abnormal",8
6956,HP:0000540,phenotype,Hypermetropia,8
6957,HGNC:19166,gene,TBC1D5,4
6958,ZP:0005800,phenotype,"eye elliptic, abnormal",8
6959,HP:0030153,phenotype,Cholangiocarcinoma,8
6960,ZP:0003010,phenotype,"notochord decreased thickness, abnormal",8
6961,HP:0001311,phenotype,Abnormal nervous system electrophysiology,8
6962,ZP:0005494,phenotype,"atrium malformed, abnormal",8
6963,ENSEMBL:ENSBTAG00000000393,gene,SSPN,4
6964,ENSEMBL:ENSMMUG00000013119,gene,ENSEMBL:ENSMMUG00000013119,4
6965,ClinVarVariant:572489,variant,NM_004006.3(DMD):c.479_481CCA[1] (p.Thr161del),10
6966,ClinVarVariant:94681,variant,NM_004006.2(DMD):c.5773G>T (p.Glu1925Ter),10
6967,MP:0003408,phenotype,increased width of hypertrophic chondrocyte zone,8
6968,ENSEMBL:ENSMMUG00000011743,gene,ENSEMBL:ENSMMUG00000011743,4
6969,ZP:0012573,phenotype,"hyohyoideus misaligned away from hyohyoideus, abnormal",8
6970,ZP:0007514,phenotype,"oligodendrocyte cell fate specification disrupted, abnormal",8
6971,MONDO:0005361,phenotype,eosinophilic esophagitis,8
6972,ZP:0002466,phenotype,"regulation of heart rate disrupted, abnormal",8
6973,WBPhenotype:0001943,phenotype,rachis wide,8
6974,ZP:0104774,phenotype,"brain decreased occurrence nitric oxide mediated signal transduction, abnormal",8
6975,WormBase:WBGene00003706,gene,nhr-116,4
6976,dictyBase:DDB_G0274131,gene,act17,4
6977,722,drug,clozapine,3
6978,RGD:1305194,gene,Spta1,4
6979,dictyBase:DDB_G0283709,gene,osbH,4
6980,Xenbase:XB-GENE-954721,gene,terf1,4
6981,MP:0004093,phenotype,diffuse Z line,8
6982,ZP:0137890,phenotype,"glial cell projection Muller cell spatial pattern, abnormal",8
6983,HP:0001640,phenotype,Cardiomegaly,8
6984,ClinVarVariant:409926,variant,NM_004006.2(DMD):c.9434del (p.Met3145fs),10
6985,ENSEMBL:ENSACAG00000010058,gene,ENSEMBL:ENSACAG00000010058,4
6986,ClinVarVariant:647470,variant,NC_000023.11:g.(?_32472144)_(32651077_?)del,10
6987,MONDO:0005473,disease,temporomandibular joint disorder,2
6988,ClinVarVariant:663956,variant,NC_000023.11:g.(?_31875178)_(31968524_?)del,10
6989,ENSEMBL:ENSECAG00000023370,gene,ENSEMBL:ENSECAG00000023370,4
6990,ZP:0000738,phenotype,"simple columnar epithelium displaced, abnormal",8
6991,ZP:0001448,phenotype,"whole organism curved, abnormal",8
6992,MP:0002135,phenotype,abnormal kidney morphology,8
6993,MP:0011097,phenotype,"embryonic lethality between somite formation and embryo turning, complete penetrance",8
6994,ZP:0000332,phenotype,"heart morphogenesis disrupted, abnormal",8
6995,WormBase:WBGene00000045,gene,acr-6,4
6996,HP:0012896,phenotype,Abnormal motor evoked potentials,8
6997,WBPhenotype:0001783,phenotype,ligand gated channel activity variant,8
6998,MP:0020335,phenotype,abnormal dentate gyrus neuron dendrite morphology,8
6999,ZP:0137692,phenotype,"outer limiting membrane morphology, abnormal",8
7000,MP:0003057,phenotype,abnormal epicardium morphology,8
7001,ZP:0008726,phenotype,"myofibril myotome spatial pattern, abnormal",8
7002,ENSEMBL:ENSPTRG00000006153,gene,ENSEMBL:ENSPTRG00000006153,4
7003,P63000,gene product,Ras-related C3 botulinum toxin substrate 1,5
7004,ClinVarVariant:953200,variant,NC_000023.11:g.32823388del,10
7005,ZP:0008727,phenotype,"myofibril myotome decreased length, abnormal",8
7006,ENSEMBL:ENSGALG00000040844,gene,GIT2,4
7007,ZP:0010667,phenotype,"cardiac muscle cell cardiac ventricle elongated, abnormal",8
7008,MP:0013510,phenotype,decreased CD4-negative NK T cell number,8
7009,ENSEMBL:ENSECAG00000024920,gene,ENSEMBL:ENSECAG00000024920,4
7010,PomBase:SPAC11G7.02,gene,pub1,4
7011,MP:0009400,phenotype,decreased skeletal muscle fiber size,8
7012,EFO:0009262,phenotype,nicotine dependence symptom count,8
7013,WBPhenotype:0001763,phenotype,uptake by intestinal cell defective,8
7014,ZP:0008730,phenotype,"myoseptum increased distance myoseptum, abnormal",8
7015,MP:0010398,phenotype,decreased liver glycogen level,8
7016,MP:0004737,phenotype,absent distortion product otoacoustic emissions,8
7017,ZP:0010385,phenotype,"embryonic medial fin morphogenesis decreased process quality, abnormal",8
7018,ZP:0007739,phenotype,"chondrocyte gill filament absent, abnormal",8
7019,ENSEMBL:ENSOANG00000008248,gene,ENSEMBL:ENSOANG00000008248,4
7020,OMIM:300377.0031,variant,"DMD, GLN85TER",10
7021,ClinVarVariant:94849,variant,NM_004006.2(DMD):c.961-5831C>T,10
7022,MP:0001356,phenotype,increased aggression towards females,8
7023,WBPhenotype:0000291,phenotype,no oocytes,8
7024,ENSEMBL:ENSECAG00000018131,gene,ENSEMBL:ENSECAG00000018131,4
7025,ENSEMBL:ENSBTAG00000048622,gene,TMOD3,4
7026,ClinVarVariant:583732,variant,NC_000023.10:g.(?_31191636)_(31526374_?)dup,10
7027,ENSEMBL:ENSACAG00000007149,gene,ENSEMBL:ENSACAG00000007149,4
7028,ClinVarVariant:832856,variant,NC_000023.11:g.(?_31496788)_(31627862_?)del,10
7029,WBPhenotype:0001748,phenotype,pharynx unattached,8
7030,ENSEMBL:ENSFCAG00000000304,gene,ENSEMBL:ENSFCAG00000000304,4
7031,WormBase:WBGene00000832,gene,ctn-1,4
7032,MP:0003718,phenotype,maternal effect,8
7033,WBPhenotype:0000422,phenotype,twitcher,8
7034,ZP:0013880,phenotype,"pronephric glomerulus separated from pronephric glomerulus, abnormal",8
7035,ENSEMBL:ENSMMUG00000003169,gene,ENSEMBL:ENSMMUG00000003169,4
7036,HP:0030731,phenotype,Carcinoma,8
7037,WBPhenotype:0000553,phenotype,muscle birefringence variant,8
7038,FlyBase:FBgn0010341,gene,Cdc42,4
7039,MP:0005094,phenotype,abnormal T cell proliferation,8
7040,ENSEMBL:ENSBTAG00000024003,gene,ENSEMBL:ENSBTAG00000024003,4
7041,MP:0008211,phenotype,decreased mature B cell number,8
7042,MP:0030919,phenotype,absent hair follicle bulb,8
7043,ENSEMBL:ENSMODG00000025642,gene,ENSEMBL:ENSMODG00000025642,4
7044,ZP:0102269,phenotype,"epidermal superficial stratum morphology, abnormal",8
7045,ZP:0010939,phenotype,"pronephric glomerulus unfused from right side left side pronephric glomerulus, abnormal",8
7046,MP:0005378,phenotype,growth/size/body region phenotype,8
7047,MP:0004794,phenotype,increased anti-nuclear antigen antibody level,8
7048,ZP:0002942,phenotype,"dorsal aorta separated from intersegmental vessel dorsal longitudinal anastomotic vessel, abnormal",8
7049,HP:0000662,phenotype,Nyctalopia,8
7050,1212,drug,fluphenazine,3
7051,RGD:620093,gene,Xylt1,4
7052,WBPhenotype:0001521,phenotype,body elongation retracted,8
7053,FBcv:0000421,phenotype,abnormal touch response,8
7054,MONARCH:APO_0000098APO_0000245,phenotype,utilization of carbon source:decreased rate,8
7055,MGI:2443012,gene,Tns3,4
7056,OMIM:300377.0084,variant,"DMD, TYR1995TER",10
7057,ZP:0001037,phenotype,"motor neuron decreased amount, abnormal",8
7058,ENSEMBL:ENSMODG00000016745,gene,ENSEMBL:ENSMODG00000016745,4
7059,RGD:1560290,gene,Sntg1,4
7060,HP:0000238,phenotype,Hydrocephalus,8
7061,HP:0012469,phenotype,Infantile spasms,8
7062,ZFIN:ZDB-GENE-141114-2,gene,actn2a,4
7063,MP:0002961,phenotype,abnormal axon guidance,8
7064,MP:0002184,phenotype,abnormal innervation,8
7065,ZP:0011169,phenotype,"atrioventricular canal malformed, abnormal",8
7066,ENSEMBL:ENSACAG00000021014,gene,ENSEMBL:ENSACAG00000021014,4
7067,WBPhenotype:0000220,phenotype,vulva cell fate specification variant,8
7068,dictyBase:DDB_G0291185,gene,H3v1,4
7069,ENSEMBL:ENSCAFG00000005788,gene,ENSEMBL:ENSCAFG00000005788,4
7070,ClinVarVariant:593327,variant,NM_004006.2(DMD):c.5371C>T (p.Gln1791Ter),10
7071,MP:0010895,phenotype,increased lung compliance,8
7072,MP:0002875,phenotype,decreased erythrocyte cell number,8
7073,MP:0000776,phenotype,abnormal inferior colliculus morphology,8
7074,OMIM:300377.0078,variant,"DMD, 1-BP DEL, 377A",10
7075,MP:0011677,phenotype,abnormal olfactory sensory neuron physiology,8
7076,584,drug,cevimeline,3
7077,WBPhenotype:0000899,phenotype,epithelial cell morphology variant,8
7078,MGI:105084,gene,Satb1,4
7079,ZFIN:ZDB-GENE-030131-6933,gene,tns1b,4
7080,ENSEMBL:ENSBTAG00000020080,gene,MYBPC2,4
7081,HP:0002827,phenotype,Hip dislocation,8
7082,ClinVarVariant:830762,variant,NC_000023.11:g.(?_32287519)_(32310286_?)dup,10
7083,MP:0009641,phenotype,kidney degeneration,8
7084,Xenbase:XB-GENE-1013360,gene,sptbn4,4
7085,ClinVarVariant:409900,variant,NM_004006.2(DMD):c.10406_10407insAA (p.His3469fs),10
7086,ZFIN:ZDB-GENE-120919-5,gene,snta1,4
7087,MGI:6438177,genotype,Dmd<em4Eno>/Dmd<em4Eno> [C57BL/6-Dmd<em4Eno>],6
7088,MP:0009022,phenotype,abnormal brain meninges morphology,8
7089,ClinVarVariant:831002,variant,NC_000023.11:g.(?_31323598)_(31836819_?)del,10
7090,MGI:88263,gene,Capn1,4
7091,EFO:0009473,phenotype,hemolysis,8
7092,ZP:0003039,phenotype,"axon Mauthner neuron mislocalised medially, abnormal",8
7093,ENSEMBL:ENSBTAG00000046454,gene,DYTN,4
7094,WBPhenotype:0000136,phenotype,mRNA levels increased,8
7095,ZP:0008040,phenotype,"Z disc cardiac muscle cell broken, abnormal",8
7096,ZP:0009653,phenotype,"inner limiting membrane broken, abnormal",8
7097,EFO:0004530,phenotype,triglyceride measurement,8
7098,ZP:0002991,phenotype,"determination of digestive tract left/right asymmetry decreased process quality, abnormal",8
7099,ClinVarVariant:981973,variant,NC_000023.11:g.(32491519_32501754)_(32573847_32595756)del,10
7100,ZP:0000094,phenotype,"blood quality, abnormal",8
7101,MP:0001391,phenotype,abnormal tail movements,8
7102,WBPhenotype:0001972,phenotype,germ cell compartment multinucleate,8
7103,ZFIN:ZDB-FISH-150901-15064,genotype,dmd<pc2>/dmd<pc2> [unspecified background],6
7104,ENSEMBL:ENSBTAG00000011966,gene,LAMC1,4
7105,ClinVarVariant:94475,variant,NM_004006.2(DMD):c.1615C>T (p.Arg539Ter),10
7106,5303,drug,revefenacin,3
7107,HP:0011869,phenotype,Abnormal platelet function,8
7108,HP:0012443,phenotype,Abnormality of brain morphology,8
7109,FBcv:0000377,phenotype,female fertile,8
7110,3294,drug,iloperidone,3
7111,ZP:0000249,phenotype,"myofibril fast muscle cell degenerate, abnormal",8
7112,MP:0005556,phenotype,abnormal renal filtration rate,8
7113,MP:0004835,phenotype,abnormal miniature endplate potential,8
7114,ClinVarVariant:984214,variant,NM_004006.3(DMD):c.8483T>A (p.Leu2828Ter),10
7115,ENSEMBL:ENSOANG00000000432,gene,ENSEMBL:ENSOANG00000000432,4
7116,Coriell:GM03783,biological artifact,NIGMS-GM03783,0
7117,WBPhenotype:0000716,phenotype,muscle cell attachment variant,8
7118,ENSEMBL:ENSFCAG00000018326,gene,ENSEMBL:ENSFCAG00000018326,4
7119,MP:0014103,phenotype,increased chondrocyte apoptosis,8
7120,Xenbase:XB-GENE-5809292,gene,cdc25a,4
7121,ZP:0018604,phenotype,"hindbrain lacks parts or has fewer parts of type Mauthner neuron, abnormal",8
7122,HP:0100615,phenotype,Ovarian neoplasm,8
7123,ENSEMBL:ENSSSCG00000016725,gene,TNS3,4
7124,ENSEMBL:ENSMODG00000018610,gene,ENSEMBL:ENSMODG00000018610,4
7125,ZP:0000862,phenotype,"kidney hyperplastic, abnormal",8
7126,ENSEMBL:ENSECAG00000025044,gene,ENSEMBL:ENSECAG00000025044,4
7127,ZP:0003764,phenotype,"cell differentiation in hindbrain disrupted, abnormal",8
7128,MONARCH:APO_0000144APO_0000003,phenotype,telomere length:decreased,8
7129,MP:0000628,phenotype,abnormal mammary gland development,8
7130,ClinVarVariant:217210,variant,NM_004006.2(DMD):c.7755G>A (p.Trp2585Ter),10
7131,ZFIN:ZDB-GENE-091204-151,gene,cavin1a,4
7132,ENSEMBL:ENSRNOG00000018113,gene,Anlnl1,4
7133,MP:0001417,phenotype,decreased exploration in new environment,8
7134,WBPhenotype:0000451,phenotype,head protrusion,8
7135,dbSNP:rs12451924,variant,rs12451924-?,10
7136,ZP:0014727,phenotype,"bulbus arteriosus absent, abnormal",8
7137,MP:0010817,phenotype,absent type I pneumocytes,8
7138,MP:0008217,phenotype,abnormal B cell activation,8
7139,MP:0011869,phenotype,detached podocyte,8
7140,ZP:0006609,phenotype,"sarcomere cardiac muscle cell increased length, abnormal",8
7141,ENSEMBL:ENSSSCG00000035446,gene,CAVIN1,4
7142,EFO:0007700,phenotype,exploratory eye movement measurement,8
7143,ENSEMBL:ENSFCAG00000043662,gene,ENSEMBL:ENSFCAG00000043662,4
7144,HP:0003808,phenotype,Abnormal muscle tone,8
7145,GO:0005200,molecular function,structural constituent of cytoskeleton,7
7146,4876,drug,belinostat,3
7147,ZP:0104769,phenotype,"noradrenaline hindbrain decreased amount, abnormal",8
7148,ENSEMBL:ENSACAG00000007864,gene,ENSEMBL:ENSACAG00000007864,4
7149,ZP:0003001,phenotype,"midbrain hindbrain boundary shape, abnormal",8
7150,MP:0004094,phenotype,abnormal M line morphology,8
7151,HP:0002586,phenotype,Peritonitis,8
7152,HP:0001388,phenotype,Joint laxity,8
7153,MGI:1277968,gene,Cavin1,4
7154,ENSEMBL:ENSOANG00000002524,gene,ENSEMBL:ENSOANG00000002524,4
7155,SGD:S000001065,gene,MYO1,4
7156,ZP:0009716,phenotype,"cephalic musculature aplastic, abnormal",8
7157,ENSEMBL:ENSBTAG00000025219,gene,ENSEMBL:ENSBTAG00000025219,4
7158,MP:0030316,phenotype,enlarged neurocranium,8
7159,ENSEMBL:ENSPTRG00000002097,gene,ENSEMBL:ENSPTRG00000002097,4
7160,ZP:0001764,phenotype,"heart decreased size, abnormal",8
7161,ZP:0020597,phenotype,"hindbrain mislocalised, abnormal",8
7162,ClinVarVariant:583837,variant,NC_000023.10:g.(?_31514885)_(31697723_?)dup,10
7163,WBPhenotype:0001037,phenotype,sterile progeny,8
7164,ClinVarVariant:661628,variant,NM_004006.2(DMD):c.2704C>T (p.Gln902Ter),10
7165,ENSEMBL:ENSSSCG00000015555,gene,LAMC1,4
7166,ZP:0003003,phenotype,"eye mislocalised ventrally, abnormal",8
7167,ClinVarVariant:455811,variant,NC_000023.10:g.(?_31792057)_(31893510_?)del,10
7168,HGNC:16859,gene,NOS1AP,4
7169,MP:0002622,phenotype,abnormal cochlear hair cell morphology,8
7170,ENSEMBL:ENSMODG00000003026,gene,ENSEMBL:ENSMODG00000003026,4
7171,MP:0002279,phenotype,abnormal diaphragm morphology,8
7172,WormBase:WBGene00018563,gene,F47D12.7,4
7173,ENSEMBL:ENSSSCG00000006344,gene,ENSEMBL:ENSSSCG00000006344,4
7174,Xenbase:XB-GENE-481578,gene,arrb1,4
7175,ZP:0018730,phenotype,"branchiomotor neuron disorganized, abnormal",8
7176,ZP:0000577,phenotype,"central nervous system morphology, abnormal",8
7177,MP:0004030,phenotype,induced chromosome breakage,8
7178,MGI:104552,gene,Tns1,4
7179,ENSEMBL:ENSGALG00000000172,gene,ENSEMBL:ENSGALG00000000172,4
7180,MP:0011534,phenotype,granular kidney,8
7181,HP:0002014,phenotype,Diarrhea,8
7182,MP:0000157,phenotype,abnormal sternum morphology,8
7183,ClinVarVariant:584039,variant,NC_000023.11:g.(?_31609621)_(31875393_?)del,10
7184,ENSEMBL:ENSPTRG00000028788,gene,ENSEMBL:ENSPTRG00000028788,4
7185,RGD:3882,gene,Tnnt2,4
7186,EFO:0004533,phenotype,alkaline phosphatase measurement,8
7187,ClinVarVariant:642449,variant,NM_004006.2(DMD):c.1351G>T (p.Asp451Tyr),10
7188,ClinVarVariant:983658,variant,NM_004006.3(DMD):c.5114C>G (p.Ser1705Ter),10
7189,ENSEMBL:ENSCAFG00000008482,gene,JAM2,4
7190,ENSEMBL:ENSGALG00000041685,gene,CAPN1,4
7191,HGNC:33796,gene,LINC02694,4
7192,HP:0002094,phenotype,Dyspnea,8
7193,MP:0008470,phenotype,abnormal spleen B cell follicle morphology,8
7194,MP:0003567,phenotype,abnormal fetal cardiomyocyte proliferation,8
7195,XPO:0131871,phenotype,abnormal development of embryo,8
7196,ClinVarVariant:646407,variant,NC_000023.10:g.(?_32536115)_(32632580_?)dup,10
7197,MONARCH:APO_0000205APO_0000003,phenotype,ionic stress resistance:decreased,8
7198,HGNC:2666,gene,DAG1,4
7199,ZP:0009280,phenotype,"posterior cardinal vein decreased diameter, abnormal",8
7200,109,drug,alcuronium,3
7201,MP:0031154,phenotype,intestinal hemorrhage,8
7202,MP:0001282,phenotype,short vibrissae,8
7203,MP:0003017,phenotype,decreased circulating bicarbonate level,8
7204,ClinVarVariant:409924,variant,NM_004006.2(DMD):c.5110G>T (p.Glu1704Ter),10
7205,ZP:0010962,phenotype,"muscle cell caudal fin deformed, abnormal",8
7206,MP:0009395,phenotype,increased nucleated erythrocyte cell number,8
7207,WormBase:WBGene00001248,gene,elp-1,4
7208,ENSEMBL:ENSACAG00000017003,gene,ENSEMBL:ENSACAG00000017003,4
7209,OMIM:300377.0050,variant,"DMD, GLN1405TER",10
7210,ENSEMBL:ENSMMUG00000003053,gene,ENSEMBL:ENSMMUG00000003053,4
7211,HP:0000486,phenotype,Strabismus,8
7212,MP:0005090,phenotype,increased double-negative T cell number,8
7213,ZP:0106113,phenotype,"Z disc atrium blurry, abnormal",8
7214,ZFIN:ZDB-GENE-081113-4,gene,actn1,4
7215,HP:0000283,phenotype,Broad face,8
7216,MP:0000512,phenotype,intestinal ulcer,8
7217,ENSEMBL:ENSOANG00000045541,gene,ENSEMBL:ENSOANG00000045541,4
7218,ZP:0003588,phenotype,"ocular blood vessel decreased size, abnormal",8
7219,ZP:0000482,phenotype,"heart contraction disrupted, abnormal",8
7220,ENSEMBL:ENSMODG00000038594,gene,ENSEMBL:ENSMODG00000038594,4
7221,HP:0011166,phenotype,Focal myoclonic seizure,8
7222,ZP:0102111,phenotype,"notochord inner cell collapsed, abnormal",8
7223,HP:0011487,phenotype,Increased corneal thickness,8
7224,ENSEMBL:ENSGALG00000041384,gene,A0A1D5NW02,4
7225,ZP:0012575,phenotype,"myofibril fast muscle cell malformed, abnormal",8
7226,MP:0004505,phenotype,decreased renal glomerulus number,8
7227,GO:0034622,molecular function,cellular protein-containing complex assembly,7
7228,ClinVarVariant:11290,variant,NM_000109.4(DMD):c.5961T>G (p.Tyr1987Ter),10
7229,WBPhenotype:0000184,phenotype,apoptosis fails to occur,8
7230,ENSEMBL:ENSMMUG00000021025,gene,ENSEMBL:ENSMMUG00000021025,4
7231,MP:0008587,phenotype,short photoreceptor outer segment,8
7232,ZP:0138060,phenotype,"startle response decreased magnitude, abnormal",8
7233,ClinVarVariant:984108,variant,NM_004006.3(DMD):c.3457A>T (p.Lys1153Ter),10
7234,HP:0033769,phenotype,Fundic gland polyposis,8
7235,MP:0000925,phenotype,abnormal floor plate morphology,8
7236,ZFIN:ZDB-GENE-091118-115,gene,itga1,4
7237,ClinVarVariant:654108,variant,NC_000023.11:g.(?_32438221)_(32518151_?)del,10
7238,ZP:0002301,phenotype,"epithelial cell thymus decreased amount, abnormal",8
7239,HGNC:1950,gene,CHRM1,4
7240,ENSEMBL:ENSMODG00000005904,gene,ENSEMBL:ENSMODG00000005904,4
7241,MONARCH:APO_0000022APO_0000004,phenotype,protein activity:increased,8
7242,MP:0001360,phenotype,abnormal social investigation,8
7243,MP:0001700,phenotype,abnormal embryo turning,8
7244,ENSEMBL:ENSMMUG00000016431,gene,ENSEMBL:ENSMMUG00000016431,4
7245,MP:0002398,phenotype,abnormal bone marrow cell morphology/development,8
7246,WBPhenotype:0001163,phenotype,pronucleus formation failure early emb,8
7247,ZP:0137784,phenotype,"muscle cell myotome sinuous, abnormal",8
7248,HP:0003072,phenotype,Hypercalcemia,8
7249,5252,drug,neratinib,3
7250,ENSEMBL:ENSFCAG00000003957,gene,ENSEMBL:ENSFCAG00000003957,4
7251,ENSEMBL:ENSACAG00000005125,gene,ENSEMBL:ENSACAG00000005125,4
7252,MP:0008280,phenotype,abnormal male germ cell apoptosis,8
7253,ZFIN:ZDB-GENE-060322-11,gene,arhgef7a,4
7254,ENSEMBL:ENSFCAG00000003878,gene,ENSEMBL:ENSFCAG00000003878,4
7255,HGNC:11944,gene,TNNC2,4
7256,ClinVarVariant:584013,variant,NC_000023.11:g.(?_31609621)_(31774212_?)del,10
7257,HP:0001882,phenotype,Leukopenia,8
7258,WormBase:WBGene00006765,gene,unc-29,4
7259,ClinVarVariant:593723,variant,NM_004006.2(DMD):c.5867G>A (p.Trp1956Ter),10
7260,Xenbase:XB-GENE-992148,gene,ltbp4,4
7261,ZP:0017965,phenotype,"atrioventricular canal constricted, abnormal",8
7262,ENSEMBL:ENSACAG00000001931,gene,ENSEMBL:ENSACAG00000001931,4
7263,HP:0002072,phenotype,Chorea,8
7264,ZFIN:ZDB-GENE-000626-1,gene,tnnt2a,4
7265,MGI:107956,gene,Slc8a1,4
7266,ENSEMBL:ENSCAFG00000017618,gene,DRP2,4
7267,ZP:0000965,phenotype,"retinal ganglion cell axon guidance quality, abnormal",8
7268,HP:0000377,phenotype,Abnormality of the pinna,8
7269,ClinVarVariant:803800,variant,NM_004006.3(DMD):c.9649+2dup,10
7270,MP:0002910,phenotype,abnormal excitatory postsynaptic currents,8
7271,HP:0011473,phenotype,Villous atrophy,8
7272,HP:0012332,phenotype,Abnormal autonomic nervous system physiology,8
7273,ZP:0000469,phenotype,"ventral fin fold decreased size, abnormal",8
7274,dictyBase:DDB_G0274267,gene,dictyBase:DDB_G0274267,4
7275,ENSEMBL:ENSBTAG00000019136,gene,ENSEMBL:ENSBTAG00000019136,4
7276,ClinVarVariant:803808,variant,NM_004006.3(DMD):c.9085_9086insA (p.Val3029fs),10
7277,MP:0010932,phenotype,increased trabecular bone connectivity density,8
7278,ZP:0019474,phenotype,"atrioventricular canal decreased amount, abnormal",8
7279,ENSEMBL:ENSCAFG00000001930,gene,PGM5,4
7280,1646,drug,mecamylamine,3
7281,WBPhenotype:0002211,phenotype,phasmid neuron dye filling defect,8
7282,ZP:0005809,phenotype,"retina lacks all parts of type central region retinal cone cell, abnormal",8
7283,ZP:0018279,phenotype,"axon development process quality, abnormal",8
7284,ENSEMBL:ENSCAFG00000017951,gene,ENSEMBL:ENSCAFG00000017951,4
7285,ZP:0009292,phenotype,"forebrain truncated, abnormal",8
7286,MP:0003992,phenotype,increased mortality induced by ionizing radiation,8
7287,MGI:1346876,gene,Map3k5,4
7288,HP:0030769,phenotype,Exencephaly,8
7289,ENSEMBL:ENSECAG00000024860,gene,ENSEMBL:ENSECAG00000024860,4
7290,ClinVarVariant:583546,variant,NC_000023.11:g.(?_31773960)_(31836819_?)del,10
7291,FBcv:0002003,phenotype,lethal - all die before end of second instar larval stage,8
7292,ENSEMBL:ENSCAFG00000012504,gene,ACTN3,4
7293,HP:0100006,phenotype,Neoplasm of the central nervous system,8
7294,ENSEMBL:ENSPTRG00000013519,gene,ENSEMBL:ENSPTRG00000013519,4
7295,ClinVarVariant:935691,variant,NM_004006.3(DMD):c.7736T>A (p.Leu2579Ter),10
7296,WBPhenotype:0000055,phenotype,early larval arrest,8
7297,HP:0009023,phenotype,Abdominal wall muscle weakness,8
7298,MP:0001245,phenotype,thick dermal layer,8
7299,HGNC:9411,gene,PRKCSH,4
7300,HGNC:11945,gene,TNNI1,4
7301,HGNC:10805,gene,SGCA,4
7302,MP:0020420,phenotype,abnormal freezing behavior,8
7303,ZFIN:ZDB-GENE-111215-3,gene,ank2a,4
7304,WBPhenotype:0001131,phenotype,loose mitotic furrow early emb,8
7305,ENSEMBL:ENSCAFG00000010798,gene,ENSEMBL:ENSCAFG00000010798,4
7306,FlyBase:FBgn0001991,gene,Ca-alpha1D,4
7307,HP:0011851,phenotype,Hemopericardium,8
7308,ENSEMBL:ENSGALG00000039139,gene,ENSEMBL:ENSGALG00000039139,4
7309,ENSEMBL:ENSFCAG00000006931,gene,ENSEMBL:ENSFCAG00000006931,4
7310,ZP:0013876,phenotype,"adrenal gland development process quality, abnormal",8
7311,ClinVarVariant:833040,variant,NC_000023.11:g.(?_31657980)_(31679596_?)del,10
7312,ENSEMBL:ENSACAG00000027620,gene,ENSEMBL:ENSACAG00000027620,4
7313,WBPhenotype:0000669,phenotype,sex muscle development variant,8
7314,ClinVarVariant:833307,variant,NC_000023.11:g.(?_32342090)_(32849830_?)del,10
7315,1086,drug,profenamine,3
7316,ZFIN:ZDB-GENE-030131-1077,gene,hnf4a,4
7317,HGNC:620,gene,APP,4
7318,ENSEMBL:ENSBTAG00000004300,gene,ENSEMBL:ENSBTAG00000004300,4
7319,MP:0000516,phenotype,abnormal renal/urinary system morphology,8
7320,NCBIGene:100329607,gene,LOC100329607,4
7321,ZP:0002918,phenotype,"muscle degenerate, abnormal",8
7322,MP:0008410,phenotype,increased cellular sensitivity to ultraviolet irradiation,8
7323,ClinVarVariant:197912,variant,NM_004006.2(DMD):c.7247dup (p.Leu2416fs),10
7324,HP:0001894,phenotype,Thrombocytosis,8
7325,HGNC:9642,gene,PTPN1,4
7326,HP:0012726,phenotype,Episodic hypokalemia,8
7327,ENSEMBL:ENSGALG00000000681,gene,ENSEMBL:ENSGALG00000000681,4
7328,HP:0001789,phenotype,Hydrops fetalis,8
7329,dictyBase:DDB_G0284795,gene,sir2C,4
7330,ENSEMBL:ENSPTRG00000001827,gene,ENSEMBL:ENSPTRG00000001827,4
7331,ZP:0137879,phenotype,"Muller cell physical object quality, abnormal",8
7332,ENSEMBL:ENSBTAG00000012385,gene,ENSEMBL:ENSBTAG00000012385,4
7333,HP:0025142,phenotype,Constitutional symptom,8
7334,ClinVarVariant:217179,variant,NM_004006.2(DMD):c.1483-1G>C,10
7335,ZP:0002170,phenotype,"heart contraction process quality, abnormal",8
7336,ZP:0001203,phenotype,"musculoskeletal movement disrupted, abnormal",8
7337,MP:0011632,phenotype,dilated mitochondria,8
7338,NCBIGene:100537765,gene,LOC100537765,4
7339,ZP:0004829,phenotype,"sarcomere muscle cell disorganized, abnormal",8
7340,ENSEMBL:ENSMODG00000005638,gene,ENSEMBL:ENSMODG00000005638,4
7341,ENSEMBL:ENSSSCG00000013586,gene,LRRC8E,4
7342,MP:0009295,phenotype,decreased interscapular fat pad weight,8
7343,HP:0000252,phenotype,Microcephaly,8
7344,ZP:0006772,phenotype,"eye protruding, abnormal",8
7345,700,drug,clomifene,3
7346,WBPhenotype:0000117,phenotype,L1 lethal,8
7347,ZP:0009205,phenotype,"slow muscle cell retracted, abnormal",8
7348,ClinVarVariant:526163,variant,NC_000023.10:g.(?_31893285)_(32235200_?)dup,10
7349,MP:0004064,phenotype,decreased susceptibility to induced muscular atrophy,8
7350,MP:0001386,phenotype,abnormal maternal nurturing,8
7351,ENSEMBL:ENSOANG00000006060,gene,ENSEMBL:ENSOANG00000006060,4
7352,ClinVarVariant:94778,variant,NM_004006.2(DMD):c.7771G>T (p.Glu2591Ter),10
7353,MP:0030567,phenotype,abnormal I band morphology,8
7354,2039,drug,oxyphenonium,3
7355,RGD:1309628,gene,Prkcsh,4
7356,ENSEMBL:ENSMODG00000009241,gene,ENSEMBL:ENSMODG00000009241,4
7357,WBPhenotype:0000035,phenotype,larval body morphology variant,8
7358,MP:0010754,phenotype,abnormal heart left ventricle pressure,8
7359,MP:0001463,phenotype,abnormal spatial learning,8
7360,ENSEMBL:ENSMMUG00000002345,gene,ENSEMBL:ENSMMUG00000002345,4
7361,WBPhenotype:0000762,phenotype,spindle position defective early emb,8
7362,ENSEMBL:ENSGALG00000046487,gene,A0A1L1RQJ9,4
7363,MONARCH:APO_0000309APO_0000245,phenotype,respiratory growth:decreased rate,8
7364,MP:0011368,phenotype,increased kidney apoptosis,8
7365,HGNC:26293,gene,SPEF2,4
7366,FlyBase:FBgn0032013,gene,Scgalpha,4
7367,ZFIN:ZDB-GENE-030131-1921,gene,marcksb,4
7368,ClinVarVariant:981988,variant,NC_000023.11:g.(31875374_31929595)_(31968515_32216915)del,10
7369,GO:0002027,molecular function,regulation of heart rate,7
7370,ENSEMBL:ENSMMUG00000000690,gene,ENSEMBL:ENSMMUG00000000690,4
7371,ClinVarVariant:832831,variant,NC_000023.11:g.(?_32501745)_(32501852_?)del,10
7372,RGD:1595950,gene,Lpar6,4
7373,dictyBase:DDB_G0286763,gene,DDB0187137,4
7374,HP:0100879,phenotype,Enlarged ovaries,8
7375,ZP:0009305,phenotype,"axial mesoderm sigmoid, abnormal",8
7376,MP:0000075,phenotype,absent neurocranium,8
7377,ClinVarVariant:803855,variant,NM_004006.3(DMD):c.6023C>G (p.Ser2008Ter),10
7378,ENSEMBL:ENSOANG00000004946,gene,ENSEMBL:ENSOANG00000004946,4
7379,HGNC:11276,gene,SPTBN2,4
7380,MP:0004852,phenotype,decreased testis weight,8
7381,HP:0025487,phenotype,Abnormality of bladder morphology,8
7382,ZP:0016086,phenotype,"trunk musculature degenerate, abnormal",8
7383,RGD:620715,gene,Kcnma1,4
7384,HP:0005415,phenotype,Decreased proportion of CD8-positive T cells,8
7385,dictyBase:DDB_G0269900,gene,DDB0190656,4
7386,WBPhenotype:0001498,phenotype,sperm pseudopod physiology variant,8
7387,MP:0011093,phenotype,"embryonic lethality at implantation, complete penetrance",8
7388,MP:0000627,phenotype,abnormal mammary gland morphology,8
7389,WBPhenotype:0001151,phenotype,pronucleus centrosomes defective early emb,8
7390,ZP:0004758,phenotype,"post-vent vasculature morphology, abnormal",8
7391,MP:0004198,phenotype,abnormal fetal size,8
7392,FBcv:0000435,phenotype,abnormal neuroanatomy,8
7393,MP:0004246,phenotype,abnormal extensor digitorum longus morphology,8
7394,MP:0020280,phenotype,increased creatine kinase level,8
7395,MP:0004071,phenotype,prolonged P wave,8
7396,HP:0005227,phenotype,Adenomatous colonic polyposis,8
7397,HP:0001156,phenotype,Brachydactyly,8
7398,ZP:0010942,phenotype,"pronephric glomerular capillary increased size, abnormal",8
7399,ENSEMBL:ENSMODG00000021454,gene,ENSEMBL:ENSMODG00000021454,4
7400,ZP:0000396,phenotype,"nucleate erythrocyte decreased amount, abnormal",8
7401,MP:0003755,phenotype,abnormal palate morphology,8
7402,WBPhenotype:0001594,phenotype,germline transgene silencing variant,8
7403,915,drug,diphemanil,3
7404,ENSEMBL:ENSBTAG00000004732,gene,ENSEMBL:ENSBTAG00000004732,4
7405,Xenbase:XB-GENE-482614,gene,tnnt2,4
7406,HP:0002763,phenotype,Abnormal cartilage morphology,8
7407,ENSEMBL:ENSMODG00000011495,gene,ENSEMBL:ENSMODG00000011495,4
7408,ZP:0002031,phenotype,"cardiac ventricle non-contractile, abnormal",8
7409,ENSEMBL:ENSACAG00000004758,gene,ENSEMBL:ENSACAG00000004758,4
7410,ZP:0011921,phenotype,"pronephric tubule separated from ciliary basal body apical plasma membrane pronephric tubule, abnormal",8
7411,ENSEMBL:ENSFCAG00000013579,gene,ENSEMBL:ENSFCAG00000013579,4
7412,ZP:0137788,phenotype,"pericardium increased amount, abnormal",8
7413,WormBase:WBGene00003514,gene,myo-2,4
7414,FlyBase:FBgn0027052,gene,STUB1,4
7415,ENSEMBL:ENSPTRG00000014879,gene,ENSEMBL:ENSPTRG00000014879,4
7416,MP:0003358,phenotype,abnormal hypaxial muscle morphology,8
7417,ENSEMBL:ENSCAFG00000004049,gene,HDAC2,4
7418,ZFIN:ZDB-GENE-070911-2,gene,clstn2,4
7419,MP:0003416,phenotype,premature bone ossification,8
7420,MGI:105070,gene,Tnni2,4
7421,MP:0012501,phenotype,abnormal pericardial cavity morphology,8
7422,HP:0003312,phenotype,Abnormal form of the vertebral bodies,8
7423,ENSEMBL:ENSBTAG00000011412,gene,LAMB1,4
7424,ClinVarVariant:984095,variant,NM_004006.3(DMD):c.10699C>T (p.Gln3567Ter),10
7425,ZFIN:ZDB-GENE-030826-16,gene,tpm3,4
7426,ENSEMBL:ENSCAFG00000029700,gene,LPAR6,4
7427,ClinVarVariant:526178,variant,NC_000023.11:g.(?_32216896)_(32217083_?)del,10
7428,FBcv:0002015,phenotype,partially lethal,8
7429,MP:0001800,phenotype,abnormal humoral immune response,8
7430,1511,drug,isradipine,3
7431,ZP:0003019,phenotype,"cranial nerve II morphology, abnormal",8
7432,ClinVarVariant:526147,variant,NC_000023.11:g.(?_31929576)_(32217083_?)del,10
7433,MP:0012135,phenotype,embryonic-extraembryonic boundary constriction,8
7434,HP:0000870,phenotype,Increased circulating prolactin concentration,8
7435,MP:0012431,phenotype,increased lymphoma incidence,8
7436,ENSEMBL:ENSPTRG00000012085,gene,ENSEMBL:ENSPTRG00000012085,4
7437,ClinVarVariant:94654,variant,NM_004006.2(DMD):c.5134C>T (p.Gln1712Ter),10
7438,ENSEMBL:ENSFCAG00000004919,gene,ENSEMBL:ENSFCAG00000004919,4
7439,MP:0002199,phenotype,abnormal brain commissure morphology,8
7440,MP:0013967,phenotype,abnormal infrahyoid muscle connection,8
7441,ClinVarVariant:455846,variant,NC_000023.11:g.(?_32823275)_(32849840_?)del,10
7442,ENSEMBL:ENSOANG00000043203,gene,ENSEMBL:ENSOANG00000043203,4
7443,ENSEMBL:ENSMODG00000002485,gene,ENSEMBL:ENSMODG00000002485,4
7444,ClinVarVariant:11234,variant,"DMD, 1-BP DEL, 10334C AND IVS69, G-T, +1",10
7445,ENSEMBL:ENSBTAG00000009218,gene,ANLN,4
7446,ENSEMBL:ENSACAG00000003759,gene,ENSEMBL:ENSACAG00000003759,4
7447,ENSEMBL:ENSGALG00000040397,gene,HAUS1,4
7448,WBPhenotype:0001077,phenotype,chromosome segregation variant karyomeres early emb,8
7449,ENSEMBL:ENSCAFG00000003897,gene,ENSEMBL:ENSCAFG00000003897,4
7450,WBPhenotype:0000232,phenotype,CAN cell migration variant,8
7451,Xenbase:XB-GENE-493173,gene,trim63,4
7452,ENSEMBL:ENSECAG00000015766,gene,ENSEMBL:ENSECAG00000015766,4
7453,HP:0000684,phenotype,Delayed eruption of teeth,8
7454,WormBase:WBGene00019608,gene,ani-2,4
7455,ClinVarVariant:526072,variant,NM_004006.2(DMD):c.2776C>T (p.Gln926Ter),10
7456,P48050,gene product,Inward rectifier potassium channel 4,5
7457,ENSEMBL:ENSSSCG00000031858,gene,ENSEMBL:ENSSSCG00000031858,4
7458,WBPhenotype:0001570,phenotype,body wall muscle actin organization defective,8
7459,ZP:0007169,phenotype,"slow muscle cell has fewer parts of type myofibril slow muscle cell, abnormal",8
7460,ENSEMBL:ENSCAFG00000017535,gene,KIF23,4
7461,ENSEMBL:ENSPTRG00000052222,gene,ENSEMBL:ENSPTRG00000052222,4
7462,FlyBase:CG4370,gene,FlyBase:CG4370,4
7463,ENSEMBL:ENSMODG00000016753,gene,ENSEMBL:ENSMODG00000016753,4
7464,ZP:0100536,phenotype,"facial nerve motor nucleus displaced to motor neuron rhombomere 4, abnormal",8
7465,dbSNPIndividual:21756,genotype,DMD(EX45DEL); arr Xp21.1(31869808-32028005)x0;arr[hg19] Xp21.1(31;959;887-32;118;084)x0&#x0D;&#x0A; [GM05112],6
7466,ClinVarVariant:984680,variant,NM_004006.3(DMD):c.1672del (p.Leu558fs),10
7467,RGD:3251,gene,Pak3,4
7468,MGI:101864,gene,Dag1,4
7469,ZFIN:ZDB-GENE-030131-55,gene,acta1b,4
7470,2050,drug,aminosalicylic acid,3
7471,HP:0006101,phenotype,Finger syndactyly,8
7472,ENSEMBL:ENSMODG00000000395,gene,ENSEMBL:ENSMODG00000000395,4
7473,WormBase:WBGene00007546,gene,nhr-153,4
7474,MP:0004792,phenotype,abnormal synaptic vesicle number,8
7475,HGNC:3097,gene,DYSF,4
7476,ZFIN:ZDB-GENE-040625-119,gene,tnni2a.4,4
7477,ENSEMBL:ENSFCAG00000001036,gene,ENSEMBL:ENSFCAG00000001036,4
7478,ZFIN:ZDB-GENE-020419-24,gene,mcm2,4
7479,ENSEMBL:ENSACAG00000011859,gene,ENSEMBL:ENSACAG00000011859,4
7480,EFO:0004587,phenotype,lymphocyte count,8
7481,ENSEMBL:ENSPTRG00000018680,gene,ENSEMBL:ENSPTRG00000018680,4
7482,ZP:0000511,phenotype,"intersegmental vessel decreased size, abnormal",8
7483,ENSEMBL:ENSGALG00000004796,gene,ENSEMBL:ENSGALG00000004796,4
7484,ENSEMBL:ENSFCAG00000005056,gene,ENSEMBL:ENSFCAG00000005056,4
7485,ENSEMBL:ENSSSCG00000015355,gene,DGKB,4
7486,HP:0040162,phenotype,Orthokeratosis,8
7487,MP:0000511,phenotype,abnormal intestinal mucosa morphology,8
7488,HP:0001817,phenotype,Absent fingernail,8
7489,HP:0001371,phenotype,Flexion contracture,8
7490,EFO:0004842,phenotype,eosinophil count,8
7491,WBPhenotype:0001384,phenotype,fertility reduced,8
7492,ENSEMBL:ENSMODG00000001423,gene,ENSEMBL:ENSMODG00000001423,4
7493,HP:0002176,phenotype,Spinal cord compression,8
7494,MP:0011951,phenotype,increased cardiac stroke volume,8
7495,MP:0000601,phenotype,small liver,8
7496,ClinVarVariant:803876,variant,NM_004006.3(DMD):c.4352T>G (p.Leu1451Ter),10
7497,ENSEMBL:ENSMMUG00000064405,gene,ENSEMBL:ENSMMUG00000064405,4
7498,ZFIN:ZDB-GENE-030616-266,gene,tnni1a,4
7499,ClinVarVariant:660139,variant,NC_000023.11:g.(?_31819965)_(31968524_?)del,10
7500,HP:0011123,phenotype,Inflammatory abnormality of the skin,8
7501,MP:0003852,phenotype,skeletal muscle necrosis,8
7502,EFO:0008579,phenotype,risk-taking behaviour,8
7503,ENSEMBL:ENSMODG00000006749,gene,ENSEMBL:ENSMODG00000006749,4
7504,HP:0001824,phenotype,Weight loss,8
7505,ZP:0003078,phenotype,"A band cardiac muscle cell disorganized, abnormal",8
7506,ClinVarVariant:94462,variant,NM_004006.3(DMD):c.1341_1342dup (p.Val448fs),10
7507,MP:0009403,phenotype,increased variability of skeletal muscle fiber size,8
7508,ENSEMBL:ENSFCAG00000008650,gene,ENSEMBL:ENSFCAG00000008650,4
7509,MESH:D008775,drug,Methylprednisolone,3
7510,ZP:0002234,phenotype,"cell division increased occurrence, abnormal",8
7511,MP:0008566,phenotype,increased interferon-gamma secretion,8
7512,MP:0009416,phenotype,cardiac muscle degeneration,8
7513,ZP:0002968,phenotype,"sarcomere muscle morphology, abnormal",8
7514,FBcv:0000352,phenotype,partially lethal - majority die,8
7515,5345,drug,entrectinib,3
7516,ENSEMBL:ENSPTRG00000004780,gene,ENSEMBL:ENSPTRG00000004780,4
7517,ENSEMBL:ENSMMUG00000012033,gene,ENSEMBL:ENSMMUG00000012033,4
7518,ZP:0007275,phenotype,"head mesenchyme position, abnormal",8
7519,EFO:0004736,phenotype,aspartate aminotransferase measurement,8
7520,HGNC:7576,gene,MYH6,4
7521,OMIM:300377.0016,variant,"DMD, 1-BP DEL, 2568C",10
7522,MP:0010357,phenotype,increased prostate gland tumor incidence,8
7523,ZP:0018736,phenotype,"membrane skeletal muscle cell convolute, abnormal",8
7524,FlyBase:FBgn0000121,gene,Arr2,4
7525,ZP:0002980,phenotype,"optokinetic behavior decreased rate, abnormal",8
7526,ZP:0000435,phenotype,"muscle tendon junction myotome morphology, abnormal",8
7527,SGD:S000004711,gene,PGM2,4
7528,ZP:0005847,phenotype,"photoreceptor outer segment photoreceptor cell decreased length, abnormal",8
7529,ZFIN:ZDB-GENE-070112-2362,gene,mybpc3,4
7530,ZP:0009836,phenotype,"secondary motor neuron decreased process quality axon extension, abnormal",8
7531,OMIA-breed:75,biological artifact,Labrador Retriever (dog),0
7532,WBPhenotype:0001360,phenotype,hermaphrodite self sterile,8
7533,ZFIN:ZDB-GENE-031114-5,gene,ptk2aa,4
7534,ZP:0000431,phenotype,"myotome increased size, abnormal",8
7535,ZP:0011759,phenotype,"melanocyte process quality neural crest cell migration, abnormal",8
7536,ENSEMBL:ENSMMUG00000011153,gene,ENSEMBL:ENSMMUG00000011153,4
7537,ZP:0009289,phenotype,"hindbrain cellular quality, abnormal",8
7538,EFO:0004348,phenotype,hematocrit,8
7539,ENSEMBL:ENSPTRG00000005353,gene,ENSEMBL:ENSPTRG00000005353,4
7540,ZP:0104533,phenotype,"pharynx development process quality, abnormal",8
7541,MGI:1890619,gene,Gan,4
7542,Xenbase:XB-GENE-990048,gene,lamc2,4
7543,ZP:0019066,phenotype,"T-tubule skeletal muscle cell bent, abnormal",8
7544,ZP:0019765,phenotype,"striated muscle thin filament ventricular myocardium decreased amount, abnormal",8
7545,ZP:0019816,phenotype,"filopodium neuron increased length, abnormal",8
7546,WormBase:WBGene00011734,gene,mlc-5,4
7547,MP:0011269,phenotype,increased excitatory postsynaptic current amplitude,8
7548,dbSNP:rs72680082,variant,rs72680082-?,10
7549,MP:0001661,phenotype,extended life span,8
7550,HP:0012125,phenotype,Prostate cancer,8
7551,MP:0002822,phenotype,catalepsy,8
7552,MP:0004070,phenotype,abnormal P wave,8
7553,MONARCH:APO_0000131APO_0000003,phenotype,protein/peptide modification:decreased,8
7554,RGD:3729,gene,Snca,4
7555,ClinVarVariant:983655,variant,NM_004006.3(DMD):c.5860A>T (p.Lys1954Ter),10
7556,ZFIN:ZDB-GENE-030616-74,gene,arr3b,4
7557,MP:0010155,phenotype,abnormal intestine physiology,8
7558,ENSEMBL:ENSACAG00000003497,gene,ENSEMBL:ENSACAG00000003497,4
7559,MP:0004230,phenotype,abnormal embryonic erythrocyte morphology,8
7560,MONARCH:APO_0000307APO_0000245,phenotype,anaerobic growth:decreased rate,8
7561,MP:0012280,phenotype,abnormal sternebra size,8
7562,ZP:0002925,phenotype,"heart bilateral symmetry, abnormal",8
7563,WormBase:WBGene00003822,gene,nsy-1,4
7564,HGNC:7727,gene,NEDD4,4
7565,ZP:0003275,phenotype,"fin degenerate, abnormal",8
7566,ENSEMBL:ENSXETG00000040777,gene,slit2,4
7567,MP:0031204,phenotype,hindlimb paresis,8
7568,HP:0011968,phenotype,Feeding difficulties,8
7569,FlyBase:FBgn0261800,gene,LanB1,4
7570,MP:0004331,phenotype,vestibular saccular macula degeneration,8
7571,Xenbase:XB-GENE-1011198,gene,tns3,4
7572,Xenbase:XB-GENE-949773,gene,arhgef6,4
7573,MP:0001625,phenotype,cardiac hypertrophy,8
7574,Coriell:GM05125,biological artifact,NIGMS-GM05125,0
7575,ClinVarVariant:409933,variant,NM_000109.4(DMD):c.9626-4_9631del,10
7576,ENSEMBL:ENSSSCG00000036595,gene,TNFRSF6B,4
7577,HP:0006466,phenotype,Ankle flexion contracture,8
7578,WBPhenotype:0000656,phenotype,acetylcholine synaptic transmission variant,8
7579,MP:0009814,phenotype,increased prostaglandin level,8
7580,ENSEMBL:ENSPTRG00000009926,gene,ENSEMBL:ENSPTRG00000009926,4
7581,ENSEMBL:ENSFCAG00000008372,gene,ENSEMBL:ENSFCAG00000008372,4
7582,ZP:0019902,phenotype,"somite detached from muscle cell somite, abnormal",8
7583,HGNC:12665,gene,VCL,4
7584,ClinVarVariant:526093,variant,NM_004006.2(DMD):c.5266C>T (p.Gln1756Ter),10
7585,HP:0002644,phenotype,Abnormality of pelvic girdle bone morphology,8
7586,ZP:0001034,phenotype,"larval locomotory behavior increased frequency, abnormal",8
7587,HP:0000316,phenotype,Hypertelorism,8
7588,FlyBase:FBgn0031261,gene,nAChRbeta3,4
7589,ENSEMBL:ENSCAFG00000013875,gene,MYL1,4
7590,dbSNP:rs12524310,variant,rs12524310-?,10
7591,Coriell:GM03781,biological artifact,NIGMS-GM03781,0
7592,ENSEMBL:ENSECAG00000019366,gene,ENSEMBL:ENSECAG00000019366,4
7593,RGD:1561494,gene,Wdr54,4
7594,Xenbase:XB-GENE-949779,gene,eml1,4
7595,MGI:3655088,genotype,Dmd<mdx>/Dmd<mdx>; Foxk1<tm1Djg>/Foxk1<tm1Djg> [involves: 129S4/SvJae * C57BL/10ScSn],6
7596,MP:0001648,phenotype,abnormal apoptosis,8
7597,ENSEMBL:ENSSSCG00000012631,gene,ENSEMBL:ENSSSCG00000012631,4
7598,OMIM:300377.0058,variant,"DMD, 1-BP INS, 7188A",10
7599,ZP:0007735,phenotype,"respiratory system development disrupted, abnormal",8
7600,ENSEMBL:ENSPTRG00000021165,gene,ENSEMBL:ENSPTRG00000021165,4
7601,ENSEMBL:ENSFCAG00000005118,gene,ENSEMBL:ENSFCAG00000005118,4
7602,ENSEMBL:ENSACAG00000008216,gene,ENSEMBL:ENSACAG00000008216,4
7603,ZFIN:ZDB-GENE-021226-3,gene,lamc1,4
7604,HGNC:9801,gene,RAC1,4
7605,MP:0001231,phenotype,abnormal epidermis stratum basale morphology,8
7606,ZFIN:ZDB-GENE-060531-133,gene,sptbn4a,4
7607,HGNC:6483,gene,LAMA3,4
7608,ENSEMBL:ENSCAFG00000012301,gene,TNS3,4
7609,RGD:1311434,gene,Ctnnal1,4
7610,WBPhenotype:0000249,phenotype,osmotic avoidance defective,8
7611,ClinVarVariant:803953,variant,NM_004006.3(DMD):c.263_264dup (p.Val89fs),10
7612,342,drug,bepridil,3
7613,ClinVarVariant:526076,variant,NM_004006.2(DMD):c.6408G>A (p.Trp2136Ter),10
7614,MP:0004001,phenotype,decreased hepatocyte proliferation,8
7615,ZP:0003024,phenotype,"forebrain midbrain boundary increased width, abnormal",8
7616,MP:0001109,phenotype,absent Schwann cell precursors,8
7617,ZP:0002173,phenotype,"cardiac conduction rhythm quality, abnormal",8
7618,ZP:0000399,phenotype,"head flat, abnormal",8
7619,ENSEMBL:ENSECAG00000021576,gene,ENSEMBL:ENSECAG00000021576,4
7620,RGD:1303243,gene,Sptb,4
7621,EFO:0007845,phenotype,lip morphology measurement,8
7622,HP:0012676,phenotype,Copper accumulation in brain,8
7623,ZP:0001133,phenotype,"cerebellum apoptotic, abnormal",8
7624,P18031,gene product,Tyrosine-protein phosphatase non-receptor type 1,5
7625,PomBase:SPAC15A10.08,gene,ain1,4
7626,Xenbase:XB-GENE-1011513,gene,osbpl1a,4
7627,ClinVarVariant:11226,variant,NM_000109.4(DMD):c.2356+3A>C,10
7628,ZP:0002546,phenotype,"cilium pronephric duct disorganized, abnormal",8
7629,ClinVarVariant:653513,variant,NC_000023.11:g.(?_31819965)_(31836829_?)del,10
7630,ENSEMBL:ENSMMUG00000020875,gene,ENSEMBL:ENSMMUG00000020875,4
7631,HP:0001698,phenotype,Pericardial effusion,8
7632,WBPhenotype:0001745,phenotype,adherens junction variant,8
7633,ZP:0020577,phenotype,"muscle adaptation decreased process quality, abnormal",8
7634,WBPhenotype:0000387,phenotype,sperm nonmotile,8
7635,HP:0000160,phenotype,Narrow mouth,8
7636,ZP:0007277,phenotype,"primordial hindbrain channel fragile, abnormal",8
7637,MP:0003786,phenotype,premature aging,8
7638,ClinVarVariant:526063,variant,NM_000109.4(DMD):c.833dup (p.Tyr278Ter),10
7639,ClinVarVariant:813444,variant,NM_004006.3(DMD):c.10395-1G>A,10
7640,HP:0008504,phenotype,Moderate sensorineural hearing impairment,8
7641,ENSEMBL:ENSECAG00000019476,gene,ENSEMBL:ENSECAG00000019476,4
7642,ZP:0001145,phenotype,"post-vent region kinked, abnormal",8
7643,dbSNPIndividual:19147,genotype,DMD(ARG2905TER); arr(1-22)x2;(XY)x1 [GM04619],6
7644,ClinVarVariant:803928,variant,NM_004006.3(DMD):c.1734dup (p.Glu579fs),10
7645,Xenbase:XB-GENE-6258438,gene,lpar6,4
7646,ZP:0007995,phenotype,"T-tubule skeletal muscle cell disorganized, abnormal",8
7647,HP:0010882,phenotype,Pulmonary valve atresia,8
7648,ENSEMBL:ENSOANG00000010721,gene,ENSEMBL:ENSOANG00000010721,4
7649,ENSEMBL:ENSMODG00000012968,gene,ENSEMBL:ENSMODG00000012968,4
7650,MP:0005292,phenotype,improved glucose tolerance,8
7651,MP:0004322,phenotype,abnormal sternebra morphology,8
7652,MP:0030956,phenotype,abnormal neuronal precursor cell migration,8
7653,dbSNPIndividual:19087,genotype,DMD(GLN1965TER); arr(1-22)x2;(XY)x1 [GM04978],6
7654,ClinVarVariant:94518,variant,NM_004006.2(DMD):c.251del (p.Leu84fs),10
7655,NCBIGene:100488564,gene,LOC100488564,4
7656,MP:0003149,phenotype,abnormal tectorial membrane morphology,8
7657,MP:0009939,phenotype,abnormal hippocampus neuron morphology,8
7658,MP:0000733,phenotype,abnormal muscle development,8
7659,ENSEMBL:ENSSSCG00000029131,gene,KCNU1,4
7660,WormBase:WBGene00003659,gene,nhr-69,4
7661,ZP:0001587,phenotype,"gastrulation process quality, abnormal",8
7662,ENSEMBL:ENSMODG00000008614,gene,ENSEMBL:ENSMODG00000008614,4
7663,HP:0011220,phenotype,Prominent forehead,8
7664,MP:0010132,phenotype,decreased DN2 thymocyte number,8
7665,HP:0003540,phenotype,Impaired platelet aggregation,8
7666,ZP:0007876,phenotype,"Z disc cardiac ventricle morphology, abnormal",8
7667,ENSEMBL:ENSSSCG00000023031,gene,TNNT2,4
7668,ZP:0004739,phenotype,"retinal outer nuclear layer decreased thickness, abnormal",8
7669,5297,drug,dacomitinib,3
7670,dictyBase:DDB_G0289511,gene,act28,4
7671,ENSEMBL:ENSCAFG00000013056,gene,ZGPAT,4
7672,ENSEMBL:ENSPTRG00000011962,gene,ENSEMBL:ENSPTRG00000011962,4
7673,ZFIN:ZDB-GENE-050320-80,gene,mybpc2b,4
7674,HP:0012864,phenotype,Abnormal sperm morphology,8
7675,HP:0006989,phenotype,Dysplastic corpus callosum,8
7676,HP:0011025,phenotype,Abnormal cardiovascular system physiology,8
7677,ZP:0003239,phenotype,"facial nerve motor nucleus mislocalised anteriorly, abnormal",8
7678,ENSEMBL:ENSECAG00000016336,gene,ENSEMBL:ENSECAG00000016336,4
7679,2274,drug,prochlorperazine,3
7680,MP:0002942,phenotype,decreased circulating alanine transaminase level,8
7681,HGNC:1485,gene,CAPN8,4
7682,dictyBase:DDB_G0286355,gene,mhcA,4
7683,ClinVarVariant:455819,variant,NC_000023.11:g.(?_31875168)_(31932247_?)del,10
7684,MP:0003722,phenotype,absent ureter,8
7685,MP:0030806,phenotype,abnormal autopod joint morphology,8
7686,HP:0000171,phenotype,Microglossia,8
7687,MP:0005640,phenotype,abnormal mean corpuscular hemoglobin concentration,8
7688,2298,drug,propiomazine,3
7689,MP:0009677,phenotype,abnormal spinal cord dorsal column morphology,8
7690,ZP:0008042,phenotype,"optokinetic behavior process quality, abnormal",8
7691,MGI:1919055,gene,Nup93,4
7692,EFO:0006330,phenotype,response to buspirone,8
7693,ENSEMBL:ENSGALG00000006757,gene,XYLT1,4
7694,WBPhenotype:0000461,phenotype,paraquat resistant,8
7695,ClinVarVariant:984112,variant,NM_004006.3(DMD):c.1501G>T (p.Glu501Ter),10
7696,RGD:1560062,gene,Lama4,4
7697,MP:0001213,phenotype,abnormal skin cell number,8
7698,MP:0004910,phenotype,decreased seminal vesicle weight,8
7699,ZP:0003021,phenotype,"myotome U-shaped, abnormal",8
7700,ZP:0002177,phenotype,"chondrocyte Meckel's cartilage decreased size, abnormal",8
7701,ENSEMBL:ENSACAG00000001200,gene,ENSEMBL:ENSACAG00000001200,4
7702,MP:0013486,phenotype,decreased Paneth cell number,8
7703,HP:0000074,phenotype,Ureteropelvic junction obstruction,8
7704,ZP:0100181,phenotype,"skeletal muscle detached from myofibril muscle tendon junction skeletal muscle, abnormal",8
7705,Xenbase:XB-GENE-6258237,gene,marcks,4
7706,EFO:0004339,phenotype,body height,8
7707,ENSEMBL:ENSPTRG00000013108,gene,ENSEMBL:ENSPTRG00000013108,4
7708,ENSEMBL:ENSCAFG00000017390,gene,ENSEMBL:ENSCAFG00000017390,4
7709,EFO:0003923,phenotype,bone density,8
7710,ENSEMBL:ENSFCAG00000023593,gene,ENSEMBL:ENSFCAG00000023593,4
7711,ZP:0000187,phenotype,"retina malformed, abnormal",8
7712,ENSEMBL:ENSCAFG00000015467,gene,ENSEMBL:ENSCAFG00000015467,4
7713,FlyBase:FBal0002369,biological artifact,Dys[det-1],0
7714,ClinVarVariant:830845,variant,NC_000023.11:g.(?_32644122)_(32644323_?)del,10
7715,ClinVarVariant:803853,variant,NM_004006.3(DMD):c.6300del (p.Asp2100fs),10
7716,HP:0001239,phenotype,Wrist flexion contracture,8
7717,MP:0011206,phenotype,absent visceral yolk sac,8
7718,MP:0009219,phenotype,increased prostate intraepithelial neoplasia incidence,8
7719,HP:0030313,phenotype,Abnormal periosteum morphology,8
7720,ZP:0003017,phenotype,"laminin complex somite decreased amount, abnormal",8
7721,MP:0006413,phenotype,increased T cell apoptosis,8
7722,ZP:0004012,phenotype,"fast muscle myoblast binucleate, abnormal",8
7723,ZP:0001496,phenotype,"trunk musculature dystrophic, abnormal",8
7724,ZP:0002963,phenotype,"whole organism dystrophic, abnormal",8
7725,MP:0001475,phenotype,reduced long term depression,8
7726,WBPhenotype:0000777,phenotype,polar body extrusion defective early emb,8
7727,HGNC:12692,gene,VIM,4
7728,MP:0013824,phenotype,abnormal hypoglossal canal morphology,8
7729,ENSEMBL:ENSPTRG00000011861,gene,ENSEMBL:ENSPTRG00000011861,4
7730,MP:0011085,phenotype,"postnatal lethality, complete penetrance",8
7731,HGNC:16007,gene,TRIM63,4
7732,WBPhenotype:0000142,phenotype,cell stress response variant,8
7733,WBPhenotype:0000274,phenotype,dead eggs laid,8
7734,ZP:0000581,phenotype,"cranium edematous, abnormal",8
7735,ZP:0018905,phenotype,"fast muscle cell myotome decreased area, abnormal",8
7736,ClinVarVariant:526142,variant,NC_000023.11:g.(?_31875168)_(31875393_?)del,10
7737,ENSEMBL:ENSGALG00000005448,gene,ENSEMBL:ENSGALG00000005448,4
7738,MP:0008222,phenotype,decreased hippocampal commissure size,8
7739,ZP:0102362,phenotype,"basal side cardiac muscle cell absent, abnormal",8
7740,ZP:0018616,phenotype,"cell body microglial cell increased size, abnormal",8
7741,ZFIN:ZDB-GENE-000322-6,gene,mylz3,4
7742,MP:0004930,phenotype,small epididymis,8
7743,WormBase:WBGene00003613,gene,nhr-14,4
7744,ZP:0001033,phenotype,"larval locomotory behavior amplitude, abnormal",8
7745,ClinVarVariant:455808,variant,NC_000023.10:g.(?_31747728)_(31986651_?)del,10
7746,ENSEMBL:ENSMODG00000005094,gene,ENSEMBL:ENSMODG00000005094,4
7747,HP:0000821,phenotype,Hypothyroidism,8
7748,HP:0003687,phenotype,Centrally nucleated skeletal muscle fibers,8
7749,ENSEMBL:ENSMMUG00000016936,gene,ENSEMBL:ENSMMUG00000016936,4
7750,ClinVarVariant:455947,variant,NM_004006.2(DMD):c.9649+1G>A,10
7751,WBPhenotype:0002587,phenotype,Pluronic gel burrowing impaired,8
7752,1810,drug,miltefosine,3
7753,HP:0011704,phenotype,Sick sinus syndrome,8
7754,HP:0005328,phenotype,Progeroid facial appearance,8
7755,ClinVarVariant:803805,variant,NM_004006.3(DMD):c.9344del (p.Leu3115fs),10
7756,ENSEMBL:ENSOANG00000005298,gene,ENSEMBL:ENSOANG00000005298,4
7757,ClinVarVariant:832056,variant,NC_000023.11:g.(?_32461199)_(32573856_?)del,10
7758,ZP:0001507,phenotype,"muscle structure, abnormal",8
7759,ENSEMBL:ENSMODG00000011969,gene,ENSEMBL:ENSMODG00000011969,4
7760,ENSEMBL:ENSMODG00000015513,gene,ENSEMBL:ENSMODG00000015513,4
7761,HP:0001258,phenotype,Spastic paraplegia,8
7762,MP:0000297,phenotype,abnormal atrioventricular cushion morphology,8
7763,WBPhenotype:0000535,phenotype,organism morphology variant,8
7764,ZP:0000663,phenotype,"cephalic musculature decreased amount, abnormal",8
7765,ZP:0100741,phenotype,"rhombomere 4 has extra parts of type facial nerve motor nucleus neuron projection motor neuron, abnormal",8
7766,MP:0000333,phenotype,decreased bone marrow cell number,8
7767,ZP:0011919,phenotype,"pronephric tubule decreased process quality ciliary basal body organization, abnormal",8
7768,ZP:0002982,phenotype,"determination of pancreatic left/right asymmetry decreased process quality, abnormal",8
7769,PomBase:SPCC132.02,gene,hst2,4
7770,ENSEMBL:ENSECAG00000019631,gene,ENSEMBL:ENSECAG00000019631,4
7771,EFO:0007038,phenotype,Influenza A seropositivity,8
7772,dbSNPIndividual:17362,genotype,DMD(EX45-50DEL); arr Xp21.1(31724075-31928364)x0 [GM05017],6
7773,ClinVarVariant:495113,variant,NM_004006.2(DMD):c.2292+2T>G,10
7774,MP:0030957,phenotype,abnormal myotube morphology,8
7775,ENSEMBL:ENSGALG00000004710,gene,ENSEMBL:ENSGALG00000004710,4
7776,ENSEMBL:ENSGALG00000032404,gene,MYH1C,4
7777,MP:0002637,phenotype,small uterus,8
7778,ClinVarVariant:162497,variant,NM_004006.3(DMD):c.1812+1G>A,10
7779,ENSEMBL:ENSECAG00000015657,gene,ENSEMBL:ENSECAG00000015657,4
7780,ZP:0104770,phenotype,"(3,4-dihydroxyphenyl)acetic acid hindbrain decreased amount, abnormal",8
7781,FlyBase:FBgn0002773,gene,Mlc2,4
7782,ZP:0008026,phenotype,"eye lacks all parts of type retinal photoreceptor layer, abnormal",8
7783,HGNC:18035,gene,EML2,4
7784,ClinVarVariant:981963,variant,NC_000023.11:g.(31774193_31819974)_(31820084_31836717)del,10
7785,ENSEMBL:ENSFCAG00000026500,gene,ENSEMBL:ENSFCAG00000026500,4
7786,MP:0001853,phenotype,heart inflammation,8
7787,ENSEMBL:ENSBTAG00000008946,gene,CAPN13,4
7788,MP:0003845,phenotype,abnormal decidualization,8
7789,HP:0000767,phenotype,Pectus excavatum,8
7790,dictyBase:DDB_G0277077,gene,DDB0217896,4
7791,MP:0011282,phenotype,increased podocyte apoptosis,8
7792,HP:0001695,phenotype,Cardiac arrest,8
7793,HP:0002152,phenotype,Hyperproteinemia,8
7794,HP:0100671,phenotype,Abnormal trabecular bone morphology,8
7795,ZP:0000513,phenotype,"nucleate erythrocyte shape, abnormal",8
7796,ClinVarVariant:455839,variant,NC_000023.10:g.(?_32632400)_(32632590_?)dup,10
7797,HP:0000097,phenotype,Focal segmental glomerulosclerosis,8
7798,ClinVarVariant:831164,variant,NC_000023.11:g.(?_32287519)_(32386475_?)del,10
7799,ZP:0002953,phenotype,"basement membrane vertical myoseptum irregular spatial pattern, abnormal",8
7800,MGI:1891731,gene,Stub1,4
7801,ENSEMBL:ENSFCAG00000002702,gene,ENSEMBL:ENSFCAG00000002702,4
7802,ENSEMBL:ENSECAG00000008399,gene,ENSEMBL:ENSECAG00000008399,4
7803,FlyBase:FBgn0038042,gene,Scgbeta,4
7804,HP:0003324,phenotype,Generalized muscle weakness,8
7805,ENSEMBL:ENSPTRG00000001375,gene,ENSEMBL:ENSPTRG00000001375,4
7806,ZP:0002967,phenotype,"sarcoplasmic reticulum muscle unstructured, abnormal",8
7807,ClinVarVariant:966170,variant,NM_004006.3(DMD):c.1238C>A (p.Ser413Ter),10
7808,MP:0008026,phenotype,abnormal brain white matter morphology,8
7809,ZFIN:ZDB-FISH-150901-8844,genotype,dmd<ta222a>/dmd<ta222a> [unspecified background],6
7810,MP:0008762,phenotype,embryonic lethality,8
7811,EFO:0006329,phenotype,response to citalopram,8
7812,ENSEMBL:ENSECAG00000034915,gene,ENSEMBL:ENSECAG00000034915,4
7813,ZP:0006620,phenotype,"cardiac ventricle action potential, abnormal",8
7814,ZP:0011236,phenotype,"ribbon synapse neuromast hair cell morphology, abnormal",8
7815,ZP:0009307,phenotype,"white matter lacks parts or has fewer parts of type supraoptic tract, abnormal",8
7816,OMIA-breed:774,biological artifact,Rat Terrier (dog),0
7817,WBPhenotype:0000275,phenotype,organism UV hypersensitive,8
7818,MP:0001792,phenotype,impaired wound healing,8
7819,EFO:0009963,phenotype,bipolar I disorder,8
7820,MP:0000813,phenotype,abnormal hippocampus layer morphology,8
7821,1150,drug,fenfluramine,3
7822,ENSEMBL:ENSFCAG00000000232,gene,ENSEMBL:ENSFCAG00000000232,4
7823,ClinVarVariant:94697,variant,NM_004006.2(DMD):c.6283C>T (p.Arg2095Ter),10
7824,MP:0008493,phenotype,alpha-synuclein inclusion body,8
7825,MP:0008432,phenotype,abnormal long term spatial reference memory,8
7826,HP:0003700,phenotype,Generalized amyotrophy,8
7827,ENSEMBL:ENSMODG00000015380,gene,ENSEMBL:ENSMODG00000015380,4
7828,ENSEMBL:ENSMODG00000011569,gene,ENSEMBL:ENSMODG00000011569,4
7829,ENSEMBL:ENSSSCG00000037499,gene,NEDD4,4
7830,ClinVarVariant:455853,variant,NM_004006.2(DMD):c.10238del (p.Ile3413fs),10
7831,ENSEMBL:ENSSSCG00000004628,gene,ENSEMBL:ENSSSCG00000004628,4
7832,MP:0002652,phenotype,thin myocardium,8
7833,ClinVarVariant:803792,variant,NM_004006.3(DMD):c.9959C>T (p.Pro3320Leu),10
7834,ENSEMBL:ENSOANG00000000204,gene,ENSEMBL:ENSOANG00000000204,4
7835,ClinVarVariant:656845,variant,NC_000023.11:g.(?_31819965)_(31929755_?)del,10
7836,MGI:5697652,genotype,Dmd<mdx>/Dmd<mdx> [D2.B10-Dmd<mdx>/J],6
7837,ZP:0000311,phenotype,"apoptotic process increased occurrence, abnormal",8
7838,HP:0012594,phenotype,Moderate albuminuria,8
7839,HP:0001263,phenotype,Global developmental delay,8
7840,HP:0001998,phenotype,Neonatal hypoglycemia,8
7841,FBcv:0002041,phenotype,some die during embryonic stage,8
7842,ENSEMBL:ENSMMUG00000009452,gene,ENSEMBL:ENSMMUG00000009452,4
7843,ZP:0011630,phenotype,"renal tubule dilated, abnormal",8
7844,ClinVarVariant:217175,variant,NM_004006.2(DMD):c.1150-2del,10
7845,HP:0007126,phenotype,Proximal amyotrophy,8
7846,ZP:0000159,phenotype,"whole organism shape, abnormal",8
7847,ClinVarVariant:640322,variant,NM_004006.2(DMD):c.7066C>T (p.Gln2356Ter),10
7848,FlyBase:FBgn0003525,gene,stg,4
7849,ClinVarVariant:94669,variant,NM_004006.3(DMD):c.5530C>T,10
7850,ClinVarVariant:584324,variant,NC_000023.11:g.(?_32216896)_(32849840_?)del,10
7851,MP:0002045,phenotype,increased renal cystadenoma incidence,8
7852,Xenbase:XB-GENE-481588,gene,tnnt1,4
7853,WBPhenotype:0001396,phenotype,pumping absent,8
7854,EFO:0004995,phenotype,lean body mass,8
7855,HP:0010628,phenotype,Facial palsy,8
7856,WBPhenotype:0001046,phenotype,pharyngeal muscle morphology variant,8
7857,ENSEMBL:ENSECAG00000019096,gene,ENSEMBL:ENSECAG00000019096,4
7858,MP:0000448,phenotype,pointed snout,8
7859,ZP:0016071,phenotype,"heart absent, abnormal",8
7860,MP:0003674,phenotype,oxidative stress,8
7861,ClinVarVariant:594248,variant,NM_000109.4(DMD):c.5539C>T (p.Gln1847Ter),10
7862,ENSEMBL:ENSMMUG00000002328,gene,ENSEMBL:ENSMMUG00000002328,4
7863,ENSEMBL:ENSECAG00000020407,gene,ENSEMBL:ENSECAG00000020407,4
7864,ENSEMBL:ENSACAG00000002200,gene,ENSEMBL:ENSACAG00000002200,4
7865,ZP:0003572,phenotype,"heart contraction decreased occurrence, abnormal",8
7866,WormBase:WBGene00011100,gene,nhr-209,4
7867,FlyBase:FBgn0004687,gene,Mlc-c,4
7868,MP:0009406,phenotype,decreased skeletal muscle fiber number,8
7869,dictyBase:DDB_G0292160,gene,DDB_G0292160,4
7870,HP:0001644,phenotype,Dilated cardiomyopathy,8
7871,MP:0003231,phenotype,abnormal placenta vasculature,8
7872,ZP:0000692,phenotype,"blood circulation absent, abnormal",8
7873,ENSEMBL:ENSMMUG00000008934,gene,ENSEMBL:ENSMMUG00000008934,4
7874,ENSEMBL:ENSPTRG00000018517,gene,ENSEMBL:ENSPTRG00000018517,4
7875,Xenbase:XB-GENE-995661,gene,haus4,4
7876,dictyBase:DDB_G0268744,gene,act23,4
7877,SGD:S000001084,gene,NCP1,4
7878,ZP:0003211,phenotype,"hatching delayed, abnormal",8
7879,MP:0004814,phenotype,reduced linear vestibular evoked potential,8
7880,ZP:0000739,phenotype,"simple cuboidal epithelium displaced, abnormal",8
7881,MP:0004485,phenotype,increased response of heart to induced stress,8
7882,MP:0011799,phenotype,increased urinary bladder weight,8
7883,ENSEMBL:ENSGALG00000014891,gene,PELO,4
7884,ENSEMBL:ENSGALG00000037726,gene,ENSEMBL:ENSGALG00000037726,4
7885,MP:0010763,phenotype,abnormal hematopoietic stem cell physiology,8
7886,ClinVarVariant:583518,variant,NC_000023.11:g.(?_31968319)_(31968534_?)del,10
7887,HP:0001363,phenotype,Craniosynostosis,8
7888,FlyBase:FBgn0005666,gene,bt,4
7889,ZP:0100142,phenotype,"muscle tendon junction myotome decreased amount, abnormal",8
7890,RGD:3157,gene,Nedd4,4
7891,FlyBase:FBgn0039525,gene,CG5646,4
7892,MP:0011471,phenotype,decreased urine creatinine level,8
7893,HP:0003146,phenotype,Hypocholesterolemia,8
7894,4225,drug,axitinib,3
7895,HP:0003555,phenotype,Muscle fiber splitting,8
7896,ZP:0012576,phenotype,"sarcomere fast muscle cell malformed, abnormal",8
7897,HGNC:11272,gene,SPTA1,4
7898,EFO:0004352,phenotype,mortality,8
7899,dictyBase:DDB_G0280253,gene,tbc1d5A,4
7900,MP:0000468,phenotype,abnormal esophageal epithelium morphology,8
7901,NCBITaxon:7955,taxon,Danio rerio,9
7902,ClinVarVariant:833025,variant,NC_000023.11:g.(?_31875178)_(31875383_?)del,10
7903,MP:0002920,phenotype,decreased paired-pulse facilitation,8
7904,MGI:1329042,gene,Sgce,4
7905,ENSEMBL:ENSMODG00000007536,gene,ENSEMBL:ENSMODG00000007536,4
7906,FBcv:0000351,phenotype,lethal,8
7907,ZP:0000452,phenotype,"heart contraction rhythm quality, abnormal",8
7908,WBPhenotype:0001478,phenotype,body elongation variant,8
7909,MP:0010239,phenotype,decreased skeletal muscle weight,8
7910,ENSEMBL:ENSOANG00000050533,gene,ENSEMBL:ENSOANG00000050533,4
7911,MONARCH:APO_0000208APO_0000002,phenotype,chromosome segregation:abnormal,8
7912,WBPhenotype:0001765,phenotype,carbon dioxide avoidance variant,8
7913,MP:0004499,phenotype,increased incidence of tumors by chemical induction,8
7914,WBPhenotype:0001864,phenotype,protein transport variant,8
7915,MP:0003413,phenotype,hair follicle degeneration,8
7916,HP:0000135,phenotype,Hypogonadism,8
7917,MP:0004703,phenotype,abnormal vertebral column morphology,8
7918,ZP:0020273,phenotype,"Notch signaling involved in heart development decreased occurrence, abnormal",8
7919,ENSEMBL:ENSACAG00000011920,gene,ENSEMBL:ENSACAG00000011920,4
7920,MP:0010771,phenotype,integument phenotype,8
7921,MP:0006344,phenotype,small second pharyngeal arch,8
7922,ENSEMBL:ENSFCAG00000008280,gene,ENSEMBL:ENSFCAG00000008280,4
7923,ENSEMBL:ENSCAFG00000002618,gene,ENSEMBL:ENSCAFG00000002618,4
7924,HP:0001510,phenotype,Growth delay,8
7925,ZFIN:ZDB-GENE-030131-5234,gene,arf2b,4
7926,ZP:0000943,phenotype,"eye morphology, abnormal",8
7927,ENSEMBL:ENSSSCG00000007872,gene,XYLT1,4
7928,ClinVarVariant:455800,variant,NC_000023.10:g.(?_31747728)_(31893510_?)del,10
7929,ZP:0021041,phenotype,"myocardium increased occurrence cell population proliferation, abnormal",8
7930,ClinVarVariant:984097,variant,NM_004006.3(DMD):c.9362T>A (p.Leu3121Ter),10
7931,HP:0002039,phenotype,Anorexia,8
7932,ZP:0001803,phenotype,"heart contraction arrhythmic, abnormal",8
7933,ClinVarVariant:526139,variant,NC_000023.11:g.(?_31819955)_(31820103_?)del,10
7934,MP:0004289,phenotype,abnormal bony labyrinth,8
7935,MP:0004363,phenotype,stria vascularis degeneration,8
7936,HP:0010562,phenotype,Keloids,8
7937,ZP:0001634,phenotype,"notochord poorly differentiated, abnormal",8
7938,WormBase:WBGene00010994,gene,lgc-25,4
7939,dictyBase:DDB_G0268622,gene,rac1B,4
7940,WBPhenotype:0000905,phenotype,neuron morphology variant,8
7941,ENSEMBL:ENSMODG00000009242,gene,ENSEMBL:ENSMODG00000009242,4
7942,ClinVarVariant:374132,variant,NM_004006.2(DMD):c.10247G>A (p.Trp3416Ter),10
7943,ENSEMBL:ENSBTAG00000047231,gene,TNNI1,4
7944,ZP:0102148,phenotype,"caveola neck notochord inner cell increased width, abnormal",8
7945,ENSEMBL:ENSSSCG00000020986,gene,CAPN13,4
7946,dictyBase:DDB_G0277859,gene,mlcE,4
7947,WormBase:WBGene00002247,gene,lam-1,4
7948,WBPhenotype:0001265,phenotype,head movement variant,8
7949,ZP:0005811,phenotype,"photoreceptor outer segment retina disorganized, abnormal",8
7950,HP:0000137,phenotype,Abnormality of the ovary,8
7951,MP:0004562,phenotype,abnormal inner hair cell synaptic ribbon morphology,8
7952,ENSEMBL:ENSOANG00000004932,gene,ENSEMBL:ENSOANG00000004932,4
7953,ENSEMBL:ENSSSCG00000035045,gene,DOCK1,4
7954,ZP:0007167,phenotype,"taxis decreased process quality, abnormal",8
7955,EFO:0006946,phenotype,behavioural disinhibition measurement,8
7956,332,drug,benzthiazide,3
7957,WBPhenotype:0002292,phenotype,body posture amplitude decreased,8
7958,ENSEMBL:ENSXETG00000038360,gene,fam160b2,4
7959,WBPhenotype:0001425,phenotype,receptor mediated endocytosis defective,8
7960,WBPhenotype:0000072,phenotype,body morphology variant,8
7961,ZP:0004669,phenotype,"medial fin morphogenesis process quality, abnormal",8
7962,ZP:0000667,phenotype,"chondrocyte ceratohyal cartilage decreased size, abnormal",8
7963,ZP:0000304,phenotype,"cell population proliferation decreased occurrence, abnormal",8
7964,MP:0000460,phenotype,mandible hypoplasia,8
7965,MP:0008536,phenotype,enlarged third ventricle,8
7966,ENSEMBL:ENSECAG00000019649,gene,ENSEMBL:ENSECAG00000019649,4
7967,WBPhenotype:0001395,phenotype,body vacuole,8
7968,ZP:0001207,phenotype,"cardiac ventricle increased size, abnormal",8
7969,HP:0001700,phenotype,Myocardial necrosis,8
7970,ClinVarVariant:455816,variant,NC_000023.10:g.(?_31838072)_(31986651_?)del,10
7971,ZP:0005884,phenotype,"otic vesicle morphogenesis process quality, abnormal",8
7972,ZP:0000064,phenotype,"ceratohyal cartilage decreased size, abnormal",8
7973,ZP:0017551,phenotype,"caudal vein plexus has fewer parts of type blood vessel endothelial cell filopodium blood vessel endothelial cell, abnormal",8
7974,HP:0004374,phenotype,Hemiplegia/hemiparesis,8
7975,ZP:0006774,phenotype,"perichondral bone cranium hyperplastic, abnormal",8
7976,ENSEMBL:ENSOANG00000013493,gene,ENSEMBL:ENSOANG00000013493,4
7977,ZP:0020986,phenotype,"endothelial cell decreased accumulation atrioventricular valve, abnormal",8
7978,ZP:0012207,phenotype,"striated muscle cell detached from myofilament myoseptum, abnormal",8
7979,HP:0100614,phenotype,Myositis,8
7980,Xenbase:XB-GENE-943307,gene,sgcb,4
7981,ClinVarVariant:217187,variant,NM_004006.2(DMD):c.265-2A>G,10
7982,MP:0030538,phenotype,abnormal notochordal plate morphology,8
7983,SGD:S000005473,gene,SKM1,4
7984,ZP:0137794,phenotype,"myotome detached from muscle cell basement membrane myotome, abnormal",8
7985,ENSEMBL:ENSSSCG00000023028,gene,JAM2,4
7986,WBPhenotype:0001405,phenotype,protein aggregation variant,8
7987,MP:0000877,phenotype,abnormal Purkinje cell morphology,8
7988,MP:0006267,phenotype,abnormal intercalated disk morphology,8
7989,MP:0000278,phenotype,abnormal myocardial fiber morphology,8
7990,ENSEMBL:ENSBTAG00000017679,gene,ENSEMBL:ENSBTAG00000017679,4
7991,WBPhenotype:0000646,phenotype,sluggish,8
7992,ClinVarVariant:803897,variant,NM_004006.3(DMD):c.3157dup (p.Ile1053fs),10
7993,HGNC:6485,gene,LAMA5,4
7994,HP:0001660,phenotype,Truncus arteriosus,8
7995,EFO:0010321,phenotype,pars triangularis volume measurement,8
7996,MP:0005192,phenotype,increased motor neuron number,8
7997,ClinVarVariant:949105,variant,NM_004006.3(DMD):c.9897_9898del (p.His3299fs),10
7998,MGI:894698,gene,Sgca,4
7999,FlyBase:FBgn0035798,gene,frac,4
8000,HP:0002719,phenotype,Recurrent infections,8
8001,MGI:1856328,variant,Dmd<mdx>,10
8002,WormBase:WBGene00000500,gene,chn-1,4
8003,ZFIN:ZDB-GENE-040718-60,gene,slc25a48,4
8004,ClinVarVariant:11263,variant,NM_004013.2(DMD):c.-591C>T,10
8005,MP:0008965,phenotype,increased basal metabolism,8
8006,ENSEMBL:ENSCAFG00000001407,gene,ENSEMBL:ENSCAFG00000001407,4
8007,MGI:109634,gene,Terf1,4
8008,ZP:0015438,phenotype,"keratinocyte differentiation disrupted, abnormal",8
8009,HP:0000520,phenotype,Proptosis,8
8010,ZP:0106667,phenotype,"endoderm increased width, abnormal",8
8011,HP:0011096,phenotype,Peripheral demyelination,8
8012,ZP:0006448,phenotype,"establishment of anatomical structure orientation disrupted, abnormal",8
8013,ENSEMBL:ENSFCAG00000026654,gene,ENSEMBL:ENSFCAG00000026654,4
8014,MP:0004088,phenotype,abnormal sarcoplasmic reticulum morphology,8
8015,RGD:621151,gene,Clstn2,4
8016,RGD:1310881,gene,Terf2,4
8017,ZP:0001135,phenotype,"midbrain apoptotic, abnormal",8
8018,NCBITaxon:9796,taxon,Equus caballus,9
8019,ENSEMBL:ENSGALG00000004236,gene,ENSEMBL:ENSGALG00000004236,4
8020,MP:0000608,phenotype,dissociated hepatocytes,8
8021,MGI:99473,gene,Arrb1,4
8022,MP:0011278,phenotype,increased ear pigmentation,8
8023,FBcv:0002007,phenotype,lethal - all die during larval stage,8
8024,WBPhenotype:0001509,phenotype,rays missing,8
8025,ClinVarVariant:526148,variant,NC_000023.11:g.(?_31836698)_(32365219_?)del,10
8026,ZP:0001722,phenotype,"atrioventricular valve morphology, abnormal",8
8027,Xenbase:XB-GENE-1011498,gene,sntg1,4
8028,1353,drug,haloperidol,3
8029,MP:0004748,phenotype,increased susceptibility to age-related hearing loss,8
8030,ENSEMBL:ENSSSCG00000012999,gene,ENSEMBL:ENSSSCG00000012999,4
8031,MP:0009078,phenotype,adrenal gland hyperplasia,8
8032,ZP:0137780,phenotype,"basement membrane vertical myoseptum increased amount, abnormal",8
8033,HP:0012649,phenotype,Increased inflammatory response,8
8034,458,drug,scopolamine butylbromide,3
8035,ClinVarVariant:856953,variant,NC_000023.11:g.31444471_31679596dup,10
8036,MP:0006397,phenotype,disorganized long bone epiphyseal plate,8
8037,2293,drug,propantheline,3
8038,EFO:0007778,phenotype,urinary albumin to creatinine ratio,8
8039,ZP:0002940,phenotype,"receptor clustering disrupted, abnormal",8
8040,MP:0000298,phenotype,absent atrioventricular cushions,8
8041,HP:0030762,phenotype,Mesangiolysis,8
8042,MP:0020452,phenotype,abnormal axon radial sorting,8
8043,Xenbase:XB-GENE-985290,gene,lonrf3,4
8044,FlyBase:CG1539,gene,FlyBase:CG1539,4
8045,HP:0002814,phenotype,Abnormality of the lower limb,8
8046,ENSEMBL:ENSBTAG00000009578,gene,PTK2,4
8047,MP:0005124,phenotype,increased circulating prolactin level,8
8048,dictyBase:DDB_G0268024,gene,hdaA,4
8049,ZP:0000100,phenotype,"brain morphology, abnormal",8
8050,ENSEMBL:ENSOANG00000007270,gene,ENSEMBL:ENSOANG00000007270,4
8051,HP:0012240,phenotype,Increased intramyocellular lipid droplets,8
8052,WBPhenotype:0001653,phenotype,cadmium response variant,8
8053,HP:0030692,phenotype,Brain neoplasm,8
8054,ENSEMBL:ENSMMUG00000003193,gene,ENSEMBL:ENSMMUG00000003193,4
8055,ENSEMBL:ENSECAG00000007867,gene,ENSEMBL:ENSECAG00000007867,4
8056,HGNC:9542,gene,PSMB5,4
8057,ZP:0005796,phenotype,"visual perception arrested, abnormal",8
8058,ENSEMBL:ENSACAG00000029405,gene,ENSEMBL:ENSACAG00000029405,4
8059,ENSEMBL:ENSMMUG00000000330,gene,ENSEMBL:ENSMMUG00000000330,4
8060,ZP:0017512,phenotype,"ecto-epithelial cell epidermal basal stratum oblong, abnormal",8
8061,MP:0002451,phenotype,abnormal macrophage physiology,8
8062,HP:0003326,phenotype,Myalgia,8
8063,HP:0002846,phenotype,Abnormal B cell morphology,8
8064,ClinVarVariant:803790,variant,NM_004006.3(DMD):c.10077T>G (p.Tyr3359Ter),10
8065,ClinVarVariant:830664,variant,NC_000023.11:g.(?_31609621)_(32217073_?)dup,10
8066,WBPhenotype:0000677,phenotype,chemosensation defective,8
8067,WormBase:WBGene00000195,gene,arr-1,4
8068,FBcv:0000404,phenotype,abnormal smell perception,8
8069,ClinVarVariant:94512,variant,NM_000109.4(DMD):c.2412G>A (p.Trp804Ter),10
8070,HP:0010976,phenotype,B lymphocytopenia,8
8071,ClinVarVariant:845520,variant,NM_004006.3(DMD):c.10297dup (p.Thr3433fs),10
8072,ZP:0005968,phenotype,"male organism decreased male fertility, abnormal",8
8073,WormBase:WBGene00015704,gene,tiam-1,4
8074,MP:0011090,phenotype,"perinatal lethality, incomplete penetrance",8
8075,MP:0009429,phenotype,decreased embryo weight,8
8076,ENSEMBL:ENSMMUG00000021282,gene,ENSEMBL:ENSMMUG00000021282,4
8077,XPO:0115436,phenotype,abnormally delayed closure of blastopore,8
8078,Xenbase:XB-GENE-922336,gene,kcnma1,4
8079,ClinVarVariant:94532,variant,NM_004006.2(DMD):c.2758C>T (p.Gln920Ter),10
8080,HP:0012387,phenotype,Bronchitis,8
8081,ClinVarVariant:526171,variant,NC_000023.11:g.(?_32216896)_(32698018_?)del,10
8082,ZFIN:ZDB-GENE-130530-697,gene,pxnb,4
8083,ENSEMBL:ENSPTRG00000006156,gene,ENSEMBL:ENSPTRG00000006156,4
8084,WormBase:WBGene00016800,gene,C50C3.2,4
8085,MP:0002578,phenotype,impaired ability to fire action potentials,8
8086,PomBase:SPAC22G7.09c,gene,nup45,4
8087,ZFIN:ZDB-GENE-060803-2,gene,itgb1a,4
8088,HP:0002639,phenotype,Budd-Chiari syndrome,8
8089,Coriell:GM01695,biological artifact,NIGMS-GM01695,0
8090,ZP:0011194,phenotype,"intersegmental vessel disrupted sprouting angiogenesis, abnormal",8
8091,HP:0002034,phenotype,Abnormal rectum morphology,8
8092,MP:0008193,phenotype,abnormal marginal zone B cell physiology,8
8093,1282,drug,gefitinib,3
8094,Xenbase:XB-GENE-981231,gene,kif14,4
8095,Xenbase:XB-GENE-958942,gene,clstn2,4
8096,HP:0012050,phenotype,Anasarca,8
8097,HP:0011410,phenotype,Caesarian section,8
8098,ClinVarVariant:832132,variant,NC_000023.11:g.(?_32491267)_(32545344_?)del,10
8099,MP:0003851,phenotype,skeletal muscle interstitial fibrosis,8
8100,ENSEMBL:ENSDARG00000114692,gene,BX511087.2,4
8101,ENSEMBL:ENSECAG00000023141,gene,ENSEMBL:ENSECAG00000023141,4
8102,ENSEMBL:ENSMMUG00000006941,gene,ENSEMBL:ENSMMUG00000006941,4
8103,ZP:0001484,phenotype,"muscle contraction process quality, abnormal",8
8104,MP:0004405,phenotype,absent cochlear hair cells,8
8105,MP:0005215,phenotype,abnormal pancreatic islet morphology,8
8106,ClinVarVariant:217177,variant,NM_004006.2(DMD):c.1331+1G>A,10
8107,MP:0003409,phenotype,decreased width of hypertrophic chondrocyte zone,8
8108,ZP:0002969,phenotype,"sarcomere muscle decreased amount, abnormal",8
8109,MP:0004768,phenotype,abnormal axonal transport,8
8110,WBPhenotype:0000398,phenotype,light body touch resistant,8
8111,ENSEMBL:ENSMODG00000002766,gene,ENSEMBL:ENSMODG00000002766,4
8112,WBPhenotype:0000138,phenotype,lipid composition variant,8
8113,ClinVarVariant:870280,variant,ClinVarVariant:870280,10
8114,ClinVarVariant:832830,variant,NC_000023.11:g.(?_32216906)_(32217073_?)dup,10
8115,OMIM:300377.0007,variant,"DMD, ARG3370TER",10
8116,ENSEMBL:ENSFCAG00000002054,gene,ENSEMBL:ENSFCAG00000002054,4
8117,ZP:0003027,phenotype,"retinal ganglion cell ipsilateral to axon eye, abnormal",8
8118,HP:0002493,phenotype,Upper motor neuron dysfunction,8
8119,MP:0004713,phenotype,split notochord,8
8120,ZFIN:ZDB-GENE-080325-1,gene,tiam1a,4
8121,FlyBase:FBgn0000084,gene,AnxB10,4
8122,HGNC:1391,gene,CACNA1D,4
8123,ENSEMBL:ENSMMUG00000014131,gene,ENSEMBL:ENSMMUG00000014131,4
8124,MP:0010682,phenotype,abnormal hair follicle infundibulum morphology,8
8125,ZP:0004693,phenotype,"caudal fin has fewer parts of type lepidotrichium, abnormal",8
8126,ZP:0105753,phenotype,"vascular cord decreased amount, abnormal",8
8127,ClinVarVariant:981979,variant,NC_000023.11:g.(31968515_32216915)_(32217064_32287528)del,10
8128,FBcv:0000367,phenotype,female semi-sterile,8
8129,dictyBase:DDB_G0284555,gene,sf3b2,4
8130,ClinVarVariant:870594,variant,NM_004006.3(DMD):c.6615-2A>G,10
8131,MP:0004122,phenotype,abnormal sinus arrhythmia,8
8132,ZP:0105902,phenotype,"circadian behavior process quality, abnormal",8
8133,ENSEMBL:ENSOANG00000008244,gene,ENSEMBL:ENSOANG00000008244,4
8134,903,drug,dimetindene,3
8135,HP:0000496,phenotype,Abnormality of eye movement,8
8136,MP:0004977,phenotype,increased B-1 B cell number,8
8137,ENSEMBL:ENSBTAG00000011579,gene,ENSEMBL:ENSBTAG00000011579,4
8138,MP:0000964,phenotype,small dorsal root ganglion,8
8139,ENSEMBL:ENSPTRG00000028947,gene,ENSEMBL:ENSPTRG00000028947,4
8140,dbSNP:rs12196063,variant,rs12196063-?,10
8141,ZP:0009991,phenotype,"CaP motoneuron decreased process quality axon extension, abnormal",8
8142,ZFIN:ZDB-GENE-000322-5,gene,myhz1.1,4
8143,HP:0011423,phenotype,Hyperchloremia,8
8144,MP:0003982,phenotype,increased cholesterol level,8
8145,ENSEMBL:ENSECAG00000017840,gene,ENSEMBL:ENSECAG00000017840,4
8146,ZP:0008063,phenotype,"apoptotic process delayed, abnormal",8
8147,ZFIN:ZDB-GENE-131126-14,gene,kcnj12a,4
8148,ENSEMBL:ENSMMUG00000042262,gene,ENSEMBL:ENSMMUG00000042262,4
8149,ENSEMBL:ENSFCAG00000003344,gene,ENSEMBL:ENSFCAG00000003344,4
8150,ZP:0010052,phenotype,"notochord decreased diameter, abnormal",8
8151,MP:0004894,phenotype,uterus atrophy,8
8152,ENSEMBL:ENSOANG00000003084,gene,ENSEMBL:ENSOANG00000003084,4
8153,HP:0000365,phenotype,Hearing impairment,8
8154,MP:0001501,phenotype,abnormal sleep pattern,8
8155,ZP:0014207,phenotype,"striated muscle myosin thick filament cardiac ventricle absent, abnormal",8
8156,ClinVarVariant:803957,variant,NM_004006.3(DMD):c.93+1G>T,10
8157,EFO:0006930,phenotype,brain volume measurement,8
8158,ENSEMBL:ENSCAFG00000003243,gene,ANLN,4
8159,FlyBase:FBgn0039911,gene,CG1909,4
8160,HP:0003117,phenotype,Abnormal circulating hormone concentration,8
8161,MP:0003447,phenotype,decreased tumor growth/size,8
8162,ZP:0009594,phenotype,"acetylcholine receptor activity physiological state, abnormal",8
8163,1932,drug,nilotinib,3
8164,ENSEMBL:ENSFCAG00000010286,gene,ENSEMBL:ENSFCAG00000010286,4
8165,ClinVarVariant:803922,variant,NM_004006.3(DMD):c.1966C>T (p.Gln656Ter),10
8166,ZP:0000044,phenotype,"heart quality, abnormal",8
8167,ZP:0000537,phenotype,"intersegmental vessel collapsed, abnormal",8
8168,ZP:0000103,phenotype,"extension decreased length, abnormal",8
8169,MP:0006398,phenotype,increased long bone epiphyseal plate size,8
8170,ClinVarVariant:860135,variant,NM_004006.3(DMD):c.3921+1_3921+2dup,10
8171,1384,drug,hydralazine,3
8172,ClinVarVariant:455795,variant,NC_000023.10:g.(?_31196029)_(31201041_?)dup,10
8173,Coriell:GM11025,biological artifact,NIGMS-GM11025,0
8174,HP:0001645,phenotype,Sudden cardiac death,8
8175,MP:0002089,phenotype,abnormal postnatal growth/weight/body size,8
8176,ClinVarVariant:646387,variant,NC_000023.11:g.(?_32699102)_(32699303_?)del,10
8177,WBPhenotype:0000026,phenotype,lipid depleted,8
8178,ZFIN:ZDB-GENE-121221-1,gene,gan,4
8179,4119,drug,romidepsin,3
8180,1008,drug,endralazine,3
8181,ENSEMBL:ENSGALG00000039349,gene,DISC1,4
8182,HP:0002149,phenotype,Hyperuricemia,8
8183,ClinVarVariant:803907,variant,NM_004006.3(DMD):c.2622+1G>T,10
8184,ENSEMBL:ENSMODG00000021505,gene,ENSEMBL:ENSMODG00000021505,4
8185,ZP:0011343,phenotype,"angiogenic sprout caudal vein plexus increased amount, abnormal",8
8186,MP:0005439,phenotype,decreased glycogen level,8
8187,ENSEMBL:ENSFCAG00000005561,gene,ENSEMBL:ENSFCAG00000005561,4
8188,MP:0003299,phenotype,gastric polyps,8
8189,ENSEMBL:ENSACAG00000001968,gene,ENSEMBL:ENSACAG00000001968,4
8190,ENSEMBL:ENSMODG00000004362,gene,ENSEMBL:ENSMODG00000004362,4
8191,ZP:0002959,phenotype,"myotome detached from muscle cell muscle tendon junction myotome, abnormal",8
8192,WBPhenotype:0001170,phenotype,sterile F0 48 hours post injection,8
8193,HP:0001176,phenotype,Large hands,8
8194,HP:0008873,phenotype,Disproportionate short-limb short stature,8
8195,ZP:0000722,phenotype,"blood vessel endothelial cell common cardinal vein decreased amount, abnormal",8
8196,ENSEMBL:ENSSSCG00000030460,gene,ARHGEF6,4
8197,dictyBase:DDB_G0278011,gene,racQ,4
8198,MP:0009580,phenotype,increased keratinocyte apoptosis,8
8199,WBPhenotype:0001940,phenotype,rachis morphology variant,8
8200,MMRRC:041193,biological artifact,B10ScSn.FVB-<i>Dmd<sup>mdx</sup></i> Tg(ACTA1-DMD*)326Dua/Mmjax,0
8201,MP:0011260,phenotype,abnormal head mesenchyme morphology,8
8202,WBPhenotype:0001716,phenotype,forward point velocity variant,8
8203,MP:0003063,phenotype,increased coping response,8
8204,HP:0000122,phenotype,Unilateral renal agenesis,8
8205,WormBase:WBGene00003708,gene,nhr-118,4
8206,FlyBase:FBgn0284408,gene,trol,4
8207,FlyBase:FBgn0015803,gene,RtGEF,4
8208,ZP:0101733,phenotype,"cardiac conduction system mislocalised, abnormal",8
8209,MGI:109321,gene,Lama4,4
8210,HGNC:9718,gene,PXN,4
8211,HGNC:6486,gene,LAMB1,4
8212,Xenbase:XB-GENE-950854,gene,mterf4,4
8213,ENSEMBL:ENSOANG00000038763,gene,ENSEMBL:ENSOANG00000038763,4
8214,ENSEMBL:ENSBTAG00000020093,gene,CUL4A,4
8215,ZP:0012572,phenotype,"skeletal muscle decreased strength, abnormal",8
8216,191,drug,amoxapine,3
8217,ENSEMBL:ENSPTRG00000001761,gene,ENSEMBL:ENSPTRG00000001761,4
8218,ZP:0020162,phenotype,"nucleus fast muscle cell decreased amount, abnormal",8
8219,ClinVarVariant:409893,variant,NM_000109.4(DMD):c.9214_9217del (p.Thr3072fs),10
8220,ZP:0005415,phenotype,"cardiac ventricle morphology, abnormal",8
8221,ZP:0002428,phenotype,"embryo development process quality, abnormal",8
8222,MP:0030575,phenotype,decreased hair follicle cell proliferation,8
8223,MP:0008272,phenotype,abnormal endochondral bone ossification,8
8224,ENSEMBL:ENSECAG00000000310,gene,ENSEMBL:ENSECAG00000000310,4
8225,ENSEMBL:ENSFCAG00000001438,gene,ENSEMBL:ENSFCAG00000001438,4
8226,ZP:0009306,phenotype,"glial cell posterior lateral line ganglion increased amount, abnormal",8
8227,ZP:0000748,phenotype,"hepatic sinusoid aplastic, abnormal",8
8228,ENSEMBL:ENSACAG00000024133,gene,ENSEMBL:ENSACAG00000024133,4
8229,MP:0004545,phenotype,enlarged esophagus,8
8230,Xenbase:XB-GENE-985523,gene,sgcz,4
8231,ENSEMBL:ENSOANG00000008103,gene,ENSEMBL:ENSOANG00000008103,4
8232,PomBase:SPCC18.03,gene,SPCC18.03,4
8233,ZP:0019363,phenotype,"ciliary basal body photoreceptor cell mislocalised, abnormal",8
8234,751,drug,cyclobenzaprine,3
8235,ENSEMBL:ENSCAFG00000005839,gene,SATB1,4
8236,ClinVarVariant:11244,variant,"DMD, 11-BP DEL, NT989",10
8237,ClinVarVariant:657380,variant,NC_000023.11:g.(?_31773950)_(31965029_?)del,10
8238,ENSEMBL:ENSBTAG00000021158,gene,ENSEMBL:ENSBTAG00000021158,4
8239,ClinVarVariant:803802,variant,NM_004006.3(DMD):c.9563+1G>T,10
8240,ClinVarVariant:951145,variant,NM_004006.3(DMD):c.488G>A (p.Trp163Ter),10
8241,ZP:0002974,phenotype,"terminal cisterna skeletal muscle cell malformed, abnormal",8
8242,RGD:621481,gene,Sirt2,4
8243,FlyBase:FBgn0286785,gene,scb,4
8244,ZP:0004334,phenotype,"blood accumulation heart, abnormal",8
8245,MP:0002044,phenotype,increased colon adenoma incidence,8
8246,ClinVarVariant:803942,variant,NM_004006.3(DMD):c.709del (p.Gln237fs),10
8247,ZP:0002751,phenotype,"cranial vasculature hemorrhagic, abnormal",8
8248,ZP:0000654,phenotype,"retina decreased size, abnormal",8
8249,ZP:0103060,phenotype,"head decreased diameter, abnormal",8
8250,WormBase:WBGene00006764,gene,unc-27,4
8251,MP:0004194,phenotype,abnormal kidney pelvis morphology,8
8252,Xenbase:XB-GENE-968718,gene,myh6,4
8253,Coriell:GM04978,biological artifact,NIGMS-GM04978,0
8254,FlyBase:FBgn0032706,gene,Irk3,4
8255,ENSEMBL:ENSSSCG00000000866,gene,MYBPC1,4
8256,OMIM:300377.0071,variant,"DMD, 1-BP DEL, 10683C",10
8257,HP:0012385,phenotype,Camptodactyly,8
8258,ClinVarVariant:455802,variant,NC_000023.11:g.(?_31609621)_(31836839_?)del,10
8259,ZP:0012870,phenotype,"apoptotic process process quality, abnormal",8
8260,MGI:1859649,gene,Ctnnal1,4
8261,ENSEMBL:ENSMMUG00000008723,gene,ENSEMBL:ENSMMUG00000008723,4
8262,MP:0005602,phenotype,decreased angiogenesis,8
8263,MP:0001247,phenotype,dermal cyst,8
8264,ENSEMBL:ENSMMUG00000017131,gene,ENSEMBL:ENSMMUG00000017131,4
8265,ENSEMBL:ENSFCAG00000018879,gene,ENSEMBL:ENSFCAG00000018879,4
8266,ENSEMBL:ENSFCAG00000008050,gene,ENSEMBL:ENSFCAG00000008050,4
8267,ZP:0008031,phenotype,"ventricular myocardium decreased occurrence cardiac chamber ballooning, abnormal",8
8268,ZP:0003863,phenotype,"caudal vein plexus malformed, abnormal",8
8269,ENSEMBL:ENSFCAG00000014028,gene,ENSEMBL:ENSFCAG00000014028,4
8270,MGI:2144013,gene,Xpo1,4
8271,HP:0012248,phenotype,Prolonged PR interval,8
8272,ZFIN:ZDB-GENE-030522-1,gene,cmlc1,4
8273,EFO:0006519,phenotype,MMR-related febrile seizures,8
8274,dbSNPIndividual:13859,genotype,46;X;t(X;2)(Xqter>Xp21.2::2q37> 2qter;2pter>2q37::Xp21.2>Xpter);46;X;t(X;2)(Xqter>Xp21.2::2q37>2qter;2pter>2q37::Xp21.2>Xpter);t(1;7)(1qter>1p21::7q11.21>7qter;7pter>7q11.21::1p21>1pter)[6]/46;X;t(X;2)(Xqter>Xp21.2::2q37>2qter;2pter>2q37::Xp21.2>Xpter)[44] [GM11024],6
8275,ENSEMBL:ENSMODG00000023202,gene,ENSEMBL:ENSMODG00000023202,4
8276,ZFIN:ZDB-GENE-030616-135,gene,cacna1da,4
8277,ENSEMBL:ENSSSCG00000006631,gene,ENSEMBL:ENSSSCG00000006631,4
8278,MP:0005079,phenotype,decreased cytotoxic T cell cytolysis,8
8279,1053,drug,escitalopram,3
8280,HP:0001923,phenotype,Reticulocytosis,8
8281,ZP:0009072,phenotype,"neuronal cell body rhombomere 5 mislocalised, abnormal",8
8282,ClinVarVariant:929015,variant,NM_004006.3(DMD):c.9461T>A (p.Leu3154Ter),10
8283,MONDO:0016333,disease,familial dilated cardiomyopathy,2
8284,PomBase:SPAC27F1.02c,gene,cdc8,4
8285,ENSEMBL:ENSPTRG00000011001,gene,ENSEMBL:ENSPTRG00000011001,4
8286,MP:0005327,phenotype,abnormal mesangial cell morphology,8
8287,MP:0001511,phenotype,disheveled coat,8
8288,ZFIN:ZDB-GENE-060312-45,gene,rac1b,4
8289,MP:0011320,phenotype,abnormal glomerular capillary morphology,8
8290,MP:0002997,phenotype,enlarged seminal vesicle,8
8291,HGNC:2509,gene,CTNNA1,4
8292,ENSEMBL:ENSCAFG00000008525,gene,CACNA1D,4
8293,GO:0016013,molecular function,syntrophin complex,7
8294,ZP:0011446,phenotype,"postoptic commissure disrupted commissural neuron axon guidance, abnormal",8
8295,PomBase:SPCC645.05c,gene,myo2,4
8296,RGD:69354,gene,Capn10,4
8297,MP:0003984,phenotype,embryonic growth retardation,8
8298,MGI:1920897,gene,Capn9,4
8299,HGNC:132,gene,ACTB,4
8300,ENSEMBL:ENSMMUG00000017414,gene,ENSEMBL:ENSMMUG00000017414,4
8301,ENSEMBL:ENSFCAG00000023950,gene,ENSEMBL:ENSFCAG00000023950,4
8302,ENSEMBL:ENSSSCG00015047339,gene,ENSEMBL:ENSSSCG00015047339,4
8303,MP:0005141,phenotype,liver hyperplasia,8
8304,ZP:0106704,phenotype,"atrial myocardium has fewer parts of type sarcomere atrial myocardium, abnormal",8
8305,ZP:0000714,phenotype,"cardiac ventricle decreased diameter, abnormal",8
8306,ZFIN:ZDB-FISH-150901-14025,genotype,dmd<ta222a>/dmd<ta222a> [unspecified background],6
8307,HP:0007378,phenotype,Neoplasm of the gastrointestinal tract,8
8308,ZP:0102120,phenotype,"notochord outer sheath cell metaplastic, abnormal",8
8309,ENSEMBL:ENSACAG00000009954,gene,ENSEMBL:ENSACAG00000009954,4
8310,dbSNPIndividual:13629,genotype,46;X;t(X;11)(Xqter>Xp21::11q13>11qter;11pter>11q13::Xp21>Xpter);46;X;t(X;11)(Xqter>Xp2105::11q13>11qter; 11pter>11q13::Xp2105>Xpter) [GM01695],6
8311,RGD:1308097,gene,Actn2,4
8312,ENSEMBL:ENSGALG00000006426,gene,ENSEMBL:ENSGALG00000006426,4
8313,HGNC:12825,gene,XPO1,4
8314,MP:0001436,phenotype,abnormal suckling behavior,8
8315,WBPhenotype:0000642,phenotype,hyperactive,8
8316,FlyBase:FBgn0025743,gene,mbt,4
8317,MGI:99915,gene,Lamb3,4
8318,ClinVarVariant:963833,variant,NM_004006.3(DMD):c.3630del (p.Glu1211fs),10
8319,ENSEMBL:ENSSSCG00000009856,gene,NOS1,4
8320,ENSEMBL:ENSCAFG00000002744,gene,ENSEMBL:ENSCAFG00000002744,4
8321,MP:0005571,phenotype,decreased lactate dehydrogenase level,8
8322,ClinVarVariant:803804,variant,NM_004006.3(DMD):c.9380C>A (p.Ser3127Ter),10
8323,ZP:0008719,phenotype,"protein glycosylation disrupted, abnormal",8
8324,ENSEMBL:ENSSSCG00000002967,gene,CAPN12,4
8325,ZP:0001683,phenotype,"whole organism paralysed, abnormal",8
8326,ZP:0011457,phenotype,"larval locomotory behavior increased rate, abnormal",8
8327,ENSEMBL:ENSMODG00000007021,gene,ENSEMBL:ENSMODG00000007021,4
8328,ENSEMBL:ENSCAFG00000020288,gene,SNTB2,4
8329,MP:0011427,phenotype,increased mesangial cell number,8
8330,ENSEMBL:ENSACAG00000017150,gene,ENSEMBL:ENSACAG00000017150,4
8331,ENSEMBL:ENSCAFG00000019999,gene,GAN,4
8332,HP:0001750,phenotype,Single ventricle,8
8333,WBPhenotype:0002346,phenotype,forward locomotion increased,8
8334,MP:0003131,phenotype,increased erythrocyte cell number,8
8335,WBPhenotype:0001266,phenotype,genetic pathway activation variant,8
8336,OMIM:300377.0047,variant,"DMD, 1-BP INS, NT2928",10
8337,MP:0003381,phenotype,vitreal fibroplasia,8
8338,2332,drug,pyrimethamine,3
8339,ENSEMBL:ENSMODG00000041760,gene,ENSEMBL:ENSMODG00000041760,4
8340,MP:0006072,phenotype,abnormal retinal apoptosis,8
8341,HP:0002206,phenotype,Pulmonary fibrosis,8
8342,ZP:0002490,phenotype,"fast muscle cell decreased amount, abnormal",8
8343,ClinVarVariant:417498,variant,NC_000023.11:g.(?_31323598)_(31479103_?)del,10
8344,ZP:0003144,phenotype,"cranial nerve II decreased size, abnormal",8
8345,ENSEMBL:ENSPTRG00000024321,gene,ENSEMBL:ENSPTRG00000024321,4
8346,WBPhenotype:0002124,phenotype,circumferential actin bundles disorganized,8
8347,ENSEMBL:ENSMODG00000019908,gene,ENSEMBL:ENSMODG00000019908,4
8348,WormBase:WBGene00006587,gene,tnt-2,4
8349,MP:0000952,phenotype,abnormal CNS glial cell morphology,8
8350,ClinVarVariant:917404,variant,NM_004006.3(DMD):c.8756_8763del (p.Asn2919fs),10
8351,MP:0010300,phenotype,increased skin tumor incidence,8
8352,ENSEMBL:ENSACAG00000005133,gene,ENSEMBL:ENSACAG00000005133,4
8353,ZP:0105707,phenotype,"Reissner's fiber malformed, abnormal",8
8354,ENSEMBL:ENSCAFG00000005318,gene,CAPN13,4
8355,ZP:0005722,phenotype,"muscle organ development disrupted, abnormal",8
8356,ZP:0012680,phenotype,"female organism increased female fertility, abnormal",8
8357,875,drug,diethylstilbestrol,3
8358,PomBase:SPAC110.03,gene,cdc42,4
8359,ENSEMBL:ENSMODG00000018845,gene,ENSEMBL:ENSMODG00000018845,4
8360,ClinVarVariant:803871,variant,NM_004006.3(DMD):c.4660G>T (p.Glu1554Ter),10
8361,MP:0011501,phenotype,increased glomerular capsule space,8
8362,ENSEMBL:ENSGALG00000008562,gene,ENSEMBL:ENSGALG00000008562,4
8363,MP:0004045,phenotype,abnormal cell cycle checkpoint function,8
8364,ENSEMBL:ENSMODG00000019130,gene,ENSEMBL:ENSMODG00000019130,4
8365,MONARCH:APO_0000050APO_0000002,phenotype,cellular morphology:abnormal,8
8366,MP:0006021,phenotype,abnormal Reissner membrane morphology,8
8367,WBPhenotype:0002314,phenotype,turning frequency reduced,8
8368,WBPhenotype:0000365,phenotype,embryo osmotic integrity defective early emb,8
8369,WBPhenotype:0002082,phenotype,peptide uptake by intestinal cell decreased,8
8370,ZFIN:ZDB-GENE-060331-137,gene,myl2b,4
8371,ENSEMBL:ENSACAG00000012965,gene,ENSEMBL:ENSACAG00000012965,4
8372,MP:0002007,phenotype,increased cellular sensitivity to gamma-irradiation,8
8373,ENSEMBL:ENSSSCG00000015328,gene,SGCE,4
8374,MP:0010504,phenotype,abnormal RR interval,8
8375,MP:0000202,phenotype,abnormal circulating alkaline phosphatase level,8
8376,HP:0012521,phenotype,Optic nerve aplasia,8
8377,MP:0005664,phenotype,decreased circulating noradrenaline level,8
8378,ENSEMBL:ENSOANG00000051210,gene,ENSEMBL:ENSOANG00000051210,4
8379,OMIM:300377.0060,variant,"DMD, GLU2468TER",10
8380,ZP:0003058,phenotype,"growth decreased occurrence, abnormal",8
8381,ClinVarVariant:11213,variant,NM_004006.2(DMD):c.10108C>T (p.Arg3370Ter),10
8382,MP:0011567,phenotype,increased renal glomerulus lobularity,8
8383,ENSEMBL:ENSGALG00000009368,gene,ENSEMBL:ENSGALG00000009368,4
8384,MP:0004994,phenotype,abnormal brain wave pattern,8
8385,ENSEMBL:ENSMMUG00000014741,gene,ENSEMBL:ENSMMUG00000014741,4
8386,EFO:0004342,phenotype,waist circumference,8
8387,NCBIGene:100329748,gene,LOC100329748,4
8388,WBPhenotype:0000619,phenotype,epithelial system development variant,8
8389,WormBase:WBGene00002348,gene,myo-1,4
8390,ZP:0001366,phenotype,"retina apoptotic, abnormal",8
8391,ClinVarVariant:803865,variant,NM_004006.3(DMD):c.5056C>T (p.Gln1686Ter),10
8392,ClinVarVariant:587510,variant,NM_004006.2(DMD):c.3358G>T (p.Glu1120Ter),10
8393,ZP:0008748,phenotype,"myofibril skeletal muscle cell undulate, abnormal",8
8394,626,drug,chlorzoxazone,3
8395,ZP:0001501,phenotype,"skeletal muscle myotome degenerate, abnormal",8
8396,ENSEMBL:ENSECAG00000006315,gene,ENSEMBL:ENSECAG00000006315,4
8397,MP:0005164,phenotype,abnormal response to injury,8
8398,EnsemblGenome:AT1G70730,gene,EnsemblGenome:AT1G70730,4
8399,HP:0006891,phenotype,Thick cerebral cortex,8
8400,ClinVarVariant:569802,variant,NM_004006.2(DMD):c.9100C>T (p.Arg3034Ter),10
8401,ENSEMBL:ENSOANG00000006810,gene,ENSEMBL:ENSOANG00000006810,4
8402,Xenbase:XB-GENE-5875780,gene,sf3b2,4
8403,ZP:0005712,phenotype,"lymphangioblast cord absent, abnormal",8
8404,HP:0011063,phenotype,Abnormal incisor morphology,8
8405,ZP:0018617,phenotype,"microglial cell optic tectum morphology, abnormal",8
8406,EFO:0007985,phenotype,platelet crit,8
8407,ClinVarVariant:833120,variant,NC_000023.11:g.(?_32809483)_(32844870_?)del,10
8408,ZP:0001198,phenotype,"response to external stimulus quality, abnormal",8
8409,4187,drug,crizotinib,3
8410,HP:0002036,phenotype,Hiatus hernia,8
8411,EFO:0004327,phenotype,electrocardiography,8
8412,HP:0001711,phenotype,Abnormal left ventricle morphology,8
8413,ENSEMBL:ENSMODG00000008121,gene,ENSEMBL:ENSMODG00000008121,4
8414,ENSEMBL:ENSMMUG00000020797,gene,ENSEMBL:ENSMMUG00000020797,4
8415,HP:0002617,phenotype,Vascular dilatation,8
8416,ClinVarVariant:374319,variant,NM_000109.4(DMD):c.5628del (p.Arg1876fs),10
8417,MP:0002801,phenotype,abnormal long term object recognition memory,8
8418,RGD:735133,gene,Plekha4,4
8419,FlyBase:FBgn0031493,gene,Sf3b2,4
8420,ClinVarVariant:803873,variant,NM_004006.3(DMD):c.4477_4493del (p.Val1493fs),10
8421,ZP:0000718,phenotype,"fourth ventricle decreased diameter, abnormal",8
8422,ENSEMBL:ENSACAG00000001639,gene,ENSEMBL:ENSACAG00000001639,4
8423,ZP:0012203,phenotype,"striated muscle cell misaligned with striated muscle cell, abnormal",8
8424,ZP:0004747,phenotype,"digestive tract development process quality, abnormal",8
8425,ClinVarVariant:11247,variant,NM_000109.4(DMD):c.1465C>T (p.Gln489Ter),10
8426,ZFIN:ZDB-GENE-070530-6,gene,xpo1b,4
8427,ZP:0019817,phenotype,"neuron decreased branchiness, abnormal",8
8428,ENSEMBL:ENSSSCG00000007585,gene,ENSEMBL:ENSSSCG00000007585,4
8429,HP:0000609,phenotype,Optic nerve hypoplasia,8
8430,ClinVarVariant:583999,variant,NC_000023.11:g.(?_32484899)_(32699313_?)del,10
8431,WormBase:WBGene00004790,gene,sgn-1,4
8432,MP:0010019,phenotype,liver vascular congestion,8
8433,HGNC:1476,gene,CAPN1,4
8434,ENSEMBL:ENSACAG00000008455,gene,ENSEMBL:ENSACAG00000008455,4
8435,EFO:0004847,phenotype,age at onset,8
8436,ZP:0008058,phenotype,"medial longitudinal fasciculus morphology, abnormal",8
8437,676,drug,clidinium,3
8438,ENSEMBL:ENSACAG00000016579,gene,ENSEMBL:ENSACAG00000016579,4
8439,ZP:0020956,phenotype,"subintestinal vein disrupted blood vessel morphogenesis, abnormal",8
8440,1530,drug,ketotifen,3
8441,WormBase:WBGene00004905,gene,snf-6,4
8442,MP:0008515,phenotype,thin retinal outer nuclear layer,8
8443,HP:0009887,phenotype,Abnormality of hair pigmentation,8
8444,HP:0002244,phenotype,Abnormality of the small intestine,8
8445,MP:0004066,phenotype,abnormal primitive node morphology,8
8446,ENSEMBL:ENSFCAG00000024422,gene,ENSEMBL:ENSFCAG00000024422,4
8447,MESH:C580853,drug,cannabidivarin,3
8448,WBPhenotype:0000711,phenotype,organism hypersensitive ionizing radiation,8
8449,ZP:0019894,phenotype,"basal lamina optic cup spatial pattern, abnormal",8
8450,RGD:1564174,gene,Tns3,4
8451,ENSEMBL:ENSSSCG00000007039,gene,ENSEMBL:ENSSSCG00000007039,4
8452,MMRRC:050929,biological artifact,B10.Cg-Tg(DMD)72Thoen <i>Dmd<sup>mdx</sup></i>/DuaMmmh,0
8453,223,drug,octatropine methylbromide,3
8454,WBPhenotype:0002295,phenotype,body posture wavelength decreased,8
8455,MP:0011366,phenotype,absent metanephros,8
8456,1726,drug,methacholine,3
8457,WBPhenotype:0001973,phenotype,germ cell compartment size variant,8
8458,dictyBase:DDB_G0288483,gene,pgmA,4
8459,dbSNP:rs73262722,variant,rs73262722-?,10
8460,HP:0006118,phenotype,Shortening of all distal phalanges of the fingers,8
8461,WormBase:WBGene00019890,gene,R05F9.6,4
8462,ZFIN:ZDB-GENE-160728-101,gene,si:dkey-10f23.2,4
8463,MP:0009427,phenotype,increased tibialis anterior weight,8
8464,MONARCH:APO_0000312APO_0000003,phenotype,cell death:decreased,8
8465,ZP:0004424,phenotype,"locomotory behavior increased process quality, abnormal",8
8466,MP:0013826,phenotype,absent hypoglossal canal,8
8467,ZP:0018508,phenotype,"aortic arch 1 decreased occurrence cell migration involved in heart development, abnormal",8
8468,ENSEMBL:ENSGALG00000037387,gene,CLSTN2,4
8469,MP:0003950,phenotype,abnormal plasma membrane morphology,8
8470,O14980,gene product,Exportin-1,5
8471,HP:0000656,phenotype,Ectropion,8
8472,ClinVarVariant:94627,variant,NM_004006.2(DMD):c.4471_4472del (p.Lys1491fs),10
8473,ZP:0101688,phenotype,"caudal hypothalamic zone decreased distribution, abnormal",8
8474,ClinVarVariant:94551,variant,NM_000109.4(DMD):c.3052G>T (p.Glu1018Ter),10
8475,WBPhenotype:0000405,phenotype,giant oocytes,8
8476,ENSEMBL:ENSRNOG00000053155,gene,M0RBX6,4
8477,ClinVarVariant:981989,variant,NC_000023.11:g.(31729749_31773959)_(31774193_31819974)del,10
8478,FlyBase:FBgn0003514,gene,sqh,4
8479,ZP:0001493,phenotype,"myofibril somite mononucleate, abnormal",8
8480,ENSEMBL:ENSPTRG00000011260,gene,ENSEMBL:ENSPTRG00000011260,4
8481,SGD:S000000999,gene,STE20,4
8482,MP:0008874,phenotype,decreased physiological sensitivity to xenobiotic,8
8483,HP:0100022,phenotype,Abnormality of movement,8
8484,RGD:621646,gene,Vim,4
8485,WBPhenotype:0001599,phenotype,ouabain resistant,8
8486,ClinVarVariant:409912,variant,NM_004013.2(DMD):c.-140_-138delinsGTTT,10
8487,ZP:0137316,phenotype,"midbrain hindbrain boundary constriction process quality epithelial cell morphogenesis, abnormal",8
8488,WBPhenotype:0002199,phenotype,neuron calcium transient levels variant,8
8489,ZP:0021008,phenotype,"myofibril slow muscle cell damaged, abnormal",8
8490,MGI:98775,gene,Tmod1,4
8491,MP:0012499,phenotype,absent cardiogenic plate,8
8492,EFO:0010333,phenotype,temporal horn of lateral ventricle volume measurement,8
8493,ENSEMBL:ENSOANG00000040816,gene,ENSEMBL:ENSOANG00000040816,4
8494,EFO:0004509,phenotype,hemoglobin measurement,8
8495,ClinVarVariant:526099,variant,NM_004010.3(DMD):c.-14del,10
8496,HGNC:2554,gene,CUL4A,4
8497,MP:0000597,phenotype,delayed hepatic development,8
8498,HP:0002860,phenotype,Squamous cell carcinoma,8
8499,HP:0000512,phenotype,Abnormal electroretinogram,8
8500,ZFIN:ZDB-GENE-030131-9056,gene,arf6b,4
8501,1763,drug,methylthioninium chloride,3
8502,ENSEMBL:ENSFCAG00000051973,gene,ENSEMBL:ENSFCAG00000051973,4
8503,MP:0004039,phenotype,abnormal cardiac cell glucose uptake,8
8504,ENSEMBL:ENSSSCG00000021494,gene,CDC25A,4
8505,MONARCH:APO_0000225APO_0000003,phenotype,mitotic recombination:decreased,8
8506,ClinVarVariant:803842,variant,NM_004006.3(DMD):c.7028G>A (p.Trp2343Ter),10
8507,HP:0011893,phenotype,Abnormal leukocyte count,8
8508,ZP:0003363,phenotype,"notochord increased distance cell cell notochord, abnormal",8
8509,WBPhenotype:0001741,phenotype,spontaneous spicule protraction,8
8510,MP:0003894,phenotype,abnormal Purkinje cell innervation,8
8511,ClinVarVariant:526103,variant,NM_004006.2(DMD):c.1992+1G>T,10
8512,ClinVarVariant:983660,variant,NM_004006.3(DMD):c.5012T>A (p.Leu1671Ter),10
8513,ZP:0005807,phenotype,"retina lacks all parts of type central region eye photoreceptor cell, abnormal",8
8514,MGI:97360,gene,Nos1,4
8515,RGD:1308578,gene,Osgep,4
8516,ZP:0008725,phenotype,"basement membrane myotome morphology, abnormal",8
8517,HP:0002823,phenotype,Abnormality of femur morphology,8
8518,ENSEMBL:ENSECAG00000007556,gene,ENSEMBL:ENSECAG00000007556,4
8519,WBPhenotype:0001655,phenotype,cadmium hypersensitive,8
8520,HP:0010783,phenotype,Erythema,8
8521,WBPhenotype:0000689,phenotype,maternal sterile,8
8522,WBPhenotype:0002303,phenotype,nose movement increased,8
8523,WormBase:WBGene00006508,gene,tns-1,4
8524,HGNC:6944,gene,MCM2,4
8525,Coriell:GM03429,biological artifact,NIGMS-GM03429,0
8526,ZP:0137317,phenotype,"midbrain hindbrain boundary constriction process quality midbrain-hindbrain boundary morphogenesis, abnormal",8
8527,MP:0004813,phenotype,absent linear vestibular evoked potential,8
8528,ZP:0005489,phenotype,"cardiac ventricle elliptic, abnormal",8
8529,ZFIN:ZDB-GENE-060119-1,gene,lama2,4
8530,MP:0003826,phenotype,abnormal Mullerian duct morphology,8
8531,ZP:0106120,phenotype,"M band cardiac ventricle absent, abnormal",8
8532,MGI:3573782,genotype,Dmd<tm1.1Khan> [involves: C57BL/6 * CBA],6
8533,HP:0410019,phenotype,Epigastric pain,8
8534,WBPhenotype:0000554,phenotype,hypoosmotic shock hypersensitive,8
8535,ZP:0002971,phenotype,"muscle cell detached from vertical myoseptum, abnormal",8
8536,HP:0012153,phenotype,Hypotriglyceridemia,8
8537,HP:0008222,phenotype,Female infertility,8
8538,WBPhenotype:0001355,phenotype,gonad morphology variant,8
8539,MP:0004556,phenotype,enlarged allantois,8
8540,ZP:0021003,phenotype,"Z disc somite disorganized, abnormal",8
8541,EFO:0005037,phenotype,aortic root size,8
8542,WBPhenotype:0002309,phenotype,pausing decreased,8
8543,ZP:0018282,phenotype,"mitochondrion slow muscle cell decreased functionality, abnormal",8
8544,EFO:0007984,phenotype,platelet component distribution width,8
8545,EFO:0005208,phenotype,glomerular filtration rate,8
8546,ZFIN:ZDB-GENE-030131-1055,gene,ifit15,4
8547,WormBase:WBGene00000961,gene,dgn-1,4
8548,ENSEMBL:ENSPTRG00000018890,gene,ENSEMBL:ENSPTRG00000018890,4
8549,ClinVarVariant:858516,variant,NM_004006.3(DMD):c.9852G>A (p.Trp3284Ter),10
8550,ZP:0003018,phenotype,"pancreas primordium bilateral symmetry, abnormal",8
8551,HGNC:33920,gene,SLFN12L,4
8552,ClinVarVariant:803939,variant,NM_004006.3(DMD):c.839del (p.Val280fs),10
8553,MP:0030132,phenotype,periodontium inflammation,8
8554,ZP:0000720,phenotype,"liver decreased size, abnormal",8
8555,ClinVarVariant:455836,variant,ClinVarVariant:455836,10
8556,ClinVarVariant:831333,variant,NC_000023.11:g.(?_31679365)_(31679596_?)dup,10
8557,MP:0008221,phenotype,abnormal hippocampal commissure morphology,8
8558,785,drug,dasatinib,3
8559,ZP:0001513,phenotype,"muscle organization quality, abnormal",8
8560,MP:0011187,phenotype,abnormal parietal endoderm morphology,8
8561,MP:0008892,phenotype,abnormal sperm flagellum morphology,8
8562,Coriell:GM05017,biological artifact,NIGMS-GM05017,0
8563,NCBIGene:100495065,gene,LOC100495065,4
8564,ZP:0005377,phenotype,"forerunner cell group spatial pattern, abnormal",8
8565,PomBase:SPAC926.03,gene,rlc1,4
8566,WBPhenotype:0000200,phenotype,pericellular component development variant,8
8567,ClinVarVariant:455828,variant,NC_000023.11:g.(?_32216896)_(32651077_?)del,10
8568,HP:0030681,phenotype,Abnormal morphology of myocardial trabeculae,8
8569,1922,drug,nifedipine,3
8570,ENSEMBL:ENSECAG00000003289,gene,ENSEMBL:ENSECAG00000003289,4
8571,MP:0003061,phenotype,decreased aerobic running capacity,8
8572,ZP:0010821,phenotype,"yolk syncytial layer edematous, abnormal",8
8573,ClinVarVariant:657374,variant,NC_000023.11:g.(?_31968329)_(31968524_?)del,10
8574,RGD:1303201,gene,Sgce,4
8575,ZP:0020571,phenotype,"CaP motoneuron decreased process quality action potential, abnormal",8
8576,MP:0005386,phenotype,behavior/neurological phenotype,8
8577,HGNC:6717,gene,LTBP4,4
8578,ClinVarVariant:409923,variant,NM_000109.4(DMD):c.5860_5867del (p.Lys1954fs),10
8579,WBPhenotype:0000057,phenotype,early larval lethal,8
8580,MP:0001505,phenotype,hunched posture,8
8581,FBcv:0000364,phenotype,sterile,8
8582,ZP:0009492,phenotype,"retinal inner plexiform layer morphology, abnormal",8
8583,ClinVarVariant:657381,variant,NC_000023.10:g.(?_32827600)_(32834767_?)dup,10
8584,HP:0002153,phenotype,Hyperkalemia,8
8585,MP:0010428,phenotype,abnormal heart right ventricle outflow tract morphology,8
8586,ZP:0000324,phenotype,"whole organism decreased size, abnormal",8
8587,HGNC:6256,gene,KCNJ10,4
8588,HP:0002716,phenotype,Lymphadenopathy,8
8589,MONDO:0019181,disease,non-syndromic X-linked intellectual disability,2
8590,ClinVarVariant:936169,variant,NM_004006.3(DMD):c.976G>T (p.Glu326Ter),10
8591,ENSEMBL:ENSMODG00000001013,gene,ENSEMBL:ENSMODG00000001013,4
8592,WBPhenotype:0000436,phenotype,protein subcellular localization variant,8
8593,ENSEMBL:ENSACAG00000015238,gene,ENSEMBL:ENSACAG00000015238,4
8594,ClinVarVariant:526170,variant,NC_000023.10:g.(?_31645770)_(31838220_?)dup,10
8595,ENSEMBL:ENSCAFG00000001848,gene,ENSEMBL:ENSCAFG00000001848,4
8596,FBcv:0000430,phenotype,abnormal cell polarity,8
8597,WBPhenotype:0001329,phenotype,curly,8
8598,MP:0004965,phenotype,inner cell mass degeneration,8
8599,ZP:0101822,phenotype,"myotome development decreased process quality, abnormal",8
8600,ClinVarVariant:409913,variant,NM_000109.4(DMD):c.6181del (p.Val2061fs),10
8601,MP:0009446,phenotype,abnormal platelet dense granule physiology,8
8602,GO:0033137,molecular function,negative regulation of peptidyl-serine phosphorylation,7
8603,ENSEMBL:ENSMODG00000004422,gene,ENSEMBL:ENSMODG00000004422,4
8604,ENSEMBL:ENSECAG00000017386,gene,ENSEMBL:ENSECAG00000017386,4
8605,ClinVarVariant:526079,variant,NM_004006.2(DMD):c.9975-1G>A,10
8606,ENSEMBL:ENSMODG00000024073,gene,ENSEMBL:ENSMODG00000024073,4
8607,MP:0003393,phenotype,decreased cardiac output,8
8608,ENSEMBL:ENSBTAG00000010229,gene,LAMA2,4
8609,ClinVarVariant:583557,variant,NC_000023.11:g.(?_32287509)_(32390201_?)del,10
8610,ClinVarVariant:817126,variant,NM_004006.3(DMD):c.1323dup (p.Gln442fs),10
8611,Xenbase:XB-GENE-5999398,gene,ifit1b,4
8612,HP:0007642,phenotype,Congenital stationary night blindness,8
8613,MP:0010898,phenotype,abnormal pulmonary alveolus epithelium morphology,8
8614,MP:0001078,phenotype,abnormal phrenic nerve morphology,8
8615,HP:0003391,phenotype,Gowers sign,8
8616,ZP:0003022,phenotype,"post-vent region shortened, abnormal",8
8617,EFO:0006340,phenotype,mean arterial pressure,8
8618,MP:0012144,phenotype,decreased b-wave amplitude,8
8619,MGI:99913,gene,Lamc2,4
8620,ZP:0137889,phenotype,"glial limiting end-foot Muller cell decreased amount, abnormal",8
8621,ENSEMBL:ENSACAG00000005999,gene,ENSEMBL:ENSACAG00000005999,4
8622,ENSEMBL:ENSMMUG00000004683,gene,ENSEMBL:ENSMMUG00000004683,4
8623,HP:0000752,phenotype,Hyperactivity,8
8624,MP:0004759,phenotype,decreased mitotic index,8
8625,ENSEMBL:ENSACAG00000007455,gene,ENSEMBL:ENSACAG00000007455,4
8626,ZP:0000665,phenotype,"ceratohyal cartilage decreased length, abnormal",8
8627,ZP:0002516,phenotype,"pronephric glomerulus cystic, abnormal",8
8628,MP:0004404,phenotype,cochlear outer hair cell degeneration,8
8629,ENSEMBL:ENSSSCG00000007334,gene,SRC,4
8630,ZP:0000527,phenotype,"brain hemorrhagic, abnormal",8
8631,ZP:0003037,phenotype,"testis structure, abnormal",8
8632,MP:0006025,phenotype,distended Reissner membrane,8
8633,MP:0004978,phenotype,decreased B-1 B cell number,8
8634,ClinVarVariant:290445,variant,NM_004006.2(DMD):c.5344G>T (p.Glu1782Ter),10
8635,ZP:0012256,phenotype,"response to auditory stimulus process quality, abnormal",8
8636,ENSEMBL:ENSSSCG00000007317,gene,DLGAP4,4
8637,ENSEMBL:ENSCAFG00000003050,gene,ENSEMBL:ENSCAFG00000003050,4
8638,ZP:0018954,phenotype,"portion of tissue broken, abnormal",8
8639,ZP:0000710,phenotype,"blood accumulation trunk, abnormal",8
8640,HGNC:17861,gene,TRAF3IP1,4
8641,ClinVarVariant:833063,variant,NC_000023.11:g.(?_31836708)_(31836829_?)del,10
8642,ClinVarVariant:198011,variant,NM_004006.2(DMD):c.8656C>T (p.Gln2886Ter),10
8643,HP:0100021,phenotype,Cerebral palsy,8
8644,ZP:0008072,phenotype,"skeletal muscle cell detached from myofibril myofibril skeletal muscle cell, abnormal",8
8645,WBPhenotype:0000002,phenotype,kinker,8
8646,Coriell:GM09981,biological artifact,NIGMS-GM09981,0
8647,NCBIGene:100006132,gene,si:ch211-1f22.2,4
8648,ZP:0000220,phenotype,"post-vent region morphology, abnormal",8
8649,HGNC:11169,gene,SNTB2,4
8650,HP:0001713,phenotype,Abnormal cardiac ventricle morphology,8
8651,ENSEMBL:ENSMODG00000007039,gene,ENSEMBL:ENSMODG00000007039,4
8652,ZP:0000833,phenotype,"larval locomotory behavior decreased occurrence, abnormal",8
8653,ENSEMBL:ENSBTAG00000009428,gene,GAN,4
8654,ZP:0003568,phenotype,"sprouting angiogenesis decreased occurrence, abnormal",8
8655,ClinVarVariant:217199,variant,NM_004006.2(DMD):c.4729C>T (p.Arg1577Ter),10
8656,ENSEMBL:ENSPTRG00000052247,gene,ENSEMBL:ENSPTRG00000052247,4
8657,ENSEMBL:ENSMMUG00000020798,gene,ENSEMBL:ENSMMUG00000020798,4
8658,MP:0004788,phenotype,abnormal auditory cortex tonotopy,8
8659,ENSEMBL:ENSFCAG00000043195,gene,ENSEMBL:ENSFCAG00000043195,4
8660,MP:0002188,phenotype,small heart,8
8661,WBPhenotype:0000505,phenotype,male ray morphology variant,8
8662,HGNC:3332,gene,MARK2,4
8663,1821,drug,mitoxantrone,3
8664,ENSEMBL:ENSFCAG00000015714,gene,ENSEMBL:ENSFCAG00000015714,4
8665,ENSEMBL:ENSECAG00000015892,gene,ENSEMBL:ENSECAG00000015892,4
8666,2875,drug,zotepine,3
8667,MP:0010182,phenotype,decreased susceptibility to weight gain,8
8668,HGNC:7573,gene,MYH3,4
8669,ClinVarVariant:11261,variant,NM_004006.2(DMD):c.6373C>T (p.Gln2125Ter),10
8670,ENSEMBL:ENSOANG00000007850,gene,ENSEMBL:ENSOANG00000007850,4
8671,RGD:1561692,gene,Jam2,4
8672,ZFIN:ZDB-GENE-040105-1,gene,pxna,4
8673,ZP:0001492,phenotype,"myofibril somite disorganized, abnormal",8
8674,MP:0011294,phenotype,renal glomerulus hypertrophy,8
8675,ZP:0000222,phenotype,"heart looping disrupted, abnormal",8
8676,MP:0013277,phenotype,abnormal fasting circulating glucose level,8
8677,MP:0009783,phenotype,abnormal melanoblast morphology,8
8678,MP:0004180,phenotype,failure of initiation of embryo turning,8
8679,WBPhenotype:0001762,phenotype,uptake of yolk defective,8
8680,ZP:0019265,phenotype,"myotome increased amount, abnormal",8
8681,ZP:0000023,phenotype,"hindbrain morphology, abnormal",8
8682,SGD:S000002629,gene,GTB1,4
8683,MP:0020309,phenotype,increased creatine kinase activity,8
8684,HP:0100543,phenotype,Cognitive impairment,8
8685,ENSEMBL:ENSPTRG00000014676,gene,ENSEMBL:ENSPTRG00000014676,4
8686,HP:0012211,phenotype,Abnormal renal physiology,8
8687,ClinVarVariant:929016,variant,NM_004006.3(DMD):c.5448+1G>T,10
8688,ENSEMBL:ENSSSCG00000011441,gene,ENSEMBL:ENSSSCG00000011441,4
8689,MP:0011255,phenotype,abnormal anterior visceral endoderm cell migration,8
8690,671,drug,clemastine,3
8691,HP:0000009,phenotype,Functional abnormality of the bladder,8
8692,ZFIN:ZDB-GENE-061013-283,gene,pick1,4
8693,ZP:0138567,phenotype,"bulbus arteriosus decreased diameter, abnormal",8
8694,HP:0001339,phenotype,Lissencephaly,8
8695,MONARCH:APO_0000098APO_0000003,phenotype,utilization of carbon source:decreased,8
8696,MP:0004746,phenotype,abnormal cochlear IHC afferent innervation pattern,8
8697,EFO:0004312,phenotype,vital capacity,8
8698,ZP:0018758,phenotype,"ventral region whole organism decreased distribution, abnormal",8
8699,358,drug,bethanechol,3
8700,ZP:0001202,phenotype,"swim bladder inflation disrupted, abnormal",8
8701,MP:0008800,phenotype,increased small intestinal crypt cell apoptosis,8
8702,ClinVarVariant:954964,variant,NM_004006.3(DMD):c.4897G>T (p.Glu1633Ter),10
8703,ENSEMBL:ENSACAG00000000755,gene,ENSEMBL:ENSACAG00000000755,4
8704,ENSEMBL:ENSBTAG00000005929,gene,SPTBN2,4
8705,ZP:0003008,phenotype,"liver primordium bilateral symmetry, abnormal",8
8706,ZP:0001531,phenotype,"blood circulation decreased rate, abnormal",8
8707,HP:0007340,phenotype,Lower limb muscle weakness,8
8708,ENSEMBL:ENSMMUG00000022009,gene,ENSEMBL:ENSMMUG00000022009,4
8709,HP:0011471,phenotype,Gastrostomy tube feeding in infancy,8
8710,MONARCH:APO_0000110APO_0000003,phenotype,competitive fitness:decreased,8
8711,RGD:2927,gene,Itgb1,4
8712,ZP:0018514,phenotype,"aortic arch 1 process quality blood vessel endothelial cell migration, abnormal",8
8713,WBPhenotype:0000655,phenotype,GABA synaptic transmission variant,8
8714,MP:0003974,phenotype,abnormal endocardium morphology,8
8715,ClinVarVariant:655748,variant,NC_000023.10:g.(?_32563266)_(32717420_?)dup,10
8716,WBPhenotype:0001701,phenotype,spastic locomotion,8
8717,OMIM:300377.0083,variant,"DMD, IVS2, T-A, +5591",10
8718,HP:0031806,phenotype,Abnormal basophil count,8
8719,WBPhenotype:0000013,phenotype,dauer defective,8
8720,ZP:0001067,phenotype,"ceratobranchial cartilage aplastic, abnormal",8
8721,ZP:0018521,phenotype,"pancreatic B cell decreased area, abnormal",8
8722,SGD:S000001532,gene,CSE4,4
8723,MP:0010733,phenotype,abnormal axon initial segment morphology,8
8724,ClinVarVariant:417494,variant,NC_000023.10:g.(?_32862900)_(32867937_?)dup,10
8725,4175,drug,linagliptin,3
8726,ENSEMBL:ENSCAFG00000004956,gene,PAK1,4
8727,ZFIN:ZDB-GENE-041217-6,gene,prnpa,4
8728,ZP:0009597,phenotype,"membrane repolarization decreased rate, abnormal",8
8729,ZFIN:ZDB-GENE-121214-77,gene,clstn2b,4
8730,ZP:0101168,phenotype,"brain increased occurrence cell death, abnormal",8
8731,RGD:1305561,gene,Satb1,4
8732,ClinVarVariant:409907,variant,NM_004006.2(DMD):c.2202G>A (p.Trp734Ter),10
8733,ENSEMBL:ENSPTRG00000002413,gene,ENSEMBL:ENSPTRG00000002413,4
8734,HP:0004348,phenotype,Abnormality of bone mineral density,8
8735,dbSNP:rs1078793,variant,rs1078793-?,10
8736,ENSEMBL:ENSCAFG00000007151,gene,ENSEMBL:ENSCAFG00000007151,4
8737,ZP:0018731,phenotype,"motor nucleus of vagal nerve mislocalised, abnormal",8
8738,ClinVarVariant:832095,variant,NC_000023.11:g.(?_32452609)_(32699303_?)del,10
8739,FlyBase:FBgn0261563,gene,wb,4
8740,HP:0000750,phenotype,Delayed speech and language development,8
8741,MGI:1925668,gene,Pgm5,4
8742,MP:0002175,phenotype,decreased brain weight,8
8743,ZP:0003069,phenotype,"sensory neuron mislocalised, abnormal",8
8744,MGI:101781,gene,Sntb1,4
8745,ZP:0000744,phenotype,"central artery decreased diameter, abnormal",8
8746,HP:0030357,phenotype,Small cell lung carcinoma,8
8747,FlyBase:FBgn0034842,gene,Prosbeta5R1,4
8748,HP:0012433,phenotype,Abnormal social behavior,8
8749,971,drug,droxidopa,3
8750,ZFIN:ZDB-GENE-010426-1,gene,dmd,4
8751,EFO:0009458,phenotype,alcohol use disorder measurement,8
8752,ENSEMBL:ENSMMUG00000043096,gene,ENSEMBL:ENSMMUG00000043096,4
8753,ENSEMBL:ENSSSCG00000018007,gene,MYH3,4
8754,ENSEMBL:ENSCAFG00000004529,gene,VIM,4
8755,ClinVarVariant:660695,variant,NC_000023.11:g.(?_32595737)_(32595896_?)del,10
8756,ClinVarVariant:832179,variant,NC_000023.11:g.(?_31965029)_(32614463_?)del,10
8757,ClinVarVariant:11209,variant,NM_004006.2(DMD):c.2791G>T (p.Glu931Ter),10
8758,ENSEMBL:ENSSSCG00000027684,gene,TRIM63,4
8759,HGNC:5024,gene,HNF4A,4
8760,dbSNPIndividual:15871,genotype,DMD(EX31-43DEL); 46;XY.arr Xp21.1(32188980-32325583)x0 [GM02339],6
8761,Coriell:GM05263,biological artifact,NIGMS-GM05263,0
8762,ZP:0105760,phenotype,"motile cilium ependymal cell decreased length, abnormal",8
8763,HP:0002664,phenotype,Neoplasm,8
8764,HGNC:23279,gene,DYTN,4
8765,ZP:0001126,phenotype,"brain malformed, abnormal",8
8766,WBPhenotype:0000010,phenotype,drug hypersensitive,8
8767,MP:0000904,phenotype,abnormal superior colliculus morphology,8
8768,ZP:0003323,phenotype,"swimming behavior process quality, abnormal",8
8769,ClinVarVariant:11284,variant,NM_000109.4(DMD):c.353del (p.Asn118fs),10
8770,WBPhenotype:0000025,phenotype,blistered,8
8771,HP:0040013,phenotype,Decreased mitochondrial number,8
8772,HP:0040186,phenotype,Maculopapular exanthema,8
8773,ZP:0003030,phenotype,"spermatogenesis disrupted, abnormal",8
8774,HGNC:12635,gene,UTRN,4
8775,ENSEMBL:ENSOANG00000040983,gene,ENSEMBL:ENSOANG00000040983,4
8776,MGI:3798788,genotype,Dmd<mdx-5Cv>/Dmd<mdx-5Cv> [B6Ros.Cg-Dmd<mdx-5Cv>/J],6
8777,MP:0010299,phenotype,increased mammary gland tumor incidence,8
8778,ClinVarVariant:578631,variant,NM_000109.4(DMD):c.5431_5435dup (p.Asn1812fs),10
8779,Xenbase:XB-GENE-964270,gene,fkrp,4
8780,WBPhenotype:0002028,phenotype,mechanoreceptor current variant,8
8781,MP:0013971,phenotype,blood in lymph vessels,8
8782,ZP:0000403,phenotype,"gut hypoplastic, abnormal",8
8783,ZP:0000719,phenotype,"heart non-contractile, abnormal",8
8784,ZFIN:ZDB-GENE-120215-32,gene,tns1a,4
8785,ENSEMBL:ENSCAFG00000011392,gene,SSPN,4
8786,HP:0040006,phenotype,Mortality/Aging,8
8787,ENSEMBL:ENSACAG00000004092,gene,ENSEMBL:ENSACAG00000004092,4
8788,ENSEMBL:ENSBTAG00000004757,gene,LTBP4,4
8789,ZP:0020572,phenotype,"CaP motoneuron process quality synaptic signaling, abnormal",8
8790,ClinVarVariant:833501,variant,NC_000023.11:g.(?_32545139)_(32645172_?)del,10
8791,MP:0012246,phenotype,abnormal hepatic cord morphology,8
8792,ZP:0137878,phenotype,"outer limiting membrane broken, abnormal",8
8793,dbSNPIndividual:18833,genotype,46;X;t(X;18)(18qter->18q23::Xp21->Xqter;18pter->18q23::Xp21->Xpter)[33].arr[hg19] Xp21.1(32;849;282-33;138;059)x3;46;X;t(X;18)(Xqter>Xp21::18q23>18qter; 18pter>18q23::Xp21>Xpter);46;X;t(X;18)(Xqter>Xp21::18q23>18qter;18pter>18q23::Xp21>Xpter).ish t(X;18)(VIJ22050+; VIJ22050-) [GM09982],6
8794,MP:0010556,phenotype,thin ventricle myocardium compact layer,8
8795,ZP:0008582,phenotype,"portion of tissue cardiac ventricle increased thickness, abnormal",8
8796,HP:0010975,phenotype,Abnormal B cell count,8
8797,ZP:0003783,phenotype,"head increased process quality cell death, abnormal",8
8798,HP:0012506,phenotype,Small pituitary gland,8
8799,ClinVarVariant:526150,variant,NC_000023.11:g.(?_32809473)_(32849840_?)del,10
8800,ENSEMBL:ENSCAFG00000019927,gene,LAMC3,4
8801,MP:0006270,phenotype,abnormal mammary gland growth during lactation,8
8802,HP:0012272,phenotype,J wave,8
8803,HP:0002665,phenotype,Lymphoma,8
8804,ENSEMBL:ENSBTAG00000010880,gene,TNNI2,4
8805,MONDO:0004989,disease,breast carcinoma,2
8806,ClinVarVariant:455796,variant,NC_000023.11:g.(?_31348536)_(31479123_?)del,10
8807,ZFIN:ZDB-FISH-150901-18332,genotype,WT,6
8808,WBPhenotype:0002131,phenotype,muscle cell ultrastructure variant,8
8809,ClinVarVariant:492823,variant,NM_004006.2(DMD):c.2669T>A (p.Leu890Ter),10
8810,ClinVarVariant:526176,variant,NC_000023.11:g.(?_32517988)_(33339285_?)del,10
8811,HP:0040298,phenotype,Hyperplasia of the endometrium,8
8812,ENSEMBL:ENSGALG00000034399,gene,TNS2,4
8813,ZP:0008714,phenotype,"Golgi apparatus notochord morphology, abnormal",8
8814,HGNC:6490,gene,LAMB3,4
8815,MP:0003961,phenotype,decreased lean body mass,8
8816,ENSEMBL:ENSFCAG00000046678,gene,ENSEMBL:ENSFCAG00000046678,4
8817,ENSEMBL:ENSMODG00000004481,gene,ENSEMBL:ENSMODG00000004481,4
8818,ZP:0001502,phenotype,"muscle cell myotome degenerate, abnormal",8
8819,ClinVarVariant:833493,variant,NC_000023.11:g.(?_31609621)_(32365209_?)del,10
8820,ZP:0008321,phenotype,"ceratohyal cartilage kinked, abnormal",8
8821,2639,drug,thiothixene,3
8822,MP:0002650,phenotype,abnormal ameloblast morphology,8
8823,ZP:0001323,phenotype,"brain development disrupted, abnormal",8
8824,ClinVarVariant:803870,variant,NM_004006.3(DMD):c.4684A>T (p.Arg1562Ter),10
8825,dictyBase:DDB_G0267450,gene,pakC,4
8826,ENSEMBL:ENSPTRG00000014677,gene,ENSEMBL:ENSPTRG00000014677,4
8827,MP:0000267,phenotype,abnormal heart development,8
8828,MP:0013377,phenotype,abnormal sebocyte number,8
8829,ZP:0101903,phenotype,"facial nerve motor nucleus rhombomere 4 increased volume, abnormal",8
8830,4716,drug,ponatinib,3
8831,ZP:0006945,phenotype,"axon motor neuron disorganized, abnormal",8
8832,HP:0007565,phenotype,Multiple cafe-au-lait spots,8
8833,ZFIN:ZDB-GENE-040426-970,gene,tnni2a.2,4
8834,MP:0002066,phenotype,abnormal motor capabilities/coordination/movement,8
8835,ENSEMBL:ENSOANG00000043468,gene,ENSEMBL:ENSOANG00000043468,4
8836,WBPhenotype:0000306,phenotype,transgene expression variant,8
8837,MP:0001569,phenotype,abnormal circulating bilirubin level,8
8838,HGNC:19214,gene,SHKBP1,4
8839,ClinVarVariant:94530,variant,NM_004006.2(DMD):c.2650C>T (p.Gln884Ter),10
8840,ZFIN:ZDB-GENE-131121-511,gene,sntb2,4
8841,ZP:0005490,phenotype,"cardiac ventricle immature, abnormal",8
8842,MP:0005289,phenotype,increased oxygen consumption,8
8843,HP:0100750,phenotype,Atelectasis,8
8844,ENSEMBL:ENSECAG00000021011,gene,ENSEMBL:ENSECAG00000021011,4
8845,RGD:2507,gene,Dmd,4
8846,HP:0001328,phenotype,Specific learning disability,8
8847,ClinVarVariant:832129,variant,NC_000023.11:g.(?_32644122)_(32645162_?)dup,10
8848,ClinVarVariant:417491,variant,NC_000023.10:g.(?_32305646)_(32328393_?)dup,10
8849,HGNC:10769,gene,SF3B2,4
8850,WBPhenotype:0000120,phenotype,protein expression reduced,8
8851,ZP:0000672,phenotype,"chondrocyte stacked, abnormal",8
8852,ENSEMBL:ENSGALG00000000657,gene,ENSEMBL:ENSGALG00000000657,4
8853,ZP:0000335,phenotype,"blood circulation disrupted, abnormal",8
8854,ENSEMBL:ENSMODG00000010195,gene,ENSEMBL:ENSMODG00000010195,4
8855,ENSEMBL:ENSMMUG00000011142,gene,ENSEMBL:ENSMMUG00000011142,4
8856,EFO:0004695,phenotype,intraocular pressure measurement,8
8857,ENSEMBL:ENSOANG00000031935,gene,ENSEMBL:ENSOANG00000031935,4
8858,ZP:0002183,phenotype,"axonogenesis disrupted, abnormal",8
8859,ENSEMBL:ENSSSCG00000009925,gene,GIT2,4
8860,MP:0001529,phenotype,abnormal vocalization,8
8861,ClinVarVariant:803886,variant,NM_004006.3(DMD):c.3795G>A (p.Trp1265Ter),10
8862,MONARCH:APO_0000028APO_0000003,phenotype,invasive growth:decreased,8
8863,HP:0007957,phenotype,Corneal opacity,8
8864,ENSEMBL:ENSACAG00000011527,gene,ENSEMBL:ENSACAG00000011527,4
8865,ENSEMBL:ENSMODG00000006641,gene,ENSEMBL:ENSMODG00000006641,4
8866,ENSEMBL:ENSCAFG00000011207,gene,ENSEMBL:ENSCAFG00000011207,4
8867,ZP:0019342,phenotype,"cell adhesion process quality, abnormal",8
8868,ENSEMBL:ENSGALG00000013022,gene,CACNA1C,4
8869,ENSEMBL:ENSFCAG00000007330,gene,ENSEMBL:ENSFCAG00000007330,4
8870,WBPhenotype:0001945,phenotype,oocytes small,8
8871,Coriell:GM06007,biological artifact,NIGMS-GM06007,0
8872,ENSEMBL:ENSMMUG00000002336,gene,ENSEMBL:ENSMMUG00000002336,4
8873,ENSEMBL:ENSPTRG00000050198,gene,ENSEMBL:ENSPTRG00000050198,4
8874,ZP:0000661,phenotype,"embryonic cranial skeleton morphogenesis disrupted, abnormal",8
8875,MGI:98780,gene,Tnnc2,4
8876,WormBase:WBGene00045385,gene,lgc-24,4
8877,MP:0008214,phenotype,increased immature B cell number,8
8878,ClinVarVariant:803854,variant,NM_004006.3(DMD):c.6151del (p.Arg2051fs),10
8879,ZP:0014412,phenotype,"myosin filament assembly arrested, abnormal",8
8880,HP:0000027,phenotype,Azoospermia,8
8881,2424,drug,scopolamine,3
8882,OMIM:300377.0029,variant,"DMD, GLN60TER",10
8883,HP:0011124,phenotype,Abnormal epidermal morphology,8
8884,PomBase:SPBC16E9.11c,gene,pub3,4
8885,ENSEMBL:ENSMMUG00000018739,gene,ENSEMBL:ENSMMUG00000018739,4
8886,ENSEMBL:ENSMODG00000040618,gene,ENSEMBL:ENSMODG00000040618,4
8887,dictyBase:DDB_G0280133,gene,DDB_G0280133,4
8888,MP:0010503,phenotype,myocardial trabeculae hypoplasia,8
8889,ZP:0001334,phenotype,"somite malformed, abnormal",8
8890,ClinVarVariant:217184,variant,NM_004006.2(DMD):c.2407C>T (p.Gln803Ter),10
8891,HP:0008587,phenotype,Mild neurosensory hearing impairment,8
8892,ZP:0000713,phenotype,"cardiac ventricle decreased functionality, abnormal",8
8893,ZP:0018641,phenotype,"cardiac ventricle increased distribution, abnormal",8
8894,SGD:S000005242,gene,CLA4,4
8895,ZP:0005491,phenotype,"cardiac ventricle curvature, abnormal",8
8896,ENSEMBL:ENSGALG00000042388,gene,A0A3Q2TS00,4
8897,ZP:0005689,phenotype,"fast muscle cell has fewer parts of type nucleus fast muscle cell, abnormal",8
8898,MGI:3798607,genotype,Dmd<mdx> [C57BL/10ScSn-Dmd<mdx>],6
8899,ENSEMBL:ENSECAG00000022080,gene,ENSEMBL:ENSECAG00000022080,4
8900,ZP:0000727,phenotype,"hematopoietic multipotent progenitor cell thymus decreased amount, abnormal",8
8901,ClinVarVariant:983944,variant,NM_004006.3(DMD):c.4649T>A (p.Leu1550Ter),10
8902,RGD:619909,gene,Haus1,4
8903,ENSEMBL:ENSACAG00000013847,gene,ENSEMBL:ENSACAG00000013847,4
8904,HGNC:9966,gene,REST,4
8905,MP:0003008,phenotype,enhanced long term potentiation,8
8906,WBPhenotype:0001235,phenotype,cell division polarity variant,8
8907,MGI:1349385,gene,Dysf,4
8908,ZP:0004032,phenotype,"margin constricted, abnormal",8
8909,EnsemblGenome:BAE76841,gene,EnsemblGenome:BAE76841,4
8910,ENSEMBL:ENSACAG00000012949,gene,ENSEMBL:ENSACAG00000012949,4
8911,MP:0011395,phenotype,decreased fetal cardiomyocyte proliferation,8
8912,ZFIN:ZDB-GENE-070112-2192,gene,git2b,4
8913,ENSEMBL:ENSCAFG00000010068,gene,ENSEMBL:ENSCAFG00000010068,4
8914,ENSEMBL:ENSACAG00000011238,gene,ENSEMBL:ENSACAG00000011238,4
8915,FlyBase:FBal0244098,biological artifact,Dys[dsRNA.N.UAS],0
8916,ClinVarVariant:217203,variant,NM_004006.2(DMD):c.5461G>T (p.Glu1821Ter),10
8917,ENSEMBL:ENSFCAG00000000329,gene,ENSEMBL:ENSFCAG00000000329,4
8918,HP:0001249,phenotype,Intellectual disability,8
8919,WBPhenotype:0000761,phenotype,spindle position orientation defective early emb,8
8920,WBPhenotype:0000095,phenotype,M lineage variant,8
8921,ZP:0001091,phenotype,"post-vent region increased curvature, abnormal",8
8922,ZP:0020573,phenotype,"synapse CaP motoneuron decreased amount, abnormal",8
8923,ZP:0007648,phenotype,"cell division decreased occurrence, abnormal",8
8924,MP:0001412,phenotype,excessive scratching,8
8925,MP:0011184,phenotype,absent embryonic epiblast,8
8926,HGNC:6857,gene,MAP3K5,4
8927,MP:0012143,phenotype,decreased a-wave amplitude,8
8928,WBPhenotype:0001012,phenotype,organism pathogen response variant,8
8929,ENSEMBL:ENSMODG00000021170,gene,ENSEMBL:ENSMODG00000021170,4
8930,ENSEMBL:ENSFCAG00000006308,gene,ENSEMBL:ENSFCAG00000006308,4
8931,ZP:0003040,phenotype,"basal part of cell neuroepithelial cell increased width, abnormal",8
8932,ZP:0014350,phenotype,"musculoskeletal movement decreased magnitude, abnormal",8
8933,HP:0030639,phenotype,Congenital stationary night blindness with abnormal fundus,8
8934,ClinVarVariant:803898,variant,NM_004006.3(DMD):c.3110_3111del (p.Val1037fs),10
8935,ENSEMBL:ENSMMUG00000014027,gene,ENSEMBL:ENSMMUG00000014027,4
8936,ClinVarVariant:803838,variant,NM_004006.3(DMD):c.7309+1G>T,10
8937,ClinVarVariant:934553,variant,NM_004006.3(DMD):c.4057G>T (p.Glu1353Ter),10
8938,ZP:0000637,phenotype,"post-vent region curved, abnormal",8
8939,ENSEMBL:ENSCAFG00000011140,gene,ENSEMBL:ENSCAFG00000011140,4
8940,ENSEMBL:ENSSSCG00000012022,gene,APP,4
8941,Xenbase:XB-GENE-1005654,gene,kif15,4
8942,Xenbase:XB-GENE-486987,gene,tnni3,4
8943,MP:0014126,phenotype,increased mammary gland apoptosis,8
8944,MGI:1933820,gene,Jam2,4
8945,ENSEMBL:ENSMMUG00000022136,gene,ENSEMBL:ENSMMUG00000022136,4
8946,ZP:0003061,phenotype,"ventricular cardiac myofibril assembly disrupted, abnormal",8
8947,ENSEMBL:ENSMMUG00000014887,gene,ENSEMBL:ENSMMUG00000014887,4
8948,HP:0008711,phenotype,Benign prostatic hyperplasia,8
8949,ClinVarVariant:11283,variant,NM_004006.3(DMD):c.3940C>T (p.Arg1314Ter),10
8950,ClinVarVariant:526040,variant,NM_000109.4(DMD):c.3689del (p.Lys1230fs),10
8951,ENSEMBL:ENSPTRG00000014581,gene,ENSEMBL:ENSPTRG00000014581,4
8952,ENSEMBL:ENSECAG00000015182,gene,ENSEMBL:ENSECAG00000015182,4
8953,ENSEMBL:ENSPTRG00000034200,gene,ENSEMBL:ENSPTRG00000034200,4
8954,MP:0009640,phenotype,abnormal renal tubule epithelium morphology,8
8955,ENSEMBL:ENSPTRG00000009097,gene,ENSEMBL:ENSPTRG00000009097,4
8956,RGD:621023,gene,Lama5,4
8957,HP:0000280,phenotype,Coarse facial features,8
8958,ZP:0005816,phenotype,"eye photoreceptor cell apoptotic, abnormal",8
8959,ENSEMBL:ENSFCAG00000015391,gene,ENSEMBL:ENSFCAG00000015391,4
8960,MP:0000277,phenotype,abnormal heart shape,8
8961,OMIM:300377.0004,variant,"DMD, GLN1851TER",10
8962,HP:0001762,phenotype,Talipes equinovarus,8
8963,ENSEMBL:ENSSSCG00000008282,gene,ENSEMBL:ENSSSCG00000008282,4
8964,MP:0004597,phenotype,increased susceptibility to noise-induced hearing loss,8
8965,WormBase:WBGene00003495,gene,mup-2,4
8966,ENSEMBL:ENSOANG00000013307,gene,ENSEMBL:ENSOANG00000013307,4
8967,ZP:0100178,phenotype,"mitochondrion fast muscle cell swollen, abnormal",8
8968,MP:0004762,phenotype,increased anti-double stranded DNA antibody level,8
8969,ENSEMBL:ENSECAG00000008742,gene,ENSEMBL:ENSECAG00000008742,4
8970,MP:0005380,phenotype,embryo phenotype,8
8971,WBPhenotype:0001165,phenotype,excess maternal pronucleus early emb,8
8972,ZP:0018606,phenotype,"rhombomere 4 decreased length, abnormal",8
8973,HP:0001892,phenotype,Abnormal bleeding,8
8974,dictyBase:DDB_G0285453,gene,DDB0230013,4
8975,ENSEMBL:ENSCAFG00000009404,gene,TNNC1,4
8976,ENSEMBL:ENSMMUG00000020471,gene,ENSEMBL:ENSMMUG00000020471,4
8977,Xenbase:XB-GENE-5743884,gene,arf6,4
8978,MMRRC:050930,biological artifact,B10.Cg-Tg(DMD)72Thoen/DuaMmmh,0
8979,ClinVarVariant:584157,variant,NC_000023.11:g.(?_31609621)_(31968534_?)del,10
8980,ZP:0002506,phenotype,"heart looping process quality, abnormal",8
8981,EFO:0008393,phenotype,reaction time measurement,8
8982,MP:0020135,phenotype,abnormal heart ventricle wall thickness,8
8983,WBPhenotype:0000134,phenotype,gene expression level reduced,8
8984,ZFIN:ZDB-GENE-051127-39,gene,actn2b,4
8985,ENSEMBL:ENSACAG00000010772,gene,ENSEMBL:ENSACAG00000010772,4
8986,dictyBase:DDB_G0289507,gene,act25,4
8987,ENSEMBL:ENSMODG00000001377,gene,ENSEMBL:ENSMODG00000001377,4
8988,MP:0009967,phenotype,abnormal neuron proliferation,8
8989,FlyBase:FBgn0053098,gene,CG33098,4
8990,ClinVarVariant:984215,variant,NM_004006.3(DMD):c.8329A>T (p.Arg2777Ter),10
8991,ClinVarVariant:953819,variant,NM_004006.3(DMD):c.2949+2T>C,10
8992,ZP:0106038,phenotype,"macrophage increased occurrence phagocytosis, abnormal",8
8993,HP:0008887,phenotype,Adipose tissue loss,8
8994,ClinVarVariant:832627,variant,NC_000023.11:g.(?_32287519)_(32343296_?)dup,10
8995,WBPhenotype:0001950,phenotype,diplotene region organization variant,8
8996,FBcv:0000438,phenotype,electrophoretic variant,8
8997,WBPhenotype:0000316,phenotype,touch resistant tail,8
8998,MGI:87961,gene,Agrn,4
8999,ZFIN:ZDB-GENE-060531-50,gene,myha,4
9000,WBPhenotype:0000241,phenotype,accumulated cell corpses,8
9001,HP:0002179,phenotype,Opisthotonus,8
9002,MGI:107877,gene,Prkcsh,4
9003,HP:0002070,phenotype,Limb ataxia,8
9004,MGI:6438148,variant,Dmd<em4Eno>,10
9005,MP:0004036,phenotype,abnormal muscle relaxation,8
9006,ZP:0000400,phenotype,"lens quality, abnormal",8
9007,ClinVarVariant:658986,variant,NC_000023.11:g.(?_31609621)_(31774202_?)del,10
9008,MP:0011820,phenotype,decreased pancreatic beta cell proliferation,8
9009,ClinVarVariant:492822,variant,NM_000109.4(DMD):c.606del (p.Lys203fs),10
9010,WBPhenotype:0000324,phenotype,short,8
9011,MP:0013848,phenotype,subcutaneous edema,8
9012,HP:0100244,phenotype,Fibrosarcoma,8
9013,MP:0010742,phenotype,increased Schwann cell number,8
9014,MP:0005042,phenotype,abnormal level of surface class II molecules,8
9015,FlyBase:FBgn0010333,gene,Rac1,4
9016,ENSEMBL:ENSSSCG00000017614,gene,TRIM25,4
9017,dictyBase:DDB_G0269912,gene,redB,4
9018,ZP:0000030,phenotype,"skeletal muscle fiber development disrupted, abnormal",8
9019,ZP:0001490,phenotype,"myofibril somite structure, abnormal",8
9020,EFO:0004621,phenotype,vitamin B6 measurement,8
9021,HP:0011028,phenotype,Abnormality of blood circulation,8
9022,MP:0020849,phenotype,abnormal actin cytoskeleton morphology,8
9023,ENSEMBL:ENSFCAG00000004295,gene,ENSEMBL:ENSFCAG00000004295,4
9024,EFO:0004326,phenotype,heart rate,8
9025,ClinVarVariant:583527,variant,NC_000023.10:g.(?_32827590)_(32867957_?)dup,10
9026,ZP:0003099,phenotype,"pharyngeal arch morphology, abnormal",8
9027,ENSEMBL:ENSSSCG00000003137,gene,PLEKHA4,4
9028,1066,drug,estramustine phosphate,3
9029,ENSEMBL:ENSACAG00000000054,gene,ENSEMBL:ENSACAG00000000054,4
9030,HP:0002385,phenotype,Paraparesis,8
9031,ZP:0002950,phenotype,"vertical myoseptum increased width, abnormal",8
9032,ZP:0003361,phenotype,"cell notochord circular, abnormal",8
9033,ENSEMBL:ENSBTAG00000015303,gene,ENSEMBL:ENSBTAG00000015303,4
9034,ZP:0000752,phenotype,"cardiac muscle cell increased amount, abnormal",8
9035,dictyBase:DDB_G0269902,gene,act26,4
9036,ClinVarVariant:455829,variant,NC_000023.11:g.(?_32287509)_(32287721_?)del,10
9037,dictyBase:DDB_G0268316,gene,DDB0202116,4
9038,ENSEMBL:ENSBTAG00000002023,gene,NOS1,4
9039,HP:0000008,phenotype,Abnormal morphology of female internal genitalia,8
9040,ENSEMBL:ENSMODG00000015807,gene,ENSEMBL:ENSMODG00000015807,4
9041,ZP:0003059,phenotype,"peripheral nervous system neuron axonogenesis increased rate, abnormal",8
9042,MP:0003821,phenotype,decreased left ventricle diastolic pressure,8
9043,HP:0100519,phenotype,Anuria,8
9044,MGI:1346052,gene,Apc2,4
9045,ENSEMBL:ENSGALG00000038469,gene,ENSEMBL:ENSGALG00000038469,4
9046,HGNC:659,gene,ARF6,4
9047,Xenbase:XB-GENE-5879626,gene,lamtor1,4
9048,FlyBase:FBgn0001978,gene,stc,4
9049,HP:0001320,phenotype,Cerebellar vermis hypoplasia,8
9050,MP:0009977,phenotype,abnormal cerebellar granule cell migration,8
9051,HP:0000123,phenotype,Nephritis,8
9052,MP:0012702,phenotype,increased embryonic neuroepithelium thickness,8
9053,ZP:0005883,phenotype,"embryonic pectoral fin morphogenesis process quality, abnormal",8
9054,HP:0012115,phenotype,Hepatitis,8
9055,ENSEMBL:ENSMMUG00000009222,gene,ENSEMBL:ENSMMUG00000009222,4
9056,ClinVarVariant:832468,variant,NC_000023.11:g.(?_31323588)_(31323668_?)del,10
9057,ZP:0020519,phenotype,"trunk increased distribution, abnormal",8
9058,ZFIN:ZDB-GENE-131120-86,gene,ifit16,4
9059,MONARCH:APO_0000090APO_0000004,phenotype,metal resistance:increased,8
9060,HP:0002791,phenotype,Hypoventilation,8
9061,PomBase:SPBC1D7.05,gene,byr2,4
9062,dbSNP:rs61903333,variant,rs61903333-?,10
9063,ZP:0012365,phenotype,"Z disc skeletal muscle cell spatial pattern, abnormal",8
9064,ClinVarVariant:639861,variant,NC_000023.11:g.(?_31819965)_(31932237_?)del,10
9065,ENSEMBL:ENSCAFG00000000957,gene,SNTB1,4
9066,ClinVarVariant:526177,variant,NC_000023.10:g.(?_31838072)_(32563471_?)dup,10
9067,ClinVarVariant:853071,variant,NM_004006.3(DMD):c.1703del (p.Gln568fs),10
9068,MP:0005390,phenotype,skeleton phenotype,8
9069,ZP:0101214,phenotype,"BMP signaling pathway decreased occurrence, abnormal",8
9070,ZFIN:ZDB-GENE-060118-1,gene,lama1,4
9071,ClinVarVariant:803788,variant,NM_004006.3(DMD):c.10224-1dup,10
9072,MP:0001240,phenotype,abnormal epidermis stratum corneum morphology,8
9073,ENSEMBL:ENSSSCG00000004498,gene,ENSEMBL:ENSSSCG00000004498,4
9074,MP:0020844,phenotype,abnormal pulmonary respiratory rate response,8
9075,ZP:0000269,phenotype,"Meckel's cartilage morphology, abnormal",8
9076,ENSEMBL:ENSSSCG00000003103,gene,FKRP,4
9077,MP:0003484,phenotype,abnormal channel response,8
9078,HP:0001909,phenotype,Leukemia,8
9079,HP:0000859,phenotype,Hyperaldosteronism,8
9080,MP:0031085,phenotype,increased erythrocyte osmotic fragility,8
9081,ZP:0000004,phenotype,"determination of left/right asymmetry in lateral mesoderm disrupted, abnormal",8
9082,MP:0009176,phenotype,increased pancreatic alpha cell number,8
9083,HP:0000571,phenotype,Hypometric saccades,8
9084,ClinVarVariant:409925,variant,NM_004006.3(DMD):c.5100_5101del (p.Leu1701fs),10
9085,ENSEMBL:ENSACAG00000013695,gene,ENSEMBL:ENSACAG00000013695,4
9086,Xenbase:XB-GENE-984634,gene,lama3,4
9087,ENSEMBL:ENSOANG00000002875,gene,ENSEMBL:ENSOANG00000002875,4
9088,ENSEMBL:ENSCAFG00000004223,gene,DTNB,4
9089,dictyBase:DDB_G0283983,gene,DDB0218548,4
9090,ClinVarVariant:11225,variant,NM_004006.2(DMD):c.433C>T (p.Arg145Ter),10
9091,ZP:0018618,phenotype,"cell body microglial cell increased volume, abnormal",8
9092,ENSEMBL:ENSACAG00000006911,gene,ENSEMBL:ENSACAG00000006911,4
9093,ZP:0010930,phenotype,"interrenal primordium position, abnormal",8
9094,Xenbase:XB-GENE-1020985,gene,nfx1,4
9095,Xenbase:XB-GENE-6041092,gene,lrrc8e,4
9096,ZP:0020570,phenotype,"CaP motoneuron decreased process quality synaptic vesicle exocytosis, abnormal",8
9097,WBPhenotype:0000438,phenotype,retarded heterochronic variations,8
9098,MONARCH:APO_0000080APO_0000004,phenotype,stress resistance:increased,8
9099,dictyBase:DDB_G0274603,gene,kif9,4
9100,MGI:1913496,gene,Osgep,4
9101,ClinVarVariant:644839,variant,NC_000023.11:g.(?_32411742)_(32699303_?)del,10
9102,ZP:0000026,phenotype,"trunk decreased length, abnormal",8
9103,ENSEMBL:ENSACAG00000005293,gene,ENSEMBL:ENSACAG00000005293,4
9104,NCBITaxon:9606,taxon,Homo sapiens,9
9105,FlyBase:FBgn0267698,gene,Pak,4
9106,ENSEMBL:ENSMODG00000014962,gene,ENSEMBL:ENSMODG00000014962,4
9107,HP:0007772,phenotype,Impaired smooth pursuit,8
9108,MP:0001186,phenotype,pigmentation phenotype,8
9109,HP:0002370,phenotype,Poor coordination,8
9110,ENSEMBL:ENSCAFG00000010725,gene,ENSEMBL:ENSCAFG00000010725,4
9111,ENSEMBL:ENSACAG00000015986,gene,ENSEMBL:ENSACAG00000015986,4
9112,ZP:0100129,phenotype,"skeletal muscle decreased occurrence skeletal myofibril assembly, abnormal",8
9113,WBPhenotype:0002172,phenotype,pathogen release variant,8
9114,MESH:D013654,drug,Taurine,3
9115,MP:0009421,phenotype,increased gastrocnemius weight,8
9116,MP:0004808,phenotype,abnormal hematopoietic stem cell morphology,8
9117,RGD:61948,gene,Tmod2,4
9118,ENSEMBL:ENSMMUG00000005882,gene,ENSEMBL:ENSMMUG00000005882,4
9119,FBcv:0002033,phenotype,lethal - all die during embryonic stage,8
9120,ZP:0008734,phenotype,"muscle cell irregular spatial pattern, abnormal",8
9121,MP:0001697,phenotype,abnormal embryo size,8
9122,WormBase:WBGene00000044,gene,acr-5,4
9123,WormBase:WBGene00003609,gene,nhr-10,4
9124,ClinVarVariant:665637,variant,NC_000023.11:g.(?_31729621)_(31968524_?)del,10
9125,ENSEMBL:ENSFCAG00000003822,gene,ENSEMBL:ENSFCAG00000003822,4
9126,MP:0009874,phenotype,abnormal interdigital cell death,8
9127,ENSEMBL:ENSGALG00000001343,gene,ENSEMBL:ENSGALG00000001343,4
9128,ClinVarVariant:94623,variant,NM_004006.2(DMD):c.4375C>T (p.Arg1459Ter),10
9129,MP:0020395,phenotype,abnormal response to social novelty,8
9130,dictyBase:DDB_G0289487,gene,act3,4
9131,ENSEMBL:ENSMODG00000009498,gene,ENSEMBL:ENSMODG00000009498,4
9132,ENSEMBL:ENSECAG00000018584,gene,ENSEMBL:ENSECAG00000018584,4
9133,MP:0009450,phenotype,abnormal axon fasciculation,8
9134,ENSEMBL:ENSGALG00000043724,gene,ENSEMBL:ENSGALG00000043724,4
9135,ENSEMBL:ENSBTAG00000018463,gene,ENSEMBL:ENSBTAG00000018463,4
9136,GO:0030175,molecular function,filopodium,7
9137,HP:0003429,phenotype,CNS hypomyelination,8
9138,ZP:0102144,phenotype,"notochord development decreased process quality, abnormal",8
9139,ENSEMBL:ENSSSCG00000010144,gene,ACTN2,4
9140,ZP:0004684,phenotype,"protein localization to adherens junction arrested, abnormal",8
9141,4138,drug,gentian violet,3
9142,MP:0009763,phenotype,increased sensitivity to induced morbidity/mortality,8
9143,ENSEMBL:ENSCAFG00000018439,gene,ITGA1,4
9144,HP:0006572,phenotype,Subacute progressive viral hepatitis,8
9145,ZFIN:ZDB-GENE-050320-69,gene,capn2a,4
9146,ZP:0005797,phenotype,"response to light stimulus arrested, abnormal",8
9147,HP:0000602,phenotype,Ophthalmoplegia,8
9148,ENSEMBL:ENSSSCG00000026041,gene,MAP3K5,4
9149,HGNC:7872,gene,NOS1,4
9150,ENSEMBL:ENSFCAG00000011941,gene,ENSEMBL:ENSFCAG00000011941,4
9151,MP:0005029,phenotype,abnormal amnion morphology,8
9152,ENSEMBL:ENSPTRG00000008768,gene,ENSEMBL:ENSPTRG00000008768,4
9153,MP:0008284,phenotype,abnormal hippocampus pyramidal cell layer,8
9154,HGNC:11873,gene,TMOD3,4
9155,MP:0001203,phenotype,increased sensitivity to skin irradiation,8
9156,HP:0002031,phenotype,Abnormal esophagus morphology,8
9157,HP:0005145,phenotype,Coronary artery stenosis,8
9158,OMIM:300377.0072,variant,"DMD, 8-BP DEL, 1-BP INS, NT10692",10
9159,ZP:0131089,phenotype,"atrioventricular canal endocardium decreased occurrence cell migration, abnormal",8
9160,ClinVarVariant:455827,variant,NC_000023.11:g.(?_32216896)_(32501862_?)del,10
9161,Xenbase:XB-GENE-1013765,gene,tcap,4
9162,RGD:1311276,gene,Sntg2,4
9163,MP:0001727,phenotype,abnormal embryo implantation,8
9164,ENSEMBL:ENSMODG00000038443,gene,ENSEMBL:ENSMODG00000038443,4
9165,MP:0009749,phenotype,enhanced behavioral response to addictive substance,8
9166,ENSEMBL:ENSFCAG00000002530,gene,ENSEMBL:ENSFCAG00000002530,4
9167,MP:0009922,phenotype,increased transitional stage T1 B cell number,8
9168,ENSEMBL:ENSFCAG00000007901,gene,ENSEMBL:ENSFCAG00000007901,4
9169,ClinVarVariant:803943,variant,NM_004006.3(DMD):c.693C>G (p.Tyr231Ter),10
9170,ZFIN:ZDB-GENE-121214-248,gene,ifit10,4
9171,ENSEMBL:ENSGALG00000013437,gene,GAN,4
9172,ENSEMBL:ENSBTAG00000005523,gene,ENSEMBL:ENSBTAG00000005523,4
9173,MP:0010103,phenotype,small thoracic cage,8
9174,HP:0001873,phenotype,Thrombocytopenia,8
9175,MP:0009959,phenotype,abnormal cerebellar hemisphere morphology,8
9176,FBcv:0000356,phenotype,abnormal body color,8
9177,MONARCH:APO_0000098APO_0000005,phenotype,utilization of carbon source:absent,8
9178,ZP:0002939,phenotype,"T-tubule organization process quality, abnormal",8
9179,ENSEMBL:ENSMMUG00000022086,gene,ENSEMBL:ENSMMUG00000022086,4
9180,ClinVarVariant:984094,variant,NM_004006.3(DMD):c.10807G>T (p.Glu3603Ter),10
9181,ENSEMBL:ENSACAG00000012342,gene,ENSEMBL:ENSACAG00000012342,4
9182,MONARCH:APO_0000204APO_0000117,phenotype,hyperosmotic stress resistance:normal,8
9183,HP:0000069,phenotype,Abnormality of the ureter,8
9184,ZP:0004526,phenotype,"cardiac muscle cell shape, abnormal",8
9185,WormBase:WBGene00000051,gene,acr-12,4
9186,WormBase:WBGene00009585,gene,cal-7,4
9187,ENSEMBL:ENSECAG00000013328,gene,ENSEMBL:ENSECAG00000013328,4
9188,ENSEMBL:ENSMMUG00000019009,gene,ENSEMBL:ENSMMUG00000019009,4
9189,ENSEMBL:ENSMODG00000010868,gene,ENSEMBL:ENSMODG00000010868,4
9190,HP:0012447,phenotype,Abnormal myelination,8
9191,ClinVarVariant:11240,variant,"DMD, 1-BP INS, 402A",10
9192,ENSEMBL:ENSBTAG00000008938,gene,SRC,4
9193,MP:0000756,phenotype,forelimb paralysis,8
9194,ENSEMBL:ENSFCAG00000001580,gene,ENSEMBL:ENSFCAG00000001580,4
9195,ZP:0004595,phenotype,"pancreatic B cell increased amount, abnormal",8
9196,FlyBase:FBgn0085447,gene,sif,4
9197,ClinVarVariant:953523,variant,NM_004006.3(DMD):c.5704_5707del (p.Ser1902fs),10
9198,ENSEMBL:ENSACAG00000001823,gene,ENSEMBL:ENSACAG00000001823,4
9199,RGD:621053,gene,Lamc2,4
9200,ClinVarVariant:984220,variant,NM_004006.3(DMD):c.6175A>T (p.Lys2059Ter),10
9201,ZP:0011758,phenotype,"whole organism lacks parts or has fewer parts of type portion of tissue, abnormal",8
9202,MP:0008477,phenotype,decreased spleen red pulp amount,8
9203,ZP:0014277,phenotype,"wound healing decreased process quality, abnormal",8
9204,MP:0000930,phenotype,wavy neural tube,8
9205,ClinVarVariant:662857,variant,NC_000023.11:g.(?_32823285)_(32849830_?)del,10
9206,Xenbase:XB-GENE-1013749,gene,pak4,4
9207,ENSEMBL:ENSECAG00000014495,gene,ENSEMBL:ENSECAG00000014495,4
9208,ZP:0012097,phenotype,"myoseptum morphology, abnormal",8
9209,MONARCH:APO_0000034APO_0000003,phenotype,mating efficiency:decreased,8
9210,HP:0011599,phenotype,Mesocardia,8
9211,ENSEMBL:ENSMODG00000002704,gene,ENSEMBL:ENSMODG00000002704,4
9212,MP:0008617,phenotype,increased circulating interleukin-12 level,8
9213,MP:0005475,phenotype,abnormal circulating thyroxine level,8
9214,MGI:107570,gene,Cav3,4
9215,ZP:0005008,phenotype,"neuromast hair cell physical object quality, abnormal",8
9216,NCBITaxon:284812,taxon,Schizosaccharomyces pombe 972h-,9
9217,4483,drug,carfilzomib,3
9218,ZP:0003066,phenotype,"atrium contractility, abnormal",8
9219,Xenbase:XB-GENE-5821388,gene,spef2,4
9220,ZP:0009073,phenotype,"neuronal cell body rhombomere 7 mislocalised, abnormal",8
9221,ENSEMBL:ENSFCAG00000013751,gene,ENSEMBL:ENSFCAG00000013751,4
9222,MONARCH:APO_0000105APO_0000002,phenotype,mitochondrial genome maintenance:abnormal,8
9223,ZFIN:ZDB-GENE-991019-4,gene,kif23,4
9224,ClinVarVariant:11253,variant,"DMD, 1-BP INS, NT2928",10
9225,ZP:0000721,phenotype,"basibranchial condensed, abnormal",8
9226,HP:0012126,phenotype,Stomach cancer,8
9227,2835,drug,nicotinic acid,3
9228,ZP:0000856,phenotype,"whole organism curved ventral, abnormal",8
9229,ZP:0106117,phenotype,"sarcomere atrium increased width, abnormal",8
9230,MP:0001825,phenotype,arrested T cell differentiation,8
9231,HP:0000405,phenotype,Conductive hearing impairment,8
9232,ClinVarVariant:11266,variant,NM_000109.4(DMD):c.7378G>T (p.Glu2460Ter),10
9233,Q8IXJ6,gene product,NAD-dependent protein deacetylase sirtuin-2,5
9234,HP:0000982,phenotype,Palmoplantar keratoderma,8
9235,ZP:0011511,phenotype,"postoptic commissure has fewer parts of type astrocyte, abnormal",8
9236,ClinVarVariant:830826,variant,NC_000023.11:g.(?_32501745)_(32545344_?)dup,10
9237,MP:0001701,phenotype,incomplete embryo turning,8
9238,WBPhenotype:0001354,phenotype,actin cytoskeleton filament morphology phenotype,8
9239,GO:0005856,molecular function,cytoskeleton,7
9240,HP:0000668,phenotype,Hypodontia,8
9241,MP:0008476,phenotype,increased spleen red pulp amount,8
9242,ENSEMBL:ENSMMUG00000002607,gene,ENSEMBL:ENSMMUG00000002607,4
9243,MP:0012700,phenotype,abnormal endocardial heart tube morphology,8
9244,ZP:0010745,phenotype,"skeletal muscle broken, abnormal",8
9245,dictyBase:DDB_G0276077,gene,mlcR,4
9246,ZP:0001563,phenotype,"axon guidance process quality, abnormal",8
9247,ENSEMBL:ENSACAG00000016418,gene,ENSEMBL:ENSACAG00000016418,4
9248,ZP:0006779,phenotype,"perichondral bone has extra parts of type osteoblast, abnormal",8
9249,ClinVarVariant:11211,variant,NM_004006.2(DMD):c.8944C>T (p.Arg2982Ter),10
9250,ClinVarVariant:11252,variant,"DMD, 52-BP DEL",10
9251,MP:0011016,phenotype,increased core body temperature,8
9252,ZP:0005806,phenotype,"central region retina apoptotic, abnormal",8
9253,RGD:1311574,gene,Terf1,4
9254,ENSEMBL:ENSACAG00000007441,gene,ENSEMBL:ENSACAG00000007441,4
9255,ENSEMBL:ENSXETG00000039354,gene,cuzd1.2,4
9256,HP:0000601,phenotype,Hypotelorism,8
9257,ENSEMBL:ENSMODG00000005185,gene,ENSEMBL:ENSMODG00000005185,4
9258,ZFIN:ZDB-GENE-021011-2,gene,pak2a,4
9259,HP:0003701,phenotype,Proximal muscle weakness,8
9260,ENSEMBL:ENSMMUG00000002668,gene,ENSEMBL:ENSMMUG00000002668,4
9261,ClinVarVariant:94684,variant,NM_004006.2(DMD):c.583C>T (p.Arg195Ter),10
9262,ENSEMBL:ENSGALG00000015086,gene,ENSEMBL:ENSGALG00000015086,4
9263,ENSEMBL:ENSMMUG00000015604,gene,ENSEMBL:ENSMMUG00000015604,4
9264,ClinVarVariant:832676,variant,NC_000023.11:g.(?_31657980)_(31729758_?)dup,10
9265,FBcv:0002030,phenotype,lethal - all die during pupal stage,8
9266,ZP:0017841,phenotype,"endocardium hypotrophic, abnormal",8
9267,MP:0002631,phenotype,abnormal epididymis morphology,8
9268,ZP:0007279,phenotype,"ventricular system hemorrhagic, abnormal",8
9269,HP:0000682,phenotype,Abnormal dental enamel morphology,8
9270,ClinVarVariant:94785,variant,NM_004006.2(DMD):c.8064_8065del (p.His2688fs),10
9271,ZP:0003047,phenotype,"cardiac ventricle hypertrophic, abnormal",8
9272,MGI:106039,gene,Dtna,4
9273,WBPhenotype:0000779,phenotype,late embryonic arrest,8
9274,MP:0000649,phenotype,sebaceous gland atrophy,8
9275,ENSEMBL:ENSMODG00000007463,gene,ENSEMBL:ENSMODG00000007463,4
9276,WormBase:WBGene00008805,gene,git-1,4
9277,WBPhenotype:0002284,phenotype,head bend angle variant,8
9278,WBPhenotype:0000806,phenotype,hermaphrodite fertility variant,8
9279,MP:0010053,phenotype,decreased grip strength,8
9280,ENSEMBL:ENSPTRG00000002736,gene,ENSEMBL:ENSPTRG00000002736,4
9281,ENSEMBL:ENSMMUG00000015029,gene,ENSEMBL:ENSMMUG00000015029,4
9282,ENSEMBL:ENSOANG00000003187,gene,ENSEMBL:ENSOANG00000003187,4
9283,ENSEMBL:ENSMMUG00000008230,gene,ENSEMBL:ENSMMUG00000008230,4
9284,ZP:0018511,phenotype,"caudal division of the internal carotid artery process quality blood vessel endothelial cell migration, abnormal",8
9285,PomBase:SPBC16D10.03,gene,kae1,4
9286,EFO:0007710,phenotype,cognitive decline measurement,8
9287,ENSEMBL:ENSOANG00000015636,gene,ENSEMBL:ENSOANG00000015636,4
9288,HP:0002202,phenotype,Pleural effusion,8
9289,ZP:0003578,phenotype,"bulbus arteriosus morphology, abnormal",8
9290,WormBase:WBGene00020970,gene,W03A5.6,4
9291,2666,drug,tiludronic acid,3
9292,HP:0012243,phenotype,Abnormal reproductive system morphology,8
9293,ZFIN:ZDB-GENE-000906-1,gene,sptb,4
9294,ZP:0003538,phenotype,"pectoral fin malformed, abnormal",8
9295,ZP:0010455,phenotype,"striated muscle thin filament fast muscle cell disorganized, abnormal",8
9296,ENSEMBL:ENSACAG00000001841,gene,ENSEMBL:ENSACAG00000001841,4
9297,dictyBase:DDB_G0270838,gene,H3b,4
9298,ENSEMBL:ENSCAFG00000010784,gene,TNNI1,4
9299,FBcv:0000007,phenotype,female semi-fertile,8
9300,WBPhenotype:0001213,phenotype,locomotion reduced,8
9301,MP:0003463,phenotype,abnormal single cell response,8
9302,ZP:0020026,phenotype,"hypothalamus decreased distribution, abnormal",8
9303,MP:0001523,phenotype,impaired righting response,8
9304,dictyBase:DDB_G0293784,gene,psmB5,4
9305,ClinVarVariant:856607,variant,NM_004006.3(DMD):c.6901C>T (p.Gln2301Ter),10
9306,FlyBase:FBgn0250785,gene,vari,4
9307,MP:0005201,phenotype,abnormal retinal pigment epithelium morphology,8
9308,ZP:0002066,phenotype,"slow muscle cell decreased amount, abnormal",8
9309,OMIA-breed:787,biological artifact,Grand Basset Griffon Vendeen (dog),0
9310,MP:0003059,phenotype,decreased insulin secretion,8
9311,ClinVarVariant:947553,variant,NM_004006.3(DMD):c.321dup (p.Leu108fs),10
9312,ClinVarVariant:831388,variant,NC_000023.11:g.(?_32614293)_(32614463_?)dup,10
9313,ClinVarVariant:653035,variant,NM_004006.2(DMD):c.1705-2A>G,10
9314,MP:0000490,phenotype,abnormal crypts of Lieberkuhn morphology,8
9315,HP:0000962,phenotype,Hyperkeratosis,8
9316,ClinVarVariant:217193,variant,NM_004006.2(DMD):c.3427C>T (p.Gln1143Ter),10
9317,ZP:0005385,phenotype,"ventricular system increased accumulation cerebral spinal fluid, abnormal",8
9318,ENSEMBL:ENSOANG00000011656,gene,ENSEMBL:ENSOANG00000011656,4
9319,RGD:1307033,gene,Ltbp4,4
9320,MP:0001752,phenotype,abnormal hypothalamus secretion,8
9321,MP:0013309,phenotype,adrenal gland cyst,8
9322,Xenbase:XB-GENE-962905,gene,cav3.1,4
9323,ZP:0007289,phenotype,"central artery unlumenized, abnormal",8
9324,HP:0001347,phenotype,Hyperreflexia,8
9325,MP:0005112,phenotype,abnormal spinal cord ventral horn morphology,8
9326,MONARCH:APO_0000026APO_0000003,phenotype,bipolar budding pattern:decreased,8
9327,MP:0009827,phenotype,skin detachment,8
9328,MP:0031192,phenotype,coronary artery spasm,8
9329,ClinVarVariant:651818,variant,NC_000023.10:g.(?_31332523)_(31525580_?)dup,10
9330,ClinVarVariant:647460,variant,NC_000023.11:g.(?_32484899)_(32849840_?)del,10
9331,WormBase:WBGene00002974,gene,lev-1,4
9332,Xenbase:XB-GENE-5932067,gene,chrna1.2,4
9333,ENSEMBL:ENSSSCG00025066075,gene,ENSEMBL:ENSSSCG00025066075,4
9334,MGI:1890149,gene,Tpm3,4
9335,ENSEMBL:ENSFCAG00000008675,gene,ENSEMBL:ENSFCAG00000008675,4
9336,ENSEMBL:ENSPTRG00000004024,gene,ENSEMBL:ENSPTRG00000004024,4
9337,ClinVarVariant:455919,variant,NM_004006.2(DMD):c.6424A>T (p.Lys2142Ter),10
9338,ClinVarVariant:455823,variant,NC_000023.10:g.(?_31947693)_(31986651_?)del,10
9339,ClinVarVariant:497172,variant,NM_004006.2(DMD):c.4618G>T (p.Glu1540Ter),10
9340,HP:0005108,phenotype,Abnormality of the intervertebral disk,8
9341,ENSEMBL:ENSACAG00000008475,gene,ENSEMBL:ENSACAG00000008475,4
9342,HP:0004835,phenotype,Microspherocytosis,8
9343,MP:0014228,phenotype,increased alveolar macrophage number,8
9344,MGI:5897011,genotype,Dmd<tm1Kmf> [involves: C57BL/6],6
9345,HGNC:11283,gene,SRC,4
9346,REACT:R-HSA-3000171,molecular function,Non-integrin membrane-ECM interactions,7
9347,HP:0000707,phenotype,Abnormality of the nervous system,8
9348,MP:0005348,phenotype,increased T cell proliferation,8
9349,ENSEMBL:ENSOANG00000001328,gene,ENSEMBL:ENSOANG00000001328,4
9350,ENSEMBL:ENSECAG00000016098,gene,ENSEMBL:ENSECAG00000016098,4
9351,WBPhenotype:0001340,phenotype,egg laying imipramine resistant,8
9352,HP:0002533,phenotype,Abnormal posturing,8
9353,4411,drug,dexchlorpheniramine,3
9354,ZFIN:ZDB-GENE-070117-2,gene,dtna,4
9355,MP:0000065,phenotype,abnormal bone marrow cavity morphology,8
9356,ENSEMBL:ENSGALG00000008947,gene,ENSEMBL:ENSGALG00000008947,4
9357,ENSEMBL:ENSMMUG00000013782,gene,ENSEMBL:ENSMMUG00000013782,4
9358,ENSEMBL:ENSGALG00000003010,gene,ENSEMBL:ENSGALG00000003010,4
9359,ENSEMBL:ENSMMUG00000006007,gene,ENSEMBL:ENSMMUG00000006007,4
9360,ZP:0003089,phenotype,"splanchnocranium morphology, abnormal",8
9361,ZP:0001762,phenotype,"brain shape, abnormal",8
9362,ENSEMBL:ENSSSCG00000011624,gene,MCM2,4
9363,WBPhenotype:0001833,phenotype,membrane trafficking variant,8
9364,MP:0001364,phenotype,decreased anxiety-related response,8
9365,ClinVarVariant:584249,variant,NC_000023.11:g.(?_31932060)_(31968534_?)del,10
9366,MP:0003868,phenotype,abnormal feces composition,8
9367,2561,drug,tamoxifen,3
9368,RGD:1307455,gene,Tiam1,4
9369,ClinVarVariant:803811,variant,NM_004006.3(DMD):c.8923del (p.Leu2975fs),10
9370,ENSEMBL:ENSMMUG00000018420,gene,ENSEMBL:ENSMMUG00000018420,4
9371,ClinVarVariant:950754,variant,NM_004006.3(DMD):c.6203del (p.Pro2068fs),10
9372,OMIM:300377.0042,variant,"BMD, IVS13, G-T, -1",10
9373,HP:0001046,phenotype,Intermittent jaundice,8
9374,ENSEMBL:ENSBTAG00000046332,gene,ENSEMBL:ENSBTAG00000046332,4
9375,MP:0010133,phenotype,increased DN3 thymocyte number,8
9376,HP:0003307,phenotype,Hyperlordosis,8
9377,ZP:0012205,phenotype,"striated muscle cell misaligned with Z disc Z disc striated muscle cell, abnormal",8
9378,ZP:0003077,phenotype,"Z disc cardiac muscle cell disorganized, abnormal",8
9379,MP:0011808,phenotype,abnormal myoblast differentiation,8
9380,ENSEMBL:ENSPTRG00000001866,gene,ENSEMBL:ENSPTRG00000001866,4
9381,ENSEMBL:ENSACAG00000003678,gene,ENSEMBL:ENSACAG00000003678,4
9382,ClinVarVariant:94807,variant,NM_004006.2(DMD):c.8443C>T (p.Gln2815Ter),10
9383,MONARCH:APO_0000051APO_0000002,phenotype,cell shape:abnormal,8
9384,MP:0008641,phenotype,increased circulating interleukin-1 beta level,8
9385,WBPhenotype:0000982,phenotype,spermatid maturation variant,8
9386,MP:0002176,phenotype,increased brain weight,8
9387,ZP:0008128,phenotype,"synapse assembly disrupted, abnormal",8
9388,ClinVarVariant:409911,variant,NM_004006.2(DMD):c.2665C>T (p.Arg889Ter),10
9389,MP:0009220,phenotype,increased prostate gland adenocarcinoma incidence,8
9390,HP:0002171,phenotype,Gliosis,8
9391,ClinVarVariant:832397,variant,NC_000023.11:g.(?_31729621)_(31820093_?)dup,10
9392,FBcv:0000424,phenotype,abnormal cell death,8
9393,MGI:2385076,gene,Haus1,4
9394,Coriell:GM09982,biological artifact,NIGMS-GM09982,0
9395,ENSEMBL:ENSECAG00000015494,gene,ENSEMBL:ENSECAG00000015494,4
9396,HP:0012592,phenotype,Albuminuria,8
9397,ENSEMBL:ENSBTAG00000002448,gene,SNTG1,4
9398,HGNC:11168,gene,SNTB1,4
9399,ClinVarVariant:455797,variant,NC_000023.11:g.(?_31444461)_(31679606_?)del,10
9400,ClinVarVariant:984428,variant,NM_004006.3(DMD):c.2945T>A (p.Leu982Ter),10
9401,MP:0004325,phenotype,absent vestibular hair cells,8
9402,ZP:0000967,phenotype,"anterior/posterior axon guidance process quality, abnormal",8
9403,ZP:0003057,phenotype,"skeletal myofibril assembly disrupted, abnormal",8
9404,ZP:0002961,phenotype,"myoseptum broken, abnormal",8
9405,ENSEMBL:ENSOANG00000004144,gene,ENSEMBL:ENSOANG00000004144,4
9406,HP:0008946,phenotype,Pelvic girdle amyotrophy,8
9407,ENSEMBL:ENSXETG00000038117,gene,adgrf3,4
9408,Xenbase:XB-GENE-1004770,gene,lama4,4
9409,ZP:0105880,phenotype,"brain decreased occurrence monoamine oxidase activity, abnormal",8
9410,OMIM:300377.0005,variant,"DMD, ARG2982TER",10
9411,HP:0004396,phenotype,Poor appetite,8
9412,HP:0001952,phenotype,Glucose intolerance,8
9413,ZP:0102268,phenotype,"actin filament bundle keratinocyte decreased amount, abnormal",8
9414,WormBase:WBGene00003515,gene,myo-3,4
9415,ClinVarVariant:917478,variant,NM_004006.3(DMD):c.4402G>T (p.Glu1468Ter),10
9416,WormBase:WBGene00000043,gene,acr-3,4
9417,MONARCH:APO_0000106APO_0000245,phenotype,vegetative growth:decreased rate,8
9418,ClinVarVariant:665650,variant,NC_000023.10:g.(?_31332523)_(31526374_?)dup,10
9419,ENSEMBL:ENSGALG00000008677,gene,ENSEMBL:ENSGALG00000008677,4
9420,ClinVarVariant:11272,variant,"DMD, IVS65, G-A, +1",10
9421,ZP:0003033,phenotype,"notochord structure, cavities, abnormal",8
9422,HP:0000957,phenotype,Cafe-au-lait spot,8
9423,P02708,gene product,Acetylcholine receptor subunit alpha,5
9424,MP:0004000,phenotype,impaired passive avoidance behavior,8
9425,ENSEMBL:ENSPTRG00000047408,gene,ENSEMBL:ENSPTRG00000047408,4
9426,ZFIN:ZDB-GENE-090312-198,gene,tnni4b.1,4
9427,MP:0011915,phenotype,increased heart left atrium weight,8
9428,Coriell:GM05124,biological artifact,NIGMS-GM05124,0
9429,Coriell:GM05123,biological artifact,NIGMS-GM05123,0
9430,ZP:0002395,phenotype,"retinal neural layer disorganized, abnormal",8
9431,MGI:1313258,gene,Slfn2,4
9432,WormBase:WBGene00003727,gene,nhr-137,4
9433,MP:0011344,phenotype,abnormal loop of Henle ascending limb thick segment morphology,8
9434,ENSEMBL:ENSFCAG00000002499,gene,ENSEMBL:ENSFCAG00000002499,4
9435,FBcv:0000361,phenotype,increased body size,8
9436,MGI:1339712,gene,Myh8,4
9437,MGI:95481,gene,Ptk2,4
9438,1475,drug,ipratropium,3
9439,ZP:0002462,phenotype,"myofibril slow muscle cell disorganized, abnormal",8
9440,MP:0008577,phenotype,increased circulating interferon-gamma level,8
9441,ENSEMBL:ENSECAG00000016391,gene,ENSEMBL:ENSECAG00000016391,4
9442,XPO:0103702,phenotype,abnormal bending of tail,8
9443,ClinVarVariant:960930,variant,NM_004006.3(DMD):c.2617dup (p.Cys873fs),10
9444,MP:0001874,phenotype,acanthosis,8
9445,OMIM:300377.0037,variant,"DMD, GLU250TER",10
9446,MP:0004354,phenotype,absent deltoid tuberosity,8
9447,765,drug,cyproheptadine,3
9448,ZP:0002180,phenotype,"ventricular myocardium decreased thickness, abnormal",8
9449,MP:0009764,phenotype,decreased sensitivity to induced morbidity/mortality,8
9450,WBPhenotype:0002335,phenotype,path curvature variant,8
9451,ENSEMBL:ENSCAFG00000011531,gene,ENSEMBL:ENSCAFG00000011531,4
9452,ENSEMBL:ENSSSCG00000022204,gene,AGRN,4
9453,ENSEMBL:ENSECAG00000017123,gene,ENSEMBL:ENSECAG00000017123,4
9454,ZP:0002810,phenotype,"swimming behavior decreased process quality, abnormal",8
9455,ZFIN:ZDB-GENE-060110-3,gene,slc8a1b,4
9456,ZP:0000214,phenotype,"post-vent region movement quality, abnormal",8
9457,HGNC:14339,gene,PLEKHA4,4
9458,ZP:0004641,phenotype,"embryonic camera-type eye development disrupted, abnormal",8
9459,MP:0006073,phenotype,abnormal retinal bipolar cell morphology,8
9460,ENSEMBL:ENSBTAG00000001975,gene,ENSEMBL:ENSBTAG00000001975,4
9461,MGI:3531484,variant,Dmd<tm1.1Khan>,10
9462,ZP:0002302,phenotype,"trunk undulate, abnormal",8
9463,MP:0010561,phenotype,absent coronary vessels,8
9464,WBPhenotype:0001578,phenotype,cholinergic agonist resistant,8
9465,MP:0001423,phenotype,abnormal liquid preference,8
9466,MP:0003542,phenotype,abnormal vascular endothelial cell development,8
9467,MP:0000295,phenotype,trabecula carnea hypoplasia,8
9468,ZP:0008037,phenotype,"nucleus slow muscle cell circular, abnormal",8
9469,2026,drug,oxyphencyclimine,3
9470,ZP:0000724,phenotype,"atrium dilated, abnormal",8
9471,ZP:0018436,phenotype,"retinal inner nuclear layer apoptotic, abnormal",8
9472,WBPhenotype:0000697,phenotype,protruding vulva,8
9473,ENSEMBL:ENSCAFG00000000326,gene,UTRN,4
9474,MP:0004989,phenotype,decreased osteoblast cell number,8
9475,WBPhenotype:0002460,phenotype,no induction of antimicrobial peptide expression after infection,8
9476,MP:0008810,phenotype,increased circulating iron level,8
9477,MP:0012156,phenotype,rostral-caudal axis duplication,8
9478,ClinVarVariant:831711,variant,NC_000023.11:g.(?_31679365)_(31879410_?)del,10
9479,HGNC:971,gene,BCAR1,4
9480,ENSEMBL:ENSACAG00000001018,gene,ENSEMBL:ENSACAG00000001018,4
9481,ClinVarVariant:803857,variant,NM_004006.3(DMD):c.5689dup (p.Glu1897fs),10
9482,RGD:1563703,gene,Slc25a48,4
9483,MONARCH:APO_0000083APO_0000004,phenotype,oxidative stress resistance:increased,8
9484,HP:0002829,phenotype,Arthralgia,8
9485,ENSEMBL:ENSMMUG00000001387,gene,ENSEMBL:ENSMMUG00000001387,4
9486,ENSEMBL:ENSOANG00000007731,gene,ENSEMBL:ENSOANG00000007731,4
9487,MGI:2685789,gene,Capn13,4
9488,ENSEMBL:ENSACAG00000000203,gene,ENSEMBL:ENSACAG00000000203,4
9489,ZFIN:ZDB-GENE-021226-1,gene,lamb1a,4
9490,MP:0002251,phenotype,abnormal nasopharynx morphology,8
9491,ClinVarVariant:526091,variant,NM_004006.2(DMD):c.8027+1G>A,10
9492,ZP:0003145,phenotype,"axon cranial nerve II decreased amount, abnormal",8
9493,HP:0000803,phenotype,Renal cortical cysts,8
9494,MP:0008956,phenotype,decreased cellular hemoglobin content,8
9495,333,drug,benzatropine,3
9496,ENSEMBL:ENSMODG00000015114,gene,ENSEMBL:ENSMODG00000015114,4
9497,MP:0012674,phenotype,tomacula,8
9498,RGD:1302946,gene,Capn11,4
9499,ZP:0007699,phenotype,"sarcomere skeletal muscle decreased thickness, abnormal",8
9500,FlyBase:FBgn0012051,gene,CalpA,4
9501,FlyBase:FBgn0002922,gene,nau,4
9502,Xenbase:XB-GENE-986854,gene,sptan1,4
9503,ZP:0001038,phenotype,"axon collateral motor neuron increased amount, abnormal",8
9504,ENSEMBL:ENSMODG00000012562,gene,ENSEMBL:ENSMODG00000012562,4
9505,HP:0000035,phenotype,Abnormal testis morphology,8
9506,ClinVarVariant:641556,variant,NC_000023.11:g.(?_31657970)_(31968534_?)del,10
9507,ZP:0001485,phenotype,"larval locomotory behavior decreased rate, abnormal",8
9508,NCBITaxon:44689,taxon,Dictyostelium discoideum,9
9509,HP:0001643,phenotype,Patent ductus arteriosus,8
9510,FBcv:0000446,phenotype,melanotic mass phenotype,8
9511,MP:0010681,phenotype,abnormal hair follicle bulb morphology,8
9512,Xenbase:XB-GENE-1013088,gene,gan,4
9513,ClinVarVariant:832216,variant,NC_000023.11:g.(?_32816458)_(33211312_?)del,10
9514,HP:0002679,phenotype,Abnormal sella turcica morphology,8
9515,MP:0009412,phenotype,skeletal muscle fiber degeneration,8
9516,ENSEMBL:ENSMODG00000044025,gene,ENSEMBL:ENSMODG00000044025,4
9517,MP:0000648,phenotype,absent sebaceous gland,8
9518,ZP:0004039,phenotype,"endocardial cushion quality, abnormal",8
9519,MP:0003918,phenotype,decreased kidney weight,8
9520,MP:0002415,phenotype,abnormal neutrophil differentiation,8
9521,MONARCH:APO_0000149APO_0000004,phenotype,protein/peptide accumulation:increased,8
9522,ENSEMBL:ENSBTAG00000044126,gene,SNTB1,4
9523,MP:0003156,phenotype,abnormal leukocyte migration,8
9524,ZP:0103242,phenotype,"response to osmotic stress process quality, abnormal",8
9525,MP:0011942,phenotype,decreased fluid intake,8
9526,FlyBase:FBgn0004117,gene,Tm2,4
9527,MP:0010301,phenotype,increased stomach tumor incidence,8
9528,MP:0002836,phenotype,abnormal chorion morphology,8
9529,ENSEMBL:ENSCAFG00000032205,gene,OSGEP,4
9530,MP:0005459,phenotype,decreased percent body fat/body weight,8
9531,HP:0100598,phenotype,Pulmonary edema,8
9532,ZP:0000691,phenotype,"nitric oxide biosynthetic process disrupted, abnormal",8
9533,ENSEMBL:ENSOANG00000046999,gene,ENSEMBL:ENSOANG00000046999,4
9534,ClinVarVariant:832786,variant,NC_000023.11:g.(?_32461199)_(32844870_?)del,10
9535,RGD:68427,gene,Tns1,4
9536,HGNC:7803,gene,NFX1,4
9537,ENSEMBL:ENSOANG00000014361,gene,ENSEMBL:ENSOANG00000014361,4
9538,WBPhenotype:0000195,phenotype,distal tip cell migration variant,8
9539,ClinVarVariant:984098,variant,NM_004006.3(DMD):c.9014T>A (p.Leu3005Ter),10
9540,OMIM:300377.0035,variant,"DMD, TYR231ASN",10
9541,MP:0003856,phenotype,abnormal hindlimb stylopod morphology,8
9542,GO:0034613,molecular function,cellular protein localization,7
9543,MP:0000495,phenotype,abnormal colon morphology,8
9544,ENSEMBL:ENSCAFG00000024719,gene,DYTN,4
9545,MP:0001410,phenotype,head bobbing,8
9546,HP:0000360,phenotype,Tinnitus,8
9547,MP:0005166,phenotype,decreased susceptibility to injury,8
9548,ClinVarVariant:803877,variant,NM_004006.3(DMD):c.4350dup (p.Leu1451fs),10
9549,HGNC:18028,gene,OSGEP,4
9550,MP:0001829,phenotype,increased activated T cell number,8
9551,ENSEMBL:ENSCAFG00000016374,gene,TCAP,4
9552,ZP:0000126,phenotype,"Meckel's cartilage malformed, abnormal",8
9553,Xenbase:XB-GENE-494931,gene,des.1,4
9554,ClinVarVariant:814013,variant,ClinVarVariant:814013,10
9555,MP:0005026,phenotype,decreased susceptibility to parasitic infection,8
9556,1757,drug,methscopolamine,3
9557,ENSEMBL:ENSACAG00000006898,gene,ENSEMBL:ENSACAG00000006898,4
9558,ENSEMBL:ENSPTRG00000020263,gene,ENSEMBL:ENSPTRG00000020263,4
9559,ZFIN:ZDB-GENE-030724-1,gene,sgce,4
9560,ENSEMBL:ENSFCAG00000035688,gene,ENSEMBL:ENSFCAG00000035688,4
9561,MP:0009956,phenotype,abnormal cerebellar layer morphology,8
9562,ENSEMBL:ENSFCAG00000012064,gene,ENSEMBL:ENSFCAG00000012064,4
9563,HGNC:8591,gene,PAK2,4
9564,ZFIN:ZDB-GENE-030724-2,gene,sgcg,4
9565,RGD:62050,gene,Tnni2,4
9566,HP:0040275,phenotype,Adenocarcinoma of the large intestine,8
9567,ENSEMBL:ENSBTAG00000022635,gene,LAMB2,4
9568,MP:0030979,phenotype,decreased spinal cord weight,8
9569,HP:0001537,phenotype,Umbilical hernia,8
9570,MP:0004250,phenotype,tau protein deposits,8
9571,ZFIN:ZDB-GENE-040718-374,gene,tnni1d,4
9572,HGNC:26068,gene,LAMTOR1,4
9573,HP:0000973,phenotype,Cutis laxa,8
9574,MP:0005238,phenotype,increased brain size,8
9575,WBPhenotype:0001146,phenotype,polar body size defective early emb,8
9576,ZP:0002525,phenotype,"convergent extension involved in gastrulation process quality, abnormal",8
9577,MGI:1329010,gene,Slfn4,4
9578,OMIA-breed:925,biological artifact,Japanese Spitz (dog),0
9579,MP:0000578,phenotype,ulcerated paws,8
9580,ZP:0001254,phenotype,"trunk curved dorsal, abnormal",8
9581,ClinVarVariant:526159,variant,NC_000023.11:g.(?_32816448)_(32849840_?)del,10
9582,Xenbase:XB-GENE-983491,gene,lamb3,4
9583,MP:0002018,phenotype,increased malignant tumor incidence,8
9584,ZP:0004383,phenotype,"locomotory behavior decreased occurrence, abnormal",8
9585,ZP:0100262,phenotype,"telencephalon increased occurrence apoptotic process, abnormal",8
9586,ENSEMBL:ENSMODG00000013408,gene,ENSEMBL:ENSMODG00000013408,4
9587,HP:0010663,phenotype,Abnormality of thalamus morphology,8
9588,HP:0001166,phenotype,Arachnodactyly,8
9589,FlyBase:FBgn0027537,gene,Nup93-1,4
9590,MP:0001363,phenotype,increased anxiety-related response,8
9591,RGD:628888,gene,Osbpl1a,4
9592,ZP:0006450,phenotype,"liver cystic, abnormal",8
9593,ZP:0009295,phenotype,"diencephalic white matter lacks parts or has fewer parts of type postoptic commissure, abnormal",8
9594,dbSNP:rs6631478,variant,rs6631478-T,10
9595,ENSEMBL:ENSRNOG00000059507,gene,Lamc3,4
9596,MGI:1920591,gene,Arhgef6,4
9597,MP:0004819,phenotype,decreased skeletal muscle mass,8
9598,ZP:0001505,phenotype,"skeletal muscle cell myotome degeneration, abnormal",8
9599,ZP:0001406,phenotype,"somite decreased size, abnormal",8
9600,ENSEMBL:ENSMMUG00000000200,gene,ENSEMBL:ENSMMUG00000000200,4
9601,ENSEMBL:ENSCAFG00000013234,gene,LAMC1,4
9602,FlyBase:FBgn0039928,gene,Cals,4
9603,HP:0000151,phenotype,Aplasia of the uterus,8
9604,WBPhenotype:0001156,phenotype,pronuclear size defective early emb,8
9605,MP:0004274,phenotype,abnormal embryonic/fetal subventricular zone morphology,8
9606,MONARCH:APO_0000224APO_0000002,phenotype,RNA accumulation:abnormal,8
9607,ZP:0001273,phenotype,"retinal photoreceptor layer decreased thickness, abnormal",8
9608,ENSEMBL:ENSBTAG00000008817,gene,ENSEMBL:ENSBTAG00000008817,4
9609,ENSEMBL:ENSBTAG00000027181,gene,LAMA3,4
9610,Xenbase:XB-GENE-1008507,gene,capn12,4
9611,2220,drug,pizotifen,3
9612,MP:0000379,phenotype,decreased hair follicle number,8
9613,MP:0011965,phenotype,decreased total retina thickness,8
9614,GO:0042383,molecular function,sarcolemma,7
9615,ENSEMBL:ENSCAFG00000016051,gene,CACNA1C,4
9616,ZP:0007587,phenotype,"angioblast cell migration from lateral mesoderm to midline delayed, abnormal",8
9617,HP:0002885,phenotype,Medulloblastoma,8
9618,WBPhenotype:0001639,phenotype,roaming reduced,8
9619,ClinVarVariant:584343,variant,NC_000023.11:g.(?_32697850)_(32699313_?)del,10
9620,ENSEMBL:ENSCAFG00000001960,gene,CAPN11,4
9621,MP:0013834,phenotype,thin hypoglossal nerve,8
9622,2803,drug,valproic acid,3
9623,ENSEMBL:ENSBTAG00000002615,gene,ENSEMBL:ENSBTAG00000002615,4
9624,ZP:0130675,phenotype,"adherens junction EVL structure, abnormal",8
9625,WormBase:WBGene00000839,gene,cul-4,4
9626,FBcv:0002039,phenotype,some die during pupal stage,8
9627,MP:0008402,phenotype,increased cellular sensitivity to alkylating agents,8
9628,ClinVarVariant:285195,variant,NM_000109.4(DMD):c.5715+1G>T,10
9629,EFO:0007822,phenotype,hair colour measurement,8
9630,ZP:0012117,phenotype,"cardiac muscle cell action potential increased duration, abnormal",8
9631,HP:0005184,phenotype,Prolonged QTc interval,8
9632,HP:0100246,phenotype,Osteoma,8
9633,MGI:2442474,gene,Dgkb,4
9634,MP:0000913,phenotype,abnormal brain development,8
9635,HP:0002092,phenotype,Pulmonary arterial hypertension,8
9636,ENSEMBL:ENSPTRG00000004999,gene,ENSEMBL:ENSPTRG00000004999,4
9637,ZP:0001216,phenotype,"head cuboid, abnormal",8
9638,ClinVarVariant:803925,variant,NM_004006.3(DMD):c.1788del (p.Met596fs),10
9639,ZFIN:ZDB-GENE-040426-2598,gene,itgb1b.2,4
9640,HP:0030746,phenotype,Intraventricular hemorrhage,8
9641,ZFIN:ZDB-GENE-000330-5,gene,cdc25b,4
9642,Xenbase:XB-GENE-491938,gene,acta1,4
9643,ClinVarVariant:803828,variant,NM_004006.3(DMD):c.8146C>T (p.Gln2716Ter),10
9644,ENSEMBL:ENSECAG00000018783,gene,ENSEMBL:ENSECAG00000018783,4
9645,WBPhenotype:0001999,phenotype,conflicting sensory integration variant,8
9646,ENSEMBL:ENSFCAG00000025799,gene,ENSEMBL:ENSFCAG00000025799,4
9647,ClinVarVariant:94545,variant,NM_000109.4(DMD):c.2926-2A>G,10
9648,MONARCH:APO_0000222APO_0000004,phenotype,chemical compound excretion:increased,8
9649,dbSNP:rs73679687,variant,rs73679687-?,10
9650,ZP:0001510,phenotype,"muscle decreased functionality, abnormal",8
9651,ClinVarVariant:833478,variant,NC_000023.11:g.(?_31836708)_(32310286_?)dup,10
9652,EFO:0005671,phenotype,smoking behaviour measurement,8
9653,ENSEMBL:ENSECAG00000036831,gene,ENSEMBL:ENSECAG00000036831,4
9654,NCBITaxon:7227,taxon,Drosophila melanogaster,9
9655,ClinVarVariant:803940,variant,NM_004006.3(DMD):c.822T>A (p.Tyr274Ter),10
9656,HP:0005922,phenotype,Abnormal hand morphology,8
9657,WBPhenotype:0000979,phenotype,spermatheca dilation defective,8
9658,ENSEMBL:ENSFCAG00000042952,gene,ENSEMBL:ENSFCAG00000042952,4
9659,MP:0003448,phenotype,abnormal tumor morphology,8
9660,MGI:1920174,gene,Anln,4
9661,ClinVarVariant:656754,variant,NM_004006.2(DMD):c.9563+2T>A,10
9662,HP:0008498,phenotype,No permanent dentition,8
9663,ZP:0105708,phenotype,"Reissner's fiber decreased amount, abnormal",8
9664,EFO:0006321,phenotype,antidepressant-induced dizziness,8
9665,WormBase:WBGene00017787,gene,nhr-141,4
9666,ZP:0101734,phenotype,"sinoatrial node increased distribution, abnormal",8
9667,ENSEMBL:ENSOANG00000045665,gene,ENSEMBL:ENSOANG00000045665,4
9668,ENSEMBL:ENSCAFG00000008755,gene,ENSEMBL:ENSCAFG00000008755,4
9669,WormBase:R02C2.4b,gene,nhr-204,4
9670,HP:0030196,phenotype,Fatigable weakness of respiratory muscles,8
9671,HP:0001251,phenotype,Ataxia,8
9672,2303,drug,propranolol,3
9673,MP:0002182,phenotype,abnormal astrocyte morphology,8
9674,ZP:0020136,phenotype,"skeletal muscle trunk increased amount, abnormal",8
9675,ENSEMBL:ENSMMUG00000002697,gene,ENSEMBL:ENSMMUG00000002697,4
9676,OMIM:300377.0064,variant,"DMD, SER3066TER",10
9677,ZP:0100176,phenotype,"whole organism process quality respiratory gaseous exchange by respiratory system, abnormal",8
9678,ClinVarVariant:969322,variant,NM_004006.3(DMD):c.1357C>T (p.Gln453Ter),10
9679,MGI:97276,gene,Myog,4
9680,ClinVarVariant:455936,variant,NM_000109.4(DMD):c.8580dup (p.Val2861fs),10
9681,HP:0000879,phenotype,Short sternum,8
9682,HP:0001744,phenotype,Splenomegaly,8
9683,RGD:1594396,gene,Trim25,4
9684,HP:0100242,phenotype,Sarcoma,8
9685,ClinVarVariant:583494,variant,NC_000023.11:g.(?_32644112)_(32651077_?)del,10
9686,ZP:0000717,phenotype,"brain vasculature hemorrhagic, abnormal",8
9687,MP:0013875,phenotype,increased trigeminal neuroma incidence,8
9688,ENSEMBL:ENSPTRG00000050908,gene,ENSEMBL:ENSPTRG00000050908,4
9689,ENSEMBL:ENSBTAG00000047098,gene,A0A3Q1M0E7,4
9690,MGI:99435,gene,Arf6,4
9691,HP:0011849,phenotype,Abnormal bone ossification,8
9692,2149,drug,phenylpropanolamine,3
9693,MGI:97269,gene,Myl1,4
9694,MP:0002705,phenotype,dilated renal tubules,8
9695,RGD:1359485,gene,Ctnna1,4
9696,dictyBase:DDB_G0267480,gene,DDB0189316,4
9697,ClinVarVariant:832462,variant,NC_000023.11:g.(?_31729621)_(31879410_?)del,10
9698,ENSEMBL:ENSFCAG00000043206,gene,ENSEMBL:ENSFCAG00000043206,4
9699,ClinVarVariant:830622,variant,NC_000023.11:g.(?_32216906)_(33211366_?)del,10
9700,ZP:0101897,phenotype,"motor neuron facial nerve motor nucleus circular, abnormal",8
9701,HP:0200042,phenotype,Skin ulcer,8
9702,ZP:0005376,phenotype,"epithelial cell Kupffer's vesicle apical-basal polarity, abnormal",8
9703,O60840,gene product,Voltage-dependent L-type calcium channel subunit alpha-1F,5
9704,dbSNP:rs1698919,variant,rs1698919-?,10
9705,ZP:0008746,phenotype,"T-tubule myotome decreased amount, abnormal",8
9706,MP:0010207,phenotype,abnormal telomere morphology,8
9707,WBPhenotype:0001236,phenotype,transgene expression increased,8
9708,HP:0001743,phenotype,Abnormality of the spleen,8
9709,NCBIGene:795051,gene,LOC795051,4
9710,ClinVarVariant:254035,variant,NM_004006.2(DMD):c.7661-?_10921+?del,10
9711,ZFIN:ZDB-GENE-060503-692,gene,si:ch211-234p6.5,4
9712,ZP:0013173,phenotype,"visual behavior process quality, abnormal",8
9713,MP:0009050,phenotype,dilated proximal convoluted tubules,8
9714,ZP:0007740,phenotype,"skeletal muscle cell curved, abnormal",8
9715,P28074,gene product,Proteasome subunit beta type-5,5
9716,HP:0002421,phenotype,Poor head control,8
9717,ZP:0006639,phenotype,"intersegmental vein absent, abnormal",8
9718,ZFIN:ZDB-GENE-030909-10,gene,itgb1b,4
9719,ZP:0008712,phenotype,"nucleus notochord morphology, abnormal",8
9720,MONARCH:APO_0000024APO_0000005,phenotype,budding:absent,8
9721,MP:0000279,phenotype,ventricular hypoplasia,8
9722,ZP:0011805,phenotype,"skeletal muscle disorganized, abnormal",8
9723,MP:0011101,phenotype,"prenatal lethality, incomplete penetrance",8
9724,MP:0004398,phenotype,cochlear inner hair cell degeneration,8
9725,ClinVarVariant:840853,variant,NM_004006.3(DMD):c.2804-1G>C,10
9726,WBPhenotype:0002286,phenotype,head bend angle increased,8
9727,ENSEMBL:ENSBTAG00000000888,gene,ENSEMBL:ENSBTAG00000000888,4
9728,MGI:2429765,gene,Dock1,4
9729,ENSEMBL:ENSMODG00000025325,gene,ENSEMBL:ENSMODG00000025325,4
9730,ENSEMBL:ENSACAG00000006216,gene,ENSEMBL:ENSACAG00000006216,4
9731,ClinVarVariant:11286,variant,NM_004006.2(DMD):c.9225-285A>G,10
9732,MP:0009695,phenotype,abnormal spinal cord ventral commissure morphology,8
9733,HP:0006801,phenotype,Hyperactive deep tendon reflexes,8
9734,MP:0002796,phenotype,impaired skin barrier function,8
9735,ENSEMBL:ENSGALG00000050119,gene,ENSEMBL:ENSGALG00000050119,4
9736,2320,drug,protriptyline,3
9737,ZP:0018576,phenotype,"whole organism decreased amount, abnormal",8
9738,HP:0000034,phenotype,Hydrocele testis,8
9739,WBPhenotype:0001846,phenotype,phagosome maturation defective,8
9740,MP:0000885,phenotype,ectopic Purkinje cell,8
9741,ClinVarVariant:11270,variant,NM_004006.2(DMD):c.9197C>A (p.Ser3066Ter),10
9742,ZP:0008747,phenotype,"myofibril skeletal muscle cell disoriented, abnormal",8
9743,HGNC:26832,gene,TAPT1-AS1,4
9744,ClinVarVariant:803917,variant,NM_004006.3(DMD):c.2287_2292+12del,10
9745,ClinVarVariant:981114,variant,NM_004006.3(DMD):c.4351_4352insA (p.Leu1451fs),10
9746,ClinVarVariant:583624,variant,NC_000023.10:g.(?_32715967)_(32867957_?)dup,10
9747,ENSEMBL:ENSSSCG00000011033,gene,ENSEMBL:ENSSSCG00000011033,4
9748,EFO:0004531,phenotype,urate measurement,8
9749,MP:0010236,phenotype,abnormal retina outer limiting membrane morphology,8
9750,ClinVarVariant:646368,variant,NM_000109.4(DMD):c.7592dup (p.Asn2531fs),10
9751,ZP:0000107,phenotype,"heart morphology, abnormal",8
9752,HGNC:1393,gene,CACNA1F,4
9753,ClinVarVariant:803806,variant,NM_004006.3(DMD):c.9267_9268AG[1] (p.Glu3090fs),10
9754,HP:0003323,phenotype,Progressive muscle weakness,8
9755,HP:0002605,phenotype,Hepatic necrosis,8
9756,ZP:0101896,phenotype,"neuron projection facial nerve motor nucleus increased length, abnormal",8
9757,FlyBase:FBgn0000037,gene,mAChR-A,4
9758,MP:0004931,phenotype,enlarged epididymis,8
9759,FlyBase:FBgn0015519,gene,nAChRalpha3,4
9760,MP:0004818,phenotype,increased skeletal muscle mass,8
9761,MMRRC:041194,biological artifact,B10ScSn.FVB-<i>Dmd<sup>mdx</sup></i> Tg(Myh6-DMD*)47Dua/Mmjax,0
9762,MP:0009347,phenotype,increased trabecular bone thickness,8
9763,HGNC:15607,gene,ARHGEF7,4
9764,ZP:0000706,phenotype,"blood vessel lumenization disrupted, abnormal",8
9765,FlyBase:FBgn0000038,gene,nAChRbeta1,4
9766,MP:0009115,phenotype,abnormal fat cell morphology,8
9767,MP:0001202,phenotype,skin photosensitivity,8
9768,MGI:87991,gene,Alb,4
9769,MP:0008770,phenotype,decreased survivor rate,8
9770,MP:0009788,phenotype,increased susceptibility to bacterial infection induced morbidity/mortality,8
9771,HP:0002155,phenotype,Hypertriglyceridemia,8
9772,HP:0001878,phenotype,Hemolytic anemia,8
9773,HP:0001028,phenotype,Hemangioma,8
9774,ENSEMBL:ENSSSCG00000035090,gene,RAC1,4
9775,ENSEMBL:ENSFCAG00000013289,gene,ENSEMBL:ENSFCAG00000013289,4
9776,GO:0007010,molecular function,cytoskeleton organization,7
9777,HP:0001081,phenotype,Cholelithiasis,8
9778,ZP:0005804,phenotype,"cilium pronephric duct morphology, abnormal",8
9779,WBPhenotype:0000061,phenotype,extended life span,8
9780,MONARCH:APO_0000106APO_0000003,phenotype,vegetative growth:decreased,8
9781,ClinVarVariant:982294,variant,NM_004006.3(DMD):c.4519-2A>C,10
9782,HP:0011122,phenotype,Abnormality of skin physiology,8
9783,WBPhenotype:0001120,phenotype,relative cell cycle timing defective early emb,8
9784,PomBase:SPBC32H8.12c,gene,act1,4
9785,RGD:621792,gene,Actn3,4
9786,ENSEMBL:ENSBTAG00000011849,gene,ENSEMBL:ENSBTAG00000011849,4
9787,ClinVarVariant:833308,variant,NC_000023.11:g.(?_32809483)_(32823850_?)del,10
9788,MGI:98864,gene,Ttn,4
9789,MP:0004334,phenotype,utricular macular degeneration,8
9790,HP:0000490,phenotype,Deeply set eye,8
9791,ZFIN:ZDB-GENE-101209-2,gene,kcnma1b,4
9792,EFO:0006875,phenotype,acoustic startle blink response measurement,8
9793,ZP:0007921,phenotype,"cilium Kupffer's vesicle increased length, abnormal",8
9794,ZP:0000755,phenotype,abnormal(ly) disrupted  diencephalon development,8
9795,MGI:1890773,gene,Actn4,4
9796,ZP:0020737,phenotype,"slow muscle cell increased distribution, abnormal",8
9797,HP:0001284,phenotype,Areflexia,8
9798,ENSEMBL:ENSOANG00000008837,gene,ENSEMBL:ENSOANG00000008837,4
9799,MONARCH:APO_0000199APO_0000004,phenotype,chitin deposition:increased,8
9800,ZP:0000535,phenotype,"atrium increased size, abnormal",8
9801,ClinVarVariant:11233,variant,NM_000109.4(DMD):c.1993C>T (p.Gln665Ter),10
9802,MP:0004816,phenotype,abnormal class switch recombination,8
9803,MP:0014021,phenotype,heterochrony,8
9804,MP:0000371,phenotype,diluted coat color,8
9805,ZP:0020141,phenotype,"actin filament skeletal muscle cell decreased length, abnormal",8
9806,ZP:0005384,phenotype,"post-vent region undulate, abnormal",8
9807,ZP:0100179,phenotype,"mitochondrial matrix muscle decreased mass density, abnormal",8
9808,ENSEMBL:ENSMODG00000003990,gene,ENSEMBL:ENSMODG00000003990,4
9809,OMIM:300377.0039,variant,"DMD, 1-BP INS, NT1554",10
9810,HP:0000712,phenotype,Emotional lability,8
9811,MP:0008498,phenotype,decreased IgG3 level,8
9812,MP:0011102,phenotype,"embryonic lethality, incomplete penetrance",8
9813,MP:0000750,phenotype,abnormal muscle regeneration,8
9814,MP:0002397,phenotype,abnormal bone marrow morphology,8
9815,ClinVarVariant:948414,variant,NC_000023.11:g.31314406_31679596dup,10
9816,ENSEMBL:ENSACAG00000009385,gene,ENSEMBL:ENSACAG00000009385,4
9817,ZP:0137568,phenotype,"skeletal muscle cell somite decreased amount, abnormal",8
9818,ENSEMBL:ENSGALG00000042895,gene,BCAR1,4
9819,MP:0001486,phenotype,abnormal startle reflex,8
9820,HP:0002984,phenotype,Hypoplasia of the radius,8
9821,NCBITaxon:8364,taxon,Xenopus tropicalis,9
9822,ENSEMBL:ENSCAFG00000010884,gene,CACNA1S,4
9823,MP:0003915,phenotype,increased left ventricle weight,8
9824,ZFIN:ZDB-GENE-081030-22,gene,tns3.1,4
9825,ZP:0106959,phenotype,"microtubule cytoskeleton organization process quality, abnormal",8
9826,RGD:1559723,gene,Sspn,4
9827,HGNC:21616,gene,TNS3,4
9828,ZP:0100184,phenotype,"skeletal muscle cell damaged, abnormal",8
9829,ZP:0014445,phenotype,"fin regeneration process quality, abnormal",8
9830,MP:0002968,phenotype,increased circulating alkaline phosphatase level,8
9831,WBPhenotype:0000001,phenotype,body posture variant,8
9832,ZP:0004939,phenotype,"apoptotic process decreased occurrence, abnormal",8
9833,ClinVarVariant:455814,variant,NC_000023.10:g.(?_31838072)_(31893510_?)del,10
9834,MGI:88059,gene,App,4
9835,NCBIGene:427788,gene,MYH1E,4
9836,ENSEMBL:ENSMMUG00000008937,gene,ENSEMBL:ENSMMUG00000008937,4
9837,HP:0001712,phenotype,Left ventricular hypertrophy,8
9838,ClinVarVariant:526056,variant,NM_004006.2(DMD):c.31+1G>C,10
9839,WormBase:WBGene00011098,gene,nhr-207,4
9840,ClinVarVariant:654681,variant,NC_000023.11:g.(?_31609621)_(31968524_?)del,10
9841,ZP:0021026,phenotype,"pleuroperitoneal cavity fluid-filled, abnormal",8
9842,ENSEMBL:ENSMODG00000008074,gene,ENSEMBL:ENSMODG00000008074,4
9843,ClinVarVariant:971334,variant,NM_004006.3(DMD):c.7852A>T (p.Lys2618Ter),10
9844,ClinVarVariant:803878,variant,NM_004006.3(DMD):c.4327C>T (p.Gln1443Ter),10
9845,GO:0032991,molecular function,protein-containing complex,7
9846,MP:0008466,phenotype,enlarged mesenteric lymph nodes,8
9847,ZP:0000413,phenotype,"ventricular system increased size, abnormal",8
9848,HP:0005336,phenotype,Forehead hyperpigmentation,8
9849,ClinVarVariant:94486,variant,NM_004006.2(DMD):c.1990C>T (p.Gln664Ter),10
9850,ENSEMBL:ENSPTRG00000024326,gene,ENSEMBL:ENSPTRG00000024326,4
9851,ZP:0011022,phenotype,"pronephros morphogenesis decreased process quality, abnormal",8
9852,ZP:0001035,phenotype,"collateral sprouting increased occurrence, abnormal",8
9853,MONARCH:APO_0000052APO_0000004,phenotype,cell size:increased,8
9854,FBcv:0000378,phenotype,grandchildless,8
9855,ZFIN:ZDB-GENE-040912-185,gene,tmod2,4
9856,MGI:2176879,genotype,Dmd<mdx>/Dmd<mdx>; Utrn<tm1Ked>/Utrn<tm1Ked> [involves: 129S1/Sv * 129X1/SvJ * C57BL/6 * C57BL/10ScSn * DBA],6
9857,FlyBase:FBgn0261555,gene,CG42673,4
9858,ClinVarVariant:417504,variant,NC_000023.11:g.(?_32438241)_(32491518_?)del,10
9859,ZP:0001965,phenotype,"mandibular arch skeleton decreased size, abnormal",8
9860,MP:0005027,phenotype,increased susceptibility to parasitic infection,8
9861,MP:0004089,phenotype,dilated sarcoplasmic reticulum,8
9862,ENSEMBL:ENSMMUG00000006567,gene,ENSEMBL:ENSMMUG00000006567,4
9863,Xenbase:XB-GENE-962606,gene,arhgef7,4
9864,MP:0004631,phenotype,abnormal auditory cortex morphology,8
9865,ZP:0008716,phenotype,"blood vessel inner optic circle decreased size, abnormal",8
9866,MP:0008035,phenotype,behavioral arrest,8
9867,ENSEMBL:ENSCAFG00000007134,gene,MYBPC1,4
9868,HP:0010836,phenotype,Abnormal circulating copper concentration,8
9869,dictyBase:DDB_G0274109,gene,paxB,4
9870,EFO:0009931,phenotype,Agents acting on the renin-angiotensin system use measurement,8
9871,HP:0003496,phenotype,Increased circulating IgM level,8
9872,ENSEMBL:ENSECAG00000019772,gene,ENSEMBL:ENSECAG00000019772,4
9873,MP:0005185,phenotype,decreased circulating progesterone level,8
9874,ZFIN:ZDB-GENE-050913-69,gene,rnf11b,4
9875,MP:0010684,phenotype,abnormal hair follicle outer root sheath morphology,8
9876,HP:0003271,phenotype,Visceromegaly,8
9877,ClinVarVariant:657921,variant,NC_000023.11:g.(?_31773950)_(31879410_?)del,10
9878,RGD:620795,gene,Src,4
9879,ClinVarVariant:11257,variant,NM_004006.2(DMD):c.4414C>T (p.Gln1472Ter),10
9880,ENSEMBL:ENSCAFG00000017518,gene,J9NYK5,4
9881,ZP:0002966,phenotype,"muscle necrotic, abnormal",8
9882,ZFIN:ZDB-GENE-060503-826,gene,si:dkey-30c15.10,4
9883,ENSEMBL:ENSMODG00000011719,gene,ENSEMBL:ENSMODG00000011719,4
9884,MP:0008042,phenotype,abnormal NK T cell physiology,8
9885,ClinVarVariant:832853,variant,NC_000023.11:g.(?_31348546)_(31507463_?)del,10
9886,WBPhenotype:0001261,phenotype,pale,8
9887,MP:0020254,phenotype,decreased collagen level,8
9888,WormBase:WBGene00000184,gene,arf-6,4
9889,ZP:0000308,phenotype,"portion of tissue necrotic, abnormal",8
9890,HP:0002486,phenotype,Myotonia,8
9891,GO:0017166,molecular function,vinculin binding,7
9892,RGD:61816,gene,Actn4,4
9893,RGD:1311592,gene,Rapsn,4
9894,ENSEMBL:ENSOANG00000045653,gene,ENSEMBL:ENSOANG00000045653,4
9895,ENSEMBL:ENSSSCG00000000114,gene,PICK1,4
9896,PomBase:SPBC14F5.10c,gene,SPBC14F5.10c,4
9897,HP:0001252,phenotype,Hypotonia,8
9898,RGD:1561985,gene,Dtna,4
9899,ENSEMBL:ENSSSCG00000004626,gene,TMOD3,4
9900,1634,drug,maprotiline,3
9901,1043,drug,ergotamine,3
9902,ENSEMBL:ENSSSCG00000038257,gene,SGCZ,4
9903,MP:0003155,phenotype,abnormal telomere length,8
9904,ZP:0106949,phenotype,"response to drug process quality, abnormal",8
9905,HP:0100285,phenotype,EMG: impaired neuromuscular transmission,8
9906,ZFIN:ZDB-GENE-050417-49,gene,tnni2b.1,4
9907,ENSEMBL:ENSGALG00000003261,gene,PTRF,4
9908,ZFIN:ZDB-GENE-050208-657,gene,osbpl1a,4
9909,dbSNP:rs1456737,variant,rs1456737-?,10
9910,OMIM:300377.0055,variant,"DMD, GLN2125TER",10
9911,HP:0012638,phenotype,Abnormal nervous system physiology,8
9912,HP:0003127,phenotype,Hypocalciuria,8
9913,ClinVarVariant:584282,variant,NC_000023.11:g.(?_32216896)_(32472329_?)del,10
9914,SGD:S000000927,gene,RSP5,4
9915,746,drug,cyamemazine,3
9916,FlyBase:FBal0216503,variant,Dys[dsRNA.NH2.UAS],10
9917,4973,drug,chidamide,3
9918,MP:0003725,phenotype,increased autoantibody level,8
9919,MP:0000862,phenotype,absent barrels in primary somatosensory cortex,8
9920,ZP:0011234,phenotype,"neuromast hair cell process quality synapse organization, abnormal",8
9921,ENSEMBL:ENSCAFG00000007034,gene,LYN,4
9922,ZP:0002458,phenotype,"locomotion decreased occurrence, abnormal",8
9923,654,drug,cinnarizine,3
9924,WBPhenotype:0000319,phenotype,large,8
9925,MP:0001469,phenotype,abnormal contextual conditioning behavior,8
9926,RGD:631359,gene,Disc1,4
9927,HP:0000421,phenotype,Epistaxis,8
9928,ZP:0002768,phenotype,"somite elongated, abnormal",8
9929,FlyBase:FBgn0037130,gene,Syn1,4
9930,PomBase:SPAC1805.15c,gene,pub2,4
9931,MP:0000729,phenotype,abnormal myogenesis,8
9932,ENSEMBL:ENSOANG00000044560,gene,ENSEMBL:ENSOANG00000044560,4
9933,WBPhenotype:0001183,phenotype,fat content reduced,8
9934,RGD:3947,gene,Utrn,4
9935,ENSEMBL:ENSCAFG00000017013,gene,ENSEMBL:ENSCAFG00000017013,4
9936,ClinVarVariant:94646,variant,NM_004006.2(DMD):c.4996C>T (p.Arg1666Ter),10
9937,983,drug,econazole,3
9938,dictyBase:DDB_G0282475,gene,DDB0204781,4
9939,ZP:0000985,phenotype,"axon retinal ganglion cell misrouted, abnormal",8
9940,ENSEMBL:ENSOANG00000049407,gene,ENSEMBL:ENSOANG00000049407,4
9941,HP:0002888,phenotype,Ependymoma,8
9942,719,drug,clotrimazole,3
9943,HP:0012020,phenotype,Right aortic arch,8
9944,ZP:0012679,phenotype,"swimming behavior increased duration, abnormal",8
9945,dictyBase:DDB_G0277869,gene,rac1A,4
9946,WBPhenotype:0000765,phenotype,spindle elongation integrity defective early emb,8
9947,ENSEMBL:ENSACAG00000001482,gene,ENSEMBL:ENSACAG00000001482,4
9948,ENSEMBL:ENSMMUG00000000318,gene,ENSEMBL:ENSMMUG00000000318,4
9949,HP:0000407,phenotype,Sensorineural hearing impairment,8
9950,dbSNP:rs78864163,variant,rs78864163-?,10
9951,ClinVarVariant:526160,variant,NC_000023.11:g.(?_32411732)_(32573866_?)del,10
9952,WBPhenotype:0001316,phenotype,evoked postsynaptic current variant,8
9953,ClinVarVariant:417500,variant,NC_000023.11:g.(?_31260955)_(31261016_?)del,10
9954,ENSEMBL:ENSPTRG00000018514,gene,ENSEMBL:ENSPTRG00000018514,4
9955,ZP:0003134,phenotype,"axonal defasciculation increased occurrence, abnormal",8
9956,MP:0000245,phenotype,abnormal erythropoiesis,8
9957,HP:0012771,phenotype,Increased arm span,8
9958,MP:0003329,phenotype,amyloid beta deposits,8
9959,P11532,gene product,exon 51 of dystrophin pre-mRNA,5
9960,WBPhenotype:0000399,phenotype,somatic gonad development variant,8
9961,FlyBase:FBgn0000044,gene,Act57B,4
9962,ENSEMBL:ENSCAFG00000013728,gene,MYL4,4
9963,MP:0005620,phenotype,abnormal muscle contractility,8
9964,HGNC:17448,gene,CLSTN2,4
9965,HP:0012569,phenotype,Delayed menarche,8
9966,ClinVarVariant:526049,variant,NM_004020.3(DMD):c.2843+6294del,10
9967,ZP:0007274,phenotype,"endothelial cell proliferation decreased occurrence, abnormal",8
9968,ENSEMBL:ENSMMUG00000013507,gene,ENSEMBL:ENSMMUG00000013507,4
9969,ZP:0005813,phenotype,"cilium whole organism morphology, abnormal",8
9970,ENSEMBL:ENSMODG00000011228,gene,ENSEMBL:ENSMODG00000011228,4
9971,ENSEMBL:ENSMMUG00000019032,gene,ENSEMBL:ENSMMUG00000019032,4
9972,ClinVarVariant:933803,variant,NM_004006.3(DMD):c.1837A>T (p.Lys613Ter),10
9973,MP:0011190,phenotype,thick embryonic epiblast,8
9974,ClinVarVariant:831182,variant,NC_000023.11:g.(?_31627663)_(31774202_?)del,10
9975,ZP:0138566,phenotype,"vascular smooth muscle bulbus arteriosus decreased amount, abnormal",8
9976,HGNC:1477,gene,CAPN10,4
9977,WBPhenotype:0001652,phenotype,anchor cell invasion variant,8
9978,ENSEMBL:ENSMODG00000021541,gene,ENSEMBL:ENSMODG00000021541,4
9979,MGI:96892,gene,Lyn,4
9980,ZP:0000426,phenotype,"heart increased amount, abnormal",8
9981,ENSEMBL:ENSGALG00000029476,gene,ENSEMBL:ENSGALG00000029476,4
9982,dictyBase:DDB_G0269166,gene,pakA,4
9983,SGD:S000004853,gene,CUS1,4
9984,ENSEMBL:ENSSSCG00000034746,gene,CAPN8,4
9985,HP:0009121,phenotype,Abnormal axial skeleton morphology,8
9986,Xenbase:XB-GENE-487610,gene,nos1,4
9987,ClinVarVariant:11250,variant,NM_000109.4(DMD):c.2284A>T (p.Lys762Ter),10
9988,HP:0011991,phenotype,Abnormal neutrophil count,8
9989,ClinVarVariant:583478,variant,NC_000023.10:g.(?_32563256)_(32591983_?)dup,10
9990,ClinVarVariant:94589,variant,NM_004006.2(DMD):c.3432+1G>A,10
9991,MP:0003048,phenotype,abnormal cervical vertebrae morphology,8
9992,HP:0025032,phenotype,Abnormality of digestive system physiology,8
9993,ENSEMBL:ENSGALG00000000302,gene,ENSEMBL:ENSGALG00000000302,4
9994,ENSEMBL:ENSMODG00000015846,gene,ENSEMBL:ENSMODG00000015846,4
9995,P02768,gene product,Serum albumin,5
9996,HP:0003199,phenotype,Decreased muscle mass,8
9997,1688,drug,pecazine,3
9998,OMIA-breed:384,biological artifact,Tibetan Terrier (dog),0
9999,HP:0012593,phenotype,Nephrotic range proteinuria,8
10000,ZP:0009840,phenotype,"kinocilium neuromast hair cell absent, abnormal",8
10001,ENSEMBL:ENSPTRG00000009992,gene,ENSEMBL:ENSPTRG00000009992,4
10002,ENSEMBL:ENSCAFG00030015381,gene,ENSEMBL:ENSCAFG00030015381,4
10003,MP:0000820,phenotype,abnormal choroid plexus morphology,8
10004,MP:0001622,phenotype,abnormal vasculogenesis,8
10005,ZP:0138007,phenotype,"cell posterior lateral plate mesoderm morphology, abnormal",8
10006,FlyBase:FBgn0035656,gene,CG10479,4
10007,MP:0003864,phenotype,abnormal midbrain development,8
10008,ZP:0018575,phenotype,"whole organism absent, abnormal",8
10009,MP:0000630,phenotype,mammary gland hyperplasia,8
10010,ENSEMBL:ENSOANG00000002107,gene,ENSEMBL:ENSOANG00000002107,4
10011,ZP:0005827,phenotype,"eye edematous, abnormal",8
10012,RGD:1308645,gene,Slfn2,4
10013,ENSEMBL:ENSCAFG00000002104,gene,ENSEMBL:ENSCAFG00000002104,4
10014,EFO:0010701,phenotype,mean reticulocyte volume,8
10015,ClinVarVariant:643851,variant,NM_004006.2(DMD):c.8881C>T (p.Gln2961Ter),10
10016,ENSEMBL:ENSOANG00000009084,gene,ENSEMBL:ENSOANG00000009084,4
10017,ZFIN:ZDB-GENE-130531-56,gene,si:ch211-120g10.1,4
10018,ZFIN:ZDB-GENE-120917-2,gene,myl2a,4
10019,MP:0003901,phenotype,abnormal PR interval,8
10020,ENSEMBL:ENSPTRG00000022742,gene,ENSEMBL:ENSPTRG00000022742,4
10021,ClinVarVariant:830935,variant,NC_000023.11:g.(?_31657980)_(31836829_?)del,10
10022,PomBase:SPAC1F5.09c,gene,shk2,4
10023,ENSEMBL:ENSECAG00000012072,gene,ENSEMBL:ENSECAG00000012072,4
10024,MP:0002123,phenotype,abnormal definitive hematopoiesis,8
10025,ClinVarVariant:982020,variant,NC_000023.11:g.(31774193_31819974)_(31836820_31875187)del,10
10026,HP:0007108,phenotype,Demyelinating peripheral neuropathy,8
10027,RGD:1307728,gene,Sntb1,4
10028,WBPhenotype:0002266,phenotype,mitochondrial content variant,8
10029,ENSEMBL:ENSMMUG00000017529,gene,ENSEMBL:ENSMMUG00000017529,4
10030,HGNC:53337,gene,LINC02408,4
10031,MP:0006069,phenotype,abnormal retinal neuronal layer morphology,8
10032,ENSEMBL:ENSECAG00000024027,gene,ENSEMBL:ENSECAG00000024027,4
10033,ZFIN:ZDB-GENE-031204-3,gene,jam2a,4
10034,HP:0010438,phenotype,Abnormal ventricular septum morphology,8
10035,WormBase:WBGene00022177,gene,Y71H2AM.12,4
10036,OMIM:300377.0043,variant,"DMD, TRP651TER",10
10037,ENSEMBL:ENSMMUG00000056831,gene,ENSEMBL:ENSMMUG00000056831,4
10038,FlyBase:FBgn0259978,gene,vlc,4
10039,ZP:0002767,phenotype,"somite decreased thickness, abnormal",8
10040,ZP:0002985,phenotype,"detection of light stimulus involved in visual perception arrested, abnormal",8
10041,ZP:0000564,phenotype,"cranium decreased size, abnormal",8
10042,ENSEMBL:ENSBTAG00000018852,gene,ENSEMBL:ENSBTAG00000018852,4
10043,ENSEMBL:ENSCAFG00000005638,gene,SIRT2,4
10044,ClinVarVariant:646955,variant,NC_000023.10:g.(?_32305626)_(32366665_?)dup,10
10045,MP:0005039,phenotype,hypoxia,8
10046,EFO:0007878,phenotype,alcohol consumption measurement,8
10047,HP:0001508,phenotype,Failure to thrive,8
10048,MP:0005030,phenotype,absent amnion,8
10049,MP:0010227,phenotype,decreased quadriceps weight,8
10050,ZP:0019196,phenotype,"heart decreased occurrence heart looping, abnormal",8
10051,ZP:0010961,phenotype,"muscle cell caudal fin malformed, abnormal",8
10052,MGI:1917834,gene,Pak4,4
10053,ZP:0000473,phenotype,"whole organism decreased length, abnormal",8
10054,ClinVarVariant:658297,variant,NM_004006.2(DMD):c.9938G>T (p.Cys3313Phe),10
10055,ZP:0005109,phenotype,"muscle misaligned with T-tubule T-tubule muscle, abnormal",8
10056,WBPhenotype:0001434,phenotype,chemotaxis variant,8
10057,WBPhenotype:0000664,phenotype,exaggerated body bends,8
10058,ENSEMBL:ENSMMUG00000010080,gene,ENSEMBL:ENSMMUG00000010080,4
10059,MP:0009568,phenotype,abnormal red blood cell deformability,8
10060,MP:0004736,phenotype,abnormal distortion product otoacoustic emission,8
10061,ClinVarVariant:11216,variant,"DMD, 1-BP INS, EX12",10
10062,ZP:0007890,phenotype,"ventricular system morphology, abnormal",8
10063,ZP:0000012,phenotype,"somite morphology, abnormal",8
10064,ENSEMBL:ENSFCAG00000015361,gene,ENSEMBL:ENSFCAG00000015361,4
10065,ENSEMBL:ENSPTRG00000013457,gene,ENSEMBL:ENSPTRG00000013457,4
10066,EFO:0008433,phenotype,pursuit maintenance gain measurement,8
10067,WBPhenotype:0001084,phenotype,sodium chloride chemotaxis defective,8
10068,MP:0000550,phenotype,abnormal forelimb morphology,8
10069,HP:0005280,phenotype,Depressed nasal bridge,8
10070,ENSEMBL:ENSBTAG00000008714,gene,CLSTN2,4
10071,MP:0004063,phenotype,dilated heart left atrium,8
10072,FlyBase:FBgn0038129,gene,TBC1D5,4
10073,WBPhenotype:0000641,phenotype,activity level variant,8
10074,3659,drug,yohimbine,3
10075,ZP:0000699,phenotype,"artery morphogenesis delayed, abnormal",8
10076,HP:0001927,phenotype,Acanthocytosis,8
10077,APO:0000045,phenotype,sterile,8
10078,ZP:0101697,phenotype,"anatomical region dorsal aorta absent, abnormal",8
10079,ZP:0003670,phenotype,"sarcomere cardiac ventricle immature, abnormal",8
10080,MP:0000767,phenotype,abnormal smooth muscle morphology,8
10081,HP:0004414,phenotype,Abnormality of the pulmonary artery,8
10082,dbSNP:rs3822095,variant,rs3822095-?,10
10083,WormBase:WBGene00001519,gene,gar-3,4
10084,OMIM:300377.0006,variant,"DMD, IVS68, T-A, +2",10
10085,ZP:0014339,phenotype,"filamentous actin slow muscle cell dispersed, abnormal",8
10086,2815,drug,verapamil,3
10087,ENSEMBL:ENSOANG00000047404,gene,ENSEMBL:ENSOANG00000047404,4
10088,ZP:0001235,phenotype,"brain surface feature shape, abnormal",8
10089,ClinVarVariant:94597,variant,NM_004006.2(DMD):c.3580C>T (p.Gln1194Ter),10
10090,ZP:0019922,phenotype,"atrioventricular valve functionality, abnormal",8
10091,ZP:0005803,phenotype,"retinal photoreceptor layer apoptotic, abnormal",8
10092,RGD:727790,gene,Kif15,4
10093,ZP:0106692,phenotype,"Z disc myocardium disorganized, abnormal",8
10094,MONARCH:APO_0000100APO_0000245,phenotype,nutrient uptake:decreased rate,8
10095,ENSEMBL:ENSACAG00000005459,gene,ENSEMBL:ENSACAG00000005459,4
10096,MP:0008572,phenotype,abnormal Purkinje cell dendrite morphology,8
10097,ZP:0000353,phenotype,"telencephalon decreased size, abnormal",8
10098,ENSEMBL:ENSMMUG00000010519,gene,ENSEMBL:ENSMMUG00000010519,4
10099,ClinVarVariant:947912,variant,NM_004006.3(DMD):c.9563+5G>C,10
10100,MGI:1339984,gene,Pak2,4
10101,MP:0008040,phenotype,decreased NK T cell number,8
10102,ENSEMBL:ENSMMUG00000016633,gene,ENSEMBL:ENSMMUG00000016633,4
10103,ENSEMBL:ENSPTRG00000011488,gene,ENSEMBL:ENSPTRG00000011488,4
10104,FlyBase:FBgn0052406,gene,PVRAP,4
10105,HP:0002918,phenotype,Hypermagnesemia,8
10106,HP:0009733,phenotype,Glioma,8
10107,WormBase:WBGene00002078,gene,xpo-1,4
10108,MGI:108295,gene,Pxn,4
10109,ENSEMBL:ENSBTAG00000050469,gene,A0A3Q1LKV2,4
10110,MONARCH:APO_0000026APO_0000002,phenotype,bipolar budding pattern:abnormal,8
10111,WBPhenotype:0002200,phenotype,oviduct muscle defective,8
10112,dbSNP:rs6891905,variant,rs6891905-?,10
10113,MP:0004046,phenotype,abnormal mitosis,8
10114,HP:0025100,phenotype,Abnormal hippocampus morphology,8
10115,MMRRC:041195,biological artifact,B10ScSn.FVB-<i>Dmd<sup>mdx</sup></i> Tg(Myh6-DMD*)#Dua/Mmjax,0
10116,MGI:1339656,gene,Pak3,4
10117,EFO:0007814,phenotype,refractive error measurement,8
10118,RGD:1309252,gene,Traf3ip1,4
10119,WBPhenotype:0000082,phenotype,L2 arrest,8
10120,MP:0010156,phenotype,abnormal small intestinal crypt cell physiology,8
10121,HP:0030513,phenotype,Difficulty adjusting from light to dark,8
10122,MP:0003312,phenotype,abnormal locomotor coordination,8
10123,ZP:0017968,phenotype,"blood atrioventricular valve fluid flow rate, abnormal",8
10124,ClinVarVariant:455925,variant,NM_004006.2(DMD):c.686T>G (p.Leu229Ter),10
10125,ENSEMBL:ENSSSCG00000008576,gene,DTNB,4
10126,MP:0004090,phenotype,abnormal sarcomere morphology,8
10127,ENSEMBL:ENSMMUG00000046470,gene,ENSEMBL:ENSMMUG00000046470,4
10128,GO:0008270,molecular function,zinc ion binding,7
10129,ENSEMBL:ENSMODG00000001430,gene,ENSEMBL:ENSMODG00000001430,4
10130,ZP:0009309,phenotype,"primary motor neuron increased branchiness, abnormal",8
10131,ZP:0004576,phenotype,"somite decreased width, abnormal",8
10132,WBPhenotype:0000926,phenotype,body wall muscle morphology variant,8
10133,MP:0011753,phenotype,decreased podocyte number,8
10134,MP:0013504,phenotype,increased embryonic tissue cell apoptosis,8
10135,HGNC:2987,gene,DOCK1,4
10136,ZP:0001636,phenotype,"basement membrane notochord disorganized, abnormal",8
10137,ClinVarVariant:981990,variant,NC_000023.11:g.(31627863_31657989)_(31836820_31875187)del,10
10138,PomBase:SPBC1539.08,gene,arf6,4
10139,Xenbase:XB-GENE-493973,gene,jam2,4
10140,WormBase:WBGene00019227,gene,sgca-1,4
10141,ENSEMBL:ENSCAFG00000005141,gene,SHKBP1,4
10142,RGD:619964,gene,Trim63,4
10143,ENSEMBL:ENSMODG00000008160,gene,ENSEMBL:ENSMODG00000008160,4
10144,EFO:0010158,phenotype,sugar consumption measurement,8
10145,ClinVarVariant:455902,variant,NM_000109.4(DMD):c.4894_4895delinsTG (p.Thr1632Ter),10
10146,ZP:0003142,phenotype,"neuron spinal cord decreased amount, abnormal",8
10147,ZP:0001304,phenotype,"caudal vein plexus decreased width, abnormal",8
10148,ZP:0002230,phenotype,"axon CaP motoneuron decreased length, abnormal",8
10149,ENSEMBL:ENSGALG00000003855,gene,ENSEMBL:ENSGALG00000003855,4
10150,ClinVarVariant:655220,variant,NC_000023.10:g.(?_32305636)_(32366860_?)dup,10
10151,ClinVarVariant:584265,variant,NC_000023.10:g.(?_32632400)_(32867957_?)dup,10
10152,ENSEMBL:ENSGALG00000000209,gene,ENSEMBL:ENSGALG00000000209,4
10153,ZP:0003065,phenotype,"somite grey, abnormal",8
10154,ENSEMBL:ENSSSCG00000027669,gene,TNS1,4
10155,MP:0000293,phenotype,absent myocardial trabeculae,8
10156,EFO:0005192,phenotype,red blood cell distribution width,8
10157,ENSEMBL:ENSMODG00000045740,gene,ENSEMBL:ENSMODG00000045740,4
10158,dictyBase:DDB_G0292560,gene,racJ,4
10159,ENSEMBL:ENSECAG00000013481,gene,ENSEMBL:ENSECAG00000013481,4
10160,ZP:0003945,phenotype,"photoreceptor outer segment photoreceptor cell decreased amount, abnormal",8
10161,EFO:0008463,phenotype,glucagon measurement,8
10162,ENSEMBL:ENSBTAG00000002743,gene,ENSEMBL:ENSBTAG00000002743,4
10163,ClinVarVariant:584399,variant,NC_000023.11:g.(?_32809473)_(33020220_?)del,10
10164,ClinVarVariant:217212,variant,NM_004006.2(DMD):c.8027+2T>A,10
10165,MONARCH:APO_0000308APO_0000245,phenotype,fermentative growth:decreased rate,8
10166,ClinVarVariant:649627,variant,NC_000023.11:g.(?_32310062)_(32651077_?)del,10
10167,ENSEMBL:ENSMODG00000002477,gene,ENSEMBL:ENSMODG00000002477,4
10168,Xenbase:XB-GENE-478553,gene,lamc1,4
10169,ENSEMBL:ENSECAG00000032818,gene,ENSEMBL:ENSECAG00000032818,4
10170,ZP:0006125,phenotype,"parachordal vessel aplastic, abnormal",8
10171,HP:0040109,phenotype,Morphological abnormality of the utricle,8
10172,ClinVarVariant:831288,variant,NC_000023.11:g.(?_32463429)_(32595886_?)del,10
10173,ENSEMBL:ENSBTAG00000012002,gene,BCAR1,4
10174,HP:0100243,phenotype,Leiomyosarcoma,8
10175,OMIM:300377.0068,variant,"DMD, IVS70, G-A, +1",10
10176,ENSEMBL:ENSACAG00000017332,gene,ENSEMBL:ENSACAG00000017332,4
10177,ENSEMBL:ENSSSCG00000033894,gene,LAMA2,4
10178,WBPhenotype:0000188,phenotype,gonad arm morphology variant,8
10179,MP:0005031,phenotype,abnormal trophoblast layer morphology,8
10180,HP:0012647,phenotype,Abnormal inflammatory response,8
10181,RGD:3142,gene,Myl3,4
10182,ZP:0008583,phenotype,"portion of tissue atrium decreased thickness, abnormal",8
10183,MP:0002887,phenotype,decreased susceptibility to pharmacologically induced seizures,8
10184,MP:0002797,phenotype,increased thigmotaxis,8
10185,ClinVarVariant:832561,variant,NC_000023.11:g.(?_32518008)_(32699293_?)del,10
10186,MP:0009546,phenotype,absent gastric milk in neonates,8
10187,ZP:0002979,phenotype,"determination of left/right asymmetry in lateral mesoderm decreased process quality, abnormal",8
10188,HP:0000267,phenotype,Cranial asymmetry,8
10189,ENSEMBL:ENSECAG00000024318,gene,ENSEMBL:ENSECAG00000024318,4
10190,Xenbase:XB-GENE-968308,gene,lama1,4
10191,RGD:621890,gene,Dag1,4
10192,dbSNP:rs12547243,variant,rs12547243-?,10
10193,WBPhenotype:0000758,phenotype,L4 adult molt defect,8
10194,ClinVarVariant:832588,variant,NC_000023.11:g.(?_31836718)_(31875373_?)del,10
10195,MP:0002059,phenotype,abnormal seminal vesicle morphology,8
10196,ENSEMBL:ENSGALG00000034562,gene,ENSEMBL:ENSGALG00000034562,4
10197,HP:0002063,phenotype,Rigidity,8
10198,MGI:105382,gene,Lama5,4
10199,ClinVarVariant:803920,variant,NM_004006.3(DMD):c.2101del (p.Glu701fs),10
10200,MP:0000929,phenotype,open neural tube,8
10201,MP:0002915,phenotype,abnormal synaptic depression,8
10202,ZFIN:ZDB-GENE-051113-60,gene,sptan1,4
10203,PomBase:SPCC1620.11,gene,nup97,4
10204,HP:0001888,phenotype,Lymphopenia,8
10205,MP:0012165,phenotype,absent neural folds,8
10206,HGNC:6481,gene,LAMA1,4
10207,MP:0005140,phenotype,decreased cardiac muscle contractility,8
10208,WBPhenotype:0000717,phenotype,gene expression variant,8
10209,ENSEMBL:ENSGALG00000005332,gene,ENSEMBL:ENSGALG00000005332,4
10210,WormBase:WBGene00000069,gene,acy-2,4
10211,FBcv:0002051,phenotype,some die during immature adult stage,8
10212,MP:0010509,phenotype,decreased P wave amplitude,8
10213,ENSEMBL:ENSSSCG00000026794,gene,SIRT2,4
10214,HP:0001319,phenotype,Neonatal hypotonia,8
10215,ENSEMBL:ENSECAG00000000758,gene,ENSEMBL:ENSECAG00000000758,4
10216,MP:0004262,phenotype,abnormal physical strength,8
10217,MONARCH:APO_0000074APO_0000004,phenotype,autophagy:increased,8
10218,ClinVarVariant:417487,variant,NC_000023.11:g.(?_31773960)_(31774192_?)del,10
10219,ClinVarVariant:526048,variant,NM_000109.4(DMD):c.8659dup (p.Glu2887fs),10
10220,MP:0000872,phenotype,abnormal cerebellum external granule cell layer morphology,8
10221,ZP:0006638,phenotype,"blood accumulation trunk vasculature, abnormal",8
10222,HP:0002250,phenotype,Abnormal large intestine morphology,8
10223,HP:0005102,phenotype,Cochlear degeneration,8
10224,MP:0001004,phenotype,abnormal retinal photoreceptor morphology,8
10225,dictyBase:DDB_G0269476,gene,DDB0190289,4
10226,MP:0020518,phenotype,renal glomerular protein deposits,8
10227,MP:0004543,phenotype,abnormal sperm physiology,8
10228,MGI:1919455,gene,Eml2,4
10229,ZP:0002998,phenotype,"lens hypoplastic, abnormal",8
10230,ENSEMBL:ENSFCAG00000007717,gene,ENSEMBL:ENSFCAG00000007717,4
10231,MP:0001973,phenotype,increased thermal nociceptive threshold,8
10232,MP:0006065,phenotype,abnormal heart position or orientation,8
10233,ZP:0000759,phenotype,"midbrain hindbrain boundary aplastic, abnormal",8
10234,MGI:1929897,gene,Clstn2,4
10235,MP:0010412,phenotype,atrioventricular septal defect,8
10236,ZP:0005799,phenotype,"cilium peripheral olfactory organ decreased length, abnormal",8
10237,MP:0008721,phenotype,abnormal chemokine level,8
10238,ENSEMBL:ENSPTRG00000015026,gene,ENSEMBL:ENSPTRG00000015026,4
10239,ENSEMBL:ENSMODG00000007142,gene,ENSEMBL:ENSMODG00000007142,4
10240,FlyBase:FBgn0000042,gene,Act5C,4
10241,SGD:S000001798,gene,PXL1,4
10242,ENSEMBL:ENSFCAG00000026567,gene,ENSEMBL:ENSFCAG00000026567,4
10243,ENSEMBL:ENSMMUG00000048288,gene,ENSEMBL:ENSMMUG00000048288,4
10244,1592,drug,lofepramine,3
10245,FlyBase:FBgn0260934,gene,par-1,4
10246,MGI:1355285,gene,Tmod4,4
10247,MONARCH:APO_0000307APO_0000003,phenotype,anaerobic growth:decreased,8
10248,ClinVarVariant:936227,variant,NM_004006.3(DMD):c.5653C>T (p.Gln1885Ter),10
10249,ENSEMBL:ENSECAG00000000299,gene,ENSEMBL:ENSECAG00000000299,4
10250,ZFIN:ZDB-GENE-070228-4,gene,drp2,4
10251,ClinVarVariant:803884,variant,NM_004006.3(DMD):c.3980del (p.Ala1327fs),10
10252,WBPhenotype:0001780,phenotype,associative learning variant,8
10253,183,drug,amlodipine,3
10254,MP:0005370,phenotype,liver/biliary system phenotype,8
10255,dbSNP:rs710160,variant,rs710160-?,10
10256,ZP:0002697,phenotype,"retinal rod cell decreased amount, abnormal",8
10257,ENSEMBL:ENSOANG00000043821,gene,ENSEMBL:ENSOANG00000043821,4
10258,ClinVarVariant:94554,variant,NM_004006.2(DMD):c.31+1G>T,10
10259,HGNC:11068,gene,SLC8A1,4
10260,ENSEMBL:ENSFCAG00000004445,gene,ENSEMBL:ENSFCAG00000004445,4
10261,MGI:105380,gene,Mcm2,4
10262,ZP:0021916,phenotype,"response to absence of light decreased process quality, abnormal",8
10263,ENSEMBL:ENSPTRG00000000373,gene,ENSEMBL:ENSPTRG00000000373,4
10264,ENSEMBL:ENSPTRG00000023575,gene,ENSEMBL:ENSPTRG00000023575,4
10265,ENSEMBL:ENSMODG00000017909,gene,ENSEMBL:ENSMODG00000017909,4
10266,ZP:0009071,phenotype,"neuronal cell body cranial nerve VII mislocalised anteriorly, abnormal",8
10267,ENSEMBL:ENSECAG00000011914,gene,ENSEMBL:ENSECAG00000011914,4
10268,MP:0001489,phenotype,decreased startle reflex,8
10269,ENSEMBL:ENSPTRG00000014825,gene,ENSEMBL:ENSPTRG00000014825,4
10270,ZP:0006449,phenotype,"embryonic morphogenesis disrupted, abnormal",8
10271,MP:0000592,phenotype,short tail,8
10272,ZP:0009303,phenotype,"cranial neural crest increased size, abnormal",8
10273,MP:0020913,phenotype,increased susceptibility to Riboviria infection,8
10274,HP:0200134,phenotype,Epileptic encephalopathy,8
10275,ENSEMBL:ENSCAFG00000014707,gene,ENSEMBL:ENSCAFG00000014707,4
10276,ClinVarVariant:584141,variant,NC_000023.10:g.(?_31676087)_(31747885_?)dup,10
10277,WBPhenotype:0002296,phenotype,body posture wavelength increased,8
10278,ZP:0006786,phenotype,"skeletal muscle cell apoptotic, abnormal",8
10279,P30304,gene product,Dual specificity phosphatase Cdc25A,5
10280,P78508,gene product,ATP-sensitive inward rectifier potassium channel 10,5
10281,ZP:0101902,phenotype,"facial nerve motor nucleus rhombomere 5 increased volume, abnormal",8
10282,ZP:0002948,phenotype,"granular layer corpus cerebelli disorganized, abnormal",8
10283,HP:0100495,phenotype,Mastocytosis,8
10284,WormBase:WBGene00003566,gene,ncx-1,4
10285,MP:0004527,phenotype,abnormal outer hair cell stereociliary bundle morphology,8
10286,ENSEMBL:ENSECAG00000022942,gene,ENSEMBL:ENSECAG00000022942,4
10287,ClinVarVariant:830419,variant,NC_000023.11:g.(?_31169433)_(31507463_?)dup,10
10288,ENSEMBL:ENSBTAG00000021707,gene,ENSEMBL:ENSBTAG00000021707,4
10289,ENSEMBL:ENSMMUG00000018821,gene,ENSEMBL:ENSMMUG00000018821,4
10290,ZP:0005457,phenotype,"protein localization to adherens junction disrupted, abnormal",8
10291,ZP:0017157,phenotype,"blood accumulation atrium, abnormal",8
10292,ZP:0002975,phenotype,"T-tubule skeletal muscle cell malformed, abnormal",8
10293,HP:0000411,phenotype,Protruding ear,8
10294,ZP:0137792,phenotype,"muscle cell inflexible, abnormal",8
10295,ENSEMBL:ENSSSCG00000004425,gene,LAMA4,4
10296,MP:0011584,phenotype,increased alkaline phosphatase activity,8
10297,ENSEMBL:ENSBTAG00000009177,gene,ENSEMBL:ENSBTAG00000009177,4
10298,MP:0005639,phenotype,hemosiderosis,8
10299,WBPhenotype:0002293,phenotype,body posture amplitude increased,8
10300,FBcv:0000357,phenotype,abnormal size,8
10301,MP:0003819,phenotype,increased left ventricle diastolic pressure,8
10302,ZP:0012861,phenotype,"actin cytoskeleton organization process quality, abnormal",8
10303,ClinVarVariant:864809,variant,NM_004006.3(DMD):c.6423C>G (p.Tyr2141Ter),10
10304,Xenbase:XB-GENE-485807,gene,hdac2,4
10305,HP:0002172,phenotype,Postural instability,8
10306,ZP:0018737,phenotype,"caveola skeletal muscle cell decreased amount, abnormal",8
10307,WBPhenotype:0000576,phenotype,organism physiology phenotype,8
10308,HP:0012379,phenotype,Abnormal enzyme/coenzyme activity,8
10309,ENSEMBL:ENSECAG00000034383,gene,ENSEMBL:ENSECAG00000034383,4
10310,MP:0000088,phenotype,short mandible,8
10311,ZFIN:ZDB-GENE-030724-3,gene,sgcz,4
10312,ENSEMBL:ENSGALG00000029203,gene,TNNT1,4
10313,ClinVarVariant:526054,variant,NM_004006.2(DMD):c.10224-175_10230del,10
10314,ClinVarVariant:576144,variant,NM_004006.2(DMD):c.5154+2T>C,10
10315,ZP:0008364,phenotype,"post-anal tail morphogenesis delayed, abnormal",8
10316,Coriell:GM05126,biological artifact,NIGMS-GM05126,0
10317,ClinVarVariant:947255,variant,NM_004006.3(DMD):c.29_30del (p.Cys10fs),10
10318,ZP:0000240,phenotype,"whole organism bent, abnormal",8
10319,ENSEMBL:ENSECAG00000000120,gene,ENSEMBL:ENSECAG00000000120,4
10320,ClinVarVariant:803791,variant,NM_004006.3(DMD):c.9971dup (p.Arg3325fs),10
10321,MP:0008126,phenotype,increased dendritic cell number,8
10322,FBcv:0002038,phenotype,some die during pharate adult stage,8
10323,3643,drug,vincamine,3
10324,MP:0009772,phenotype,abnormal retinal development,8
10325,ZP:0003872,phenotype,"liver necrotic, abnormal",8
10326,WBPhenotype:0000004,phenotype,constitutive egg laying,8
10327,ZP:0000066,phenotype,"ceratobranchial cartilage absent, abnormal",8
10328,ENSEMBL:ENSCAFG00000019523,gene,APC2,4
10329,MP:0013258,phenotype,abnormal extracellular matrix morphology,8
10330,MP:0006300,phenotype,abnormal entorhinal cortex morphology,8
10331,ENSEMBL:ENSOANG00000004792,gene,ENSEMBL:ENSOANG00000004792,4
10332,WormBase:WBGene00001834,gene,hda-1,4
10333,ENSEMBL:ENSGALG00000031170,gene,ADCY1,4
10334,ClinVarVariant:957115,variant,NM_004006.3(DMD):c.9219_9222del (p.Tyr3072_Tyr3073insTer),10
10335,ZP:0003715,phenotype,"atrial myocardium decreased contractility, abnormal",8
10336,ClinVarVariant:11214,variant,"DMD, EX73-76DEL",10
10337,FBcv:0002020,phenotype,some die during P-stage,8
10338,ENSEMBL:ENSOANG00000045182,gene,ENSEMBL:ENSOANG00000045182,4
10339,ClinVarVariant:846215,variant,NC_000023.11:g.31444471_31627872dup,10
10340,MP:0000159,phenotype,abnormal xiphoid process morphology,8
10341,ZP:0000115,phenotype,"nervous system quality, abnormal",8
10342,ClinVarVariant:803880,variant,NM_004006.3(DMD):c.4306_4309del (p.Ala1436fs),10
10343,ClinVarVariant:803856,variant,NM_004006.3(DMD):c.5821dup (p.Ala1941fs),10
10344,ENSEMBL:ENSECAG00000004216,gene,ENSEMBL:ENSECAG00000004216,4
10345,MONARCH:APO_0000316APO_0000004,phenotype,chronological lifespan:increased,8
10346,FBcv:0000360,phenotype,decreased cell size,8
10347,HP:0002307,phenotype,Drooling,8
10348,HP:0004891,phenotype,Recurrent infections due to aspiration,8
10349,ZP:0019382,phenotype,"swim bladder inflation decreased occurrence, abnormal",8
10350,ZP:0005599,phenotype,"eye physical object quality, abnormal",8
10351,FlyBase:FBgn0038722,gene,Nup58,4
10352,WormBase:WBGene00009730,gene,myo-6,4
10353,ENSEMBL:ENSFCAG00000003944,gene,ENSEMBL:ENSFCAG00000003944,4
10354,FBcv:0000350,phenotype,partially lethal - majority live,8
10355,FBcv:0000362,phenotype,increased cell number,8
10356,MP:0011266,phenotype,abnormal frontonasal mesenchyme morphology,8
10357,ZP:0015522,phenotype,"sinoatrial node decreased functionality, abnormal",8
10358,HP:0010978,phenotype,Abnormality of immune system physiology,8
10359,NCBIGene:100006166,gene,si:ch211-1f22.1,4
10360,HP:0001631,phenotype,Atrial septal defect,8
10361,WBPhenotype:0000904,phenotype,muscle cell morphology variant,8
10362,ZP:0001256,phenotype,"forebrain ventricle decreased size, abnormal",8
10363,MP:0001672,phenotype,abnormal embryo development,8
10364,ENSEMBL:ENSDARG00000112321,gene,CR812847.1,4
10365,ENSEMBL:ENSCAFG00000017392,gene,ENSEMBL:ENSCAFG00000017392,4
10366,ZP:0007024,phenotype,"Z disc cardiac muscle disorganized, abnormal",8
10367,ENSEMBL:ENSECAG00000015955,gene,ENSEMBL:ENSECAG00000015955,4
10368,MP:0005553,phenotype,increased circulating creatinine level,8
10369,NCBITaxon:3702,taxon,Arabidopsis thaliana,9
10370,ZFIN:ZDB-GENE-030707-1,gene,anxa4,4
10371,ClinVarVariant:225615,variant,NM_004006.2(DMD):c.6502G>T (p.Glu2168Ter),10
10372,SGD:S000006307,gene,PRE2,4
10373,WBPhenotype:0001956,phenotype,oocytes lack nucleus,8
10374,ZP:0000246,phenotype,"actin filament fast muscle cell disorganized, abnormal",8
10375,ClinVarVariant:417507,variant,NC_000023.11:g.(?_32573530)_(32699293_?)del,10
10376,HP:0011014,phenotype,Abnormal glucose homeostasis,8
10377,ClinVarVariant:526162,variant,NC_000023.10:g.(?_32235013)_(32408318_?)dup,10
10378,ZP:0131234,phenotype,"skeletal muscle cell myotome absent, abnormal",8
10379,HP:0011376,phenotype,Morphological abnormality of the vestibule of the inner ear,8
10380,MP:0010225,phenotype,abnormal quadriceps morphology,8
10381,MGI:102749,gene,Trim25,4
10382,MGI:97267,gene,Myl4,4
10383,MP:0005377,phenotype,hearing/vestibular/ear phenotype,8
10384,Xenbase:XB-GENE-941407,gene,pxn,4
10385,WBPhenotype:0000406,phenotype,lumpy,8
10386,EFO:0004765,phenotype,visceral adipose tissue measurement,8
10387,1142,drug,felodipine,3
10388,MP:0008519,phenotype,thin retinal outer plexiform layer,8
10389,ZFIN:ZDB-GENE-070705-302,gene,adcy1a,4
10390,461,drug,cadralazine,3
10391,ENSEMBL:ENSSSCG00000037803,gene,MARCKS,4
10392,ENSEMBL:ENSGALG00000015056,gene,LAMA3,4
10393,ZP:0017967,phenotype,"atrioventricular valve process quality blood circulation, abnormal",8
10394,MP:0002941,phenotype,increased circulating alanine transaminase level,8
10395,ClinVarVariant:803848,variant,NM_004006.3(DMD):c.6610_6611del (p.Lys2204fs),10
10396,MP:0001675,phenotype,abnormal ectoderm development,8
10397,MP:0003895,phenotype,increased ectoderm apoptosis,8
10398,ZP:0002994,phenotype,"retinal ganglion cell layer dispersed, abnormal",8
10399,MP:0009458,phenotype,abnormal skeletal muscle size,8
10400,dictyBase:DDB_G0269176,gene,racF1,4
10401,ENSEMBL:ENSMODG00000007000,gene,ENSEMBL:ENSMODG00000007000,4
10402,ClinVarVariant:813307,variant,GRCh37/hg19 Xp21.1(chrX:31792077-31893490),10
10403,ZP:0009290,phenotype,"neuron hindbrain disorganized, abnormal",8
10404,ZP:0017553,phenotype,"retinal ganglion cell layer increased thickness, abnormal",8
10405,ZP:0014133,phenotype,"cardiac ventricle increased volume, abnormal",8
10406,ZP:0002947,phenotype,"intersegmental vessel somite disorganized, abnormal",8
10407,MP:0005600,phenotype,increased ventricle muscle contractility,8
10408,ClinVarVariant:803846,variant,NM_004006.3(DMD):c.6760A>T (p.Lys2254Ter),10
10409,MGI:1916467,gene,Plekha4,4
10410,ZP:0011223,phenotype,"fourth ventricle development process quality, abnormal",8
10411,MP:0000378,phenotype,absent hair follicles,8
10412,ZP:0003067,phenotype,"skeletal muscle quality, abnormal",8
10413,ENSEMBL:ENSMODG00000015180,gene,ENSEMBL:ENSMODG00000015180,4
10414,ENSEMBL:ENSPTRG00000001280,gene,ENSEMBL:ENSPTRG00000001280,4
10415,ZP:0102504,phenotype,"optic tectum process quality microglial cell migration, abnormal",8
10416,ClinVarVariant:965439,variant,NM_004006.3(DMD):c.1855A>T (p.Lys619Ter),10
10417,ZFIN:ZDB-GENE-030131-3684,gene,sgcd,4
10418,ClinVarVariant:830528,variant,NC_000023.11:g.(?_32438231)_(32485109_?)dup,10
10419,MGI:1921414,gene,Nfx1,4
10420,ClinVarVariant:584026,variant,NC_000023.11:g.(?_32216896)_(32365219_?)del,10
10421,ZP:0001457,phenotype,"melanosome transport delayed, abnormal",8
10422,WBPhenotype:0001969,phenotype,germ cell compartment morphology variant,8
10423,RGD:70965,gene,Capn9,4
10424,WBPhenotype:0001292,phenotype,body wall muscle physiology variant,8
10425,MP:0030423,phenotype,abnormal pinna cartilage morphology,8
10426,ClinVarVariant:981992,variant,NC_000023.11:g.(31496945_31507280)_(31507454_31627672)del,10
10427,HP:0002015,phenotype,Dysphagia,8
10428,HP:0009060,phenotype,Scapular muscle atrophy,8
10429,ZP:0106676,phenotype,"lateral plate mesoderm decreased occurrence determination of left/right asymmetry in lateral mesoderm, abnormal",8
10430,ZP:0003919,phenotype,"pupil decreased size, abnormal",8
10431,ENSEMBL:ENSACAG00000001940,gene,ENSEMBL:ENSACAG00000001940,4
10432,MP:0006396,phenotype,decreased long bone epiphyseal plate size,8
10433,PomBase:SPBC4.04c,gene,mcm2,4
10434,ClinVarVariant:981956,variant,NC_000023.11:g.(31932228_31968338)_(32699294_32809492)del,10
10435,ClinVarVariant:239599,variant,NM_004006.2(DMD):c.1504C>T (p.Gln502Ter),10
10436,ENSEMBL:ENSXETG00000036116,gene,ENSEMBL:ENSXETG00000036116,4
10437,MP:0020551,phenotype,abnormal postsynaptic density morphology,8
10438,WormBase:WBGene00005077,gene,src-1,4
10439,MONARCH:APO_0000197APO_0000004,phenotype,colony sectoring:increased,8
10440,HP:0004736,phenotype,Crossed fused renal ectopia,8
10441,ENSEMBL:ENSSSCG00000011666,gene,CLSTN2,4
10442,1643,drug,mebhydrolin,3
10443,ZFIN:ZDB-GENE-031104-1,gene,cacna1fb,4
10444,WormBase:WBGene00003719,gene,nhr-129,4
10445,MP:0008236,phenotype,decreased susceptibility to neuronal excitotoxicity,8
10446,HP:0011314,phenotype,Abnormality of long bone morphology,8
10447,MP:0010209,phenotype,abnormal circulating chemokine level,8
10448,ENSEMBL:ENSECAG00000015901,gene,ENSEMBL:ENSECAG00000015901,4
10449,ENSEMBL:ENSFCAG00000023614,gene,ENSEMBL:ENSFCAG00000023614,4
10450,MP:0011856,phenotype,abnormal glomerular filtration barrier function,8
10451,HP:0011876,phenotype,Abnormal platelet volume,8
10452,HP:0004722,phenotype,Thickened glomerular basement membrane,8
10453,ZP:0003149,phenotype,"axon cranial nerve V defasciculated, abnormal",8
10454,MP:0006395,phenotype,abnormal epiphyseal plate morphology,8
10455,HP:0001770,phenotype,Toe syndactyly,8
10456,MP:0009593,phenotype,absent chorion,8
10457,WBPhenotype:0004016,phenotype,dauer nictation behavior variant,8
10458,ClinVarVariant:417490,variant,NC_000023.11:g.(?_31496788)_(31875373_?)del,10
10459,ClinVarVariant:986416,variant,NM_004006.3(DMD):c.6253del (p.Trp2085fs),10
10460,ENSEMBL:ENSFCAG00000014652,gene,ENSEMBL:ENSFCAG00000014652,4
10461,MP:0010751,phenotype,decreased susceptibility to parasitic infection induced morbidity/mortality,8
10462,MP:0005561,phenotype,increased mean corpuscular hemoglobin,8
10463,ZP:0001524,phenotype,"mitochondrion skeletal muscle cell broken, abnormal",8
10464,ClinVarVariant:455807,variant,NC_000023.10:g.(?_31747728)_(31893510_?)dup,10
10465,ZP:0020576,phenotype,"fast muscle cell process quality transmission of nerve impulse, abnormal",8
10466,FlyBase:FBgn0000108,gene,Appl,4
10467,MONARCH:APO_0000334APO_0000003,phenotype,innate thermotolerance:decreased,8
10468,WBPhenotype:0002301,phenotype,nose movement variant,8
10469,ZP:0000319,phenotype,"brain hydrocephalic, abnormal",8
10470,ZP:0018018,phenotype,"nucleus skeletal muscle circular, abnormal",8
10471,ClinVarVariant:455931,variant,NM_004013.2(DMD):c.-113del,10
10472,MP:0000600,phenotype,liver hypoplasia,8
10473,ENSEMBL:ENSBTAG00000009702,gene,MYH8,4
10474,WBPhenotype:0000748,phenotype,asymmetric cell division defective early emb,8
10475,WormBase:WBGene00006803,gene,unc-70,4
10476,ENSEMBL:ENSACAG00000015493,gene,ENSEMBL:ENSACAG00000015493,4
10477,1371,drug,hexocyclium,3
10478,ZP:0001521,phenotype,"skeletal muscle cell detached from myoseptum, abnormal",8
10479,257,drug,atorvastatin,3
10480,1912,drug,niclosamide,3
10481,OMIM:300377.0051,variant,"DMD, GLN1472TER",10
10482,ENSEMBL:ENSGALG00000031570,gene,WDR54,4
10483,WBPhenotype:0001885,phenotype,cleavage furrow initiation defective early emb,8
10484,MP:0008283,phenotype,small hippocampus,8
10485,ZP:0001500,phenotype,"sarcolemma myotome disorganized, abnormal",8
10486,ZP:0105762,phenotype,"spinal cord has fewer parts of type ependymal cell motile cilium ependymal cell, abnormal",8
10487,MP:0003820,phenotype,increased left ventricle systolic pressure,8
10488,ClinVarVariant:575704,variant,NM_004006.2(DMD):c.1006G>T (p.Glu336Ter),10
10489,ENSEMBL:ENSCAFG00000017640,gene,HAUS1,4
10490,ClinVarVariant:984442,variant,NM_004006.3(DMD):c.7618_7619del (p.Lys2540fs),10
10491,HP:0000544,phenotype,External ophthalmoplegia,8
10492,WBPhenotype:0000353,phenotype,backing increased,8
10493,WormBase:WBGene00015497,gene,nhr-76,4
10494,HP:0100717,phenotype,Abnormal cementum morphology,8
10495,ZFIN:ZDB-GENE-080415-1,gene,rest,4
10496,ClinVarVariant:656286,variant,NC_000023.11:g.(?_31627663)_(31968524_?)del,10
10497,MP:0002753,phenotype,dilated heart left ventricle,8
10498,MP:0001522,phenotype,impaired swimming,8
10499,ZFIN:ZDB-GENE-030131-6206,gene,myhc4,4
10500,ClinVarVariant:447265,variant,NM_004006.2(DMD):c.7661-2A>G,10
10501,MP:0011107,phenotype,"embryonic lethality between somite formation and embryo turning, incomplete penetrance",8
10502,MP:0008478,phenotype,increased spleen white pulp amount,8
10503,ZP:0100174,phenotype,"sarcomere myotome malformed, abnormal",8
10504,Coriell:GM07947,biological artifact,NIGMS-GM07947,0
10505,MGI:98779,gene,Tnnc1,4
10506,ENSEMBL:ENSACAG00000001869,gene,ENSEMBL:ENSACAG00000001869,4
10507,EFO:0008405,phenotype,susceptibility to hepatitis B infection measurement,8
10508,MP:0004938,phenotype,dilated vasculature,8
10509,ClinVarVariant:94863,variant,NM_000109.4(DMD):c.9830_9839del (p.Met3277fs),10
10510,MP:0004666,phenotype,absent stapedial artery,8
10511,ENSEMBL:ENSPTRG00000005527,gene,ENSEMBL:ENSPTRG00000005527,4
10512,ClinVarVariant:803801,variant,NM_004006.3(DMD):c.9564-2A>G,10
10513,HP:0400000,phenotype,Tall chin,8
10514,MP:0009932,phenotype,skin fibrosis,8
10515,ENSEMBL:ENSMMUG00000002811,gene,ENSEMBL:ENSMMUG00000002811,4
10516,ENSEMBL:ENSCAFG00000002620,gene,TNNT1,4
10517,MP:0006142,phenotype,abnormal sinoatrial node conduction,8
10518,ENSEMBL:ENSMODG00000001185,gene,ENSEMBL:ENSMODG00000001185,4
10519,ENSEMBL:ENSACAG00000009520,gene,ENSEMBL:ENSACAG00000009520,4
10520,dictyBase:DDB_G0286623,gene,DDB0187054,4
10521,ZFIN:ZDB-GENE-070117-3,gene,dtnbb,4
10522,MP:0001524,phenotype,impaired limb coordination,8
10523,HGNC:7551,gene,MYBPC3,4
10524,ZP:0001642,phenotype,"somite condensed, abnormal",8
10525,ENSEMBL:ENSECAG00000006820,gene,ENSEMBL:ENSECAG00000006820,4
10526,MP:0010235,phenotype,abnormal retina inner limiting membrane morphology,8
10527,HP:0011623,phenotype,Muscular ventricular septal defect,8
10528,ENSEMBL:ENSBTAG00000008394,gene,MYL3,4
10529,ENSEMBL:ENSFCAG00000028273,gene,ENSEMBL:ENSFCAG00000028273,4
10530,MP:0004300,phenotype,abnormal organ of Corti supporting cell morphology,8
10531,ClinVarVariant:830991,variant,NC_000023.11:g.(?_32844773)_(33020210_?)dup,10
10532,ClinVarVariant:217205,variant,NM_004006.2(DMD):c.5641C>T (p.Gln1881Ter),10
10533,ZP:0001232,phenotype,"brain degenerate, abnormal",8
10534,HGNC:11805,gene,TIAM1,4
10535,Xenbase:XB-GENE-946570,gene,myl3,4
10536,ZP:0006453,phenotype,"whole organism curved lateral, abnormal",8
10537,ClinVarVariant:833018,variant,NC_000023.11:g.(?_31679365)_(31729758_?)del,10
10538,ENSEMBL:ENSMODG00000005078,gene,ENSEMBL:ENSMODG00000005078,4
10539,MP:0001908,phenotype,abnormal somatosensory cortex physiology,8
10540,MP:0000579,phenotype,abnormal nail morphology,8
10541,ClinVarVariant:847190,variant,NM_004006.3(DMD):c.3277-2A>T,10
10542,ENSEMBL:ENSPTRG00000006175,gene,ENSEMBL:ENSPTRG00000006175,4
10543,ZFIN:ZDB-GENE-040912-97,gene,capn3a,4
10544,MP:0001402,phenotype,hypoactivity,8
10545,ClinVarVariant:647959,variant,NC_000023.10:g.(?_32509374)_(32509655_?)dup,10
10546,ENSEMBL:ENSMMUG00000006421,gene,ENSEMBL:ENSMMUG00000006421,4
10547,ENSEMBL:ENSPTRG00000020543,gene,ENSEMBL:ENSPTRG00000020543,4
10548,5347,drug,fedratinib,3
10549,WormBase:WBGene00001328,gene,epi-1,4
10550,ClinVarVariant:11282,variant,NM_004006.2(DMD):c.9568C>T (p.Arg3190Ter),10
10551,1402,drug,hyoscyamine,3
10552,SGD:S000003074,gene,MLC1,4
10553,HP:0000107,phenotype,Renal cyst,8
10554,dbSNP:rs56979833,variant,rs56979833-?,10
10555,ZP:0011402,phenotype,"cellular calcium ion homeostasis process quality, abnormal",8
10556,ENSEMBL:ENSECAG00000038173,gene,ENSEMBL:ENSECAG00000038173,4
10557,MP:0005130,phenotype,decreased follicle stimulating hormone level,8
10558,WBPhenotype:0002324,phenotype,backward point velocity decreased,8
10559,ClinVarVariant:832171,variant,NC_000023.11:g.(?_32216906)_(32699303_?)dup,10
10560,HP:0100724,phenotype,Hypercoagulability,8
10561,606,drug,chloropyramine,3
10562,MP:0001855,phenotype,abnormal atrial thrombosis,8
10563,MP:0010878,phenotype,increased trabecular bone volume,8
10564,ClinVarVariant:833441,variant,NC_000023.11:g.(?_31679365)_(31968524_?)del,10
10565,ZP:0003056,phenotype,"larval locomotory behavior absent, abnormal",8
10566,ENSEMBL:ENSFCAG00000014533,gene,ENSEMBL:ENSFCAG00000014533,4
10567,ENSEMBL:ENSFCAG00000030020,gene,ENSEMBL:ENSFCAG00000030020,4
10568,RGD:1562682,gene,Capn13,4
10569,HP:0001266,phenotype,Choreoathetosis,8
10570,ClinVarVariant:94754,variant,NM_004013.2(DMD):c.-395dup,10
10571,ENSEMBL:ENSFCAG00000002653,gene,ENSEMBL:ENSFCAG00000002653,4
10572,ENSEMBL:ENSMMUG00000017933,gene,ENSEMBL:ENSMMUG00000017933,4
10573,MP:0010011,phenotype,ectopic hippocampus pyramidal cells,8
10574,ZP:0011458,phenotype,"axon primary motor neuron increased branchiness, abnormal",8
10575,ENSEMBL:ENSBTAG00000047491,gene,CACNA1S,4
10576,EFO:0007708,phenotype,t-tau:beta-amyloid 1-42 ratio measurement,8
10577,ClinVarVariant:832608,variant,NC_000023.11:g.(?_31773950)_(31774202_?)del,10
10578,ZP:0019192,phenotype,"trabecular layer absent, abnormal",8
10579,ZFIN:ZDB-GENE-060503-491,gene,capn1b,4
10580,HP:0001279,phenotype,Syncope,8
10581,MP:0002874,phenotype,decreased hemoglobin content,8
10582,ClinVarVariant:657903,variant,NC_000023.11:g.(?_31679365)_(31836829_?)del,10
10583,ENSEMBL:ENSFCAG00000012433,gene,ENSEMBL:ENSFCAG00000012433,4
10584,ENSEMBL:ENSGALG00000008177,gene,NOS1,4
10585,MP:0013825,phenotype,small hypoglossal canal,8
10586,ClinVarVariant:11271,variant,"DMD, 4-BP DEL, NT9679",10
10587,1707,drug,mequitazine,3
10588,MP:0008226,phenotype,decreased anterior commissure size,8
10589,ZP:0009297,phenotype,"whole organism lacks parts or has fewer parts of type facial nerve motor nucleus, abnormal",8
10590,MP:0003237,phenotype,abnormal lens epithelium morphology,8
10591,EFO:0004735,phenotype,serum alanine aminotransferase measurement,8
10592,HP:0007018,phenotype,Attention deficit hyperactivity disorder,8
10593,ZP:0010674,phenotype,"atrioventricular valve structure, abnormal",8
10594,ZP:0000233,phenotype,"heart decreased functionality, abnormal",8
10595,RGD:1308889,gene,Lama2,4
10596,ClinVarVariant:643749,variant,NM_004006.2(DMD):c.2869C>T (p.Gln957Ter),10
10597,WBPhenotype:0000174,phenotype,basal lamina development variant,8
10598,MP:0005322,phenotype,abnormal serotonin level,8
10599,ClinVarVariant:665027,variant,NC_000023.11:g.(?_31929586)_(31932237_?)del,10
10600,ZP:0009826,phenotype,"liver development decreased process quality, abnormal",8
10601,RGD:2320917,gene,Dytn,4
10602,ENSEMBL:ENSOANG00000043083,gene,ENSEMBL:ENSOANG00000043083,4
10603,ClinVarVariant:583545,variant,NC_000023.11:g.(?_32216896)_(32454852_?)del,10
10604,WormBase:WBGene00007226,gene,C01G6.4,4
10605,ClinVarVariant:803894,variant,NM_004006.3(DMD):c.3295_3296del (p.Gln1099fs),10
10606,ENSEMBL:ENSPTRG00000033895,gene,ENSEMBL:ENSPTRG00000033895,4
10607,RGD:735078,gene,Lamtor1,4
10608,FBcv:0002021,phenotype,some die during first instar larval stage,8
10609,ENSEMBL:ENSECAG00000020155,gene,ENSEMBL:ENSECAG00000020155,4
10610,HP:0003270,phenotype,Abdominal distention,8
10611,MONARCH:APO_0000239APO_0000005,phenotype,pexophagy:absent,8
10612,WBPhenotype:0000094,phenotype,anus development variant,8
10613,ZP:0019096,phenotype,"skeletal muscle structure, abnormal",8
10614,ZP:0018599,phenotype,"hindbrain decreased amount, abnormal",8
10615,3652,drug,xanomeline,3
10616,Xenbase:XB-GENE-989148,gene,sptbn1,4
10617,HP:0001152,phenotype,Saccadic smooth pursuit,8
10618,WBPhenotype:0001577,phenotype,mitochondria alignment variant,8
10619,HGNC:711,gene,ARRB1,4
10620,ClinVarVariant:983948,variant,NM_004006.3(DMD):c.3892G>T (p.Gly1298Ter),10
10621,FlyBase:FBgn0011692,gene,pav,4
10622,ZP:0000650,phenotype,"lens decreased size, abnormal",8
10623,MONARCH:APO_0000106APO_0000250,phenotype,vegetative growth:arrested,8
10624,FlyBase:FBgn0002772,gene,Mlc1,4
10625,WormBase:WBGene00002149,gene,irk-1,4
10626,MGI:103013,gene,Cacna1c,4
10627,ClinVarVariant:645353,variant,NC_000023.11:g.(?_32438231)_(32518150_?)del,10
10628,ZP:0100502,phenotype,"heart functionality, abnormal",8
10629,ENSEMBL:ENSOANG00000004259,gene,ENSEMBL:ENSOANG00000004259,4
10630,WormBase:WBGene00000955,gene,des-2,4
10631,ENSEMBL:ENSOANG00000008529,gene,ENSEMBL:ENSOANG00000008529,4
10632,ENSEMBL:ENSSSCG00000033260,gene,TNNI2,4
10633,WBPhenotype:0000230,phenotype,tail withered,8
10634,RGD:1308062,gene,Sgca,4
10635,dbSNP:rs77093473,variant,rs77093473-?,10
10636,MGI:2387586,gene,Tns2,4
10637,ENSEMBL:ENSCAFG00000005415,gene,ARRB1,4
10638,MP:0012361,phenotype,decreased large unstained cell number,8
10639,HP:0001999,phenotype,Abnormal facial shape,8
10640,MGI:3784305,genotype,Dmd<mdx>; Myod1<tm1Jae>/Myod1<tm1Jae> [involves: 129S4/SvJae * C57BL/10ScSn],6
10641,HGNC:7585,gene,MYL4,4
10642,MESH:C056165,drug,acetovanillone,3
10643,ENSEMBL:ENSECAG00000026836,gene,ENSEMBL:ENSECAG00000026836,4
10644,ZFIN:ZDB-GENE-020220-1,gene,appb,4
10645,dictyBase:DDB_G0273107,gene,fip-1,4
10646,ZP:0137872,phenotype,"cell body Muller cell spatial pattern, abnormal",8
10647,Xenbase:XB-GENE-988144,gene,sntg2,4
10648,FBcv:0000415,phenotype,abnormal jumping,8
10649,ClinVarVariant:984441,variant,NM_004006.3(DMD):c.2348C>G (p.Ser783Ter),10
10650,ENSEMBL:ENSECAG00000024139,gene,ENSEMBL:ENSECAG00000024139,4
10651,ENSEMBL:ENSFCAG00000004158,gene,ENSEMBL:ENSFCAG00000004158,4
10652,ZP:0011235,phenotype,"neuromast hair cell process quality cellular response to mechanical stimulus, abnormal",8
10653,ENSEMBL:ENSECAG00000015096,gene,ENSEMBL:ENSECAG00000015096,4
10654,Xenbase:XB-GENE-942945,gene,osgep,4
10655,HP:0000557,phenotype,Buphthalmos,8
10656,WBPhenotype:0000529,phenotype,cell development variant,8
10657,ZP:0005412,phenotype,"axon retinal ganglion cell disorganized, abnormal",8
10658,HP:0000144,phenotype,Decreased fertility,8
10659,MP:0008817,phenotype,hematoma,8
10660,RGD:621660,gene,Kcnj12,4
10661,HP:0100575,phenotype,Neoplasm of the gallbladder,8
10662,ENSEMBL:ENSECAG00000018032,gene,ENSEMBL:ENSECAG00000018032,4
10663,ClinVarVariant:217197,variant,NM_004006.2(DMD):c.4240C>T (p.Gln1414Ter),10
10664,ENSEMBL:ENSSSCG00000015556,gene,LAMC2,4
10665,HP:0004783,phenotype,Duodenal polyposis,8
10666,1981,drug,ofloxacin,3
10667,MGI:5439173,genotype,Barx2<tm1Rsd>/Barx2<tm1Rsd>; Dmd<mdx> [involves: 129 * C57BL/6 * C57BL/10ScSn],6
10668,ZP:0009595,phenotype,"fast-twitch skeletal muscle fiber contraction decreased rate, abnormal",8
10669,Q7KZI7,gene product,Serine/threonine-protein kinase MARK2,5
10670,dbSNP:rs149640,variant,rs149640-?,10
10671,MP:0009420,phenotype,skeletal muscle endomysial fibrosis,8
10672,ZP:0011341,phenotype,"blood vessel morphogenesis decreased process quality, abnormal",8
10673,MP:0005325,phenotype,abnormal renal glomerulus morphology,8
10674,2436,drug,sertraline,3
10675,MP:0000935,phenotype,abnormal folding of telencephalic vesicles,8
10676,1947,drug,nitrendipine,3
10677,ZP:0003349,phenotype,"blood vasculature broken, abnormal",8
10678,MGI:98387,gene,Sptb,4
10679,4484,drug,aclidinium bromide,3
10680,ZP:0002704,phenotype,"larval locomotory behavior disrupted, abnormal",8
10681,RGD:3184,gene,Nos1,4
10682,MGI:5795669,genotype,Dmd<mdx>; Utrn<tm1Jrs>/Utrn<+> [involves: 129S1/Sv * 129X1/SvJ * C57BL/10ScSn],6
10683,ZP:0005492,phenotype,"cardiac muscle cell cardiac ventricle shape, abnormal",8
10684,WormBase:WBGene00000419,gene,ced-5,4
10685,MP:0002762,phenotype,ectopic cerebellar granule cells,8
10686,ZP:0019366,phenotype,"retinal rod cell absence due to degeneration, abnormal",8
10687,ClinVarVariant:417492,variant,NC_000023.11:g.(?_31627673)_(31658144_?)del,10
10688,ENSEMBL:ENSMODG00000050021,gene,ENSEMBL:ENSMODG00000050021,4
10689,MGI:96599,gene,Itga1,4
10690,ZP:0001707,phenotype,"pectoral fin absent, abnormal",8
10691,MP:0008828,phenotype,abnormal lymph node cell ratio,8
10692,EnsemblGenome:BAE77115,gene,EnsemblGenome:BAE77115,4
10693,MP:0001680,phenotype,abnormal mesoderm development,8
10694,MP:0004279,phenotype,abnormal rostral migratory stream morphology,8
10695,ENSEMBL:ENSMMUG00000004838,gene,ENSEMBL:ENSMMUG00000004838,4
10696,ZP:0019891,phenotype,"optic furrow malformed, abnormal",8
10697,ZP:0101698,phenotype,"vascular associated smooth muscle cell dorsal aorta absent, abnormal",8
10698,ENSEMBL:ENSCAFG00000013033,gene,ENSEMBL:ENSCAFG00000013033,4
10699,ClinVarVariant:94841,variant,NM_004006.2(DMD):c.9361+1G>A,10
10700,RGD:1305852,gene,Fkrp,4
10701,ZP:0001029,phenotype,"pancreatic B cell decreased amount, abnormal",8
10702,dbSNP:rs16990169,variant,rs16990169-?,10
10703,ENSEMBL:ENSOANG00000015625,gene,ENSEMBL:ENSOANG00000015625,4
10704,EFO:0004335,phenotype,short-term memory,8
10705,MGI:99909,gene,Lama3,4
10706,WBPhenotype:0001225,phenotype,phasmid socket absent,8
10707,MP:0010163,phenotype,hemolysis,8
10708,HP:0012795,phenotype,Abnormality of the optic disc,8
10709,HP:0031524,phenotype,Ampulla of Vater carcinoma,8
10710,MP:0008396,phenotype,abnormal osteoclast differentiation,8
10711,ClinVarVariant:852294,variant,NM_004006.3(DMD):c.8214G>A (p.Trp2738Ter),10
10712,ZP:0002956,phenotype,"muscle tendon junction myotome malformed, abnormal",8
10713,MP:0011392,phenotype,increased fetal cardiomyocyte apoptosis,8
10714,ClinVarVariant:660685,variant,NC_000023.11:g.(?_31496778)_(31507463_?)del,10
10715,ZP:0005498,phenotype,"myofibril atrium disorganized, abnormal",8
10716,ZP:0008038,phenotype,"Z disc cardiac muscle cell decreased size, abnormal",8
10717,HP:0000138,phenotype,Ovarian cyst,8
10718,MP:0006068,phenotype,abnormal retinal horizontal cell morphology,8
10719,ClinVarVariant:11241,variant,NM_000109.4(DMD):c.667T>A (p.Tyr223Asn),10
10720,ZP:0002955,phenotype,"basement membrane myotome malformed, abnormal",8
10721,ClinVarVariant:374332,variant,ClinVarVariant:374332,10
10722,ClinVarVariant:417486,variant,NC_000023.11:g.(?_32595757)_(32849820_?)del,10
10723,ZP:0008030,phenotype,"ventricular myocardium decreased volume, abnormal",8
10724,HP:0010957,phenotype,Congenital posterior urethral valve,8
10725,HP:0001678,phenotype,Atrioventricular block,8
10726,MP:0004529,phenotype,decreased outer hair cell stereocilia number,8
10727,ENSEMBL:ENSMODG00000007358,gene,ENSEMBL:ENSMODG00000007358,4
10728,MP:0003704,phenotype,abnormal hair follicle development,8
10729,WBPhenotype:0000170,phenotype,precocious alae,8
10730,RGD:621017,gene,Lyn,4
10731,MP:0004183,phenotype,abnormal sympathetic nervous system physiology,8
10732,MP:0010346,phenotype,increased thyroid carcinoma incidence,8
10733,ZP:0002990,phenotype,"basement membrane assembly decreased process quality, abnormal",8
10734,HP:0033681,phenotype,Oligodendroglioma,8
10735,ZFIN:ZDB-GENE-111017-2,gene,xylt1,4
10736,MP:0011509,phenotype,dilated glomerular capillary,8
10737,ClinVarVariant:574971,variant,NM_004006.2(DMD):c.7309+12789_7490del,10
10738,HP:0003693,phenotype,Distal amyotrophy,8
10739,MP:0008263,phenotype,abnormal hippocampus CA1 region morphology,8
10740,3178,drug,enoxolone,3
10741,MP:0008520,phenotype,disorganized retinal outer plexiform layer,8
10742,ZP:0104213,phenotype,"immature Schwann cell posterior lateral line decreased amount, abnormal",8
10743,MONARCH:APO_0000144APO_0000004,phenotype,telomere length:increased,8
10744,ClinVarVariant:455824,variant,NC_000023.11:g.(?_31929576)_(32365219_?)del,10
10745,ZP:0137786,phenotype,"myotome extends beyond muscle cell vertical myoseptum, abnormal",8
10746,ENSEMBL:ENSACAG00000010881,gene,ENSEMBL:ENSACAG00000010881,4
10747,HGNC:12403,gene,TTN,4
10748,ENSEMBL:ENSMODG00000045708,gene,ENSEMBL:ENSMODG00000045708,4
10749,HP:0006740,phenotype,Transitional cell carcinoma of the bladder,8
10750,MP:0009142,phenotype,decreased prepulse inhibition,8
10751,ClinVarVariant:803916,variant,NM_004006.3(DMD):c.2380+1G>A,10
10752,MP:0003949,phenotype,abnormal circulating lipid level,8
10753,MGI:104743,gene,Kcnj4,4
10754,FlyBase:FBgn0000046,gene,Act87E,4
10755,MP:0006299,phenotype,abnormal latent inhibition of conditioning behavior,8
10756,ENSEMBL:ENSCAFG00000005606,gene,PAK4,4
10757,HP:0002733,phenotype,Abnormality of the lymph nodes,8
10758,ZP:0000122,phenotype,"notochord undulate, abnormal",8
10759,MP:0001454,phenotype,abnormal cued conditioning behavior,8
10760,MP:0000540,phenotype,abnormal urinary bladder urothelium morphology,8
10761,ZP:0005610,phenotype,"photoreceptor cell decreased amount, abnormal",8
10762,ENSEMBL:ENSMODG00000009142,gene,ENSEMBL:ENSMODG00000009142,4
10763,ZP:0002986,phenotype,"notochord cell development decreased process quality, abnormal",8
10764,ZP:0004515,phenotype,"telencephalon morphology, abnormal",8
10765,HP:0000545,phenotype,Myopia,8
10766,ENSEMBL:ENSPTRG00000001598,gene,ENSEMBL:ENSPTRG00000001598,4
10767,ENSEMBL:ENSACAG00000022022,gene,ENSEMBL:ENSACAG00000022022,4
10768,ENSEMBL:ENSCAFG00000005133,gene,LTBP4,4
10769,ZP:0103177,phenotype,"dorsal longitudinal anastomotic vessel decreased occurrence blood vessel morphogenesis, abnormal",8
10770,ENSEMBL:ENSMMUG00000023776,gene,ENSEMBL:ENSMMUG00000023776,4
10771,ClinVarVariant:803787,variant,NM_004006.3(DMD):c.10304C>G (p.Ser3435Ter),10
10772,MP:0010996,phenotype,increased aorta wall thickness,8
10773,MGI:1919488,gene,Tbc1d5,4
10774,MP:0000741,phenotype,impaired contractility of urinary bladder detrusor smooth muscle,8
10775,ClinVarVariant:941725,variant,NM_004006.3(DMD):c.7720C>T (p.Gln2574Ter),10
10776,WormBase:WBGene00016913,gene,lam-2,4
10777,ClinVarVariant:593328,variant,NM_004006.2(DMD):c.8010G>A (p.Trp2670Ter),10
10778,HP:0005237,phenotype,Degenerative liver disease,8
10779,MP:0004269,phenotype,abnormal optic cup morphology,8
10780,ENSEMBL:ENSMODG00000015214,gene,ENSEMBL:ENSMODG00000015214,4
10781,ENSEMBL:ENSECAG00000032416,gene,ENSEMBL:ENSECAG00000032416,4
10782,2276,drug,procyclidine,3
10783,2767,drug,troglitazone,3
10784,1395,drug,hydroxychloroquine,3
10785,ClinVarVariant:526164,variant,NC_000023.11:g.(?_31609621)_(31932247_?)del,10
10786,ZFIN:ZDB-GENE-091204-387,gene,haus1,4
10787,ZP:0009643,phenotype,"pigmentation decreased process quality, abnormal",8
10788,ZP:0001768,phenotype,"retinal pigmented epithelium structure, abnormal",8
10789,ZP:0007284,phenotype,"pharyngeal vasculature has fewer parts of type vascular associated smooth muscle cell, abnormal",8
10790,HGNC:10886,gene,SIRT2,4
10791,ENSEMBL:ENSMODG00000017881,gene,ENSEMBL:ENSMODG00000017881,4
10792,MONARCH:APO_0000143APO_0000002,phenotype,chromosome/plasmid maintenance:abnormal,8
10793,MP:0002113,phenotype,abnormal skeleton development,8
10794,HP:0040276,phenotype,Adenocarcinoma of the colon,8
10795,ENSEMBL:ENSCAFG00030010748,gene,ENSEMBL:ENSCAFG00030010748,4
10796,MGI:1346524,gene,Sgcg,4
10797,HP:0000853,phenotype,Goiter,8
10798,ZFIN:ZDB-GENE-041212-37,gene,tnni1b,4
10799,ENSEMBL:ENSGALG00000002125,gene,ENSEMBL:ENSGALG00000002125,4
10800,WormBase:WBGene00001948,gene,hlh-1,4
10801,ENSEMBL:ENSPTRG00000013474,gene,ENSEMBL:ENSPTRG00000013474,4
10802,ENSEMBL:ENSFCAG00000004560,gene,ENSEMBL:ENSFCAG00000004560,4
10803,ENSEMBL:ENSCAFG00000013062,gene,ENSEMBL:ENSCAFG00000013062,4
10804,MGI:1355335,gene,Tmod2,4
10805,ENSEMBL:ENSGALG00000029917,gene,SGCA,4
10806,MP:0001851,phenotype,eye inflammation,8
10807,MP:0008663,phenotype,increased interleukin-12 secretion,8
10808,dbSNPIndividual:15076,genotype,DMD(EX5-7DUP); arr Xp21.1(32737385-32760085)x2 [GM04327],6
10809,ClinVarVariant:660160,variant,NC_000023.10:g.(?_31341705)_(31341785_?)dup,10
10810,MP:0004889,phenotype,increased energy expenditure,8
10811,RGD:620517,gene,Xpo1,4
10812,MP:0003908,phenotype,decreased stereotypic behavior,8
10813,ZP:0001518,phenotype,"skeletal muscle cell degenerate, abnormal",8
10814,HP:0002027,phenotype,Abdominal pain,8
10815,ZP:0021007,phenotype,"sarcomere somite spatial pattern, abnormal",8
10816,MGI:1890574,gene,Sptbn4,4
10817,MP:0001015,phenotype,small superior cervical ganglion,8
10818,ZP:0000728,phenotype,"trunk increased accumulation anterior side nucleate erythrocyte, abnormal",8
10819,MP:0003626,phenotype,kidney medulla hypoplasia,8
10820,EFO:0007015,phenotype,3-hydroxy-1-methylpropylmercapturic acid measurement,8
10821,ZFIN:ZDB-GENE-050417-341,gene,capn2l,4
10822,ZP:0018807,phenotype,"trunk spatial pattern, abnormal",8
10823,MP:0000351,phenotype,increased cell proliferation,8
10824,ZP:0007026,phenotype,"sarcomere cardiac muscle cell decreased amount, abnormal",8
10825,FlyBase:FBgn0004397,gene,Vinc,4
10826,WBPhenotype:0001381,phenotype,anoxia resistant,8
10827,MP:0013992,phenotype,persistent dorsal ophthalmic artery,8
10828,ClinVarVariant:497301,variant,NM_004006.2(DMD):c.10453dup (p.Leu3485Profs),10
10829,MP:0002231,phenotype,abnormal primitive streak morphology,8
10830,MP:0000774,phenotype,decreased brain size,8
10831,HP:0000508,phenotype,Ptosis,8
10832,ENSEMBL:ENSECAG00000013577,gene,ENSEMBL:ENSECAG00000013577,4
10833,HP:0002623,phenotype,Overriding aorta,8
10834,EFO:0009960,phenotype,atypical femoral fracture,8
10835,HGNC:10002,gene,RGS6,4
10836,Coriell:GM05128,biological artifact,NIGMS-GM05128,0
10837,ENSEMBL:ENSACAG00000000212,gene,ENSEMBL:ENSACAG00000000212,4
10838,MP:0000826,phenotype,abnormal third ventricle morphology,8
10839,WormBase:WBGene00001414,gene,fer-1,4
10840,dbSNPIndividual:10794,genotype,DMD(EX45DEL); 46;XY;46;XY.arr Xp21.1(31869808-32028005)x0 [GM05113],6
10841,MONARCH:APO_0000057APO_0000002,phenotype,nuclear morphology:abnormal,8
10842,MP:0011448,phenotype,decreased dopaminergic neuron number,8
10843,ENSEMBL:ENSACAG00000016780,gene,ENSEMBL:ENSACAG00000016780,4
10844,HGNC:10541,gene,SATB1,4
10845,ENSEMBL:ENSACAG00000006242,gene,ENSEMBL:ENSACAG00000006242,4
10846,OMIM:300377.0009,variant,"DMD, 1-BP DEL, 10662T",10
10847,SGD:S000005936,gene,HST2,4
10848,ENSEMBL:ENSMODG00000012853,gene,ENSEMBL:ENSMODG00000012853,4
10849,ENSEMBL:ENSGALG00000042259,gene,DOCK1,4
10850,dbSNP:rs331334,variant,rs331334-T,10
10851,ENSEMBL:ENSGALG00000009360,gene,CAPN2,4
10852,ENSEMBL:ENSOANG00000004085,gene,ENSEMBL:ENSOANG00000004085,4
10853,ZP:0005378,phenotype,"forerunner cell group circular, abnormal",8
10854,ZP:0012206,phenotype,"myofilament striated muscle cell disorganized, abnormal",8
10855,HP:0000729,phenotype,Autistic behavior,8
10856,HP:0032390,phenotype,Periventricular ribbonlike heterotopia,8
10857,ClinVarVariant:455870,variant,NM_004006.2(DMD):c.186+1G>A,10
10858,MP:0005162,phenotype,carpoptosis,8
10859,MP:0004856,phenotype,decreased ovary weight,8
10860,dictyBase:DDB_G0291974,gene,docA,4
10861,ZP:0002219,phenotype,"myotome shape, abnormal",8
10862,ZP:0011445,phenotype,"postoptic commissure defasciculated, abnormal",8
10863,Xenbase:XB-GENE-946725,gene,itgb1,4
10864,MP:0030439,phenotype,decreased osteoblast proliferation,8
10865,MGI:106211,gene,Cdc42,4
10866,HP:0000739,phenotype,Anxiety,8
10867,ENSEMBL:ENSMODG00000012050,gene,ENSEMBL:ENSMODG00000012050,4
10868,MP:0000557,phenotype,absent hindlimb,8
10869,HP:0200128,phenotype,Biventricular hypertrophy,8
10870,ZP:0138565,phenotype,"bulbus arteriosus decreased process quality smooth muscle tissue development, abnormal",8
10871,GO:0045121,molecular function,membrane raft,7
10872,MP:0005379,phenotype,endocrine/exocrine gland phenotype,8
10873,ENSEMBL:ENSFCAG00000004973,gene,ENSEMBL:ENSFCAG00000004973,4
10874,MP:0001664,phenotype,abnormal digestion,8
10875,HP:0002718,phenotype,Recurrent bacterial infections,8
10876,EFO:0005000,phenotype,leptin measurement,8
10877,ZP:0020990,phenotype,"eye ovate, abnormal",8
10878,MP:0002953,phenotype,thick ventricular wall,8
10879,ENSEMBL:ENSFCAG00000010671,gene,ENSEMBL:ENSFCAG00000010671,4
10880,MP:0002757,phenotype,decreased vertical activity,8
10881,MP:0002021,phenotype,increased incidence of induced tumors,8
10882,WBPhenotype:0001482,phenotype,frequency body bend reduced,8
10883,ZP:0008057,phenotype,"anterior region notochord undifferentiated, abnormal",8
10884,MP:0002252,phenotype,abnormal oropharynx morphology,8
10885,ZP:0003155,phenotype,"axon Rohon-Beard neuron decreased length, abnormal",8
10886,RGD:620085,gene,Capn8,4
10887,ENSEMBL:ENSGALG00000006439,gene,ENSEMBL:ENSGALG00000006439,4
10888,4903,drug,nintedanib,3
10889,HP:0001601,phenotype,Laryngomalacia,8
10890,1683,drug,menadione,3
10891,FBcv:0000439,phenotype,chemical resistant,8
10892,ENSEMBL:ENSMODG00000005164,gene,ENSEMBL:ENSMODG00000005164,4
10893,MP:0031121,phenotype,increased susceptibility to induced thrombosis,8
10894,dbSNPIndividual:15443,genotype,DMD(EX45-50DEL); arr Xp21.1(31724075-31928364)x0 [GM05016],6
10895,dictyBase:DDB_G0283917,gene,sir2A,4
10896,ENSEMBL:ENSGALG00000006572,gene,TNNT3,4
10897,HP:0007649,phenotype,Congenital hypertrophy of retinal pigment epithelium,8
10898,ClinVarVariant:526161,variant,NC_000023.11:g.(?_31836698)_(31932247_?)del,10
10899,MONARCH:APO_0000326APO_0000003,phenotype,desiccation resistance:decreased,8
10900,ZP:0005817,phenotype,"eye photoreceptor cell decreased amount, abnormal",8
10901,HP:0040189,phenotype,Scaling skin,8
10902,HP:0012165,phenotype,Oligodactyly,8
10903,MGI:2385803,gene,Shkbp1,4
10904,956,drug,doxepin,3
10905,HP:0001699,phenotype,Sudden death,8
10906,ENSEMBL:ENSPTRG00000003567,gene,ENSEMBL:ENSPTRG00000003567,4
10907,HGNC:6759,gene,MARCKS,4
10908,MP:0011089,phenotype,"perinatal lethality, complete penetrance",8
10909,WormBase:WBGene00001836,gene,hda-3,4
10910,ZFIN:ZDB-GENE-070202-9,gene,kcnma1a,4
10911,ZP:0001632,phenotype,"notochord apoptotic, abnormal",8
10912,HP:0001733,phenotype,Pancreatitis,8
10913,ZP:0009714,phenotype,"atrioventricular valve absent, abnormal",8
10914,MGI:2148539,variant,Utrn<tm1Jrs>,10
10915,EFO:0004696,phenotype,sex hormone-binding globulin measurement,8
10916,WBPhenotype:0004022,phenotype,amplitude of sinusoidal movement variant,8
10917,ENSEMBL:ENSPTRG00000012658,gene,ENSEMBL:ENSPTRG00000012658,4
10918,ZP:0100175,phenotype,"skeletal muscle cell myotome spatial pattern, abnormal",8
10919,ClinVarVariant:649073,variant,NC_000023.11:g.(?_32216906)_(32217073_?)del,10
10920,ENSEMBL:ENSBTAG00000013468,gene,AHNAK,4
10921,MP:0001442,phenotype,decreased grooming behavior,8
10922,ENSEMBL:ENSFCAG00000009900,gene,ENSEMBL:ENSFCAG00000009900,4
10923,ZFIN:ZDB-GENE-050626-112,gene,myl4,4
10924,RGD:1304556,gene,Actg1,4
10925,ENSEMBL:ENSFCAG00000001850,gene,ENSEMBL:ENSFCAG00000001850,4
10926,ZP:0002303,phenotype,"pharyngeal arch 3-7 aplastic, abnormal",8
10927,ZP:0002595,phenotype,"lens perforate, abnormal",8
10928,ClinVarVariant:11265,variant,"DMD, IVS47, G-A, +1, EX48DEL",10
10929,FlyBase:CG3860,gene,FlyBase:CG3860,4
10930,ZP:0004087,phenotype,"photoreceptor outer segment retina absent, abnormal",8
10931,WormBase:WBGene00014249,gene,ZK1307.8,4
10932,ClinVarVariant:803929,variant,NM_004006.3(DMD):c.1664_1667dup (p.Asp556fs),10
10933,RGD:1305288,gene,Haus4,4
10934,ClinVarVariant:643154,variant,NC_000023.11:g.(?_32438231)_(32651077_?)del,10
10935,ZP:0100994,phenotype,"vertical myoseptum spatial pattern, abnormal",8
10936,ClinVarVariant:945133,variant,NM_004006.3(DMD):c.3162+1G>A,10
10937,ENSEMBL:ENSECAG00000005219,gene,ENSEMBL:ENSECAG00000005219,4
10938,ENSEMBL:ENSCAFG00000013067,gene,PAK2,4
10939,ZP:0000751,phenotype,"nucleate erythrocyte absent, abnormal",8
10940,ZP:0018610,phenotype,"brain vasculature increased fragility, abnormal",8
10941,4191,drug,fesoterodine,3
10942,ENSEMBL:ENSGALG00000015746,gene,JAM2,4
10943,MP:0008576,phenotype,decreased circulating interferon-beta level,8
10944,MP:0014143,phenotype,decreased body fat mass,8
10945,MP:0010379,phenotype,decreased respiratory quotient,8
10946,HP:0003707,phenotype,Calf muscle pseudohypertrophy,8
10947,ENSEMBL:ENSSSCG00000031717,gene,ADCY8,4
10948,HP:0012725,phenotype,Cutaneous syndactyly,8
10949,ClinVarVariant:984213,variant,NM_004006.3(DMD):c.8659G>T (p.Glu2887Ter),10
10950,WormBase:WBGene00004507,gene,rpy-1,4
10951,MP:0004502,phenotype,decreased incidence of tumors by chemical induction,8
10952,Coriell:GM05112,biological artifact,NIGMS-GM05112,0
10953,HP:0003457,phenotype,EMG abnormality,8
10954,HP:0008322,phenotype,Abnormal mitochondrial morphology,8
10955,ENSEMBL:ENSACAG00000002412,gene,ENSEMBL:ENSACAG00000002412,4
10956,MP:0008346,phenotype,increased gamma-delta T cell number,8
10957,ENSEMBL:ENSMMUG00000012054,gene,ENSEMBL:ENSMMUG00000012054,4
10958,WBPhenotype:0002059,phenotype,pore forming toxin hypersensitive,8
10959,2705,drug,tolterodine,3
10960,MP:0011864,phenotype,abnormal podocyte adhesion,8
10961,MP:0011470,phenotype,increased urine creatinine level,8
10962,ENSEMBL:ENSCAFG00000002427,gene,ENSEMBL:ENSCAFG00000002427,4
10963,ZP:0002997,phenotype,"lens degenerate, abnormal",8
10964,ZP:0001498,phenotype,"myotome degenerate, abnormal",8
10965,ENSEMBL:ENSECAG00000008303,gene,ENSEMBL:ENSECAG00000008303,4
10966,ZFIN:ZDB-GENE-110408-67,gene,lpar6b,4
10967,Xenbase:XB-GENE-852608,gene,rnf11,4
10968,MP:0002063,phenotype,abnormal learning/memory/conditioning,8
10969,ClinVarVariant:526071,variant,NM_000109.4(DMD):c.3364_3365dup (p.Leu1123fs),10
10970,FBcv:0000402,phenotype,abnormal song,8
10971,ENSEMBL:ENSMMUG00000004321,gene,ENSEMBL:ENSMMUG00000004321,4
10972,MP:0013237,phenotype,abnormal skeletal muscle regeneration,8
10973,MONARCH:APO_0000106APO_0000002,phenotype,vegetative growth:abnormal,8
10974,MP:0006341,phenotype,small first pharyngeal arch,8
10975,HP:0002414,phenotype,Spina bifida,8
10976,ENSEMBL:ENSGALG00000008095,gene,ENSEMBL:ENSGALG00000008095,4
10977,MP:0004057,phenotype,thin myocardium compact layer,8
10978,ZP:0018588,phenotype,"endothelial cell increased occurrence apoptotic process, abnormal",8
10979,EFO:0004526,phenotype,mean corpuscular volume,8
10980,WormBase:WBGene00016383,gene,zgpa-1,4
10981,ENSEMBL:ENSOANG00000004992,gene,ENSEMBL:ENSOANG00000004992,4
10982,ZP:0000442,phenotype,"cell death increased occurrence, abnormal",8
10983,ClinVarVariant:455831,variant,NC_000023.11:g.(?_32342080)_(32518151_?)del,10
10984,MP:0010802,phenotype,abnormal intestinal enteroendocrine cell morphology,8
10985,ENSEMBL:ENSACAG00000014691,gene,ENSEMBL:ENSACAG00000014691,4
10986,ZP:0005702,phenotype,"angiogenic sprout caudal vein plexus decreased amount, abnormal",8
10987,FlyBase:FBgn0015805,gene,HDAC1,4
10988,HGNC:13328,gene,IFIT5,4
10989,ZP:0004978,phenotype,"cardiac ventricle shape, abnormal",8
10990,WBPhenotype:0001154,phenotype,paternal pronucleus migrates early emb,8
10991,ClinVarVariant:216919,variant,NM_004006.2(DMD):c.4000G>T (p.Gly1334Ter),10
10992,HP:0002019,phenotype,Constipation,8
10993,MGI:5440955,genotype,Itga7<tm1Burk>/Itga7<tm1Burk>; Sspn<tm1Kcam>/Sspn<tm1Kcam> [involves: 129S1/Sv * 129X1/SvJ],6
10994,ZP:0002927,phenotype,"pronephric duct increased diameter, abnormal",8
10995,FBcv:0000449,phenotype,abnormal planar polarity,8
10996,ClinVarVariant:574223,variant,NM_004006.2(DMD):c.3020C>A (p.Ser1007Ter),10
10997,ZP:0000766,phenotype,"post-vent region bent, abnormal",8
10998,O75914,gene product,Serine/threonine-protein kinase PAK 3,5
10999,ZP:0003217,phenotype,"cell lacks parts or has fewer parts of type filopodium cell, abnormal",8
11000,HP:0040327,phenotype,Abnormal morphology of the olfactory bulb,8
11001,MP:0008513,phenotype,thin retinal inner plexiform layer,8
11002,ZP:0000250,phenotype,"myofibril fast muscle cell disorganized, abnormal",8
11003,MP:0003544,phenotype,abnormal vascular endothelial cell migration,8
11004,RGD:2025,gene,Acta1,4
11005,FlyBase:FBgn0029134,gene,Prosbeta5,4
11006,ZFIN:ZDB-GENE-040718-102,gene,arr3a,4
11007,HP:0002895,phenotype,Papillary thyroid carcinoma,8
11008,ZFIN:ZDB-GENE-030131-5415,gene,rac1a,4
11009,ENSEMBL:ENSGALG00000008860,gene,LONRF3,4
11010,ClinVarVariant:417505,variant,NC_000023.11:g.(?_31444481)_(31496944_?)del,10
11011,dbSNPIndividual:21528,genotype,DMD(EX2-4DUP); 46;t(X;18)(Xqter>Xp21::18q23>18qter;18pter>18q23::Xp21>Xpter);Y.ish t(X;18)(VIJ22050+; VIJ22050-);46;Y;der(X)(18qter->18q23::Xp21->Xqter); der(18)(18pter->18q23::Xp21->Xpter)[20];46;Y;t(X;18)(18qter->18q23::Xp21->Xpter;18pter->18q23::Xp21->Xpter).ish t(X;18)(VIJ22050+;VIJ22050-).arr Xp21.1(32758074-33049644)x2;46;Y;t(X;18)(Xqter>Xp21::18q23>18qter; 18pter>18q23::Xp21>Xpter) [GM09981],6
11012,RGD:621066,gene,Eml2,4
11013,MP:0010581,phenotype,abnormal atrium myocardial trabeculae morphology,8
11014,WBPhenotype:0000273,phenotype,thrashing reduced,8
11015,HGNC:15916,gene,PAK5,4
11016,MP:0012034,phenotype,abnormal a-wave shape,8
11017,EFO:0007990,phenotype,neutrophil percentage of leukocytes,8
11018,MP:0002983,phenotype,increased retinal ganglion cell number,8
11019,MONARCH:APO_0000253APO_0000002,phenotype,cell cycle progression:abnormal,8
11020,MONARCH:APO_0000147APO_0000004,phenotype,heat sensitivity:increased,8
11021,HP:0003202,phenotype,Skeletal muscle atrophy,8
11022,WBPhenotype:0000218,phenotype,vulval cell induction increased,8
11023,ZP:0004013,phenotype,"fast muscle myoblast unfused from fast muscle myoblast, abnormal",8
11024,ClinVarVariant:832182,variant,NC_000023.11:g.(?_31729621)_(31932237_?)del,10
11025,ZP:0008071,phenotype,"skeletal muscle cell detached from myofibril muscle tendon junction myotome, abnormal",8
11026,ENSEMBL:ENSBTAG00000000489,gene,ENSEMBL:ENSBTAG00000000489,4
11027,HP:0005230,phenotype,Biliary tract obstruction,8
11028,HGNC:1955,gene,CHRNA1,4
11029,ENSEMBL:ENSOANG00000013442,gene,ENSEMBL:ENSOANG00000013442,4
11030,ENSEMBL:ENSACAG00000016263,gene,ENSEMBL:ENSACAG00000016263,4
11031,WBPhenotype:0000541,phenotype,cord commissures fail to reach target,8
11032,ENSEMBL:ENSCAFG00000018532,gene,ENSEMBL:ENSCAFG00000018532,4
11033,HP:0030781,phenotype,Increased circulating free fatty acid level,8
11034,ZP:0018602,phenotype,"hindbrain increased amount, abnormal",8
11035,MP:0005388,phenotype,respiratory system phenotype,8
11036,ENSEMBL:ENSPTRG00000018215,gene,ENSEMBL:ENSPTRG00000018215,4
11037,ZFIN:ZDB-GENE-131120-100,gene,si:ch211-125o16.4,4
11038,MP:0012575,phenotype,increased noradrenaline level,8
11039,ZP:0000430,phenotype,"somite degenerate, abnormal",8
11040,MP:0000208,phenotype,decreased hematocrit,8
11041,ENSEMBL:ENSMMUG00000016448,gene,ENSEMBL:ENSMMUG00000016448,4
11042,ZP:0000700,phenotype,"venous blood vessel morphogenesis disrupted, abnormal",8
11043,ClinVarVariant:11242,variant,NM_000109.4(DMD):c.700C>T (p.Gln234Ter),10
11044,ENSEMBL:ENSSSCG00000003712,gene,OSBPL1A,4
11045,ZFIN:ZDB-GENE-121214-233,gene,ifit9,4
11046,MP:0011106,phenotype,"embryonic lethality between implantation and somite formation, incomplete penetrance",8
11047,ENSEMBL:ENSMMUG00000018547,gene,ENSEMBL:ENSMMUG00000018547,4
11048,ENSEMBL:ENSBTAG00000016726,gene,ENSEMBL:ENSBTAG00000016726,4
11049,NCBIGene:100329813,gene,LOC100329813,4
11050,EFO:0009260,phenotype,non-melanoma skin carcinoma,8
11051,ENSEMBL:ENSECAG00000000207,gene,ENSEMBL:ENSECAG00000000207,4
11052,FBcv:0000354,phenotype,visible,8
11053,ZFIN:ZDB-GENE-060901-1,gene,mybpc2a,4
11054,ZFIN:ZDB-GENE-140106-77,gene,sntg1,4
11055,ENSEMBL:ENSGALG00000042321,gene,LYN,4
11056,HGNC:15516,gene,XYLT1,4
11057,ENSEMBL:ENSPTRG00000008773,gene,ENSEMBL:ENSPTRG00000008773,4
11058,MP:0002916,phenotype,increased synaptic depression,8
11059,MGI:98810,gene,Tpm2,4
11060,ZP:0104771,phenotype,"(3,4-dihydroxyphenyl)acetic acid telencephalon decreased amount, abnormal",8
11061,749,drug,cyclizine,3
11062,ClinVarVariant:662286,variant,NC_000023.11:g.(?_32614293)_(32651077_?)del,10
11063,MGI:1919517,gene,Lrrc8e,4
11064,ZFIN:ZDB-GENE-030131-2040,gene,actn3b,4
11065,ZP:0005918,phenotype,"brain vasculature broken, abnormal",8
11066,ZP:0021002,phenotype,"sarcomere myotome spatial pattern, abnormal",8
