id,label,iri,semantic
ZP:0003032,"extension quality, abnormal",,phenotype
MP:0011749,perivascular fibrosis,,phenotype
ClinVarVariant:568924,NM_004006.2(DMD):c.7247T>A (p.Leu2416Ter),,variant
MP:0002551,abnormal blood coagulation,,phenotype
RGD:1305759,Pxn,,gene
ZFIN:ZDB-GENE-090312-131,tmod1,,gene
Coriell:GM23086,NIGMS-GM23086,,biological artifact
FBcv:0000718,decreased cell growth,,phenotype
ENSEMBL:ENSGALG00000013968,ENSEMBL:ENSGALG00000013968,,gene
ENSEMBL:ENSACAG00000010643,ENSEMBL:ENSACAG00000010643,,gene
ENSEMBL:ENSECAG00000008204,ENSEMBL:ENSECAG00000008204,,gene
ENSEMBL:ENSOANG00000040856,ENSEMBL:ENSOANG00000040856,,gene
OMIM:300377.0026,"DMD, CYS3340TYR",,variant
MP:0020391,radial glial endfoot detachment,,phenotype
ENSEMBL:ENSOANG00000007166,ENSEMBL:ENSOANG00000007166,,gene
ZP:0001051,"pectoral fin decreased size, abnormal",,phenotype
ZFIN:ZDB-GENE-130726-1,kcnj10a,,gene
WBPhenotype:0002323,backward point velocity variant,,phenotype
ENSEMBL:ENSCAFG00000009411,HNF4A,,gene
ZP:0000861,"kidney increased size, abnormal",,phenotype
ZP:0011671,"mitochondrial crista skeletal muscle decreased amount, abnormal",,phenotype
MP:0001726,abnormal allantois morphology,,phenotype
ENSEMBL:ENSGALG00000030569,ENSEMBL:ENSGALG00000030569,,gene
ENSEMBL:ENSCAFG00000018767,SPEF2,,gene
HP:0003261,Increased circulating IgA level,,phenotype
ENSEMBL:ENSSSCG00000003520,CDC42,,gene
ENSEMBL:ENSACAG00000017791,ENSEMBL:ENSACAG00000017791,,gene
MP:0008803,abnormal placental labyrinth vasculature morphology,,phenotype
ZP:0003023,"laminin complex neural tube decreased amount, abnormal",,phenotype
ZP:0018462,"cilium assembly decreased process quality, abnormal",,phenotype
MP:0010873,decreased trabecular bone mass,,phenotype
MP:0002169,no abnormal phenotype detected,,phenotype
ENSEMBL:ENSECAG00000000296,ENSEMBL:ENSECAG00000000296,,gene
MGI:1194504,Kcnj10,,gene
ZP:0004982,"hindbrain apoptotic, abnormal",,phenotype
SGD:S000006392,MLC2,,gene
MP:0011631,decreased mitochondrial size,,phenotype
OMIM:300377.0049,"DMD, TRP1063TER",,variant
MP:0003989,abnormal barrel cortex morphology,,phenotype
ClinVarVariant:953669,NM_004006.3(DMD):c.7661-1G>A,,variant
HGNC:15948,ZGPAT,,gene
3025,bietamiverine,,drug
ENSEMBL:ENSMODG00000000740,ENSEMBL:ENSMODG00000000740,,gene
MP:0010783,abnormal stomach wall morphology,,phenotype
WBPhenotype:0000349,flaccid,,phenotype
HP:0002075,Dysdiadochokinesis,,phenotype
HP:0001103,Abnormal macular morphology,,phenotype
MP:0008779,abnormal maternal behavior,,phenotype
HP:0010309,Bifid sternum,,phenotype
MP:0009426,decreased soleus weight,,phenotype
OMIM:300377.0011,"DMD, AG-T, EX48",,variant
ENSEMBL:ENSMODG00000013288,ENSEMBL:ENSMODG00000013288,,gene
HP:0008669,Abnormal spermatogenesis,,phenotype
WBPhenotype:0000338,tail swelling,,phenotype
ENSEMBL:ENSFCAG00000004605,ENSEMBL:ENSFCAG00000004605,,gene
OMIM:300377.0034,"DMD, 1-BP DEL, 724C",,variant
MP:0009405,increased skeletal muscle fiber number,,phenotype
WBPhenotype:0001375,transgene expression undetectable,,phenotype
ClinVarVariant:803813,NM_004006.3(DMD):c.8797del (p.Glu2934fs),,variant
ZP:0000043,"eye decreased size, abnormal",,phenotype
MP:0004098,abnormal cerebellar granule cell morphology,,phenotype
ZP:0002590,"whole organism decreased behavioural activity, abnormal",,phenotype
MP:0005318,decreased triglyceride level,,phenotype
HP:0000275,Narrow face,,phenotype
ENSEMBL:ENSFCAG00000035271,ENSEMBL:ENSFCAG00000035271,,gene
ClinVarVariant:830691,NC_000023.11:g.(?_31836708)_(31965029_?)del,,variant
MP:0003140,dilated heart atrium,,phenotype
ENSEMBL:ENSCAFG00000002086,ENSEMBL:ENSCAFG00000002086,,gene
HP:0003394,Muscle spasm,,phenotype
ZP:0005933,"lipid metabolic process process quality, abnormal",,phenotype
HP:0002305,Athetosis,,phenotype
ENSEMBL:ENSMMUG00000017432,ENSEMBL:ENSMMUG00000017432,,gene
ENSEMBL:ENSOANG00000008427,ENSEMBL:ENSOANG00000008427,,gene
ZP:0002913,"intersegmental vessel unlumenized, abnormal",,phenotype
ZP:0000532,"heart increased size, abnormal",,phenotype
ENSEMBL:ENSCAFG00000005335,CAPN14,,gene
ENSEMBL:ENSMODG00000016554,ENSEMBL:ENSMODG00000016554,,gene
MGI:98397,Src,,gene
ENSEMBL:ENSSSCG00000001698,CAPN11,,gene
MP:0000527,abnormal kidney development,,phenotype
ZP:0000309,"pigment cell decreased amount, abnormal",,phenotype
ClinVarVariant:803833,NM_004006.3(DMD):c.7858dup (p.Ile2620fs),,variant
HP:0001629,Ventricular septal defect,,phenotype
ClinVarVariant:856427,NM_004006.3(DMD):c.9085-2A>G,,variant
RGD:62029,Myh6,,gene
ENSEMBL:ENSOANG00000051157,ENSEMBL:ENSOANG00000051157,,gene
MP:0003941,abnormal skin development,,phenotype
ClinVarVariant:813445,NM_004020.3(DMD):c.2843+6256_2843+6260dup,,variant
ClinVarVariant:652594,NM_004006.2(DMD):c.1307_1332-7556del,,variant
ClinVarVariant:166864,NM_004006.2(DMD):c.883C>T (p.Arg295Ter),,variant
HP:0007750,Hypoplasia of the fovea,,phenotype
ClinVarVariant:830885,NC_000023.11:g.(?_32517998)_(32651077_?)del,,variant
OMIA-breed:442,Rottweiler (dog),,biological artifact
MP:0000172,abnormal bone marrow cell number,,phenotype
HP:0000778,Hypoplasia of the thymus,,phenotype
WBPhenotype:0001658,intercellular junction variant,,phenotype
ClinVarVariant:11278,"DMD, 8-BP DEL, 1-BP INS, NT10692",,variant
dictyBase:DDB_G0283617,cdc25,,gene
ClinVarVariant:803841,NM_004006.3(DMD):c.7029G>A (p.Trp2343Ter),,variant
ENSEMBL:ENSCAFG00000004409,EML2,,gene
MP:0001054,failure of neuromuscular synapse presynaptic differentiation,,phenotype
EFO:0004838,calcium measurement,,phenotype
ClinVarVariant:254062,NM_004006.2(DMD):c.94-?_4233+?del,,variant
RGD:1310277,Nfx1,,gene
ZP:0008454,"swimming behavior decreased occurrence, abnormal",,phenotype
ZP:0138054,"prepulse inhibition decreased magnitude, abnormal",,phenotype
ZP:0000694,"calcium-mediated signaling disrupted, abnormal",,phenotype
MP:0008582,short photoreceptor inner segment,,phenotype
ENSEMBL:ENSCAFG00000018154,ENSEMBL:ENSCAFG00000018154,,gene
ENSEMBL:ENSMODG00000020578,ENSEMBL:ENSMODG00000020578,,gene
ENSEMBL:ENSGALG00000020084,ENSEMBL:ENSGALG00000020084,,gene
ClinVarVariant:409908,NM_004006.2(DMD):c.4072-1G>T,,variant
WBPhenotype:0000433,DNA synthesis variant,,phenotype
HGNC:4137,GAN,,gene
ENSEMBL:ENSCAFG00000011638,SPTA1,,gene
ClinVarVariant:833073,NC_000023.11:g.(?_31875178)_(32217073_?)dup,,variant
HGNC:347,AHNAK,,gene
MGI:98388,Sptbn1,,gene
dbSNPIndividual:10696,DMD(EX3-17DEL); 46;XY;46;XY.arr Xp21.1(32463660-32884709)x0 [GM03780],,genotype
ClinVarVariant:984111,NM_004006.3(DMD):c.1819A>T (p.Lys607Ter),,variant
MP:0002269,muscular atrophy,,phenotype
ZP:0010938,"adrenal gland development lacking processual parts cell migration, abnormal",,phenotype
MP:0001730,embryonic growth arrest,,phenotype
MGI:2447658,Disc1,,gene
ENSEMBL:ENSMMUG00000000171,ENSEMBL:ENSMMUG00000000171,,gene
HP:0001959,Polydipsia,,phenotype
OMIM:300377.0079,"DMD, 16-BP DEL",,variant
ZP:0000148,"notochord increased width, abnormal",,phenotype
ClinVarVariant:455832,NC_000023.11:g.(?_32386290)_(32849840_?)del,,variant
ClinVarVariant:830485,NC_000023.11:g.(?_31657980)_(31932237_?)del,,variant
MP:0009543,abnormal thymus corticomedullary boundary morphology,,phenotype
WormBase:WBGene00007401,C07A9.5,,gene
MONARCH:APO_0000110APO_0000004,competitive fitness:increased,,phenotype
MP:0013876,absent ductus venosus valve,,phenotype
MP:0000383,abnormal hair follicle orientation,,phenotype
1500,isopropamide,,drug
MP:0002376,abnormal dendritic cell physiology,,phenotype
ENSEMBL:ENSMODG00000007806,ENSEMBL:ENSMODG00000007806,,gene
MP:0000286,abnormal mitral valve morphology,,phenotype
MP:0004801,increased susceptibility to systemic lupus erythematosus,,phenotype
EFO:0004623,fibrinogen measurement,,phenotype
EFO:0010394,sphingomyelin 18:1 measurement,,phenotype
ZFIN:ZDB-GENE-030131-9823,lama5,,gene
ENSEMBL:ENSECAG00000017158,ENSEMBL:ENSECAG00000017158,,gene
ENSEMBL:ENSOANG00000004217,ENSEMBL:ENSOANG00000004217,,gene
MP:0012176,abnormal head development,,phenotype
MP:0006379,abnormal spermatocyte morphology,,phenotype
ENSEMBL:ENSCAFG00000002835,CTNNAL1,,gene
3408,oxiconazole,,drug
ENSEMBL:ENSSSCG00000010994,NFX1,,gene
ENSEMBL:ENSMODG00000014098,ENSEMBL:ENSMODG00000014098,,gene
MP:0011188,increased erythrocyte protoporphyrin level,,phenotype
ZP:0021155,"somite mislocalised, abnormal",,phenotype
ENSEMBL:ENSPTRG00000044699,ENSEMBL:ENSPTRG00000044699,,gene
ZP:0003150,"pharyngeal pouch morphology, abnormal",,phenotype
HP:0001707,Abnormal right ventricle morphology,,phenotype
ENSEMBL:ENSECAG00000022125,ENSEMBL:ENSECAG00000022125,,gene
dictyBase:DDB_G0349530,dictyBase:DDB_G0349530,,gene
WBPhenotype:0002132,protein complex organization variant,,phenotype
ClinVarVariant:11220,NM_004006.2(DMD):c.6955C>T (p.Gln2319Ter),,variant
MP:0002798,abnormal active avoidance behavior,,phenotype
EFO:0005043,cardiac troponin T measurement,,phenotype
ENSEMBL:ENSSSCG00000014852,ARRB1,,gene
HP:0000637,Long palpebral fissure,,phenotype
ClinVarVariant:803836,NM_004006.3(DMD):c.7564C>T (p.Gln2522Ter),,variant
ZP:0137883,"glial cell projection Muller cell morphology, abnormal",,phenotype
ENSEMBL:ENSPTRG00000002328,ENSEMBL:ENSPTRG00000002328,,gene
MGI:107437,Capn3,,gene
HP:0002354,Memory impairment,,phenotype
HGNC:1397,CACNA1S,,gene
ClinVarVariant:11280,NM_000109.4(DMD):c.3607G>T (p.Glu1203Ter),,variant
MP:0003854,abnormal forelimb stylopod morphology,,phenotype
WormBase:WBGene00005024,sqv-6,,gene
MONARCH:APO_0000308APO_0000246,fermentative growth:increased rate,,phenotype
HP:0001903,Anemia,,phenotype
MP:0013166,small forelimb buds,,phenotype
HP:0001163,Abnormality of the metacarpal bones,,phenotype
MP:0005092,decreased double-positive T cell number,,phenotype
HGNC:7582,MYL1,,gene
Q01815,Voltage-dependent L-type calcium channel subunit alpha-1C,,gene product
ZP:0009203,"muscle cell myotome retracted, abnormal",,phenotype
MP:0000857,abnormal cerebellar foliation,,phenotype
ZP:0001945,"postoptic commissure decreased size, abnormal",,phenotype
ENSEMBL:ENSPTRG00000016788,ENSEMBL:ENSPTRG00000016788,,gene
NCBIGene:100487106,LOC100487106,,gene
ZP:0000095,"whole organism lethal (sensu genetics), abnormal",,phenotype
HP:0006270,Hypoplastic spleen,,phenotype
ClinVarVariant:803934,NM_004006.3(DMD):c.1144del (p.His382fs),,variant
ClinVarVariant:832445,NC_000023.11:g.(?_31609621)_(31679596_?)dup,,variant
ENSEMBL:ENSGALG00000028612,MYH1G,,gene
MONARCH:APO_0000028APO_0000004,invasive growth:increased,,phenotype
ENSEMBL:ENSACAG00000000836,ENSEMBL:ENSACAG00000000836,,gene
MP:0003988,disorganized embryonic tissue,,phenotype
2612,sapropterin,,drug
ClinVarVariant:831022,NC_000023.11:g.(?_32468488)_(32849830_?)del,,variant
ZP:0003152,"trigeminal motor nucleus decreased size, abnormal",,phenotype
MP:0009266,abnormal mesendoderm development,,phenotype
MP:0010106,abnormal circulating pyruvate kinase level,,phenotype
ZP:0000242,"sarcomere skeletal muscle disorganized, abnormal",,phenotype
ZFIN:ZDB-GENE-080917-19,si:ch211-202f3.3,,gene
HP:0040218,Reduced natural killer cell count,,phenotype
ClinVarVariant:654111,NC_000023.10:g.(?_31838072)_(31893510_?)dup,,variant
HP:0006707,Abnormality of the hepatic vasculature,,phenotype
ClinVarVariant:455843,NC_000023.11:g.(?_32809473)_(32823850_?)del,,variant
ZP:0006365,"axon CaP motoneuron increased branchiness, abnormal",,phenotype
ZP:0018733,"neuronal cell body facial nerve motor nucleus mislocalised, abnormal",,phenotype
ENSEMBL:ENSACAG00000007410,ENSEMBL:ENSACAG00000007410,,gene
ENSEMBL:ENSECAG00000013832,ENSEMBL:ENSECAG00000013832,,gene
WBPhenotype:0000688,sterile,,phenotype
ClinVarVariant:625643,GRCh37/hg19 Xp21.1(chrX:31853996-31855256),,variant
HP:0004446,Stomatocytosis,,phenotype
ENSEMBL:ENSGALG00000002907,ENSEMBL:ENSGALG00000002907,,gene
ZP:0006614,"swimming decreased rate, abnormal",,phenotype
ENSEMBL:ENSACAG00000024322,ENSEMBL:ENSACAG00000024322,,gene
ClinVarVariant:833020,NC_000023.11:g.(?_31609621)_(33020210_?)dup,,variant
WBPhenotype:0000475,muscle detached,,phenotype
dbSNP:rs754118,rs754118-?,,variant
MP:0004564,enlarged myocardial fiber,,phenotype
ENSEMBL:ENSOANG00000050494,ENSEMBL:ENSOANG00000050494,,gene
ENSEMBL:ENSSSCG00000013236,ENSEMBL:ENSSSCG00000013236,,gene
MGI:1355315,Tmod3,,gene
HP:0006515,Interstitial pneumonitis,,phenotype
MP:0011888,abnormal circulating total protein level,,phenotype
HP:0001000,Abnormality of skin pigmentation,,phenotype
MP:0013179,wavy tail,,phenotype
MP:0008765,decreased mast cell degranulation,,phenotype
ZFIN:ZDB-GENE-040426-775,mpp6b,,gene
ZP:0002987,"epithelial cilium movement involved in determination of left/right asymmetry decreased process quality, abnormal",,phenotype
EFO:0005674,white matter microstructure measurement,,phenotype
WBPhenotype:0001837,diet induced life span variant,,phenotype
ENSEMBL:ENSMMUG00000016376,ENSEMBL:ENSMMUG00000016376,,gene
ZP:0100633,"slow muscle cell decreased process quality skeletal myofibril assembly, abnormal",,phenotype
WBPhenotype:0000135,gene expression level high,,phenotype
ClinVarVariant:642306,NM_004010.3(DMD):c.-336_-332del,,variant
HP:0031284,Flushing,,phenotype
WBPhenotype:0001315,electrophysiology phenotype,,phenotype
MP:0001284,absent vibrissae,,phenotype
ClinVarVariant:455874,NM_000109.4(DMD):c.7+127965del,,variant
897,diltiazem,,drug
MP:0020446,increased NAD(P)H oxidase activity,,phenotype
MP:0001354,increased aggression towards males,,phenotype
MP:0008285,abnormal hippocampus granule cell layer,,phenotype
ZP:0001527,"fast muscle cell detached from myoseptum, abnormal",,phenotype
ENSEMBL:ENSBTAG00000009707,ENSEMBL:ENSBTAG00000009707,,gene
ZP:0000475,"neural crest cell migration disrupted, abnormal",,phenotype
ENSEMBL:ENSBTAG00000023529,ENSEMBL:ENSBTAG00000023529,,gene
ENSEMBL:ENSECAG00000010713,ENSEMBL:ENSECAG00000010713,,gene
ClinVarVariant:409930,NM_004010.3(DMD):c.-132dup,,variant
HGNC:6134,ITGA1,,gene
ClinVarVariant:217211,NM_004006.2(DMD):c.7817G>A (p.Trp2606Ter),,variant
MP:0005391,vision/eye phenotype,,phenotype
ENSEMBL:ENSFCAG00000012955,ENSEMBL:ENSFCAG00000012955,,gene
MP:0005087,decreased acute inflammation,,phenotype
MP:0011307,kidney medulla cyst,,phenotype
ZP:0001451,"head edematous, abnormal",,phenotype
1775,methysergide,,drug
Coriell:GM04364,NIGMS-GM04364,,biological artifact
MP:0011723,ectopic neuron,,phenotype
ZP:0011447,"forebrain disrupted commissural neuron axon guidance, abnormal",,phenotype
MP:0012105,delayed gastrulation,,phenotype
ClinVarVariant:455826,NC_000023.10:g.(?_32235013)_(32490446_?)dup,,variant
MP:0009425,increased soleus weight,,phenotype
RGD:1305950,Mybpc3,,gene
ZP:0007264,"startle response process quality, abnormal",,phenotype
ENSEMBL:ENSGALG00000041432,ENSEMBL:ENSGALG00000041432,,gene
ClinVarVariant:417508,NC_000023.11:g.(?_31657990)_(31836819_?)del,,variant
HP:0410263,Brain imaging abnormality,,phenotype
4302,glycopyrronium bromide,,drug
ZP:0009300,"whole organism lacks parts or has fewer parts of type cranial nerve VII, abnormal",,phenotype
HGNC:10807,SGCD,,gene
WormBase:WBGene00000062,acr-23,,gene
MP:0002591,decreased mean corpuscular volume,,phenotype
ClinVarVariant:832703,NC_000023.11:g.(?_31819965)_(31965029_?)del,,variant
HP:0001877,Abnormal erythrocyte morphology,,phenotype
ZP:0007877,"atrium collapsed, abnormal",,phenotype
ZP:0005381,"forerunner cell group detached from forerunner cell group, abnormal",,phenotype
ZP:0006865,"chromosome segregation process quality, abnormal",,phenotype
OMIM:300377.0017,"DMD, GLU772TER, G-T, NT2522",,variant
MP:0001724,abnormal extraembryonic endoderm formation,,phenotype
ClinVarVariant:832411,NC_000023.11:g.(?_31875178)_(31879410_?)del,,variant
HP:0002669,Osteosarcoma,,phenotype
MP:0010279,increased gastrointestinal tumor incidence,,phenotype
MP:0000292,distended pericardium,,phenotype
ClinVarVariant:409896,NM_004006.2(DMD):c.10797+1G>A,,variant
ZFIN:ZDB-GENE-040426-1593,myl13,,gene
ENSEMBL:ENSPTRG00000001820,ENSEMBL:ENSPTRG00000001820,,gene
1782,metoclopramide,,drug
WormBase:WBGene00011097,nhr-206,,gene
ZP:0002562,"whole organism increased curvature, abnormal",,phenotype
MP:0004024,aneuploidy,,phenotype
ClinVarVariant:11254,NM_004006.2(DMD):c.3121C>T (p.Gln1041Ter),,variant
ZP:0104776,"response to environmental enrichment occurrence, abnormal",,phenotype
ZP:0002588,"larval locomotory behavior process quality, abnormal",,phenotype
ClinVarVariant:94644,NM_004006.2(DMD):c.4902_4908del (p.Gly1635fs),,variant
HP:0100547,Abnormality of forebrain morphology,,phenotype
OMIA-breed:303,Brittany Spaniel (dog),,biological artifact
HP:0410004,obsolete Cleft secondary palate,,phenotype
ZP:0001073,"intrahepatic bile duct development disrupted, abnormal",,phenotype
ZP:0018898,"vertical myoseptum decreased amount, abnormal",,phenotype
MP:0004567,decreased myocardial fiber number,,phenotype
ZP:0003147,"axon cranial nerve IX decreased length, abnormal",,phenotype
MP:0003638,abnormal response/metabolism to endogenous compounds,,phenotype
4633,trabectedin,,drug
MP:0004882,enlarged lung,,phenotype
HP:0002527,Falls,,phenotype
ClinVarVariant:803840,NM_004006.3(DMD):c.7068del (p.Gln2356fs),,variant
ENSEMBL:ENSSSCG00005039937,ENSEMBL:ENSSSCG00005039937,,gene
HP:0001250,Seizure,,phenotype
MP:0004701,decreased circulating insulin-like growth factor I level,,phenotype
HP:0003134,Abnormality of peripheral nerve conduction,,phenotype
OMIM:300377.0081,"DMD, IVS25, A-G, +2036",,variant
FlyBase:FBgn0011743,Arp53D,,gene
ENSEMBL:ENSPTRG00000006915,ENSEMBL:ENSPTRG00000006915,,gene
ZP:0003137,"neuron differentiation disrupted, abnormal",,phenotype
MONARCH:APO_0000099APO_0000245,utilization of nitrogen source:decreased rate,,phenotype
FBcv:0002022,some die during second instar larval stage,,phenotype
MP:0002264,abnormal bronchus morphology,,phenotype
WBPhenotype:0001006,pharyngeal pumping rate variant,,phenotype
MP:0001553,abnormal circulating free fatty acids level,,phenotype
HP:0012639,Abnormal nervous system morphology,,phenotype
MP:0001723,disorganized yolk sac vascular plexus,,phenotype
ZP:0011757,"atrium morphology, abnormal",,phenotype
ENSEMBL:ENSFCAG00000000748,ENSEMBL:ENSFCAG00000000748,,gene
MP:0020938,decreased susceptibility to Picornaviridae infection,,phenotype
WormBase:WBGene00003650,nhr-60,,gene
HP:0002751,Kyphoscoliosis,,phenotype
HP:0006744,Adrenocortical carcinoma,,phenotype
WormBase:WBGene00006443,pak-2,,gene
WormBase:WBGene00010554,mlc-6,,gene
MP:0010781,pyloric sphincter hypertrophy,,phenotype
NCBITaxon:9823,Sus scrofa,,taxon
ClinVarVariant:660673,NC_000023.10:g.(?_32632410)_(33038327_?)dup,,variant
MGI:3722314,Dmd<tm1Mok> [involves: 129S/SvEv],,genotype
ZP:0002964,"muscle cell post-vent region morphology, abnormal",,phenotype
MP:0004740,sensorineural hearing loss,,phenotype
MP:0000263,absent organized vascular network,,phenotype
ENSEMBL:ENSBTAG00000011730,ENSEMBL:ENSBTAG00000011730,,gene
HP:0001137,Alternating esotropia,,phenotype
ZP:0004384,"median fin fold structure, abnormal",,phenotype
ZFIN:ZDB-FISH-150901-25829,dmd<cl100>/dmd<cl100> [unspecified background],,genotype
ZP:0100539,"rhombomere 6 has fewer parts of type motor neuron facial nerve motor nucleus, abnormal",,phenotype
HP:0005372,Abnormality of B cell physiology,,phenotype
HP:0006297,Enamel hypoplasia,,phenotype
MP:0009004,progressive hair loss,,phenotype
MGI:6507848,Dmd<mdx>; Tg(DMD*)#Spc [involves: 129P2/OlaHsd * C57BL/10ScSn * DBA/2],,genotype
WormBase:WBGene00003658,nhr-68,,gene
dbSNP:rs745651645,rs745651645-T,,variant
ENSEMBL:ENSGALG00000041560,ENSEMBL:ENSGALG00000041560,,gene
MP:0010872,increased trabecular bone mass,,phenotype
ClinVarVariant:657916,NC_000023.10:g.(?_32305636)_(32584008_?)dup,,variant
ZP:0005267,"cranial cartilage malformed, abnormal",,phenotype
MGI:98386,Sptan1,,gene
674,clevidipine,,drug
ENSEMBL:ENSCAFG00000016432,ENSEMBL:ENSCAFG00000016432,,gene
EFO:0004528,mean corpuscular hemoglobin concentration,,phenotype
1812,minaprine,,drug
WBPhenotype:0000386,genotoxic chemical induced apoptosis variant,,phenotype
180,amitriptyline,,drug
MP:0005035,perianal ulcer,,phenotype
GO:0035633,maintenance of blood-brain barrier,,molecular function
FlyBase:FBgn0002673,twe,,gene
MP:0004628,Deiters cell degeneration,,phenotype
ENSEMBL:ENSCAFG00000007975,ENSEMBL:ENSCAFG00000007975,,gene
ENSEMBL:ENSPTRG00000018519,ENSEMBL:ENSPTRG00000018519,,gene
ZP:0000143,"post-anal tail morphogenesis disrupted, abnormal",,phenotype
ZP:0019766,"Z disc cardiac muscle spatial pattern, abnormal",,phenotype
dbSNP:rs1293906,rs1293906-T,,variant
WBPhenotype:0000695,vulva morphology variant,,phenotype
HP:0003100,Slender long bone,,phenotype
ENSEMBL:ENSFCAG00000031083,ENSEMBL:ENSFCAG00000031083,,gene
ZFIN:ZDB-GENE-081105-186,ntng2a,,gene
HP:0001181,Adducted thumb,,phenotype
HP:0009732,Plexiform neurofibroma,,phenotype
ZFIN:ZDB-GENE-040426-1003,trim63b,,gene
ZP:0001515,"skeletal muscle increased accumulation fibrillar collagen trimer skeletal muscle cell, abnormal",,phenotype
ENSEMBL:ENSACAG00000006788,ENSEMBL:ENSACAG00000006788,,gene
ENSEMBL:ENSMMUG00000002719,ENSEMBL:ENSMMUG00000002719,,gene
ENSEMBL:ENSSSCG00000012492,ENSEMBL:ENSSSCG00000012492,,gene
RGD:621714,Sptan1,,gene
ENSEMBL:ENSACAG00000002977,ENSEMBL:ENSACAG00000002977,,gene
MP:0009570,abnormal right lung morphology,,phenotype
ClinVarVariant:217209,NM_004006.2(DMD):c.7105G>T (p.Glu2369Ter),,variant
ClinVarVariant:417499,NC_000023.11:g.(?_31119228)_(33211556_?)del,,variant
ClinVarVariant:455812,NC_000023.10:g.(?_31792057)_(31950364_?)del,,variant
RGD:2406,Bcar1,,gene
ClinVarVariant:803923,NM_004006.3(DMD):c.1894A>T (p.Lys632Ter),,variant
MONDO:0010542,dilated cardiomyopathy 3B,,disease
dictyBase:DDB_G0268204,DDB0189863,,gene
ZP:0002724,"myosin filament slow muscle cell disorganized, abnormal",,phenotype
MP:0000269,abnormal heart looping,,phenotype
MP:0030460,enamel pits,,phenotype
MP:0009539,abnormal Hassall's corpuscle morphology,,phenotype
2484,strychnine,,drug
2677,tiotropium bromide,,drug
MONARCH:APO_0000198APO_0000004,mutation frequency:increased,,phenotype
ENSEMBL:ENSBTAG00000015764,EML2,,gene
WBPhenotype:0002578,basement membrane laminin level phenotype,,phenotype
ZP:0100172,"skeletal muscle adaptation disrupted, abnormal",,phenotype
ENSEMBL:ENSFCAG00000001719,ENSEMBL:ENSFCAG00000001719,,gene
ENSEMBL:ENSGALG00000015842,ENSEMBL:ENSGALG00000015842,,gene
ZP:0019892,"lens ovate, abnormal",,phenotype
Coriell:GM04100,NIGMS-GM04100,,biological artifact
ENSEMBL:ENSPTRG00000044713,ENSEMBL:ENSPTRG00000044713,,gene
HGNC:4778,H3-4,,gene
ZP:0017689,"pectoral fin decreased process quality cell population proliferation, abnormal",,phenotype
ENSEMBL:ENSMMUG00000010805,ENSEMBL:ENSMMUG00000010805,,gene
MP:0008075,"decreased CD4-positive, alpha beta T cell number",,phenotype
MGI:99638,Mark2,,gene
MP:0005010,"abnormal CD8-positive, alpha beta T cell morphology",,phenotype
HP:0008153,Periodic hypokalemic paresis,,phenotype
ZP:0004200,"optic cup morphogenesis involved in camera-type eye development disrupted, abnormal",,phenotype
ENSEMBL:ENSECAG00000014992,ENSEMBL:ENSECAG00000014992,,gene
ENSEMBL:ENSCAFG00000005776,ACTN4,,gene
ENSEMBL:ENSOANG00000012754,ENSEMBL:ENSOANG00000012754,,gene
Xenbase:XB-GENE-491618,actg1,,gene
ENSEMBL:ENSSSCG00000014339,CTNNA1,,gene
HP:0040083,Toe walking,,phenotype
HP:0012133,Erythroid hypoplasia,,phenotype
ENSEMBL:ENSACAG00000014468,ENSEMBL:ENSACAG00000014468,,gene
MP:0012145,increased a-wave amplitude,,phenotype
HP:0012873,Absent vas deferens,,phenotype
MP:0000350,abnormal cell proliferation,,phenotype
ZP:0014923,"cardiac ventricle process quality heart contraction, abnormal",,phenotype
ZP:0019617,"forebrain decreased amount, abnormal",,phenotype
MP:0010274,increased organ/body region tumor incidence,,phenotype
ClinVarVariant:11223,"DMD, 1-BP DEL, 2568C",,variant
WBPhenotype:0000700,multivulva,,phenotype
ClinVarVariant:831181,NC_000023.11:g.(?_32501745)_(32501852_?)dup,,variant
ENSEMBL:ENSACAG00000022492,ENSEMBL:ENSACAG00000022492,,gene
4178,vandetanib,,drug
ENSEMBL:ENSGALG00000008100,RAPSN,,gene
ZP:0002060,"yolk edematous, abnormal",,phenotype
ENSEMBL:ENSMODG00000003131,ENSEMBL:ENSMODG00000003131,,gene
ZP:0003234,"glomerular filtration disrupted, abnormal",,phenotype
ENSEMBL:ENSOANG00000044870,ENSEMBL:ENSOANG00000044870,,gene
ClinVarVariant:973532,NM_004006.3(DMD):c.1087C>T (p.Gln363Ter),,variant
ZP:0004586,"muscle cell sparse, abnormal",,phenotype
HP:0025066,Decreased mean corpuscular volume,,phenotype
Q12791,Calcium-activated potassium channel subunit alpha-1,,gene product
HP:0001511,Intrauterine growth retardation,,phenotype
HP:0000179,Thick lower lip vermilion,,phenotype
ENSEMBL:ENSOANG00000012417,ENSEMBL:ENSOANG00000012417,,gene
MGI:88264,Capn2,,gene
HP:0002561,Absent nipple,,phenotype
ZFIN:ZDB-GENE-030131-271,smyhc1,,gene
ENSEMBL:ENSOANG00000040844,ENSEMBL:ENSOANG00000040844,,gene
NCBIGene:415296,P53478,,gene
ZP:0012577,"Z disc fast muscle cell increased width, abnormal",,phenotype
ENSEMBL:ENSMODG00000000633,ENSEMBL:ENSMODG00000000633,,gene
MP:0005451,abnormal body composition,,phenotype
ZP:0001562,"neuron migration disrupted, abnormal",,phenotype
1045,erlotinib,,drug
ENSEMBL:ENSECAG00000023971,ENSEMBL:ENSECAG00000023971,,gene
EFO:0005230,anxiety,,phenotype
ClinVarVariant:803826,NM_004006.3(DMD):c.8299G>T (p.Glu2767Ter),,variant
ClinVarVariant:409887,NM_000109.4(DMD):c.8367-1_8367delinsAA,,variant
ZFIN:ZDB-GENE-070912-197,adcy8,,gene
ZP:0000133,"ethmoid cartilage decreased size, abnormal",,phenotype
SGD:S000001855,ACT1,,gene
MP:0002699,abnormal vitreous body morphology,,phenotype
MGI:2145373,Slc25a48,,gene
ENSEMBL:ENSOANG00000009857,ENSEMBL:ENSOANG00000009857,,gene
MP:0003122,maternal imprinting,,phenotype
ENSEMBL:ENSSSCG00000034357,DAG1,,gene
ZP:0100166,"trunk musculature increased duration relaxation of muscle, abnormal",,phenotype
ClinVarVariant:803844,NM_004006.3(DMD):c.6913-1G>T,,variant
ClinVarVariant:803843,NM_004006.3(DMD):c.7027del (p.Trp2343fs),,variant
ENSEMBL:ENSFCAG00000008031,ENSEMBL:ENSFCAG00000008031,,gene
ENSEMBL:ENSBTAG00000050243,FKRP,,gene
MP:0011083,"lethality at weaning, complete penetrance",,phenotype
FlyBase:FBgn0020497,emb,,gene
HP:0001376,Limitation of joint mobility,,phenotype
ZP:0001016,"eye development disrupted, abnormal",,phenotype
MP:0020527,small thalamus,,phenotype
EFO:0010700,reticulocyte measurement,,phenotype
ClinVarVariant:417493,NC_000023.11:g.(?_31657990)_(31820083_?)del,,variant
ZP:0001664,"skeletal muscle contraction disrupted, abnormal",,phenotype
ZP:0000417,"retina layer formation disrupted, abnormal",,phenotype
Xenbase:XB-GENE-485710,tnni1.2,,gene
WBPhenotype:0002188,male somatic gonad development variant,,phenotype
WBPhenotype:0001184,fat content increased,,phenotype
HP:0002936,Distal sensory impairment,,phenotype
ENSEMBL:ENSGALG00000004582,MYL2,,gene
MP:0006358,absent pinna reflex,,phenotype
ZFIN:ZDB-GENE-040426-1248,zgpat,,gene
ZP:0104772,"(3,4-dihydroxyphenyl)acetic acid diencephalon decreased amount, abnormal",,phenotype
WBPhenotype:0001095,organism high sodium chloride hypersensitive,,phenotype
Xenbase:XB-GENE-994502,drp2,,gene
MP:0008078,"increased CD8-positive, alpha-beta T cell number",,phenotype
FlyBase:FBgn0026063,KP78b,,gene
ENSEMBL:ENSBTAG00000008248,DMD,,gene
ZP:0005863,"motor neuron spinal cord disorganized, abnormal",,phenotype
ClinVarVariant:666228,NC_000023.10:g.(?_31613687)_(31645989_?)dup,,variant
ClinVarVariant:803944,NM_004006.3(DMD):c.666T>G (p.Tyr222Ter),,variant
ZP:0000355,"eye quality, abnormal",,phenotype
HGNC:12012,TPM3,,gene
ENSEMBL:ENSPTRG00000007227,ENSEMBL:ENSPTRG00000007227,,gene
HP:0002766,Relatively short spine,,phenotype
ENSEMBL:ENSOANG00000013738,ENSEMBL:ENSOANG00000013738,,gene
ENSEMBL:ENSCAFG00000012919,ENSEMBL:ENSCAFG00000012919,,gene
ClinVarVariant:933205,NC_000023.11:g.(31507454_31627672)_(31968515_32216915)del,,variant
MP:0006359,absent startle reflex,,phenotype
FlyBase:FBgn0085390,Dgk,,gene
ZP:0011794,"cardiac muscle cell has fewer parts of type cell projection cardiac muscle cell, abnormal",,phenotype
MP:0002703,abnormal renal tubule morphology,,phenotype
MP:0006143,increased systemic arterial diastolic blood pressure,,phenotype
HP:0006739,Squamous cell carcinoma of the skin,,phenotype
ClinVarVariant:832846,NC_000023.11:g.(?_31773950)_(31836829_?)del,,variant
ZP:0007127,"sarcomere skeletal muscle decreased length, abnormal",,phenotype
ENSEMBL:ENSACAG00000007269,ENSEMBL:ENSACAG00000007269,,gene
WBPhenotype:0001282,mitochondrial metabolism variant,,phenotype
ClinVarVariant:526144,NC_000023.10:g.(?_31341695)_(31341795_?)dup,,variant
ClinVarVariant:940477,NM_004006.3(DMD):c.7179dup (p.Pro2394fs),,variant
ENSEMBL:ENSSSCG00000040786,SPTBN1,,gene
HP:0004315,Decreased circulating IgG level,,phenotype
ENSEMBL:ENSPTRG00000028883,ENSEMBL:ENSPTRG00000028883,,gene
ZP:0130999,"muscle physical object quality, abnormal",,phenotype
ENSEMBL:ENSFCAG00000029229,ENSEMBL:ENSFCAG00000029229,,gene
ENSEMBL:ENSECAG00000006257,ENSEMBL:ENSECAG00000006257,,gene
ClinVarVariant:831899,NC_000023.11:g.(?_32614293)_(32816650_?)del,,variant
WormBase:WBGene00017866,stn-2,,gene
ENSEMBL:ENSBTAG00000011392,ENSEMBL:ENSBTAG00000011392,,gene
MGI:3789123,Dmd<mdx> [C57BL/10ScSn-Dmd<mdx>/J],,genotype
WBPhenotype:0001644,protein metabolism variant,,phenotype
HP:0002465,Poor speech,,phenotype
HP:0003109,Hyperphosphaturia,,phenotype
MP:0010107,abnormal renal reabsorption,,phenotype
ENSEMBL:ENSBTAG00000002809,CAPN10,,gene
MP:0010158,abnormal intestine development,,phenotype
ENSEMBL:ENSMMUG00000001820,ENSEMBL:ENSMMUG00000001820,,gene
MP:0000352,decreased cell proliferation,,phenotype
HP:0006956,Dilation of lateral ventricles,,phenotype
HP:0000958,Dry skin,,phenotype
ZP:0005383,"heart tube positional polarity, abnormal",,phenotype
ZP:0131267,"myotome has extra parts of type fast muscle cell, abnormal",,phenotype
ENSEMBL:ENSACAG00000009216,ENSEMBL:ENSACAG00000009216,,gene
PomBase:SPAC6F6.01,cch1,,gene
MP:0006055,abnormal vascular endothelial cell morphology,,phenotype
ZP:0002621,"fourth ventricle morphology, abnormal",,phenotype
RGD:1310650,Kif14,,gene
ZP:0019899,"basal lamina optic cup mislocalised, abnormal",,phenotype
5408,viltolarsen,,drug
WBPhenotype:0001982,cell membrane organization biogenesis variant,,phenotype
FlyBase:FBgn0015360,oxt,,gene
FlyBase:FBgn0283471,wupA,,gene
MP:0004925,decreased susceptibility to noise-induced hearing loss,,phenotype
ENSEMBL:ENSMMUG00000013778,ENSEMBL:ENSMMUG00000013778,,gene
1200,flunarizine,,drug
WBPhenotype:0002355,increased susceptibility to bacterial pathogens,,phenotype
ZP:0000562,"thrombocyte decreased amount, abnormal",,phenotype
MP:0008446,decreased retinal cone cell number,,phenotype
ZP:0000273,"thoracic duct absent, abnormal",,phenotype
HP:0007973,Retinal dysplasia,,phenotype
MP:0003229,abnormal vitelline vasculature morphology,,phenotype
RGD:61879,Psmb5,,gene
ENSEMBL:ENSECAG00000023844,ENSEMBL:ENSECAG00000023844,,gene
ZP:0011512,"anterior commissure has fewer parts of type astrocyte, abnormal",,phenotype
FBcv:0000392,hyperactive,,phenotype
WBPhenotype:0000352,backing uncoordinated,,phenotype
ENSEMBL:ENSPTRG00000008391,ENSEMBL:ENSPTRG00000008391,,gene
ClinVarVariant:284288,NM_004006.3(DMD):c.10098AGA[1] (p.Glu3367del),,variant
ENSEMBL:ENSFCAG00000032144,ENSEMBL:ENSFCAG00000032144,,gene
EFO:0004753,interleukin 12 measurement,,phenotype
2286,promethazine,,drug
RGD:1309318,Adcy1,,gene
ENSEMBL:ENSBTAG00000010230,CAPN1,,gene
MP:0008022,dilated heart ventricle,,phenotype
dbSNPIndividual:21321,DMD(EX45-62DUP); 46;XY;46;XY.arr Xp21.2p21.1(31224485-31977208)x2 [GM05124],,genotype
MP:0013227,small brain ventricles,,phenotype
MP:0001140,abnormal vagina epithelium morphology,,phenotype
ZP:0007878,"myocardium uncoordinated, abnormal",,phenotype
dictyBase:DDB_G0268632,abpA,,gene
HP:0001792,Small nail,,phenotype
ZP:0001508,"muscle damaged, abnormal",,phenotype
PomBase:SPAP8A3.08,cdc4,,gene
ENSEMBL:ENSGALG00000030247,TMOD4,,gene
MP:0011390,abnormal fetal cardiomyocyte physiology,,phenotype
ENSEMBL:ENSECAG00000037637,ENSEMBL:ENSECAG00000037637,,gene
WBPhenotype:0000562,body levamisole resistant,,phenotype
WBPhenotype:0002535,dye filling defect,,phenotype
ZP:0001977,"ceratohyal cartilage hypoplastic, abnormal",,phenotype
ClinVarVariant:831870,NC_000023.11:g.(?_32438231)_(32573856_?)del,,variant
ENSEMBL:ENSECAG00000019674,ENSEMBL:ENSECAG00000019674,,gene
WormBase:WBGene00003372,mlc-4,,gene
ZP:0001520,"skeletal muscle cell increased variability of size, abnormal",,phenotype
ZP:0009074,"neuronal cell body rhombomere 4 mislocalised, abnormal",,phenotype
ClinVarVariant:959273,NM_004006.3(DMD):c.10813A>T (p.Lys3605Ter),,variant
ENSEMBL:ENSBTAG00000006616,ENSEMBL:ENSBTAG00000006616,,gene
ZP:0020142,"head lacks parts or has fewer parts of type cephalic musculature, abnormal",,phenotype
MGI:2443727,Spef2,,gene
ZP:0002996,"lens mislocalised, abnormal",,phenotype
WBPhenotype:0000861,body wall muscle development variant,,phenotype
Xenbase:XB-GENE-1001901,utrn,,gene
ENSEMBL:ENSGALG00000048866,MARK2,,gene
dictyBase:DDB_G0269200,cplA,,gene
ClinVarVariant:584029,NC_000023.10:g.(?_31332523)_(31462764_?)dup,,variant
Xenbase:XB-GENE-988669,tns2,,gene
ENSEMBL:ENSSSCG00000014804,LAMTOR1,,gene
MP:0002206,abnormal CNS synaptic transmission,,phenotype
MP:0030420,short basicranium,,phenotype
RGD:3250,Pak1,,gene
ZP:0008732,"contractile fiber trunk disorganized, abnormal",,phenotype
ZP:0001675,"notochord damaged, abnormal",,phenotype
EFO:0007937,blood protein measurement,,phenotype
MP:0002102,abnormal ear morphology,,phenotype
621,chlorpromazine,,drug
MP:0002575,increased circulating ketone body level,,phenotype
ENSEMBL:ENSMMUG00000002347,ENSEMBL:ENSMMUG00000002347,,gene
WBPhenotype:0000561,head levamisole resistant,,phenotype
ClinVarVariant:984685,NM_004006.3(DMD):c.131dup (p.Gln45fs),,variant
ZP:0002992,"determination of liver left/right asymmetry decreased process quality, abnormal",,phenotype
ZP:0002188,"somite deformed, abnormal",,phenotype
FBcv:0000381,suppressor of variegation,,phenotype
RGD:3410,Prnp,,gene
MP:0004151,decreased circulating iron level,,phenotype
WormBase:WBGene00015396,nhr-148,,gene
ZP:0137885,"Muller cell overlap with glial cell projection glial cell projection Muller cell, abnormal",,phenotype
ZP:0000705,"proximal convoluted tubule development arrested, abnormal",,phenotype
ENSEMBL:ENSPTRG00000001762,ENSEMBL:ENSPTRG00000001762,,gene
ENSEMBL:ENSFCAG00000009197,ENSEMBL:ENSFCAG00000009197,,gene
ENSEMBL:ENSXETG00000015090,pak5,,gene
ClinVarVariant:833180,NC_000023.11:g.(?_32545149)_(32595886_?)del,,variant
MP:0006104,abnormal tectum morphology,,phenotype
HP:0008070,Sparse hair,,phenotype
MP:0001438,aphagia,,phenotype
Xenbase:XB-GENE-489008,rac1,,gene
ENSEMBL:ENSCAFG00000031099,STUB1,,gene
HP:0100704,Cerebral visual impairment,,phenotype
MP:0003631,nervous system phenotype,,phenotype
HP:0002949,Fused cervical vertebrae,,phenotype
ENSEMBL:ENSECAG00000017294,ENSEMBL:ENSECAG00000017294,,gene
FlyBase:FBgn0000036,nAChRalpha1,,gene
MP:0010352,gastrointestinal tract polyps,,phenotype
Xenbase:XB-GENE-5823109,nup93,,gene
ENSEMBL:ENSXETG00000034466,ENSEMBL:ENSXETG00000034466,,gene
MP:0003201,extremity edema,,phenotype
HGNC:19181,KIF14,,gene
ClinVarVariant:639383,NC_000023.11:g.(?_31729621)_(31836829_?)del,,variant
WormBase:WBGene00006797,unc-63,,gene
ClinVarVariant:984113,NM_004006.3(DMD):c.1405G>T (p.Glu469Ter),,variant
ZP:0014934,"atrioventricular valve development process quality, abnormal",,phenotype
ENSEMBL:ENSPTRG00000048164,ENSEMBL:ENSPTRG00000048164,,gene
HP:0011969,Elevated circulating luteinizing hormone level,,phenotype
ZP:0001487,"skeletal muscle fiber development process quality, abnormal",,phenotype
HP:0002167,Neurological speech impairment,,phenotype
ENSEMBL:ENSACAG00000002510,ENSEMBL:ENSACAG00000002510,,gene
ZFIN:ZDB-GENE-000616-13,appa,,gene
MGI:4359195,Dmd<mdx>/Dmd<mdx> [C57BL/10ScSn-Dmd<mdx>],,genotype
ZP:0002970,"skeletal muscle dystrophic, abnormal",,phenotype
868,dicycloverine,,drug
ENSEMBL:ENSMODG00000013388,ENSEMBL:ENSMODG00000013388,,gene
ZP:0001946,"pharyngeal arch 3-7 skeleton morphology, abnormal",,phenotype
ENSEMBL:ENSPTRG00000014912,ENSEMBL:ENSPTRG00000014912,,gene
MP:0000875,abnormal cerebellar Purkinje cell layer,,phenotype
4902,imidafenacin,,drug
ClinVarVariant:937223,NM_004006.3(DMD):c.4600C>T (p.Gln1534Ter),,variant
NCBITaxon:9598,Pan troglodytes,,taxon
MP:0009401,increased skeletal muscle fiber diameter,,phenotype
ENSEMBL:ENSOANG00000000992,ENSEMBL:ENSOANG00000000992,,gene
ClinVarVariant:94658,NM_004006.2(DMD):c.5287C>T (p.Arg1763Ter),,variant
PomBase:SPCC4B3.15,mid1,,gene
ENSEMBL:ENSCAFG00000013618,MYL3,,gene
ZP:0004374,"sensory perception of touch process quality, abnormal",,phenotype
901,dimenhydrinate,,drug
ZP:0000716,"dorsal aorta unlumenized, abnormal",,phenotype
ZP:0002935,"muscle attachment disrupted, abnormal",,phenotype
ClinVarVariant:11245,"DMD, 1-BP INS, NT1554",,variant
HGNC:12932,TRIM25,,gene
HGNC:9394,PICK1,,gene
FlyBase:FBgn0262733,Src64B,,gene
ENSEMBL:ENSGALG00000027323,ENSEMBL:ENSGALG00000027323,,gene
2824,vinburnine,,drug
4866,ceritinib,,drug
ZP:0101900,"motor neuron facial nerve motor nucleus increased volume, abnormal",,phenotype
ZP:0021036,"blood vessel heart vasculature increased amount, abnormal",,phenotype
ENSEMBL:ENSPTRG00000005433,ENSEMBL:ENSPTRG00000005433,,gene
OMIM:300377.0073,"DMD, THR279ALA",,variant
ClinVarVariant:864790,NM_004006.3(DMD):c.9432del (p.Met3145fs),,variant
WBPhenotype:0002107,RAB-11 recycling endosome localization variant,,phenotype
MP:0004521,abnormal cochlear hair cell stereociliary bundle morphology,,phenotype
HP:0003110,Abnormality of urine homeostasis,,phenotype
WBPhenotype:0001907,dorsal intercalation defective,,phenotype
ClinVarVariant:11276,NM_004017.3(DMD):c.1019+737C>T,,variant
ENSEMBL:ENSACAG00000014900,ENSEMBL:ENSACAG00000014900,,gene
HP:0030329,Retinal thinning,,phenotype
ZP:0000054,"head decreased size, abnormal",,phenotype
HP:0000855,Insulin resistance,,phenotype
HP:0002185,Neurofibrillary tangles,,phenotype
ENSEMBL:ENSMMUG00000015628,ENSEMBL:ENSMMUG00000015628,,gene
ZP:0004976,"cardiac ventricle development disrupted, abnormal",,phenotype
ZP:0101684,"lateral recess decreased distribution, abnormal",,phenotype
HGNC:11274,SPTB,,gene
MP:0003954,abnormal Reichert's membrane morphology,,phenotype
MP:0020380,abnormal galactolipid level,,phenotype
269,azathioprine,,drug
MP:0004846,absent skeletal muscle,,phenotype
HP:0004312,Abnormal reticulocyte morphology,,phenotype
ZP:0017509,"photoreceptor outer segment photoreceptor cell morphology, abnormal",,phenotype
ZFIN:ZDB-GENE-050626-97,tnnt2d,,gene
MESH:D019808,Losartan,,drug
ClinVarVariant:409902,NM_000109.4(DMD):c.4910_4913del (p.Lys1637fs),,variant
MONARCH:APO_0000124APO_0000005,pheromone-induced cell cycle arrest:absent,,phenotype
ZP:0000863,"kidney has extra parts of type erythroid progenitor cell, abnormal",,phenotype
ClinVarVariant:409928,NM_004010.3(DMD):c.-217dup,,variant
ENSEMBL:ENSECAG00000009003,ENSEMBL:ENSECAG00000009003,,gene
5182,eteplirsen,,drug
ENSEMBL:ENSGALG00000015211,DTNA,,gene
WBPhenotype:0000781,body wall muscle thin filament variant,,phenotype
MP:0002807,abnormal eye blink conditioning behavior,,phenotype
HP:0001900,Increased hemoglobin,,phenotype
ZP:0001399,"central nervous system hemorrhagic, abnormal",,phenotype
HP:0011875,Abnormal platelet morphology,,phenotype
ZP:0018025,"thyroid gland development process quality, abnormal",,phenotype
MP:0005095,decreased T cell proliferation,,phenotype
MONARCH:APO_0000087APO_0000004,resistance to chemicals:increased,,phenotype
Q13698,Voltage-dependent L-type calcium channel subunit alpha-1S,,gene product
WormBase:WBGene00007547,nhr-154,,gene
ZP:0004695,"pectoral fin degenerate, abnormal",,phenotype
dictyBase:DDB_G0278613,DDB0218061,,gene
MP:0010506,prolonged RR interval,,phenotype
EFO:0008377,mosquito bite reaction itch intensity measurement,,phenotype
OMIM:300377.0020,"DMD, LEU54ARG",,variant
MP:0003088,abnormal prepulse inhibition,,phenotype
ClinVarVariant:984679,NM_004006.3(DMD):c.5812G>T (p.Glu1938Ter),,variant
ZFIN:ZDB-GENE-070124-2,dytn,,gene
ENSEMBL:ENSPTRG00000003562,ENSEMBL:ENSPTRG00000003562,,gene
WBPhenotype:0001301,P granule abnormal,,phenotype
WBPhenotype:0002486,persistent primordial germ cell lobes,,phenotype
ZP:0001477,"whole organism spindle-shaped, abnormal",,phenotype
MP:0000358,abnormal cell morphology,,phenotype
HP:0002187,"Intellectual disability, profound",,phenotype
HP:0002035,Rectal prolapse,,phenotype
HP:0003292,Decreased serum leptin,,phenotype
MP:0005217,abnormal pancreatic beta cell morphology,,phenotype
ZP:0138005,"vascular cord decreased occurrence Notch signaling pathway, abnormal",,phenotype
ENSEMBL:ENSACAG00000002242,ENSEMBL:ENSACAG00000002242,,gene
ZFIN:ZDB-GENE-060803-3,itgb1b.1,,gene
ENSEMBL:ENSMMUG00000002267,ENSEMBL:ENSMMUG00000002267,,gene
dbSNP:rs35693284,rs35693284-?,,variant
WormBase:WBGene00002186,kel-10,,gene
HP:0002123,Generalized myoclonic seizure,,phenotype
HGNC:24036,APC2,,gene
ClinVarVariant:651817,NC_000023.11:g.(?_31819965)_(32217073_?)del,,variant
ZP:0017554,"retinal ganglion cell process quality asymmetric cell division, abnormal",,phenotype
MP:0001183,overexpanded pulmonary alveoli,,phenotype
HP:0005502,Increased red cell osmotic fragility,,phenotype
Xenbase:XB-GENE-949518,sgcd,,gene
MP:0005599,increased cardiac muscle contractility,,phenotype
ClinVarVariant:830992,NC_000023.11:g.(?_31773950)_(31932237_?)dup,,variant
OMIM:300377.0046,"DMD, 52-BP DEL",,variant
ZP:0003641,"heart non-functional, abnormal",,phenotype
HGNC:7583,MYL2,,gene
ZP:0001808,"notochord formation disrupted, abnormal",,phenotype
ENSEMBL:ENSECAG00000021291,ENSEMBL:ENSECAG00000021291,,gene
ZP:0001488,"somite disorganized, abnormal",,phenotype
RGD:708483,Mark2,,gene
ENSEMBL:ENSPTRG00000001834,ENSEMBL:ENSPTRG00000001834,,gene
ZP:0138559,"migrasome whole organism decreased amount, abnormal",,phenotype
HGNC:1479,CAPN2,,gene
ENSEMBL:ENSACAG00000001335,ENSEMBL:ENSACAG00000001335,,gene
MP:0008014,increased lung tumor incidence,,phenotype
ClinVarVariant:803822,NM_004006.3(DMD):c.8451del (p.Leu2818fs),,variant
HP:0000603,Central scotoma,,phenotype
HGNC:18167,PALS2,,gene
ENSEMBL:ENSSSCG00000040546,PXN,,gene
ClinVarVariant:94447,NM_004006.2(DMD):c.10797+5G>A,,variant
2028,oxybutynin,,drug
MGI:6163637,Dmd<em1Eno> [involves: C57BL/6J],,genotype
ClinVarVariant:455871,NM_004006.2(DMD):c.1865C>A (p.Ser622Ter),,variant
WormBase:WBGene00003916,par-1,,gene
ZFIN:ZDB-GENE-081022-171,zgc:194990,,gene
ZP:0103430,"immune response process quality, abnormal",,phenotype
HP:0000343,Long philtrum,,phenotype
ZP:0008717,"blood vessel inner optic circle elliptic, abnormal",,phenotype
ClinVarVariant:833496,NC_000023.11:g.(?_31773950)_(31875383_?)del,,variant
ZP:0012745,"cardiac muscle cell decreased volume, abnormal",,phenotype
ZP:0002190,"trunk deformed, abnormal",,phenotype
MP:0011088,"neonatal lethality, incomplete penetrance",,phenotype
ZP:0000707,"blood flow rate, abnormal",,phenotype
ENSEMBL:ENSGALG00000006037,ENSEMBL:ENSGALG00000006037,,gene
MONARCH:APO_0000225APO_0000004,mitotic recombination:increased,,phenotype
HP:0000286,Epicanthus,,phenotype
ENSEMBL:ENSSSCG00000016885,ITGA1,,gene
MONDO:0005084,mental disorder,,disease
ZP:0100650,"atrioventricular canal morphogenesis decreased occurrence, abnormal",,phenotype
dictyBase:DDB_G0284261,DDB0185933,,gene
FlyBase:FBgn0052850,Rnf11,,gene
ClinVarVariant:983942,NM_004006.3(DMD):c.4979G>A (p.Trp1660Ter),,variant
ZP:0003269,"cartilage morphogenesis decreased process quality, abnormal",,phenotype
ZP:0002300,"thymus decreased occurrence cell population proliferation, abnormal",,phenotype
MP:0010375,increased kidney iron level,,phenotype
ENSEMBL:ENSECAG00000003570,ENSEMBL:ENSECAG00000003570,,gene
MP:0011925,abnormal heart echocardiography feature,,phenotype
ENSEMBL:ENSCAFG00000020081,ENSEMBL:ENSCAFG00000020081,,gene
ZP:0000032,"brain quality, abnormal",,phenotype
ZFIN:ZDB-GENE-091113-22,si:dkeyp-50d11.2,,gene
MP:0003884,decreased macrophage cell number,,phenotype
ClinVarVariant:11219,"DMD, EX18DEL",,variant
ENSEMBL:ENSSSCG00000002762,ENSEMBL:ENSSSCG00000002762,,gene
MP:0003453,abnormal keratinocyte physiology,,phenotype
WBPhenotype:0001636,excess intestinal cells,,phenotype
MP:0004266,pale placenta,,phenotype
MP:0000754,paresis,,phenotype
ClinVarVariant:830422,NC_000023.11:g.(?_31609621)_(31679596_?)del,,variant
ZP:0009308,"MiP motor neuron decreased amount, abnormal",,phenotype
MP:0008450,retinal photoreceptor degeneration,,phenotype
MP:0011094,"embryonic lethality before implantation, complete penetrance",,phenotype
MP:0004837,abnormal neural fold formation,,phenotype
MP:0002166,abnormal tumor susceptibility,,phenotype
RGD:620106,Nos1ap,,gene
FlyBase:FBgn0033845,mars,,gene
ENSEMBL:ENSMODG00000012806,ENSEMBL:ENSMODG00000012806,,gene
EFO:0005658,response to selective serotonin reuptake inhibitor,,phenotype
O96013,Serine/threonine-protein kinase PAK 4,,gene product
MP:0008139,fused podocyte foot processes,,phenotype
HGNC:25770,WDR54,,gene
ClinVarVariant:832637,NC_000023.11:g.(?_32380500)_(32816650_?)del,,variant
MP:0008788,abnormal fetal cardiomyocyte morphology,,phenotype
ENSEMBL:ENSGALG00000008544,ENSEMBL:ENSGALG00000008544,,gene
HP:0002907,Microscopic hematuria,,phenotype
MP:0003044,impaired basement membrane formation,,phenotype
ENSEMBL:ENSMMUG00000004350,ENSEMBL:ENSMMUG00000004350,,gene
ClinVarVariant:803793,NM_004006.3(DMD):c.9950_9951del (p.Lys3317fs),,variant
249,astemizole,,drug
MP:0010097,abnormal retinal blood vessel morphology,,phenotype
ClinVarVariant:526166,NC_000023.11:g.(?_31773940)_(31968534_?)del,,variant
HP:0011019,Abnormality of chromosome condensation,,phenotype
WormBase:WBGene00006582,tmd-2,,gene
ENSEMBL:ENSGALG00000009050,ENSEMBL:ENSGALG00000009050,,gene
ENSEMBL:ENSACAG00000007264,ENSEMBL:ENSACAG00000007264,,gene
ENSEMBL:ENSECAG00000011067,ENSEMBL:ENSECAG00000011067,,gene
ZFIN:ZDB-GENE-060526-47,spef2,,gene
ClinVarVariant:217191,NM_004006.2(DMD):c.282dup (p.Gly95fs),,variant
HP:0002098,Respiratory distress,,phenotype
ENSEMBL:ENSBTAG00000010660,CACNA1C,,gene
ClinVarVariant:643706,NC_000023.11:g.(?_32287519)_(32365209_?)del,,variant
MONARCH:APO_0000131APO_0000004,protein/peptide modification:increased,,phenotype
MP:0005375,adipose tissue phenotype,,phenotype
HP:0025576,Abnormal inferior vena cava morphology,,phenotype
ZP:0001514,"skeletal muscle atrophied, abnormal",,phenotype
ENSEMBL:ENSSSCG00000032836,TRIM41,,gene
MP:0004486,decreased response of heart to induced stress,,phenotype
MP:0009339,decreased splenocyte number,,phenotype
ENSEMBL:ENSPTRG00000022100,ENSEMBL:ENSPTRG00000022100,,gene
ZP:0007875,"sarcomere cardiac ventricle irregular spatial pattern, abnormal",,phenotype
ZP:0007410,"eye morphogenesis disrupted, abnormal",,phenotype
HP:0004804,Congenital hemolytic anemia,,phenotype
WBPhenotype:0001172,programmed cell death variant,,phenotype
OMIM:300377.0082,"DMD, ARG2905TER",,variant
ENSEMBL:ENSGALG00000006092,ENSEMBL:ENSGALG00000006092,,gene
ZP:0003139,"retinal ganglion cell layer decreased size, abnormal",,phenotype
ZP:0000129,"neurocranial trabecula decreased size, abnormal",,phenotype
ZP:0018607,"rhombomere 3 morphogenesis process quality, abnormal",,phenotype
ClinVarVariant:649074,NC_000023.10:g.(?_32827600)_(33038327_?)dup,,variant
ENSEMBL:ENSOANG00000015045,ENSEMBL:ENSOANG00000015045,,gene
ZP:0004485,"blood circulation decreased process quality, abnormal",,phenotype
MGI:3798621,Dmd<mdx-5Cv> [B6Ros.Cg-Dmd<mdx-5Cv>],,genotype
MP:0010614,abnormal mitral valve cusp morphology,,phenotype
ZP:0100537,"facial nerve motor nucleus decreased occurrence motor neuron migration, abnormal",,phenotype
ZP:0018229,"trunk vasculature decreased process quality blood vessel lumenization, abnormal",,phenotype
MP:0003916,decreased heart left ventricle weight,,phenotype
ENSEMBL:ENSCAFG00000014976,MARK2,,gene
MP:0008553,increased circulating tumor necrosis factor level,,phenotype
ENSEMBL:ENSFCAG00000011170,ENSEMBL:ENSFCAG00000011170,,gene
ClinVarVariant:833401,NC_000023.11:g.(?_31444471)_(31658154_?)del,,variant
dbSNP:rs841163,rs841163-?,,variant
MP:0009289,decreased epididymal fat pad weight,,phenotype
MP:0001377,abnormal mating frequency,,phenotype
ENSEMBL:ENSFCAG00000014120,ENSEMBL:ENSFCAG00000014120,,gene
NCBITaxon:10116,Rattus norvegicus,,taxon
PomBase:SPAC144.14,klp8,,gene
RGD:1565451,Lonrf3,,gene
WBPhenotype:0000166,seam cell fusion variant,,phenotype
HP:0000790,Hematuria,,phenotype
MONARCH:APO_0000215APO_0000003,toxin resistance:decreased,,phenotype
HGNC:11973,TNS1,,gene
MP:0004981,decreased neuronal precursor cell number,,phenotype
ENSEMBL:ENSGALG00000005321,LAMA5,,gene
MP:0030016,increased adipocyte glucose uptake,,phenotype
MONARCH:APO_0000029APO_0000005,pseudohyphal growth:absent,,phenotype
ZP:0000671,"sarcomere muscle disorganized, abnormal",,phenotype
ENSEMBL:ENSBTAG00000011424,ENSEMBL:ENSBTAG00000011424,,gene
ENSEMBL:ENSGALG00000035219,ALB,,gene
ENSEMBL:ENSMMUG00000013140,ENSEMBL:ENSMMUG00000013140,,gene
Coriell:GM23244,NIGMS-GM23244,,biological artifact
HP:0003641,Hemoglobinuria,,phenotype
MGI:98927,Vcl,,gene
ENSEMBL:ENSACAG00000015565,ENSEMBL:ENSACAG00000015565,,gene
Coriell:GM23095,NIGMS-GM23095,,biological artifact
ZFIN:ZDB-GENE-070412-4,fkrp,,gene
ClinVarVariant:526090,NM_000109.4(DMD):c.632dup (p.Asp211fs),,variant
ZP:0000685,"heart physical object quality, abnormal",,phenotype
ClinVarVariant:94576,NM_004006.2(DMD):c.3151C>T (p.Arg1051Ter),,variant
ZP:0000895,"mouth quality, abnormal",,phenotype
ZFIN:ZDB-GENE-040426-1146,traf3ip1,,gene
ENSEMBL:ENSGALG00000003886,ENSEMBL:ENSGALG00000003886,,gene
ClinVarVariant:832653,NC_000023.11:g.(?_31729631)_(31932227_?)del,,variant
HP:0010862,Delayed fine motor development,,phenotype
HGNC:6492,LAMC1,,gene
HP:0001802,Absent toenail,,phenotype
ZP:0007873,"cardiac ventricle quality, abnormal",,phenotype
ENSEMBL:ENSECAG00000014446,ENSEMBL:ENSECAG00000014446,,gene
RGD:71043,Cdc42,,gene
ZP:0003036,"muscle pioneer somite absent, abnormal",,phenotype
ENSEMBL:ENSMMUG00000015508,ENSEMBL:ENSMMUG00000015508,,gene
ENSEMBL:ENSSSCG00000039710,ENSEMBL:ENSSSCG00000039710,,gene
MGI:96610,Itgb1,,gene
ZFIN:ZDB-GENE-041212-49,arhgef7b,,gene
MP:0003871,abnormal myelin sheath morphology,,phenotype
ClinVarVariant:833222,NC_000023.11:g.(?_31314406)_(31820093_?)dup,,variant
ENSEMBL:ENSDARG00000104742,hnf4b,,gene
ENSEMBL:ENSMODG00000004993,ENSEMBL:ENSMODG00000004993,,gene
ENSEMBL:ENSOANG00000041099,ENSEMBL:ENSOANG00000041099,,gene
ZP:0000747,"sarcomere ventricular myocardium disorganized, abnormal",,phenotype
ClinVarVariant:983943,NM_004006.3(DMD):c.4656T>A (p.Tyr1552Ter),,variant
ENSEMBL:ENSPTRG00000042355,ENSEMBL:ENSPTRG00000042355,,gene
FBcv:0000002,abnormal thermotaxis,,phenotype
ENSEMBL:ENSBTAG00000012307,ENSEMBL:ENSBTAG00000012307,,gene
WormBase:WBGene00004951,spc-1,,gene
HP:0001942,Metabolic acidosis,,phenotype
ZFIN:ZDB-GENE-001101-1,nos1,,gene
EFO:0008176,interleukin 17 receptor B measurement,,phenotype
MP:0003141,cardiac fibrosis,,phenotype
ZP:0000677,"myeloid cell differentiation disrupted, abnormal",,phenotype
ZFIN:ZDB-GENE-050522-426,cav3,,gene
MP:0002161,abnormal fertility/fecundity,,phenotype
ENSEMBL:ENSPTRG00000002086,ENSEMBL:ENSPTRG00000002086,,gene
WBPhenotype:0001886,cleavage furrow termination defective early emb,,phenotype
ClinVarVariant:917479,NM_004006.3(DMD):c.1283del (p.Asn428fs),,variant
ENSEMBL:ENSBTAG00000007498,ENSEMBL:ENSBTAG00000007498,,gene
ClinVarVariant:584064,NC_000023.10:g.(?_32827590)_(32841967_?)dup,,variant
MP:0020326,dilated capillary,,phenotype
ZP:0106697,"cardiac ventricle decreased occurrence heart contraction, abnormal",,phenotype
HP:0002180,Neurodegeneration,,phenotype
dbSNPIndividual:20969,DMD(EX4-43DEL); arr Xp21.1(32170293-32774419)x0 [GM05169],,genotype
ClinVarVariant:455935,NM_004006.2(DMD):c.8547+1G>A,,variant
ZP:0019895,"focal adhesion optic fissure decreased amount, abnormal",,phenotype
5357,golodirsen,,drug
ClinVarVariant:831932,NC_000023.11:g.(?_32287519)_(32823850_?)del,,variant
HP:0000268,Dolichocephaly,,phenotype
HP:0003196,Short nose,,phenotype
ZP:0020138,"skeletal muscle increased process quality apoptotic process, abnormal",,phenotype
WBPhenotype:0002009,proteasome core activity variant,,phenotype
ENSEMBL:ENSACAG00000001327,ENSEMBL:ENSACAG00000001327,,gene
ENSEMBL:ENSMODG00000013943,ENSEMBL:ENSMODG00000013943,,gene
MP:0003733,abnormal retinal inner nuclear layer morphology,,phenotype
HGNC:493,ANK2,,gene
HP:0001105,Retinal atrophy,,phenotype
ENSEMBL:ENSCAFG00000012695,CAPN10,,gene
WormBase:WBGene00022166,Y71H2AM.1,,gene
MONARCH:APO_0000204APO_0000003,hyperosmotic stress resistance:decreased,,phenotype
ENSEMBL:ENSMMUG00000049219,ENSEMBL:ENSMMUG00000049219,,gene
ENSEMBL:ENSBTAG00000018108,PXN,,gene
WormBase:WBGene00019277,sgcb-1,,gene
MGI:99678,Actn3,,gene
MP:0002227,abnormal spleen capsule morphology,,phenotype
PomBase:SPAC1805.17,crm1,,gene
ZP:0003164,"atrium decreased size, abnormal",,phenotype
ZP:0003165,"intersegmental vessel decreased length, abnormal",,phenotype
ZP:0008743,"myofibril muscle misrouted, abnormal",,phenotype
ENSEMBL:ENSOANG00000040795,ENSEMBL:ENSOANG00000040795,,gene
ZFIN:ZDB-GENE-040426-1743,viml,,gene
HP:0031793,Increased serum leptin,,phenotype
MGI:87906,Actg1,,gene
OMIM:300377.0075,"DMD, ALU INS",,variant
ENSEMBL:ENSBTAG00000013191,AGRN,,gene
ZP:0001771,"pronephros quality, abnormal",,phenotype
HGNC:6493,LAMC2,,gene
ENSEMBL:ENSPTRG00000020589,ENSEMBL:ENSPTRG00000020589,,gene
MP:0001731,abnormal postnatal growth,,phenotype
ClinVarVariant:526087,NM_004006.2(DMD):c.9183G>A (p.Trp3061Ter),,variant
ZP:0000737,"ceratohyal cartilage orientation ceratohyal cartilage, abnormal",,phenotype
ZP:0100139,"muscle tendon junction fast muscle cell increased amount, abnormal",,phenotype
MP:0004810,decreased hematopoietic stem cell number,,phenotype
HP:0007894,Hypopigmentation of the fundus,,phenotype
RGD:620450,Spef2,,gene
HGNC:19737,TNS2,,gene
MP:0011110,"preweaning lethality, incomplete penetrance",,phenotype
ZP:0013753,"lens development in camera-type eye process quality, abnormal",,phenotype
MGI:1927340,Mpp6,,gene
FlyBase:FBgn0026598,Apc2,,gene
ZP:0007283,"cranial vasculature separated from blood vessel endothelial cell mesenchymal cell head mesenchyme, abnormal",,phenotype
HGNC:14896,SPTBN4,,gene
ZP:0001967,"mandibular arch skeleton protruding, abnormal",,phenotype
ZP:0000693,"regulation of cardiac muscle contraction by calcium ion signaling disrupted, abnormal",,phenotype
MP:0011523,thin placenta labyrinth,,phenotype
WBPhenotype:0001857,pathogen induced gene expression variant,,phenotype
MP:0002280,abnormal intercostal muscle morphology,,phenotype
ClinVarVariant:945561,NM_004006.3(DMD):c.6629del (p.Lys2210fs),,variant
HP:0040170,Abnormality of hair growth,,phenotype
MP:0001407,short stride length,,phenotype
ENSEMBL:ENSOANG00000003469,ENSEMBL:ENSOANG00000003469,,gene
Xenbase:XB-GENE-5875739,capn3,,gene
HP:0002910,Elevated hepatic transaminase,,phenotype
ClinVarVariant:11239,NM_004006.2(DMD):c.178C>T (p.Gln60Ter),,variant
ENSEMBL:ENSACAG00000015214,ENSEMBL:ENSACAG00000015214,,gene
ZP:0002175,"cardiac muscle cell cardiac ventricle non-contractile, abnormal",,phenotype
HGNC:16663,CAPN13,,gene
ClinVarVariant:11249,NM_000109.4(DMD):c.1928G>A (p.Trp643Ter),,variant
ClinVarVariant:224665,NM_004020.3(DMD):c.2843+9182_2843+9183del,,variant
EFO:0005091,monocyte count,,phenotype
ENSEMBL:ENSGALG00000010186,ENSEMBL:ENSGALG00000010186,,gene
HP:0000568,Microphthalmia,,phenotype
ZP:0019501,"brain increased amount, abnormal",,phenotype
MP:0014076,absent Paneth cells,,phenotype
ClinVarVariant:501095,NM_000109.4(DMD):c.10062+1G>T,,variant
MP:0009850,embryonic lethality between implantation and placentation,,phenotype
MP:0011882,enlarged duodenum,,phenotype
EFO:0008171,interleukin 13 measurement,,phenotype
ClinVarVariant:94598,NM_000109.4(DMD):c.3579+2T>A,,variant
ZP:0006837,"skeletal muscle cell disorganized, abnormal",,phenotype
ENSEMBL:ENSOANG00000002406,ENSEMBL:ENSOANG00000002406,,gene
Q13936,Voltage-dependent L-type calcium channel subunit alpha-1C,,gene product
WBPhenotype:0001889,body wall muscle sarcomere morphology variant,,phenotype
ENSEMBL:ENSSSCG00000017500,ENSEMBL:ENSSSCG00000017500,,gene
RGD:1307341,Capn12,,gene
WBPhenotype:0001403,antibody subcellular localization variant,,phenotype
MONARCH:APO_0000059APO_0000002,vacuolar morphology:abnormal,,phenotype
WBPhenotype:0000525,organism behavior variant,,phenotype
MESH:C540944,5-O-(5-amino-5-deoxyribofuranosyl)-1N-(4-amino-2-hydroxybutanoyl)paromamine,,drug
MP:0011877,absent liver,,phenotype
ZP:0011545,"cell posterior lateral mesoderm shape, abnormal",,phenotype
ZFIN:ZDB-GENE-070228-6,utrn,,gene
ENSEMBL:ENSCAFG00000018322,ENSEMBL:ENSCAFG00000018322,,gene
MP:0002207,abnormal long term potentiation,,phenotype
EFO:0005271,sleep duration,,phenotype
ZP:0003218,"filamentous actin cell disorganized, abnormal",,phenotype
OMIM:300377.0057,"DMD, GLN2264TER",,variant
WormBase:WBGene00002978,lev-11,,gene
ENSEMBL:ENSMMUG00000006848,ENSEMBL:ENSMMUG00000006848,,gene
FlyBase:FBgn0260003,Dys,,gene
ZP:0000232,"heart decreased contractility, abnormal",,phenotype
ClinVarVariant:948835,NM_004006.3(DMD):c.88del (p.Ser30fs),,variant
ClinVarVariant:217214,NM_004006.2(DMD):c.8357G>A (p.Trp2786Ter),,variant
MONARCH:APO_0000200APO_0000002,budding pattern:abnormal,,phenotype
RGD:1308596,Kif23,,gene
ClinVarVariant:565437,NM_004010.3(DMD):c.-229dup,,variant
NCBITaxon:9685,Felis catus,,taxon
ENSEMBL:ENSGALG00000016367,SNTG2,,gene
HP:0001935,Microcytic anemia,,phenotype
MP:0000683,decreased percent water in carcass,,phenotype
ZP:0010836,"motile cilium pronephric duct disorganized, abnormal",,phenotype
ENSEMBL:ENSOANG00000042128,ENSEMBL:ENSOANG00000042128,,gene
ClinVarVariant:409903,NM_004006.2(DMD):c.8914C>T (p.Gln2972Ter),,variant
ENSEMBL:ENSBTAG00000020034,LYN,,gene
HP:0100678,Premature skin wrinkling,,phenotype
ENSEMBL:ENSSSCG00000036418,SLC8A1,,gene
ENSEMBL:ENSFCAG00000011488,ENSEMBL:ENSFCAG00000011488,,gene
ZP:0001024,"lens protruding, abnormal",,phenotype
ENSEMBL:ENSFCAG00000025611,ENSEMBL:ENSFCAG00000025611,,gene
MP:0012270,cardiac edema,,phenotype
ClinVarVariant:803845,NM_004006.3(DMD):c.6913-2A>T,,variant
Xenbase:XB-GENE-999865,kif23,,gene
HP:0005584,Renal cell carcinoma,,phenotype
dbSNP:rs1426040,rs1426040-?,,variant
ZP:0007082,"sarcomere skeletal muscle cell disorganized, abnormal",,phenotype
MP:0011109,"lethality throughout fetal growth and development, incomplete penetrance",,phenotype
ZP:0100168,"twitch skeletal muscle contraction decreased intensity, abnormal",,phenotype
969,drotaverine,,drug
ClinVarVariant:854585,NM_004006.3(DMD):c.10248G>A (p.Trp3416Ter),,variant
ZP:0100130,"skeletal muscle myofibril skeletal muscle cell decreased amount, abnormal",,phenotype
ZP:0003107,"palatoquadrate cartilage malformed, abnormal",,phenotype
ENSEMBL:ENSECAG00000008017,ENSEMBL:ENSECAG00000008017,,gene
MP:0000471,abnormal stomach epithelium morphology,,phenotype
HP:0000455,Broad nasal tip,,phenotype
MP:0009768,impaired somite development,,phenotype
MP:0004969,pale kidney,,phenotype
629,cianidanol,,drug
OMIM:300377.0018,"DMD, IVS19, A-C, +3",,variant
HP:0003691,Scapular winging,,phenotype
ClinVarVariant:455840,NC_000023.10:g.(?_32662229)_(32669194_?)dup,,variant
dictyBase:DDB_G0292004,DDB0184155,,gene
WBPhenotype:0000039,life span phenotype,,phenotype
MP:0012173,short rostral-caudal axis,,phenotype
ENSEMBL:ENSOANG00000044923,ENSEMBL:ENSOANG00000044923,,gene
HP:0001360,Holoprosencephaly,,phenotype
ClinVarVariant:851918,NM_004006.3(DMD):c.8626C>T (p.Gln2876Ter),,variant
ZP:0008960,"cardiac ventricle decreased volume, abnormal",,phenotype
MP:0004867,decreased platelet calcium level,,phenotype
MP:0003223,decreased cardiomyocyte apoptosis,,phenotype
ENSEMBL:ENSSSCG00000016831,SPEF2,,gene
HP:0003487,Babinski sign,,phenotype
MP:0010124,decreased bone mineral content,,phenotype
MP:0001928,abnormal ovulation,,phenotype
ZP:0008073,"M band skeletal muscle cell disorganized, abnormal",,phenotype
HP:0005404,Increased B cell count,,phenotype
FBcv:0000366,female sterile,,phenotype
ENSEMBL:ENSCAFG00000016120,ENSEMBL:ENSCAFG00000016120,,gene
1613,loxapine,,drug
ENSEMBL:ENSMODG00000017436,ENSEMBL:ENSMODG00000017436,,gene
MP:0003648,abnormal radial glial cell morphology,,phenotype
HP:0001974,Leukocytosis,,phenotype
ZP:0001093,"endocrine pancreas mislocalised, abnormal",,phenotype
ENSEMBL:ENSOANG00000008788,ENSEMBL:ENSOANG00000008788,,gene
ZP:0007285,"mid cerebral vein fragile, abnormal",,phenotype
ZP:0008007,"voltage-gated sodium channel complex spinal cord decreased amount, abnormal",,phenotype
ZP:0003031,"muscle organ morphogenesis delayed, abnormal",,phenotype
ENSEMBL:ENSMMUG00000002952,ENSEMBL:ENSMMUG00000002952,,gene
2536,suloctidil,,drug
MP:0030969,increased circulating adiponectin level,,phenotype
ENSEMBL:ENSACAG00000005756,ENSEMBL:ENSACAG00000005756,,gene
HP:0002521,Hypsarrhythmia,,phenotype
RGD:628837,Actb,,gene
dbSNP:rs16990008,rs16990008-C,,variant
MP:0003461,abnormal response to novel object,,phenotype
ENSEMBL:ENSGALG00000017111,ENSEMBL:ENSGALG00000017111,,gene
ZFIN:ZDB-GENE-120221-1,tiam1b,,gene
ENSEMBL:ENSOANG00000002355,ENSEMBL:ENSOANG00000002355,,gene
HP:0001875,Neutropenia,,phenotype
ZP:0000726,"thymus decreased size, abnormal",,phenotype
HP:0003477,Peripheral axonal neuropathy,,phenotype
ENSEMBL:ENSBTAG00000012726,ENSEMBL:ENSBTAG00000012726,,gene
MP:0011940,decreased food intake,,phenotype
ZP:0008715,"myofibril somite unstructured, abnormal",,phenotype
ENSEMBL:ENSCAFG00000007635,ENSEMBL:ENSCAFG00000007635,,gene
HGNC:21152,LONRF3,,gene
ENSEMBL:ENSFCAG00000012569,ENSEMBL:ENSFCAG00000012569,,gene
EnsemblGenome:AT1G13060,EnsemblGenome:AT1G13060,,gene
ZFIN:ZDB-GENE-070705-73,myhz1.2,,gene
MP:0020154,impaired humoral immune response,,phenotype
ClinVarVariant:984219,NM_004006.3(DMD):c.6217A>T (p.Lys2073Ter),,variant
MP:0010653,abnormal Wallerian degeneration,,phenotype
HP:0003073,Hypoalbuminemia,,phenotype
Coriell:GM05016,NIGMS-GM05016,,biological artifact
ENSEMBL:ENSOANG00000045748,ENSEMBL:ENSOANG00000045748,,gene
MP:0003241,loss of cortex neurons,,phenotype
MONARCH:APO_0000075APO_0000251,endocytosis:premature,,phenotype
ZP:0004517,"lens absent, abnormal",,phenotype
HGNC:25174,HAUS1,,gene
ClinVarVariant:455799,NC_000023.10:g.(?_31627738)_(31747885_?)del,,variant
ENSEMBL:ENSBTAG00000047856,ENSEMBL:ENSBTAG00000047856,,gene
522,carvedilol,,drug
WBPhenotype:0000018,pharyngeal pumping increased,,phenotype
ENSEMBL:ENSCAFG00000006708,ENSEMBL:ENSCAFG00000006708,,gene
FBcv:0000390,hypoactive,,phenotype
OMIM:300377.0041,"DMD, GLN497TER",,variant
ENSEMBL:ENSECAG00000010909,ENSEMBL:ENSECAG00000010909,,gene
ZP:0137243,"myoseptum absent, abnormal",,phenotype
MP:0003562,abnormal pancreatic beta cell physiology,,phenotype
HP:0012547,Abnormal involuntary eye movements,,phenotype
WBPhenotype:0000604,nervous system morphology variant,,phenotype
ClinVarVariant:217207,NM_004006.2(DMD):c.6128_6131del (p.Asp2043fs),,variant
WBPhenotype:0000345,VPC cell division variant,,phenotype
ClinVarVariant:455913,NM_000109.4(DMD):c.5589_5616del (p.Lys1863fs),,variant
ClinVarVariant:417497,NC_000023.11:g.(?_31819975)_(31836819_?)del,,variant
MONARCH:APO_0000224APO_0000003,RNA accumulation:decreased,,phenotype
ClinVarVariant:239601,NM_004006.2(DMD):c.1705-1G>T,,variant
ENSEMBL:ENSPTRG00000005719,ENSEMBL:ENSPTRG00000005719,,gene
HP:0002983,Micromelia,,phenotype
ENSEMBL:ENSCAFG00000018597,LAMA1,,gene
HP:0030685,Decreased adiponectin level,,phenotype
ClinVarVariant:803881,NM_004006.3(DMD):c.4294C>T (p.Gln1432Ter),,variant
1427,imipramine,,drug
ZP:0106677,"endocrine pancreas decreased occurrence determination of pancreatic left/right asymmetry, abnormal",,phenotype
HGNC:18867,KCNU1,,gene
OMIA-breed:282,Weimaraner (dog),,biological artifact
RGD:621535,Cacna1f,,gene
MP:0005093,decreased B cell proliferation,,phenotype
HP:0011483,Anterior synechiae of the anterior chamber,,phenotype
MONARCH:APO_0000085APO_0000003,UV resistance:decreased,,phenotype
ENSEMBL:ENSOANG00000001050,ENSEMBL:ENSOANG00000001050,,gene
ZP:0102142,"plasma membrane notochord inner cell broken, abnormal",,phenotype
P05067,Amyloid beta A4 protein,,gene product
HP:0002410,Aqueductal stenosis,,phenotype
MP:0009239,short sperm flagellum,,phenotype
ZP:0002962,"whole organism decreased speed, abnormal",,phenotype
ENSEMBL:ENSRNOG00000051594,ENSEMBL:ENSRNOG00000051594,,gene
WBPhenotype:0001211,cuticle integrity variant,,phenotype
MP:0000158,absent sternum,,phenotype
ENSEMBL:ENSACAG00000005260,ENSEMBL:ENSACAG00000005260,,gene
ClinVarVariant:803816,NM_004006.3(DMD):c.8731del (p.Val2911fs),,variant
RGD:2320873,LOC100361087,,gene
ENSEMBL:ENSMMUG00000008633,ENSEMBL:ENSMMUG00000008633,,gene
MP:0001780,decreased brown adipose tissue amount,,phenotype
ENSEMBL:ENSECAG00000023396,ENSEMBL:ENSECAG00000023396,,gene
MGI:98783,Tnni3,,gene
MP:0000652,enlarged sebaceous gland,,phenotype
ENSEMBL:ENSPTRG00000011802,ENSEMBL:ENSPTRG00000011802,,gene
ClinVarVariant:584245,NC_000023.11:g.(?_31627653)_(31679606_?)del,,variant
MP:0008962,abnormal carbon dioxide production,,phenotype
MP:0012677,absent brain ventricles,,phenotype
ClinVarVariant:526174,NC_000023.11:g.(?_32438221)_(32614473_?)del,,variant
ZP:0007172,"sarcomere slow muscle cell malformed, abnormal",,phenotype
HP:0002282,Gray matter heterotopia,,phenotype
MGI:1346523,Sgcb,,gene
WBPhenotype:0001276,ectopic expression transgene,,phenotype
MP:0009408,decreased skeletal muscle fiber density,,phenotype
MP:0012263,decreased hindbrain size,,phenotype
ENSEMBL:ENSSSCG00000014311,SLC25A48,,gene
ZP:0014134,"developmental process decreased rate, abnormal",,phenotype
FlyBase:FBgn0031410,CG17237,,gene
WBPhenotype:0000473,progressive paralysis,,phenotype
ClinVarVariant:830801,NC_000023.11:g.(?_31348546)_(31364153_?)del,,variant
ZP:0019069,"sarcoplasmic reticulum skeletal muscle dilated, abnormal",,phenotype
ENSEMBL:ENSMMUG00000017767,ENSEMBL:ENSMMUG00000017767,,gene
ZP:0004643,"ceratobranchial cartilage morphology, abnormal",,phenotype
ENSEMBL:ENSFCAG00000009601,ENSEMBL:ENSFCAG00000009601,,gene
ClinVarVariant:210853,NM_004006.2(DMD):c.6614+3310G>T,,variant
ZP:0003186,"pronephros decreased functionality, abnormal",,phenotype
ZFIN:ZDB-GENE-030131-6695,sgcb,,gene
MP:0030943,abnormal centrosome morphology,,phenotype
ZP:0009378,"response to external stimulus arrested, abnormal",,phenotype
WormBase:WBGene00002975,lev-8,,gene
MP:0009423,increased extensor digitorum longus weight,,phenotype
MP:0001006,abnormal retinal cone cell morphology,,phenotype
ZP:0002589,"whole organism unbalanced, abnormal",,phenotype
MP:0004362,cochlear hair cell degeneration,,phenotype
MP:0003087,absent allantois,,phenotype
ZP:0019488,"macrophage brain increased amount, abnormal",,phenotype
ENSEMBL:ENSSSCG00000005243,PGM5,,gene
RGD:1359708,Git2,,gene
WBPhenotype:0000772,sister chromatid segregation defective early emb,,phenotype
ZP:0006778,"perichondral bone hyperplastic, abnormal",,phenotype
ENSEMBL:ENSPTRG00000020999,ENSEMBL:ENSPTRG00000020999,,gene
MP:0004145,abnormal muscle electrophysiology,,phenotype
Xenbase:XB-GENE-923190,mybpc2,,gene
ClinVarVariant:409904,NM_004006.2(DMD):c.1149+1G>A,,variant
812,desipramine,,drug
ZP:0004690,"epidermal cell median fin fold positional polarity, abnormal",,phenotype
ENSEMBL:ENSMMUG00000021075,ENSEMBL:ENSMMUG00000021075,,gene
MONARCH:APO_0000212APO_0000002,bud morphology:abnormal,,phenotype
MGI:1346525,Sgcd,,gene
ZP:0005025,"nucleus skeletal muscle cell shape, abnormal",,phenotype
ENSEMBL:ENSSSCG00000007469,PTPN1,,gene
WBPhenotype:0001181,accumulated somatic cell corpses,,phenotype
ClinVarVariant:662853,NC_000023.10:g.(?_33032666)_(33038327_?)dup,,variant
ENSEMBL:ENSFCAG00000018350,ENSEMBL:ENSFCAG00000018350,,gene
MP:0010569,papillary muscle hypertrophy,,phenotype
RGD:61953,Pak2,,gene
ZP:0017152,"germ cell development process quality, abnormal",,phenotype
HGNC:164,ACTN2,,gene
FBcv:0000670,abnormal eclosion,,phenotype
dictyBase:DDB_G0289533,act27,,gene
WBPhenotype:0001569,body wall muscle myosin organization defective,,phenotype
ENSEMBL:ENSMODG00000003148,ENSEMBL:ENSMODG00000003148,,gene
ZP:0002952,"vertical myoseptum U-shaped, abnormal",,phenotype
ENSEMBL:ENSECAG00000009727,ENSEMBL:ENSECAG00000009727,,gene
HP:0004326,Cachexia,,phenotype
ENSEMBL:ENSBTAG00000010191,ENSEMBL:ENSBTAG00000010191,,gene
ENSEMBL:ENSOANG00000012482,ENSEMBL:ENSOANG00000012482,,gene
ENSEMBL:ENSOANG00000046752,ENSEMBL:ENSOANG00000046752,,gene
WormBase:WBGene00000403,casy-1,,gene
ZP:0003820,"fast muscle cell mononucleate, abnormal",,phenotype
ZP:0100060,"cell body Muller cell displaced, abnormal",,phenotype
ZP:0001188,"myofibril slow muscle cell decreased thickness, abnormal",,phenotype
1057,estradiol,,drug
MGI:109550,Tnnt3,,gene
HP:0001344,Absent speech,,phenotype
HP:0007703,Abnormality of retinal pigmentation,,phenotype
ENSEMBL:ENSOANG00000007126,ENSEMBL:ENSOANG00000007126,,gene
ENSEMBL:ENSECAG00000012155,ENSEMBL:ENSECAG00000012155,,gene
MP:0004272,abnormal basement membrane morphology,,phenotype
ClinVarVariant:803786,NM_004006.3(DMD):c.10429C>T (p.Gln3477Ter),,variant
ENSEMBL:ENSFCAG00000006788,ENSEMBL:ENSFCAG00000006788,,gene
ENSEMBL:ENSMODG00000000247,ENSEMBL:ENSMODG00000000247,,gene
MP:0001264,increased body size,,phenotype
WBPhenotype:0001635,excess pharyngeal cells,,phenotype
Xenbase:XB-GENE-975048,psmb5,,gene
P11229,Muscarinic acetylcholine receptor M1,,gene product
HP:0011472,Abnormality of small intestinal villus morphology,,phenotype
ENSEMBL:ENSECAG00000020052,ENSEMBL:ENSECAG00000020052,,gene
HP:0010615,Angiofibromas,,phenotype
ClinVarVariant:580058,NM_004006.2(DMD):c.1619G>A (p.Trp540Ter),,variant
ENSEMBL:ENSMMUG00000019571,ENSEMBL:ENSMMUG00000019571,,gene
ZFIN:ZDB-GENE-040625-62,tnnc1b,,gene
MP:0001005,abnormal retinal rod cell morphology,,phenotype
FlyBase:FBgn0264695,Mhc,,gene
ClinVarVariant:803956,NM_004006.3(DMD):c.93_93+14del,,variant
MP:0004179,transmission ratio distortion,,phenotype
ClinVarVariant:832226,NC_000023.11:g.(?_31836708)_(31968524_?)dup,,variant
ENSEMBL:ENSMODG00000008490,ENSEMBL:ENSMODG00000008490,,gene
ClinVarVariant:649052,NC_000023.11:g.(?_31819965)_(31879410_?)del,,variant
ClinVarVariant:217216,NM_000109.4(DMD):c.8944_8945GA[1] (p.Asn2983fs),,variant
ENSEMBL:ENSMMUG00000016925,ENSEMBL:ENSMMUG00000016925,,gene
EFO:0005937,longitudinal BMI measurement,,phenotype
ZP:0002999,"lens disorganized, abnormal",,phenotype
WormBase:WBGene00000390,cdc-42,,gene
HP:0003330,Abnormal bone structure,,phenotype
ZP:0013258,"circadian rhythm process quality, abnormal",,phenotype
ClinVarVariant:803909,NM_004006.3(DMD):c.2529del (p.Glu843fs),,variant
HP:0012535,Abnormal synaptic transmission,,phenotype
ClinVarVariant:417483,NC_000023.11:g.(?_31478106)_(31932227_?)del,,variant
ClinVarVariant:409882,NM_004006.2(DMD):c.3603+3A>T,,variant
MP:0000854,abnormal cerebellum development,,phenotype
HP:0003198,Myopathy,,phenotype
MP:0009399,increased skeletal muscle fiber size,,phenotype
ClinVarVariant:832430,NC_000023.11:g.(?_32697860)_(32699303_?)del,,variant
MP:0014101,decreased chondrocyte proliferation,,phenotype
HP:0003010,Prolonged bleeding time,,phenotype
ZP:0001650,"blood vessel remodeling disrupted, abnormal",,phenotype
MP:0003137,abnormal impulse conducting system conduction,,phenotype
ENSEMBL:ENSCAFG00000001431,ENSEMBL:ENSCAFG00000001431,,gene
ENSEMBL:ENSGALG00000017122,SGCG,,gene
ClinVarVariant:409899,NM_004006.2(DMD):c.1653G>A (p.Trp551Ter),,variant
dictyBase:DDB_G0283599,limA,,gene
ZP:0003075,"myofibril cardiac muscle cell decreased size, abnormal",,phenotype
ENSEMBL:ENSPTRG00000018588,ENSEMBL:ENSPTRG00000018588,,gene
WormBase:WBGene00003911,pak-1,,gene
ENSEMBL:ENSECAG00000020701,ENSEMBL:ENSECAG00000020701,,gene
PomBase:SPAC4A8.05c,myp2,,gene
MP:0010758,increased right ventricle systolic pressure,,phenotype
MP:0002084,abnormal developmental patterning,,phenotype
ENSEMBL:ENSMODG00000008918,ENSEMBL:ENSMODG00000008918,,gene
ZP:0000237,"striated muscle cell development disrupted, abnormal",,phenotype
OMIM:300377.0003,"DMD, GLU931TER",,variant
MP:0012307,impaired spatial learning,,phenotype
ClinVarVariant:657913,NC_000023.11:g.(?_31819965)_(31820093_?)del,,variant
MP:0013293,embryonic lethality prior to tooth bud stage,,phenotype
HP:0001655,Patent foramen ovale,,phenotype
Xenbase:XB-GENE-18006552,capn8.3,,gene
FBcv:0002000,lethal - all die before end of P-stage,,phenotype
ENSEMBL:ENSMODG00000016246,ENSEMBL:ENSMODG00000016246,,gene
ZP:0001315,"palatoquadrate cartilage decreased length, abnormal",,phenotype
HP:0011706,Second degree atrioventricular block,,phenotype
ZFIN:ZDB-GENE-080108-5,dock1,,gene
ENSEMBL:ENSECAG00000009126,ENSEMBL:ENSECAG00000009126,,gene
ENSEMBL:ENSMODG00000047823,ENSEMBL:ENSMODG00000047823,,gene
dbSNP:rs6736607,rs6736607-?,,variant
HP:0000158,Macroglossia,,phenotype
ZP:0008721,"head morphogenesis disrupted, abnormal",,phenotype
HGNC:16664,CAPN14,,gene
ENSEMBL:ENSACAG00000005142,ENSEMBL:ENSACAG00000005142,,gene
HP:0011877,Increased mean platelet volume,,phenotype
ENSEMBL:ENSSSCG00000011309,KIF15,,gene
HP:0002653,Bone pain,,phenotype
HP:0011800,Midface retrusion,,phenotype
ENSEMBL:ENSECAG00000007530,ENSEMBL:ENSECAG00000007530,,gene
4301,Flutemetamol (18F),,drug
ClinVarVariant:964684,NM_004006.3(DMD):c.3603+2T>C,,variant
ZP:0017651,"posterior lateral line decreased occurrence myelination of posterior lateral line nerve axons, abnormal",,phenotype
MP:0009114,decreased pancreatic beta cell mass,,phenotype
HP:0009879,Simplified gyral pattern,,phenotype
MP:0003111,abnormal cell nucleus morphology,,phenotype
MP:0000316,cellular necrosis,,phenotype
ZP:0007797,"swimming decreased occurrence, abnormal",,phenotype
ClinVarVariant:11224,NM_000109.4(DMD):c.2290G>T (p.Glu764Ter),,variant
MP:0002804,abnormal motor learning,,phenotype
ClinVarVariant:595152,NM_004006.2(DMD):c.831+1G>T,,variant
ENSEMBL:ENSSSCG00000023329,APC2,,gene
ENSEMBL:ENSMMUG00000008112,ENSEMBL:ENSMMUG00000008112,,gene
Xenbase:XB-GENE-1013041,sntb1,,gene
ENSEMBL:ENSMMUG00000053020,ENSEMBL:ENSMMUG00000053020,,gene
HP:0011804,Abnormal muscle physiology,,phenotype
ENSEMBL:ENSGALG00000006802,LAMB2,,gene
ENSEMBL:ENSPTRG00000019084,ENSEMBL:ENSPTRG00000019084,,gene
ENSEMBL:ENSPTRG00000007080,ENSEMBL:ENSPTRG00000007080,,gene
ZP:0007741,"nucleus skeletal muscle cell increased amount, abnormal",,phenotype
MGI:4936865,Dmd<mdx>; Terc<tm1Rdp>/Terc<tm1Rdp> [involves: 129/Sv * C57BL/6J * C57BL/10ScSn * SJL],,genotype
MONARCH:APO_0000120APO_0000002,actin cytoskeleton morphology:abnormal,,phenotype
ClinVarVariant:584308,NC_000023.10:g.(?_31332523)_(31627738_?)dup,,variant
ZP:0106624,"cardiac ventricle arrested cardiac muscle contraction, abnormal",,phenotype
ClinVarVariant:455798,NC_000023.10:g.(?_31514885)_(31950364_?)dup,,variant
ZP:0005493,"bulbus arteriosus increased length, abnormal",,phenotype
ZFIN:ZDB-GENE-080204-103,tm4sf21b,,gene
ZFIN:ZDB-GENE-030616-581,si:ch211-14a17.10,,gene
MGI:1920334,Pak5,,gene
HP:0003077,Hyperlipidemia,,phenotype
ZP:0012827,"sensory perception of sound process quality, abnormal",,phenotype
HP:0002007,Frontal bossing,,phenotype
ENSEMBL:ENSFCAG00000024895,ENSEMBL:ENSFCAG00000024895,,gene
ENSEMBL:ENSPTRG00000009964,ENSEMBL:ENSPTRG00000009964,,gene
ClinVarVariant:11279,NM_000109.4(DMD):c.811A>G (p.Thr271Ala),,variant
FBcv:0007507,increased size,,phenotype
ENSEMBL:ENSFCAG00000013930,ENSEMBL:ENSFCAG00000013930,,gene
MP:0010202,focal dorsal hair loss,,phenotype
2159,physostigmine,,drug
MP:0011160,dermal-epidermal separation,,phenotype
ZP:0019193,"heart decreased amount, abnormal",,phenotype
ZP:0019764,"Z disc ventricular myocardium decreased amount, abnormal",,phenotype
ENSEMBL:ENSFCAG00000008785,ENSEMBL:ENSFCAG00000008785,,gene
ZP:0015840,"fast muscle cell myotome disorganized, abnormal",,phenotype
MONARCH:APO_0000110APO_0000117,competitive fitness:normal,,phenotype
MP:0000248,macrocytosis,,phenotype
MP:0000474,abnormal foregut morphology,,phenotype
HP:0005225,Intestinal edema,,phenotype
ENSEMBL:ENSOANG00000005501,ENSEMBL:ENSOANG00000005501,,gene
ClinVarVariant:430829,NM_004006.2(DMD):c.94_264dup,,variant
ENSEMBL:ENSPTRG00000049628,ENSEMBL:ENSPTRG00000049628,,gene
ClinVarVariant:526141,NC_000023.11:g.(?_31657970)_(31774212_?)del,,variant
FlyBase:FBgn0025391,Scgdelta,,gene
ENSEMBL:ENSMODG00000009414,ENSEMBL:ENSMODG00000009414,,gene
WBPhenotype:0001080,excessive blebbing early emb,,phenotype
ClinVarVariant:803960,NM_004006.3(DMD):c.39del (p.Glu14fs),,variant
ENSEMBL:ENSOANG00000006737,ENSEMBL:ENSOANG00000006737,,gene
WBPhenotype:0001333,neuron cell body absent misplaced,,phenotype
MP:0001191,abnormal skin condition,,phenotype
ZP:0000238,"actin filament bundle distribution disrupted, abnormal",,phenotype
ENSEMBL:ENSFCAG00000009759,ENSEMBL:ENSFCAG00000009759,,gene
HP:0002170,Intracranial hemorrhage,,phenotype
ENSEMBL:ENSSSCG00000005316,TPM2,,gene
MGI:1339709,Myh3,,gene
EFO:1002040,Corneal astigmatism,,phenotype
ClinVarVariant:417509,NC_000023.10:g.(?_32583819)_(32632570_?)dup,,variant
MP:0009951,abnormal olfactory bulb mitral cell layer morphology,,phenotype
MP:0008826,abnormal splenic cell ratio,,phenotype
ENSEMBL:ENSFCAG00000026551,ENSEMBL:ENSFCAG00000026551,,gene
ClinVarVariant:832394,NC_000023.11:g.(?_32287519)_(32390191_?)del,,variant
ZP:0019889,"focal adhesion optic cup increased amount, abnormal",,phenotype
HGNC:232,ADCY1,,gene
FlyBase:FBgn0024941,RSG7,,gene
ZP:0004700,"epidermal cell shape, abnormal",,phenotype
HP:0000311,Round face,,phenotype
MP:0000458,abnormal mandible morphology,,phenotype
ENSEMBL:ENSMMUG00000015084,ENSEMBL:ENSMMUG00000015084,,gene
ENSEMBL:ENSMMUG00000042038,ENSEMBL:ENSMMUG00000042038,,gene
ZP:0017966,"atrial myocardium absent, abnormal",,phenotype
ClinVarVariant:831132,NC_000023.11:g.(?_32545149)_(32573856_?)dup,,variant
ENSEMBL:ENSSSCG00000033093,RGS6,,gene
ClinVarVariant:583820,NC_000023.11:g.(?_32362768)_(32699313_?)del,,variant
ClinVarVariant:803958,NM_004006.3(DMD):c.58del (p.Thr20fs),,variant
ClinVarVariant:803821,NM_004006.3(DMD):c.8460G>A (p.Trp2820Ter),,variant
WormBase:WBGene00021981,lgc-26,,gene
ZP:0100141,"slow muscle cell detached from slow muscle cell, abnormal",,phenotype
EFO:0004465,fasting blood glucose measurement,,phenotype
NCBITaxon:9031,Gallus gallus,,taxon
MONARCH:APO_0000106APO_0000252,vegetative growth:normal rate,,phenotype
WBPhenotype:0002469,plate tap habituation variant,,phenotype
MP:0005329,abnormal myocardium layer morphology,,phenotype
ZP:0000476,"mesodermal cell migration disrupted, abnormal",,phenotype
ENSEMBL:ENSMODG00000015519,ENSEMBL:ENSMODG00000015519,,gene
MP:0003822,decreased left ventricle systolic pressure,,phenotype
ZP:0011560,"cytokinesis process quality, abnormal",,phenotype
2495,sulconazole,,drug
ZP:0002929,"cilium pronephric duct decreased amount, abnormal",,phenotype
ENSEMBL:ENSFCAG00000011505,ENSEMBL:ENSFCAG00000011505,,gene
ClinVarVariant:217173,NM_004006.2(DMD):c.10412T>G (p.Leu3471Ter),,variant
ZFIN:ZDB-GENE-010724-2,capn9,,gene
HGNC:6284,KCNMA1,,gene
MP:0011057,absent brain ependyma motile cilia,,phenotype
ZFIN:ZDB-GENE-040426-797,trim25,,gene
MGI:108495,Kcnj12,,gene
MONARCH:APO_0000040APO_0000004,meiotic recombination:increased,,phenotype
ENSEMBL:ENSGALG00000000313,TNNI1,,gene
MONARCH:APO_0000316APO_0000003,chronological lifespan:decreased,,phenotype
HP:0006283,Multiple unerupted teeth,,phenotype
MP:0010899,abnormal pulmonary alveolar system morphology,,phenotype
ZP:0000652,"eye decreased diameter, abnormal",,phenotype
MP:0011703,increased fibroblast proliferation,,phenotype
ENSEMBL:ENSGALG00000027482,SNTB2,,gene
ZP:0006445,"eye lacks all parts of type lens, abnormal",,phenotype
HP:0002808,Kyphosis,,phenotype
ZP:0137783,"myotome detached from muscle cell myotome, abnormal",,phenotype
WBPhenotype:0000052,maternal effect lethal emb,,phenotype
ZP:0007025,"sarcomere cardiac muscle cell decreased thickness, abnormal",,phenotype
ZP:0018732,"microtubule cytoskeleton brain disorganized, abnormal",,phenotype
ZP:0003073,"cardiac muscle cell decreased thickness, abnormal",,phenotype
MONARCH:APO_0000055APO_0000002,mitochondrial morphology:abnormal,,phenotype
1836,montelukast,,drug
ZP:0000419,"lens fiber cell morphogenesis disrupted, abnormal",,phenotype
ZP:0003185,"renal system process disrupted, abnormal",,phenotype
WBPhenotype:0000644,paralyzed,,phenotype
ClinVarVariant:803892,NM_004006.3(DMD):c.3533_3536del (p.Glu1178fs),,variant
MP:0004963,abnormal blastocoele morphology,,phenotype
WBPhenotype:0002004,actomyosin contractility defective,,phenotype
ZFIN:ZDB-GENE-040426-1197,tbc1d5,,gene
RGD:2156,Arrb1,,gene
ClinVarVariant:583538,NC_000023.10:g.(?_33038236)_(33038337_?)dup,,variant
ClinVarVariant:455801,NC_000023.10:g.(?_31627738)_(31838220_?)dup,,variant
WBPhenotype:0001930,muscle arm development defective,,phenotype
ENSEMBL:ENSSSCG00000009551,ARHGEF7,,gene
MP:0001132,absent mature ovarian follicles,,phenotype
WBPhenotype:0001310,neuron positioning variant,,phenotype
HP:0003712,Skeletal muscle hypertrophy,,phenotype
HP:0012232,Shortened QT interval,,phenotype
ENSEMBL:ENSFCAG00000027835,ENSEMBL:ENSFCAG00000027835,,gene
HP:0040273,Adenocarcinoma of the intestines,,phenotype
ENSEMBL:ENSMMUG00000013138,ENSEMBL:ENSMMUG00000013138,,gene
ENSEMBL:ENSGALG00000037864,MYH1A,,gene
HP:0011355,Localized skin lesion,,phenotype
WBPhenotype:0001206,movement variant,,phenotype
MGI:2181366,Capn8,,gene
ENSEMBL:ENSPTRG00000014926,ENSEMBL:ENSPTRG00000014926,,gene
OMIM:300377.0008,"DMD, EX73-76DEL",,variant
ClinVarVariant:11210,NM_004006.2(DMD):c.5551C>T (p.Gln1851Ter),,variant
ClinVarVariant:417485,NC_000023.11:g.(?_32545159)_(32849820_?)del,,variant
ZP:0101685,"hypothalamus process quality neuron differentiation, abnormal",,phenotype
1385,hydrochlorothiazide,,drug
P04156,Major prion protein,,gene product
HP:0005525,Spontaneous hemolytic crises,,phenotype
ClinVarVariant:803938,NM_004006.3(DMD):c.961-1G>A,,variant
ZP:0100495,"response to stress process quality, abnormal",,phenotype
2774,tropicamide,,drug
ENSEMBL:ENSECAG00000014953,ENSEMBL:ENSECAG00000014953,,gene
RGD:2488,Dgkb,,gene
HP:0012101,Decreased serum creatinine,,phenotype
MGI:101772,Snta1,,gene
ENSEMBL:ENSECAG00000000087,ENSEMBL:ENSECAG00000000087,,gene
EFO:0004541,HbA1c measurement,,phenotype
ClinVarVariant:94772,NM_004006.2(DMD):c.7657C>T (p.Arg2553Ter),,variant
MP:0008416,increased somatotroph cell size,,phenotype
ZP:0000239,"whole organism immobile, abnormal",,phenotype
MGI:99677,Adcy1,,gene
ENSEMBL:ENSFCAG00000001886,ENSEMBL:ENSFCAG00000001886,,gene
ENSEMBL:ENSPTRG00000013244,ENSEMBL:ENSPTRG00000013244,,gene
ZP:0001503,"muscle cell myotome broken, abnormal",,phenotype
ZFIN:ZDB-GENE-090514-1,cacna1sa,,gene
ZP:0103303,"RoP motor neuron decreased amount, abnormal",,phenotype
GO:0014809,regulation of skeletal muscle contraction by regulation of release of sequestered calcium ion,,molecular function
MP:0003085,abnormal egg cylinder morphology,,phenotype
ENSEMBL:ENSECAG00000016553,ENSEMBL:ENSECAG00000016553,,gene
ENSEMBL:ENSSSCG00000005654,SPTAN1,,gene
ClinVarVariant:577742,NM_004006.2(DMD):c.8655C>A (p.Tyr2885Ter),,variant
ENSEMBL:ENSGALG00000001459,ENSEMBL:ENSGALG00000001459,,gene
ZP:0015525,"retinal inner nuclear layer structure, abnormal",,phenotype
MP:0000005,increased brown adipose tissue amount,,phenotype
ENSEMBL:ENSGALG00000034107,TRIM63,,gene
WormBase:WBGene00003799,npp-13,,gene
Coriell:GM25170,NIGMS-GM25170,,biological artifact
PomBase:SPAC6B12.07c,SPAC6B12.07c,,gene
ClinVarVariant:803937,NM_004006.3(DMD):c.971del (p.Ala324fs),,variant
ClinVarVariant:833190,NC_000023.11:g.(?_31657980)_(31968524_?)del,,variant
HP:0000762,Decreased nerve conduction velocity,,phenotype
HP:0001321,Cerebellar hypoplasia,,phenotype
MP:0010698,abnormal impulsive behavior control,,phenotype
ZP:0008035,"myofibril cardiac muscle disorganized, abnormal",,phenotype
ClinVarVariant:803896,NM_004006.3(DMD):c.3193del (p.Ala1065fs),,variant
ClinVarVariant:832433,NC_000023.11:g.(?_32650983)_(32849830_?)dup,,variant
ZP:0011920,"ciliary basal body pronephric tubule mislocalised, abnormal",,phenotype
MP:0012050,decreased susceptilbility to retinal ischemic injury,,phenotype
ENSEMBL:ENSFCAG00000005955,ENSEMBL:ENSFCAG00000005955,,gene
ClinVarVariant:803866,NM_004006.3(DMD):c.4980G>A (p.Trp1660Ter),,variant
HP:0003233,Decreased HDL cholesterol concentration,,phenotype
MP:0002263,abnormal laryngeal muscle morphology,,phenotype
73,acepromazine,,drug
ClinVarVariant:455813,NC_000023.11:g.(?_31773940)_(32217083_?)del,,variant
ENSEMBL:ENSGALG00000039977,ENSEMBL:ENSGALG00000039977,,gene
ENSEMBL:ENSPTRG00000020624,ENSEMBL:ENSPTRG00000020624,,gene
ZP:0003062,"heart contraction amplitude, abnormal",,phenotype
WBPhenotype:0000203,odorant adaptation variant,,phenotype
ENSEMBL:ENSFCAG00000004169,ENSEMBL:ENSFCAG00000004169,,gene
WBPhenotype:0004027,plate tap reflex variant,,phenotype
HP:0011715,Trifascicular block,,phenotype
ENSEMBL:ENSACAG00000007921,ENSEMBL:ENSACAG00000007921,,gene
MP:0012194,decreased keratinocyte migration,,phenotype
ZP:0000423,"nucleus lens increased amount, abnormal",,phenotype
ZP:0100173,"sarcomere trunk musculature decreased diameter, abnormal",,phenotype
ClinVarVariant:409934,NM_004006.2(DMD):c.9287-27_9287-2del,,variant
ENSEMBL:ENSPTRG00000009922,ENSEMBL:ENSPTRG00000009922,,gene
EFO:0004309,platelet count,,phenotype
ClinVarVariant:803879,NM_004006.3(DMD):c.4315del (p.Arg1439fs),,variant
ZP:0000905,"Meckel's cartilage bent, abnormal",,phenotype
ClinVarVariant:217188,NM_004006.2(DMD):c.2797C>T (p.Gln933Ter),,variant
ZFIN:ZDB-GENE-091118-79,kcnj12b,,gene
MP:0003169,abnormal scala media morphology,,phenotype
WBPhenotype:0000977,somatic gonad morphology variant,,phenotype
WBPhenotype:0000062,lethal,,phenotype
FlyBase:FBgn0032447,PICK1,,gene
MONARCH:APO_0000081APO_0000004,killer toxin resistance:increased,,phenotype
FlyBase:CG10379,FlyBase:CG10379,,gene
ZFIN:ZDB-GENE-040625-139,trim63a,,gene
MP:0003890,abnormal embryonic-extraembryonic boundary morphology,,phenotype
ENSEMBL:ENSBTAG00000018071,ENSEMBL:ENSBTAG00000018071,,gene
MP:0002230,abnormal primitive streak formation,,phenotype
ZP:0000866,"nucleate erythrocyte teardrop-shaped, abnormal",,phenotype
HGNC:16398,OSBPL1A,,gene
FlyBase:FBgn0260450,CalpC,,gene
dictyBase:DDB_G0284461,DDB0186020,,gene
MP:0000322,increased granulocyte number,,phenotype
HP:0009797,Cholesteatoma,,phenotype
WBPhenotype:0000229,small,,phenotype
ZP:0004110,"myeloid leukocyte decreased amount, abnormal",,phenotype
FlyBase:FBgn0033539,Git,,gene
MP:0010108,abnormal renal water reabsorption,,phenotype
MP:0014018,embryo tumor,,phenotype
MP:0003934,abnormal pancreas development,,phenotype
ClinVarVariant:803810,NM_004006.3(DMD):c.8937+1G>C,,variant
MP:0013278,decreased fasting circulating glucose level,,phenotype
ZP:0003054,"visceral muscle development disrupted, abnormal",,phenotype
WBPhenotype:0000603,muscle system morphology variant,,phenotype
HP:0000028,Cryptorchidism,,phenotype
WormBase:WBGene00004830,slo-1,,gene
ENSEMBL:ENSOANG00000012517,ENSEMBL:ENSOANG00000012517,,gene
HP:0006716,Hereditary nonpolyposis colorectal carcinoma,,phenotype
OMIM:300377.0066,"DMD, IVS65, G-A, +1",,variant
ENSEMBL:ENSMMUG00000003473,ENSEMBL:ENSMMUG00000003473,,gene
ENSEMBL:ENSMMUG00000004266,ENSEMBL:ENSMMUG00000004266,,gene
MP:0005343,increased circulating aspartate transaminase level,,phenotype
MP:0009688,abnormal spinal cord central canal morphology,,phenotype
WBPhenotype:0000843,male mating efficiency reduced,,phenotype
HGNC:2770,DES,,gene
ZFIN:ZDB-GENE-040718-50,trim55a,,gene
MP:0008444,retinal cone cell degeneration,,phenotype
WBPhenotype:0000050,embryonic lethal,,phenotype
dictyBase:DDB_G0292794,culD,,gene
ENSEMBL:ENSACAG00000001410,ENSEMBL:ENSACAG00000001410,,gene
FlyBase:FBgn0036932,CG14184,,gene
MP:0005384,cellular phenotype,,phenotype
ZP:0002944,"swim bladder absent, abnormal",,phenotype
ENSEMBL:ENSECAG00000018961,ENSEMBL:ENSECAG00000018961,,gene
HP:0005617,Bilateral camptodactyly,,phenotype
ZP:0008728,"myofibril myotome refractivity, abnormal",,phenotype
MP:0008872,abnormal physiological response to xenobiotic,,phenotype
ClinVarVariant:803959,NM_004006.3(DMD):c.53del (p.Lys18fs),,variant
ZP:0021030,"squamous epithelial cell epicardium ovate, abnormal",,phenotype
ENSEMBL:ENSECAG00000011894,ENSEMBL:ENSECAG00000011894,,gene
ENSEMBL:ENSGALG00000007130,ENSEMBL:ENSGALG00000007130,,gene
WBPhenotype:0001524,quiescence variant,,phenotype
ZP:0003348,"caudal vein plexus morphology, abnormal",,phenotype
ENSEMBL:ENSSSCG00000028878,BCAR1,,gene
3018,benzethonium,,drug
ZP:0004710,"skeletal muscle refractivity, abnormal",,phenotype
Xenbase:XB-GENE-5777345,kcnj10,,gene
ClinVarVariant:526173,NC_000023.11:g.(?_31729625)_(31774198_?)del,,variant
ENSEMBL:ENSCAFG00000016020,ACTB,,gene
ENSEMBL:ENSGALG00000008058,ENSEMBL:ENSGALG00000008058,,gene
WBPhenotype:0000834,E lineage variant,,phenotype
ClinVarVariant:11218,"DMD, EX21DEL",,variant
ENSEMBL:ENSPTRG00000003048,ENSEMBL:ENSPTRG00000003048,,gene
HP:0001022,Albinism,,phenotype
ZP:0019813,"axon neuron increased length, abnormal",,phenotype
MP:0010811,decreased type II pneumocyte number,,phenotype
HP:0003011,Abnormality of the musculature,,phenotype
ClinVarVariant:94500,NM_004006.2(DMD):c.2281_2285del (p.Glu761fs),,variant
ZP:0003299,"pectoral fin truncated, abnormal",,phenotype
ClinVarVariant:647196,NM_000109.4(DMD):c.9444del (p.Ile3149fs),,variant
ENSEMBL:ENSOANG00000039322,ENSEMBL:ENSOANG00000039322,,gene
ZP:0001985,"basihyal cartilage decreased size, abnormal",,phenotype
WBPhenotype:0000679,transgene subcellular localization variant,,phenotype
MONARCH:APO_0000106APO_0000117,vegetative growth:normal,,phenotype
ENSEMBL:ENSGALG00000012783,MYBPC1,,gene
MP:0003211,abnormal aorta elastic fiber morphology,,phenotype
ZP:0003015,"pancreas bilateral symmetry, abnormal",,phenotype
ZP:0011407,"sarcolemma skeletal muscle cell increased permeability, abnormal",,phenotype
5359,brilliant Blue G,,drug
ZP:0014012,"angioblast cell migration from lateral mesoderm to midline process quality, abnormal",,phenotype
OMIM:300377.0054,"DMD, ARG2098TER",,variant
ENSEMBL:ENSBTAG00000045980,ENSEMBL:ENSBTAG00000045980,,gene
4115,asenapine,,drug
ZP:0006721,"cell retina decreased amount, abnormal",,phenotype
WBPhenotype:0001408,pattern protein expression variant,,phenotype
WBPhenotype:0000088,body muscle displaced,,phenotype
ClinVarVariant:803951,NM_004006.3(DMD):c.265-463A>G,,variant
FBcv:0000717,increased cell growth,,phenotype
1795,mezlocillin,,drug
MP:0009342,enlarged gallbladder,,phenotype
MGI:2451073,Xylt1,,gene
MGI:1919541,Sntg2,,gene
ClinVarVariant:864502,NM_004006.3(DMD):c.6622G>T (p.Glu2208Ter),,variant
MP:0001106,abnormal Schwann cell morphology,,phenotype
MP:0013164,abnormal forelimb bud morphology,,phenotype
ClinVarVariant:803820,NM_004006.3(DMD):c.8569del (p.Thr2857fs),,variant
WBPhenotype:0000097,AB lineage variant,,phenotype
XPO:0102358,abnormal tail morphology,,phenotype
ClinVarVariant:455835,NC_000023.10:g.(?_32429849)_(33038337_?)dup,,variant
ZP:0011224,"hindbrain process quality neural keel formation, abnormal",,phenotype
Coriell:GM23243,NIGMS-GM23243,,biological artifact
ZFIN:ZDB-GENE-060825-192,tnni1c,,gene
MP:0000313,abnormal cell death,,phenotype
ENSEMBL:ENSECAG00000007718,ENSEMBL:ENSECAG00000007718,,gene
MP:0000043,organ of Corti degeneration,,phenotype
ZP:0001692,"pectoral fin development disrupted, abnormal",,phenotype
ClinVarVariant:984683,NM_004006.3(DMD):c.44del (p.Asp15fs),,variant
dbSNPIndividual:16436,DMD(EX45-50DEL); arr[hg19] Xp21.1(31844447-31986609)x1 [GM03429],,genotype
HP:0003113,Hypochloremia,,phenotype
HP:0001688,Sinus bradycardia,,phenotype
HP:0002247,Duodenal atresia,,phenotype
FlyBase:FBgn0004118,nAChRbeta2,,gene
ClinVarVariant:455815,NC_000023.11:g.(?_31819955)_(31932247_?)del,,variant
ZP:0106114,"sarcomere cardiac ventricle decreased length, abnormal",,phenotype
ClinVarVariant:972352,NM_004006.3(DMD):c.7577dup (p.Leu2527fs),,variant
HP:0008256,Adrenocortical adenoma,,phenotype
MP:0010152,abnormal brain ependyma morphology,,phenotype
OMIM:300377.0061,"DMD, GLU2910VAL",,variant
ENSEMBL:ENSGALG00000004285,HNF4A,,gene
HP:0000340,Sloping forehead,,phenotype
ZP:0101735,"sinoatrial node increased area, abnormal",,phenotype
FBcv:0000363,increased cell size,,phenotype
MP:0004964,absent inner cell mass,,phenotype
ENSEMBL:ENSMMUG00000055227,ENSEMBL:ENSMMUG00000055227,,gene
ZP:0106119,"Z disc cardiac ventricle increased thickness, abnormal",,phenotype
ClinVarVariant:803911,NM_004006.3(DMD):c.2461_2462GA[2] (p.Arg822fs),,variant
MP:0006380,abnormal spermatid morphology,,phenotype
MP:0009392,retinal gliosis,,phenotype
5231,midostaurin,,drug
WormBase:WBGene00002228,klp-18,,gene
MP:0003209,abnormal pulmonary elastic fiber morphology,,phenotype
EFO:0002614,insulin resistance,,phenotype
ENSEMBL:ENSACAG00000002501,ENSEMBL:ENSACAG00000002501,,gene
ENSEMBL:ENSACAG00000001635,ENSEMBL:ENSACAG00000001635,,gene
ZP:0002202,"whole organism edematous, abnormal",,phenotype
ZP:0017964,"atrium decreased process quality heart contraction, abnormal",,phenotype
dictyBase:DDB_G0278587,DDB_G0278587,,gene
ZFIN:ZDB-GENE-070705-456,si:dkey-34e4.1,,gene
MP:0001102,small superior vagus ganglion,,phenotype
FlyBase:FBgn0034135,Syn2,,gene
MP:0010366,increased adrenal cortical tumor incidence,,phenotype
HP:0000023,Inguinal hernia,,phenotype
MP:0002914,abnormal endplate potential,,phenotype
HGNC:11273,SPTAN1,,gene
ENSEMBL:ENSFCAG00000006436,ENSEMBL:ENSFCAG00000006436,,gene
HP:0000121,Nephrocalcinosis,,phenotype
ZP:0012574,"striated muscle thin filament fast muscle cell increased variability of size, abnormal",,phenotype
MP:0004214,abnormal long bone diaphysis morphology,,phenotype
FlyBase:FBgn0003721,Tm1,,gene
WBPhenotype:0000661,solitary feeding increased,,phenotype
OMIM:300377.0077,"DMD, ARG1314TER",,variant
WormBase:WBGene00006062,stn-1,,gene
ZP:0000829,"thigmotaxis decreased occurrence, abnormal",,phenotype
WBPhenotype:0002300,coiling frequency increased,,phenotype
HP:0000083,Renal insufficiency,,phenotype
EFO:0004464,brain measurement,,phenotype
MP:0009946,abnormal olfactory bulb layer morphology,,phenotype
OMIA-breed:463,German Shorthair Pointer (dog),,biological artifact
HP:0032438,Platelet anisocytosis,,phenotype
ClinVarVariant:496616,NM_000109.4(DMD):c.2780-1del,,variant
ENSEMBL:ENSCAFG00000049597,ENSEMBL:ENSCAFG00000049597,,gene
MP:0009719,reduced cerebellar foliation,,phenotype
XPO:0102390,abnormal tail bud morphology,,phenotype
WBPhenotype:0000007,bag of worms,,phenotype
WBPhenotype:0001932,myopodia present,,phenotype
HP:0000492,Abnormal eyelid morphology,,phenotype
EFO:0004514,bone quantitative ultrasound measurement,,phenotype
ENSEMBL:ENSMODG00000013453,ENSEMBL:ENSMODG00000013453,,gene
ZP:0003004,"lateral plate mesoderm mislocalised, abnormal",,phenotype
ZP:0001124,"cilium Kupffer's vesicle decreased length, abnormal",,phenotype
EFO:0004305,erythrocyte count,,phenotype
WBPhenotype:0002347,forward locomotion decreased,,phenotype
HP:0000322,Short philtrum,,phenotype
MP:0030610,absent teeth,,phenotype
ENSEMBL:ENSCAFG00000013283,CHRNA1,,gene
ClinVarVariant:831175,NC_000023.11:g.(?_31146281)_(31147536_?)dup,,variant
ZP:0002513,"anterior-posterior axis whole organism curved, abnormal",,phenotype
MP:0008725,enlarged heart atrium,,phenotype
2966,suramin,,drug
ClinVarVariant:409888,NM_004013.2(DMD):c.-719del,,variant
SGD:S000003580,GYP6,,gene
ENSEMBL:ENSFCAG00000022242,ENSEMBL:ENSFCAG00000022242,,gene
ClinVarVariant:803864,NM_004006.3(DMD):c.5167G>T (p.Glu1723Ter),,variant
ENSEMBL:ENSCAFG00000001097,ENSEMBL:ENSCAFG00000001097,,gene
ZP:0008066,"myotome decreased size, abnormal",,phenotype
ENSEMBL:ENSGALG00000041823,ENSEMBL:ENSGALG00000041823,,gene
HGNC:166,ACTN4,,gene
HP:0200037,Skin vesicle,,phenotype
MP:0030798,joint contracture,,phenotype
ENSEMBL:ENSSSCG00000033836,SHKBP1,,gene
ENSEMBL:ENSMMUG00000009660,ENSEMBL:ENSMMUG00000009660,,gene
MP:0010686,abnormal hair follicle matrix region morphology,,phenotype
WormBase:WBGene00013534,acr-24,,gene
ENSEMBL:ENSGALG00000012254,ENSEMBL:ENSGALG00000012254,,gene
FlyBase:CG14895,FlyBase:CG14895,,gene
MP:0002579,disorganized secondary lens fibers,,phenotype
ENSEMBL:ENSSSCG00000015618,LAMB3,,gene
ZP:0001445,"pronephros cystic, abnormal",,phenotype
WBPhenotype:0001668,oocyte accumulation,,phenotype
GO:0086001,cardiac muscle cell action potential,,molecular function
HP:0009020,Exercise-induced muscle fatigue,,phenotype
ZP:0000778,"regulation of smoothened signaling pathway disrupted, abnormal",,phenotype
dbSNP:rs2829877,rs2829877-?,,variant
HP:0000219,Thin upper lip vermilion,,phenotype
ClinVarVariant:803794,NM_004006.3(DMD):c.9887_9908del (p.Pro3296fs),,variant
MP:0004410,absent endocochlear potential,,phenotype
ENSEMBL:ENSFCAG00000006991,ENSEMBL:ENSFCAG00000006991,,gene
EFO:0004337,intelligence,,phenotype
ZFIN:ZDB-GENE-030131-6232,mark3a,,gene
MP:0013835,absent hypoglossal nerve,,phenotype
ENSEMBL:ENSPTRG00000012906,ENSEMBL:ENSPTRG00000012906,,gene
ClinVarVariant:94837,NM_004006.2(DMD):c.9225-647A>G,,variant
MGI:1891369,Capn12,,gene
HGNC:4273,GIT2,,gene
WBPhenotype:0004008,sustained spicule protraction defective,,phenotype
HGNC:10808,SGCE,,gene
OMIM:300377.0070,"DMD, ALA3421VAL",,variant
ZP:0002976,"skeletal muscle cell separated from sarcolemma sarcolemma skeletal muscle cell, abnormal",,phenotype
HP:0004444,Spherocytosis,,phenotype
ZFIN:ZDB-GENE-070928-1,sf3b2,,gene
MP:0005364,increased susceptibility to prion infection,,phenotype
MP:0006316,increased urine sodium level,,phenotype
ENSEMBL:ENSFCAG00000012801,ENSEMBL:ENSFCAG00000012801,,gene
HP:0004839,Pyropoikilocytosis,,phenotype
ClinVarVariant:11237,NM_000109.4(DMD):c.70-1G>T,,variant
FBcv:0002005,lethal - all die during P-stage,,phenotype
ZP:0003833,"intersegmental vessel decreased functionality, abnormal",,phenotype
ENSEMBL:ENSFCAG00000000336,ENSEMBL:ENSFCAG00000000336,,gene
ZP:0002949,"skeletal muscle cell trunk musculature retracted, abnormal",,phenotype
Coriell:GM11024,NIGMS-GM11024,,biological artifact
OMIM:300377.0032,"DMD, ARG145TER",,variant
Xenbase:XB-GENE-944511,tmod2,,gene
ZFIN:ZDB-GENE-050208-475,lama3,,gene
ZP:0004638,"hematopoietic stem cell blood island decreased amount, abnormal",,phenotype
WBPhenotype:0000011,drug resistant,,phenotype
MONARCH:APO_0000262APO_0000249,cell cycle progression in mid anaphase:delayed,,phenotype
ZP:0009075,"whole organism decreased fertility, abnormal",,phenotype
ClinVarVariant:217217,NM_000109.4(DMD):c.9176_9179CAAA[1] (p.Asn3060fs),,variant
MP:0005369,muscle phenotype,,phenotype
HGNC:14082,ANLN,,gene
HP:0009794,Branchial anomaly,,phenotype
HP:0002013,Vomiting,,phenotype
ZP:0003035,"collagen type IV trimer notochord absent, abnormal",,phenotype
WormBase:WBGene00001115,dyb-1,,gene
OMIM:300377.0067,"DMD, ARG3381TER",,variant
ZP:0005496,"atrium non-contractile, abnormal",,phenotype
MP:0002861,abnormal tail bud morphology,,phenotype
HP:0006292,Abnormality of dental eruption,,phenotype
ENSEMBL:ENSFCAG00000011256,ENSEMBL:ENSFCAG00000011256,,gene
ZP:0106690,"cytosol myocardium mislocalised, abnormal",,phenotype
ClinVarVariant:961627,NM_004006.3(DMD):c.8912_8913dup (p.Gln2972fs),,variant
ZP:0008070,"skeletal muscle cell dystrophic, abnormal",,phenotype
ZP:0002084,"angiogenesis disrupted, abnormal",,phenotype
ENSEMBL:ENSMODG00000003143,ENSEMBL:ENSMODG00000003143,,gene
ZP:0007287,"central artery morphology, abnormal",,phenotype
FBcv:0000699,pair rule phenotype,,phenotype
ClinVarVariant:522612,NM_004006.2(DMD):c.7085_7088dup (p.Asp2364fs),,variant
ClinVarVariant:526158,NC_000023.11:g.(?_31657970)_(31932247_?)del,,variant
HP:0001719,Double outlet right ventricle,,phenotype
MP:0011143,thick lung-associated mesenchyme,,phenotype
MONARCH:APO_0000334APO_0000004,innate thermotolerance:increased,,phenotype
HP:0001945,Fever,,phenotype
ZP:0011633,"photoreceptor outer segment photoreceptor cell absent, abnormal",,phenotype
ClinVarVariant:290604,NM_004006.2(DMD):c.9975-2A>C,,variant
WormBase:WBGene00022358,Y92H12A.2,,gene
RGD:2067,Agrn,,gene
ZP:0000868,"convergent extension involved in gastrulation disrupted, abnormal",,phenotype
FBcv:0000376,male fertile,,phenotype
ZP:0012570,"locomotion involved in locomotory behavior decreased speed, abnormal",,phenotype
MP:0000864,abnormal cerebellum vermis morphology,,phenotype
ENSEMBL:ENSMMUG00000000158,ENSEMBL:ENSMMUG00000000158,,gene
ZFIN:ZDB-GENE-000322-3,tnnt3a,,gene
HP:0025388,Thyroid nodule,,phenotype
WormBase:WBGene00018943,dgn-2,,gene
MP:0005478,decreased circulating thyroxine level,,phenotype
MP:0003089,decreased skin tensile strength,,phenotype
ZFIN:ZDB-GENE-061027-393,myh7l,,gene
ZP:0009593,"acetylcholine receptor activity increased duration, abnormal",,phenotype
MP:0001441,increased grooming behavior,,phenotype
ENSEMBL:ENSACAG00000023160,ENSEMBL:ENSACAG00000023160,,gene
4608,trypan blue,,drug
ClinVarVariant:526045,NM_000109.4(DMD):c.8555del (p.Pro2852fs),,variant
MP:0000786,abnormal embryonic neuroepithelial layer differentiation,,phenotype
MP:0002989,small kidney,,phenotype
RGD:1591197,Myl4,,gene
HP:0002269,Abnormality of neuronal migration,,phenotype
MONARCH:APO_0000087APO_0000117,resistance to chemicals:normal,,phenotype
HP:0002795,Abnormal respiratory system physiology,,phenotype
MP:0006337,abnormal first pharyngeal arch morphology,,phenotype
ENSEMBL:ENSCAFG00000018952,ARHGEF6,,gene
dbSNPIndividual:17231,DMD(EX51-55DEL); arr Xp21.1(31518395-31688047)x0 [GM04364],,genotype
ENSEMBL:ENSMODG00000014765,ENSEMBL:ENSMODG00000014765,,gene
MP:0030675,abnormal acetylcholine level,,phenotype
ClinVarVariant:836051,NM_004006.3(DMD):c.3347del (p.Lys1116fs),,variant
MP:0011334,abnormal nephrogenic zone morphology,,phenotype
MP:0006403,abnormal cochlear endolymph ionic homeostasis,,phenotype
ENSEMBL:ENSPTRG00000002016,ENSEMBL:ENSPTRG00000002016,,gene
OMIA-breed:235,Golden Retriever (dog),,biological artifact
ENSEMBL:ENSCAFG00000009820,ENSEMBL:ENSCAFG00000009820,,gene
ENSEMBL:ENSCAFG00000010822,ENSEMBL:ENSCAFG00000010822,,gene
ClinVarVariant:835263,NM_004006.3(DMD):c.6611del (p.Lys2204fs),,variant
ClinVarVariant:831406,NC_000023.11:g.(?_32287519)_(32287711_?)del,,variant
OMIM:300377.0028,"DMD, 2-BP DEL, 382AG",,variant
ZP:0137841,"basal region midbrain hindbrain boundary constriction structure, abnormal",,phenotype
MP:0003434,decreased susceptibility to induced choroidal neovascularization,,phenotype
ClinVarVariant:831690,NC_000023.11:g.(?_31203951)_(31210914_?)dup,,variant
ENSEMBL:ENSMMUG00000001466,ENSEMBL:ENSMMUG00000001466,,gene
ENSEMBL:ENSMODG00000021043,ENSEMBL:ENSMODG00000021043,,gene
MP:0006082,CNS inflammation,,phenotype
ZP:0021016,"trunk vasculature decreased amount, abnormal",,phenotype
ZP:0000776,"whole organism decreased life span, abnormal",,phenotype
MP:0001666,abnormal intestinal absorption,,phenotype
ZFIN:ZDB-GENE-041210-27,tnnt2e,,gene
MP:0012131,small visceral yolk sac,,phenotype
dictyBase:DDB_G0279605,racB,,gene
ClinVarVariant:803924,NM_004006.3(DMD):c.1791dup (p.Ser598fs),,variant
ZP:0002347,"trunk curved, abnormal",,phenotype
ENSEMBL:ENSPTRG00000001832,ENSEMBL:ENSPTRG00000001832,,gene
MP:0001473,reduced long term potentiation,,phenotype
ZP:0000708,"blood increased accumulation caudal vein, abnormal",,phenotype
ENSEMBL:ENSBTAG00000015327,SPTAN1,,gene
HP:0000501,Glaucoma,,phenotype
ENSEMBL:ENSCAFG00000008491,DLGAP4,,gene
ENSEMBL:ENSCAFG00000004052,MCM2,,gene
ZFIN:ZDB-GENE-040724-213,lama4,,gene
FBcv:0000370,male sterile,,phenotype
Xenbase:XB-GENE-6455225,dtna,,gene
ZP:0102949,"lens development in camera-type eye arrested, abnormal",,phenotype
ClinVarVariant:803799,NM_004006.3(DMD):c.9649+5G>C,,variant
MP:0012031,abnormal b-wave amplitude,,phenotype
MP:0004530,absent outer hair cell stereocilia,,phenotype
ENSEMBL:ENSACAG00000004818,ENSEMBL:ENSACAG00000004818,,gene
MP:0001900,impaired synaptic plasticity,,phenotype
ENSEMBL:ENSECAG00000014987,ENSEMBL:ENSECAG00000014987,,gene
MP:0003888,liver hemorrhage,,phenotype
ENSEMBL:ENSACAG00000012174,ENSEMBL:ENSACAG00000012174,,gene
ClinVarVariant:832817,NC_000023.11:g.(?_31657980)_(31774202_?)del,,variant
ZFIN:ZDB-GENE-070501-5,tcap,,gene
MP:0013877,abnormal ductus venosus valve morphology,,phenotype
HP:0010619,Fibroadenoma of the breast,,phenotype
ZP:0022319,"intestinal epithelium increased amount, abnormal",,phenotype
MP:0003305,proctitis,,phenotype
HP:0100026,Arteriovenous malformation,,phenotype
ZP:0011464,"astrocyte postoptic commissure mislocalised, abnormal",,phenotype
MP:0002116,abnormal craniofacial bone morphology,,phenotype
WBPhenotype:0002310,pausing increased,,phenotype
HP:0012648,Decreased inflammatory response,,phenotype
MP:0010373,myeloid hyperplasia,,phenotype
ZP:0001519,"skeletal muscle cell broken, abnormal",,phenotype
ZP:0001545,"myofibril cardiac muscle cell disorganized, abnormal",,phenotype
HP:0000822,Hypertension,,phenotype
ClinVarVariant:447260,NM_004006.2(DMD):c.5851C>T (p.Gln1951Ter),,variant
ENSEMBL:ENSPTRG00000043346,ENSEMBL:ENSPTRG00000043346,,gene
WormBase:WBGene00003710,nhr-120,,gene
ClinVarVariant:984439,NM_004006.3(DMD):c.10409del (p.Leu3470fs),,variant
HP:0010935,Abnormality of the upper urinary tract,,phenotype
ZP:0000489,"fin quality, abnormal",,phenotype
HP:0001337,Tremor,,phenotype
MP:0004355,short radius,,phenotype
MP:0001289,persistence of hyaloid vascular system,,phenotype
ENSEMBL:ENSBTAG00000054684,A0A3Q1LKT5,,gene
HP:0011273,Anisocytosis,,phenotype
ENSEMBL:ENSPTRG00000046193,ENSEMBL:ENSPTRG00000046193,,gene
RGD:2988,Lamb2,,gene
HP:0010775,Vascular ring,,phenotype
MP:0008719,impaired neutrophil recruitment,,phenotype
ENSEMBL:ENSACAG00000010598,ENSEMBL:ENSACAG00000010598,,gene
HP:0002355,Difficulty walking,,phenotype
MP:0009759,abnormal hair follicle bulge morphology,,phenotype
ENSEMBL:ENSCAFG00000010309,ENSEMBL:ENSCAFG00000010309,,gene
WBPhenotype:0001068,egg laying serotonin resistant,,phenotype
ZP:0001504,"skeletal muscle cell myotome decreased amount, abnormal",,phenotype
MONARCH:APO_0000080APO_0000003,stress resistance:decreased,,phenotype
HP:0003554,Type 2 muscle fiber atrophy,,phenotype
ClinVarVariant:572550,NM_004006.2(DMD):c.3679C>T (p.Gln1227Ter),,variant
GO:0005829,cytosol,,molecular function
MONARCH:APO_0000033APO_0000003,cell fusion:decreased,,phenotype
HP:0011990,Abnormality of neutrophil physiology,,phenotype
ZP:0003005,"lateral plate mesoderm disorganized, abnormal",,phenotype
EFO:0006336,diastolic blood pressure,,phenotype
ZP:0019898,"cell motility involved in camera-type eye morphogenesis disrupted, abnormal",,phenotype
WBPhenotype:0000759,spindle defective early emb,,phenotype
WBPhenotype:0000033,developmental timing variant,,phenotype
NCBITaxon:10090,Mus musculus,,taxon
ZP:0106703,"female organism decreased weight, abnormal",,phenotype
MP:0003861,abnormal nervous system development,,phenotype
ENSEMBL:ENSSSCG00000005012,ENSEMBL:ENSSSCG00000005012,,gene
ZP:0002502,"heart dilated, abnormal",,phenotype
ENSEMBL:ENSMMUG00000019262,ENSEMBL:ENSMMUG00000019262,,gene
RGD:1359577,Sgcg,,gene
HP:0002174,Postural tremor,,phenotype
dictyBase:DDB_G0293590,nfx1,,gene
MP:0000749,muscle degeneration,,phenotype
FlyBase:FBgn0034880,ItgaPS5,,gene
MP:0000364,abnormal vascular regression,,phenotype
MONARCH:APO_0000317APO_0000004,replicative lifespan:increased,,phenotype
ClinVarVariant:958650,NM_004006.3(DMD):c.4903G>T (p.Gly1635Ter),,variant
ZP:0015279,"cardiac muscle cell mislocalised, abnormal",,phenotype
OMIM:300377.0001,"DMD, GLU1157TER",,variant
MP:0010749,absent visual evoked potential,,phenotype
ClinVarVariant:832794,NC_000023.11:g.(?_32697860)_(32699303_?)dup,,variant
ENSEMBL:ENSPTRG00000048889,ENSEMBL:ENSPTRG00000048889,,gene
ZP:0100183,"mitochondrial crista muscle decreased amount, abnormal",,phenotype
ENSEMBL:ENSPTRG00000013846,ENSEMBL:ENSPTRG00000013846,,gene
MP:0010287,increased reproductive system tumor incidence,,phenotype
WBPhenotype:0002299,coiling frequency decreased,,phenotype
ENSEMBL:ENSMMUG00000021186,ENSEMBL:ENSMMUG00000021186,,gene
ZP:0009598,"mouth morphology, abnormal",,phenotype
ClinVarVariant:803831,NM_004006.3(DMD):c.7872+2T>A,,variant
ZFIN:ZDB-GENE-050522-84,capn2b,,gene
GO:0030018,Z disc,,molecular function
HP:0000112,Nephropathy,,phenotype
ENSEMBL:ENSFCAG00000047792,ENSEMBL:ENSFCAG00000047792,,gene
MP:0003313,abnormal locomotor activation,,phenotype
ZP:0008722,"notochord disorganized, abnormal",,phenotype
WormBase:WBGene00002213,kin-32,,gene
MP:0010024,increased total body fat amount,,phenotype
MP:0000048,abnormal stria vascularis morphology,,phenotype
HP:0000504,Abnormality of vision,,phenotype
HGNC:1480,CAPN3,,gene
ZP:0000404,"liver hypoplastic, abnormal",,phenotype
ENSEMBL:ENSECAG00000011582,ENSEMBL:ENSECAG00000011582,,gene
RGD:1307159,Sf3b2,,gene
MP:0013878,abnormal ductus venosus valve topology,,phenotype
ZFIN:ZDB-GENE-031112-1,myh6,,gene
FBcv:0000709,abnormal cell number,,phenotype
ZFIN:ZDB-GENE-030131-6069,cdc42l,,gene
MP:0005223,abnormal dorsal-ventral polarity of the somites,,phenotype
MP:0001212,skin lesions,,phenotype
ENSEMBL:ENSCAFG00000012306,SPTBN2,,gene
ENSEMBL:ENSOANG00000008607,ENSEMBL:ENSOANG00000008607,,gene
dictyBase:DDB_G0275023,act22,,gene
HP:0200114,Metabolic alkalosis,,phenotype
ClinVarVariant:833459,NC_000023.11:g.(?_32644122)_(32651077_?)del,,variant
ZP:0018956,"brain decreased amount, abnormal",,phenotype
ENSEMBL:ENSACAG00000009119,ENSEMBL:ENSACAG00000009119,,gene
ClinVarVariant:526089,NM_004006.2(DMD):c.3268C>T (p.Gln1090Ter),,variant
FBcv:0002006,lethal - all die during first instar larval stage,,phenotype
2600,terfenadine,,drug
MP:0004275,abnormal postnatal subventricular zone morphology,,phenotype
ZFIN:ZDB-GENE-060312-37,trim55b,,gene
MP:0030927,decreased telomere length,,phenotype
ClinVarVariant:497147,NM_000109.4(DMD):c.3579+2dup,,variant
ENSEMBL:ENSFCAG00000034879,ENSEMBL:ENSFCAG00000034879,,gene
ENSEMBL:ENSECAG00000001262,ENSEMBL:ENSECAG00000001262,,gene
MGI:99892,Lama1,,gene
ClinVarVariant:417506,NC_000023.10:g.(?_32834585)_(32862977_?)dup,,variant
ZP:0000398,"whole organism necrotic, abnormal",,phenotype
ENSEMBL:ENSACAG00000005674,ENSEMBL:ENSACAG00000005674,,gene
ENSEMBL:ENSECAG00000024450,ENSEMBL:ENSECAG00000024450,,gene
ENSEMBL:ENSECAG00000018762,ENSEMBL:ENSECAG00000018762,,gene
WBPhenotype:0000409,organism morphology variable,,phenotype
HP:0002672,Gastrointestinal carcinoma,,phenotype
dbSNPIndividual:11072,DMD(5'END-EX19DEL); 46;XY by Karyotype Analysis 46;Y;del(X)(Xpter>Xp21.3::Xp21.1>Xqter) by Molecular Probe Analysis;46;XY by Karyotype Analysis 46;Y;del(X)(Xpter>Xp21.3::Xp21.1>Xqter) by Probe Analysis;46;Y;del(X)(pter>p21.3::p21.1>qter) ;46;Y;del(X)(Xpter->Xp21.1::Xp11.4->Xqter).arr Xp21.1p11.4(32320869-37616741)x0;15q11.2(20073109-20852202)x1;46;Y;del(X)(Xpter>Xp21.3::Xp21.1>Xqter) [GM07947],,genotype
GO:0060048,cardiac muscle contraction,,molecular function
MGI:2685061,Dytn,,gene
MP:0003946,renal necrosis,,phenotype
ZFIN:ZDB-GENE-100805-1,adcy1b,,gene
ZP:0001066,"basihyal cartilage aplastic, abnormal",,phenotype
ClinVarVariant:217181,NM_004006.2(DMD):c.1683G>A (p.Trp561Ter),,variant
ENSEMBL:ENSXETG00000038327,xirp2,,gene
HP:0002080,Intention tremor,,phenotype
ZP:0018756,"shield increased distribution, abnormal",,phenotype
MP:0003269,colon polyps,,phenotype
Coriell:GM03782,NIGMS-GM03782,,biological artifact
ZFIN:ZDB-GENE-030131-5759,kif14,,gene
HP:0012310,Abnormal monocyte count,,phenotype
MP:0004121,abnormal sarcolemma morphology,,phenotype
ZP:0008523,"locomotory behavior process quality, abnormal",,phenotype
MGI:87904,Actb,,gene
ENSEMBL:ENSOANG00000037104,ENSEMBL:ENSOANG00000037104,,gene
ENSEMBL:ENSMMUG00000003603,ENSEMBL:ENSMMUG00000003603,,gene
ZFIN:ZDB-GENE-050419-75,plekha7a,,gene
MP:0005096,erythroblastosis,,phenotype
ENSEMBL:ENSACAG00000013302,ENSEMBL:ENSACAG00000013302,,gene
HP:0000317,Facial myokymia,,phenotype
ZP:0008194,"glomerular visceral epithelial cell development disrupted, abnormal",,phenotype
ZP:0000574,"central nervous system development disrupted, abnormal",,phenotype
ClinVarVariant:526172,NC_000023.11:g.(?_32362768)_(32365219_?)del,,variant
HGNC:9611,PTK2,,gene
MP:0008511,thin retinal inner nuclear layer,,phenotype
dbSNP:rs73460075,rs73460075-C,,variant
ZP:0000864,"nucleate erythrocyte binucleate, abnormal",,phenotype
1576,levosimendan,,drug
ZP:0006845,"synaptic transmission, cholinergic amplitude, abnormal",,phenotype
MP:0008182,decreased marginal zone B cell number,,phenotype
ZP:0102149,"caveola bulb notochord inner cell decreased depth, abnormal",,phenotype
ENSEMBL:ENSPTRG00000006039,ENSEMBL:ENSPTRG00000006039,,gene
ZP:0105794,"whole organism decreased occurrence laminin binding, abnormal",,phenotype
ZP:0003006,"laminin complex lateral plate mesoderm decreased amount, abnormal",,phenotype
ZP:0004741,"neuron development process quality, abnormal",,phenotype
Xenbase:XB-GENE-950909,adcy1,,gene
ClinVarVariant:198502,NM_004006.2(DMD):c.547dup (p.Trp183fs),,variant
ENSEMBL:ENSACAG00000000304,ENSEMBL:ENSACAG00000000304,,gene
EFO:0004584,mean platelet volume,,phenotype
ZP:0004686,"median fin fold edematous, abnormal",,phenotype
ZP:0000132,"ceratohyal cartilage malformed, abnormal",,phenotype
ZP:0005006,"neuron-neuron synaptic transmission process quality, abnormal",,phenotype
ClinVarVariant:217200,NM_004006.2(DMD):c.4918del (p.Thr1640fs),,variant
ZP:0138063,"habituation increased rate, abnormal",,phenotype
ZP:0003034,"notochord lacks parts or has fewer parts of type rough endoplasmic reticulum cell, abnormal",,phenotype
ENSEMBL:ENSACAG00000001768,ENSEMBL:ENSACAG00000001768,,gene
MP:0001787,pericardial edema,,phenotype
MP:0002657,chondrodystrophy,,phenotype
ENSEMBL:ENSPTRG00000050316,ENSEMBL:ENSPTRG00000050316,,gene
MP:0012114,absent inner cell mass proliferation,,phenotype
HP:0000539,Abnormality of refraction,,phenotype
MP:0009940,abnormal hippocampus pyramidal cell morphology,,phenotype
ZP:0000236,"sarcomere organization disrupted, abnormal",,phenotype
ZP:0002191,"axon trigeminal motor nucleus decreased length, abnormal",,phenotype
WormBase:WBGene00003639,nhr-49,,gene
WBPhenotype:0000116,mid larval lethal,,phenotype
FlyBase:FBgn0025866,CalpB,,gene
MP:0004484,abnormal response of heart to induced stress,,phenotype
ENSEMBL:ENSSSCG00000002965,ACTN4,,gene
ClinVarVariant:526165,NC_000023.10:g.(?_31838072)_(31838220_?)dup,,variant
ZP:0001704,"cornea increased thickness, abnormal",,phenotype
MP:0005288,abnormal oxygen consumption,,phenotype
EFO:0008378,mosquito bite reaction size measurement,,phenotype
SGD:S000004219,CDC42,,gene
ClinVarVariant:11232,"DMD, 1-BP DEL, 724C",,variant
MP:0003566,abnormal cell adhesion,,phenotype
5431,tirbanibulin,,drug
1971,nortriptyline,,drug
MONARCH:APO_0000127APO_0000003,nuclear export:decreased,,phenotype
ENSEMBL:ENSMODG00000007891,ENSEMBL:ENSMODG00000007891,,gene
MP:0000280,thin ventricular wall,,phenotype
ENSEMBL:ENSPTRG00000022187,ENSEMBL:ENSPTRG00000022187,,gene
3217,evans blue,,drug
ZP:0000013,"somite shape, abnormal",,phenotype
EnsemblGenome:BAA35940,EnsemblGenome:BAA35940,,gene
ZP:0003136,"branchiomotor neuron axon guidance disrupted, abnormal",,phenotype
MP:0000861,disorganized barrel cortex,,phenotype
P12657,Muscarinic acetylcholine receptor M1,,gene product
WBPhenotype:0000510,vulval invagination variant L4,,phenotype
ClinVarVariant:373091,NM_004006.2(DMD):c.2168+1G>A,,variant
MP:0003331,increased hepatocellular carcinoma incidence,,phenotype
ENSEMBL:ENSCAFG00000011295,ENSEMBL:ENSCAFG00000011295,,gene
HP:0002893,Pituitary adenoma,,phenotype
ClinVarVariant:455926,NM_000109.4(DMD):c.6889-11_6894del,,variant
ClinVarVariant:833487,NC_000023.11:g.(?_31932070)_(31932237_?)del,,variant
ClinVarVariant:984427,NM_004006.3(DMD):c.4840G>T (p.Gly1614Ter),,variant
MP:0005367,renal/urinary system phenotype,,phenotype
HP:0000089,Renal hypoplasia,,phenotype
WormBase:WBGene00006584,tni-1,,gene
ZP:0014660,"cardiac ventricle decreased process quality heart contraction, abnormal",,phenotype
HP:0008323,Abnormal light- and dark-adapted electroretinogram,,phenotype
ZFIN:ZDB-GENE-130415-1,shkbp1,,gene
HP:0002480,Hepatic encephalopathy,,phenotype
MONARCH:APO_0000047APO_0000004,transposable element transposition:increased,,phenotype
EFO:0004351,resting heart rate,,phenotype
ClinVarVariant:803827,NM_004006.3(DMD):c.8278C>T (p.Gln2760Ter),,variant
MP:0009674,decreased birth weight,,phenotype
WBPhenotype:0000643,locomotion variant,,phenotype
MP:0011205,excessive folding of visceral yolk sac,,phenotype
ENSEMBL:ENSACAG00000009542,ENSEMBL:ENSACAG00000009542,,gene
ENSEMBL:ENSECAG00000003760,ENSEMBL:ENSECAG00000003760,,gene
ClinVarVariant:617563,NM_004006.2:c.94_3786dup,,variant
HP:0002894,Neoplasm of the pancreas,,phenotype
ENSEMBL:ENSMODG00000014223,ENSEMBL:ENSMODG00000014223,,gene
ZP:0018603,"hindbrain decreased occurrence neuron differentiation, abnormal",,phenotype
ENSEMBL:ENSMODG00000047420,ENSEMBL:ENSMODG00000047420,,gene
ENSEMBL:ENSFCAG00000011361,ENSEMBL:ENSFCAG00000011361,,gene
ZP:0017649,"posterior lateral line decreased process quality Schwann cell development, abnormal",,phenotype
FBcv:0000365,semi-sterile,,phenotype
RGD:1309579,Dtnb,,gene
MP:0004261,abnormal embryonic neuroepithelium morphology,,phenotype
FlyBase:FBgn0085464,CG34435,,gene
ENSEMBL:ENSOANG00000040179,ENSEMBL:ENSOANG00000040179,,gene
MONARCH:APO_0000060APO_0000002,colony appearance:abnormal,,phenotype
EnsemblGenome:BAA15611,EnsemblGenome:BAA15611,,gene
dictyBase:DDB_G0284863,limB,,gene
ZP:0003029,"actin filament organization disrupted, abnormal",,phenotype
HP:0000883,Thin ribs,,phenotype
ZP:0002414,"optic tectum necrotic, abnormal",,phenotype
ENSEMBL:ENSCAFG00000009880,SNCA,,gene
HP:0003138,Increased blood urea nitrogen,,phenotype
ZP:0000420,"lens morphology, abnormal",,phenotype
MP:0010825,abnormal lung saccule morphology,,phenotype
EFO:0007701,spine bone mineral density,,phenotype
ENSEMBL:ENSMODG00000014470,ENSEMBL:ENSMODG00000014470,,gene
MP:0001257,increased body length,,phenotype
MP:0001415,increased exploration in new environment,,phenotype
HP:0005110,Atrial fibrillation,,phenotype
ENSEMBL:ENSGALG00000014995,ENSEMBL:ENSGALG00000014995,,gene
MONARCH:APO_0000071APO_0000005,cytokinesis:absent,,phenotype
ENSEMBL:ENSPTRG00000013808,ENSEMBL:ENSPTRG00000013808,,gene
MP:0002837,dystrophic cardiac calcinosis,,phenotype
ClinVarVariant:803850,NM_004006.3(DMD):c.6364_6365del (p.Glu2122fs),,variant
2166,pilocarpine,,drug
RGD:1559479,Tpm2,,gene
1920,nicotine,,drug
ENSEMBL:ENSMMUG00000009159,ENSEMBL:ENSMMUG00000009159,,gene
MONDO:0010311,Becker muscular dystrophy,,disease
ClinVarVariant:803946,NM_004006.3(DMD):c.572C>A (p.Ser191Ter),,variant
HP:0007129,Cerebellar medulloblastoma,,phenotype
2068,paroxetine,,drug
WBPhenotype:0001645,protein degradation variant,,phenotype
ZP:0002403,"retina increased occurrence apoptotic process, abnormal",,phenotype
ENSEMBL:ENSSSCG00000025353,ENSEMBL:ENSSSCG00000025353,,gene
dictyBase:DDB_G0271372,DDB_G0271372,,gene
MP:0009838,abnormal sperm axoneme morphology,,phenotype
ENSEMBL:ENSFCAG00000004853,ENSEMBL:ENSFCAG00000004853,,gene
MP:0001695,abnormal gastrulation,,phenotype
MP:0001055,failure of neuromuscular synapse postsynaptic differentiation,,phenotype
WBPhenotype:0001168,pseudocleavage absent early emb,,phenotype
ENSEMBL:ENSBTAG00000009655,TNS3,,gene
MGI:1098258,Kif15,,gene
MP:0005221,abnormal rostral-caudal axis patterning,,phenotype
ENSEMBL:ENSECAG00000024534,ENSEMBL:ENSECAG00000024534,,gene
RGD:61822,Kcnj10,,gene
ENSEMBL:ENSECAG00000014703,ENSEMBL:ENSECAG00000014703,,gene
MP:0008873,increased physiological sensitivity to xenobiotic,,phenotype
ENSEMBL:ENSMODG00000016216,ENSEMBL:ENSMODG00000016216,,gene
EFO:0004527,mean corpuscular hemoglobin,,phenotype
ZP:0000745,"hematopoietic system decreased functionality, abnormal",,phenotype
MGI:97255,Myh6,,gene
MP:0011183,abnormal primitive endoderm morphology,,phenotype
ZP:0000711,"brain decreased size, abnormal",,phenotype
P32418,Sodium/calcium exchanger 1,,gene product
MP:0030968,decreased circulating adiponectin level,,phenotype
FBcv:0000429,abnormal cell shape,,phenotype
MGI:108091,Bcar1,,gene
HP:0002389,Cavum septum pellucidum,,phenotype
ZFIN:ZDB-GENE-030131-230,si:ch211-241e1.3,,gene
MP:0011276,increased tail pigmentation,,phenotype
MONARCH:APO_0000224APO_0000004,RNA accumulation:increased,,phenotype
ENSEMBL:ENSSSCG00000002138,ENSEMBL:ENSSSCG00000002138,,gene
ENSEMBL:ENSMMUG00000016394,ENSEMBL:ENSMMUG00000016394,,gene
HP:0011840,Abnormality of T cell physiology,,phenotype
ENSEMBL:ENSCAFG00000008769,ENSEMBL:ENSCAFG00000008769,,gene
HP:0100852,Abnormal fear/anxiety-related behavior,,phenotype
MGI:1856330,Dmd<mdx-3Cv>,,variant
FBcv:0006002,decreased fecundity,,phenotype
WormBase:WBGene00003154,mcm-2,,gene
ZP:0000698,"nucleate erythrocyte development disrupted, abnormal",,phenotype
MP:0008277,abnormal sternum ossification,,phenotype
ZP:0002172,"cardiac muscle contraction irregular rhythm, abnormal",,phenotype
WBPhenotype:0000283,vulva uterus connection defective,,phenotype
MP:0002718,abnormal inner cell mass morphology,,phenotype
WBPhenotype:0001105,P0 spindle position defective early emb,,phenotype
MP:0008917,abnormal oligodendrocyte physiology,,phenotype
HP:0002119,Ventriculomegaly,,phenotype
WormBase:WBGene00003616,nhr-17,,gene
ZP:0001812,"notochord morphogenesis disrupted, abnormal",,phenotype
ClinVarVariant:832725,NC_000023.11:g.(?_31773950)_(31932237_?)del,,variant
MONDO:0010679,Duchenne muscular dystrophy,,disease
MP:0002841,impaired skeletal muscle contractility,,phenotype
ENSEMBL:ENSMMUG00000007903,ENSEMBL:ENSMMUG00000007903,,gene
3533,ruboxistaurin,,drug
ZFIN:ZDB-GENE-990415-215,psmb5,,gene
MP:0006190,retinal ischemia,,phenotype
MP:0001488,increased startle reflex,,phenotype
ZP:0020140,"skeletal muscle trunk decreased amount, abnormal",,phenotype
WBPhenotype:0001954,diplotene absent during oogenesis,,phenotype
HP:0002242,Abnormal intestine morphology,,phenotype
ClinVarVariant:803851,NM_004006.3(DMD):c.6357G>A (p.Trp2119Ter),,variant
HP:0001899,Increased hematocrit,,phenotype
WormBase:WBGene00016975,nhr-173,,gene
HP:0000099,Glomerulonephritis,,phenotype
RGD:1311833,Mpp6,,gene
ZP:0137877,"inner limiting membrane morphology, abnormal",,phenotype
ZP:0002769,"somite flattened, abnormal",,phenotype
P37840,Alpha-synuclein,,gene product
ENSEMBL:ENSMODG00000003964,ENSEMBL:ENSMODG00000003964,,gene
HP:0001880,Eosinophilia,,phenotype
ENSEMBL:ENSECAG00000014536,ENSEMBL:ENSECAG00000014536,,gene
EFO:0004340,body mass index,,phenotype
ZP:0105706,"Reissner's fiber spatial pattern, abnormal",,phenotype
HP:0004308,Ventricular arrhythmia,,phenotype
MP:0012040,abnormal c-wave shape,,phenotype
HP:0001254,Lethargy,,phenotype
ZP:0014324,"cardiac chamber formation process quality, abnormal",,phenotype
ENSEMBL:ENSOANG00000008679,ENSEMBL:ENSOANG00000008679,,gene
ClinVarVariant:831575,NC_000023.11:g.(?_31679365)_(31932237_?)del,,variant
MP:0000427,abnormal hair cycle,,phenotype
MP:0002596,abnormal hematocrit,,phenotype
ZP:0017686,"heart increased process quality apoptotic process, abnormal",,phenotype
MONARCH:APO_0000081APO_0000003,killer toxin resistance:decreased,,phenotype
MP:0020396,abnormal social recognition,,phenotype
ZP:0018738,"caveola assembly disrupted, abnormal",,phenotype
MONARCH:APO_0000215APO_0000004,toxin resistance:increased,,phenotype
HP:0000047,Hypospadias,,phenotype
ZFIN:ZDB-GENE-130726-2,kcnj10b,,gene
MONARCH:APO_0000310APO_0000245,growth in exponential phase:decreased rate,,phenotype
ClinVarVariant:803941,NM_004006.3(DMD):c.774dup (p.Lys259Ter),,variant
HP:0002577,Abnormal stomach morphology,,phenotype
ENSEMBL:ENSOANG00000003362,ENSEMBL:ENSOANG00000003362,,gene
ENSEMBL:ENSOANG00000002365,ENSEMBL:ENSOANG00000002365,,gene
Xenbase:XB-GENE-950442,ptpn1,,gene
ZP:0011705,"liver increased process quality apoptotic process, abnormal",,phenotype
HP:0012205,Globozoospermia,,phenotype
HP:0003236,Elevated circulating creatine kinase concentration,,phenotype
ENSEMBL:ENSCAFG00000011736,ENSEMBL:ENSCAFG00000011736,,gene
RGD:1311030,Tmod3,,gene
MP:0006264,decreased systemic arterial systolic blood pressure,,phenotype
MP:0001221,epidermal atrophy,,phenotype
ENSEMBL:ENSACAG00000002086,ENSEMBL:ENSACAG00000002086,,gene
MP:0012057,abnormal mural trophectoderm morphology,,phenotype
ZP:0101898,"facial nerve motor nucleus has extra parts of type neuron projection motor neuron, abnormal",,phenotype
ENSEMBL:ENSMODG00000024992,ENSEMBL:ENSMODG00000024992,,gene
ENSEMBL:ENSMODG00000002274,ENSEMBL:ENSMODG00000002274,,gene
ENSEMBL:ENSPTRG00000018993,ENSEMBL:ENSPTRG00000018993,,gene
RGD:621852,Tnnt1,,gene
MP:0004409,abnormal crista ampullaris neuroepithelium morphology,,phenotype
dbSNP:rs7108263,rs7108263-?,,variant
ENSEMBL:ENSMODG00000005113,ENSEMBL:ENSMODG00000005113,,gene
ENSEMBL:ENSGALG00000016105,DYSF,,gene
ZP:0010964,"muscle cell deformed, abnormal",,phenotype
ENSEMBL:ENSCAFG00000007410,SNTA1,,gene
ENSEMBL:ENSOANG00000040619,ENSEMBL:ENSOANG00000040619,,gene
ClinVarVariant:575175,NM_004006.2(DMD):c.918T>A (p.Tyr306Ter),,variant
HP:0008678,Renal hypoplasia/aplasia,,phenotype
ENSEMBL:ENSBTAG00000011789,RESTB,,gene
HP:0001664,Torsade de pointes,,phenotype
MP:0008866,chromosomal instability,,phenotype
814,desloratadine,,drug
MP:0002270,abnormal pulmonary alveolus morphology,,phenotype
ENSEMBL:ENSPTRG00000043914,ENSEMBL:ENSPTRG00000043914,,gene
ZP:0004725,"whole organism mobility, abnormal",,phenotype
MP:0011417,abnormal renal transport,,phenotype
ZP:0001475,"pronephros development disrupted, abnormal",,phenotype
ENSEMBL:ENSACAG00000013602,ENSEMBL:ENSACAG00000013602,,gene
MP:0002086,abnormal extraembryonic tissue morphology,,phenotype
ENSEMBL:ENSFCAG00000018954,ENSEMBL:ENSFCAG00000018954,,gene
WBPhenotype:0000017,aldicarb resistant,,phenotype
MP:0003734,abnormal retinal inner plexiform layer morphology,,phenotype
ENSEMBL:ENSPTRG00000010408,ENSEMBL:ENSPTRG00000010408,,gene
ENSEMBL:ENSSSCG00025020932,ENSEMBL:ENSSSCG00025020932,,gene
HP:0001392,Abnormality of the liver,,phenotype
ZP:0008713,"endoplasmic reticulum notochord increased size, abnormal",,phenotype
MP:0011369,increased renal glomerulus apoptosis,,phenotype
Q05397,Focal adhesion kinase 1,,gene product
WBPhenotype:0002118,population fitness phenotype,,phenotype
HP:0200023,Priapism,,phenotype
ENSEMBL:ENSCAFG00000014108,OSBPL1A,,gene
HGNC:30451,SLC25A48,,gene
dictyBase:DDB_G0289505,act24,,gene
HP:0030301,Abnormality of the anterior commissure,,phenotype
MP:0004937,dilated heart,,phenotype
ENSEMBL:ENSOANG00000005576,ENSEMBL:ENSOANG00000005576,,gene
HP:0004691,2-3 toe syndactyly,,phenotype
MP:0003628,abnormal leukocyte adhesion,,phenotype
WormBase:WBGene00003930,pat-3,,gene
HP:0012190,T-cell lymphoma,,phenotype
ZP:0001236,"midbrain hindbrain boundary morphology, abnormal",,phenotype
ZP:0003068,"sensory neuron morphology, abnormal",,phenotype
MP:0010394,decreased QRS amplitude,,phenotype
EFO:0006922,delivery measurement,,phenotype
ClinVarVariant:981991,NC_000023.11:g.(31679587_31729630)_(31968515_32216915)dup,,variant
ENSEMBL:ENSMMUG00000050192,ENSEMBL:ENSMMUG00000050192,,gene
WBPhenotype:0001866,reduced pathogen accumulation,,phenotype
dbSNP:rs9975725,rs9975725-?,,variant
HP:0000938,Osteopenia,,phenotype
ENSEMBL:ENSECAG00000023991,ENSEMBL:ENSECAG00000023991,,gene
MP:0009230,abnormal sperm head morphology,,phenotype
ZP:0000027,"post-vent region decreased length, abnormal",,phenotype
ClinVarVariant:981976,NC_000023.11:g.(31875374_31929595)_(31929746_31932079)del,,variant
ENSEMBL:ENSMODG00000008164,ENSEMBL:ENSMODG00000008164,,gene
ENSEMBL:ENSSSCG00000007061,PAK5,,gene
WBPhenotype:0000827,V lineages variant,,phenotype
ENSEMBL:ENSOANG00000044262,ENSEMBL:ENSOANG00000044262,,gene
GO:1901385,regulation of voltage-gated calcium channel activity,,molecular function
WBPhenotype:0000016,aldicarb hypersensitive,,phenotype
dbSNPIndividual:20933,46;X;t(X;4)(Xqter>Xp21::4q35>4qter;4pter>4q35::Xp21>Xpter);46;X;t(X;4)(Xqter>Xp21::4q35> 4qter;4pter>4q35::Xp21>Xpter).ish t(X;4)(4qtel11+;wcpX+;wcp+;4qtel11-) [GM11025],,genotype
ClinVarVariant:409914,NM_004006.2(DMD):c.6614+2T>C,,variant
MP:0004086,absent heartbeat,,phenotype
Coriell:GM10062,NIGMS-GM10062,,biological artifact
FlyBase:FBgn0011676,Nos,,gene
HP:0000270,Delayed cranial suture closure,,phenotype
ClinVarVariant:645373,NC_000023.11:g.(?_31965029)_(31968524_?)del,,variant
ENSEMBL:ENSSSCG00000035158,DYTN,,gene
MP:0008439,abnormal cortical plate morphology,,phenotype
MP:0000764,abnormal tongue epithelium morphology,,phenotype
WBPhenotype:0000651,constipated,,phenotype
ZFIN:ZDB-GENE-000322-2,tnnc2,,gene
WBPhenotype:0000882,dendrite development variant,,phenotype
ZP:0012322,"auditory receptor cell decreased functionality, abnormal",,phenotype
MP:0010769,abnormal survival,,phenotype
ENSEMBL:ENSPTRG00000021888,ENSEMBL:ENSPTRG00000021888,,gene
Coriell:GM07691,NIGMS-GM07691,,biological artifact
ZP:0000740,"ceratobranchial cartilage orientation ceratobranchial cartilage, abnormal",,phenotype
ENSEMBL:ENSECAG00000015071,ENSEMBL:ENSECAG00000015071,,gene
ClinVarVariant:963558,NM_004006.3(DMD):c.2508dup (p.Asn837Ter),,variant
ENSEMBL:ENSDARG00000111548,CR749762.4,,gene
MP:0013975,abnormal coronary sinus connection,,phenotype
HP:0001667,Right ventricular hypertrophy,,phenotype
MGI:6394025,Dmd<em#Tve> [involves: C57BL/6 * CBA],,genotype
Xenbase:XB-GENE-6045506,capn13,,gene
ZP:0018281,"mitochondrion slow muscle cell functionality, abnormal",,phenotype
MP:0010782,stomach smooth muscle circular layer hypertrophy,,phenotype
ZFIN:ZDB-GENE-020604-1,myhz2,,gene
ENSEMBL:ENSCAFG00000015528,TMOD2,,gene
HP:0011069,Supernumerary tooth,,phenotype
ClinVarVariant:689489,NM_004006.2(DMD):c.8800G>T (p.Glu2934Ter),,variant
ENSEMBL:ENSOANG00000051243,ENSEMBL:ENSOANG00000051243,,gene
ZP:0013881,"chromaffin cell mislocalised, abnormal",,phenotype
ENSEMBL:ENSDARG00000110480,BX511087.1,,gene
dbSNPIndividual:16801,DMD(EX4-43DEL); arr Xp21.1(32170293-32774419)x0 [GM05170],,genotype
RGD:2268,Capn2,,gene
ZP:0102121,"notochord inner cell metaplastic, abnormal",,phenotype
ENSEMBL:ENSPTRG00000043275,ENSEMBL:ENSPTRG00000043275,,gene
HP:0001939,Abnormality of metabolism/homeostasis,,phenotype
Xenbase:XB-GENE-999974,mcm2,,gene
ENSEMBL:ENSGALG00000011254,ENSEMBL:ENSGALG00000011254,,gene
dictyBase:DDB_G0281499,DDB0205629,,gene
WormBase:WBGene00002150,irk-2,,gene
ZP:0008742,"anatomical compartment boundary somite shape, abnormal",,phenotype
MP:0005334,abnormal fat pad morphology,,phenotype
ZFIN:ZDB-GENE-181009-2,ltbp4,,gene
ClinVarVariant:640987,NC_000023.11:g.(?_31879410)_(31968524_?)del,,variant
HP:0003076,Glycosuria,,phenotype
ZP:0001536,"cardiac muscle cell cardiac ventricle increased amount, abnormal",,phenotype
HP:0040274,Adenocarcinoma of the small intestine,,phenotype
MP:0004087,abnormal muscle fiber morphology,,phenotype
ZP:0101699,"vascular associated smooth muscle cell dorsal aorta decreased amount, abnormal",,phenotype
ENSEMBL:ENSCAFG00000007067,ENSEMBL:ENSCAFG00000007067,,gene
MP:0008057,abnormal DNA replication,,phenotype
HP:0001402,Hepatocellular carcinoma,,phenotype
ENSEMBL:ENSCAFG00000028535,ENSEMBL:ENSCAFG00000028535,,gene
WBPhenotype:0000388,sperm morphology variant,,phenotype
916,diphenhydramine,,drug
dbSNP:rs35396788,rs35396788-?,,variant
ENSEMBL:ENSFCAG00000009092,ENSEMBL:ENSFCAG00000009092,,gene
MGI:3655090,Dmd<mdx>; Foxk1<tm1Djg>/Foxk1<tm1Djg> [involves: 129S4/SvJae * C57BL/10ScSn],,genotype
WBPhenotype:0000863,male fertility reduced,,phenotype
ENSEMBL:ENSFCAG00000000787,ENSEMBL:ENSFCAG00000000787,,gene
MONDO:0015470,Familial isolated dilated cardiomyopathy,,disease
ENSEMBL:ENSMODG00000010887,ENSEMBL:ENSMODG00000010887,,gene
ENSEMBL:ENSFCAG00000005957,ENSEMBL:ENSFCAG00000005957,,gene
HP:0001881,Abnormal leukocyte morphology,,phenotype
ZFIN:ZDB-GENE-051005-2,nedd4a,,gene
ClinVarVariant:590902,NM_004006.2(DMD):c.4486G>T (p.Glu1496Ter),,variant
MP:0001693,failure of primitive streak formation,,phenotype
OMIM:300377.0053,"DMD, 1-BP DEL, 6408C",,variant
ClinVarVariant:625789,GRCh37/hg19 Xp21.1(chrX:32587530-32719171),,variant
ENSEMBL:ENSECAG00000043652,ENSEMBL:ENSECAG00000043652,,gene
EFO:0007634,major depressive episode,,phenotype
ENSEMBL:ENSBTAG00000015670,ENSEMBL:ENSBTAG00000015670,,gene
HGNC:6482,LAMA2,,gene
ZP:0000742,"basilar artery decreased diameter, abnormal",,phenotype
ClinVarVariant:571814,NM_004006.2(DMD):c.531-1G>C,,variant
ClinVarVariant:526077,NM_000109.4(DMD):c.1771del (p.Ser591fs),,variant
ClinVarVariant:664440,NC_000023.10:g.(?_32827600)_(32867947_?)dup,,variant
HP:0002583,Colitis,,phenotype
MP:0009385,abnormal dermal pigmentation,,phenotype
ENSEMBL:ENSCAFG00000003886,ENSEMBL:ENSCAFG00000003886,,gene
MP:0005402,abnormal action potential,,phenotype
HP:0004325,Decreased body weight,,phenotype
NCBIGene:571757,LOC571757,,gene
HP:0000718,Aggressive behavior,,phenotype
ZP:0011406,"skeletal muscle myofibril myotome increased fragility, abnormal",,phenotype
ENSEMBL:ENSACAG00000007490,ENSEMBL:ENSACAG00000007490,,gene
ENSEMBL:ENSECAG00000005493,ENSEMBL:ENSECAG00000005493,,gene
ENSEMBL:ENSPTRG00000012879,ENSEMBL:ENSPTRG00000012879,,gene
ZP:0019365,"retinal cone cell absence due to degeneration, abnormal",,phenotype
ENSEMBL:ENSOANG00000001449,ENSEMBL:ENSOANG00000001449,,gene
ENSEMBL:ENSOANG00000009824,ENSEMBL:ENSOANG00000009824,,gene
HP:0040078,Axonal degeneration,,phenotype
ClinVarVariant:971303,NM_004006.3(DMD):c.3008_3009del (p.Val1003fs),,variant
ClinVarVariant:11264,"DMD, 1-BP INS, 7188A",,variant
ENSEMBL:ENSACAG00000012165,ENSEMBL:ENSACAG00000012165,,gene
EFO:0009930,Calcium channel blocker use measurement,,phenotype
OMIM:300377.0065,"DMD, 4-BP DEL, NT9679",,variant
1999,orphenadrine,,drug
ENSEMBL:ENSBTAG00000016097,ENSEMBL:ENSBTAG00000016097,,gene
HP:0002510,Spastic tetraplegia,,phenotype
ClinVarVariant:217204,NM_004006.2(DMD):c.5602_5605del (p.Arg1868fs),,variant
ZP:0012204,"myofibril striated muscle cell disorganized, abnormal",,phenotype
ENSEMBL:ENSMMUG00000001753,ENSEMBL:ENSMMUG00000001753,,gene
ClinVarVariant:94436,NM_004020.3(DMD):c.2843+9127del,,variant
MP:0011710,enhanced osteoblast differentiation,,phenotype
WBPhenotype:0001506,spontaneous reversal rate variant,,phenotype
ZP:0002100,"cranial cartilage morphology, abnormal",,phenotype
ZFIN:ZDB-GENE-030131-2963,stub1,,gene
ZP:0001241,"pericardium increased size, abnormal",,phenotype
ENSEMBL:ENSBTAG00000000603,ENSEMBL:ENSBTAG00000000603,,gene
HP:0002239,Gastrointestinal hemorrhage,,phenotype
ZP:0008102,"convergent extension process quality, abnormal",,phenotype
ENSEMBL:ENSSSCG00000010170,DISC1,,gene
WormBase:WBGene00000059,acr-20,,gene
ZP:0000638,"post-vent region curved ventral, abnormal",,phenotype
ENSEMBL:ENSFCAG00000012746,ENSEMBL:ENSFCAG00000012746,,gene
Xenbase:XB-GENE-989283,myh4,,gene
HP:0002090,Pneumonia,,phenotype
ClinVarVariant:803795,NM_004006.3(DMD):c.9868del (p.Gln3290fs),,variant
MP:0001243,abnormal dermal layer morphology,,phenotype
HP:0002850,Decreased circulating total IgM,,phenotype
HP:0000218,High palate,,phenotype
ZP:0000867,"nucleus nucleate erythrocyte structure, abnormal",,phenotype
MP:0009232,abnormal sperm nucleus morphology,,phenotype
ENSEMBL:ENSPTRG00000002647,ENSEMBL:ENSPTRG00000002647,,gene
ZP:0020985,"cardiac muscle cell decreased process quality Notch signaling pathway, abnormal",,phenotype
MP:0030287,enlarged occipital bone,,phenotype
Q99246,Voltage-dependent L-type calcium channel subunit alpha-1D,,gene product
MP:0020419,decreased cardiac muscle relaxation,,phenotype
MGI:1352759,Rnf11,,gene
ZFIN:ZDB-GENE-021223-1,dag1,,gene
HP:0012337,Abnormal homeostasis,,phenotype
ENSEMBL:ENSACAG00000009401,ENSEMBL:ENSACAG00000009401,,gene
ENSEMBL:ENSCAFG00000015475,DES,,gene
ZP:0010781,"muscle broken, abnormal",,phenotype
HP:0002088,Abnormal lung morphology,,phenotype
ENSEMBL:ENSACAG00000004568,ENSEMBL:ENSACAG00000004568,,gene
ZP:0014653,"regulation of cardiac muscle contraction by calcium ion signaling process quality, abnormal",,phenotype
HP:0001943,Hypoglycemia,,phenotype
WBPhenotype:0002277,dauer lifespan extended,,phenotype
HP:0032447,Pulmonary bleb,,phenotype
WBPhenotype:0001123,synchronous second division early emb,,phenotype
EFO:0007788,BMI-adjusted waist-hip ratio,,phenotype
HP:0003470,Paralysis,,phenotype
HP:0012790,Abnormal intramembranous ossification,,phenotype
RGD:2123,Apc,,gene
MP:0002082,postnatal lethality,,phenotype
WBPhenotype:0001400,level of protein expression variant,,phenotype
ZP:0009204,"sarcolemma skeletal muscle cell broken, abnormal",,phenotype
ENSEMBL:ENSCAFG00000018173,LAMA3,,gene
OMIM:300377.0021,"DMD, EX1DEL",,variant
ZP:0010963,"muscle cell malformed, abnormal",,phenotype
WBPhenotype:0001979,gonad vesiculated,,phenotype
ZP:0003140,"retinal ganglion cell layer apoptotic, abnormal",,phenotype
ENSEMBL:ENSOANG00000043403,ENSEMBL:ENSOANG00000043403,,gene
ClinVarVariant:584234,NC_000023.10:g.(?_31366653)_(31382270_?)dup,,variant
HP:0000953,Hyperpigmentation of the skin,,phenotype
dictyBase:DDB_G0269178,racG,,gene
ENSEMBL:ENSGALG00000000220,ENSEMBL:ENSGALG00000000220,,gene
GO:0016010,dystrophin-associated glycoprotein complex,,molecular function
HP:0100806,Sepsis,,phenotype
ENSEMBL:ENSMODG00000020644,ENSEMBL:ENSMODG00000020644,,gene
ENSEMBL:ENSCAFG00000008690,ENSEMBL:ENSCAFG00000008690,,gene
HP:0012539,Non-Hodgkin lymphoma,,phenotype
MGI:104631,Utrn,,gene
MONARCH:APO_0000193APO_0000003,resistance to enzymatic treatment:decreased,,phenotype
dictyBase:DDB_G0277777,DDB0203449,,gene
ClinVarVariant:951119,NM_004006.3(DMD):c.2253del (p.Lys752fs),,variant
EFO:0004346,neuroimaging measurement,,phenotype
WormBase:WBGene00003637,nhr-47,,gene
ZP:0021006,"sarcomere somite decreased length, abnormal",,phenotype
ZP:0000204,"response to auditory stimulus disrupted, abnormal",,phenotype
ENSEMBL:ENSBTAG00000035726,A0A3Q1MW81,,gene
WBPhenotype:0000059,larval arrest,,phenotype
ClinVarVariant:946299,NM_004006.3(DMD):c.8666_8668+3del,,variant
ENSEMBL:ENSMMUG00000019393,ENSEMBL:ENSMMUG00000019393,,gene
ENSEMBL:ENSCAFG00000001217,ENSEMBL:ENSCAFG00000001217,,gene
MGI:2449939,Zgpat,,gene
FlyBase:FBgn0036454,CG17839,,gene
HP:0001197,Abnormality of prenatal development or birth,,phenotype
WBPhenotype:0001202,nicotine hypersensitive,,phenotype
ENSEMBL:ENSPTRG00000040069,ENSEMBL:ENSPTRG00000040069,,gene
MP:0005425,increased macrophage cell number,,phenotype
MP:0000934,abnormal telencephalon development,,phenotype
dictyBase:DDB_G0269160,nxnA,,gene
P29475,"Nitric oxide synthase, brain",,gene product
RGD:1312009,Pak5,,gene
MGI:98932,Vim,,gene
ENSEMBL:ENSOANG00000001490,ENSEMBL:ENSOANG00000001490,,gene
ENSEMBL:ENSBTAG00000014189,RGS6,,gene
MP:0003424,premature neuronal precursor differentiation,,phenotype
HP:0005518,Increased mean corpuscular volume,,phenotype
WBPhenotype:0001018,cytokinesis variant emb,,phenotype
MP:0010633,myocardium hypertrophy,,phenotype
HP:0012373,Abnormal eye physiology,,phenotype
MGI:1313261,Sptbn2,,gene
ZP:0001349,"eye apoptotic, abnormal",,phenotype
ENSEMBL:ENSMODG00000008796,ENSEMBL:ENSMODG00000008796,,gene
ENSEMBL:ENSFCAG00000006998,ENSEMBL:ENSFCAG00000006998,,gene
ZP:0014275,"fin regeneration decreased process quality, abnormal",,phenotype
MP:0002925,abnormal cardiovascular development,,phenotype
WormBase:WBGene00003654,nhr-64,,gene
MP:0001601,abnormal myelopoiesis,,phenotype
HP:0002914,Hyperchloriduria,,phenotype
dictyBase:DDB_G0281545,acaA,,gene
ZP:0012599,"behavior process quality, abnormal",,phenotype
ZP:0008718,"ocular blood vessel deformed, abnormal",,phenotype
ClinVarVariant:217174,NM_004006.2(DMD):c.10504G>T (p.Glu3502Ter),,variant
Xenbase:XB-GENE-954519,rgs6,,gene
MP:0009454,impaired contextual conditioning behavior,,phenotype
HP:0002058,Myopathic facies,,phenotype
ClinVarVariant:526146,NC_000023.10:g.(?_31366653)_(31747885_?)dup,,variant
ClinVarVariant:94819,NM_004006.3(DMD):c.8908_8909TC[2] (p.Leu2971fs),,variant
WBPhenotype:0001279,transgene expression reduced male,,phenotype
ZP:0106967,"axon extension accelerated growth, abnormal",,phenotype
ENSEMBL:ENSMODG00000000364,ENSEMBL:ENSMODG00000000364,,gene
MP:0001290,delayed eyelid opening,,phenotype
MGI:1202300,Kcnu1,,gene
WBPhenotype:0001887,excess seam cells,,phenotype
HP:0025143,Chills,,phenotype
FlyBase:FBgn0038221,IFT54,,gene
MGI:2176892,Dmd<mdx>; Dtna<tm1Jrs>/Dtna<tm1Jrs> [involves: 129X1/SvJ * C57BL/10ScSn],,genotype
ClinVarVariant:455939,NM_000109.4(DMD):c.8651del (p.Pro2884fs),,variant
HP:0010831,Impaired proprioception,,phenotype
WormBase:WBGene00017198,nhr-36,,gene
ENSEMBL:ENSACAG00000014991,ENSEMBL:ENSACAG00000014991,,gene
ZP:0006045,"heart contraction decreased frequency, abnormal",,phenotype
ENSEMBL:ENSPTRG00000017135,ENSEMBL:ENSPTRG00000017135,,gene
MONARCH:APO_0000131APO_0000005,protein/peptide modification:absent,,phenotype
FlyBase:CG2987,FlyBase:CG2987,,gene
ClinVarVariant:492825,NM_004006.2(DMD):c.7310-1G>A,,variant
MP:0010067,increased red blood cell distribution width,,phenotype
HP:0030341,Decreased circulating follicle stimulating hormone concentration,,phenotype
ENSEMBL:ENSCAFG00000007343,APC,,gene
MP:0000711,thymus cortex hypoplasia,,phenotype
ZP:0008720,"voluntary musculoskeletal movement disrupted, abnormal",,phenotype
MP:0008479,decreased spleen white pulp amount,,phenotype
MONARCH:APO_0000027APO_0000003,filamentous growth:decreased,,phenotype
Q9JIS7,Voltage-dependent L-type calcium channel subunit alpha-1F,,gene product
ClinVarVariant:194384,NM_004006.2(DMD):c.1704+1G>A,,variant
HP:0000706,Eruption failure,,phenotype
HGNC:4853,HDAC2,,gene
ZP:0002310,"whole organism circling, abnormal",,phenotype
HP:0005048,Synostosis of carpal bones,,phenotype
MP:0020519,renal glomerular immunoglobulin deposits,,phenotype
ENSEMBL:ENSPTRG00000009849,ENSEMBL:ENSPTRG00000009849,,gene
ZP:0007168,"axis curved ventral, abnormal",,phenotype
ClinVarVariant:11251,NM_000109.4(DMD):c.2293A>G (p.Lys765Glu),,variant
ClinVarVariant:455923,NM_004006.2(DMD):c.6615-2A>T,,variant
ENSEMBL:ENSMMUG00000014149,ENSEMBL:ENSMMUG00000014149,,gene
960,doxorubicin,,drug
ENSEMBL:ENSFCAG00000006639,ENSEMBL:ENSFCAG00000006639,,gene
RGD:2923,Itga1,,gene
MP:0008499,increased IgG1 level,,phenotype
MP:0004084,abnormal cardiac muscle relaxation,,phenotype
HP:0003551,Difficulty climbing stairs,,phenotype
FBcv:0000399,abnormal courtship behavior,,phenotype
MP:0020253,increased collagen level,,phenotype
HP:0006725,Pancreatic adenocarcinoma,,phenotype
HP:0001541,Ascites,,phenotype
ENSEMBL:ENSPTRG00000023820,ENSEMBL:ENSPTRG00000023820,,gene
ZP:0010222,"cell projection radial glial cell disorganized, abnormal",,phenotype
MP:0002980,abnormal postural reflex,,phenotype
FlyBase:FBgn0014006,Ask1,,gene
MP:0004951,abnormal spleen weight,,phenotype
MGI:103198,Cdc25a,,gene
MP:0001458,abnormal object recognition memory,,phenotype
ZFIN:ZDB-GENE-090122-1,disc1,,gene
HP:0031266,Podocyte foot process effacement,,phenotype
HP:0025579,Abnormal left atrium morphology,,phenotype
ClinVarVariant:803829,NM_004006.3(DMD):c.8145dup (p.Gln2716fs),,variant
ZP:0002186,"yolk decreased size, abnormal",,phenotype
ClinVarVariant:409894,NM_000109.4(DMD):c.10701del (p.Met3568fs),,variant
HP:0007663,Reduced visual acuity,,phenotype
HP:0001978,Extramedullary hematopoiesis,,phenotype
ENSEMBL:ENSMMUG00000000838,ENSEMBL:ENSMMUG00000000838,,gene
MP:0000607,abnormal hepatocyte morphology,,phenotype
MP:0009402,decreased skeletal muscle fiber diameter,,phenotype
MP:0010955,abnormal respiratory electron transport chain,,phenotype
ENSEMBL:ENSMODG00000003050,ENSEMBL:ENSMODG00000003050,,gene
HP:0002487,Hyperkinetic movements,,phenotype
P12931,Proto-oncogene tyrosine-protein kinase Src,,gene product
MGI:2388820,Sgcz,,gene
ZP:0137887,"retinal neural layer lacks parts or has fewer parts of type inner limiting membrane, abnormal",,phenotype
RGD:631334,Nup58,,gene
HP:0004870,Chronic hemolytic anemia,,phenotype
HP:0003563,Decreased LDL cholesterol concentration,,phenotype
MP:0006324,abnormal cochlear nerve fiber response,,phenotype
ZFIN:ZDB-GENE-020419-38,terfa,,gene
ENSEMBL:ENSSSCG00000034773,KCNJ18,,gene
WormBase:WBGene00000228,atn-1,,gene
MP:0002813,microcytosis,,phenotype
WBPhenotype:0001571,body wall muscle cell polarization variant,,phenotype
MP:0004787,abnormal dorsal aorta morphology,,phenotype
dbSNP:rs6499854,rs6499854-?,,variant
ENSEMBL:ENSMMUG00000016589,ENSEMBL:ENSMMUG00000016589,,gene
ENSEMBL:ENSOANG00000010411,ENSEMBL:ENSOANG00000010411,,gene
ClinVarVariant:659785,NM_004006.2(DMD):c.616C>T (p.Gln206Ter),,variant
WBPhenotype:0000414,cell fate transformation,,phenotype
MONARCH:APO_0000271APO_0000005,RNA modification:absent,,phenotype
ZP:0005499,"cardiac jelly distended, abnormal",,phenotype
MP:0003257,abnormal abdominal wall morphology,,phenotype
WBPhenotype:0002490,ectopic axon outgrowth,,phenotype
ZFIN:ZDB-GENE-090312-215,si:rp71-17i16.4,,gene
MP:0000219,increased neutrophil cell number,,phenotype
ENSEMBL:ENSACAG00000012896,ENSEMBL:ENSACAG00000012896,,gene
ZP:0000746,"trabecular layer aplastic, abnormal",,phenotype
ClinVarVariant:583700,NC_000023.11:g.(?_31729611)_(31932247_?)del,,variant
MP:0002023,increased B cell derived lymphoma incidence,,phenotype
ENSEMBL:ENSECAG00000009665,ENSEMBL:ENSECAG00000009665,,gene
MGI:1316648,Ahnak,,gene
MP:0011732,decreased somite size,,phenotype
MP:0013836,abnormal hypoglossal nerve topology,,phenotype
ENSEMBL:ENSOANG00000006363,ENSEMBL:ENSOANG00000006363,,gene
ZP:0002945,"myoseptum somite deformed, abnormal",,phenotype
ClinVarVariant:653507,NC_000023.11:g.(?_32438231)_(32849830_?)del,,variant
HP:0011900,Hypofibrinogenemia,,phenotype
PomBase:SPBC12C2.03c,SPBC12C2.03c,,gene
HP:0004298,Abnormality of the abdominal wall,,phenotype
EFO:0004723,coronary artery calcification,,phenotype
MP:0008030,abnormal Cajal-Retzius cell morphology,,phenotype
RGD:70983,Cacna1s,,gene
HP:0002515,Waddling gait,,phenotype
Xenbase:XB-GENE-949399,xylt1,,gene
ENSEMBL:ENSRNOG00000060511,Tcap,,gene
WormBase:WBGene00001116,dyc-1,,gene
ZP:0000206,"musculoskeletal movement quality, abnormal",,phenotype
ZFIN:ZDB-GENE-030523-1,tnnc1a,,gene
MGI:87902,Acta1,,gene
ClinVarVariant:851846,NM_004006.3(DMD):c.402_408dup (p.Glu137delinsGlnGlnTer),,variant
ENSEMBL:ENSBTAG00000001654,SNTB2,,gene
ENSEMBL:ENSECAG00000008625,ENSEMBL:ENSECAG00000008625,,gene
ZFIN:ZDB-GENE-040426-2085,pak5,,gene
MP:0011264,abnormal cardiac mesenchyme morphology,,phenotype
ClinVarVariant:409936,NM_000109.4(DMD):c.2709dup (p.Val904fs),,variant
EFO:0006501,carotid plaque build,,phenotype
ENSEMBL:ENSCAFG00000011744,LAMB2,,gene
ENSEMBL:ENSECAG00000022054,ENSEMBL:ENSECAG00000022054,,gene
ZP:0004977,"blood circulation decreased occurrence, abnormal",,phenotype
ClinVarVariant:583653,NC_000023.11:g.(?_31223027)_(31223141_?)del,,variant
MP:0001994,increased blinking frequency,,phenotype
ClinVarVariant:983659,NM_004006.3(DMD):c.5026G>T (p.Glu1676Ter),,variant
ZP:0008648,"pigmentation occurrence, abnormal",,phenotype
ENSEMBL:ENSFCAG00000011506,ENSEMBL:ENSFCAG00000011506,,gene
HP:0011017,Abnormal cellular physiology,,phenotype
ENSEMBL:ENSSSCG00000009556,CUL4A,,gene
MONARCH:APO_0000036APO_0000003,pheromone production:decreased,,phenotype
ClinVarVariant:283346,NM_004006.2(DMD):c.93+1G>A,,variant
HP:0011499,Mydriasis,,phenotype
ClinVarVariant:455886,NM_004006.2(DMD):c.2804-1G>T,,variant
WBPhenotype:0000178,cell degeneration,,phenotype
MP:0010632,cardiac muscle necrosis,,phenotype
MP:0000848,abnormal pons morphology,,phenotype
HP:0003237,Increased circulating IgG level,,phenotype
ClinVarVariant:803936,NM_004006.3(DMD):c.998C>A (p.Ser333Ter),,variant
4682,panobinostat,,drug
ZP:0001526,"slow muscle cell detached from myoseptum, abnormal",,phenotype
MP:0010724,thick interventricular septum,,phenotype
WBPhenotype:0001346,actin cytoskeleton dynamics phenotype,,phenotype
WBPhenotype:0004023,frequency of body bend variant,,phenotype
1780,metixene,,drug
MP:0001392,abnormal locomotor behavior,,phenotype
EFO:0004318,smoking behavior,,phenotype
FlyBase:FBgn0053993,CG33993,,gene
ENSEMBL:ENSOANG00000046259,ENSEMBL:ENSOANG00000046259,,gene
MGI:3693943,Smok3a,,gene
ZP:0018501,"cell migration involved in heart development decreased occurrence, abnormal",,phenotype
MGI:88274,Ctnna1,,gene
MGI:1098226,Kif14,,gene
MP:0003899,abnormal QT interval,,phenotype
ENSEMBL:ENSOANG00000015106,ENSEMBL:ENSOANG00000015106,,gene
MP:0005240,abnormal amacrine cell morphology,,phenotype
Xenbase:XB-GENE-876948,cacna1d,,gene
HP:0001265,Hyporeflexia,,phenotype
ZP:0009070,"smoothened signaling pathway involved in dorsal/ventral neural tube patterning disrupted, abnormal",,phenotype
MP:0005387,immune system phenotype,,phenotype
ENSEMBL:ENSGALG00000004347,NEDD4,,gene
ZP:0020991,"anatomical surface retina decreased area, abnormal",,phenotype
ENSEMBL:ENSBTAG00000013958,ENSEMBL:ENSBTAG00000013958,,gene
ZP:0018601,"hindbrain decreased occurrence cell proliferation in hindbrain, abnormal",,phenotype
HGNC:14686,JAM2,,gene
MP:0030051,increased foot pigmentation,,phenotype
MP:0001967,deafness,,phenotype
ClinVarVariant:455863,NM_000109.4(DMD):c.1452del (p.Gln484fs),,variant
MP:0011409,increased renal glomerulus basement membrane thickness,,phenotype
MP:0011512,mesangial cell interposition,,phenotype
WBPhenotype:0000366,three fold arrest,,phenotype
ZP:0138061,"prepulse inhibition increased magnitude, abnormal",,phenotype
HGNC:11322,SSPN,,gene
EFO:1001488,influenza A (H1N1),,phenotype
ZP:0004231,"cranial cartilage hypoplastic, abnormal",,phenotype
ZP:0004703,"cell migration process quality, abnormal",,phenotype
ZFIN:ZDB-GENE-050506-35,mpp6a,,gene
EFO:0004535,serum albumin measurement,,phenotype
ENSEMBL:ENSECAG00000002481,ENSEMBL:ENSECAG00000002481,,gene
ENSEMBL:ENSMMUG00000008618,ENSEMBL:ENSMMUG00000008618,,gene
ZP:0011405,"skeletal muscle myofibril myotome disorganized, abnormal",,phenotype
WBPhenotype:0001010,clear,,phenotype
WBPhenotype:0000520,morphology phenotype,,phenotype
ENSEMBL:ENSMMUG00000012278,ENSEMBL:ENSMMUG00000012278,,gene
MP:0003885,abnormal rostral-caudal body axis extension,,phenotype
MONARCH:APO_0000032APO_0000003,mating response:decreased,,phenotype
WormBase:WBGene00000064,act-2,,gene
ClinVarVariant:803852,NM_004006.3(DMD):c.6356G>A (p.Trp2119Ter),,variant
MP:0010725,thin interventricular septum,,phenotype
MP:0000788,abnormal cerebral cortex morphology,,phenotype
ZFIN:ZDB-GENE-030616-413,ttn.1,,gene
ZP:0009748,"atrium shape, abnormal",,phenotype
ClinVarVariant:11222,NM_000109.4(DMD):c.2278C>T (p.Arg760Ter),,variant
ClinVarVariant:803815,NM_004006.3(DMD):c.8744G>A (p.Trp2915Ter),,variant
MP:0002952,ventricular cardiomyopathy,,phenotype
ZP:0011825,"cell EVL morphology, abnormal",,phenotype
ZFIN:ZDB-GENE-040426-2326,nup58,,gene
SGD:S000003449,CCH1,,gene
2338,mepacrine,,drug
Xenbase:XB-GENE-948345,capn9,,gene
ClinVarVariant:653791,NM_004006.2(DMD):c.831+1G>C,,variant
OMIM:300377.0023,"DMD, GLN673TER",,variant
ClinVarVariant:803796,NM_004006.3(DMD):c.9808-2A>T,,variant
ClinVarVariant:981993,NC_000023.11:g.(31147519_31169442)_(31658145_31679374)dup,,variant
MGI:2441856,Sf3b2,,gene
HP:0012091,Abnormality of pancreas physiology,,phenotype
MP:0012104,small amniotic cavity,,phenotype
ClinVarVariant:575031,NM_000109.4(DMD):c.670_674ATCAC[3] (p.Leu227fs),,variant
ZP:0002181,"ventricular myocardium non-functional, abnormal",,phenotype
MP:0013443,Harderian gland hyperplasia,,phenotype
ENSEMBL:ENSPTRG00000016087,ENSEMBL:ENSPTRG00000016087,,gene
MONARCH:APO_0000111APO_0000003,viability:decreased,,phenotype
MP:0013771,decreased effector memory T-helper cell number,,phenotype
MP:0001633,poor circulation,,phenotype
HGNC:11138,SNCA,,gene
HP:0030434,Pilomatrixoma,,phenotype
HP:0005879,Congenital finger flexion contractures,,phenotype
HP:0002280,Enlarged cisterna magna,,phenotype
ZFIN:ZDB-GENE-041111-121,sgca,,gene
EFO:0004784,self reported educational attainment,,phenotype
HP:0012086,Abnormal urinary color,,phenotype
ZFIN:ZDB-GENE-060526-13,si:ch211-114c12.5,,gene
ENSEMBL:ENSGALG00000013207,CTNNAL1,,gene
WormBase:WBGene00001127,dyf-11,,gene
ZP:0100739,"cardiac muscle cell decreased length, abnormal",,phenotype
ENSEMBL:ENSBTAG00000045789,TNNT2,,gene
MP:0004231,abnormal calcium ion homeostasis,,phenotype
ZP:0104210,"myelinating Schwann cell posterior lateral line decreased distribution, abnormal",,phenotype
MP:0010819,primary atelectasis,,phenotype
HGNC:27503,LINC01588,,gene
NCBITaxon:13616,Monodelphis domestica,,taxon
MP:0008554,decreased circulating tumor necrosis factor level,,phenotype
ZP:0000725,"posterior cardinal vein unlumenized, abnormal",,phenotype
HP:0004429,Recurrent viral infections,,phenotype
RGD:631429,Myod1,,gene
ZP:0009592,"neuromuscular synaptic transmission increased duration, abnormal",,phenotype
MP:0004273,abnormal basal lamina morphology,,phenotype
EnsemblGenome:AT1G55350,EnsemblGenome:AT1G55350,,gene
MP:0009781,abnormal preimplantation embryo development,,phenotype
ENSEMBL:ENSCAFG00030010141,ENSEMBL:ENSCAFG00030010141,,gene
ZP:0102145,"caveola notochord inner cell malformed, abnormal",,phenotype
ENSEMBL:ENSGALG00000009670,SGCE,,gene
ZFIN:ZDB-GENE-980526-265,myog,,gene
ZP:0007519,"eurydendroid cell cerebellum decreased amount, abnormal",,phenotype
ClinVarVariant:526062,NM_004006.2(DMD):c.1292G>A (p.Trp431Ter),,variant
P63316,"Troponin C, slow skeletal and cardiac muscles",,gene product
FlyBase:FBgn0003510,Sry-alpha,,gene
MP:0008232,abnormal cingulum morphology,,phenotype
ClinVarVariant:803948,NM_004006.3(DMD):c.453T>G (p.Tyr151Ter),,variant
MP:0003827,abnormal Wolffian duct morphology,,phenotype
ZP:0003016,"endocrine cell pancreas mislocalised, abnormal",,phenotype
HP:0040194,Increased head circumference,,phenotype
MP:0020187,abnormal susceptibility to prion infection,,phenotype
dictyBase:DDB_G0292304,mrkA,,gene
HP:0003811,Neonatal death,,phenotype
dictyBase:DDB_G0269240,racH,,gene
MP:0003082,abnormal gastrocnemius morphology,,phenotype
ZP:0100422,"pupil irregularly shaped, abnormal",,phenotype
HGNC:685,ARHGEF6,,gene
ENSEMBL:ENSFCAG00000042196,ENSEMBL:ENSFCAG00000042196,,gene
ENSEMBL:ENSMODG00000008793,ENSEMBL:ENSMODG00000008793,,gene
ClinVarVariant:837336,NM_004006.3(DMD):c.10797+2T>A,,variant
ZP:0003153,"somite border morphology, abnormal",,phenotype
WBPhenotype:0001708,protein export from nucleus defective,,phenotype
RGD:620686,Des,,gene
ClinVarVariant:254069,NM_004006.2(DMD):c.32-?_93+?dup62,,variant
MP:0003731,abnormal retinal outer nuclear layer morphology,,phenotype
ZP:0137795,"myotome structurally discontinuous, abnormal",,phenotype
ZP:0000528,"cardiac ventricle decreased size, abnormal",,phenotype
ZP:0003267,"muscle attachment process quality, abnormal",,phenotype
ZP:0001443,"pronephric duct dilated, abnormal",,phenotype
ZP:0002174,"cardiac ventricle non-functional, abnormal",,phenotype
MP:0000440,domed cranium,,phenotype
ClinVarVariant:584202,NC_000023.11:g.(?_31627653)_(31932247_?)del,,variant
MP:0003051,curly tail,,phenotype
ZP:0014104,"brain vasculature structure, abnormal",,phenotype
ENSEMBL:ENSMODG00000012155,ENSEMBL:ENSMODG00000012155,,gene
WBPhenotype:0000060,adult lethal,,phenotype
ZP:0101690,"caudal hypothalamic zone increased distribution, abnormal",,phenotype
MP:0008489,slow postnatal weight gain,,phenotype
GO:0010881,regulation of cardiac muscle contraction by regulation of the release of sequestered calcium ion,,molecular function
MP:0001362,abnormal anxiety-related response,,phenotype
ClinVarVariant:662295,NC_000023.10:g.(?_32715967)_(33146302_?)dup,,variant
MP:0008560,increased tumor necrosis factor secretion,,phenotype
GO:0031527,filopodium membrane,,molecular function
ZFIN:ZDB-GENE-980526-137,chrna1,,gene
HGNC:6735,LYN,,gene
ENSEMBL:ENSGALG00000012256,UTRN,,gene
ZP:0000666,"chondrocyte ceratohyal cartilage morphology, abnormal",,phenotype
WormBase:WBGene00002225,klp-15,,gene
RGD:1310801,Zgpat,,gene
MP:0011144,thin lung-associated mesenchyme,,phenotype
ENSEMBL:ENSACAG00000011902,ENSEMBL:ENSACAG00000011902,,gene
PomBase:SPBC56F2.03,arp10,,gene
ClinVarVariant:417488,NC_000023.11:g.(?_31968339)_(31968514_?)del,,variant
MP:0012703,decreased embryonic neuroepithelium thickness,,phenotype
ZP:0008069,"skeletal muscle cell retracted, abnormal",,phenotype
RGD:2321596,Rnf11l1,,gene
HP:0001012,Multiple lipomas,,phenotype
OMIM:300377.0069,"DMD, IVS70, G-T, +5",,variant
WormBase:WBGene00019184,H10E21.4,,gene
ClinVarVariant:984460,NC_000023.10:g.(32834758_32841411)_(33038318_33229398)del,,variant
MP:0002333,abnormal lung compliance,,phenotype
ENSEMBL:ENSGALG00000006835,ENSEMBL:ENSGALG00000006835,,gene
HP:0030825,Absent foveal reflex,,phenotype
ENSEMBL:ENSBTAG00000002414,ENSEMBL:ENSBTAG00000002414,,gene
ENSEMBL:ENSFCAG00000014869,ENSEMBL:ENSFCAG00000014869,,gene
ENSEMBL:ENSMMUG00000006169,ENSEMBL:ENSMMUG00000006169,,gene
EFO:0004308,leukocyte count,,phenotype
MONARCH:APO_0000255APO_0000002,cell cycle progression in G1 phase:abnormal,,phenotype
ZP:0006703,"retinal inner plexiform layer decreased thickness, abnormal",,phenotype
MP:0001589,abnormal mean corpuscular hemoglobin,,phenotype
ClinVarVariant:984440,NM_004006.3(DMD):c.3490A>T (p.Lys1164Ter),,variant
HP:0001635,Congestive heart failure,,phenotype
ENSEMBL:ENSMODG00000016393,ENSEMBL:ENSMODG00000016393,,gene
ZP:0104209,"posterior lateral line delayed myelination of posterior lateral line nerve axons, abnormal",,phenotype
ENSEMBL:ENSBTAG00000046838,A0A3Q1LWR2,,gene
ENSEMBL:ENSACAG00000007566,ENSEMBL:ENSACAG00000007566,,gene
ZP:0008195,"glomerular basement membrane disorganized, abnormal",,phenotype
dictyBase:DDB_G0282291,potA,,gene
ENSEMBL:ENSSSCG00000006556,TPM3,,gene
ZP:0018735,"endosome skeletal muscle cell increased amount, abnormal",,phenotype
ENSEMBL:ENSACAG00000003864,ENSEMBL:ENSACAG00000003864,,gene
ZFIN:ZDB-GENE-040718-80,tnni2a.3,,gene
ENSEMBL:ENSGALG00000008148,A0A1D5PKM9,,gene
MP:0005176,eyelids fail to open,,phenotype
MP:0011348,abnormal renal glomerulus basement membrane morphology,,phenotype
ENSEMBL:ENSPTRG00000003869,ENSEMBL:ENSPTRG00000003869,,gene
ZP:0017550,"caudal vein plexus process quality sprouting angiogenesis, abnormal",,phenotype
MP:0001515,abnormal grip strength,,phenotype
WBPhenotype:0001495,cell division precocious,,phenotype
ENSEMBL:ENSMMUG00000010484,ENSEMBL:ENSMMUG00000010484,,gene
MP:0001883,increased mammary adenocarcinoma incidence,,phenotype
Xenbase:XB-GENE-854103,satb1,,gene
RGD:1311596,Mybpc2,,gene
ClinVarVariant:217196,NM_004006.2(DMD):c.358-2A>G,,variant
ENSEMBL:ENSCAFG00000020267,TERF2,,gene
MGI:1352490,Capn11,,gene
ClinVarVariant:844999,NM_004006.3(DMD):c.650-1G>A,,variant
ZFIN:ZDB-GENE-060526-267,git2a,,gene
ENSEMBL:ENSGALG00000009382,ENSEMBL:ENSGALG00000009382,,gene
EFO:0004570,bilirubin measurement,,phenotype
MP:0000830,abnormal diencephalon morphology,,phenotype
ENSEMBL:ENSMMUG00000060439,ENSEMBL:ENSMMUG00000060439,,gene
HP:0007350,Hyperreflexia in upper limbs,,phenotype
MP:0030258,small mandibular condyloid process,,phenotype
ZP:0000306,"whole organism dead, abnormal",,phenotype
ZP:0102147,"notochord inner cell has fewer parts of type plasma membrane caveola notochord inner cell, abnormal",,phenotype
ZP:0001640,"cell notochord structure, abnormal",,phenotype
MP:0003886,abnormal embryonic epiblast morphology,,phenotype
ZP:0102118,"notochord outer sheath cell displaced to central region notochord, abnormal",,phenotype
MP:0002020,increased tumor incidence,,phenotype
Xenbase:XB-GENE-953967,agrn,,gene
MGI:1194513,Psmb5,,gene
HP:0002495,Impaired vibratory sensation,,phenotype
WBPhenotype:0000565,coiler,,phenotype
WBPhenotype:0000962,level of transgene expression variant,,phenotype
ZP:0003283,"horizontal myoseptum aplastic, abnormal",,phenotype
ClinVarVariant:625644,GRCh37/hg19 Xp21.1(chrX:32235149-32459424),,variant
ENSEMBL:ENSACAG00000010234,ENSEMBL:ENSACAG00000010234,,gene
MP:0001716,abnormal placenta labyrinth morphology,,phenotype
ZP:0006415,"myoblast fusion decreased occurrence, abnormal",,phenotype
ZP:0004377,"muscle fiber development disrupted, abnormal",,phenotype
HP:0002650,Scoliosis,,phenotype
ENSEMBL:ENSCAFG00000023592,SLC8A1,,gene
3256,furtrethonium,,drug
HP:0001763,Pes planus,,phenotype
MP:0011108,"embryonic lethality during organogenesis, incomplete penetrance",,phenotype
ENSEMBL:ENSBTAG00000017473,LAMC3,,gene
ZP:0000921,"ceratohyal cartilage morphology, abnormal",,phenotype
ZP:0019910,"ovulation process quality, abnormal",,phenotype
GO:0048747,muscle fiber development,,molecular function
ZP:0137787,"connective tissue cell myotome increased amount, abnormal",,phenotype
ENSEMBL:ENSECAG00000005145,ENSEMBL:ENSECAG00000005145,,gene
RGD:1306638,Sgcd,,gene
ENSEMBL:ENSMMUG00000007878,ENSEMBL:ENSMMUG00000007878,,gene
ZP:0100473,"filopodium intersegmental vessel decreased amount, abnormal",,phenotype
FBcv:0000425,increased cell death,,phenotype
987,edetic acid,,drug
ZP:0013553,"gonad development process quality, abnormal",,phenotype
HGNC:9688,CAVIN1,,gene
WBPhenotype:0000675,zygotic lethal,,phenotype
ENSEMBL:ENSOANG00000009183,ENSEMBL:ENSOANG00000009183,,gene
ZP:0018619,"microglial cell increased frequency phagocytosis, abnormal",,phenotype
ENSEMBL:ENSPTRG00000052804,ENSEMBL:ENSPTRG00000052804,,gene
dictyBase:DDB_G0269558,DDB0190356,,gene
ZP:0100736,"sarcomere cardiac muscle cell disassembled, abnormal",,phenotype
ENSEMBL:ENSPTRG00000015787,ENSEMBL:ENSPTRG00000015787,,gene
ClinVarVariant:455834,NC_000023.11:g.(?_32411732)_(32614473_?)del,,variant
MP:0009791,increased susceptibility to viral infection induced morbidity/mortality,,phenotype
MONARCH:APO_0000255APO_0000247,cell cycle progression in G1 phase:decreased duration,,phenotype
ENSEMBL:ENSMMUG00000003124,ENSEMBL:ENSMMUG00000003124,,gene
MP:0001849,ear inflammation,,phenotype
HP:0000717,Autism,,phenotype
ENSEMBL:ENSGALG00000013684,SGCZ,,gene
374,biperiden,,drug
ENSEMBL:ENSSSCG00000031172,ENSEMBL:ENSSSCG00000031172,,gene
MP:0005575,increased pulmonary ventilation,,phenotype
ZP:0005007,"posterior lateral line neuromast hair cell development process quality, abnormal",,phenotype
MP:0004876,decreased mean systemic arterial blood pressure,,phenotype
RGD:1566072,Dock1,,gene
ZP:0003013,"vacuole notochord decreased size, abnormal",,phenotype
HP:0011705,First degree atrioventricular block,,phenotype
ClinVarVariant:94584,NM_004006.2(DMD):c.3295C>T (p.Gln1099Ter),,variant
MP:0009254,disorganized pancreatic islets,,phenotype
ZP:0005655,"heart contraction asynchronous, abnormal",,phenotype
ClinVarVariant:803932,NM_004006.3(DMD):c.1150-2A>T,,variant
HP:0000997,Axillary freckling,,phenotype
MESH:D002185,Cannabidiol,,drug
494,pentoxyverine,,drug
ZP:0103653,"striated muscle thin filament slow muscle cell decreased length, abnormal",,phenotype
681,clioquinol,,drug
ZP:0000415,"lens development in camera-type eye disrupted, abnormal",,phenotype
Q08828,Adenylate cyclase type 1,,gene product
ZP:0019939,"hindbrain increased distribution, abnormal",,phenotype
WBPhenotype:0001700,swimming variant,,phenotype
ZP:0106968,"neuron projection CaP motoneuron increased length, abnormal",,phenotype
WormBase:WBGene00006974,zen-4,,gene
ENSEMBL:ENSMODG00000025574,ENSEMBL:ENSMODG00000025574,,gene
ENSEMBL:ENSECAG00000020220,ENSEMBL:ENSECAG00000020220,,gene
MGI:6438180,Dmd<em4Eno> [C57BL/6-Dmd<em4Eno>],,genotype
ZP:0002984,"lateral mesoderm morphogenesis decreased process quality, abnormal",,phenotype
HP:0006690,Myocardial calcification,,phenotype
ZFIN:ZDB-GENE-990415-46,nup93,,gene
ZP:0137235,"caudal vein plexus decreased distribution, abnormal",,phenotype
ENSEMBL:ENSFCAG00000040625,ENSEMBL:ENSFCAG00000040625,,gene
WBPhenotype:0001567,nuclei enlarged,,phenotype
ZFIN:ZDB-GENE-101013-2,arhgef6,,gene
ENSEMBL:ENSBTAG00000039684,CAVIN1,,gene
MP:0020409,abnormal cardiac thrombosis,,phenotype
ClinVarVariant:526066,NM_004006.2(DMD):c.1366A>T (p.Lys456Ter),,variant
ClinVarVariant:584270,NC_000023.10:g.(?_31224679)_(31382270_?)dup,,variant
ClinVarVariant:11230,NM_000109.4(DMD):c.479C>A (p.Ala160Asp),,variant
MGI:99916,Lamb2,,gene
ClinVarVariant:570910,NM_004006.2(DMD):c.5026-2A>G,,variant
ZP:0007281,"cranial vasculature immature, abnormal",,phenotype
ENSEMBL:ENSBTAG00000003956,SGCA,,gene
MP:0004754,abnormal kidney collecting duct morphology,,phenotype
HP:0003042,Elbow dislocation,,phenotype
ZFIN:ZDB-GENE-041014-154,si:dkey-206f10.1,,gene
RGD:1594202,Sgcb,,gene
ClinVarVariant:833017,NC_000023.11:g.(?_31657980)_(31729758_?)del,,variant
EFO:0009749,age at first sexual intercourse measurement,,phenotype
ClinVarVariant:831003,NC_000023.11:g.(?_32816458)_(32823850_?)del,,variant
MP:0020439,absent b-wave,,phenotype
ENSEMBL:ENSPTRG00000021235,ENSEMBL:ENSPTRG00000021235,,gene
MP:0011466,increased urine urea nitrogen level,,phenotype
ENSEMBL:ENSOANG00000009533,ENSEMBL:ENSOANG00000009533,,gene
MONARCH:APO_0000090APO_0000003,metal resistance:decreased,,phenotype
ClinVarVariant:650182,NC_000023.11:g.(?_31609621)_(32501852_?)del,,variant
ClinVarVariant:981955,NC_000023.11:g.(31729749_31773959)_(31968515_32216915)del,,variant
MP:0020333,enhanced leukocyte tethering or rolling,,phenotype
ENSEMBL:ENSMODG00000017016,ENSEMBL:ENSMODG00000017016,,gene
FlyBase:FBgn0038788,Sirt2,,gene
HP:0100522,Thymoma,,phenotype
ZP:0017759,"optic tectum decreased width, abnormal",,phenotype
MP:0008097,increased plasma cell number,,phenotype
784,darifenacin,,drug
Coriell:GM03604,NIGMS-GM03604,,biological artifact
MP:0020416,decreased fibroblast chemotaxis,,phenotype
MP:0006108,abnormal hindbrain development,,phenotype
ZP:0014338,"sarcomere slow muscle cell absent, abnormal",,phenotype
ClinVarVariant:982037,NM_004006.3(DMD):c.3982C>T (p.Gln1328Ter),,variant
OMIM:300377.0074,"DMD, GLU1211TER, 3839G-T",,variant
ENSEMBL:ENSGALG00000015248,ENSEMBL:ENSGALG00000015248,,gene
WBPhenotype:0002319,roaming increased,,phenotype
dbSNPIndividual:11326,46;X;t(X;21)(Xqter>Xp21::21p12>21pter; 21qter>21p12::Xp21>Xpter) [GM10062],,genotype
Xenbase:XB-GENE-1014775,cul4a,,gene
FlyBase:FBgn0040206,krz,,gene
MP:0002834,decreased heart weight,,phenotype
MP:0004996,abnormal CNS synapse formation,,phenotype
HP:0030039,Fused thoracic vertebrae,,phenotype
ZP:0104768,"serotonin hindbrain increased amount, abnormal",,phenotype
MP:0006254,thin cerebral cortex,,phenotype
ENSEMBL:ENSMMUG00000005424,ENSEMBL:ENSMMUG00000005424,,gene
ENSEMBL:ENSACAG00000009583,ENSEMBL:ENSACAG00000009583,,gene
MP:0002177,abnormal outer ear morphology,,phenotype
ZP:0011195,"lens disrupted collagen fibril organization, abnormal",,phenotype
WBPhenotype:0001102,mitotic spindle defective early emb,,phenotype
MP:0010098,abnormal retinal blood vessel pattern,,phenotype
MP:0003862,decreased aggression towards males,,phenotype
ZP:0018435,"photoreceptor inner segment photoreceptor cell absent, abnormal",,phenotype
ENSEMBL:ENSBTAG00000021916,ENSEMBL:ENSBTAG00000021916,,gene
ClinVarVariant:584162,NC_000023.11:g.(?_32438221)_(32699313_?)del,,variant
FlyBase:CG44159,FlyBase:CG44159,,gene
ENSEMBL:ENSXETG00000039206,gja7,,gene
HP:0002974,Radioulnar synostosis,,phenotype
ZP:0002178,"atrial myocardium contractility, abnormal",,phenotype
MP:0001052,abnormal innervation pattern to muscle,,phenotype
MP:0008854,bleb,,phenotype
MP:0008699,increased interleukin-4 secretion,,phenotype
NCBIGene:100495980,LOC100495980,,gene
MP:0001719,absent vitelline blood vessels,,phenotype
ZP:0104691,"metencephalic artery absent, abnormal",,phenotype
ENSEMBL:ENSFCAG00000007147,ENSEMBL:ENSFCAG00000007147,,gene
ZP:0000865,"nucleate erythrocyte spherical, abnormal",,phenotype
2776,trospium,,drug
5341,quizartinib,,drug
Xenbase:XB-GENE-961764,pak3,,gene
ZP:0002941,"camera-type eye morphogenesis process quality, abnormal",,phenotype
WormBase:WBGene00003369,mlc-1,,gene
MGI:1313259,Slfn1,,gene
HP:0045005,Neural tube defect,,phenotype
ClinVarVariant:838351,NM_004006.3(DMD):c.8821G>T (p.Glu2941Ter),,variant
Coriell:GM23096,NIGMS-GM23096,,biological artifact
MP:0008025,brain vacuoles,,phenotype
MP:0004251,failure of heart looping,,phenotype
MP:0009926,decreased transitional stage T2 B cell number,,phenotype
MP:0001256,abnormal body length,,phenotype
MP:0001906,increased dopamine level,,phenotype
ENSEMBL:ENSGALG00000004740,ENSEMBL:ENSGALG00000004740,,gene
dictyBase:DDB_G0268258,kif12,,gene
ClinVarVariant:455849,NC_000023.11:g.(?_33211262)_(33211366_?)del,,variant
MP:0013189,abnormal exploration in a new environment,,phenotype
HP:0002365,Hypoplasia of the brainstem,,phenotype
MP:0003721,increased tumor growth/size,,phenotype
ZFIN:ZDB-GENE-030131-1028,sirt2,,gene
ClinVarVariant:803905,NM_004006.3(DMD):c.2694dup (p.Glu899fs),,variant
HP:0000543,Optic disc pallor,,phenotype
MP:0000377,abnormal hair follicle morphology,,phenotype
ZFIN:ZDB-GENE-070822-12,smyhc2,,gene
ENSEMBL:ENSSSCG00000011201,SATB1,,gene
ClinVarVariant:499188,NM_004006.2(DMD):c.4591C>T (p.Gln1531Ter),,variant
ENSEMBL:ENSACAG00000002512,ENSEMBL:ENSACAG00000002512,,gene
ENSEMBL:ENSPTRG00000030540,ENSEMBL:ENSPTRG00000030540,,gene
HP:0002342,"Intellectual disability, moderate",,phenotype
ZP:0001486,"skeletal muscle satellite cell proliferation increased occurrence, abnormal",,phenotype
ZP:0000675,"heart morphogenesis decreased process quality, abnormal",,phenotype
HGNC:6484,LAMA4,,gene
WormBase:WBGene00012437,nmy-3,,gene
ZP:0019130,"pronephros decreased process quality cilium assembly, abnormal",,phenotype
MGI:97769,Prnp,,gene
ENSEMBL:ENSECAG00000023813,ENSEMBL:ENSECAG00000023813,,gene
ZP:0020574,"CaP motoneuron decreased occurrence synaptic vesicle exocytosis, abnormal",,phenotype
ZFIN:ZDB-GENE-030131-7105,satb1b,,gene
ZP:0006768,"splanchnocranium malformed, abnormal",,phenotype
MGI:1856331,Dmd<mdx-4Cv>,,variant
ZP:0018892,"muscle pioneer increased distribution, abnormal",,phenotype
MP:0000596,abnormal liver development,,phenotype
ZP:0002957,"muscle tendon junction myotome disorganized, abnormal",,phenotype
ZP:0006775,"splanchnocranium structure, abnormal",,phenotype
ZP:0003074,"cardiac muscle cell decreased contractility, abnormal",,phenotype
EFO:0010972,blood phosphate measurement,,phenotype
MP:0010922,alveolitis,,phenotype
ClinVarVariant:803962,NM_004006.3(DMD):c.31+1del,,variant
ENSEMBL:ENSRNOG00000057569,ENSEMBL:ENSRNOG00000057569,,gene
ZP:0138008,"cell posterior lateral plate mesoderm decreased adhesivity, abnormal",,phenotype
WBPhenotype:0001792,nuclei small,,phenotype
ZP:0003360,"caveola notochord decreased amount, abnormal",,phenotype
ClinVarVariant:11256,NM_000109.4(DMD):c.4189C>T (p.Gln1397Ter),,variant
ZP:0010940,"vascular endothelium increased size, abnormal",,phenotype
MP:0001361,social withdrawal,,phenotype
HP:0002884,Hepatoblastoma,,phenotype
WBPhenotype:0000574,excretory canal short,,phenotype
ENSEMBL:ENSECAG00000009238,ENSEMBL:ENSECAG00000009238,,gene
RGD:1306311,Lamb1,,gene
ENSEMBL:ENSFCAG00000015132,ENSEMBL:ENSFCAG00000015132,,gene
MP:0008260,abnormal autophagy,,phenotype
HP:0002442,Dyscalculia,,phenotype
MGI:1344392,Capn10,,gene
ZP:0018621,"ventral wall of dorsal aorta increased amount, abnormal",,phenotype
HP:0040238,Impaired neutrophil chemotaxis,,phenotype
MONARCH:APO_0000266APO_0000250,cell cycle progression in S phase:arrested,,phenotype
MP:0001404,no spontaneous movement,,phenotype
ZP:0021040,"endocardium increased occurrence cell population proliferation, abnormal",,phenotype
WBPhenotype:0001289,acetylcholinesterase inhibitor resistant,,phenotype
HP:0000548,Cone/cone-rod dystrophy,,phenotype
ENSEMBL:ENSPTRG00000052824,ENSEMBL:ENSPTRG00000052824,,gene
ENSEMBL:ENSCAFG00000001106,LAMA2,,gene
EFO:0005090,basophil count,,phenotype
HP:0004328,Abnormal anterior eye segment morphology,,phenotype
ENSEMBL:ENSCAFG00000006116,ARHGEF7,,gene
ENSEMBL:ENSECAG00000019706,ENSEMBL:ENSECAG00000019706,,gene
MP:0006335,abnormal hearing electrophysiology,,phenotype
MP:0005465,abnormal T-helper 1 physiology,,phenotype
HP:0000657,Oculomotor apraxia,,phenotype
MGI:1921269,Traf3ip1,,gene
763,cycrimine,,drug
MGI:97268,Myl3,,gene
ENSEMBL:ENSCAFG00000017592,SGCD,,gene
ZFIN:ZDB-GENE-041014-342,trim54,,gene
ClinVarVariant:831464,NC_000023.11:g.(?_31609621)_(31836829_?)del,,variant
HP:0001310,Dysmetria,,phenotype
MONARCH:APO_0000149APO_0000003,protein/peptide accumulation:decreased,,phenotype
ZFIN:ZDB-GENE-040801-9,tnni2b.2,,gene
MP:0003693,abnormal blastocyst hatching,,phenotype
EFO:0004762,vascular endothelial growth factor measurement,,phenotype
MP:0008392,decreased primordial germ cell number,,phenotype
ZP:0008790,"filopodium intersegmental vessel decreased length, abnormal",,phenotype
1982,olanzapine,,drug
ZP:0100535,"motor neuron facial nerve motor nucleus increased amount, abnormal",,phenotype
ENSEMBL:ENSPTRG00000008276,ENSEMBL:ENSPTRG00000008276,,gene
ZP:0102110,"notochord increased fragility, abnormal",,phenotype
FBcv:0000720,abnormal jump response,,phenotype
ClinVarVariant:832679,NC_000023.11:g.(?_32216906)_(32699303_?)del,,variant
RGD:70907,Actn1,,gene
MP:0031131,myocardial fiber disarray,,phenotype
ENSEMBL:ENSOANG00000013754,ENSEMBL:ENSOANG00000013754,,gene
ENSEMBL:ENSPTRG00000019587,ENSEMBL:ENSPTRG00000019587,,gene
ZP:0009302,"whole organism lacks parts or has fewer parts of type trigeminal motor nucleus, abnormal",,phenotype
ClinVarVariant:832662,NC_000023.11:g.(?_32380500)_(32699303_?)del,,variant
GO:0014819,regulation of skeletal muscle contraction,,molecular function
ZP:0019897,"presumptive neural retina flattened, abnormal",,phenotype
ENSEMBL:ENSBTAG00000013239,ENSEMBL:ENSBTAG00000013239,,gene
MGI:97805,Ptpn1,,gene
ENSEMBL:ENSMMUG00000013768,ENSEMBL:ENSMMUG00000013768,,gene
RGD:1359674,Arhgef6,,gene
ClinVarVariant:654104,NC_000023.11:g.(?_31729621)_(31729758_?)del,,variant
ENSEMBL:ENSOANG00000043940,ENSEMBL:ENSOANG00000043940,,gene
HP:0005978,Type II diabetes mellitus,,phenotype
WBPhenotype:0000593,copper hypersensitive,,phenotype
ZP:0009296,"telencephalic white matter lacks parts or has fewer parts of type anterior commissure, abnormal",,phenotype
242,aripiprazole,,drug
Coriell:GM05113,NIGMS-GM05113,,biological artifact
ClinVarVariant:803807,NM_004006.3(DMD):c.9185_9186AG[2] (p.Arg3063fs),,variant
MGI:88039,Apc,,gene
ClinVarVariant:649084,NC_000023.10:g.(?_32536115)_(32536267_?)dup,,variant
ZP:0000758,"hematopoietic multipotent progenitor cell decreased amount, abnormal",,phenotype
ZP:0001137,"somite decreased amount, abnormal",,phenotype
ENSEMBL:ENSCAFG00000012249,ADCY1,,gene
MP:0011963,abnormal total retina thickness,,phenotype
ZP:0007173,"sarcomere slow muscle cell decreased amount, abnormal",,phenotype
WBPhenotype:0001687,surface antigenicity variant,,phenotype
2457,solifenacin,,drug
MP:0003957,abnormal nitric oxide homeostasis,,phenotype
ENSEMBL:ENSMODG00000010667,ENSEMBL:ENSMODG00000010667,,gene
HP:0100578,Lipoatrophy,,phenotype
HP:0012100,Abnormal circulating creatinine concentration,,phenotype
WormBase:WBGene00003600,nhr-1,,gene
MP:0008019,increased liver tumor incidence,,phenotype
ZP:0000247,"actin filament fast muscle cell distributed, abnormal",,phenotype
ENSEMBL:ENSCAFG00000000251,ENSEMBL:ENSCAFG00000000251,,gene
ClinVarVariant:643482,NM_000109.4(DMD):c.4586dup (p.Asn1529fs),,variant
dictyBase:DDB_G0288817,osbK,,gene
ZP:0006622,"whole organism semi-viable, abnormal",,phenotype
ENSEMBL:ENSECAG00000011792,ENSEMBL:ENSECAG00000011792,,gene
ENSEMBL:ENSACAG00000003763,ENSEMBL:ENSACAG00000003763,,gene
ClinVarVariant:803825,NM_004006.3(DMD):c.8326del (p.Gln2776fs),,variant
ClinVarVariant:803921,NM_004006.3(DMD):c.2064dup (p.Thr689fs),,variant
HP:0002376,Developmental regression,,phenotype
ENSEMBL:ENSOANG00000036553,ENSEMBL:ENSOANG00000036553,,gene
HGNC:11948,TNNT1,,gene
WBPhenotype:0002288,tail bend angle variant,,phenotype
ENSEMBL:ENSMODG00000008369,ENSEMBL:ENSMODG00000008369,,gene
MP:0008789,abnormal olfactory epithelium morphology,,phenotype
MP:0003083,abnormal tibialis anterior morphology,,phenotype
ENSEMBL:ENSECAG00000003398,ENSEMBL:ENSECAG00000003398,,gene
WormBase:WBGene00003630,nhr-40,,gene
MP:0000759,abnormal skeletal muscle morphology,,phenotype
WBPhenotype:0000793,posterior body morphology variant,,phenotype
ZP:0000701,"regulation of cardiac muscle contraction disrupted, abnormal",,phenotype
MP:0000706,small thymus,,phenotype
WBPhenotype:0001468,benzaldehyde chemotaxis variant,,phenotype
ENSEMBL:ENSPTRG00000015345,ENSEMBL:ENSPTRG00000015345,,gene
ENSEMBL:ENSMMUG00000020418,ENSEMBL:ENSMMUG00000020418,,gene
ENSEMBL:ENSGALG00000007247,TGFB1I1,,gene
HP:0008180,Mildly elevated creatine kinase,,phenotype
ZP:0003210,"whole organism decreased mobility, abnormal",,phenotype
ZP:0000450,"blood circulation arrested, abnormal",,phenotype
HP:0004447,Poikilocytosis,,phenotype
MGI:1339975,Pak1,,gene
MONARCH:APO_0000129APO_0000002,protein transport:abnormal,,phenotype
MP:0011952,decreased cardiac stroke volume,,phenotype
ENSEMBL:ENSCAFG00000009066,ENSEMBL:ENSCAFG00000009066,,gene
APO:0000152,haploinsufficient,,phenotype
HP:0011459,Esophageal carcinoma,,phenotype
ENSEMBL:ENSBTAG00000022699,ENSEMBL:ENSBTAG00000022699,,gene
2599,terconazole,,drug
ENSEMBL:ENSACAG00000017939,ENSEMBL:ENSACAG00000017939,,gene
ClinVarVariant:830818,NC_000023.11:g.(?_31260945)_(31261664_?)del,,variant
ENSEMBL:ENSECAG00000004908,ENSEMBL:ENSECAG00000004908,,gene
ZP:0000505,"retinal cone cell decreased amount, abnormal",,phenotype
ENSEMBL:ENSPTRG00000010936,ENSEMBL:ENSPTRG00000010936,,gene
Q13153,Serine/threonine-protein kinase PAK 1,,gene product
FlyBase:FBgn0000045,Act79B,,gene
MONARCH:APO_0000123APO_0000003,recovery from pheromone-induced cell cycle arrest:decreased,,phenotype
ZP:0006359,"brain decreased volume, abnormal",,phenotype
ZFIN:ZDB-GENE-070424-83,zgc:162184,,gene
ENSEMBL:ENSSSCG00000033760,LTBP4,,gene
dbSNP:rs6788567,rs6788567-?,,variant
ClinVarVariant:11288,NM_004006.2(DMD):c.8713C>T (p.Arg2905Ter),,variant
MP:0010123,increased bone mineral content,,phenotype
MP:0009357,abnormal seizure response to inducing agent,,phenotype
ClinVarVariant:217180,NM_004006.2(DMD):c.1663C>T (p.Gln555Ter),,variant
Xenbase:XB-GENE-486401,mybpc1,,gene
ENSEMBL:ENSSSCG00000011325,MYL3,,gene
ENSEMBL:ENSSSCG00000006250,LYN,,gene
ZP:0003148,"axon cranial nerve V decreased length, abnormal",,phenotype
ENSEMBL:ENSRNOG00000055371,ENSEMBL:ENSRNOG00000055371,,gene
ClinVarVariant:984681,NM_004006.3(DMD):c.7768G>T (p.Glu2590Ter),,variant
ZP:0003014,"vacuole notochord decreased amount, abnormal",,phenotype
MP:0004338,small clavicle,,phenotype
ZP:0005836,"motile cilium Kupffer's vesicle decreased length, abnormal",,phenotype
PomBase:SPAC4A8.13c,pts1,,gene
HP:0005214,Intestinal obstruction,,phenotype
HP:0002073,Progressive cerebellar ataxia,,phenotype
5260,acalabrutinib,,drug
HP:0001407,Hepatic cysts,,phenotype
HP:0000969,Edema,,phenotype
MP:0004298,vestibular ganglion degeneration,,phenotype
MP:0008853,decreased abdominal adipose tissue amount,,phenotype
ClinVarVariant:803900,NM_004006.3(DMD):c.2960del (p.Ser987fs),,variant
MP:0001396,unidirectional circling,,phenotype
WormBase:WBGene00008832,obr-2,,gene
ClinVarVariant:217213,NM_004006.2(DMD):c.8038C>T (p.Arg2680Ter),,variant
ClinVarVariant:952118,NM_004006.3(DMD):c.5452G>T (p.Glu1818Ter),,variant
ENSEMBL:ENSFCAG00000003185,ENSEMBL:ENSFCAG00000003185,,gene
ClinVarVariant:832306,NC_000023.11:g.(?_31729621)_(31729758_?)dup,,variant
ZP:0015978,"central artery absent, abnormal",,phenotype
ENSEMBL:ENSGALG00000002447,ENSEMBL:ENSGALG00000002447,,gene
MP:0000602,dilated liver sinusoidal spaces,,phenotype
WBPhenotype:0000942,accessory cell development variant,,phenotype
MGI:102844,Mybpc3,,gene
MP:0003178,left pulmonary isomerism,,phenotype
ClinVarVariant:832063,NC_000023.11:g.(?_31879410)_(31932237_?)del,,variant
MGI:2429942,Dmd<tm1Mok>,,variant
EFO:0004518,creatinine measurement,,phenotype
ClinVarVariant:658453,NC_000023.10:g.(?_32235013)_(32519979_?)dup,,variant
WBPhenotype:0002328,amplitude of sinusoidal movement increased,,phenotype
260,atropine,,drug
WormBase:WBGene00006585,tni-3,,gene
WBPhenotype:0000578,body axis development variant,,phenotype
ZP:0017687,"heart decreased process quality cell population proliferation, abnormal",,phenotype
ClinVarVariant:831345,NC_000023.11:g.(?_32697860)_(32849830_?)del,,variant
MP:0000880,decreased Purkinje cell number,,phenotype
FlyBase:FBgn0035101,p130CAS,,gene
ZP:0000455,"intersegmental vessel aplastic, abnormal",,phenotype
RGD:2269,Capn3,,gene
FlyBase:FBgn0004657,mys,,gene
ENSEMBL:ENSMMUG00000006400,ENSEMBL:ENSMMUG00000006400,,gene
ENSEMBL:ENSMODG00000009907,ENSEMBL:ENSMODG00000009907,,gene
ClinVarVariant:803914,NM_004006.3(DMD):c.2442del (p.Glu814fs),,variant
ClinVarVariant:661740,NC_000023.11:g.(?_32287519)_(32310286_?)del,,variant
HP:0003306,Spinal rigidity,,phenotype
ZP:0007170,"striated muscle thin filament slow muscle cell disorganized, abnormal",,phenotype
HP:0000666,Horizontal nystagmus,,phenotype
ENSEMBL:ENSECAG00000006772,ENSEMBL:ENSECAG00000006772,,gene
ZP:0000011,"somite quality, abnormal",,phenotype
MP:0011709,increased fibroblast cell migration,,phenotype
1209,fluoxetine,,drug
ENSEMBL:ENSFCAG00000001203,ENSEMBL:ENSFCAG00000001203,,gene
ENSEMBL:ENSSSCG00000014207,APC,,gene
ZFIN:ZDB-GENE-050522-279,capn8,,gene
MGI:99923,Kcnma1,,gene
ZFIN:ZDB-GENE-051227-1,cacna1sb,,gene
WBPhenotype:0001147,polar body defective early emb,,phenotype
ENSEMBL:ENSFCAG00000009848,ENSEMBL:ENSFCAG00000009848,,gene
MP:0002594,low mean erythrocyte cell number,,phenotype
ENSEMBL:ENSFCAG00000031486,ENSEMBL:ENSFCAG00000031486,,gene
HP:0000772,Abnormality of the ribs,,phenotype
ClinVarVariant:644710,NM_000109.4(DMD):c.7+127975del,,variant
MP:0009931,abnormal skin appearance,,phenotype
ENSEMBL:ENSPTRG00000006092,ENSEMBL:ENSPTRG00000006092,,gene
Xenbase:XB-GENE-990299,terf2,,gene
HP:0006722,Small intestine carcinoid,,phenotype
ZP:0001255,"post-vent region curved dorsal, abnormal",,phenotype
MP:0011826,abnormal lymphocyte chemotaxis,,phenotype
MGI:1857113,Prkdc<scid>,,variant
HP:0009592,Astrocytoma,,phenotype
MP:0001413,abnormal response to new environment,,phenotype
MP:0004203,abnormal cranial flexure morphology,,phenotype
ZP:0137873,"cell body Muller cell position, abnormal",,phenotype
MGI:2148589,Utrn<tm1Ked>,,variant
MONARCH:APO_0000028APO_0000005,invasive growth:absent,,phenotype
MGI:99914,Lamc1,,gene
ENSEMBL:ENSGALG00000010539,RNF11,,gene
HP:0011885,Hemorrhage of the eye,,phenotype
MP:0004500,increased incidence of tumors by ionizing radiation induction,,phenotype
ZP:0016596,"axon CaP motoneuron decreased branchiness, abnormal",,phenotype
HP:0004303,Abnormal muscle fiber morphology,,phenotype
FBcv:0002027,lethal - all die before end of pupal stage,,phenotype
WBPhenotype:0000167,precocious seam cell fusion,,phenotype
Xenbase:XB-GENE-993758,capn2,,gene
ClinVarVariant:11212,"DMD, IVS68, T-A, +2",,variant
MGI:2384814,Trim41,,gene
MP:0011521,decreased placental labyrinth size,,phenotype
ENSEMBL:ENSMMUG00000002494,ENSEMBL:ENSMMUG00000002494,,gene
ClinVarVariant:455809,NC_000023.11:g.(?_31773940)_(31836839_?)del,,variant
ClinVarVariant:584109,NC_000023.11:g.(?_31929576)_(31929765_?)del,,variant
HP:0001507,Growth abnormality,,phenotype
MP:0011774,abnormal urinary bladder detrusor smooth muscle morphology,,phenotype
MP:0008565,decreased interferon-beta secretion,,phenotype
RGD:1310917,Tns2,,gene
ENSEMBL:ENSOANG00000006278,ENSEMBL:ENSOANG00000006278,,gene
ZP:0000329,"melanocyte decreased amount, abnormal",,phenotype
ZP:0002394,"lens protruding out of eye, abnormal",,phenotype
ClinVarVariant:526051,NM_004006.2(DMD):c.10783C>T (p.Gln3595Ter),,variant
65,acetylcholine,,drug
HP:0002813,Abnormality of limb bone morphology,,phenotype
ZP:0006978,"neutrophil blood island increased amount, abnormal",,phenotype
MP:0001130,abnormal ovarian folliculogenesis,,phenotype
ZP:0004109,"spinal cord degenerate, abnormal",,phenotype
MGI:88294,Cacna1s,,gene
ZP:0001491,"myofibril somite necrotic, abnormal",,phenotype
MP:0001272,increased metastatic potential,,phenotype
HP:0001657,Prolonged QT interval,,phenotype
Xenbase:XB-GENE-1010901,dlgap4,,gene
ENSEMBL:ENSCAFG00000016534,ACTN1,,gene
HP:0000876,Oligomenorrhea,,phenotype
ZP:0003470,"cardiac ventricle decreased contractility, abnormal",,phenotype
WBPhenotype:0000301,distal tip cell reflex failure,,phenotype
GO:0003779,actin binding,,molecular function
HP:0005824,Clinodactyly of the 2nd toe,,phenotype
ZP:0007513,"eurydendroid cell differentiation disrupted, abnormal",,phenotype
WBPhenotype:0001426,coelomocyte endocytosis defective,,phenotype
ENSEMBL:ENSOANG00000051212,ENSEMBL:ENSOANG00000051212,,gene
WormBase:WBGene00011099,nhr-208,,gene
HP:0003390,Sensory axonal neuropathy,,phenotype
FlyBase:FBgn0004169,up,,gene
ClinVarVariant:455934,NM_004006.2(DMD):c.831+1G>A,,variant
MP:0010579,increased heart left ventricle size,,phenotype
ZP:0009201,"basement membrane vertical myoseptum malformed, abnormal",,phenotype
MP:0001353,increased aggression towards mice,,phenotype
MP:0004434,abnormal cochlear outer hair cell physiology,,phenotype
HGNC:13740,SNTG1,,gene
WormBase:WBGene00007167,rbg-3,,gene
ZP:0007286,"primordial midbrain channel fragile, abnormal",,phenotype
ClinVarVariant:656844,NC_000023.11:g.(?_31773950)_(31968524_?)del,,variant
HP:0000833,obsolete Glucose intolerance,,phenotype
ClinVarVariant:803927,NM_004006.3(DMD):c.1750A>T (p.Lys584Ter),,variant
MGI:3621491,Dmd<mdx>/Dmd<mdx> [C57BL/10ScSn-Dmd<mdx>/J],,genotype
MP:0000940,abnormal motor neuron innervation pattern,,phenotype
RGD:708350,Dlgap4,,gene
ENSEMBL:ENSOANG00000042811,ENSEMBL:ENSOANG00000042811,,gene
MP:0002923,increased post-tetanic potentiation,,phenotype
MP:0005559,increased circulating glucose level,,phenotype
ENSEMBL:ENSMODG00000009818,ENSEMBL:ENSMODG00000009818,,gene
ZP:0001543,"cardiac muscle cell decreased size, abnormal",,phenotype
ZP:0130716,"adherens junction median fin fold composition, abnormal",,phenotype
MP:0011453,abnormal glomerular capillary endothelium morphology,,phenotype
NCBIGene:396067,P02606,,gene
ClinVarVariant:647086,NM_000109.4(DMD):c.1230_1231dup (p.Glu411fs),,variant
MP:0004032,abnormal interventricular groove morphology,,phenotype
HP:0003022,Hypoplasia of the ulna,,phenotype
HP:0002249,Melena,,phenotype
ZP:0010780,"myotome broken, abnormal",,phenotype
Xenbase:XB-GENE-489407,anln,,gene
RGD:3717,Slc8a1,,gene
ZP:0003063,"cardiac ventricle contractility, abnormal",,phenotype
ClinVarVariant:417482,NC_000023.11:g.(?_31729631)_(31820083_?)del,,variant
HP:0003081,Increased urinary potassium,,phenotype
ZP:0001483,"thigmotaxis decreased rate, abnormal",,phenotype
ClinVarVariant:526179,NC_000023.11:g.(?_31773940)_(32849840_?)del,,variant
WBPhenotype:0002095,lysosome-related organelle morphology variant,,phenotype
dbSNP:rs1379871,rs1379871-C,,variant
ZP:0106705,"ventricular myocardium has fewer parts of type sarcomere ventricular myocardium, abnormal",,phenotype
ENSEMBL:ENSACAG00000008105,ENSEMBL:ENSACAG00000008105,,gene
HP:0003560,Muscular dystrophy,,phenotype
ENSEMBL:ENSSSCG00000037779,CAPN10,,gene
OMIM:300377.0086,"DMD, TRP3TER",,variant
ENSEMBL:ENSECAG00000017728,ENSEMBL:ENSECAG00000017728,,gene
HP:0032794,Myoclonic seizure,,phenotype
HP:0004840,Hypochromic microcytic anemia,,phenotype
ENSEMBL:ENSPTRG00000005865,ENSEMBL:ENSPTRG00000005865,,gene
ZP:0000307,"post-vent region arrested segmentation, abnormal",,phenotype
ZFIN:ZDB-GENE-050309-201,xpo1a,,gene
ClinVarVariant:831830,NC_000023.11:g.(?_31348546)_(31507463_?)dup,,variant
ZP:0002603,"retina immature, abnormal",,phenotype
ClinVarVariant:949876,NM_004006.3(DMD):c.8395del (p.His2799fs),,variant
ClinVarVariant:239608,NM_004006.2(DMD):c.5506C>T (p.Gln1836Ter),,variant
MP:0008135,small Peyer's patches,,phenotype
ZP:0003000,"lens displaced, abnormal",,phenotype
ClinVarVariant:94454,NM_004006.2(DMD):c.1261C>T (p.Gln421Ter),,variant
ENSEMBL:ENSMODG00000019448,ENSEMBL:ENSMODG00000019448,,gene
GO:0009986,cell surface,,molecular function
ClinVarVariant:803933,NM_004006.3(DMD):c.1147G>T (p.Glu383Ter),,variant
HP:0001291,Abnormal cranial nerve morphology,,phenotype
ZP:0019908,"glucose whole organism increased amount, abnormal",,phenotype
ClinVarVariant:666110,NM_000109.4(DMD):c.8968del (p.Ala2991fs),,variant
ZP:0004683,"medial fin development disrupted, abnormal",,phenotype
HP:0007370,Aplasia/Hypoplasia of the corpus callosum,,phenotype
ZP:0006452,"endoplasmic reticulum liver swollen, abnormal",,phenotype
HGNC:17997,FKRP,,gene
MP:0000479,abnormal enterocyte morphology,,phenotype
ZP:0000955,"determination of heart left/right asymmetry disrupted, abnormal",,phenotype
2544,sunitinib,,drug
HGNC:144,ACTG1,,gene
HGNC:129,ACTA1,,gene
HP:0002021,Pyloric stenosis,,phenotype
WormBase:WBGene00016801,C50C3.5,,gene
MP:0011704,decreased fibroblast proliferation,,phenotype
ZFIN:ZDB-GENE-090612-2,terf1,,gene
ENSEMBL:ENSFCAG00000018836,ENSEMBL:ENSFCAG00000018836,,gene
MONARCH:APO_0000095APO_0000004,chemical compound accumulation:increased,,phenotype
WBPhenotype:0001247,anterograde transport defective,,phenotype
MP:0004495,decreased synaptic glutamate release,,phenotype
ENSEMBL:ENSSSCG00000032772,ENSEMBL:ENSSSCG00000032772,,gene
ClinVarVariant:660696,NC_000023.11:g.(?_31496768)_(31679606_?)del,,variant
ClinVarVariant:217190,NM_004006.2(DMD):c.2804-2A>C,,variant
ZP:0000350,"optic vesicle absent, abnormal",,phenotype
ENSEMBL:ENSPTRG00000013400,ENSEMBL:ENSPTRG00000013400,,gene
MP:0010383,increased adenoma incidence,,phenotype
ClinVarVariant:583890,NC_000023.11:g.(?_32595737)_(32823850_?)del,,variant
HP:0003006,Neuroblastoma,,phenotype
MP:0011402,renal cast,,phenotype
ZP:0102564,"ventral region margin decreased distribution, abnormal",,phenotype
ENSEMBL:ENSFCAG00000008311,ENSEMBL:ENSFCAG00000008311,,gene
ClinVarVariant:803834,NM_004006.3(DMD):c.7717C>T (p.Gln2573Ter),,variant
MGI:109192,Actn2,,gene
MP:0005326,abnormal podocyte morphology,,phenotype
ENSEMBL:ENSMMUG00000038377,ENSEMBL:ENSMMUG00000038377,,gene
MP:0020358,abnormal inhibitory synapse morphology,,phenotype
MP:0002217,small lymph nodes,,phenotype
WBPhenotype:0001083,multiple cytoplasmic cavities early emb,,phenotype
ENSEMBL:ENSPTRG00000011609,ENSEMBL:ENSPTRG00000011609,,gene
ZP:0020575,"CaP motoneuron process quality regulation of synaptic plasticity, abnormal",,phenotype
ENSEMBL:ENSOANG00000036193,ENSEMBL:ENSOANG00000036193,,gene
MP:0005296,abnormal humerus morphology,,phenotype
MP:0001688,abnormal somite development,,phenotype
ClinVarVariant:455830,NC_000023.10:g.(?_32305626)_(32509655_?)dup,,variant
ZP:0003151,"facial ganglion decreased size, abnormal",,phenotype
HP:0001947,Renal tubular acidosis,,phenotype
dbSNP:rs921896,rs921896-C,,variant
MP:0000455,abnormal maxilla morphology,,phenotype
HP:0010442,Polydactyly,,phenotype
RGD:621498,Cdc25a,,gene
HP:0004727,Impaired renal concentrating ability,,phenotype
HP:0200063,Colorectal polyposis,,phenotype
ZFIN:ZDB-GENE-131120-20,ifit14,,gene
HP:0002143,Abnormality of the spinal cord,,phenotype
ZP:0000302,"somitogenesis decreased functionality, abnormal",,phenotype
Coriell:GM05835,NIGMS-GM05835,,biological artifact
ENSEMBL:ENSPTRG00000007102,ENSEMBL:ENSPTRG00000007102,,gene
ENSEMBL:ENSOANG00000047737,ENSEMBL:ENSOANG00000047737,,gene
MP:0000164,abnormal cartilage development,,phenotype
RGD:1562668,Lamb3,,gene
ZP:0003336,"pronephric duct cystic, abnormal",,phenotype
MP:0004716,abnormal cochlear nerve morphology,,phenotype
ENSEMBL:ENSPTRG00000004079,ENSEMBL:ENSPTRG00000004079,,gene
ClinVarVariant:266038,NM_004006.2(DMD):c.8459G>A (p.Trp2820Ter),,variant
RGD:2085,Alb,,gene
RGD:1308256,Apc2,,gene
MP:0010172,abnormal mammary gland epithelium physiology,,phenotype
ClinVarVariant:831235,NC_000023.11:g.(?_32644122)_(32823850_?)del,,variant
ZP:0106699,"female organism decreased process quality heart contraction, abnormal",,phenotype
ZP:0008056,"axonogenesis neotenous growth, abnormal",,phenotype
EFO:0006333,transferrin saturation measurement,,phenotype
ZP:0101895,"facial nerve motor nucleus premature neuron maturation, abnormal",,phenotype
MP:0000811,hippocampal neuron degeneration,,phenotype
MGI:1917979,Nos1ap,,gene
ZP:0004692,"fin necrotic, abnormal",,phenotype
MP:0009538,abnormal synapse morphology,,phenotype
HGNC:2512,CTNNAL1,,gene
ClinVarVariant:832191,NC_000023.11:g.(?_31657980)_(31658154_?)dup,,variant
HP:0012434,Delayed social development,,phenotype
ZP:0011225,"rhombomere 3 process quality neural keel formation, abnormal",,phenotype
ZP:0002946,"intersegmental vessel somite absent, abnormal",,phenotype
ClinVarVariant:583656,NC_000023.10:g.(?_31332523)_(31986651_?)dup,,variant
ZP:0000406,"sensory system quality, abnormal",,phenotype
MP:0000373,belly spot,,phenotype
MP:0005381,digestive/alimentary phenotype,,phenotype
HP:0000882,Hypoplastic scapulae,,phenotype
ENSEMBL:ENSGALG00000036645,ENSEMBL:ENSGALG00000036645,,gene
ZP:0005808,"retina has fewer parts of type central region eye photoreceptor cell, abnormal",,phenotype
ENSEMBL:ENSSSCG00000028047,DTNA,,gene
MP:0002908,delayed wound healing,,phenotype
MP:0006059,decreased susceptibility to ischemic brain injury,,phenotype
ZP:0022106,"microglial cell optic tectum decreased amount, abnormal",,phenotype
HP:0005576,Tubulointerstitial fibrosis,,phenotype
HGNC:7611,MYOD1,,gene
GO:0044306,neuron projection terminus,,molecular function
ZP:0137422,"swimming decreased linear velocity, abnormal",,phenotype
SGD:S000005620,ARF3,,gene
WormBase:WBGene00020952,kel-8,,gene
MP:0002988,decreased urine osmolality,,phenotype
ZP:0021029,"endocardium increased amount, abnormal",,phenotype
ENSEMBL:ENSMODG00000014292,ENSEMBL:ENSMODG00000014292,,gene
WBPhenotype:0001075,vulval muscle physiology variant,,phenotype
MP:0000523,cortical renal glomerulopathies,,phenotype
ZFIN:ZDB-GENE-040912-7,lyn,,gene
RGD:1592340,Sntb2,,gene
ZP:0005691,"dorsal aorta decreased diameter, abnormal",,phenotype
ZFIN:ZDB-GENE-080229-3,jam2b,,gene
ClinVarVariant:803899,NM_004006.3(DMD):c.3013G>T (p.Glu1005Ter),,variant
ZFIN:ZDB-GENE-040426-2460,zgc:85932,,gene
Coriell:GM05169,NIGMS-GM05169,,biological artifact
ENSEMBL:ENSBTAG00000017367,ENSEMBL:ENSBTAG00000017367,,gene
ZP:0003437,"trunk morphology, abnormal",,phenotype
ENSEMBL:ENSECAG00000021297,ENSEMBL:ENSECAG00000021297,,gene
MP:0002828,abnormal renal glomerular capsule morphology,,phenotype
WBPhenotype:0001435,ammonium chloride chemotaxis defective,,phenotype
ZP:0002750,"cranial vasculature fragile, abnormal",,phenotype
WBPhenotype:0001637,no Intestine,,phenotype
ZP:0106698,"male organism decreased process quality heart contraction, abnormal",,phenotype
HP:0002573,Hematochezia,,phenotype
WormBase:WBGene00003627,nhr-34,,gene
WBPhenotype:0000022,long,,phenotype
ClinVarVariant:455851,NM_004006.2(DMD):c.10109G>C (p.Arg3370Pro),,variant
EFO:0005272,sleep quality,,phenotype
MP:0010226,increased quadriceps weight,,phenotype
WBPhenotype:0002429,protein glycosylation variant,,phenotype
WBPhenotype:0000046,pace of P lineage defective early emb,,phenotype
MGI:105073,Tnni1,,gene
ZP:0009169,"skeletal muscle cell esophagus poorly differentiated, abnormal",,phenotype
MP:0004565,small myocardial fiber,,phenotype
MP:0011096,"embryonic lethality between implantation and somite formation, complete penetrance",,phenotype
ZP:0131029,"angiogenic sprout central artery increased amount, abnormal",,phenotype
ZP:0000397,"central nervous system necrotic, abnormal",,phenotype
MP:0008518,retinal outer nuclear layer degeneration,,phenotype
ENSEMBL:ENSPTRG00000005701,ENSEMBL:ENSPTRG00000005701,,gene
ZP:0015258,"primary motor neuron structure, abnormal",,phenotype
WBPhenotype:0001955,multiple nuclei oocyte,,phenotype
MP:0010338,increased desmoid tumor incidence,,phenotype
ZP:0131233,"nucleus skeletal muscle cell absent, abnormal",,phenotype
HP:0005403,T lymphocytopenia,,phenotype
ClinVarVariant:417501,NC_000023.11:g.(?_32287529)_(32310276_?)del,,variant
WBPhenotype:0001203,nicotine resistant,,phenotype
MP:0000812,abnormal dentate gyrus morphology,,phenotype
ClinVarVariant:983654,NM_004006.3(DMD):c.6124A>T (p.Lys2042Ter),,variant
ENSEMBL:ENSFCAG00000034593,ENSEMBL:ENSFCAG00000034593,,gene
ENSEMBL:ENSCAFG00000016763,RGS6,,gene
ENSEMBL:ENSMMUG00000019345,ENSEMBL:ENSMMUG00000019345,,gene
ZFIN:ZDB-GENE-030131-3967,dtnba,,gene
HGNC:2850,DGKB,,gene
ZP:0020016,"atrium spatial pattern, abnormal",,phenotype
ZP:0001192,"heart edematous, abnormal",,phenotype
ZP:0005814,"retinal outer nuclear layer wholeness, abnormal",,phenotype
ENSEMBL:ENSECAG00000010942,ENSEMBL:ENSECAG00000010942,,gene
ZFIN:ZDB-GENE-041010-165,ank2b,,gene
MP:0003866,abnormal defecation,,phenotype
ZFIN:ZDB-GENE-091014-2,plekha7b,,gene
6,(S)-nitrendipine,,drug
SGD:S000001746,KAE1,,gene
WBPhenotype:0000457,organism starvation hypersensitive,,phenotype
MONARCH:APO_0000254APO_0000248,cell cycle progression in G2 phase:increased duration,,phenotype
ZP:0008062,"cell body retinal ganglion cell mislocalised, abnormal",,phenotype
WBPhenotype:0001421,endocytic transport variant,,phenotype
ZP:0005801,"cilium olfactory pit decreased amount, abnormal",,phenotype
MGI:1914418,Lpar6,,gene
ClinVarVariant:650539,NM_004006.2(DMD):c.6439-10_8217+32103dup,,variant
FBcv:0006004,abnormal oviposition,,phenotype
ENSEMBL:ENSECAG00000025102,ENSEMBL:ENSECAG00000025102,,gene
ZP:0005361,"cranial nerve II decreased thickness, abnormal",,phenotype
HP:0003351,Decreased circulating renin level,,phenotype
MP:0010547,abnormal mesocardium morphology,,phenotype
WBPhenotype:0002337,path curvature decreased,,phenotype
ZP:0001211,"swim bladder uninflated, abnormal",,phenotype
RGD:1311023,Dysf,,gene
Xenbase:XB-GENE-5815250,shkbp1,,gene
ZP:0001261,"apical part of cell neuroepithelial cell decreased width, abnormal",,phenotype
24,phenylbutanoic acid,,drug
WormBase:WBGene00006774,unc-38,,gene
RGD:2267,Capn1,,gene
ENSEMBL:ENSCAFG00000008561,ENSEMBL:ENSCAFG00000008561,,gene
ENSEMBL:ENSECAG00000012862,ENSEMBL:ENSECAG00000012862,,gene
MP:0004790,absent upper incisors,,phenotype
ZP:0005824,"oligodendrocyte hindbrain decreased amount, abnormal",,phenotype
MP:0005363,decreased susceptibility to prion infection,,phenotype
ClinVarVariant:217220,NM_004006.2(DMD):c.9938_9941dup (p.Asn3314delinsLysTer),,variant
MP:0009453,enhanced contextual conditioning behavior,,phenotype
ENSEMBL:ENSACAG00000004184,ENSEMBL:ENSACAG00000004184,,gene
ZFIN:ZDB-GENE-050809-1,slc8a1a,,gene
ZP:0011289,"heart development process quality, abnormal",,phenotype
ClinVarVariant:217176,NM_004006.2(DMD):c.1324C>T (p.Gln442Ter),,variant
Coriell:GM25313,NIGMS-GM25313,,biological artifact
ClinVarVariant:852346,NM_004006.3(DMD):c.187-2A>G,,variant
HP:0100851,Abnormal emotion/affect behavior,,phenotype
ZP:0001269,"thigmotaxis process quality, abnormal",,phenotype
ZP:0106122,"I band atrium absent, abnormal",,phenotype
MP:0000438,abnormal cranium morphology,,phenotype
ZP:0004682,"cell adhesion disrupted, abnormal",,phenotype
ZP:0006126,"atrial ventricular junction remodeling disrupted, abnormal",,phenotype
ZP:0000660,"myofibril assembly disrupted, abnormal",,phenotype
ZP:0021032,"fibroblast accumulation epicardium, abnormal",,phenotype
WormBase:WBGene00000542,clp-1,,gene
ENSEMBL:ENSFCAG00000025507,ENSEMBL:ENSFCAG00000025507,,gene
ClinVarVariant:651819,NC_000023.11:g.(?_31323588)_(31507463_?)del,,variant
WBPhenotype:0000054,larval lethal,,phenotype
ENSEMBL:ENSMODG00000021001,ENSEMBL:ENSMODG00000021001,,gene
ZP:0005839,"motile cilium pronephric duct decreased length, abnormal",,phenotype
ENSEMBL:ENSPTRG00000048969,ENSEMBL:ENSPTRG00000048969,,gene
ENSEMBL:ENSMMUG00000019438,ENSEMBL:ENSMMUG00000019438,,gene
EFO:0007629,hemoglobin A1 measurement,,phenotype
ZP:0009200,"action potential disrupted, abnormal",,phenotype
ENSEMBL:ENSMMUG00000018630,ENSEMBL:ENSMMUG00000018630,,gene
ENSEMBL:ENSACAG00000001174,ENSEMBL:ENSACAG00000001174,,gene
MP:0010215,abnormal circulating complement protein level,,phenotype
ENSEMBL:ENSPTRG00000024314,ENSEMBL:ENSPTRG00000024314,,gene
Xenbase:XB-GENE-966302,pak2,,gene
MP:0001222,epidermal hyperplasia,,phenotype
WBPhenotype:0000075,cuticle attachment variant,,phenotype
WormBase:WBGene00016841,magu-3,,gene
ENSEMBL:ENSACAG00000016923,ENSEMBL:ENSACAG00000016923,,gene
MONARCH:APO_0000096APO_0000004,nutrient utilization:increased,,phenotype
HP:0002659,Increased susceptibility to fractures,,phenotype
HGNC:11427,STUB1,,gene
ENSEMBL:ENSGALG00000037453,TERF1,,gene
ZP:0003817,"myoblast fusion disrupted, abnormal",,phenotype
ZP:0005694,"head muscle hypoplastic, abnormal",,phenotype
WBPhenotype:0001853,AAD response variant,,phenotype
WBPhenotype:0000776,passage through meiosis defective early emb,,phenotype
WBPhenotype:0000243,engulfment failure by killer cell,,phenotype
ClinVarVariant:644278,NC_000023.11:g.(?_31657980)_(32287711_?)del,,variant
MP:0009766,increased sensitivity to xenobiotic induced morbidity/mortality,,phenotype
MP:0010384,increased renal carcinoma incidence,,phenotype
ClinVarVariant:803847,NM_004006.3(DMD):c.6754C>T (p.Gln2252Ter),,variant
MP:0008567,decreased interferon-gamma secretion,,phenotype
dictyBase:DDB_G0267934,fnkB,,gene
MP:0008808,decreased spleen iron level,,phenotype
ZP:0002749,"brain vasculature fragile, abnormal",,phenotype
MP:0001046,abnormal enteric neuron morphology,,phenotype
HP:0033682,Pleomorphic xanthoastrocytoma,,phenotype
HP:0001967,Diffuse mesangial sclerosis,,phenotype
ClinVarVariant:831770,NC_000023.11:g.(?_31177922)_(31223131_?)dup,,variant
ClinVarVariant:804333,NM_004006.3(DMD):c.2530C>T (p.Gln844Ter),,variant
OMIM:300377.0015,"DMD, ARG768TER, C-T, NT2510",,variant
ZP:0004028,"muscle cell disorganized, abnormal",,phenotype
ZP:0130688,"atrioventricular canal endocardium process quality tissue morphogenesis, abnormal",,phenotype
ZP:0000305,"embryo development arrested, abnormal",,phenotype
ENSEMBL:ENSACAG00000017659,ENSEMBL:ENSACAG00000017659,,gene
ClinVarVariant:455817,NC_000023.11:g.(?_31836698)_(31875393_?)del,,variant
ClinVarVariant:455820,NC_000023.10:g.(?_31947693)_(31950364_?)del,,variant
ZP:0018569,"myeloid cell development absent, abnormal",,phenotype
ZFIN:ZDB-GENE-050706-71,eml2,,gene
MP:0011186,abnormal visceral endoderm morphology,,phenotype
OMIM:300377.0002,"DMD, PROMOTER DEL",,variant
ZP:0137842,"basal region midbrain hindbrain boundary constriction increased width, abnormal",,phenotype
ZP:0019094,"membrane trunk musculature damage, abnormal",,phenotype
ZFIN:ZDB-GENE-110222-3,lamc2,,gene
OMIM:300377.0052,"DMD, ARG1967TER",,variant
ENSEMBL:ENSPTRG00000022919,ENSEMBL:ENSPTRG00000022919,,gene
ZP:0018284,"mitochondrial respirasome fast muscle cell decreased functionality, abnormal",,phenotype
WBPhenotype:0001743,mitosis variant,,phenotype
HGNC:24476,DLGAP4,,gene
HP:0012174,Glioblastoma multiforme,,phenotype
ZP:0008033,"myofibril skeletal muscle morphology, abnormal",,phenotype
RGD:1307705,Pak4,,gene
ENSEMBL:ENSCAFG00030017683,ENSEMBL:ENSCAFG00030017683,,gene
ZP:0006785,"myotome morphology, abnormal",,phenotype
MP:0003414,epidermal cyst,,phenotype
ZFIN:ZDB-GENE-031006-3,sptbn1,,gene
EFO:0009819,comparative body size at age 10,,phenotype
MP:0004101,abnormal brain interneuron morphology,,phenotype
MP:0003574,abnormal oviduct morphology,,phenotype
MGI:2176880,Dmd<Gt(ROSABetageo)1Mpd> [involves: 129S1/Sv],,genotype
ZP:0005802,"retinal photoreceptor layer structure, abnormal",,phenotype
MONARCH:APO_0000087APO_0000003,resistance to chemicals:decreased,,phenotype
ENSEMBL:ENSMMUG00000006464,ENSEMBL:ENSMMUG00000006464,,gene
ENSEMBL:ENSSSCG00000016717,MPP6,,gene
ENSEMBL:ENSECAG00000011898,ENSEMBL:ENSECAG00000011898,,gene
OMIM:300377.0036,"DMD, GLN242TER",,variant
EFO:0004874,memory performance,,phenotype
ClinVarVariant:803888,NM_004006.3(DMD):c.3639del (p.Lys1213_Val1214insTer),,variant
ZP:0003002,"eye shape, abnormal",,phenotype
MGI:1277151,Snca,,gene
NCBITaxon:9258,Ornithorhynchus anatinus,,taxon
ClinVarVariant:981974,NC_000023.11:g.(31729749_31773959)_(31875374_31929595)del,,variant
ClinVarVariant:502441,NM_000109.4(DMD):c.8042_8046del (p.Arg2681fs),,variant
ZP:0004687,"basement membrane median fin fold punctate, abnormal",,phenotype
ENSEMBL:ENSMODG00000008547,ENSEMBL:ENSMODG00000008547,,gene
HGNC:1725,CDC25A,,gene
HP:0000105,Enlarged kidney,,phenotype
HP:0002315,Headache,,phenotype
ZP:0001868,"optokinetic behavior arrested, abnormal",,phenotype
MP:0005137,increased growth hormone level,,phenotype
MP:0008805,decreased circulating amylase level,,phenotype
ClinVarVariant:981972,NC_000023.11:g.(31836820_31875187)_(31875374_31929595)del,,variant
ZP:0018729,"trigeminal motor nucleus mislocalised, abnormal",,phenotype
ZP:0012600,"learning process quality, abnormal",,phenotype
ClinVarVariant:803918,NM_004006.3(DMD):c.2169-1G>A,,variant
HP:0030078,Lung adenocarcinoma,,phenotype
ZFIN:ZDB-GENE-020129-1,cacna1c,,gene
HP:0100515,Pollakisuria,,phenotype
ZP:0009293,"basibranchial aplastic, abnormal",,phenotype
ZP:0137793,"banded collagen fibril vertical myoseptum decreased amount, abnormal",,phenotype
MP:0012411,increased granulosa cell tumor incidence,,phenotype
WBPhenotype:0001944,oocyte number decreased,,phenotype
RGD:1311217,Vcl,,gene
dictyBase:DDB_G0282365,rac1C,,gene
ClinVarVariant:803954,NM_004006.3(DMD):c.196A>T (p.Lys66Ter),,variant
HP:0001849,Foot oligodactyly,,phenotype
ZFIN:ZDB-GENE-131120-116,si:ch211-202f3.4,,gene
ZFIN:ZDB-GENE-030520-2,tnnt3b,,gene
MP:0014023,abnormal intestine placement,,phenotype
HP:0004463,Absent brainstem auditory responses,,phenotype
ZP:0011345,"cell projection cardiac muscle cell transient, abnormal",,phenotype
dictyBase:DDB_G0291306,xpo1,,gene
ZFIN:ZDB-GENE-050417-267,acta1a,,gene
WBPhenotype:0000583,dumpy,,phenotype
HP:0002311,Incoordination,,phenotype
MP:0003400,kinked neural tube,,phenotype
HP:0000315,Abnormality of the orbital region,,phenotype
ZP:0019814,"sensory neuron increased rate axon extension, abnormal",,phenotype
ZP:0010453,"striated muscle myosin thick filament slow muscle cell disorganized, abnormal",,phenotype
MP:0012136,absent forebrain,,phenotype
ZP:0008064,"skeletal muscle tissue development decreased process quality, abnormal",,phenotype
ClinVarVariant:831817,NC_000023.11:g.(?_32565692)_(32626362_?)del,,variant
HP:0000494,Downslanted palpebral fissures,,phenotype
FlyBase:FBgn0085412,kmr,,gene
SGD:S000000119,MCM2,,gene
MP:0010238,increased skeletal muscle weight,,phenotype
ZP:0005028,"third ventricle absent, abnormal",,phenotype
MGI:87885,Chrna1,,gene
ZP:0018600,"rhombomere 4 morphogenesis process quality, abnormal",,phenotype
ENSEMBL:ENSGALG00000013892,ENSEMBL:ENSGALG00000013892,,gene
ClinVarVariant:217186,NM_004006.2(DMD):c.2623-3C>G,,variant
MP:0004811,abnormal neuron physiology,,phenotype
ClinVarVariant:575026,NM_004006.2(DMD):c.3742C>T (p.Gln1248Ter),,variant
MP:0003913,increased heart right ventricle weight,,phenotype
MONARCH:APO_0000089APO_0000004,budding index:increased,,phenotype
HP:0011998,Postprandial hyperglycemia,,phenotype
488,carbachol,,drug
ENSEMBL:ENSOANG00000039339,ENSEMBL:ENSOANG00000039339,,gene
ClinVarVariant:984107,NM_004006.3(DMD):c.3824T>A (p.Leu1275Ter),,variant
FlyBase:FBgn0003076,Pgm1,,gene
ENSEMBL:ENSCAFG00000010383,ENSEMBL:ENSCAFG00000010383,,gene
ENSEMBL:ENSGALG00000013537,ENSEMBL:ENSGALG00000013537,,gene
MP:0005585,increased tidal volume,,phenotype
WBPhenotype:0001923,fewer seam cells,,phenotype
ZP:0106118,"sarcomere atrium disorganized, abnormal",,phenotype
ENSEMBL:ENSGALG00000029761,ENSEMBL:ENSGALG00000029761,,gene
ENSEMBL:ENSSSCG00000034495,SNTG1,,gene
MGI:1927664,Sirt2,,gene
ZP:0101899,"neuron projection facial nerve motor nucleus increased amount, abnormal",,phenotype
ZP:0007171,"myofibril slow muscle cell decreased size, abnormal",,phenotype
HGNC:15520,LPAR6,,gene
ZP:0008749,"myofibril skeletal muscle cell increased variability of size, abnormal",,phenotype
ClinVarVariant:94773,NM_004006.2(DMD):c.7672C>T (p.Gln2558Ter),,variant
HP:0003026,Short long bone,,phenotype
WBPhenotype:0000571,axon vesicle variant,,phenotype
WBPhenotype:0000068,cellular oxidative stress response variant,,phenotype
HP:0000369,Low-set ears,,phenotype
ENSEMBL:ENSBTAG00000011803,ENSEMBL:ENSBTAG00000011803,,gene
WBPhenotype:0000034,embryonic polarity variant,,phenotype
HP:0002066,Gait ataxia,,phenotype
ClinVarVariant:803919,NM_004006.3(DMD):c.2114del (p.Pro705fs),,variant
dbSNP:rs6628643,rs6628643-?,,variant
ClinVarVariant:833002,NC_000023.11:g.(?_32614283)_(32645172_?)del,,variant
MP:0010278,increased glioma incidence,,phenotype
ZP:0002792,"neural crest cell migration process quality, abnormal",,phenotype
HP:0000789,Infertility,,phenotype
ZP:0003072,"Rohon-Beard neuron morphology, abnormal",,phenotype
HP:0002079,Hypoplasia of the corpus callosum,,phenotype
ENSEMBL:ENSACAG00000009750,ENSEMBL:ENSACAG00000009750,,gene
NCBIGene:396472,MYL4,,gene
ENSEMBL:ENSMODG00000001009,ENSEMBL:ENSMODG00000001009,,gene
ClinVarVariant:832701,NC_000023.11:g.(?_32595747)_(32651077_?)del,,variant
FBcv:0002001,lethal - all die before end of first instar larval stage,,phenotype
MP:0002732,increased trichoepithelioma incidence,,phenotype
ENSEMBL:ENSCAFG00000012047,ENSEMBL:ENSCAFG00000012047,,gene
ENSEMBL:ENSGALG00000010379,ENSEMBL:ENSGALG00000010379,,gene
ZP:0003138,"midbrain-hindbrain boundary development disrupted, abnormal",,phenotype
OMIM:300377.0010,"DMD, 1-BP INS, EX12",,variant
PomBase:SPAC3A11.08,pcu4,,gene
HP:0000670,Carious teeth,,phenotype
ZP:0013279,"phototaxis process quality, abnormal",,phenotype
ZP:0007273,"blood vessel development arrested, abnormal",,phenotype
HP:0008003,Jerky ocular pursuit movements,,phenotype
MGI:99912,Lama2,,gene
MP:0008948,decreased neuron number,,phenotype
ZP:0100140,"slow muscle cell degenerate, abnormal",,phenotype
ENSEMBL:ENSGALG00000029694,ENSEMBL:ENSGALG00000029694,,gene
HP:0410043,Abnormal neural tube morphology,,phenotype
ClinVarVariant:984109,NM_004006.3(DMD):c.3059C>A (p.Ser1020Ter),,variant
ENSEMBL:ENSPTRG00000009432,ENSEMBL:ENSPTRG00000009432,,gene
MP:0003993,abnormal ventral spinal root morphology,,phenotype
MP:0005412,vascular stenosis,,phenotype
EFO:0006527,smoking status measurement,,phenotype
EFO:0004627,IGF-1 measurement,,phenotype
ENSEMBL:ENSCAFG00000010081,TNNT3,,gene
dictyBase:DDB_G0280565,dictyBase:DDB_G0280565,,gene
4810,ibrutinib,,drug
MP:0012059,thick diaphragm muscle,,phenotype
MP:0002216,abnormal seminiferous tubule morphology,,phenotype
ZP:0005892,"heart shape, abnormal",,phenotype
ZP:0021031,"heart vasculature increased amount, abnormal",,phenotype
ClinVarVariant:501338,NM_004006.2(DMD):c.4295del (p.Gln1432fs),,variant
ClinVarVariant:964578,NM_004006.3(DMD):c.6704del (p.Ser2235fs),,variant
ZP:0009922,"myofibril cardiac ventricle disorganized, abnormal",,phenotype
WBPhenotype:0001811,serotonin induced fat reduction variant,,phenotype
ClinVarVariant:803885,NM_004006.3(DMD):c.3843G>A (p.Trp1281Ter),,variant
ZP:0021025,"epicardium increased amount, abnormal",,phenotype
ENSEMBL:ENSOANG00000000850,ENSEMBL:ENSOANG00000000850,,gene
ZP:0003671,"sarcomere cardiac ventricle decreased amount, abnormal",,phenotype
ENSEMBL:ENSPTRG00000021480,ENSEMBL:ENSPTRG00000021480,,gene
Xenbase:XB-GENE-480855,apc,,gene
ENSEMBL:ENSMMUG00000010440,ENSEMBL:ENSMMUG00000010440,,gene
ENSEMBL:ENSSSCG00000006184,ENSEMBL:ENSSSCG00000006184,,gene
HGNC:8590,PAK1,,gene
ZP:0007290,"cytoplasm blood vessel endothelial cell decreased thickness, abnormal",,phenotype
ENSEMBL:ENSACAG00000004317,ENSEMBL:ENSACAG00000004317,,gene
MONARCH:APO_0000029APO_0000004,pseudohyphal growth:increased,,phenotype
ENSEMBL:ENSMODG00000014073,ENSEMBL:ENSMODG00000014073,,gene
MP:0002310,decreased susceptibility to hepatic steatosis,,phenotype
ENSEMBL:ENSSSCG00000037494,SPTBN4,,gene
ZP:0021004,"sarcomere somite disorganized, abnormal",,phenotype
ZP:0000213,"whole organism movement behavioral quality, abnormal",,phenotype
ENSEMBL:ENSMODG00000023714,ENSEMBL:ENSMODG00000023714,,gene
ZP:0004699,"dorsal fin has fewer parts of type lepidotrichium, abnormal",,phenotype
MGI:1919094,Nupl1,,gene
ZP:0100165,"myofibril muscle patchy, abnormal",,phenotype
WBPhenotype:0001511,linker cell migration variant,,phenotype
ENSEMBL:ENSACAG00000029475,ENSEMBL:ENSACAG00000029475,,gene
MP:0001218,thin epidermis,,phenotype
ZP:0002716,"vertical myoseptum malformed, abnormal",,phenotype
ZP:0005810,"photoreceptor outer segment retina decreased size, abnormal",,phenotype
HP:0006829,Severe muscular hypotonia,,phenotype
ZP:0009291,"swim bladder malformed, abnormal",,phenotype
ClinVarVariant:803785,NM_004006.3(DMD):c.10494_10495AG[2] (p.Glu3499_Ser3500insTer),,variant
MP:0001547,abnormal lipid level,,phenotype
ZP:0003688,"oligodendrocyte decreased amount, abnormal",,phenotype
ZFIN:ZDB-GENE-081030-4,lamb2,,gene
MP:0012035,abnormal b-wave shape,,phenotype
ZP:0012364,"skeletal muscle myofibril skeletal muscle organization quality, abnormal",,phenotype
ZP:0002763,"neuron hindbrain decreased amount, abnormal",,phenotype
ENSEMBL:ENSPTRG00000014359,ENSEMBL:ENSPTRG00000014359,,gene
ENSEMBL:ENSSSCG00000011377,LAMB2,,gene
920,diphenylpyraline,,drug
MONDO:0016097,symptomatic form of muscular dystrophy of Duchenne and Becker in female carriers,,disease
MP:0002435,abnormal effector T cell morphology,,phenotype
ZP:0005495,"atrium decreased contractility, abnormal",,phenotype
ZP:0000456,"trunk vasculature morphology, abnormal",,phenotype
ClinVarVariant:646399,NC_000023.11:g.(?_31507271)_(31507463_?)del,,variant
ClinVarVariant:193663,NM_004006.2(DMD):c.1093C>T (p.Gln365Ter),,variant
NCBITaxon:9615,Canis lupus familiaris,,taxon
WBPhenotype:0000634,pharyngeal pumping variant,,phenotype
ClinVarVariant:661738,NC_000023.11:g.(?_32849718)_(32849830_?)del,,variant
ZP:0002989,"Kupffer's vesicle development decreased process quality, abnormal",,phenotype
ClinVarVariant:803901,NM_004006.3(DMD):c.2853del (p.Arg952fs),,variant
ZP:0005329,"whole organism semi-lethal (sensu genetics), abnormal",,phenotype
1796,mianserin,,drug
ZP:0014206,"ventricular cardiac myofibril assembly process quality, abnormal",,phenotype
HGNC:11943,TNNC1,,gene
FBcv:0002012,majority die during larval stage,,phenotype
MP:0004929,decreased epididymis weight,,phenotype
FlyBase:FBgn0038274,Nup93-2,,gene
ClinVarVariant:803908,NM_004006.3(DMD):c.2572_2578del (p.Thr858fs),,variant
HGNC:1486,CAPN9,,gene
ZP:0103652,"striated muscle myosin thick filament slow muscle cell decreased length, abnormal",,phenotype
HP:0001970,Tubulointerstitial nephritis,,phenotype
HP:0005616,Accelerated skeletal maturation,,phenotype
ClinVarVariant:409917,NM_004006.2(DMD):c.4071+1G>A,,variant
ClinVarVariant:855825,NC_000023.11:g.32545149_32651077dup,,variant
RGD:61965,Ptpn1,,gene
ZFIN:ZDB-GENE-060421-5204,zgc:136872,,gene
HP:0002194,Delayed gross motor development,,phenotype
HP:0000961,Cyanosis,,phenotype
ENSEMBL:ENSECAG00000024448,ENSEMBL:ENSECAG00000024448,,gene
HP:0030638,Congenital stationary night blindness with normal fundus,,phenotype
ENSEMBL:ENSFCAG00000047570,ENSEMBL:ENSFCAG00000047570,,gene
MP:0010451,kidney microaneurysm,,phenotype
ENSEMBL:ENSFCAG00000007624,ENSEMBL:ENSFCAG00000007624,,gene
ENSEMBL:ENSMMUG00000016587,ENSEMBL:ENSMMUG00000016587,,gene
ENSEMBL:ENSSSCG00000025228,TRAF3IP1,,gene
ZP:0137785,"muscle cell myotome decreased amount, abnormal",,phenotype
MP:0009703,decreased birth body size,,phenotype
MP:0012735,abnormal response to exercise,,phenotype
1612,lovastatin,,drug
HP:0030483,Reduced amplitude of dark-adapted bright flash electroretinogram a-wave,,phenotype
HP:0001518,Small for gestational age,,phenotype
ZFIN:ZDB-GENE-050622-16,kif15,,gene
RGD:2139,App,,gene
HP:0006482,Abnormality of dental morphology,,phenotype
SGD:S000006272,HOS1,,gene
HP:0002890,Thyroid carcinoma,,phenotype
ENSEMBL:ENSECAG00000018955,ENSEMBL:ENSECAG00000018955,,gene
ClinVarVariant:839334,NM_004006.3(DMD):c.2546del (p.Ala849fs),,variant
HP:0001357,Plagiocephaly,,phenotype
ENSEMBL:ENSOANG00000013534,ENSEMBL:ENSOANG00000013534,,gene
WormBase:WBGene00006759,unc-22,,gene
HP:0031705,Compensatory head posture,,phenotype
ZP:0001023,"lens aplastic, abnormal",,phenotype
ZP:0100538,"facial nerve motor nucleus displaced to motor neuron rhombomere 5, abnormal",,phenotype
ClinVarVariant:833176,NC_000023.11:g.(?_31609621)_(31932237_?)del,,variant
ClinVarVariant:803874,NM_004006.3(DMD):c.4438G>T (p.Glu1480Ter),,variant
271,azelastine,,drug
PomBase:SPBC29A10.01,ccr1,,gene
ENSEMBL:ENSGALG00000014042,ENSEMBL:ENSGALG00000014042,,gene
HP:0000517,Abnormality of the lens,,phenotype
MP:0002842,increased systemic arterial blood pressure,,phenotype
ClinVarVariant:641562,NC_000023.11:g.(?_32472154)_(32651077_?)del,,variant
MP:0001627,abnormal cardiac output,,phenotype
WBPhenotype:0001136,embryonic morphology variant,,phenotype
WBPhenotype:0000467,age associated fluorescence increased,,phenotype
HP:0004322,Short stature,,phenotype
ZP:0003025,"intestinal bulb primordium bilateral symmetry, abnormal",,phenotype
ENSEMBL:ENSACAG00000007299,ENSEMBL:ENSACAG00000007299,,gene
MP:0001258,decreased body length,,phenotype
MONARCH:APO_0000130APO_0000004,small molecule transport:increased,,phenotype
ZP:0001499,"myotome refractivity, abnormal",,phenotype
ENSEMBL:ENSPTRG00000051842,ENSEMBL:ENSPTRG00000051842,,gene
GO:0030055,cell-substrate junction,,molecular function
MP:0031026,increased susceptibility to Herpesvirales infection induced morbidity/mortality,,phenotype
WBPhenotype:0001100,early embryonic lethal,,phenotype
ZP:0104237,"caudal vein plexus decreased occurrence sprouting angiogenesis, abnormal",,phenotype
MP:0011979,abnormal magnesium ion homeostasis,,phenotype
ClinVarVariant:288725,NM_004006.2(DMD):c.9563+1G>A,,variant
HP:0012311,Monocytosis,,phenotype
WBPhenotype:0001036,sterile F1,,phenotype
ENSEMBL:ENSSSCG00000034654,MYOG,,gene
PomBase:SPAC24H6.05,cdc25,,gene
MP:0001674,abnormal germ layer development,,phenotype
MP:0008944,decreased sensitivity to induced cell death,,phenotype
MGI:1341110,Adcy8,,gene
GO:1902083,negative regulation of peptidyl-cysteine S-nitrosylation,,molecular function
dbSNP:rs11017928,rs11017928-?,,variant
HP:0001094,Iridocyclitis,,phenotype
ZP:0007700,"Z disc skeletal muscle increased width, abnormal",,phenotype
NCBITaxon:559292,Saccharomyces cerevisiae S288C,,taxon
ENSEMBL:ENSECAG00000017421,ENSEMBL:ENSECAG00000017421,,gene
ZP:0012327,"sleep process quality, abnormal",,phenotype
HP:0001595,Abnormal hair morphology,,phenotype
ZFIN:ZDB-GENE-040426-1357,cul4a,,gene
MP:0000715,decreased thymocyte number,,phenotype
ZP:0022916,"response to heat process quality, abnormal",,phenotype
MP:0000136,abnormal microglial cell morphology,,phenotype
ZP:0021033,"epicardium hemorrhagic, abnormal",,phenotype
MP:0009175,abnormal pancreatic beta cell differentiation,,phenotype
EFO:0004980,appendicular lean mass,,phenotype
ZP:0137791,"multicellular organismal movement decreased occurrence, abnormal",,phenotype
ClinVarVariant:455842,NC_000023.11:g.(?_32697850)_(32823850_?)del,,variant
ZP:0000689,"sprouting angiogenesis process quality, abnormal",,phenotype
ENSEMBL:ENSCAFG00000011913,ENSEMBL:ENSCAFG00000011913,,gene
HP:0001336,Myoclonus,,phenotype
WormBase:WBGene00021004,sftb-2,,gene
ZP:0001512,"muscle dystrophic, abnormal",,phenotype
MP:0011257,abnormal head fold morphology,,phenotype
ZP:0100010,"anatomical system quality, abnormal",,phenotype
MONARCH:APO_0000071APO_0000002,cytokinesis:abnormal,,phenotype
HP:0000103,Polyuria,,phenotype
ZP:0019993,"ventral region whole organism increased distribution, abnormal",,phenotype
HP:0001638,Cardiomyopathy,,phenotype
ZP:0138053,"habituation decreased rate, abnormal",,phenotype
Xenbase:XB-GENE-6258370,sgca,,gene
MP:0020870,decreased thigmotaxis,,phenotype
MP:0003996,clonic seizures,,phenotype
ENSEMBL:ENSCAFG00000006373,A0A5F4C140,,gene
ZP:0001523,"mitochondrion skeletal muscle cell irregular spatial pattern, abnormal",,phenotype
MP:0005641,increased mean corpuscular hemoglobin concentration,,phenotype
WBPhenotype:0002321,forward point velocity decreased,,phenotype
ZFIN:ZDB-GENE-090312-163,tns2a,,gene
WBPhenotype:0002291,body posture amplitude variant,,phenotype
ClinVarVariant:217172,NM_004006.2(DMD):c.10223+1G>C,,variant
HP:0012132,Erythroid hyperplasia,,phenotype
ZFIN:ZDB-GENE-100824-1,nos1apb,,gene
ENSEMBL:ENSPTRG00000009391,ENSEMBL:ENSPTRG00000009391,,gene
ENSEMBL:ENSSSCG00000038229,EML2,,gene
WBPhenotype:0000545,egg retention,,phenotype
ClinVarVariant:851668,NM_004006.3(DMD):c.6474del (p.Val2159fs),,variant
MP:0004860,dilated kidney collecting duct,,phenotype
WBPhenotype:0000672,presynaptic vesicle cluster localization variant,,phenotype
HP:0002040,Esophageal varix,,phenotype
ENSEMBL:ENSFCAG00000000833,ENSEMBL:ENSFCAG00000000833,,gene
ZP:0104033,"memory process quality, abnormal",,phenotype
HP:0100957,Abnormal renal medulla morphology,,phenotype
MP:0003491,abnormal voluntary movement,,phenotype
ENSEMBL:ENSBTAG00000021072,DTNB,,gene
HP:0003750,Increased muscle fatiguability,,phenotype
HGNC:10806,SGCB,,gene
4118,pazopanib,,drug
MP:0002442,abnormal leukocyte physiology,,phenotype
EFO:0010554,retinal vasculature measurement,,phenotype
WBPhenotype:0001953,nuclear fallout,,phenotype
WBPhenotype:0001573,nicotine response variant,,phenotype
FBcv:0000723,neoplasia,,phenotype
1738,methapyrilene,,drug
OMIM:300377.0038,"DMD, 11-BP DEL, NT989",,variant
HP:0001662,Bradycardia,,phenotype
EFO:0008039,BMI-adjusted hip circumference,,phenotype
ZP:0009520,"chondrocyte hypertrophy premature, abnormal",,phenotype
RGD:2036,Adcy8,,gene
MP:0004037,increased muscle relaxation,,phenotype
FlyBase:FBgn0030360,CG1806,,gene
HP:0000234,Abnormality of the head,,phenotype
WormBase:WBGene00023451,mlc-7,,gene
dictyBase:DDB_G0293526,racC,,gene
WBPhenotype:0000802,dorsal region development variant,,phenotype
ZP:0007166,"slow-twitch skeletal muscle fiber contraction decreased process quality, abnormal",,phenotype
HGNC:11871,TMOD1,,gene
ZP:0009521,"hypertrophic chondrocyte increased amount, abnormal",,phenotype
ZP:0013878,"interrenal gland decreased occurrence epithelial to mesenchymal transition, abnormal",,phenotype
ZP:0013933,"retina folded, abnormal",,phenotype
ZP:0001378,"retina morphogenesis in camera-type eye disrupted, abnormal",,phenotype
MP:0008533,abnormal anterior visceral endoderm morphology,,phenotype
ZP:0102948,"lens increased occurrence cell death, abnormal",,phenotype
MP:0000787,abnormal telencephalon morphology,,phenotype
ENSEMBL:ENSDARG00000114153,BX927313.1,,gene
ZP:0011403,"skeletal myofibril assembly decreased process quality, abnormal",,phenotype
ENSEMBL:ENSCAFG00000015254,VCL,,gene
Xenbase:XB-GENE-5870147,dgkb,,gene
ZP:0003090,"palatoquadrate cartilage bent, abnormal",,phenotype
ENSEMBL:ENSCAFG00000020049,ENSEMBL:ENSCAFG00000020049,,gene
HP:0000341,Narrow forehead,,phenotype
MP:0008547,abnormal neocortex morphology,,phenotype
ENSEMBL:ENSECAG00000022498,ENSEMBL:ENSECAG00000022498,,gene
WBPhenotype:0002298,coiling frequency variant,,phenotype
ZP:0018734,"extension physical object quality, abnormal",,phenotype
ClinVarVariant:803860,NM_004006.3(DMD):c.5376del (p.Lys1792fs),,variant
HP:0002904,Hyperbilirubinemia,,phenotype
MP:0002411,decreased susceptibility to bacterial infection,,phenotype
MP:0001613,abnormal vasodilation,,phenotype
FlyBase:FBgn0032643,GCS2beta,,gene
WBPhenotype:0001317,evoked postsynaptic amplitude reduced,,phenotype
WBPhenotype:0001351,protein phosphorylation reduced,,phenotype
ENSEMBL:ENSOANG00000014682,ENSEMBL:ENSOANG00000014682,,gene
MP:0000417,short hair,,phenotype
HP:0008069,Neoplasm of the skin,,phenotype
WBPhenotype:0002428,intestinal degeneration,,phenotype
MP:0000116,abnormal tooth development,,phenotype
ZP:0004979,"sarcomere ventricular myocardium sparse, abnormal",,phenotype
ENSEMBL:ENSMMUG00000006431,ENSEMBL:ENSMMUG00000006431,,gene
ClinVarVariant:526098,NM_000109.4(DMD):c.3793del (p.Ser1265fs),,variant
ZP:0009539,"blood accumulation sinus venosus, abnormal",,phenotype
HP:0001098,Abnormal fundus morphology,,phenotype
MP:0012029,abnormal electroretinogram waveform feature,,phenotype
PomBase:SPCC825.02,gbs1,,gene
MP:0008055,increased urine osmolality,,phenotype
WBPhenotype:0001302,P granule localization defective,,phenotype
ENSEMBL:ENSSSCG00000010313,ENSEMBL:ENSSSCG00000010313,,gene
MP:0005635,decreased circulating bilirubin level,,phenotype
MP:0000703,abnormal thymus morphology,,phenotype
OMIA-breed:154,Cavalier King Charles Spaniel (dog),,biological artifact
2630,thiethylperazine,,drug
ENSEMBL:ENSFCAG00000002534,ENSEMBL:ENSFCAG00000002534,,gene
HP:0012723,Sinoatrial block,,phenotype
ClinVarVariant:832986,NC_000023.11:g.(?_32461199)_(32849830_?)del,,variant
ClinVarVariant:857756,NM_004006.3(DMD):c.10227del (p.Val3410fs),,variant
ZP:0004689,"epidermis median fin fold disorganized, abnormal",,phenotype
ZP:0000756,"Z disc cardiac muscle cell shape, abnormal",,phenotype
ZP:0001534,"heart contraction increased rate, abnormal",,phenotype
HGNC:3032,DRP2,,gene
ENSEMBL:ENSMMUG00000018600,ENSEMBL:ENSMMUG00000018600,,gene
MP:0001349,excessive tearing,,phenotype
ZP:0003011,"notochord cellular quality, abnormal",,phenotype
HP:0002705,"High, narrow palate",,phenotype
ClinVarVariant:526084,NM_004006.2(DMD):c.1075G>T (p.Glu359Ter),,variant
WBPhenotype:0001161,maternal pronucleus indistinct early emb,,phenotype
HP:0002312,Clumsiness,,phenotype
MP:0010035,increased erythrocyte clearance,,phenotype
ENSEMBL:ENSOANG00000043938,ENSEMBL:ENSOANG00000043938,,gene
MP:0003627,abnormal leukocyte tethering or rolling,,phenotype
ENSEMBL:ENSMMUG00000028743,ENSEMBL:ENSMMUG00000028743,,gene
ENSEMBL:ENSCAFG00000013830,CAPN1,,gene
ZP:0010943,"interrenal  angiogenic sprout mislocalised laterally, abnormal",,phenotype
HP:0001761,Pes cavus,,phenotype
MP:0012557,decreased calcium uptake by cardiac muscle,,phenotype
MP:0001951,abnormal breathing pattern,,phenotype
ENSEMBL:ENSSSCG00000002690,GAN,,gene
MP:0006400,decreased molar number,,phenotype
WBPhenotype:0001675,male gonad development variant,,phenotype
ZP:0005565,"pronephric tubule dilated, abnormal",,phenotype
MP:0014115,cognitive inflexibility,,phenotype
dictyBase:DDB_G0287161,DDB0187314,,gene
ENSEMBL:ENSGALG00000034528,SNTB1,,gene
ENSEMBL:ENSACAG00000000790,ENSEMBL:ENSACAG00000000790,,gene
ZP:0004941,"Kupffer's vesicle development disrupted, abnormal",,phenotype
HP:0001397,Hepatic steatosis,,phenotype
Xenbase:XB-GENE-6257751,nup58,,gene
MP:0008143,abnormal dendrite morphology,,phenotype
ENSEMBL:ENSGALG00000004980,ENSEMBL:ENSGALG00000004980,,gene
HP:0001010,Hypopigmentation of the skin,,phenotype
HGNC:9863,RAPSN,,gene
ENSEMBL:ENSOANG00000008420,ENSEMBL:ENSOANG00000008420,,gene
WBPhenotype:0002156,temperature learning variant,,phenotype
HP:0005537,Decreased mean platelet volume,,phenotype
MP:0009657,failure of chorioallantoic fusion,,phenotype
MP:0003419,delayed endochondral bone ossification,,phenotype
ENSEMBL:ENSGALG00000010988,MPP6,,gene
ENSEMBL:ENSECAG00000020715,ENSEMBL:ENSECAG00000020715,,gene
ENSEMBL:ENSFCAG00000008541,ENSEMBL:ENSFCAG00000008541,,gene
ClinVarVariant:803945,NM_004006.3(DMD):c.635_636dup (p.Leu213fs),,variant
MP:0009026,abnormal brain pia mater morphology,,phenotype
ZP:0001522,"nucleus skeletal muscle cell mislocalised, abnormal",,phenotype
951,dosulepin,,drug
ENSEMBL:ENSOANG00000015835,ENSEMBL:ENSOANG00000015835,,gene
ENSEMBL:ENSMODG00000023914,ENSEMBL:ENSMODG00000023914,,gene
WBPhenotype:0001013,pathogen susceptibility increased,,phenotype
EFO:0009764,eye colour measurement,,phenotype
Xenbase:XB-GENE-5759106,vcl,,gene
Xenbase:XB-GENE-479643,mybpc3,,gene
MP:0010154,abnormal gastroesophageal sphincter physiology,,phenotype
ZP:0003028,"fast muscle myoblast decreased length, abnormal",,phenotype
FlyBase:FBgn0000667,Actn,,gene
MP:0003855,abnormal forelimb zeugopod morphology,,phenotype
MP:0004833,ovary atrophy,,phenotype
ClinVarVariant:217178,NM_004006.2(DMD):c.1388G>A (p.Trp463Ter),,variant
ENSEMBL:ENSECAG00000017905,ENSEMBL:ENSECAG00000017905,,gene
ENSEMBL:ENSGALG00000045085,IFIT5,,gene
MP:0004150,absent caveolae,,phenotype
OMIM:300377.0025,"DMD, IVS1, G-T, +1",,variant
ENSEMBL:ENSMODG00000007852,ENSEMBL:ENSMODG00000007852,,gene
ClinVarVariant:526154,NC_000023.10:g.(?_31279052)_(31747885_?)dup,,variant
GO:0045202,synapse,,molecular function
WBPhenotype:0000339,transient bloating,,phenotype
WBPhenotype:0001208,RNAi resistant,,phenotype
MP:0008531,increased chemical nociceptive threshold,,phenotype
ZFIN:ZDB-GENE-011212-3,vim,,gene
MP:0001921,reduced fertility,,phenotype
ENSEMBL:ENSBTAG00000001865,ENSEMBL:ENSBTAG00000001865,,gene
MP:0009293,decreased inguinal fat pad weight,,phenotype
ClinVarVariant:455821,NC_000023.11:g.(?_31875168)_(31968534_?)del,,variant
186,amodiaquine,,drug
ClinVarVariant:803832,NM_004006.3(DMD):c.7872+1G>A,,variant
NCBIGene:572297,LOC572297,,gene
ClinVarVariant:833410,NC_000023.11:g.(?_31773950)_(32573856_?)del,,variant
MP:0013488,increased keratoacanthoma incidence,,phenotype
FBcv:0000434,abnormal neurophysiology,,phenotype
dbSNP:rs2685902,rs2685902-?,,variant
ZP:0001516,"neutrophil skeletal muscle present, abnormal",,phenotype
ENSEMBL:ENSGALG00000006591,TNNI2,,gene
ZP:0011756,"bulbus arteriosus development process quality, abnormal",,phenotype
ClinVarVariant:803904,NM_004006.3(DMD):c.2708del (p.Gly903fs),,variant
NCBIGene:100331149,LOC100331149,,gene
ENSEMBL:ENSECAG00000021777,ENSEMBL:ENSECAG00000021777,,gene
ClinVarVariant:455822,NC_000023.11:g.(?_31875168)_(33339285_?)del,,variant
WBPhenotype:0002325,backward point velocity increased,,phenotype
ENSEMBL:ENSACAG00000013010,ENSEMBL:ENSACAG00000013010,,gene
ENSEMBL:ENSGALG00000033561,ENSEMBL:ENSGALG00000033561,,gene
ZP:0018354,"cilium hair cell anterior macula decreased length, abnormal",,phenotype
HP:0008216,Adrenal gland dysgenesis,,phenotype
ZP:0004697,"pectoral fin has fewer parts of type lepidotrichium, abnormal",,phenotype
Coriell:GM05127,NIGMS-GM05127,,biological artifact
ZP:0002195,"microtubule cytoskeleton Mauthner neuron decreased mass density, abnormal",,phenotype
HGNC:6153,ITGB1,,gene
ENSEMBL:ENSMMUG00000001291,ENSEMBL:ENSMMUG00000001291,,gene
WormBase:WBGene00006588,tnt-3,,gene
ENSEMBL:ENSMODG00000010165,ENSEMBL:ENSMODG00000010165,,gene
ClinVarVariant:803912,NM_004006.3(DMD):c.2461G>T (p.Glu821Ter),,variant
WBPhenotype:0001445,sodium acetate adaptation defective,,phenotype
4314,aceclidine,,drug
WBPhenotype:0000542,fat,,phenotype
ZP:0013026,"sarcomere atrium morphology, abnormal",,phenotype
ZP:0000034,"hindbrain quality, abnormal",,phenotype
MP:0010392,prolonged QRS complex duration,,phenotype
2106,perhexiline,,drug
ZP:0006637,"blood accumulation cranial vasculature, abnormal",,phenotype
ZP:0006725,"endoplasmic reticulum unfolded protein response increased process quality, abnormal",,phenotype
MP:0002833,increased heart weight,,phenotype
HP:0500018,Abnormal cardiac exercise stress test,,phenotype
Xenbase:XB-GENE-986079,plekha4,,gene
MGI:1914487,Cul4a,,gene
ClinVarVariant:455948,NM_000109.4(DMD):c.9857_9866del (p.Trp3286fs),,variant
ENSEMBL:ENSECAG00000020452,ENSEMBL:ENSECAG00000020452,,gene
ENSEMBL:ENSMODG00000038857,ENSEMBL:ENSMODG00000038857,,gene
dictyBase:DDB_G0269896,DDB0190653,,gene
ENSEMBL:ENSFCAG00000011140,ENSEMBL:ENSFCAG00000011140,,gene
MP:0008151,increased diameter of long bones,,phenotype
HP:0005736,Short tibia,,phenotype
MONARCH:APO_0000201APO_0000003,acid pH resistance:decreased,,phenotype
ENSEMBL:ENSACAG00000011077,ENSEMBL:ENSACAG00000011077,,gene
EFO:0004682,QT interval,,phenotype
MP:0005656,decreased aggression,,phenotype
ClinVarVariant:409885,NM_000109.4(DMD):c.9016dup (p.Leu3006fs),,variant
ClinVarVariant:11217,"DMD, AG-T, EX48",,variant
WormBase:WBGene00001978,hmp-1,,gene
ENSEMBL:ENSCAFG00000008253,ENSEMBL:ENSCAFG00000008253,,gene
WormBase:WBGene00003370,mlc-2,,gene
ZP:0013172,"cell fate specification process quality, abnormal",,phenotype
ENSEMBL:ENSACAG00000009622,ENSEMBL:ENSACAG00000009622,,gene
ZP:0001402,"eye hemorrhagic, abnormal",,phenotype
ENSEMBL:ENSCAFG00000004208,FKRP,,gene
HGNC:13741,SNTG2,,gene
ENSEMBL:ENSOANG00000004594,ENSEMBL:ENSOANG00000004594,,gene
ZFIN:ZDB-GENE-030131-7880,osgep,,gene
MP:0002972,abnormal cardiac muscle contractility,,phenotype
WBPhenotype:0001103,spindle absent early emb,,phenotype
MP:0002825,abnormal notochord morphology,,phenotype
ENSEMBL:ENSGALG00000009621,ENSEMBL:ENSGALG00000009621,,gene
FlyBase:FBgn0034567,CG15651,,gene
ClinVarVariant:803859,NM_004006.3(DMD):c.5636G>A (p.Trp1879Ter),,variant
ZP:0009668,"palatoquadrate cartilage morphology, abnormal",,phenotype
391,bortezomib,,drug
FlyBase:FBgn0003301,rut,,gene
MP:0001828,abnormal T cell activation,,phenotype
ZFIN:ZDB-GENE-080215-4,mark2b,,gene
WBPhenotype:0001014,pathogen resistance increased,,phenotype
MP:0000388,absent hair follicle inner root sheath,,phenotype
WBPhenotype:0001980,germ cell compartment expansion variant,,phenotype
ClinVarVariant:981994,NC_000023.11:g.(31729749_31773959)_(31836820_31875187)del,,variant
Xenbase:XB-GENE-955189,bcar1,,gene
ClinVarVariant:847633,NM_004006.3(DMD):c.178del (p.Gln60fs),,variant
MP:0030935,increased primordial germ cell apoptosis,,phenotype
ClinVarVariant:11275,"DMD, IVS70, G-T, +5",,variant
ZFIN:ZDB-GENE-160216-3,kcnj4,,gene
WormBase:WBGene00000156,apr-1,,gene
729,colforsin daropate,,drug
WormBase:WBGene00007048,nfx-1,,gene
ClinVarVariant:217215,NM_004006.2(DMD):c.8390+2T>C,,variant
dbSNP:rs145835909,rs145835909-G,,variant
HP:0002450,Abnormal motor neuron morphology,,phenotype
ENSEMBL:ENSOANG00000039013,ENSEMBL:ENSOANG00000039013,,gene
WormBase:WBGene00001187,egl-19,,gene
4818,florbetaben F18,,drug
MP:0008596,increased circulating interleukin-6 level,,phenotype
ZP:0002210,"posterior lateral line neuromast primordium migration arrested, abnormal",,phenotype
ZFIN:ZDB-GENE-030131-8109,myl1,,gene
ZP:0008028,"atrium lacks parts or has fewer parts of type Z disc cardiac muscle cell, abnormal",,phenotype
ClinVarVariant:833435,NC_000023.11:g.(?_32310072)_(32518150_?)dup,,variant
HP:0011297,Abnormal digit morphology,,phenotype
ZFIN:ZDB-GENE-030131-2774,bcar1,,gene
ClinVarVariant:849051,NM_004006.3(DMD):c.4914_4915del (p.Lys1639fs),,variant
MP:0006107,abnormal fetal atrioventricular canal morphology,,phenotype
ENSEMBL:ENSBTAG00000050839,DISC1,,gene
ZP:0000732,"palatoquadrate arch decreased length, abnormal",,phenotype
Q13177,Serine/threonine-protein kinase PAK 2,,gene product
ZFIN:ZDB-GENE-040426-1263,capn1a,,gene
MP:0013192,decreased sebaceous gland number,,phenotype
ZP:0106693,"myocardium decreased process quality sarcomere organization, abnormal",,phenotype
ENSEMBL:ENSACAG00000017407,ENSEMBL:ENSACAG00000017407,,gene
WBPhenotype:0000202,alae variant,,phenotype
ClinVarVariant:838434,NM_004006.3(DMD):c.7378G>T (p.Glu2460Ter),,variant
MP:0002583,absent extraembryonic ectoderm,,phenotype
MP:0001394,circling,,phenotype
WormBase:WBGene00001131,dys-1,,gene
4816,umeclidinium,,drug
ClinVarVariant:665639,NC_000023.11:g.(?_31836708)_(31968524_?)del,,variant
HP:0010923,Anterior subcapsular cataract,,phenotype
ClinVarVariant:665032,NC_000023.11:g.(?_32310072)_(32454842_?)del,,variant
ClinVarVariant:803830,NM_004006.3(DMD):c.8027+1G>T,,variant
ClinVarVariant:660142,NC_000023.11:g.(?_31679355)_(31774212_?)del,,variant
ENSEMBL:ENSSSCG00000016658,ANLN,,gene
ZP:0000051,"optic tectum disorganized, abnormal",,phenotype
ZP:0008027,"atrium lacks parts or has fewer parts of type sarcomere cardiac muscle cell, abnormal",,phenotype
SGD:S000003450,CRM1,,gene
MP:0004542,impaired acrosome reaction,,phenotype
MP:0005452,abnormal adipose tissue amount,,phenotype
GO:0046716,muscle cell cellular homeostasis,,molecular function
ClinVarVariant:560054,ClinVarVariant:560054,,variant
MP:0003232,abnormal forebrain development,,phenotype
MP:0000755,hindlimb paralysis,,phenotype
HP:0001679,Abnormal aortic morphology,,phenotype
ZP:0006773,"extracellular matrix cranium decreased volume, abnormal",,phenotype
ENSEMBL:ENSMMUG00000019297,ENSEMBL:ENSMMUG00000019297,,gene
ENSEMBL:ENSMMUG00000001951,ENSEMBL:ENSMMUG00000001951,,gene
ENSEMBL:ENSPTRG00000013750,ENSEMBL:ENSPTRG00000013750,,gene
ZP:0014340,"myofibril muscle cell absent, abnormal",,phenotype
ZP:0005108,"T-tubule muscle broken, abnormal",,phenotype
MP:0004021,abnormal rod electrophysiology,,phenotype
ClinVarVariant:938083,NM_004006.3(DMD):c.2926G>T (p.Glu976Ter),,variant
MONARCH:APO_0000123APO_0000005,recovery from pheromone-induced cell cycle arrest:absent,,phenotype
ZP:0003154,"axon lateral line nerve decreased length, abnormal",,phenotype
MP:0009858,abnormal cellular extravasation,,phenotype
ClinVarVariant:831978,NC_000023.11:g.(?_32573520)_(32849830_?)del,,variant
MP:0003953,abnormal hormone level,,phenotype
ClinVarVariant:409942,NM_004006.2(DMD):c.2077C>T (p.Gln693Ter),,variant
WBPhenotype:0000280,breaks in alae,,phenotype
HP:0030047,Abnormal lateral ventricle morphology,,phenotype
HP:0000400,Macrotia,,phenotype
OMIM:300377.0048,"DMD, GLN1041TER",,variant
MP:0008174,decreased follicular B cell number,,phenotype
ENSEMBL:ENSACAG00000003593,ENSEMBL:ENSACAG00000003593,,gene
ZP:0002196,"cell aging increased magnitude, abnormal",,phenotype
WBPhenotype:0000351,failure to hatch,,phenotype
ZP:0003197,"locomotion disrupted, abnormal",,phenotype
MGI:97272,Myl2,,gene
ZFIN:ZDB-GENE-000329-1,actb1,,gene
HP:0002753,Thin bony cortex,,phenotype
HP:0004370,Abnormality of temperature regulation,,phenotype
ENSEMBL:ENSOANG00000050950,ENSEMBL:ENSOANG00000050950,,gene
EFO:0006821,trans fatty acid measurement,,phenotype
OMIM:300377.0085,"DMD, EX45-47DEL",,variant
FBcv:0000349,viable,,phenotype
ZP:0000038,"pericardium edematous, abnormal",,phenotype
ZP:0001036,"whole organism increased speed, abnormal",,phenotype
MP:0000961,abnormal dorsal root ganglion morphology,,phenotype
WormBase:WBGene00000065,act-3,,gene
3220,femoxetine,,drug
5443,casimersen,,drug
MP:0002704,tubular nephritis,,phenotype
ClinVarVariant:658441,NC_000023.11:g.(?_32809483)_(32849830_?)del,,variant
HP:0001636,Tetralogy of Fallot,,phenotype
FlyBase:FBgn0261385,scra,,gene
ENSEMBL:ENSBTAG00000004997,ENSEMBL:ENSBTAG00000004997,,gene
MP:0001210,skin ridges,,phenotype
Xenbase:XB-GENE-493748,kcnj4,,gene
ENSEMBL:ENSMODG00000017041,ENSEMBL:ENSMODG00000017041,,gene
ClinVarVariant:984216,NM_004006.3(DMD):c.8023A>T (p.Lys2675Ter),,variant
ZP:0138050,"swimming decreased frequency, abnormal",,phenotype
WormBase:WBGene00000424,ced-10,,gene
ZP:0100171,"tonic skeletal muscle contraction decreased intensity, abnormal",,phenotype
ENSEMBL:ENSMODG00000017253,ENSEMBL:ENSMODG00000017253,,gene
ClinVarVariant:831707,NC_000023.11:g.(?_32595747)_(32595886_?)del,,variant
MP:0010936,decreased airway resistance,,phenotype
HP:0011807,Type 1 muscle fiber atrophy,,phenotype
ZP:0000655,"retina disorganized, abnormal",,phenotype
EFO:0003912,ankle brachial index,,phenotype
HP:0008734,Decreased testicular size,,phenotype
EFO:0007925,response to paliperidone,,phenotype
ClinVarVariant:94511,NM_004006.2(DMD):c.2419C>T (p.Gln807Ter),,variant
ZP:0008068,"extracellular matrix myotome structure, abnormal",,phenotype
ZP:0102336,"intestinal epithelium decreased amount, abnormal",,phenotype
ZP:0019903,"motile cilium Kupffer's vesicle decreased functionality, abnormal",,phenotype
ZFIN:ZDB-GENE-051127-17,ifit8,,gene
Xenbase:XB-GENE-966697,stub1,,gene
ClinVarVariant:803818,NM_004006.3(DMD):c.8669-2A>T,,variant
HP:0010864,"Intellectual disability, severe",,phenotype
1529,ketorolac,,drug
FlyBase:FBgn0000047,Act88F,,gene
GO:0043043,peptide biosynthetic process,,molecular function
ZP:0000031,"swim bladder inflation arrested, abnormal",,phenotype
ENSEMBL:ENSPTRG00000004526,ENSEMBL:ENSPTRG00000004526,,gene
ZFIN:ZDB-GENE-130819-1,lamtor1,,gene
MGI:894645,Pick1,,gene
ClinVarVariant:417481,NC_000023.10:g.(?_32827610)_(33229673_?)dup,,variant
WBPhenotype:0002327,velocity of movement increased,,phenotype
WBPhenotype:0002326,velocity of movement decreased,,phenotype
WBPhenotype:0001370,protein protein interaction variant,,phenotype
MP:0003060,increased aerobic running capacity,,phenotype
dictyBase:DDB_G0276459,pakB,,gene
ENSEMBL:ENSPTRG00000018944,ENSEMBL:ENSPTRG00000018944,,gene
2389,risperidone,,drug
RGD:3751,Sptbn2,,gene
MP:0000702,enlarged lymph nodes,,phenotype
ENSEMBL:ENSCAFG00000019342,AGRN,,gene
MP:0005560,decreased circulating glucose level,,phenotype
ZP:0021038,"epicardium increased occurrence cell population proliferation, abnormal",,phenotype
MP:0002404,increased intestinal adenoma incidence,,phenotype
ZP:0106691,"cytosol myocardium increased distribution, abnormal",,phenotype
ZP:0002717,"myotome malformed, abnormal",,phenotype
HP:0040088,Abnormal lymphocyte count,,phenotype
MP:0006024,collapsed Reissner membrane,,phenotype
ZP:0018639,"heart increased distribution, abnormal",,phenotype
WBPhenotype:0001913,excess coelomocytes,,phenotype
ZFIN:ZDB-GENE-030313-1,rapsn,,gene
ZP:0002068,"lens separated from cell lens epithelium, abnormal",,phenotype
HP:0001649,Tachycardia,,phenotype
ZP:0003949,"spinal cord motor neuron differentiation disrupted, abnormal",,phenotype
ENSEMBL:ENSMMUG00000016321,ENSEMBL:ENSMMUG00000016321,,gene
ENSEMBL:ENSECAG00000010652,ENSEMBL:ENSECAG00000010652,,gene
WormBase:WBGene00000951,deg-3,,gene
HP:0003546,Exercise intolerance,,phenotype
MP:0002118,abnormal lipid homeostasis,,phenotype
ENSEMBL:ENSGALG00000025842,TPM2,,gene
HP:0000020,Urinary incontinence,,phenotype
ENSEMBL:ENSFCAG00000035306,ENSEMBL:ENSFCAG00000035306,,gene
ENSEMBL:ENSGALG00000004620,ENSEMBL:ENSGALG00000004620,,gene
ClinVarVariant:662835,NC_000023.11:g.(?_31836708)_(31879410_?)del,,variant
MONARCH:APO_0000046APO_0000004,silencing:increased,,phenotype
1816,mirtazapine,,drug
WormBase:WBGene00006789,unc-54,,gene
ClinVarVariant:526055,NM_004006.2(DMD):c.6251_6290+12981del,,variant
HP:0008221,Adrenal hyperplasia,,phenotype
ZP:0019893,"cell presumptive neural retina decreased length, abnormal",,phenotype
MP:0001107,decreased Schwann cell number,,phenotype
ClinVarVariant:833396,NC_000023.11:g.(?_31932070)_(31968524_?)del,,variant
FBcv:0000379,enhancer of variegation,,phenotype
ENSEMBL:ENSSSCG00000033178,ENSEMBL:ENSSSCG00000033178,,gene
ZP:0001921,"vagal ganglion malformed, abnormal",,phenotype
MP:0009586,increased platelet aggregation,,phenotype
MGI:1927551,Osbpl1a,,gene
ZP:0101687,"preoptic area decreased distribution, abnormal",,phenotype
HP:0002033,Poor suck,,phenotype
MGI:2148259,Dmd<Gt(ROSABetageo)1Mpd>,,variant
HP:0002024,Malabsorption,,phenotype
ZP:0102334,"intestine lumen decreased volume, abnormal",,phenotype
ENSEMBL:ENSOANG00000044528,ENSEMBL:ENSOANG00000044528,,gene
ZP:0001509,"muscle refractivity, abnormal",,phenotype
ENSEMBL:ENSECAG00000011760,ENSEMBL:ENSECAG00000011760,,gene
ZP:0008036,"slow muscle cell decreased diameter, abnormal",,phenotype
ZP:0001772,"retina quality, abnormal",,phenotype
ENSEMBL:ENSBTAG00000033190,ENSEMBL:ENSBTAG00000033190,,gene
ClinVarVariant:960509,NM_004006.3(DMD):c.1294_1295dup (p.Cys433fs),,variant
WBPhenotype:0000420,levamisole hypersensitive,,phenotype
HP:0012110,Hypoplasia of the pons,,phenotype
PomBase:SPBC32F12.10,pgm1,,gene
EFO:0004767,visceral:subcutaneous adipose tissue ratio,,phenotype
WormBase:WBGene00006589,tnt-4,,gene
FBcv:0007508,decreased size,,phenotype
ClinVarVariant:94469,NM_004006.2(DMD):c.1482+1G>T,,variant
MP:0010948,abnormal double-strand DNA break repair,,phenotype
MP:0003935,abnormal craniofacial development,,phenotype
ZP:0004060,"cranial vasculature morphology, abnormal",,phenotype
ZP:0007278,"head increased accumulation blood, abnormal",,phenotype
ClinVarVariant:982017,NC_000023.11:g.(32614454_32644131)_(32645153_32697869)del,,variant
ClinVarVariant:832941,NC_000023.11:g.(?_32216906)_(32287711_?)del,,variant
MP:0013916,decreased intestine length,,phenotype
ENSEMBL:ENSBTAG00000009065,MAP3K5,,gene
ENSEMBL:ENSPTRG00000006504,ENSEMBL:ENSPTRG00000006504,,gene
ENSEMBL:ENSFCAG00000004357,ENSEMBL:ENSFCAG00000004357,,gene
ClinVarVariant:217208,NM_004013.2(DMD):c.-770dup,,variant
ClinVarVariant:239606,NM_004006.2(DMD):c.4870C>T (p.Gln1624Ter),,variant
HP:0012703,Abnormal subarachnoid space morphology,,phenotype
ENSEMBL:ENSMODG00000017860,ENSEMBL:ENSMODG00000017860,,gene
GO:0008307,structural constituent of muscle,,molecular function
ClinVarVariant:94421,NM_004006.2(DMD):c.10033C>T (p.Arg3345Ter),,variant
MP:0004524,short cochlear hair cell stereocilia,,phenotype
MP:0008190,decreased transitional stage B cell number,,phenotype
RGD:1307068,Snta1,,gene
ClinVarVariant:832148,NC_000023.11:g.(?_32390061)_(32823850_?)del,,variant
HP:0002018,Nausea,,phenotype
HP:0007984,Electronegative electroretinogram,,phenotype
MP:0000968,abnormal sensory neuron innervation pattern,,phenotype
HP:0011611,Interrupted aortic arch,,phenotype
ZP:0005818,"nucleus eye photoreceptor cell condensed, abnormal",,phenotype
ENSEMBL:ENSOANG00000007889,ENSEMBL:ENSOANG00000007889,,gene
ZP:0002456,"whole organism decreased weight, abnormal",,phenotype
ENSEMBL:ENSSSCG00000008008,ENSEMBL:ENSSSCG00000008008,,gene
HP:0000787,Nephrolithiasis,,phenotype
WormBase:WBGene00002226,klp-16,,gene
ZP:0018546,"whole organism increased amount, abnormal",,phenotype
ENSEMBL:ENSGALG00000041013,TNS1,,gene
WBPhenotype:0001978,germ cell partition absent,,phenotype
MP:0011098,"embryonic lethality during organogenesis, complete penetrance",,phenotype
HP:0004755,Supraventricular tachycardia,,phenotype
MP:0004091,abnormal Z line morphology,,phenotype
ZP:0100137,"muscle tendon junction myotome spatial pattern, abnormal",,phenotype
WBPhenotype:0001794,cytoplasmic processing body variant,,phenotype
EFO:0004713,FEV/FEC ratio,,phenotype
MP:0011967,increased or absent threshold for auditory brainstem response,,phenotype
WBPhenotype:0000533,cell morphology variant,,phenotype
FlyBase:FBgn0011747,Ank,,gene
Xenbase:XB-GENE-981222,tnni1,,gene
SGD:S000004414,DCK1,,gene
MP:0001153,small seminiferous tubules,,phenotype
HP:0012722,Heart block,,phenotype
HP:0011032,Abnormality of fluid regulation,,phenotype
WBPhenotype:0001941,rachis narrow,,phenotype
ZFIN:ZDB-GENE-990415-269,tpma,,gene
MP:0008451,retinal rod cell degeneration,,phenotype
WBPhenotype:0001852,antihelmintic response variant,,phenotype
ZP:0003716,"ventricular myocardium decreased contractility, abnormal",,phenotype
HP:0002578,Gastroparesis,,phenotype
ZP:0004983,"hindbrain edematous, abnormal",,phenotype
ZP:0018611,"nucleate erythrocyte accumulation brain, abnormal",,phenotype
MP:0004998,decreased CNS synapse formation,,phenotype
EnsemblGenome:BAA35337,EnsemblGenome:BAA35337,,gene
ENSEMBL:ENSMODG00000047156,ENSEMBL:ENSMODG00000047156,,gene
MP:0003070,increased vascular permeability,,phenotype
MP:0000023,abnormal ear position,,phenotype
ZP:0003055,"regulation of blood pressure disrupted, abnormal",,phenotype
RGD:1308940,Tmod4,,gene
SGD:S000004354,STE11,,gene
ENSEMBL:ENSOANG00000000991,ENSEMBL:ENSOANG00000000991,,gene
ClinVarVariant:217195,NM_004006.2(DMD):c.355C>T (p.Gln119Ter),,variant
ENSEMBL:ENSACAG00000003514,ENSEMBL:ENSACAG00000003514,,gene
ZP:0018675,"right side lateral plate mesoderm mislocalised, abnormal",,phenotype
ENSEMBL:ENSFCAG00000005527,ENSEMBL:ENSFCAG00000005527,,gene
ZP:0000029,"retinal ganglion cell axon guidance disrupted, abnormal",,phenotype
ENSEMBL:ENSOANG00000021943,ENSEMBL:ENSOANG00000021943,,gene
MP:0006386,absent somites,,phenotype
HP:0100245,Desmoid tumors,,phenotype
ENSEMBL:ENSFCAG00000046228,ENSEMBL:ENSFCAG00000046228,,gene
MP:0003224,neuron degeneration,,phenotype
ZFIN:ZDB-GENE-041114-60,tnni2a.1,,gene
MP:0001525,impaired balance,,phenotype
MP:0008614,increased circulating interleukin-17 level,,phenotype
WBPhenotype:0000885,engulfment variant,,phenotype
ENSEMBL:ENSGALG00000015770,APP,,gene
ZP:0019901,"establishment of epithelial cell apical/basal polarity involved in camera-type eye morphogenesis disrupted, abnormal",,phenotype
ENSEMBL:ENSOANG00000007894,ENSEMBL:ENSOANG00000007894,,gene
ClinVarVariant:833041,NC_000023.11:g.(?_31836708)_(31932237_?)del,,variant
MP:0004753,abnormal miniature excitatory postsynaptic currents,,phenotype
ZFIN:ZDB-GENE-101001-5,tns2b,,gene
WBPhenotype:0001412,alae morphology variant,,phenotype
ENSEMBL:ENSSSCG00000027725,CACNA1C,,gene
ZP:0000582,"myotome increased width, abnormal",,phenotype
HP:0100651,Type I diabetes mellitus,,phenotype
HGNC:6392,KIF23,,gene
EFO:0007828,daytime rest measurement,,phenotype
EFO:0004833,neutrophil count,,phenotype
ZP:0000607,"cell migration involved in gastrulation disrupted, abnormal",,phenotype
SGD:S000005023,TPM1,,gene
WBPhenotype:0001790,thermoreceptor currents absent,,phenotype
Xenbase:XB-GENE-949238,git2,,gene
ClinVarVariant:560062,ClinVarVariant:560062,,variant
MP:0008497,decreased IgG2b level,,phenotype
ENSEMBL:ENSMODG00000016335,ENSEMBL:ENSMODG00000016335,,gene
ENSEMBL:ENSSSCG00000011455,ENSEMBL:ENSSSCG00000011455,,gene
ZP:0138049,"response to absence of light increased process quality, abnormal",,phenotype
ClinVarVariant:657901,NC_000023.10:g.(?_32235013)_(33038337_?)dup,,variant
ZFIN:ZDB-GENE-141215-26,si:dkey-219e21.2,,gene
HP:0001332,Dystonia,,phenotype
HP:0003694,Late-onset proximal muscle weakness,,phenotype
MGI:2176891,Dmd<mdx>; Dtna<tm1Jrs>/Dtna<tm1Jrs>; Utrn<tm1Jrs>/Utrn<tm1Jrs> [involves: 129S1/Sv * 129X1/SvJ * C57BL/10ScSn],,genotype
ZP:0008060,"vertical myoseptum morphology, abnormal",,phenotype
ClinVarVariant:640083,NM_004006.2(DMD):c.7454G>A (p.Trp2485Ter),,variant
HP:0002902,Hyponatremia,,phenotype
HP:0004394,Multiple gastric polyps,,phenotype
WBPhenotype:0001906,hypodermal cell elongation defective,,phenotype
ClinVarVariant:639867,NC_000023.10:g.(?_32305636)_(32305828_?)dup,,variant
ClinVarVariant:526064,NM_004006.2(DMD):c.4501C>T (p.Gln1501Ter),,variant
ZP:0001542,"cardiac muscle cell increased size, abnormal",,phenotype
MGI:1336170,Mybpc2,,gene
ENSEMBL:ENSFCAG00000036039,ENSEMBL:ENSFCAG00000036039,,gene
MP:0004120,cardiac ischemia,,phenotype
MP:0004386,enlarged interparietal bone,,phenotype
MGI:103306,Tiam1,,gene
OMIM:300377.0063,"DMD, HIS2921ARG",,variant
MP:0030143,facial muscle spasm,,phenotype
ZP:0001010,"otic vesicle decreased size, abnormal",,phenotype
MP:0020351,decreased vocalization,,phenotype
MP:0002939,head spot,,phenotype
ENSEMBL:ENSSSCG00000012034,TIAM1,,gene
MP:0010487,abnormal right subclavian artery morphology,,phenotype
FlyBase:FBgn0000244,FlyBase:FBgn0000244,,gene
5330,selinexor,,drug
WormBase:WBGene00000960,dgk-3,,gene
WBPhenotype:0000624,reproductive system development variant,,phenotype
ClinVarVariant:501218,NM_000109.4(DMD):c.5524_5528del (p.Lys1842fs),,variant
RGD:69437,Pick1,,gene
HGNC:11872,TMOD2,,gene
HP:0005180,Tricuspid regurgitation,,phenotype
MP:0020508,decreased dendritic spine density,,phenotype
WBPhenotype:0001663,organism oxidative stress resistant,,phenotype
ZP:0011342,"caudal vein plexus increased occurrence sprouting angiogenesis, abnormal",,phenotype
HGNC:3057,DTNA,,gene
NCBITaxon:28377,Anolis carolinensis,,taxon
MP:0000165,abnormal long bone hypertrophic chondrocyte zone,,phenotype
ZP:0022029,"atrium increased amount, abnormal",,phenotype
ENSEMBL:ENSOANG00000001919,ENSEMBL:ENSOANG00000001919,,gene
MP:0001491,unresponsive to tactile stimuli,,phenotype
MP:0008883,abnormal enterocyte proliferation,,phenotype
MP:0002111,abnormal tail morphology,,phenotype
ZP:0100138,"muscle tendon junction myotome increased amount, abnormal",,phenotype
ZP:0001489,"somite saccular, abnormal",,phenotype
ENSEMBL:ENSCAFG00000004043,LAMA4,,gene
ENSEMBL:ENSBTAG00000002778,SF3B2,,gene
Xenbase:XB-GENE-991126,cacna1c,,gene
MP:0030178,abnormal scalp morphology,,phenotype
MP:0008752,abnormal tumor necrosis factor level,,phenotype
ClinVarVariant:583835,NC_000023.11:g.(?_32697850)_(32849840_?)del,,variant
HP:0010702,Increased circulating antibody level,,phenotype
ENSEMBL:ENSSSCG00000009203,ENSEMBL:ENSSSCG00000009203,,gene
WormBase:WBGene00003690,nhr-100,,gene
HP:0009830,Peripheral neuropathy,,phenotype
MP:0002840,abnormal lens fiber morphology,,phenotype
MP:0000488,abnormal intestinal epithelium morphology,,phenotype
HP:0001290,Generalized hypotonia,,phenotype
MP:0020001,decreased response to antigen,,phenotype
HP:0002203,Respiratory paralysis,,phenotype
WBPhenotype:0000413,pharyngeal muscle paralyzed,,phenotype
HP:0000708,Behavioral abnormality,,phenotype
EFO:0004324,body weights and measures,,phenotype
ZP:0019890,"presumptive retinal pigmented epithelium flattened, abnormal",,phenotype
MP:0002891,increased insulin sensitivity,,phenotype
ClinVarVariant:11259,"DMD, 1-BP DEL, 6408C",,variant
ENSEMBL:ENSFCAG00000003038,ENSEMBL:ENSFCAG00000003038,,gene
HP:0005135,Abnormal T-wave,,phenotype
FBcv:0000405,abnormal taste perception,,phenotype
ZP:0007128,"filamentous actin skeletal muscle cell aggregated, abnormal",,phenotype
ZFIN:ZDB-GENE-030131-4145,mark2a,,gene
ENSEMBL:ENSECAG00000020912,ENSEMBL:ENSECAG00000020912,,gene
HP:0002251,Aganglionic megacolon,,phenotype
ZP:0002988,"muscle tissue development disrupted, abnormal",,phenotype
ENSEMBL:ENSECAG00000018600,ENSEMBL:ENSECAG00000018600,,gene
WormBase:WBGene00001835,hda-2,,gene
WBPhenotype:0002472,cilia length decreased,,phenotype
ENSEMBL:ENSOANG00000000625,ENSEMBL:ENSOANG00000000625,,gene
HP:0011448,Ankle clonus,,phenotype
ENSEMBL:ENSECAG00000023223,ENSEMBL:ENSECAG00000023223,,gene
ENSEMBL:ENSPTRG00000017291,ENSEMBL:ENSPTRG00000017291,,gene
ENSEMBL:ENSACAG00000005431,ENSEMBL:ENSACAG00000005431,,gene
MP:0005241,abnormal retinal ganglion layer morphology,,phenotype
HP:0000505,Visual impairment,,phenotype
ZP:0000594,"embryo development delayed, abnormal",,phenotype
ZP:0137790,"myotome spatial pattern, abnormal",,phenotype
HP:0100679,Lack of skin elasticity,,phenotype
ENSEMBL:ENSFCAG00000004613,ENSEMBL:ENSFCAG00000004613,,gene
ClinVarVariant:455818,NC_000023.10:g.(?_31854815)_(31986651_?)del,,variant
ZP:0100740,"rhombomere 5 has extra parts of type facial nerve motor nucleus neuron projection motor neuron, abnormal",,phenotype
ENSEMBL:ENSCAFG00000002402,ENSEMBL:ENSCAFG00000002402,,gene
Xenbase:XB-GENE-493024,vim,,gene
HGNC:6487,LAMB2,,gene
ZP:0021024,"cell epicardium decreased size, abnormal",,phenotype
ZP:0020569,"acetylcholine-gated channel complex skeletal muscle distributed, abnormal",,phenotype
ENSEMBL:ENSACAG00000012652,ENSEMBL:ENSACAG00000012652,,gene
2637,thioridazine,,drug
ENSEMBL:ENSECAG00000014150,ENSEMBL:ENSECAG00000014150,,gene
ZP:0017113,"cell cardiac ventricle spatial pattern, abnormal",,phenotype
MP:0002945,abnormal inhibitory postsynaptic currents,,phenotype
ENSEMBL:ENSOANG00000009519,ENSEMBL:ENSOANG00000009519,,gene
OMIA-breed:8,Miniature Schnauzer (dog),,biological artifact
WBPhenotype:0002053,ivermectin resistant,,phenotype
HP:0030553,Visual acuity no light perception,,phenotype
ENSEMBL:ENSMODG00000017651,ENSEMBL:ENSMODG00000017651,,gene
ZP:0002656,"podocyte morphology, abnormal",,phenotype
ClinVarVariant:832721,NC_000023.11:g.(?_31965029)_(31968524_?)dup,,variant
EFO:0004469,HOMA-B,,phenotype
HP:0006958,Abnormal auditory evoked potentials,,phenotype
ZP:0002938,"locomotion involved in locomotory behavior disrupted, abnormal",,phenotype
ENSEMBL:ENSBTAG00000048903,PRNP,,gene
HP:0002240,Hepatomegaly,,phenotype
ZP:0021180,"RNA catabolic process process quality, abnormal",,phenotype
ENSEMBL:ENSGALG00000011251,TBC1D5,,gene
ENSEMBL:ENSACAG00000003680,ENSEMBL:ENSACAG00000003680,,gene
ENSEMBL:ENSMODG00000003915,ENSEMBL:ENSMODG00000003915,,gene
MP:0000250,abnormal vasoconstriction,,phenotype
HP:0004378,Abnormality of the anus,,phenotype
ClinVarVariant:831234,NC_000023.11:g.(?_32216906)_(32614463_?)del,,variant
HGNC:163,ACTN1,,gene
MGI:3798606,Dmd<mdx-3Cv> [involves: C3H/HeHa * C57BL/6Ros * C57BL/10Sn * M. m. castaneus * M. m musculus],,genotype
MP:0012157,rostral body truncation,,phenotype
MONARCH:APO_0000032APO_0000005,mating response:absent,,phenotype
WBPhenotype:0001272,vulval cell induction variant,,phenotype
MGI:2447586,Fkrp,,gene
MP:0002109,abnormal limb morphology,,phenotype
HGNC:34351,C1orf226,,gene
ENSEMBL:ENSFCAG00000002364,ENSEMBL:ENSFCAG00000002364,,gene
ZP:0000205,"axon midline choice point recognition disrupted, abnormal",,phenotype
ENSEMBL:ENSMMUG00000020954,ENSEMBL:ENSMMUG00000020954,,gene
ZFIN:ZDB-GENE-060531-121,lamc3,,gene
ZP:0004077,"mitotic cell cycle process quality, abnormal",,phenotype
ClinVarVariant:217198,NM_004006.2(DMD):c.4606G>T (p.Glu1536Ter),,variant
ZP:0018592,"ventral wall of dorsal aorta decreased amount, abnormal",,phenotype
ZFIN:ZDB-GENE-081024-1,nos1apa,,gene
ClinVarVariant:455805,NC_000023.11:g.(?_31679355)_(31875393_?)del,,variant
HP:0000541,Retinal detachment,,phenotype
ZP:0007276,"ventral aorta has fewer parts of type vascular associated smooth muscle cell, abnormal",,phenotype
Xenbase:XB-GENE-876451,mark2,,gene
ENSEMBL:ENSSSCG00000020785,ENSEMBL:ENSSSCG00000020785,,gene
ZFIN:ZDB-GENE-060824-1,arrb1,,gene
ZFIN:ZDB-GENE-041001-149,capn3b,,gene
ClinVarVariant:409889,NM_004006.2(DMD):c.8209C>T (p.Gln2737Ter),,variant
ZP:0011466,"astrocyte anterior commissure mislocalised, abnormal",,phenotype
WBPhenotype:0000478,isothermal tracking behavior variant,,phenotype
ENSEMBL:ENSOANG00000009449,ENSEMBL:ENSOANG00000009449,,gene
FBcv:0000417,abnormal flight,,phenotype
ClinVarVariant:283945,NM_004006.2(DMD):c.5140G>T (p.Glu1714Ter),,variant
ENSEMBL:ENSACAG00000006296,ENSEMBL:ENSACAG00000006296,,gene
HP:0012378,Fatigue,,phenotype
MP:0004007,abnormal lung vasculature morphology,,phenotype
HP:0002992,Abnormality of tibia morphology,,phenotype
MP:0002906,increased susceptibility to pharmacologically induced seizures,,phenotype
HP:0003254,Abnormality of DNA repair,,phenotype
ENSEMBL:ENSECAG00000016382,ENSEMBL:ENSECAG00000016382,,gene
ENSEMBL:ENSBTAG00000013254,ENSEMBL:ENSBTAG00000013254,,gene
MP:0001230,epidermal desquamation,,phenotype
WBPhenotype:0000038,exploded through vulva,,phenotype
ENSEMBL:ENSPTRG00000052694,ENSEMBL:ENSPTRG00000052694,,gene
ZFIN:ZDB-GENE-070912-408,si:dkey-18p12.4,,gene
WBPhenotype:0000709,pharyngeal morphology variant,,phenotype
HP:0002891,Uterine leiomyosarcoma,,phenotype
MP:0009141,increased prepulse inhibition,,phenotype
ENSEMBL:ENSMMUG00000012988,ENSEMBL:ENSMMUG00000012988,,gene
HP:0005792,Short humerus,,phenotype
WormBase:WBGene00013038,ani-1,,gene
ENSEMBL:ENSCAFG00000005734,ENSEMBL:ENSCAFG00000005734,,gene
FlyBase:FBgn0024150,Ac78C,,gene
ENSEMBL:ENSMODG00000002647,ENSEMBL:ENSMODG00000002647,,gene
Xenbase:XB-GENE-5815188,ctnnal1,,gene
HP:0001141,Severely reduced visual acuity,,phenotype
MP:0002912,abnormal excitatory postsynaptic potential,,phenotype
HP:0000952,Jaundice,,phenotype
WBPhenotype:0000704,excretory canal morphology variant,,phenotype
2459,sorafenib,,drug
ENSEMBL:ENSOANG00000009047,ENSEMBL:ENSOANG00000009047,,gene
ENSEMBL:ENSCAFG00000006290,ENSEMBL:ENSCAFG00000006290,,gene
WormBase:WBGene00003628,nhr-35,,gene
ClinVarVariant:848438,NM_004006.3(DMD):c.2227C>T (p.Gln743Ter),,variant
WBPhenotype:0000964,DMPP resistant,,phenotype
ClinVarVariant:583919,NC_000023.11:g.(?_31323578)_(31508257_?)del,,variant
ZFIN:ZDB-GENE-070126-1,dgkb,,gene
ZP:0003060,"cardiac myofibril assembly disrupted, abnormal",,phenotype
ZP:0006776,"chondrocranium structure, abnormal",,phenotype
ENSEMBL:ENSOANG00000004993,ENSEMBL:ENSOANG00000004993,,gene
ZP:0001461,"somite U-shaped, abnormal",,phenotype
MONARCH:APO_0000027APO_0000005,filamentous growth:absent,,phenotype
MP:0008074,"increased CD4-positive, alpha beta T cell number",,phenotype
MP:0004022,abnormal cone electrophysiology,,phenotype
FlyBase:FBgn0010395,Itgbn,,gene
ENSEMBL:ENSFCAG00000011492,ENSEMBL:ENSFCAG00000011492,,gene
MP:0000692,small spleen,,phenotype
ZP:0007738,"epithelium gill filament disorganized, abnormal",,phenotype
ZFIN:ZDB-GENE-040426-1277,rnf11a,,gene
ENSEMBL:ENSSSCG00000016157,MYL1,,gene
HP:0002097,Emphysema,,phenotype
MONARCH:APO_0000309APO_0000246,respiratory growth:increased rate,,phenotype
HP:0001874,Abnormality of neutrophils,,phenotype
ClinVarVariant:831818,NC_000023.11:g.(?_31609621)_(31627872_?)dup,,variant
MGI:5529018,Dmd<mdx-4Cv>/Dmd<mdx-4Cv>; Terc<tm1Rdp>/Terc<tm1Rdp> [B6.Cg-Terc<tm1Rdp> Dmd<mdx-4Cv>],,genotype
HP:0033770,Gastric adenocarcinoma,,phenotype
Xenbase:XB-GENE-984843,ank2,,gene
ENSEMBL:ENSOANG00000003516,ENSEMBL:ENSOANG00000003516,,gene
MP:0010050,hypermyelination,,phenotype
ClinVarVariant:526155,NC_000023.11:g.(?_32501735)_(32501862_?)del,,variant
MESH:D000806,Angiotensin-Converting Enzyme Inhibitors,,drug
WBPhenotype:0001500,pentanedione chemotaxis variant,,phenotype
MP:0003763,abnormal thymus physiology,,phenotype
ClinVarVariant:94550,NM_000109.4(DMD):c.3035C>G (p.Ser1012Ter),,variant
HP:0012819,Myocarditis,,phenotype
WBPhenotype:0002259,dendritic termini number reduced,,phenotype
OMIM:300377.0062,"DMD, ASN2912ASP",,variant
WBPhenotype:0000961,pattern of transgene expression variant,,phenotype
ClinVarVariant:831858,NC_000023.11:g.(?_31609621)_(31658154_?)del,,variant
MP:0011099,"lethality throughout fetal growth and development, complete penetrance",,phenotype
ENSEMBL:ENSMMUG00000001534,ENSEMBL:ENSMMUG00000001534,,gene
ZP:0138563,"endocardial cushion bulbus arteriosus spatial pattern, abnormal",,phenotype
HP:0100890,Cyst of the ductus choledochus,,phenotype
MP:0001606,impaired hematopoiesis,,phenotype
WBPhenotype:0000032,sick,,phenotype
WBPhenotype:0000043,general pace of development variant,,phenotype
MP:0001698,decreased embryo size,,phenotype
ZP:0008065,"myotome structure, abnormal",,phenotype
MP:0003634,abnormal glial cell morphology,,phenotype
ENSEMBL:ENSSSCG00000004969,KIF23,,gene
ENSEMBL:ENSGALG00000039755,LOC112531360,,gene
PomBase:SPAC1783.01,SPAC1783.01,,gene
302,bendamustine,,drug
ENSEMBL:ENSSSCG00000025531,ENSEMBL:ENSSSCG00000025531,,gene
MP:0005389,reproductive system phenotype,,phenotype
ZP:0131162,"cardiac ventricle increased occurrence cardiac muscle cell proliferation, abnormal",,phenotype
ENSEMBL:ENSBTAG00000006030,ENSEMBL:ENSBTAG00000006030,,gene
ZP:0009301,"whole organism lacks parts or has fewer parts of type cranial nerve V, abnormal",,phenotype
ZP:0022720,"feeding behavior process quality, abnormal",,phenotype
ZP:0002649,"post-vent region curvature, abnormal",,phenotype
MGI:1344394,Lamc3,,gene
SGD:S000004639,MIH1,,gene
WormBase:WBGene00002151,irk-3,,gene
MP:0003449,abnormal intestinal goblet cell morphology,,phenotype
MP:0002655,abnormal keratinocyte morphology,,phenotype
WBPhenotype:0000175,hypercontracted,,phenotype
ClinVarVariant:11207,NM_000109.4(DMD):c.3445G>T (p.Glu1149Ter),,variant
HP:0000640,Gaze-evoked nystagmus,,phenotype
ENSEMBL:ENSSSCG00000004432,ENSEMBL:ENSSSCG00000004432,,gene
MP:0005573,increased pulmonary respiratory rate,,phenotype
MP:0000087,absent mandible,,phenotype
MGI:96907,Marcks,,gene
MP:0010903,abnormal pulmonary alveolus wall morphology,,phenotype
Xenbase:XB-GENE-1013840,cacna1f,,gene
HP:0002363,Abnormal brainstem morphology,,phenotype
HP:0000164,Abnormality of the dentition,,phenotype
2200,pirenzepine,,drug
WBPhenotype:0002579,basement membrane type IV collagen level phenotype,,phenotype
WBPhenotype:0000154,reduced brood size,,phenotype
ZFIN:ZDB-GENE-060526-196,sntg2,,gene
ENSEMBL:ENSECAG00000021805,ENSEMBL:ENSECAG00000021805,,gene
HP:0004823,Anisopoikilocytosis,,phenotype
ZP:0002759,"nervous system development disrupted, abnormal",,phenotype
ZFIN:ZDB-GENE-991207-24,ctnna1,,gene
MP:0005165,increased susceptibility to injury,,phenotype
ZP:0004685,"median fin fold malformed, abnormal",,phenotype
MP:0002763,ectopic Bergmann glia cells,,phenotype
EFO:0005536,nitric oxide exhalation measurement,,phenotype
MP:0008885,increased enterocyte apoptosis,,phenotype
MP:0009455,enhanced cued conditioning behavior,,phenotype
3972,ivermectin,,drug
ClinVarVariant:29962,NM_004006.2(DMD):c.9G>A (p.Trp3Ter),,variant
ENSEMBL:ENSACAG00000008259,ENSEMBL:ENSACAG00000008259,,gene
HP:0100749,Chest pain,,phenotype
ZFIN:ZDB-GENE-040718-122,haus4,,gene
ZFIN:ZDB-GENE-120215-44,si:zfos-323e3.4,,gene
MP:0001131,abnormal ovarian follicle morphology,,phenotype
MP:0010377,abnormal gut flora balance,,phenotype
ZP:0138283,"neuron projection development process quality, abnormal",,phenotype
MP:0009456,impaired cued conditioning behavior,,phenotype
HP:0003468,Abnormal vertebral morphology,,phenotype
ClinVarVariant:840099,NM_004006.3(DMD):c.8596_8600del (p.Leu2866fs),,variant
ZP:0009006,"optic cup increased occurrence apoptotic process, abnormal",,phenotype
HP:0002061,Lower limb spasticity,,phenotype
HGNC:583,APC,,gene
MP:0010507,shortened RR interval,,phenotype
ENSEMBL:ENSMODG00000021126,ENSEMBL:ENSMODG00000021126,,gene
ZP:0010941,"vascular endothelium mislocalised, abnormal",,phenotype
ENSEMBL:ENSSSCG00000028109,SNTB2,,gene
ENSEMBL:ENSECAG00000009886,ENSEMBL:ENSECAG00000009886,,gene
HGNC:239,ADCY8,,gene
WBPhenotype:0001199,gonad sheath contractions variant,,phenotype
MP:0000255,blood vessel congestion,,phenotype
ClinVarVariant:984217,NM_004006.3(DMD):c.7833T>A (p.Tyr2611Ter),,variant
ClinVarVariant:661725,NC_000023.11:g.(?_31929590)_(31968520_?)del,,variant
ENSEMBL:ENSBTAG00000040053,MYH6,,gene
ENSEMBL:ENSFCAG00000040513,ENSEMBL:ENSFCAG00000040513,,gene
MP:0001244,thin dermal layer,,phenotype
MP:0004807,abnormal paired-pulse inhibition,,phenotype
ENSEMBL:ENSOANG00000009397,ENSEMBL:ENSOANG00000009397,,gene
ENSEMBL:ENSSSCG00000013050,MARK2,,gene
OMIM:300377.0033,"DMD, ALA168ASP",,variant
WBPhenotype:0000693,male sperm fertilization defect,,phenotype
ENSEMBL:ENSFCAG00000043392,ENSEMBL:ENSFCAG00000043392,,gene
OMIM:300377.0027,"DMD, IVS2, G-T, -1",,variant
ENSEMBL:ENSPTRG00000012049,ENSEMBL:ENSPTRG00000012049,,gene
ZP:0001669,"behavior quality, abnormal",,phenotype
WBPhenotype:0002369,sister cell division timing asynchrony reduced,,phenotype
NCBITaxon:562,Escherichia coli,,taxon
ClinVarVariant:830715,NC_000023.11:g.(?_32816458)_(32844870_?)dup,,variant
ZP:0101600,"epicardium increased accumulation cell anatomical region heart vasculature, abnormal",,phenotype
ENSEMBL:ENSOANG00000011671,ENSEMBL:ENSOANG00000011671,,gene
ZP:0006770,"chondrocyte development premature, abnormal",,phenotype
ZFIN:ZDB-GENE-030827-3,map3k5,,gene
ZP:0137594,"axis specification process quality, abnormal",,phenotype
OMIM:300377.0040,"DMD, GLY480TER",,variant
HGNC:7550,MYBPC2,,gene
ClinVarVariant:832393,NC_000023.11:g.(?_32411742)_(32472319_?)del,,variant
ZP:0002194,"microtubule Mauthner neuron decreased amount, abnormal",,phenotype
MP:0008918,microgliosis,,phenotype
MP:0001077,abnormal spinal nerve morphology,,phenotype
FlyBase:FBgn0266347,nAChRalpha4,,gene
MGI:1347053,Git2,,gene
ClinVarVariant:830499,NC_000023.11:g.(?_31875178)_(32217073_?)del,,variant
HP:0002346,Head tremor,,phenotype
ENSEMBL:ENSACAG00000007376,ENSEMBL:ENSACAG00000007376,,gene
HGNC:7578,MYH8,,gene
ENSEMBL:ENSPTRG00000003795,ENSEMBL:ENSPTRG00000003795,,gene
ZP:0000733,"intersegmental vessel structure, abnormal",,phenotype
ZP:0016446,"response to oxidative stress process quality, abnormal",,phenotype
ENSEMBL:ENSCAFG00000003214,SNTG2,,gene
MP:0009748,abnormal behavioral response to addictive substance,,phenotype
ENSEMBL:ENSPTRG00000015463,ENSEMBL:ENSPTRG00000015463,,gene
ZP:0019896,"anterior margin optic cup increased amount, abnormal",,phenotype
HP:0002446,Astrocytosis,,phenotype
ZFIN:ZDB-GENE-000329-9,actn3a,,gene
ZP:0004375,"pharyngeal arch cartilage morphology, abnormal",,phenotype
ZP:0000552,"hematopoietic stem cell ventral wall of dorsal aorta decreased amount, abnormal",,phenotype
ZP:0005380,"forerunner cell group orientation forerunner cell group, abnormal",,phenotype
HGNC:17273,KIF15,,gene
HP:0100631,Neoplasm of the adrenal gland,,phenotype
ZP:0002003,"cell migration involved in gastrulation process quality, abnormal",,phenotype
RGD:620432,Myog,,gene
ZFIN:ZDB-GENE-040426-854,tpm1,,gene
ZP:0001409,"intersegmental vessel decreased amount, abnormal",,phenotype
FBcv:0000450,abnormal developmental rate,,phenotype
Xenbase:XB-GENE-956423,sgcg,,gene
HP:0100249,Calcification of muscles,,phenotype
ENSEMBL:ENSACAG00000003672,ENSEMBL:ENSACAG00000003672,,gene
ZP:0138609,"muscle absent, abnormal",,phenotype
ZP:0103304,"CaP motoneuron increased branchiness, abnormal",,phenotype
ENSEMBL:ENSMODG00000000170,ENSEMBL:ENSMODG00000000170,,gene
MP:0010180,increased susceptibility to weight loss,,phenotype
2173,pinacidil,,drug
ClinVarVariant:409886,NM_004006.2(DMD):c.832-15A>G,,variant
MP:0003402,decreased liver weight,,phenotype
MP:0010072,increased pruritus,,phenotype
GO:0017022,myosin binding,,molecular function
ZP:0019767,"Z disc cardiac muscle cell decreased amount, abnormal",,phenotype
WBPhenotype:0000424,antibody staining variant,,phenotype
ZP:0000916,"ventral mandibular arch decreased size, abnormal",,phenotype
MP:0011630,increased mitochondrial size,,phenotype
MP:0003023,decreased coronary flow rate,,phenotype
ENSEMBL:ENSACAG00000008615,ENSEMBL:ENSACAG00000008615,,gene
ZP:0008009,"node of Ranvier posterior lateral line nerve increased length, abnormal",,phenotype
ClinVarVariant:94810,NM_004006.2(DMD):c.8608C>T (p.Arg2870Ter),,variant
RGD:621279,Arf6,,gene
MP:0004671,long ribs,,phenotype
MONARCH:APO_0000046APO_0000003,silencing:decreased,,phenotype
MP:0004201,fetal growth retardation,,phenotype
ZP:0004694,"pectoral fin structure, abnormal",,phenotype
HP:0012465,Elevated hepatic iron concentration,,phenotype
ZP:0009299,"whole organism lacks parts or has fewer parts of type cranial nerve X, abnormal",,phenotype
HGNC:7584,MYL3,,gene
NCBITaxon:4896,Schizosaccharomyces pombe,,taxon
ClinVarVariant:803875,NM_004006.3(DMD):c.4423A>T (p.Lys1475Ter),,variant
ZP:0005758,"subintestinal vein morphology, abnormal",,phenotype
MP:0004953,decreased spleen weight,,phenotype
MP:0001265,decreased body size,,phenotype
ENSEMBL:ENSOANG00000001722,ENSEMBL:ENSOANG00000001722,,gene
WBPhenotype:0000698,vulvaless,,phenotype
dictyBase:DDB_G0271120,DDB_G0271120,,gene
ENSEMBL:ENSFCAG00000012470,ENSEMBL:ENSFCAG00000012470,,gene
ENSEMBL:ENSECAG00000019458,ENSEMBL:ENSECAG00000019458,,gene
OMIM:300377.0019,"DMD, IVS57, G-C, -1",,variant
ENSEMBL:ENSGALG00000028749,ENSEMBL:ENSGALG00000028749,,gene
WormBase:WBGene00000042,acr-2,,gene
ClinVarVariant:409897,NM_004006.2(DMD):c.2276T>A (p.Leu759Ter),,variant
MP:0008540,abnormal cerebral hemisphere morphology,,phenotype
EFO:0004612,high density lipoprotein cholesterol measurement,,phenotype
MP:0008535,enlarged lateral ventricles,,phenotype
HP:0100762,Hemobilia,,phenotype
WBPhenotype:0001977,germ cell partition morphology variant,,phenotype
ClinVarVariant:647964,NC_000023.11:g.(?_32844773)_(32849830_?)del,,variant
ENSEMBL:ENSSSCG00000004123,UTRN,,gene
WBPhenotype:0001044,cortical dynamics defective early emb,,phenotype
HP:0100646,Thyroiditis,,phenotype
ZP:0007023,"Z disc cardiac muscle increased width, abnormal",,phenotype
ZP:0004627,"eye decreased amount, abnormal",,phenotype
ENSEMBL:ENSACAG00000007941,ENSEMBL:ENSACAG00000007941,,gene
ZFIN:ZDB-GENE-040704-69,pak4,,gene
ENSEMBL:ENSACAG00000003566,ENSEMBL:ENSACAG00000003566,,gene
ENSEMBL:ENSACAG00000009729,ENSEMBL:ENSACAG00000009729,,gene
WBPhenotype:0002348,frequency of body bends increased,,phenotype
ENSEMBL:ENSECAG00000014711,ENSEMBL:ENSECAG00000014711,,gene
ENSEMBL:ENSOANG00000048512,ENSEMBL:ENSOANG00000048512,,gene
HP:0011002,Osteopetrosis,,phenotype
Xenbase:XB-GENE-993240,xpo1,,gene
MP:0004132,absent embryonic cilia,,phenotype
MP:0005154,increased B cell proliferation,,phenotype
EFO:0007620,volumetric bone mineral density,,phenotype
HP:0002384,Focal impaired awareness seizure,,phenotype
Xenbase:XB-GENE-5843768,prkcsh,,gene
Coriell:GM05115,NIGMS-GM05115,,biological artifact
dbSNP:rs2725797,rs2725797-?,,variant
ClinVarVariant:526074,NM_000109.4(DMD):c.2614del (p.Leu872fs),,variant
WBPhenotype:0000179,neuron degeneration,,phenotype
MP:0006280,abnormal digit development,,phenotype
dbSNPIndividual:21388,DMD(EX18-41DEL); arr Xp21.1(32260633-32451041)x0 [GM03604],,genotype
GO:2000651,positive regulation of sodium ion transmembrane transporter activity,,molecular function
ZP:0000735,"caudal vein plexus decreased size, abnormal",,phenotype
926,disopyramide,,drug
RGD:1307685,Cavin1,,gene
ZP:0001454,"extension aplastic, abnormal",,phenotype
ZP:0006358,"swimming decreased speed, abnormal",,phenotype
FlyBase:CG18250,FlyBase:CG18250,,gene
MP:0009415,skeletal muscle degeneration,,phenotype
ENSEMBL:ENSECAG00000016277,ENSEMBL:ENSECAG00000016277,,gene
ZP:0003070,"Z disc skeletal muscle cell disorganized, abnormal",,phenotype
ZP:0006640,"intersegmental vein decreased length, abnormal",,phenotype
ZP:0000303,"cell cycle arrested, abnormal",,phenotype
MP:0010082,sternebra fusion,,phenotype
ZP:0106625,"atrium arrested cardiac muscle contraction, abnormal",,phenotype
1934,nilvadipine,,drug
Xenbase:XB-GENE-5884940,tmod4,,gene
ENSEMBL:ENSOANG00000013580,ENSEMBL:ENSOANG00000013580,,gene
ENSEMBL:ENSGALG00000030251,ENSEMBL:ENSGALG00000030251,,gene
ENSEMBL:ENSGALG00000031009,ENSEMBL:ENSGALG00000031009,,gene
ENSEMBL:ENSMMUG00000021796,ENSEMBL:ENSMMUG00000021796,,gene
WBPhenotype:0001341,egg laying phentolamine resistant,,phenotype
Q9P286,Serine/threonine-protein kinase PAK 7,,gene product
Coriell:GM02339,NIGMS-GM02339,,biological artifact
ClinVarVariant:981995,NC_000023.11:g.(31679587_31729630)_(31774193_31819974)del,,variant
ENSEMBL:ENSSSCG00000005994,SNTB1,,gene
ZP:0008025,"cell lens nucleate quality, abnormal",,phenotype
ZFIN:ZDB-GENE-031010-36,satb1a,,gene
MP:0005121,decreased circulating prolactin level,,phenotype
ClinVarVariant:526046,NM_004006.2(DMD):c.4231C>T (p.Gln1411Ter),,variant
ZP:0100869,"regenerating fin decreased area, abnormal",,phenotype
WBPhenotype:0001971,germ cell compartment anucleate,,phenotype
WBPhenotype:0000359,tunicamycin response variant,,phenotype
HGNC:1390,CACNA1C,,gene
MP:0011215,decreased brain copper level,,phenotype
ZP:0000624,"notochord morphology, abnormal",,phenotype
WormBase:WBGene00004287,rac-2,,gene
Xenbase:XB-GENE-967585,cdc42,,gene
WBPhenotype:0002312,turning frequency variant,,phenotype
ENSEMBL:ENSMODG00000007914,ENSEMBL:ENSMODG00000007914,,gene
HP:0012117,Hyperalbuminemia,,phenotype
dictyBase:DDB_G0269234,act1,,gene
ENSEMBL:ENSFCAG00000008178,ENSEMBL:ENSFCAG00000008178,,gene
ENSEMBL:ENSGALG00000003144,ENSEMBL:ENSGALG00000003144,,gene
HP:0000096,Glomerular sclerosis,,phenotype
WBPhenotype:0001285,induced pharyngeal pumping variant,,phenotype
ENSEMBL:ENSECAG00000019098,ENSEMBL:ENSECAG00000019098,,gene
MP:0011159,abnormal epidermal-dermal junction morphology,,phenotype
ZP:0003007,"liver bilateral symmetry, abnormal",,phenotype
HP:0100827,Lymphocytosis,,phenotype
WBPhenotype:0002308,pausing variant,,phenotype
MP:0002656,abnormal keratinocyte differentiation,,phenotype
ENSEMBL:ENSSSCG00000017583,SGCA,,gene
APO:0000330,haploproficient,,phenotype
MGI:1321395,Ltbp4,,gene
MP:0005265,abnormal blood urea nitrogen level,,phenotype
ClinVarVariant:409906,NM_000109.4(DMD):c.2052dup (p.Gln685fs),,variant
MP:0000042,abnormal organ of Corti morphology,,phenotype
ENSEMBL:ENSCAFG00000014575,TNS1,,gene
MP:0005048,abnormal thrombosis,,phenotype
MP:0008507,thin retinal ganglion layer,,phenotype
ENSEMBL:ENSACAG00000016939,ENSEMBL:ENSACAG00000016939,,gene
HP:0002069,Bilateral tonic-clonic seizure,,phenotype
ENSEMBL:ENSMODG00000004734,ENSEMBL:ENSMODG00000004734,,gene
Coriell:GM03780,NIGMS-GM03780,,biological artifact
ENSEMBL:ENSMMUG00000023640,ENSEMBL:ENSMMUG00000023640,,gene
WBPhenotype:0000164,thin,,phenotype
ClinVarVariant:832183,NC_000023.11:g.(?_32216906)_(32442157_?)del,,variant
ClinVarVariant:830712,NC_000023.11:g.(?_31657980)_(31820093_?)del,,variant
MP:0000886,abnormal cerebellar granule layer morphology,,phenotype
690,clodronic acid,,drug
ENSEMBL:ENSMMUG00000006710,ENSEMBL:ENSMMUG00000006710,,gene
ZP:0001525,"myofibril skeletal muscle cell increased contractility, abnormal",,phenotype
WBPhenotype:0001180,accumulated germline cell corpses,,phenotype
ZP:0000401,"eye degenerate, abnormal",,phenotype
HP:0200008,Intestinal polyposis,,phenotype
WBPhenotype:0000215,no germ line,,phenotype
WBPhenotype:0001810,oocyte septum formation variant,,phenotype
ZP:0001601,"otic vesicle morphology, abnormal",,phenotype
701,clomipramine,,drug
ZP:0011226,"rhombomere 4 process quality neural keel formation, abnormal",,phenotype
HP:0000248,Brachycephaly,,phenotype
ENSEMBL:ENSECAG00000024461,ENSEMBL:ENSECAG00000024461,,gene
HP:0030809,Abnormal tongue morphology,,phenotype
FBcv:0002034,majority die during pupal stage,,phenotype
EFO:0007988,myeloid white cell count,,phenotype
1214,fluphenazine enanthate,,drug
ZP:0001460,"notochord deformed, abnormal",,phenotype
ENSEMBL:ENSGALG00000023552,ENSEMBL:ENSGALG00000023552,,gene
ENSEMBL:ENSBTAG00000000793,ENSEMBL:ENSBTAG00000000793,,gene
ENSEMBL:ENSPTRG00000041089,ENSEMBL:ENSPTRG00000041089,,gene
MP:0010978,absent ureteric bud,,phenotype
ZP:0131167,"primary neuron forebrain decreased amount, abnormal",,phenotype
ZP:0018283,"mitochondrial respirasome slow muscle cell decreased functionality, abnormal",,phenotype
ZP:0002062,"cranial nerve II defasciculated, abnormal",,phenotype
ENSEMBL:ENSOANG00000009867,ENSEMBL:ENSOANG00000009867,,gene
MP:0001513,limb grasping,,phenotype
ZP:0103296,"parachordal vessel intersegmental vessel decreased amount, abnormal",,phenotype
EFO:0004908,testosterone measurement,,phenotype
MP:0008415,abnormal neurite morphology,,phenotype
ENSEMBL:ENSBTAG00000044046,ENSEMBL:ENSBTAG00000044046,,gene
OMIM:300377.0024,"DMD, 1-BP DEL, 10334C AND IVS69, G-T, +1",,variant
HP:0001627,Abnormal heart morphology,,phenotype
HP:0001723,Restrictive cardiomyopathy,,phenotype
MP:0009661,abnormal pregnancy,,phenotype
ENSEMBL:ENSACAG00000011727,ENSEMBL:ENSACAG00000011727,,gene
HP:0002197,Generalized-onset seizure,,phenotype
Xenbase:XB-GENE-920242,actn3,,gene
ClinVarVariant:832974,NC_000023.11:g.(?_31627663)_(31820093_?)dup,,variant
REACT:R-HSA-390522,Striated Muscle Contraction,,biological process
ENSEMBL:ENSCAFG00000007105,TNS2,,gene
ZP:0137210,"caudal vein plexus fused with caudal vein plexus, abnormal",,phenotype
RGD:1309921,Tnnc1,,gene
WBPhenotype:0001072,response to food variant,,phenotype
HP:0002089,Pulmonary hypoplasia,,phenotype
WBPhenotype:0001073,egg laying response to food variant,,phenotype
FBcv:0000719,atrophy,,phenotype
RGD:3443,Ptk2,,gene
MGI:2137706,Actn1,,gene
HP:0100523,Liver abscess,,phenotype
ZFIN:ZDB-GENE-090410-9,chrm1a,,gene
EFO:0007986,reticulocyte count,,phenotype
MP:0008687,increased interleukin-2 secretion,,phenotype
MP:0005551,abnormal eye electrophysiology,,phenotype
ENSEMBL:ENSOANG00000005484,ENSEMBL:ENSOANG00000005484,,gene
MP:0011966,abnormal auditory brainstem response waveform shape,,phenotype
FBcv:0000724,hypoplasia,,phenotype
ENSEMBL:ENSECAG00000014666,ENSEMBL:ENSECAG00000014666,,gene
ZP:0012363,"dorsal-ventral axis myotome increased size, abnormal",,phenotype
HP:0012338,Abnormal energy expenditure,,phenotype
HP:0025548,Increased mean corpuscular hemoglobin concentration,,phenotype
EFO:0004466,fasting blood insulin measurement,,phenotype
ClinVarVariant:803789,NM_004006.3(DMD):c.10087-1G>A,,variant
ZP:0001494,"somite detached from myofibril somite, abnormal",,phenotype
ZP:0009068,"spinal cord oligodendrocyte cell differentiation disrupted, abnormal",,phenotype
HP:0000113,Polycystic kidney dysplasia,,phenotype
MP:0003651,abnormal axon extension,,phenotype
ENSEMBL:ENSCAFG00000023094,ENSEMBL:ENSCAFG00000023094,,gene
ClinVarVariant:526156,NC_000023.11:g.(?_32614283)_(32849840_?)del,,variant
ClinVarVariant:663374,NM_004006.2(DMD):c.4846-1G>T,,variant
ClinVarVariant:804749,NM_004006.3(DMD):c.93+2T>A,,variant
ENSEMBL:ENSECAG00000023274,ENSEMBL:ENSECAG00000023274,,gene
MP:0002857,cochlear ganglion degeneration,,phenotype
RGD:727922,Sptbn1,,gene
ENSEMBL:ENSOANG00000037581,ENSEMBL:ENSOANG00000037581,,gene
FBcv:0002024,some die during third instar larval stage,,phenotype
ClinVarVariant:94504,NM_004006.2(DMD):c.2332C>T (p.Gln778Ter),,variant
318,benzbromarone,,drug
ZFIN:ZDB-GENE-131119-21,si:ch73-364h19.2,,gene
GO:0043034,costamere,,molecular function
5067,ixazomib,,drug
ZP:0018900,"myotome decreased process quality skeletal muscle tissue development, abnormal",,phenotype
ZP:0009558,"mandibular arch skeleton movement quality, abnormal",,phenotype
WBPhenotype:0000228,spontaneous mutation rate increased,,phenotype
MP:0004531,short outer hair cell stereocilia,,phenotype
ENSEMBL:ENSECAG00000024601,ENSEMBL:ENSECAG00000024601,,gene
MP:0008932,abnormal embryonic tissue physiology,,phenotype
HP:0001741,Phimosis,,phenotype
ENSEMBL:ENSPTRG00000019170,ENSEMBL:ENSPTRG00000019170,,gene
ClinVarVariant:833327,NC_000023.11:g.(?_32484909)_(32501852_?)del,,variant
ZP:0002189,"axon facial nerve motor nucleus decreased length, abnormal",,phenotype
FBcv:0000669,abnormal hatching behavior,,phenotype
ZP:0000243,"Z disc skeletal muscle disorganized, abnormal",,phenotype
ZP:0012571,"striated muscle thin filament myotome disoriented, abnormal",,phenotype
MP:0000790,abnormal stratification in cerebral cortex,,phenotype
HP:0003418,Back pain,,phenotype
ENSEMBL:ENSACAG00000014745,ENSEMBL:ENSACAG00000014745,,gene
ZP:0007737,"gill filament malformed, abnormal",,phenotype
ZP:0021034,"cardiac ventricle spherical, abnormal",,phenotype
ClinVarVariant:830677,NC_000023.11:g.(?_32216906)_(32595886_?)del,,variant
ZFIN:ZDB-GENE-060315-6,rac1l,,gene
FBcv:0000359,decreased cell number,,phenotype
ClinVarVariant:832826,NC_000023.11:g.(?_31819965)_(31875383_?)del,,variant
ENSEMBL:ENSCAFG00000016416,ENSEMBL:ENSCAFG00000016416,,gene
MP:0000603,pale liver,,phenotype
HP:0001539,Omphalocele,,phenotype
WBPhenotype:0000053,paralyzed arrested elongation two fold,,phenotype
ENSEMBL:ENSFCAG00000007701,ENSEMBL:ENSFCAG00000007701,,gene
ClinVarVariant:526050,NM_000109.4(DMD):c.8072_8088del (p.Glu2691fs),,variant
ENSEMBL:ENSECAG00000003664,ENSEMBL:ENSECAG00000003664,,gene
WormBase:WBGene00000149,apl-1,,gene
ZP:0004325,"cardiac muscle cell absent, abnormal",,phenotype
231,aprindine,,drug
XPO:0133344,wholly ventralized embryo,,phenotype
APO:0000113,viable,,phenotype
ZFIN:ZDB-GENE-080723-27,tnnt1,,gene
Xenbase:XB-GENE-480515,tnnc1,,gene
HP:0000175,Cleft palate,,phenotype
ENSEMBL:ENSACAG00000010793,ENSEMBL:ENSACAG00000010793,,gene
MP:0011087,"neonatal lethality, complete penetrance",,phenotype
ClinVarVariant:11273,NM_004006.2(DMD):c.10141C>T (p.Arg3381Ter),,variant
dbSNPIndividual:11036,DMD(EX1-18DEL (DEL 5 PRIME END-18)); 46;XY;46;XY.arr Xp21.1p11.4(32471148-37616741)x0;Xp11.23(47990695-48157416)x2;2q13(110061320-110519397)x3;8p23.1(7157886-7836249)x3;46;Y;del(X)(p21.1>p11.4) [GM07691],,genotype
ZFIN:ZDB-GENE-030131-4205,lamb2l,,gene
ENSEMBL:ENSPTRG00000008142,ENSEMBL:ENSPTRG00000008142,,gene
ZP:0003012,"notochord moderately well differentiated, abnormal",,phenotype
MP:0011084,"lethality at weaning, incomplete penetrance",,phenotype
ClinVarVariant:803915,NM_004006.3(DMD):c.2407del (p.Gln803fs),,variant
ENSEMBL:ENSSSCG00000015444,LAMB1,,gene
ZP:0009596,"behavioral response to nicotine decreased occurrence, abnormal",,phenotype
MONARCH:APO_0000209APO_0000002,protein/peptide distribution:abnormal,,phenotype
NCBITaxon:6239,Caenorhabditis elegans,,taxon
MP:0004905,decreased uterus weight,,phenotype
WBPhenotype:0001260,oocyte morphology variant,,phenotype
ENSEMBL:ENSFCAG00000013542,ENSEMBL:ENSFCAG00000013542,,gene
ENSEMBL:ENSACAG00000009289,ENSEMBL:ENSACAG00000009289,,gene
ZP:0010728,"pronephric glomerulus morphogenesis process quality, abnormal",,phenotype
MP:0002697,abnormal eye size,,phenotype
MGI:97845,Rac1,,gene
FlyBase:FBgn0014011,Rac2,,gene
WBPhenotype:0000494,two fold arrest,,phenotype
ZP:0003141,"neuron projection retinal ganglion cell layer mislocalised, abnormal",,phenotype
ENSEMBL:ENSACAG00000003209,ENSEMBL:ENSACAG00000003209,,gene
ENSEMBL:ENSSSCG00000011843,PAK2,,gene
RGD:1561626,Tbc1d5,,gene
Xenbase:XB-GENE-489820,src,,gene
RGD:620455,Slfn4,,gene
HP:0000639,Nystagmus,,phenotype
HP:0020054,Abnormal erythrocyte physiology,,phenotype
ClinVarVariant:813447,NM_004006.3(DMD):c.2381-2A>C,,variant
ClinVarVariant:94428,NM_004006.2(DMD):c.10171C>T (p.Arg3391Ter),,variant
ZP:0009294,"glial cell trigeminal ganglion increased amount, abnormal",,phenotype
MP:0006058,decreased cerebral infarct size,,phenotype
ClinVarVariant:224682,NM_004006.2(DMD):c.799C>T (p.Gln267Ter),,variant
ZFIN:ZDB-GENE-060503-838,pgm5,,gene
ZP:0010808,"mitochondrion muscle increased size, abnormal",,phenotype
HP:0001596,Alopecia,,phenotype
WBPhenotype:0000006,egg laying defective,,phenotype
MP:0000693,spleen hyperplasia,,phenotype
ZP:0008729,"myoseptum disorganized, abnormal",,phenotype
GO:0016328,lateral plasma membrane,,molecular function
ENSEMBL:ENSBTAG00000052622,A0A3Q1LS68,,gene
HP:0005120,Abnormal cardiac atrium morphology,,phenotype
dictyBase:DDB_G0291976,racD,,gene
ZP:0137782,"muscle cell myotome morphology, abnormal",,phenotype
ZP:0000715,"dorsal aorta structure, abnormal",,phenotype
EFO:0009700,visual perception measurement,,phenotype
ZP:0001809,"muscle cell migration disrupted, abnormal",,phenotype
ClinVarVariant:659595,NC_000023.11:g.(?_31496778)_(31658154_?)del,,variant
ZFIN:ZDB-GENE-060503-507,ctnnal1,,gene
MP:0020137,decreased bone mineralization,,phenotype
ClinVarVariant:409892,NM_004006.2(DMD):c.5647A>T (p.Lys1883Ter),,variant
MP:0001923,reduced female fertility,,phenotype
HP:0001090,Abnormally large globe,,phenotype
ClinVarVariant:583834,NC_000023.11:g.(?_31609584)_(31968514_?)del,,variant
WBPhenotype:0001952,germline nuclear positioning variant,,phenotype
EFO:0006917,spontaneous preterm birth,,phenotype
ENSEMBL:ENSMMUG00000005790,ENSEMBL:ENSMMUG00000005790,,gene
ZP:0000704,"distal tubule development arrested, abnormal",,phenotype
HP:0025016,Abnormal capillary morphology,,phenotype
OMIM:300377.0014,"DMD, GLN2319TER",,variant
ZP:0003146,"axon cranial nerve X decreased length, abnormal",,phenotype
ZP:0000147,"notochord quality, abnormal",,phenotype
ZP:0000658,"skeletal muscle tissue development delayed, abnormal",,phenotype
Xenbase:XB-GENE-957068,tns1,,gene
ClinVarVariant:803926,NM_004006.3(DMD):c.1777C>T (p.Gln593Ter),,variant
ZP:0106701,"atrium female organism increased area, abnormal",,phenotype
ZP:0013737,"establishment or maintenance of cell polarity process quality, abnormal",,phenotype
ENSEMBL:ENSCAFG00000048076,A0A5F4D5V0,,gene
Xenbase:XB-GENE-5783471,sntb2,,gene
MONARCH:APO_0000047APO_0000117,transposable element transposition:normal,,phenotype
ZFIN:ZDB-GENE-101215-2,dlgap4b,,gene
ENSEMBL:ENSMODG00000018433,ENSEMBL:ENSMODG00000018433,,gene
WBPhenotype:0000040,one cell arrest early emb,,phenotype
ZFIN:ZDB-GENE-041114-196,mybpc1,,gene
GO:0050998,nitric-oxide synthase binding,,molecular function
MP:0011149,abnormal hippocampus stratum lacunosum morphology,,phenotype
ZP:0002772,"axon brainstem and spinal white matter decreased amount, abnormal",,phenotype
ENSEMBL:ENSOANG00000004277,ENSEMBL:ENSOANG00000004277,,gene
EFO:0007789,BMI-adjusted waist circumference,,phenotype
ZP:0015844,"response to chemical process quality, abnormal",,phenotype
WBPhenotype:0000824,embryonic cell lineage variant,,phenotype
MP:0001656,focal hepatic necrosis,,phenotype
MP:0012106,impaired exercise endurance,,phenotype
ClinVarVariant:419572,NM_004006.2(DMD):c.2555G>A (p.Trp852Ter),,variant
MP:0008501,increased IgG2b level,,phenotype
HP:0002615,Hypotension,,phenotype
WBPhenotype:0001107,spindle rotation defective early emb,,phenotype
MP:0010553,prolonged HV interval,,phenotype
MP:0002085,abnormal embryonic tissue morphology,,phenotype
HP:0010741,Pedal edema,,phenotype
HP:0001944,Dehydration,,phenotype
ClinVarVariant:660687,NC_000023.10:g.(?_32404417)_(32717420_?)dup,,variant
MP:0008027,abnormal spinal cord white matter morphology,,phenotype
ZP:0021023,"squamous epithelial cell epicardium morphology, abnormal",,phenotype
ENSEMBL:ENSFCAG00000046822,ENSEMBL:ENSFCAG00000046822,,gene
Xenbase:XB-GENE-6257472,zgpat,,gene
MONARCH:APO_0000143APO_0000003,chromosome/plasmid maintenance:decreased,,phenotype
ClinVarVariant:647941,NC_000023.10:g.(?_32472769)_(32536267_?)dup,,variant
ENSEMBL:ENSOANG00000041650,ENSEMBL:ENSOANG00000041650,,gene
ClinVarVariant:578444,NM_004006.2(DMD):c.3604-1G>C,,variant
ZP:0103672,"slow muscle cell somite 7 spatial pattern, abnormal",,phenotype
ClinVarVariant:983945,NM_004006.3(DMD):c.4454T>A (p.Leu1485Ter),,variant
MONARCH:APO_0000309APO_0000005,respiratory growth:absent,,phenotype
ClinVarVariant:803823,NM_004006.3(DMD):c.8417del (p.Gln2806fs),,variant
WormBase:WBGene00003951,pbs-5,,gene
HP:0002671,Basal cell carcinoma,,phenotype
MP:0009583,increased keratinocyte proliferation,,phenotype
ZP:0006038,"angioblastic mesenchymal cell decreased amount, abnormal",,phenotype
ENSEMBL:ENSPTRG00000015000,ENSEMBL:ENSPTRG00000015000,,gene
WormBase:WBGene00006586,tni-4,,gene
ENSEMBL:ENSFCAG00000005320,ENSEMBL:ENSFCAG00000005320,,gene
MP:0008571,abnormal synaptic bouton morphology,,phenotype
WormBase:WBGene00013317,Y57G11C.22,,gene
HP:0007477,Abnormal dermatoglyphics,,phenotype
ENSEMBL:ENSECAG00000014009,ENSEMBL:ENSECAG00000014009,,gene
ClinVarVariant:11243,NM_000109.4(DMD):c.724G>T (p.Glu242Ter),,variant
MP:0000890,thin cerebellar molecular layer,,phenotype
HP:0001302,Pachygyria,,phenotype
MP:0009715,thick epidermis stratum basale,,phenotype
HP:0001274,Agenesis of corpus callosum,,phenotype
ClinVarVariant:584206,NC_000023.11:g.(?_31679355)_(31679606_?)del,,variant
ENSEMBL:ENSFCAG00000045898,ENSEMBL:ENSFCAG00000045898,,gene
HP:0001085,Papilledema,,phenotype
MP:0004174,abnormal spine curvature,,phenotype
ENSEMBL:ENSCAFG00000018177,XYLT1,,gene
HP:0001093,Optic nerve dysplasia,,phenotype
FBcv:0002037,majority die during embryonic stage,,phenotype
HGNC:10056,RNF11,,gene
MGI:1261794,Haus4,,gene
ENSEMBL:ENSACAG00000016526,ENSEMBL:ENSACAG00000016526,,gene
ClinVarVariant:803837,NM_004006.3(DMD):c.7309+1G>C,,variant
ZP:0014341,"myofibril slow muscle cell undulate, abnormal",,phenotype
MP:0001200,thick skin,,phenotype
ENSEMBL:ENSOANG00000036197,ENSEMBL:ENSOANG00000036197,,gene
EFO:0009270,heel bone mineral density,,phenotype
MP:0008056,abnormal retinal ganglion cell morphology,,phenotype
ENSEMBL:ENSOANG00000003631,ENSEMBL:ENSOANG00000003631,,gene
HP:0000100,Nephrotic syndrome,,phenotype
FBcv:0000792,premature aging,,phenotype
MP:0005643,decreased dopamine level,,phenotype
ZP:0000571,"liver quality, abnormal",,phenotype
MONARCH:APO_0000095APO_0000003,chemical compound accumulation:decreased,,phenotype
HP:0004751,Paroxysmal ventricular tachycardia,,phenotype
ClinVarVariant:983656,NM_004006.3(DMD):c.5794C>T (p.Gln1932Ter),,variant
MP:0001870,salivary gland inflammation,,phenotype
HP:0001714,Ventricular hypertrophy,,phenotype
MP:0020467,abnormal circadian behavior,,phenotype
MP:0001935,decreased litter size,,phenotype
WormBase:WBGene00003144,max-2,,gene
MP:0008469,abnormal protein level,,phenotype
MP:0008458,abnormal cortical ventricular zone morphology,,phenotype
MONARCH:APO_0000269APO_0000250,cell cycle progression through the G1/S phase transition:arrested,,phenotype
ENSEMBL:ENSSSCG00000011199,TBC1D5,,gene
MP:0010313,increased osteoma incidence,,phenotype
RGD:621750,Drp2,,gene
RGD:3874,Tmod1,,gene
WBPhenotype:0000782,body wall muscle thick filament variant,,phenotype
ZP:0012201,"musculoskeletal movement decreased process quality, abnormal",,phenotype
ZP:0101692,"brain physical object quality, abnormal",,phenotype
MP:0006036,abnormal mitochondrial physiology,,phenotype
HP:0003124,Hypercholesterolemia,,phenotype
WBPhenotype:0001143,multiple nuclei early emb,,phenotype
OMIM:300377.0012,"DMD, EX21DEL",,variant
ENSEMBL:ENSCAFG00000017311,ENSEMBL:ENSCAFG00000017311,,gene
ZP:0003472,"cardiac muscle cell cardiac ventricle decreased size, abnormal",,phenotype
ENSEMBL:ENSGALG00000005079,ENSEMBL:ENSGALG00000005079,,gene
ENSEMBL:ENSPTRG00000011724,ENSEMBL:ENSPTRG00000011724,,gene
5302,lorlatinib,,drug
ENSEMBL:ENSCAFG00000005557,CAV3,,gene
ENSEMBL:ENSFCAG00000014246,ENSEMBL:ENSFCAG00000014246,,gene
FlyBase:FBgn0033348,Spt,,gene
WormBase:WBGene00021640,Y47G6A.14,,gene
ENSEMBL:ENSPTRG00000016859,ENSEMBL:ENSPTRG00000016859,,gene
MONARCH:APO_0000209APO_0000004,protein/peptide distribution:increased,,phenotype
ENSEMBL:ENSOANG00000004096,ENSEMBL:ENSOANG00000004096,,gene
MP:0011045,decreased lung elastance,,phenotype
ENSEMBL:ENSSSCG00000025830,NUP93,,gene
MP:0005404,abnormal axon morphology,,phenotype
ENSEMBL:ENSSSCG00000010182,CAPN9,,gene
MP:0004193,abnormal kidney papilla morphology,,phenotype
ZP:0003064,"heart decreased strength, abnormal",,phenotype
FlyBase:FBgn0000039,nAChRalpha2,,gene
ENSEMBL:ENSPTRG00000007553,ENSEMBL:ENSPTRG00000007553,,gene
ZP:0020984,"heart decreased process quality Notch signaling pathway, abnormal",,phenotype
ClinVarVariant:94630,NM_004006.2(DMD):c.4518+5G>A,,variant
WormBase:WBGene00000047,acr-8,,gene
MP:0003960,increased lean body mass,,phenotype
HP:0000253,Progressive microcephaly,,phenotype
PomBase:SPBC4F6.12,pxl1,,gene
ZFIN:ZDB-GENE-030131-31,rgs6,,gene
ZP:0020139,"skeletal muscle cell decondensed, abnormal",,phenotype
ZP:0001616,"eye malformed, abnormal",,phenotype
ENSEMBL:ENSCAFG00000003821,ITGB1,,gene
MGI:94909,Dmd,,gene
WBPhenotype:0001997,nuclear anchoring variant,,phenotype
ZP:0017218,"wound healing process quality, abnormal",,phenotype
MP:0003994,abnormal dorsal spinal root morphology,,phenotype
WBPhenotype:0001942,rachis absent,,phenotype
3170,eburnamonine,,drug
Xenbase:XB-GENE-479154,app,,gene
ENSEMBL:ENSCAFG00000017522,ENSEMBL:ENSCAFG00000017522,,gene
WBPhenotype:0000828,T lineages variant,,phenotype
HP:0000618,Blindness,,phenotype
MP:0004100,abnormal spinal cord interneuron morphology,,phenotype
ZFIN:ZDB-GENE-061027-102,desmb,,gene
MP:0000167,decreased chondrocyte number,,phenotype
ENSEMBL:ENSMODG00000016722,ENSEMBL:ENSMODG00000016722,,gene
MP:0002432,"abnormal CD4-positive, alpha beta T cell morphology",,phenotype
Xenbase:XB-GENE-990995,rapsn,,gene
MGI:2138865,Dlgap4,,gene
WBPhenotype:0001133,division axis defective,,phenotype
HP:0002516,Increased intracranial pressure,,phenotype
HP:0100018,Nuclear cataract,,phenotype
MP:0005385,cardiovascular system phenotype,,phenotype
ClinVarVariant:803895,NM_004006.3(DMD):c.3257del (p.Lys1086fs),,variant
4715,cabozantinib,,drug
MP:0011176,abnormal erythroblast morphology,,phenotype
MP:0009349,increased urine pH,,phenotype
ENSEMBL:ENSPTRG00000012691,ENSEMBL:ENSPTRG00000012691,,gene
ZP:0009557,"whole organism increased contractility, abnormal",,phenotype
HP:0000483,Astigmatism,,phenotype
ZP:0137789,"caudal vein increased amount, abnormal",,phenotype
MP:0000571,interdigital webbing,,phenotype
EFO:0008337,psychosis predisposition measurement,,phenotype
ZP:0007736,"retinal neural layer absent, abnormal",,phenotype
ZP:0006451,"endoplasmic reticulum liver disoriented, abnormal",,phenotype
ZP:0001633,"notochord undifferentiated, abnormal",,phenotype
HP:0011712,Right bundle branch block,,phenotype
ZP:0002912,"blood vessel lumenization process quality, abnormal",,phenotype
ZP:0000966,"retinal ganglion cell axon guidance process quality, abnormal",,phenotype
2263,pridinol,,drug
MGI:96743,Lamb1,,gene
ZFIN:ZDB-GENE-041010-75,tnni4a,,gene
Xenbase:XB-GENE-962569,snta1,,gene
MP:0002566,abnormal sexual interaction,,phenotype
ENSEMBL:ENSOANG00000047590,ENSEMBL:ENSOANG00000047590,,gene
MP:0003203,increased neuron apoptosis,,phenotype
ZP:0011156,"intersegmental vessel process quality blood vessel lumenization, abnormal",,phenotype
MGI:1919069,Kif23,,gene
HGNC:2888,DISC1,,gene
Xenbase:XB-GENE-996120,cavin1,,gene
HP:0012261,Abnormal respiratory motile cilium physiology,,phenotype
OMIM:300377.0044,"DMD, LYS770TER",,variant
MMRRC:041198,FVB.B10ScSn-<i>Dmd<sup>mdx</sup></i> Tg(Myh6-DMD*)271Dua/Mmjax,,biological artifact
ZP:0000723,"anterior cardinal vein unlumenized, abnormal",,phenotype
ZFIN:ZDB-GENE-020114-1,ptk2ab,,gene
ZP:0018605,"rhombomere 3 decreased length, abnormal",,phenotype
ENSEMBL:ENSMODG00000014306,ENSEMBL:ENSMODG00000014306,,gene
ZP:0011883,"slow muscle cell detached from vertical myoseptum, abnormal",,phenotype
FBcv:0000418,flightless,,phenotype
ZP:0019067,"ventricular myocardium spatial pattern, abnormal",,phenotype
HP:0002020,Gastroesophageal reflux,,phenotype
MP:0001899,absent long term depression,,phenotype
ZP:0002619,"brain disorganized, abnormal",,phenotype
MP:0000761,thin diaphragm muscle,,phenotype
ClinVarVariant:409931,NM_004006.3(DMD):c.38_39GA[1] (p.Glu14fs),,variant
ZFIN:ZDB-GENE-121214-302,ifit11,,gene
ZP:0000729,"hematopoietic multipotent progenitor cell trunk decreased amount, abnormal",,phenotype
ZFIN:ZDB-GENE-030131-3759,pak2b,,gene
MP:0002896,abnormal bone mineralization,,phenotype
ZP:0008733,"neural tube disorganized, abnormal",,phenotype
ENSEMBL:ENSMODG00000014814,ENSEMBL:ENSMODG00000014814,,gene
APO:0000097,auxotrophy,,phenotype
MP:0008841,ruptured lens capsule,,phenotype
HP:0011001,Increased bone mineral density,,phenotype
HGNC:10809,SGCG,,gene
ZP:0013877,"interrenal gland position, abnormal",,phenotype
ZP:0011344,"ventral wall of dorsal aorta has fewer parts of type hematopoietic stem cell, abnormal",,phenotype
ZFIN:ZDB-GENE-081124-1,myhb,,gene
ENSEMBL:ENSCAFG00000013243,LAMC2,,gene
OMIM:300377.0022,"DMD, IVS26, T-G, +2",,variant
MP:0003429,insensitivity to growth hormone,,phenotype
ENSEMBL:ENSMMUG00000012112,ENSEMBL:ENSMMUG00000012112,,gene
WormBase:WBGene00001179,egl-10,,gene
ENSEMBL:ENSSSCG00000014878,PAK1,,gene
HP:0100240,Synostosis of joints,,phenotype
ClinVarVariant:217192,NM_004006.2(DMD):c.2991C>G (p.Tyr997Ter),,variant
HP:0100720,Hypoplasia of the ear cartilage,,phenotype
ENSEMBL:ENSMMUG00000023208,ENSEMBL:ENSMMUG00000023208,,gene
HGNC:11167,SNTA1,,gene
ENSEMBL:ENSECAG00000023774,ENSEMBL:ENSECAG00000023774,,gene
HP:0001997,Gout,,phenotype
HP:0001409,Portal hypertension,,phenotype
EFO:0009958,response to bisphosphonate,,phenotype
dictyBase:DDB_G0278009,racN,,gene
Xenbase:XB-GENE-953082,pgm5,,gene
WBPhenotype:0001719,unfolded protein response variant,,phenotype
ClinVarVariant:409919,NM_004006.2(DMD):c.4858G>T (p.Glu1620Ter),,variant
ClinVarVariant:584009,NC_000023.11:g.(?_31496768)_(31875393_?)del,,variant
ENSEMBL:ENSFCAG00000014942,ENSEMBL:ENSFCAG00000014942,,gene
ENSEMBL:ENSGALG00000016830,CUL4A,,gene
MGI:1913758,Lamtor1,,gene
4318,afatinib,,drug
MP:0010070,decreased serotonin level,,phenotype
ZP:0104212,"immature Schwann cell posterior lateral line decreased distribution, abnormal",,phenotype
ZP:0005805,"retina electrical conductivity, abnormal",,phenotype
HP:0005133,Right ventricular dilatation,,phenotype
HP:0012704,Widened subarachnoid space,,phenotype
MP:0012701,increased embryonic neuroepithelium apoptosis,,phenotype
ENSEMBL:ENSPTRG00000052362,ENSEMBL:ENSPTRG00000052362,,gene
ClinVarVariant:583965,NC_000023.11:g.(?_32809473)_(32816660_?)del,,variant
MP:0003657,abnormal erythrocyte osmotic lysis,,phenotype
3536,sabcomeline,,drug
MGI:1353511,Sspn,,gene
ClinVarVariant:651813,NC_000023.11:g.(?_32517988)_(32518151_?)del,,variant
ENSEMBL:ENSECAG00000024430,ENSEMBL:ENSECAG00000024430,,gene
ZP:0002943,"lens malformed, abnormal",,phenotype
ZP:0002179,"pronephric podocyte unfused from pronephric podocyte, abnormal",,phenotype
Xenbase:XB-GENE-22061118,chrm1,,gene
ClinVarVariant:984110,NM_004006.3(DMD):c.2626G>T (p.Glu876Ter),,variant
ZP:0000411,"swim bladder aplastic, abnormal",,phenotype
MP:0001696,failure to gastrulate,,phenotype
RGD:1305577,Mcm2,,gene
ENSEMBL:ENSSSCG00000008312,DYSF,,gene
ENSEMBL:ENSECAG00000029062,ENSEMBL:ENSECAG00000029062,,gene
RGD:2342,Chrm1,,gene
ZP:0003637,"whole organism deformed, abnormal",,phenotype
ENSEMBL:ENSPTRG00000014860,ENSEMBL:ENSPTRG00000014860,,gene
HP:0000347,Micrognathia,,phenotype
ENSEMBL:ENSACAG00000011805,ENSEMBL:ENSACAG00000011805,,gene
MP:0001683,absent mesoderm,,phenotype
MP:0001176,abnormal lung development,,phenotype
MP:0004200,decreased fetal size,,phenotype
WBPhenotype:0001724,tunicamycin hypersensitive,,phenotype
ClinVarVariant:832628,NC_000023.11:g.(?_32342090)_(32699303_?)dup,,variant
OMIM:300377.0080,"DMD, IVS62, A-G, -285",,variant
ENSEMBL:ENSPTRG00000005506,ENSEMBL:ENSPTRG00000005506,,gene
MP:0003225,axonal dystrophy,,phenotype
WormBase:WBGene00020721,T23B12.6,,gene
HGNC:7612,MYOG,,gene
HP:0000256,Macrocephaly,,phenotype
ClinVarVariant:832391,NC_000023.11:g.(?_31595570)_(31968524_?)del,,variant
ENSEMBL:ENSSSCG00000017063,SGCD,,gene
MP:0000382,underdeveloped hair follicles,,phenotype
HP:0100490,Camptodactyly of finger,,phenotype
ZP:0011617,"blood island has fewer parts of type neutrophil, abnormal",,phenotype
ZP:0019522,"myelinating Schwann cell posterior lateral line decreased amount, abnormal",,phenotype
MGI:88396,Chrm1,,gene
OMIA-breed:89,Samoyed (dog),,biological artifact
MP:0003222,increased cardiomyocyte apoptosis,,phenotype
HP:0003265,Neonatal hyperbilirubinemia,,phenotype
EFO:0008354,cognitive function measurement,,phenotype
ENSEMBL:ENSBTAG00000014380,MCM2,,gene
FlyBase:FBgn0034070,SP2353,,gene
ZP:0004624,"cardiac conduction disrupted, abnormal",,phenotype
ZP:0017511,"epidermal basal stratum decreased process quality epithelial cell morphogenesis, abnormal",,phenotype
HP:0000276,Long face,,phenotype
HP:0007033,Cerebellar dysplasia,,phenotype
MP:0004433,abnormal cochlear inner hair cell physiology,,phenotype
5459,infigratinib,,drug
ENSEMBL:ENSGALG00000005031,DRP2,,gene
dbSNPIndividual:22831,46;X;t(X;9)(Xqter>Xp21.2::9p22>9pter; 9qter>9p22::Xp21.2>Xpter);46;XY [GM06007],,genotype
ZP:0001226,"midbrain-hindbrain boundary morphogenesis disrupted, abnormal",,phenotype
MP:0001194,dermatitis,,phenotype
ZP:0103325,"neuroectoderm increased amount, abnormal",,phenotype
ENSEMBL:ENSCAFG00000028879,ENSEMBL:ENSCAFG00000028879,,gene
ZP:0000480,"digestive tract development disrupted, abnormal",,phenotype
RGD:1561367,Anln,,gene
HP:0010614,Fibroma,,phenotype
ZP:0019815,"motor neuron increased rate axon extension, abnormal",,phenotype
RGD:1563853,Cul4a,,gene
MP:0003227,abnormal vascular branching morphogenesis,,phenotype
ClinVarVariant:975106,NM_004006.3(DMD):c.811C>T (p.Gln271Ter),,variant
PomBase:SPBC1604.14c,shk1,,gene
ZFIN:ZDB-GENE-050522-145,marcksa,,gene
MGI:1336213,Mybpc1,,gene
MP:0002427,disproportionate dwarf,,phenotype
SGD:S000001898,NIC96,,gene
MP:0005058,abnormal lysosome morphology,,phenotype
ZP:0006769,"osteoblast differentiation predisplaced growth, abnormal",,phenotype
ENSEMBL:ENSMODG00000018459,ENSEMBL:ENSMODG00000018459,,gene
RGD:621436,Kcnj4,,gene
WormBase:WBGene00012835,ani-3,,gene
MP:0000730,increased satellite cell number,,phenotype
ClinVarVariant:803935,NM_004006.3(DMD):c.1129del (p.Asp377fs),,variant
ClinVarVariant:374372,ClinVarVariant:374372,,variant
HP:0001413,Micronodular cirrhosis,,phenotype
RGD:619755,Rac1,,gene
MP:0003702,abnormal chromosome morphology,,phenotype
ZP:0002981,"protein localization disrupted, abnormal",,phenotype
ENSEMBL:ENSBTAG00000021874,KIF14,,gene
ZP:0003156,"axon Rohon-Beard neuron decreased amount, abnormal",,phenotype
ZP:0003819,"fast muscle cell increased amount, abnormal",,phenotype
Xenbase:XB-GENE-5813243,dmd.3,,gene
ZP:0000749,"blood vessel collapsed, abnormal",,phenotype
ZP:0106115,"sarcomere cardiac ventricle increased width, abnormal",,phenotype
dbSNPIndividual:18313,DMD(EX45DEL); arr Xp21.1(31869808-31995808)x0 [GM05115],,genotype
2337,quetiapine,,drug
ENSEMBL:ENSFCAG00000033144,ENSEMBL:ENSFCAG00000033144,,gene
HP:0003212,Increased circulating IgE level,,phenotype
MP:0003928,increased heart rate variability,,phenotype
ZP:0005763,"slow muscle cell morphology, abnormal",,phenotype
ZP:0003439,"skeletal muscle cell morphology, abnormal",,phenotype
MGI:107432,Drp2,,gene
MP:0000738,impaired muscle contractility,,phenotype
FBcv:0002019,increased mortality during development,,phenotype
RGD:3883,Tnnt3,,gene
ENSEMBL:ENSGALG00000008351,ENSEMBL:ENSGALG00000008351,,gene
ZP:0007684,"cardiac muscle cell atrioventricular canal morphology, abnormal",,phenotype
ClinVarVariant:803824,NM_004006.3(DMD):c.8391-1G>A,,variant
ZP:0000425,"fourth ventricle decreased size, abnormal",,phenotype
ClinVarVariant:11228,NM_004010.3(DMD):c.-209T>G,,variant
WormBase:WBGene00012532,crp-1,,gene
HP:0001159,Syndactyly,,phenotype
ENSEMBL:ENSACAG00000012178,ENSEMBL:ENSACAG00000012178,,gene
ZP:0005734,"muscle morphology, abnormal",,phenotype
Xenbase:XB-GENE-977139,chrna1,,gene
ZP:0001410,"intersegmental vessel increased branchiness, abnormal",,phenotype
MONARCH:APO_0000038APO_0000005,shmoo formation:absent,,phenotype
dictyBase:DDB_G0269544,DDB0190345,,gene
ClinVarVariant:11229,NM_000109.4(DMD):c.3579+2T>G,,variant
MP:0005659,decreased susceptibility to diet-induced obesity,,phenotype
ClinVarVariant:803861,NM_004006.3(DMD):c.5358del (p.Phe1786fs),,variant
MP:0002947,increased hemangioma incidence,,phenotype
ENSEMBL:ENSECAG00000014975,ENSEMBL:ENSECAG00000014975,,gene
HP:0002093,Respiratory insufficiency,,phenotype
ClinVarVariant:526168,NC_000023.11:g.(?_31932060)_(31932247_?)del,,variant
ZP:0103263,"focal adhesion heart absent, abnormal",,phenotype
MP:0000876,Purkinje cell degeneration,,phenotype
4285,Florbetapir F-18,,drug
WBPhenotype:0000483,no gut granules,,phenotype
ENSEMBL:ENSBTAG00000050783,SNTG2,,gene
ZP:0002523,"facial nerve development disrupted, abnormal",,phenotype
MP:0001053,abnormal neuromuscular synapse morphology,,phenotype
MP:0004097,abnormal cerebellar cortex morphology,,phenotype
ZP:0017963,"atrioventricular valve morphogenesis process quality, abnormal",,phenotype
ZP:0100167,"twitch skeletal muscle contraction increased duration, abnormal",,phenotype
ZFIN:ZDB-GENE-051127-43,sspn,,gene
HP:0007265,Absent mesencephalon,,phenotype
ENSEMBL:ENSCAFG00000008853,TIAM1,,gene
ClinVarVariant:803913,NM_004006.3(DMD):c.2448C>A (p.Cys816Ter),,variant
HP:0001513,Obesity,,phenotype
ZFIN:ZDB-GENE-000329-3,actb2,,gene
ClinVarVariant:649535,NM_004006.2(DMD):c.187-1G>T,,variant
ClinVarVariant:417484,NC_000023.11:g.(?_32644132)_(32849820_?)del,,variant
ZP:0011979,"skeletal muscle cell misaligned with skeletal muscle cell, abnormal",,phenotype
ZP:0005382,"pseudopodium forerunner cell group direction, abnormal",,phenotype
ZP:0001511,"muscle decreased strength, abnormal",,phenotype
MP:0012250,absent heart valves,,phenotype
Xenbase:XB-GENE-480259,tnnc2,,gene
ENSEMBL:ENSACAG00000016803,ENSEMBL:ENSACAG00000016803,,gene
ENSEMBL:ENSECAG00000004913,ENSEMBL:ENSECAG00000004913,,gene
WBPhenotype:0000845,levamisole response variant,,phenotype
ClinVarVariant:803812,NM_004006.3(DMD):c.8817del (p.Gln2940fs),,variant
ZP:0000584,"caudal fin decreased length, abnormal",,phenotype
ZP:0000731,"cranial vasculature unlumenized, abnormal",,phenotype
MP:0030005,increased retinal apoptosis,,phenotype
EFO:0007874,gut microbiome measurement,,phenotype
MP:0004883,abnormal vascular wound healing,,phenotype
ENSEMBL:ENSCAFG00000002982,MYBPC2,,gene
ClinVarVariant:417489,NC_000023.11:g.(?_31729631)_(31729748_?)del,,variant
WBPhenotype:0001681,spindle orientation variant,,phenotype
SGD:S000003583,RTT101,,gene
HP:0040216,Hypoinsulinemia,,phenotype
RGD:3028,Marcks,,gene
HP:0000389,Chronic otitis media,,phenotype
MP:0005547,abnormal Muller cell morphology,,phenotype
ZP:0000041,"pharyngeal arch 3-7 skeleton quality, abnormal",,phenotype
MP:0005097,polychromatophilia,,phenotype
ENSEMBL:ENSFCAG00000040315,ENSEMBL:ENSFCAG00000040315,,gene
ENSEMBL:ENSMMUG00000043626,ENSEMBL:ENSMMUG00000043626,,gene
NCBITaxon:9544,Macaca mulatta,,taxon
ZP:0021005,"sarcomere cardiac muscle disorganized, abnormal",,phenotype
HP:0000104,Renal agenesis,,phenotype
ZP:0008693,"telencephalon apoptotic, abnormal",,phenotype
HGNC:11946,TNNI2,,gene
ZFIN:ZDB-GENE-030131-8719,ahnak,,gene
4190,ruxolitinib,,drug
MP:0002663,absent blastocoele,,phenotype
ENSEMBL:ENSSSCG00000005710,LAMC3,,gene
ENSEMBL:ENSMODG00000013281,ENSEMBL:ENSMODG00000013281,,gene
dbSNP:rs145455135,rs145455135-A,,variant
MP:0004842,abnormal large intestine crypts of Lieberkuhn morphology,,phenotype
ENSEMBL:ENSMMUG00000030881,ENSEMBL:ENSMMUG00000030881,,gene
ClinVarVariant:640446,NC_000023.11:g.(?_31929586)_(31968524_?)del,,variant
MP:0011060,abnormal kinocilium morphology,,phenotype
MP:0013467,diaphragmitis,,phenotype
ClinVarVariant:217182,NM_004006.2(DMD):c.2215G>T (p.Glu739Ter),,variant
ZP:0002185,"neuron projection development disrupted, abnormal",,phenotype
ZP:0102728,"lateral dorsal aorta absent, abnormal",,phenotype
GO:0035994,response to muscle stretch,,molecular function
EFO:0005763,pulse pressure measurement,,phenotype
WBPhenotype:0000163,clear larva,,phenotype
ClinVarVariant:582905,NM_004006.2(DMD):c.7252C>T (p.Gln2418Ter),,variant
HGNC:13249,CAPN12,,gene
MP:0008140,podocyte foot process effacement,,phenotype
ZP:0101689,"preoptic area increased distribution, abnormal",,phenotype
ZP:0000690,"hormone activity decreased occurrence, abnormal",,phenotype
ZP:0002551,"motor neuron facial nerve motor nucleus mislocalised, abnormal",,phenotype
ClinVarVariant:984684,NM_004006.3(DMD):c.803del (p.Leu268fs),,variant
WBPhenotype:0006001,squashed vulva,,phenotype
HP:0000842,Hyperinsulinemia,,phenotype
ENSEMBL:ENSECAG00000032992,ENSEMBL:ENSECAG00000032992,,gene
HGNC:20163,HAUS4,,gene
HGNC:19013,TRIM41,,gene
FlyBase:FBal0244100,Dys[dsRNA.C.UAS],,variant
ENSEMBL:ENSECAG00000011860,ENSEMBL:ENSECAG00000011860,,gene
ENSEMBL:ENSMODG00000019164,ENSEMBL:ENSMODG00000019164,,gene
ENSEMBL:ENSFCAG00000013550,ENSEMBL:ENSFCAG00000013550,,gene
ENSEMBL:ENSMMUG00000009498,ENSEMBL:ENSMMUG00000009498,,gene
WBPhenotype:0000654,synaptic vesicle exocytosis variant,,phenotype
HGNC:8592,PAK3,,gene
WBPhenotype:0000864,early elongation arrest,,phenotype
ENSEMBL:ENSFCAG00000004478,ENSEMBL:ENSFCAG00000004478,,gene
ENSEMBL:ENSECAG00000002132,ENSEMBL:ENSECAG00000002132,,gene
ENSEMBL:ENSMODG00000003208,ENSEMBL:ENSMODG00000003208,,gene
MP:0005590,increased vasodilation,,phenotype
ClinVarVariant:650719,NC_000023.11:g.(?_31875178)_(31932237_?)del,,variant
ZP:0008059,"axon medial longitudinal fasciculus branched, abnormal",,phenotype
HGNC:3058,DTNB,,gene
MP:0004948,abnormal neuronal precursor proliferation,,phenotype
HP:0012251,ST segment elevation,,phenotype
ENSEMBL:ENSBTAG00000006904,TNS2,,gene
ClinVarVariant:595153,NM_004006.2(DMD):c.3923C>A (p.Ser1308Ter),,variant
ZP:0001365,"eye movement quality, abnormal",,phenotype
ClinVarVariant:803952,NM_004006.3(DMD):c.264+5G>A,,variant
MP:0009414,skeletal muscle fiber necrosis,,phenotype
ClinVarVariant:932182,NC_000023.10:g.(32632571_32662248)_(32867938_33038255)del,,variant
ENSEMBL:ENSOANG00000005169,ENSEMBL:ENSOANG00000005169,,gene
ENSEMBL:ENSOANG00000010897,ENSEMBL:ENSOANG00000010897,,gene
MP:0003963,abnormal corticosterone level,,phenotype
FBcv:0000374,fertile,,phenotype
ClinVarVariant:640379,NM_004006.2(DMD):c.4433T>G (p.Leu1478Ter),,variant
ENSEMBL:ENSMMUG00000013785,ENSEMBL:ENSMMUG00000013785,,gene
ZP:0002182,"sprouting angiogenesis decreased process quality, abnormal",,phenotype
FlyBase:FBgn0010215,alpha-Cat,,gene
HP:0000691,Microdontia,,phenotype
ClinVarVariant:584105,NC_000023.11:g.(?_32595737)_(32699313_?)del,,variant
ZP:0005815,"photoreceptor cell degenerate, abnormal",,phenotype
ZP:0011530,"epiboly involved in gastrulation with mouth forming second process quality, abnormal",,phenotype
ZP:0020694,"posterior lateral line neuromast deposition decreased occurrence, abnormal",,phenotype
1423,imatinib,,drug
ENSEMBL:ENSSSCG00000013375,MYOD1,,gene
MP:0010656,thick myocardium,,phenotype
dbSNPIndividual:15877,arr Xp21.2p21.1(31224485-31977208)x2 [GM05126],,genotype
ClinVarVariant:447261,NM_004006.2(DMD):c.589G>T (p.Glu197Ter),,variant
MONARCH:APO_0000083APO_0000003,oxidative stress resistance:decreased,,phenotype
MP:0001214,skin hyperplasia,,phenotype
ClinVarVariant:11255,NM_004006.2(DMD):c.3188G>A (p.Trp1063Ter),,variant
HP:0002682,Broad skull,,phenotype
ENSEMBL:ENSPTRG00000002112,ENSEMBL:ENSPTRG00000002112,,gene
ENSEMBL:ENSSSCG00000000106,ENSEMBL:ENSSSCG00000000106,,gene
HGNC:11275,SPTBN1,,gene
ClinVarVariant:11260,NM_004006.2(DMD):c.6292C>T (p.Arg2098Ter),,variant
MP:0000166,abnormal chondrocyte morphology,,phenotype
ClinVarVariant:94619,NM_004006.2(DMD):c.4314_4315del (p.Arg1439fs),,variant
MONARCH:APO_0000027APO_0000004,filamentous growth:increased,,phenotype
FlyBase:FBgn0014861,Mcm2,,gene
MP:0006071,abnormal retinal progenitor cell morphology,,phenotype
ZP:0002954,"cornea absent, abnormal",,phenotype
MP:0009387,abnormal epidermal pigmentation,,phenotype
ZP:0007288,"central artery irregular spatial pattern, abnormal",,phenotype
MGI:5779562,Tg(ACTA1-Ctss)1Jmol [FVB/N-Tg(ACTA1-Ctss)1Jmol],,genotype
ENSEMBL:ENSMMUG00000046222,ENSEMBL:ENSMMUG00000046222,,gene
MP:0010380,abnormal inner cell mass apoptosis,,phenotype
MP:0011708,decreased fibroblast cell migration,,phenotype
MP:0012082,delayed heart development,,phenotype
MP:0008428,abnormal spatial working memory,,phenotype
MP:0008688,decreased interleukin-2 secretion,,phenotype
ClinVarVariant:11227,NM_000109.4(DMD):c.8524-1G>C,,variant
977,ebastine,,drug
ENSEMBL:ENSCAFG00000002816,MPP6,,gene
RGD:1308885,Trim41,,gene
ENSEMBL:ENSSSCG00000003218,MYBPC2,,gene
ENSEMBL:ENSPTRG00000011002,ENSEMBL:ENSPTRG00000011002,,gene
FlyBase:FBgn0034005,ItgaPS4,,gene
ZP:0000869,"anterior-posterior axis whole organism shortened, abnormal",,phenotype
HP:0000773,Short ribs,,phenotype
ENSEMBL:ENSBTAG00000012723,ENSEMBL:ENSBTAG00000012723,,gene
HP:0001288,Gait disturbance,,phenotype
MP:0002680,decreased corpora lutea number,,phenotype
WBPhenotype:0000402,avoids bacterial lawn,,phenotype
HGNC:165,ACTN3,,gene
FBcv:0000683,abnormal temperature response,,phenotype
ZP:0012208,"skeletal muscle cell detached from somite border, abnormal",,phenotype
4124,vorinostat,,drug
ENSEMBL:ENSCAFG00000007554,J9P730,,gene
ENSEMBL:ENSFCAG00000008186,ENSEMBL:ENSFCAG00000008186,,gene
ClinVarVariant:584367,NC_000023.10:g.(?_31222078)_(31241238_?)dup,,variant
ENSEMBL:ENSECAG00000009638,ENSEMBL:ENSECAG00000009638,,gene
MP:0006401,absent male preputial gland,,phenotype
ZP:0000659,"skeletal muscle tissue development disrupted, abnormal",,phenotype
Coriell:GM23159,NIGMS-GM23159,,biological artifact
WBPhenotype:0001278,transgene expression reduced,,phenotype
EFO:0004279,suntan,,phenotype
FlyBase:FBgn0267487,Ptp61F,,gene
ZP:0000057,"Meckel's cartilage decreased size, abnormal",,phenotype
MP:0010387,abnormal Bergmann glial cell morphology,,phenotype
MP:0003644,thymus atrophy,,phenotype
WBPhenotype:0000673,brood size variant,,phenotype
ENSEMBL:ENSFCAG00000003729,ENSEMBL:ENSFCAG00000003729,,gene
MP:0011091,"prenatal lethality, complete penetrance",,phenotype
ENSEMBL:ENSXETG00000038368,ENSEMBL:ENSXETG00000038368,,gene
HP:0003251,Male infertility,,phenotype
ZP:0000153,"somite increased width, abnormal",,phenotype
ZP:0012362,"dorsal-ventral axis notochord increased size, abnormal",,phenotype
ENSEMBL:ENSMODG00000015529,ENSEMBL:ENSMODG00000015529,,gene
ZFIN:ZDB-GENE-040625-114,tpm2,,gene
MP:0005397,hematopoietic system phenotype,,phenotype
MP:0003666,impaired sperm capacitation,,phenotype
WBPhenotype:0001911,axon regeneration defective,,phenotype
2865,ziprasidone,,drug
ENSEMBL:ENSECAG00000007555,ENSEMBL:ENSECAG00000007555,,gene
ENSEMBL:ENSPTRG00000016150,ENSEMBL:ENSPTRG00000016150,,gene
MP:0000889,abnormal cerebellar molecular layer,,phenotype
MP:0004136,abnormal tongue muscle morphology,,phenotype
GO:0030049,muscle filament sliding,,molecular function
ClinVarVariant:638586,NM_004006.2(DMD):c.9974+175T>A,,variant
ZP:0010831,"Kupffer's vesicle decreased process quality motile cilium assembly, abnormal",,phenotype
WBPhenotype:0002336,path curvature increased,,phenotype
HGNC:11610,TCAP,,gene
MP:0005526,decreased renal plasma flow rate,,phenotype
XPO:0101645,abnormal heart morphology,,phenotype
ENSEMBL:ENSACAG00000016657,ENSEMBL:ENSACAG00000016657,,gene
ENSEMBL:ENSCAFG00000025057,LAMB1,,gene
MP:0010664,abnormal vitelline artery morphology,,phenotype
MP:0005537,abnormal cerebral aqueduct morphology,,phenotype
ClinVarVariant:661732,NC_000023.11:g.(?_31729621)_(31820093_?)del,,variant
ClinVarVariant:581591,NM_004006.2(DMD):c.650-1827_771del,,variant
ENSEMBL:ENSFCAG00000001035,ENSEMBL:ENSFCAG00000001035,,gene
HGNC:12011,TPM2,,gene
ClinVarVariant:285350,NM_004006.2(DMD):c.10361del (p.Tyr3454fs),,variant
WBPhenotype:0001106,spindle orientation variant AB or P1 early emb,,phenotype
ZP:0021039,"membrane epicardium smooth, abnormal",,phenotype
HP:0001350,Slurred speech,,phenotype
HP:0004324,Increased body weight,,phenotype
ZP:0009069,"dorsal/ventral neural tube patterning disrupted, abnormal",,phenotype
WBPhenotype:0000357,unfertilized oocytes laid,,phenotype
dbSNPIndividual:10697,DMD(EX3-17DEL); arr Xp21.1(32463660-32882465)x0 [GM03782],,genotype
HP:0006753,Neoplasm of the stomach,,phenotype
HP:0008981,Calf muscle hypertrophy,,phenotype
ClinVarVariant:640997,NC_000023.11:g.(?_31595570)_(31774202_?)del,,variant
MONARCH:APO_0000149APO_0000002,protein/peptide accumulation:abnormal,,phenotype
HP:0002395,Lower limb hyperreflexia,,phenotype
EFO:0004329,alcohol drinking,,phenotype
ZP:0002193,"axon motor neuron decreased branchiness, abnormal",,phenotype
ENSEMBL:ENSOANG00000006522,ENSEMBL:ENSOANG00000006522,,gene
ClinVarVariant:649626,NC_000023.11:g.(?_31729631)_(31774192_?)del,,variant
FlyBase:FBgn0283681,Tcs3,,gene
WBPhenotype:0001078,cytokinesis defective early emb,,phenotype
FBcv:0000386,long lived,,phenotype
ENSEMBL:ENSMODG00000020370,ENSEMBL:ENSMODG00000020370,,gene
MP:0000343,abnormal response to cardiac infarction,,phenotype
ENSEMBL:ENSCAFG00000024150,ARF6,,gene
MGI:104597,Tnnt2,,gene
ENSEMBL:ENSACAG00000008935,ENSEMBL:ENSACAG00000008935,,gene
HP:0012104,Parietal cortical atrophy,,phenotype
EFO:0006826,trans/trans-18:2 fatty acid measurement,,phenotype
HP:0003003,Colon cancer,,phenotype
ENSEMBL:ENSMMUG00000022301,ENSEMBL:ENSMMUG00000022301,,gene
WBPhenotype:0001908,ventral closure defective,,phenotype
WBPhenotype:0002256,selenium response variant,,phenotype
MP:0004047,abnormal milk composition,,phenotype
ZP:0137781,"myotome decreased occurrence cell adhesion, abnormal",,phenotype
MP:0005623,abnormal meninges morphology,,phenotype
WBPhenotype:0002057,Bacillus thuringiensis toxin hypersensitive,,phenotype
HP:0000093,Proteinuria,,phenotype
MP:0008495,decreased IgG1 level,,phenotype
ENSEMBL:ENSOANG00000038513,ENSEMBL:ENSOANG00000038513,,gene
HP:0009004,Hypoplasia of the musculature,,phenotype
ZFIN:ZDB-GENE-070501-1,dysf,,gene
ZP:0002176,"heart contractility, abnormal",,phenotype
WBPhenotype:0001175,high incidence male progeny,,phenotype
ENSEMBL:ENSMMUG00000001479,ENSEMBL:ENSMMUG00000001479,,gene
ZP:0001773,"retina degenerate, abnormal",,phenotype
ZP:0000241,"muscle trunk refractivity, abnormal",,phenotype
ZP:0019923,"atrioventricular valve closure, abnormal",,phenotype
ENSEMBL:ENSCAFG00000002001,ENSEMBL:ENSCAFG00000002001,,gene
ZP:0001550,"cell migration involved in gastrulation decreased rate, abnormal",,phenotype
RGD:1307207,Lama1,,gene
MP:0001932,abnormal spermiogenesis,,phenotype
Coriell:GM05170,NIGMS-GM05170,,biological artifact
RGD:2245,Cacna1c,,gene
ENSEMBL:ENSCAFG00000009033,ENSEMBL:ENSCAFG00000009033,,gene
ENSEMBL:ENSPTRG00000022320,ENSEMBL:ENSPTRG00000022320,,gene
ENSEMBL:ENSSSCG00000024061,TNNI1,,gene
1942,nisoldipine,,drug
MGI:1330233,Tcap,,gene
dbSNP:rs17567824,rs17567824-?,,variant
HP:0012757,Abnormal neuron morphology,,phenotype
ClinVarVariant:526175,NC_000023.10:g.(?_31838072)_(31983146_?)dup,,variant
MP:0013279,increased fasting circulating glucose level,,phenotype
MGI:1918346,Sntg1,,gene
WormBase:WBGene00000302,cav-2,,gene
ClinVarVariant:658973,NC_000023.11:g.(?_31929586)_(31929755_?)del,,variant
HP:0030680,Abnormality of cardiovascular system morphology,,phenotype
ZP:0000049,"surface structure quality, abnormal",,phenotype
FBcv:0000385,short lived,,phenotype
MP:0005376,homeostasis/metabolism phenotype,,phenotype
ZP:0007742,"nucleus skeletal muscle cell increased diameter, abnormal",,phenotype
HP:0005266,Intestinal polyp,,phenotype
832,dexfenfluramine,,drug
MP:0008414,abnormal spatial reference memory,,phenotype
ENSEMBL:ENSCAFG00000012851,ENSEMBL:ENSCAFG00000012851,,gene
MGI:101771,Sntb2,,gene
MP:0000462,abnormal digestive system morphology,,phenotype
ZP:0003252,"heart contraction decreased process quality, abnormal",,phenotype
ClinVarVariant:217171,NM_004006.2(DMD):c.10133del (p.Asn3378fs),,variant
ENSEMBL:ENSMODG00000019067,ENSEMBL:ENSMODG00000019067,,gene
1689,mepenzolate,,drug
ClinVarVariant:650214,NM_004006.2(DMD):c.9094G>T (p.Glu3032Ter),,variant
dictyBase:DDB_G0280975,racE,,gene
ENSEMBL:ENSOANG00000048480,ENSEMBL:ENSOANG00000048480,,gene
ZP:0000688,"cardiac muscle cell decreased amount, abnormal",,phenotype
MP:0011100,"preweaning lethality, complete penetrance",,phenotype
Xenbase:XB-GENE-1008690,sptbn2,,gene
HP:0003273,Hip contracture,,phenotype
ZP:0100376,"whole organism dorsalized, abnormal",,phenotype
ZP:0138564,"bulbus arteriosus lacks all parts of type ventriculo bulbo valve, abnormal",,phenotype
MP:0003686,abnormal eye muscle morphology,,phenotype
ENSEMBL:ENSOANG00000042276,ENSEMBL:ENSOANG00000042276,,gene
MP:0002702,decreased circulating free fatty acids level,,phenotype
ClinVarVariant:943312,NM_004006.3(DMD):c.2440G>T (p.Glu814Ter),,variant
ENSEMBL:ENSBTAG00000051965,KCNJ4,,gene
MP:0002654,spongiform encephalopathy,,phenotype
MP:0010639,abnormal tumor pathology,,phenotype
MP:0010950,abnormal lung hysteresivity,,phenotype
MP:0002792,abnormal retinal vasculature morphology,,phenotype
ZP:0003020,"myotome decreased thickness, abnormal",,phenotype
ENSEMBL:ENSSSCG00000013627,ENSEMBL:ENSSSCG00000013627,,gene
ENSEMBL:ENSECAG00000017410,ENSEMBL:ENSECAG00000017410,,gene
HP:0100494,Abnormal mast cell morphology,,phenotype
ClinVarVariant:803863,NM_004006.3(DMD):c.5255T>G (p.Leu1752Ter),,variant
MP:0008106,decreased amacrine cell number,,phenotype
MONARCH:APO_0000126APO_0000002,nuclear import:abnormal,,phenotype
ENSEMBL:ENSMMUG00000002630,ENSEMBL:ENSMMUG00000002630,,gene
FBcv:0000371,male semi-sterile,,phenotype
ZP:0006880,"ventricular system edematous, abnormal",,phenotype
WBPhenotype:0001595,somatic transgene silencing variant,,phenotype
ENSEMBL:ENSPTRG00000022217,ENSEMBL:ENSPTRG00000022217,,gene
ENSEMBL:ENSMMUG00000056199,ENSEMBL:ENSMMUG00000056199,,gene
2737,tridihexethyl,,drug
ClinVarVariant:984682,NM_004006.3(DMD):c.4675-1G>A,,variant
ZP:0007282,"blood vessel endothelial cell cranial vasculature morphology, abnormal",,phenotype
HP:0031826,Abnormal reflex,,phenotype
EFO:0010094,grapefruit juice consumption measurement,,phenotype
ZP:0002450,"intrahepatic bile duct decreased amount, abnormal",,phenotype
ENSEMBL:ENSBTAG00000007617,TERF2,,gene
ENSEMBL:ENSECAG00000017459,ENSEMBL:ENSECAG00000017459,,gene
HP:0006274,Reduced pancreatic beta cells,,phenotype
ClinVarVariant:526083,NM_004006.2(DMD):c.5602A>T (p.Arg1868Ter),,variant
ZFIN:ZDB-GENE-030131-5509,cavin1b,,gene
ClinVarVariant:845533,NM_004006.3(DMD):c.6290+2T>A,,variant
FBcv:0000431,abnormal meiotic cell cycle,,phenotype
MP:0011201,abnormal visceral yolk sac cavity morphology,,phenotype
ZP:0020992,"microtubule polymerization decreased rate, abnormal",,phenotype
3514,quercetin,,drug
MP:0030566,abnormal A band morphology,,phenotype
ClinVarVariant:526140,NC_000023.11:g.(?_31679355)_(31968534_?)del,,variant
ClinVarVariant:455845,NC_000023.11:g.(?_32823275)_(32823850_?)del,,variant
WormBase:WBGene00003704,nhr-114,,gene
ClinVarVariant:832364,NC_000023.11:g.(?_31121823)_(32849830_?)del,,variant
MP:0004756,abnormal proximal convoluted tubule morphology,,phenotype
HP:0001562,Oligohydramnios,,phenotype
HGNC:11874,TMOD4,,gene
ENSEMBL:ENSECAG00000021886,ENSEMBL:ENSECAG00000021886,,gene
ZP:0138062,"swimming decreased spatial extent of a process, abnormal",,phenotype
ZP:0008067,"myotome dystrophic, abnormal",,phenotype
RGD:1311525,Nup93,,gene
MP:0004936,impaired branching involved in ureteric bud morphogenesis,,phenotype
dictyBase:DDB_G0276967,racF2,,gene
ClinVarVariant:11221,NM_004010.3(DMD):c.-117C>T,,variant
WBPhenotype:0000421,levamisole resistant,,phenotype
ZP:0011404,"skeletal muscle myofibril myotome malformed, abnormal",,phenotype
WBPhenotype:0001948,diakinesis progression during oogenesis variant,,phenotype
MP:0013292,embryonic lethality prior to organogenesis,,phenotype
MP:0030265,parietal bossing,,phenotype
APO:0000112,inviable,,phenotype
MONARCH:APO_0000159APO_0000003,biofilm formation:decreased,,phenotype
ClinVarVariant:803798,NM_004006.3(DMD):c.9730del (p.Ile3244fs),,variant
ZP:0017046,"caudal vein plexus has fewer parts of type endothelial cell, abnormal",,phenotype
ZFIN:ZDB-GENE-030113-2,ttn.2,,gene
ZP:0017688,"cell atrium spatial pattern, abnormal",,phenotype
ENSEMBL:ENSMODG00000005003,ENSEMBL:ENSMODG00000005003,,gene
HP:0006771,Duodenal adenocarcinoma,,phenotype
ZP:0021028,"endothelial cell endocardium increased amount, abnormal",,phenotype
607,chloroquine,,drug
MP:0000822,abnormal brain ventricle morphology,,phenotype
MP:0003642,absent seminal vesicle,,phenotype
ZP:0000734,"intersegmental vessel structure, cavities, abnormal",,phenotype
HP:0002624,Abnormal venous morphology,,phenotype
ZP:0101686,"neuron hypothalamus irregular spatial pattern, abnormal",,phenotype
ClinVarVariant:803949,NM_004006.3(DMD):c.444del (p.Arg149fs),,variant
WBPhenotype:0001130,cytokinesis fails early emb,,phenotype
MP:0004613,fusion of vertebral arches,,phenotype
Xenbase:XB-GENE-5871494,traf3ip1,,gene
MP:0005592,abnormal vascular smooth muscle morphology,,phenotype
ZP:0001609,"head morphology, abnormal",,phenotype
ZP:0005885,"apical ectodermal ridge pectoral fin bud physical object quality, abnormal",,phenotype
MP:0011086,"postnatal lethality, incomplete penetrance",,phenotype
ClinVarVariant:409918,NM_004006.2(DMD):c.1061G>A (p.Trp354Ter),,variant
ENSEMBL:ENSPTRG00000003166,ENSEMBL:ENSPTRG00000003166,,gene
ClinVarVariant:217219,NM_004006.2(DMD):c.9551dup (p.Asn3184fs),,variant
FlyBase:FBgn0026064,KP78a,,gene
ZP:0000111,"somite fused with somite, abnormal",,phenotype
ClinVarVariant:217202,NM_000109.4(DMD):c.5326G>T (p.Glu1776Ter),,variant
HP:0011873,Abnormal platelet count,,phenotype
ZP:0019065,"skeletal muscle cell structure, abnormal",,phenotype
MP:0004324,vestibular hair cell degeneration,,phenotype
FBcv:0000440,chemical sensitive,,phenotype
WormBase:WBGene00016570,gnrr-4,,gene
ENSEMBL:ENSGALG00000037784,DAG1,,gene
MP:0005169,abnormal male meiosis,,phenotype
FlyBase:FBgn0250788,beta-Spec,,gene
MONARCH:APO_0000025APO_0000003,axial budding pattern:decreased,,phenotype
ZP:0005673,"lateral dorsal aorta morphology, abnormal",,phenotype
OMIM:300377.0030,"DMD, 1-BP INS, 402A",,variant
ENSEMBL:ENSOANG00000040599,ENSEMBL:ENSOANG00000040599,,gene
WBPhenotype:0001720,spermatozoa retro location defective,,phenotype
MP:0011396,abnormal sleep behavior,,phenotype
ZP:0001392,"somite border U-shaped, abnormal",,phenotype
P04925,Major prion protein,,gene product
WBPhenotype:0001034,pronuclear nuclear appearance defective early emb,,phenotype
ENSEMBL:ENSFCAG00000015569,ENSEMBL:ENSFCAG00000015569,,gene
ZP:0000438,"somite border shape, abnormal",,phenotype
ZP:0000702,"heart contraction absent, abnormal",,phenotype
WBPhenotype:0001339,egg laying levamisole resistant,,phenotype
ZFIN:ZDB-GENE-070410-135,zgc:163073,,gene
MP:0004566,myocardial fiber degeneration,,phenotype
ZP:0000709,"blood accumulation blood vasculature, abnormal",,phenotype
HP:0000629,Periorbital fullness,,phenotype
ZFIN:ZDB-GENE-091106-2,tnnt2b,,gene
MP:0006042,increased apoptosis,,phenotype
MP:0003078,aphakia,,phenotype
ENSEMBL:ENSECAG00000018984,ENSEMBL:ENSECAG00000018984,,gene
1379,homatropine,,drug
MONARCH:APO_0000075APO_0000003,endocytosis:decreased,,phenotype
MP:0004633,abnormal cochlear IHC efferent innervation pattern,,phenotype
ENSEMBL:ENSGALG00000042257,ENSEMBL:ENSGALG00000042257,,gene
FlyBase:FBgn0267348,LanB2,,gene
WBPhenotype:0000760,spindle orientation defective early emb,,phenotype
ENSEMBL:ENSMODG00000017210,ENSEMBL:ENSMODG00000017210,,gene
313,diphenidol,,drug
MP:0005032,abnormal ectoplacental cone morphology,,phenotype
OMIM:300377.0056,"DMD, 17-BP DEL, NT6982",,variant
MP:0003420,delayed intramembranous bone ossification,,phenotype
ENSEMBL:ENSFCAG00000002429,ENSEMBL:ENSFCAG00000002429,,gene
ZP:0008600,"microtubule cytoskeleton organization disrupted, abnormal",,phenotype
ENSEMBL:ENSCAFG00000015977,ENSEMBL:ENSCAFG00000015977,,gene
MP:0010210,abnormal circulating cytokine level,,phenotype
MGI:1329005,Slfn3,,gene
ZP:0008029,"ventricular myocardium decreased size, abnormal",,phenotype
ENSEMBL:ENSPTRG00000042231,ENSEMBL:ENSPTRG00000042231,,gene
WBPhenotype:0001474,pyrazine chemotaxis variant,,phenotype
ENSEMBL:ENSACAG00000003562,ENSEMBL:ENSACAG00000003562,,gene
MESH:D000077185,Resveratrol,,drug
ENSEMBL:ENSECAG00000020148,ENSEMBL:ENSECAG00000020148,,gene
ENSEMBL:ENSMODG00000017422,ENSEMBL:ENSMODG00000017422,,gene
ENSEMBL:ENSFCAG00000023164,ENSEMBL:ENSFCAG00000023164,,gene
MP:0000242,impaired fertilization,,phenotype
663,citalopram,,drug
ENSEMBL:ENSOANG00000007716,ENSEMBL:ENSOANG00000007716,,gene
MP:0004220,abnormal peripheral nervous system regeneration,,phenotype
ZP:0008034,"contractile fiber skeletal muscle decreased size, abnormal",,phenotype
ZP:0000022,"hematopoietic stem cell decreased amount, abnormal",,phenotype
MP:0010869,decreased bone trabecula number,,phenotype
92,adenosine phosphate,,drug
MP:0004563,absent active-zone-anchored inner hair cell synaptic ribbon,,phenotype
ENSEMBL:ENSCAFG00000014112,ENSEMBL:ENSCAFG00000014112,,gene
MGI:1922909,Wdr54,,gene
ENSEMBL:ENSACAG00000008061,ENSEMBL:ENSACAG00000008061,,gene
MP:0001706,abnormal left-right axis patterning,,phenotype
ENSEMBL:ENSMMUG00000017534,ENSEMBL:ENSMMUG00000017534,,gene
ClinVarVariant:455893,NM_004006.2(DMD):c.3432+2036A>G,,variant
MP:0000533,kidney hemorrhage,,phenotype
ZP:0002960,"caudal fin kinked, abnormal",,phenotype
HP:0011805,Abnormal skeletal muscle morphology,,phenotype
ENSEMBL:ENSGALG00000000585,MYL4,,gene
ClinVarVariant:949535,NM_004006.3(DMD):c.9868C>T (p.Gln3290Ter),,variant
ENSEMBL:ENSMMUG00000020823,ENSEMBL:ENSMMUG00000020823,,gene
Xenbase:XB-GENE-1007923,lama5,,gene
HGNC:7549,MYBPC1,,gene
MP:0002416,abnormal proerythroblast morphology,,phenotype
WBPhenotype:0001469,butanone chemotaxis variant,,phenotype
HGNC:11949,TNNT2,,gene
MP:0002573,behavioral despair,,phenotype
HP:0000696,Delayed eruption of permanent teeth,,phenotype
ENSEMBL:ENSCAFG00000008524,MYL2,,gene
GO:0002162,dystroglycan binding,,molecular function
ZP:0100170,"sarcomere trunk musculature decreased length, abnormal",,phenotype
ENSEMBL:ENSGALG00000009069,CAPN14,,gene
ClinVarVariant:803868,NM_004006.3(DMD):c.4693C>T (p.Gln1565Ter),,variant
ENSEMBL:ENSECAG00000020967,ENSEMBL:ENSECAG00000020967,,gene
ENSEMBL:ENSCAFG00000012447,TRAF3IP1,,gene
MGI:5688354,Dmd<mdx>/Dmd<mdx> [D2.B10-Dmd<mdx>],,genotype
ZP:0005497,"atrium decreased strength, abnormal",,phenotype
ENSEMBL:ENSECAG00000009456,ENSEMBL:ENSECAG00000009456,,gene
MP:0009936,abnormal dendritic spine morphology,,phenotype
FlyBase:FBgn0052369,CG32369,,gene
WBPhenotype:0002094,RAB-11 recycling endosome morphology variant,,phenotype
ENSEMBL:ENSOANG00000045085,ENSEMBL:ENSOANG00000045085,,gene
ENSEMBL:ENSACAG00000014472,ENSEMBL:ENSACAG00000014472,,gene
MP:0000381,enlarged hair follicles,,phenotype
HP:0005207,Gastric hypertrophy,,phenotype
HP:0002121,Generalized non-motor (absence) seizure,,phenotype
Coriell:GM05162,NIGMS-GM05162,,biological artifact
RGD:2810,Hnf4a,,gene
ZFIN:ZDB-GENE-040801-151,wdr54,,gene
ClinVarVariant:420583,NM_004006.2(DMD):c.8390+1G>A,,variant
ZP:0102146,"notochord inner cell malformed, abnormal",,phenotype
ClinVarVariant:655764,NC_000023.11:g.(?_31314406)_(31364153_?)del,,variant
FlyBase:FBgn0004914,Hnf4,,gene
WBPhenotype:0000112,protein expression variant,,phenotype
MP:0000259,abnormal vascular development,,phenotype
HP:0003089,Hamstring contractures,,phenotype
ClinVarVariant:409937,NM_004006.2(DMD):c.6118-1G>A,,variant
FlyBase:FBgn0250789,alpha-Spec,,gene
FlyBase:FBgn0014380,RhoL,,gene
MP:0004215,abnormal myocardial fiber physiology,,phenotype
ZP:0002072,"retina decreased thickness, abnormal",,phenotype
ZFIN:ZDB-GENE-081031-95,tns3.2,,gene
ZP:0000463,"heart contraction arrested, abnormal",,phenotype
SGD:S000005274,RPD3,,gene
FlyBase:FBgn0033739,Dyb,,gene
ENSEMBL:ENSCAFG00000009088,NUP93,,gene
ENSEMBL:ENSSSCG00000035318,NUP58,,gene
ENSEMBL:ENSPTRG00000019411,ENSEMBL:ENSPTRG00000019411,,gene
ENSEMBL:ENSFCAG00000001173,ENSEMBL:ENSFCAG00000001173,,gene
ClinVarVariant:217183,NM_004006.2(DMD):c.2368C>T (p.Gln790Ter),,variant
ENSEMBL:ENSBTAG00000006189,ENSEMBL:ENSBTAG00000006189,,gene
5406,oliceridine,,drug
WormBase:WBGene00000070,acy-3,,gene
RGD:620624,Arhgef7,,gene
ClinVarVariant:983946,NM_004006.3(DMD):c.4342C>T (p.Gln1448Ter),,variant
ZP:0008061,"retinal ganglion cell poorly differentiated, abnormal",,phenotype
HP:0000098,Tall stature,,phenotype
EFO:0004875,mathematical ability,,phenotype
ClinVarVariant:94526,NM_004006.2(DMD):c.2622+1G>A,,variant
HP:0009778,Short thumb,,phenotype
WBPhenotype:0000019,pharyngeal pumping reduced,,phenotype
MGI:97297,Nedd4,,gene
ENSEMBL:ENSPTRG00000002144,ENSEMBL:ENSPTRG00000002144,,gene
HP:0000444,Convex nasal ridge,,phenotype
HGNC:44102,SLC8A1-AS1,,gene
ClinVarVariant:803889,NM_004006.3(DMD):c.3603+2_3603+3insTA,,variant
HP:0000641,Dysmetric saccades,,phenotype
ClinVarVariant:803849,NM_004006.3(DMD):c.6407G>A (p.Trp2136Ter),,variant
MP:0011092,"embryonic lethality, complete penetrance",,phenotype
MP:0003412,abnormal afterhyperpolarization,,phenotype
HP:0003752,Episodic flaccid weakness,,phenotype
HP:0007371,Corpus callosum atrophy,,phenotype
ENSEMBL:ENSOANG00000004542,ENSEMBL:ENSOANG00000004542,,gene
ENSEMBL:ENSOANG00000001503,ENSEMBL:ENSOANG00000001503,,gene
ENSEMBL:ENSPTRG00000004101,ENSEMBL:ENSPTRG00000004101,,gene
HP:0001272,Cerebellar atrophy,,phenotype
RGD:3138,Myh3,,gene
EFO:0005654,velocity of sound measurement,,phenotype
ZP:0000586,"anterior-posterior axis whole organism decreased length, abnormal",,phenotype
ENSEMBL:ENSFCAG00000033157,ENSEMBL:ENSFCAG00000033157,,gene
ZP:0001589,"embryo development disrupted, abnormal",,phenotype
ClinVarVariant:417495,NC_000023.10:g.(?_32481556)_(32509635_?)dup,,variant
ZP:0006997,"skeletal muscle morphology, abnormal",,phenotype
WormBase:WBGene00015705,nhr-152,,gene
ZFIN:ZDB-GENE-991019-9,tmod4,,gene
HP:0002570,Steatorrhea,,phenotype
dictyBase:DDB_G0270488,DDB0201696,,gene
ZP:0018620,"cell projection microglial cell increased amount, abnormal",,phenotype
HP:0410067,Increased level of L-fucose in urine,,phenotype
ENSEMBL:ENSOANG00000041983,ENSEMBL:ENSOANG00000041983,,gene
MP:0010012,ectopic cerebral cortex pyramidal cells,,phenotype
HP:0012037,Pectoralis amyotrophy,,phenotype
MP:0005608,cardiac interstitial fibrosis,,phenotype
Xenbase:XB-GENE-6046302,tpm3,,gene
FBcv:0000403,abnormal chemosensitive behavior,,phenotype
HGNC:26272,LRRC8E,,gene
MP:0004841,abnormal small intestine crypts of Lieberkuhn morphology,,phenotype
ENSEMBL:ENSMMUG00000007176,ENSEMBL:ENSMMUG00000007176,,gene
MONARCH:APO_0000095APO_0000002,chemical compound accumulation:abnormal,,phenotype
ZP:0014292,"muscle cell undulate, abnormal",,phenotype
ENSEMBL:ENSSSCG00000002277,SPTB,,gene
ENSEMBL:ENSFCAG00000022854,ENSEMBL:ENSFCAG00000022854,,gene
ZP:0003071,"A band skeletal muscle cell disorganized, abnormal",,phenotype
RGD:1306565,Map3k5,,gene
RGD:1307969,Pgm5,,gene
MP:0008705,increased interleukin-6 secretion,,phenotype
HP:0002245,Meckel diverticulum,,phenotype
FBcv:0000393,abnormal pain response,,phenotype
MP:0000619,salivary gland epithelial hyperplasia,,phenotype
MP:0001286,abnormal eye development,,phenotype
MONARCH:APO_0000091APO_0000003,starvation resistance:decreased,,phenotype
HGNC:6494,LAMC3,,gene
ZP:0010960,"sarcomere caudal fin musculature disorganized, abnormal",,phenotype
Xenbase:XB-GENE-1015769,dag1,,gene
ZP:0020983,"trabecular layer cardiac ventricle absent, abnormal",,phenotype
ZP:0106121,"I band cardiac ventricle absent, abnormal",,phenotype
MP:0002574,increased vertical activity,,phenotype
dictyBase:DDB_G0289811,act10,,gene
ZP:0100169,"sarcomere trunk musculature increased diameter, abnormal",,phenotype
EFO:0007989,monocyte percentage of leukocytes,,phenotype
MP:0020344,abnormal susceptibility to injury induced morbidity/mortality,,phenotype
ENSEMBL:ENSOANG00000038195,ENSEMBL:ENSOANG00000038195,,gene
ENSEMBL:ENSSSCG00000000263,TNS2,,gene
MP:0002691,small stomach,,phenotype
ZP:0002926,"lateral plate mesoderm bilateral symmetry, abnormal",,phenotype
MP:0009428,decreased tibialis anterior weight,,phenotype
WBPhenotype:0002166,muscle membrane potential variant,,phenotype
ENSEMBL:ENSOANG00000043701,ENSEMBL:ENSOANG00000043701,,gene
MP:0010580,decreased heart left ventricle size,,phenotype
ZP:0000625,"notochord structure, abnormal",,phenotype
PomBase:SPBC15D4.01c,klp9,,gene
ClinVarVariant:597052,NM_004006.3(DMD):c.5697dup (p.Leu1900fs),,variant
HP:0100706,Abnormal oligodendroglia morphology,,phenotype
ClinVarVariant:851300,NM_004006.3(DMD):c.832-2A>C,,variant
MP:0000936,small embryonic telencephalon,,phenotype
ENSEMBL:ENSMMUG00000003275,ENSEMBL:ENSMMUG00000003275,,gene
WBPhenotype:0001585,asymmetric cell division variant,,phenotype
MP:0000422,delayed hair appearance,,phenotype
ZFIN:ZDB-GENE-070705-74,myhz1.3,,gene
ENSEMBL:ENSMMUG00000004581,ENSEMBL:ENSMMUG00000004581,,gene
MP:0003641,small lung,,phenotype
ENSEMBL:ENSCAFG00000045893,A0A5F4CLI3,,gene
WBPhenotype:0002344,backing decreased,,phenotype
ENSEMBL:ENSCAFG00000010241,PXN,,gene
HP:0008417,Vertebral hypoplasia,,phenotype
ClinVarVariant:492824,NM_000109.4(DMD):c.5300_5301delinsGT (p.Lys1767Ser),,variant
ENSEMBL:ENSCAFG00000005849,TBC1D5,,gene
ENSEMBL:ENSSSCG00000034767,LAMA1,,gene
OMIM:300377.0045,"DMD, LYS773GLU",,variant
ENSEMBL:ENSGALG00000029606,MYH1E,,gene
WBPhenotype:0001566,ventral enclosure variant,,phenotype
ENSEMBL:ENSOANG00000005607,ENSEMBL:ENSOANG00000005607,,gene
ZP:0001428,"epiboly involved in gastrulation with mouth forming second disrupted, abnormal",,phenotype
ZP:0008039,"Z disc cardiac muscle cell increased width, abnormal",,phenotype
ClinVarVariant:803903,NM_004006.3(DMD):c.2790_2791AG[1] (p.Glu931fs),,variant
ZP:0003026,"myosin filament fast muscle cell disorganized, abnormal",,phenotype
MONARCH:APO_0000312APO_0000005,cell death:absent,,phenotype
2014,oxatomide,,drug
ZP:0106678,"whole organism decreased occurrence smoothened signaling pathway, abnormal",,phenotype
ENSEMBL:ENSMMUG00000023151,ENSEMBL:ENSMMUG00000023151,,gene
ClinVarVariant:803858,NM_004006.3(DMD):c.5689G>T (p.Glu1897Ter),,variant
HP:0002500,Abnormal cerebral white matter morphology,,phenotype
ENSEMBL:ENSCAFG00000012517,ENSEMBL:ENSCAFG00000012517,,gene
ENSEMBL:ENSMODG00000007005,ENSEMBL:ENSMODG00000007005,,gene
MP:0003732,abnormal retinal outer plexiform layer morphology,,phenotype
ClinVarVariant:832720,NC_000023.11:g.(?_32816458)_(32816650_?)dup,,variant
ClinVarVariant:803906,NM_004006.3(DMD):c.2642C>A (p.Ser881Ter),,variant
HP:0011121,Abnormality of skin morphology,,phenotype
ENSEMBL:ENSACAG00000027678,ENSEMBL:ENSACAG00000027678,,gene
dictyBase:DDB_G0270404,DDB0191032,,gene
ENSEMBL:ENSGALG00000014615,LAMA1,,gene
ClinVarVariant:526061,NM_004006.2(DMD):c.2949+1G>A,,variant
ENSEMBL:ENSMMUG00000020131,ENSEMBL:ENSMMUG00000020131,,gene
ClinVarVariant:830882,NC_000023.11:g.(?_32411742)_(32651077_?)del,,variant
HGNC:11950,TNNT3,,gene
ClinVarVariant:593031,NM_004006.2(DMD):c.1652G>A (p.Trp551Ter),,variant
ENSEMBL:ENSMODG00000024584,ENSEMBL:ENSMODG00000024584,,gene
ZP:0000664,"whole organism movement quality, abnormal",,phenotype
FBcv:0002023,some die during larval stage,,phenotype
dictyBase:DDB_G0285063,DDB_G0285063,,gene
MP:0003055,abnormal long bone epiphyseal plate morphology,,phenotype
MP:0009709,hydrometra,,phenotype
MP:0005167,abnormal blood-brain barrier function,,phenotype
ENSEMBL:ENSECAG00000021754,ENSEMBL:ENSECAG00000021754,,gene
HP:0006485,Agenesis of incisor,,phenotype
HP:0006721,Acute lymphoblastic leukemia,,phenotype
ZP:0009077,"neural tube wholly ventralized, abnormal",,phenotype
ZP:0020137,"skeletal muscle cell decreased thickness, abnormal",,phenotype
ENSEMBL:ENSPTRG00000008281,ENSEMBL:ENSPTRG00000008281,,gene
ZP:0001934,"hatching arrested, abnormal",,phenotype
WBPhenotype:0001041,meiosis defective early emb,,phenotype
PomBase:SPBC36.05c,clr6,,gene
WBPhenotype:0000298,rays displaced,,phenotype
ENSEMBL:ENSCAFG00000012671,TRIM63,,gene
HP:0006579,Prolonged neonatal jaundice,,phenotype
WBPhenotype:0000114,mRNA expression variant,,phenotype
ENSEMBL:ENSMODG00000044323,ENSEMBL:ENSMODG00000044323,,gene
ClinVarVariant:11215,"DMD, 1-BP DEL, 10662T",,variant
ZP:0100971,"hypothalamus increased distribution, abnormal",,phenotype
dictyBase:DDB_G0289489,act18,,gene
MP:0011116,absent Reichert's membrane,,phenotype
ENSEMBL:ENSSSCG00000033010,ENSEMBL:ENSSSCG00000033010,,gene
ClinVarVariant:217189,NM_004006.2(DMD):c.280del (p.Ile94fs),,variant
WBPhenotype:0002507,pathogen infection clearance rate decreased,,phenotype
ZP:0000669,"muscle disorganized, abnormal",,phenotype
ENSEMBL:ENSFCAG00000007640,ENSEMBL:ENSFCAG00000007640,,gene
ENSEMBL:ENSMODG00000012036,ENSEMBL:ENSMODG00000012036,,gene
FlyBase:FBgn0050183,CG30183,,gene
MGI:98385,Spta1,,gene
ZP:0002275,"trunk necrotic, abnormal",,phenotype
MP:0030140,facial muscle atrophy,,phenotype
MP:0012124,increased bronchoconstrictive response,,phenotype
ENSEMBL:ENSMODG00000011179,ENSEMBL:ENSMODG00000011179,,gene
WBPhenotype:0001129,cleavage furrow defective early emb,,phenotype
ENSEMBL:ENSFCAG00000001073,ENSEMBL:ENSFCAG00000001073,,gene
dictyBase:DDB_G0284725,DDB0218629,,gene
ENSEMBL:ENSMMUG00000013475,ENSEMBL:ENSMMUG00000013475,,gene
dictyBase:DDB_G0267512,osgep,,gene
ENSEMBL:ENSGALG00000043642,ENSEMBL:ENSGALG00000043642,,gene
ENSEMBL:ENSGALG00000011136,CAPN9,,gene
MP:0003091,abnormal cell migration,,phenotype
4667,betamethasone phosphate,,drug
ClinVarVariant:981977,NC_000023.11:g.(31507454_31627672)_(31729749_31773959)del,,variant
ClinVarVariant:409890,NM_004006.2(DMD):c.9621T>A (p.Cys3207Ter),,variant
ClinVarVariant:625788,GRCh37/hg19 Xp21.1(chrX:32466518-32928163),,variant
ZP:0002187,"brain vasculature has fewer parts of type central artery, abnormal",,phenotype
ZP:0001052,"mandibular arch skeleton morphology, abnormal",,phenotype
ZP:0008724,"myotome decreased mass, abnormal",,phenotype
ENSEMBL:ENSGALG00000006341,SLC25A48,,gene
OMIA-breed:402,Pembroke Welsh Corgi (dog),,biological artifact
ENSEMBL:ENSACAG00000012344,ENSEMBL:ENSACAG00000012344,,gene
ENSEMBL:ENSECAG00000021305,ENSEMBL:ENSECAG00000021305,,gene
2800,valethamate,,drug
dictyBase:DDB_G0286671,sir2B,,gene
ENSEMBL:ENSSSCG00000024781,CAPN14,,gene
Xenbase:XB-GENE-5969699,XB5969698 [provisional:lamb4],,gene
ClinVarVariant:497488,NM_000109.4(DMD):c.5115del (p.Glu1706fs),,variant
EFO:0006335,systolic blood pressure,,phenotype
FlyBase:FBgn0052683,CG32683,,gene
WormBase:WBGene00008221,nhr-168,,gene
ENSEMBL:ENSFCAG00000046126,ENSEMBL:ENSFCAG00000046126,,gene
ENSEMBL:ENSGALG00000050125,ENSEMBL:ENSGALG00000050125,,gene
ENSEMBL:ENSCAFG00000001085,SLC25A48,,gene
ClinVarVariant:639718,NM_004013.2(DMD):c.-333_-324del,,variant
MP:0009410,abnormal skeletal muscle satellite cell proliferation,,phenotype
ZP:0000984,"axon retinal ganglion cell mislocalised, abnormal",,phenotype
Coriell:GM04327,NIGMS-GM04327,,biological artifact
ENSEMBL:ENSMODG00000014750,ENSEMBL:ENSMODG00000014750,,gene
ZP:0019997,"ventral region whole organism increased amount, abnormal",,phenotype
ClinVarVariant:983947,NM_004006.3(DMD):c.3898G>T (p.Glu1300Ter),,variant
ZP:0000190,"optic fissure closure incomplete, abnormal",,phenotype
ZP:0000069,"axon guidance disrupted, abnormal",,phenotype
176,amiodarone,,drug
RGD:1307766,Gan,,gene
HP:0012312,Monocytopenia,,phenotype
RGD:621765,Tnni1,,gene
MP:0003883,enlarged stomach,,phenotype
dbSNPIndividual:22254,46;X;t(X;5)(Xqter>Xp21.2::5q35.3>5qter; 5pter>5q35.3::Xp21.2>Xpter) [GM05835],,genotype
MGI:1859639,Cacna1f,,gene
ZP:0020291,"intestine decreased amount, abnormal",,phenotype
Coriell:GM04619,NIGMS-GM04619,,biological artifact
ClinVarVariant:640999,NC_000023.11:g.(?_31729621)_(31774202_?)del,,variant
dictyBase:DDB_G0285939,ctnnA,,gene
ZFIN:ZDB-GENE-030131-4486,anln,,gene
HGNC:1736,CDC42,,gene
ENSEMBL:ENSFCAG00000007421,ENSEMBL:ENSFCAG00000007421,,gene
ENSEMBL:ENSMODG00000050983,ENSEMBL:ENSMODG00000050983,,gene
FlyBase:FBgn0041789,Pax,,gene
4728,tenidap,,drug
ENSEMBL:ENSOANG00000007390,ENSEMBL:ENSOANG00000007390,,gene
ZP:0003143,"axon cranial nerve VI decreased length, abnormal",,phenotype
WBPhenotype:0000862,bloated,,phenotype
ENSEMBL:ENSACAG00000025111,ENSEMBL:ENSACAG00000025111,,gene
ENSEMBL:ENSMMUG00000041889,ENSEMBL:ENSMMUG00000041889,,gene
WBPhenotype:0001661,loss of asymmetry AWC,,phenotype
ZP:0003053,"muscle contraction disrupted, abnormal",,phenotype
ENSEMBL:ENSPTRG00000043241,ENSEMBL:ENSPTRG00000043241,,gene
HP:0011068,Odontoma,,phenotype
ClinVarVariant:803867,NM_004006.3(DMD):c.4858_4859GA[1] (p.Glu1620fs),,variant
WormBase:WBGene00000845,cup-4,,gene
WBPhenotype:0000632,axon fasciculation variant,,phenotype
MP:0008008,early cellular replicative senescence,,phenotype
ZP:0000741,"pronephric glomerulus unfused from pronephric glomerulus, abnormal",,phenotype
HGNC:6265,KCNJ4,,gene
EFO:0004462,PR interval,,phenotype
ENSEMBL:ENSMODG00000007497,ENSEMBL:ENSMODG00000007497,,gene
ZP:0000960,"pancreas mislocalised, abnormal",,phenotype
ZFIN:ZDB-GENE-040625-81,tnni4b.2,,gene
ENSEMBL:ENSGALG00000002175,KIF14,,gene
MP:0002741,small olfactory bulb,,phenotype
FlyBase:FBgn0259174,Nedd4,,gene
ENSEMBL:ENSMMUG00000021579,ENSEMBL:ENSMMUG00000021579,,gene
RGD:619976,Hdac2,,gene
ZFIN:ZDB-GENE-040704-13,sntb1,,gene
MP:0013006,abnormal enteric neural crest cell migration,,phenotype
MP:0001655,multifocal hepatic necrosis,,phenotype
492,carbenicillin,,drug
HP:0001663,Ventricular fibrillation,,phenotype
ClinVarVariant:981978,NC_000023.11:g.(32217064_32287528)_(32310277_32342099)del,,variant
WBPhenotype:0000481,negative chemotaxis variant,,phenotype
ENSEMBL:ENSPTRG00000003406,ENSEMBL:ENSPTRG00000003406,,gene
MP:0010540,long stride length,,phenotype
ZP:0001660,"axon extension process quality, abnormal",,phenotype
ENSEMBL:ENSSSCG00000009281,SGCG,,gene
Xenbase:XB-GENE-5770986,slc25a48,,gene
ENSEMBL:ENSBTAG00000005353,ENSEMBL:ENSBTAG00000005353,,gene
ZP:0002972,"muscle cell detached from muscle cell, abnormal",,phenotype
MP:0011400,"lethality, complete penetrance",,phenotype
ZFIN:ZDB-GENE-991123-5,myh7,,gene
WBPhenotype:0001621,organism oxidative stress response hypersensitive,,phenotype
ENSEMBL:ENSFCAG00000004653,ENSEMBL:ENSFCAG00000004653,,gene
ENSEMBL:ENSPTRG00000003912,ENSEMBL:ENSPTRG00000003912,,gene
ClinVarVariant:832439,NC_000023.11:g.(?_31679365)_(31679596_?)del,,variant
ENSEMBL:ENSSSCG00000023357,REST,,gene
ZP:0011631,"renal glomerulus disorganized, abnormal",,phenotype
HP:0001901,Polycythemia,,phenotype
HP:0000980,Pallor,,phenotype
MP:0001722,pale yolk sac,,phenotype
MP:0008916,abnormal astrocyte physiology,,phenotype
EFO:0007993,lymphocyte percentage of leukocytes,,phenotype
P07948,Tyrosine-protein kinase Lyn,,gene product
ZFIN:ZDB-GENE-131017-1,vclb,,gene
ZP:0013137,"cell division process quality, abnormal",,phenotype
HP:0012032,Lipoma,,phenotype
ZP:0021027,"blood vessel heart vasculature disorganized, abnormal",,phenotype
MGI:1857930,Terc<tm1Rdp>,,variant
ZFIN:ZDB-GENE-160113-53,si:dkey-23a13.21,,gene
ENSEMBL:ENSMODG00000002343,ENSEMBL:ENSMODG00000002343,,gene
ClinVarVariant:803809,NM_004006.3(DMD):c.9022C>T (p.Gln3008Ter),,variant
SGD:S000001610,PGM1,,gene
1989,omapatrilat,,drug
WBPhenotype:0000472,endoderm absent,,phenotype
ENSEMBL:ENSMMUG00000040628,ENSEMBL:ENSMMUG00000040628,,gene
MP:0003794,delayed somite formation,,phenotype
MP:0003081,abnormal soleus morphology,,phenotype
ENSEMBL:ENSSSCG00000028228,XPO1,,gene
dictyBase:DDB_G0271092,H3c,,gene
WBPhenotype:0002066,basement membrane gap expansion variant,,phenotype
RGD:69277,Chrna1,,gene
ENSEMBL:ENSMODG00000014859,ENSEMBL:ENSMODG00000014859,,gene
MGI:1333868,Tnnt1,,gene
MP:0006074,abnormal retinal rod bipolar cell morphology,,phenotype
ENSEMBL:ENSGALG00000030587,LOC421441,,gene
MP:0001718,abnormal visceral yolk sac morphology,,phenotype
ENSEMBL:ENSECAG00000018301,ENSEMBL:ENSECAG00000018301,,gene
MP:0004058,abnormal ventricle papillary muscle morphology,,phenotype
HGNC:329,AGRN,,gene
ENSEMBL:ENSBTAG00000012116,ENSEMBL:ENSBTAG00000012116,,gene
GO:0060314,regulation of ryanodine-sensitive calcium-release channel activity,,molecular function
ENSEMBL:ENSECAG00000024694,ENSEMBL:ENSECAG00000024694,,gene
HP:0000053,Macroorchidism,,phenotype
ZP:0001204,"sensory perception of touch disrupted, abnormal",,phenotype
WBPhenotype:0002269,oxygen consumption increased,,phenotype
MP:0011964,increased total retina thickness,,phenotype
WBPhenotype:0000395,no differentiated gametes,,phenotype
MP:0000792,abnormal cortical marginal zone morphology,,phenotype
ZP:0010666,"cardiac muscle cell cardiac ventricle increased size, abnormal",,phenotype
WBPhenotype:0001951,pachytene region organization variant,,phenotype
MP:0020550,multinucleated giant male germ cells,,phenotype
MP:0009409,abnormal skeletal muscle fiber type ratio,,phenotype
2551,tacrine,,drug
MP:0012671,retinal spots,,phenotype
dbSNP:rs74643788,rs74643788-?,,variant
MP:0008837,increased transforming growth factor beta level,,phenotype
HGNC:11728,TERF1,,gene
ZFIN:ZDB-GENE-141212-266,si:ch211-69b7.6,,gene
MP:0003858,enhanced coordination,,phenotype
MP:0001711,abnormal placenta morphology,,phenotype
ClinVarVariant:576087,NM_004006.2(DMD):c.9224+1G>A,,variant
ZP:0020133,"vertical myoseptum increased amount, abnormal",,phenotype
ClinVarVariant:439617,NM_000109.4(DMD):c.2461C>T (p.Gln821Ter),,variant
OMIM:300377.0059,"DMD, IVS47, G-A, +1, EX48DEL",,variant
HP:0011098,Speech apraxia,,phenotype
ClinVarVariant:94705,NM_000109.4(DMD):c.6365_6366CA[1] (p.Gln2123fs),,variant
GO:0045211,postsynaptic membrane,,molecular function
MGI:109128,Hnf4a,,gene
dictyBase:DDB_G0275169,DDB0167455,,gene
ZFIN:ZDB-GENE-040426-2814,capn1,,gene
MP:0006262,increased testis tumor incidence,,phenotype
ZFIN:ZDB-GENE-110411-137,capn10,,gene
ClinVarVariant:803893,NM_004006.3(DMD):c.3460G>T (p.Gly1154Ter),,variant
ClinVarVariant:583963,NC_000023.11:g.(?_32438221)_(32849840_?)del,,variant
GO:0007517,muscle organ development,,molecular function
ZP:0004691,"extension hypoplastic, abnormal",,phenotype
ZFIN:ZDB-GENE-090422-1,apc2,,gene
ENSEMBL:ENSSSCG00000024784,CACNA1S,,gene
MGI:1203728,Dtnb,,gene
ZFIN:ZDB-GENE-980605-23,ptpn1,,gene
WBPhenotype:0000701,epithelial development variant,,phenotype
HP:0004756,Ventricular tachycardia,,phenotype
Xenbase:XB-GENE-493909,actn1,,gene
ZP:0004696,"pectoral fin edematous, abnormal",,phenotype
dbSNP:rs72737007,rs72737007-?,,variant
EFO:0005318,axial length measurement,,phenotype
624,chlortetracycline,,drug
MP:0001014,absent superior cervical ganglion,,phenotype
ZP:0001506,"whole organism refractivity, abnormal",,phenotype
ZP:0009298,"whole organism lacks parts or has fewer parts of type motor nucleus of vagal nerve, abnormal",,phenotype
ClinVarVariant:940246,NM_004006.3(DMD):c.183dup (p.Leu62fs),,variant
ZFIN:ZDB-GENE-980526-221,desma,,gene
ZP:0020598,"primary motor neuron increased amount, abnormal",,phenotype
ZP:0005812,"anterior-posterior axis whole organism curled, abnormal",,phenotype
ENSEMBL:ENSFCAG00000026385,ENSEMBL:ENSFCAG00000026385,,gene
MP:0011706,abnormal fibroblast migration,,phenotype
HP:0030736,Sacrococcygeal teratoma,,phenotype
WBPhenotype:0000119,protein expression increased,,phenotype
ZP:0000048,"retina morphology, abnormal",,phenotype
ZP:0006041,"heart looping decreased process quality, abnormal",,phenotype
ZFIN:ZDB-GENE-050419-245,capn12,,gene
MONARCH:APO_0000317APO_0000117,replicative lifespan:normal,,phenotype
ZFIN:ZDB-GENE-030520-1,tnnt2c,,gene
ENSEMBL:ENSBTAG00000010026,ENSEMBL:ENSBTAG00000010026,,gene
ClinVarVariant:282841,NM_004006.2(DMD):c.10477C>T (p.Gln3493Ter),,variant
ZP:0003076,"myofibril cardiac muscle cell decreased amount, abnormal",,phenotype
HP:0002378,Hand tremor,,phenotype
ZP:0102122,"notochord outer sheath cell increased amount, abnormal",,phenotype
MP:0002145,abnormal T cell differentiation,,phenotype
MP:0003417,premature endochondral bone ossification,,phenotype
RGD:1311979,Lrrc8e,,gene
WBPhenotype:0000137,mRNA levels reduced,,phenotype
WBPhenotype:0000073,tail morphology variant,,phenotype
EFO:0007992,basophil percentage of leukocytes,,phenotype
dictyBase:DDB_G0267402,H3a,,gene
ClinVarVariant:217194,NM_004006.2(DMD):c.3433-5_3434del,,variant
MP:0000932,absent notochord,,phenotype
MP:0014226,abnormal alveolar macrophage physiology,,phenotype
ZP:0009599,"muscle cell increased permeability, abnormal",,phenotype
HP:0005293,Venous insufficiency,,phenotype
ZP:0021865,"aggressive behavior decreased occurrence, abnormal",,phenotype
Xenbase:XB-GENE-5770563,capn10,,gene
ENSEMBL:ENSECAG00000025060,ENSEMBL:ENSECAG00000025060,,gene
MP:0004076,abnormal vitelline vascular remodeling,,phenotype
ClinVarVariant:832975,NC_000023.11:g.(?_32472154)_(32472319_?)dup,,variant
ClinVarVariant:11262,"DMD, 17-BP DEL, NT6982",,variant
HP:0011018,Abnormality of the cell cycle,,phenotype
ENSEMBL:ENSECAG00000023585,ENSEMBL:ENSECAG00000023585,,gene
ENSEMBL:ENSPTRG00000003161,ENSEMBL:ENSPTRG00000003161,,gene
ZP:0000987,"retinal ganglion cell displaced to axon telencephalon, abnormal",,phenotype
ClinVarVariant:984218,NM_004006.3(DMD):c.6428G>A (p.Trp2143Ter),,variant
ClinVarVariant:813446,NM_004006.3(DMD):c.5922+1G>T,,variant
ZP:0005125,"swim bladder decreased size, abnormal",,phenotype
MP:0006279,abnormal limb development,,phenotype
HP:0040084,Abnormal circulating renin,,phenotype
ClinVarVariant:803872,NM_004006.3(DMD):c.4536_4540del (p.Val1515_Lys1516insTer),,variant
ENSEMBL:ENSGALG00000031741,ENSEMBL:ENSGALG00000031741,,gene
ENSEMBL:ENSPTRG00000008357,ENSEMBL:ENSPTRG00000008357,,gene
ClinVarVariant:983657,NM_004006.3(DMD):c.5383G>T (p.Glu1795Ter),,variant
ClinVarVariant:217201,NM_004006.2(DMD):c.5131C>T (p.Gln1711Ter),,variant
MP:0010071,abnormal pruritus,,phenotype
XPO:0103371,decreased size of the whole organism,,phenotype
ZP:0005374,"Kupffer's vesicle decreased volume, abnormal",,phenotype
HP:0009701,Metacarpal synostosis,,phenotype
HGNC:1529,CAV3,,gene
MP:0005394,taste/olfaction phenotype,,phenotype
ENSEMBL:ENSECAG00000015727,ENSEMBL:ENSECAG00000015727,,gene
HGNC:11729,TERF2,,gene
MP:0004056,abnormal myocardium compact layer morphology,,phenotype
FlyBase:FBgn0032169,CG4709,,gene
ZP:0002408,"caudal fin curved, abnormal",,phenotype
ZFIN:ZDB-GENE-030131-8783,cdc42,,gene
ENSEMBL:ENSPTRG00000033774,ENSEMBL:ENSPTRG00000033774,,gene
ZP:0000321,"fourth ventricle increased size, abnormal",,phenotype
ZP:0013879,"interrenal gland process quality animal organ morphogenesis, abnormal",,phenotype
HP:0001981,Schistocytosis,,phenotype
HP:0030716,Acrania,,phenotype
ENSEMBL:ENSMODG00000002831,ENSEMBL:ENSMODG00000002831,,gene
ClinVarVariant:584110,NC_000023.11:g.(?_31729611)_(31774212_?)del,,variant
ZP:0007734,"skeletal muscle cell differentiation disrupted, abnormal",,phenotype
ZP:0012202,"skeletal muscle paralysed, abnormal",,phenotype
ENSEMBL:ENSECAG00000019026,ENSEMBL:ENSECAG00000019026,,gene
MGI:97275,Myod1,,gene
Xenbase:XB-GENE-494836,sgce,,gene
ZP:0000588,"central artery decreased length, abnormal",,phenotype
ZP:0002272,"brain necrotic, abnormal",,phenotype
ClinVarVariant:455803,NC_000023.11:g.(?_31627653)_(31968534_?)del,,variant
ClinVarVariant:592600,NM_004006.2(DMD):c.8775G>A (p.Trp2925Ter),,variant
ZP:0100131,"myotome has fewer parts of type skeletal muscle cell skeletal muscle myofibril skeletal muscle cell, abnormal",,phenotype
WBPhenotype:0001171,shortened life span,,phenotype
MP:0011452,decreased susceptibility to dopaminergic neuron neurotoxicity,,phenotype
MP:0000781,decreased corpus callosum size,,phenotype
HP:0000651,Diplopia,,phenotype
WormBase:WBGene00000942,deb-1,,gene
ZP:0002184,"midbrain development disrupted, abnormal",,phenotype
MP:0008730,fused phalanges,,phenotype
Xenbase:XB-GENE-995291,apc2,,gene
ZP:0000860,"cardiac ventricle dilated, abnormal",,phenotype
HP:0000798,Oligospermia,,phenotype
ENSEMBL:ENSCAFG00000018363,ENSEMBL:ENSCAFG00000018363,,gene
MP:0001134,absent corpus luteum,,phenotype
MP:0006298,abnormal platelet activation,,phenotype
ENSEMBL:ENSPTRG00000010945,ENSEMBL:ENSPTRG00000010945,,gene
ClinVarVariant:803961,NM_004006.3(DMD):c.31+5G>A,,variant
ENSEMBL:ENSMMUG00000006715,ENSEMBL:ENSMMUG00000006715,,gene
MP:0020348,decreased olfactory sensory neuron number,,phenotype
ZP:0002973,"skeletal muscle cell detached from vertical myoseptum, abnormal",,phenotype
HP:0007240,Progressive gait ataxia,,phenotype
Xenbase:XB-GENE-22164412,capn8.2,,gene
ENSEMBL:ENSPTRG00000046743,ENSEMBL:ENSPTRG00000046743,,gene
HP:0002323,Anencephaly,,phenotype
ZP:0003038,"head swollen, abnormal",,phenotype
ZFIN:ZDB-GENE-980526-561,myod1,,gene
MP:0003691,abnormal microglial cell physiology,,phenotype
dbSNPIndividual:23082,DMD(7893delC); arr(1-22)x2;(XY)x1 [GM05263],,genotype
MP:0008508,thick retinal ganglion layer,,phenotype
ClinVarVariant:951643,NM_004006.3(DMD):c.9807+2T>G,,variant
MP:0013968,multiple persisting craniopharyngeal ducts,,phenotype
ZP:0001449,"whole organism curved dorsal, abnormal",,phenotype
HP:0008682,Renal tubular epithelial necrosis,,phenotype
FlyBase:FBgn0000120,Arr1,,gene
ClinVarVariant:833379,NC_000023.11:g.(?_32287519)_(32849830_?)dup,,variant
ZP:0009076,"posterior region whole organism morphology, abnormal",,phenotype
ZP:0019068,"skeletal muscle cell decreased size, abnormal",,phenotype
ZP:0006502,"cilium assembly disrupted, abnormal",,phenotype
dbSNP:rs11641605,rs11641605-?,,variant
ClinVarVariant:290909,NM_004006.2(DMD):c.358-1G>A,,variant
ZP:0009477,"response to starvation process quality, abnormal",,phenotype
MP:0013001,abnormal enteric neural crest cell morphology,,phenotype
HP:0002353,EEG abnormality,,phenotype
HP:0002317,Unsteady gait,,phenotype
HP:0000963,Thin skin,,phenotype
WBPhenotype:0000668,endomitotic oocytes,,phenotype
FBcv:0002010,majority die during P-stage,,phenotype
WBPhenotype:0001917,protein acetylation variant,,phenotype
ZFIN:ZDB-GENE-030131-1033,agrn,,gene
ClinVarVariant:803869,NM_004006.3(DMD):c.4682_4685AAAG[1] (p.Arg1562fs),,variant
ZP:0000583,"caudal fin curled, abnormal",,phenotype
WBPhenotype:0001642,cell cleavage variant emb,,phenotype
ZFIN:ZDB-GENE-030131-8007,arf6a,,gene
HP:0000528,Anophthalmia,,phenotype
ZP:0007874,"myofibril cardiac ventricle decreased thickness, abnormal",,phenotype
ClinVarVariant:217185,NM_004006.2(DMD):c.2611A>T (p.Lys871Ter),,variant
RGD:1585877,Kcnu1,,gene
HP:0003002,Breast carcinoma,,phenotype
MP:0009655,abnormal secondary palate development,,phenotype
MP:0001783,decreased white adipose tissue amount,,phenotype
ClinVarVariant:579974,NM_000109.4(DMD):c.1553del (p.Thr518fs),,variant
ZP:0008032,"skeletal muscle lacks parts or has fewer parts of type myofibril slow muscle cell, abnormal",,phenotype
Xenbase:XB-GENE-952025,ptk2,,gene
1712,mesoridazine,,drug
HP:0011034,Amyloidosis,,phenotype
WBPhenotype:0002105,late endosome localization variant,,phenotype
HP:0002901,Hypocalcemia,,phenotype
ZFIN:ZDB-GENE-130530-933,zmp:0000000930,,gene
ZP:0106116,"sarcomere atrium decreased length, abnormal",,phenotype
ENSEMBL:ENSSSCG00000016726,ADCY1,,gene
MP:0000556,abnormal hindlimb morphology,,phenotype
MGI:104897,Rest,,gene
WormBase:WBGene00010776,pix-1,,gene
ClinVarVariant:94839,NM_004006.2(DMD):c.9337C>T (p.Arg3113Ter),,variant
ClinVarVariant:643325,NM_000109.4(DMD):c.2437_2438GA[1] (p.Glu813fs),,variant
MP:0002675,asthenozoospermia,,phenotype
RGD:1306167,Stub1,,gene
HP:0031459,Soft tissue neoplasm,,phenotype
HP:0004971,Pulmonary artery hypoplasia,,phenotype
4359,bosutinib,,drug
ZFIN:ZDB-GENE-050506-61,vcla,,gene
ENSEMBL:ENSBTAG00000006645,ENSEMBL:ENSBTAG00000006645,,gene
MP:0031182,abnormal cerebral blood flow rate,,phenotype
ClinVarVariant:409940,NM_004013.2(DMD):c.-313_-312del,,variant
1797,mibefradil,,drug
PomBase:SPAC22F8.10c,sap145,,gene
ZP:0002805,"thigmotaxis arrested, abnormal",,phenotype
WormBase:WBGene00003726,nhr-136,,gene
HP:0031808,Decreased basophil count,,phenotype
HP:0004768,Sparse anterior scalp hair,,phenotype
ClinVarVariant:803839,NM_004006.3(DMD):c.7098+1G>A,,variant
HP:0030469,Abnormal dark-adapted electroretinogram,,phenotype
ZP:0002212,"thigmotaxis decreased process quality, abnormal",,phenotype
MP:0004501,increased incidence of tumors by UV-induction,,phenotype
MP:0008327,abnormal corticotroph morphology,,phenotype
HGNC:6258,KCNJ12,,gene
ENSEMBL:ENSECAG00000007197,ENSEMBL:ENSECAG00000007197,,gene
MP:0000260,abnormal angiogenesis,,phenotype
ZP:0021037,"blood vessel heart vasculature disconnected, abnormal",,phenotype
ENSEMBL:ENSBTAG00000016525,ENSEMBL:ENSBTAG00000016525,,gene
ZP:0104208,"posterior lateral line delayed myelination in peripheral nervous system, abnormal",,phenotype
ZFIN:ZDB-GENE-130530-619,si:ch211-132f19.7,,gene
5211,apatinib,,drug
ZP:0005107,"muscle misaligned with myofibril myofibril muscle, abnormal",,phenotype
ClinVarVariant:803902,NM_004006.3(DMD):c.2803+5G>C,,variant
HP:0004942,Aortic aneurysm,,phenotype
MP:0000270,abnormal heart tube morphology,,phenotype
RGD:1598796,Myl1,,gene
RGD:1564245,Myl2,,gene
1273,gallamine,,drug
OMIA-breed:311,Irish Terrier (dog),,biological artifact
MP:0000585,kinked tail,,phenotype
SGD:S000004968,FAP1,,gene
EFO:0007997,granulocyte percentage of myeloid white cells,,phenotype
ZP:0001517,"neutrophil skeletal muscle aggregated, abnormal",,phenotype
EFO:0009924,Drugs used in diabetes use measurement,,phenotype
ZP:0001262,"thigmotaxis disrupted, abnormal",,phenotype
866,dicloxacillin,,drug
HP:0007430,Generalized edema,,phenotype
ZFIN:ZDB-GENE-061013-343,lpar6a,,gene
EFO:0004747,protein measurement,,phenotype
MP:0001235,disorganized suprabasal layer,,phenotype
WBPhenotype:0001118,cell position defective early emb,,phenotype
ENSEMBL:ENSFCAG00000010584,ENSEMBL:ENSFCAG00000010584,,gene
MP:0030283,small mandibular coronoid process,,phenotype
ZP:0004698,"anal fin has fewer parts of type lepidotrichium, abnormal",,phenotype
ZP:0104773,"(3,4-dihydroxyphenyl)acetic acid optic tectum decreased amount, abnormal",,phenotype
ClinVarVariant:951722,NM_004006.3(DMD):c.2439del (p.Ile813fs),,variant
HP:0011029,Internal hemorrhage,,phenotype
FlyBase:FBgn0004374,neb,,gene
MP:0004187,cardia bifida,,phenotype
MP:0004011,decreased diastolic filling velocity,,phenotype
WBPhenotype:0002218,arsenite hypersensitive,,phenotype
HP:0003115,Abnormal EKG,,phenotype
MP:0005498,hyporesponsive to tactile stimuli,,phenotype
MGI:1856332,Dmd<mdx-5Cv>,,variant
ZP:0021009,"Z disc somite spatial pattern, abnormal",,phenotype
MP:0008775,abnormal heart ventricle pressure,,phenotype
MP:0004952,increased spleen weight,,phenotype
MP:0000321,increased bone marrow cell number,,phenotype
ENSEMBL:ENSECAG00000010805,ENSEMBL:ENSECAG00000010805,,gene
HP:0000076,Vesicoureteral reflux,,phenotype
ZP:0019801,"neuroectoderm increased distribution, abnormal",,phenotype
ENSEMBL:ENSPTRG00000020858,ENSEMBL:ENSPTRG00000020858,,gene
HP:0001257,Spasticity,,phenotype
ZP:0003009,"notochord hypotrophic, abnormal",,phenotype
MP:0008009,delayed cellular replicative senescence,,phenotype
ENSEMBL:ENSSSCG00000010454,IFIT5,,gene
MP:0009413,skeletal muscle fiber atrophy,,phenotype
2284,promazine,,drug
ENSEMBL:ENSPTRG00000003766,ENSEMBL:ENSPTRG00000003766,,gene
ClinVarVariant:831116,NC_000023.11:g.(?_32626362)_(32849830_?)del,,variant
ENSEMBL:ENSBTAG00000027118,KCNU1,,gene
MGI:2447992,Trim63,,gene
ZFIN:ZDB-GENE-030131-3809,src,,gene
RGD:2281,Cav3,,gene
HP:0002797,Osteolysis,,phenotype
HP:0031807,Increased basophil count,,phenotype
MGI:1354730,Rgs6,,gene
MP:0005598,decreased ventricle muscle contractility,,phenotype
Q92769,Histone deacetylase 2,,gene product
305,bendroflumethiazide,,drug
ClinVarVariant:94472,NM_004006.3(DMD):c.1529_1530del (p.Leu510fs),,variant
ClinVarVariant:833262,NC_000023.11:g.(?_32216906)_(32573856_?)del,,variant
MP:0030428,abnormal scalene muscle morphology,,phenotype
MP:0000746,weakness,,phenotype
ZP:0009304,"axial mesoderm increased width, abnormal",,phenotype
MP:0003243,abnormal dopaminergic neuron morphology,,phenotype
WBPhenotype:0001832,nuclear pore variant,,phenotype
MP:0000031,abnormal cochlea morphology,,phenotype
RGD:62052,Tnni3,,gene
ZP:0000421,"lens structure, abnormal",,phenotype
ZP:0018608,"hindbrain increased occurrence Notch signaling pathway, abnormal",,phenotype
MP:0008911,induced hyperactivity,,phenotype
Xenbase:XB-GENE-1011014,lamb1,,gene
ClinVarVariant:831052,NC_000023.11:g.(?_31478096)_(31774202_?)del,,variant
WormBase:WBGene00015395,nhr-147,,gene
FBcv:0002002,lethal - all die before end of larval stage,,phenotype
ZP:0019070,"mitochondrion skeletal muscle cell dilated, abnormal",,phenotype
MP:0000428,abnormal craniofacial morphology,,phenotype
HP:0002597,Abnormality of the vasculature,,phenotype
FlyBase:FBgn0033260,Cul4,,gene
WBPhenotype:0002289,tail bend angle increased,,phenotype
WBPhenotype:0000531,organism development variant,,phenotype
MP:0005642,decreased mean corpuscular hemoglobin concentration,,phenotype
ENSEMBL:ENSMMUG00000003302,ENSEMBL:ENSMMUG00000003302,,gene
NCBITaxon:9913,Bos taurus,,taxon
ClinVarVariant:833269,NC_000023.11:g.(?_32573520)_(32573856_?)del,,variant
ENSEMBL:ENSPTRG00000020240,ENSEMBL:ENSPTRG00000020240,,gene
MGI:1860493,Arhgef7,,gene
ZP:0005024,"skeletal muscle cell somite disorganized, abnormal",,phenotype
ENSEMBL:ENSOANG00000013792,ENSEMBL:ENSOANG00000013792,,gene
HP:0002913,Myoglobinuria,,phenotype
WBPhenotype:0000509,sperm pseudopod variant,,phenotype
ZFIN:ZDB-GENE-030826-29,pak1,,gene
HP:0011035,Abnormal renal cortex morphology,,phenotype
MP:0011440,increased kidney cell proliferation,,phenotype
NCBIGene:100334126,sgcz,,gene
ZP:0002721,"myofibril skeletal muscle cell disorganized, abnormal",,phenotype
MP:0005449,abnormal food intake,,phenotype
MP:0005399,increased susceptibility to fungal infection,,phenotype
FlyBase:FBgn0013750,Arf51F,,gene
ClinVarVariant:831094,NC_000023.11:g.(?_33174335)_(33211366_?)del,,variant
Xenbase:XB-GENE-5815090,cav3.2,,gene
MP:0006086,decreased body mass index,,phenotype
Xenbase:XB-GENE-494339,actn4,,gene
ENSEMBL:ENSOANG00000014898,ENSEMBL:ENSOANG00000014898,,gene
ENSEMBL:ENSCAFG00000007161,SGCG,,gene
MP:0010399,decreased skeletal muscle glycogen level,,phenotype
MP:0004263,abnormal limb posture,,phenotype
MP:0010821,abnormal visceral pleura morphology,,phenotype
MP:0009584,decreased keratinocyte proliferation,,phenotype
ClinVarVariant:439613,NM_000109.4(DMD):c.8367-2A>G,,variant
GO:0005515,protein binding,,molecular function
ZP:0000753,"cardiac muscle cell electric potential, abnormal",,phenotype
ENSEMBL:ENSPTRG00000016053,ENSEMBL:ENSPTRG00000016053,,gene
ClinVarVariant:833274,NC_000023.11:g.(?_32491267)_(32518150_?)dup,,variant
ENSEMBL:ENSFCAG00000002809,ENSEMBL:ENSFCAG00000002809,,gene
ZP:0000567,"epiboly involved in gastrulation with mouth forming second delayed, abnormal",,phenotype
ENSEMBL:ENSMMUG00000017985,ENSEMBL:ENSMMUG00000017985,,gene
GO:0010880,regulation of release of sequestered calcium ion into cytosol by sarcoplasmic reticulum,,molecular function
MP:0012434,decreased intestinal adenoma incidence,,phenotype
ZP:0004361,"cilium Kupffer's vesicle decreased amount, abnormal",,phenotype
ZP:0008008,"voltage-gated sodium channel complex posterior lateral line nerve decreased amount, abnormal",,phenotype
MGI:99422,Rapsn,,gene
MGI:5439179,Barx2<tm1Rsd>/Barx2<tm1Rsd>; Dmd<mdx>/Dmd<mdx> [involves: 129 * C57BL/6 * C57BL/10ScSn],,genotype
WBPhenotype:0000694,hermaphrodite sterile,,phenotype
ZP:0000743,"central artery physical object quality, abnormal",,phenotype
ZP:0017924,"ventricular system hydrocephalic, abnormal",,phenotype
ENSEMBL:ENSPTRG00000010505,ENSEMBL:ENSPTRG00000010505,,gene
WormBase:WBGene00000063,act-1,,gene
MP:0001382,abnormal nursing,,phenotype
MP:0000763,abnormal filiform papillae morphology,,phenotype
ENSEMBL:ENSECAG00000020281,ENSEMBL:ENSECAG00000020281,,gene
Xenbase:XB-GENE-5842099,ifit5,,gene
ZP:0002192,"cytoskeleton motor neuron disorganized, abnormal",,phenotype
HP:0011682,Perimembranous ventricular septal defect,,phenotype
EFO:0007978,red blood cell density measurement,,phenotype
2745,trihexyphenidyl,,drug
HGNC:2928,DMD,,gene
MP:0001898,abnormal long term depression,,phenotype
WBPhenotype:0002322,forward point velocity increased,,phenotype
ZP:0002995,"hypochord morphology, abnormal",,phenotype
RGD:621052,Lamc1,,gene
Xenbase:XB-GENE-5889689,capn10l,,gene
OMIM:300377.0076,"DMD, ARG3190TER",,variant
MP:0010617,thick mitral valve cusps,,phenotype
HP:0001270,Motor delay,,phenotype
ZFIN:ZDB-GENE-041210-197,lamb1b,,gene
MGI:1921615,Lonrf3,,gene
ENSEMBL:ENSCAFG00000006792,SGCZ,,gene
WBPhenotype:0000900,germ cell morphology variant,,phenotype
MP:0001629,abnormal heart rate,,phenotype
ENSEMBL:ENSFCAG00000024153,ENSEMBL:ENSFCAG00000024153,,gene
ClinVarVariant:975989,NM_004006.3(DMD):c.5530del (p.Arg1844fs),,variant
HP:0002789,Tachypnea,,phenotype
HP:0001671,Abnormal cardiac septum morphology,,phenotype
HGNC:16059,PAK4,,gene
ClinVarVariant:417502,NC_000023.10:g.(?_32841412)_(32841504_?)dup,,variant
HP:0001260,Dysarthria,,phenotype
ZP:0001495,"trunk musculature quality, abnormal",,phenotype
HGNC:8908,PGM5,,gene
ZP:0001629,"notochord development quality, abnormal",,phenotype
MP:0002190,disorganized myocardium,,phenotype
ZP:0000754,"cardiac muscle cell decreased area, abnormal",,phenotype
MP:0003857,abnormal hindlimb zeugopod morphology,,phenotype
ENSEMBL:ENSCAFG00000015873,CACNA1F,,gene
Xenbase:XB-GENE-478629,tnni2,,gene
ZP:0002469,"sinus venosus increased accumulation blood, abnormal",,phenotype
ENSEMBL:ENSBTAG00000015865,ENSEMBL:ENSBTAG00000015865,,gene
ZP:0008723,"vertical myoseptum curved, abnormal",,phenotype
ZP:0006454,"trunk malformed, abnormal",,phenotype
FBcv:0000358,decreased body size,,phenotype
ClinVarVariant:659584,NC_000023.11:g.(?_32491267)_(32849830_?)del,,variant
MP:0001690,failure of somite differentiation,,phenotype
ENSEMBL:ENSXETG00000039685,ENSEMBL:ENSXETG00000039685,,gene
ENSEMBL:ENSCAFG00000005681,ENSEMBL:ENSCAFG00000005681,,gene
ENSEMBL:ENSOANG00000013009,ENSEMBL:ENSOANG00000013009,,gene
ENSEMBL:ENSMMUG00000005618,ENSEMBL:ENSMMUG00000005618,,gene
MP:0020234,decreased basal metabolism,,phenotype
ClinVarVariant:981975,NC_000023.11:g.(31820084_31836717)_(31836820_31875187)del,,variant
ZP:0103305,"primary motor neuron shape, abnormal",,phenotype
MP:0000852,small cerebellum,,phenotype
HGNC:20261,NUP58,,gene
ENSEMBL:ENSACAG00000002295,ENSEMBL:ENSACAG00000002295,,gene
ENSEMBL:ENSSSCG00000012957,ENSEMBL:ENSSSCG00000012957,,gene
HP:0003075,Hypoproteinemia,,phenotype
ENSEMBL:ENSECAG00000024841,ENSEMBL:ENSECAG00000024841,,gene
ENSEMBL:ENSACAG00000011848,ENSEMBL:ENSACAG00000011848,,gene
HP:0002900,Hypokalemia,,phenotype
HP:0000077,Abnormality of the kidney,,phenotype
MP:0003545,increased alcohol consumption,,phenotype
HGNC:1478,CAPN11,,gene
HP:0000613,Photophobia,,phenotype
ZP:0012815,"central artery structure, abnormal",,phenotype
HP:0006682,Premature ventricular contraction,,phenotype
MP:0002083,premature death,,phenotype
623,chlorprothixene,,drug
ENSEMBL:ENSCAFG00000005685,ENSEMBL:ENSCAFG00000005685,,gene
ZFIN:ZDB-GENE-120406-2,ifit12,,gene
ZP:0131240,"myotome decreased height, abnormal",,phenotype
FlyBase:FBgn0003429,slo,,gene
ZP:0000575,"notochord development disrupted, abnormal",,phenotype
ZP:0008744,"voluntary musculoskeletal movement arrested, abnormal",,phenotype
ZP:0002937,"locomotion involved in locomotory behavior decreased rate, abnormal",,phenotype
ClinVarVariant:417496,NC_000023.10:g.(?_32563276)_(32563451_?)dup,,variant
1937,nimodipine,,drug
MP:0009168,decreased pancreatic islet number,,phenotype
ClinVarVariant:833240,NC_000023.11:g.(?_32454652)_(32699303_?)dup,,variant
ENSEMBL:ENSMODG00000044798,ENSEMBL:ENSMODG00000044798,,gene
ClinVarVariant:288923,NM_004006.2(DMD):c.4483C>T (p.Gln1495Ter),,variant
ENSEMBL:ENSMODG00000005255,ENSEMBL:ENSMODG00000005255,,gene
ZP:0137884,"retinal inner plexiform layer irregular thickness, abnormal",,phenotype
ZP:0018030,"vacuole muscle cell increased amount, abnormal",,phenotype
1906,nicotinamide,,drug
HP:0007366,Atrophy/Degeneration affecting the brainstem,,phenotype
ClinVarVariant:803835,NM_004006.3(DMD):c.7705C>T (p.Gln2569Ter),,variant
ZP:0102270,"keratinocyte increased size, abnormal",,phenotype
ENSEMBL:ENSFCAG00000007905,ENSEMBL:ENSFCAG00000007905,,gene
ZP:0001497,"vertical myoseptum physical object quality, abnormal",,phenotype
ZP:0002951,"vertical myoseptum deformed, abnormal",,phenotype
dbSNPIndividual:18752,DMD(EX49-52DEL); arr Xp21.1(31705284-31773234)x0 [GM04100],,genotype
HP:0000246,Sinusitis,,phenotype
ZP:0000136,"ceratobranchial cartilage decreased size, abnormal",,phenotype
MP:0009541,increased thymocyte apoptosis,,phenotype
ZP:0000730,"ventricular system decreased size, abnormal",,phenotype
EFO:0007927,schizophrenia symptom severity measurement,,phenotype
WormBase:WBGene00020748,nhr-221,,gene
HP:0000073,Ureteral duplication,,phenotype
MP:0002911,abnormal inhibitory postsynaptic potential,,phenotype
ClinVarVariant:655752,NC_000023.11:g.(?_32816458)_(32849830_?)del,,variant
HP:0100828,Increased T cell count,,phenotype
dictyBase:DDB_G0269696,pakD,,gene
HGNC:9449,PRNP,,gene
dictyBase:DDB_G0281891,tbc1d5B,,gene
ClinVarVariant:649355,NM_004010.3(DMD):c.-76_-64del,,variant
ClinVarVariant:217206,NM_004006.2(DMD):c.5917C>T (p.Gln1973Ter),,variant
WormBase:WBGene00003371,mlc-3,,gene
HGNC:399,ALB (human),,gene
MGI:1195972,Terf2,,gene
HP:0002059,Cerebral atrophy,,phenotype
ENSEMBL:ENSBTAG00000000512,ENSEMBL:ENSBTAG00000000512,,gene
WormBase:WBGene00002248,lam-3,,gene
ZP:0005375,"Kupffer's vesicle unlumenized, abnormal",,phenotype
ClinVarVariant:455949,NM_004006.2(DMD):c.9928C>T (p.Gln3310Ter),,variant
ZP:0003190,"fin decreased size, abnormal",,phenotype
ENSEMBL:ENSECAG00000002155,ENSEMBL:ENSECAG00000002155,,gene
ClinVarVariant:455929,NM_004006.2(DMD):c.7098+1G>T,,variant
ZP:0000212,"whole organism viability, abnormal",,phenotype
ENSEMBL:ENSPTRG00000019161,ENSEMBL:ENSPTRG00000019161,,gene
HP:0000733,Stereotypy,,phenotype
ClinVarVariant:578413,NM_004006.2(DMD):c.9807+5G>A,,variant
WBPhenotype:0000462,paraquat hypersensitive,,phenotype
WBPhenotype:0000081,L1 arrest,,phenotype
ZP:0006214,"cardiac ventricle collapsed, abnormal",,phenotype
dbSNPIndividual:15435,DMD(EX3-17DEL); arr Xp21.1(32463660-32882465)x0 [GM03781],,genotype
ZP:0001050,"pectoral fin decreased length, abnormal",,phenotype
MP:0001120,abnormal uterus morphology,,phenotype
ENSEMBL:ENSFCAG00000034230,ENSEMBL:ENSFCAG00000034230,,gene
HP:0100014,Epiretinal membrane,,phenotype
ClinVarVariant:803887,NM_004006.3(DMD):c.3697C>T (p.Gln1233Ter),,variant
ENSEMBL:ENSSSCG00000043687,TNNI3,,gene
OMIM:300377.0013,"DMD, EX18DEL",,variant
ENSEMBL:ENSACAG00000003199,ENSEMBL:ENSACAG00000003199,,gene
EFO:0005093,hip circumference,,phenotype
ClinVarVariant:639544,NM_004006.2(DMD):c.7400T>A (p.Leu2467Ter),,variant
ClinVarVariant:838104,NM_004006.3(DMD):c.10224-175_10238del,,variant
ZP:0008745,"T-tubule myotome mislocalised, abnormal",,phenotype
ClinVarVariant:94537,NM_004006.2(DMD):c.2804-1G>A,,variant
FlyBase:FBgn0015926,dah,,gene
HP:0011675,Arrhythmia,,phenotype
MP:0009504,abnormal mammary gland epithelium morphology,,phenotype
ClinVarVariant:583589,NC_000023.11:g.(?_32438221)_(32651077_?)del,,variant
ClinVarVariant:984096,NM_004006.3(DMD):c.9743T>A (p.Leu3248Ter),,variant
ENSEMBL:ENSPTRG00000012955,ENSEMBL:ENSPTRG00000012955,,gene
WBPhenotype:0000189,hypodermis disorganized,,phenotype
ZP:0001767,"liver morphology, abnormal",,phenotype
FlyBase:FBgn0051742,Prosbeta5R2,,gene
ClinVarVariant:661830,NM_004006.2(DMD):c.10182C>A (p.Tyr3394Ter),,variant
MGI:1097691,Hdac2,,gene
ZP:0018609,"leukocyte accumulation brain, abnormal",,phenotype
WBPhenotype:0001005,backward locomotion variant,,phenotype
WormBase:WBGene00003691,nhr-101,,gene
Xenbase:XB-GENE-958519,tial1,,gene
WBPhenotype:0000012,dauer constitutive,,phenotype
MP:0009419,skeletal muscle fibrosis,,phenotype
FBcv:0000416,uncoordinated,,phenotype
WormBase:WBGene00000066,act-4,,gene
HGNC:11947,TNNI3,,gene
HP:0003646,Bicarbonaturia,,phenotype
HP:0003774,Stage 5 chronic kidney disease,,phenotype
HP:0004445,Elliptocytosis,,phenotype
MGI:88293,Cacna1d,,gene
ClinVarVariant:803814,NM_004006.3(DMD):c.8746del (p.Glu2916fs),,variant
EFO:0010503,inosine measurement,,phenotype
HP:0001367,Abnormal joint morphology,,phenotype
MP:0030578,decreased keratinocyte adhesion,,phenotype
HP:0001482,Subcutaneous nodule,,phenotype
ZP:0137980,"blood cardinal system absent, abnormal",,phenotype
ClinVarVariant:583921,NC_000023.10:g.(?_32841392)_(32841524_?)dup,,variant
PomBase:SPCC1739.14,npp106,,gene
HP:0008002,Abnormality of macular pigmentation,,phenotype
MP:0002805,abnormal conditioned taste aversion behavior,,phenotype
MP:0000928,incomplete rostral neuropore closure,,phenotype
dbSNP:rs201158842,rs201158842-?,,variant
WBPhenotype:0001410,protein expression absent,,phenotype
ClinVarVariant:417503,NC_000023.10:g.(?_32827610)_(33038317_?)dup,,variant
HP:0000126,Hydronephrosis,,phenotype
ZP:0009987,"head muscle poorly differentiated, abnormal",,phenotype
HP:0100738,Abnormal eating behavior,,phenotype
ClinVarVariant:654722,NM_004006.2(DMD):c.10765C>T (p.Gln3589Ter),,variant
ENSEMBL:ENSPTRG00000044033,ENSEMBL:ENSPTRG00000044033,,gene
FBcv:0000444,hyperplasia,,phenotype
Xenbase:XB-GENE-489122,actn2,,gene
ENSEMBL:ENSFCAG00000018405,ENSEMBL:ENSFCAG00000018405,,gene
HGNC:53001,LINC02141,,gene
MP:0009747,impaired behavioral response to xenobiotic,,phenotype
ZP:0000568,"axis decreased length, abnormal",,phenotype
MP:0002651,abnormal sciatic nerve morphology,,phenotype
RGD:1311973,Tnnc2,,gene
407,bromperidol,,drug
ClinVarVariant:455927,NM_004013.2(DMD):c.-395del,,variant
WormBase:WBGene00016197,pxl-1,,gene
ClinVarVariant:803784,NM_004006.3(DMD):c.10633_10634dup (p.Met3545fs),,variant
MP:0004504,decreased incidence of tumors by UV induction,,phenotype
HP:0010504,Increased length of the tibia,,phenotype
ZP:0000799,"tectal ventricle decreased size, abnormal",,phenotype
HP:0002078,Truncal ataxia,,phenotype
ZP:0101901,"facial nerve motor nucleus rhombomere 6 increased volume, abnormal",,phenotype
MONARCH:APO_0000148APO_0000004,cold sensitivity:increased,,phenotype
MP:0004733,abnormal thoracic cavity morphology,,phenotype
MP:0010136,decreased DN4 thymocyte number,,phenotype
ENSEMBL:ENSSSCG00000007371,HNF4A,,gene
1800,miconazole,,drug
ENSEMBL:ENSFCAG00000005621,ENSEMBL:ENSFCAG00000005621,,gene
ENSEMBL:ENSACAG00000005570,ENSEMBL:ENSACAG00000005570,,gene
Q01668,Voltage-dependent L-type calcium channel subunit alpha-1D,,gene product
ENSEMBL:ENSPTRG00000030902,ENSEMBL:ENSPTRG00000030902,,gene
ClinVarVariant:239612,NM_000109.4(DMD):c.7757del (p.Gln2586fs),,variant
ZP:0003135,"motor neuron axon guidance disrupted, abnormal",,phenotype
dbSNP:rs7960954,rs7960954-?,,variant
MP:0008898,abnormal acrosome morphology,,phenotype
MP:0003397,increased muscle weight,,phenotype
MP:0003824,decreased left ventricle developed pressure,,phenotype
ENSEMBL:ENSMODG00000021502,ENSEMBL:ENSMODG00000021502,,gene
HP:0001256,"Intellectual disability, mild",,phenotype
ENSEMBL:ENSSSCG00000038508,SPTBN2,,gene
HP:0002859,Rhabdomyosarcoma,,phenotype
WBPhenotype:0000638,molt defect,,phenotype
ENSEMBL:ENSSSCG00000028355,ENSEMBL:ENSSSCG00000028355,,gene
HP:0000551,Color vision defect,,phenotype
HP:0000820,Abnormality of the thyroid gland,,phenotype
HP:0011512,Hyperpigmentation of the fundus,,phenotype
HP:0000518,Cataract,,phenotype
ClinVarVariant:583541,NC_000023.10:g.(?_31854815)_(31986651_?)dup,,variant
ClinVarVariant:639041,NM_000109.4(DMD):c.353dup (p.Asn118fs),,variant
Coriell:GM05114,NIGMS-GM05114,,biological artifact
ENSEMBL:ENSGALG00000001046,DLGAP4,,gene
ZP:0106123,"cardiac conduction irregular rhythm, abnormal",,phenotype
ENSEMBL:ENSFCAG00000011854,ENSEMBL:ENSFCAG00000011854,,gene
ENSEMBL:ENSOANG00000036135,ENSEMBL:ENSOANG00000036135,,gene
dictyBase:DDB_G0287981,DDB0187718,,gene
EFO:0007034,seropositivity measurement,,phenotype
MP:0005360,urolithiasis,,phenotype
WBPhenotype:0004018,sinusoidal movement variant,,phenotype
MP:0020437,abnormal social play behavior,,phenotype
HP:0000272,Malar flattening,,phenotype
HGNC:14075,SGCZ,,gene
EFO:0005300,word reading,,phenotype
HP:0001622,Premature birth,,phenotype
WormBase:WBGene00006823,unc-94,,gene
HP:0001342,Cerebral hemorrhage,,phenotype
ClinVarVariant:567065,NM_000109.4(DMD):c.5463_5464del (p.Gly1823fs),,variant
MGI:94885,Des,,gene
ZP:0019095,"myotome decreased process quality skeletal myofibril assembly, abnormal",,phenotype
HP:0002987,Elbow flexion contracture,,phenotype
ENSEMBL:ENSOANG00000001450,ENSEMBL:ENSOANG00000001450,,gene
ZP:0018504,"internal carotid artery process quality blood vessel endothelial cell migration, abnormal",,phenotype
ZP:0011632,"renal glomerulus distended, abnormal",,phenotype
ClinVarVariant:583636,NC_000023.11:g.(?_32287509)_(32362978_?)del,,variant
MP:0009937,abnormal neuron differentiation,,phenotype
HP:0001324,Muscle weakness,,phenotype
ENSEMBL:ENSMODG00000024882,ENSEMBL:ENSMODG00000024882,,gene
ZP:0019900,"optic stalk increased diameter, abnormal",,phenotype
MONARCH:APO_0000037APO_0000005,pheromone sensitivity:absent,,phenotype
ZP:0008609,"microtubule cytoskeleton neuron disorganized, abnormal",,phenotype
ZP:0004750,"visual perception disrupted, abnormal",,phenotype
ENSEMBL:ENSSSCG00000015969,CHRNA1,,gene
MP:0001299,abnormal eye distance/ position,,phenotype
HGNC:28958,NUP93,,gene
ENSEMBL:ENSCAFG00000001315,CTNNA1,,gene
RGD:70973,Cacna1d,,gene
HP:0008081,Pes valgus,,phenotype
RGD:1309281,Shkbp1,,gene
ENSEMBL:ENSPTRG00000020011,ENSEMBL:ENSPTRG00000020011,,gene
ZFIN:ZDB-GENE-070705-188,chrm1b,,gene
ZP:0105761,"spinal cord decreased occurrence motile cilium assembly, abnormal",,phenotype
ENSEMBL:ENSACAG00000017989,ENSEMBL:ENSACAG00000017989,,gene
ZFIN:ZDB-GENE-040426-770,prkcsh,,gene
EFO:0000638,overall survival,,phenotype
ZP:0001301,"intersegmental vessel morphology, abnormal",,phenotype
ZP:0018973,"ventral region whole organism decreased amount, abnormal",,phenotype
MP:0020857,corneal epithelium hyperplasia,,phenotype
ClinVarVariant:455848,NC_000023.10:g.(?_33032666)_(33038337_?)dup,,variant
Coriell:GM03929,NIGMS-GM03929,,biological artifact
HP:0200040,Epidermoid cyst,,phenotype
WBPhenotype:0001026,nuclear morphology variation early emb,,phenotype
MGI:2176876,Dmd<mdx>/Dmd<mdx>; Utrn<tm1Jrs>/Utrn<tm1Jrs> [involves: 129S1/Sv * 129X1/SvJ * C57BL/10ScSn],,genotype
ZP:0007280,"ventricular system increased accumulation blood, abnormal",,phenotype
WormBase:WBGene00019064,myo-5,,gene
ClinVarVariant:595522,NM_000109.4(DMD):c.2105del (p.Lys702fs),,variant
ENSEMBL:ENSOANG00000037441,ENSEMBL:ENSOANG00000037441,,gene
Xenbase:XB-GENE-6258629,itga1,,gene
ENSEMBL:ENSPTRG00000017260,ENSEMBL:ENSPTRG00000017260,,gene
MP:0000524,decreased renal tubule number,,phenotype
ENSEMBL:ENSOANG00000001974,ENSEMBL:ENSOANG00000001974,,gene
ENSEMBL:ENSPTRG00000046640,ENSEMBL:ENSPTRG00000046640,,gene
ClinVarVariant:831530,NC_000023.11:g.(?_32614293)_(32849830_?)dup,,variant
ENSEMBL:ENSACAG00000012278,ENSEMBL:ENSACAG00000012278,,gene
ZP:0009202,"myoseptum myotome mislocalised, abnormal",,phenotype
ZP:0007923,"somite apoptotic, abnormal",,phenotype
HP:0000540,Hypermetropia,,phenotype
HGNC:19166,TBC1D5,,gene
ZP:0005800,"eye elliptic, abnormal",,phenotype
HP:0030153,Cholangiocarcinoma,,phenotype
ZP:0003010,"notochord decreased thickness, abnormal",,phenotype
HP:0001311,Abnormal nervous system electrophysiology,,phenotype
ZP:0005494,"atrium malformed, abnormal",,phenotype
ENSEMBL:ENSBTAG00000000393,SSPN,,gene
ENSEMBL:ENSMMUG00000013119,ENSEMBL:ENSMMUG00000013119,,gene
ClinVarVariant:572489,NM_004006.3(DMD):c.479_481CCA[1] (p.Thr161del),,variant
ClinVarVariant:94681,NM_004006.2(DMD):c.5773G>T (p.Glu1925Ter),,variant
MP:0003408,increased width of hypertrophic chondrocyte zone,,phenotype
ENSEMBL:ENSMMUG00000011743,ENSEMBL:ENSMMUG00000011743,,gene
ZP:0012573,"hyohyoideus misaligned away from hyohyoideus, abnormal",,phenotype
ZP:0007514,"oligodendrocyte cell fate specification disrupted, abnormal",,phenotype
MONDO:0005361,eosinophilic esophagitis,,phenotype
ZP:0002466,"regulation of heart rate disrupted, abnormal",,phenotype
WBPhenotype:0001943,rachis wide,,phenotype
ZP:0104774,"brain decreased occurrence nitric oxide mediated signal transduction, abnormal",,phenotype
WormBase:WBGene00003706,nhr-116,,gene
dictyBase:DDB_G0274131,act17,,gene
722,clozapine,,drug
RGD:1305194,Spta1,,gene
dictyBase:DDB_G0283709,osbH,,gene
Xenbase:XB-GENE-954721,terf1,,gene
MP:0004093,diffuse Z line,,phenotype
ZP:0137890,"glial cell projection Muller cell spatial pattern, abnormal",,phenotype
HP:0001640,Cardiomegaly,,phenotype
ClinVarVariant:409926,NM_004006.2(DMD):c.9434del (p.Met3145fs),,variant
ENSEMBL:ENSACAG00000010058,ENSEMBL:ENSACAG00000010058,,gene
ClinVarVariant:647470,NC_000023.11:g.(?_32472144)_(32651077_?)del,,variant
MONDO:0005473,temporomandibular joint disorder,,disease
ClinVarVariant:663956,NC_000023.11:g.(?_31875178)_(31968524_?)del,,variant
ENSEMBL:ENSECAG00000023370,ENSEMBL:ENSECAG00000023370,,gene
ZP:0000738,"simple columnar epithelium displaced, abnormal",,phenotype
ZP:0001448,"whole organism curved, abnormal",,phenotype
MP:0002135,abnormal kidney morphology,,phenotype
MP:0011097,"embryonic lethality between somite formation and embryo turning, complete penetrance",,phenotype
ZP:0000332,"heart morphogenesis disrupted, abnormal",,phenotype
WormBase:WBGene00000045,acr-6,,gene
HP:0012896,Abnormal motor evoked potentials,,phenotype
WBPhenotype:0001783,ligand gated channel activity variant,,phenotype
MP:0020335,abnormal dentate gyrus neuron dendrite morphology,,phenotype
ZP:0137692,"outer limiting membrane morphology, abnormal",,phenotype
MP:0003057,abnormal epicardium morphology,,phenotype
ZP:0008726,"myofibril myotome spatial pattern, abnormal",,phenotype
ENSEMBL:ENSPTRG00000006153,ENSEMBL:ENSPTRG00000006153,,gene
P63000,Ras-related C3 botulinum toxin substrate 1,,gene product
ClinVarVariant:953200,NC_000023.11:g.32823388del,,variant
ZP:0008727,"myofibril myotome decreased length, abnormal",,phenotype
ENSEMBL:ENSGALG00000040844,GIT2,,gene
ZP:0010667,"cardiac muscle cell cardiac ventricle elongated, abnormal",,phenotype
MP:0013510,decreased CD4-negative NK T cell number,,phenotype
ENSEMBL:ENSECAG00000024920,ENSEMBL:ENSECAG00000024920,,gene
PomBase:SPAC11G7.02,pub1,,gene
MP:0009400,decreased skeletal muscle fiber size,,phenotype
EFO:0009262,nicotine dependence symptom count,,phenotype
WBPhenotype:0001763,uptake by intestinal cell defective,,phenotype
ZP:0008730,"myoseptum increased distance myoseptum, abnormal",,phenotype
MP:0010398,decreased liver glycogen level,,phenotype
MP:0004737,absent distortion product otoacoustic emissions,,phenotype
ZP:0010385,"embryonic medial fin morphogenesis decreased process quality, abnormal",,phenotype
ZP:0007739,"chondrocyte gill filament absent, abnormal",,phenotype
ENSEMBL:ENSOANG00000008248,ENSEMBL:ENSOANG00000008248,,gene
OMIM:300377.0031,"DMD, GLN85TER",,variant
ClinVarVariant:94849,NM_004006.2(DMD):c.961-5831C>T,,variant
MP:0001356,increased aggression towards females,,phenotype
WBPhenotype:0000291,no oocytes,,phenotype
ENSEMBL:ENSECAG00000018131,ENSEMBL:ENSECAG00000018131,,gene
ENSEMBL:ENSBTAG00000048622,TMOD3,,gene
ClinVarVariant:583732,NC_000023.10:g.(?_31191636)_(31526374_?)dup,,variant
ENSEMBL:ENSACAG00000007149,ENSEMBL:ENSACAG00000007149,,gene
ClinVarVariant:832856,NC_000023.11:g.(?_31496788)_(31627862_?)del,,variant
WBPhenotype:0001748,pharynx unattached,,phenotype
ENSEMBL:ENSFCAG00000000304,ENSEMBL:ENSFCAG00000000304,,gene
WormBase:WBGene00000832,ctn-1,,gene
MP:0003718,maternal effect,,phenotype
WBPhenotype:0000422,twitcher,,phenotype
ZP:0013880,"pronephric glomerulus separated from pronephric glomerulus, abnormal",,phenotype
ENSEMBL:ENSMMUG00000003169,ENSEMBL:ENSMMUG00000003169,,gene
HP:0030731,Carcinoma,,phenotype
WBPhenotype:0000553,muscle birefringence variant,,phenotype
FlyBase:FBgn0010341,Cdc42,,gene
MP:0005094,abnormal T cell proliferation,,phenotype
ENSEMBL:ENSBTAG00000024003,ENSEMBL:ENSBTAG00000024003,,gene
MP:0008211,decreased mature B cell number,,phenotype
MP:0030919,absent hair follicle bulb,,phenotype
ENSEMBL:ENSMODG00000025642,ENSEMBL:ENSMODG00000025642,,gene
ZP:0102269,"epidermal superficial stratum morphology, abnormal",,phenotype
ZP:0010939,"pronephric glomerulus unfused from right side left side pronephric glomerulus, abnormal",,phenotype
MP:0005378,growth/size/body region phenotype,,phenotype
MP:0004794,increased anti-nuclear antigen antibody level,,phenotype
ZP:0002942,"dorsal aorta separated from intersegmental vessel dorsal longitudinal anastomotic vessel, abnormal",,phenotype
HP:0000662,Nyctalopia,,phenotype
1212,fluphenazine,,drug
RGD:620093,Xylt1,,gene
WBPhenotype:0001521,body elongation retracted,,phenotype
FBcv:0000421,abnormal touch response,,phenotype
MONARCH:APO_0000098APO_0000245,utilization of carbon source:decreased rate,,phenotype
MGI:2443012,Tns3,,gene
OMIM:300377.0084,"DMD, TYR1995TER",,variant
ZP:0001037,"motor neuron decreased amount, abnormal",,phenotype
ENSEMBL:ENSMODG00000016745,ENSEMBL:ENSMODG00000016745,,gene
RGD:1560290,Sntg1,,gene
HP:0000238,Hydrocephalus,,phenotype
HP:0012469,Infantile spasms,,phenotype
ZFIN:ZDB-GENE-141114-2,actn2a,,gene
MP:0002961,abnormal axon guidance,,phenotype
MP:0002184,abnormal innervation,,phenotype
ZP:0011169,"atrioventricular canal malformed, abnormal",,phenotype
ENSEMBL:ENSACAG00000021014,ENSEMBL:ENSACAG00000021014,,gene
WBPhenotype:0000220,vulva cell fate specification variant,,phenotype
dictyBase:DDB_G0291185,H3v1,,gene
ENSEMBL:ENSCAFG00000005788,ENSEMBL:ENSCAFG00000005788,,gene
ClinVarVariant:593327,NM_004006.2(DMD):c.5371C>T (p.Gln1791Ter),,variant
MP:0010895,increased lung compliance,,phenotype
MP:0002875,decreased erythrocyte cell number,,phenotype
MP:0000776,abnormal inferior colliculus morphology,,phenotype
OMIM:300377.0078,"DMD, 1-BP DEL, 377A",,variant
MP:0011677,abnormal olfactory sensory neuron physiology,,phenotype
584,cevimeline,,drug
WBPhenotype:0000899,epithelial cell morphology variant,,phenotype
MGI:105084,Satb1,,gene
ZFIN:ZDB-GENE-030131-6933,tns1b,,gene
ENSEMBL:ENSBTAG00000020080,MYBPC2,,gene
HP:0002827,Hip dislocation,,phenotype
ClinVarVariant:830762,NC_000023.11:g.(?_32287519)_(32310286_?)dup,,variant
MP:0009641,kidney degeneration,,phenotype
Xenbase:XB-GENE-1013360,sptbn4,,gene
ClinVarVariant:409900,NM_004006.2(DMD):c.10406_10407insAA (p.His3469fs),,variant
ZFIN:ZDB-GENE-120919-5,snta1,,gene
MGI:6438177,Dmd<em4Eno>/Dmd<em4Eno> [C57BL/6-Dmd<em4Eno>],,genotype
MP:0009022,abnormal brain meninges morphology,,phenotype
ClinVarVariant:831002,NC_000023.11:g.(?_31323598)_(31836819_?)del,,variant
MGI:88263,Capn1,,gene
EFO:0009473,hemolysis,,phenotype
ZP:0003039,"axon Mauthner neuron mislocalised medially, abnormal",,phenotype
ENSEMBL:ENSBTAG00000046454,DYTN,,gene
WBPhenotype:0000136,mRNA levels increased,,phenotype
ZP:0008040,"Z disc cardiac muscle cell broken, abnormal",,phenotype
ZP:0009653,"inner limiting membrane broken, abnormal",,phenotype
EFO:0004530,triglyceride measurement,,phenotype
ZP:0002991,"determination of digestive tract left/right asymmetry decreased process quality, abnormal",,phenotype
ClinVarVariant:981973,NC_000023.11:g.(32491519_32501754)_(32573847_32595756)del,,variant
ZP:0000094,"blood quality, abnormal",,phenotype
MP:0001391,abnormal tail movements,,phenotype
WBPhenotype:0001972,germ cell compartment multinucleate,,phenotype
ZFIN:ZDB-FISH-150901-15064,dmd<pc2>/dmd<pc2> [unspecified background],,genotype
ENSEMBL:ENSBTAG00000011966,LAMC1,,gene
ClinVarVariant:94475,NM_004006.2(DMD):c.1615C>T (p.Arg539Ter),,variant
5303,revefenacin,,drug
HP:0011869,Abnormal platelet function,,phenotype
HP:0012443,Abnormality of brain morphology,,phenotype
FBcv:0000377,female fertile,,phenotype
3294,iloperidone,,drug
ZP:0000249,"myofibril fast muscle cell degenerate, abnormal",,phenotype
MP:0005556,abnormal renal filtration rate,,phenotype
MP:0004835,abnormal miniature endplate potential,,phenotype
ClinVarVariant:984214,NM_004006.3(DMD):c.8483T>A (p.Leu2828Ter),,variant
ENSEMBL:ENSOANG00000000432,ENSEMBL:ENSOANG00000000432,,gene
Coriell:GM03783,NIGMS-GM03783,,biological artifact
WBPhenotype:0000716,muscle cell attachment variant,,phenotype
ENSEMBL:ENSFCAG00000018326,ENSEMBL:ENSFCAG00000018326,,gene
MP:0014103,increased chondrocyte apoptosis,,phenotype
Xenbase:XB-GENE-5809292,cdc25a,,gene
ZP:0018604,"hindbrain lacks parts or has fewer parts of type Mauthner neuron, abnormal",,phenotype
HP:0100615,Ovarian neoplasm,,phenotype
ENSEMBL:ENSSSCG00000016725,TNS3,,gene
ENSEMBL:ENSMODG00000018610,ENSEMBL:ENSMODG00000018610,,gene
ZP:0000862,"kidney hyperplastic, abnormal",,phenotype
ENSEMBL:ENSECAG00000025044,ENSEMBL:ENSECAG00000025044,,gene
ZP:0003764,"cell differentiation in hindbrain disrupted, abnormal",,phenotype
MONARCH:APO_0000144APO_0000003,telomere length:decreased,,phenotype
MP:0000628,abnormal mammary gland development,,phenotype
ClinVarVariant:217210,NM_004006.2(DMD):c.7755G>A (p.Trp2585Ter),,variant
ZFIN:ZDB-GENE-091204-151,cavin1a,,gene
ENSEMBL:ENSRNOG00000018113,Anlnl1,,gene
MP:0001417,decreased exploration in new environment,,phenotype
WBPhenotype:0000451,head protrusion,,phenotype
dbSNP:rs12451924,rs12451924-?,,variant
ZP:0014727,"bulbus arteriosus absent, abnormal",,phenotype
MP:0010817,absent type I pneumocytes,,phenotype
MP:0008217,abnormal B cell activation,,phenotype
MP:0011869,detached podocyte,,phenotype
ZP:0006609,"sarcomere cardiac muscle cell increased length, abnormal",,phenotype
ENSEMBL:ENSSSCG00000035446,CAVIN1,,gene
EFO:0007700,exploratory eye movement measurement,,phenotype
ENSEMBL:ENSFCAG00000043662,ENSEMBL:ENSFCAG00000043662,,gene
HP:0003808,Abnormal muscle tone,,phenotype
GO:0005200,structural constituent of cytoskeleton,,molecular function
4876,belinostat,,drug
ZP:0104769,"noradrenaline hindbrain decreased amount, abnormal",,phenotype
ENSEMBL:ENSACAG00000007864,ENSEMBL:ENSACAG00000007864,,gene
ZP:0003001,"midbrain hindbrain boundary shape, abnormal",,phenotype
MP:0004094,abnormal M line morphology,,phenotype
HP:0002586,Peritonitis,,phenotype
HP:0001388,Joint laxity,,phenotype
MGI:1277968,Cavin1,,gene
ENSEMBL:ENSOANG00000002524,ENSEMBL:ENSOANG00000002524,,gene
SGD:S000001065,MYO1,,gene
ZP:0009716,"cephalic musculature aplastic, abnormal",,phenotype
ENSEMBL:ENSBTAG00000025219,ENSEMBL:ENSBTAG00000025219,,gene
MP:0030316,enlarged neurocranium,,phenotype
ENSEMBL:ENSPTRG00000002097,ENSEMBL:ENSPTRG00000002097,,gene
ZP:0001764,"heart decreased size, abnormal",,phenotype
ZP:0020597,"hindbrain mislocalised, abnormal",,phenotype
ClinVarVariant:583837,NC_000023.10:g.(?_31514885)_(31697723_?)dup,,variant
WBPhenotype:0001037,sterile progeny,,phenotype
ClinVarVariant:661628,NM_004006.2(DMD):c.2704C>T (p.Gln902Ter),,variant
ENSEMBL:ENSSSCG00000015555,LAMC1,,gene
ZP:0003003,"eye mislocalised ventrally, abnormal",,phenotype
ClinVarVariant:455811,NC_000023.10:g.(?_31792057)_(31893510_?)del,,variant
HGNC:16859,NOS1AP,,gene
MP:0002622,abnormal cochlear hair cell morphology,,phenotype
ENSEMBL:ENSMODG00000003026,ENSEMBL:ENSMODG00000003026,,gene
MP:0002279,abnormal diaphragm morphology,,phenotype
WormBase:WBGene00018563,F47D12.7,,gene
ENSEMBL:ENSSSCG00000006344,ENSEMBL:ENSSSCG00000006344,,gene
Xenbase:XB-GENE-481578,arrb1,,gene
ZP:0018730,"branchiomotor neuron disorganized, abnormal",,phenotype
ZP:0000577,"central nervous system morphology, abnormal",,phenotype
MP:0004030,induced chromosome breakage,,phenotype
MGI:104552,Tns1,,gene
ENSEMBL:ENSGALG00000000172,ENSEMBL:ENSGALG00000000172,,gene
MP:0011534,granular kidney,,phenotype
HP:0002014,Diarrhea,,phenotype
MP:0000157,abnormal sternum morphology,,phenotype
ClinVarVariant:584039,NC_000023.11:g.(?_31609621)_(31875393_?)del,,variant
ENSEMBL:ENSPTRG00000028788,ENSEMBL:ENSPTRG00000028788,,gene
RGD:3882,Tnnt2,,gene
EFO:0004533,alkaline phosphatase measurement,,phenotype
ClinVarVariant:642449,NM_004006.2(DMD):c.1351G>T (p.Asp451Tyr),,variant
ClinVarVariant:983658,NM_004006.3(DMD):c.5114C>G (p.Ser1705Ter),,variant
ENSEMBL:ENSCAFG00000008482,JAM2,,gene
ENSEMBL:ENSGALG00000041685,CAPN1,,gene
HGNC:33796,LINC02694,,gene
HP:0002094,Dyspnea,,phenotype
MP:0008470,abnormal spleen B cell follicle morphology,,phenotype
MP:0003567,abnormal fetal cardiomyocyte proliferation,,phenotype
XPO:0131871,abnormal development of embryo,,phenotype
ClinVarVariant:646407,NC_000023.10:g.(?_32536115)_(32632580_?)dup,,variant
MONARCH:APO_0000205APO_0000003,ionic stress resistance:decreased,,phenotype
HGNC:2666,DAG1,,gene
ZP:0009280,"posterior cardinal vein decreased diameter, abnormal",,phenotype
109,alcuronium,,drug
MP:0031154,intestinal hemorrhage,,phenotype
MP:0001282,short vibrissae,,phenotype
MP:0003017,decreased circulating bicarbonate level,,phenotype
ClinVarVariant:409924,NM_004006.2(DMD):c.5110G>T (p.Glu1704Ter),,variant
ZP:0010962,"muscle cell caudal fin deformed, abnormal",,phenotype
MP:0009395,increased nucleated erythrocyte cell number,,phenotype
WormBase:WBGene00001248,elp-1,,gene
ENSEMBL:ENSACAG00000017003,ENSEMBL:ENSACAG00000017003,,gene
OMIM:300377.0050,"DMD, GLN1405TER",,variant
ENSEMBL:ENSMMUG00000003053,ENSEMBL:ENSMMUG00000003053,,gene
HP:0000486,Strabismus,,phenotype
MP:0005090,increased double-negative T cell number,,phenotype
ZP:0106113,"Z disc atrium blurry, abnormal",,phenotype
ZFIN:ZDB-GENE-081113-4,actn1,,gene
HP:0000283,Broad face,,phenotype
MP:0000512,intestinal ulcer,,phenotype
ENSEMBL:ENSOANG00000045541,ENSEMBL:ENSOANG00000045541,,gene
ZP:0003588,"ocular blood vessel decreased size, abnormal",,phenotype
ZP:0000482,"heart contraction disrupted, abnormal",,phenotype
ENSEMBL:ENSMODG00000038594,ENSEMBL:ENSMODG00000038594,,gene
HP:0011166,Focal myoclonic seizure,,phenotype
ZP:0102111,"notochord inner cell collapsed, abnormal",,phenotype
HP:0011487,Increased corneal thickness,,phenotype
ENSEMBL:ENSGALG00000041384,A0A1D5NW02,,gene
ZP:0012575,"myofibril fast muscle cell malformed, abnormal",,phenotype
MP:0004505,decreased renal glomerulus number,,phenotype
GO:0034622,cellular protein-containing complex assembly,,molecular function
ClinVarVariant:11290,NM_000109.4(DMD):c.5961T>G (p.Tyr1987Ter),,variant
WBPhenotype:0000184,apoptosis fails to occur,,phenotype
ENSEMBL:ENSMMUG00000021025,ENSEMBL:ENSMMUG00000021025,,gene
MP:0008587,short photoreceptor outer segment,,phenotype
ZP:0138060,"startle response decreased magnitude, abnormal",,phenotype
ClinVarVariant:984108,NM_004006.3(DMD):c.3457A>T (p.Lys1153Ter),,variant
HP:0033769,Fundic gland polyposis,,phenotype
MP:0000925,abnormal floor plate morphology,,phenotype
ZFIN:ZDB-GENE-091118-115,itga1,,gene
ClinVarVariant:654108,NC_000023.11:g.(?_32438221)_(32518151_?)del,,variant
ZP:0002301,"epithelial cell thymus decreased amount, abnormal",,phenotype
HGNC:1950,CHRM1,,gene
ENSEMBL:ENSMODG00000005904,ENSEMBL:ENSMODG00000005904,,gene
MONARCH:APO_0000022APO_0000004,protein activity:increased,,phenotype
MP:0001360,abnormal social investigation,,phenotype
MP:0001700,abnormal embryo turning,,phenotype
ENSEMBL:ENSMMUG00000016431,ENSEMBL:ENSMMUG00000016431,,gene
MP:0002398,abnormal bone marrow cell morphology/development,,phenotype
WBPhenotype:0001163,pronucleus formation failure early emb,,phenotype
ZP:0137784,"muscle cell myotome sinuous, abnormal",,phenotype
HP:0003072,Hypercalcemia,,phenotype
5252,neratinib,,drug
ENSEMBL:ENSFCAG00000003957,ENSEMBL:ENSFCAG00000003957,,gene
ENSEMBL:ENSACAG00000005125,ENSEMBL:ENSACAG00000005125,,gene
MP:0008280,abnormal male germ cell apoptosis,,phenotype
ZFIN:ZDB-GENE-060322-11,arhgef7a,,gene
ENSEMBL:ENSFCAG00000003878,ENSEMBL:ENSFCAG00000003878,,gene
HGNC:11944,TNNC2,,gene
ClinVarVariant:584013,NC_000023.11:g.(?_31609621)_(31774212_?)del,,variant
HP:0001882,Leukopenia,,phenotype
WormBase:WBGene00006765,unc-29,,gene
ClinVarVariant:593723,NM_004006.2(DMD):c.5867G>A (p.Trp1956Ter),,variant
Xenbase:XB-GENE-992148,ltbp4,,gene
ZP:0017965,"atrioventricular canal constricted, abnormal",,phenotype
ENSEMBL:ENSACAG00000001931,ENSEMBL:ENSACAG00000001931,,gene
HP:0002072,Chorea,,phenotype
ZFIN:ZDB-GENE-000626-1,tnnt2a,,gene
MGI:107956,Slc8a1,,gene
ENSEMBL:ENSCAFG00000017618,DRP2,,gene
ZP:0000965,"retinal ganglion cell axon guidance quality, abnormal",,phenotype
HP:0000377,Abnormality of the pinna,,phenotype
ClinVarVariant:803800,NM_004006.3(DMD):c.9649+2dup,,variant
MP:0002910,abnormal excitatory postsynaptic currents,,phenotype
HP:0011473,Villous atrophy,,phenotype
HP:0012332,Abnormal autonomic nervous system physiology,,phenotype
ZP:0000469,"ventral fin fold decreased size, abnormal",,phenotype
dictyBase:DDB_G0274267,dictyBase:DDB_G0274267,,gene
ENSEMBL:ENSBTAG00000019136,ENSEMBL:ENSBTAG00000019136,,gene
ClinVarVariant:803808,NM_004006.3(DMD):c.9085_9086insA (p.Val3029fs),,variant
MP:0010932,increased trabecular bone connectivity density,,phenotype
ZP:0019474,"atrioventricular canal decreased amount, abnormal",,phenotype
ENSEMBL:ENSCAFG00000001930,PGM5,,gene
1646,mecamylamine,,drug
WBPhenotype:0002211,phasmid neuron dye filling defect,,phenotype
ZP:0005809,"retina lacks all parts of type central region retinal cone cell, abnormal",,phenotype
ZP:0018279,"axon development process quality, abnormal",,phenotype
ENSEMBL:ENSCAFG00000017951,ENSEMBL:ENSCAFG00000017951,,gene
ZP:0009292,"forebrain truncated, abnormal",,phenotype
MP:0003992,increased mortality induced by ionizing radiation,,phenotype
MGI:1346876,Map3k5,,gene
HP:0030769,Exencephaly,,phenotype
ENSEMBL:ENSECAG00000024860,ENSEMBL:ENSECAG00000024860,,gene
ClinVarVariant:583546,NC_000023.11:g.(?_31773960)_(31836819_?)del,,variant
FBcv:0002003,lethal - all die before end of second instar larval stage,,phenotype
ENSEMBL:ENSCAFG00000012504,ACTN3,,gene
HP:0100006,Neoplasm of the central nervous system,,phenotype
ENSEMBL:ENSPTRG00000013519,ENSEMBL:ENSPTRG00000013519,,gene
ClinVarVariant:935691,NM_004006.3(DMD):c.7736T>A (p.Leu2579Ter),,variant
WBPhenotype:0000055,early larval arrest,,phenotype
HP:0009023,Abdominal wall muscle weakness,,phenotype
MP:0001245,thick dermal layer,,phenotype
HGNC:9411,PRKCSH,,gene
HGNC:11945,TNNI1,,gene
HGNC:10805,SGCA,,gene
MP:0020420,abnormal freezing behavior,,phenotype
ZFIN:ZDB-GENE-111215-3,ank2a,,gene
WBPhenotype:0001131,loose mitotic furrow early emb,,phenotype
ENSEMBL:ENSCAFG00000010798,ENSEMBL:ENSCAFG00000010798,,gene
FlyBase:FBgn0001991,Ca-alpha1D,,gene
HP:0011851,Hemopericardium,,phenotype
ENSEMBL:ENSGALG00000039139,ENSEMBL:ENSGALG00000039139,,gene
ENSEMBL:ENSFCAG00000006931,ENSEMBL:ENSFCAG00000006931,,gene
ZP:0013876,"adrenal gland development process quality, abnormal",,phenotype
ClinVarVariant:833040,NC_000023.11:g.(?_31657980)_(31679596_?)del,,variant
ENSEMBL:ENSACAG00000027620,ENSEMBL:ENSACAG00000027620,,gene
WBPhenotype:0000669,sex muscle development variant,,phenotype
ClinVarVariant:833307,NC_000023.11:g.(?_32342090)_(32849830_?)del,,variant
1086,profenamine,,drug
ZFIN:ZDB-GENE-030131-1077,hnf4a,,gene
HGNC:620,APP,,gene
ENSEMBL:ENSBTAG00000004300,ENSEMBL:ENSBTAG00000004300,,gene
MP:0000516,abnormal renal/urinary system morphology,,phenotype
NCBIGene:100329607,LOC100329607,,gene
ZP:0002918,"muscle degenerate, abnormal",,phenotype
MP:0008410,increased cellular sensitivity to ultraviolet irradiation,,phenotype
ClinVarVariant:197912,NM_004006.2(DMD):c.7247dup (p.Leu2416fs),,variant
HP:0001894,Thrombocytosis,,phenotype
HGNC:9642,PTPN1,,gene
HP:0012726,Episodic hypokalemia,,phenotype
ENSEMBL:ENSGALG00000000681,ENSEMBL:ENSGALG00000000681,,gene
HP:0001789,Hydrops fetalis,,phenotype
dictyBase:DDB_G0284795,sir2C,,gene
ENSEMBL:ENSPTRG00000001827,ENSEMBL:ENSPTRG00000001827,,gene
ZP:0137879,"Muller cell physical object quality, abnormal",,phenotype
ENSEMBL:ENSBTAG00000012385,ENSEMBL:ENSBTAG00000012385,,gene
HP:0025142,Constitutional symptom,,phenotype
ClinVarVariant:217179,NM_004006.2(DMD):c.1483-1G>C,,variant
ZP:0002170,"heart contraction process quality, abnormal",,phenotype
ZP:0001203,"musculoskeletal movement disrupted, abnormal",,phenotype
MP:0011632,dilated mitochondria,,phenotype
NCBIGene:100537765,LOC100537765,,gene
ZP:0004829,"sarcomere muscle cell disorganized, abnormal",,phenotype
ENSEMBL:ENSMODG00000005638,ENSEMBL:ENSMODG00000005638,,gene
ENSEMBL:ENSSSCG00000013586,LRRC8E,,gene
MP:0009295,decreased interscapular fat pad weight,,phenotype
HP:0000252,Microcephaly,,phenotype
ZP:0006772,"eye protruding, abnormal",,phenotype
700,clomifene,,drug
WBPhenotype:0000117,L1 lethal,,phenotype
ZP:0009205,"slow muscle cell retracted, abnormal",,phenotype
ClinVarVariant:526163,NC_000023.10:g.(?_31893285)_(32235200_?)dup,,variant
MP:0004064,decreased susceptibility to induced muscular atrophy,,phenotype
MP:0001386,abnormal maternal nurturing,,phenotype
ENSEMBL:ENSOANG00000006060,ENSEMBL:ENSOANG00000006060,,gene
ClinVarVariant:94778,NM_004006.2(DMD):c.7771G>T (p.Glu2591Ter),,variant
MP:0030567,abnormal I band morphology,,phenotype
2039,oxyphenonium,,drug
RGD:1309628,Prkcsh,,gene
ENSEMBL:ENSMODG00000009241,ENSEMBL:ENSMODG00000009241,,gene
WBPhenotype:0000035,larval body morphology variant,,phenotype
MP:0010754,abnormal heart left ventricle pressure,,phenotype
MP:0001463,abnormal spatial learning,,phenotype
ENSEMBL:ENSMMUG00000002345,ENSEMBL:ENSMMUG00000002345,,gene
WBPhenotype:0000762,spindle position defective early emb,,phenotype
ENSEMBL:ENSGALG00000046487,A0A1L1RQJ9,,gene
MONARCH:APO_0000309APO_0000245,respiratory growth:decreased rate,,phenotype
MP:0011368,increased kidney apoptosis,,phenotype
HGNC:26293,SPEF2,,gene
FlyBase:FBgn0032013,Scgalpha,,gene
ZFIN:ZDB-GENE-030131-1921,marcksb,,gene
ClinVarVariant:981988,NC_000023.11:g.(31875374_31929595)_(31968515_32216915)del,,variant
GO:0002027,regulation of heart rate,,molecular function
ENSEMBL:ENSMMUG00000000690,ENSEMBL:ENSMMUG00000000690,,gene
ClinVarVariant:832831,NC_000023.11:g.(?_32501745)_(32501852_?)del,,variant
RGD:1595950,Lpar6,,gene
dictyBase:DDB_G0286763,DDB0187137,,gene
HP:0100879,Enlarged ovaries,,phenotype
ZP:0009305,"axial mesoderm sigmoid, abnormal",,phenotype
MP:0000075,absent neurocranium,,phenotype
ClinVarVariant:803855,NM_004006.3(DMD):c.6023C>G (p.Ser2008Ter),,variant
ENSEMBL:ENSOANG00000004946,ENSEMBL:ENSOANG00000004946,,gene
HGNC:11276,SPTBN2,,gene
MP:0004852,decreased testis weight,,phenotype
HP:0025487,Abnormality of bladder morphology,,phenotype
ZP:0016086,"trunk musculature degenerate, abnormal",,phenotype
RGD:620715,Kcnma1,,gene
HP:0005415,Decreased proportion of CD8-positive T cells,,phenotype
dictyBase:DDB_G0269900,DDB0190656,,gene
WBPhenotype:0001498,sperm pseudopod physiology variant,,phenotype
MP:0011093,"embryonic lethality at implantation, complete penetrance",,phenotype
MP:0000627,abnormal mammary gland morphology,,phenotype
WBPhenotype:0001151,pronucleus centrosomes defective early emb,,phenotype
ZP:0004758,"post-vent vasculature morphology, abnormal",,phenotype
MP:0004198,abnormal fetal size,,phenotype
FBcv:0000435,abnormal neuroanatomy,,phenotype
MP:0004246,abnormal extensor digitorum longus morphology,,phenotype
MP:0020280,increased creatine kinase level,,phenotype
MP:0004071,prolonged P wave,,phenotype
HP:0005227,Adenomatous colonic polyposis,,phenotype
HP:0001156,Brachydactyly,,phenotype
ZP:0010942,"pronephric glomerular capillary increased size, abnormal",,phenotype
ENSEMBL:ENSMODG00000021454,ENSEMBL:ENSMODG00000021454,,gene
ZP:0000396,"nucleate erythrocyte decreased amount, abnormal",,phenotype
MP:0003755,abnormal palate morphology,,phenotype
WBPhenotype:0001594,germline transgene silencing variant,,phenotype
915,diphemanil,,drug
ENSEMBL:ENSBTAG00000004732,ENSEMBL:ENSBTAG00000004732,,gene
Xenbase:XB-GENE-482614,tnnt2,,gene
HP:0002763,Abnormal cartilage morphology,,phenotype
ENSEMBL:ENSMODG00000011495,ENSEMBL:ENSMODG00000011495,,gene
ZP:0002031,"cardiac ventricle non-contractile, abnormal",,phenotype
ENSEMBL:ENSACAG00000004758,ENSEMBL:ENSACAG00000004758,,gene
ZP:0011921,"pronephric tubule separated from ciliary basal body apical plasma membrane pronephric tubule, abnormal",,phenotype
ENSEMBL:ENSFCAG00000013579,ENSEMBL:ENSFCAG00000013579,,gene
ZP:0137788,"pericardium increased amount, abnormal",,phenotype
WormBase:WBGene00003514,myo-2,,gene
FlyBase:FBgn0027052,STUB1,,gene
ENSEMBL:ENSPTRG00000014879,ENSEMBL:ENSPTRG00000014879,,gene
MP:0003358,abnormal hypaxial muscle morphology,,phenotype
ENSEMBL:ENSCAFG00000004049,HDAC2,,gene
ZFIN:ZDB-GENE-070911-2,clstn2,,gene
MP:0003416,premature bone ossification,,phenotype
MGI:105070,Tnni2,,gene
MP:0012501,abnormal pericardial cavity morphology,,phenotype
HP:0003312,Abnormal form of the vertebral bodies,,phenotype
ENSEMBL:ENSBTAG00000011412,LAMB1,,gene
ClinVarVariant:984095,NM_004006.3(DMD):c.10699C>T (p.Gln3567Ter),,variant
ZFIN:ZDB-GENE-030826-16,tpm3,,gene
ENSEMBL:ENSCAFG00000029700,LPAR6,,gene
ClinVarVariant:526178,NC_000023.11:g.(?_32216896)_(32217083_?)del,,variant
FBcv:0002015,partially lethal,,phenotype
MP:0001800,abnormal humoral immune response,,phenotype
1511,isradipine,,drug
ZP:0003019,"cranial nerve II morphology, abnormal",,phenotype
ClinVarVariant:526147,NC_000023.11:g.(?_31929576)_(32217083_?)del,,variant
MP:0012135,embryonic-extraembryonic boundary constriction,,phenotype
HP:0000870,Increased circulating prolactin concentration,,phenotype
MP:0012431,increased lymphoma incidence,,phenotype
ENSEMBL:ENSPTRG00000012085,ENSEMBL:ENSPTRG00000012085,,gene
ClinVarVariant:94654,NM_004006.2(DMD):c.5134C>T (p.Gln1712Ter),,variant
ENSEMBL:ENSFCAG00000004919,ENSEMBL:ENSFCAG00000004919,,gene
MP:0002199,abnormal brain commissure morphology,,phenotype
MP:0013967,abnormal infrahyoid muscle connection,,phenotype
ClinVarVariant:455846,NC_000023.11:g.(?_32823275)_(32849840_?)del,,variant
ENSEMBL:ENSOANG00000043203,ENSEMBL:ENSOANG00000043203,,gene
ENSEMBL:ENSMODG00000002485,ENSEMBL:ENSMODG00000002485,,gene
ClinVarVariant:11234,"DMD, 1-BP DEL, 10334C AND IVS69, G-T, +1",,variant
ENSEMBL:ENSBTAG00000009218,ANLN,,gene
ENSEMBL:ENSACAG00000003759,ENSEMBL:ENSACAG00000003759,,gene
ENSEMBL:ENSGALG00000040397,HAUS1,,gene
WBPhenotype:0001077,chromosome segregation variant karyomeres early emb,,phenotype
ENSEMBL:ENSCAFG00000003897,ENSEMBL:ENSCAFG00000003897,,gene
WBPhenotype:0000232,CAN cell migration variant,,phenotype
Xenbase:XB-GENE-493173,trim63,,gene
ENSEMBL:ENSECAG00000015766,ENSEMBL:ENSECAG00000015766,,gene
HP:0000684,Delayed eruption of teeth,,phenotype
WormBase:WBGene00019608,ani-2,,gene
ClinVarVariant:526072,NM_004006.2(DMD):c.2776C>T (p.Gln926Ter),,variant
P48050,Inward rectifier potassium channel 4,,gene product
ENSEMBL:ENSSSCG00000031858,ENSEMBL:ENSSSCG00000031858,,gene
WBPhenotype:0001570,body wall muscle actin organization defective,,phenotype
ZP:0007169,"slow muscle cell has fewer parts of type myofibril slow muscle cell, abnormal",,phenotype
ENSEMBL:ENSCAFG00000017535,KIF23,,gene
ENSEMBL:ENSPTRG00000052222,ENSEMBL:ENSPTRG00000052222,,gene
FlyBase:CG4370,FlyBase:CG4370,,gene
ENSEMBL:ENSMODG00000016753,ENSEMBL:ENSMODG00000016753,,gene
ZP:0100536,"facial nerve motor nucleus displaced to motor neuron rhombomere 4, abnormal",,phenotype
dbSNPIndividual:21756,DMD(EX45DEL); arr Xp21.1(31869808-32028005)x0;arr[hg19] Xp21.1(31;959;887-32;118;084)x0&#x0D;&#x0A; [GM05112],,genotype
ClinVarVariant:984680,NM_004006.3(DMD):c.1672del (p.Leu558fs),,variant
RGD:3251,Pak3,,gene
MGI:101864,Dag1,,gene
ZFIN:ZDB-GENE-030131-55,acta1b,,gene
2050,aminosalicylic acid,,drug
HP:0006101,Finger syndactyly,,phenotype
ENSEMBL:ENSMODG00000000395,ENSEMBL:ENSMODG00000000395,,gene
WormBase:WBGene00007546,nhr-153,,gene
MP:0004792,abnormal synaptic vesicle number,,phenotype
HGNC:3097,DYSF,,gene
ZFIN:ZDB-GENE-040625-119,tnni2a.4,,gene
ENSEMBL:ENSFCAG00000001036,ENSEMBL:ENSFCAG00000001036,,gene
ZFIN:ZDB-GENE-020419-24,mcm2,,gene
ENSEMBL:ENSACAG00000011859,ENSEMBL:ENSACAG00000011859,,gene
EFO:0004587,lymphocyte count,,phenotype
ENSEMBL:ENSPTRG00000018680,ENSEMBL:ENSPTRG00000018680,,gene
ZP:0000511,"intersegmental vessel decreased size, abnormal",,phenotype
ENSEMBL:ENSGALG00000004796,ENSEMBL:ENSGALG00000004796,,gene
ENSEMBL:ENSFCAG00000005056,ENSEMBL:ENSFCAG00000005056,,gene
ENSEMBL:ENSSSCG00000015355,DGKB,,gene
HP:0040162,Orthokeratosis,,phenotype
MP:0000511,abnormal intestinal mucosa morphology,,phenotype
HP:0001817,Absent fingernail,,phenotype
HP:0001371,Flexion contracture,,phenotype
EFO:0004842,eosinophil count,,phenotype
WBPhenotype:0001384,fertility reduced,,phenotype
ENSEMBL:ENSMODG00000001423,ENSEMBL:ENSMODG00000001423,,gene
HP:0002176,Spinal cord compression,,phenotype
MP:0011951,increased cardiac stroke volume,,phenotype
MP:0000601,small liver,,phenotype
ClinVarVariant:803876,NM_004006.3(DMD):c.4352T>G (p.Leu1451Ter),,variant
ENSEMBL:ENSMMUG00000064405,ENSEMBL:ENSMMUG00000064405,,gene
ZFIN:ZDB-GENE-030616-266,tnni1a,,gene
ClinVarVariant:660139,NC_000023.11:g.(?_31819965)_(31968524_?)del,,variant
HP:0011123,Inflammatory abnormality of the skin,,phenotype
MP:0003852,skeletal muscle necrosis,,phenotype
EFO:0008579,risk-taking behaviour,,phenotype
ENSEMBL:ENSMODG00000006749,ENSEMBL:ENSMODG00000006749,,gene
HP:0001824,Weight loss,,phenotype
ZP:0003078,"A band cardiac muscle cell disorganized, abnormal",,phenotype
ClinVarVariant:94462,NM_004006.3(DMD):c.1341_1342dup (p.Val448fs),,variant
MP:0009403,increased variability of skeletal muscle fiber size,,phenotype
ENSEMBL:ENSFCAG00000008650,ENSEMBL:ENSFCAG00000008650,,gene
MESH:D008775,Methylprednisolone,,drug
ZP:0002234,"cell division increased occurrence, abnormal",,phenotype
MP:0008566,increased interferon-gamma secretion,,phenotype
MP:0009416,cardiac muscle degeneration,,phenotype
ZP:0002968,"sarcomere muscle morphology, abnormal",,phenotype
FBcv:0000352,partially lethal - majority die,,phenotype
5345,entrectinib,,drug
ENSEMBL:ENSPTRG00000004780,ENSEMBL:ENSPTRG00000004780,,gene
ENSEMBL:ENSMMUG00000012033,ENSEMBL:ENSMMUG00000012033,,gene
ZP:0007275,"head mesenchyme position, abnormal",,phenotype
EFO:0004736,aspartate aminotransferase measurement,,phenotype
HGNC:7576,MYH6,,gene
OMIM:300377.0016,"DMD, 1-BP DEL, 2568C",,variant
MP:0010357,increased prostate gland tumor incidence,,phenotype
ZP:0018736,"membrane skeletal muscle cell convolute, abnormal",,phenotype
FlyBase:FBgn0000121,Arr2,,gene
ZP:0002980,"optokinetic behavior decreased rate, abnormal",,phenotype
ZP:0000435,"muscle tendon junction myotome morphology, abnormal",,phenotype
SGD:S000004711,PGM2,,gene
ZP:0005847,"photoreceptor outer segment photoreceptor cell decreased length, abnormal",,phenotype
ZFIN:ZDB-GENE-070112-2362,mybpc3,,gene
ZP:0009836,"secondary motor neuron decreased process quality axon extension, abnormal",,phenotype
OMIA-breed:75,Labrador Retriever (dog),,biological artifact
WBPhenotype:0001360,hermaphrodite self sterile,,phenotype
ZFIN:ZDB-GENE-031114-5,ptk2aa,,gene
ZP:0000431,"myotome increased size, abnormal",,phenotype
ZP:0011759,"melanocyte process quality neural crest cell migration, abnormal",,phenotype
ENSEMBL:ENSMMUG00000011153,ENSEMBL:ENSMMUG00000011153,,gene
ZP:0009289,"hindbrain cellular quality, abnormal",,phenotype
EFO:0004348,hematocrit,,phenotype
ENSEMBL:ENSPTRG00000005353,ENSEMBL:ENSPTRG00000005353,,gene
ZP:0104533,"pharynx development process quality, abnormal",,phenotype
MGI:1890619,Gan,,gene
Xenbase:XB-GENE-990048,lamc2,,gene
ZP:0019066,"T-tubule skeletal muscle cell bent, abnormal",,phenotype
ZP:0019765,"striated muscle thin filament ventricular myocardium decreased amount, abnormal",,phenotype
ZP:0019816,"filopodium neuron increased length, abnormal",,phenotype
WormBase:WBGene00011734,mlc-5,,gene
MP:0011269,increased excitatory postsynaptic current amplitude,,phenotype
dbSNP:rs72680082,rs72680082-?,,variant
MP:0001661,extended life span,,phenotype
HP:0012125,Prostate cancer,,phenotype
MP:0002822,catalepsy,,phenotype
MP:0004070,abnormal P wave,,phenotype
MONARCH:APO_0000131APO_0000003,protein/peptide modification:decreased,,phenotype
RGD:3729,Snca,,gene
ClinVarVariant:983655,NM_004006.3(DMD):c.5860A>T (p.Lys1954Ter),,variant
ZFIN:ZDB-GENE-030616-74,arr3b,,gene
MP:0010155,abnormal intestine physiology,,phenotype
ENSEMBL:ENSACAG00000003497,ENSEMBL:ENSACAG00000003497,,gene
MP:0004230,abnormal embryonic erythrocyte morphology,,phenotype
MONARCH:APO_0000307APO_0000245,anaerobic growth:decreased rate,,phenotype
MP:0012280,abnormal sternebra size,,phenotype
ZP:0002925,"heart bilateral symmetry, abnormal",,phenotype
WormBase:WBGene00003822,nsy-1,,gene
HGNC:7727,NEDD4,,gene
ZP:0003275,"fin degenerate, abnormal",,phenotype
ENSEMBL:ENSXETG00000040777,slit2,,gene
MP:0031204,hindlimb paresis,,phenotype
HP:0011968,Feeding difficulties,,phenotype
FlyBase:FBgn0261800,LanB1,,gene
MP:0004331,vestibular saccular macula degeneration,,phenotype
Xenbase:XB-GENE-1011198,tns3,,gene
Xenbase:XB-GENE-949773,arhgef6,,gene
MP:0001625,cardiac hypertrophy,,phenotype
Coriell:GM05125,NIGMS-GM05125,,biological artifact
ClinVarVariant:409933,NM_000109.4(DMD):c.9626-4_9631del,,variant
ENSEMBL:ENSSSCG00000036595,TNFRSF6B,,gene
HP:0006466,Ankle flexion contracture,,phenotype
WBPhenotype:0000656,acetylcholine synaptic transmission variant,,phenotype
MP:0009814,increased prostaglandin level,,phenotype
ENSEMBL:ENSPTRG00000009926,ENSEMBL:ENSPTRG00000009926,,gene
ENSEMBL:ENSFCAG00000008372,ENSEMBL:ENSFCAG00000008372,,gene
ZP:0019902,"somite detached from muscle cell somite, abnormal",,phenotype
HGNC:12665,VCL,,gene
ClinVarVariant:526093,NM_004006.2(DMD):c.5266C>T (p.Gln1756Ter),,variant
HP:0002644,Abnormality of pelvic girdle bone morphology,,phenotype
ZP:0001034,"larval locomotory behavior increased frequency, abnormal",,phenotype
HP:0000316,Hypertelorism,,phenotype
FlyBase:FBgn0031261,nAChRbeta3,,gene
ENSEMBL:ENSCAFG00000013875,MYL1,,gene
dbSNP:rs12524310,rs12524310-?,,variant
Coriell:GM03781,NIGMS-GM03781,,biological artifact
ENSEMBL:ENSECAG00000019366,ENSEMBL:ENSECAG00000019366,,gene
RGD:1561494,Wdr54,,gene
Xenbase:XB-GENE-949779,eml1,,gene
MGI:3655088,Dmd<mdx>/Dmd<mdx>; Foxk1<tm1Djg>/Foxk1<tm1Djg> [involves: 129S4/SvJae * C57BL/10ScSn],,genotype
MP:0001648,abnormal apoptosis,,phenotype
ENSEMBL:ENSSSCG00000012631,ENSEMBL:ENSSSCG00000012631,,gene
OMIM:300377.0058,"DMD, 1-BP INS, 7188A",,variant
ZP:0007735,"respiratory system development disrupted, abnormal",,phenotype
ENSEMBL:ENSPTRG00000021165,ENSEMBL:ENSPTRG00000021165,,gene
ENSEMBL:ENSFCAG00000005118,ENSEMBL:ENSFCAG00000005118,,gene
ENSEMBL:ENSACAG00000008216,ENSEMBL:ENSACAG00000008216,,gene
ZFIN:ZDB-GENE-021226-3,lamc1,,gene
HGNC:9801,RAC1,,gene
MP:0001231,abnormal epidermis stratum basale morphology,,phenotype
ZFIN:ZDB-GENE-060531-133,sptbn4a,,gene
HGNC:6483,LAMA3,,gene
ENSEMBL:ENSCAFG00000012301,TNS3,,gene
RGD:1311434,Ctnnal1,,gene
WBPhenotype:0000249,osmotic avoidance defective,,phenotype
ClinVarVariant:803953,NM_004006.3(DMD):c.263_264dup (p.Val89fs),,variant
342,bepridil,,drug
ClinVarVariant:526076,NM_004006.2(DMD):c.6408G>A (p.Trp2136Ter),,variant
MP:0004001,decreased hepatocyte proliferation,,phenotype
ZP:0003024,"forebrain midbrain boundary increased width, abnormal",,phenotype
MP:0001109,absent Schwann cell precursors,,phenotype
ZP:0002173,"cardiac conduction rhythm quality, abnormal",,phenotype
ZP:0000399,"head flat, abnormal",,phenotype
ENSEMBL:ENSECAG00000021576,ENSEMBL:ENSECAG00000021576,,gene
RGD:1303243,Sptb,,gene
EFO:0007845,lip morphology measurement,,phenotype
HP:0012676,Copper accumulation in brain,,phenotype
ZP:0001133,"cerebellum apoptotic, abnormal",,phenotype
P18031,Tyrosine-protein phosphatase non-receptor type 1,,gene product
PomBase:SPAC15A10.08,ain1,,gene
Xenbase:XB-GENE-1011513,osbpl1a,,gene
ClinVarVariant:11226,NM_000109.4(DMD):c.2356+3A>C,,variant
ZP:0002546,"cilium pronephric duct disorganized, abnormal",,phenotype
ClinVarVariant:653513,NC_000023.11:g.(?_31819965)_(31836829_?)del,,variant
ENSEMBL:ENSMMUG00000020875,ENSEMBL:ENSMMUG00000020875,,gene
HP:0001698,Pericardial effusion,,phenotype
WBPhenotype:0001745,adherens junction variant,,phenotype
ZP:0020577,"muscle adaptation decreased process quality, abnormal",,phenotype
WBPhenotype:0000387,sperm nonmotile,,phenotype
HP:0000160,Narrow mouth,,phenotype
ZP:0007277,"primordial hindbrain channel fragile, abnormal",,phenotype
MP:0003786,premature aging,,phenotype
ClinVarVariant:526063,NM_000109.4(DMD):c.833dup (p.Tyr278Ter),,variant
ClinVarVariant:813444,NM_004006.3(DMD):c.10395-1G>A,,variant
HP:0008504,Moderate sensorineural hearing impairment,,phenotype
ENSEMBL:ENSECAG00000019476,ENSEMBL:ENSECAG00000019476,,gene
ZP:0001145,"post-vent region kinked, abnormal",,phenotype
dbSNPIndividual:19147,DMD(ARG2905TER); arr(1-22)x2;(XY)x1 [GM04619],,genotype
ClinVarVariant:803928,NM_004006.3(DMD):c.1734dup (p.Glu579fs),,variant
Xenbase:XB-GENE-6258438,lpar6,,gene
ZP:0007995,"T-tubule skeletal muscle cell disorganized, abnormal",,phenotype
HP:0010882,Pulmonary valve atresia,,phenotype
ENSEMBL:ENSOANG00000010721,ENSEMBL:ENSOANG00000010721,,gene
ENSEMBL:ENSMODG00000012968,ENSEMBL:ENSMODG00000012968,,gene
MP:0005292,improved glucose tolerance,,phenotype
MP:0004322,abnormal sternebra morphology,,phenotype
MP:0030956,abnormal neuronal precursor cell migration,,phenotype
dbSNPIndividual:19087,DMD(GLN1965TER); arr(1-22)x2;(XY)x1 [GM04978],,genotype
ClinVarVariant:94518,NM_004006.2(DMD):c.251del (p.Leu84fs),,variant
NCBIGene:100488564,LOC100488564,,gene
MP:0003149,abnormal tectorial membrane morphology,,phenotype
MP:0009939,abnormal hippocampus neuron morphology,,phenotype
MP:0000733,abnormal muscle development,,phenotype
ENSEMBL:ENSSSCG00000029131,KCNU1,,gene
WormBase:WBGene00003659,nhr-69,,gene
ZP:0001587,"gastrulation process quality, abnormal",,phenotype
ENSEMBL:ENSMODG00000008614,ENSEMBL:ENSMODG00000008614,,gene
HP:0011220,Prominent forehead,,phenotype
MP:0010132,decreased DN2 thymocyte number,,phenotype
HP:0003540,Impaired platelet aggregation,,phenotype
ZP:0007876,"Z disc cardiac ventricle morphology, abnormal",,phenotype
ENSEMBL:ENSSSCG00000023031,TNNT2,,gene
ZP:0004739,"retinal outer nuclear layer decreased thickness, abnormal",,phenotype
5297,dacomitinib,,drug
dictyBase:DDB_G0289511,act28,,gene
ENSEMBL:ENSCAFG00000013056,ZGPAT,,gene
ENSEMBL:ENSPTRG00000011962,ENSEMBL:ENSPTRG00000011962,,gene
ZFIN:ZDB-GENE-050320-80,mybpc2b,,gene
HP:0012864,Abnormal sperm morphology,,phenotype
HP:0006989,Dysplastic corpus callosum,,phenotype
HP:0011025,Abnormal cardiovascular system physiology,,phenotype
ZP:0003239,"facial nerve motor nucleus mislocalised anteriorly, abnormal",,phenotype
ENSEMBL:ENSECAG00000016336,ENSEMBL:ENSECAG00000016336,,gene
2274,prochlorperazine,,drug
MP:0002942,decreased circulating alanine transaminase level,,phenotype
HGNC:1485,CAPN8,,gene
dictyBase:DDB_G0286355,mhcA,,gene
ClinVarVariant:455819,NC_000023.11:g.(?_31875168)_(31932247_?)del,,variant
MP:0003722,absent ureter,,phenotype
MP:0030806,abnormal autopod joint morphology,,phenotype
HP:0000171,Microglossia,,phenotype
MP:0005640,abnormal mean corpuscular hemoglobin concentration,,phenotype
2298,propiomazine,,drug
MP:0009677,abnormal spinal cord dorsal column morphology,,phenotype
ZP:0008042,"optokinetic behavior process quality, abnormal",,phenotype
MGI:1919055,Nup93,,gene
EFO:0006330,response to buspirone,,phenotype
ENSEMBL:ENSGALG00000006757,XYLT1,,gene
WBPhenotype:0000461,paraquat resistant,,phenotype
ClinVarVariant:984112,NM_004006.3(DMD):c.1501G>T (p.Glu501Ter),,variant
RGD:1560062,Lama4,,gene
MP:0001213,abnormal skin cell number,,phenotype
MP:0004910,decreased seminal vesicle weight,,phenotype
ZP:0003021,"myotome U-shaped, abnormal",,phenotype
ZP:0002177,"chondrocyte Meckel's cartilage decreased size, abnormal",,phenotype
ENSEMBL:ENSACAG00000001200,ENSEMBL:ENSACAG00000001200,,gene
MP:0013486,decreased Paneth cell number,,phenotype
HP:0000074,Ureteropelvic junction obstruction,,phenotype
ZP:0100181,"skeletal muscle detached from myofibril muscle tendon junction skeletal muscle, abnormal",,phenotype
Xenbase:XB-GENE-6258237,marcks,,gene
EFO:0004339,body height,,phenotype
ENSEMBL:ENSPTRG00000013108,ENSEMBL:ENSPTRG00000013108,,gene
ENSEMBL:ENSCAFG00000017390,ENSEMBL:ENSCAFG00000017390,,gene
EFO:0003923,bone density,,phenotype
ENSEMBL:ENSFCAG00000023593,ENSEMBL:ENSFCAG00000023593,,gene
ZP:0000187,"retina malformed, abnormal",,phenotype
ENSEMBL:ENSCAFG00000015467,ENSEMBL:ENSCAFG00000015467,,gene
FlyBase:FBal0002369,Dys[det-1],,biological artifact
ClinVarVariant:830845,NC_000023.11:g.(?_32644122)_(32644323_?)del,,variant
ClinVarVariant:803853,NM_004006.3(DMD):c.6300del (p.Asp2100fs),,variant
HP:0001239,Wrist flexion contracture,,phenotype
MP:0011206,absent visceral yolk sac,,phenotype
MP:0009219,increased prostate intraepithelial neoplasia incidence,,phenotype
HP:0030313,Abnormal periosteum morphology,,phenotype
ZP:0003017,"laminin complex somite decreased amount, abnormal",,phenotype
MP:0006413,increased T cell apoptosis,,phenotype
ZP:0004012,"fast muscle myoblast binucleate, abnormal",,phenotype
ZP:0001496,"trunk musculature dystrophic, abnormal",,phenotype
ZP:0002963,"whole organism dystrophic, abnormal",,phenotype
MP:0001475,reduced long term depression,,phenotype
WBPhenotype:0000777,polar body extrusion defective early emb,,phenotype
HGNC:12692,VIM,,gene
MP:0013824,abnormal hypoglossal canal morphology,,phenotype
ENSEMBL:ENSPTRG00000011861,ENSEMBL:ENSPTRG00000011861,,gene
MP:0011085,"postnatal lethality, complete penetrance",,phenotype
HGNC:16007,TRIM63,,gene
WBPhenotype:0000142,cell stress response variant,,phenotype
WBPhenotype:0000274,dead eggs laid,,phenotype
ZP:0000581,"cranium edematous, abnormal",,phenotype
ZP:0018905,"fast muscle cell myotome decreased area, abnormal",,phenotype
ClinVarVariant:526142,NC_000023.11:g.(?_31875168)_(31875393_?)del,,variant
ENSEMBL:ENSGALG00000005448,ENSEMBL:ENSGALG00000005448,,gene
MP:0008222,decreased hippocampal commissure size,,phenotype
ZP:0102362,"basal side cardiac muscle cell absent, abnormal",,phenotype
ZP:0018616,"cell body microglial cell increased size, abnormal",,phenotype
ZFIN:ZDB-GENE-000322-6,mylz3,,gene
MP:0004930,small epididymis,,phenotype
WormBase:WBGene00003613,nhr-14,,gene
ZP:0001033,"larval locomotory behavior amplitude, abnormal",,phenotype
ClinVarVariant:455808,NC_000023.10:g.(?_31747728)_(31986651_?)del,,variant
ENSEMBL:ENSMODG00000005094,ENSEMBL:ENSMODG00000005094,,gene
HP:0000821,Hypothyroidism,,phenotype
HP:0003687,Centrally nucleated skeletal muscle fibers,,phenotype
ENSEMBL:ENSMMUG00000016936,ENSEMBL:ENSMMUG00000016936,,gene
ClinVarVariant:455947,NM_004006.2(DMD):c.9649+1G>A,,variant
WBPhenotype:0002587,Pluronic gel burrowing impaired,,phenotype
1810,miltefosine,,drug
HP:0011704,Sick sinus syndrome,,phenotype
HP:0005328,Progeroid facial appearance,,phenotype
ClinVarVariant:803805,NM_004006.3(DMD):c.9344del (p.Leu3115fs),,variant
ENSEMBL:ENSOANG00000005298,ENSEMBL:ENSOANG00000005298,,gene
ClinVarVariant:832056,NC_000023.11:g.(?_32461199)_(32573856_?)del,,variant
ZP:0001507,"muscle structure, abnormal",,phenotype
ENSEMBL:ENSMODG00000011969,ENSEMBL:ENSMODG00000011969,,gene
ENSEMBL:ENSMODG00000015513,ENSEMBL:ENSMODG00000015513,,gene
HP:0001258,Spastic paraplegia,,phenotype
MP:0000297,abnormal atrioventricular cushion morphology,,phenotype
WBPhenotype:0000535,organism morphology variant,,phenotype
ZP:0000663,"cephalic musculature decreased amount, abnormal",,phenotype
ZP:0100741,"rhombomere 4 has extra parts of type facial nerve motor nucleus neuron projection motor neuron, abnormal",,phenotype
MP:0000333,decreased bone marrow cell number,,phenotype
ZP:0011919,"pronephric tubule decreased process quality ciliary basal body organization, abnormal",,phenotype
ZP:0002982,"determination of pancreatic left/right asymmetry decreased process quality, abnormal",,phenotype
PomBase:SPCC132.02,hst2,,gene
ENSEMBL:ENSECAG00000019631,ENSEMBL:ENSECAG00000019631,,gene
EFO:0007038,Influenza A seropositivity,,phenotype
dbSNPIndividual:17362,DMD(EX45-50DEL); arr Xp21.1(31724075-31928364)x0 [GM05017],,genotype
ClinVarVariant:495113,NM_004006.2(DMD):c.2292+2T>G,,variant
MP:0030957,abnormal myotube morphology,,phenotype
ENSEMBL:ENSGALG00000004710,ENSEMBL:ENSGALG00000004710,,gene
ENSEMBL:ENSGALG00000032404,MYH1C,,gene
MP:0002637,small uterus,,phenotype
ClinVarVariant:162497,NM_004006.3(DMD):c.1812+1G>A,,variant
ENSEMBL:ENSECAG00000015657,ENSEMBL:ENSECAG00000015657,,gene
ZP:0104770,"(3,4-dihydroxyphenyl)acetic acid hindbrain decreased amount, abnormal",,phenotype
FlyBase:FBgn0002773,Mlc2,,gene
ZP:0008026,"eye lacks all parts of type retinal photoreceptor layer, abnormal",,phenotype
HGNC:18035,EML2,,gene
ClinVarVariant:981963,NC_000023.11:g.(31774193_31819974)_(31820084_31836717)del,,variant
ENSEMBL:ENSFCAG00000026500,ENSEMBL:ENSFCAG00000026500,,gene
MP:0001853,heart inflammation,,phenotype
ENSEMBL:ENSBTAG00000008946,CAPN13,,gene
MP:0003845,abnormal decidualization,,phenotype
HP:0000767,Pectus excavatum,,phenotype
dictyBase:DDB_G0277077,DDB0217896,,gene
MP:0011282,increased podocyte apoptosis,,phenotype
HP:0001695,Cardiac arrest,,phenotype
HP:0002152,Hyperproteinemia,,phenotype
HP:0100671,Abnormal trabecular bone morphology,,phenotype
ZP:0000513,"nucleate erythrocyte shape, abnormal",,phenotype
ClinVarVariant:455839,NC_000023.10:g.(?_32632400)_(32632590_?)dup,,variant
HP:0000097,Focal segmental glomerulosclerosis,,phenotype
ClinVarVariant:831164,NC_000023.11:g.(?_32287519)_(32386475_?)del,,variant
ZP:0002953,"basement membrane vertical myoseptum irregular spatial pattern, abnormal",,phenotype
MGI:1891731,Stub1,,gene
ENSEMBL:ENSFCAG00000002702,ENSEMBL:ENSFCAG00000002702,,gene
ENSEMBL:ENSECAG00000008399,ENSEMBL:ENSECAG00000008399,,gene
FlyBase:FBgn0038042,Scgbeta,,gene
HP:0003324,Generalized muscle weakness,,phenotype
ENSEMBL:ENSPTRG00000001375,ENSEMBL:ENSPTRG00000001375,,gene
ZP:0002967,"sarcoplasmic reticulum muscle unstructured, abnormal",,phenotype
ClinVarVariant:966170,NM_004006.3(DMD):c.1238C>A (p.Ser413Ter),,variant
MP:0008026,abnormal brain white matter morphology,,phenotype
ZFIN:ZDB-FISH-150901-8844,dmd<ta222a>/dmd<ta222a> [unspecified background],,genotype
MP:0008762,embryonic lethality,,phenotype
EFO:0006329,response to citalopram,,phenotype
ENSEMBL:ENSECAG00000034915,ENSEMBL:ENSECAG00000034915,,gene
ZP:0006620,"cardiac ventricle action potential, abnormal",,phenotype
ZP:0011236,"ribbon synapse neuromast hair cell morphology, abnormal",,phenotype
ZP:0009307,"white matter lacks parts or has fewer parts of type supraoptic tract, abnormal",,phenotype
OMIA-breed:774,Rat Terrier (dog),,biological artifact
WBPhenotype:0000275,organism UV hypersensitive,,phenotype
MP:0001792,impaired wound healing,,phenotype
EFO:0009963,bipolar I disorder,,phenotype
MP:0000813,abnormal hippocampus layer morphology,,phenotype
1150,fenfluramine,,drug
ENSEMBL:ENSFCAG00000000232,ENSEMBL:ENSFCAG00000000232,,gene
ClinVarVariant:94697,NM_004006.2(DMD):c.6283C>T (p.Arg2095Ter),,variant
MP:0008493,alpha-synuclein inclusion body,,phenotype
MP:0008432,abnormal long term spatial reference memory,,phenotype
HP:0003700,Generalized amyotrophy,,phenotype
ENSEMBL:ENSMODG00000015380,ENSEMBL:ENSMODG00000015380,,gene
ENSEMBL:ENSMODG00000011569,ENSEMBL:ENSMODG00000011569,,gene
ENSEMBL:ENSSSCG00000037499,NEDD4,,gene
ClinVarVariant:455853,NM_004006.2(DMD):c.10238del (p.Ile3413fs),,variant
ENSEMBL:ENSSSCG00000004628,ENSEMBL:ENSSSCG00000004628,,gene
MP:0002652,thin myocardium,,phenotype
ClinVarVariant:803792,NM_004006.3(DMD):c.9959C>T (p.Pro3320Leu),,variant
ENSEMBL:ENSOANG00000000204,ENSEMBL:ENSOANG00000000204,,gene
ClinVarVariant:656845,NC_000023.11:g.(?_31819965)_(31929755_?)del,,variant
MGI:5697652,Dmd<mdx>/Dmd<mdx> [D2.B10-Dmd<mdx>/J],,genotype
ZP:0000311,"apoptotic process increased occurrence, abnormal",,phenotype
HP:0012594,Moderate albuminuria,,phenotype
HP:0001263,Global developmental delay,,phenotype
HP:0001998,Neonatal hypoglycemia,,phenotype
FBcv:0002041,some die during embryonic stage,,phenotype
ENSEMBL:ENSMMUG00000009452,ENSEMBL:ENSMMUG00000009452,,gene
ZP:0011630,"renal tubule dilated, abnormal",,phenotype
ClinVarVariant:217175,NM_004006.2(DMD):c.1150-2del,,variant
HP:0007126,Proximal amyotrophy,,phenotype
ZP:0000159,"whole organism shape, abnormal",,phenotype
ClinVarVariant:640322,NM_004006.2(DMD):c.7066C>T (p.Gln2356Ter),,variant
FlyBase:FBgn0003525,stg,,gene
ClinVarVariant:94669,NM_004006.3(DMD):c.5530C>T,,variant
ClinVarVariant:584324,NC_000023.11:g.(?_32216896)_(32849840_?)del,,variant
MP:0002045,increased renal cystadenoma incidence,,phenotype
Xenbase:XB-GENE-481588,tnnt1,,gene
WBPhenotype:0001396,pumping absent,,phenotype
EFO:0004995,lean body mass,,phenotype
HP:0010628,Facial palsy,,phenotype
WBPhenotype:0001046,pharyngeal muscle morphology variant,,phenotype
ENSEMBL:ENSECAG00000019096,ENSEMBL:ENSECAG00000019096,,gene
MP:0000448,pointed snout,,phenotype
ZP:0016071,"heart absent, abnormal",,phenotype
MP:0003674,oxidative stress,,phenotype
ClinVarVariant:594248,NM_000109.4(DMD):c.5539C>T (p.Gln1847Ter),,variant
ENSEMBL:ENSMMUG00000002328,ENSEMBL:ENSMMUG00000002328,,gene
ENSEMBL:ENSECAG00000020407,ENSEMBL:ENSECAG00000020407,,gene
ENSEMBL:ENSACAG00000002200,ENSEMBL:ENSACAG00000002200,,gene
ZP:0003572,"heart contraction decreased occurrence, abnormal",,phenotype
WormBase:WBGene00011100,nhr-209,,gene
FlyBase:FBgn0004687,Mlc-c,,gene
MP:0009406,decreased skeletal muscle fiber number,,phenotype
dictyBase:DDB_G0292160,DDB_G0292160,,gene
HP:0001644,Dilated cardiomyopathy,,phenotype
MP:0003231,abnormal placenta vasculature,,phenotype
ZP:0000692,"blood circulation absent, abnormal",,phenotype
ENSEMBL:ENSMMUG00000008934,ENSEMBL:ENSMMUG00000008934,,gene
ENSEMBL:ENSPTRG00000018517,ENSEMBL:ENSPTRG00000018517,,gene
Xenbase:XB-GENE-995661,haus4,,gene
dictyBase:DDB_G0268744,act23,,gene
SGD:S000001084,NCP1,,gene
ZP:0003211,"hatching delayed, abnormal",,phenotype
MP:0004814,reduced linear vestibular evoked potential,,phenotype
ZP:0000739,"simple cuboidal epithelium displaced, abnormal",,phenotype
MP:0004485,increased response of heart to induced stress,,phenotype
MP:0011799,increased urinary bladder weight,,phenotype
ENSEMBL:ENSGALG00000014891,PELO,,gene
ENSEMBL:ENSGALG00000037726,ENSEMBL:ENSGALG00000037726,,gene
MP:0010763,abnormal hematopoietic stem cell physiology,,phenotype
ClinVarVariant:583518,NC_000023.11:g.(?_31968319)_(31968534_?)del,,variant
HP:0001363,Craniosynostosis,,phenotype
FlyBase:FBgn0005666,bt,,gene
ZP:0100142,"muscle tendon junction myotome decreased amount, abnormal",,phenotype
RGD:3157,Nedd4,,gene
FlyBase:FBgn0039525,CG5646,,gene
MP:0011471,decreased urine creatinine level,,phenotype
HP:0003146,Hypocholesterolemia,,phenotype
4225,axitinib,,drug
HP:0003555,Muscle fiber splitting,,phenotype
ZP:0012576,"sarcomere fast muscle cell malformed, abnormal",,phenotype
HGNC:11272,SPTA1,,gene
EFO:0004352,mortality,,phenotype
dictyBase:DDB_G0280253,tbc1d5A,,gene
MP:0000468,abnormal esophageal epithelium morphology,,phenotype
NCBITaxon:7955,Danio rerio,,taxon
ClinVarVariant:833025,NC_000023.11:g.(?_31875178)_(31875383_?)del,,variant
MP:0002920,decreased paired-pulse facilitation,,phenotype
MGI:1329042,Sgce,,gene
ENSEMBL:ENSMODG00000007536,ENSEMBL:ENSMODG00000007536,,gene
FBcv:0000351,lethal,,phenotype
ZP:0000452,"heart contraction rhythm quality, abnormal",,phenotype
WBPhenotype:0001478,body elongation variant,,phenotype
MP:0010239,decreased skeletal muscle weight,,phenotype
ENSEMBL:ENSOANG00000050533,ENSEMBL:ENSOANG00000050533,,gene
MONARCH:APO_0000208APO_0000002,chromosome segregation:abnormal,,phenotype
WBPhenotype:0001765,carbon dioxide avoidance variant,,phenotype
MP:0004499,increased incidence of tumors by chemical induction,,phenotype
WBPhenotype:0001864,protein transport variant,,phenotype
MP:0003413,hair follicle degeneration,,phenotype
HP:0000135,Hypogonadism,,phenotype
MP:0004703,abnormal vertebral column morphology,,phenotype
ZP:0020273,"Notch signaling involved in heart development decreased occurrence, abnormal",,phenotype
ENSEMBL:ENSACAG00000011920,ENSEMBL:ENSACAG00000011920,,gene
MP:0010771,integument phenotype,,phenotype
MP:0006344,small second pharyngeal arch,,phenotype
ENSEMBL:ENSFCAG00000008280,ENSEMBL:ENSFCAG00000008280,,gene
ENSEMBL:ENSCAFG00000002618,ENSEMBL:ENSCAFG00000002618,,gene
HP:0001510,Growth delay,,phenotype
ZFIN:ZDB-GENE-030131-5234,arf2b,,gene
ZP:0000943,"eye morphology, abnormal",,phenotype
ENSEMBL:ENSSSCG00000007872,XYLT1,,gene
ClinVarVariant:455800,NC_000023.10:g.(?_31747728)_(31893510_?)del,,variant
ZP:0021041,"myocardium increased occurrence cell population proliferation, abnormal",,phenotype
ClinVarVariant:984097,NM_004006.3(DMD):c.9362T>A (p.Leu3121Ter),,variant
HP:0002039,Anorexia,,phenotype
ZP:0001803,"heart contraction arrhythmic, abnormal",,phenotype
ClinVarVariant:526139,NC_000023.11:g.(?_31819955)_(31820103_?)del,,variant
MP:0004289,abnormal bony labyrinth,,phenotype
MP:0004363,stria vascularis degeneration,,phenotype
HP:0010562,Keloids,,phenotype
ZP:0001634,"notochord poorly differentiated, abnormal",,phenotype
WormBase:WBGene00010994,lgc-25,,gene
dictyBase:DDB_G0268622,rac1B,,gene
WBPhenotype:0000905,neuron morphology variant,,phenotype
ENSEMBL:ENSMODG00000009242,ENSEMBL:ENSMODG00000009242,,gene
ClinVarVariant:374132,NM_004006.2(DMD):c.10247G>A (p.Trp3416Ter),,variant
ENSEMBL:ENSBTAG00000047231,TNNI1,,gene
ZP:0102148,"caveola neck notochord inner cell increased width, abnormal",,phenotype
ENSEMBL:ENSSSCG00000020986,CAPN13,,gene
dictyBase:DDB_G0277859,mlcE,,gene
WormBase:WBGene00002247,lam-1,,gene
WBPhenotype:0001265,head movement variant,,phenotype
ZP:0005811,"photoreceptor outer segment retina disorganized, abnormal",,phenotype
HP:0000137,Abnormality of the ovary,,phenotype
MP:0004562,abnormal inner hair cell synaptic ribbon morphology,,phenotype
ENSEMBL:ENSOANG00000004932,ENSEMBL:ENSOANG00000004932,,gene
ENSEMBL:ENSSSCG00000035045,DOCK1,,gene
ZP:0007167,"taxis decreased process quality, abnormal",,phenotype
EFO:0006946,behavioural disinhibition measurement,,phenotype
332,benzthiazide,,drug
WBPhenotype:0002292,body posture amplitude decreased,,phenotype
ENSEMBL:ENSXETG00000038360,fam160b2,,gene
WBPhenotype:0001425,receptor mediated endocytosis defective,,phenotype
WBPhenotype:0000072,body morphology variant,,phenotype
ZP:0004669,"medial fin morphogenesis process quality, abnormal",,phenotype
ZP:0000667,"chondrocyte ceratohyal cartilage decreased size, abnormal",,phenotype
ZP:0000304,"cell population proliferation decreased occurrence, abnormal",,phenotype
MP:0000460,mandible hypoplasia,,phenotype
MP:0008536,enlarged third ventricle,,phenotype
ENSEMBL:ENSECAG00000019649,ENSEMBL:ENSECAG00000019649,,gene
WBPhenotype:0001395,body vacuole,,phenotype
ZP:0001207,"cardiac ventricle increased size, abnormal",,phenotype
HP:0001700,Myocardial necrosis,,phenotype
ClinVarVariant:455816,NC_000023.10:g.(?_31838072)_(31986651_?)del,,variant
ZP:0005884,"otic vesicle morphogenesis process quality, abnormal",,phenotype
ZP:0000064,"ceratohyal cartilage decreased size, abnormal",,phenotype
ZP:0017551,"caudal vein plexus has fewer parts of type blood vessel endothelial cell filopodium blood vessel endothelial cell, abnormal",,phenotype
HP:0004374,Hemiplegia/hemiparesis,,phenotype
ZP:0006774,"perichondral bone cranium hyperplastic, abnormal",,phenotype
ENSEMBL:ENSOANG00000013493,ENSEMBL:ENSOANG00000013493,,gene
ZP:0020986,"endothelial cell decreased accumulation atrioventricular valve, abnormal",,phenotype
ZP:0012207,"striated muscle cell detached from myofilament myoseptum, abnormal",,phenotype
HP:0100614,Myositis,,phenotype
Xenbase:XB-GENE-943307,sgcb,,gene
ClinVarVariant:217187,NM_004006.2(DMD):c.265-2A>G,,variant
MP:0030538,abnormal notochordal plate morphology,,phenotype
SGD:S000005473,SKM1,,gene
ZP:0137794,"myotome detached from muscle cell basement membrane myotome, abnormal",,phenotype
ENSEMBL:ENSSSCG00000023028,JAM2,,gene
WBPhenotype:0001405,protein aggregation variant,,phenotype
MP:0000877,abnormal Purkinje cell morphology,,phenotype
MP:0006267,abnormal intercalated disk morphology,,phenotype
MP:0000278,abnormal myocardial fiber morphology,,phenotype
ENSEMBL:ENSBTAG00000017679,ENSEMBL:ENSBTAG00000017679,,gene
WBPhenotype:0000646,sluggish,,phenotype
ClinVarVariant:803897,NM_004006.3(DMD):c.3157dup (p.Ile1053fs),,variant
HGNC:6485,LAMA5,,gene
HP:0001660,Truncus arteriosus,,phenotype
EFO:0010321,pars triangularis volume measurement,,phenotype
MP:0005192,increased motor neuron number,,phenotype
ClinVarVariant:949105,NM_004006.3(DMD):c.9897_9898del (p.His3299fs),,variant
MGI:894698,Sgca,,gene
FlyBase:FBgn0035798,frac,,gene
HP:0002719,Recurrent infections,,phenotype
MGI:1856328,Dmd<mdx>,,variant
WormBase:WBGene00000500,chn-1,,gene
ZFIN:ZDB-GENE-040718-60,slc25a48,,gene
ClinVarVariant:11263,NM_004013.2(DMD):c.-591C>T,,variant
MP:0008965,increased basal metabolism,,phenotype
ENSEMBL:ENSCAFG00000001407,ENSEMBL:ENSCAFG00000001407,,gene
MGI:109634,Terf1,,gene
ZP:0015438,"keratinocyte differentiation disrupted, abnormal",,phenotype
HP:0000520,Proptosis,,phenotype
ZP:0106667,"endoderm increased width, abnormal",,phenotype
HP:0011096,Peripheral demyelination,,phenotype
ZP:0006448,"establishment of anatomical structure orientation disrupted, abnormal",,phenotype
ENSEMBL:ENSFCAG00000026654,ENSEMBL:ENSFCAG00000026654,,gene
MP:0004088,abnormal sarcoplasmic reticulum morphology,,phenotype
RGD:621151,Clstn2,,gene
RGD:1310881,Terf2,,gene
ZP:0001135,"midbrain apoptotic, abnormal",,phenotype
NCBITaxon:9796,Equus caballus,,taxon
ENSEMBL:ENSGALG00000004236,ENSEMBL:ENSGALG00000004236,,gene
MP:0000608,dissociated hepatocytes,,phenotype
MGI:99473,Arrb1,,gene
MP:0011278,increased ear pigmentation,,phenotype
FBcv:0002007,lethal - all die during larval stage,,phenotype
WBPhenotype:0001509,rays missing,,phenotype
ClinVarVariant:526148,NC_000023.11:g.(?_31836698)_(32365219_?)del,,variant
ZP:0001722,"atrioventricular valve morphology, abnormal",,phenotype
Xenbase:XB-GENE-1011498,sntg1,,gene
1353,haloperidol,,drug
MP:0004748,increased susceptibility to age-related hearing loss,,phenotype
ENSEMBL:ENSSSCG00000012999,ENSEMBL:ENSSSCG00000012999,,gene
MP:0009078,adrenal gland hyperplasia,,phenotype
ZP:0137780,"basement membrane vertical myoseptum increased amount, abnormal",,phenotype
HP:0012649,Increased inflammatory response,,phenotype
458,scopolamine butylbromide,,drug
ClinVarVariant:856953,NC_000023.11:g.31444471_31679596dup,,variant
MP:0006397,disorganized long bone epiphyseal plate,,phenotype
2293,propantheline,,drug
EFO:0007778,urinary albumin to creatinine ratio,,phenotype
ZP:0002940,"receptor clustering disrupted, abnormal",,phenotype
MP:0000298,absent atrioventricular cushions,,phenotype
HP:0030762,Mesangiolysis,,phenotype
MP:0020452,abnormal axon radial sorting,,phenotype
Xenbase:XB-GENE-985290,lonrf3,,gene
FlyBase:CG1539,FlyBase:CG1539,,gene
HP:0002814,Abnormality of the lower limb,,phenotype
ENSEMBL:ENSBTAG00000009578,PTK2,,gene
MP:0005124,increased circulating prolactin level,,phenotype
dictyBase:DDB_G0268024,hdaA,,gene
ZP:0000100,"brain morphology, abnormal",,phenotype
ENSEMBL:ENSOANG00000007270,ENSEMBL:ENSOANG00000007270,,gene
HP:0012240,Increased intramyocellular lipid droplets,,phenotype
WBPhenotype:0001653,cadmium response variant,,phenotype
HP:0030692,Brain neoplasm,,phenotype
ENSEMBL:ENSMMUG00000003193,ENSEMBL:ENSMMUG00000003193,,gene
ENSEMBL:ENSECAG00000007867,ENSEMBL:ENSECAG00000007867,,gene
HGNC:9542,PSMB5,,gene
ZP:0005796,"visual perception arrested, abnormal",,phenotype
ENSEMBL:ENSACAG00000029405,ENSEMBL:ENSACAG00000029405,,gene
ENSEMBL:ENSMMUG00000000330,ENSEMBL:ENSMMUG00000000330,,gene
ZP:0017512,"ecto-epithelial cell epidermal basal stratum oblong, abnormal",,phenotype
MP:0002451,abnormal macrophage physiology,,phenotype
HP:0003326,Myalgia,,phenotype
HP:0002846,Abnormal B cell morphology,,phenotype
ClinVarVariant:803790,NM_004006.3(DMD):c.10077T>G (p.Tyr3359Ter),,variant
ClinVarVariant:830664,NC_000023.11:g.(?_31609621)_(32217073_?)dup,,variant
WBPhenotype:0000677,chemosensation defective,,phenotype
WormBase:WBGene00000195,arr-1,,gene
FBcv:0000404,abnormal smell perception,,phenotype
ClinVarVariant:94512,NM_000109.4(DMD):c.2412G>A (p.Trp804Ter),,variant
HP:0010976,B lymphocytopenia,,phenotype
ClinVarVariant:845520,NM_004006.3(DMD):c.10297dup (p.Thr3433fs),,variant
ZP:0005968,"male organism decreased male fertility, abnormal",,phenotype
WormBase:WBGene00015704,tiam-1,,gene
MP:0011090,"perinatal lethality, incomplete penetrance",,phenotype
MP:0009429,decreased embryo weight,,phenotype
ENSEMBL:ENSMMUG00000021282,ENSEMBL:ENSMMUG00000021282,,gene
XPO:0115436,abnormally delayed closure of blastopore,,phenotype
Xenbase:XB-GENE-922336,kcnma1,,gene
ClinVarVariant:94532,NM_004006.2(DMD):c.2758C>T (p.Gln920Ter),,variant
HP:0012387,Bronchitis,,phenotype
ClinVarVariant:526171,NC_000023.11:g.(?_32216896)_(32698018_?)del,,variant
ZFIN:ZDB-GENE-130530-697,pxnb,,gene
ENSEMBL:ENSPTRG00000006156,ENSEMBL:ENSPTRG00000006156,,gene
WormBase:WBGene00016800,C50C3.2,,gene
MP:0002578,impaired ability to fire action potentials,,phenotype
PomBase:SPAC22G7.09c,nup45,,gene
ZFIN:ZDB-GENE-060803-2,itgb1a,,gene
HP:0002639,Budd-Chiari syndrome,,phenotype
Coriell:GM01695,NIGMS-GM01695,,biological artifact
ZP:0011194,"intersegmental vessel disrupted sprouting angiogenesis, abnormal",,phenotype
HP:0002034,Abnormal rectum morphology,,phenotype
MP:0008193,abnormal marginal zone B cell physiology,,phenotype
1282,gefitinib,,drug
Xenbase:XB-GENE-981231,kif14,,gene
Xenbase:XB-GENE-958942,clstn2,,gene
HP:0012050,Anasarca,,phenotype
HP:0011410,Caesarian section,,phenotype
ClinVarVariant:832132,NC_000023.11:g.(?_32491267)_(32545344_?)del,,variant
MP:0003851,skeletal muscle interstitial fibrosis,,phenotype
ENSEMBL:ENSDARG00000114692,BX511087.2,,gene
ENSEMBL:ENSECAG00000023141,ENSEMBL:ENSECAG00000023141,,gene
ENSEMBL:ENSMMUG00000006941,ENSEMBL:ENSMMUG00000006941,,gene
ZP:0001484,"muscle contraction process quality, abnormal",,phenotype
MP:0004405,absent cochlear hair cells,,phenotype
MP:0005215,abnormal pancreatic islet morphology,,phenotype
ClinVarVariant:217177,NM_004006.2(DMD):c.1331+1G>A,,variant
MP:0003409,decreased width of hypertrophic chondrocyte zone,,phenotype
ZP:0002969,"sarcomere muscle decreased amount, abnormal",,phenotype
MP:0004768,abnormal axonal transport,,phenotype
WBPhenotype:0000398,light body touch resistant,,phenotype
ENSEMBL:ENSMODG00000002766,ENSEMBL:ENSMODG00000002766,,gene
WBPhenotype:0000138,lipid composition variant,,phenotype
ClinVarVariant:870280,ClinVarVariant:870280,,variant
ClinVarVariant:832830,NC_000023.11:g.(?_32216906)_(32217073_?)dup,,variant
OMIM:300377.0007,"DMD, ARG3370TER",,variant
ENSEMBL:ENSFCAG00000002054,ENSEMBL:ENSFCAG00000002054,,gene
ZP:0003027,"retinal ganglion cell ipsilateral to axon eye, abnormal",,phenotype
HP:0002493,Upper motor neuron dysfunction,,phenotype
MP:0004713,split notochord,,phenotype
ZFIN:ZDB-GENE-080325-1,tiam1a,,gene
FlyBase:FBgn0000084,AnxB10,,gene
HGNC:1391,CACNA1D,,gene
ENSEMBL:ENSMMUG00000014131,ENSEMBL:ENSMMUG00000014131,,gene
MP:0010682,abnormal hair follicle infundibulum morphology,,phenotype
ZP:0004693,"caudal fin has fewer parts of type lepidotrichium, abnormal",,phenotype
ZP:0105753,"vascular cord decreased amount, abnormal",,phenotype
ClinVarVariant:981979,NC_000023.11:g.(31968515_32216915)_(32217064_32287528)del,,variant
FBcv:0000367,female semi-sterile,,phenotype
dictyBase:DDB_G0284555,sf3b2,,gene
ClinVarVariant:870594,NM_004006.3(DMD):c.6615-2A>G,,variant
MP:0004122,abnormal sinus arrhythmia,,phenotype
ZP:0105902,"circadian behavior process quality, abnormal",,phenotype
ENSEMBL:ENSOANG00000008244,ENSEMBL:ENSOANG00000008244,,gene
903,dimetindene,,drug
HP:0000496,Abnormality of eye movement,,phenotype
MP:0004977,increased B-1 B cell number,,phenotype
ENSEMBL:ENSBTAG00000011579,ENSEMBL:ENSBTAG00000011579,,gene
MP:0000964,small dorsal root ganglion,,phenotype
ENSEMBL:ENSPTRG00000028947,ENSEMBL:ENSPTRG00000028947,,gene
dbSNP:rs12196063,rs12196063-?,,variant
ZP:0009991,"CaP motoneuron decreased process quality axon extension, abnormal",,phenotype
ZFIN:ZDB-GENE-000322-5,myhz1.1,,gene
HP:0011423,Hyperchloremia,,phenotype
MP:0003982,increased cholesterol level,,phenotype
ENSEMBL:ENSECAG00000017840,ENSEMBL:ENSECAG00000017840,,gene
ZP:0008063,"apoptotic process delayed, abnormal",,phenotype
ZFIN:ZDB-GENE-131126-14,kcnj12a,,gene
ENSEMBL:ENSMMUG00000042262,ENSEMBL:ENSMMUG00000042262,,gene
ENSEMBL:ENSFCAG00000003344,ENSEMBL:ENSFCAG00000003344,,gene
ZP:0010052,"notochord decreased diameter, abnormal",,phenotype
MP:0004894,uterus atrophy,,phenotype
ENSEMBL:ENSOANG00000003084,ENSEMBL:ENSOANG00000003084,,gene
HP:0000365,Hearing impairment,,phenotype
MP:0001501,abnormal sleep pattern,,phenotype
ZP:0014207,"striated muscle myosin thick filament cardiac ventricle absent, abnormal",,phenotype
ClinVarVariant:803957,NM_004006.3(DMD):c.93+1G>T,,variant
EFO:0006930,brain volume measurement,,phenotype
ENSEMBL:ENSCAFG00000003243,ANLN,,gene
FlyBase:FBgn0039911,CG1909,,gene
HP:0003117,Abnormal circulating hormone concentration,,phenotype
MP:0003447,decreased tumor growth/size,,phenotype
ZP:0009594,"acetylcholine receptor activity physiological state, abnormal",,phenotype
1932,nilotinib,,drug
ENSEMBL:ENSFCAG00000010286,ENSEMBL:ENSFCAG00000010286,,gene
ClinVarVariant:803922,NM_004006.3(DMD):c.1966C>T (p.Gln656Ter),,variant
ZP:0000044,"heart quality, abnormal",,phenotype
ZP:0000537,"intersegmental vessel collapsed, abnormal",,phenotype
ZP:0000103,"extension decreased length, abnormal",,phenotype
MP:0006398,increased long bone epiphyseal plate size,,phenotype
ClinVarVariant:860135,NM_004006.3(DMD):c.3921+1_3921+2dup,,variant
1384,hydralazine,,drug
ClinVarVariant:455795,NC_000023.10:g.(?_31196029)_(31201041_?)dup,,variant
Coriell:GM11025,NIGMS-GM11025,,biological artifact
HP:0001645,Sudden cardiac death,,phenotype
MP:0002089,abnormal postnatal growth/weight/body size,,phenotype
ClinVarVariant:646387,NC_000023.11:g.(?_32699102)_(32699303_?)del,,variant
WBPhenotype:0000026,lipid depleted,,phenotype
ZFIN:ZDB-GENE-121221-1,gan,,gene
4119,romidepsin,,drug
1008,endralazine,,drug
ENSEMBL:ENSGALG00000039349,DISC1,,gene
HP:0002149,Hyperuricemia,,phenotype
ClinVarVariant:803907,NM_004006.3(DMD):c.2622+1G>T,,variant
ENSEMBL:ENSMODG00000021505,ENSEMBL:ENSMODG00000021505,,gene
ZP:0011343,"angiogenic sprout caudal vein plexus increased amount, abnormal",,phenotype
MP:0005439,decreased glycogen level,,phenotype
ENSEMBL:ENSFCAG00000005561,ENSEMBL:ENSFCAG00000005561,,gene
MP:0003299,gastric polyps,,phenotype
ENSEMBL:ENSACAG00000001968,ENSEMBL:ENSACAG00000001968,,gene
ENSEMBL:ENSMODG00000004362,ENSEMBL:ENSMODG00000004362,,gene
ZP:0002959,"myotome detached from muscle cell muscle tendon junction myotome, abnormal",,phenotype
WBPhenotype:0001170,sterile F0 48 hours post injection,,phenotype
HP:0001176,Large hands,,phenotype
HP:0008873,Disproportionate short-limb short stature,,phenotype
ZP:0000722,"blood vessel endothelial cell common cardinal vein decreased amount, abnormal",,phenotype
ENSEMBL:ENSSSCG00000030460,ARHGEF6,,gene
dictyBase:DDB_G0278011,racQ,,gene
MP:0009580,increased keratinocyte apoptosis,,phenotype
WBPhenotype:0001940,rachis morphology variant,,phenotype
MMRRC:041193,B10ScSn.FVB-<i>Dmd<sup>mdx</sup></i> Tg(ACTA1-DMD*)326Dua/Mmjax,,biological artifact
MP:0011260,abnormal head mesenchyme morphology,,phenotype
WBPhenotype:0001716,forward point velocity variant,,phenotype
MP:0003063,increased coping response,,phenotype
HP:0000122,Unilateral renal agenesis,,phenotype
WormBase:WBGene00003708,nhr-118,,gene
FlyBase:FBgn0284408,trol,,gene
FlyBase:FBgn0015803,RtGEF,,gene
ZP:0101733,"cardiac conduction system mislocalised, abnormal",,phenotype
MGI:109321,Lama4,,gene
HGNC:9718,PXN,,gene
HGNC:6486,LAMB1,,gene
Xenbase:XB-GENE-950854,mterf4,,gene
ENSEMBL:ENSOANG00000038763,ENSEMBL:ENSOANG00000038763,,gene
ENSEMBL:ENSBTAG00000020093,CUL4A,,gene
ZP:0012572,"skeletal muscle decreased strength, abnormal",,phenotype
191,amoxapine,,drug
ENSEMBL:ENSPTRG00000001761,ENSEMBL:ENSPTRG00000001761,,gene
ZP:0020162,"nucleus fast muscle cell decreased amount, abnormal",,phenotype
ClinVarVariant:409893,NM_000109.4(DMD):c.9214_9217del (p.Thr3072fs),,variant
ZP:0005415,"cardiac ventricle morphology, abnormal",,phenotype
ZP:0002428,"embryo development process quality, abnormal",,phenotype
MP:0030575,decreased hair follicle cell proliferation,,phenotype
MP:0008272,abnormal endochondral bone ossification,,phenotype
ENSEMBL:ENSECAG00000000310,ENSEMBL:ENSECAG00000000310,,gene
ENSEMBL:ENSFCAG00000001438,ENSEMBL:ENSFCAG00000001438,,gene
ZP:0009306,"glial cell posterior lateral line ganglion increased amount, abnormal",,phenotype
ZP:0000748,"hepatic sinusoid aplastic, abnormal",,phenotype
ENSEMBL:ENSACAG00000024133,ENSEMBL:ENSACAG00000024133,,gene
MP:0004545,enlarged esophagus,,phenotype
Xenbase:XB-GENE-985523,sgcz,,gene
ENSEMBL:ENSOANG00000008103,ENSEMBL:ENSOANG00000008103,,gene
PomBase:SPCC18.03,SPCC18.03,,gene
ZP:0019363,"ciliary basal body photoreceptor cell mislocalised, abnormal",,phenotype
751,cyclobenzaprine,,drug
ENSEMBL:ENSCAFG00000005839,SATB1,,gene
ClinVarVariant:11244,"DMD, 11-BP DEL, NT989",,variant
ClinVarVariant:657380,NC_000023.11:g.(?_31773950)_(31965029_?)del,,variant
ENSEMBL:ENSBTAG00000021158,ENSEMBL:ENSBTAG00000021158,,gene
ClinVarVariant:803802,NM_004006.3(DMD):c.9563+1G>T,,variant
ClinVarVariant:951145,NM_004006.3(DMD):c.488G>A (p.Trp163Ter),,variant
ZP:0002974,"terminal cisterna skeletal muscle cell malformed, abnormal",,phenotype
RGD:621481,Sirt2,,gene
FlyBase:FBgn0286785,scb,,gene
ZP:0004334,"blood accumulation heart, abnormal",,phenotype
MP:0002044,increased colon adenoma incidence,,phenotype
ClinVarVariant:803942,NM_004006.3(DMD):c.709del (p.Gln237fs),,variant
ZP:0002751,"cranial vasculature hemorrhagic, abnormal",,phenotype
ZP:0000654,"retina decreased size, abnormal",,phenotype
ZP:0103060,"head decreased diameter, abnormal",,phenotype
WormBase:WBGene00006764,unc-27,,gene
MP:0004194,abnormal kidney pelvis morphology,,phenotype
Xenbase:XB-GENE-968718,myh6,,gene
Coriell:GM04978,NIGMS-GM04978,,biological artifact
FlyBase:FBgn0032706,Irk3,,gene
ENSEMBL:ENSSSCG00000000866,MYBPC1,,gene
OMIM:300377.0071,"DMD, 1-BP DEL, 10683C",,variant
HP:0012385,Camptodactyly,,phenotype
ClinVarVariant:455802,NC_000023.11:g.(?_31609621)_(31836839_?)del,,variant
ZP:0012870,"apoptotic process process quality, abnormal",,phenotype
MGI:1859649,Ctnnal1,,gene
ENSEMBL:ENSMMUG00000008723,ENSEMBL:ENSMMUG00000008723,,gene
MP:0005602,decreased angiogenesis,,phenotype
MP:0001247,dermal cyst,,phenotype
ENSEMBL:ENSMMUG00000017131,ENSEMBL:ENSMMUG00000017131,,gene
ENSEMBL:ENSFCAG00000018879,ENSEMBL:ENSFCAG00000018879,,gene
ENSEMBL:ENSFCAG00000008050,ENSEMBL:ENSFCAG00000008050,,gene
ZP:0008031,"ventricular myocardium decreased occurrence cardiac chamber ballooning, abnormal",,phenotype
ZP:0003863,"caudal vein plexus malformed, abnormal",,phenotype
ENSEMBL:ENSFCAG00000014028,ENSEMBL:ENSFCAG00000014028,,gene
MGI:2144013,Xpo1,,gene
HP:0012248,Prolonged PR interval,,phenotype
ZFIN:ZDB-GENE-030522-1,cmlc1,,gene
EFO:0006519,MMR-related febrile seizures,,phenotype
dbSNPIndividual:13859,46;X;t(X;2)(Xqter>Xp21.2::2q37> 2qter;2pter>2q37::Xp21.2>Xpter);46;X;t(X;2)(Xqter>Xp21.2::2q37>2qter;2pter>2q37::Xp21.2>Xpter);t(1;7)(1qter>1p21::7q11.21>7qter;7pter>7q11.21::1p21>1pter)[6]/46;X;t(X;2)(Xqter>Xp21.2::2q37>2qter;2pter>2q37::Xp21.2>Xpter)[44] [GM11024],,genotype
ENSEMBL:ENSMODG00000023202,ENSEMBL:ENSMODG00000023202,,gene
ZFIN:ZDB-GENE-030616-135,cacna1da,,gene
ENSEMBL:ENSSSCG00000006631,ENSEMBL:ENSSSCG00000006631,,gene
MP:0005079,decreased cytotoxic T cell cytolysis,,phenotype
1053,escitalopram,,drug
HP:0001923,Reticulocytosis,,phenotype
ZP:0009072,"neuronal cell body rhombomere 5 mislocalised, abnormal",,phenotype
ClinVarVariant:929015,NM_004006.3(DMD):c.9461T>A (p.Leu3154Ter),,variant
MONDO:0016333,familial dilated cardiomyopathy,,disease
PomBase:SPAC27F1.02c,cdc8,,gene
ENSEMBL:ENSPTRG00000011001,ENSEMBL:ENSPTRG00000011001,,gene
MP:0005327,abnormal mesangial cell morphology,,phenotype
MP:0001511,disheveled coat,,phenotype
ZFIN:ZDB-GENE-060312-45,rac1b,,gene
MP:0011320,abnormal glomerular capillary morphology,,phenotype
MP:0002997,enlarged seminal vesicle,,phenotype
HGNC:2509,CTNNA1,,gene
ENSEMBL:ENSCAFG00000008525,CACNA1D,,gene
GO:0016013,syntrophin complex,,molecular function
ZP:0011446,"postoptic commissure disrupted commissural neuron axon guidance, abnormal",,phenotype
PomBase:SPCC645.05c,myo2,,gene
RGD:69354,Capn10,,gene
MP:0003984,embryonic growth retardation,,phenotype
MGI:1920897,Capn9,,gene
HGNC:132,ACTB,,gene
ENSEMBL:ENSMMUG00000017414,ENSEMBL:ENSMMUG00000017414,,gene
ENSEMBL:ENSFCAG00000023950,ENSEMBL:ENSFCAG00000023950,,gene
ENSEMBL:ENSSSCG00015047339,ENSEMBL:ENSSSCG00015047339,,gene
MP:0005141,liver hyperplasia,,phenotype
ZP:0106704,"atrial myocardium has fewer parts of type sarcomere atrial myocardium, abnormal",,phenotype
ZP:0000714,"cardiac ventricle decreased diameter, abnormal",,phenotype
ZFIN:ZDB-FISH-150901-14025,dmd<ta222a>/dmd<ta222a> [unspecified background],,genotype
HP:0007378,Neoplasm of the gastrointestinal tract,,phenotype
ZP:0102120,"notochord outer sheath cell metaplastic, abnormal",,phenotype
ENSEMBL:ENSACAG00000009954,ENSEMBL:ENSACAG00000009954,,gene
dbSNPIndividual:13629,46;X;t(X;11)(Xqter>Xp21::11q13>11qter;11pter>11q13::Xp21>Xpter);46;X;t(X;11)(Xqter>Xp2105::11q13>11qter; 11pter>11q13::Xp2105>Xpter) [GM01695],,genotype
RGD:1308097,Actn2,,gene
ENSEMBL:ENSGALG00000006426,ENSEMBL:ENSGALG00000006426,,gene
HGNC:12825,XPO1,,gene
MP:0001436,abnormal suckling behavior,,phenotype
WBPhenotype:0000642,hyperactive,,phenotype
FlyBase:FBgn0025743,mbt,,gene
MGI:99915,Lamb3,,gene
ClinVarVariant:963833,NM_004006.3(DMD):c.3630del (p.Glu1211fs),,variant
ENSEMBL:ENSSSCG00000009856,NOS1,,gene
ENSEMBL:ENSCAFG00000002744,ENSEMBL:ENSCAFG00000002744,,gene
MP:0005571,decreased lactate dehydrogenase level,,phenotype
ClinVarVariant:803804,NM_004006.3(DMD):c.9380C>A (p.Ser3127Ter),,variant
ZP:0008719,"protein glycosylation disrupted, abnormal",,phenotype
ENSEMBL:ENSSSCG00000002967,CAPN12,,gene
ZP:0001683,"whole organism paralysed, abnormal",,phenotype
ZP:0011457,"larval locomotory behavior increased rate, abnormal",,phenotype
ENSEMBL:ENSMODG00000007021,ENSEMBL:ENSMODG00000007021,,gene
ENSEMBL:ENSCAFG00000020288,SNTB2,,gene
MP:0011427,increased mesangial cell number,,phenotype
ENSEMBL:ENSACAG00000017150,ENSEMBL:ENSACAG00000017150,,gene
ENSEMBL:ENSCAFG00000019999,GAN,,gene
HP:0001750,Single ventricle,,phenotype
WBPhenotype:0002346,forward locomotion increased,,phenotype
MP:0003131,increased erythrocyte cell number,,phenotype
WBPhenotype:0001266,genetic pathway activation variant,,phenotype
OMIM:300377.0047,"DMD, 1-BP INS, NT2928",,variant
MP:0003381,vitreal fibroplasia,,phenotype
2332,pyrimethamine,,drug
ENSEMBL:ENSMODG00000041760,ENSEMBL:ENSMODG00000041760,,gene
MP:0006072,abnormal retinal apoptosis,,phenotype
HP:0002206,Pulmonary fibrosis,,phenotype
ZP:0002490,"fast muscle cell decreased amount, abnormal",,phenotype
ClinVarVariant:417498,NC_000023.11:g.(?_31323598)_(31479103_?)del,,variant
ZP:0003144,"cranial nerve II decreased size, abnormal",,phenotype
ENSEMBL:ENSPTRG00000024321,ENSEMBL:ENSPTRG00000024321,,gene
WBPhenotype:0002124,circumferential actin bundles disorganized,,phenotype
ENSEMBL:ENSMODG00000019908,ENSEMBL:ENSMODG00000019908,,gene
WormBase:WBGene00006587,tnt-2,,gene
MP:0000952,abnormal CNS glial cell morphology,,phenotype
ClinVarVariant:917404,NM_004006.3(DMD):c.8756_8763del (p.Asn2919fs),,variant
MP:0010300,increased skin tumor incidence,,phenotype
ENSEMBL:ENSACAG00000005133,ENSEMBL:ENSACAG00000005133,,gene
ZP:0105707,"Reissner's fiber malformed, abnormal",,phenotype
ENSEMBL:ENSCAFG00000005318,CAPN13,,gene
ZP:0005722,"muscle organ development disrupted, abnormal",,phenotype
ZP:0012680,"female organism increased female fertility, abnormal",,phenotype
875,diethylstilbestrol,,drug
PomBase:SPAC110.03,cdc42,,gene
ENSEMBL:ENSMODG00000018845,ENSEMBL:ENSMODG00000018845,,gene
ClinVarVariant:803871,NM_004006.3(DMD):c.4660G>T (p.Glu1554Ter),,variant
MP:0011501,increased glomerular capsule space,,phenotype
ENSEMBL:ENSGALG00000008562,ENSEMBL:ENSGALG00000008562,,gene
MP:0004045,abnormal cell cycle checkpoint function,,phenotype
ENSEMBL:ENSMODG00000019130,ENSEMBL:ENSMODG00000019130,,gene
MONARCH:APO_0000050APO_0000002,cellular morphology:abnormal,,phenotype
MP:0006021,abnormal Reissner membrane morphology,,phenotype
WBPhenotype:0002314,turning frequency reduced,,phenotype
WBPhenotype:0000365,embryo osmotic integrity defective early emb,,phenotype
WBPhenotype:0002082,peptide uptake by intestinal cell decreased,,phenotype
ZFIN:ZDB-GENE-060331-137,myl2b,,gene
ENSEMBL:ENSACAG00000012965,ENSEMBL:ENSACAG00000012965,,gene
MP:0002007,increased cellular sensitivity to gamma-irradiation,,phenotype
ENSEMBL:ENSSSCG00000015328,SGCE,,gene
MP:0010504,abnormal RR interval,,phenotype
MP:0000202,abnormal circulating alkaline phosphatase level,,phenotype
HP:0012521,Optic nerve aplasia,,phenotype
MP:0005664,decreased circulating noradrenaline level,,phenotype
ENSEMBL:ENSOANG00000051210,ENSEMBL:ENSOANG00000051210,,gene
OMIM:300377.0060,"DMD, GLU2468TER",,variant
ZP:0003058,"growth decreased occurrence, abnormal",,phenotype
ClinVarVariant:11213,NM_004006.2(DMD):c.10108C>T (p.Arg3370Ter),,variant
MP:0011567,increased renal glomerulus lobularity,,phenotype
ENSEMBL:ENSGALG00000009368,ENSEMBL:ENSGALG00000009368,,gene
MP:0004994,abnormal brain wave pattern,,phenotype
ENSEMBL:ENSMMUG00000014741,ENSEMBL:ENSMMUG00000014741,,gene
EFO:0004342,waist circumference,,phenotype
NCBIGene:100329748,LOC100329748,,gene
WBPhenotype:0000619,epithelial system development variant,,phenotype
WormBase:WBGene00002348,myo-1,,gene
ZP:0001366,"retina apoptotic, abnormal",,phenotype
ClinVarVariant:803865,NM_004006.3(DMD):c.5056C>T (p.Gln1686Ter),,variant
ClinVarVariant:587510,NM_004006.2(DMD):c.3358G>T (p.Glu1120Ter),,variant
ZP:0008748,"myofibril skeletal muscle cell undulate, abnormal",,phenotype
626,chlorzoxazone,,drug
ZP:0001501,"skeletal muscle myotome degenerate, abnormal",,phenotype
ENSEMBL:ENSECAG00000006315,ENSEMBL:ENSECAG00000006315,,gene
MP:0005164,abnormal response to injury,,phenotype
EnsemblGenome:AT1G70730,EnsemblGenome:AT1G70730,,gene
HP:0006891,Thick cerebral cortex,,phenotype
ClinVarVariant:569802,NM_004006.2(DMD):c.9100C>T (p.Arg3034Ter),,variant
ENSEMBL:ENSOANG00000006810,ENSEMBL:ENSOANG00000006810,,gene
Xenbase:XB-GENE-5875780,sf3b2,,gene
ZP:0005712,"lymphangioblast cord absent, abnormal",,phenotype
HP:0011063,Abnormal incisor morphology,,phenotype
ZP:0018617,"microglial cell optic tectum morphology, abnormal",,phenotype
EFO:0007985,platelet crit,,phenotype
ClinVarVariant:833120,NC_000023.11:g.(?_32809483)_(32844870_?)del,,variant
ZP:0001198,"response to external stimulus quality, abnormal",,phenotype
4187,crizotinib,,drug
HP:0002036,Hiatus hernia,,phenotype
EFO:0004327,electrocardiography,,phenotype
HP:0001711,Abnormal left ventricle morphology,,phenotype
ENSEMBL:ENSMODG00000008121,ENSEMBL:ENSMODG00000008121,,gene
ENSEMBL:ENSMMUG00000020797,ENSEMBL:ENSMMUG00000020797,,gene
HP:0002617,Vascular dilatation,,phenotype
ClinVarVariant:374319,NM_000109.4(DMD):c.5628del (p.Arg1876fs),,variant
MP:0002801,abnormal long term object recognition memory,,phenotype
RGD:735133,Plekha4,,gene
FlyBase:FBgn0031493,Sf3b2,,gene
ClinVarVariant:803873,NM_004006.3(DMD):c.4477_4493del (p.Val1493fs),,variant
ZP:0000718,"fourth ventricle decreased diameter, abnormal",,phenotype
ENSEMBL:ENSACAG00000001639,ENSEMBL:ENSACAG00000001639,,gene
ZP:0012203,"striated muscle cell misaligned with striated muscle cell, abnormal",,phenotype
ZP:0004747,"digestive tract development process quality, abnormal",,phenotype
ClinVarVariant:11247,NM_000109.4(DMD):c.1465C>T (p.Gln489Ter),,variant
ZFIN:ZDB-GENE-070530-6,xpo1b,,gene
ZP:0019817,"neuron decreased branchiness, abnormal",,phenotype
ENSEMBL:ENSSSCG00000007585,ENSEMBL:ENSSSCG00000007585,,gene
HP:0000609,Optic nerve hypoplasia,,phenotype
ClinVarVariant:583999,NC_000023.11:g.(?_32484899)_(32699313_?)del,,variant
WormBase:WBGene00004790,sgn-1,,gene
MP:0010019,liver vascular congestion,,phenotype
HGNC:1476,CAPN1,,gene
ENSEMBL:ENSACAG00000008455,ENSEMBL:ENSACAG00000008455,,gene
EFO:0004847,age at onset,,phenotype
ZP:0008058,"medial longitudinal fasciculus morphology, abnormal",,phenotype
676,clidinium,,drug
ENSEMBL:ENSACAG00000016579,ENSEMBL:ENSACAG00000016579,,gene
ZP:0020956,"subintestinal vein disrupted blood vessel morphogenesis, abnormal",,phenotype
1530,ketotifen,,drug
WormBase:WBGene00004905,snf-6,,gene
MP:0008515,thin retinal outer nuclear layer,,phenotype
HP:0009887,Abnormality of hair pigmentation,,phenotype
HP:0002244,Abnormality of the small intestine,,phenotype
MP:0004066,abnormal primitive node morphology,,phenotype
ENSEMBL:ENSFCAG00000024422,ENSEMBL:ENSFCAG00000024422,,gene
MESH:C580853,cannabidivarin,,drug
WBPhenotype:0000711,organism hypersensitive ionizing radiation,,phenotype
ZP:0019894,"basal lamina optic cup spatial pattern, abnormal",,phenotype
RGD:1564174,Tns3,,gene
ENSEMBL:ENSSSCG00000007039,ENSEMBL:ENSSSCG00000007039,,gene
MMRRC:050929,B10.Cg-Tg(DMD)72Thoen <i>Dmd<sup>mdx</sup></i>/DuaMmmh,,biological artifact
223,octatropine methylbromide,,drug
WBPhenotype:0002295,body posture wavelength decreased,,phenotype
MP:0011366,absent metanephros,,phenotype
1726,methacholine,,drug
WBPhenotype:0001973,germ cell compartment size variant,,phenotype
dictyBase:DDB_G0288483,pgmA,,gene
dbSNP:rs73262722,rs73262722-?,,variant
HP:0006118,Shortening of all distal phalanges of the fingers,,phenotype
WormBase:WBGene00019890,R05F9.6,,gene
ZFIN:ZDB-GENE-160728-101,si:dkey-10f23.2,,gene
MP:0009427,increased tibialis anterior weight,,phenotype
MONARCH:APO_0000312APO_0000003,cell death:decreased,,phenotype
ZP:0004424,"locomotory behavior increased process quality, abnormal",,phenotype
MP:0013826,absent hypoglossal canal,,phenotype
ZP:0018508,"aortic arch 1 decreased occurrence cell migration involved in heart development, abnormal",,phenotype
ENSEMBL:ENSGALG00000037387,CLSTN2,,gene
MP:0003950,abnormal plasma membrane morphology,,phenotype
O14980,Exportin-1,,gene product
HP:0000656,Ectropion,,phenotype
ClinVarVariant:94627,NM_004006.2(DMD):c.4471_4472del (p.Lys1491fs),,variant
ZP:0101688,"caudal hypothalamic zone decreased distribution, abnormal",,phenotype
ClinVarVariant:94551,NM_000109.4(DMD):c.3052G>T (p.Glu1018Ter),,variant
WBPhenotype:0000405,giant oocytes,,phenotype
ENSEMBL:ENSRNOG00000053155,M0RBX6,,gene
ClinVarVariant:981989,NC_000023.11:g.(31729749_31773959)_(31774193_31819974)del,,variant
FlyBase:FBgn0003514,sqh,,gene
ZP:0001493,"myofibril somite mononucleate, abnormal",,phenotype
ENSEMBL:ENSPTRG00000011260,ENSEMBL:ENSPTRG00000011260,,gene
SGD:S000000999,STE20,,gene
MP:0008874,decreased physiological sensitivity to xenobiotic,,phenotype
HP:0100022,Abnormality of movement,,phenotype
RGD:621646,Vim,,gene
WBPhenotype:0001599,ouabain resistant,,phenotype
ClinVarVariant:409912,NM_004013.2(DMD):c.-140_-138delinsGTTT,,variant
ZP:0137316,"midbrain hindbrain boundary constriction process quality epithelial cell morphogenesis, abnormal",,phenotype
WBPhenotype:0002199,neuron calcium transient levels variant,,phenotype
ZP:0021008,"myofibril slow muscle cell damaged, abnormal",,phenotype
MGI:98775,Tmod1,,gene
MP:0012499,absent cardiogenic plate,,phenotype
EFO:0010333,temporal horn of lateral ventricle volume measurement,,phenotype
ENSEMBL:ENSOANG00000040816,ENSEMBL:ENSOANG00000040816,,gene
EFO:0004509,hemoglobin measurement,,phenotype
ClinVarVariant:526099,NM_004010.3(DMD):c.-14del,,variant
HGNC:2554,CUL4A,,gene
MP:0000597,delayed hepatic development,,phenotype
HP:0002860,Squamous cell carcinoma,,phenotype
HP:0000512,Abnormal electroretinogram,,phenotype
ZFIN:ZDB-GENE-030131-9056,arf6b,,gene
1763,methylthioninium chloride,,drug
ENSEMBL:ENSFCAG00000051973,ENSEMBL:ENSFCAG00000051973,,gene
MP:0004039,abnormal cardiac cell glucose uptake,,phenotype
ENSEMBL:ENSSSCG00000021494,CDC25A,,gene
MONARCH:APO_0000225APO_0000003,mitotic recombination:decreased,,phenotype
ClinVarVariant:803842,NM_004006.3(DMD):c.7028G>A (p.Trp2343Ter),,variant
HP:0011893,Abnormal leukocyte count,,phenotype
ZP:0003363,"notochord increased distance cell cell notochord, abnormal",,phenotype
WBPhenotype:0001741,spontaneous spicule protraction,,phenotype
MP:0003894,abnormal Purkinje cell innervation,,phenotype
ClinVarVariant:526103,NM_004006.2(DMD):c.1992+1G>T,,variant
ClinVarVariant:983660,NM_004006.3(DMD):c.5012T>A (p.Leu1671Ter),,variant
ZP:0005807,"retina lacks all parts of type central region eye photoreceptor cell, abnormal",,phenotype
MGI:97360,Nos1,,gene
RGD:1308578,Osgep,,gene
ZP:0008725,"basement membrane myotome morphology, abnormal",,phenotype
HP:0002823,Abnormality of femur morphology,,phenotype
ENSEMBL:ENSECAG00000007556,ENSEMBL:ENSECAG00000007556,,gene
WBPhenotype:0001655,cadmium hypersensitive,,phenotype
HP:0010783,Erythema,,phenotype
WBPhenotype:0000689,maternal sterile,,phenotype
WBPhenotype:0002303,nose movement increased,,phenotype
WormBase:WBGene00006508,tns-1,,gene
HGNC:6944,MCM2,,gene
Coriell:GM03429,NIGMS-GM03429,,biological artifact
ZP:0137317,"midbrain hindbrain boundary constriction process quality midbrain-hindbrain boundary morphogenesis, abnormal",,phenotype
MP:0004813,absent linear vestibular evoked potential,,phenotype
ZP:0005489,"cardiac ventricle elliptic, abnormal",,phenotype
ZFIN:ZDB-GENE-060119-1,lama2,,gene
MP:0003826,abnormal Mullerian duct morphology,,phenotype
ZP:0106120,"M band cardiac ventricle absent, abnormal",,phenotype
MGI:3573782,Dmd<tm1.1Khan> [involves: C57BL/6 * CBA],,genotype
HP:0410019,Epigastric pain,,phenotype
WBPhenotype:0000554,hypoosmotic shock hypersensitive,,phenotype
ZP:0002971,"muscle cell detached from vertical myoseptum, abnormal",,phenotype
HP:0012153,Hypotriglyceridemia,,phenotype
HP:0008222,Female infertility,,phenotype
WBPhenotype:0001355,gonad morphology variant,,phenotype
MP:0004556,enlarged allantois,,phenotype
ZP:0021003,"Z disc somite disorganized, abnormal",,phenotype
EFO:0005037,aortic root size,,phenotype
WBPhenotype:0002309,pausing decreased,,phenotype
ZP:0018282,"mitochondrion slow muscle cell decreased functionality, abnormal",,phenotype
EFO:0007984,platelet component distribution width,,phenotype
EFO:0005208,glomerular filtration rate,,phenotype
ZFIN:ZDB-GENE-030131-1055,ifit15,,gene
WormBase:WBGene00000961,dgn-1,,gene
ENSEMBL:ENSPTRG00000018890,ENSEMBL:ENSPTRG00000018890,,gene
ClinVarVariant:858516,NM_004006.3(DMD):c.9852G>A (p.Trp3284Ter),,variant
ZP:0003018,"pancreas primordium bilateral symmetry, abnormal",,phenotype
HGNC:33920,SLFN12L,,gene
ClinVarVariant:803939,NM_004006.3(DMD):c.839del (p.Val280fs),,variant
MP:0030132,periodontium inflammation,,phenotype
ZP:0000720,"liver decreased size, abnormal",,phenotype
ClinVarVariant:455836,ClinVarVariant:455836,,variant
ClinVarVariant:831333,NC_000023.11:g.(?_31679365)_(31679596_?)dup,,variant
MP:0008221,abnormal hippocampal commissure morphology,,phenotype
785,dasatinib,,drug
ZP:0001513,"muscle organization quality, abnormal",,phenotype
MP:0011187,abnormal parietal endoderm morphology,,phenotype
MP:0008892,abnormal sperm flagellum morphology,,phenotype
Coriell:GM05017,NIGMS-GM05017,,biological artifact
NCBIGene:100495065,LOC100495065,,gene
ZP:0005377,"forerunner cell group spatial pattern, abnormal",,phenotype
PomBase:SPAC926.03,rlc1,,gene
WBPhenotype:0000200,pericellular component development variant,,phenotype
ClinVarVariant:455828,NC_000023.11:g.(?_32216896)_(32651077_?)del,,variant
HP:0030681,Abnormal morphology of myocardial trabeculae,,phenotype
1922,nifedipine,,drug
ENSEMBL:ENSECAG00000003289,ENSEMBL:ENSECAG00000003289,,gene
MP:0003061,decreased aerobic running capacity,,phenotype
ZP:0010821,"yolk syncytial layer edematous, abnormal",,phenotype
ClinVarVariant:657374,NC_000023.11:g.(?_31968329)_(31968524_?)del,,variant
RGD:1303201,Sgce,,gene
ZP:0020571,"CaP motoneuron decreased process quality action potential, abnormal",,phenotype
MP:0005386,behavior/neurological phenotype,,phenotype
HGNC:6717,LTBP4,,gene
ClinVarVariant:409923,NM_000109.4(DMD):c.5860_5867del (p.Lys1954fs),,variant
WBPhenotype:0000057,early larval lethal,,phenotype
MP:0001505,hunched posture,,phenotype
FBcv:0000364,sterile,,phenotype
ZP:0009492,"retinal inner plexiform layer morphology, abnormal",,phenotype
ClinVarVariant:657381,NC_000023.10:g.(?_32827600)_(32834767_?)dup,,variant
HP:0002153,Hyperkalemia,,phenotype
MP:0010428,abnormal heart right ventricle outflow tract morphology,,phenotype
ZP:0000324,"whole organism decreased size, abnormal",,phenotype
HGNC:6256,KCNJ10,,gene
HP:0002716,Lymphadenopathy,,phenotype
MONDO:0019181,non-syndromic X-linked intellectual disability,,disease
ClinVarVariant:936169,NM_004006.3(DMD):c.976G>T (p.Glu326Ter),,variant
ENSEMBL:ENSMODG00000001013,ENSEMBL:ENSMODG00000001013,,gene
WBPhenotype:0000436,protein subcellular localization variant,,phenotype
ENSEMBL:ENSACAG00000015238,ENSEMBL:ENSACAG00000015238,,gene
ClinVarVariant:526170,NC_000023.10:g.(?_31645770)_(31838220_?)dup,,variant
ENSEMBL:ENSCAFG00000001848,ENSEMBL:ENSCAFG00000001848,,gene
FBcv:0000430,abnormal cell polarity,,phenotype
WBPhenotype:0001329,curly,,phenotype
MP:0004965,inner cell mass degeneration,,phenotype
ZP:0101822,"myotome development decreased process quality, abnormal",,phenotype
ClinVarVariant:409913,NM_000109.4(DMD):c.6181del (p.Val2061fs),,variant
MP:0009446,abnormal platelet dense granule physiology,,phenotype
GO:0033137,negative regulation of peptidyl-serine phosphorylation,,molecular function
ENSEMBL:ENSMODG00000004422,ENSEMBL:ENSMODG00000004422,,gene
ENSEMBL:ENSECAG00000017386,ENSEMBL:ENSECAG00000017386,,gene
ClinVarVariant:526079,NM_004006.2(DMD):c.9975-1G>A,,variant
ENSEMBL:ENSMODG00000024073,ENSEMBL:ENSMODG00000024073,,gene
MP:0003393,decreased cardiac output,,phenotype
ENSEMBL:ENSBTAG00000010229,LAMA2,,gene
ClinVarVariant:583557,NC_000023.11:g.(?_32287509)_(32390201_?)del,,variant
ClinVarVariant:817126,NM_004006.3(DMD):c.1323dup (p.Gln442fs),,variant
Xenbase:XB-GENE-5999398,ifit1b,,gene
HP:0007642,Congenital stationary night blindness,,phenotype
MP:0010898,abnormal pulmonary alveolus epithelium morphology,,phenotype
MP:0001078,abnormal phrenic nerve morphology,,phenotype
HP:0003391,Gowers sign,,phenotype
ZP:0003022,"post-vent region shortened, abnormal",,phenotype
EFO:0006340,mean arterial pressure,,phenotype
MP:0012144,decreased b-wave amplitude,,phenotype
MGI:99913,Lamc2,,gene
ZP:0137889,"glial limiting end-foot Muller cell decreased amount, abnormal",,phenotype
ENSEMBL:ENSACAG00000005999,ENSEMBL:ENSACAG00000005999,,gene
ENSEMBL:ENSMMUG00000004683,ENSEMBL:ENSMMUG00000004683,,gene
HP:0000752,Hyperactivity,,phenotype
MP:0004759,decreased mitotic index,,phenotype
ENSEMBL:ENSACAG00000007455,ENSEMBL:ENSACAG00000007455,,gene
ZP:0000665,"ceratohyal cartilage decreased length, abnormal",,phenotype
ZP:0002516,"pronephric glomerulus cystic, abnormal",,phenotype
MP:0004404,cochlear outer hair cell degeneration,,phenotype
ENSEMBL:ENSSSCG00000007334,SRC,,gene
ZP:0000527,"brain hemorrhagic, abnormal",,phenotype
ZP:0003037,"testis structure, abnormal",,phenotype
MP:0006025,distended Reissner membrane,,phenotype
MP:0004978,decreased B-1 B cell number,,phenotype
ClinVarVariant:290445,NM_004006.2(DMD):c.5344G>T (p.Glu1782Ter),,variant
ZP:0012256,"response to auditory stimulus process quality, abnormal",,phenotype
ENSEMBL:ENSSSCG00000007317,DLGAP4,,gene
ENSEMBL:ENSCAFG00000003050,ENSEMBL:ENSCAFG00000003050,,gene
ZP:0018954,"portion of tissue broken, abnormal",,phenotype
ZP:0000710,"blood accumulation trunk, abnormal",,phenotype
HGNC:17861,TRAF3IP1,,gene
ClinVarVariant:833063,NC_000023.11:g.(?_31836708)_(31836829_?)del,,variant
ClinVarVariant:198011,NM_004006.2(DMD):c.8656C>T (p.Gln2886Ter),,variant
HP:0100021,Cerebral palsy,,phenotype
ZP:0008072,"skeletal muscle cell detached from myofibril myofibril skeletal muscle cell, abnormal",,phenotype
WBPhenotype:0000002,kinker,,phenotype
Coriell:GM09981,NIGMS-GM09981,,biological artifact
NCBIGene:100006132,si:ch211-1f22.2,,gene
ZP:0000220,"post-vent region morphology, abnormal",,phenotype
HGNC:11169,SNTB2,,gene
HP:0001713,Abnormal cardiac ventricle morphology,,phenotype
ENSEMBL:ENSMODG00000007039,ENSEMBL:ENSMODG00000007039,,gene
ZP:0000833,"larval locomotory behavior decreased occurrence, abnormal",,phenotype
ENSEMBL:ENSBTAG00000009428,GAN,,gene
ZP:0003568,"sprouting angiogenesis decreased occurrence, abnormal",,phenotype
ClinVarVariant:217199,NM_004006.2(DMD):c.4729C>T (p.Arg1577Ter),,variant
ENSEMBL:ENSPTRG00000052247,ENSEMBL:ENSPTRG00000052247,,gene
ENSEMBL:ENSMMUG00000020798,ENSEMBL:ENSMMUG00000020798,,gene
MP:0004788,abnormal auditory cortex tonotopy,,phenotype
ENSEMBL:ENSFCAG00000043195,ENSEMBL:ENSFCAG00000043195,,gene
MP:0002188,small heart,,phenotype
WBPhenotype:0000505,male ray morphology variant,,phenotype
HGNC:3332,MARK2,,gene
1821,mitoxantrone,,drug
ENSEMBL:ENSFCAG00000015714,ENSEMBL:ENSFCAG00000015714,,gene
ENSEMBL:ENSECAG00000015892,ENSEMBL:ENSECAG00000015892,,gene
2875,zotepine,,drug
MP:0010182,decreased susceptibility to weight gain,,phenotype
HGNC:7573,MYH3,,gene
ClinVarVariant:11261,NM_004006.2(DMD):c.6373C>T (p.Gln2125Ter),,variant
ENSEMBL:ENSOANG00000007850,ENSEMBL:ENSOANG00000007850,,gene
RGD:1561692,Jam2,,gene
ZFIN:ZDB-GENE-040105-1,pxna,,gene
ZP:0001492,"myofibril somite disorganized, abnormal",,phenotype
MP:0011294,renal glomerulus hypertrophy,,phenotype
ZP:0000222,"heart looping disrupted, abnormal",,phenotype
MP:0013277,abnormal fasting circulating glucose level,,phenotype
MP:0009783,abnormal melanoblast morphology,,phenotype
MP:0004180,failure of initiation of embryo turning,,phenotype
WBPhenotype:0001762,uptake of yolk defective,,phenotype
ZP:0019265,"myotome increased amount, abnormal",,phenotype
ZP:0000023,"hindbrain morphology, abnormal",,phenotype
SGD:S000002629,GTB1,,gene
MP:0020309,increased creatine kinase activity,,phenotype
HP:0100543,Cognitive impairment,,phenotype
ENSEMBL:ENSPTRG00000014676,ENSEMBL:ENSPTRG00000014676,,gene
HP:0012211,Abnormal renal physiology,,phenotype
ClinVarVariant:929016,NM_004006.3(DMD):c.5448+1G>T,,variant
ENSEMBL:ENSSSCG00000011441,ENSEMBL:ENSSSCG00000011441,,gene
MP:0011255,abnormal anterior visceral endoderm cell migration,,phenotype
671,clemastine,,drug
HP:0000009,Functional abnormality of the bladder,,phenotype
ZFIN:ZDB-GENE-061013-283,pick1,,gene
ZP:0138567,"bulbus arteriosus decreased diameter, abnormal",,phenotype
HP:0001339,Lissencephaly,,phenotype
MONARCH:APO_0000098APO_0000003,utilization of carbon source:decreased,,phenotype
MP:0004746,abnormal cochlear IHC afferent innervation pattern,,phenotype
EFO:0004312,vital capacity,,phenotype
ZP:0018758,"ventral region whole organism decreased distribution, abnormal",,phenotype
358,bethanechol,,drug
ZP:0001202,"swim bladder inflation disrupted, abnormal",,phenotype
MP:0008800,increased small intestinal crypt cell apoptosis,,phenotype
ClinVarVariant:954964,NM_004006.3(DMD):c.4897G>T (p.Glu1633Ter),,variant
ENSEMBL:ENSACAG00000000755,ENSEMBL:ENSACAG00000000755,,gene
ENSEMBL:ENSBTAG00000005929,SPTBN2,,gene
ZP:0003008,"liver primordium bilateral symmetry, abnormal",,phenotype
ZP:0001531,"blood circulation decreased rate, abnormal",,phenotype
HP:0007340,Lower limb muscle weakness,,phenotype
ENSEMBL:ENSMMUG00000022009,ENSEMBL:ENSMMUG00000022009,,gene
HP:0011471,Gastrostomy tube feeding in infancy,,phenotype
MONARCH:APO_0000110APO_0000003,competitive fitness:decreased,,phenotype
RGD:2927,Itgb1,,gene
ZP:0018514,"aortic arch 1 process quality blood vessel endothelial cell migration, abnormal",,phenotype
WBPhenotype:0000655,GABA synaptic transmission variant,,phenotype
MP:0003974,abnormal endocardium morphology,,phenotype
ClinVarVariant:655748,NC_000023.10:g.(?_32563266)_(32717420_?)dup,,variant
WBPhenotype:0001701,spastic locomotion,,phenotype
OMIM:300377.0083,"DMD, IVS2, T-A, +5591",,variant
HP:0031806,Abnormal basophil count,,phenotype
WBPhenotype:0000013,dauer defective,,phenotype
ZP:0001067,"ceratobranchial cartilage aplastic, abnormal",,phenotype
ZP:0018521,"pancreatic B cell decreased area, abnormal",,phenotype
SGD:S000001532,CSE4,,gene
MP:0010733,abnormal axon initial segment morphology,,phenotype
ClinVarVariant:417494,NC_000023.10:g.(?_32862900)_(32867937_?)dup,,variant
4175,linagliptin,,drug
ENSEMBL:ENSCAFG00000004956,PAK1,,gene
ZFIN:ZDB-GENE-041217-6,prnpa,,gene
ZP:0009597,"membrane repolarization decreased rate, abnormal",,phenotype
ZFIN:ZDB-GENE-121214-77,clstn2b,,gene
ZP:0101168,"brain increased occurrence cell death, abnormal",,phenotype
RGD:1305561,Satb1,,gene
ClinVarVariant:409907,NM_004006.2(DMD):c.2202G>A (p.Trp734Ter),,variant
ENSEMBL:ENSPTRG00000002413,ENSEMBL:ENSPTRG00000002413,,gene
HP:0004348,Abnormality of bone mineral density,,phenotype
dbSNP:rs1078793,rs1078793-?,,variant
ENSEMBL:ENSCAFG00000007151,ENSEMBL:ENSCAFG00000007151,,gene
ZP:0018731,"motor nucleus of vagal nerve mislocalised, abnormal",,phenotype
ClinVarVariant:832095,NC_000023.11:g.(?_32452609)_(32699303_?)del,,variant
FlyBase:FBgn0261563,wb,,gene
HP:0000750,Delayed speech and language development,,phenotype
MGI:1925668,Pgm5,,gene
MP:0002175,decreased brain weight,,phenotype
ZP:0003069,"sensory neuron mislocalised, abnormal",,phenotype
MGI:101781,Sntb1,,gene
ZP:0000744,"central artery decreased diameter, abnormal",,phenotype
HP:0030357,Small cell lung carcinoma,,phenotype
FlyBase:FBgn0034842,Prosbeta5R1,,gene
HP:0012433,Abnormal social behavior,,phenotype
971,droxidopa,,drug
ZFIN:ZDB-GENE-010426-1,dmd,,gene
EFO:0009458,alcohol use disorder measurement,,phenotype
ENSEMBL:ENSMMUG00000043096,ENSEMBL:ENSMMUG00000043096,,gene
ENSEMBL:ENSSSCG00000018007,MYH3,,gene
ENSEMBL:ENSCAFG00000004529,VIM,,gene
ClinVarVariant:660695,NC_000023.11:g.(?_32595737)_(32595896_?)del,,variant
ClinVarVariant:832179,NC_000023.11:g.(?_31965029)_(32614463_?)del,,variant
ClinVarVariant:11209,NM_004006.2(DMD):c.2791G>T (p.Glu931Ter),,variant
ENSEMBL:ENSSSCG00000027684,TRIM63,,gene
HGNC:5024,HNF4A,,gene
dbSNPIndividual:15871,DMD(EX31-43DEL); 46;XY.arr Xp21.1(32188980-32325583)x0 [GM02339],,genotype
Coriell:GM05263,NIGMS-GM05263,,biological artifact
ZP:0105760,"motile cilium ependymal cell decreased length, abnormal",,phenotype
HP:0002664,Neoplasm,,phenotype
HGNC:23279,DYTN,,gene
ZP:0001126,"brain malformed, abnormal",,phenotype
WBPhenotype:0000010,drug hypersensitive,,phenotype
MP:0000904,abnormal superior colliculus morphology,,phenotype
ZP:0003323,"swimming behavior process quality, abnormal",,phenotype
ClinVarVariant:11284,NM_000109.4(DMD):c.353del (p.Asn118fs),,variant
WBPhenotype:0000025,blistered,,phenotype
HP:0040013,Decreased mitochondrial number,,phenotype
HP:0040186,Maculopapular exanthema,,phenotype
ZP:0003030,"spermatogenesis disrupted, abnormal",,phenotype
HGNC:12635,UTRN,,gene
ENSEMBL:ENSOANG00000040983,ENSEMBL:ENSOANG00000040983,,gene
MGI:3798788,Dmd<mdx-5Cv>/Dmd<mdx-5Cv> [B6Ros.Cg-Dmd<mdx-5Cv>/J],,genotype
MP:0010299,increased mammary gland tumor incidence,,phenotype
ClinVarVariant:578631,NM_000109.4(DMD):c.5431_5435dup (p.Asn1812fs),,variant
Xenbase:XB-GENE-964270,fkrp,,gene
WBPhenotype:0002028,mechanoreceptor current variant,,phenotype
MP:0013971,blood in lymph vessels,,phenotype
ZP:0000403,"gut hypoplastic, abnormal",,phenotype
ZP:0000719,"heart non-contractile, abnormal",,phenotype
ZFIN:ZDB-GENE-120215-32,tns1a,,gene
ENSEMBL:ENSCAFG00000011392,SSPN,,gene
HP:0040006,Mortality/Aging,,phenotype
ENSEMBL:ENSACAG00000004092,ENSEMBL:ENSACAG00000004092,,gene
ENSEMBL:ENSBTAG00000004757,LTBP4,,gene
ZP:0020572,"CaP motoneuron process quality synaptic signaling, abnormal",,phenotype
ClinVarVariant:833501,NC_000023.11:g.(?_32545139)_(32645172_?)del,,variant
MP:0012246,abnormal hepatic cord morphology,,phenotype
ZP:0137878,"outer limiting membrane broken, abnormal",,phenotype
dbSNPIndividual:18833,46;X;t(X;18)(18qter->18q23::Xp21->Xqter;18pter->18q23::Xp21->Xpter)[33].arr[hg19] Xp21.1(32;849;282-33;138;059)x3;46;X;t(X;18)(Xqter>Xp21::18q23>18qter; 18pter>18q23::Xp21>Xpter);46;X;t(X;18)(Xqter>Xp21::18q23>18qter;18pter>18q23::Xp21>Xpter).ish t(X;18)(VIJ22050+; VIJ22050-) [GM09982],,genotype
MP:0010556,thin ventricle myocardium compact layer,,phenotype
ZP:0008582,"portion of tissue cardiac ventricle increased thickness, abnormal",,phenotype
HP:0010975,Abnormal B cell count,,phenotype
ZP:0003783,"head increased process quality cell death, abnormal",,phenotype
HP:0012506,Small pituitary gland,,phenotype
ClinVarVariant:526150,NC_000023.11:g.(?_32809473)_(32849840_?)del,,variant
ENSEMBL:ENSCAFG00000019927,LAMC3,,gene
MP:0006270,abnormal mammary gland growth during lactation,,phenotype
HP:0012272,J wave,,phenotype
HP:0002665,Lymphoma,,phenotype
ENSEMBL:ENSBTAG00000010880,TNNI2,,gene
MONDO:0004989,breast carcinoma,,disease
ClinVarVariant:455796,NC_000023.11:g.(?_31348536)_(31479123_?)del,,variant
ZFIN:ZDB-FISH-150901-18332,WT,,genotype
WBPhenotype:0002131,muscle cell ultrastructure variant,,phenotype
ClinVarVariant:492823,NM_004006.2(DMD):c.2669T>A (p.Leu890Ter),,variant
ClinVarVariant:526176,NC_000023.11:g.(?_32517988)_(33339285_?)del,,variant
HP:0040298,Hyperplasia of the endometrium,,phenotype
ENSEMBL:ENSGALG00000034399,TNS2,,gene
ZP:0008714,"Golgi apparatus notochord morphology, abnormal",,phenotype
HGNC:6490,LAMB3,,gene
MP:0003961,decreased lean body mass,,phenotype
ENSEMBL:ENSFCAG00000046678,ENSEMBL:ENSFCAG00000046678,,gene
ENSEMBL:ENSMODG00000004481,ENSEMBL:ENSMODG00000004481,,gene
ZP:0001502,"muscle cell myotome degenerate, abnormal",,phenotype
ClinVarVariant:833493,NC_000023.11:g.(?_31609621)_(32365209_?)del,,variant
ZP:0008321,"ceratohyal cartilage kinked, abnormal",,phenotype
2639,thiothixene,,drug
MP:0002650,abnormal ameloblast morphology,,phenotype
ZP:0001323,"brain development disrupted, abnormal",,phenotype
ClinVarVariant:803870,NM_004006.3(DMD):c.4684A>T (p.Arg1562Ter),,variant
dictyBase:DDB_G0267450,pakC,,gene
ENSEMBL:ENSPTRG00000014677,ENSEMBL:ENSPTRG00000014677,,gene
MP:0000267,abnormal heart development,,phenotype
MP:0013377,abnormal sebocyte number,,phenotype
ZP:0101903,"facial nerve motor nucleus rhombomere 4 increased volume, abnormal",,phenotype
4716,ponatinib,,drug
ZP:0006945,"axon motor neuron disorganized, abnormal",,phenotype
HP:0007565,Multiple cafe-au-lait spots,,phenotype
ZFIN:ZDB-GENE-040426-970,tnni2a.2,,gene
MP:0002066,abnormal motor capabilities/coordination/movement,,phenotype
ENSEMBL:ENSOANG00000043468,ENSEMBL:ENSOANG00000043468,,gene
WBPhenotype:0000306,transgene expression variant,,phenotype
MP:0001569,abnormal circulating bilirubin level,,phenotype
HGNC:19214,SHKBP1,,gene
ClinVarVariant:94530,NM_004006.2(DMD):c.2650C>T (p.Gln884Ter),,variant
ZFIN:ZDB-GENE-131121-511,sntb2,,gene
ZP:0005490,"cardiac ventricle immature, abnormal",,phenotype
MP:0005289,increased oxygen consumption,,phenotype
HP:0100750,Atelectasis,,phenotype
ENSEMBL:ENSECAG00000021011,ENSEMBL:ENSECAG00000021011,,gene
RGD:2507,Dmd,,gene
HP:0001328,Specific learning disability,,phenotype
ClinVarVariant:832129,NC_000023.11:g.(?_32644122)_(32645162_?)dup,,variant
ClinVarVariant:417491,NC_000023.10:g.(?_32305646)_(32328393_?)dup,,variant
HGNC:10769,SF3B2,,gene
WBPhenotype:0000120,protein expression reduced,,phenotype
ZP:0000672,"chondrocyte stacked, abnormal",,phenotype
ENSEMBL:ENSGALG00000000657,ENSEMBL:ENSGALG00000000657,,gene
ZP:0000335,"blood circulation disrupted, abnormal",,phenotype
ENSEMBL:ENSMODG00000010195,ENSEMBL:ENSMODG00000010195,,gene
ENSEMBL:ENSMMUG00000011142,ENSEMBL:ENSMMUG00000011142,,gene
EFO:0004695,intraocular pressure measurement,,phenotype
ENSEMBL:ENSOANG00000031935,ENSEMBL:ENSOANG00000031935,,gene
ZP:0002183,"axonogenesis disrupted, abnormal",,phenotype
ENSEMBL:ENSSSCG00000009925,GIT2,,gene
MP:0001529,abnormal vocalization,,phenotype
ClinVarVariant:803886,NM_004006.3(DMD):c.3795G>A (p.Trp1265Ter),,variant
MONARCH:APO_0000028APO_0000003,invasive growth:decreased,,phenotype
HP:0007957,Corneal opacity,,phenotype
ENSEMBL:ENSACAG00000011527,ENSEMBL:ENSACAG00000011527,,gene
ENSEMBL:ENSMODG00000006641,ENSEMBL:ENSMODG00000006641,,gene
ENSEMBL:ENSCAFG00000011207,ENSEMBL:ENSCAFG00000011207,,gene
ZP:0019342,"cell adhesion process quality, abnormal",,phenotype
ENSEMBL:ENSGALG00000013022,CACNA1C,,gene
ENSEMBL:ENSFCAG00000007330,ENSEMBL:ENSFCAG00000007330,,gene
WBPhenotype:0001945,oocytes small,,phenotype
Coriell:GM06007,NIGMS-GM06007,,biological artifact
ENSEMBL:ENSMMUG00000002336,ENSEMBL:ENSMMUG00000002336,,gene
ENSEMBL:ENSPTRG00000050198,ENSEMBL:ENSPTRG00000050198,,gene
ZP:0000661,"embryonic cranial skeleton morphogenesis disrupted, abnormal",,phenotype
MGI:98780,Tnnc2,,gene
WormBase:WBGene00045385,lgc-24,,gene
MP:0008214,increased immature B cell number,,phenotype
ClinVarVariant:803854,NM_004006.3(DMD):c.6151del (p.Arg2051fs),,variant
ZP:0014412,"myosin filament assembly arrested, abnormal",,phenotype
HP:0000027,Azoospermia,,phenotype
2424,scopolamine,,drug
OMIM:300377.0029,"DMD, GLN60TER",,variant
HP:0011124,Abnormal epidermal morphology,,phenotype
PomBase:SPBC16E9.11c,pub3,,gene
ENSEMBL:ENSMMUG00000018739,ENSEMBL:ENSMMUG00000018739,,gene
ENSEMBL:ENSMODG00000040618,ENSEMBL:ENSMODG00000040618,,gene
dictyBase:DDB_G0280133,DDB_G0280133,,gene
MP:0010503,myocardial trabeculae hypoplasia,,phenotype
ZP:0001334,"somite malformed, abnormal",,phenotype
ClinVarVariant:217184,NM_004006.2(DMD):c.2407C>T (p.Gln803Ter),,variant
HP:0008587,Mild neurosensory hearing impairment,,phenotype
ZP:0000713,"cardiac ventricle decreased functionality, abnormal",,phenotype
ZP:0018641,"cardiac ventricle increased distribution, abnormal",,phenotype
SGD:S000005242,CLA4,,gene
ZP:0005491,"cardiac ventricle curvature, abnormal",,phenotype
ENSEMBL:ENSGALG00000042388,A0A3Q2TS00,,gene
ZP:0005689,"fast muscle cell has fewer parts of type nucleus fast muscle cell, abnormal",,phenotype
MGI:3798607,Dmd<mdx> [C57BL/10ScSn-Dmd<mdx>],,genotype
ENSEMBL:ENSECAG00000022080,ENSEMBL:ENSECAG00000022080,,gene
ZP:0000727,"hematopoietic multipotent progenitor cell thymus decreased amount, abnormal",,phenotype
ClinVarVariant:983944,NM_004006.3(DMD):c.4649T>A (p.Leu1550Ter),,variant
RGD:619909,Haus1,,gene
ENSEMBL:ENSACAG00000013847,ENSEMBL:ENSACAG00000013847,,gene
HGNC:9966,REST,,gene
MP:0003008,enhanced long term potentiation,,phenotype
WBPhenotype:0001235,cell division polarity variant,,phenotype
MGI:1349385,Dysf,,gene
ZP:0004032,"margin constricted, abnormal",,phenotype
EnsemblGenome:BAE76841,EnsemblGenome:BAE76841,,gene
ENSEMBL:ENSACAG00000012949,ENSEMBL:ENSACAG00000012949,,gene
MP:0011395,decreased fetal cardiomyocyte proliferation,,phenotype
ZFIN:ZDB-GENE-070112-2192,git2b,,gene
ENSEMBL:ENSCAFG00000010068,ENSEMBL:ENSCAFG00000010068,,gene
ENSEMBL:ENSACAG00000011238,ENSEMBL:ENSACAG00000011238,,gene
FlyBase:FBal0244098,Dys[dsRNA.N.UAS],,biological artifact
ClinVarVariant:217203,NM_004006.2(DMD):c.5461G>T (p.Glu1821Ter),,variant
ENSEMBL:ENSFCAG00000000329,ENSEMBL:ENSFCAG00000000329,,gene
HP:0001249,Intellectual disability,,phenotype
WBPhenotype:0000761,spindle position orientation defective early emb,,phenotype
WBPhenotype:0000095,M lineage variant,,phenotype
ZP:0001091,"post-vent region increased curvature, abnormal",,phenotype
ZP:0020573,"synapse CaP motoneuron decreased amount, abnormal",,phenotype
ZP:0007648,"cell division decreased occurrence, abnormal",,phenotype
MP:0001412,excessive scratching,,phenotype
MP:0011184,absent embryonic epiblast,,phenotype
HGNC:6857,MAP3K5,,gene
MP:0012143,decreased a-wave amplitude,,phenotype
WBPhenotype:0001012,organism pathogen response variant,,phenotype
ENSEMBL:ENSMODG00000021170,ENSEMBL:ENSMODG00000021170,,gene
ENSEMBL:ENSFCAG00000006308,ENSEMBL:ENSFCAG00000006308,,gene
ZP:0003040,"basal part of cell neuroepithelial cell increased width, abnormal",,phenotype
ZP:0014350,"musculoskeletal movement decreased magnitude, abnormal",,phenotype
HP:0030639,Congenital stationary night blindness with abnormal fundus,,phenotype
ClinVarVariant:803898,NM_004006.3(DMD):c.3110_3111del (p.Val1037fs),,variant
ENSEMBL:ENSMMUG00000014027,ENSEMBL:ENSMMUG00000014027,,gene
ClinVarVariant:803838,NM_004006.3(DMD):c.7309+1G>T,,variant
ClinVarVariant:934553,NM_004006.3(DMD):c.4057G>T (p.Glu1353Ter),,variant
ZP:0000637,"post-vent region curved, abnormal",,phenotype
ENSEMBL:ENSCAFG00000011140,ENSEMBL:ENSCAFG00000011140,,gene
ENSEMBL:ENSSSCG00000012022,APP,,gene
Xenbase:XB-GENE-1005654,kif15,,gene
Xenbase:XB-GENE-486987,tnni3,,gene
MP:0014126,increased mammary gland apoptosis,,phenotype
MGI:1933820,Jam2,,gene
ENSEMBL:ENSMMUG00000022136,ENSEMBL:ENSMMUG00000022136,,gene
ZP:0003061,"ventricular cardiac myofibril assembly disrupted, abnormal",,phenotype
ENSEMBL:ENSMMUG00000014887,ENSEMBL:ENSMMUG00000014887,,gene
HP:0008711,Benign prostatic hyperplasia,,phenotype
ClinVarVariant:11283,NM_004006.3(DMD):c.3940C>T (p.Arg1314Ter),,variant
ClinVarVariant:526040,NM_000109.4(DMD):c.3689del (p.Lys1230fs),,variant
ENSEMBL:ENSPTRG00000014581,ENSEMBL:ENSPTRG00000014581,,gene
ENSEMBL:ENSECAG00000015182,ENSEMBL:ENSECAG00000015182,,gene
ENSEMBL:ENSPTRG00000034200,ENSEMBL:ENSPTRG00000034200,,gene
MP:0009640,abnormal renal tubule epithelium morphology,,phenotype
ENSEMBL:ENSPTRG00000009097,ENSEMBL:ENSPTRG00000009097,,gene
RGD:621023,Lama5,,gene
HP:0000280,Coarse facial features,,phenotype
ZP:0005816,"eye photoreceptor cell apoptotic, abnormal",,phenotype
ENSEMBL:ENSFCAG00000015391,ENSEMBL:ENSFCAG00000015391,,gene
MP:0000277,abnormal heart shape,,phenotype
OMIM:300377.0004,"DMD, GLN1851TER",,variant
HP:0001762,Talipes equinovarus,,phenotype
ENSEMBL:ENSSSCG00000008282,ENSEMBL:ENSSSCG00000008282,,gene
MP:0004597,increased susceptibility to noise-induced hearing loss,,phenotype
WormBase:WBGene00003495,mup-2,,gene
ENSEMBL:ENSOANG00000013307,ENSEMBL:ENSOANG00000013307,,gene
ZP:0100178,"mitochondrion fast muscle cell swollen, abnormal",,phenotype
MP:0004762,increased anti-double stranded DNA antibody level,,phenotype
ENSEMBL:ENSECAG00000008742,ENSEMBL:ENSECAG00000008742,,gene
MP:0005380,embryo phenotype,,phenotype
WBPhenotype:0001165,excess maternal pronucleus early emb,,phenotype
ZP:0018606,"rhombomere 4 decreased length, abnormal",,phenotype
HP:0001892,Abnormal bleeding,,phenotype
dictyBase:DDB_G0285453,DDB0230013,,gene
ENSEMBL:ENSCAFG00000009404,TNNC1,,gene
ENSEMBL:ENSMMUG00000020471,ENSEMBL:ENSMMUG00000020471,,gene
Xenbase:XB-GENE-5743884,arf6,,gene
MMRRC:050930,B10.Cg-Tg(DMD)72Thoen/DuaMmmh,,biological artifact
ClinVarVariant:584157,NC_000023.11:g.(?_31609621)_(31968534_?)del,,variant
ZP:0002506,"heart looping process quality, abnormal",,phenotype
EFO:0008393,reaction time measurement,,phenotype
MP:0020135,abnormal heart ventricle wall thickness,,phenotype
WBPhenotype:0000134,gene expression level reduced,,phenotype
ZFIN:ZDB-GENE-051127-39,actn2b,,gene
ENSEMBL:ENSACAG00000010772,ENSEMBL:ENSACAG00000010772,,gene
dictyBase:DDB_G0289507,act25,,gene
ENSEMBL:ENSMODG00000001377,ENSEMBL:ENSMODG00000001377,,gene
MP:0009967,abnormal neuron proliferation,,phenotype
FlyBase:FBgn0053098,CG33098,,gene
ClinVarVariant:984215,NM_004006.3(DMD):c.8329A>T (p.Arg2777Ter),,variant
ClinVarVariant:953819,NM_004006.3(DMD):c.2949+2T>C,,variant
ZP:0106038,"macrophage increased occurrence phagocytosis, abnormal",,phenotype
HP:0008887,Adipose tissue loss,,phenotype
ClinVarVariant:832627,NC_000023.11:g.(?_32287519)_(32343296_?)dup,,variant
WBPhenotype:0001950,diplotene region organization variant,,phenotype
FBcv:0000438,electrophoretic variant,,phenotype
WBPhenotype:0000316,touch resistant tail,,phenotype
MGI:87961,Agrn,,gene
ZFIN:ZDB-GENE-060531-50,myha,,gene
WBPhenotype:0000241,accumulated cell corpses,,phenotype
HP:0002179,Opisthotonus,,phenotype
MGI:107877,Prkcsh,,gene
HP:0002070,Limb ataxia,,phenotype
MGI:6438148,Dmd<em4Eno>,,variant
MP:0004036,abnormal muscle relaxation,,phenotype
ZP:0000400,"lens quality, abnormal",,phenotype
ClinVarVariant:658986,NC_000023.11:g.(?_31609621)_(31774202_?)del,,variant
MP:0011820,decreased pancreatic beta cell proliferation,,phenotype
ClinVarVariant:492822,NM_000109.4(DMD):c.606del (p.Lys203fs),,variant
WBPhenotype:0000324,short,,phenotype
MP:0013848,subcutaneous edema,,phenotype
HP:0100244,Fibrosarcoma,,phenotype
MP:0010742,increased Schwann cell number,,phenotype
MP:0005042,abnormal level of surface class II molecules,,phenotype
FlyBase:FBgn0010333,Rac1,,gene
ENSEMBL:ENSSSCG00000017614,TRIM25,,gene
dictyBase:DDB_G0269912,redB,,gene
ZP:0000030,"skeletal muscle fiber development disrupted, abnormal",,phenotype
ZP:0001490,"myofibril somite structure, abnormal",,phenotype
EFO:0004621,vitamin B6 measurement,,phenotype
HP:0011028,Abnormality of blood circulation,,phenotype
MP:0020849,abnormal actin cytoskeleton morphology,,phenotype
ENSEMBL:ENSFCAG00000004295,ENSEMBL:ENSFCAG00000004295,,gene
EFO:0004326,heart rate,,phenotype
ClinVarVariant:583527,NC_000023.10:g.(?_32827590)_(32867957_?)dup,,variant
ZP:0003099,"pharyngeal arch morphology, abnormal",,phenotype
ENSEMBL:ENSSSCG00000003137,PLEKHA4,,gene
1066,estramustine phosphate,,drug
ENSEMBL:ENSACAG00000000054,ENSEMBL:ENSACAG00000000054,,gene
HP:0002385,Paraparesis,,phenotype
ZP:0002950,"vertical myoseptum increased width, abnormal",,phenotype
ZP:0003361,"cell notochord circular, abnormal",,phenotype
ENSEMBL:ENSBTAG00000015303,ENSEMBL:ENSBTAG00000015303,,gene
ZP:0000752,"cardiac muscle cell increased amount, abnormal",,phenotype
dictyBase:DDB_G0269902,act26,,gene
ClinVarVariant:455829,NC_000023.11:g.(?_32287509)_(32287721_?)del,,variant
dictyBase:DDB_G0268316,DDB0202116,,gene
ENSEMBL:ENSBTAG00000002023,NOS1,,gene
HP:0000008,Abnormal morphology of female internal genitalia,,phenotype
ENSEMBL:ENSMODG00000015807,ENSEMBL:ENSMODG00000015807,,gene
ZP:0003059,"peripheral nervous system neuron axonogenesis increased rate, abnormal",,phenotype
MP:0003821,decreased left ventricle diastolic pressure,,phenotype
HP:0100519,Anuria,,phenotype
MGI:1346052,Apc2,,gene
ENSEMBL:ENSGALG00000038469,ENSEMBL:ENSGALG00000038469,,gene
HGNC:659,ARF6,,gene
Xenbase:XB-GENE-5879626,lamtor1,,gene
FlyBase:FBgn0001978,stc,,gene
HP:0001320,Cerebellar vermis hypoplasia,,phenotype
MP:0009977,abnormal cerebellar granule cell migration,,phenotype
HP:0000123,Nephritis,,phenotype
MP:0012702,increased embryonic neuroepithelium thickness,,phenotype
ZP:0005883,"embryonic pectoral fin morphogenesis process quality, abnormal",,phenotype
HP:0012115,Hepatitis,,phenotype
ENSEMBL:ENSMMUG00000009222,ENSEMBL:ENSMMUG00000009222,,gene
ClinVarVariant:832468,NC_000023.11:g.(?_31323588)_(31323668_?)del,,variant
ZP:0020519,"trunk increased distribution, abnormal",,phenotype
ZFIN:ZDB-GENE-131120-86,ifit16,,gene
MONARCH:APO_0000090APO_0000004,metal resistance:increased,,phenotype
HP:0002791,Hypoventilation,,phenotype
PomBase:SPBC1D7.05,byr2,,gene
dbSNP:rs61903333,rs61903333-?,,variant
ZP:0012365,"Z disc skeletal muscle cell spatial pattern, abnormal",,phenotype
ClinVarVariant:639861,NC_000023.11:g.(?_31819965)_(31932237_?)del,,variant
ENSEMBL:ENSCAFG00000000957,SNTB1,,gene
ClinVarVariant:526177,NC_000023.10:g.(?_31838072)_(32563471_?)dup,,variant
ClinVarVariant:853071,NM_004006.3(DMD):c.1703del (p.Gln568fs),,variant
MP:0005390,skeleton phenotype,,phenotype
ZP:0101214,"BMP signaling pathway decreased occurrence, abnormal",,phenotype
ZFIN:ZDB-GENE-060118-1,lama1,,gene
ClinVarVariant:803788,NM_004006.3(DMD):c.10224-1dup,,variant
MP:0001240,abnormal epidermis stratum corneum morphology,,phenotype
ENSEMBL:ENSSSCG00000004498,ENSEMBL:ENSSSCG00000004498,,gene
MP:0020844,abnormal pulmonary respiratory rate response,,phenotype
ZP:0000269,"Meckel's cartilage morphology, abnormal",,phenotype
ENSEMBL:ENSSSCG00000003103,FKRP,,gene
MP:0003484,abnormal channel response,,phenotype
HP:0001909,Leukemia,,phenotype
HP:0000859,Hyperaldosteronism,,phenotype
MP:0031085,increased erythrocyte osmotic fragility,,phenotype
ZP:0000004,"determination of left/right asymmetry in lateral mesoderm disrupted, abnormal",,phenotype
MP:0009176,increased pancreatic alpha cell number,,phenotype
HP:0000571,Hypometric saccades,,phenotype
ClinVarVariant:409925,NM_004006.3(DMD):c.5100_5101del (p.Leu1701fs),,variant
ENSEMBL:ENSACAG00000013695,ENSEMBL:ENSACAG00000013695,,gene
Xenbase:XB-GENE-984634,lama3,,gene
ENSEMBL:ENSOANG00000002875,ENSEMBL:ENSOANG00000002875,,gene
ENSEMBL:ENSCAFG00000004223,DTNB,,gene
dictyBase:DDB_G0283983,DDB0218548,,gene
ClinVarVariant:11225,NM_004006.2(DMD):c.433C>T (p.Arg145Ter),,variant
ZP:0018618,"cell body microglial cell increased volume, abnormal",,phenotype
ENSEMBL:ENSACAG00000006911,ENSEMBL:ENSACAG00000006911,,gene
ZP:0010930,"interrenal primordium position, abnormal",,phenotype
Xenbase:XB-GENE-1020985,nfx1,,gene
Xenbase:XB-GENE-6041092,lrrc8e,,gene
ZP:0020570,"CaP motoneuron decreased process quality synaptic vesicle exocytosis, abnormal",,phenotype
WBPhenotype:0000438,retarded heterochronic variations,,phenotype
MONARCH:APO_0000080APO_0000004,stress resistance:increased,,phenotype
dictyBase:DDB_G0274603,kif9,,gene
MGI:1913496,Osgep,,gene
ClinVarVariant:644839,NC_000023.11:g.(?_32411742)_(32699303_?)del,,variant
ZP:0000026,"trunk decreased length, abnormal",,phenotype
ENSEMBL:ENSACAG00000005293,ENSEMBL:ENSACAG00000005293,,gene
NCBITaxon:9606,Homo sapiens,,taxon
FlyBase:FBgn0267698,Pak,,gene
ENSEMBL:ENSMODG00000014962,ENSEMBL:ENSMODG00000014962,,gene
HP:0007772,Impaired smooth pursuit,,phenotype
MP:0001186,pigmentation phenotype,,phenotype
HP:0002370,Poor coordination,,phenotype
ENSEMBL:ENSCAFG00000010725,ENSEMBL:ENSCAFG00000010725,,gene
ENSEMBL:ENSACAG00000015986,ENSEMBL:ENSACAG00000015986,,gene
ZP:0100129,"skeletal muscle decreased occurrence skeletal myofibril assembly, abnormal",,phenotype
WBPhenotype:0002172,pathogen release variant,,phenotype
MESH:D013654,Taurine,,drug
MP:0009421,increased gastrocnemius weight,,phenotype
MP:0004808,abnormal hematopoietic stem cell morphology,,phenotype
RGD:61948,Tmod2,,gene
ENSEMBL:ENSMMUG00000005882,ENSEMBL:ENSMMUG00000005882,,gene
FBcv:0002033,lethal - all die during embryonic stage,,phenotype
ZP:0008734,"muscle cell irregular spatial pattern, abnormal",,phenotype
MP:0001697,abnormal embryo size,,phenotype
WormBase:WBGene00000044,acr-5,,gene
WormBase:WBGene00003609,nhr-10,,gene
ClinVarVariant:665637,NC_000023.11:g.(?_31729621)_(31968524_?)del,,variant
ENSEMBL:ENSFCAG00000003822,ENSEMBL:ENSFCAG00000003822,,gene
MP:0009874,abnormal interdigital cell death,,phenotype
ENSEMBL:ENSGALG00000001343,ENSEMBL:ENSGALG00000001343,,gene
ClinVarVariant:94623,NM_004006.2(DMD):c.4375C>T (p.Arg1459Ter),,variant
MP:0020395,abnormal response to social novelty,,phenotype
dictyBase:DDB_G0289487,act3,,gene
ENSEMBL:ENSMODG00000009498,ENSEMBL:ENSMODG00000009498,,gene
ENSEMBL:ENSECAG00000018584,ENSEMBL:ENSECAG00000018584,,gene
MP:0009450,abnormal axon fasciculation,,phenotype
ENSEMBL:ENSGALG00000043724,ENSEMBL:ENSGALG00000043724,,gene
ENSEMBL:ENSBTAG00000018463,ENSEMBL:ENSBTAG00000018463,,gene
GO:0030175,filopodium,,molecular function
HP:0003429,CNS hypomyelination,,phenotype
ZP:0102144,"notochord development decreased process quality, abnormal",,phenotype
ENSEMBL:ENSSSCG00000010144,ACTN2,,gene
ZP:0004684,"protein localization to adherens junction arrested, abnormal",,phenotype
4138,gentian violet,,drug
MP:0009763,increased sensitivity to induced morbidity/mortality,,phenotype
ENSEMBL:ENSCAFG00000018439,ITGA1,,gene
HP:0006572,Subacute progressive viral hepatitis,,phenotype
ZFIN:ZDB-GENE-050320-69,capn2a,,gene
ZP:0005797,"response to light stimulus arrested, abnormal",,phenotype
HP:0000602,Ophthalmoplegia,,phenotype
ENSEMBL:ENSSSCG00000026041,MAP3K5,,gene
HGNC:7872,NOS1,,gene
ENSEMBL:ENSFCAG00000011941,ENSEMBL:ENSFCAG00000011941,,gene
MP:0005029,abnormal amnion morphology,,phenotype
ENSEMBL:ENSPTRG00000008768,ENSEMBL:ENSPTRG00000008768,,gene
MP:0008284,abnormal hippocampus pyramidal cell layer,,phenotype
HGNC:11873,TMOD3,,gene
MP:0001203,increased sensitivity to skin irradiation,,phenotype
HP:0002031,Abnormal esophagus morphology,,phenotype
HP:0005145,Coronary artery stenosis,,phenotype
OMIM:300377.0072,"DMD, 8-BP DEL, 1-BP INS, NT10692",,variant
ZP:0131089,"atrioventricular canal endocardium decreased occurrence cell migration, abnormal",,phenotype
ClinVarVariant:455827,NC_000023.11:g.(?_32216896)_(32501862_?)del,,variant
Xenbase:XB-GENE-1013765,tcap,,gene
RGD:1311276,Sntg2,,gene
MP:0001727,abnormal embryo implantation,,phenotype
ENSEMBL:ENSMODG00000038443,ENSEMBL:ENSMODG00000038443,,gene
MP:0009749,enhanced behavioral response to addictive substance,,phenotype
ENSEMBL:ENSFCAG00000002530,ENSEMBL:ENSFCAG00000002530,,gene
MP:0009922,increased transitional stage T1 B cell number,,phenotype
ENSEMBL:ENSFCAG00000007901,ENSEMBL:ENSFCAG00000007901,,gene
ClinVarVariant:803943,NM_004006.3(DMD):c.693C>G (p.Tyr231Ter),,variant
ZFIN:ZDB-GENE-121214-248,ifit10,,gene
ENSEMBL:ENSGALG00000013437,GAN,,gene
ENSEMBL:ENSBTAG00000005523,ENSEMBL:ENSBTAG00000005523,,gene
MP:0010103,small thoracic cage,,phenotype
HP:0001873,Thrombocytopenia,,phenotype
MP:0009959,abnormal cerebellar hemisphere morphology,,phenotype
FBcv:0000356,abnormal body color,,phenotype
MONARCH:APO_0000098APO_0000005,utilization of carbon source:absent,,phenotype
ZP:0002939,"T-tubule organization process quality, abnormal",,phenotype
ENSEMBL:ENSMMUG00000022086,ENSEMBL:ENSMMUG00000022086,,gene
ClinVarVariant:984094,NM_004006.3(DMD):c.10807G>T (p.Glu3603Ter),,variant
ENSEMBL:ENSACAG00000012342,ENSEMBL:ENSACAG00000012342,,gene
MONARCH:APO_0000204APO_0000117,hyperosmotic stress resistance:normal,,phenotype
HP:0000069,Abnormality of the ureter,,phenotype
ZP:0004526,"cardiac muscle cell shape, abnormal",,phenotype
WormBase:WBGene00000051,acr-12,,gene
WormBase:WBGene00009585,cal-7,,gene
ENSEMBL:ENSECAG00000013328,ENSEMBL:ENSECAG00000013328,,gene
ENSEMBL:ENSMMUG00000019009,ENSEMBL:ENSMMUG00000019009,,gene
ENSEMBL:ENSMODG00000010868,ENSEMBL:ENSMODG00000010868,,gene
HP:0012447,Abnormal myelination,,phenotype
ClinVarVariant:11240,"DMD, 1-BP INS, 402A",,variant
ENSEMBL:ENSBTAG00000008938,SRC,,gene
MP:0000756,forelimb paralysis,,phenotype
ENSEMBL:ENSFCAG00000001580,ENSEMBL:ENSFCAG00000001580,,gene
ZP:0004595,"pancreatic B cell increased amount, abnormal",,phenotype
FlyBase:FBgn0085447,sif,,gene
ClinVarVariant:953523,NM_004006.3(DMD):c.5704_5707del (p.Ser1902fs),,variant
ENSEMBL:ENSACAG00000001823,ENSEMBL:ENSACAG00000001823,,gene
RGD:621053,Lamc2,,gene
ClinVarVariant:984220,NM_004006.3(DMD):c.6175A>T (p.Lys2059Ter),,variant
ZP:0011758,"whole organism lacks parts or has fewer parts of type portion of tissue, abnormal",,phenotype
MP:0008477,decreased spleen red pulp amount,,phenotype
ZP:0014277,"wound healing decreased process quality, abnormal",,phenotype
MP:0000930,wavy neural tube,,phenotype
ClinVarVariant:662857,NC_000023.11:g.(?_32823285)_(32849830_?)del,,variant
Xenbase:XB-GENE-1013749,pak4,,gene
ENSEMBL:ENSECAG00000014495,ENSEMBL:ENSECAG00000014495,,gene
ZP:0012097,"myoseptum morphology, abnormal",,phenotype
MONARCH:APO_0000034APO_0000003,mating efficiency:decreased,,phenotype
HP:0011599,Mesocardia,,phenotype
ENSEMBL:ENSMODG00000002704,ENSEMBL:ENSMODG00000002704,,gene
MP:0008617,increased circulating interleukin-12 level,,phenotype
MP:0005475,abnormal circulating thyroxine level,,phenotype
MGI:107570,Cav3,,gene
ZP:0005008,"neuromast hair cell physical object quality, abnormal",,phenotype
NCBITaxon:284812,Schizosaccharomyces pombe 972h-,,taxon
4483,carfilzomib,,drug
ZP:0003066,"atrium contractility, abnormal",,phenotype
Xenbase:XB-GENE-5821388,spef2,,gene
ZP:0009073,"neuronal cell body rhombomere 7 mislocalised, abnormal",,phenotype
ENSEMBL:ENSFCAG00000013751,ENSEMBL:ENSFCAG00000013751,,gene
MONARCH:APO_0000105APO_0000002,mitochondrial genome maintenance:abnormal,,phenotype
ZFIN:ZDB-GENE-991019-4,kif23,,gene
ClinVarVariant:11253,"DMD, 1-BP INS, NT2928",,variant
ZP:0000721,"basibranchial condensed, abnormal",,phenotype
HP:0012126,Stomach cancer,,phenotype
2835,nicotinic acid,,drug
ZP:0000856,"whole organism curved ventral, abnormal",,phenotype
ZP:0106117,"sarcomere atrium increased width, abnormal",,phenotype
MP:0001825,arrested T cell differentiation,,phenotype
HP:0000405,Conductive hearing impairment,,phenotype
ClinVarVariant:11266,NM_000109.4(DMD):c.7378G>T (p.Glu2460Ter),,variant
Q8IXJ6,NAD-dependent protein deacetylase sirtuin-2,,gene product
HP:0000982,Palmoplantar keratoderma,,phenotype
ZP:0011511,"postoptic commissure has fewer parts of type astrocyte, abnormal",,phenotype
ClinVarVariant:830826,NC_000023.11:g.(?_32501745)_(32545344_?)dup,,variant
MP:0001701,incomplete embryo turning,,phenotype
WBPhenotype:0001354,actin cytoskeleton filament morphology phenotype,,phenotype
GO:0005856,cytoskeleton,,molecular function
HP:0000668,Hypodontia,,phenotype
MP:0008476,increased spleen red pulp amount,,phenotype
ENSEMBL:ENSMMUG00000002607,ENSEMBL:ENSMMUG00000002607,,gene
MP:0012700,abnormal endocardial heart tube morphology,,phenotype
ZP:0010745,"skeletal muscle broken, abnormal",,phenotype
dictyBase:DDB_G0276077,mlcR,,gene
ZP:0001563,"axon guidance process quality, abnormal",,phenotype
ENSEMBL:ENSACAG00000016418,ENSEMBL:ENSACAG00000016418,,gene
ZP:0006779,"perichondral bone has extra parts of type osteoblast, abnormal",,phenotype
ClinVarVariant:11211,NM_004006.2(DMD):c.8944C>T (p.Arg2982Ter),,variant
ClinVarVariant:11252,"DMD, 52-BP DEL",,variant
MP:0011016,increased core body temperature,,phenotype
ZP:0005806,"central region retina apoptotic, abnormal",,phenotype
RGD:1311574,Terf1,,gene
ENSEMBL:ENSACAG00000007441,ENSEMBL:ENSACAG00000007441,,gene
ENSEMBL:ENSXETG00000039354,cuzd1.2,,gene
HP:0000601,Hypotelorism,,phenotype
ENSEMBL:ENSMODG00000005185,ENSEMBL:ENSMODG00000005185,,gene
ZFIN:ZDB-GENE-021011-2,pak2a,,gene
HP:0003701,Proximal muscle weakness,,phenotype
ENSEMBL:ENSMMUG00000002668,ENSEMBL:ENSMMUG00000002668,,gene
ClinVarVariant:94684,NM_004006.2(DMD):c.583C>T (p.Arg195Ter),,variant
ENSEMBL:ENSGALG00000015086,ENSEMBL:ENSGALG00000015086,,gene
ENSEMBL:ENSMMUG00000015604,ENSEMBL:ENSMMUG00000015604,,gene
ClinVarVariant:832676,NC_000023.11:g.(?_31657980)_(31729758_?)dup,,variant
FBcv:0002030,lethal - all die during pupal stage,,phenotype
ZP:0017841,"endocardium hypotrophic, abnormal",,phenotype
MP:0002631,abnormal epididymis morphology,,phenotype
ZP:0007279,"ventricular system hemorrhagic, abnormal",,phenotype
HP:0000682,Abnormal dental enamel morphology,,phenotype
ClinVarVariant:94785,NM_004006.2(DMD):c.8064_8065del (p.His2688fs),,variant
ZP:0003047,"cardiac ventricle hypertrophic, abnormal",,phenotype
MGI:106039,Dtna,,gene
WBPhenotype:0000779,late embryonic arrest,,phenotype
MP:0000649,sebaceous gland atrophy,,phenotype
ENSEMBL:ENSMODG00000007463,ENSEMBL:ENSMODG00000007463,,gene
WormBase:WBGene00008805,git-1,,gene
WBPhenotype:0002284,head bend angle variant,,phenotype
WBPhenotype:0000806,hermaphrodite fertility variant,,phenotype
MP:0010053,decreased grip strength,,phenotype
ENSEMBL:ENSPTRG00000002736,ENSEMBL:ENSPTRG00000002736,,gene
ENSEMBL:ENSMMUG00000015029,ENSEMBL:ENSMMUG00000015029,,gene
ENSEMBL:ENSOANG00000003187,ENSEMBL:ENSOANG00000003187,,gene
ENSEMBL:ENSMMUG00000008230,ENSEMBL:ENSMMUG00000008230,,gene
ZP:0018511,"caudal division of the internal carotid artery process quality blood vessel endothelial cell migration, abnormal",,phenotype
PomBase:SPBC16D10.03,kae1,,gene
EFO:0007710,cognitive decline measurement,,phenotype
ENSEMBL:ENSOANG00000015636,ENSEMBL:ENSOANG00000015636,,gene
HP:0002202,Pleural effusion,,phenotype
ZP:0003578,"bulbus arteriosus morphology, abnormal",,phenotype
WormBase:WBGene00020970,W03A5.6,,gene
2666,tiludronic acid,,drug
HP:0012243,Abnormal reproductive system morphology,,phenotype
ZFIN:ZDB-GENE-000906-1,sptb,,gene
ZP:0003538,"pectoral fin malformed, abnormal",,phenotype
ZP:0010455,"striated muscle thin filament fast muscle cell disorganized, abnormal",,phenotype
ENSEMBL:ENSACAG00000001841,ENSEMBL:ENSACAG00000001841,,gene
dictyBase:DDB_G0270838,H3b,,gene
ENSEMBL:ENSCAFG00000010784,TNNI1,,gene
FBcv:0000007,female semi-fertile,,phenotype
WBPhenotype:0001213,locomotion reduced,,phenotype
MP:0003463,abnormal single cell response,,phenotype
ZP:0020026,"hypothalamus decreased distribution, abnormal",,phenotype
MP:0001523,impaired righting response,,phenotype
dictyBase:DDB_G0293784,psmB5,,gene
ClinVarVariant:856607,NM_004006.3(DMD):c.6901C>T (p.Gln2301Ter),,variant
FlyBase:FBgn0250785,vari,,gene
MP:0005201,abnormal retinal pigment epithelium morphology,,phenotype
ZP:0002066,"slow muscle cell decreased amount, abnormal",,phenotype
OMIA-breed:787,Grand Basset Griffon Vendeen (dog),,biological artifact
MP:0003059,decreased insulin secretion,,phenotype
ClinVarVariant:947553,NM_004006.3(DMD):c.321dup (p.Leu108fs),,variant
ClinVarVariant:831388,NC_000023.11:g.(?_32614293)_(32614463_?)dup,,variant
ClinVarVariant:653035,NM_004006.2(DMD):c.1705-2A>G,,variant
MP:0000490,abnormal crypts of Lieberkuhn morphology,,phenotype
HP:0000962,Hyperkeratosis,,phenotype
ClinVarVariant:217193,NM_004006.2(DMD):c.3427C>T (p.Gln1143Ter),,variant
ZP:0005385,"ventricular system increased accumulation cerebral spinal fluid, abnormal",,phenotype
ENSEMBL:ENSOANG00000011656,ENSEMBL:ENSOANG00000011656,,gene
RGD:1307033,Ltbp4,,gene
MP:0001752,abnormal hypothalamus secretion,,phenotype
MP:0013309,adrenal gland cyst,,phenotype
Xenbase:XB-GENE-962905,cav3.1,,gene
ZP:0007289,"central artery unlumenized, abnormal",,phenotype
HP:0001347,Hyperreflexia,,phenotype
MP:0005112,abnormal spinal cord ventral horn morphology,,phenotype
MONARCH:APO_0000026APO_0000003,bipolar budding pattern:decreased,,phenotype
MP:0009827,skin detachment,,phenotype
MP:0031192,coronary artery spasm,,phenotype
ClinVarVariant:651818,NC_000023.10:g.(?_31332523)_(31525580_?)dup,,variant
ClinVarVariant:647460,NC_000023.11:g.(?_32484899)_(32849840_?)del,,variant
WormBase:WBGene00002974,lev-1,,gene
Xenbase:XB-GENE-5932067,chrna1.2,,gene
ENSEMBL:ENSSSCG00025066075,ENSEMBL:ENSSSCG00025066075,,gene
MGI:1890149,Tpm3,,gene
ENSEMBL:ENSFCAG00000008675,ENSEMBL:ENSFCAG00000008675,,gene
ENSEMBL:ENSPTRG00000004024,ENSEMBL:ENSPTRG00000004024,,gene
ClinVarVariant:455919,NM_004006.2(DMD):c.6424A>T (p.Lys2142Ter),,variant
ClinVarVariant:455823,NC_000023.10:g.(?_31947693)_(31986651_?)del,,variant
ClinVarVariant:497172,NM_004006.2(DMD):c.4618G>T (p.Glu1540Ter),,variant
HP:0005108,Abnormality of the intervertebral disk,,phenotype
ENSEMBL:ENSACAG00000008475,ENSEMBL:ENSACAG00000008475,,gene
HP:0004835,Microspherocytosis,,phenotype
MP:0014228,increased alveolar macrophage number,,phenotype
MGI:5897011,Dmd<tm1Kmf> [involves: C57BL/6],,genotype
HGNC:11283,SRC,,gene
REACT:R-HSA-3000171,Non-integrin membrane-ECM interactions,,molecular function
HP:0000707,Abnormality of the nervous system,,phenotype
MP:0005348,increased T cell proliferation,,phenotype
ENSEMBL:ENSOANG00000001328,ENSEMBL:ENSOANG00000001328,,gene
ENSEMBL:ENSECAG00000016098,ENSEMBL:ENSECAG00000016098,,gene
WBPhenotype:0001340,egg laying imipramine resistant,,phenotype
HP:0002533,Abnormal posturing,,phenotype
4411,dexchlorpheniramine,,drug
ZFIN:ZDB-GENE-070117-2,dtna,,gene
MP:0000065,abnormal bone marrow cavity morphology,,phenotype
ENSEMBL:ENSGALG00000008947,ENSEMBL:ENSGALG00000008947,,gene
ENSEMBL:ENSMMUG00000013782,ENSEMBL:ENSMMUG00000013782,,gene
ENSEMBL:ENSGALG00000003010,ENSEMBL:ENSGALG00000003010,,gene
ENSEMBL:ENSMMUG00000006007,ENSEMBL:ENSMMUG00000006007,,gene
ZP:0003089,"splanchnocranium morphology, abnormal",,phenotype
ZP:0001762,"brain shape, abnormal",,phenotype
ENSEMBL:ENSSSCG00000011624,MCM2,,gene
WBPhenotype:0001833,membrane trafficking variant,,phenotype
MP:0001364,decreased anxiety-related response,,phenotype
ClinVarVariant:584249,NC_000023.11:g.(?_31932060)_(31968534_?)del,,variant
MP:0003868,abnormal feces composition,,phenotype
2561,tamoxifen,,drug
RGD:1307455,Tiam1,,gene
ClinVarVariant:803811,NM_004006.3(DMD):c.8923del (p.Leu2975fs),,variant
ENSEMBL:ENSMMUG00000018420,ENSEMBL:ENSMMUG00000018420,,gene
ClinVarVariant:950754,NM_004006.3(DMD):c.6203del (p.Pro2068fs),,variant
OMIM:300377.0042,"BMD, IVS13, G-T, -1",,variant
HP:0001046,Intermittent jaundice,,phenotype
ENSEMBL:ENSBTAG00000046332,ENSEMBL:ENSBTAG00000046332,,gene
MP:0010133,increased DN3 thymocyte number,,phenotype
HP:0003307,Hyperlordosis,,phenotype
ZP:0012205,"striated muscle cell misaligned with Z disc Z disc striated muscle cell, abnormal",,phenotype
ZP:0003077,"Z disc cardiac muscle cell disorganized, abnormal",,phenotype
MP:0011808,abnormal myoblast differentiation,,phenotype
ENSEMBL:ENSPTRG00000001866,ENSEMBL:ENSPTRG00000001866,,gene
ENSEMBL:ENSACAG00000003678,ENSEMBL:ENSACAG00000003678,,gene
ClinVarVariant:94807,NM_004006.2(DMD):c.8443C>T (p.Gln2815Ter),,variant
MONARCH:APO_0000051APO_0000002,cell shape:abnormal,,phenotype
MP:0008641,increased circulating interleukin-1 beta level,,phenotype
WBPhenotype:0000982,spermatid maturation variant,,phenotype
MP:0002176,increased brain weight,,phenotype
ZP:0008128,"synapse assembly disrupted, abnormal",,phenotype
ClinVarVariant:409911,NM_004006.2(DMD):c.2665C>T (p.Arg889Ter),,variant
MP:0009220,increased prostate gland adenocarcinoma incidence,,phenotype
HP:0002171,Gliosis,,phenotype
ClinVarVariant:832397,NC_000023.11:g.(?_31729621)_(31820093_?)dup,,variant
FBcv:0000424,abnormal cell death,,phenotype
MGI:2385076,Haus1,,gene
Coriell:GM09982,NIGMS-GM09982,,biological artifact
ENSEMBL:ENSECAG00000015494,ENSEMBL:ENSECAG00000015494,,gene
HP:0012592,Albuminuria,,phenotype
ENSEMBL:ENSBTAG00000002448,SNTG1,,gene
HGNC:11168,SNTB1,,gene
ClinVarVariant:455797,NC_000023.11:g.(?_31444461)_(31679606_?)del,,variant
ClinVarVariant:984428,NM_004006.3(DMD):c.2945T>A (p.Leu982Ter),,variant
MP:0004325,absent vestibular hair cells,,phenotype
ZP:0000967,"anterior/posterior axon guidance process quality, abnormal",,phenotype
ZP:0003057,"skeletal myofibril assembly disrupted, abnormal",,phenotype
ZP:0002961,"myoseptum broken, abnormal",,phenotype
ENSEMBL:ENSOANG00000004144,ENSEMBL:ENSOANG00000004144,,gene
HP:0008946,Pelvic girdle amyotrophy,,phenotype
ENSEMBL:ENSXETG00000038117,adgrf3,,gene
Xenbase:XB-GENE-1004770,lama4,,gene
ZP:0105880,"brain decreased occurrence monoamine oxidase activity, abnormal",,phenotype
OMIM:300377.0005,"DMD, ARG2982TER",,variant
HP:0004396,Poor appetite,,phenotype
HP:0001952,Glucose intolerance,,phenotype
ZP:0102268,"actin filament bundle keratinocyte decreased amount, abnormal",,phenotype
WormBase:WBGene00003515,myo-3,,gene
ClinVarVariant:917478,NM_004006.3(DMD):c.4402G>T (p.Glu1468Ter),,variant
WormBase:WBGene00000043,acr-3,,gene
MONARCH:APO_0000106APO_0000245,vegetative growth:decreased rate,,phenotype
ClinVarVariant:665650,NC_000023.10:g.(?_31332523)_(31526374_?)dup,,variant
ENSEMBL:ENSGALG00000008677,ENSEMBL:ENSGALG00000008677,,gene
ClinVarVariant:11272,"DMD, IVS65, G-A, +1",,variant
ZP:0003033,"notochord structure, cavities, abnormal",,phenotype
HP:0000957,Cafe-au-lait spot,,phenotype
P02708,Acetylcholine receptor subunit alpha,,gene product
MP:0004000,impaired passive avoidance behavior,,phenotype
ENSEMBL:ENSPTRG00000047408,ENSEMBL:ENSPTRG00000047408,,gene
ZFIN:ZDB-GENE-090312-198,tnni4b.1,,gene
MP:0011915,increased heart left atrium weight,,phenotype
Coriell:GM05124,NIGMS-GM05124,,biological artifact
Coriell:GM05123,NIGMS-GM05123,,biological artifact
ZP:0002395,"retinal neural layer disorganized, abnormal",,phenotype
MGI:1313258,Slfn2,,gene
WormBase:WBGene00003727,nhr-137,,gene
MP:0011344,abnormal loop of Henle ascending limb thick segment morphology,,phenotype
ENSEMBL:ENSFCAG00000002499,ENSEMBL:ENSFCAG00000002499,,gene
FBcv:0000361,increased body size,,phenotype
MGI:1339712,Myh8,,gene
MGI:95481,Ptk2,,gene
1475,ipratropium,,drug
ZP:0002462,"myofibril slow muscle cell disorganized, abnormal",,phenotype
MP:0008577,increased circulating interferon-gamma level,,phenotype
ENSEMBL:ENSECAG00000016391,ENSEMBL:ENSECAG00000016391,,gene
XPO:0103702,abnormal bending of tail,,phenotype
ClinVarVariant:960930,NM_004006.3(DMD):c.2617dup (p.Cys873fs),,variant
MP:0001874,acanthosis,,phenotype
OMIM:300377.0037,"DMD, GLU250TER",,variant
MP:0004354,absent deltoid tuberosity,,phenotype
765,cyproheptadine,,drug
ZP:0002180,"ventricular myocardium decreased thickness, abnormal",,phenotype
MP:0009764,decreased sensitivity to induced morbidity/mortality,,phenotype
WBPhenotype:0002335,path curvature variant,,phenotype
ENSEMBL:ENSCAFG00000011531,ENSEMBL:ENSCAFG00000011531,,gene
ENSEMBL:ENSSSCG00000022204,AGRN,,gene
ENSEMBL:ENSECAG00000017123,ENSEMBL:ENSECAG00000017123,,gene
ZP:0002810,"swimming behavior decreased process quality, abnormal",,phenotype
ZFIN:ZDB-GENE-060110-3,slc8a1b,,gene
ZP:0000214,"post-vent region movement quality, abnormal",,phenotype
HGNC:14339,PLEKHA4,,gene
ZP:0004641,"embryonic camera-type eye development disrupted, abnormal",,phenotype
MP:0006073,abnormal retinal bipolar cell morphology,,phenotype
ENSEMBL:ENSBTAG00000001975,ENSEMBL:ENSBTAG00000001975,,gene
MGI:3531484,Dmd<tm1.1Khan>,,variant
ZP:0002302,"trunk undulate, abnormal",,phenotype
MP:0010561,absent coronary vessels,,phenotype
WBPhenotype:0001578,cholinergic agonist resistant,,phenotype
MP:0001423,abnormal liquid preference,,phenotype
MP:0003542,abnormal vascular endothelial cell development,,phenotype
MP:0000295,trabecula carnea hypoplasia,,phenotype
ZP:0008037,"nucleus slow muscle cell circular, abnormal",,phenotype
2026,oxyphencyclimine,,drug
ZP:0000724,"atrium dilated, abnormal",,phenotype
ZP:0018436,"retinal inner nuclear layer apoptotic, abnormal",,phenotype
WBPhenotype:0000697,protruding vulva,,phenotype
ENSEMBL:ENSCAFG00000000326,UTRN,,gene
MP:0004989,decreased osteoblast cell number,,phenotype
WBPhenotype:0002460,no induction of antimicrobial peptide expression after infection,,phenotype
MP:0008810,increased circulating iron level,,phenotype
MP:0012156,rostral-caudal axis duplication,,phenotype
ClinVarVariant:831711,NC_000023.11:g.(?_31679365)_(31879410_?)del,,variant
HGNC:971,BCAR1,,gene
ENSEMBL:ENSACAG00000001018,ENSEMBL:ENSACAG00000001018,,gene
ClinVarVariant:803857,NM_004006.3(DMD):c.5689dup (p.Glu1897fs),,variant
RGD:1563703,Slc25a48,,gene
MONARCH:APO_0000083APO_0000004,oxidative stress resistance:increased,,phenotype
HP:0002829,Arthralgia,,phenotype
ENSEMBL:ENSMMUG00000001387,ENSEMBL:ENSMMUG00000001387,,gene
ENSEMBL:ENSOANG00000007731,ENSEMBL:ENSOANG00000007731,,gene
MGI:2685789,Capn13,,gene
ENSEMBL:ENSACAG00000000203,ENSEMBL:ENSACAG00000000203,,gene
ZFIN:ZDB-GENE-021226-1,lamb1a,,gene
MP:0002251,abnormal nasopharynx morphology,,phenotype
ClinVarVariant:526091,NM_004006.2(DMD):c.8027+1G>A,,variant
ZP:0003145,"axon cranial nerve II decreased amount, abnormal",,phenotype
HP:0000803,Renal cortical cysts,,phenotype
MP:0008956,decreased cellular hemoglobin content,,phenotype
333,benzatropine,,drug
ENSEMBL:ENSMODG00000015114,ENSEMBL:ENSMODG00000015114,,gene
MP:0012674,tomacula,,phenotype
RGD:1302946,Capn11,,gene
ZP:0007699,"sarcomere skeletal muscle decreased thickness, abnormal",,phenotype
FlyBase:FBgn0012051,CalpA,,gene
FlyBase:FBgn0002922,nau,,gene
Xenbase:XB-GENE-986854,sptan1,,gene
ZP:0001038,"axon collateral motor neuron increased amount, abnormal",,phenotype
ENSEMBL:ENSMODG00000012562,ENSEMBL:ENSMODG00000012562,,gene
HP:0000035,Abnormal testis morphology,,phenotype
ClinVarVariant:641556,NC_000023.11:g.(?_31657970)_(31968534_?)del,,variant
ZP:0001485,"larval locomotory behavior decreased rate, abnormal",,phenotype
NCBITaxon:44689,Dictyostelium discoideum,,taxon
HP:0001643,Patent ductus arteriosus,,phenotype
FBcv:0000446,melanotic mass phenotype,,phenotype
MP:0010681,abnormal hair follicle bulb morphology,,phenotype
Xenbase:XB-GENE-1013088,gan,,gene
ClinVarVariant:832216,NC_000023.11:g.(?_32816458)_(33211312_?)del,,variant
HP:0002679,Abnormal sella turcica morphology,,phenotype
MP:0009412,skeletal muscle fiber degeneration,,phenotype
ENSEMBL:ENSMODG00000044025,ENSEMBL:ENSMODG00000044025,,gene
MP:0000648,absent sebaceous gland,,phenotype
ZP:0004039,"endocardial cushion quality, abnormal",,phenotype
MP:0003918,decreased kidney weight,,phenotype
MP:0002415,abnormal neutrophil differentiation,,phenotype
MONARCH:APO_0000149APO_0000004,protein/peptide accumulation:increased,,phenotype
ENSEMBL:ENSBTAG00000044126,SNTB1,,gene
MP:0003156,abnormal leukocyte migration,,phenotype
ZP:0103242,"response to osmotic stress process quality, abnormal",,phenotype
MP:0011942,decreased fluid intake,,phenotype
FlyBase:FBgn0004117,Tm2,,gene
MP:0010301,increased stomach tumor incidence,,phenotype
MP:0002836,abnormal chorion morphology,,phenotype
ENSEMBL:ENSCAFG00000032205,OSGEP,,gene
MP:0005459,decreased percent body fat/body weight,,phenotype
HP:0100598,Pulmonary edema,,phenotype
ZP:0000691,"nitric oxide biosynthetic process disrupted, abnormal",,phenotype
ENSEMBL:ENSOANG00000046999,ENSEMBL:ENSOANG00000046999,,gene
ClinVarVariant:832786,NC_000023.11:g.(?_32461199)_(32844870_?)del,,variant
RGD:68427,Tns1,,gene
HGNC:7803,NFX1,,gene
ENSEMBL:ENSOANG00000014361,ENSEMBL:ENSOANG00000014361,,gene
WBPhenotype:0000195,distal tip cell migration variant,,phenotype
ClinVarVariant:984098,NM_004006.3(DMD):c.9014T>A (p.Leu3005Ter),,variant
OMIM:300377.0035,"DMD, TYR231ASN",,variant
MP:0003856,abnormal hindlimb stylopod morphology,,phenotype
GO:0034613,cellular protein localization,,molecular function
MP:0000495,abnormal colon morphology,,phenotype
ENSEMBL:ENSCAFG00000024719,DYTN,,gene
MP:0001410,head bobbing,,phenotype
HP:0000360,Tinnitus,,phenotype
MP:0005166,decreased susceptibility to injury,,phenotype
ClinVarVariant:803877,NM_004006.3(DMD):c.4350dup (p.Leu1451fs),,variant
HGNC:18028,OSGEP,,gene
MP:0001829,increased activated T cell number,,phenotype
ENSEMBL:ENSCAFG00000016374,TCAP,,gene
ZP:0000126,"Meckel's cartilage malformed, abnormal",,phenotype
Xenbase:XB-GENE-494931,des.1,,gene
ClinVarVariant:814013,ClinVarVariant:814013,,variant
MP:0005026,decreased susceptibility to parasitic infection,,phenotype
1757,methscopolamine,,drug
ENSEMBL:ENSACAG00000006898,ENSEMBL:ENSACAG00000006898,,gene
ENSEMBL:ENSPTRG00000020263,ENSEMBL:ENSPTRG00000020263,,gene
ZFIN:ZDB-GENE-030724-1,sgce,,gene
ENSEMBL:ENSFCAG00000035688,ENSEMBL:ENSFCAG00000035688,,gene
MP:0009956,abnormal cerebellar layer morphology,,phenotype
ENSEMBL:ENSFCAG00000012064,ENSEMBL:ENSFCAG00000012064,,gene
HGNC:8591,PAK2,,gene
ZFIN:ZDB-GENE-030724-2,sgcg,,gene
RGD:62050,Tnni2,,gene
HP:0040275,Adenocarcinoma of the large intestine,,phenotype
ENSEMBL:ENSBTAG00000022635,LAMB2,,gene
MP:0030979,decreased spinal cord weight,,phenotype
HP:0001537,Umbilical hernia,,phenotype
MP:0004250,tau protein deposits,,phenotype
ZFIN:ZDB-GENE-040718-374,tnni1d,,gene
HGNC:26068,LAMTOR1,,gene
HP:0000973,Cutis laxa,,phenotype
MP:0005238,increased brain size,,phenotype
WBPhenotype:0001146,polar body size defective early emb,,phenotype
ZP:0002525,"convergent extension involved in gastrulation process quality, abnormal",,phenotype
MGI:1329010,Slfn4,,gene
OMIA-breed:925,Japanese Spitz (dog),,biological artifact
MP:0000578,ulcerated paws,,phenotype
ZP:0001254,"trunk curved dorsal, abnormal",,phenotype
ClinVarVariant:526159,NC_000023.11:g.(?_32816448)_(32849840_?)del,,variant
Xenbase:XB-GENE-983491,lamb3,,gene
MP:0002018,increased malignant tumor incidence,,phenotype
ZP:0004383,"locomotory behavior decreased occurrence, abnormal",,phenotype
ZP:0100262,"telencephalon increased occurrence apoptotic process, abnormal",,phenotype
ENSEMBL:ENSMODG00000013408,ENSEMBL:ENSMODG00000013408,,gene
HP:0010663,Abnormality of thalamus morphology,,phenotype
HP:0001166,Arachnodactyly,,phenotype
FlyBase:FBgn0027537,Nup93-1,,gene
MP:0001363,increased anxiety-related response,,phenotype
RGD:628888,Osbpl1a,,gene
ZP:0006450,"liver cystic, abnormal",,phenotype
ZP:0009295,"diencephalic white matter lacks parts or has fewer parts of type postoptic commissure, abnormal",,phenotype
dbSNP:rs6631478,rs6631478-T,,variant
ENSEMBL:ENSRNOG00000059507,Lamc3,,gene
MGI:1920591,Arhgef6,,gene
MP:0004819,decreased skeletal muscle mass,,phenotype
ZP:0001505,"skeletal muscle cell myotome degeneration, abnormal",,phenotype
ZP:0001406,"somite decreased size, abnormal",,phenotype
ENSEMBL:ENSMMUG00000000200,ENSEMBL:ENSMMUG00000000200,,gene
ENSEMBL:ENSCAFG00000013234,LAMC1,,gene
FlyBase:FBgn0039928,Cals,,gene
HP:0000151,Aplasia of the uterus,,phenotype
WBPhenotype:0001156,pronuclear size defective early emb,,phenotype
MP:0004274,abnormal embryonic/fetal subventricular zone morphology,,phenotype
MONARCH:APO_0000224APO_0000002,RNA accumulation:abnormal,,phenotype
ZP:0001273,"retinal photoreceptor layer decreased thickness, abnormal",,phenotype
ENSEMBL:ENSBTAG00000008817,ENSEMBL:ENSBTAG00000008817,,gene
ENSEMBL:ENSBTAG00000027181,LAMA3,,gene
Xenbase:XB-GENE-1008507,capn12,,gene
2220,pizotifen,,drug
MP:0000379,decreased hair follicle number,,phenotype
MP:0011965,decreased total retina thickness,,phenotype
GO:0042383,sarcolemma,,molecular function
ENSEMBL:ENSCAFG00000016051,CACNA1C,,gene
ZP:0007587,"angioblast cell migration from lateral mesoderm to midline delayed, abnormal",,phenotype
HP:0002885,Medulloblastoma,,phenotype
WBPhenotype:0001639,roaming reduced,,phenotype
ClinVarVariant:584343,NC_000023.11:g.(?_32697850)_(32699313_?)del,,variant
ENSEMBL:ENSCAFG00000001960,CAPN11,,gene
MP:0013834,thin hypoglossal nerve,,phenotype
2803,valproic acid,,drug
ENSEMBL:ENSBTAG00000002615,ENSEMBL:ENSBTAG00000002615,,gene
ZP:0130675,"adherens junction EVL structure, abnormal",,phenotype
WormBase:WBGene00000839,cul-4,,gene
FBcv:0002039,some die during pupal stage,,phenotype
MP:0008402,increased cellular sensitivity to alkylating agents,,phenotype
ClinVarVariant:285195,NM_000109.4(DMD):c.5715+1G>T,,variant
EFO:0007822,hair colour measurement,,phenotype
ZP:0012117,"cardiac muscle cell action potential increased duration, abnormal",,phenotype
HP:0005184,Prolonged QTc interval,,phenotype
HP:0100246,Osteoma,,phenotype
MGI:2442474,Dgkb,,gene
MP:0000913,abnormal brain development,,phenotype
HP:0002092,Pulmonary arterial hypertension,,phenotype
ENSEMBL:ENSPTRG00000004999,ENSEMBL:ENSPTRG00000004999,,gene
ZP:0001216,"head cuboid, abnormal",,phenotype
ClinVarVariant:803925,NM_004006.3(DMD):c.1788del (p.Met596fs),,variant
ZFIN:ZDB-GENE-040426-2598,itgb1b.2,,gene
HP:0030746,Intraventricular hemorrhage,,phenotype
ZFIN:ZDB-GENE-000330-5,cdc25b,,gene
Xenbase:XB-GENE-491938,acta1,,gene
ClinVarVariant:803828,NM_004006.3(DMD):c.8146C>T (p.Gln2716Ter),,variant
ENSEMBL:ENSECAG00000018783,ENSEMBL:ENSECAG00000018783,,gene
WBPhenotype:0001999,conflicting sensory integration variant,,phenotype
ENSEMBL:ENSFCAG00000025799,ENSEMBL:ENSFCAG00000025799,,gene
ClinVarVariant:94545,NM_000109.4(DMD):c.2926-2A>G,,variant
MONARCH:APO_0000222APO_0000004,chemical compound excretion:increased,,phenotype
dbSNP:rs73679687,rs73679687-?,,variant
ZP:0001510,"muscle decreased functionality, abnormal",,phenotype
ClinVarVariant:833478,NC_000023.11:g.(?_31836708)_(32310286_?)dup,,variant
EFO:0005671,smoking behaviour measurement,,phenotype
ENSEMBL:ENSECAG00000036831,ENSEMBL:ENSECAG00000036831,,gene
NCBITaxon:7227,Drosophila melanogaster,,taxon
ClinVarVariant:803940,NM_004006.3(DMD):c.822T>A (p.Tyr274Ter),,variant
HP:0005922,Abnormal hand morphology,,phenotype
WBPhenotype:0000979,spermatheca dilation defective,,phenotype
ENSEMBL:ENSFCAG00000042952,ENSEMBL:ENSFCAG00000042952,,gene
MP:0003448,abnormal tumor morphology,,phenotype
MGI:1920174,Anln,,gene
ClinVarVariant:656754,NM_004006.2(DMD):c.9563+2T>A,,variant
HP:0008498,No permanent dentition,,phenotype
ZP:0105708,"Reissner's fiber decreased amount, abnormal",,phenotype
EFO:0006321,antidepressant-induced dizziness,,phenotype
WormBase:WBGene00017787,nhr-141,,gene
ZP:0101734,"sinoatrial node increased distribution, abnormal",,phenotype
ENSEMBL:ENSOANG00000045665,ENSEMBL:ENSOANG00000045665,,gene
ENSEMBL:ENSCAFG00000008755,ENSEMBL:ENSCAFG00000008755,,gene
WormBase:R02C2.4b,nhr-204,,gene
HP:0030196,Fatigable weakness of respiratory muscles,,phenotype
HP:0001251,Ataxia,,phenotype
2303,propranolol,,drug
MP:0002182,abnormal astrocyte morphology,,phenotype
ZP:0020136,"skeletal muscle trunk increased amount, abnormal",,phenotype
ENSEMBL:ENSMMUG00000002697,ENSEMBL:ENSMMUG00000002697,,gene
OMIM:300377.0064,"DMD, SER3066TER",,variant
ZP:0100176,"whole organism process quality respiratory gaseous exchange by respiratory system, abnormal",,phenotype
ClinVarVariant:969322,NM_004006.3(DMD):c.1357C>T (p.Gln453Ter),,variant
MGI:97276,Myog,,gene
ClinVarVariant:455936,NM_000109.4(DMD):c.8580dup (p.Val2861fs),,variant
HP:0000879,Short sternum,,phenotype
HP:0001744,Splenomegaly,,phenotype
RGD:1594396,Trim25,,gene
HP:0100242,Sarcoma,,phenotype
ClinVarVariant:583494,NC_000023.11:g.(?_32644112)_(32651077_?)del,,variant
ZP:0000717,"brain vasculature hemorrhagic, abnormal",,phenotype
MP:0013875,increased trigeminal neuroma incidence,,phenotype
ENSEMBL:ENSPTRG00000050908,ENSEMBL:ENSPTRG00000050908,,gene
ENSEMBL:ENSBTAG00000047098,A0A3Q1M0E7,,gene
MGI:99435,Arf6,,gene
HP:0011849,Abnormal bone ossification,,phenotype
2149,phenylpropanolamine,,drug
MGI:97269,Myl1,,gene
MP:0002705,dilated renal tubules,,phenotype
RGD:1359485,Ctnna1,,gene
dictyBase:DDB_G0267480,DDB0189316,,gene
ClinVarVariant:832462,NC_000023.11:g.(?_31729621)_(31879410_?)del,,variant
ENSEMBL:ENSFCAG00000043206,ENSEMBL:ENSFCAG00000043206,,gene
ClinVarVariant:830622,NC_000023.11:g.(?_32216906)_(33211366_?)del,,variant
ZP:0101897,"motor neuron facial nerve motor nucleus circular, abnormal",,phenotype
HP:0200042,Skin ulcer,,phenotype
ZP:0005376,"epithelial cell Kupffer's vesicle apical-basal polarity, abnormal",,phenotype
O60840,Voltage-dependent L-type calcium channel subunit alpha-1F,,gene product
dbSNP:rs1698919,rs1698919-?,,variant
ZP:0008746,"T-tubule myotome decreased amount, abnormal",,phenotype
MP:0010207,abnormal telomere morphology,,phenotype
WBPhenotype:0001236,transgene expression increased,,phenotype
HP:0001743,Abnormality of the spleen,,phenotype
NCBIGene:795051,LOC795051,,gene
ClinVarVariant:254035,NM_004006.2(DMD):c.7661-?_10921+?del,,variant
ZFIN:ZDB-GENE-060503-692,si:ch211-234p6.5,,gene
ZP:0013173,"visual behavior process quality, abnormal",,phenotype
MP:0009050,dilated proximal convoluted tubules,,phenotype
ZP:0007740,"skeletal muscle cell curved, abnormal",,phenotype
P28074,Proteasome subunit beta type-5,,gene product
HP:0002421,Poor head control,,phenotype
ZP:0006639,"intersegmental vein absent, abnormal",,phenotype
ZFIN:ZDB-GENE-030909-10,itgb1b,,gene
ZP:0008712,"nucleus notochord morphology, abnormal",,phenotype
MONARCH:APO_0000024APO_0000005,budding:absent,,phenotype
MP:0000279,ventricular hypoplasia,,phenotype
ZP:0011805,"skeletal muscle disorganized, abnormal",,phenotype
MP:0011101,"prenatal lethality, incomplete penetrance",,phenotype
MP:0004398,cochlear inner hair cell degeneration,,phenotype
ClinVarVariant:840853,NM_004006.3(DMD):c.2804-1G>C,,variant
WBPhenotype:0002286,head bend angle increased,,phenotype
ENSEMBL:ENSBTAG00000000888,ENSEMBL:ENSBTAG00000000888,,gene
MGI:2429765,Dock1,,gene
ENSEMBL:ENSMODG00000025325,ENSEMBL:ENSMODG00000025325,,gene
ENSEMBL:ENSACAG00000006216,ENSEMBL:ENSACAG00000006216,,gene
ClinVarVariant:11286,NM_004006.2(DMD):c.9225-285A>G,,variant
MP:0009695,abnormal spinal cord ventral commissure morphology,,phenotype
HP:0006801,Hyperactive deep tendon reflexes,,phenotype
MP:0002796,impaired skin barrier function,,phenotype
ENSEMBL:ENSGALG00000050119,ENSEMBL:ENSGALG00000050119,,gene
2320,protriptyline,,drug
ZP:0018576,"whole organism decreased amount, abnormal",,phenotype
HP:0000034,Hydrocele testis,,phenotype
WBPhenotype:0001846,phagosome maturation defective,,phenotype
MP:0000885,ectopic Purkinje cell,,phenotype
ClinVarVariant:11270,NM_004006.2(DMD):c.9197C>A (p.Ser3066Ter),,variant
ZP:0008747,"myofibril skeletal muscle cell disoriented, abnormal",,phenotype
HGNC:26832,TAPT1-AS1,,gene
ClinVarVariant:803917,NM_004006.3(DMD):c.2287_2292+12del,,variant
ClinVarVariant:981114,NM_004006.3(DMD):c.4351_4352insA (p.Leu1451fs),,variant
ClinVarVariant:583624,NC_000023.10:g.(?_32715967)_(32867957_?)dup,,variant
ENSEMBL:ENSSSCG00000011033,ENSEMBL:ENSSSCG00000011033,,gene
EFO:0004531,urate measurement,,phenotype
MP:0010236,abnormal retina outer limiting membrane morphology,,phenotype
ClinVarVariant:646368,NM_000109.4(DMD):c.7592dup (p.Asn2531fs),,variant
ZP:0000107,"heart morphology, abnormal",,phenotype
HGNC:1393,CACNA1F,,gene
ClinVarVariant:803806,NM_004006.3(DMD):c.9267_9268AG[1] (p.Glu3090fs),,variant
HP:0003323,Progressive muscle weakness,,phenotype
HP:0002605,Hepatic necrosis,,phenotype
ZP:0101896,"neuron projection facial nerve motor nucleus increased length, abnormal",,phenotype
FlyBase:FBgn0000037,mAChR-A,,gene
MP:0004931,enlarged epididymis,,phenotype
FlyBase:FBgn0015519,nAChRalpha3,,gene
MP:0004818,increased skeletal muscle mass,,phenotype
MMRRC:041194,B10ScSn.FVB-<i>Dmd<sup>mdx</sup></i> Tg(Myh6-DMD*)47Dua/Mmjax,,biological artifact
MP:0009347,increased trabecular bone thickness,,phenotype
HGNC:15607,ARHGEF7,,gene
ZP:0000706,"blood vessel lumenization disrupted, abnormal",,phenotype
FlyBase:FBgn0000038,nAChRbeta1,,gene
MP:0009115,abnormal fat cell morphology,,phenotype
MP:0001202,skin photosensitivity,,phenotype
MGI:87991,Alb,,gene
MP:0008770,decreased survivor rate,,phenotype
MP:0009788,increased susceptibility to bacterial infection induced morbidity/mortality,,phenotype
HP:0002155,Hypertriglyceridemia,,phenotype
HP:0001878,Hemolytic anemia,,phenotype
HP:0001028,Hemangioma,,phenotype
ENSEMBL:ENSSSCG00000035090,RAC1,,gene
ENSEMBL:ENSFCAG00000013289,ENSEMBL:ENSFCAG00000013289,,gene
GO:0007010,cytoskeleton organization,,molecular function
HP:0001081,Cholelithiasis,,phenotype
ZP:0005804,"cilium pronephric duct morphology, abnormal",,phenotype
WBPhenotype:0000061,extended life span,,phenotype
MONARCH:APO_0000106APO_0000003,vegetative growth:decreased,,phenotype
ClinVarVariant:982294,NM_004006.3(DMD):c.4519-2A>C,,variant
HP:0011122,Abnormality of skin physiology,,phenotype
WBPhenotype:0001120,relative cell cycle timing defective early emb,,phenotype
PomBase:SPBC32H8.12c,act1,,gene
RGD:621792,Actn3,,gene
ENSEMBL:ENSBTAG00000011849,ENSEMBL:ENSBTAG00000011849,,gene
ClinVarVariant:833308,NC_000023.11:g.(?_32809483)_(32823850_?)del,,variant
MGI:98864,Ttn,,gene
MP:0004334,utricular macular degeneration,,phenotype
HP:0000490,Deeply set eye,,phenotype
ZFIN:ZDB-GENE-101209-2,kcnma1b,,gene
EFO:0006875,acoustic startle blink response measurement,,phenotype
ZP:0007921,"cilium Kupffer's vesicle increased length, abnormal",,phenotype
ZP:0000755,abnormal(ly) disrupted  diencephalon development,,phenotype
MGI:1890773,Actn4,,gene
ZP:0020737,"slow muscle cell increased distribution, abnormal",,phenotype
HP:0001284,Areflexia,,phenotype
ENSEMBL:ENSOANG00000008837,ENSEMBL:ENSOANG00000008837,,gene
MONARCH:APO_0000199APO_0000004,chitin deposition:increased,,phenotype
ZP:0000535,"atrium increased size, abnormal",,phenotype
ClinVarVariant:11233,NM_000109.4(DMD):c.1993C>T (p.Gln665Ter),,variant
MP:0004816,abnormal class switch recombination,,phenotype
MP:0014021,heterochrony,,phenotype
MP:0000371,diluted coat color,,phenotype
ZP:0020141,"actin filament skeletal muscle cell decreased length, abnormal",,phenotype
ZP:0005384,"post-vent region undulate, abnormal",,phenotype
ZP:0100179,"mitochondrial matrix muscle decreased mass density, abnormal",,phenotype
ENSEMBL:ENSMODG00000003990,ENSEMBL:ENSMODG00000003990,,gene
OMIM:300377.0039,"DMD, 1-BP INS, NT1554",,variant
HP:0000712,Emotional lability,,phenotype
MP:0008498,decreased IgG3 level,,phenotype
MP:0011102,"embryonic lethality, incomplete penetrance",,phenotype
MP:0000750,abnormal muscle regeneration,,phenotype
MP:0002397,abnormal bone marrow morphology,,phenotype
ClinVarVariant:948414,NC_000023.11:g.31314406_31679596dup,,variant
ENSEMBL:ENSACAG00000009385,ENSEMBL:ENSACAG00000009385,,gene
ZP:0137568,"skeletal muscle cell somite decreased amount, abnormal",,phenotype
ENSEMBL:ENSGALG00000042895,BCAR1,,gene
MP:0001486,abnormal startle reflex,,phenotype
HP:0002984,Hypoplasia of the radius,,phenotype
NCBITaxon:8364,Xenopus tropicalis,,taxon
ENSEMBL:ENSCAFG00000010884,CACNA1S,,gene
MP:0003915,increased left ventricle weight,,phenotype
ZFIN:ZDB-GENE-081030-22,tns3.1,,gene
ZP:0106959,"microtubule cytoskeleton organization process quality, abnormal",,phenotype
RGD:1559723,Sspn,,gene
HGNC:21616,TNS3,,gene
ZP:0100184,"skeletal muscle cell damaged, abnormal",,phenotype
ZP:0014445,"fin regeneration process quality, abnormal",,phenotype
MP:0002968,increased circulating alkaline phosphatase level,,phenotype
WBPhenotype:0000001,body posture variant,,phenotype
ZP:0004939,"apoptotic process decreased occurrence, abnormal",,phenotype
ClinVarVariant:455814,NC_000023.10:g.(?_31838072)_(31893510_?)del,,variant
MGI:88059,App,,gene
NCBIGene:427788,MYH1E,,gene
ENSEMBL:ENSMMUG00000008937,ENSEMBL:ENSMMUG00000008937,,gene
HP:0001712,Left ventricular hypertrophy,,phenotype
ClinVarVariant:526056,NM_004006.2(DMD):c.31+1G>C,,variant
WormBase:WBGene00011098,nhr-207,,gene
ClinVarVariant:654681,NC_000023.11:g.(?_31609621)_(31968524_?)del,,variant
ZP:0021026,"pleuroperitoneal cavity fluid-filled, abnormal",,phenotype
ENSEMBL:ENSMODG00000008074,ENSEMBL:ENSMODG00000008074,,gene
ClinVarVariant:971334,NM_004006.3(DMD):c.7852A>T (p.Lys2618Ter),,variant
ClinVarVariant:803878,NM_004006.3(DMD):c.4327C>T (p.Gln1443Ter),,variant
GO:0032991,protein-containing complex,,molecular function
MP:0008466,enlarged mesenteric lymph nodes,,phenotype
ZP:0000413,"ventricular system increased size, abnormal",,phenotype
HP:0005336,Forehead hyperpigmentation,,phenotype
ClinVarVariant:94486,NM_004006.2(DMD):c.1990C>T (p.Gln664Ter),,variant
ENSEMBL:ENSPTRG00000024326,ENSEMBL:ENSPTRG00000024326,,gene
ZP:0011022,"pronephros morphogenesis decreased process quality, abnormal",,phenotype
ZP:0001035,"collateral sprouting increased occurrence, abnormal",,phenotype
MONARCH:APO_0000052APO_0000004,cell size:increased,,phenotype
FBcv:0000378,grandchildless,,phenotype
ZFIN:ZDB-GENE-040912-185,tmod2,,gene
MGI:2176879,Dmd<mdx>/Dmd<mdx>; Utrn<tm1Ked>/Utrn<tm1Ked> [involves: 129S1/Sv * 129X1/SvJ * C57BL/6 * C57BL/10ScSn * DBA],,genotype
FlyBase:FBgn0261555,CG42673,,gene
ClinVarVariant:417504,NC_000023.11:g.(?_32438241)_(32491518_?)del,,variant
ZP:0001965,"mandibular arch skeleton decreased size, abnormal",,phenotype
MP:0005027,increased susceptibility to parasitic infection,,phenotype
MP:0004089,dilated sarcoplasmic reticulum,,phenotype
ENSEMBL:ENSMMUG00000006567,ENSEMBL:ENSMMUG00000006567,,gene
Xenbase:XB-GENE-962606,arhgef7,,gene
MP:0004631,abnormal auditory cortex morphology,,phenotype
ZP:0008716,"blood vessel inner optic circle decreased size, abnormal",,phenotype
MP:0008035,behavioral arrest,,phenotype
ENSEMBL:ENSCAFG00000007134,MYBPC1,,gene
HP:0010836,Abnormal circulating copper concentration,,phenotype
dictyBase:DDB_G0274109,paxB,,gene
EFO:0009931,Agents acting on the renin-angiotensin system use measurement,,phenotype
HP:0003496,Increased circulating IgM level,,phenotype
ENSEMBL:ENSECAG00000019772,ENSEMBL:ENSECAG00000019772,,gene
MP:0005185,decreased circulating progesterone level,,phenotype
ZFIN:ZDB-GENE-050913-69,rnf11b,,gene
MP:0010684,abnormal hair follicle outer root sheath morphology,,phenotype
HP:0003271,Visceromegaly,,phenotype
ClinVarVariant:657921,NC_000023.11:g.(?_31773950)_(31879410_?)del,,variant
RGD:620795,Src,,gene
ClinVarVariant:11257,NM_004006.2(DMD):c.4414C>T (p.Gln1472Ter),,variant
ENSEMBL:ENSCAFG00000017518,J9NYK5,,gene
ZP:0002966,"muscle necrotic, abnormal",,phenotype
ZFIN:ZDB-GENE-060503-826,si:dkey-30c15.10,,gene
ENSEMBL:ENSMODG00000011719,ENSEMBL:ENSMODG00000011719,,gene
MP:0008042,abnormal NK T cell physiology,,phenotype
ClinVarVariant:832853,NC_000023.11:g.(?_31348546)_(31507463_?)del,,variant
WBPhenotype:0001261,pale,,phenotype
MP:0020254,decreased collagen level,,phenotype
WormBase:WBGene00000184,arf-6,,gene
ZP:0000308,"portion of tissue necrotic, abnormal",,phenotype
HP:0002486,Myotonia,,phenotype
GO:0017166,vinculin binding,,molecular function
RGD:61816,Actn4,,gene
RGD:1311592,Rapsn,,gene
ENSEMBL:ENSOANG00000045653,ENSEMBL:ENSOANG00000045653,,gene
ENSEMBL:ENSSSCG00000000114,PICK1,,gene
PomBase:SPBC14F5.10c,SPBC14F5.10c,,gene
HP:0001252,Hypotonia,,phenotype
RGD:1561985,Dtna,,gene
ENSEMBL:ENSSSCG00000004626,TMOD3,,gene
1634,maprotiline,,drug
1043,ergotamine,,drug
ENSEMBL:ENSSSCG00000038257,SGCZ,,gene
MP:0003155,abnormal telomere length,,phenotype
ZP:0106949,"response to drug process quality, abnormal",,phenotype
HP:0100285,EMG: impaired neuromuscular transmission,,phenotype
ZFIN:ZDB-GENE-050417-49,tnni2b.1,,gene
ENSEMBL:ENSGALG00000003261,PTRF,,gene
ZFIN:ZDB-GENE-050208-657,osbpl1a,,gene
dbSNP:rs1456737,rs1456737-?,,variant
OMIM:300377.0055,"DMD, GLN2125TER",,variant
HP:0012638,Abnormal nervous system physiology,,phenotype
HP:0003127,Hypocalciuria,,phenotype
ClinVarVariant:584282,NC_000023.11:g.(?_32216896)_(32472329_?)del,,variant
SGD:S000000927,RSP5,,gene
746,cyamemazine,,drug
FlyBase:FBal0216503,Dys[dsRNA.NH2.UAS],,variant
4973,chidamide,,drug
MP:0003725,increased autoantibody level,,phenotype
MP:0000862,absent barrels in primary somatosensory cortex,,phenotype
ZP:0011234,"neuromast hair cell process quality synapse organization, abnormal",,phenotype
ENSEMBL:ENSCAFG00000007034,LYN,,gene
ZP:0002458,"locomotion decreased occurrence, abnormal",,phenotype
654,cinnarizine,,drug
WBPhenotype:0000319,large,,phenotype
MP:0001469,abnormal contextual conditioning behavior,,phenotype
RGD:631359,Disc1,,gene
HP:0000421,Epistaxis,,phenotype
ZP:0002768,"somite elongated, abnormal",,phenotype
FlyBase:FBgn0037130,Syn1,,gene
PomBase:SPAC1805.15c,pub2,,gene
MP:0000729,abnormal myogenesis,,phenotype
ENSEMBL:ENSOANG00000044560,ENSEMBL:ENSOANG00000044560,,gene
WBPhenotype:0001183,fat content reduced,,phenotype
RGD:3947,Utrn,,gene
ENSEMBL:ENSCAFG00000017013,ENSEMBL:ENSCAFG00000017013,,gene
ClinVarVariant:94646,NM_004006.2(DMD):c.4996C>T (p.Arg1666Ter),,variant
983,econazole,,drug
dictyBase:DDB_G0282475,DDB0204781,,gene
ZP:0000985,"axon retinal ganglion cell misrouted, abnormal",,phenotype
ENSEMBL:ENSOANG00000049407,ENSEMBL:ENSOANG00000049407,,gene
HP:0002888,Ependymoma,,phenotype
719,clotrimazole,,drug
HP:0012020,Right aortic arch,,phenotype
ZP:0012679,"swimming behavior increased duration, abnormal",,phenotype
dictyBase:DDB_G0277869,rac1A,,gene
WBPhenotype:0000765,spindle elongation integrity defective early emb,,phenotype
ENSEMBL:ENSACAG00000001482,ENSEMBL:ENSACAG00000001482,,gene
ENSEMBL:ENSMMUG00000000318,ENSEMBL:ENSMMUG00000000318,,gene
HP:0000407,Sensorineural hearing impairment,,phenotype
dbSNP:rs78864163,rs78864163-?,,variant
ClinVarVariant:526160,NC_000023.11:g.(?_32411732)_(32573866_?)del,,variant
WBPhenotype:0001316,evoked postsynaptic current variant,,phenotype
ClinVarVariant:417500,NC_000023.11:g.(?_31260955)_(31261016_?)del,,variant
ENSEMBL:ENSPTRG00000018514,ENSEMBL:ENSPTRG00000018514,,gene
ZP:0003134,"axonal defasciculation increased occurrence, abnormal",,phenotype
MP:0000245,abnormal erythropoiesis,,phenotype
HP:0012771,Increased arm span,,phenotype
MP:0003329,amyloid beta deposits,,phenotype
P11532,exon 51 of dystrophin pre-mRNA,,gene product
WBPhenotype:0000399,somatic gonad development variant,,phenotype
FlyBase:FBgn0000044,Act57B,,gene
ENSEMBL:ENSCAFG00000013728,MYL4,,gene
MP:0005620,abnormal muscle contractility,,phenotype
HGNC:17448,CLSTN2,,gene
HP:0012569,Delayed menarche,,phenotype
ClinVarVariant:526049,NM_004020.3(DMD):c.2843+6294del,,variant
ZP:0007274,"endothelial cell proliferation decreased occurrence, abnormal",,phenotype
ENSEMBL:ENSMMUG00000013507,ENSEMBL:ENSMMUG00000013507,,gene
ZP:0005813,"cilium whole organism morphology, abnormal",,phenotype
ENSEMBL:ENSMODG00000011228,ENSEMBL:ENSMODG00000011228,,gene
ENSEMBL:ENSMMUG00000019032,ENSEMBL:ENSMMUG00000019032,,gene
ClinVarVariant:933803,NM_004006.3(DMD):c.1837A>T (p.Lys613Ter),,variant
MP:0011190,thick embryonic epiblast,,phenotype
ClinVarVariant:831182,NC_000023.11:g.(?_31627663)_(31774202_?)del,,variant
ZP:0138566,"vascular smooth muscle bulbus arteriosus decreased amount, abnormal",,phenotype
HGNC:1477,CAPN10,,gene
WBPhenotype:0001652,anchor cell invasion variant,,phenotype
ENSEMBL:ENSMODG00000021541,ENSEMBL:ENSMODG00000021541,,gene
MGI:96892,Lyn,,gene
ZP:0000426,"heart increased amount, abnormal",,phenotype
ENSEMBL:ENSGALG00000029476,ENSEMBL:ENSGALG00000029476,,gene
dictyBase:DDB_G0269166,pakA,,gene
SGD:S000004853,CUS1,,gene
ENSEMBL:ENSSSCG00000034746,CAPN8,,gene
HP:0009121,Abnormal axial skeleton morphology,,phenotype
Xenbase:XB-GENE-487610,nos1,,gene
ClinVarVariant:11250,NM_000109.4(DMD):c.2284A>T (p.Lys762Ter),,variant
HP:0011991,Abnormal neutrophil count,,phenotype
ClinVarVariant:583478,NC_000023.10:g.(?_32563256)_(32591983_?)dup,,variant
ClinVarVariant:94589,NM_004006.2(DMD):c.3432+1G>A,,variant
MP:0003048,abnormal cervical vertebrae morphology,,phenotype
HP:0025032,Abnormality of digestive system physiology,,phenotype
ENSEMBL:ENSGALG00000000302,ENSEMBL:ENSGALG00000000302,,gene
ENSEMBL:ENSMODG00000015846,ENSEMBL:ENSMODG00000015846,,gene
P02768,Serum albumin,,gene product
HP:0003199,Decreased muscle mass,,phenotype
1688,pecazine,,drug
OMIA-breed:384,Tibetan Terrier (dog),,biological artifact
HP:0012593,Nephrotic range proteinuria,,phenotype
ZP:0009840,"kinocilium neuromast hair cell absent, abnormal",,phenotype
ENSEMBL:ENSPTRG00000009992,ENSEMBL:ENSPTRG00000009992,,gene
ENSEMBL:ENSCAFG00030015381,ENSEMBL:ENSCAFG00030015381,,gene
MP:0000820,abnormal choroid plexus morphology,,phenotype
MP:0001622,abnormal vasculogenesis,,phenotype
ZP:0138007,"cell posterior lateral plate mesoderm morphology, abnormal",,phenotype
FlyBase:FBgn0035656,CG10479,,gene
MP:0003864,abnormal midbrain development,,phenotype
ZP:0018575,"whole organism absent, abnormal",,phenotype
MP:0000630,mammary gland hyperplasia,,phenotype
ENSEMBL:ENSOANG00000002107,ENSEMBL:ENSOANG00000002107,,gene
ZP:0005827,"eye edematous, abnormal",,phenotype
RGD:1308645,Slfn2,,gene
ENSEMBL:ENSCAFG00000002104,ENSEMBL:ENSCAFG00000002104,,gene
EFO:0010701,mean reticulocyte volume,,phenotype
ClinVarVariant:643851,NM_004006.2(DMD):c.8881C>T (p.Gln2961Ter),,variant
ENSEMBL:ENSOANG00000009084,ENSEMBL:ENSOANG00000009084,,gene
ZFIN:ZDB-GENE-130531-56,si:ch211-120g10.1,,gene
ZFIN:ZDB-GENE-120917-2,myl2a,,gene
MP:0003901,abnormal PR interval,,phenotype
ENSEMBL:ENSPTRG00000022742,ENSEMBL:ENSPTRG00000022742,,gene
ClinVarVariant:830935,NC_000023.11:g.(?_31657980)_(31836829_?)del,,variant
PomBase:SPAC1F5.09c,shk2,,gene
ENSEMBL:ENSECAG00000012072,ENSEMBL:ENSECAG00000012072,,gene
MP:0002123,abnormal definitive hematopoiesis,,phenotype
ClinVarVariant:982020,NC_000023.11:g.(31774193_31819974)_(31836820_31875187)del,,variant
HP:0007108,Demyelinating peripheral neuropathy,,phenotype
RGD:1307728,Sntb1,,gene
WBPhenotype:0002266,mitochondrial content variant,,phenotype
ENSEMBL:ENSMMUG00000017529,ENSEMBL:ENSMMUG00000017529,,gene
HGNC:53337,LINC02408,,gene
MP:0006069,abnormal retinal neuronal layer morphology,,phenotype
ENSEMBL:ENSECAG00000024027,ENSEMBL:ENSECAG00000024027,,gene
ZFIN:ZDB-GENE-031204-3,jam2a,,gene
HP:0010438,Abnormal ventricular septum morphology,,phenotype
WormBase:WBGene00022177,Y71H2AM.12,,gene
OMIM:300377.0043,"DMD, TRP651TER",,variant
ENSEMBL:ENSMMUG00000056831,ENSEMBL:ENSMMUG00000056831,,gene
FlyBase:FBgn0259978,vlc,,gene
ZP:0002767,"somite decreased thickness, abnormal",,phenotype
ZP:0002985,"detection of light stimulus involved in visual perception arrested, abnormal",,phenotype
ZP:0000564,"cranium decreased size, abnormal",,phenotype
ENSEMBL:ENSBTAG00000018852,ENSEMBL:ENSBTAG00000018852,,gene
ENSEMBL:ENSCAFG00000005638,SIRT2,,gene
ClinVarVariant:646955,NC_000023.10:g.(?_32305626)_(32366665_?)dup,,variant
MP:0005039,hypoxia,,phenotype
EFO:0007878,alcohol consumption measurement,,phenotype
HP:0001508,Failure to thrive,,phenotype
MP:0005030,absent amnion,,phenotype
MP:0010227,decreased quadriceps weight,,phenotype
ZP:0019196,"heart decreased occurrence heart looping, abnormal",,phenotype
ZP:0010961,"muscle cell caudal fin malformed, abnormal",,phenotype
MGI:1917834,Pak4,,gene
ZP:0000473,"whole organism decreased length, abnormal",,phenotype
ClinVarVariant:658297,NM_004006.2(DMD):c.9938G>T (p.Cys3313Phe),,variant
ZP:0005109,"muscle misaligned with T-tubule T-tubule muscle, abnormal",,phenotype
WBPhenotype:0001434,chemotaxis variant,,phenotype
WBPhenotype:0000664,exaggerated body bends,,phenotype
ENSEMBL:ENSMMUG00000010080,ENSEMBL:ENSMMUG00000010080,,gene
MP:0009568,abnormal red blood cell deformability,,phenotype
MP:0004736,abnormal distortion product otoacoustic emission,,phenotype
ClinVarVariant:11216,"DMD, 1-BP INS, EX12",,variant
ZP:0007890,"ventricular system morphology, abnormal",,phenotype
ZP:0000012,"somite morphology, abnormal",,phenotype
ENSEMBL:ENSFCAG00000015361,ENSEMBL:ENSFCAG00000015361,,gene
ENSEMBL:ENSPTRG00000013457,ENSEMBL:ENSPTRG00000013457,,gene
EFO:0008433,pursuit maintenance gain measurement,,phenotype
WBPhenotype:0001084,sodium chloride chemotaxis defective,,phenotype
MP:0000550,abnormal forelimb morphology,,phenotype
HP:0005280,Depressed nasal bridge,,phenotype
ENSEMBL:ENSBTAG00000008714,CLSTN2,,gene
MP:0004063,dilated heart left atrium,,phenotype
FlyBase:FBgn0038129,TBC1D5,,gene
WBPhenotype:0000641,activity level variant,,phenotype
3659,yohimbine,,drug
ZP:0000699,"artery morphogenesis delayed, abnormal",,phenotype
HP:0001927,Acanthocytosis,,phenotype
APO:0000045,sterile,,phenotype
ZP:0101697,"anatomical region dorsal aorta absent, abnormal",,phenotype
ZP:0003670,"sarcomere cardiac ventricle immature, abnormal",,phenotype
MP:0000767,abnormal smooth muscle morphology,,phenotype
HP:0004414,Abnormality of the pulmonary artery,,phenotype
dbSNP:rs3822095,rs3822095-?,,variant
WormBase:WBGene00001519,gar-3,,gene
OMIM:300377.0006,"DMD, IVS68, T-A, +2",,variant
ZP:0014339,"filamentous actin slow muscle cell dispersed, abnormal",,phenotype
2815,verapamil,,drug
ENSEMBL:ENSOANG00000047404,ENSEMBL:ENSOANG00000047404,,gene
ZP:0001235,"brain surface feature shape, abnormal",,phenotype
ClinVarVariant:94597,NM_004006.2(DMD):c.3580C>T (p.Gln1194Ter),,variant
ZP:0019922,"atrioventricular valve functionality, abnormal",,phenotype
ZP:0005803,"retinal photoreceptor layer apoptotic, abnormal",,phenotype
RGD:727790,Kif15,,gene
ZP:0106692,"Z disc myocardium disorganized, abnormal",,phenotype
MONARCH:APO_0000100APO_0000245,nutrient uptake:decreased rate,,phenotype
ENSEMBL:ENSACAG00000005459,ENSEMBL:ENSACAG00000005459,,gene
MP:0008572,abnormal Purkinje cell dendrite morphology,,phenotype
ZP:0000353,"telencephalon decreased size, abnormal",,phenotype
ENSEMBL:ENSMMUG00000010519,ENSEMBL:ENSMMUG00000010519,,gene
ClinVarVariant:947912,NM_004006.3(DMD):c.9563+5G>C,,variant
MGI:1339984,Pak2,,gene
MP:0008040,decreased NK T cell number,,phenotype
ENSEMBL:ENSMMUG00000016633,ENSEMBL:ENSMMUG00000016633,,gene
ENSEMBL:ENSPTRG00000011488,ENSEMBL:ENSPTRG00000011488,,gene
FlyBase:FBgn0052406,PVRAP,,gene
HP:0002918,Hypermagnesemia,,phenotype
HP:0009733,Glioma,,phenotype
WormBase:WBGene00002078,xpo-1,,gene
MGI:108295,Pxn,,gene
ENSEMBL:ENSBTAG00000050469,A0A3Q1LKV2,,gene
MONARCH:APO_0000026APO_0000002,bipolar budding pattern:abnormal,,phenotype
WBPhenotype:0002200,oviduct muscle defective,,phenotype
dbSNP:rs6891905,rs6891905-?,,variant
MP:0004046,abnormal mitosis,,phenotype
HP:0025100,Abnormal hippocampus morphology,,phenotype
MMRRC:041195,B10ScSn.FVB-<i>Dmd<sup>mdx</sup></i> Tg(Myh6-DMD*)#Dua/Mmjax,,biological artifact
MGI:1339656,Pak3,,gene
EFO:0007814,refractive error measurement,,phenotype
RGD:1309252,Traf3ip1,,gene
WBPhenotype:0000082,L2 arrest,,phenotype
MP:0010156,abnormal small intestinal crypt cell physiology,,phenotype
HP:0030513,Difficulty adjusting from light to dark,,phenotype
MP:0003312,abnormal locomotor coordination,,phenotype
ZP:0017968,"blood atrioventricular valve fluid flow rate, abnormal",,phenotype
ClinVarVariant:455925,NM_004006.2(DMD):c.686T>G (p.Leu229Ter),,variant
ENSEMBL:ENSSSCG00000008576,DTNB,,gene
MP:0004090,abnormal sarcomere morphology,,phenotype
ENSEMBL:ENSMMUG00000046470,ENSEMBL:ENSMMUG00000046470,,gene
GO:0008270,zinc ion binding,,molecular function
ENSEMBL:ENSMODG00000001430,ENSEMBL:ENSMODG00000001430,,gene
ZP:0009309,"primary motor neuron increased branchiness, abnormal",,phenotype
ZP:0004576,"somite decreased width, abnormal",,phenotype
WBPhenotype:0000926,body wall muscle morphology variant,,phenotype
MP:0011753,decreased podocyte number,,phenotype
MP:0013504,increased embryonic tissue cell apoptosis,,phenotype
HGNC:2987,DOCK1,,gene
ZP:0001636,"basement membrane notochord disorganized, abnormal",,phenotype
ClinVarVariant:981990,NC_000023.11:g.(31627863_31657989)_(31836820_31875187)del,,variant
PomBase:SPBC1539.08,arf6,,gene
Xenbase:XB-GENE-493973,jam2,,gene
WormBase:WBGene00019227,sgca-1,,gene
ENSEMBL:ENSCAFG00000005141,SHKBP1,,gene
RGD:619964,Trim63,,gene
ENSEMBL:ENSMODG00000008160,ENSEMBL:ENSMODG00000008160,,gene
EFO:0010158,sugar consumption measurement,,phenotype
ClinVarVariant:455902,NM_000109.4(DMD):c.4894_4895delinsTG (p.Thr1632Ter),,variant
ZP:0003142,"neuron spinal cord decreased amount, abnormal",,phenotype
ZP:0001304,"caudal vein plexus decreased width, abnormal",,phenotype
ZP:0002230,"axon CaP motoneuron decreased length, abnormal",,phenotype
ENSEMBL:ENSGALG00000003855,ENSEMBL:ENSGALG00000003855,,gene
ClinVarVariant:655220,NC_000023.10:g.(?_32305636)_(32366860_?)dup,,variant
ClinVarVariant:584265,NC_000023.10:g.(?_32632400)_(32867957_?)dup,,variant
ENSEMBL:ENSGALG00000000209,ENSEMBL:ENSGALG00000000209,,gene
ZP:0003065,"somite grey, abnormal",,phenotype
ENSEMBL:ENSSSCG00000027669,TNS1,,gene
MP:0000293,absent myocardial trabeculae,,phenotype
EFO:0005192,red blood cell distribution width,,phenotype
ENSEMBL:ENSMODG00000045740,ENSEMBL:ENSMODG00000045740,,gene
dictyBase:DDB_G0292560,racJ,,gene
ENSEMBL:ENSECAG00000013481,ENSEMBL:ENSECAG00000013481,,gene
ZP:0003945,"photoreceptor outer segment photoreceptor cell decreased amount, abnormal",,phenotype
EFO:0008463,glucagon measurement,,phenotype
ENSEMBL:ENSBTAG00000002743,ENSEMBL:ENSBTAG00000002743,,gene
ClinVarVariant:584399,NC_000023.11:g.(?_32809473)_(33020220_?)del,,variant
ClinVarVariant:217212,NM_004006.2(DMD):c.8027+2T>A,,variant
MONARCH:APO_0000308APO_0000245,fermentative growth:decreased rate,,phenotype
ClinVarVariant:649627,NC_000023.11:g.(?_32310062)_(32651077_?)del,,variant
ENSEMBL:ENSMODG00000002477,ENSEMBL:ENSMODG00000002477,,gene
Xenbase:XB-GENE-478553,lamc1,,gene
ENSEMBL:ENSECAG00000032818,ENSEMBL:ENSECAG00000032818,,gene
ZP:0006125,"parachordal vessel aplastic, abnormal",,phenotype
HP:0040109,Morphological abnormality of the utricle,,phenotype
ClinVarVariant:831288,NC_000023.11:g.(?_32463429)_(32595886_?)del,,variant
ENSEMBL:ENSBTAG00000012002,BCAR1,,gene
HP:0100243,Leiomyosarcoma,,phenotype
OMIM:300377.0068,"DMD, IVS70, G-A, +1",,variant
ENSEMBL:ENSACAG00000017332,ENSEMBL:ENSACAG00000017332,,gene
ENSEMBL:ENSSSCG00000033894,LAMA2,,gene
WBPhenotype:0000188,gonad arm morphology variant,,phenotype
MP:0005031,abnormal trophoblast layer morphology,,phenotype
HP:0012647,Abnormal inflammatory response,,phenotype
RGD:3142,Myl3,,gene
ZP:0008583,"portion of tissue atrium decreased thickness, abnormal",,phenotype
MP:0002887,decreased susceptibility to pharmacologically induced seizures,,phenotype
MP:0002797,increased thigmotaxis,,phenotype
ClinVarVariant:832561,NC_000023.11:g.(?_32518008)_(32699293_?)del,,variant
MP:0009546,absent gastric milk in neonates,,phenotype
ZP:0002979,"determination of left/right asymmetry in lateral mesoderm decreased process quality, abnormal",,phenotype
HP:0000267,Cranial asymmetry,,phenotype
ENSEMBL:ENSECAG00000024318,ENSEMBL:ENSECAG00000024318,,gene
Xenbase:XB-GENE-968308,lama1,,gene
RGD:621890,Dag1,,gene
dbSNP:rs12547243,rs12547243-?,,variant
WBPhenotype:0000758,L4 adult molt defect,,phenotype
ClinVarVariant:832588,NC_000023.11:g.(?_31836718)_(31875373_?)del,,variant
MP:0002059,abnormal seminal vesicle morphology,,phenotype
ENSEMBL:ENSGALG00000034562,ENSEMBL:ENSGALG00000034562,,gene
HP:0002063,Rigidity,,phenotype
MGI:105382,Lama5,,gene
ClinVarVariant:803920,NM_004006.3(DMD):c.2101del (p.Glu701fs),,variant
MP:0000929,open neural tube,,phenotype
MP:0002915,abnormal synaptic depression,,phenotype
ZFIN:ZDB-GENE-051113-60,sptan1,,gene
PomBase:SPCC1620.11,nup97,,gene
HP:0001888,Lymphopenia,,phenotype
MP:0012165,absent neural folds,,phenotype
HGNC:6481,LAMA1,,gene
MP:0005140,decreased cardiac muscle contractility,,phenotype
WBPhenotype:0000717,gene expression variant,,phenotype
ENSEMBL:ENSGALG00000005332,ENSEMBL:ENSGALG00000005332,,gene
WormBase:WBGene00000069,acy-2,,gene
FBcv:0002051,some die during immature adult stage,,phenotype
MP:0010509,decreased P wave amplitude,,phenotype
ENSEMBL:ENSSSCG00000026794,SIRT2,,gene
HP:0001319,Neonatal hypotonia,,phenotype
ENSEMBL:ENSECAG00000000758,ENSEMBL:ENSECAG00000000758,,gene
MP:0004262,abnormal physical strength,,phenotype
MONARCH:APO_0000074APO_0000004,autophagy:increased,,phenotype
ClinVarVariant:417487,NC_000023.11:g.(?_31773960)_(31774192_?)del,,variant
ClinVarVariant:526048,NM_000109.4(DMD):c.8659dup (p.Glu2887fs),,variant
MP:0000872,abnormal cerebellum external granule cell layer morphology,,phenotype
ZP:0006638,"blood accumulation trunk vasculature, abnormal",,phenotype
HP:0002250,Abnormal large intestine morphology,,phenotype
HP:0005102,Cochlear degeneration,,phenotype
MP:0001004,abnormal retinal photoreceptor morphology,,phenotype
dictyBase:DDB_G0269476,DDB0190289,,gene
MP:0020518,renal glomerular protein deposits,,phenotype
MP:0004543,abnormal sperm physiology,,phenotype
MGI:1919455,Eml2,,gene
ZP:0002998,"lens hypoplastic, abnormal",,phenotype
ENSEMBL:ENSFCAG00000007717,ENSEMBL:ENSFCAG00000007717,,gene
MP:0001973,increased thermal nociceptive threshold,,phenotype
MP:0006065,abnormal heart position or orientation,,phenotype
ZP:0000759,"midbrain hindbrain boundary aplastic, abnormal",,phenotype
MGI:1929897,Clstn2,,gene
MP:0010412,atrioventricular septal defect,,phenotype
ZP:0005799,"cilium peripheral olfactory organ decreased length, abnormal",,phenotype
MP:0008721,abnormal chemokine level,,phenotype
ENSEMBL:ENSPTRG00000015026,ENSEMBL:ENSPTRG00000015026,,gene
ENSEMBL:ENSMODG00000007142,ENSEMBL:ENSMODG00000007142,,gene
FlyBase:FBgn0000042,Act5C,,gene
SGD:S000001798,PXL1,,gene
ENSEMBL:ENSFCAG00000026567,ENSEMBL:ENSFCAG00000026567,,gene
ENSEMBL:ENSMMUG00000048288,ENSEMBL:ENSMMUG00000048288,,gene
1592,lofepramine,,drug
FlyBase:FBgn0260934,par-1,,gene
MGI:1355285,Tmod4,,gene
MONARCH:APO_0000307APO_0000003,anaerobic growth:decreased,,phenotype
ClinVarVariant:936227,NM_004006.3(DMD):c.5653C>T (p.Gln1885Ter),,variant
ENSEMBL:ENSECAG00000000299,ENSEMBL:ENSECAG00000000299,,gene
ZFIN:ZDB-GENE-070228-4,drp2,,gene
ClinVarVariant:803884,NM_004006.3(DMD):c.3980del (p.Ala1327fs),,variant
WBPhenotype:0001780,associative learning variant,,phenotype
183,amlodipine,,drug
MP:0005370,liver/biliary system phenotype,,phenotype
dbSNP:rs710160,rs710160-?,,variant
ZP:0002697,"retinal rod cell decreased amount, abnormal",,phenotype
ENSEMBL:ENSOANG00000043821,ENSEMBL:ENSOANG00000043821,,gene
ClinVarVariant:94554,NM_004006.2(DMD):c.31+1G>T,,variant
HGNC:11068,SLC8A1,,gene
ENSEMBL:ENSFCAG00000004445,ENSEMBL:ENSFCAG00000004445,,gene
MGI:105380,Mcm2,,gene
ZP:0021916,"response to absence of light decreased process quality, abnormal",,phenotype
ENSEMBL:ENSPTRG00000000373,ENSEMBL:ENSPTRG00000000373,,gene
ENSEMBL:ENSPTRG00000023575,ENSEMBL:ENSPTRG00000023575,,gene
ENSEMBL:ENSMODG00000017909,ENSEMBL:ENSMODG00000017909,,gene
ZP:0009071,"neuronal cell body cranial nerve VII mislocalised anteriorly, abnormal",,phenotype
ENSEMBL:ENSECAG00000011914,ENSEMBL:ENSECAG00000011914,,gene
MP:0001489,decreased startle reflex,,phenotype
ENSEMBL:ENSPTRG00000014825,ENSEMBL:ENSPTRG00000014825,,gene
ZP:0006449,"embryonic morphogenesis disrupted, abnormal",,phenotype
MP:0000592,short tail,,phenotype
ZP:0009303,"cranial neural crest increased size, abnormal",,phenotype
MP:0020913,increased susceptibility to Riboviria infection,,phenotype
HP:0200134,Epileptic encephalopathy,,phenotype
ENSEMBL:ENSCAFG00000014707,ENSEMBL:ENSCAFG00000014707,,gene
ClinVarVariant:584141,NC_000023.10:g.(?_31676087)_(31747885_?)dup,,variant
WBPhenotype:0002296,body posture wavelength increased,,phenotype
ZP:0006786,"skeletal muscle cell apoptotic, abnormal",,phenotype
P30304,Dual specificity phosphatase Cdc25A,,gene product
P78508,ATP-sensitive inward rectifier potassium channel 10,,gene product
ZP:0101902,"facial nerve motor nucleus rhombomere 5 increased volume, abnormal",,phenotype
ZP:0002948,"granular layer corpus cerebelli disorganized, abnormal",,phenotype
HP:0100495,Mastocytosis,,phenotype
WormBase:WBGene00003566,ncx-1,,gene
MP:0004527,abnormal outer hair cell stereociliary bundle morphology,,phenotype
ENSEMBL:ENSECAG00000022942,ENSEMBL:ENSECAG00000022942,,gene
ClinVarVariant:830419,NC_000023.11:g.(?_31169433)_(31507463_?)dup,,variant
ENSEMBL:ENSBTAG00000021707,ENSEMBL:ENSBTAG00000021707,,gene
ENSEMBL:ENSMMUG00000018821,ENSEMBL:ENSMMUG00000018821,,gene
ZP:0005457,"protein localization to adherens junction disrupted, abnormal",,phenotype
ZP:0017157,"blood accumulation atrium, abnormal",,phenotype
ZP:0002975,"T-tubule skeletal muscle cell malformed, abnormal",,phenotype
HP:0000411,Protruding ear,,phenotype
ZP:0137792,"muscle cell inflexible, abnormal",,phenotype
ENSEMBL:ENSSSCG00000004425,LAMA4,,gene
MP:0011584,increased alkaline phosphatase activity,,phenotype
ENSEMBL:ENSBTAG00000009177,ENSEMBL:ENSBTAG00000009177,,gene
MP:0005639,hemosiderosis,,phenotype
WBPhenotype:0002293,body posture amplitude increased,,phenotype
FBcv:0000357,abnormal size,,phenotype
MP:0003819,increased left ventricle diastolic pressure,,phenotype
ZP:0012861,"actin cytoskeleton organization process quality, abnormal",,phenotype
ClinVarVariant:864809,NM_004006.3(DMD):c.6423C>G (p.Tyr2141Ter),,variant
Xenbase:XB-GENE-485807,hdac2,,gene
HP:0002172,Postural instability,,phenotype
ZP:0018737,"caveola skeletal muscle cell decreased amount, abnormal",,phenotype
WBPhenotype:0000576,organism physiology phenotype,,phenotype
HP:0012379,Abnormal enzyme/coenzyme activity,,phenotype
ENSEMBL:ENSECAG00000034383,ENSEMBL:ENSECAG00000034383,,gene
MP:0000088,short mandible,,phenotype
ZFIN:ZDB-GENE-030724-3,sgcz,,gene
ENSEMBL:ENSGALG00000029203,TNNT1,,gene
ClinVarVariant:526054,NM_004006.2(DMD):c.10224-175_10230del,,variant
ClinVarVariant:576144,NM_004006.2(DMD):c.5154+2T>C,,variant
ZP:0008364,"post-anal tail morphogenesis delayed, abnormal",,phenotype
Coriell:GM05126,NIGMS-GM05126,,biological artifact
ClinVarVariant:947255,NM_004006.3(DMD):c.29_30del (p.Cys10fs),,variant
ZP:0000240,"whole organism bent, abnormal",,phenotype
ENSEMBL:ENSECAG00000000120,ENSEMBL:ENSECAG00000000120,,gene
ClinVarVariant:803791,NM_004006.3(DMD):c.9971dup (p.Arg3325fs),,variant
MP:0008126,increased dendritic cell number,,phenotype
FBcv:0002038,some die during pharate adult stage,,phenotype
3643,vincamine,,drug
MP:0009772,abnormal retinal development,,phenotype
ZP:0003872,"liver necrotic, abnormal",,phenotype
WBPhenotype:0000004,constitutive egg laying,,phenotype
ZP:0000066,"ceratobranchial cartilage absent, abnormal",,phenotype
ENSEMBL:ENSCAFG00000019523,APC2,,gene
MP:0013258,abnormal extracellular matrix morphology,,phenotype
MP:0006300,abnormal entorhinal cortex morphology,,phenotype
ENSEMBL:ENSOANG00000004792,ENSEMBL:ENSOANG00000004792,,gene
WormBase:WBGene00001834,hda-1,,gene
ENSEMBL:ENSGALG00000031170,ADCY1,,gene
ClinVarVariant:957115,NM_004006.3(DMD):c.9219_9222del (p.Tyr3072_Tyr3073insTer),,variant
ZP:0003715,"atrial myocardium decreased contractility, abnormal",,phenotype
ClinVarVariant:11214,"DMD, EX73-76DEL",,variant
FBcv:0002020,some die during P-stage,,phenotype
ENSEMBL:ENSOANG00000045182,ENSEMBL:ENSOANG00000045182,,gene
ClinVarVariant:846215,NC_000023.11:g.31444471_31627872dup,,variant
MP:0000159,abnormal xiphoid process morphology,,phenotype
ZP:0000115,"nervous system quality, abnormal",,phenotype
ClinVarVariant:803880,NM_004006.3(DMD):c.4306_4309del (p.Ala1436fs),,variant
ClinVarVariant:803856,NM_004006.3(DMD):c.5821dup (p.Ala1941fs),,variant
ENSEMBL:ENSECAG00000004216,ENSEMBL:ENSECAG00000004216,,gene
MONARCH:APO_0000316APO_0000004,chronological lifespan:increased,,phenotype
FBcv:0000360,decreased cell size,,phenotype
HP:0002307,Drooling,,phenotype
HP:0004891,Recurrent infections due to aspiration,,phenotype
ZP:0019382,"swim bladder inflation decreased occurrence, abnormal",,phenotype
ZP:0005599,"eye physical object quality, abnormal",,phenotype
FlyBase:FBgn0038722,Nup58,,gene
WormBase:WBGene00009730,myo-6,,gene
ENSEMBL:ENSFCAG00000003944,ENSEMBL:ENSFCAG00000003944,,gene
FBcv:0000350,partially lethal - majority live,,phenotype
FBcv:0000362,increased cell number,,phenotype
MP:0011266,abnormal frontonasal mesenchyme morphology,,phenotype
ZP:0015522,"sinoatrial node decreased functionality, abnormal",,phenotype
HP:0010978,Abnormality of immune system physiology,,phenotype
NCBIGene:100006166,si:ch211-1f22.1,,gene
HP:0001631,Atrial septal defect,,phenotype
WBPhenotype:0000904,muscle cell morphology variant,,phenotype
ZP:0001256,"forebrain ventricle decreased size, abnormal",,phenotype
MP:0001672,abnormal embryo development,,phenotype
ENSEMBL:ENSDARG00000112321,CR812847.1,,gene
ENSEMBL:ENSCAFG00000017392,ENSEMBL:ENSCAFG00000017392,,gene
ZP:0007024,"Z disc cardiac muscle disorganized, abnormal",,phenotype
ENSEMBL:ENSECAG00000015955,ENSEMBL:ENSECAG00000015955,,gene
MP:0005553,increased circulating creatinine level,,phenotype
NCBITaxon:3702,Arabidopsis thaliana,,taxon
ZFIN:ZDB-GENE-030707-1,anxa4,,gene
ClinVarVariant:225615,NM_004006.2(DMD):c.6502G>T (p.Glu2168Ter),,variant
SGD:S000006307,PRE2,,gene
WBPhenotype:0001956,oocytes lack nucleus,,phenotype
ZP:0000246,"actin filament fast muscle cell disorganized, abnormal",,phenotype
ClinVarVariant:417507,NC_000023.11:g.(?_32573530)_(32699293_?)del,,variant
HP:0011014,Abnormal glucose homeostasis,,phenotype
ClinVarVariant:526162,NC_000023.10:g.(?_32235013)_(32408318_?)dup,,variant
ZP:0131234,"skeletal muscle cell myotome absent, abnormal",,phenotype
HP:0011376,Morphological abnormality of the vestibule of the inner ear,,phenotype
MP:0010225,abnormal quadriceps morphology,,phenotype
MGI:102749,Trim25,,gene
MGI:97267,Myl4,,gene
MP:0005377,hearing/vestibular/ear phenotype,,phenotype
Xenbase:XB-GENE-941407,pxn,,gene
WBPhenotype:0000406,lumpy,,phenotype
EFO:0004765,visceral adipose tissue measurement,,phenotype
1142,felodipine,,drug
MP:0008519,thin retinal outer plexiform layer,,phenotype
ZFIN:ZDB-GENE-070705-302,adcy1a,,gene
461,cadralazine,,drug
ENSEMBL:ENSSSCG00000037803,MARCKS,,gene
ENSEMBL:ENSGALG00000015056,LAMA3,,gene
ZP:0017967,"atrioventricular valve process quality blood circulation, abnormal",,phenotype
MP:0002941,increased circulating alanine transaminase level,,phenotype
ClinVarVariant:803848,NM_004006.3(DMD):c.6610_6611del (p.Lys2204fs),,variant
MP:0001675,abnormal ectoderm development,,phenotype
MP:0003895,increased ectoderm apoptosis,,phenotype
ZP:0002994,"retinal ganglion cell layer dispersed, abnormal",,phenotype
MP:0009458,abnormal skeletal muscle size,,phenotype
dictyBase:DDB_G0269176,racF1,,gene
ENSEMBL:ENSMODG00000007000,ENSEMBL:ENSMODG00000007000,,gene
ClinVarVariant:813307,GRCh37/hg19 Xp21.1(chrX:31792077-31893490),,variant
ZP:0009290,"neuron hindbrain disorganized, abnormal",,phenotype
ZP:0017553,"retinal ganglion cell layer increased thickness, abnormal",,phenotype
ZP:0014133,"cardiac ventricle increased volume, abnormal",,phenotype
ZP:0002947,"intersegmental vessel somite disorganized, abnormal",,phenotype
MP:0005600,increased ventricle muscle contractility,,phenotype
ClinVarVariant:803846,NM_004006.3(DMD):c.6760A>T (p.Lys2254Ter),,variant
MGI:1916467,Plekha4,,gene
ZP:0011223,"fourth ventricle development process quality, abnormal",,phenotype
MP:0000378,absent hair follicles,,phenotype
ZP:0003067,"skeletal muscle quality, abnormal",,phenotype
ENSEMBL:ENSMODG00000015180,ENSEMBL:ENSMODG00000015180,,gene
ENSEMBL:ENSPTRG00000001280,ENSEMBL:ENSPTRG00000001280,,gene
ZP:0102504,"optic tectum process quality microglial cell migration, abnormal",,phenotype
ClinVarVariant:965439,NM_004006.3(DMD):c.1855A>T (p.Lys619Ter),,variant
ZFIN:ZDB-GENE-030131-3684,sgcd,,gene
ClinVarVariant:830528,NC_000023.11:g.(?_32438231)_(32485109_?)dup,,variant
MGI:1921414,Nfx1,,gene
ClinVarVariant:584026,NC_000023.11:g.(?_32216896)_(32365219_?)del,,variant
ZP:0001457,"melanosome transport delayed, abnormal",,phenotype
WBPhenotype:0001969,germ cell compartment morphology variant,,phenotype
RGD:70965,Capn9,,gene
WBPhenotype:0001292,body wall muscle physiology variant,,phenotype
MP:0030423,abnormal pinna cartilage morphology,,phenotype
ClinVarVariant:981992,NC_000023.11:g.(31496945_31507280)_(31507454_31627672)del,,variant
HP:0002015,Dysphagia,,phenotype
HP:0009060,Scapular muscle atrophy,,phenotype
ZP:0106676,"lateral plate mesoderm decreased occurrence determination of left/right asymmetry in lateral mesoderm, abnormal",,phenotype
ZP:0003919,"pupil decreased size, abnormal",,phenotype
ENSEMBL:ENSACAG00000001940,ENSEMBL:ENSACAG00000001940,,gene
MP:0006396,decreased long bone epiphyseal plate size,,phenotype
PomBase:SPBC4.04c,mcm2,,gene
ClinVarVariant:981956,NC_000023.11:g.(31932228_31968338)_(32699294_32809492)del,,variant
ClinVarVariant:239599,NM_004006.2(DMD):c.1504C>T (p.Gln502Ter),,variant
ENSEMBL:ENSXETG00000036116,ENSEMBL:ENSXETG00000036116,,gene
MP:0020551,abnormal postsynaptic density morphology,,phenotype
WormBase:WBGene00005077,src-1,,gene
MONARCH:APO_0000197APO_0000004,colony sectoring:increased,,phenotype
HP:0004736,Crossed fused renal ectopia,,phenotype
ENSEMBL:ENSSSCG00000011666,CLSTN2,,gene
1643,mebhydrolin,,drug
ZFIN:ZDB-GENE-031104-1,cacna1fb,,gene
WormBase:WBGene00003719,nhr-129,,gene
MP:0008236,decreased susceptibility to neuronal excitotoxicity,,phenotype
HP:0011314,Abnormality of long bone morphology,,phenotype
MP:0010209,abnormal circulating chemokine level,,phenotype
ENSEMBL:ENSECAG00000015901,ENSEMBL:ENSECAG00000015901,,gene
ENSEMBL:ENSFCAG00000023614,ENSEMBL:ENSFCAG00000023614,,gene
MP:0011856,abnormal glomerular filtration barrier function,,phenotype
HP:0011876,Abnormal platelet volume,,phenotype
HP:0004722,Thickened glomerular basement membrane,,phenotype
ZP:0003149,"axon cranial nerve V defasciculated, abnormal",,phenotype
MP:0006395,abnormal epiphyseal plate morphology,,phenotype
HP:0001770,Toe syndactyly,,phenotype
MP:0009593,absent chorion,,phenotype
WBPhenotype:0004016,dauer nictation behavior variant,,phenotype
ClinVarVariant:417490,NC_000023.11:g.(?_31496788)_(31875373_?)del,,variant
ClinVarVariant:986416,NM_004006.3(DMD):c.6253del (p.Trp2085fs),,variant
ENSEMBL:ENSFCAG00000014652,ENSEMBL:ENSFCAG00000014652,,gene
MP:0010751,decreased susceptibility to parasitic infection induced morbidity/mortality,,phenotype
MP:0005561,increased mean corpuscular hemoglobin,,phenotype
ZP:0001524,"mitochondrion skeletal muscle cell broken, abnormal",,phenotype
ClinVarVariant:455807,NC_000023.10:g.(?_31747728)_(31893510_?)dup,,variant
ZP:0020576,"fast muscle cell process quality transmission of nerve impulse, abnormal",,phenotype
FlyBase:FBgn0000108,Appl,,gene
MONARCH:APO_0000334APO_0000003,innate thermotolerance:decreased,,phenotype
WBPhenotype:0002301,nose movement variant,,phenotype
ZP:0000319,"brain hydrocephalic, abnormal",,phenotype
ZP:0018018,"nucleus skeletal muscle circular, abnormal",,phenotype
ClinVarVariant:455931,NM_004013.2(DMD):c.-113del,,variant
MP:0000600,liver hypoplasia,,phenotype
ENSEMBL:ENSBTAG00000009702,MYH8,,gene
WBPhenotype:0000748,asymmetric cell division defective early emb,,phenotype
WormBase:WBGene00006803,unc-70,,gene
ENSEMBL:ENSACAG00000015493,ENSEMBL:ENSACAG00000015493,,gene
1371,hexocyclium,,drug
ZP:0001521,"skeletal muscle cell detached from myoseptum, abnormal",,phenotype
257,atorvastatin,,drug
1912,niclosamide,,drug
OMIM:300377.0051,"DMD, GLN1472TER",,variant
ENSEMBL:ENSGALG00000031570,WDR54,,gene
WBPhenotype:0001885,cleavage furrow initiation defective early emb,,phenotype
MP:0008283,small hippocampus,,phenotype
ZP:0001500,"sarcolemma myotome disorganized, abnormal",,phenotype
ZP:0105762,"spinal cord has fewer parts of type ependymal cell motile cilium ependymal cell, abnormal",,phenotype
MP:0003820,increased left ventricle systolic pressure,,phenotype
ClinVarVariant:575704,NM_004006.2(DMD):c.1006G>T (p.Glu336Ter),,variant
ENSEMBL:ENSCAFG00000017640,HAUS1,,gene
ClinVarVariant:984442,NM_004006.3(DMD):c.7618_7619del (p.Lys2540fs),,variant
HP:0000544,External ophthalmoplegia,,phenotype
WBPhenotype:0000353,backing increased,,phenotype
WormBase:WBGene00015497,nhr-76,,gene
HP:0100717,Abnormal cementum morphology,,phenotype
ZFIN:ZDB-GENE-080415-1,rest,,gene
ClinVarVariant:656286,NC_000023.11:g.(?_31627663)_(31968524_?)del,,variant
MP:0002753,dilated heart left ventricle,,phenotype
MP:0001522,impaired swimming,,phenotype
ZFIN:ZDB-GENE-030131-6206,myhc4,,gene
ClinVarVariant:447265,NM_004006.2(DMD):c.7661-2A>G,,variant
MP:0011107,"embryonic lethality between somite formation and embryo turning, incomplete penetrance",,phenotype
MP:0008478,increased spleen white pulp amount,,phenotype
ZP:0100174,"sarcomere myotome malformed, abnormal",,phenotype
Coriell:GM07947,NIGMS-GM07947,,biological artifact
MGI:98779,Tnnc1,,gene
ENSEMBL:ENSACAG00000001869,ENSEMBL:ENSACAG00000001869,,gene
EFO:0008405,susceptibility to hepatitis B infection measurement,,phenotype
MP:0004938,dilated vasculature,,phenotype
ClinVarVariant:94863,NM_000109.4(DMD):c.9830_9839del (p.Met3277fs),,variant
MP:0004666,absent stapedial artery,,phenotype
ENSEMBL:ENSPTRG00000005527,ENSEMBL:ENSPTRG00000005527,,gene
ClinVarVariant:803801,NM_004006.3(DMD):c.9564-2A>G,,variant
HP:0400000,Tall chin,,phenotype
MP:0009932,skin fibrosis,,phenotype
ENSEMBL:ENSMMUG00000002811,ENSEMBL:ENSMMUG00000002811,,gene
ENSEMBL:ENSCAFG00000002620,TNNT1,,gene
MP:0006142,abnormal sinoatrial node conduction,,phenotype
ENSEMBL:ENSMODG00000001185,ENSEMBL:ENSMODG00000001185,,gene
ENSEMBL:ENSACAG00000009520,ENSEMBL:ENSACAG00000009520,,gene
dictyBase:DDB_G0286623,DDB0187054,,gene
ZFIN:ZDB-GENE-070117-3,dtnbb,,gene
MP:0001524,impaired limb coordination,,phenotype
HGNC:7551,MYBPC3,,gene
ZP:0001642,"somite condensed, abnormal",,phenotype
ENSEMBL:ENSECAG00000006820,ENSEMBL:ENSECAG00000006820,,gene
MP:0010235,abnormal retina inner limiting membrane morphology,,phenotype
HP:0011623,Muscular ventricular septal defect,,phenotype
ENSEMBL:ENSBTAG00000008394,MYL3,,gene
ENSEMBL:ENSFCAG00000028273,ENSEMBL:ENSFCAG00000028273,,gene
MP:0004300,abnormal organ of Corti supporting cell morphology,,phenotype
ClinVarVariant:830991,NC_000023.11:g.(?_32844773)_(33020210_?)dup,,variant
ClinVarVariant:217205,NM_004006.2(DMD):c.5641C>T (p.Gln1881Ter),,variant
ZP:0001232,"brain degenerate, abnormal",,phenotype
HGNC:11805,TIAM1,,gene
Xenbase:XB-GENE-946570,myl3,,gene
ZP:0006453,"whole organism curved lateral, abnormal",,phenotype
ClinVarVariant:833018,NC_000023.11:g.(?_31679365)_(31729758_?)del,,variant
ENSEMBL:ENSMODG00000005078,ENSEMBL:ENSMODG00000005078,,gene
MP:0001908,abnormal somatosensory cortex physiology,,phenotype
MP:0000579,abnormal nail morphology,,phenotype
ClinVarVariant:847190,NM_004006.3(DMD):c.3277-2A>T,,variant
ENSEMBL:ENSPTRG00000006175,ENSEMBL:ENSPTRG00000006175,,gene
ZFIN:ZDB-GENE-040912-97,capn3a,,gene
MP:0001402,hypoactivity,,phenotype
ClinVarVariant:647959,NC_000023.10:g.(?_32509374)_(32509655_?)dup,,variant
ENSEMBL:ENSMMUG00000006421,ENSEMBL:ENSMMUG00000006421,,gene
ENSEMBL:ENSPTRG00000020543,ENSEMBL:ENSPTRG00000020543,,gene
5347,fedratinib,,drug
WormBase:WBGene00001328,epi-1,,gene
ClinVarVariant:11282,NM_004006.2(DMD):c.9568C>T (p.Arg3190Ter),,variant
1402,hyoscyamine,,drug
SGD:S000003074,MLC1,,gene
HP:0000107,Renal cyst,,phenotype
dbSNP:rs56979833,rs56979833-?,,variant
ZP:0011402,"cellular calcium ion homeostasis process quality, abnormal",,phenotype
ENSEMBL:ENSECAG00000038173,ENSEMBL:ENSECAG00000038173,,gene
MP:0005130,decreased follicle stimulating hormone level,,phenotype
WBPhenotype:0002324,backward point velocity decreased,,phenotype
ClinVarVariant:832171,NC_000023.11:g.(?_32216906)_(32699303_?)dup,,variant
HP:0100724,Hypercoagulability,,phenotype
606,chloropyramine,,drug
MP:0001855,abnormal atrial thrombosis,,phenotype
MP:0010878,increased trabecular bone volume,,phenotype
ClinVarVariant:833441,NC_000023.11:g.(?_31679365)_(31968524_?)del,,variant
ZP:0003056,"larval locomotory behavior absent, abnormal",,phenotype
ENSEMBL:ENSFCAG00000014533,ENSEMBL:ENSFCAG00000014533,,gene
ENSEMBL:ENSFCAG00000030020,ENSEMBL:ENSFCAG00000030020,,gene
RGD:1562682,Capn13,,gene
HP:0001266,Choreoathetosis,,phenotype
ClinVarVariant:94754,NM_004013.2(DMD):c.-395dup,,variant
ENSEMBL:ENSFCAG00000002653,ENSEMBL:ENSFCAG00000002653,,gene
ENSEMBL:ENSMMUG00000017933,ENSEMBL:ENSMMUG00000017933,,gene
MP:0010011,ectopic hippocampus pyramidal cells,,phenotype
ZP:0011458,"axon primary motor neuron increased branchiness, abnormal",,phenotype
ENSEMBL:ENSBTAG00000047491,CACNA1S,,gene
EFO:0007708,t-tau:beta-amyloid 1-42 ratio measurement,,phenotype
ClinVarVariant:832608,NC_000023.11:g.(?_31773950)_(31774202_?)del,,variant
ZP:0019192,"trabecular layer absent, abnormal",,phenotype
ZFIN:ZDB-GENE-060503-491,capn1b,,gene
HP:0001279,Syncope,,phenotype
MP:0002874,decreased hemoglobin content,,phenotype
ClinVarVariant:657903,NC_000023.11:g.(?_31679365)_(31836829_?)del,,variant
ENSEMBL:ENSFCAG00000012433,ENSEMBL:ENSFCAG00000012433,,gene
ENSEMBL:ENSGALG00000008177,NOS1,,gene
MP:0013825,small hypoglossal canal,,phenotype
ClinVarVariant:11271,"DMD, 4-BP DEL, NT9679",,variant
1707,mequitazine,,drug
MP:0008226,decreased anterior commissure size,,phenotype
ZP:0009297,"whole organism lacks parts or has fewer parts of type facial nerve motor nucleus, abnormal",,phenotype
MP:0003237,abnormal lens epithelium morphology,,phenotype
EFO:0004735,serum alanine aminotransferase measurement,,phenotype
HP:0007018,Attention deficit hyperactivity disorder,,phenotype
ZP:0010674,"atrioventricular valve structure, abnormal",,phenotype
ZP:0000233,"heart decreased functionality, abnormal",,phenotype
RGD:1308889,Lama2,,gene
ClinVarVariant:643749,NM_004006.2(DMD):c.2869C>T (p.Gln957Ter),,variant
WBPhenotype:0000174,basal lamina development variant,,phenotype
MP:0005322,abnormal serotonin level,,phenotype
ClinVarVariant:665027,NC_000023.11:g.(?_31929586)_(31932237_?)del,,variant
ZP:0009826,"liver development decreased process quality, abnormal",,phenotype
RGD:2320917,Dytn,,gene
ENSEMBL:ENSOANG00000043083,ENSEMBL:ENSOANG00000043083,,gene
ClinVarVariant:583545,NC_000023.11:g.(?_32216896)_(32454852_?)del,,variant
WormBase:WBGene00007226,C01G6.4,,gene
ClinVarVariant:803894,NM_004006.3(DMD):c.3295_3296del (p.Gln1099fs),,variant
ENSEMBL:ENSPTRG00000033895,ENSEMBL:ENSPTRG00000033895,,gene
RGD:735078,Lamtor1,,gene
FBcv:0002021,some die during first instar larval stage,,phenotype
ENSEMBL:ENSECAG00000020155,ENSEMBL:ENSECAG00000020155,,gene
HP:0003270,Abdominal distention,,phenotype
MONARCH:APO_0000239APO_0000005,pexophagy:absent,,phenotype
WBPhenotype:0000094,anus development variant,,phenotype
ZP:0019096,"skeletal muscle structure, abnormal",,phenotype
ZP:0018599,"hindbrain decreased amount, abnormal",,phenotype
3652,xanomeline,,drug
Xenbase:XB-GENE-989148,sptbn1,,gene
HP:0001152,Saccadic smooth pursuit,,phenotype
WBPhenotype:0001577,mitochondria alignment variant,,phenotype
HGNC:711,ARRB1,,gene
ClinVarVariant:983948,NM_004006.3(DMD):c.3892G>T (p.Gly1298Ter),,variant
FlyBase:FBgn0011692,pav,,gene
ZP:0000650,"lens decreased size, abnormal",,phenotype
MONARCH:APO_0000106APO_0000250,vegetative growth:arrested,,phenotype
FlyBase:FBgn0002772,Mlc1,,gene
WormBase:WBGene00002149,irk-1,,gene
MGI:103013,Cacna1c,,gene
ClinVarVariant:645353,NC_000023.11:g.(?_32438231)_(32518150_?)del,,variant
ZP:0100502,"heart functionality, abnormal",,phenotype
ENSEMBL:ENSOANG00000004259,ENSEMBL:ENSOANG00000004259,,gene
WormBase:WBGene00000955,des-2,,gene
ENSEMBL:ENSOANG00000008529,ENSEMBL:ENSOANG00000008529,,gene
ENSEMBL:ENSSSCG00000033260,TNNI2,,gene
WBPhenotype:0000230,tail withered,,phenotype
RGD:1308062,Sgca,,gene
dbSNP:rs77093473,rs77093473-?,,variant
MGI:2387586,Tns2,,gene
ENSEMBL:ENSCAFG00000005415,ARRB1,,gene
MP:0012361,decreased large unstained cell number,,phenotype
HP:0001999,Abnormal facial shape,,phenotype
MGI:3784305,Dmd<mdx>; Myod1<tm1Jae>/Myod1<tm1Jae> [involves: 129S4/SvJae * C57BL/10ScSn],,genotype
HGNC:7585,MYL4,,gene
MESH:C056165,acetovanillone,,drug
ENSEMBL:ENSECAG00000026836,ENSEMBL:ENSECAG00000026836,,gene
ZFIN:ZDB-GENE-020220-1,appb,,gene
dictyBase:DDB_G0273107,fip-1,,gene
ZP:0137872,"cell body Muller cell spatial pattern, abnormal",,phenotype
Xenbase:XB-GENE-988144,sntg2,,gene
FBcv:0000415,abnormal jumping,,phenotype
ClinVarVariant:984441,NM_004006.3(DMD):c.2348C>G (p.Ser783Ter),,variant
ENSEMBL:ENSECAG00000024139,ENSEMBL:ENSECAG00000024139,,gene
ENSEMBL:ENSFCAG00000004158,ENSEMBL:ENSFCAG00000004158,,gene
ZP:0011235,"neuromast hair cell process quality cellular response to mechanical stimulus, abnormal",,phenotype
ENSEMBL:ENSECAG00000015096,ENSEMBL:ENSECAG00000015096,,gene
Xenbase:XB-GENE-942945,osgep,,gene
HP:0000557,Buphthalmos,,phenotype
WBPhenotype:0000529,cell development variant,,phenotype
ZP:0005412,"axon retinal ganglion cell disorganized, abnormal",,phenotype
HP:0000144,Decreased fertility,,phenotype
MP:0008817,hematoma,,phenotype
RGD:621660,Kcnj12,,gene
HP:0100575,Neoplasm of the gallbladder,,phenotype
ENSEMBL:ENSECAG00000018032,ENSEMBL:ENSECAG00000018032,,gene
ClinVarVariant:217197,NM_004006.2(DMD):c.4240C>T (p.Gln1414Ter),,variant
ENSEMBL:ENSSSCG00000015556,LAMC2,,gene
HP:0004783,Duodenal polyposis,,phenotype
1981,ofloxacin,,drug
MGI:5439173,Barx2<tm1Rsd>/Barx2<tm1Rsd>; Dmd<mdx> [involves: 129 * C57BL/6 * C57BL/10ScSn],,genotype
ZP:0009595,"fast-twitch skeletal muscle fiber contraction decreased rate, abnormal",,phenotype
Q7KZI7,Serine/threonine-protein kinase MARK2,,gene product
dbSNP:rs149640,rs149640-?,,variant
MP:0009420,skeletal muscle endomysial fibrosis,,phenotype
ZP:0011341,"blood vessel morphogenesis decreased process quality, abnormal",,phenotype
MP:0005325,abnormal renal glomerulus morphology,,phenotype
2436,sertraline,,drug
MP:0000935,abnormal folding of telencephalic vesicles,,phenotype
1947,nitrendipine,,drug
ZP:0003349,"blood vasculature broken, abnormal",,phenotype
MGI:98387,Sptb,,gene
4484,aclidinium bromide,,drug
ZP:0002704,"larval locomotory behavior disrupted, abnormal",,phenotype
RGD:3184,Nos1,,gene
MGI:5795669,Dmd<mdx>; Utrn<tm1Jrs>/Utrn<+> [involves: 129S1/Sv * 129X1/SvJ * C57BL/10ScSn],,genotype
ZP:0005492,"cardiac muscle cell cardiac ventricle shape, abnormal",,phenotype
WormBase:WBGene00000419,ced-5,,gene
MP:0002762,ectopic cerebellar granule cells,,phenotype
ZP:0019366,"retinal rod cell absence due to degeneration, abnormal",,phenotype
ClinVarVariant:417492,NC_000023.11:g.(?_31627673)_(31658144_?)del,,variant
ENSEMBL:ENSMODG00000050021,ENSEMBL:ENSMODG00000050021,,gene
MGI:96599,Itga1,,gene
ZP:0001707,"pectoral fin absent, abnormal",,phenotype
MP:0008828,abnormal lymph node cell ratio,,phenotype
EnsemblGenome:BAE77115,EnsemblGenome:BAE77115,,gene
MP:0001680,abnormal mesoderm development,,phenotype
MP:0004279,abnormal rostral migratory stream morphology,,phenotype
ENSEMBL:ENSMMUG00000004838,ENSEMBL:ENSMMUG00000004838,,gene
ZP:0019891,"optic furrow malformed, abnormal",,phenotype
ZP:0101698,"vascular associated smooth muscle cell dorsal aorta absent, abnormal",,phenotype
ENSEMBL:ENSCAFG00000013033,ENSEMBL:ENSCAFG00000013033,,gene
ClinVarVariant:94841,NM_004006.2(DMD):c.9361+1G>A,,variant
RGD:1305852,Fkrp,,gene
ZP:0001029,"pancreatic B cell decreased amount, abnormal",,phenotype
dbSNP:rs16990169,rs16990169-?,,variant
ENSEMBL:ENSOANG00000015625,ENSEMBL:ENSOANG00000015625,,gene
EFO:0004335,short-term memory,,phenotype
MGI:99909,Lama3,,gene
WBPhenotype:0001225,phasmid socket absent,,phenotype
MP:0010163,hemolysis,,phenotype
HP:0012795,Abnormality of the optic disc,,phenotype
HP:0031524,Ampulla of Vater carcinoma,,phenotype
MP:0008396,abnormal osteoclast differentiation,,phenotype
ClinVarVariant:852294,NM_004006.3(DMD):c.8214G>A (p.Trp2738Ter),,variant
ZP:0002956,"muscle tendon junction myotome malformed, abnormal",,phenotype
MP:0011392,increased fetal cardiomyocyte apoptosis,,phenotype
ClinVarVariant:660685,NC_000023.11:g.(?_31496778)_(31507463_?)del,,variant
ZP:0005498,"myofibril atrium disorganized, abnormal",,phenotype
ZP:0008038,"Z disc cardiac muscle cell decreased size, abnormal",,phenotype
HP:0000138,Ovarian cyst,,phenotype
MP:0006068,abnormal retinal horizontal cell morphology,,phenotype
ClinVarVariant:11241,NM_000109.4(DMD):c.667T>A (p.Tyr223Asn),,variant
ZP:0002955,"basement membrane myotome malformed, abnormal",,phenotype
ClinVarVariant:374332,ClinVarVariant:374332,,variant
ClinVarVariant:417486,NC_000023.11:g.(?_32595757)_(32849820_?)del,,variant
ZP:0008030,"ventricular myocardium decreased volume, abnormal",,phenotype
HP:0010957,Congenital posterior urethral valve,,phenotype
HP:0001678,Atrioventricular block,,phenotype
MP:0004529,decreased outer hair cell stereocilia number,,phenotype
ENSEMBL:ENSMODG00000007358,ENSEMBL:ENSMODG00000007358,,gene
MP:0003704,abnormal hair follicle development,,phenotype
WBPhenotype:0000170,precocious alae,,phenotype
RGD:621017,Lyn,,gene
MP:0004183,abnormal sympathetic nervous system physiology,,phenotype
MP:0010346,increased thyroid carcinoma incidence,,phenotype
ZP:0002990,"basement membrane assembly decreased process quality, abnormal",,phenotype
HP:0033681,Oligodendroglioma,,phenotype
ZFIN:ZDB-GENE-111017-2,xylt1,,gene
MP:0011509,dilated glomerular capillary,,phenotype
ClinVarVariant:574971,NM_004006.2(DMD):c.7309+12789_7490del,,variant
HP:0003693,Distal amyotrophy,,phenotype
MP:0008263,abnormal hippocampus CA1 region morphology,,phenotype
3178,enoxolone,,drug
MP:0008520,disorganized retinal outer plexiform layer,,phenotype
ZP:0104213,"immature Schwann cell posterior lateral line decreased amount, abnormal",,phenotype
MONARCH:APO_0000144APO_0000004,telomere length:increased,,phenotype
ClinVarVariant:455824,NC_000023.11:g.(?_31929576)_(32365219_?)del,,variant
ZP:0137786,"myotome extends beyond muscle cell vertical myoseptum, abnormal",,phenotype
ENSEMBL:ENSACAG00000010881,ENSEMBL:ENSACAG00000010881,,gene
HGNC:12403,TTN,,gene
ENSEMBL:ENSMODG00000045708,ENSEMBL:ENSMODG00000045708,,gene
HP:0006740,Transitional cell carcinoma of the bladder,,phenotype
MP:0009142,decreased prepulse inhibition,,phenotype
ClinVarVariant:803916,NM_004006.3(DMD):c.2380+1G>A,,variant
MP:0003949,abnormal circulating lipid level,,phenotype
MGI:104743,Kcnj4,,gene
FlyBase:FBgn0000046,Act87E,,gene
MP:0006299,abnormal latent inhibition of conditioning behavior,,phenotype
ENSEMBL:ENSCAFG00000005606,PAK4,,gene
HP:0002733,Abnormality of the lymph nodes,,phenotype
ZP:0000122,"notochord undulate, abnormal",,phenotype
MP:0001454,abnormal cued conditioning behavior,,phenotype
MP:0000540,abnormal urinary bladder urothelium morphology,,phenotype
ZP:0005610,"photoreceptor cell decreased amount, abnormal",,phenotype
ENSEMBL:ENSMODG00000009142,ENSEMBL:ENSMODG00000009142,,gene
ZP:0002986,"notochord cell development decreased process quality, abnormal",,phenotype
ZP:0004515,"telencephalon morphology, abnormal",,phenotype
HP:0000545,Myopia,,phenotype
ENSEMBL:ENSPTRG00000001598,ENSEMBL:ENSPTRG00000001598,,gene
ENSEMBL:ENSACAG00000022022,ENSEMBL:ENSACAG00000022022,,gene
ENSEMBL:ENSCAFG00000005133,LTBP4,,gene
ZP:0103177,"dorsal longitudinal anastomotic vessel decreased occurrence blood vessel morphogenesis, abnormal",,phenotype
ENSEMBL:ENSMMUG00000023776,ENSEMBL:ENSMMUG00000023776,,gene
ClinVarVariant:803787,NM_004006.3(DMD):c.10304C>G (p.Ser3435Ter),,variant
MP:0010996,increased aorta wall thickness,,phenotype
MGI:1919488,Tbc1d5,,gene
MP:0000741,impaired contractility of urinary bladder detrusor smooth muscle,,phenotype
ClinVarVariant:941725,NM_004006.3(DMD):c.7720C>T (p.Gln2574Ter),,variant
WormBase:WBGene00016913,lam-2,,gene
ClinVarVariant:593328,NM_004006.2(DMD):c.8010G>A (p.Trp2670Ter),,variant
HP:0005237,Degenerative liver disease,,phenotype
MP:0004269,abnormal optic cup morphology,,phenotype
ENSEMBL:ENSMODG00000015214,ENSEMBL:ENSMODG00000015214,,gene
ENSEMBL:ENSECAG00000032416,ENSEMBL:ENSECAG00000032416,,gene
2276,procyclidine,,drug
2767,troglitazone,,drug
1395,hydroxychloroquine,,drug
ClinVarVariant:526164,NC_000023.11:g.(?_31609621)_(31932247_?)del,,variant
ZFIN:ZDB-GENE-091204-387,haus1,,gene
ZP:0009643,"pigmentation decreased process quality, abnormal",,phenotype
ZP:0001768,"retinal pigmented epithelium structure, abnormal",,phenotype
ZP:0007284,"pharyngeal vasculature has fewer parts of type vascular associated smooth muscle cell, abnormal",,phenotype
HGNC:10886,SIRT2,,gene
ENSEMBL:ENSMODG00000017881,ENSEMBL:ENSMODG00000017881,,gene
MONARCH:APO_0000143APO_0000002,chromosome/plasmid maintenance:abnormal,,phenotype
MP:0002113,abnormal skeleton development,,phenotype
HP:0040276,Adenocarcinoma of the colon,,phenotype
ENSEMBL:ENSCAFG00030010748,ENSEMBL:ENSCAFG00030010748,,gene
MGI:1346524,Sgcg,,gene
HP:0000853,Goiter,,phenotype
ZFIN:ZDB-GENE-041212-37,tnni1b,,gene
ENSEMBL:ENSGALG00000002125,ENSEMBL:ENSGALG00000002125,,gene
WormBase:WBGene00001948,hlh-1,,gene
ENSEMBL:ENSPTRG00000013474,ENSEMBL:ENSPTRG00000013474,,gene
ENSEMBL:ENSFCAG00000004560,ENSEMBL:ENSFCAG00000004560,,gene
ENSEMBL:ENSCAFG00000013062,ENSEMBL:ENSCAFG00000013062,,gene
MGI:1355335,Tmod2,,gene
ENSEMBL:ENSGALG00000029917,SGCA,,gene
MP:0001851,eye inflammation,,phenotype
MP:0008663,increased interleukin-12 secretion,,phenotype
dbSNPIndividual:15076,DMD(EX5-7DUP); arr Xp21.1(32737385-32760085)x2 [GM04327],,genotype
ClinVarVariant:660160,NC_000023.10:g.(?_31341705)_(31341785_?)dup,,variant
MP:0004889,increased energy expenditure,,phenotype
RGD:620517,Xpo1,,gene
MP:0003908,decreased stereotypic behavior,,phenotype
ZP:0001518,"skeletal muscle cell degenerate, abnormal",,phenotype
HP:0002027,Abdominal pain,,phenotype
ZP:0021007,"sarcomere somite spatial pattern, abnormal",,phenotype
MGI:1890574,Sptbn4,,gene
MP:0001015,small superior cervical ganglion,,phenotype
ZP:0000728,"trunk increased accumulation anterior side nucleate erythrocyte, abnormal",,phenotype
MP:0003626,kidney medulla hypoplasia,,phenotype
EFO:0007015,3-hydroxy-1-methylpropylmercapturic acid measurement,,phenotype
ZFIN:ZDB-GENE-050417-341,capn2l,,gene
ZP:0018807,"trunk spatial pattern, abnormal",,phenotype
MP:0000351,increased cell proliferation,,phenotype
ZP:0007026,"sarcomere cardiac muscle cell decreased amount, abnormal",,phenotype
FlyBase:FBgn0004397,Vinc,,gene
WBPhenotype:0001381,anoxia resistant,,phenotype
MP:0013992,persistent dorsal ophthalmic artery,,phenotype
ClinVarVariant:497301,NM_004006.2(DMD):c.10453dup (p.Leu3485Profs),,variant
MP:0002231,abnormal primitive streak morphology,,phenotype
MP:0000774,decreased brain size,,phenotype
HP:0000508,Ptosis,,phenotype
ENSEMBL:ENSECAG00000013577,ENSEMBL:ENSECAG00000013577,,gene
HP:0002623,Overriding aorta,,phenotype
EFO:0009960,atypical femoral fracture,,phenotype
HGNC:10002,RGS6,,gene
Coriell:GM05128,NIGMS-GM05128,,biological artifact
ENSEMBL:ENSACAG00000000212,ENSEMBL:ENSACAG00000000212,,gene
MP:0000826,abnormal third ventricle morphology,,phenotype
WormBase:WBGene00001414,fer-1,,gene
dbSNPIndividual:10794,DMD(EX45DEL); 46;XY;46;XY.arr Xp21.1(31869808-32028005)x0 [GM05113],,genotype
MONARCH:APO_0000057APO_0000002,nuclear morphology:abnormal,,phenotype
MP:0011448,decreased dopaminergic neuron number,,phenotype
ENSEMBL:ENSACAG00000016780,ENSEMBL:ENSACAG00000016780,,gene
HGNC:10541,SATB1,,gene
ENSEMBL:ENSACAG00000006242,ENSEMBL:ENSACAG00000006242,,gene
OMIM:300377.0009,"DMD, 1-BP DEL, 10662T",,variant
SGD:S000005936,HST2,,gene
ENSEMBL:ENSMODG00000012853,ENSEMBL:ENSMODG00000012853,,gene
ENSEMBL:ENSGALG00000042259,DOCK1,,gene
dbSNP:rs331334,rs331334-T,,variant
ENSEMBL:ENSGALG00000009360,CAPN2,,gene
ENSEMBL:ENSOANG00000004085,ENSEMBL:ENSOANG00000004085,,gene
ZP:0005378,"forerunner cell group circular, abnormal",,phenotype
ZP:0012206,"myofilament striated muscle cell disorganized, abnormal",,phenotype
HP:0000729,Autistic behavior,,phenotype
HP:0032390,Periventricular ribbonlike heterotopia,,phenotype
ClinVarVariant:455870,NM_004006.2(DMD):c.186+1G>A,,variant
MP:0005162,carpoptosis,,phenotype
MP:0004856,decreased ovary weight,,phenotype
dictyBase:DDB_G0291974,docA,,gene
ZP:0002219,"myotome shape, abnormal",,phenotype
ZP:0011445,"postoptic commissure defasciculated, abnormal",,phenotype
Xenbase:XB-GENE-946725,itgb1,,gene
MP:0030439,decreased osteoblast proliferation,,phenotype
MGI:106211,Cdc42,,gene
HP:0000739,Anxiety,,phenotype
ENSEMBL:ENSMODG00000012050,ENSEMBL:ENSMODG00000012050,,gene
MP:0000557,absent hindlimb,,phenotype
HP:0200128,Biventricular hypertrophy,,phenotype
ZP:0138565,"bulbus arteriosus decreased process quality smooth muscle tissue development, abnormal",,phenotype
GO:0045121,membrane raft,,molecular function
MP:0005379,endocrine/exocrine gland phenotype,,phenotype
ENSEMBL:ENSFCAG00000004973,ENSEMBL:ENSFCAG00000004973,,gene
MP:0001664,abnormal digestion,,phenotype
HP:0002718,Recurrent bacterial infections,,phenotype
EFO:0005000,leptin measurement,,phenotype
ZP:0020990,"eye ovate, abnormal",,phenotype
MP:0002953,thick ventricular wall,,phenotype
ENSEMBL:ENSFCAG00000010671,ENSEMBL:ENSFCAG00000010671,,gene
MP:0002757,decreased vertical activity,,phenotype
MP:0002021,increased incidence of induced tumors,,phenotype
WBPhenotype:0001482,frequency body bend reduced,,phenotype
ZP:0008057,"anterior region notochord undifferentiated, abnormal",,phenotype
MP:0002252,abnormal oropharynx morphology,,phenotype
ZP:0003155,"axon Rohon-Beard neuron decreased length, abnormal",,phenotype
RGD:620085,Capn8,,gene
ENSEMBL:ENSGALG00000006439,ENSEMBL:ENSGALG00000006439,,gene
4903,nintedanib,,drug
HP:0001601,Laryngomalacia,,phenotype
1683,menadione,,drug
FBcv:0000439,chemical resistant,,phenotype
ENSEMBL:ENSMODG00000005164,ENSEMBL:ENSMODG00000005164,,gene
MP:0031121,increased susceptibility to induced thrombosis,,phenotype
dbSNPIndividual:15443,DMD(EX45-50DEL); arr Xp21.1(31724075-31928364)x0 [GM05016],,genotype
dictyBase:DDB_G0283917,sir2A,,gene
ENSEMBL:ENSGALG00000006572,TNNT3,,gene
HP:0007649,Congenital hypertrophy of retinal pigment epithelium,,phenotype
ClinVarVariant:526161,NC_000023.11:g.(?_31836698)_(31932247_?)del,,variant
MONARCH:APO_0000326APO_0000003,desiccation resistance:decreased,,phenotype
ZP:0005817,"eye photoreceptor cell decreased amount, abnormal",,phenotype
HP:0040189,Scaling skin,,phenotype
HP:0012165,Oligodactyly,,phenotype
MGI:2385803,Shkbp1,,gene
956,doxepin,,drug
HP:0001699,Sudden death,,phenotype
ENSEMBL:ENSPTRG00000003567,ENSEMBL:ENSPTRG00000003567,,gene
HGNC:6759,MARCKS,,gene
MP:0011089,"perinatal lethality, complete penetrance",,phenotype
WormBase:WBGene00001836,hda-3,,gene
ZFIN:ZDB-GENE-070202-9,kcnma1a,,gene
ZP:0001632,"notochord apoptotic, abnormal",,phenotype
HP:0001733,Pancreatitis,,phenotype
ZP:0009714,"atrioventricular valve absent, abnormal",,phenotype
MGI:2148539,Utrn<tm1Jrs>,,variant
EFO:0004696,sex hormone-binding globulin measurement,,phenotype
WBPhenotype:0004022,amplitude of sinusoidal movement variant,,phenotype
ENSEMBL:ENSPTRG00000012658,ENSEMBL:ENSPTRG00000012658,,gene
ZP:0100175,"skeletal muscle cell myotome spatial pattern, abnormal",,phenotype
ClinVarVariant:649073,NC_000023.11:g.(?_32216906)_(32217073_?)del,,variant
ENSEMBL:ENSBTAG00000013468,AHNAK,,gene
MP:0001442,decreased grooming behavior,,phenotype
ENSEMBL:ENSFCAG00000009900,ENSEMBL:ENSFCAG00000009900,,gene
ZFIN:ZDB-GENE-050626-112,myl4,,gene
RGD:1304556,Actg1,,gene
ENSEMBL:ENSFCAG00000001850,ENSEMBL:ENSFCAG00000001850,,gene
ZP:0002303,"pharyngeal arch 3-7 aplastic, abnormal",,phenotype
ZP:0002595,"lens perforate, abnormal",,phenotype
ClinVarVariant:11265,"DMD, IVS47, G-A, +1, EX48DEL",,variant
FlyBase:CG3860,FlyBase:CG3860,,gene
ZP:0004087,"photoreceptor outer segment retina absent, abnormal",,phenotype
WormBase:WBGene00014249,ZK1307.8,,gene
ClinVarVariant:803929,NM_004006.3(DMD):c.1664_1667dup (p.Asp556fs),,variant
RGD:1305288,Haus4,,gene
ClinVarVariant:643154,NC_000023.11:g.(?_32438231)_(32651077_?)del,,variant
ZP:0100994,"vertical myoseptum spatial pattern, abnormal",,phenotype
ClinVarVariant:945133,NM_004006.3(DMD):c.3162+1G>A,,variant
ENSEMBL:ENSECAG00000005219,ENSEMBL:ENSECAG00000005219,,gene
ENSEMBL:ENSCAFG00000013067,PAK2,,gene
ZP:0000751,"nucleate erythrocyte absent, abnormal",,phenotype
ZP:0018610,"brain vasculature increased fragility, abnormal",,phenotype
4191,fesoterodine,,drug
ENSEMBL:ENSGALG00000015746,JAM2,,gene
MP:0008576,decreased circulating interferon-beta level,,phenotype
MP:0014143,decreased body fat mass,,phenotype
MP:0010379,decreased respiratory quotient,,phenotype
HP:0003707,Calf muscle pseudohypertrophy,,phenotype
ENSEMBL:ENSSSCG00000031717,ADCY8,,gene
HP:0012725,Cutaneous syndactyly,,phenotype
ClinVarVariant:984213,NM_004006.3(DMD):c.8659G>T (p.Glu2887Ter),,variant
WormBase:WBGene00004507,rpy-1,,gene
MP:0004502,decreased incidence of tumors by chemical induction,,phenotype
Coriell:GM05112,NIGMS-GM05112,,biological artifact
HP:0003457,EMG abnormality,,phenotype
HP:0008322,Abnormal mitochondrial morphology,,phenotype
ENSEMBL:ENSACAG00000002412,ENSEMBL:ENSACAG00000002412,,gene
MP:0008346,increased gamma-delta T cell number,,phenotype
ENSEMBL:ENSMMUG00000012054,ENSEMBL:ENSMMUG00000012054,,gene
WBPhenotype:0002059,pore forming toxin hypersensitive,,phenotype
2705,tolterodine,,drug
MP:0011864,abnormal podocyte adhesion,,phenotype
MP:0011470,increased urine creatinine level,,phenotype
ENSEMBL:ENSCAFG00000002427,ENSEMBL:ENSCAFG00000002427,,gene
ZP:0002997,"lens degenerate, abnormal",,phenotype
ZP:0001498,"myotome degenerate, abnormal",,phenotype
ENSEMBL:ENSECAG00000008303,ENSEMBL:ENSECAG00000008303,,gene
ZFIN:ZDB-GENE-110408-67,lpar6b,,gene
Xenbase:XB-GENE-852608,rnf11,,gene
MP:0002063,abnormal learning/memory/conditioning,,phenotype
ClinVarVariant:526071,NM_000109.4(DMD):c.3364_3365dup (p.Leu1123fs),,variant
FBcv:0000402,abnormal song,,phenotype
ENSEMBL:ENSMMUG00000004321,ENSEMBL:ENSMMUG00000004321,,gene
MP:0013237,abnormal skeletal muscle regeneration,,phenotype
MONARCH:APO_0000106APO_0000002,vegetative growth:abnormal,,phenotype
MP:0006341,small first pharyngeal arch,,phenotype
HP:0002414,Spina bifida,,phenotype
ENSEMBL:ENSGALG00000008095,ENSEMBL:ENSGALG00000008095,,gene
MP:0004057,thin myocardium compact layer,,phenotype
ZP:0018588,"endothelial cell increased occurrence apoptotic process, abnormal",,phenotype
EFO:0004526,mean corpuscular volume,,phenotype
WormBase:WBGene00016383,zgpa-1,,gene
ENSEMBL:ENSOANG00000004992,ENSEMBL:ENSOANG00000004992,,gene
ZP:0000442,"cell death increased occurrence, abnormal",,phenotype
ClinVarVariant:455831,NC_000023.11:g.(?_32342080)_(32518151_?)del,,variant
MP:0010802,abnormal intestinal enteroendocrine cell morphology,,phenotype
ENSEMBL:ENSACAG00000014691,ENSEMBL:ENSACAG00000014691,,gene
ZP:0005702,"angiogenic sprout caudal vein plexus decreased amount, abnormal",,phenotype
FlyBase:FBgn0015805,HDAC1,,gene
HGNC:13328,IFIT5,,gene
ZP:0004978,"cardiac ventricle shape, abnormal",,phenotype
WBPhenotype:0001154,paternal pronucleus migrates early emb,,phenotype
ClinVarVariant:216919,NM_004006.2(DMD):c.4000G>T (p.Gly1334Ter),,variant
HP:0002019,Constipation,,phenotype
MGI:5440955,Itga7<tm1Burk>/Itga7<tm1Burk>; Sspn<tm1Kcam>/Sspn<tm1Kcam> [involves: 129S1/Sv * 129X1/SvJ],,genotype
ZP:0002927,"pronephric duct increased diameter, abnormal",,phenotype
FBcv:0000449,abnormal planar polarity,,phenotype
ClinVarVariant:574223,NM_004006.2(DMD):c.3020C>A (p.Ser1007Ter),,variant
ZP:0000766,"post-vent region bent, abnormal",,phenotype
O75914,Serine/threonine-protein kinase PAK 3,,gene product
ZP:0003217,"cell lacks parts or has fewer parts of type filopodium cell, abnormal",,phenotype
HP:0040327,Abnormal morphology of the olfactory bulb,,phenotype
MP:0008513,thin retinal inner plexiform layer,,phenotype
ZP:0000250,"myofibril fast muscle cell disorganized, abnormal",,phenotype
MP:0003544,abnormal vascular endothelial cell migration,,phenotype
RGD:2025,Acta1,,gene
FlyBase:FBgn0029134,Prosbeta5,,gene
ZFIN:ZDB-GENE-040718-102,arr3a,,gene
HP:0002895,Papillary thyroid carcinoma,,phenotype
ZFIN:ZDB-GENE-030131-5415,rac1a,,gene
ENSEMBL:ENSGALG00000008860,LONRF3,,gene
ClinVarVariant:417505,NC_000023.11:g.(?_31444481)_(31496944_?)del,,variant
dbSNPIndividual:21528,DMD(EX2-4DUP); 46;t(X;18)(Xqter>Xp21::18q23>18qter;18pter>18q23::Xp21>Xpter);Y.ish t(X;18)(VIJ22050+; VIJ22050-);46;Y;der(X)(18qter->18q23::Xp21->Xqter); der(18)(18pter->18q23::Xp21->Xpter)[20];46;Y;t(X;18)(18qter->18q23::Xp21->Xpter;18pter->18q23::Xp21->Xpter).ish t(X;18)(VIJ22050+;VIJ22050-).arr Xp21.1(32758074-33049644)x2;46;Y;t(X;18)(Xqter>Xp21::18q23>18qter; 18pter>18q23::Xp21>Xpter) [GM09981],,genotype
RGD:621066,Eml2,,gene
MP:0010581,abnormal atrium myocardial trabeculae morphology,,phenotype
WBPhenotype:0000273,thrashing reduced,,phenotype
HGNC:15916,PAK5,,gene
MP:0012034,abnormal a-wave shape,,phenotype
EFO:0007990,neutrophil percentage of leukocytes,,phenotype
MP:0002983,increased retinal ganglion cell number,,phenotype
MONARCH:APO_0000253APO_0000002,cell cycle progression:abnormal,,phenotype
MONARCH:APO_0000147APO_0000004,heat sensitivity:increased,,phenotype
HP:0003202,Skeletal muscle atrophy,,phenotype
WBPhenotype:0000218,vulval cell induction increased,,phenotype
ZP:0004013,"fast muscle myoblast unfused from fast muscle myoblast, abnormal",,phenotype
ClinVarVariant:832182,NC_000023.11:g.(?_31729621)_(31932237_?)del,,variant
ZP:0008071,"skeletal muscle cell detached from myofibril muscle tendon junction myotome, abnormal",,phenotype
ENSEMBL:ENSBTAG00000000489,ENSEMBL:ENSBTAG00000000489,,gene
HP:0005230,Biliary tract obstruction,,phenotype
HGNC:1955,CHRNA1,,gene
ENSEMBL:ENSOANG00000013442,ENSEMBL:ENSOANG00000013442,,gene
ENSEMBL:ENSACAG00000016263,ENSEMBL:ENSACAG00000016263,,gene
WBPhenotype:0000541,cord commissures fail to reach target,,phenotype
ENSEMBL:ENSCAFG00000018532,ENSEMBL:ENSCAFG00000018532,,gene
HP:0030781,Increased circulating free fatty acid level,,phenotype
ZP:0018602,"hindbrain increased amount, abnormal",,phenotype
MP:0005388,respiratory system phenotype,,phenotype
ENSEMBL:ENSPTRG00000018215,ENSEMBL:ENSPTRG00000018215,,gene
ZFIN:ZDB-GENE-131120-100,si:ch211-125o16.4,,gene
MP:0012575,increased noradrenaline level,,phenotype
ZP:0000430,"somite degenerate, abnormal",,phenotype
MP:0000208,decreased hematocrit,,phenotype
ENSEMBL:ENSMMUG00000016448,ENSEMBL:ENSMMUG00000016448,,gene
ZP:0000700,"venous blood vessel morphogenesis disrupted, abnormal",,phenotype
ClinVarVariant:11242,NM_000109.4(DMD):c.700C>T (p.Gln234Ter),,variant
ENSEMBL:ENSSSCG00000003712,OSBPL1A,,gene
ZFIN:ZDB-GENE-121214-233,ifit9,,gene
MP:0011106,"embryonic lethality between implantation and somite formation, incomplete penetrance",,phenotype
ENSEMBL:ENSMMUG00000018547,ENSEMBL:ENSMMUG00000018547,,gene
ENSEMBL:ENSBTAG00000016726,ENSEMBL:ENSBTAG00000016726,,gene
NCBIGene:100329813,LOC100329813,,gene
EFO:0009260,non-melanoma skin carcinoma,,phenotype
ENSEMBL:ENSECAG00000000207,ENSEMBL:ENSECAG00000000207,,gene
FBcv:0000354,visible,,phenotype
ZFIN:ZDB-GENE-060901-1,mybpc2a,,gene
ZFIN:ZDB-GENE-140106-77,sntg1,,gene
ENSEMBL:ENSGALG00000042321,LYN,,gene
HGNC:15516,XYLT1,,gene
ENSEMBL:ENSPTRG00000008773,ENSEMBL:ENSPTRG00000008773,,gene
MP:0002916,increased synaptic depression,,phenotype
MGI:98810,Tpm2,,gene
ZP:0104771,"(3,4-dihydroxyphenyl)acetic acid telencephalon decreased amount, abnormal",,phenotype
749,cyclizine,,drug
ClinVarVariant:662286,NC_000023.11:g.(?_32614293)_(32651077_?)del,,variant
MGI:1919517,Lrrc8e,,gene
ZFIN:ZDB-GENE-030131-2040,actn3b,,gene
ZP:0005918,"brain vasculature broken, abnormal",,phenotype
ZP:0021002,"sarcomere myotome spatial pattern, abnormal",,phenotype
