index_id,id,semantic,label,semantic_id
0,dictyBase:DDB_G0282941,gene,DDB0185273,4
1,WBPhenotype:0001133,phenotype,division axis defective,8
2,HP:0012005,phenotype,Deja vu aura,8
3,ENSEMBL:ENSPTRG00000043959,gene,ENSEMBL:ENSPTRG00000043959,4
4,HP:0001265,phenotype,Hyporeflexia,8
5,ENSEMBL:ENSOANG00000015672,gene,ENSEMBL:ENSOANG00000015672,4
6,RGD:621353,gene,Cltb,4
7,MONARCH:APO_0000310APO_0000245,phenotype,growth in exponential phase:decreased rate,8
8,HP:0012240,phenotype,Increased intramyocellular lipid droplets,8
9,ENSEMBL:ENSECAG00000008264,gene,ENSEMBL:ENSECAG00000008264,4
10,ENSEMBL:ENSBTAG00000014430,gene,ENSEMBL:ENSBTAG00000014430,4
11,ENSEMBL:ENSGALG00000012163,gene,ENSEMBL:ENSGALG00000012163,4
12,Xenbase:XB-GENE-923086,gene,amfr,4
13,ENSEMBL:ENSACAG00000014687,gene,ENSEMBL:ENSACAG00000014687,4
14,ENSEMBL:ENSPTRG00000004648,gene,ENSEMBL:ENSPTRG00000004648,4
15,MP:0004791,phenotype,absent lower incisors,8
16,WBPhenotype:0001978,phenotype,germ cell partition absent,8
17,WBPhenotype:0000270,phenotype,pleiotropic defects severe early emb,8
18,ENSEMBL:ENSACAG00000016106,gene,ENSEMBL:ENSACAG00000016106,4
19,WBPhenotype:0001151,phenotype,pronucleus centrosomes defective early emb,8
20,MGI:1858210,gene,Stx7,4
21,ENSEMBL:ENSSSCG00000000071,gene,ST13,4
22,MP:0002822,phenotype,catalepsy,8
23,HP:0000422,phenotype,Abnormal nasal bridge morphology,8
24,FlyBase:FBgn0032883,gene,Rhau,4
25,ZP:0103474,phenotype,"Z disc skeletal muscle cell malformed, abnormal",8
26,MONARCH:APO_0000149APO_0000005,phenotype,protein/peptide accumulation:absent,8
27,MP:0020411,phenotype,increased abdominal adipose tissue amount,8
28,ENSEMBL:ENSSSCG00000028104,gene,HOXC11,4
29,ZFIN:ZDB-GENE-061026-1,gene,ftr97,4
30,WormBase:WBGene00002299,gene,let-23,4
31,FlyBase:FBgn0263968,gene,nonC,4
32,MP:0001525,phenotype,impaired balance,8
33,ENSEMBL:ENSECAG00000009442,gene,ENSEMBL:ENSECAG00000009442,4
34,HGNC:4055,gene,XRCC6,4
35,FlyBase:FBgn0036260,gene,Rh7,4
36,Xenbase:XB-GENE-1009901,gene,polr1c,4
37,FlyBase:FBgn0034923,gene,Upf3,4
38,ZP:0003476,phenotype,"heart primordium decreased size, abnormal",8
39,WBPhenotype:0001719,phenotype,unfolded protein response variant,8
40,HP:0007033,phenotype,Cerebellar dysplasia,8
41,ZP:0003398,phenotype,"cell death increased frequency, abnormal",8
42,PomBase:SPAC11G7.02,gene,pub1,4
43,dictyBase:DDB_G0278345,gene,acly,4
44,MP:0005095,phenotype,decreased T cell proliferation,8
45,ENSEMBL:ENSBTAG00000053213,gene,ENSEMBL:ENSBTAG00000053213,4
46,ENSEMBL:ENSGALG00000025811,gene,ENSEMBL:ENSGALG00000025811,4
47,ENSEMBL:ENSFCAG00000018666,gene,ENSEMBL:ENSFCAG00000018666,4
48,ENSEMBL:ENSSSCG00000028007,gene,ENSEMBL:ENSSSCG00000028007,4
49,ENSEMBL:ENSOANG00000045435,gene,ENSEMBL:ENSOANG00000045435,4
50,ENSEMBL:ENSECAG00000008938,gene,ENSEMBL:ENSECAG00000008938,4
51,Coriell:GM04837,biological artifact,NIGMS-GM04837,0
52,MP:0009703,phenotype,decreased birth body size,8
53,HGNC:26027,gene,COMMD4,4
54,ENSEMBL:ENSPTRG00000012575,gene,ENSEMBL:ENSPTRG00000012575,4
55,RGD:1589575,gene,Nrbp1,4
56,SGD:S000004889,gene,DSK2,4
57,HP:0006482,phenotype,Abnormality of dental morphology,8
58,PomBase:SPAC13G7.03,gene,upf3,4
59,HP:0100645,phenotype,Cystocele,8
60,ENSEMBL:ENSACAG00000007859,gene,ENSEMBL:ENSACAG00000007859,4
61,ENSEMBL:ENSMODG00000005185,gene,ENSEMBL:ENSMODG00000005185,4
62,PomBase:SPBC582.09,gene,pex11,4
63,ENSEMBL:ENSMODG00000011614,gene,ENSEMBL:ENSMODG00000011614,4
64,FBcv:0002011,phenotype,majority die during first instar larval stage,8
65,Xenbase:XB-GENE-995345,gene,map6,4
66,ENSEMBL:ENSPTRG00000011769,gene,ENSEMBL:ENSPTRG00000011769,4
67,ENSEMBL:ENSECAG00000014586,gene,ENSEMBL:ENSECAG00000014586,4
68,dictyBase:DDB_G0283755,gene,arpC,4
69,FBcv:0002030,phenotype,lethal - all die during pupal stage,8
70,ENSEMBL:ENSOANG00000048621,gene,ENSEMBL:ENSOANG00000048621,4
71,FlyBase:FBgn0038196,gene,CG9922,4
72,EFO:0007985,phenotype,platelet crit,8
73,ENSEMBL:ENSMODG00000009467,gene,ENSEMBL:ENSMODG00000009467,4
74,HP:0001644,phenotype,Dilated cardiomyopathy,8
75,ENSEMBL:ENSBTAG00000052438,gene,ENSEMBL:ENSBTAG00000052438,4
76,dictyBase:DDB_G0271676,gene,DDB_G0271676,4
77,MP:0002655,phenotype,abnormal keratinocyte morphology,8
78,ZP:0001624,phenotype,"otolith decreased amount, abnormal",8
79,HP:0030781,phenotype,Increased circulating free fatty acid level,8
80,ZP:0002721,phenotype,"myofibril skeletal muscle cell disorganized, abnormal",8
81,MP:0004024,phenotype,aneuploidy,8
82,ENSEMBL:ENSECAG00000018149,gene,ENSEMBL:ENSECAG00000018149,4
83,ENSEMBL:ENSPTRG00000015850,gene,ENSEMBL:ENSPTRG00000015850,4
84,ZFIN:ZDB-GENE-040426-2204,gene,sqstm1,4
85,PomBase:SPBC16A3.18,gene,cip1,4
86,ENSEMBL:ENSACAG00000002564,gene,ENSEMBL:ENSACAG00000002564,4
87,dbSNP:rs6828882,variant,rs6828882-?,10
88,ENSEMBL:ENSECAG00000018697,gene,ENSEMBL:ENSECAG00000018697,4
89,HGNC:12520,gene,UFD1,4
90,ZP:0020463,phenotype,"opercle hypoplastic, abnormal",8
91,dictyBase:DDB_G0275925,gene,wdr68,4
92,WormBase:WBGene00006865,gene,slcf-2,4
93,RGD:1305976,gene,Efr3a,4
94,HP:0001152,phenotype,Saccadic smooth pursuit,8
95,MP:0000755,phenotype,hindlimb paralysis,8
96,FlyBase:FBgn0010379,gene,Akt1,4
97,ENSEMBL:ENSBTAG00000005815,gene,RNF31,4
98,ENSEMBL:ENSOANG00000001317,gene,ENSEMBL:ENSOANG00000001317,4
99,ENSEMBL:ENSMODG00000013042,gene,ENSEMBL:ENSMODG00000013042,4
100,HGNC:16666,gene,KIF9,4
101,ENSEMBL:ENSPTRG00000009241,gene,ENSEMBL:ENSPTRG00000009241,4
102,ENSEMBL:ENSSSCG00000002822,gene,AMFR,4
103,FlyBase:FBgn0025790,gene,TBPH,4
104,ENSEMBL:ENSCAFG00000016728,gene,PSMA4,4
105,ZP:0000829,phenotype,"thigmotaxis decreased occurrence, abnormal",8
106,ENSEMBL:ENSCAFG00000009014,gene,ENSEMBL:ENSCAFG00000009014,4
107,ENSEMBL:ENSMODG00000002631,gene,ENSEMBL:ENSMODG00000002631,4
108,MP:0002169,phenotype,no abnormal phenotype detected,8
109,ENSEMBL:ENSFCAG00000005586,gene,ENSEMBL:ENSFCAG00000005586,4
110,ENSEMBL:ENSACAG00000001219,gene,ENSEMBL:ENSACAG00000001219,4
111,MP:0006292,phenotype,abnormal nasal placode morphology,8
112,HP:0012499,phenotype,Descending aortic dissection,8
113,ZFIN:ZDB-GENE-030131-2642,gene,dnaja1,4
114,ENSEMBL:ENSSSCG00000017514,gene,KPNB1,4
115,ENSEMBL:ENSPTRG00000013130,gene,ENSEMBL:ENSPTRG00000013130,4
116,HP:0000649,phenotype,Abnormality of visual evoked potentials,8
117,FBcv:0000430,phenotype,abnormal cell polarity,8
118,HP:0000194,phenotype,Open mouth,8
119,ENSEMBL:ENSBTAG00000032705,gene,CALM,4
120,ENSEMBL:ENSMODG00000020890,gene,ENSEMBL:ENSMODG00000020890,4
121,ENSEMBL:ENSPTRG00000051009,gene,ENSEMBL:ENSPTRG00000051009,4
122,RGD:1305980,gene,Mbd1,4
123,ENSEMBL:ENSECAG00000014883,gene,ENSEMBL:ENSECAG00000014883,4
124,ENSEMBL:ENSCAFG00000032015,gene,ENSEMBL:ENSCAFG00000032015,4
125,FlyBase:FBgn0026252,gene,msk,4
126,MP:0030017,phenotype,decreased adipocyte glucose uptake,8
127,RGD:621889,gene,Ddb1,4
128,EFO:0004747,phenotype,protein measurement,8
129,ENSEMBL:ENSFCAG00000043362,gene,ENSEMBL:ENSFCAG00000043362,4
130,WBPhenotype:0000085,phenotype,swollen intestinal lumen,8
131,ENSEMBL:ENSACAG00000010642,gene,ENSEMBL:ENSACAG00000010642,4
132,ENSEMBL:ENSPTRG00000030043,gene,ENSEMBL:ENSPTRG00000030043,4
133,ENSEMBL:ENSECAG00000015638,gene,ENSEMBL:ENSECAG00000015638,4
134,ENSEMBL:ENSOANG00000003765,gene,ENSEMBL:ENSOANG00000003765,4
135,HP:0002597,phenotype,Abnormality of the vasculature,8
136,Coriell:GM04195,biological artifact,NIGMS-GM04195,0
137,ENSEMBL:ENSECAG00000004482,gene,ENSEMBL:ENSECAG00000004482,4
138,ENSEMBL:ENSMODG00000048958,gene,ENSEMBL:ENSMODG00000048958,4
139,HP:0009020,phenotype,Exercise-induced muscle fatigue,8
140,HGNC:24808,gene,TRAFD1,4
141,MP:0009133,phenotype,decreased white fat cell size,8
142,ENSEMBL:ENSBTAG00000017116,gene,ENSEMBL:ENSBTAG00000017116,4
143,HP:0000980,phenotype,Pallor,8
144,MP:0000784,phenotype,forebrain hypoplasia,8
145,ENSEMBL:ENSMODG00000011925,gene,ENSEMBL:ENSMODG00000011925,4
146,HP:0004414,phenotype,Abnormality of the pulmonary artery,8
147,ZP:0013947,phenotype,"caudal fin increased size, abnormal",8
148,ZFIN:ZDB-GENE-130730-1,gene,akt1,4
149,ENSEMBL:ENSMMUG00000020743,gene,ENSEMBL:ENSMMUG00000020743,4
150,ENSEMBL:ENSMODG00000024462,gene,ENSEMBL:ENSMODG00000024462,4
151,ENSEMBL:ENSFCAG00000005177,gene,ENSEMBL:ENSFCAG00000005177,4
152,HGNC:8156,gene,OPRM1,4
153,MONARCH:APO_0000131APO_0000005,phenotype,protein/peptide modification:absent,8
154,ENSEMBL:ENSGALG00000017118,gene,MIPEP,4
155,XPO:0133344,phenotype,wholly ventralized embryo,8
156,MGI:1926235,gene,Stx6,4
157,FlyBase:FBgn0261085,gene,Syt12,4
158,Coriell:GM04198,biological artifact,NIGMS-GM04198,0
159,FlyBase:FBgn0011817,gene,nmo,4
160,MONARCH:APO_0000199APO_0000002,phenotype,chitin deposition:abnormal,8
161,WormBase:WBGene00004930,gene,sod-1,4
162,HP:0003648,phenotype,Lacticaciduria,8
163,MP:0000886,phenotype,abnormal cerebellar granule layer morphology,8
164,MP:0009317,phenotype,increased follicular lymphoma incidence,8
165,HGNC:4593,gene,GRM1,4
166,HP:0002121,phenotype,Generalized non-motor (absence) seizure,8
167,MGI:1921355,gene,Gga2,4
168,ZP:0021482,phenotype,"early endosome neural crest cell aggregated, abnormal",8
169,HP:0410004,phenotype,obsolete Cleft secondary palate,8
170,FlyBase:FBgn0024997,gene,CG2681,4
171,MGI:1920995,gene,Ubac1,4
172,MP:0003721,phenotype,increased tumor growth/size,8
173,ENSEMBL:ENSMMUG00000001888,gene,ENSEMBL:ENSMMUG00000001888,4
174,ENSEMBL:ENSFCAG00000004607,gene,ENSEMBL:ENSFCAG00000004607,4
175,ENSEMBL:ENSMMUG00000004935,gene,ENSEMBL:ENSMMUG00000004935,4
176,MP:0009343,phenotype,dilated gallbladder,8
177,dictyBase:DDB_G0269230,gene,fpaA,4
178,Coriell:GM05536,biological artifact,NIGMS-GM05536,0
179,ENSEMBL:ENSMODG00000012015,gene,ENSEMBL:ENSMODG00000012015,4
180,FBcv:0002005,phenotype,lethal - all die during P-stage,8
181,MGI:98869,gene,Tuba1a,4
182,dictyBase:DDB_G0287981,gene,DDB0187718,4
183,FlyBase:FBgn0004379,gene,Klp67A,4
184,dictyBase:DDB_G0283425,gene,DDB0185513,4
185,MP:0003061,phenotype,decreased aerobic running capacity,8
186,WormBase:WBGene00219376,gene,C28G1.10,4
187,MP:0011440,phenotype,increased kidney cell proliferation,8
188,HP:0012249,phenotype,Abnormal ST segment,8
189,ENSEMBL:ENSMMUG00000020521,gene,ENSEMBL:ENSMMUG00000020521,4
190,ENSEMBL:ENSECAG00000005267,gene,ENSEMBL:ENSECAG00000005267,4
191,MONARCH:APO_0000051APO_0000002,phenotype,cell shape:abnormal,8
192,FlyBase:FBgn0027524,gene,CG3909,4
193,WBPhenotype:0002324,phenotype,backward point velocity decreased,8
194,MP:0009779,phenotype,enhanced behavioral response to anesthetic,8
195,ENSEMBL:ENSGALG00000040028,gene,GLB1,4
196,ENSEMBL:ENSMODG00000017657,gene,ENSEMBL:ENSMODG00000017657,4
197,MP:0008332,phenotype,decreased lactotroph cell number,8
198,ENSEMBL:ENSGALG00000052371,gene,LOC107050833,4
199,ENSEMBL:ENSECAG00000015514,gene,ENSEMBL:ENSECAG00000015514,4
200,ENSEMBL:ENSECAG00000019590,gene,ENSEMBL:ENSECAG00000019590,4
201,PomBase:SPBC119.05c,gene,lsb1,4
202,ENSEMBL:ENSMODG00000021041,gene,ENSEMBL:ENSMODG00000021041,4
203,MONARCH:APO_0000042APO_0000003,phenotype,spore germination:decreased,8
204,2632,drug,thioguanine,3
205,ZFIN:ZDB-GENE-061013-433,gene,pnkp,4
206,HP:0000278,phenotype,Retrognathia,8
207,MONARCH:APO_0000106APO_0000250,phenotype,vegetative growth:arrested,8
208,ZP:0002262,phenotype,"vacuole notochord broken, abnormal",8
209,SGD:S000000946,gene,UBP5,4
210,HGNC:19200,gene,DPPA4,4
211,WBPhenotype:0001372,phenotype,protein DNA interaction variant,8
212,ENSEMBL:ENSBTAG00000009177,gene,ENSEMBL:ENSBTAG00000009177,4
213,ENSEMBL:ENSOANG00000046189,gene,ENSEMBL:ENSOANG00000046189,4
214,HP:0011991,phenotype,Abnormal neutrophil count,8
215,WBPhenotype:0000168,phenotype,alae secretion variant,8
216,ENSEMBL:ENSGALG00000038504,gene,ENSEMBL:ENSGALG00000038504,4
217,MGI:5466506,genotype,Zdhhc13<Gt(AC0492)Wtsi>/Zdhhc13<Gt(AC0492)Wtsi> [FVB.129P2-Zdhhc13<Gt(AC0492)Wtsi>],6
218,ZP:0019107,phenotype,"nucleus lens apoptotic, abnormal",8
219,ZP:0000366,phenotype,"presumptive telencephalon aplastic, abnormal",8
220,ZFIN:ZDB-GENE-081104-27,gene,dnm1a,4
221,HP:0002107,phenotype,Pneumothorax,8
222,RGD:620936,gene,Rab5a,4
223,ENSEMBL:ENSSSCG00000016974,gene,ENSEMBL:ENSSSCG00000016974,4
224,MP:0020338,phenotype,abnormal hippocampal pyramidal neuron dendrite morphology,8
225,MP:0006258,phenotype,abnormal circumvallate papillae morphology,8
226,ENSEMBL:ENSACAG00000013494,gene,ENSEMBL:ENSACAG00000013494,4
227,ENSEMBL:ENSPTRG00000006735,gene,ENSEMBL:ENSPTRG00000006735,4
228,HGNC:3280,gene,EIF3B,4
229,ENSEMBL:ENSCAFG00000006611,gene,HOXC4,4
230,dictyBase:DDB_G0279193,gene,polr2a,4
231,WBPhenotype:0001954,phenotype,diplotene absent during oogenesis,8
232,WormBase:WBGene00001042,gene,dnj-24,4
233,ENSEMBL:ENSMODG00000003648,gene,ENSEMBL:ENSMODG00000003648,4
234,ZP:0008032,phenotype,"skeletal muscle lacks parts or has fewer parts of type myofibril slow muscle cell, abnormal",8
235,ZP:0001211,phenotype,"swim bladder uninflated, abnormal",8
236,ZP:0138061,phenotype,"prepulse inhibition increased magnitude, abnormal",8
237,ZP:0001464,phenotype,"heart position, abnormal",8
238,ENSEMBL:ENSBTAG00000004556,gene,ENSEMBL:ENSBTAG00000004556,4
239,ENSEMBL:ENSPTRG00000043057,gene,ENSEMBL:ENSPTRG00000043057,4
240,ENSEMBL:ENSCAFG00000013038,gene,ENSEMBL:ENSCAFG00000013038,4
241,MONARCH:APO_0000065APO_0000004,phenotype,flocculation:increased,8
242,ZP:0000041,phenotype,"pharyngeal arch 3-7 skeleton quality, abnormal",8
243,ENSEMBL:ENSSSCG00000003195,gene,PNKP,4
244,HGNC:3757,gene,FLOT1,4
245,ENSEMBL:ENSPTRG00000013658,gene,ENSEMBL:ENSPTRG00000013658,4
246,HP:0008936,phenotype,Muscular hypotonia of the trunk,8
247,ZP:0000008,phenotype,"hematopoietic stem cell differentiation disrupted, abnormal",8
248,MGI:107931,gene,Sqstm1,4
249,2650,drug,tianeptine,3
250,ZP:0104386,phenotype,"caudal artery increased distribution, abnormal",8
251,HGNC:17839,gene,CDC26,4
252,MP:0009336,phenotype,increased splenocyte proliferation,8
253,ZP:0100482,phenotype,"midbrain hindbrain boundary neural rod absent, abnormal",8
254,EFO:0004570,phenotype,bilirubin measurement,8
255,MP:0004955,phenotype,increased thymus weight,8
256,ZP:0001406,phenotype,"somite decreased size, abnormal",8
257,ENSEMBL:ENSOANG00000007546,gene,ENSEMBL:ENSOANG00000007546,4
258,ZP:0000220,phenotype,"post-vent region morphology, abnormal",8
259,HP:0100792,phenotype,Acantholysis,8
260,HP:0008873,phenotype,Disproportionate short-limb short stature,8
261,WBPhenotype:0000424,phenotype,antibody staining variant,8
262,ZFIN:ZDB-GENE-040426-2575,gene,ctnnb2,4
263,HP:0100495,phenotype,Mastocytosis,8
264,ZP:0000711,phenotype,"brain decreased size, abnormal",8
265,MGI:1920081,gene,Dhx30,4
266,MP:0003718,phenotype,maternal effect,8
267,HP:0002936,phenotype,Distal sensory impairment,8
268,SGD:S000002633,gene,HTA1,4
269,MP:0014134,phenotype,abnormal embryo morphology,8
270,ZP:0002275,phenotype,"trunk necrotic, abnormal",8
271,MP:0000986,phenotype,increased Merkel's receptor number,8
272,MP:0011208,phenotype,small proamniotic cavity,8
273,HP:0010446,phenotype,Tricuspid stenosis,8
274,ENSEMBL:ENSOANG00000003533,gene,ENSEMBL:ENSOANG00000003533,4
275,WBPhenotype:0001644,phenotype,protein metabolism variant,8
276,Coriell:GM05660,biological artifact,NIGMS-GM05660,0
277,ENSEMBL:ENSGALG00000008095,gene,ENSEMBL:ENSGALG00000008095,4
278,ZFIN:ZDB-GENE-030131-2579,gene,kpnb1,4
279,ENSEMBL:ENSACAG00000000017,gene,ENSEMBL:ENSACAG00000000017,4
280,MP:0005391,phenotype,vision/eye phenotype,8
281,844,drug,dextropropoxyphene,3
282,WBPhenotype:0000509,phenotype,sperm pseudopod variant,8
283,ENSEMBL:ENSMMUG00000012957,gene,ENSEMBL:ENSMMUG00000012957,4
284,ZP:0104496,phenotype,"skeletal muscle myotome malformed, abnormal",8
285,HGNC:10353,gene,RPL4,4
286,ZP:0001254,phenotype,"trunk curved dorsal, abnormal",8
287,ENSEMBL:ENSCAFG00000008535,gene,A0A5F4BYV9,4
288,ZP:0006997,phenotype,"skeletal muscle morphology, abnormal",8
289,SGD:S000003367,gene,PRE9,4
290,WormBase:WBGene00000073,gene,add-2,4
291,FlyBase:FBgn0261399,gene,Pp1-Y1,4
292,GO:0031648,molecular function,protein destabilization,7
293,HP:0007162,phenotype,Diffuse demyelination of the cerebral white matter,8
294,Xenbase:XB-GENE-1216189,gene,sp8,4
295,MP:0000862,phenotype,absent barrels in primary somatosensory cortex,8
296,MP:0008825,phenotype,abnormal cardiac epithelial to mesenchymal transition,8
297,MP:0004280,phenotype,abnormal oculomotor nucleus morphology,8
298,ENSEMBL:ENSSSCG00000005904,gene,ENSEMBL:ENSSSCG00000005904,4
299,HP:0002180,phenotype,Neurodegeneration,8
300,ENSEMBL:ENSBTAG00000047834,gene,EFR3A,4
301,RGD:1311672,gene,Cnot2,4
302,ENSEMBL:ENSPTRG00000017940,gene,ENSEMBL:ENSPTRG00000017940,4
303,HP:0003324,phenotype,Generalized muscle weakness,8
304,WBPhenotype:0002534,phenotype,antimicrobial gene expression variant,8
305,MGI:88151,gene,Glb1,4
306,ENSEMBL:ENSBTAG00000034182,gene,LOC782966,4
307,ZP:0008042,phenotype,"optokinetic behavior process quality, abnormal",8
308,PomBase:SPBP35G2.11c,gene,nbr1,4
309,ZFIN:ZDB-GENE-040924-8,gene,npy2r,4
310,ENSEMBL:ENSECAG00000022106,gene,ENSEMBL:ENSECAG00000022106,4
311,MP:0006351,phenotype,abnormal glycosylated hemoglobin level,8
312,HP:0002605,phenotype,Hepatic necrosis,8
313,ENSEMBL:ENSMODG00000016394,gene,ENSEMBL:ENSMODG00000016394,4
314,ENSEMBL:ENSPTRG00000051534,gene,ENSEMBL:ENSPTRG00000051534,4
315,ENSEMBL:ENSFCAG00000009998,gene,ENSEMBL:ENSFCAG00000009998,4
316,SGD:S000003880,gene,JHD2,4
317,ENSEMBL:ENSACAG00000013405,gene,ENSEMBL:ENSACAG00000013405,4
318,MP:0008260,phenotype,abnormal autophagy,8
319,ENSEMBL:ENSCAFG00000004123,gene,ENSEMBL:ENSCAFG00000004123,4
320,EFO:0004703,phenotype,age at menarche,8
321,MP:0010499,phenotype,abnormal ventricle myocardium morphology,8
322,HGNC:32225,gene,WIPI2,4
323,ENSEMBL:ENSFCAG00000049044,gene,ENSEMBL:ENSFCAG00000049044,4
324,ENSEMBL:ENSACAG00000022234,gene,ENSEMBL:ENSACAG00000022234,4
325,MP:0011100,phenotype,"preweaning lethality, complete penetrance",8
326,MP:0005359,phenotype,growth retardation of incisors,8
327,FlyBase:FBgn0033089,gene,CG17266,4
328,Coriell:GM06445,biological artifact,NIGMS-GM06445,0
329,MP:0008834,phenotype,abnormal melanosome transport,8
330,WBPhenotype:0001837,phenotype,diet induced life span variant,8
331,ENSEMBL:ENSFCAG00000042897,gene,ENSEMBL:ENSFCAG00000042897,4
332,EFO:0004458,phenotype,C-reactive protein measurement,8
333,MP:0000940,phenotype,abnormal motor neuron innervation pattern,8
334,ENSEMBL:ENSSSCG00000001347,gene,ENSEMBL:ENSSSCG00000001347,4
335,WormBase:WBGene00011326,gene,T01D3.1,4
336,ENSEMBL:ENSCAFG00000031336,gene,MED21,4
337,MGI:3584455,genotype,Gt(ROSA)26Sor<tm1(HD*103Q)Xwy>; Tg(Nes-cre)1Kln [involves: 129S1/Sv * 129X1/SvJ * C57BL/6 * SJL],6
338,ENSEMBL:ENSECAG00000014560,gene,ENSEMBL:ENSECAG00000014560,4
339,MP:0000759,phenotype,abnormal skeletal muscle morphology,8
340,XPO:0103702,phenotype,abnormal bending of tail,8
341,WBPhenotype:0002153,phenotype,dsRNA processing defective,8
342,ENSEMBL:ENSMODG00000012573,gene,ENSEMBL:ENSMODG00000012573,4
343,ENSEMBL:ENSACAG00000007271,gene,ENSEMBL:ENSACAG00000007271,4
344,ENSEMBL:ENSPTRG00000042199,gene,ENSEMBL:ENSPTRG00000042199,4
345,ENSEMBL:ENSACAG00000014472,gene,ENSEMBL:ENSACAG00000014472,4
346,dbSNP:rs55962025,variant,rs55962025-?,10
347,WBPhenotype:0001158,phenotype,pronuclear breakdown asynchronous early emb,8
348,ENSEMBL:ENSGALG00000015783,gene,ENSEMBL:ENSGALG00000015783,4
349,Xenbase:XB-GENE-486781,gene,axin1,4
350,RGD:1309441,gene,Lsm12,4
351,MONARCH:APO_0000131APO_0000117,phenotype,protein/peptide modification:normal,8
352,HGNC:9554,gene,PSMD1,4
353,ZP:0012049,phenotype,"bulbus arteriosus elongated, abnormal",8
354,FlyBase:FBgn0032171,gene,Dmel\CG5846,4
355,ENSEMBL:ENSPTRG00000014033,gene,ENSEMBL:ENSPTRG00000014033,4
356,MP:0000960,phenotype,abnormal sensory ganglion morphology,8
357,ZP:0017628,phenotype,"pronephric proximal convoluted tubule distended, abnormal",8
358,ENSEMBL:ENSGALG00000002478,gene,ENSEMBL:ENSGALG00000002478,4
359,ZP:0007797,phenotype,"swimming decreased occurrence, abnormal",8
360,MP:0008484,phenotype,decreased spleen germinal center size,8
361,PomBase:SPAC926.07c,gene,dlc2,4
362,ENSEMBL:ENSMMUG00000053608,gene,ENSEMBL:ENSMMUG00000053608,4
363,FlyBase:FBgn0286508,gene,Had1,4
364,ZP:0102176,phenotype,"anal fin morphogenesis process quality, abnormal",8
365,ZP:0001495,phenotype,"trunk musculature quality, abnormal",8
366,ZP:0007288,phenotype,"central artery irregular spatial pattern, abnormal",8
367,dbSNP:rs112683178,variant,rs112683178-A,10
368,WormBase:WBGene00008124,gene,C47A4.3,4
369,ENSEMBL:ENSGALG00000003339,gene,ENSEMBL:ENSGALG00000003339,4
370,ZP:0016569,phenotype,"cell division absent, abnormal",8
371,2832,drug,thiamine,3
372,ENSEMBL:ENSFCAG00000028004,gene,ENSEMBL:ENSFCAG00000028004,4
373,MP:0008917,phenotype,abnormal oligodendrocyte physiology,8
374,ENSEMBL:ENSOANG00000048825,gene,ENSEMBL:ENSOANG00000048825,4
375,ZP:0005690,phenotype,"margin disorganized, abnormal",8
376,RGD:1562975,gene,Kdm1a,4
377,WormBase:WBGene00000166,gene,apt-9,4
378,ZP:0002503,phenotype,"midbrain decreased size, abnormal",8
379,HP:0000739,phenotype,Anxiety,8
380,MP:0011077,phenotype,decreased macrophage nitric oxide production,8
381,ZFIN:ZDB-GENE-040426-2723,gene,fez1,4
382,MP:0003627,phenotype,abnormal leukocyte tethering or rolling,8
383,2459,drug,sorafenib,3
384,HP:0002013,phenotype,Vomiting,8
385,MGI:101921,gene,Ap2a1,4
386,Xenbase:XB-GENE-964696,gene,glb1l,4
387,MP:0010868,phenotype,increased bone trabecula number,8
388,SGD:S000000174,gene,ATG8,4
389,ENSEMBL:ENSACAG00000028751,gene,ENSEMBL:ENSACAG00000028751,4
390,ENSEMBL:ENSCAFG00000017889,gene,EVL,4
391,ENSEMBL:ENSOANG00000037003,gene,ENSEMBL:ENSOANG00000037003,4
392,WBPhenotype:0000376,phenotype,no uterine cavity,8
393,ZP:0009507,phenotype,"cerebellar Purkinje cell differentiation disrupted, abnormal",8
394,WormBase:WBGene00008741,gene,ctsa-1.2,4
395,Xenbase:XB-GENE-480628,gene,traf6,4
396,ENSEMBL:ENSPTRG00000021972,gene,ENSEMBL:ENSPTRG00000021972,4
397,MP:0001499,phenotype,abnormal kindling response,8
398,SGD:S000001887,gene,BLM10,4
399,WBPhenotype:0001404,phenotype,ectopic expression antibody,8
400,ENSEMBL:ENSECAG00000013271,gene,ENSEMBL:ENSECAG00000013271,4
401,WormBase:WBGene00006514,gene,tdp-1,4
402,MP:0010856,phenotype,dilated respiratory conducting tubes,8
403,ZP:0000107,phenotype,"heart morphology, abnormal",8
404,ZP:0003300,phenotype,"Meckel's cartilage shortened, abnormal",8
405,MGI:5566682,genotype,Tg(YAC128)#Hay [FVB/N-Tg(YAC128)#Hay],6
406,PomBase:SPBC216.07c,gene,tor2,4
407,Xenbase:XB-GENE-966618,gene,zdhhc17,4
408,MONARCH:APO_0000104APO_0000004,phenotype,mitochondrial rho- mutation frequency:increased,8
409,ENSEMBL:ENSCAFG00000025384,gene,ENSEMBL:ENSCAFG00000025384,4
410,HP:0100678,phenotype,Premature skin wrinkling,8
411,MP:0000423,phenotype,delayed hair regrowth,8
412,MONARCH:APO_0000087APO_0000003,phenotype,resistance to chemicals:decreased,8
413,WormBase:WBGene00000072,gene,add-1,4
414,MP:0014171,phenotype,increased fatty acid oxidation,8
415,ZP:0003637,phenotype,"whole organism deformed, abnormal",8
416,WBPhenotype:0000496,phenotype,male postdeirid sensilla absent,8
417,MP:0008688,phenotype,decreased interleukin-2 secretion,8
418,MP:0002098,phenotype,abnormal vibrissa morphology,8
419,HP:0012432,phenotype,Chronic fatigue,8
420,ZP:0009923,phenotype,"optic vesicle mislocalised, abnormal",8
421,ENSEMBL:ENSCAFG00000008253,gene,ENSEMBL:ENSCAFG00000008253,4
422,WBPhenotype:0000481,phenotype,negative chemotaxis variant,8
423,MP:0002080,phenotype,prenatal lethality,8
424,ZP:0020240,phenotype,"eye photoreceptor cell accumulation vesicle eye photoreceptor cell, abnormal",8
425,WBPhenotype:0001681,phenotype,spindle orientation variant,8
426,ENSEMBL:ENSRNOG00000034150,gene,M0RCS3,4
427,ZFIN:ZDB-GENE-030131-2748,gene,eif3ba,4
428,dbSNP:rs932428,variant,rs932428-?,10
429,HGNC:21686,gene,RNASET2,4
430,HP:0011801,phenotype,Enlargement of parotid gland,8
431,ENSEMBL:ENSSSCG00000004119,gene,GRM1,4
432,ENSEMBL:ENSACAG00000002018,gene,ENSEMBL:ENSACAG00000002018,4
433,WormBase:WBGene00021503,gene,ctsa-4.2,4
434,ENSEMBL:ENSSSCG00000024694,gene,TAF4,4
435,ENSEMBL:ENSMODG00000024783,gene,ENSEMBL:ENSMODG00000024783,4
436,FlyBase:FBgn0261797,gene,Dhc64C,4
437,MP:0008714,phenotype,increased lung carcinoma incidence,8
438,MP:0008872,phenotype,abnormal physiological response to xenobiotic,8
439,ZP:0000095,phenotype,"whole organism lethal (sensu genetics), abnormal",8
440,WBPhenotype:0000072,phenotype,body morphology variant,8
441,ENSEMBL:ENSSSCG00000033303,gene,MBD4,4
442,HP:0000268,phenotype,Dolichocephaly,8
443,ZP:0002499,phenotype,"hindbrain decreased size, abnormal",8
444,ENSEMBL:ENSMODG00000000612,gene,ENSEMBL:ENSMODG00000000612,4
445,HGNC:9882,gene,RASSF1,4
446,SGD:S000002584,gene,UBC1,4
447,WBPhenotype:0000744,phenotype,transgene induced cosuppression variant,8
448,HP:0005266,phenotype,Intestinal polyp,8
449,MP:0010594,phenotype,thick aortic valve,8
450,ZP:0018634,phenotype,"autophagosome heart decreased amount, abnormal",8
451,HP:0000472,phenotype,Long neck,8
452,ZFIN:ZDB-GENE-041010-42,gene,h2ax1,4
453,MP:0000627,phenotype,abnormal mammary gland morphology,8
454,ENSEMBL:ENSPTRG00000007195,gene,ENSEMBL:ENSPTRG00000007195,4
455,MP:0004930,phenotype,small epididymis,8
456,ZP:0001462,phenotype,"heart looping arrested, abnormal",8
457,MP:0008249,phenotype,abnormal common lymphocyte progenitor cell morphology,8
458,RGD:628596,gene,Tubb5,4
459,MP:0006162,phenotype,thick eyelids,8
460,HP:0000957,phenotype,Cafe-au-lait spot,8
461,ENSEMBL:ENSCAFG00000017108,gene,F1PR84,4
462,Coriell:GM02146,biological artifact,NIGMS-GM02146,0
463,ENSEMBL:ENSCAFG00000018717,gene,ENSEMBL:ENSCAFG00000018717,4
464,ZFIN:ZDB-GENE-140820-5,gene,mhc1lda,4
465,ZFIN:ZDB-GENE-040426-2232,gene,map1lc3a,4
466,SGD:S000005560,gene,AKR2,4
467,ENSEMBL:ENSOANG00000002058,gene,ENSEMBL:ENSOANG00000002058,4
468,WBPhenotype:0002191,phenotype,fewer sex myoblasts,8
469,MP:0012570,phenotype,increased mammary gland tumor incidence in breeding females,8
470,HP:0002244,phenotype,Abnormality of the small intestine,8
471,ZP:0001540,phenotype,"hemoglobin complex nucleate erythrocyte decreased amount, abnormal",8
472,ENSEMBL:ENSECAG00000020699,gene,ENSEMBL:ENSECAG00000020699,4
473,ENSEMBL:ENSECAG00000024801,gene,ENSEMBL:ENSECAG00000024801,4
474,ZP:0000100,phenotype,"brain morphology, abnormal",8
475,ZP:0002343,phenotype,"cell retina apoptotic, abnormal",8
476,Coriell:GM05626,biological artifact,NIGMS-GM05626,0
477,MP:0011105,phenotype,"embryonic lethality between implantation and placentation, incomplete penetrance",8
478,MP:0001017,phenotype,abnormal stellate ganglion morphology,8
479,Coriell:GM06643,biological artifact,NIGMS-GM06643,0
480,FlyBase:FBgn0040232,gene,cmet,4
481,ENSEMBL:ENSMMUG00000002332,gene,ENSEMBL:ENSMMUG00000002332,4
482,ZP:0000250,phenotype,"myofibril fast muscle cell disorganized, abnormal",8
483,ENSEMBL:ENSBTAG00000007844,gene,ENSEMBL:ENSBTAG00000007844,4
484,ENSEMBL:ENSCAFG00000014163,gene,UBE2E3,4
485,HP:0005792,phenotype,Short humerus,8
486,ZP:0010982,phenotype,"posterior lateral line primordium disorganized, abnormal",8
487,SGD:S000002844,gene,PPZ2,4
488,FBcv:0000354,phenotype,visible,8
489,WBPhenotype:0001958,phenotype,gonad degenerate,8
490,MP:0003957,phenotype,abnormal nitric oxide homeostasis,8
491,HP:0010978,phenotype,Abnormality of immune system physiology,8
492,HP:0001252,phenotype,Hypotonia,8
493,ENSEMBL:ENSMMUG00000022495,gene,ENSEMBL:ENSMMUG00000022495,4
494,MONARCH:APO_0000310APO_0000252,phenotype,growth in exponential phase:normal rate,8
495,MP:0008415,phenotype,abnormal neurite morphology,8
496,ZFIN:ZDB-GENE-060531-56,gene,ercc6l,4
497,ENSEMBL:ENSCAFG00000015959,gene,A0A5F4DA52,4
498,FBcv:0002051,phenotype,some die during immature adult stage,8
499,HGNC:12692,gene,VIM,4
500,MP:0001282,phenotype,short vibrissae,8
501,ENSEMBL:ENSFCAG00000006262,gene,ENSEMBL:ENSFCAG00000006262,4
502,ENSEMBL:ENSFCAG00000035418,gene,ENSEMBL:ENSFCAG00000035418,4
503,ENSEMBL:ENSMODG00000045082,gene,ENSEMBL:ENSMODG00000045082,4
504,MP:0002371,phenotype,abnormal thymus cortex morphology,8
505,HGNC:18381,gene,SYT12,4
506,MP:0008092,phenotype,abnormal T-helper 2 cell differentiation,8
507,ZP:0002877,phenotype,"head deformed, abnormal",8
508,ENSEMBL:ENSSSCG00000033540,gene,A0A287AF21,4
509,ENSEMBL:ENSECAG00000007134,gene,ENSEMBL:ENSECAG00000007134,4
510,ENSEMBL:ENSMODG00000012958,gene,ENSEMBL:ENSMODG00000012958,4
511,1129,drug,famotidine,3
512,1765,drug,naltrexone,3
513,MGI:1861691,gene,Lgi1,4
514,MGI:1926143,gene,Cnot10,4
515,HP:0008222,phenotype,Female infertility,8
516,SGD:S000003072,gene,VPS73,4
517,ENSEMBL:ENSCAFG00000023331,gene,F1PKK4,4
518,WBPhenotype:0000056,phenotype,late larval arrest,8
519,WormBase:WBGene00018294,gene,atg-18,4
520,MGI:1100537,gene,Mid1,4
521,WormBase:WBGene00004827,gene,skr-21,4
522,ZP:0001255,phenotype,"post-vent region curved dorsal, abnormal",8
523,ENSEMBL:ENSECAG00000012315,gene,ENSEMBL:ENSECAG00000012315,4
524,ENSEMBL:ENSRNOG00000061035,gene,ENSEMBL:ENSRNOG00000061035,4
525,HP:0008232,phenotype,Elevated circulating follicle stimulating hormone level,8
526,ZP:0000776,phenotype,"whole organism decreased life span, abnormal",8
527,ZFIN:ZDB-GENE-140820-8,gene,mhc1lga,4
528,ENSEMBL:ENSACAG00000005642,gene,ENSEMBL:ENSACAG00000005642,4
529,ENSEMBL:ENSMODG00000018305,gene,ENSEMBL:ENSMODG00000018305,4
530,ENSEMBL:ENSBTAG00000003798,gene,AMFR,4
531,ENSEMBL:ENSPTRG00000016330,gene,ENSEMBL:ENSPTRG00000016330,4
532,HP:0003110,phenotype,Abnormality of urine homeostasis,8
533,MP:0004384,phenotype,small interparietal bone,8
534,MP:0008009,phenotype,delayed cellular replicative senescence,8
535,dictyBase:DDB_G0287689,gene,tubA,4
536,HP:0003202,phenotype,Skeletal muscle atrophy,8
537,RGD:1583592,gene,Zmat2,4
538,HP:0000708,phenotype,Behavioral abnormality,8
539,WormBase:WBGene00017394,gene,cal-8,4
540,MP:0001244,phenotype,thin dermal layer,8
541,RGD:1308596,gene,Kif23,4
542,ZP:0107022,phenotype,"germ line cell neoplastic, abnormal",8
543,ENSEMBL:ENSPTRG00000014726,gene,ENSEMBL:ENSPTRG00000014726,4
544,ZFIN:ZDB-GENE-091118-94,gene,cetn2,4
545,ENSEMBL:ENSGALG00000013649,gene,ENSEMBL:ENSGALG00000013649,4
546,MP:0001981,phenotype,increased chemically-elicited antinociception,8
547,ENSEMBL:ENSGALG00000034413,gene,ENSEMBL:ENSGALG00000034413,4
548,FlyBase:FBgn0265606,gene,Prosalpha4T1,4
549,MONARCH:APO_0000198APO_0000003,phenotype,mutation frequency:decreased,8
550,ZP:0001270,phenotype,"ventricular system dilated, abnormal",8
551,ENSEMBL:ENSACAG00000006478,gene,ENSEMBL:ENSACAG00000006478,4
552,ENSEMBL:ENSECAG00000010229,gene,ENSEMBL:ENSECAG00000010229,4
553,MP:0003063,phenotype,increased coping response,8
554,Xenbase:XB-GENE-979184,gene,ikbkg,4
555,HP:0002282,phenotype,Gray matter heterotopia,8
556,HP:0032794,phenotype,Myoclonic seizure,8
557,MP:0009560,phenotype,absent epidermis stratum granulosum,8
558,ENSEMBL:ENSBTAG00000001834,gene,PNKP,4
559,MGI:3030547,gene,Olfr713,4
560,ENSEMBL:ENSFCAG00000009629,gene,ENSEMBL:ENSFCAG00000009629,4
561,MP:0003954,phenotype,abnormal Reichert's membrane morphology,8
562,HP:0012469,phenotype,Infantile spasms,8
563,MGI:2443510,gene,Tacc1,4
564,ENSEMBL:ENSGALG00000007971,gene,ENSEMBL:ENSGALG00000007971,4
565,ZFIN:ZDB-GENE-080320-1,gene,nlk2,4
566,ENSEMBL:ENSACAG00000011520,gene,ENSEMBL:ENSACAG00000011520,4
567,ENSEMBL:ENSSSCG00000004223,gene,ENSEMBL:ENSSSCG00000004223,4
568,ENSEMBL:ENSECAG00000009952,gene,ENSEMBL:ENSECAG00000009952,4
569,Xenbase:XB-GENE-919631,gene,skp1,4
570,dictyBase:DDB_G0291738,gene,rabG1,4
571,ENSEMBL:ENSCAFG00000003298,gene,DNALI1,4
572,MP:0009402,phenotype,decreased skeletal muscle fiber diameter,8
573,MP:0000959,phenotype,abnormal somatic sensory system morphology,8
574,ENSEMBL:ENSCAFG00000014592,gene,NBR1,4
575,ENSEMBL:ENSOANG00000014708,gene,ENSEMBL:ENSOANG00000014708,4
576,ENSEMBL:ENSOANG00000045504,gene,ENSEMBL:ENSOANG00000045504,4
577,WBPhenotype:0001329,phenotype,curly,8
578,WBPhenotype:0000832,phenotype,C lineage variant,8
579,ZP:0007137,phenotype,"anterior-posterior axis whole organism increased curvature, abnormal",8
580,ZP:0005766,phenotype,"anaphase-promoting complex-dependent catabolic process decreased rate, abnormal",8
581,ENSEMBL:ENSMODG00000009018,gene,ENSEMBL:ENSMODG00000009018,4
582,WBPhenotype:0000776,phenotype,passage through meiosis defective early emb,8
583,HGNC:11571,gene,TARDBP,4
584,MP:0000377,phenotype,abnormal hair follicle morphology,8
585,ENSEMBL:ENSPTRG00000005719,gene,ENSEMBL:ENSPTRG00000005719,4
586,ENSEMBL:ENSPTRG00000007938,gene,ENSEMBL:ENSPTRG00000007938,4
587,ZP:0011676,phenotype,"interhyoideus decreased thickness, abnormal",8
588,ZP:0005998,phenotype,"photoreceptor outer segment eye photoreceptor cell morphology, abnormal",8
589,ENSEMBL:ENSCAFG00000000743,gene,ENSEMBL:ENSCAFG00000000743,4
590,ENSEMBL:ENSSSCG00000021408,gene,TKT,4
591,MP:0006413,phenotype,increased T cell apoptosis,8
592,ENSEMBL:ENSACAG00000008874,gene,ENSEMBL:ENSACAG00000008874,4
593,ENSEMBL:ENSGALG00000007919,gene,ENSEMBL:ENSGALG00000007919,4
594,WBPhenotype:0000451,phenotype,head protrusion,8
595,WormBase:WBGene00000369,gene,ccf-1,4
596,ENSEMBL:ENSCAFG00000019160,gene,ENSEMBL:ENSCAFG00000019160,4
597,MONARCH:APO_0000143APO_0000004,phenotype,chromosome/plasmid maintenance:increased,8
598,MP:0004799,phenotype,increased susceptibility to experimental autoimmune encephalomyelitis,8
599,ZFIN:ZDB-GENE-030131-6544,gene,eef1db,4
600,WormBase:WBGene00008780,gene,hxk-1,4
601,ZP:0019046,phenotype,"cell projection Muller cell disorganized, abnormal",8
602,ZP:0105777,phenotype,"pronephric duct increased distribution, abnormal",8
603,ZP:0002456,phenotype,"whole organism decreased weight, abnormal",8
604,ENSEMBL:ENSBTAG00000005127,gene,ENSEMBL:ENSBTAG00000005127,4
605,FlyBase:FBgn0041103,gene,nht,4
606,MP:0005431,phenotype,decreased oocyte number,8
607,Coriell:GM04779,biological artifact,NIGMS-GM04779,0
608,MP:0000295,phenotype,trabecula carnea hypoplasia,8
609,ENSEMBL:ENSGALG00000033469,gene,ENSEMBL:ENSGALG00000033469,4
610,HP:0000902,phenotype,Rib fusion,8
611,MP:0008561,phenotype,decreased tumor necrosis factor secretion,8
612,MP:0009387,phenotype,abnormal epidermal pigmentation,8
613,P68400,gene product,Casein kinase II subunit alpha,5
614,ENSEMBL:ENSGALG00000039624,gene,ENSEMBL:ENSGALG00000039624,4
615,Coriell:GM06348,biological artifact,NIGMS-GM06348,0
616,ZP:0000567,phenotype,"epiboly involved in gastrulation with mouth forming second delayed, abnormal",8
617,MP:0001153,phenotype,small seminiferous tubules,8
618,MP:0031048,phenotype,increased susceptibility to Coronaviridae infection induced morbidity/mortality,8
619,MP:0005010,phenotype,"abnormal CD8-positive, alpha beta T cell morphology",8
620,MGI:87902,gene,Acta1,4
621,MP:0005140,phenotype,decreased cardiac muscle contractility,8
622,HGNC:20766,gene,TUBA1A,4
623,ENSEMBL:ENSGALG00000017135,gene,ENSEMBL:ENSGALG00000017135,4
624,ENSEMBL:ENSGALG00000014640,gene,ENSEMBL:ENSGALG00000014640,4
625,ENSEMBL:ENSACAG00000011664,gene,ENSEMBL:ENSACAG00000011664,4
626,ENSEMBL:ENSCAFG00000006446,gene,ENSEMBL:ENSCAFG00000006446,4
627,ENSEMBL:ENSMMUG00000011325,gene,ENSEMBL:ENSMMUG00000011325,4
628,ZP:0138140,phenotype,"cardiac muscle cell has extra parts of type autophagosome cardiac muscle cell, abnormal",8
629,MP:0006057,phenotype,decreased vascular endothelial cell number,8
630,WormBase:WBGene00008730,gene,F13B12.2,4
631,MP:0001899,phenotype,absent long term depression,8
632,MP:0003289,phenotype,abnormal intestinal peristalsis,8
633,ENSEMBL:ENSMMUG00000018662,gene,ENSEMBL:ENSMMUG00000018662,4
634,ZFIN:ZDB-GENE-040718-150,gene,ufd1l,4
635,MP:0008008,phenotype,early cellular replicative senescence,8
636,Xenbase:XB-GENE-973762,gene,dcaf7,4
637,ENSEMBL:ENSPTRG00000009815,gene,ENSEMBL:ENSPTRG00000009815,4
638,MGI:1919161,gene,Bdh1,4
639,MP:0008681,phenotype,increased interleukin-17 secretion,8
640,ENSEMBL:ENSOANG00000048391,gene,ENSEMBL:ENSOANG00000048391,4
641,FlyBase:FBgn0011272,gene,RpL13,4
642,ZP:0000065,phenotype,"hyosymplectic cartilage decreased size, abnormal",8
643,HGNC:3547,gene,F8A1,4
644,MP:0002420,phenotype,abnormal adaptive immunity,8
645,dictyBase:DDB_G0269246,gene,pyd2,4
646,MGI:2442013,gene,C5ar2,4
647,ENSEMBL:ENSFCAG00000022323,gene,ENSEMBL:ENSFCAG00000022323,4
648,ENSEMBL:ENSACAG00000004508,gene,ENSEMBL:ENSACAG00000004508,4
649,HP:0003826,phenotype,Stillbirth,8
650,ENSEMBL:ENSPTRG00000018860,gene,ENSEMBL:ENSPTRG00000018860,4
651,FlyBase:FBgn0263278,gene,Fic,4
652,MP:0011396,phenotype,abnormal sleep behavior,8
653,WBPhenotype:0000824,phenotype,embryonic cell lineage variant,8
654,ENSEMBL:ENSSSCG00000003964,gene,ENSEMBL:ENSSSCG00000003964,4
655,ENSEMBL:ENSCAFG00000018650,gene,ENSEMBL:ENSCAFG00000018650,4
656,RGD:620079,gene,Ppp1r10,4
657,ENSEMBL:ENSPTRG00000042824,gene,ENSEMBL:ENSPTRG00000042824,4
658,ZP:0008031,phenotype,"ventricular myocardium decreased occurrence cardiac chamber ballooning, abnormal",8
659,MONARCH:APO_0000201APO_0000003,phenotype,acid pH resistance:decreased,8
660,ZP:0000500,phenotype,"Meckel's cartilage decreased length, abnormal",8
661,ENSEMBL:ENSMODG00000022961,gene,ENSEMBL:ENSMODG00000022961,4
662,HP:0001518,phenotype,Small for gestational age,8
663,WBPhenotype:0001792,phenotype,nuclei small,8
664,3535,drug,rutoside,3
665,ENSEMBL:ENSSSCG00000003137,gene,PLEKHA4,4
666,RGD:2064,gene,Ap1b1,4
667,MGI:109353,gene,Ufd1,4
668,MP:0011204,phenotype,abnormal visceral yolk sac blood island morphology,8
669,WormBase:WBGene00004809,gene,skr-3,4
670,ENSEMBL:ENSSSCG00000016272,gene,ENSEMBL:ENSSSCG00000016272,4
671,MONARCH:APO_0000125APO_0000003,phenotype,utilization of phosphorus source:decreased,8
672,ZP:0021843,phenotype,"retinal inner nuclear layer increased amount, abnormal",8
673,NCBIGene:101732839,gene,LOC101732839,4
674,RGD:1305015,gene,Pabpc4,4
675,WBPhenotype:0000082,phenotype,L2 arrest,8
676,Coriell:GM04718,biological artifact,NIGMS-GM04718,0
677,HP:0002355,phenotype,Difficulty walking,8
678,ZFIN:ZDB-GENE-090821-2,gene,grin2ba,4
679,WBPhenotype:0002337,phenotype,path curvature decreased,8
680,HP:0001733,phenotype,Pancreatitis,8
681,HP:0025092,phenotype,Epidermal acanthosis,8
682,MP:0009331,phenotype,absent primitive node,8
683,WBPhenotype:0000402,phenotype,avoids bacterial lawn,8
684,MONARCH:APO_0000240APO_0000004,phenotype,mitophagy:increased,8
685,MP:0001362,phenotype,abnormal anxiety-related response,8
686,ZP:0009162,phenotype,"cell proliferation involved in heart morphogenesis decreased occurrence, abnormal",8
687,ENSEMBL:ENSOANG00000000244,gene,ENSEMBL:ENSOANG00000000244,4
688,ZP:0019829,phenotype,"cilium photoreceptor cell absent, abnormal",8
689,ENSEMBL:ENSACAG00000005142,gene,ENSEMBL:ENSACAG00000005142,4
690,MP:0001883,phenotype,increased mammary adenocarcinoma incidence,8
691,ENSEMBL:ENSCAFG00000005734,gene,ENSEMBL:ENSCAFG00000005734,4
692,WormBase:WBGene00006538,gene,tbb-4,4
693,RGD:620401,gene,Bdkrb1,4
694,MP:0020080,phenotype,increased bone mineralization,8
695,MONARCH:APO_0000309APO_0000245,phenotype,respiratory growth:decreased rate,8
696,dictyBase:DDB_G0287391,gene,ranbp1,4
697,ENSEMBL:ENSECAG00000005798,gene,ENSEMBL:ENSECAG00000005798,4
698,ENSEMBL:ENSMODG00000011824,gene,ENSEMBL:ENSMODG00000011824,4
699,ZP:0007118,phenotype,"actin cytoskeleton somite disorganized, abnormal",8
700,RGD:1566323,gene,Fan1,4
701,ENSEMBL:ENSGALG00000005699,gene,ENSEMBL:ENSGALG00000005699,4
702,MP:0000298,phenotype,absent atrioventricular cushions,8
703,RGD:1311825,gene,Usp14,4
704,MGI:3782011,gene,Gm3839,4
705,SGD:S000006312,gene,RPN7,4
706,ENSEMBL:ENSMMUG00000008351,gene,ENSEMBL:ENSMMUG00000008351,4
707,ZP:0011354,phenotype,"retinal ganglion cell decreased process quality neuron remodeling, abnormal",8
708,HP:0000967,phenotype,Petechiae,8
709,ENSEMBL:ENSACAG00000001727,gene,ENSEMBL:ENSACAG00000001727,4
710,WBPhenotype:0001395,phenotype,body vacuole,8
711,ENSEMBL:ENSCAFG00000019170,gene,ENSEMBL:ENSCAFG00000019170,4
712,ENSEMBL:ENSECAG00000022197,gene,ENSEMBL:ENSECAG00000022197,4
713,dictyBase:DDB_G0275171,gene,DDB0167459,4
714,ZP:0005769,phenotype,"nucleus lens circular, abnormal",8
715,ZFIN:ZDB-GENE-070424-194,gene,zdhhc17,4
716,ENSEMBL:ENSPTRG00000005536,gene,ENSEMBL:ENSPTRG00000005536,4
717,WBPhenotype:0000037,phenotype,egg morphology variant,8
718,ZP:0000370,phenotype,"epithelial cell intestinal bulb increased amount, abnormal",8
719,MGI:1928898,gene,Usp14,4
720,MP:0000313,phenotype,abnormal cell death,8
721,MONARCH:APO_0000102APO_0000003,phenotype,respiratory metabolism:decreased,8
722,MP:0005389,phenotype,reproductive system phenotype,8
723,MONARCH:APO_0000224APO_0000003,phenotype,RNA accumulation:decreased,8
724,ENSEMBL:ENSMMUG00000003193,gene,ENSEMBL:ENSMMUG00000003193,4
725,ENSEMBL:ENSGALG00000051479,gene,CDK5,4
726,HP:0005212,phenotype,Anal mucosal leukoplakia,8
727,ZP:0001828,phenotype,"post-vent region malformed, abnormal",8
728,ENSEMBL:ENSMODG00000011192,gene,ENSEMBL:ENSMODG00000011192,4
729,FlyBase:FBgn0264574,gene,Glut1,4
730,MP:0001783,phenotype,decreased white adipose tissue amount,8
731,ENSEMBL:ENSACAG00000009987,gene,ENSEMBL:ENSACAG00000009987,4
732,ZP:0009991,phenotype,"CaP motoneuron decreased process quality axon extension, abnormal",8
733,MONARCH:APO_0000266APO_0000249,phenotype,cell cycle progression in S phase:delayed,8
734,HP:0001311,phenotype,Abnormal nervous system electrophysiology,8
735,ZP:0138051,phenotype,"swimming increased linear velocity, abnormal",8
736,MP:0012106,phenotype,impaired exercise endurance,8
737,ZP:0004704,phenotype,"endocrine pancreas development disrupted, abnormal",8
738,ZFIN:ZDB-GENE-040614-2,gene,ift20,4
739,ZP:0001350,phenotype,"forebrain apoptotic, abnormal",8
740,PomBase:SPAC1565.08,gene,cdc48,4
741,HP:0031936,phenotype,Delayed ability to walk,8
742,ZP:0000345,phenotype,"photoreceptor cell epiphysis increased amount, abnormal",8
743,WormBase:WBGene00019510,gene,nucl-1,4
744,2029,drug,oxycodone,3
745,ENSEMBL:ENSGALG00000040480,gene,ENSEMBL:ENSGALG00000040480,4
746,3236,drug,flusalan,3
747,ENSEMBL:ENSOANG00000020714,gene,ENSEMBL:ENSOANG00000020714,4
748,MONARCH:APO_0000080APO_0000004,phenotype,stress resistance:increased,8
749,ZFIN:ZDB-GENE-040516-3,gene,ppp1caa,4
750,Xenbase:XB-GENE-5799894,gene,tenm2,4
751,RGD:1311415,gene,Eef1b2,4
752,dictyBase:DDB_G0289533,gene,act27,4
753,SGD:S000002299,gene,RPO21,4
754,EFO:0009959,phenotype,diverticular disease,8
755,ENSEMBL:ENSMMUG00000010056,gene,ENSEMBL:ENSMMUG00000010056,4
756,HP:0000833,phenotype,obsolete Glucose intolerance,8
757,WBPhenotype:0000549,phenotype,head muscle dystrophy,8
758,MP:0005029,phenotype,abnormal amnion morphology,8
759,ENSEMBL:ENSECAG00000015929,gene,ENSEMBL:ENSECAG00000015929,4
760,MP:0004931,phenotype,enlarged epididymis,8
761,MP:0004631,phenotype,abnormal auditory cortex morphology,8
762,ENSEMBL:ENSACAG00000028873,gene,ENSEMBL:ENSACAG00000028873,4
763,FlyBase:FBgn0001186,gene,Hex-A,4
764,MP:0002398,phenotype,abnormal bone marrow cell morphology/development,8
765,5062,drug,osimertinib,3
766,WormBase:WBGene00011474,gene,aldo-1,4
767,PomBase:SPAC15A10.08,gene,ain1,4
768,ENSEMBL:ENSRNOG00000053247,gene,ENSEMBL:ENSRNOG00000053247,4
769,ENSEMBL:ENSECAG00000007220,gene,ENSEMBL:ENSECAG00000007220,4
770,dictyBase:DDB_G0278717,gene,rsmG,4
771,MONARCH:APO_0000327APO_0000003,phenotype,hydrostatic pressure resistance:decreased,8
772,HP:0012312,phenotype,Monocytopenia,8
773,ENSEMBL:ENSPTRG00000015888,gene,ENSEMBL:ENSPTRG00000015888,4
774,MP:0009406,phenotype,decreased skeletal muscle fiber number,8
775,HP:0001945,phenotype,Fever,8
776,HP:0004268,phenotype,Osteoarthritis of the small joints of the hand,8
777,MGI:108063,gene,Siah1b,4
778,ZP:0005471,phenotype,"regulation of cellular pH reduction decreased process quality, abnormal",8
779,FlyBase:FBgn0033539,gene,Git,4
780,ENSEMBL:ENSACAG00000004179,gene,ENSEMBL:ENSACAG00000004179,4
781,ENSEMBL:ENSBTAG00000052130,gene,LOC512323,4
782,HP:0009125,phenotype,Lipodystrophy,8
783,HP:0012763,phenotype,Paroxysmal dyspnea,8
784,ENSEMBL:ENSCAFG00000002336,gene,E2RMZ3,4
785,WormBase:WBGene00021943,gene,Y55F3BR.6,4
786,ENSEMBL:ENSACAG00000017466,gene,ENSEMBL:ENSACAG00000017466,4
787,ENSEMBL:ENSMODG00000021269,gene,ENSEMBL:ENSMODG00000021269,4
788,HGNC:3493,gene,ETV4,4
789,ZP:0001378,phenotype,"retina morphogenesis in camera-type eye disrupted, abnormal",8
790,5460,drug,samidorphan,3
791,ENSEMBL:ENSMODG00000015724,gene,ENSEMBL:ENSMODG00000015724,4
792,ENSEMBL:ENSMODG00000011727,gene,ENSEMBL:ENSMODG00000011727,4
793,ENSEMBL:ENSMMUG00000022768,gene,ENSEMBL:ENSMMUG00000022768,4
794,MP:0002020,phenotype,increased tumor incidence,8
795,ENSEMBL:ENSFCAG00000010062,gene,ENSEMBL:ENSFCAG00000010062,4
796,ENSEMBL:ENSSSCG00000031635,gene,ENSEMBL:ENSSSCG00000031635,4
797,Coriell:GM05554,biological artifact,NIGMS-GM05554,0
798,MP:0002007,phenotype,increased cellular sensitivity to gamma-irradiation,8
799,ENSEMBL:ENSACAG00000007820,gene,ENSEMBL:ENSACAG00000007820,4
800,PomBase:SPCC1450.04,gene,tef5,4
801,MGI:5565691,genotype,Tg(UBC-GFP/HTT*84Q)22Shya [involves: FVB],6
802,dictyBase:DDB_G0285269,gene,DDB0186421,4
803,ENSEMBL:ENSOANG00000050535,gene,ENSEMBL:ENSOANG00000050535,4
804,MP:0004007,phenotype,abnormal lung vasculature morphology,8
805,ENSEMBL:ENSOANG00000044470,gene,ENSEMBL:ENSOANG00000044470,4
806,MP:0009375,phenotype,thin zona pellucida,8
807,MP:0005378,phenotype,growth/size/body region phenotype,8
808,HP:0001283,phenotype,Bulbar palsy,8
809,MP:0010842,phenotype,"decreased central memory CD4-positive, alpha-beta T cell number",8
810,Xenbase:XB-GENE-489018,gene,rab35,4
811,HP:0000396,phenotype,Overfolded helix,8
812,ZP:0001556,phenotype,"notochord kinked, abnormal",8
813,FlyBase:FBgn0041188,gene,Atx2,4
814,ENSEMBL:ENSMMUG00000009960,gene,ENSEMBL:ENSMMUG00000009960,4
815,ZP:0002462,phenotype,"myofibril slow muscle cell disorganized, abnormal",8
816,ZP:0000399,phenotype,"head flat, abnormal",8
817,SGD:S000004550,gene,TUB1,4
818,MP:0010682,phenotype,abnormal hair follicle infundibulum morphology,8
819,PomBase:SPBC36B7.07,gene,tlg1,4
820,GO:0047496,molecular function,vesicle transport along microtubule,7
821,ZP:0009509,phenotype,"Purkinje cell decreased amount, abnormal",8
822,FlyBase:FBgn0026418,gene,Hsc70Cb,4
823,1140,drug,felbamate,3
824,MONARCH:APO_0000309APO_0000246,phenotype,respiratory growth:increased rate,8
825,ZP:0005474,phenotype,"synaptic vesicle lumen neuromast hair cell decreased acidity, abnormal",8
826,ENSEMBL:ENSACAG00000022117,gene,ENSEMBL:ENSACAG00000022117,4
827,ENSEMBL:ENSMODG00000016012,gene,ENSEMBL:ENSMODG00000016012,4
828,ZP:0019072,phenotype,"pancreas decreased amount, abnormal",8
829,FBcv:0000368,phenotype,female sterile germline-dependent,8
830,4616,drug,methylnaltrexone,3
831,ZP:0000406,phenotype,"sensory system quality, abnormal",8
832,ENSEMBL:ENSFCAG00000015476,gene,ENSEMBL:ENSFCAG00000015476,4
833,HP:0007269,phenotype,Spinal muscular atrophy,8
834,ENSEMBL:ENSPTRG00000045792,gene,ENSEMBL:ENSPTRG00000045792,4
835,HP:0008551,phenotype,Microtia,8
836,ENSEMBL:ENSECAG00000000873,gene,ENSEMBL:ENSECAG00000000873,4
837,MP:0003893,phenotype,increased hepatocyte proliferation,8
838,MP:0011452,phenotype,decreased susceptibility to dopaminergic neuron neurotoxicity,8
839,ZP:0003863,phenotype,"caudal vein plexus malformed, abnormal",8
840,MP:0012307,phenotype,impaired spatial learning,8
841,ENSEMBL:ENSCAFG00000015145,gene,ENSEMBL:ENSCAFG00000015145,4
842,ENSEMBL:ENSFCAG00000004458,gene,ENSEMBL:ENSFCAG00000004458,4
843,ZFIN:ZDB-GENE-071115-2,gene,ikbkb,4
844,WBPhenotype:0001302,phenotype,P granule localization defective,8
845,ENSEMBL:ENSOANG00000047432,gene,ENSEMBL:ENSOANG00000047432,4
846,HP:0002619,phenotype,Varicose veins,8
847,HP:0002076,phenotype,Migraine,8
848,FBcv:0000389,phenotype,paralytic,8
849,SGD:S000002598,gene,RVB1,4
850,MGI:1918177,gene,Setd2,4
851,ENSEMBL:ENSGALG00000048749,gene,A0A1D5PT69,4
852,MP:0011239,phenotype,abnormal skin coloration,8
853,ENSEMBL:ENSBTAG00000026753,gene,CXCR1,4
854,ENSEMBL:ENSGALG00000031461,gene,CTDP1,4
855,MP:0006072,phenotype,abnormal retinal apoptosis,8
856,HGNC:6849,gene,MAP3K10,4
857,MP:0002498,phenotype,abnormal acute inflammation,8
858,MP:0002939,phenotype,head spot,8
859,ENSEMBL:ENSBTAG00000018312,gene,E1BHJ0,4
860,EFO:0010125,phenotype,viral load,8
861,MP:0004706,phenotype,short vertebral body,8
862,MGI:1927070,gene,Dusp10,4
863,ENSEMBL:ENSMODG00000015173,gene,ENSEMBL:ENSMODG00000015173,4
864,MGI:1914281,gene,Upf3a,4
865,ZP:0008033,phenotype,"myofibril skeletal muscle morphology, abnormal",8
866,ENSEMBL:ENSACAG00000006674,gene,ENSEMBL:ENSACAG00000006674,4
867,ENSEMBL:ENSACAG00000013226,gene,ENSEMBL:ENSACAG00000013226,4
868,1386,drug,hydrocodone,3
869,RGD:1307754,gene,Wipi1,4
870,ZP:0011822,phenotype,"nodal signaling pathway decreased process quality, abnormal",8
871,HP:0011947,phenotype,Respiratory tract infection,8
872,MGI:1890695,gene,Rab9,4
873,HP:0006739,phenotype,Squamous cell carcinoma of the skin,8
874,MP:0004203,phenotype,abnormal cranial flexure morphology,8
875,WBPhenotype:0001352,phenotype,endoplasmic reticulum metabolism variant,8
876,HGNC:163,gene,ACTN1,4
877,MP:0003826,phenotype,abnormal Mullerian duct morphology,8
878,WBPhenotype:0001861,phenotype,environmental stimuli induced gene expression variant,8
879,ZP:0021358,phenotype,"otic vesicle process quality cilium assembly, abnormal",8
880,MGI:1347085,gene,Cetn2,4
881,ENSEMBL:ENSCAFG00000001317,gene,EEF1D,4
882,FlyBase:FBgn0262535,gene,lincRNA.427,4
883,WBPhenotype:0002265,phenotype,lysosome-related organelle biogenesis variant,8
884,MP:0008277,phenotype,abnormal sternum ossification,8
885,Xenbase:XB-GENE-998337,gene,dnaja2,4
886,ZP:0006357,phenotype,"Muller cell disoriented, abnormal",8
887,MP:0005232,phenotype,abnormal mesenteric lymph node morphology,8
888,ENSEMBL:ENSOANG00000006501,gene,ENSEMBL:ENSOANG00000006501,4
889,ENSEMBL:ENSGALG00000017248,gene,ENSEMBL:ENSGALG00000017248,4
890,RGD:1309018,gene,Eif3b,4
891,ZP:0001659,phenotype,"heart morphogenesis process quality, abnormal",8
892,ENSEMBL:ENSMODG00000019837,gene,ENSEMBL:ENSMODG00000019837,4
893,dictyBase:DDB_G0278389,gene,rsmF,4
894,ENSEMBL:ENSPTRG00000003106,gene,ENSEMBL:ENSPTRG00000003106,4
895,MP:0003143,phenotype,enlarged otoliths,8
896,MP:0003492,phenotype,abnormal involuntary movement,8
897,RGD:619822,gene,Ufd1,4
898,WBPhenotype:0001968,phenotype,somatic gonad precursor symmetrical sisters,8
899,ZP:0008468,phenotype,"muscle tendon junction muscle disorganized, abnormal",8
900,ENSEMBL:ENSACAG00000002246,gene,ENSEMBL:ENSACAG00000002246,4
901,ENSEMBL:ENSSSCG00000023719,gene,ENSEMBL:ENSSSCG00000023719,4
902,ZFIN:ZDB-GENE-990415-111,gene,hoxc11a,4
903,MP:0004713,phenotype,split notochord,8
904,MP:0000889,phenotype,abnormal cerebellar molecular layer,8
905,MP:0009642,phenotype,abnormal blood homeostasis,8
906,ENSEMBL:ENSECAG00000017077,gene,ENSEMBL:ENSECAG00000017077,4
907,FBcv:0000434,phenotype,abnormal neurophysiology,8
908,WBPhenotype:0001779,phenotype,miRNA expression variant,8
909,ENSEMBL:ENSBTAG00000046565,gene,ENSEMBL:ENSBTAG00000046565,4
910,ENSEMBL:ENSSSCG00000015140,gene,HSPA8,4
911,ZP:0017624,phenotype,"replacement tooth 4V immature, abnormal",8
912,MP:0004556,phenotype,enlarged allantois,8
913,MP:0009295,phenotype,decreased interscapular fat pad weight,8
914,HP:0001513,phenotype,Obesity,8
915,WBPhenotype:0001584,phenotype,chromosome alignment variant,8
916,ENSEMBL:ENSDARG00000116968,gene,A0A2R8RR55,4
917,WormBase:WBGene00007624,gene,hrde-1,4
918,SGD:S000000344,gene,IRA1,4
919,PomBase:SPAC589.10c,gene,ubi5,4
920,WormBase:WBGene00006499,gene,tag-153,4
921,ENSEMBL:ENSPTRG00000018882,gene,ENSEMBL:ENSPTRG00000018882,4
922,ZP:0007180,phenotype,"contractile fiber muscle disorganized, abnormal",8
923,ZP:0000084,phenotype,"posterior lateral line neuromast decreased amount, abnormal",8
924,MP:0008321,phenotype,small adenohypophysis,8
925,WBPhenotype:0000420,phenotype,levamisole hypersensitive,8
926,ENSEMBL:ENSECAG00000037420,gene,ENSEMBL:ENSECAG00000037420,4
927,EnsemblGenome:AT1G30230,gene,EnsemblGenome:AT1G30230,4
928,ENSEMBL:ENSMODG00000004418,gene,ENSEMBL:ENSMODG00000004418,4
929,ZP:0009543,phenotype,"myofibril muscle morphology, abnormal",8
930,ENSEMBL:ENSPTRG00000017327,gene,ENSEMBL:ENSPTRG00000017327,4
931,MP:0008154,phenotype,decreased diameter of humerus,8
932,WBPhenotype:0000306,phenotype,transgene expression variant,8
933,SGD:S000000003,gene,EFB1,4
934,ENSEMBL:ENSGALG00000007664,gene,ENSEMBL:ENSGALG00000007664,4
935,ENSEMBL:ENSPTRG00000008144,gene,ENSEMBL:ENSPTRG00000008144,4
936,ZP:0016587,phenotype,"neuron central nervous system decreased amount, abnormal",8
937,ENSEMBL:ENSSSCG00060023500,gene,ENSEMBL:ENSSSCG00060023500,4
938,ENSEMBL:ENSECAG00000015098,gene,ENSEMBL:ENSECAG00000015098,4
939,PomBase:SPAC26A3.16,gene,dsk2,4
940,MGI:96195,gene,Hoxc4,4
941,Coriell:GM05606,biological artifact,NIGMS-GM05606,0
942,ENSEMBL:ENSOANG00000014135,gene,ENSEMBL:ENSOANG00000014135,4
943,MP:0009154,phenotype,pancreatic acinar hypoplasia,8
944,MGI:106499,gene,Ppih,4
945,ZP:0000116,phenotype,"anterior-posterior axis whole organism curved ventral, abnormal",8
946,ENSEMBL:ENSPTRG00000014685,gene,ENSEMBL:ENSPTRG00000014685,4
947,ZP:0100538,phenotype,"facial nerve motor nucleus displaced to motor neuron rhombomere 5, abnormal",8
948,HP:0002850,phenotype,Decreased circulating total IgM,8
949,ENSEMBL:ENSECAG00000003944,gene,ENSEMBL:ENSECAG00000003944,4
950,MONARCH:APO_0000095APO_0000003,phenotype,chemical compound accumulation:decreased,8
951,ZP:0101819,phenotype,"swimming decreased duration, abnormal",8
952,HP:0002119,phenotype,Ventriculomegaly,8
953,MP:0000913,phenotype,abnormal brain development,8
954,MGI:2659071,gene,Rapgef2,4
955,MP:0004269,phenotype,abnormal optic cup morphology,8
956,MP:0004956,phenotype,decreased thymus weight,8
957,HP:0001488,phenotype,Bilateral ptosis,8
958,PomBase:SPAC4D7.13,gene,usp104,4
959,HP:0000212,phenotype,Gingival overgrowth,8
960,ZP:0012015,phenotype,"skeletal muscle myofibril skeletal muscle cell broken, abnormal",8
961,dictyBase:DDB_G0284385,gene,DDB0185983,4
962,MGI:106478,gene,Eif3b,4
963,MGI:1916981,gene,Gemin7,4
964,HP:0000400,phenotype,Macrotia,8
965,ZP:0008037,phenotype,"nucleus slow muscle cell circular, abnormal",8
966,ENSEMBL:ENSFCAG00000039669,gene,ENSEMBL:ENSFCAG00000039669,4
967,WormBase:WBGene00000160,gene,apb-1,4
968,MGI:101920,gene,Ap2a2,4
969,ENSEMBL:ENSMMUG00000022151,gene,ENSEMBL:ENSMMUG00000022151,4
970,PomBase:SPBC32F12.02,gene,rec14,4
971,ENSEMBL:ENSMMUG00000023636,gene,ENSEMBL:ENSMMUG00000023636,4
972,WBPhenotype:0001727,phenotype,body width variant,8
973,ENSEMBL:ENSCAFG00000001433,gene,ENSEMBL:ENSCAFG00000001433,4
974,MP:0008719,phenotype,impaired neutrophil recruitment,8
975,WBPhenotype:0001659,phenotype,spermatheca morphology variant,8
976,ZP:0008026,phenotype,"eye lacks all parts of type retinal photoreceptor layer, abnormal",8
977,GO:0006890,molecular function,"retrograde vesicle-mediated transport, Golgi to endoplasmic reticulum",7
978,MONARCH:APO_0000102APO_0000002,phenotype,respiratory metabolism:abnormal,8
979,ENSEMBL:ENSFCAG00000008723,gene,ENSEMBL:ENSFCAG00000008723,4
980,HGNC:9558,gene,PSMD13,4
981,ENSEMBL:ENSBTAG00000053484,gene,CTDP1,4
982,ENSEMBL:ENSPTRG00000017294,gene,ENSEMBL:ENSPTRG00000017294,4
983,MP:0001302,phenotype,eyelids open at birth,8
984,MP:0003661,phenotype,abnormal locus ceruleus morphology,8
985,dictyBase:DDB_G0275097,gene,DDB_G0275097,4
986,MP:0009858,phenotype,abnormal cellular extravasation,8
987,ENSEMBL:ENSECAG00000013671,gene,ENSEMBL:ENSECAG00000013671,4
988,Xenbase:XB-GENE-952286,gene,cenpe,4
989,ENSEMBL:ENSSSCG00000001862,gene,ETFA,4
990,ENSEMBL:ENSBTAG00000018153,gene,ENSEMBL:ENSBTAG00000018153,4
991,EFO:0007796,phenotype,parental longevity,8
992,MGI:1347351,gene,Ncdn,4
993,RGD:1565602,gene,Kdm5b,4
994,dictyBase:DDB_G0292814,gene,symA,4
995,2054,drug,pantoprazole,3
996,ENSEMBL:ENSBTAG00000007075,gene,LOC616942,4
997,HP:0001878,phenotype,Hemolytic anemia,8
998,ZP:0008619,phenotype,"nucleus retina mislocalised, abnormal",8
999,ZP:0005953,phenotype,"photoreceptor outer segment eye photoreceptor cell decreased amount, abnormal",8
1000,dictyBase:DDB_G0289489,gene,act18,4
1001,ENSEMBL:ENSMODG00000006940,gene,ENSEMBL:ENSMODG00000006940,4
1002,FlyBase:CG45062,gene,FlyBase:CG45062,4
1003,MP:0010639,phenotype,abnormal tumor pathology,8
1004,FBcv:0000399,phenotype,abnormal courtship behavior,8
1005,WBPhenotype:0001143,phenotype,multiple nuclei early emb,8
1006,FlyBase:FBgn0026582,gene,Hmg-2,4
1007,GO:0045505,molecular function,dynein intermediate chain binding,7
1008,ZFIN:ZDB-GENE-110405-1,gene,hsp70.2,4
1009,WormBase:WBGene00003775,gene,nmr-2,4
1010,ZP:0005415,phenotype,"cardiac ventricle morphology, abnormal",8
1011,ENSEMBL:ENSSSCG00000017343,gene,ENSEMBL:ENSSSCG00000017343,4
1012,MP:0002175,phenotype,decreased brain weight,8
1013,ZP:0000730,phenotype,"ventricular system decreased size, abnormal",8
1014,SGD:S000003410,gene,PBP1,4
1015,ENSEMBL:ENSMMUG00000009970,gene,ENSEMBL:ENSMMUG00000009970,4
1016,MGI:1923097,gene,Crppa,4
1017,ZP:0011577,phenotype,"intersegmental vein increased amount, abnormal",8
1018,ENSEMBL:ENSGALG00000036678,gene,ETV4,4
1019,ENSEMBL:ENSBTAG00000027722,gene,ENSEMBL:ENSBTAG00000027722,4
1020,EFO:0006336,phenotype,diastolic blood pressure,8
1021,ZP:0000470,phenotype,"post-vent region decreased size, abnormal",8
1022,P46663,gene product,B1 bradykinin receptor,5
1023,5252,drug,neratinib,3
1024,MGI:2152414,gene,Ipo7,4
1025,MP:0008657,phenotype,increased interleukin-1 beta secretion,8
1026,MP:0004362,phenotype,cochlear hair cell degeneration,8
1027,ENSEMBL:ENSSSCG00000034395,gene,CREB1,4
1028,WBPhenotype:0002291,phenotype,body posture amplitude variant,8
1029,ENSEMBL:ENSFCAG00000028456,gene,ENSEMBL:ENSFCAG00000028456,4
1030,MGI:1929520,gene,Eef1b2,4
1031,RGD:620859,gene,Axin1,4
1032,ENSEMBL:ENSPTRG00000014866,gene,ENSEMBL:ENSPTRG00000014866,4
1033,ENSEMBL:ENSPTRG00000034402,gene,ENSEMBL:ENSPTRG00000034402,4
1034,ZP:0010288,phenotype,"posterior intestine neoplastic, abnormal",8
1035,WBPhenotype:0001270,phenotype,pathogen induced cell death reduced,8
1036,ZFIN:ZDB-GENE-030131-5695,gene,trim33l,4
1037,FlyBase:FBgn0040233,gene,cana,4
1038,ENSEMBL:ENSMODG00000013400,gene,ENSEMBL:ENSMODG00000013400,4
1039,MP:0002622,phenotype,abnormal cochlear hair cell morphology,8
1040,ENSEMBL:ENSMMUG00000008234,gene,ENSEMBL:ENSMMUG00000008234,4
1041,ENSEMBL:ENSGALG00000037261,gene,RFXANK,4
1042,4172,drug,boceprevir,3
1043,ZFIN:ZDB-GENE-040701-1,gene,nlk1,4
1044,MP:0005352,phenotype,small cranium,8
1045,MP:0004261,phenotype,abnormal embryonic neuroepithelium morphology,8
1046,Coriell:GM04776,biological artifact,NIGMS-GM04776,0
1047,Coriell:GM04807,biological artifact,NIGMS-GM04807,0
1048,MP:0001684,phenotype,abnormal axial mesoderm morphology,8
1049,ENSEMBL:ENSECAG00000009721,gene,ENSEMBL:ENSECAG00000009721,4
1050,MONARCH:APO_0000308APO_0000245,phenotype,fermentative growth:decreased rate,8
1051,dictyBase:DDB_G0273433,gene,DDB_G0273433,4
1052,ZP:0006387,phenotype,"retinal inner nuclear layer absent, abnormal",8
1053,Xenbase:XB-GENE-485185,gene,pabpc4,4
1054,MP:0008207,phenotype,decreased B-2 B cell number,8
1055,ENSEMBL:ENSFCAG00000025054,gene,ENSEMBL:ENSFCAG00000025054,4
1056,ENSEMBL:ENSCAFG00000009588,gene,ENSEMBL:ENSCAFG00000009588,4
1057,ZP:0019149,phenotype,"eye photoreceptor cell has extra parts of type photoreceptor inner segment lysosome eye photoreceptor cell, abnormal",8
1058,WBPhenotype:0002348,phenotype,frequency of body bends increased,8
1059,RGD:71096,gene,Dnm1,4
1060,XPO:0115385,phenotype,abnormally posterioralized embryo,8
1061,HP:0002335,phenotype,Agenesis of cerebellar vermis,8
1062,GO:2000479,molecular function,regulation of cAMP-dependent protein kinase activity,7
1063,HP:0000540,phenotype,Hypermetropia,8
1064,ENSEMBL:ENSCAFG00000000338,gene,ENSEMBL:ENSCAFG00000000338,4
1065,ZP:0001127,phenotype,"hindbrain disorganized, abnormal",8
1066,O75385,gene product,Serine/threonine-protein kinase ULK1,5
1067,WBPhenotype:0000329,phenotype,pumping asynchronous,8
1068,RGD:70487,gene,Ctnnb1,4
1069,WBPhenotype:0001276,phenotype,ectopic expression transgene,8
1070,WBPhenotype:0000018,phenotype,pharyngeal pumping increased,8
1071,ENSEMBL:ENSECAG00000019052,gene,ENSEMBL:ENSECAG00000019052,4
1072,MP:0008226,phenotype,decreased anterior commissure size,8
1073,dictyBase:DDB_G0289505,gene,act24,4
1074,ENSEMBL:ENSPTRG00000003737,gene,ENSEMBL:ENSPTRG00000003737,4
1075,MP:0001349,phenotype,excessive tearing,8
1076,ENSEMBL:ENSECAG00000014168,gene,ENSEMBL:ENSECAG00000014168,4
1077,RGD:708423,gene,Opa1,4
1078,ZP:0007731,phenotype,"myotome detached from myofibril vertical myoseptum, abnormal",8
1079,HP:0003097,phenotype,Short femur,8
1080,ENSEMBL:ENSMODG00000037600,gene,ENSEMBL:ENSMODG00000037600,4
1081,Coriell:GM04212,biological artifact,NIGMS-GM04212,0
1082,HP:0030853,phenotype,Heterotaxy,8
1083,MP:0001693,phenotype,failure of primitive streak formation,8
1084,ENSEMBL:ENSMMUG00000017846,gene,ENSEMBL:ENSMMUG00000017846,4
1085,HP:0003089,phenotype,Hamstring contractures,8
1086,XPO:0115436,phenotype,abnormally delayed closure of blastopore,8
1087,GO:0099111,molecular function,microtubule-based transport,7
1088,WBPhenotype:0000071,phenotype,head morphology variant,8
1089,ENSEMBL:ENSMMUG00000052202,gene,ENSEMBL:ENSMMUG00000052202,4
1090,ENSEMBL:ENSRNOG00000049403,gene,ENSEMBL:ENSRNOG00000049403,4
1091,ZP:0002276,phenotype,"mandibular arch skeleton increased thickness, abnormal",8
1092,ENSEMBL:ENSSSCG00000029160,gene,ENSEMBL:ENSSSCG00000029160,4
1093,WBPhenotype:0000806,phenotype,hermaphrodite fertility variant,8
1094,ZP:0000122,phenotype,"notochord undulate, abnormal",8
1095,ENSEMBL:ENSMMUG00000021380,gene,ENSEMBL:ENSMMUG00000021380,4
1096,ENSEMBL:ENSCAFG00000007750,gene,CASP3,4
1097,FBcv:0000665,phenotype,abnormal body size,8
1098,HP:0002902,phenotype,Hyponatremia,8
1099,WormBase:WBGene00000793,gene,crh-1,4
1100,ZP:0104637,phenotype,"involuntary skeletal muscle contraction decreased occurrence, abnormal",8
1101,HGNC:10062,gene,RNF20,4
1102,MP:0005192,phenotype,increased motor neuron number,8
1103,MONDO:0016621,disease,juvenile Huntington disease,2
1104,WormBase:WBGene00021495,gene,sqst-2,4
1105,4867,drug,dexrabeprazole,3
1106,MP:0003141,phenotype,cardiac fibrosis,8
1107,HP:0003691,phenotype,Scapular winging,8
1108,ENSEMBL:ENSACAG00000000242,gene,ENSEMBL:ENSACAG00000000242,4
1109,722,drug,clozapine,3
1110,WBPhenotype:0001171,phenotype,shortened life span,8
1111,FlyBase:FBgn0020622,gene,Pi3K21B,4
1112,dictyBase:DDB_G0270336,gene,DDB0190979,4
1113,HGNC:10303,gene,RPL13,4
1114,MP:0003874,phenotype,absent pharyngeal arches,8
1115,MP:0020914,phenotype,decreased susceptibility to Riboviria infection,8
1116,ENSEMBL:ENSPTRG00000006854,gene,ENSEMBL:ENSPTRG00000006854,4
1117,MP:0003570,phenotype,increased uterus leiomyoma incidence,8
1118,HP:0010627,phenotype,Anterior pituitary hypoplasia,8
1119,ENSEMBL:ENSCAFG00000031407,gene,ENSEMBL:ENSCAFG00000031407,4
1120,MP:0003049,phenotype,abnormal lumbar vertebrae morphology,8
1121,SGD:S000001857,gene,TUB2,4
1122,WBPhenotype:0000633,phenotype,axon branching variant,8
1123,2855,drug,zafirlukast,3
1124,HP:0004313,phenotype,Decreased circulating antibody level,8
1125,ENSEMBL:ENSCAFG00000009660,gene,ENSEMBL:ENSCAFG00000009660,4
1126,MP:0005566,phenotype,decreased blood urea nitrogen level,8
1127,MGI:106092,gene,Etfa,4
1128,EnsemblGenome:AT2G17260,gene,EnsemblGenome:AT2G17260,4
1129,FBcv:0000351,phenotype,lethal,8
1130,PomBase:SPBP19A11.06,gene,lid2,4
1131,MP:0001127,phenotype,small ovary,8
1132,HGNC:16031,gene,RNF31,4
1133,ENSEMBL:ENSMODG00000008482,gene,ENSEMBL:ENSMODG00000008482,4
1134,FlyBase:FBgn0035533,gene,Cip4,4
1135,ZP:0103455,phenotype,"EVL fused with nucleus nucleus EVL, abnormal",8
1136,ENSEMBL:ENSMMUG00000021091,gene,ENSEMBL:ENSMMUG00000021091,4
1137,MP:0000166,phenotype,abnormal chondrocyte morphology,8
1138,ZP:0009068,phenotype,"spinal cord oligodendrocyte cell differentiation disrupted, abnormal",8
1139,HGNC:26068,gene,LAMTOR1,4
1140,ENSEMBL:ENSSSCG00000036924,gene,PSMA4,4
1141,ENSEMBL:ENSMMUG00000003251,gene,ENSEMBL:ENSMMUG00000003251,4
1142,ENSEMBL:ENSMODG00000014405,gene,ENSEMBL:ENSMODG00000014405,4
1143,ZP:0004401,phenotype,"neural crest cell migration decreased rate, abnormal",8
1144,ENSEMBL:ENSPTRG00000004734,gene,ENSEMBL:ENSPTRG00000004734,4
1145,ENSEMBL:ENSCAFG00000001644,gene,FAM71F1,4
1146,MP:0003209,phenotype,abnormal pulmonary elastic fiber morphology,8
1147,ENSEMBL:ENSMMUG00000008323,gene,ENSEMBL:ENSMMUG00000008323,4
1148,ENSEMBL:ENSSSCG00000048272,gene,ENSEMBL:ENSSSCG00000048272,4
1149,HP:0200146,phenotype,Mucoid extracellular matrix accumulation,8
1150,HP:0002789,phenotype,Tachypnea,8
1151,ENSEMBL:ENSPTRG00000022440,gene,ENSEMBL:ENSPTRG00000022440,4
1152,MP:0000165,phenotype,abnormal long bone hypertrophic chondrocyte zone,8
1153,RGD:61846,gene,Psma4,4
1154,MGI:95485,gene,Fasn,4
1155,PomBase:SPAC18G6.03,gene,ypt3,4
1156,ENSEMBL:ENSPTRG00000002243,gene,ENSEMBL:ENSPTRG00000002243,4
1157,ENSEMBL:ENSCAFG00000029675,gene,A0A5F4D9X6,4
1158,HP:0000603,phenotype,Central scotoma,8
1159,WormBase:WBGene00008885,gene,F16C3.1,4
1160,WBPhenotype:0000046,phenotype,pace of P lineage defective early emb,8
1161,HP:0003325,phenotype,Limb-girdle muscle weakness,8
1162,Coriell:GM03620,biological artifact,NIGMS-GM03620,0
1163,Coriell:GM04717,biological artifact,NIGMS-GM04717,0
1164,MGI:1913546,gene,Haus2,4
1165,ZP:0000415,phenotype,"lens development in camera-type eye disrupted, abnormal",8
1166,MP:0010738,phenotype,abnormal internode morphology,8
1167,HP:0001397,phenotype,Hepatic steatosis,8
1168,MONARCH:APO_0000224APO_0000005,phenotype,RNA accumulation:absent,8
1169,WormBase:WBGene00000238,gene,bar-1,4
1170,HP:0000483,phenotype,Astigmatism,8
1171,ENSEMBL:ENSBTAG00000000448,gene,ENSEMBL:ENSBTAG00000000448,4
1172,FlyBase:FBgn0284243,gene,betaTub56D,4
1173,MGI:3709758,genotype,Drd1<tm2Jcd>/Drd1<+>; Tg(Camk2a-cre)2Gsc [involves: 129S4/SvJae * FVB/N],6
1174,ENSEMBL:ENSMMUG00000021695,gene,ENSEMBL:ENSMMUG00000021695,4
1175,ZP:0019271,phenotype,"pronephros has fewer parts of type multi-ciliated epithelial cell pronephros, abnormal",8
1176,ENSEMBL:ENSECAG00000012879,gene,ENSEMBL:ENSECAG00000012879,4
1177,MP:0013918,phenotype,abnormal endolymphatic sac topology,8
1178,ENSEMBL:ENSPTRG00000021368,gene,ENSEMBL:ENSPTRG00000021368,4
1179,FlyBase:FBgn0051528,gene,CG31528,4
1180,GO:0043065,molecular function,positive regulation of apoptotic process,7
1181,dbSNP:rs149109767,variant,rs149109767-AGAG,10
1182,MP:0001716,phenotype,abnormal placenta labyrinth morphology,8
1183,ENSEMBL:ENSACAG00000005399,gene,ENSEMBL:ENSACAG00000005399,4
1184,HP:0000089,phenotype,Renal hypoplasia,8
1185,ZFIN:ZDB-GENE-030131-6225,gene,fan1,4
1186,ENSEMBL:ENSBTAG00000004915,gene,ENSEMBL:ENSBTAG00000004915,4
1187,RGD:68327,gene,Hap1,4
1188,PomBase:SPAC25G10.08,gene,tif302,4
1189,WormBase:WBGene00001134,gene,eat-3,4
1190,ZP:0004643,phenotype,"ceratobranchial cartilage morphology, abnormal",8
1191,ENSEMBL:ENSACAG00000009533,gene,ENSEMBL:ENSACAG00000009533,4
1192,HGNC:11179,gene,SOD1,4
1193,MP:0004083,phenotype,polysyndactyly,8
1194,MGI:3779381,gene,Gm11127,4
1195,Coriell:GM04477,biological artifact,NIGMS-GM04477,0
1196,MP:0008194,phenotype,abnormal memory B cell physiology,8
1197,MP:0000978,phenotype,hyperinnervation of hair-tylotrich cells,8
1198,GO:0030659,molecular function,cytoplasmic vesicle membrane,7
1199,WBPhenotype:0000353,phenotype,backing increased,8
1200,ENSEMBL:ENSOANG00000009880,gene,ENSEMBL:ENSOANG00000009880,4
1201,WBPhenotype:0002290,phenotype,tail bend angle decreased,8
1202,SGD:S000004750,gene,RPL13B,4
1203,MGI:1860511,gene,Heyl,4
1204,HP:0001892,phenotype,Abnormal bleeding,8
1205,MP:0000259,phenotype,abnormal vascular development,8
1206,ENSEMBL:ENSSSCG00000024974,gene,ENSEMBL:ENSSSCG00000024974,4
1207,ZFIN:ZDB-GENE-070410-130,gene,bdh1,4
1208,dictyBase:DDB_G0289449,gene,ubqF,4
1209,MP:0006260,phenotype,abnormal gustatory papillae taste bud morphology,8
1210,ZP:0000383,phenotype,"intestinal bulb epithelium increased thickness, abnormal",8
1211,MP:0009358,phenotype,environmentally induced seizures,8
1212,ZP:0002649,phenotype,"post-vent region curvature, abnormal",8
1213,MGI:5429327,genotype,Tg(HDexon1)62Gpb [B6.Cg-Tg(HDexon1)62Gpb/240],6
1214,MP:0008827,phenotype,abnormal thymus cell ratio,8
1215,ENSEMBL:ENSMMUG00000049436,gene,ENSEMBL:ENSMMUG00000049436,4
1216,WBPhenotype:0000893,phenotype,male germline proliferation variant,8
1217,ENSEMBL:ENSPTRG00000030674,gene,ENSEMBL:ENSPTRG00000030674,4
1218,FlyBase:FBgn0029893,gene,CG14442,4
1219,ENSEMBL:ENSFCAG00000023434,gene,ENSEMBL:ENSFCAG00000023434,4
1220,MP:0002887,phenotype,decreased susceptibility to pharmacologically induced seizures,8
1221,MP:0004566,phenotype,myocardial fiber degeneration,8
1222,HP:0100729,phenotype,Large face,8
1223,ZFIN:ZDB-GENE-040115-4,gene,pfn2,4
1224,dbSNP:rs3889139,variant,rs3889139-?,10
1225,MP:0004978,phenotype,decreased B-1 B cell number,8
1226,ZP:0002589,phenotype,"whole organism unbalanced, abnormal",8
1227,ENSEMBL:ENSFCAG00000037386,gene,ENSEMBL:ENSFCAG00000037386,4
1228,ZP:0011458,phenotype,"axon primary motor neuron increased branchiness, abnormal",8
1229,WormBase:WBGene00017830,gene,rpb-8,4
1230,MGI:5617271,genotype,Htt<tm1Hay>/Htt<tm1Hay>; Tg(HTT*97Q)IXwy; Tg(YAC18)18Hay/Tg(YAC18)18Hay [FVB.Cg-Htt<tm1Hay> Tg(HTT*97Q)IXwy Tg(YAC18)18Hay],6
1231,FBcv:0006001,phenotype,increased fecundity,8
1232,HP:0010602,phenotype,Type 2 muscle fiber predominance,8
1233,HP:0004380,phenotype,Aortic valve calcification,8
1234,ZP:0002513,phenotype,"anterior-posterior axis whole organism curved, abnormal",8
1235,ENSEMBL:ENSGALG00000034986,gene,HEYL,4
1236,PomBase:SPBC26H8.07c,gene,nda3,4
1237,MP:0020384,phenotype,absent kidney epithelial cell primary cilium,8
1238,ZP:0000032,phenotype,"brain quality, abnormal",8
1239,MP:0030635,phenotype,increased taurine level,8
1240,RGD:3512,gene,RT1-EC2,4
1241,ENSEMBL:ENSFCAG00000027237,gene,ENSEMBL:ENSFCAG00000027237,4
1242,ZFIN:ZDB-GENE-090311-50,gene,rasa1b,4
1243,WBPhenotype:0000027,phenotype,organism metabolism processing variant,8
1244,ZFIN:ZDB-GENE-090511-1,gene,ftr80,4
1245,HP:0012337,phenotype,Abnormal homeostasis,8
1246,MP:0006237,phenotype,abnormal choroid vasculature morphology,8
1247,WormBase:WBGene00004319,gene,rbr-2,4
1248,847,drug,dezocine,3
1249,WormBase:WBGene00004810,gene,skr-4,4
1250,MP:0001258,phenotype,decreased body length,8
1251,MP:0010602,phenotype,abnormal pulmonary valve cusp morphology,8
1252,ENSEMBL:ENSCAFG00000017841,gene,G3BP1,4
1253,ENSEMBL:ENSPTRG00000020178,gene,ENSEMBL:ENSPTRG00000020178,4
1254,dictyBase:DDB_G0272340,gene,DDB_G0272340,4
1255,ENSEMBL:ENSACAG00000007003,gene,ENSEMBL:ENSACAG00000007003,4
1256,ENSEMBL:ENSECAG00000039147,gene,ENSEMBL:ENSECAG00000039147,4
1257,ZP:0004003,phenotype,"nucleus diencephalon aggregated, abnormal",8
1258,MP:0011635,phenotype,abnormal mitochondrial crista morphology,8
1259,ZP:0106673,phenotype,"granulocyte blood island decreased amount, abnormal",8
1260,ZP:0021346,phenotype,"male organism decreased amount, abnormal",8
1261,ENSEMBL:ENSBTAG00000003418,gene,ENSEMBL:ENSBTAG00000003418,4
1262,Coriell:GM02172,biological artifact,NIGMS-GM02172,0
1263,MP:0003207,phenotype,decreased cellular sensitivity to gamma-irradiation,8
1264,ZP:0006327,phenotype,"caudal fin multiple, abnormal",8
1265,ENSEMBL:ENSMODG00000009175,gene,ENSEMBL:ENSMODG00000009175,4
1266,FlyBase:FBgn0036004,gene,Jarid2,4
1267,dictyBase:DDB_G0280121,gene,DDB_G0280121,4
1268,PomBase:SPBC1E8.02,gene,SPBC1E8.02,4
1269,MGI:87918,gene,Add1,4
1270,MP:0006007,phenotype,abnormal basal ganglion morphology,8
1271,ENSEMBL:ENSSSCG00000003612,gene,EIF3I,4
1272,EFO:0010092,phenotype,bitter alcoholic beverage consumption measurement,8
1273,ENSEMBL:ENSFCAG00000003348,gene,ENSEMBL:ENSFCAG00000003348,4
1274,ENSEMBL:ENSMMUG00000007524,gene,ENSEMBL:ENSMMUG00000007524,4
1275,HP:0031843,phenotype,Bradyphrenia,8
1276,MP:0008346,phenotype,increased gamma-delta T cell number,8
1277,HP:0500001,phenotype,Body odor,8
1278,HP:0005182,phenotype,Bicuspid pulmonary valve,8
1279,HP:0001999,phenotype,Abnormal facial shape,8
1280,NCBITaxon:8364,taxon,Xenopus tropicalis,9
1281,MP:0009339,phenotype,decreased splenocyte number,8
1282,ZP:0007848,phenotype,"double-strand break repair via single-strand annealing decreased frequency, abnormal",8
1283,MGI:3045266,gene,Fan1,4
1284,ENSEMBL:ENSOANG00000045313,gene,ENSEMBL:ENSOANG00000045313,4
1285,ENSEMBL:ENSFCAG00000009835,gene,ENSEMBL:ENSFCAG00000009835,4
1286,ENSEMBL:ENSACAG00000011170,gene,ENSEMBL:ENSACAG00000011170,4
1287,MP:0002745,phenotype,abnormal atrioventricular valve morphology,8
1288,WBPhenotype:0001777,phenotype,pre mRNA levels increased,8
1289,Xenbase:XB-GENE-488586,gene,flot1,4
1290,MONARCH:APO_0000255APO_0000250,phenotype,cell cycle progression in G1 phase:arrested,8
1291,ENSEMBL:ENSMODG00000017913,gene,ENSEMBL:ENSMODG00000017913,4
1292,WBPhenotype:0000438,phenotype,retarded heterochronic variations,8
1293,EFO:0004611,phenotype,low density lipoprotein cholesterol measurement,8
1294,MP:0002359,phenotype,abnormal spleen germinal center morphology,8
1295,ENSEMBL:ENSBTAG00000050598,gene,ENSEMBL:ENSBTAG00000050598,4
1296,WBPhenotype:0000354,phenotype,cell differentiation variant,8
1297,RGD:621312,gene,St13,4
1298,dictyBase:DDB_G0288937,gene,arpA,4
1299,dictyBase:DDB_G0288707,gene,DDB0188064,4
1300,ENSEMBL:ENSGALG00000012160,gene,KIF18A,4
1301,MP:0011846,phenotype,decreased kidney collecting duct number,8
1302,MP:0002376,phenotype,abnormal dendritic cell physiology,8
1303,MP:0013486,phenotype,decreased Paneth cell number,8
1304,5297,drug,dacomitinib,3
1305,ENSEMBL:ENSECAG00000021821,gene,ENSEMBL:ENSECAG00000021821,4
1306,ZP:0005392,phenotype,"embryonic cranial skeleton morphogenesis process quality, abnormal",8
1307,MONARCH:APO_0000041APO_0000003,phenotype,sporulation:decreased,8
1308,ENSEMBL:ENSCAFG00000012558,gene,J9PBL8,4
1309,HGNC:9539,gene,PSMB2,4
1310,ZFIN:ZDB-GENE-990415-92,gene,hspa8,4
1311,ZFIN:ZDB-GENE-130530-741,gene,map6b,4
1312,HP:0002067,phenotype,Bradykinesia,8
1313,REACT:R-HSA-9022692,biological process,Regulation of MECP2 expression and activity,1
1314,RGD:61804,gene,Map6,4
1315,ENSEMBL:ENSMMUG00000005772,gene,ENSEMBL:ENSMMUG00000005772,4
1316,RGD:2738,gene,Grin2b,4
1317,ENSEMBL:ENSSSCG00000006830,gene,PSMA5,4
1318,MP:0002886,phenotype,abnormal glutamate-mediated receptor currents,8
1319,MP:0008211,phenotype,decreased mature B cell number,8
1320,NCBIGene:100493954,gene,LOC100493954,4
1321,ENSEMBL:ENSMMUG00000006799,gene,ENSEMBL:ENSMMUG00000006799,4
1322,ENSEMBL:ENSMODG00000010149,gene,ENSEMBL:ENSMODG00000010149,4
1323,ENSEMBL:ENSBTAG00000021691,gene,ENSEMBL:ENSBTAG00000021691,4
1324,HP:0000687,phenotype,Widely spaced teeth,8
1325,ZP:0006752,phenotype,"blood vessel permeable, abnormal",8
1326,ENSEMBL:ENSMODG00000025382,gene,ENSEMBL:ENSMODG00000025382,4
1327,HGNC:5258,gene,HSP90AB1,4
1328,FlyBase:FBgn0004177,gene,mts,4
1329,HP:0003236,phenotype,Elevated circulating creatine kinase concentration,8
1330,dictyBase:DDB_G0292406,gene,rab4,4
1331,ENSEMBL:ENSPTRG00000046305,gene,ENSEMBL:ENSPTRG00000046305,4
1332,ENSEMBL:ENSGALG00000020793,gene,ENSEMBL:ENSGALG00000020793,4
1333,FlyBase:FBgn0287585,gene,Pss,4
1334,ENSEMBL:ENSGALG00000010175,gene,ENSEMBL:ENSGALG00000010175,4
1335,HGNC:1504,gene,CASP3,4
1336,ZP:0004598,phenotype,"Meckel's cartilage aplastic/hypoplastic, abnormal",8
1337,ENSEMBL:ENSECAG00000011942,gene,ENSEMBL:ENSECAG00000011942,4
1338,MP:0020471,phenotype,abnormal circadian behavior persistence,8
1339,WBPhenotype:0001038,phenotype,tumorous germline,8
1340,Xenbase:XB-GENE-941851,gene,map1lc3a,4
1341,EFO:0007006,phenotype,depressive symptom measurement,8
1342,MGI:3800779,variant,Tg(HTT*97Q)IXwy,10
1343,4866,drug,ceritinib,3
1344,WBPhenotype:0001538,phenotype,mRNA surveillance defective,8
1345,EFO:0004574,phenotype,total cholesterol measurement,8
1346,SGD:S000002232,gene,BRE1,4
1347,ENSEMBL:ENSFCAG00000022331,gene,ENSEMBL:ENSFCAG00000022331,4
1348,ENSEMBL:ENSOANG00000002162,gene,ENSEMBL:ENSOANG00000002162,4
1349,WBPhenotype:0000550,phenotype,body muscle dystrophy,8
1350,ZP:0100130,phenotype,"skeletal muscle myofibril skeletal muscle cell decreased amount, abnormal",8
1351,ENSEMBL:ENSPTRG00000020202,gene,ENSEMBL:ENSPTRG00000020202,4
1352,ZP:0002161,phenotype,"ethmoid cartilage hypoplastic, abnormal",8
1353,ZFIN:ZDB-GENE-031002-33,gene,pfn1,4
1354,SGD:S000000833,gene,YPT31,4
1355,ZP:0006723,phenotype,"cranium morphology, abnormal",8
1356,ENSEMBL:ENSPTRG00000015524,gene,ENSEMBL:ENSPTRG00000015524,4
1357,MP:0006428,phenotype,ectopic Sertoli cells,8
1358,MP:0004165,phenotype,abnormal lateral geniculate nucleus morphology,8
1359,ZP:0000720,phenotype,"liver decreased size, abnormal",8
1360,MGI:3702087,gene,Rnaset2b,4
1361,HP:0000319,phenotype,Smooth philtrum,8
1362,ENSEMBL:ENSGALG00000042125,gene,AP2B1,4
1363,ENSEMBL:ENSGALG00000034716,gene,ENSEMBL:ENSGALG00000034716,4
1364,HP:0004323,phenotype,Abnormality of body weight,8
1365,MP:0008335,phenotype,decreased gonadotroph cell number,8
1366,MGI:3800927,genotype,Tg(HTT*97Q)IXwy [FVB-Tg(HTT*97Q)IXwy],6
1367,ENSEMBL:ENSFCAG00000001798,gene,ENSEMBL:ENSFCAG00000001798,4
1368,HP:0031567,phenotype,Abnormal aortic valve cusp morphology,8
1369,WormBase:WBGene00009112,gene,tag-353,4
1370,MP:0008215,phenotype,decreased immature B cell number,8
1371,MGI:1276575,gene,Ptdss1,4
1372,ENSEMBL:ENSBTAG00000006189,gene,ENSEMBL:ENSBTAG00000006189,4
1373,ZFIN:ZDB-GENE-040426-1272,gene,ddb1,4
1374,ZP:0003057,phenotype,"skeletal myofibril assembly disrupted, abnormal",8
1375,ENSEMBL:ENSGALG00000006775,gene,TGM2,4
1376,MP:0004187,phenotype,cardia bifida,8
1377,WBPhenotype:0001033,phenotype,proximal germ cell proliferation variant,8
1378,dictyBase:DDB_G0286481,gene,DDB_G0286481,4
1379,dictyBase:DDB_G0274281,gene,ppiH,4
1380,ZP:0005473,phenotype,"vacuolar proton-transporting V-type ATPase, V1 domain neuromast hair cell mislocalised, abnormal",8
1381,ZFIN:ZDB-GENE-000403-1,gene,axin1,4
1382,MP:0030313,phenotype,abnormal face development,8
1383,MP:0000930,phenotype,wavy neural tube,8
1384,ENSEMBL:ENSPTRG00000009234,gene,ENSEMBL:ENSPTRG00000009234,4
1385,MP:0010724,phenotype,thick interventricular septum,8
1386,FlyBase:FBgn0050441,gene,IFT20,4
1387,HP:0004942,phenotype,Aortic aneurysm,8
1388,ENSEMBL:ENSSSCG00000027057,gene,SYVN1,4
1389,ENSEMBL:ENSMMUG00000015434,gene,ENSEMBL:ENSMMUG00000015434,4
1390,ENSEMBL:ENSMODG00000017399,gene,ENSEMBL:ENSMODG00000017399,4
1391,HP:0002202,phenotype,Pleural effusion,8
1392,WBPhenotype:0002151,phenotype,mRNA deadenylation variant,8
1393,MP:0006083,phenotype,abnormal blood vessel elastic tissue morphology,8
1394,ZP:0017122,phenotype,"cardiac ventricle size, abnormal",8
1395,ENSEMBL:ENSOANG00000004989,gene,ENSEMBL:ENSOANG00000004989,4
1396,MP:0003674,phenotype,oxidative stress,8
1397,WBPhenotype:0000116,phenotype,mid larval lethal,8
1398,ENSEMBL:ENSPTRG00000006264,gene,ENSEMBL:ENSPTRG00000006264,4
1399,WBPhenotype:0002517,phenotype,burrowing assay distance reduced,8
1400,MP:0004073,phenotype,caudal body truncation,8
1401,ENSEMBL:ENSFCAG00000009775,gene,ENSEMBL:ENSFCAG00000009775,4
1402,ENSEMBL:ENSBTAG00000010598,gene,ENSEMBL:ENSBTAG00000010598,4
1403,ENSEMBL:ENSSSCG00000010798,gene,GGA2,4
1404,2544,drug,sunitinib,3
1405,ENSEMBL:ENSCAFG00000015799,gene,CRMP1,4
1406,RGD:1595924,gene,RT1-A1,4
1407,ENSEMBL:ENSACAG00000001189,gene,ENSEMBL:ENSACAG00000001189,4
1408,ZP:0009070,phenotype,"smoothened signaling pathway involved in dorsal/ventral neural tube patterning disrupted, abnormal",8
1409,WBPhenotype:0000825,phenotype,postembryonic cell lineage variant,8
1410,WBPhenotype:0001369,phenotype,protein interaction variant,8
1411,ZP:0010090,phenotype,"olfactory receptor cell olfactory placode absent, abnormal",8
1412,ZFIN:ZDB-GENE-120111-3,gene,il17rc,4
1413,RGD:1307191,gene,Eif3g,4
1414,WormBase:WBGene00019183,gene,npr-30,4
1415,ENSEMBL:ENSOANG00000049031,gene,ENSEMBL:ENSOANG00000049031,4
1416,ZP:0012680,phenotype,"female organism increased female fertility, abnormal",8
1417,ENSEMBL:ENSGALG00000044177,gene,ENSEMBL:ENSGALG00000044177,4
1418,PomBase:SPBC2F12.13,gene,klp5,4
1419,ENSEMBL:ENSECAG00000010387,gene,ENSEMBL:ENSECAG00000010387,4
1420,MONARCH:APO_0000277APO_0000003,phenotype,prion loss:decreased,8
1421,WormBase:WBGene00020101,gene,lmtr-5,4
1422,WBPhenotype:0002015,phenotype,voltage measurement variant,8
1423,MGI:95935,gene,H2-Q6,4
1424,MONARCH:APO_0000033APO_0000003,phenotype,cell fusion:decreased,8
1425,ZFIN:ZDB-GENE-031001-3,gene,hsp90aa1.2,4
1426,ENSEMBL:ENSMMUG00000002691,gene,ENSEMBL:ENSMMUG00000002691,4
1427,ENSEMBL:ENSACAG00000003603,gene,ENSEMBL:ENSACAG00000003603,4
1428,ZP:0009527,phenotype,"pectoral fin development process quality, abnormal",8
1429,MONARCH:APO_0000312APO_0000005,phenotype,cell death:absent,8
1430,ENSEMBL:ENSMODG00000010216,gene,ENSEMBL:ENSMODG00000010216,4
1431,ENSEMBL:ENSGALG00000035487,gene,ENSEMBL:ENSGALG00000035487,4
1432,WBPhenotype:0001434,phenotype,chemotaxis variant,8
1433,MP:0009581,phenotype,decreased keratinocyte apoptosis,8
1434,P49721,gene product,Proteasome subunit beta type-2,5
1435,ENSEMBL:ENSOANG00000010928,gene,ENSEMBL:ENSOANG00000010928,4
1436,MP:0020422,phenotype,decreased freezing behavior,8
1437,ZFIN:ZDB-GENE-030909-2,gene,add1,4
1438,HP:0410009,phenotype,Abnormality of the somatic nervous system,8
1439,MP:0004229,phenotype,abnormal embryonic erythropoiesis,8
1440,ZP:0000570,phenotype,"gut quality, abnormal",8
1441,ZP:0009074,phenotype,"neuronal cell body rhombomere 4 mislocalised, abnormal",8
1442,WBPhenotype:0000230,phenotype,tail withered,8
1443,ZFIN:ZDB-GENE-070912-108,gene,ftr32,4
1444,EFO:0006527,phenotype,smoking status measurement,8
1445,ZP:0020333,phenotype,"fourth ventricle increased process quality mitotic cell cycle, abnormal",8
1446,HP:0001711,phenotype,Abnormal left ventricle morphology,8
1447,FBcv:0002000,phenotype,lethal - all die before end of P-stage,8
1448,HP:0001297,phenotype,Stroke,8
1449,P53396,gene product,ATP-citrate synthase,5
1450,ENSEMBL:ENSECAG00000018193,gene,ENSEMBL:ENSECAG00000018193,4
1451,ZFIN:ZDB-GENE-040426-1851,gene,wdr61,4
1452,ENSEMBL:ENSCAFG00000017995,gene,J9P5N8,4
1453,WormBase:WBGene00003858,gene,ogt-1,4
1454,RGD:1584560,gene,Eif3i,4
1455,ZP:0002810,phenotype,"swimming behavior decreased process quality, abnormal",8
1456,MP:0012320,phenotype,abnormal body fat mass,8
1457,ZP:0137229,phenotype,"synapse CaP motoneuron decreased size, abnormal",8
1458,ZP:0016668,phenotype,"palate morphology, abnormal",8
1459,ZP:0100009,phenotype,"whole organism quality, abnormal",8
1460,ENSEMBL:ENSOANG00000010685,gene,ENSEMBL:ENSOANG00000010685,4
1461,HP:0001808,phenotype,Fragile nails,8
1462,ZFIN:ZDB-GENE-140820-13,gene,mhc1lla,4
1463,MP:0009542,phenotype,decreased thymocyte apoptosis,8
1464,MP:0001454,phenotype,abnormal cued conditioning behavior,8
1465,ENSEMBL:ENSPTRG00000014682,gene,ENSEMBL:ENSPTRG00000014682,4
1466,HP:0005112,phenotype,Abdominal aortic aneurysm,8
1467,MP:0003121,phenotype,genetic imprinting,8
1468,ENSEMBL:ENSCAFG00000004400,gene,NINL,4
1469,ZP:0004005,phenotype,"eye size, abnormal",8
1470,ZP:0003400,phenotype,"amyloid precursor protein metabolic process disrupted, abnormal",8
1471,ENSEMBL:ENSOANG00000045580,gene,ENSEMBL:ENSOANG00000045580,4
1472,ENSEMBL:ENSACAG00000009792,gene,ENSEMBL:ENSACAG00000009792,4
1473,ZP:0000240,phenotype,"whole organism bent, abnormal",8
1474,MP:0006380,phenotype,abnormal spermatid morphology,8
1475,ZFIN:ZDB-GENE-060929-860,gene,cenpe,4
1476,Xenbase:XB-GENE-980934,gene,prmt2,4
1477,ENSEMBL:ENSMODG00000014066,gene,ENSEMBL:ENSMODG00000014066,4
1478,ENSEMBL:ENSGALG00000003405,gene,ENSEMBL:ENSGALG00000003405,4
1479,ENSEMBL:ENSPTRG00000008691,gene,ENSEMBL:ENSPTRG00000008691,4
1480,MP:0011972,phenotype,decreased circulating lactate dehydrogenase level,8
1481,HP:0100852,phenotype,Abnormal fear/anxiety-related behavior,8
1482,HGNC:5528,gene,IGHG4,4
1483,OMIM:613004.0005,variant,"HTT, PHE2719LEU",10
1484,ENSEMBL:ENSBTAG00000008372,gene,ENSEMBL:ENSBTAG00000008372,4
1485,Xenbase:XB-GENE-1004004,gene,stx7,4
1486,ENSEMBL:ENSMMUG00000000639,gene,ENSEMBL:ENSMMUG00000000639,4
1487,Xenbase:XB-GENE-968395,gene,rpl4,4
1488,dictyBase:DDB_G0281493,gene,sodD,4
1489,MP:0011197,phenotype,abnormal proamniotic cavity morphology,8
1490,HP:0000174,phenotype,Abnormal palate morphology,8
1491,HP:0011123,phenotype,Inflammatory abnormality of the skin,8
1492,ZP:0013137,phenotype,"cell division process quality, abnormal",8
1493,ENSEMBL:ENSFCAG00000028168,gene,ENSEMBL:ENSFCAG00000028168,4
1494,ZP:0019984,phenotype,"neural tube closure delayed, abnormal",8
1495,ENSEMBL:ENSGALG00000016770,gene,E1BVN0,4
1496,GO:0005769,molecular function,early endosome,7
1497,MP:0011101,phenotype,"prenatal lethality, incomplete penetrance",8
1498,dictyBase:DDB_G0269144,gene,hspB,4
1499,PomBase:SPAC31G5.09c,gene,spk1,4
1500,RGD:1310849,gene,Ipo7,4
1501,MP:0008596,phenotype,increased circulating interleukin-6 level,8
1502,APO:0000330,phenotype,haploproficient,8
1503,FlyBase:FBgn0030694,gene,CG15602,4
1504,ENSEMBL:ENSACAG00000008857,gene,ENSEMBL:ENSACAG00000008857,4
1505,HGNC:6877,gene,MAPK3,4
1506,HP:0008887,phenotype,Adipose tissue loss,8
1507,ENSEMBL:ENSMODG00000002006,gene,ENSEMBL:ENSMODG00000002006,4
1508,Xenbase:XB-GENE-969139,gene,sumo2,4
1509,SGD:S000000629,gene,SNT1,4
1510,HP:0003302,phenotype,Spondylolisthesis,8
1511,ENSEMBL:ENSOANG00000005189,gene,ENSEMBL:ENSOANG00000005189,4
1512,WBPhenotype:0000120,phenotype,protein expression reduced,8
1513,MGI:1913125,gene,Pias1,4
1514,ENSEMBL:ENSPTRG00000010940,gene,ENSEMBL:ENSPTRG00000010940,4
1515,HP:0000501,phenotype,Glaucoma,8
1516,ZFIN:ZDB-GENE-030916-1,gene,mhc1zaa,4
1517,MONARCH:APO_0000155APO_0000004,phenotype,apoptosis:increased,8
1518,ENSEMBL:ENSACAG00000015910,gene,ENSEMBL:ENSACAG00000015910,4
1519,MGI:1099804,gene,Hip1,4
1520,WormBase:WBGene00010888,gene,dlc-2,4
1521,ENSEMBL:ENSBTAG00000013271,gene,NCOR1,4
1522,ENSEMBL:ENSOANG00000007717,gene,ENSEMBL:ENSOANG00000007717,4
1523,ZFIN:ZDB-GENE-121031-4,gene,chd3,4
1524,ENSEMBL:ENSFCAG00000038081,gene,ENSEMBL:ENSFCAG00000038081,4
1525,ZP:0010937,phenotype,"pronephric glomerular capillary absent, abnormal",8
1526,ZP:0000343,phenotype,"cell migration in diencephalon delayed, abnormal",8
1527,ENSEMBL:ENSMODG00000009994,gene,ENSEMBL:ENSMODG00000009994,4
1528,ENSEMBL:ENSPTRG00000011268,gene,ENSEMBL:ENSPTRG00000011268,4
1529,ENSEMBL:ENSOANG00000010001,gene,ENSEMBL:ENSOANG00000010001,4
1530,ENSEMBL:ENSPTRG00000009515,gene,ENSEMBL:ENSPTRG00000009515,4
1531,ENSEMBL:ENSFCAG00000004294,gene,ENSEMBL:ENSFCAG00000004294,4
1532,ENSEMBL:ENSMODG00000015091,gene,ENSEMBL:ENSMODG00000015091,4
1533,MP:0001613,phenotype,abnormal vasodilation,8
1534,ZP:0020988,phenotype,"double-strand break repair via nonhomologous end joining increased frequency, abnormal",8
1535,APO:0000152,phenotype,haploinsufficient,8
1536,2350,drug,rabeprazole,3
1537,WBPhenotype:0000676,phenotype,growth rate variant,8
1538,ZP:0000374,phenotype,"head apoptotic, abnormal",8
1539,WBPhenotype:0000520,phenotype,morphology phenotype,8
1540,ZP:0000389,phenotype,"intestinal epithelial cell proliferative, abnormal",8
1541,ENSEMBL:ENSOANG00000015350,gene,ENSEMBL:ENSOANG00000015350,4
1542,WBPhenotype:0002282,phenotype,autophagy increased,8
1543,ZP:0003340,phenotype,"axoneme eye photoreceptor cell decreased length, abnormal",8
1544,ZP:0000217,phenotype,"liver development disrupted, abnormal",8
1545,ENSEMBL:ENSGALG00000021198,gene,LOC101751348,4
1546,ENSEMBL:ENSCAFG00000008221,gene,ALDOA,4
1547,dictyBase:DDB_G0282993,gene,sodC,4
1548,ENSEMBL:ENSACAG00000014561,gene,ENSEMBL:ENSACAG00000014561,4
1549,PomBase:SPAC1B9.02c,gene,sck1,4
1550,ZP:0010992,phenotype,"breeding tubercle jaw flap decreased size, abnormal",8
1551,ENSEMBL:ENSSSCG00000001398,gene,SLA-6,4
1552,MGI:87870,gene,Acat1,4
1553,ENSEMBL:ENSGALG00000047025,gene,A0A1D5PGC3,4
1554,ZP:0000778,phenotype,"regulation of smoothened signaling pathway disrupted, abnormal",8
1555,ENSEMBL:ENSPTRG00000052247,gene,ENSEMBL:ENSPTRG00000052247,4
1556,ENSEMBL:ENSFCAG00000011363,gene,ENSEMBL:ENSFCAG00000011363,4
1557,HGNC:12479,gene,UBE2E3,4
1558,HP:0001315,phenotype,Reduced tendon reflexes,8
1559,EnsemblGenome:AT4G37010,gene,EnsemblGenome:AT4G37010,4
1560,ZP:0002921,phenotype,"gut epithelium morphology, abnormal",8
1561,WormBase:WBGene00001747,gene,gsp-1,4
1562,MP:0011941,phenotype,increased fluid intake,8
1563,ZFIN:ZDB-GENE-130206-11,gene,mhc1zja,4
1564,HP:0001735,phenotype,Acute pancreatitis,8
1565,WormBase:WBGene00012236,gene,W04A8.1,4
1566,ENSEMBL:ENSMMUG00000001711,gene,ENSEMBL:ENSMMUG00000001711,4
1567,MONARCH:APO_0000197APO_0000004,phenotype,colony sectoring:increased,8
1568,MP:0010072,phenotype,increased pruritus,8
1569,SGD:S000000201,gene,PKC1,4
1570,ENSEMBL:ENSMMUG00000062758,gene,ENSEMBL:ENSMMUG00000062758,4
1571,ZFIN:ZDB-GENE-030131-5877,gene,ppp1cc,4
1572,MP:0008253,phenotype,absent megakaryocytes,8
1573,ENSEMBL:ENSECAG00000035867,gene,ENSEMBL:ENSECAG00000035867,4
1574,ENSEMBL:ENSGALG00000052529,gene,RNF4,4
1575,WormBase:WBGene00000231,gene,atx-2,4
1576,PomBase:SPBC16A3.15c,gene,nda2,4
1577,ZP:0002100,phenotype,"cranial cartilage morphology, abnormal",8
1578,HP:0200043,phenotype,Verrucae,8
1579,MP:0001394,phenotype,circling,8
1580,HGNC:4812,gene,HAP1,4
1581,ENSEMBL:ENSECAG00000019669,gene,ENSEMBL:ENSECAG00000019669,4
1582,MP:0020386,phenotype,adipose tissue inflammation,8
1583,MP:0008115,phenotype,abnormal dendritic cell differentiation,8
1584,4425,drug,colistin,3
1585,FBcv:0000364,phenotype,sterile,8
1586,MONARCH:APO_0000080APO_0000003,phenotype,stress resistance:decreased,8
1587,ENSEMBL:ENSSSCG00000038993,gene,ENSEMBL:ENSSSCG00000038993,4
1588,WBPhenotype:0002469,phenotype,plate tap habituation variant,8
1589,WBPhenotype:0000408,phenotype,dauer recovery inhibited,8
1590,MP:0002276,phenotype,abnormal lung interstitium morphology,8
1591,ENSEMBL:ENSOANG00000014576,gene,ENSEMBL:ENSOANG00000014576,4
1592,ENSEMBL:ENSMMUG00000060287,gene,ENSEMBL:ENSMMUG00000060287,4
1593,ZP:0017665,phenotype,"blood plasma heart fatty, abnormal",8
1594,ZP:0011927,phenotype,"endoplasmic reticulum retinal inner nuclear layer morphology, abnormal",8
1595,FlyBase:FBgn0013275,gene,Hsp70Aa,4
1596,ZFIN:ZDB-GENE-140820-11,gene,mhc1lja,4
1597,ZP:0000358,phenotype,"forebrain quality, abnormal",8
1598,MP:0003703,phenotype,abnormal vestibulocochlear ganglion morphology,8
1599,FlyBase:FBgn0000711,gene,flw,4
1600,ENSEMBL:ENSOANG00000005396,gene,ENSEMBL:ENSOANG00000005396,4
1601,ENSEMBL:ENSACAG00000010183,gene,ENSEMBL:ENSACAG00000010183,4
1602,ENSEMBL:ENSOANG00000012814,gene,ENSEMBL:ENSOANG00000012814,4
1603,ZP:0002944,phenotype,"swim bladder absent, abnormal",8
1604,ZP:0002222,phenotype,"post-vent region shape, abnormal",8
1605,WBPhenotype:0000291,phenotype,no oocytes,8
1606,MP:0011096,phenotype,"embryonic lethality between implantation and somite formation, complete penetrance",8
1607,WBPhenotype:0000324,phenotype,short,8
1608,MP:0011021,phenotype,abnormal circadian regulation of heart rate,8
1609,HP:0004969,phenotype,Peripheral pulmonary artery stenosis,8
1610,MP:0008463,phenotype,abnormal peripheral lymph node morphology,8
1611,Xenbase:XB-GENE-5879626,gene,lamtor1,4
1612,ENSEMBL:ENSBTAG00000025071,gene,TENM2,4
1613,HP:0000924,phenotype,Abnormality of the skeletal system,8
1614,ENSEMBL:ENSMODG00000012080,gene,ENSEMBL:ENSMODG00000012080,4
1615,ENSEMBL:ENSMMUG00000020021,gene,ENSEMBL:ENSMMUG00000020021,4
1616,ENSEMBL:ENSMODG00000004473,gene,ENSEMBL:ENSMODG00000004473,4
1617,ZFIN:ZDB-GENE-141216-265,gene,znf638,4
1618,ENSEMBL:ENSGALG00000004834,gene,ENSEMBL:ENSGALG00000004834,4
1619,WBPhenotype:0001810,phenotype,oocyte septum formation variant,8
1620,P23443,gene product,Ribosomal protein S6 kinase beta-1,5
1621,ZP:0002724,phenotype,"myosin filament slow muscle cell disorganized, abnormal",8
1622,ENSEMBL:ENSACAG00000004866,gene,ENSEMBL:ENSACAG00000004866,4
1623,HGNC:7739,gene,NEFL,4
1624,MP:0008507,phenotype,thin retinal ganglion layer,8
1625,GO:0005522,molecular function,profilin binding,7
1626,HP:0011787,phenotype,Central hypothyroidism,8
1627,WBPhenotype:0000642,phenotype,hyperactive,8
1628,MP:0006319,phenotype,abnormal epididymal fat pad morphology,8
1629,ZP:0003836,phenotype,"regulation of fatty acid beta-oxidation disrupted, abnormal",8
1630,ENSEMBL:ENSOANG00000048880,gene,ENSEMBL:ENSOANG00000048880,4
1631,ENSEMBL:ENSECAG00000026833,gene,ENSEMBL:ENSECAG00000026833,4
1632,PomBase:SPCC1183.02,gene,SPCC1183.02,4
1633,MP:0000512,phenotype,intestinal ulcer,8
1634,Xenbase:XB-GENE-487820,gene,gapdh,4
1635,dictyBase:DDB_G0281461,gene,sodF,4
1636,ENSEMBL:ENSOANG00000041824,gene,ENSEMBL:ENSOANG00000041824,4
1637,ENSEMBL:ENSRNOG00000004662,gene,M0R6L9,4
1638,Xenbase:XB-GENE-1217476,gene,zmat2,4
1639,SGD:S000001163,gene,LSM12,4
1640,MP:0009709,phenotype,hydrometra,8
1641,HGNC:1027,gene,BDH1,4
1642,ZP:0011509,phenotype,"optic tectum process quality regulation of neurogenesis, abnormal",8
1643,Xenbase:XB-GENE-5751496,gene,wdr61,4
1644,ZP:0000939,phenotype,"swimming behavior disrupted, abnormal",8
1645,ENSEMBL:ENSACAG00000020966,gene,ENSEMBL:ENSACAG00000020966,4
1646,ZP:0000593,phenotype,"cell population proliferation increased occurrence, abnormal",8
1647,SGD:S000001132,gene,YNG2,4
1648,ENSEMBL:ENSRNOG00000055911,gene,LOC100361259,4
1649,MP:0003794,phenotype,delayed somite formation,8
1650,WBPhenotype:0000698,phenotype,vulvaless,8
1651,ENSEMBL:ENSOANG00000003698,gene,ENSEMBL:ENSOANG00000003698,4
1652,ENSEMBL:ENSFCAG00000012428,gene,ENSEMBL:ENSFCAG00000012428,4
1653,HP:0001172,phenotype,Abnormal thumb morphology,8
1654,Coriell:GM04719,biological artifact,NIGMS-GM04719,0
1655,MP:0012138,phenotype,decreased forebrain size,8
1656,HGNC:8127,gene,OGT,4
1657,Xenbase:XB-GENE-493040,gene,hap1,4
1658,MP:0004354,phenotype,absent deltoid tuberosity,8
1659,EnsemblGenome:AT2G24010,gene,EnsemblGenome:AT2G24010,4
1660,HGNC:15630,gene,TCERG1,4
1661,MGI:96250,gene,Hsp90aa1,4
1662,ENSEMBL:ENSACAG00000022187,gene,ENSEMBL:ENSACAG00000022187,4
1663,MP:0004036,phenotype,abnormal muscle relaxation,8
1664,XPO:0115658,phenotype,abnormally edematous dorsal fin,8
1665,MP:0000601,phenotype,small liver,8
1666,ENSEMBL:ENSMODG00000036784,gene,ENSEMBL:ENSMODG00000036784,4
1667,ZP:0001383,phenotype,"retinal outer plexiform layer morphology, abnormal",8
1668,ZP:0019272,phenotype,"pronephric nephron tubule epithelial cell differentiation process quality, abnormal",8
1669,MP:0001411,phenotype,spinning,8
1670,FlyBase:CG1469,gene,FlyBase:CG1469,4
1671,ENSEMBL:ENSGALG00000025904,gene,ENSEMBL:ENSGALG00000025904,4
1672,ZP:0007181,phenotype,"mitochondrion muscle cell broken, abnormal",8
1673,MONARCH:APO_0000029APO_0000005,phenotype,pseudohyphal growth:absent,8
1674,ENSEMBL:ENSFCAG00000015145,gene,ENSEMBL:ENSFCAG00000015145,4
1675,HP:0008755,phenotype,Laryngotracheomalacia,8
1676,HP:0001875,phenotype,Neutropenia,8
1677,ENSEMBL:ENSMODG00000016138,gene,ENSEMBL:ENSMODG00000016138,4
1678,ENSEMBL:ENSBTAG00000048505,gene,ENSEMBL:ENSBTAG00000048505,4
1679,ENSEMBL:ENSFCAG00000000629,gene,ENSEMBL:ENSFCAG00000000629,4
1680,ENSEMBL:ENSCAFG00000044133,gene,ENSEMBL:ENSCAFG00000044133,4
1681,HP:0000256,phenotype,Macrocephaly,8
1682,MP:0009038,phenotype,decreased inferior colliculus size,8
1683,HP:0002859,phenotype,Rhabdomyosarcoma,8
1684,4173,drug,telaprevir,3
1685,ENSEMBL:ENSCAFG00000007950,gene,MAP1B,4
1686,5118,drug,chromic chloride,3
1687,FlyBase:FBgn0029812,gene,Prosbeta2R1,4
1688,ENSEMBL:ENSECAG00000005207,gene,ENSEMBL:ENSECAG00000005207,4
1689,PomBase:SPAC1B1.03c,gene,kap95,4
1690,ENSEMBL:ENSMMUG00000021395,gene,ENSEMBL:ENSMMUG00000021395,4
1691,ENSEMBL:ENSMODG00000037355,gene,ENSEMBL:ENSMODG00000037355,4
1692,WormBase:WBGene00016995,gene,acly-1,4
1693,MONARCH:APO_0000058APO_0000002,phenotype,peroxisomal morphology:abnormal,8
1694,ZP:0001192,phenotype,"heart edematous, abnormal",8
1695,ENSEMBL:ENSFCAG00000029873,gene,ENSEMBL:ENSFCAG00000029873,4
1696,SGD:S000002419,gene,RPL4B,4
1697,MGI:1298379,gene,Matr3,4
1698,ENSEMBL:ENSCAFG00000012212,gene,ENSEMBL:ENSCAFG00000012212,4
1699,ENSEMBL:ENSFCAG00000050011,gene,ENSEMBL:ENSFCAG00000050011,4
1700,WBPhenotype:0001236,phenotype,transgene expression increased,8
1701,ENSEMBL:ENSCAFG00000001976,gene,ENSEMBL:ENSCAFG00000001976,4
1702,ZFIN:ZDB-GENE-050419-202,gene,pias1b,4
1703,dictyBase:DDB_G0275619,gene,pppB,4
1704,ENSEMBL:ENSACAG00000011896,gene,ENSEMBL:ENSACAG00000011896,4
1705,WBPhenotype:0000202,phenotype,alae variant,8
1706,Xenbase:XB-GENE-479691,gene,psmb7.2,4
1707,MONARCH:APO_0000149APO_0000003,phenotype,protein/peptide accumulation:decreased,8
1708,HP:0011851,phenotype,Hemopericardium,8
1709,MP:0001901,phenotype,absence of NMDA-mediated synaptic currents,8
1710,ENSEMBL:ENSECAG00000010011,gene,ENSEMBL:ENSECAG00000010011,4
1711,ZP:0018478,phenotype,"acetylcholine-gated channel complex myotome increased area, abnormal",8
1712,MP:0005332,phenotype,abnormal amino acid level,8
1713,HP:0002515,phenotype,Waddling gait,8
1714,ENSEMBL:ENSACAG00000002543,gene,ENSEMBL:ENSACAG00000002543,4
1715,ZP:0006749,phenotype,"brain vasculature decreased functionality, abnormal",8
1716,ZFIN:ZDB-GENE-120409-2,gene,gemin7,4
1717,HP:0000842,phenotype,Hyperinsulinemia,8
1718,ZP:0003402,phenotype,"ventricular zone damaged, abnormal",8
1719,ENSEMBL:ENSMMUG00000018254,gene,ENSEMBL:ENSMMUG00000018254,4
1720,ENSEMBL:ENSPTRG00000018630,gene,ENSEMBL:ENSPTRG00000018630,4
1721,ZFIN:ZDB-GENE-070103-4,gene,nefmb,4
1722,HGNC:16716,gene,DHX30,4
1723,ENSEMBL:ENSGALG00000012297,gene,ENSEMBL:ENSGALG00000012297,4
1724,EFO:0005763,phenotype,pulse pressure measurement,8
1725,FlyBase:FBgn0263391,gene,hts,4
1726,FlyBase:FBgn0042712,gene,HBS1,4
1727,ENSEMBL:ENSMMUG00000020109,gene,ENSEMBL:ENSMMUG00000020109,4
1728,ENSEMBL:ENSCAFG00000019833,gene,ENSEMBL:ENSCAFG00000019833,4
1729,WBPhenotype:0000119,phenotype,protein expression increased,8
1730,ZP:0018636,phenotype,"atrioventricular canal increased distribution, abnormal",8
1731,ZP:0000945,phenotype,"pigment cell quality, abnormal",8
1732,MP:0005635,phenotype,decreased circulating bilirubin level,8
1733,ENSEMBL:ENSECAG00000024841,gene,ENSEMBL:ENSECAG00000024841,4
1734,WormBase:WBGene00010677,gene,gtbp-1,4
1735,ZP:0011932,phenotype,"nuclear pore retina malformed, abnormal",8
1736,MONDO:0000129,phenotype,glutaric aciduria,8
1737,ENSEMBL:ENSSSCG00000014804,gene,LAMTOR1,4
1738,ZP:0103451,phenotype,"angiogenic sprout central artery complexity, abnormal",8
1739,MGI:2447670,gene,Mgrn1,4
1740,ZP:0102473,phenotype,"cilium retina absent, abnormal",8
1741,Xenbase:XB-GENE-487200,gene,ctnnb1,4
1742,ZP:0000541,phenotype,"cardiac muscle cell ventricular myocardium increased amount, abnormal",8
1743,ZFIN:ZDB-GENE-980605-9,gene,ube2kb,4
1744,Xenbase:XB-GENE-972413,gene,dnajb6,4
1745,ENSEMBL:ENSFCAG00000003400,gene,ENSEMBL:ENSFCAG00000003400,4
1746,MONARCH:APO_0000309APO_0000004,phenotype,respiratory growth:increased,8
1747,HGNC:28796,gene,MRFAP1L1,4
1748,WBPhenotype:0001029,phenotype,patchy coloration,8
1749,APO:0000097,phenotype,auxotrophy,8
1750,MP:0008170,phenotype,decreased B-1b cell number,8
1751,ENSEMBL:ENSACAG00000011069,gene,ENSEMBL:ENSACAG00000011069,4
1752,MP:0011032,phenotype,impaired branching involved in terminal bronchiole morphogenesis,8
1753,WBPhenotype:0000605,phenotype,reproductive system morphology variant,8
1754,ZP:0016188,phenotype,"neuroepithelial cell apoptotic, abnormal",8
1755,ZP:0137506,phenotype,"secondary motor neuron process quality axon guidance, abnormal",8
1756,HGNC:3274,gene,EIF3G,4
1757,SGD:S000002803,gene,SXM1,4
1758,MP:0009146,phenotype,abnormal pancreatic acinar cell morphology,8
1759,HP:0001065,phenotype,Striae distensae,8
1760,MP:0003858,phenotype,enhanced coordination,8
1761,ENSEMBL:ENSMODG00000007594,gene,ENSEMBL:ENSMODG00000007594,4
1762,ENSEMBL:ENSMMUG00000007430,gene,ENSEMBL:ENSMMUG00000007430,4
1763,ENSEMBL:ENSMMUG00000011622,gene,ENSEMBL:ENSMMUG00000011622,4
1764,MGI:1917821,gene,Tcerg1l,4
1765,ENSEMBL:ENSACAG00000012815,gene,ENSEMBL:ENSACAG00000012815,4
1766,ENSEMBL:ENSPTRG00000020087,gene,ENSEMBL:ENSPTRG00000020087,4
1767,HP:0012647,phenotype,Abnormal inflammatory response,8
1768,ENSEMBL:ENSPTRG00000013695,gene,ENSEMBL:ENSPTRG00000013695,4
1769,EFO:0009589,phenotype,worry measurement,8
1770,ENSEMBL:ENSACAG00000014733,gene,ENSEMBL:ENSACAG00000014733,4
1771,ENSEMBL:ENSPTRG00000015878,gene,ENSEMBL:ENSPTRG00000015878,4
1772,ENSEMBL:ENSECAG00000024945,gene,ENSEMBL:ENSECAG00000024945,4
1773,ZP:0005495,phenotype,"atrium decreased contractility, abnormal",8
1774,ENSEMBL:ENSACAG00000021018,gene,ENSEMBL:ENSACAG00000021018,4
1775,ENSEMBL:ENSCAFG00000008647,gene,TKT,4
1776,ENSEMBL:ENSGALG00000008677,gene,ENSEMBL:ENSGALG00000008677,4
1777,ENSEMBL:ENSOANG00000009047,gene,ENSEMBL:ENSOANG00000009047,4
1778,ENSEMBL:ENSGALG00000003950,gene,ENSEMBL:ENSGALG00000003950,4
1779,ENSEMBL:ENSMMUG00000004484,gene,ENSEMBL:ENSMMUG00000004484,4
1780,WormBase:WBGene00020166,gene,T02G5.7,4
1781,dictyBase:DDB_G0279721,gene,ubqH,4
1782,MGI:107157,gene,Sin3a,4
1783,WormBase:WBGene00001684,gene,gpd-2,4
1784,HP:0008959,phenotype,Distal upper limb muscle weakness,8
1785,ZFIN:ZDB-GENE-030131-5379,gene,kdm5ba,4
1786,MP:0001052,phenotype,abnormal innervation pattern to muscle,8
1787,HGNC:15577,gene,EPPK1,4
1788,ENSEMBL:ENSMMUG00000040393,gene,ENSEMBL:ENSMMUG00000040393,4
1789,ENSEMBL:ENSBTAG00000038103,gene,DPPA4,4
1790,WBPhenotype:0000195,phenotype,distal tip cell migration variant,8
1791,ENSEMBL:ENSMODG00000017882,gene,ENSEMBL:ENSMODG00000017882,4
1792,ENSEMBL:ENSOANG00000013033,gene,ENSEMBL:ENSOANG00000013033,4
1793,MP:0008049,phenotype,increased memory T cell number,8
1794,ENSEMBL:ENSSSCG00000038436,gene,HYPK,4
1795,HGNC:17597,gene,NCDN,4
1796,RGD:1561602,gene,Nlk,4
1797,RGD:628886,gene,Optn,4
1798,HP:0003811,phenotype,Neonatal death,8
1799,MP:0009763,phenotype,increased sensitivity to induced morbidity/mortality,8
1800,RGD:2318303,gene,LOC100362384,4
1801,ZFIN:ZDB-GENE-030909-13,gene,tktb,4
1802,WormBase:WBGene00011995,gene,rsf-1,4
1803,MP:0008213,phenotype,absent immature B cells,8
1804,MP:0013203,phenotype,abnormal primary cilium morphology,8
1805,HP:0004373,phenotype,Focal dystonia,8
1806,MP:0009506,phenotype,abnormal mammary gland alveolus morphology,8
1807,ZP:0018114,phenotype,"enteric neuron intestine decreased amount, abnormal",8
1808,ZP:0007403,phenotype,"ceratobranchial 5 tooth decreased amount, abnormal",8
1809,MGI:5432177,genotype,Gt(ROSA)26Sor<tm49(HTT)Arte>/Gt(ROSA)26Sor<+> [Not Specified],6
1810,ENSEMBL:ENSCAFG00000014620,gene,ENSEMBL:ENSCAFG00000014620,4
1811,WBPhenotype:0001972,phenotype,germ cell compartment multinucleate,8
1812,WBPhenotype:0000345,phenotype,VPC cell division variant,8
1813,MONARCH:APO_0000310APO_0000003,phenotype,growth in exponential phase:decreased,8
1814,MP:0002966,phenotype,decreased circulating alkaline phosphatase level,8
1815,WormBase:WBGene00002637,gene,let-418,4
1816,ENSEMBL:ENSOANG00000009993,gene,ENSEMBL:ENSOANG00000009993,4
1817,HP:0011443,phenotype,Abnormality of coordination,8
1818,MP:0003877,phenotype,abnormal serotonergic neuron morphology,8
1819,ENSEMBL:ENSSSCG00000033082,gene,HGS,4
1820,Xenbase:XB-GENE-961670,gene,ppp1cb,4
1821,MP:0008641,phenotype,increased circulating interleukin-1 beta level,8
1822,ENSEMBL:ENSPTRG00000009578,gene,ENSEMBL:ENSPTRG00000009578,4
1823,ENSEMBL:ENSMMUG00000015192,gene,ENSEMBL:ENSMMUG00000015192,4
1824,MP:0005348,phenotype,increased T cell proliferation,8
1825,WBPhenotype:0000641,phenotype,activity level variant,8
1826,ENSEMBL:ENSOANG00000012459,gene,ENSEMBL:ENSOANG00000012459,4
1827,FlyBase:FBgn0034646,gene,Rae1,4
1828,WormBase:WBGene00002075,gene,imb-1,4
1829,APO:0000113,phenotype,viable,8
1830,ENSEMBL:ENSGALG00000040016,gene,PPP1CA,4
1831,SGD:S000000912,gene,KAP123,4
1832,ENSEMBL:ENSACAG00000003643,gene,ENSEMBL:ENSACAG00000003643,4
1833,MONARCH:APO_0000028APO_0000005,phenotype,invasive growth:absent,8
1834,HP:0007495,phenotype,Prematurely aged appearance,8
1835,MP:0001973,phenotype,increased thermal nociceptive threshold,8
1836,PomBase:SPBC28F2.12,gene,rpb1,4
1837,NCBIGene:101735222,gene,LOC101735222,4
1838,HP:0001699,phenotype,Sudden death,8
1839,ENSEMBL:ENSACAG00000009052,gene,ENSEMBL:ENSACAG00000009052,4
1840,ENSEMBL:ENSCAFG00000018930,gene,GIT1,4
1841,dictyBase:DDB_G0289909,gene,DDB0188631,4
1842,WormBase:WBGene00004819,gene,skr-13,4
1843,ENSEMBL:ENSMMUG00000005780,gene,ENSEMBL:ENSMMUG00000005780,4
1844,EnsemblGenome:AT1G80780,gene,EnsemblGenome:AT1G80780,4
1845,HP:0000454,phenotype,Flared nostrils,8
1846,ENSEMBL:ENSGALG00000004306,gene,ENSEMBL:ENSGALG00000004306,4
1847,ZP:0015258,phenotype,"primary motor neuron structure, abnormal",8
1848,ZFIN:ZDB-GENE-040426-1922,gene,eif3i,4
1849,dictyBase:DDB_G0281363,gene,DDB0204159,4
1850,HP:0200058,phenotype,Angiosarcoma,8
1851,HP:0003261,phenotype,Increased circulating IgA level,8
1852,ENSEMBL:ENSMODG00000004179,gene,ENSEMBL:ENSMODG00000004179,4
1853,ENSEMBL:ENSCAFG00000023133,gene,ENSEMBL:ENSCAFG00000023133,4
1854,MP:0003122,phenotype,maternal imprinting,8
1855,RGD:1562602,gene,Pml,4
1856,ENSEMBL:ENSBTAG00000020357,gene,ENSEMBL:ENSBTAG00000020357,4
1857,dictyBase:DDB_G0292120,gene,cnrK,4
1858,ClinVarVariant:225541,variant,NM_002111.8(HTT):c.4463+1G>A,10
1859,ENSEMBL:ENSECAG00000008338,gene,ENSEMBL:ENSECAG00000008338,4
1860,HGNC:9284,gene,PPP1R10,4
1861,ENSEMBL:ENSFCAG00000000566,gene,ENSEMBL:ENSFCAG00000000566,4
1862,WBPhenotype:0001621,phenotype,organism oxidative stress response hypersensitive,8
1863,HP:0001798,phenotype,Anonychia,8
1864,ENSEMBL:ENSBTAG00000002707,gene,IPO4,4
1865,RGD:628747,gene,Etfa,4
1866,WormBase:WBGene00009027,gene,F21G4.6,4
1867,MP:0000872,phenotype,abnormal cerebellum external granule cell layer morphology,8
1868,ENSEMBL:ENSECAG00000012035,gene,ENSEMBL:ENSECAG00000012035,4
1869,HP:0011718,phenotype,Abnormality of the pulmonary veins,8
1870,ENSEMBL:ENSGALG00000031131,gene,ENSEMBL:ENSGALG00000031131,4
1871,HGNC:10548,gene,ATXN1,4
1872,WBPhenotype:0002057,phenotype,Bacillus thuringiensis toxin hypersensitive,8
1873,GO:0044325,molecular function,transmembrane transporter binding,7
1874,ENSEMBL:ENSBTAG00000001398,gene,ATP2A2,4
1875,MP:0008495,phenotype,decreased IgG1 level,8
1876,ZFIN:ZDB-GENE-091204-452,gene,psme4a,4
1877,ENSEMBL:ENSMODG00000024179,gene,ENSEMBL:ENSMODG00000024179,4
1878,ENSEMBL:ENSFCAG00000000591,gene,ENSEMBL:ENSFCAG00000000591,4
1879,HP:0011097,phenotype,Epileptic spasm,8
1880,ENSEMBL:ENSMODG00000044770,gene,ENSEMBL:ENSMODG00000044770,4
1881,MP:0000814,phenotype,absent dentate gyrus,8
1882,MP:0009971,phenotype,decreased hippocampus pyramidal cell number,8
1883,ENSEMBL:ENSCAFG00000016648,gene,MTOR,4
1884,HP:0010830,phenotype,Impaired tactile sensation,8
1885,RGD:1302939,gene,Eef1g,4
1886,ENSEMBL:ENSGALG00000008163,gene,ENSEMBL:ENSGALG00000008163,4
1887,WormBase:WBGene00006791,gene,unc-57,4
1888,ENSEMBL:ENSOANG00000028768,gene,ENSEMBL:ENSOANG00000028768,4
1889,ZP:0002294,phenotype,"gut decreased size, abnormal",8
1890,MP:0002722,phenotype,abnormal immune system organ morphology,8
1891,WBPhenotype:0002076,phenotype,cortical granule exocytosis variant,8
1892,ENSEMBL:ENSACAG00000010232,gene,ENSEMBL:ENSACAG00000010232,4
1893,HP:0000609,phenotype,Optic nerve hypoplasia,8
1894,HP:0002073,phenotype,Progressive cerebellar ataxia,8
1895,ENSEMBL:ENSMODG00000008861,gene,ENSEMBL:ENSMODG00000008861,4
1896,WormBase:WBGene00022710,gene,ZK354.9,4
1897,ENSEMBL:ENSFCAG00000045185,gene,ENSEMBL:ENSFCAG00000045185,4
1898,HP:0002131,phenotype,Episodic ataxia,8
1899,ENSEMBL:ENSGALG00000004509,gene,ENSEMBL:ENSGALG00000004509,4
1900,ENSEMBL:ENSFCAG00000002182,gene,ENSEMBL:ENSFCAG00000002182,4
1901,dictyBase:DDB_G0277089,gene,dictyBase:DDB_G0277089,4
1902,MGI:1927140,gene,Git1,4
1903,MGI:700012,gene,Ostf1,4
1904,ENSEMBL:ENSMMUG00000011612,gene,ENSEMBL:ENSMMUG00000011612,4
1905,MP:0002753,phenotype,dilated heart left ventricle,8
1906,ENSEMBL:ENSFCAG00000031909,gene,ENSEMBL:ENSFCAG00000031909,4
1907,WBPhenotype:0000632,phenotype,axon fasciculation variant,8
1908,WormBase:WBGene00020086,gene,npr-24,4
1909,ENSEMBL:ENSSSCG00000005590,gene,ENSEMBL:ENSSSCG00000005590,4
1910,681,drug,clioquinol,3
1911,ZP:0008040,phenotype,"Z disc cardiac muscle cell broken, abnormal",8
1912,ENSEMBL:ENSCAFG00000019944,gene,J9NXZ3,4
1913,RGD:619708,gene,Fez1,4
1914,ZFIN:ZDB-GENE-080214-5,gene,hspb15,4
1915,dictyBase:DDB_G0284329,gene,gefA,4
1916,PomBase:SPBC2G2.06c,gene,apl1,4
1917,HGNC:8878,gene,PFKP,4
1918,dictyBase:DDB_G0278847,gene,psmA6,4
1919,RGD:1561019,gene,Gprasp2,4
1920,MONARCH:APO_0000209APO_0000005,phenotype,protein/peptide distribution:absent,8
1921,WBPhenotype:0000207,phenotype,defecation cycle variant,8
1922,Xenbase:XB-GENE-1015302,gene,st13,4
1923,ZP:0000944,phenotype,"photoreceptor cell retinal photoreceptor layer absent, abnormal",8
1924,WormBase:WBGene00004323,gene,rde-1,4
1925,HP:0001671,phenotype,Abnormal cardiac septum morphology,8
1926,WBPhenotype:0001882,phenotype,aneuploidy,8
1927,ENSEMBL:ENSSSCG00000011158,gene,PFKP,4
1928,ENSEMBL:ENSBTAG00000001755,gene,ENSEMBL:ENSBTAG00000001755,4
1929,ENSEMBL:ENSMMUG00000044809,gene,ENSEMBL:ENSMMUG00000044809,4
1930,ENSEMBL:ENSPTRG00000007537,gene,ENSEMBL:ENSPTRG00000007537,4
1931,MP:0008411,phenotype,decreased cellular sensitivity to ultraviolet irradiation,8
1932,ENSEMBL:ENSMODG00000013903,gene,ENSEMBL:ENSMODG00000013903,4
1933,ENSEMBL:ENSOANG00000048246,gene,ENSEMBL:ENSOANG00000048246,4
1934,ENSEMBL:ENSSSCG00000001396,gene,SLA-8,4
1935,ENSEMBL:ENSOANG00000009358,gene,ENSEMBL:ENSOANG00000009358,4
1936,WBPhenotype:0000748,phenotype,asymmetric cell division defective early emb,8
1937,MP:0004502,phenotype,decreased incidence of tumors by chemical induction,8
1938,ENSEMBL:ENSCAFG00000005434,gene,J9NTC2,4
1939,ZP:0005993,phenotype,"retinal photoreceptor layer morphology, abnormal",8
1940,MP:0001176,phenotype,abnormal lung development,8
1941,MP:0008451,phenotype,retinal rod cell degeneration,8
1942,HP:0011611,phenotype,Interrupted aortic arch,8
1943,ENSEMBL:ENSCAFG00000032222,gene,DLA-64,4
1944,ENSEMBL:ENSMMUG00000013717,gene,ENSEMBL:ENSMMUG00000013717,4
1945,ZFIN:ZDB-GENE-030131-458,gene,ipo7,4
1946,MP:0003628,phenotype,abnormal leukocyte adhesion,8
1947,ENSEMBL:ENSRNOG00000001893,gene,ENSEMBL:ENSRNOG00000001893,4
1948,MP:0004937,phenotype,dilated heart,8
1949,HP:0011487,phenotype,Increased corneal thickness,8
1950,ZFIN:ZDB-GENE-060526-307,gene,msh3,4
1951,ENSEMBL:ENSMODG00000025182,gene,ENSEMBL:ENSMODG00000025182,4
1952,MP:0010947,phenotype,abnormal single-strand DNA break repair,8
1953,WBPhenotype:0001482,phenotype,frequency body bend reduced,8
1954,HGNC:903,gene,AXIN1,4
1955,FlyBase:FBgn0003132,gene,Pp1-13C,4
1956,HP:0000104,phenotype,Renal agenesis,8
1957,ENSEMBL:ENSMMUG00000018353,gene,ENSEMBL:ENSMMUG00000018353,4
1958,ENSEMBL:ENSPTRG00000045869,gene,ENSEMBL:ENSPTRG00000045869,4
1959,MP:0004521,phenotype,abnormal cochlear hair cell stereociliary bundle morphology,8
1960,ENSEMBL:ENSMMUG00000015302,gene,ENSEMBL:ENSMMUG00000015302,4
1961,HGNC:31326,gene,ATXN2L,4
1962,ENSEMBL:ENSPTRG00000013415,gene,ENSEMBL:ENSPTRG00000013415,4
1963,MONARCH:APO_0000100APO_0000245,phenotype,nutrient uptake:decreased rate,8
1964,ENSEMBL:ENSFCAG00000029288,gene,ENSEMBL:ENSFCAG00000029288,4
1965,HGNC:3016,gene,DPYSL4,4
1966,ENSEMBL:ENSFCAG00000003545,gene,ENSEMBL:ENSFCAG00000003545,4
1967,HP:0001561,phenotype,Polyhydramnios,8
1968,MP:0008088,phenotype,abnormal T-helper 1 cell differentiation,8
1969,ZP:0001793,phenotype,"pancreas decreased size, abnormal",8
1970,RGD:1307924,gene,Morc3,4
1971,WBPhenotype:0000518,phenotype,development phenotype,8
1972,ZP:0008073,phenotype,"M band skeletal muscle cell disorganized, abnormal",8
1973,dictyBase:DDB_G0269252,gene,gefE,4
1974,MP:0003873,phenotype,pharyngeal arch hypoplasia,8
1975,MP:0009760,phenotype,abnormal mitotic spindle morphology,8
1976,ENSEMBL:ENSFCAG00000000623,gene,ENSEMBL:ENSFCAG00000000623,4
1977,ZP:0001542,phenotype,"cardiac muscle cell increased size, abnormal",8
1978,ENSEMBL:ENSCAFG00000011570,gene,ENSEMBL:ENSCAFG00000011570,4
1979,ZFIN:ZDB-GENE-061215-15,gene,zgc:158640,4
1980,WBPhenotype:0001294,phenotype,head bent,8
1981,HGNC:12558,gene,ULK1,4
1982,SGD:S000003095,gene,SOH1,4
1983,ZP:0008039,phenotype,"Z disc cardiac muscle cell increased width, abnormal",8
1984,ZP:0011757,phenotype,"atrium morphology, abnormal",8
1985,878,drug,difenoxin,3
1986,RGD:3731,gene,Sod1,4
1987,ZP:0007116,phenotype,"epithelial structure maintenance disrupted, abnormal",8
1988,ZP:0000906,phenotype,"Meckel's cartilage aplastic, abnormal",8
1989,ZP:0137438,phenotype,"retinal pigmented epithelium decreased area, abnormal",8
1990,Xenbase:XB-GENE-5961407,gene,mr1-like,4
1991,ZFIN:ZDB-GENE-030131-5107,gene,hmg20a,4
1992,HP:0100785,phenotype,Insomnia,8
1993,ZP:0000126,phenotype,"Meckel's cartilage malformed, abnormal",8
1994,ENSEMBL:ENSPTRG00000008357,gene,ENSEMBL:ENSPTRG00000008357,4
1995,FBcv:0002037,phenotype,majority die during embryonic stage,8
1996,MGI:1913929,gene,Rae1,4
1997,ZP:0002890,phenotype,"determination of left/right asymmetry in lateral mesoderm process quality, abnormal",8
1998,HGNC:7957,gene,NPY2R,4
1999,ENSEMBL:ENSECAG00000016216,gene,ENSEMBL:ENSECAG00000016216,4
2000,ENSEMBL:ENSGALG00000013738,gene,OPTN,4
2001,ENSEMBL:ENSGALG00000040474,gene,ENSEMBL:ENSGALG00000040474,4
2002,ENSEMBL:ENSMODG00000042018,gene,ENSEMBL:ENSMODG00000042018,4
2003,FBcv:0000415,phenotype,abnormal jumping,8
2004,Xenbase:XB-GENE-959752,gene,csnk2a1,4
2005,ENSEMBL:ENSMMUG00000021276,gene,ENSEMBL:ENSMMUG00000021276,4
2006,WBPhenotype:0002122,phenotype,persistence of paternal mitochondria,8
2007,HP:0030955,phenotype,Alcoholism,8
2008,ZP:0000474,phenotype,"neuron degenerate, abnormal",8
2009,dictyBase:DDB_G0274301,gene,DDB0167813,4
2010,ENSEMBL:ENSMODG00000003074,gene,ENSEMBL:ENSMODG00000003074,4
2011,MP:0013213,phenotype,abnormal embryonic neuroepithelium primary cilium morphology,8
2012,MP:0003329,phenotype,amyloid beta deposits,8
2013,HGNC:25031,gene,PRPF40B,4
2014,MP:0003420,phenotype,delayed intramembranous bone ossification,8
2015,PomBase:SPBC25B2.01,gene,hbs1,4
2016,ENSEMBL:ENSPTRG00000015794,gene,ENSEMBL:ENSPTRG00000015794,4
2017,ZP:0001609,phenotype,"head morphology, abnormal",8
2018,RGD:1305513,gene,Rnf31,4
2019,MP:0030927,phenotype,decreased telomere length,8
2020,WBPhenotype:0001412,phenotype,alae morphology variant,8
2021,MP:0003996,phenotype,clonic seizures,8
2022,ENSEMBL:ENSOANG00000007125,gene,ENSEMBL:ENSOANG00000007125,4
2023,WBPhenotype:0000140,phenotype,stress induced arrest variant,8
2024,ENSEMBL:ENSBTAG00000021569,gene,DDB1,4
2025,Coriell:GM06767,biological artifact,NIGMS-GM06767,0
2026,MGI:1921575,gene,Cltb,4
2027,ZFIN:ZDB-GENE-040426-810,gene,psmd1,4
2028,ENSEMBL:ENSMMUG00000012481,gene,ENSEMBL:ENSMMUG00000012481,4
2029,MP:0004974,phenotype,decreased regulatory T cell number,8
2030,dictyBase:DDB_G0271868,gene,gefS,4
2031,WBPhenotype:0000510,phenotype,vulval invagination variant L4,8
2032,MONARCH:APO_0000027APO_0000004,phenotype,filamentous growth:increased,8
2033,WBPhenotype:0001945,phenotype,oocytes small,8
2034,MP:0000136,phenotype,abnormal microglial cell morphology,8
2035,RGD:2543,gene,Egfr,4
2036,HGNC:7734,gene,NEFM,4
2037,ENSEMBL:ENSGALG00000045705,gene,H2AFX,4
2038,dbSNP:rs2024115,variant,rs2024115-G,10
2039,ENSEMBL:ENSPTRG00000048329,gene,ENSEMBL:ENSPTRG00000048329,4
2040,PomBase:SPBC16A3.09c,gene,ufd1,4
2041,WormBase:WBGene00022855,gene,tcer-1,4
2042,PomBase:SPAC31A2.04c,gene,pre1,4
2043,HP:0009921,phenotype,Duane anomaly,8
2044,FlyBase:FBgn0020378,gene,Sp1,4
2045,HP:0011147,phenotype,Typical absence seizure,8
2046,ZP:0003401,phenotype,"white matter brain damaged, abnormal",8
2047,ENSEMBL:ENSSSCG00000040663,gene,HERPUD1,4
2048,ENSEMBL:ENSGALG00000009450,gene,DUSP10,4
2049,MP:0011088,phenotype,"neonatal lethality, incomplete penetrance",8
2050,MP:0013907,phenotype,abnormal cerebrospinal fluid flow,8
2051,WBPhenotype:0001215,phenotype,germ cell mitosis variant,8
2052,MP:0003993,phenotype,abnormal ventral spinal root morphology,8
2053,ENSEMBL:ENSCAFG00000010878,gene,TCERG1L,4
2054,MP:0005377,phenotype,hearing/vestibular/ear phenotype,8
2055,759,drug,cycloserine,3
2056,MP:0011969,phenotype,abnormal circulating triglyceride level,8
2057,HP:0012638,phenotype,Abnormal nervous system physiology,8
2058,HP:0100257,phenotype,Ectrodactyly,8
2059,ENSEMBL:ENSMODG00000010180,gene,ENSEMBL:ENSMODG00000010180,4
2060,HP:0001388,phenotype,Joint laxity,8
2061,ENSEMBL:ENSMODG00000024959,gene,ENSEMBL:ENSMODG00000024959,4
2062,ENSEMBL:ENSGALG00000049444,gene,MICA,4
2063,ENSEMBL:ENSCAFG00000001886,gene,H9GW49,4
2064,FlyBase:FBgn0001230,gene,Hsp68,4
2065,ENSEMBL:ENSMMUG00000013115,gene,ENSEMBL:ENSMMUG00000013115,4
2066,SGD:S000006100,gene,PPQ1,4
2067,ZP:0000832,phenotype,"mechanosensory behavior disrupted, abnormal",8
2068,MP:0001633,phenotype,poor circulation,8
2069,Xenbase:XB-GENE-974195,gene,commd4,4
2070,HGNC:20635,gene,PSME4,4
2071,MP:0001106,phenotype,abnormal Schwann cell morphology,8
2072,WormBase:WBGene00006943,gene,wrm-1,4
2073,ENSEMBL:ENSCAFG00000012961,gene,ENSEMBL:ENSCAFG00000012961,4
2074,ENSEMBL:ENSECAG00000013510,gene,ENSEMBL:ENSECAG00000013510,4
2075,FlyBase:FBgn0032516,gene,Ing5,4
2076,WBPhenotype:0001180,phenotype,accumulated germline cell corpses,8
2077,RGD:2259,gene,Calm3,4
2078,ENSEMBL:ENSGALG00000004215,gene,WIPI1,4
2079,MONARCH:APO_0000059APO_0000002,phenotype,vacuolar morphology:abnormal,8
2080,ENSEMBL:ENSSSCG00000024119,gene,GLB1,4
2081,ENSEMBL:ENSCAFG00000010218,gene,ENSEMBL:ENSCAFG00000010218,4
2082,WormBase:WBGene00006424,gene,ctbp-1,4
2083,RGD:735223,gene,Ikbkg,4
2084,ENSEMBL:ENSSSCG00000003660,gene,ENSEMBL:ENSSSCG00000003660,4
2085,4138,drug,gentian violet,3
2086,SGD:S000001410,gene,RPL40A,4
2087,MGI:1914164,gene,Vps28,4
2088,5220,drug,naldemedine,3
2089,ZP:0008322,phenotype,"brain morphogenesis process quality, abnormal",8
2090,HP:0001396,phenotype,Cholestasis,8
2091,dictyBase:DDB_G0269918,gene,mpl1,4
2092,MONARCH:APO_0000209APO_0000002,phenotype,protein/peptide distribution:abnormal,8
2093,MP:0006322,phenotype,abnormal perichondrium morphology,8
2094,ENSEMBL:ENSMMUG00000013613,gene,ENSEMBL:ENSMMUG00000013613,4
2095,ZP:0001432,phenotype,"whole organism morphology, abnormal",8
2096,ZP:0002288,phenotype,"nerve peripheral nervous system neoplastic, abnormal",8
2097,WBPhenotype:0000667,phenotype,gonad displaced,8
2098,FlyBase:FBgn0035540,gene,Syx17,4
2099,MP:0010572,phenotype,persistent right dorsal aorta,8
2100,ENSEMBL:ENSPTRG00000003063,gene,ENSEMBL:ENSPTRG00000003063,4
2101,MP:0009355,phenotype,increased liver triglyceride level,8
2102,ENSEMBL:ENSMODG00000006104,gene,ENSEMBL:ENSMODG00000006104,4
2103,Xenbase:XB-GENE-1014070,gene,msh3,4
2104,PomBase:SPAPB8E5.09,gene,rvb1,4
2105,MP:0014040,phenotype,increased cellular sensitivity to DNA damaging agents,8
2106,MONARCH:APO_0000053APO_0000002,phenotype,cell wall morphology:abnormal,8
2107,MP:0000951,phenotype,sporadic seizures,8
2108,ENSEMBL:ENSACAG00000004345,gene,ENSEMBL:ENSACAG00000004345,4
2109,ENSEMBL:ENSMODG00000001673,gene,ENSEMBL:ENSMODG00000001673,4
2110,ENSEMBL:ENSGALG00000000317,gene,NEFM,4
2111,HP:0008081,phenotype,Pes valgus,8
2112,4706,drug,sodium aurothiomalate,3
2113,FlyBase:FBgn0024556,gene,mEFTu1,4
2114,Xenbase:XB-GENE-1008908,gene,chd3,4
2115,MP:0008143,phenotype,abnormal dendrite morphology,8
2116,ENSEMBL:ENSECAG00000010324,gene,ENSEMBL:ENSECAG00000010324,4
2117,HP:0200042,phenotype,Skin ulcer,8
2118,Xenbase:XB-GENE-991688,gene,m6pr,4
2119,MP:0011014,phenotype,decreased core body temperature,8
2120,HP:0006274,phenotype,Reduced pancreatic beta cells,8
2121,ENSEMBL:ENSMODG00000003801,gene,ENSEMBL:ENSMODG00000003801,4
2122,ENSEMBL:ENSECAG00000021306,gene,ENSEMBL:ENSECAG00000021306,4
2123,ZFIN:ZDB-FISH-170608-4,genotype,<zf602Tg>/<?>; <zf701Tg>/<?> [unspecified background],6
2124,HP:0001138,phenotype,Optic neuropathy,8
2125,ENSEMBL:ENSBTAG00000019386,gene,BOLA-NC1,4
2126,dbSNP:rs363096,variant,rs363096-C,10
2127,HGNC:9792,gene,RAB9A,4
2128,ENSEMBL:ENSMMUG00000020471,gene,ENSEMBL:ENSMMUG00000020471,4
2129,ENSEMBL:ENSOANG00000008521,gene,ENSEMBL:ENSOANG00000008521,4
2130,ENSEMBL:ENSOANG00000013418,gene,ENSEMBL:ENSOANG00000013418,4
2131,ENSEMBL:ENSECAG00000006626,gene,ENSEMBL:ENSECAG00000006626,4
2132,ENSEMBL:ENSXETG00000009064,gene,ENSEMBL:ENSXETG00000009064,4
2133,WormBase:WBGene00004101,gene,hgrs-1,4
2134,HP:0003179,phenotype,Protrusio acetabuli,8
2135,ZP:0003853,phenotype,"grey matter morphology, abnormal",8
2136,MGI:95294,gene,Egfr,4
2137,FlyBase:FBgn0037770,gene,Art4,4
2138,ENSEMBL:ENSCAFG00000017516,gene,CALM1,4
2139,MP:0000495,phenotype,abnormal colon morphology,8
2140,RGD:1308888,gene,Dhx30,4
2141,MP:0002840,phenotype,abnormal lens fiber morphology,8
2142,ENSEMBL:ENSMMUG00000007972,gene,ENSEMBL:ENSMMUG00000007972,4
2143,dictyBase:DDB_G0277913,gene,gefJ,4
2144,HP:0012767,phenotype,Abnormal placental size,8
2145,ENSEMBL:ENSGALG00000002765,gene,ENSEMBL:ENSGALG00000002765,4
2146,ENSEMBL:ENSCAFG00000008345,gene,A0A5F4CBY6,4
2147,HP:0031589,phenotype,Suicidal ideation,8
2148,P31749,gene product,RAC-alpha serine/threonine-protein kinase,5
2149,ENSEMBL:ENSXETG00000035922,gene,ENSEMBL:ENSXETG00000035922,4
2150,ENSEMBL:ENSPTRG00000021656,gene,ENSEMBL:ENSPTRG00000021656,4
2151,HP:0000387,phenotype,Absent earlobe,8
2152,Xenbase:XB-GENE-974596,gene,psma7,4
2153,4359,drug,bosutinib,3
2154,ENSEMBL:ENSFCAG00000002669,gene,ENSEMBL:ENSFCAG00000002669,4
2155,MP:0004056,phenotype,abnormal myocardium compact layer morphology,8
2156,ENSEMBL:ENSPTRG00000019057,gene,ENSEMBL:ENSPTRG00000019057,4
2157,WBPhenotype:0000668,phenotype,endomitotic oocytes,8
2158,ZP:0008966,phenotype,"T cell decreased amount, abnormal",8
2159,ZFIN:ZDB-GENE-111115-4,gene,npy2rl,4
2160,ZP:0004045,phenotype,"head immature, abnormal",8
2161,MP:0008191,phenotype,abnormal follicular B cell physiology,8
2162,ENSEMBL:ENSFCAG00000045670,gene,ENSEMBL:ENSFCAG00000045670,4
2163,ENSEMBL:ENSGALG00000039755,gene,LOC112531360,4
2164,Xenbase:XB-GENE-920944,gene,map3k10,4
2165,SGD:S000003272,gene,KSS1,4
2166,EFO:0004612,phenotype,high density lipoprotein cholesterol measurement,8
2167,ENSEMBL:ENSOANG00000013220,gene,ENSEMBL:ENSOANG00000013220,4
2168,ENSEMBL:ENSPTRG00000021055,gene,ENSEMBL:ENSPTRG00000021055,4
2169,WormBase:WBGene00020511,gene,immt-1,4
2170,WormBase:WBGene00003952,gene,pbs-6,4
2171,ENSEMBL:ENSSSCG00000024285,gene,DLG4,4
2172,FlyBase:FBgn0040010,gene,CG17493,4
2173,RGD:621725,gene,Hspa8,4
2174,FlyBase:FBgn0032198,gene,eEF1delta,4
2175,dictyBase:DDB_G0283795,gene,commd3,4
2176,ENSEMBL:ENSPTRG00000002771,gene,ENSEMBL:ENSPTRG00000002771,4
2177,MP:0008014,phenotype,increased lung tumor incidence,8
2178,MONARCH:APO_0000200APO_0000002,phenotype,budding pattern:abnormal,8
2179,EnsemblGenome:AT4G31710,gene,EnsemblGenome:AT4G31710,4
2180,ZFIN:ZDB-GENE-030131-6107,gene,hgs,4
2181,ENSEMBL:ENSCAFG00000030530,gene,ENSEMBL:ENSCAFG00000030530,4
2182,FBcv:0006000,phenotype,abnormal copulation,8
2183,P42574,gene product,Caspase-3,5
2184,ENSEMBL:ENSMODG00000041797,gene,ENSEMBL:ENSMODG00000041797,4
2185,MP:0020393,phenotype,increased neuronal precursor proliferation,8
2186,dbSNP:rs12668183,variant,rs12668183-C,10
2187,ENSEMBL:ENSECAG00000007233,gene,ENSEMBL:ENSECAG00000007233,4
2188,HP:0000510,phenotype,Rod-cone dystrophy,8
2189,ENSEMBL:ENSCAFG00000002325,gene,E2RNN4,4
2190,ENSEMBL:ENSOANG00000007613,gene,ENSEMBL:ENSOANG00000007613,4
2191,ENSEMBL:ENSPTRG00000016087,gene,ENSEMBL:ENSPTRG00000016087,4
2192,ZP:0103237,phenotype,"motile cilium peripheral olfactory organ immobile, abnormal",8
2193,ZFIN:ZDB-GENE-040426-1110,gene,strap,4
2194,HP:0100891,phenotype,Bifid xiphoid process,8
2195,ZP:0002792,phenotype,"neural crest cell migration process quality, abnormal",8
2196,ENSEMBL:ENSGALG00000040896,gene,ENSEMBL:ENSGALG00000040896,4
2197,ENSEMBL:ENSMMUG00000051186,gene,ENSEMBL:ENSMMUG00000051186,4
2198,ENSEMBL:ENSPTRG00000051132,gene,ENSEMBL:ENSPTRG00000051132,4
2199,dictyBase:DDB_G0268632,gene,abpA,4
2200,dbSNP:rs73191188,variant,rs73191188-A,10
2201,ZP:0002060,phenotype,"yolk edematous, abnormal",8
2202,HP:0000114,phenotype,Proximal tubulopathy,8
2203,RGD:2840,gene,Hspa1b,4
2204,ZFIN:ZDB-GENE-990415-145,gene,mhc1uba,4
2205,ZP:0012600,phenotype,"learning process quality, abnormal",8
2206,ENSEMBL:ENSCAFG00000006006,gene,FASN,4
2207,ENSEMBL:ENSPTRG00000022819,gene,ENSEMBL:ENSPTRG00000022819,4
2208,PomBase:SPBC1709.04c,gene,cyp3,4
2209,MGI:108091,gene,Bcar1,4
2210,RGD:1565519,gene,Prmt2,4
2211,FBcv:0000709,phenotype,abnormal cell number,8
2212,HP:0012864,phenotype,Abnormal sperm morphology,8
2213,ZP:0003200,phenotype,"fourth ventricle hydrocephalic, abnormal",8
2214,EFO:0010244,phenotype,uveal melanoma disease severity,8
2215,ZP:0000242,phenotype,"sarcomere skeletal muscle disorganized, abnormal",8
2216,ENSEMBL:ENSMMUG00000003820,gene,ENSEMBL:ENSMMUG00000003820,4
2217,WBPhenotype:0001139,phenotype,nuclear envelope assembly variant early emb,8
2218,ENSEMBL:ENSMODG00000007691,gene,ENSEMBL:ENSMODG00000007691,4
2219,MP:0008261,phenotype,arrest of male meiosis,8
2220,WBPhenotype:0001781,phenotype,hypersensitivity to mutagen,8
2221,ZFIN:ZDB-GENE-030131-333,gene,wdr82,4
2222,MP:0005217,phenotype,abnormal pancreatic beta cell morphology,8
2223,WBPhenotype:0002199,phenotype,neuron calcium transient levels variant,8
2224,WBPhenotype:0001265,phenotype,head movement variant,8
2225,RGD:1305531,gene,Hspa12a,4
2226,ENSEMBL:ENSPTRG00000050230,gene,ENSEMBL:ENSPTRG00000050230,4
2227,ENSEMBL:ENSMMUG00000009015,gene,ENSEMBL:ENSMMUG00000009015,4
2228,MP:0011409,phenotype,increased renal glomerulus basement membrane thickness,8
2229,MP:0004231,phenotype,abnormal calcium ion homeostasis,8
2230,MP:0001569,phenotype,abnormal circulating bilirubin level,8
2231,MGI:4438238,genotype,Tg(HTT*97Q)LXwy [FVB-Tg(HTT*97Q)LXwy],6
2232,HP:0003117,phenotype,Abnormal circulating hormone concentration,8
2233,MGI:3711011,genotype,Htt<tm1Hay>/Htt<tm1Hay>; Tg(YAC128)53Hay [involves: C57BL/6J * FVB],6
2234,MONARCH:APO_0000224APO_0000004,phenotype,RNA accumulation:increased,8
2235,dictyBase:DDB_G0272797,gene,DDB_G0272797,4
2236,MP:0005325,phenotype,abnormal renal glomerulus morphology,8
2237,RGD:1307790,gene,Eif4e2,4
2238,SGD:S000001297,gene,CKA1,4
2239,MP:0013600,phenotype,testis degeneration,8
2240,ZP:0019987,phenotype,"neural tube closure, abnormal",8
2241,HP:0000378,phenotype,Cupped ear,8
2242,ENSEMBL:ENSMMUG00000010269,gene,ENSEMBL:ENSMMUG00000010269,4
2243,WBPhenotype:0002473,phenotype,autophagy block,8
2244,ZP:0005468,phenotype,"sensory perception of sound decreased process quality, abnormal",8
2245,ZP:0018608,phenotype,"hindbrain increased occurrence Notch signaling pathway, abnormal",8
2246,ENSEMBL:ENSOANG00000012075,gene,ENSEMBL:ENSOANG00000012075,4
2247,MP:0009695,phenotype,abnormal spinal cord ventral commissure morphology,8
2248,ENSEMBL:ENSGALG00000004629,gene,RNF216,4
2249,MGI:1916375,gene,Cnot8,4
2250,ZP:0019549,phenotype,"cleithrum decreased amount, abnormal",8
2251,MP:0001384,phenotype,abnormal pup retrieval,8
2252,HP:0002795,phenotype,Abnormal respiratory system physiology,8
2253,MP:0004806,phenotype,absent germ cells,8
2254,RGD:1310844,gene,Dusp10,4
2255,P0DP23,gene product,Calmodulin-1,5
2256,ZP:0007173,phenotype,"sarcomere slow muscle cell decreased amount, abnormal",8
2257,ENSEMBL:ENSMMUG00000000924,gene,ENSEMBL:ENSMMUG00000000924,4
2258,MGI:3647514,gene,Gm7030,4
2259,MONARCH:APO_0000074APO_0000002,phenotype,autophagy:abnormal,8
2260,ZFIN:ZDB-GENE-040426-1707,gene,skp1,4
2261,MP:0013278,phenotype,decreased fasting circulating glucose level,8
2262,ZFIN:ZDB-GENE-030131-7452,gene,g3bp1,4
2263,ZP:0019049,phenotype,"retinal photoreceptor layer mislocalised, abnormal",8
2264,MP:0011186,phenotype,abnormal visceral endoderm morphology,8
2265,MP:0006382,phenotype,abnormal lung epithelium morphology,8
2266,ZP:0001753,phenotype,"nuclear migration disrupted, abnormal",8
2267,RGD:1308509,gene,Hbs1l,4
2268,Xenbase:XB-GENE-484572,gene,carm1,4
2269,ENSEMBL:ENSECAG00000002513,gene,ENSEMBL:ENSECAG00000002513,4
2270,MP:0009118,phenotype,increased white fat cell size,8
2271,dictyBase:DDB_G0284381,gene,DDB0185981,4
2272,WBPhenotype:0001177,phenotype,embryo osmotic pressure sensitive early emb,8
2273,ZP:0000136,phenotype,"ceratobranchial cartilage decreased size, abnormal",8
2274,HP:0009466,phenotype,Radial deviation of finger,8
2275,MP:0000904,phenotype,abnormal superior colliculus morphology,8
2276,ZFIN:ZDB-GENE-061013-557,gene,snx21,4
2277,NCBITaxon:9685,taxon,Felis catus,9
2278,dictyBase:DDB_G0269926,gene,DDB0190676,4
2279,MP:0000116,phenotype,abnormal tooth development,8
2280,MP:0004539,phenotype,absent maxilla,8
2281,ENSEMBL:ENSCAFG00000016519,gene,PPARGC1A,4
2282,HGNC:5186,gene,PRMT2,4
2283,RGD:1309504,gene,Actbl2,4
2284,MP:0000278,phenotype,abnormal myocardial fiber morphology,8
2285,MP:0005517,phenotype,decreased liver regeneration,8
2286,ENSEMBL:ENSFCAG00000011548,gene,ENSEMBL:ENSFCAG00000011548,4
2287,WBPhenotype:0001323,phenotype,vesicle morphology variant,8
2288,MP:0009747,phenotype,impaired behavioral response to xenobiotic,8
2289,MGI:104783,gene,Atxn1,4
2290,MP:0012362,phenotype,increased large unstained cell number,8
2291,ZFIN:ZDB-GENE-070410-70,gene,cnot2,4
2292,ENSEMBL:ENSMODG00000050482,gene,ENSEMBL:ENSMODG00000050482,4
2293,ENSEMBL:ENSMODG00000025331,gene,ENSEMBL:ENSMODG00000025331,4
2294,MP:0012129,phenotype,failure of blastocyst formation,8
2295,ENSEMBL:ENSMODG00000006596,gene,ENSEMBL:ENSMODG00000006596,4
2296,ZP:0000621,phenotype,"eye decreased distance eye, abnormal",8
2297,ENSEMBL:ENSMMUG00000001054,gene,ENSEMBL:ENSMMUG00000001054,4
2298,ZP:0103236,phenotype,"pronephric tubule has fewer parts of type motile cilium outer dynein arm pronephric tubule, abnormal",8
2299,WBPhenotype:0001394,phenotype,cell acidification defective,8
2300,WBPhenotype:0000313,phenotype,meiotic progression during oogenesis variant,8
2301,WormBase:WBGene00000887,gene,cyn-11,4
2302,ZP:0001428,phenotype,"epiboly involved in gastrulation with mouth forming second disrupted, abnormal",8
2303,ENSEMBL:ENSACAG00000024638,gene,ENSEMBL:ENSACAG00000024638,4
2304,FlyBase:FBgn0026174,gene,SkpD,4
2305,ENSEMBL:ENSCAFG00000017487,gene,J9NX83,4
2306,SGD:S000001618,gene,APL2,4
2307,MP:0020859,phenotype,disorganized corneal epithelium,8
2308,ENSEMBL:ENSMODG00000013364,gene,ENSEMBL:ENSMODG00000013364,4
2309,WBPhenotype:0001788,phenotype,resistant to mutagens,8
2310,dictyBase:DDB_G0293230,gene,cdc26,4
2311,FlyBase:FBgn0028836,gene,CSN7,4
2312,MP:0006099,phenotype,thin cerebellar granule layer,8
2313,HP:0000463,phenotype,Anteverted nares,8
2314,HGNC:30796,gene,STRAP,4
2315,ENSEMBL:ENSBTAG00000018854,gene,ENSEMBL:ENSBTAG00000018854,4
2316,MP:0003202,phenotype,abnormal neuron apoptosis,8
2317,ENSEMBL:ENSFCAG00000005451,gene,ENSEMBL:ENSFCAG00000005451,4
2318,HP:0001019,phenotype,Erythroderma,8
2319,MP:0005250,phenotype,decreased Sertoli cell number,8
2320,575,drug,cefapirin,3
2321,ZP:0006404,phenotype,"cranial cartilage decreased size, abnormal",8
2322,ZP:0009506,phenotype,"nucleate erythrocyte proportionality to nucleus cytoplasm nucleate erythrocyte, abnormal",8
2323,SGD:S000003794,gene,RAV1,4
2324,WBPhenotype:0001594,phenotype,germline transgene silencing variant,8
2325,ENSEMBL:ENSACAG00000016470,gene,ENSEMBL:ENSACAG00000016470,4
2326,MP:0005598,phenotype,decreased ventricle muscle contractility,8
2327,ENSEMBL:ENSSSCG00000010121,gene,UFD1,4
2328,MP:0013848,phenotype,subcutaneous edema,8
2329,ENSEMBL:ENSECAG00000009005,gene,ENSEMBL:ENSECAG00000009005,4
2330,ENSEMBL:ENSACAG00000004107,gene,ENSEMBL:ENSACAG00000004107,4
2331,WBPhenotype:0001950,phenotype,diplotene region organization variant,8
2332,ZFIN:ZDB-GENE-040426-1932,gene,psma4,4
2333,RGD:1565734,gene,Ercc6l,4
2334,MP:0004529,phenotype,decreased outer hair cell stereocilia number,8
2335,937,drug,dobutamine,3
2336,ENSEMBL:ENSCAFG00000000360,gene,SQSTM1,4
2337,WormBase:WBGene00000407,gene,cdk-5,4
2338,ENSEMBL:ENSSSCG00000016582,gene,ENSEMBL:ENSSSCG00000016582,4
2339,ENSEMBL:ENSCAFG00000013917,gene,ENSEMBL:ENSCAFG00000013917,4
2340,FlyBase:FBgn0005779,gene,PpD6,4
2341,ENSEMBL:ENSMMUG00000010152,gene,ENSEMBL:ENSMMUG00000010152,4
2342,ENSEMBL:ENSGALG00000014920,gene,USP14,4
2343,WBPhenotype:0000113,phenotype,RNA expression variant,8
2344,ENSEMBL:ENSCAFG00000016809,gene,RBM25,4
2345,MP:0004527,phenotype,abnormal outer hair cell stereociliary bundle morphology,8
2346,FlyBase:FBgn0011692,gene,pav,4
2347,ENSEMBL:ENSSSCG00005032795,gene,ENSEMBL:ENSSSCG00005032795,4
2348,HP:0000640,phenotype,Gaze-evoked nystagmus,8
2349,P04406,gene product,Glyceraldehyde-3-phosphate dehydrogenase liver,5
2350,ENSEMBL:ENSGALG00000005931,gene,RUVBL1,4
2351,434,drug,buprenorphine,3
2352,MP:0003982,phenotype,increased cholesterol level,8
2353,4483,drug,carfilzomib,3
2354,ZP:0011936,phenotype,"intestine decreased process quality poly(A)+ mRNA export from nucleus, abnormal",8
2355,ENSEMBL:ENSBTAG00000039556,gene,WIPI1,4
2356,MP:0005137,phenotype,increased growth hormone level,8
2357,MP:0002784,phenotype,abnormal Sertoli cell morphology,8
2358,ZP:0003843,phenotype,"mitochondrion liver swollen, abnormal",8
2359,ENSEMBL:ENSSSCG00000015358,gene,CRPPA,4
2360,MP:0008182,phenotype,decreased marginal zone B cell number,8
2361,MONARCH:APO_0000081APO_0000004,phenotype,killer toxin resistance:increased,8
2362,FlyBase:FBgn0023458,gene,Rbcn-3A,4
2363,MP:0005379,phenotype,endocrine/exocrine gland phenotype,8
2364,HGNC:1918,gene,CHD3,4
2365,Xenbase:XB-GENE-956283,gene,atxn7,4
2366,MP:0002831,phenotype,absent Peyer's patches,8
2367,HP:0001399,phenotype,Hepatic failure,8
2368,ENSEMBL:ENSOANG00000039824,gene,ENSEMBL:ENSOANG00000039824,4
2369,WBPhenotype:0001134,phenotype,Aba ABp division axis defective early emb,8
2370,MP:0002896,phenotype,abnormal bone mineralization,8
2371,ENSEMBL:ENSFCAG00000000053,gene,ENSEMBL:ENSFCAG00000000053,4
2372,HP:0000751,phenotype,Personality changes,8
2373,WBPhenotype:0000131,phenotype,pheromone induced dauer formation defective,8
2374,WBPhenotype:0001893,phenotype,mitochondrial membrane potential reduced,8
2375,ENSEMBL:ENSCAFG00000015433,gene,J9NT16,4
2376,HP:0001894,phenotype,Thrombocytosis,8
2377,ENSEMBL:ENSMMUG00000020943,gene,ENSEMBL:ENSMMUG00000020943,4
2378,HP:0006829,phenotype,Severe muscular hypotonia,8
2379,ENSEMBL:ENSECAG00000023868,gene,ENSEMBL:ENSECAG00000023868,4
2380,EnsemblGenome:AT1G62040,gene,EnsemblGenome:AT1G62040,4
2381,RGD:735127,gene,Psmd6,4
2382,ZFIN:ZDB-GENE-070117-2205,gene,dctn1a,4
2383,ENSEMBL:ENSOANG00000004314,gene,ENSEMBL:ENSOANG00000004314,4
2384,HP:0000821,phenotype,Hypothyroidism,8
2385,Xenbase:XB-GENE-959285,gene,hspa12a,4
2386,ENSEMBL:ENSPTRG00000014877,gene,ENSEMBL:ENSPTRG00000014877,4
2387,ZFIN:ZDB-GENE-110401-3,gene,mgrn1b,4
2388,MP:0013382,phenotype,small perianal sebaceous gland,8
2389,ENSEMBL:ENSSSCG00000034012,gene,CASP3,4
2390,FBcv:0002013,phenotype,majority die during second instar larval stage,8
2391,ZP:0002761,phenotype,"brain structure, abnormal",8
2392,ZP:0137808,phenotype,"pharyngeal mesoderm increased amount, abnormal",8
2393,MP:0013219,phenotype,abnormal substantia nigra pars compacta morphology,8
2394,FlyBase:FBgn0037926,gene,Elp1,4
2395,HP:0001595,phenotype,Abnormal hair morphology,8
2396,MP:0005031,phenotype,abnormal trophoblast layer morphology,8
2397,ZP:0003336,phenotype,"pronephric duct cystic, abnormal",8
2398,ZFIN:ZDB-GENE-030131-6588,gene,ficd,4
2399,Xenbase:XB-GENE-5933522,gene,dctn1,4
2400,ZP:0100285,phenotype,"basement membrane retinal pigmented epithelium aplastic, abnormal",8
2401,ZP:0011937,phenotype,"nuclear pore retinal outer nuclear layer malformed, abnormal",8
2402,HP:0002664,phenotype,Neoplasm,8
2403,HP:0000824,phenotype,Decreased response to growth hormone stimulation test,8
2404,HGNC:30704,gene,FAM71F1,4
2405,HP:0001930,phenotype,Nonspherocytic hemolytic anemia,8
2406,ENSEMBL:ENSACAG00000012380,gene,ENSEMBL:ENSACAG00000012380,4
2407,ENSEMBL:ENSPTRG00000000142,gene,ENSEMBL:ENSPTRG00000000142,4
2408,Coriell:GM04200,biological artifact,NIGMS-GM04200,0
2409,ZP:0004817,phenotype,"cell proliferation in midbrain decreased occurrence, abnormal",8
2410,FBcv:0002012,phenotype,majority die during larval stage,8
2411,ZFIN:ZDB-GENE-060312-12,gene,casp6b.2,4
2412,WBPhenotype:0000690,phenotype,gonad migration variant,8
2413,ZFIN:ZDB-GENE-081104-387,gene,huwe1,4
2414,FlyBase:FBgn0050382,gene,Prosalpha1R,4
2415,ZFIN:ZDB-GENE-080723-31,gene,ulk1a,4
2416,HP:0012511,phenotype,Temporal optic disc pallor,8
2417,ENSEMBL:ENSOANG00000014119,gene,ENSEMBL:ENSOANG00000014119,4
2418,MP:0005459,phenotype,decreased percent body fat/body weight,8
2419,ENSEMBL:ENSBTAG00000016589,gene,PRPF40B,4
2420,ENSEMBL:ENSMMUG00000001548,gene,ENSEMBL:ENSMMUG00000001548,4
2421,ENSEMBL:ENSECAG00000002350,gene,ENSEMBL:ENSECAG00000002350,4
2422,ENSEMBL:ENSACAG00000003922,gene,ENSEMBL:ENSACAG00000003922,4
2423,ENSEMBL:ENSBTAG00000055067,gene,A0A3Q1LRT4,4
2424,WBPhenotype:0001569,phenotype,body wall muscle myosin organization defective,8
2425,WBPhenotype:0000246,phenotype,defecation cycle variable length,8
2426,MP:0009141,phenotype,increased prepulse inhibition,8
2427,MP:0001700,phenotype,abnormal embryo turning,8
2428,MGI:2446632,gene,Ago2,4
2429,MP:0004718,phenotype,abnormal vestibular nerve morphology,8
2430,ENSEMBL:ENSSSCG00000008376,gene,COMMD1,4
2431,HP:0040238,phenotype,Impaired neutrophil chemotaxis,8
2432,ENSEMBL:ENSFCAG00000000877,gene,ENSEMBL:ENSFCAG00000000877,4
2433,ENSEMBL:ENSBTAG00000050919,gene,ENSEMBL:ENSBTAG00000050919,4
2434,EnsemblGenome:AT1G04820,gene,EnsemblGenome:AT1G04820,4
2435,MP:0004679,phenotype,xiphoid process foramen,8
2436,ENSEMBL:ENSMODG00000043207,gene,ENSEMBL:ENSMODG00000043207,4
2437,FlyBase:FBgn0050378,gene,Dmel\CG30378,4
2438,ENSEMBL:ENSECAG00000013260,gene,ENSEMBL:ENSECAG00000013260,4
2439,ENSEMBL:ENSMMUG00000006048,gene,ENSEMBL:ENSMMUG00000006048,4
2440,HP:0000238,phenotype,Hydrocephalus,8
2441,ENSEMBL:ENSPTRG00000015078,gene,ENSEMBL:ENSPTRG00000015078,4
2442,FlyBase:FBgn0260444,gene,Not10,4
2443,ZFIN:ZDB-GENE-030131-8680,gene,cops7a,4
2444,ENSEMBL:ENSCAFG00000002699,gene,CNOT3,4
2445,ENSEMBL:ENSPTRG00000022118,gene,ENSEMBL:ENSPTRG00000022118,4
2446,ENSEMBL:ENSECAG00000038583,gene,ENSEMBL:ENSECAG00000038583,4
2447,ZP:0002116,phenotype,"embryonic viscerocranium morphogenesis process quality, abnormal",8
2448,WormBase:WBGene00009342,gene,fasn-1,4
2449,ENSEMBL:ENSRNOG00000054497,gene,Taf4,4
2450,HGNC:2345,gene,CREB1,4
2451,HP:0010794,phenotype,Impaired visuospatial constructive cognition,8
2452,MONARCH:APO_0000128APO_0000003,phenotype,peroxisomal transport:decreased,8
2453,MONARCH:APO_0000256APO_0000250,phenotype,cell cycle passage through START:arrested,8
2454,ENSEMBL:ENSMMUG00000021055,gene,ENSEMBL:ENSMMUG00000021055,4
2455,ENSEMBL:ENSGALG00000020747,gene,MBD4,4
2456,dictyBase:DDB_G0287733,gene,syn7A,4
2457,ZP:0100116,phenotype,"paired fin absent, abnormal",8
2458,MP:0003950,phenotype,abnormal plasma membrane morphology,8
2459,MP:0003948,phenotype,abnormal gas homeostasis,8
2460,ENSEMBL:ENSECAG00000025122,gene,ENSEMBL:ENSECAG00000025122,4
2461,ZP:0105996,phenotype,"central artery decreased occurrence angiogenesis, abnormal",8
2462,MONARCH:APO_0000074APO_0000003,phenotype,autophagy:decreased,8
2463,FlyBase:FBgn0030449,gene,Fer3HCH,4
2464,MP:0003730,phenotype,abnormal photoreceptor inner segment morphology,8
2465,dictyBase:DDB_G0284679,gene,DDB0186138,4
2466,ENSEMBL:ENSACAG00000000167,gene,ENSEMBL:ENSACAG00000000167,4
2467,MONARCH:APO_0000075APO_0000117,phenotype,endocytosis:normal,8
2468,ENSEMBL:ENSCAFG00000028759,gene,ENSEMBL:ENSCAFG00000028759,4
2469,4285,drug,Florbetapir F-18,3
2470,ZP:0018939,phenotype,"somite decreased distribution, abnormal",8
2471,MGI:1914818,gene,Mrfap1,4
2472,ENSEMBL:ENSGALG00000005807,gene,ENSEMBL:ENSGALG00000005807,4
2473,ENSEMBL:ENSPTRG00000005403,gene,ENSEMBL:ENSPTRG00000005403,4
2474,MP:0003087,phenotype,absent allantois,8
2475,ENSEMBL:ENSCAFG00000014379,gene,ENSEMBL:ENSCAFG00000014379,4
2476,ENSEMBL:ENSCAFG00000006961,gene,ENSEMBL:ENSCAFG00000006961,4
2477,ENSEMBL:ENSPTRG00000048132,gene,ENSEMBL:ENSPTRG00000048132,4
2478,ZP:0019006,phenotype,"pronephric distal late tubule decreased distribution, abnormal",8
2479,Coriell:GM06685,biological artifact,NIGMS-GM06685,0
2480,ZP:0001455,phenotype,"trunk decreased width, abnormal",8
2481,MP:0010278,phenotype,increased glioma incidence,8
2482,ENSEMBL:ENSCAFG00000000443,gene,ENSEMBL:ENSCAFG00000000443,4
2483,ZP:0009071,phenotype,"neuronal cell body cranial nerve VII mislocalised anteriorly, abnormal",8
2484,SGD:S000004897,gene,YKU70,4
2485,ZFIN:ZDB-GENE-140820-3,gene,mhc1lba,4
2486,MP:0005498,phenotype,hyporesponsive to tactile stimuli,8
2487,Xenbase:XB-GENE-989959,gene,psmd1,4
2488,WBPhenotype:0001006,phenotype,pharyngeal pumping rate variant,8
2489,MP:0009797,phenotype,abnormal mismatch repair,8
2490,MP:0009969,phenotype,abnormal cerebral cortex pyramidal cell morphology,8
2491,ENSEMBL:ENSSSCG00000030260,gene,PFN2,4
2492,HP:0000252,phenotype,Microcephaly,8
2493,MP:0009219,phenotype,increased prostate intraepithelial neoplasia incidence,8
2494,MONARCH:APO_0000090APO_0000003,phenotype,metal resistance:decreased,8
2495,HP:0003549,phenotype,Abnormality of connective tissue,8
2496,MGI:99517,gene,Hspa1b,4
2497,ZP:0002943,phenotype,"lens malformed, abnormal",8
2498,FlyBase:FBgn0031457,gene,Snx21,4
2499,ENSEMBL:ENSMODG00000011225,gene,ENSEMBL:ENSMODG00000011225,4
2500,MP:0001239,phenotype,abnormal epidermis stratum granulosum morphology,8
2501,ZP:0001377,phenotype,"cyclin-dependent protein serine/threonine kinase activity decreased occurrence, abnormal",8
2502,PomBase:SPAC458.06,gene,atg1803,4
2503,FlyBase:FBgn0000150,gene,awd,4
2504,ENSEMBL:ENSBTAG00000006879,gene,ENSEMBL:ENSBTAG00000006879,4
2505,WormBase:WBGene00020319,gene,npr-31,4
2506,ZFIN:ZDB-GENE-031007-1,gene,rpl13,4
2507,HP:0002518,phenotype,Abnormal periventricular white matter morphology,8
2508,MP:0011677,phenotype,abnormal olfactory sensory neuron physiology,8
2509,MP:0008772,phenotype,increased heart ventricle size,8
2510,ZP:0011926,phenotype,"nuclear pore retinal inner nuclear layer malformed, abnormal",8
2511,NCBIGene:396523,gene,P05419,4
2512,ENSEMBL:ENSSSCG00000015814,gene,TACC1,4
2513,ZP:0011883,phenotype,"slow muscle cell detached from vertical myoseptum, abnormal",8
2514,ZP:0008449,phenotype,"stereocilium bundle hair cell decreased width, abnormal",8
2515,ZP:0100332,phenotype,"sperm increased cellular motility, abnormal",8
2516,WormBase:WBGene00004274,gene,rab-11.1,4
2517,ENSEMBL:ENSMODG00000000221,gene,ENSEMBL:ENSMODG00000000221,4
2518,WBPhenotype:0000136,phenotype,mRNA levels increased,8
2519,ENSEMBL:ENSMODG00000000765,gene,ENSEMBL:ENSMODG00000000765,4
2520,ENSEMBL:ENSSSCG00000014016,gene,SQSTM1,4
2521,ENSEMBL:ENSFCAG00000024198,gene,ENSEMBL:ENSFCAG00000024198,4
2522,MP:0009757,phenotype,impaired behavioral response to morphine,8
2523,ENSEMBL:ENSECAG00000009633,gene,ENSEMBL:ENSECAG00000009633,4
2524,MP:0010869,phenotype,decreased bone trabecula number,8
2525,SGD:S000000905,gene,SSA4,4
2526,ENSEMBL:ENSFCAG00000000832,gene,ENSEMBL:ENSFCAG00000000832,4
2527,MGI:1923864,gene,Immt,4
2528,HGNC:10560,gene,ATXN7,4
2529,MONARCH:APO_0000062APO_0000117,phenotype,colony shape:normal,8
2530,HP:0000321,phenotype,Square face,8
2531,ZFIN:ZDB-GENE-041001-146,gene,nrbp1,4
2532,ZP:0001173,phenotype,"whole organism decreased pigmentation, abnormal",8
2533,MP:0011281,phenotype,abnormal olfactory epithelium cilium morphology,8
2534,Q02779,gene product,Mitogen-activated protein kinase kinase kinase 10,5
2535,MP:0008706,phenotype,decreased interleukin-6 secretion,8
2536,MP:0009412,phenotype,skeletal muscle fiber degeneration,8
2537,HP:0010553,phenotype,Oculogyric crisis,8
2538,HP:0005404,phenotype,Increased B cell count,8
2539,ENSEMBL:ENSCAFG00000049844,gene,POLR2H,4
2540,ZP:0000659,phenotype,"skeletal muscle tissue development disrupted, abnormal",8
2541,HP:0001655,phenotype,Patent foramen ovale,8
2542,GO:1903599,molecular function,positive regulation of autophagy of mitochondrion,7
2543,HP:0012379,phenotype,Abnormal enzyme/coenzyme activity,8
2544,ZP:0003232,phenotype,"pericardial cavity edematous, abnormal",8
2545,RGD:1359648,gene,Skp1,4
2546,MGI:1922813,gene,Dnali1,4
2547,FlyBase:FBgn0032474,gene,DnaJ-H,4
2548,XPO:0128720,phenotype,decreased size of the ventral trunk,8
2549,WormBase:WBGene00012424,gene,dlc-3,4
2550,MP:0001332,phenotype,abnormal optic nerve innervation,8
2551,ENSEMBL:ENSBTAG00000020262,gene,ENSEMBL:ENSBTAG00000020262,4
2552,FBcv:0000417,phenotype,abnormal flight,8
2553,ENSEMBL:ENSFCAG00000014416,gene,ENSEMBL:ENSFCAG00000014416,4
2554,ENSEMBL:ENSPTRG00000017230,gene,ENSEMBL:ENSPTRG00000017230,4
2555,HP:0001923,phenotype,Reticulocytosis,8
2556,ZP:0006751,phenotype,"bicellular tight junction blood vessel endothelium decreased object quality, abnormal",8
2557,MP:0011699,phenotype,abnormal brown adipose tissue thermogenesis,8
2558,MGI:1914117,gene,Hmg20a,4
2559,ENSEMBL:ENSECAG00000003774,gene,ENSEMBL:ENSECAG00000003774,4
2560,ENSEMBL:ENSACAG00000011180,gene,ENSEMBL:ENSACAG00000011180,4
2561,MP:0001081,phenotype,abnormal cranial ganglia morphology,8
2562,ENSEMBL:ENSFCAG00000024752,gene,ENSEMBL:ENSFCAG00000024752,4
2563,dictyBase:DDB_G0288795,gene,DDB_G0288795,4
2564,RGD:1311540,gene,Rae1,4
2565,ZP:0000329,phenotype,"melanocyte decreased amount, abnormal",8
2566,FlyBase:CG33094,gene,FlyBase:CG33094,4
2567,ZP:0003479,phenotype,"bulbus arteriosus malformed, abnormal",8
2568,MP:0001980,phenotype,abnormal chemically-elicited antinociception,8
2569,ENSEMBL:ENSGALG00000014999,gene,MAP1B,4
2570,MONDO:0005148,disease,type 2 diabetes mellitus,2
2571,ENSEMBL:ENSOANG00000006086,gene,ENSEMBL:ENSOANG00000006086,4
2572,ZP:0005044,phenotype,"eye neoplastic, abnormal",8
2573,HGNC:16889,gene,PSMD14,4
2574,ENSEMBL:ENSPTRG00000008703,gene,ENSEMBL:ENSPTRG00000008703,4
2575,ZP:0003847,phenotype,"kinocilium neuromast decreased length, abnormal",8
2576,ENSEMBL:ENSACAG00000009359,gene,ENSEMBL:ENSACAG00000009359,4
2577,dictyBase:DDB_G0285989,gene,DDB0218772,4
2578,MP:0008283,phenotype,small hippocampus,8
2579,MP:0005572,phenotype,abnormal pulmonary respiratory rate,8
2580,HP:0030731,phenotype,Carcinoma,8
2581,HP:0001896,phenotype,Reticulocytopenia,8
2582,MP:0011049,phenotype,impaired adaptive thermogenesis,8
2583,5067,drug,ixazomib,3
2584,EFO:0005192,phenotype,red blood cell distribution width,8
2585,MP:0000448,phenotype,pointed snout,8
2586,MP:0003824,phenotype,decreased left ventricle developed pressure,8
2587,ZP:0000160,phenotype,"whole organism wholly dorsalized, abnormal",8
2588,ENSEMBL:ENSECAG00000005915,gene,ENSEMBL:ENSECAG00000005915,4
2589,XPO:0141505,phenotype,abnormal tadpole morphology,8
2590,dictyBase:DDB_G0270402,gene,DDB0191031,4
2591,ENSEMBL:ENSMODG00000009778,gene,ENSEMBL:ENSMODG00000009778,4
2592,HGNC:561,gene,AP2A1,4
2593,MP:0011706,phenotype,abnormal fibroblast migration,8
2594,ENSEMBL:ENSPTRG00000011435,gene,ENSEMBL:ENSPTRG00000011435,4
2595,dictyBase:DDB_G0290927,gene,etfa,4
2596,Coriell:GM04829,biological artifact,NIGMS-GM04829,0
2597,MP:0001829,phenotype,increased activated T cell number,8
2598,ENSEMBL:ENSECAG00000008992,gene,ENSEMBL:ENSECAG00000008992,4
2599,ENSEMBL:ENSOANG00000010384,gene,ENSEMBL:ENSOANG00000010384,4
2600,HP:0031951,phenotype,Nocturnal seizures,8
2601,Xenbase:XB-GENE-974352,gene,ech1,4
2602,ZP:0103458,phenotype,"cleavage furrow cell decreased amount, abnormal",8
2603,1836,drug,montelukast,3
2604,FlyBase:FBgn0040078,gene,pont,4
2605,dictyBase:DDB_G0289197,gene,H2Av3,4
2606,ENSEMBL:ENSSSCG00000012022,gene,APP,4
2607,ZFIN:ZDB-GENE-040426-2832,gene,hspa4a,4
2608,ENSEMBL:ENSECAG00000010644,gene,ENSEMBL:ENSECAG00000010644,4
2609,MP:0001447,phenotype,abnormal nest building behavior,8
2610,MP:0011665,phenotype,d-loop transposition of the great arteries,8
2611,ENSEMBL:ENSFCAG00000014717,gene,ENSEMBL:ENSFCAG00000014717,4
2612,HP:0009088,phenotype,Speech articulation difficulties,8
2613,MGI:1913435,gene,Virma,4
2614,ZP:0007877,phenotype,"atrium collapsed, abnormal",8
2615,ENSEMBL:ENSBTAG00000011922,gene,PLEC,4
2616,ENSEMBL:ENSMMUG00000062471,gene,ENSEMBL:ENSMMUG00000062471,4
2617,4601,drug,diosmetin,3
2618,ENSEMBL:ENSSSCG00000032505,gene,ING5,4
2619,MP:0004485,phenotype,increased response of heart to induced stress,8
2620,HP:0000267,phenotype,Cranial asymmetry,8
2621,ENSEMBL:ENSMMUG00000022222,gene,ENSEMBL:ENSMMUG00000022222,4
2622,WBPhenotype:0000456,phenotype,touch resistant,8
2623,MP:0001475,phenotype,reduced long term depression,8
2624,PomBase:SPAC1B3.05,gene,not3,4
2625,ZFIN:ZDB-GENE-050417-464,gene,mhc1laa,4
2626,WormBase:WBGene00001500,gene,ftn-1,4
2627,HP:0002750,phenotype,Delayed skeletal maturation,8
2628,ENSEMBL:ENSOANG00000011769,gene,ENSEMBL:ENSOANG00000011769,4
2629,FlyBase:FBgn0011273,gene,Acam,4
2630,MP:0000909,phenotype,abnormal facial motor nucleus morphology,8
2631,HGNC:9069,gene,PLEC,4
2632,ZP:0003852,phenotype,"lipid droplet intestine increased amount, abnormal",8
2633,dictyBase:DDB_G0277777,gene,DDB0203449,4
2634,ENSEMBL:ENSBTAG00000051238,gene,SNX21,4
2635,ENSEMBL:ENSGALG00000030164,gene,A0A1D5PDA1,4
2636,ZP:0003230,phenotype,"whole organism pigmented, abnormal",8
2637,ZFIN:ZDB-GENE-091112-22,gene,pfkpa,4
2638,ENSEMBL:ENSPTRG00000049060,gene,ENSEMBL:ENSPTRG00000049060,4
2639,dictyBase:DDB_G0269476,gene,DDB0190289,4
2640,Xenbase:XB-GENE-982653,gene,psma5,4
2641,WBPhenotype:0001303,phenotype,extra and ectopic cell,8
2642,ZP:0003855,phenotype,"hepatocyte increased size, abnormal",8
2643,RGD:68371,gene,Mtor,4
2644,WBPhenotype:0000892,phenotype,hermaphrodite germline proliferation variant,8
2645,MP:0001407,phenotype,short stride length,8
2646,ENSEMBL:ENSMODG00000037820,gene,ENSEMBL:ENSMODG00000037820,4
2647,ZP:0003198,phenotype,"regulation of transmission of nerve impulse decreased process quality, abnormal",8
2648,WormBase:WBGene00009164,gene,hrdl-1,4
2649,MP:0000861,phenotype,disorganized barrel cortex,8
2650,ENSEMBL:ENSMMUG00000017123,gene,ENSEMBL:ENSMMUG00000017123,4
2651,WBPhenotype:0004004,phenotype,male response to contact defective,8
2652,ZP:0018558,phenotype,"anterior lateral plate mesoderm increased distribution, abnormal",8
2653,ZFIN:ZDB-GENE-121214-31,gene,hspa8b,4
2654,ENSEMBL:ENSPTRG00000010376,gene,ENSEMBL:ENSPTRG00000010376,4
2655,ENSEMBL:ENSBTAG00000014331,gene,ENSEMBL:ENSBTAG00000014331,4
2656,WormBase:WBGene00003925,gene,pas-4,4
2657,MP:0001496,phenotype,audiogenic seizures,8
2658,MP:0008479,phenotype,decreased spleen white pulp amount,8
2659,MP:0000848,phenotype,abnormal pons morphology,8
2660,EnsemblGenome:AT1G79000,gene,EnsemblGenome:AT1G79000,4
2661,WBPhenotype:0001077,phenotype,chromosome segregation variant karyomeres early emb,8
2662,ENSEMBL:ENSACAG00000006471,gene,ENSEMBL:ENSACAG00000006471,4
2663,HP:0012648,phenotype,Decreased inflammatory response,8
2664,HP:0000350,phenotype,Small forehead,8
2665,RGD:1307380,gene,Actr1b,4
2666,SGD:S000002865,gene,TOM1,4
2667,ENSEMBL:ENSPTRG00000008904,gene,ENSEMBL:ENSPTRG00000008904,4
2668,MP:0002805,phenotype,abnormal conditioned taste aversion behavior,8
2669,HP:0003228,phenotype,Hypernatremia,8
2670,RGD:620776,gene,Ptprm,4
2671,MP:0009264,phenotype,failure of eyelid fusion,8
2672,HGNC:28912,gene,WDR45,4
2673,NCBITaxon:7955,taxon,Danio rerio,9
2674,ENSEMBL:ENSMMUG00000051227,gene,ENSEMBL:ENSMMUG00000051227,4
2675,ENSEMBL:ENSGALG00000012186,gene,CASP6,4
2676,FlyBase:FBgn0031759,gene,Kdm5,4
2677,EFO:0004300,phenotype,longevity,8
2678,ENSEMBL:ENSFCAG00000011030,gene,ENSEMBL:ENSFCAG00000011030,4
2679,ENSEMBL:ENSFCAG00000013144,gene,ENSEMBL:ENSFCAG00000013144,4
2680,MGI:3698039,genotype,Htt<tm4Mem>/Htt<tm4Mem> [involves: 129S1/Sv * 129X1/SvJ * CD-1],6
2681,MP:0001715,phenotype,placental labyrinth hypoplasia,8
2682,ENSEMBL:ENSGALG00000051088,gene,A0A3Q2UMZ6,4
2683,ZP:0101325,phenotype,"posterior region whole organism decreased amount, abnormal",8
2684,ENSEMBL:ENSOANG00000048406,gene,ENSEMBL:ENSOANG00000048406,4
2685,Coriell:GM04777,biological artifact,NIGMS-GM04777,0
2686,ENSEMBL:ENSSSCG00000021355,gene,SOD1,4
2687,ENSEMBL:ENSMODG00000025593,gene,ENSEMBL:ENSMODG00000025593,4
2688,ENSEMBL:ENSMODG00000006820,gene,ENSEMBL:ENSMODG00000006820,4
2689,ENSEMBL:ENSPTRG00000043871,gene,ENSEMBL:ENSPTRG00000043871,4
2690,WBPhenotype:0002061,phenotype,chromosome decondensation variant,8
2691,ENSEMBL:ENSSSCG00000035318,gene,NUP58,4
2692,ZP:0001115,phenotype,"dopaminergic neuron diencephalon decreased amount, abnormal",8
2693,SGD:S000001072,gene,SLT2,4
2694,PomBase:SPAC1093.06c,gene,dhc1,4
2695,ENSEMBL:ENSPTRG00000014619,gene,ENSEMBL:ENSPTRG00000014619,4
2696,ENSEMBL:ENSOANG00000006729,gene,ENSEMBL:ENSOANG00000006729,4
2697,ENSEMBL:ENSCAFG00000011750,gene,ENSEMBL:ENSCAFG00000011750,4
2698,ENSEMBL:ENSFCAG00000001289,gene,ENSEMBL:ENSFCAG00000001289,4
2699,MONARCH:APO_0000098APO_0000005,phenotype,utilization of carbon source:absent,8
2700,RGD:621244,gene,Ubc,4
2701,HP:0000023,phenotype,Inguinal hernia,8
2702,MP:0003984,phenotype,embryonic growth retardation,8
2703,ZP:0137431,phenotype,"optic stalk increased distribution, abnormal",8
2704,ZFIN:ZDB-GENE-040801-90,gene,dnajb1a,4
2705,HP:0003074,phenotype,Hyperglycemia,8
2706,ENSEMBL:ENSXETG00000034056,gene,thumpd2,4
2707,ZP:0003690,phenotype,"axis specification disrupted, abnormal",8
2708,SGD:S000001609,gene,YPK1,4
2709,NCBIGene:110437752,gene,tcerg1l,4
2710,MONARCH:APO_0000277APO_0000005,phenotype,prion loss:absent,8
2711,HP:0001290,phenotype,Generalized hypotonia,8
2712,Xenbase:XB-GENE-981666,gene,kat2b,4
2713,MP:0010344,phenotype,increased hibernoma incidence,8
2714,MP:0002404,phenotype,increased intestinal adenoma incidence,8
2715,ENSEMBL:ENSCAFG00000013148,gene,ENSEMBL:ENSCAFG00000013148,4
2716,MP:0001648,phenotype,abnormal apoptosis,8
2717,ENSEMBL:ENSACAG00000003973,gene,ENSEMBL:ENSACAG00000003973,4
2718,ZP:0021481,phenotype,"early endosome neural crest cell increased size, abnormal",8
2719,MP:0009136,phenotype,decreased brown fat cell size,8
2720,Coriell:GM04854,biological artifact,NIGMS-GM04854,0
2721,dictyBase:DDB_G0282651,gene,rsmN,4
2722,ENSEMBL:ENSCAFG00000018077,gene,ENSEMBL:ENSCAFG00000018077,4
2723,MP:0000292,phenotype,distended pericardium,8
2724,WBPhenotype:0001141,phenotype,nucleus reforms cell division remnant early emb,8
2725,WormBase:WBGene00002981,gene,lgg-2,4
2726,WBPhenotype:0000997,phenotype,cryophilic,8
2727,FlyBase:FBgn0037084,gene,Syx6,4
2728,GO:0045724,molecular function,positive regulation of cilium assembly,7
2729,ENSEMBL:ENSECAG00000021436,gene,ENSEMBL:ENSECAG00000021436,4
2730,HP:0010747,phenotype,Medial flaring of the eyebrow,8
2731,ZP:0137806,phenotype,"bulbus arteriosus increased occurrence cell population proliferation, abnormal",8
2732,4283,drug,tapentadol,3
2733,HP:0031793,phenotype,Increased serum leptin,8
2734,ZFIN:ZDB-GENE-010328-15,gene,hip1,4
2735,MP:0011888,phenotype,abnormal circulating total protein level,8
2736,ZP:0002078,phenotype,"spinal cord decreased length, abnormal",8
2737,HP:0000028,phenotype,Cryptorchidism,8
2738,WormBase:WBGene00019257,gene,dhhc-13,4
2739,FlyBase:FBgn0037538,gene,CG3223,4
2740,ENSEMBL:ENSCAFG00000011993,gene,RNF31,4
2741,ENSEMBL:ENSMODG00000045925,gene,ENSEMBL:ENSMODG00000045925,4
2742,ENSEMBL:ENSBTAG00000006586,gene,ENSEMBL:ENSBTAG00000006586,4
2743,HGNC:8881,gene,PFN1,4
2744,HP:0012705,phenotype,Abnormal metabolic brain imaging by MRS,8
2745,ENSEMBL:ENSCAFG00000019154,gene,PIAS4,4
2746,ENSEMBL:ENSFCAG00000032218,gene,ENSEMBL:ENSFCAG00000032218,4
2747,Xenbase:XB-GENE-481100,gene,ptges2,4
2748,Xenbase:XB-GENE-6085075,gene,rasa1,4
2749,ENSEMBL:ENSACAG00000014240,gene,ENSEMBL:ENSACAG00000014240,4
2750,MP:0001675,phenotype,abnormal ectoderm development,8
2751,RGD:1310759,gene,Pabpc2,4
2752,ENSEMBL:ENSMODG00000043385,gene,ENSEMBL:ENSMODG00000043385,4
2753,FlyBase:CG9765,gene,FlyBase:CG9765,4
2754,MP:0002906,phenotype,increased susceptibility to pharmacologically induced seizures,8
2755,MP:0002051,phenotype,increased skin papilloma incidence,8
2756,WBPhenotype:0001682,phenotype,organism UV resistant,8
2757,PomBase:SPBC460.02c,gene,SPBC460.02c,4
2758,HP:0030047,phenotype,Abnormal lateral ventricle morphology,8
2759,WormBase:WBGene00012735,gene,sptf-3,4
2760,MP:0004940,phenotype,abnormal B-1 B cell morphology,8
2761,ZP:0008733,phenotype,"neural tube disorganized, abnormal",8
2762,FlyBase:FBgn0029629,gene,eIF3g1,4
2763,ZP:0006353,phenotype,"endoplasmic reticulum hepatocyte morphology, abnormal",8
2764,ENSEMBL:ENSBTAG00000014731,gene,ENSEMBL:ENSBTAG00000014731,4
2765,ENSEMBL:ENSACAG00000017899,gene,ENSEMBL:ENSACAG00000017899,4
2766,RGD:1306902,gene,Psmd7,4
2767,HP:0000407,phenotype,Sensorineural hearing impairment,8
2768,ENSEMBL:ENSOANG00000001414,gene,ENSEMBL:ENSOANG00000001414,4
2769,ENSEMBL:ENSSSCG00000012290,gene,ENSEMBL:ENSSSCG00000012290,4
2770,PomBase:SPBC16H5.07c,gene,ppa2,4
2771,ENSEMBL:ENSSSCG00000039390,gene,EIF3B,4
2772,PomBase:SPCC1919.15,gene,brl1,4
2773,ENSEMBL:ENSBTAG00000032852,gene,GPRASP2,4
2774,dictyBase:DDB_G0274131,gene,act17,4
2775,RGD:1311457,gene,Hypk,4
2776,ZP:0137807,phenotype,"atrium increased occurrence cell population proliferation, abnormal",8
2777,MP:0013385,phenotype,abnormal Meibomian gland development,8
2778,ENSEMBL:ENSCAFG00000009880,gene,SNCA,4
2779,Xenbase:XB-GENE-486361,gene,ruvbl1,4
2780,MP:0020280,phenotype,increased creatine kinase level,8
2781,dictyBase:DDB_G0284185,gene,syn6,4
2782,MP:0004279,phenotype,abnormal rostral migratory stream morphology,8
2783,MP:0006344,phenotype,small second pharyngeal arch,8
2784,MP:0012163,phenotype,abnormal dental mesenchyme morphology,8
2785,Coriell:GM04213,biological artifact,NIGMS-GM04213,0
2786,RGD:631427,gene,Cryl1,4
2787,MP:0008508,phenotype,thick retinal ganglion layer,8
2788,HGNC:16760,gene,COPS7B,4
2789,dictyBase:DDB_G0349530,gene,dictyBase:DDB_G0349530,4
2790,MP:0004980,phenotype,increased neuronal precursor cell number,8
2791,dictyBase:DDB_G0290793,gene,rabN2,4
2792,Coriell:GM04720,biological artifact,NIGMS-GM04720,0
2793,ZP:0018143,phenotype,"chordoma intestine present, abnormal",8
2794,ENSEMBL:ENSDARG00000070299,gene,BX942819.1,4
2795,ENSEMBL:ENSMMUG00000030824,gene,ENSEMBL:ENSMMUG00000030824,4
2796,ENSEMBL:ENSSSCG00000013332,gene,ENSEMBL:ENSSSCG00000013332,4
2797,MP:0001900,phenotype,impaired synaptic plasticity,8
2798,MP:0011243,phenotype,decreased fetal derived definitive erythrocyte cell number,8
2799,ZP:0003788,phenotype,"granulocyte decreased amount, abnormal",8
2800,ENSEMBL:ENSMODG00000039439,gene,ENSEMBL:ENSMODG00000039439,4
2801,MP:0008051,phenotype,abnormal memory T cell physiology,8
2802,HP:0012448,phenotype,Delayed myelination,8
2803,ENSEMBL:ENSBTAG00000009124,gene,FEZ1,4
2804,WBPhenotype:0001776,phenotype,siRNA expression variant,8
2805,HP:0003763,phenotype,Bruxism,8
2806,HP:0002719,phenotype,Recurrent infections,8
2807,HP:0012444,phenotype,Brain atrophy,8
2808,FlyBase:FBgn0038862,gene,Usp8,4
2809,ZP:0016609,phenotype,"hepatocyte ballooning, abnormal",8
2810,MP:0002942,phenotype,decreased circulating alanine transaminase level,8
2811,HP:0001336,phenotype,Myoclonus,8
2812,MP:0010279,phenotype,increased gastrointestinal tumor incidence,8
2813,ZP:0130752,phenotype,"cardiac ventricle increased occurrence cell population proliferation, abnormal",8
2814,MP:0008960,phenotype,abnormal axon pruning,8
2815,PomBase:SPBC16E9.11c,gene,pub3,4
2816,WormBase:WBGene00000288,gene,cal-4,4
2817,RGD:2089,gene,Aldoa,4
2818,PomBase:SPBC646.16,gene,scl1,4
2819,ENSEMBL:ENSRNOG00000055446,gene,Amfr,4
2820,HGNC:4922,gene,HK1,4
2821,ENSEMBL:ENSFCAG00000045915,gene,ENSEMBL:ENSFCAG00000045915,4
2822,RGD:1304771,gene,Cnot3,4
2823,ENSEMBL:ENSMODG00000013097,gene,ENSEMBL:ENSMODG00000013097,4
2824,MGI:5432190,genotype,Tg(YAC128)55Hay/Tg(YAC128)55Hay [FVB/N-Tg(YAC128)55Hay],6
2825,HGNC:31849,gene,F8A2,4
2826,MP:0012107,phenotype,enhanced exercise endurance,8
2827,WBPhenotype:0001936,phenotype,resistant to protein aggregation induced paralysis,8
2828,ZFIN:ZDB-GENE-030131-1502,gene,morc3a,4
2829,ENSEMBL:ENSPTRG00000042716,gene,ENSEMBL:ENSPTRG00000042716,4
2830,MP:0000852,phenotype,small cerebellum,8
2831,ENSEMBL:ENSACAG00000017497,gene,ENSEMBL:ENSACAG00000017497,4
2832,ZP:0019428,phenotype,"gut decreased amount, abnormal",8
2833,ClinVarVariant:417742,variant,NM_002111.8(HTT):c.2114C>T (p.Pro705Leu),10
2834,ZP:0006926,phenotype,"angiogenesis increased occurrence, abnormal",8
2835,HP:0000989,phenotype,Pruritus,8
2836,EFO:0004682,phenotype,QT interval,8
2837,dbSNP:rs116220136,variant,rs116220136-?,10
2838,RGD:3738,gene,Sp1,4
2839,ENSEMBL:ENSGALG00000016579,gene,ENSEMBL:ENSGALG00000016579,4
2840,ENSEMBL:ENSCAFG00000018639,gene,PTPRM,4
2841,ENSEMBL:ENSPTRG00000009247,gene,ENSEMBL:ENSPTRG00000009247,4
2842,MP:0000786,phenotype,abnormal embryonic neuroepithelial layer differentiation,8
2843,ENSEMBL:ENSPTRG00000023652,gene,ENSEMBL:ENSPTRG00000023652,4
2844,RGD:1310353,gene,Pex11b,4
2845,EnsemblGenome:BAA15726,gene,EnsemblGenome:BAA15726,4
2846,WBPhenotype:0001403,phenotype,antibody subcellular localization variant,8
2847,ZP:0018468,phenotype,"axon peripheral neuron morphology, abnormal",8
2848,MGI:3528067,genotype,Tg(HDexon1)62Gpb; Tgm2<tm1.1Rmgr>/Tgm2<+> [involves: 129X1/SvJ * C57BL/6 * CBA],6
2849,Xenbase:XB-GENE-5910254,gene,pex11b,4
2850,ZFIN:ZDB-GENE-030131-6898,gene,hnrnpm,4
2851,ZP:0013737,phenotype,"establishment or maintenance of cell polarity process quality, abnormal",8
2852,ENSEMBL:ENSFCAG00000002708,gene,ENSEMBL:ENSFCAG00000002708,4
2853,HP:0007256,phenotype,Abnormal pyramidal sign,8
2854,RGD:620665,gene,Fasn,4
2855,Xenbase:XB-GENE-486585,gene,hoxc11,4
2856,RGD:69331,gene,Git1,4
2857,MP:0008074,phenotype,"increased CD4-positive, alpha beta T cell number",8
2858,ENSEMBL:ENSPTRG00000008085,gene,ENSEMBL:ENSPTRG00000008085,4
2859,MP:0004929,phenotype,decreased epididymis weight,8
2860,ZP:0004346,phenotype,"photoreceptor inner segment eye photoreceptor cell malformed, abnormal",8
2861,RGD:70967,gene,Casp6,4
2862,HP:0007530,phenotype,Punctate palmoplantar hyperkeratosis,8
2863,WormBase:WBGene00009278,gene,npr-33,4
2864,ENSEMBL:ENSOANG00000012219,gene,ENSEMBL:ENSOANG00000012219,4
2865,MP:0020316,phenotype,decreased vascular endothelial cell proliferation,8
2866,WormBase:WBGene00004506,gene,rpt-6,4
2867,ZP:0012014,phenotype,"skeletal muscle myofibril skeletal muscle cell disorganized, abnormal",8
2868,WBPhenotype:0002069,phenotype,axon termination defective,8
2869,ENSEMBL:ENSOANG00000008921,gene,ENSEMBL:ENSOANG00000008921,4
2870,ENSEMBL:ENSCAFG00000013237,gene,SH3GL3,4
2871,WormBase:WBGene00002062,gene,ife-4,4
2872,HP:0001639,phenotype,Hypertrophic cardiomyopathy,8
2873,Xenbase:XB-GENE-1013462,gene,htt,4
2874,MP:0004156,phenotype,abnormal QT variability,8
2875,MP:0000267,phenotype,abnormal heart development,8
2876,ENSEMBL:ENSOANG00000050274,gene,ENSEMBL:ENSOANG00000050274,4
2877,ENSEMBL:ENSMMUG00000001844,gene,ENSEMBL:ENSMMUG00000001844,4
2878,EFO:0007878,phenotype,alcohol consumption measurement,8
2879,ZP:0002191,phenotype,"axon trigeminal motor nucleus decreased length, abnormal",8
2880,NCBIGene:100334818,gene,LOC100334818,4
2881,WormBase:WBGene00009893,gene,F49E11.7,4
2882,WormBase:WBGene00018067,gene,npr-7,4
2883,ZFIN:ZDB-GENE-040426-1063,gene,ptgesl,4
2884,WBPhenotype:0000006,phenotype,egg laying defective,8
2885,ENSEMBL:ENSSSCG00000015867,gene,ENSEMBL:ENSSSCG00000015867,4
2886,4392,drug,cisplatin,3
2887,Coriell:GM05614,biological artifact,NIGMS-GM05614,0
2888,PomBase:SPCC4G3.15c,gene,not2,4
2889,HP:0000054,phenotype,Micropenis,8
2890,HGNC:5526,gene,IGHG2,4
2891,MP:0009808,phenotype,decreased oligodendrocyte number,8
2892,ENSEMBL:ENSECAG00000020066,gene,ENSEMBL:ENSECAG00000020066,4
2893,MP:0011632,phenotype,dilated mitochondria,8
2894,1164,drug,fentanyl,3
2895,ENSEMBL:ENSMODG00000012741,gene,ENSEMBL:ENSMODG00000012741,4
2896,ZP:0106107,phenotype,"anterior lateral plate mesoderm increased amount, abnormal",8
2897,MGI:5052308,genotype,Tg(HD82Gln)81Gschi [involves: 129S1/Sv * 129X1/SvJ * C3H * C57BL/6 * CD-1],6
2898,WormBase:WBGene00002991,gene,lin-2,4
2899,ENSEMBL:ENSGALG00000050515,gene,A0A3Q2UAA5,4
2900,ENSEMBL:ENSMMUG00000051787,gene,ENSEMBL:ENSMMUG00000051787,4
2901,ENSEMBL:ENSGALG00000011494,gene,ENSEMBL:ENSGALG00000011494,4
2902,WBPhenotype:0000777,phenotype,polar body extrusion defective early emb,8
2903,ENSEMBL:ENSACAG00000013268,gene,ENSEMBL:ENSACAG00000013268,4
2904,HP:0005086,phenotype,Knee osteoarthritis,8
2905,ZP:0010278,phenotype,"hepatocellular carcinoma liver present, abnormal",8
2906,ZP:0018641,phenotype,"cardiac ventricle increased distribution, abnormal",8
2907,ENSEMBL:ENSMODG00000010370,gene,ENSEMBL:ENSMODG00000010370,4
2908,ENSEMBL:ENSMMUG00000003245,gene,ENSEMBL:ENSMMUG00000003245,4
2909,Coriell:GM02147,biological artifact,NIGMS-GM02147,0
2910,ZFIN:ZDB-GENE-040426-2285,gene,m6pr,4
2911,ENSEMBL:ENSACAG00000016603,gene,ENSEMBL:ENSACAG00000016603,4
2912,ENSEMBL:ENSSSCG00000022559,gene,USP14,4
2913,WBPhenotype:0001507,phenotype,Bacillus thuringiensis toxin resistant,8
2914,MP:0008963,phenotype,increased carbon dioxide production,8
2915,MGI:1355296,gene,Prkn,4
2916,HP:0100614,phenotype,Myositis,8
2917,MP:0004910,phenotype,decreased seminal vesicle weight,8
2918,ENSEMBL:ENSOANG00000038796,gene,ENSEMBL:ENSOANG00000038796,4
2919,ZP:0002347,phenotype,"trunk curved, abnormal",8
2920,HP:0011483,phenotype,Anterior synechiae of the anterior chamber,8
2921,dictyBase:DDB_G0290965,gene,DDB_G0290965,4
2922,ENSEMBL:ENSCAFG00000014178,gene,RANBP1,4
2923,ENSEMBL:ENSECAG00000024248,gene,ENSEMBL:ENSECAG00000024248,4
2924,ENSEMBL:ENSMMUG00000016769,gene,ENSEMBL:ENSMMUG00000016769,4
2925,ENSEMBL:ENSCAFG00000005494,gene,LOC102155200,4
2926,SGD:S000003733,gene,UBP12,4
2927,MP:0001698,phenotype,decreased embryo size,8
2928,MP:0010897,phenotype,abnormal bronchiole epithelium morphology,8
2929,MGI:109192,gene,Actn2,4
2930,ENSEMBL:ENSPTRG00000018781,gene,ENSEMBL:ENSPTRG00000018781,4
2931,ENSEMBL:ENSMODG00000010620,gene,ENSEMBL:ENSMODG00000010620,4
2932,WBPhenotype:0000624,phenotype,reproductive system development variant,8
2933,EFO:0007825,phenotype,balding measurement,8
2934,ENSEMBL:ENSMODG00000042391,gene,ENSEMBL:ENSMODG00000042391,4
2935,WBPhenotype:0001672,phenotype,commisure growth variant,8
2936,MGI:1919258,gene,Zfyve19,4
2937,HP:0040171,phenotype,Decreased serum testosterone concentration,8
2938,ZP:0003227,phenotype,"axon forebrain decreased size, abnormal",8
2939,ENSEMBL:ENSPTRG00000021418,gene,ENSEMBL:ENSPTRG00000021418,4
2940,MP:0000203,phenotype,abnormal circulating aspartate transaminase level,8
2941,MGI:5569532,variant,Tg(CMV-HTT*89Q)ATag,10
2942,MP:0011966,phenotype,abnormal auditory brainstem response waveform shape,8
2943,ENSEMBL:ENSECAG00000004617,gene,ENSEMBL:ENSECAG00000004617,4
2944,MP:0000245,phenotype,abnormal erythropoiesis,8
2945,ENSEMBL:ENSECAG00000010874,gene,ENSEMBL:ENSECAG00000010874,4
2946,HGNC:9237,gene,PPARGC1A,4
2947,HP:0002015,phenotype,Dysphagia,8
2948,WormBase:WBGene00012929,gene,rsks-1,4
2949,HGNC:4882,gene,HEYL,4
2950,ENSEMBL:ENSCAFG00000046311,gene,A0A5F4CAB3,4
2951,ZP:0107019,phenotype,"Non-Lymphoid leukaemias whole organism increased amount, abnormal",8
2952,WormBase:WBGene00022130,gene,Y71F9B.9,4
2953,WBPhenotype:0000093,phenotype,lineage variant,8
2954,MGI:1276522,gene,H2-M10.1,4
2955,ENSEMBL:ENSOANG00000003847,gene,ENSEMBL:ENSOANG00000003847,4
2956,MP:0012572,phenotype,increased susceptibility to chemically induced skin inflammation,8
2957,ZP:0003854,phenotype,"axon sensory neuron disorganized, abnormal",8
2958,ZP:0000369,phenotype,"epithelial cell posterior intestine increased amount, abnormal",8
2959,ENSEMBL:ENSFCAG00000006109,gene,ENSEMBL:ENSFCAG00000006109,4
2960,MP:0000371,phenotype,diluted coat color,8
2961,ENSEMBL:ENSFCAG00000014042,gene,ENSEMBL:ENSFCAG00000014042,4
2962,HGNC:25169,gene,GPRASP2,4
2963,ENSEMBL:ENSSSCG00000011822,gene,OPA1,4
2964,HP:0000726,phenotype,Dementia,8
2965,MONARCH:APO_0000101APO_0000003,phenotype,fermentative metabolism:decreased,8
2966,MP:0008587,phenotype,short photoreceptor outer segment,8
2967,ENSEMBL:ENSMODG00000018083,gene,ENSEMBL:ENSMODG00000018083,4
2968,MP:0006294,phenotype,absent optic vesicle,8
2969,MP:0008537,phenotype,increased susceptibility to induced colitis,8
2970,WormBase:WBGene00009478,gene,syx-7,4
2971,MGI:1919861,gene,Zfp655,4
2972,ENSEMBL:ENSOANG00000012685,gene,ENSEMBL:ENSOANG00000012685,4
2973,HP:0003474,phenotype,Somatic sensory dysfunction,8
2974,MP:0002270,phenotype,abnormal pulmonary alveolus morphology,8
2975,HGNC:8140,gene,OPA1,4
2976,ENSEMBL:ENSGALG00000039942,gene,CTBP1,4
2977,RGD:1598370,gene,RT1-N3,4
2978,WBPhenotype:0001971,phenotype,germ cell compartment anucleate,8
2979,WBPhenotype:0001225,phenotype,phasmid socket absent,8
2980,PomBase:SPAC1610.03c,gene,crp79,4
2981,GO:0043666,molecular function,regulation of phosphoprotein phosphatase activity,7
2982,HP:0003194,phenotype,Short nasal bridge,8
2983,GO:0005770,molecular function,late endosome,7
2984,dictyBase:DDB_G0273399,gene,MIP1,4
2985,ENSEMBL:ENSACAG00000009074,gene,ENSEMBL:ENSACAG00000009074,4
2986,EnsemblGenome:AT2G23010,gene,EnsemblGenome:AT2G23010,4
2987,MP:0003888,phenotype,liver hemorrhage,8
2988,HP:0030344,phenotype,Decreased circulating luteinizing hormone level,8
2989,MP:0030016,phenotype,increased adipocyte glucose uptake,8
2990,ENSEMBL:ENSECAG00000011717,gene,ENSEMBL:ENSECAG00000011717,4
2991,RGD:621663,gene,Csnk2a1,4
2992,EFO:0004344,phenotype,birth weight,8
2993,MP:0000458,phenotype,abnormal mandible morphology,8
2994,HP:0000070,phenotype,Ureterocele,8
2995,ENSEMBL:ENSGALG00000010177,gene,ENSEMBL:ENSGALG00000010177,4
2996,HGNC:5126,gene,HOXC4,4
2997,WBPhenotype:0008001,phenotype,embryonic cell fate specification variant,8
2998,MP:0004984,phenotype,increased osteoclast cell number,8
2999,HP:0002884,phenotype,Hepatoblastoma,8
3000,ENSEMBL:ENSCAFG00000005538,gene,A0A5F4D9K9,4
3001,HP:0000551,phenotype,Color vision defect,8
3002,ENSEMBL:ENSPTRG00000005470,gene,ENSEMBL:ENSPTRG00000005470,4
3003,FlyBase:FBgn0001233,gene,Hsp83,4
3004,FlyBase:FBgn0003612,gene,Su(var)2-10,4
3005,ENSEMBL:ENSECAG00000013197,gene,ENSEMBL:ENSECAG00000013197,4
3006,ZP:0001020,phenotype,"embryo development paedomorphic growth, abnormal",8
3007,HP:0032210,phenotype,Decreased circulating free T3,8
3008,RGD:619758,gene,Grb2,4
3009,ENSEMBL:ENSACAG00000004408,gene,ENSEMBL:ENSACAG00000004408,4
3010,dbSNP:rs73786719,variant,rs73786719-?,10
3011,ZP:0000412,phenotype,"cranial nerve II aplastic, abnormal",8
3012,ENSEMBL:ENSBTAG00000048495,gene,ENSEMBL:ENSBTAG00000048495,4
3013,ENSEMBL:ENSCAFG00000003861,gene,ENSEMBL:ENSCAFG00000003861,4
3014,MP:0013631,phenotype,decreased bone trabecular spacing,8
3015,ENSEMBL:ENSACAG00000022197,gene,ENSEMBL:ENSACAG00000022197,4
3016,EFO:0004565,phenotype,serum IgG measurement,8
3017,ZP:0001197,phenotype,"neuron apoptotic, abnormal",8
3018,ENSEMBL:ENSFCAG00000013189,gene,ENSEMBL:ENSFCAG00000013189,4
3019,dictyBase:DDB_G0283679,gene,psmB7,4
3020,ZP:0012503,phenotype,"neuromuscular junction trunk morphology, abnormal",8
3021,RGD:628878,gene,Hspa4,4
3022,ENSEMBL:ENSMODG00000002220,gene,ENSEMBL:ENSMODG00000002220,4
3023,ENSEMBL:ENSCAFG00000009691,gene,AP2A2,4
3024,HP:0001876,phenotype,Pancytopenia,8
3025,ENSEMBL:ENSCAFG00000012528,gene,ENSEMBL:ENSCAFG00000012528,4
3026,MP:0009933,phenotype,abnormal tail hair pigmentation,8
3027,WormBase:WBGene00017817,gene,F26B1.5,4
3028,EFO:0004312,phenotype,vital capacity,8
3029,ENSEMBL:ENSCAFG00000000453,gene,ENSEMBL:ENSCAFG00000000453,4
3030,WBPhenotype:0001012,phenotype,organism pathogen response variant,8
3031,ZP:0138137,phenotype,"heart obtuse, abnormal",8
3032,ENSEMBL:ENSBTAG00000046332,gene,ENSEMBL:ENSBTAG00000046332,4
3033,ZP:0004148,phenotype,"intersegmental vessel branched, abnormal",8
3034,HP:0030084,phenotype,Clinodactyly,8
3035,MP:0000828,phenotype,abnormal fourth ventricle morphology,8
3036,HP:0040012,phenotype,Chromosome breakage,8
3037,FlyBase:FBgn0032877,gene,CG2617,4
3038,MP:0012342,phenotype,high preference for an addictive substance,8
3039,ENSEMBL:ENSECAG00000015838,gene,ENSEMBL:ENSECAG00000015838,4
3040,dictyBase:DDB_G0278133,gene,DDB_G0278133,4
3041,ENSEMBL:ENSGALG00000050329,gene,A0A1D5PBS4,4
3042,FlyBase:FBgn0004449,gene,Ten-m,4
3043,RGD:620449,gene,Siah1,4
3044,MP:0003918,phenotype,decreased kidney weight,8
3045,HP:0004415,phenotype,Pulmonary artery stenosis,8
3046,ENSEMBL:ENSPTRG00000007345,gene,ENSEMBL:ENSPTRG00000007345,4
3047,RGD:621150,gene,Evl,4
3048,HP:0000639,phenotype,Nystagmus,8
3049,WormBase:WBGene00013168,gene,arp-1,4
3050,1200,drug,flunarizine,3
3051,ZP:0010097,phenotype,"neuromast lateral line decreased amount, abnormal",8
3052,WBPhenotype:0001043,phenotype,interphase entry defective early emb,8
3053,dictyBase:DDB_G0291870,gene,rpl13,4
3054,ENSEMBL:ENSSSCG00000027053,gene,PACSIN1,4
3055,HGNC:29079,gene,KDM1A,4
3056,ZP:0006864,phenotype,"mitotic cell cycle arrested, abnormal",8
3057,ENSEMBL:ENSOANG00000001863,gene,ENSEMBL:ENSOANG00000001863,4
3058,ZP:0000050,phenotype,"optic tectum decreased size, abnormal",8
3059,ZP:0101903,phenotype,"facial nerve motor nucleus rhombomere 4 increased volume, abnormal",8
3060,ENSEMBL:ENSSSCG00000033194,gene,GEMIN7,4
3061,ZP:0004011,phenotype,"neuron retinal inner plexiform layer degenerate, abnormal",8
3062,RGD:1564147,gene,Fam71f1,4
3063,WormBase:WBGene00007150,gene,acly-2,4
3064,1728,drug,methadone,3
3065,ENSEMBL:ENSGALG00000040908,gene,HIP1,4
3066,MGI:1913906,gene,Eef1d,4
3067,HP:0000135,phenotype,Hypogonadism,8
3068,ZP:0100129,phenotype,"skeletal muscle decreased occurrence skeletal myofibril assembly, abnormal",8
3069,ENSEMBL:ENSGALG00000001220,gene,HERPUD1,4
3070,ENSEMBL:ENSACAG00000001379,gene,ENSEMBL:ENSACAG00000001379,4
3071,MP:0000815,phenotype,abnormal Ammon gyrus morphology,8
3072,MP:0013734,phenotype,squamous metaplasia of preputial gland,8
3073,WormBase:WBGene00003922,gene,pas-1,4
3074,ENSEMBL:ENSECAG00000022375,gene,ENSEMBL:ENSECAG00000022375,4
3075,MP:0002217,phenotype,small lymph nodes,8
3076,ZP:0020221,phenotype,"dorsal region whole organism decreased distribution, abnormal",8
3077,HP:0000509,phenotype,Conjunctivitis,8
3078,MP:0006126,phenotype,abnormal cardiac outflow tract development,8
3079,ENSEMBL:ENSOANG00000045588,gene,ENSEMBL:ENSOANG00000045588,4
3080,ZP:0003573,phenotype,"blood decreased fluid flow, abnormal",8
3081,ENSEMBL:ENSECAG00000009909,gene,ENSEMBL:ENSECAG00000009909,4
3082,ENSEMBL:ENSPTRG00000020622,gene,ENSEMBL:ENSPTRG00000020622,4
3083,Xenbase:XB-GENE-995595,gene,rae1,4
3084,ENSEMBL:ENSGALG00000041625,gene,ENSEMBL:ENSGALG00000041625,4
3085,HP:0000480,phenotype,Retinal coloboma,8
3086,5231,drug,midostaurin,3
3087,FlyBase:FBgn0016701,gene,Rab4,4
3088,HGNC:23796,gene,MAGEB6,4
3089,ENSEMBL:ENSACAG00000012594,gene,ENSEMBL:ENSACAG00000012594,4
3090,FlyBase:FBgn0038830,gene,CG17272,4
3091,MP:0003224,phenotype,neuron degeneration,8
3092,HP:0003563,phenotype,Decreased LDL cholesterol concentration,8
3093,ENSEMBL:ENSECAG00000004216,gene,ENSEMBL:ENSECAG00000004216,4
3094,ENSEMBL:ENSSSCG00000008690,gene,ENSEMBL:ENSSSCG00000008690,4
3095,WormBase:WBGene00004768,gene,sel-11,4
3096,FlyBase:FBgn0004465,gene,Su(P),4
3097,RGD:1305879,gene,Carm1,4
3098,MP:0010080,phenotype,abnormal hepatocyte physiology,8
3099,ENSEMBL:ENSMODG00000011995,gene,ENSEMBL:ENSMODG00000011995,4
3100,dictyBase:DDB_G0290233,gene,mgp1,4
3101,MGI:1270129,gene,Dnaja1,4
3102,ZP:0008469,phenotype,"myofibril muscle degenerate, abnormal",8
3103,Coriell:GM04861,biological artifact,NIGMS-GM04861,0
3104,MGI:108418,gene,Npy2r,4
3105,MP:0002062,phenotype,abnormal associative learning,8
3106,ZP:0000152,phenotype,"somite circular, abnormal",8
3107,ENSEMBL:ENSFCAG00000050410,gene,ENSEMBL:ENSFCAG00000050410,4
3108,dictyBase:DDB_G0285105,gene,psmD13,4
3109,MONARCH:APO_0000199APO_0000117,phenotype,chitin deposition:normal,8
3110,Xenbase:XB-GENE-5755016,gene,cnot10,4
3111,ENSEMBL:ENSACAG00000015576,gene,ENSEMBL:ENSACAG00000015576,4
3112,FlyBase:FBgn0003140,gene,PpY-55A,4
3113,ZP:0020908,phenotype,"trunk decreased amount, abnormal",8
3114,MP:0000885,phenotype,ectopic Purkinje cell,8
3115,ENSEMBL:ENSCAFG00000014596,gene,ENSEMBL:ENSCAFG00000014596,4
3116,MP:0000447,phenotype,flattened snout,8
3117,MGI:4429156,genotype,Tg(GFAP-HTT*160Q)1Xjl [either: (involves: FVB/NCrl) or (involves: C3H * C57BL/6 * FVB/NCrl)],6
3118,WBPhenotype:0001121,phenotype,exaggerated asynchrony early emb,8
3119,ENSEMBL:ENSFCAG00000011298,gene,ENSEMBL:ENSFCAG00000011298,4
3120,ENSEMBL:ENSMMUG00000014987,gene,ENSEMBL:ENSMMUG00000014987,4
3121,HP:0030341,phenotype,Decreased circulating follicle stimulating hormone concentration,8
3122,WormBase:WBGene00004808,gene,skr-2,4
3123,ZFIN:ZDB-GENE-040426-2038,gene,rps6kb1b,4
3124,MP:0005077,phenotype,abnormal melanogenesis,8
3125,WBPhenotype:0002319,phenotype,roaming increased,8
3126,HP:0001677,phenotype,Coronary artery atherosclerosis,8
3127,MP:0010401,phenotype,increased skeletal muscle glycogen level,8
3128,MGI:95942,gene,H2-T10,4
3129,Coriell:GM04877,biological artifact,NIGMS-GM04877,0
3130,WormBase:WBGene00000519,gene,cku-70,4
3131,FlyBase:FBgn0037384,gene,dgrn,4
3132,dictyBase:DDB_G0281215,gene,TFIIIB2,4
3133,RGD:1310380,gene,Rangap1,4
3134,HGNC:23533,gene,TCERG1L,4
3135,PomBase:SPAC5D6.13,gene,gpp74,4
3136,ZP:0001280,phenotype,"Muller cell decreased amount, abnormal",8
3137,ENSEMBL:ENSFCAG00000007013,gene,ENSEMBL:ENSFCAG00000007013,4
3138,HGNC:18417,gene,H2AP,4
3139,MP:0009283,phenotype,decreased gonadal fat pad weight,8
3140,ZP:0000147,phenotype,"notochord quality, abnormal",8
3141,ENSEMBL:ENSECAG00000018948,gene,ENSEMBL:ENSECAG00000018948,4
3142,Coriell:GM03869,biological artifact,NIGMS-GM03869,0
3143,WormBase:WBGene00010663,gene,toca-2,4
3144,ZFIN:ZDB-GENE-071116-7,gene,elp1,4
3145,5233,drug,brigatinib,3
3146,ENSEMBL:ENSXETG00000015735,gene,nfib,4
3147,MP:0009939,phenotype,abnormal hippocampus neuron morphology,8
3148,ENSEMBL:ENSGALG00000002403,gene,ULK1,4
3149,ENSEMBL:ENSGALG00000008016,gene,ENSEMBL:ENSGALG00000008016,4
3150,ENSEMBL:ENSMODG00000008764,gene,ENSEMBL:ENSMODG00000008764,4
3151,MP:0010024,phenotype,increased total body fat amount,8
3152,ZFIN:ZDB-GENE-050706-62,gene,rcn2,4
3153,EFO:0005939,phenotype,parental genotype effect measurement,8
3154,ENSEMBL:ENSPTRG00000051527,gene,ENSEMBL:ENSPTRG00000051527,4
3155,MP:0011639,phenotype,decreased mitochondrial DNA content,8
3156,5071,drug,necitumumab,3
3157,ZP:0002588,phenotype,"larval locomotory behavior process quality, abnormal",8
3158,MP:0003544,phenotype,abnormal vascular endothelial cell migration,8
3159,ZP:0002066,phenotype,"slow muscle cell decreased amount, abnormal",8
3160,WormBase:WBGene00017855,gene,F27C1.6,4
3161,Xenbase:XB-GENE-987923,gene,bdkrb2,4
3162,dictyBase:DDB_G0277675,gene,DDB0169348,4
3163,MP:0011407,phenotype,absent nephrogenic zone,8
3164,ENSEMBL:ENSSSCG00000032556,gene,ALDOA,4
3165,dictyBase:DDB_G0284411,gene,dng1,4
3166,FlyBase:FBgn0039425,gene,Ald2,4
3167,ENSEMBL:ENSBTAG00000050724,gene,ENSEMBL:ENSBTAG00000050724,4
3168,HP:0000613,phenotype,Photophobia,8
3169,HGNC:3263,gene,AGO2,4
3170,ZP:0000364,phenotype,"trigeminal placode increased size, abnormal",8
3171,FlyBase:FBgn0031442,gene,Prosbeta4R1,4
3172,MP:0008672,phenotype,increased interleukin-13 secretion,8
3173,MP:0001241,phenotype,absent epidermis stratum corneum,8
3174,ENSEMBL:ENSMMUG00000020751,gene,ENSEMBL:ENSMMUG00000020751,4
3175,MP:0000983,phenotype,enlarged Meissner's corpuscles,8
3176,1547,drug,lansoprazole,3
3177,ENSEMBL:ENSFCAG00000015218,gene,ENSEMBL:ENSFCAG00000015218,4
3178,PomBase:SPBC215.15,gene,sec13,4
3179,PomBase:SPAC3A12.14,gene,cam1,4
3180,MONARCH:APO_0000202APO_0000003,phenotype,alkaline pH resistance:decreased,8
3181,ENSEMBL:ENSOANG00000013344,gene,ENSEMBL:ENSOANG00000013344,4
3182,MGI:1917729,gene,Snx21,4
3183,FlyBase:FBgn0086784,gene,stmA,4
3184,SGD:S000006027,gene,SSE1,4
3185,MGI:1931882,gene,Dnaja2,4
3186,ENSEMBL:ENSECAG00000021641,gene,ENSEMBL:ENSECAG00000021641,4
3187,ENSEMBL:ENSMMUG00000010812,gene,ENSEMBL:ENSMMUG00000010812,4
3188,ENSEMBL:ENSGALG00000005517,gene,KIF9,4
3189,dbSNP:rs3121419,variant,rs3121419-T,10
3190,ENSEMBL:ENSPTRG00000010732,gene,ENSEMBL:ENSPTRG00000010732,4
3191,ENSEMBL:ENSMMUG00000016901,gene,ENSEMBL:ENSMMUG00000016901,4
3192,MGI:5432191,genotype,Tg(YAC72)2511Hay/Tg(YAC72)2511Hay [FVB/N-Tg(YAC72)2511Hay],6
3193,ZFIN:ZDB-GENE-070912-109,gene,ftr33,4
3194,ENSEMBL:ENSGALG00000040999,gene,EIF3B,4
3195,SGD:S000005713,gene,TUF1,4
3196,dictyBase:DDB_G0275391,gene,TACC1,4
3197,ENSEMBL:ENSPTRG00000000321,gene,ENSEMBL:ENSPTRG00000000321,4
3198,HP:0002846,phenotype,Abnormal B cell morphology,8
3199,HP:0008410,phenotype,Subungual hyperkeratotic fragments,8
3200,ZP:0020466,phenotype,"cranium necrotic, abnormal",8
3201,ZP:0000356,phenotype,"eye absent, abnormal",8
3202,ZFIN:ZDB-GENE-050208-439,gene,crebbpa,4
3203,SGD:S000000171,gene,SSA3,4
3204,ZP:0137626,phenotype,"neuron projection motor neuron truncated, abnormal",8
3205,ZP:0010725,phenotype,"heart tube increased amount, abnormal",8
3206,ZP:0003226,phenotype,"forebrain decreased width, abnormal",8
3207,RGD:1305576,gene,Setd2,4
3208,HP:0000664,phenotype,Synophrys,8
3209,ENSEMBL:ENSCAFG00000008260,gene,ENSEMBL:ENSCAFG00000008260,4
3210,ENSEMBL:ENSOANG00000013293,gene,ENSEMBL:ENSOANG00000013293,4
3211,WormBase:WBGene00014240,gene,htas-1,4
3212,WBPhenotype:0001545,phenotype,dauer body morphology variant,8
3213,ENSEMBL:ENSPTRG00000052392,gene,ENSEMBL:ENSPTRG00000052392,4
3214,MP:0006060,phenotype,increased cerebral infarct size,8
3215,ZP:0001126,phenotype,"brain malformed, abnormal",8
3216,SGD:S000000313,gene,CMD1,4
3217,ENSEMBL:ENSGALG00000014786,gene,ENSEMBL:ENSGALG00000014786,4
3218,Xenbase:XB-GENE-1016982,gene,rnf4,4
3219,ENSEMBL:ENSCAFG00000030297,gene,GRB2,4
3220,MP:0009625,phenotype,abnormal abdominal lymph node morphology,8
3221,HP:0002949,phenotype,Fused cervical vertebrae,8
3222,ENSEMBL:ENSMODG00000009810,gene,ENSEMBL:ENSMODG00000009810,4
3223,dictyBase:DDB_G0288873,gene,DDB0219387,4
3224,ENSEMBL:ENSECAG00000020187,gene,ENSEMBL:ENSECAG00000020187,4
3225,ZP:0001391,phenotype,"whole organism wholly ventralized, abnormal",8
3226,Xenbase:XB-GENE-1014415,gene,siah1,4
3227,ZP:0000586,phenotype,"anterior-posterior axis whole organism decreased length, abnormal",8
3228,MP:0002910,phenotype,abnormal excitatory postsynaptic currents,8
3229,ZP:0014806,phenotype,"neuromuscular process controlling balance process quality, abnormal",8
3230,RGD:1564836,gene,RGD1564836,4
3231,ENSEMBL:ENSSSCG00000001880,gene,ENSEMBL:ENSSSCG00000001880,4
3232,HP:0000496,phenotype,Abnormality of eye movement,8
3233,HP:0025336,phenotype,Delayed ability to sit,8
3234,ENSEMBL:ENSECAG00000007197,gene,ENSEMBL:ENSECAG00000007197,4
3235,HGNC:9783,gene,RAB5A,4
3236,ZFIN:ZDB-GENE-030131-7310,gene,eef1b2,4
3237,ENSEMBL:ENSOANG00000006879,gene,ENSEMBL:ENSOANG00000006879,4
3238,MGI:97167,gene,Msn,4
3239,ZP:0003107,phenotype,"palatoquadrate cartilage malformed, abnormal",8
3240,785,drug,dasatinib,3
3241,ENSEMBL:ENSECAG00000013864,gene,ENSEMBL:ENSECAG00000013864,4
3242,MP:0013940,phenotype,abnormal plasmablast number,8
3243,WormBase:WBGene00043067,gene,dlc-5,4
3244,MP:0004098,phenotype,abnormal cerebellar granule cell morphology,8
3245,dictyBase:DDB_G0283459,gene,DDB0220684,4
3246,FlyBase:FBgn0035016,gene,CG4612,4
3247,WBPhenotype:0000228,phenotype,spontaneous mutation rate increased,8
3248,MONARCH:APO_0000131APO_0000249,phenotype,protein/peptide modification:delayed,8
3249,1353,drug,haloperidol,3
3250,ENSEMBL:ENSECAG00000040214,gene,ENSEMBL:ENSECAG00000040214,4
3251,WormBase:WBGene00001230,gene,eif-3.G,4
3252,dbSNP:rs6855981,variant,rs6855981-?,10
3253,ZFIN:ZDB-GENE-131231-1,gene,sp5b,4
3254,ZFIN:ZDB-GENE-031113-4,gene,mpp1,4
3255,ENSEMBL:ENSMMUG00000006996,gene,ENSEMBL:ENSMMUG00000006996,4
3256,ZFIN:ZDB-GENE-040121-5,gene,akt2l,4
3257,ENSEMBL:ENSPTRG00000000548,gene,ENSEMBL:ENSPTRG00000000548,4
3258,NCBITaxon:562,taxon,Escherichia coli,9
3259,ENSEMBL:ENSCAFG00000024643,gene,J9PAV3,4
3260,MP:0001415,phenotype,increased exploration in new environment,8
3261,HP:0000589,phenotype,Coloboma,8
3262,HP:0001897,phenotype,Normocytic anemia,8
3263,FlyBase:FBgn0027055,gene,CSN3,4
3264,MP:0008513,phenotype,thin retinal inner plexiform layer,8
3265,ZFIN:ZDB-GENE-030131-7660,gene,cops3,4
3266,ENSEMBL:ENSMMUG00000015773,gene,ENSEMBL:ENSMMUG00000015773,4
3267,WBPhenotype:0002118,phenotype,population fitness phenotype,8
3268,WBPhenotype:0000504,phenotype,nuclear division variant,8
3269,ENSEMBL:ENSMODG00000011198,gene,ENSEMBL:ENSMODG00000011198,4
3270,ENSEMBL:ENSFCAG00000019287,gene,ENSEMBL:ENSFCAG00000019287,4
3271,ZP:0008111,phenotype,"tectal ventricle hydrocephalic, abnormal",8
3272,HGNC:8554,gene,PABPC1,4
3273,ENSEMBL:ENSCAFG00000047620,gene,A0A5F4CGE3,4
3274,RGD:1564760,gene,Hmg20a,4
3275,HP:0012385,phenotype,Camptodactyly,8
3276,HP:0011220,phenotype,Prominent forehead,8
3277,SGD:S000004460,gene,YPT7,4
3278,ENSEMBL:ENSPTRG00000005684,gene,ENSEMBL:ENSPTRG00000005684,4
3279,ENSEMBL:ENSECAG00000022845,gene,ENSEMBL:ENSECAG00000022845,4
3280,dbSNPIndividual:21488,genotype,46;XY;t(2;19)(2pter->2q23::19p12->19pter;&#x0D;&#x0A;2qter->2q23::19p12->19qter)[9]/46;XY[11] [GM04476],6
3281,HP:0010174,phenotype,Broad phalanx of the toes,8
3282,ZFIN:ZDB-GENE-130530-768,gene,ninl,4
3283,WBPhenotype:0001425,phenotype,receptor mediated endocytosis defective,8
3284,ENSEMBL:ENSSSCG00000038558,gene,ENSEMBL:ENSSSCG00000038558,4
3285,ENSEMBL:ENSOANG00000029349,gene,ENSEMBL:ENSOANG00000029349,4
3286,ENSEMBL:ENSPTRG00000021233,gene,ENSEMBL:ENSPTRG00000021233,4
3287,ENSEMBL:ENSGALG00000008494,gene,ENSEMBL:ENSGALG00000008494,4
3288,HP:0005469,phenotype,Flat occiput,8
3289,HP:0002365,phenotype,Hypoplasia of the brainstem,8
3290,HP:0011019,phenotype,Abnormality of chromosome condensation,8
3291,ENSEMBL:ENSCAFG00000031831,gene,ENSEMBL:ENSCAFG00000031831,4
3292,WBPhenotype:0002188,phenotype,male somatic gonad development variant,8
3293,MP:0014115,phenotype,cognitive inflexibility,8
3294,ENSEMBL:ENSPTRG00000046356,gene,ENSEMBL:ENSPTRG00000046356,4
3295,MP:0010378,phenotype,increased respiratory quotient,8
3296,ZP:0010279,phenotype,"peripheral nervous system neoplastic, malignant, abnormal",8
3297,MP:0010219,phenotype,increased T-helper 17 cell number,8
3298,PomBase:SPBC2D10.20,gene,ubc1,4
3299,ENSEMBL:ENSOANG00000021332,gene,ENSEMBL:ENSOANG00000021332,4
3300,HP:0012863,phenotype,Abnormal male germ cell morphology,8
3301,ENSEMBL:ENSECAG00000007532,gene,ENSEMBL:ENSECAG00000007532,4
3302,ENSEMBL:ENSACAG00000010843,gene,ENSEMBL:ENSACAG00000010843,4
3303,ENSEMBL:ENSMODG00000039640,gene,ENSEMBL:ENSMODG00000039640,4
3304,ENSEMBL:ENSGALG00000003881,gene,ENSEMBL:ENSGALG00000003881,4
3305,ENSEMBL:ENSFCAG00000023444,gene,ENSEMBL:ENSFCAG00000023444,4
3306,ENSEMBL:ENSMODG00000002694,gene,ENSEMBL:ENSMODG00000002694,4
3307,ENSEMBL:ENSSSCG00000028278,gene,POLR2A,4
3308,WBPhenotype:0001917,phenotype,protein acetylation variant,8
3309,ZFIN:ZDB-GENE-040625-96,gene,psma5,4
3310,WBPhenotype:0002308,phenotype,pausing variant,8
3311,MP:0009109,phenotype,decreased pancreas weight,8
3312,HP:0001212,phenotype,Prominent fingertip pads,8
3313,Coriell:GM03868,biological artifact,NIGMS-GM03868,0
3314,ZP:0009077,phenotype,"neural tube wholly ventralized, abnormal",8
3315,RGD:69195,gene,Nbr1,4
3316,MP:0012306,phenotype,enhanced spatial learning,8
3317,EnsemblGenome:AT5G11210,gene,EnsemblGenome:AT5G11210,4
3318,ENSEMBL:ENSCAFG00000041148,gene,ENSEMBL:ENSCAFG00000041148,4
3319,EnsemblGenome:BAE76913,gene,EnsemblGenome:BAE76913,4
3320,Coriell:GM04284,biological artifact,NIGMS-GM04284,0
3321,dictyBase:DDB_G0281085,gene,TFIIIA,4
3322,ZP:0000306,phenotype,"whole organism dead, abnormal",8
3323,PomBase:SPAC19B12.05c,gene,fcp1,4
3324,ZP:0000582,phenotype,"myotome increased width, abnormal",8
3325,ENSEMBL:ENSOANG00000038479,gene,ENSEMBL:ENSOANG00000038479,4
3326,MP:0008035,phenotype,behavioral arrest,8
3327,RGD:2322065,gene,LOC100360491,4
3328,ENSEMBL:ENSRNOG00000032820,gene,F1M2M6,4
3329,HP:0001259,phenotype,Coma,8
3330,PomBase:SPBC1709.11c,gene,png2,4
3331,WormBase:WBGene00013598,gene,vps-28,4
3332,MP:0003075,phenotype,abnormal response to CNS ischemic injury,8
3333,ZP:0106013,phenotype,"central nervous system decreased process quality central nervous system myelination, abnormal",8
3334,MP:0000934,phenotype,abnormal telencephalon development,8
3335,MP:0006305,phenotype,abnormal optic eminence morphology,8
3336,ENSEMBL:ENSECAG00000005451,gene,ENSEMBL:ENSECAG00000005451,4
3337,MP:0010047,phenotype,axonal spheroids,8
3338,PomBase:SPAC57A7.06,gene,utp14,4
3339,ENSEMBL:ENSGALG00000008590,gene,EEF1B2,4
3340,MGI:95928,gene,H2-Q1,4
3341,ENSEMBL:ENSPTRG00000020852,gene,ENSEMBL:ENSPTRG00000020852,4
3342,ENSEMBL:ENSCAFG00000005814,gene,ENSEMBL:ENSCAFG00000005814,4
3343,ENSEMBL:ENSSSCG00000009126,gene,F1S145,4
3344,EFO:0005271,phenotype,sleep duration,8
3345,EFO:0007864,phenotype,sulfate measurement,8
3346,ENSEMBL:ENSPTRG00000004125,gene,ENSEMBL:ENSPTRG00000004125,4
3347,MP:0002102,phenotype,abnormal ear morphology,8
3348,HGNC:11537,gene,TAF4,4
3349,EFO:0009963,phenotype,bipolar I disorder,8
3350,ZP:0003503,phenotype,"pharyngeal arch decreased size, abnormal",8
3351,MP:0013735,phenotype,squamous metaplasia of urethral gland,8
3352,Xenbase:XB-GENE-993118,gene,mtor,4
3353,MP:0005382,phenotype,craniofacial phenotype,8
3354,HP:0045005,phenotype,Neural tube defect,8
3355,HP:0000234,phenotype,Abnormality of the head,8
3356,ENSEMBL:ENSBTAG00000004887,gene,DCTN1,4
3357,MP:0003245,phenotype,abnormal GABAergic neuron morphology,8
3358,ENSEMBL:ENSACAG00000001226,gene,ENSEMBL:ENSACAG00000001226,4
3359,ZP:0106392,phenotype,"dentary increased amount, abnormal",8
3360,WBPhenotype:0002172,phenotype,pathogen release variant,8
3361,MP:0000808,phenotype,abnormal hippocampus development,8
3362,ENSEMBL:ENSECAG00000024719,gene,ENSEMBL:ENSECAG00000024719,4
3363,dictyBase:DDB_G0274111,gene,pfkA,4
3364,ENSEMBL:ENSFCAG00000033193,gene,ENSEMBL:ENSFCAG00000033193,4
3365,RGD:2320860,gene,LOC100364500,4
3366,HGNC:5253,gene,HSP90AA1,4
3367,RGD:1593362,gene,LOC691918,4
3368,MP:0009926,phenotype,decreased transitional stage T2 B cell number,8
3369,ENSEMBL:ENSCAFG00000018144,gene,F1PNI3,4
3370,ZFIN:ZDB-GENE-040718-329,gene,psma6b,4
3371,OBI:0100026,taxon,organism,9
3372,ZFIN:ZDB-GENE-030616-462,gene,ing5b,4
3373,WBPhenotype:0000765,phenotype,spindle elongation integrity defective early emb,8
3374,ENSEMBL:ENSMMUG00000016009,gene,ENSEMBL:ENSMMUG00000016009,4
3375,WBPhenotype:0000358,phenotype,extra cell division postembryonic,8
3376,ENSEMBL:ENSMODG00000024136,gene,ENSEMBL:ENSMODG00000024136,4
3377,WBPhenotype:0000682,phenotype,feminization of germline,8
3378,ENSEMBL:ENSGALG00000013962,gene,HBS1L,4
3379,2711,drug,tramadol,3
3380,PomBase:SPAC343.18,gene,rfp2,4
3381,MGI:1289273,gene,Ppp1r10,4
3382,ENSEMBL:ENSECAG00000008104,gene,ENSEMBL:ENSECAG00000008104,4
3383,MP:0000511,phenotype,abnormal intestinal mucosa morphology,8
3384,MGI:5432179,genotype,Gt(ROSA)26Sor<tm51(HTT)Arte>/Gt(ROSA)26Sor<+> [Not Specified],6
3385,HP:0012286,phenotype,Abnormal hypothalamus morphology,8
3386,ENSEMBL:ENSMMUG00000015653,gene,ENSEMBL:ENSMMUG00000015653,4
3387,HGNC:1867,gene,CETN2,4
3388,ENSEMBL:ENSSSCG00000014058,gene,CLTB,4
3389,WBPhenotype:0000684,phenotype,fewer germ cells,8
3390,ZFIN:ZDB-GENE-041010-48,gene,casp6b.1,4
3391,ENSEMBL:ENSCAFG00000013088,gene,ENSEMBL:ENSCAFG00000013088,4
3392,ENSEMBL:ENSFCAG00000010517,gene,ENSEMBL:ENSFCAG00000010517,4
3393,HGNC:2961,gene,DYNC1H1,4
3394,MGI:1923990,gene,Efr3a,4
3395,ENSEMBL:ENSSSCG00000004169,gene,HBS1L,4
3396,HP:0002187,phenotype,"Intellectual disability, profound",8
3397,ENSEMBL:ENSGALG00000030396,gene,ENSEMBL:ENSGALG00000030396,4
3398,ZP:0002998,phenotype,"lens hypoplastic, abnormal",8
3399,ZP:0017290,phenotype,"prechordal plate absent, abnormal",8
3400,ZFIN:ZDB-GENE-040426-1480,gene,psmd2,4
3401,ENSEMBL:ENSACAG00000004800,gene,ENSEMBL:ENSACAG00000004800,4
3402,HP:0008765,phenotype,Auditory hallucinations,8
3403,MP:0008597,phenotype,decreased circulating interleukin-6 level,8
3404,FlyBase:FBgn0010280,gene,Taf4,4
3405,MP:0008042,phenotype,abnormal NK T cell physiology,8
3406,MONARCH:APO_0000095APO_0000005,phenotype,chemical compound accumulation:absent,8
3407,MP:0001562,phenotype,abnormal circulating calcium level,8
3408,MGI:1333832,gene,Magea3,4
3409,ENSEMBL:ENSSSCG00000011620,gene,RUVBL1,4
3410,ENSEMBL:ENSCAFG00000010452,gene,KDM5B,4
3411,ENSEMBL:ENSECAG00000009251,gene,ENSEMBL:ENSECAG00000009251,4
3412,ENSEMBL:ENSSSCG00000039077,gene,LOC100738412,4
3413,ZP:0000360,phenotype,"heart linear, abnormal",8
3414,dictyBase:DDB_G0283535,gene,DG1104,4
3415,WormBase:WBGene00012115,gene,T28B8.4,4
3416,ENSEMBL:ENSCAFG00000001435,gene,UBQLN1,4
3417,ENSEMBL:ENSPTRG00000003510,gene,ENSEMBL:ENSPTRG00000003510,4
3418,MP:0008168,phenotype,decreased B-1a cell number,8
3419,WormBase:WBGene00004825,gene,skr-19,4
3420,ZP:0000821,phenotype,"pharyngeal arch 1 decreased size, abnormal",8
3421,MP:0003088,phenotype,abnormal prepulse inhibition,8
3422,MP:0009928,phenotype,abnormal pinna hair pigmentation,8
3423,MP:0003393,phenotype,decreased cardiac output,8
3424,ENSEMBL:ENSOANG00000004021,gene,ENSEMBL:ENSOANG00000004021,4
3425,ENSEMBL:ENSCAFG00000010827,gene,TTC23,4
3426,ENSEMBL:ENSMMUG00000009698,gene,ENSEMBL:ENSMMUG00000009698,4
3427,ENSEMBL:ENSPTRG00000007227,gene,ENSEMBL:ENSPTRG00000007227,4
3428,ENSEMBL:ENSSSCG00000012055,gene,ENSEMBL:ENSSSCG00000012055,4
3429,EnsemblGenome:AT5G19770,gene,EnsemblGenome:AT5G19770,4
3430,HP:0000965,phenotype,Cutis marmorata,8
3431,MP:0005141,phenotype,liver hyperplasia,8
3432,2172,drug,pimozide,3
3433,ENSEMBL:ENSECAG00000005828,gene,ENSEMBL:ENSECAG00000005828,4
3434,MGI:105384,gene,Hspa8,4
3435,Xenbase:XB-GENE-982230,gene,tacc1,4
3436,dictyBase:DDB_G0281979,gene,DDB0205066,4
3437,dictyBase:DDB_G0269860,gene,DDB_G0269860,4
3438,ENSEMBL:ENSCAFG00000031787,gene,ENSEMBL:ENSCAFG00000031787,4
3439,Xenbase:XB-GENE-6257393,gene,gemin7,4
3440,Xenbase:XB-GENE-966955,gene,eef1b2,4
3441,dictyBase:DDB_G0268716,gene,lsm5,4
3442,ENSEMBL:ENSACAG00000017758,gene,ENSEMBL:ENSACAG00000017758,4
3443,ENSEMBL:ENSMMUG00000006119,gene,ENSEMBL:ENSMMUG00000006119,4
3444,HP:0030190,phenotype,Oral motor hypotonia,8
3445,NCBITaxon:4896,taxon,Schizosaccharomyces pombe,9
3446,EFO:0007986,phenotype,reticulocyte count,8
3447,MP:0010123,phenotype,increased bone mineral content,8
3448,ZP:0019804,phenotype,"hematopoietic system decreased amount, abnormal",8
3449,RGD:619762,gene,Rab11a,4
3450,ENSEMBL:ENSMODG00000012113,gene,ENSEMBL:ENSMODG00000012113,4
3451,Coriell:GM05740,biological artifact,NIGMS-GM05740,0
3452,ENSEMBL:ENSECAG00000019923,gene,ENSEMBL:ENSECAG00000019923,4
3453,ZP:0014445,phenotype,"fin regeneration process quality, abnormal",8
3454,4063,drug,tirilazad,3
3455,ENSEMBL:ENSCAFG00000001104,gene,ENSEMBL:ENSCAFG00000001104,4
3456,ENSEMBL:ENSOANG00000044438,gene,ENSEMBL:ENSOANG00000044438,4
3457,ENSEMBL:ENSMMUG00000003348,gene,ENSEMBL:ENSMMUG00000003348,4
3458,HP:0012733,phenotype,Macule,8
3459,FlyBase:FBgn0264492,gene,CkIIalpha,4
3460,ENSEMBL:ENSFCAG00000010023,gene,ENSEMBL:ENSFCAG00000010023,4
3461,HGNC:37276,gene,CRPPA,4
3462,RGD:621093,gene,Psmb7,4
3463,MONARCH:APO_0000257APO_0000250,phenotype,cell cycle progression through the G2/M phase transition:arrested,8
3464,WBPhenotype:0001106,phenotype,spindle orientation variant AB or P1 early emb,8
3465,FlyBase:FBgn0027788,gene,Hey,4
3466,PomBase:SPBC16A3.05c,gene,rae1,4
3467,ENSEMBL:ENSECAG00000020463,gene,ENSEMBL:ENSECAG00000020463,4
3468,ZP:0100495,phenotype,"response to stress process quality, abnormal",8
3469,ENSEMBL:ENSCAFG00000007132,gene,MIPEP,4
3470,HGNC:1856,gene,CENPE,4
3471,ZFIN:ZDB-GENE-030131-5455,gene,dnajb1b,4
3472,ZP:0018635,phenotype,"post-vent region increased occurrence cell death, abnormal",8
3473,MP:0010179,phenotype,rough coat,8
3474,ENSEMBL:ENSBTAG00000001961,gene,MAP1B,4
3475,RGD:3706,gene,Slc2a3,4
3476,MP:0030906,phenotype,decreased melanoblast proliferation,8
3477,MP:0004747,phenotype,abnormal cochlear OHC afferent innervation pattern,8
3478,WormBase:WBGene00011239,gene,pges-2,4
3479,ENSEMBL:ENSMMUG00000003624,gene,ENSEMBL:ENSMMUG00000003624,4
3480,ENSEMBL:ENSMODG00000015693,gene,ENSEMBL:ENSMODG00000015693,4
3481,FlyBase:FBgn0032030,gene,Wdr82,4
3482,4942,drug,lenvatinib,3
3483,WBPhenotype:0001172,phenotype,programmed cell death variant,8
3484,ENSEMBL:ENSFCAG00000012293,gene,ENSEMBL:ENSFCAG00000012293,4
3485,MP:0002052,phenotype,decreased tumor incidence,8
3486,WBPhenotype:0001146,phenotype,polar body size defective early emb,8
3487,FlyBase:FBgn0260746,gene,Ect3,4
3488,ENSEMBL:ENSFCAG00000011175,gene,ENSEMBL:ENSFCAG00000011175,4
3489,FlyBase:FBgn0016697,gene,Prosalpha5,4
3490,HP:0009121,phenotype,Abnormal axial skeleton morphology,8
3491,MONARCH:APO_0000204APO_0000003,phenotype,hyperosmotic stress resistance:decreased,8
3492,RGD:1589743,gene,Ulk1,4
3493,ENSEMBL:ENSSSCG00000013064,gene,EEF1G,4
3494,PomBase:SPAC6G9.08,gene,ubp6,4
3495,Xenbase:XB-GENE-5861673,gene,h2ac17,4
3496,ZFIN:ZDB-GENE-090501-2,gene,si:dkey-28b4.8,4
3497,ENSEMBL:ENSMODG00000002887,gene,ENSEMBL:ENSMODG00000002887,4
3498,MGI:1858208,gene,Ech1,4
3499,WormBase:WBGene00004458,gene,rpn-1,4
3500,dictyBase:DDB_G0269704,gene,DDB0190486,4
3501,SGD:S000003148,gene,ATG1,4
3502,WBPhenotype:0001147,phenotype,polar body defective early emb,8
3503,ENSEMBL:ENSCAFG00000017908,gene,ENSEMBL:ENSCAFG00000017908,4
3504,HP:0100704,phenotype,Cerebral visual impairment,8
3505,EFO:0004980,phenotype,appendicular lean mass,8
3506,FlyBase:FBgn0025631,gene,moody,4
3507,EnsemblGenome:BAE77952,gene,EnsemblGenome:BAE77952,4
3508,dictyBase:DDB_G0276885,gene,casK,4
3509,WBPhenotype:0002259,phenotype,dendritic termini number reduced,8
3510,RGD:1310521,gene,Ranbp1,4
3511,ENSEMBL:ENSFCAG00000001132,gene,ENSEMBL:ENSFCAG00000001132,4
3512,GO:0032991,molecular function,protein-containing complex,7
3513,ENSEMBL:ENSOANG00000008102,gene,ENSEMBL:ENSOANG00000008102,4
3514,ENSEMBL:ENSMMUG00000022601,gene,ENSEMBL:ENSMMUG00000022601,4
3515,MP:0020039,phenotype,increased bone ossification,8
3516,ENSEMBL:ENSECAG00000008891,gene,ENSEMBL:ENSECAG00000008891,4
3517,ZFIN:ZDB-GENE-090909-2,gene,aclyb,4
3518,MP:0004079,phenotype,abnormal putamen morphology,8
3519,ENSEMBL:ENSCAFG00000000487,gene,DLA88,4
3520,dictyBase:DDB_G0274605,gene,gefR,4
3521,P42866,gene product,Mu-type opioid receptor,5
3522,MP:0005499,phenotype,abnormal olfactory system morphology,8
3523,WormBase:WBGene00011735,gene,hip-1,4
3524,EnsemblGenome:BAA16420,gene,EnsemblGenome:BAA16420,4
3525,ZFIN:ZDB-GENE-040808-68,gene,acat1,4
3526,MP:0006042,phenotype,increased apoptosis,8
3527,ENSEMBL:ENSFCAG00000003917,gene,ENSEMBL:ENSFCAG00000003917,4
3528,WBPhenotype:0000083,phenotype,L3 arrest,8
3529,5110,drug,migalastat,3
3530,ZP:0010101,phenotype,"pharyngeal arch 1 mislocalised ventrally, abnormal",8
3531,GO:0000132,molecular function,establishment of mitotic spindle orientation,7
3532,ENSEMBL:ENSPTRG00000016558,gene,ENSEMBL:ENSPTRG00000016558,4
3533,WBPhenotype:0000850,phenotype,touch resistant anterior body,8
3534,ENSEMBL:ENSSSCG00000000204,gene,PRPF40B,4
3535,MP:0002961,phenotype,abnormal axon guidance,8
3536,dictyBase:DDB_G0280603,gene,DDB0206068,4
3537,ZP:0003239,phenotype,"facial nerve motor nucleus mislocalised anteriorly, abnormal",8
3538,MP:0001402,phenotype,hypoactivity,8
3539,FlyBase:FBgn0265784,gene,CrebB,4
3540,WBPhenotype:0001663,phenotype,organism oxidative stress resistant,8
3541,ZP:0014134,phenotype,"developmental process decreased rate, abnormal",8
3542,ENSEMBL:ENSACAG00000014791,gene,ENSEMBL:ENSACAG00000014791,4
3543,ZP:0012655,phenotype,"axon cerebellum morphology, abnormal",8
3544,ENSEMBL:ENSMMUG00000002569,gene,ENSEMBL:ENSMMUG00000002569,4
3545,MP:0031023,phenotype,decreased susceptibility to Riboviria infection induced morbidity/mortality,8
3546,dictyBase:DDB_G0269458,gene,ubqJ,4
3547,dictyBase:DDB_G0282025,gene,DDB0205093,4
3548,ENSEMBL:ENSOANG00000011115,gene,ENSEMBL:ENSOANG00000011115,4
3549,MP:0005220,phenotype,abnormal exocrine pancreas morphology,8
3550,MP:0020448,phenotype,increased microglial cell activation,8
3551,ENSEMBL:ENSOANG00000045527,gene,ENSEMBL:ENSOANG00000045527,4
3552,PomBase:SPBC16H5.02,gene,pfk1,4
3553,WBPhenotype:0002328,phenotype,amplitude of sinusoidal movement increased,8
3554,HP:0004372,phenotype,Reduced consciousness/confusion,8
3555,HP:0002357,phenotype,Dysphasia,8
3556,ZFIN:ZDB-GENE-030131-7893,gene,grm1a,4
3557,ENSEMBL:ENSOANG00000046095,gene,ENSEMBL:ENSOANG00000046095,4
3558,ZP:0007910,phenotype,"kinocilium posterior lateral line neuromast decreased length, abnormal",8
3559,MP:0004097,phenotype,abnormal cerebellar cortex morphology,8
3560,ZP:0101897,phenotype,"motor neuron facial nerve motor nucleus circular, abnormal",8
3561,SGD:S000000534,gene,BIK1,4
3562,MP:0010091,phenotype,decreased circulating creatine kinase level,8
3563,RGD:68424,gene,Dlg4,4
3564,ZFIN:ZDB-GENE-030131-9511,gene,dcaf7,4
3565,MP:0004889,phenotype,increased energy expenditure,8
3566,FlyBase:FBgn0033051,gene,Strica,4
3567,ENSEMBL:ENSFCAG00000011488,gene,ENSEMBL:ENSFCAG00000011488,4
3568,ZP:0000531,phenotype,"dorsal aorta aplastic, abnormal",8
3569,EFO:0007990,phenotype,neutrophil percentage of leukocytes,8
3570,ZFIN:ZDB-GENE-041010-181,gene,zgc:101679,4
3571,HGNC:13919,gene,BAG6,4
3572,ENSEMBL:ENSCAFG00000013916,gene,SYVN1,4
3573,ZP:0022916,phenotype,"response to heat process quality, abnormal",8
3574,ENSEMBL:ENSECAG00000009936,gene,ENSEMBL:ENSECAG00000009936,4
3575,dictyBase:DDB_G0278661,gene,tstE,4
3576,HP:0011471,phenotype,Gastrostomy tube feeding in infancy,8
3577,dictyBase:DDB_G0282339,gene,polr1c,4
3578,ENSEMBL:ENSMODG00000019231,gene,ENSEMBL:ENSMODG00000019231,4
3579,MP:0011695,phenotype,absent hematopoietic stem cells,8
3580,MP:0005385,phenotype,cardiovascular system phenotype,8
3581,MP:0000269,phenotype,abnormal heart looping,8
3582,ENSEMBL:ENSACAG00000003919,gene,ENSEMBL:ENSACAG00000003919,4
3583,ENSEMBL:ENSFCAG00000028444,gene,ENSEMBL:ENSFCAG00000028444,4
3584,ENSEMBL:ENSGALG00000012709,gene,ENSEMBL:ENSGALG00000012709,4
3585,MP:0004500,phenotype,increased incidence of tumors by ionizing radiation induction,8
3586,ZFIN:ZDB-GENE-040927-6,gene,cnot3a,4
3587,ENSEMBL:ENSECAG00000009950,gene,ENSEMBL:ENSECAG00000009950,4
3588,HGNC:2938,gene,DMXL2,4
3589,WBPhenotype:0002277,phenotype,dauer lifespan extended,8
3590,ZP:0002805,phenotype,"thigmotaxis arrested, abnormal",8
3591,HP:0002359,phenotype,Frequent falls,8
3592,ZP:0003002,phenotype,"eye shape, abnormal",8
3593,EnsemblGenome:AT2G14120,gene,EnsemblGenome:AT2G14120,4
3594,dbSNP:rs117440785,variant,rs117440785-?,10
3595,MP:0004505,phenotype,decreased renal glomerulus number,8
3596,ENSEMBL:ENSOANG00000006113,gene,ENSEMBL:ENSOANG00000006113,4
3597,RGD:1565632,gene,Prrc1,4
3598,MP:0012062,phenotype,small tail bud,8
3599,ZFIN:ZDB-GENE-091113-52,gene,rps6kb1a,4
3600,ENSEMBL:ENSACAG00000000769,gene,ENSEMBL:ENSACAG00000000769,4
3601,WBPhenotype:0000157,phenotype,posterior body wall contraction defecation cycle variant,8
3602,ZP:0000012,phenotype,"somite morphology, abnormal",8
3603,ZP:0004056,phenotype,"posterior cardinal vein increased diameter, abnormal",8
3604,ENSEMBL:ENSXETG00000034683,gene,ENSEMBL:ENSXETG00000034683,4
3605,ENSEMBL:ENSPTRG00000018064,gene,ENSEMBL:ENSPTRG00000018064,4
3606,HP:0002185,phenotype,Neurofibrillary tangles,8
3607,ENSEMBL:ENSECAG00000006505,gene,ENSEMBL:ENSECAG00000006505,4
3608,RGD:1359133,gene,Aldoart2,4
3609,WBPhenotype:0001136,phenotype,embryonic morphology variant,8
3610,MP:0009511,phenotype,distended stomach,8
3611,WBPhenotype:0001468,phenotype,benzaldehyde chemotaxis variant,8
3612,ENSEMBL:ENSBTAG00000001476,gene,ENSEMBL:ENSBTAG00000001476,4
3613,ENSEMBL:ENSECAG00000025014,gene,ENSEMBL:ENSECAG00000025014,4
3614,HP:0007210,phenotype,Lower limb amyotrophy,8
3615,Xenbase:XB-GENE-970603,gene,psmb1,4
3616,ENSEMBL:ENSECAG00000019742,gene,ENSEMBL:ENSECAG00000019742,4
3617,WBPhenotype:0001504,phenotype,maternal effect sterile,8
3618,ENSEMBL:ENSCAFG00000017986,gene,DYNC1H1,4
3619,ZP:0003229,phenotype,"midbrain shape, abnormal",8
3620,ENSEMBL:ENSOANG00000036554,gene,ENSEMBL:ENSOANG00000036554,4
3621,4118,drug,pazopanib,3
3622,ENSEMBL:ENSCAFG00000015444,gene,ENSEMBL:ENSCAFG00000015444,4
3623,ZP:0004008,phenotype,"cranial nerve II decreased width, abnormal",8
3624,WBPhenotype:0002382,phenotype,resistant to bioactive compound,8
3625,ZP:0102181,phenotype,"autophagy decreased occurrence, abnormal",8
3626,ENSEMBL:ENSBTAG00000002069,gene,BOLA,4
3627,ENSEMBL:ENSOANG00000005959,gene,ENSEMBL:ENSOANG00000005959,4
3628,MP:0009305,phenotype,decreased retroperitoneal fat pad weight,8
3629,dbSNP:rs553060882,variant,rs553060882-A,10
3630,HP:0002354,phenotype,Memory impairment,8
3631,ENSEMBL:ENSACAG00000029516,gene,ENSEMBL:ENSACAG00000029516,4
3632,WormBase:WBGene00004807,gene,skr-1,4
3633,WBPhenotype:0001567,phenotype,nuclei enlarged,8
3634,MP:0004121,phenotype,abnormal sarcolemma morphology,8
3635,ENSEMBL:ENSACAG00000015347,gene,ENSEMBL:ENSACAG00000015347,4
3636,ZP:0019509,phenotype,"axon peripheral neuron absent, abnormal",8
3637,ENSEMBL:ENSGALG00000002925,gene,ETFA,4
3638,WBPhenotype:0002346,phenotype,forward locomotion increased,8
3639,ZP:0103242,phenotype,"response to osmotic stress process quality, abnormal",8
3640,ENSEMBL:ENSECAG00000012136,gene,ENSEMBL:ENSECAG00000012136,4
3641,dictyBase:DDB_G0279141,gene,ap1b1,4
3642,MP:0003140,phenotype,dilated heart atrium,8
3643,ENSEMBL:ENSCAFG00000005652,gene,ENSEMBL:ENSCAFG00000005652,4
3644,ZP:0002542,phenotype,"neural keel increased width, abnormal",8
3645,ENSEMBL:ENSECAG00000008684,gene,ENSEMBL:ENSECAG00000008684,4
3646,MP:0008177,phenotype,increased germinal center B cell number,8
3647,ENSEMBL:ENSMODG00000005784,gene,ENSEMBL:ENSMODG00000005784,4
3648,ENSEMBL:ENSBTAG00000005355,gene,ENSEMBL:ENSBTAG00000005355,4
3649,MP:0000280,phenotype,thin ventricular wall,8
3650,Coriell:GM04887,biological artifact,NIGMS-GM04887,0
3651,SGD:S000006168,gene,YPL247C,4
3652,ZP:0106015,phenotype,"oligodendrocyte central nervous system decreased amount, abnormal",8
3653,MP:0002841,phenotype,impaired skeletal muscle contractility,8
3654,HP:0000517,phenotype,Abnormality of the lens,8
3655,MP:0004102,phenotype,abnormal dorsal striatum morphology,8
3656,ENSEMBL:ENSFCAG00000039495,gene,ENSEMBL:ENSFCAG00000039495,4
3657,MGI:95904,gene,H2-K1,4
3658,ENSEMBL:ENSGALG00000001986,gene,ENSEMBL:ENSGALG00000001986,4
3659,HP:0001763,phenotype,Pes planus,8
3660,P62993,gene product,Growth factor receptor-bound protein 2,5
3661,ENSEMBL:ENSMODG00000013290,gene,ENSEMBL:ENSMODG00000013290,4
3662,ZP:0005770,phenotype,"nucleus lens mislocalised anteriorly, abnormal",8
3663,MP:0008339,phenotype,absent thyrotrophs,8
3664,ZFIN:ZDB-GENE-141114-2,gene,actn2a,4
3665,MP:0001513,phenotype,limb grasping,8
3666,ENSEMBL:ENSBTAG00000007684,gene,MSH3,4
3667,ENSEMBL:ENSBTAG00000050050,gene,OR10A5G,4
3668,RGD:1359313,gene,Utp14a,4
3669,ZP:0103452,phenotype,"angiogenic sprout central artery decreased amount, abnormal",8
3670,1239,drug,formoterol,3
3671,ENSEMBL:ENSOANG00000001437,gene,ENSEMBL:ENSOANG00000001437,4
3672,ENSEMBL:ENSMMUG00000061659,gene,ENSEMBL:ENSMMUG00000061659,4
3673,dictyBase:DDB_G0283021,gene,sodB,4
3674,MP:0005603,phenotype,neuron hypertrophy,8
3675,MP:0011668,phenotype,"double outlet right ventricle, Taussig bing type",8
3676,MONARCH:APO_0000198APO_0000004,phenotype,mutation frequency:increased,8
3677,MGI:5467290,genotype,Tg(HDexon1)62Gpb [involves: C57BL/6 * C57BL/6JOlaHsd * CBA * CBA/CaOlaHsd],6
3678,MP:0009932,phenotype,skin fibrosis,8
3679,ZP:0021478,phenotype,"neural crest cell aggregated, abnormal",8
3680,WBPhenotype:0001854,phenotype,benomyl response variant,8
3681,HGNC:7106,gene,ATXN3,4
3682,MP:0013672,phenotype,decreased mature NK cell number,8
3683,ENSEMBL:ENSMMUG00000019089,gene,ENSEMBL:ENSMMUG00000019089,4
3684,MP:0000270,phenotype,abnormal heart tube morphology,8
3685,ENSEMBL:ENSRNOG00000052773,gene,ENSEMBL:ENSRNOG00000052773,4
3686,MP:0011723,phenotype,ectopic neuron,8
3687,ENSEMBL:ENSCAFG00000018524,gene,HNRNPM,4
3688,Xenbase:XB-GENE-967934,gene,ppp1cc,4
3689,ZP:0003997,phenotype,"cerebellum decreased size, abnormal",8
3690,ENSEMBL:ENSMODG00000002732,gene,ENSEMBL:ENSMODG00000002732,4
3691,MGI:1918944,gene,Ipo9,4
3692,ENSEMBL:ENSMMUG00000022831,gene,ENSEMBL:ENSMMUG00000022831,4
3693,MP:0000928,phenotype,incomplete rostral neuropore closure,8
3694,ZP:0000206,phenotype,"musculoskeletal movement quality, abnormal",8
3695,ZFIN:ZDB-GENE-020430-2,gene,flot1b,4
3696,RGD:1306434,gene,Rapgef2,4
3697,EnsemblGenome:AT1G05890,gene,EnsemblGenome:AT1G05890,4
3698,ENSEMBL:ENSCAFG00000008608,gene,ENSEMBL:ENSCAFG00000008608,4
3699,Coriell:GM06769,biological artifact,NIGMS-GM06769,0
3700,HP:0001800,phenotype,Hypoplastic toenails,8
3701,ZP:0107020,phenotype,"sarcoma whole organism increased amount, abnormal",8
3702,ZP:0100869,phenotype,"regenerating fin decreased area, abnormal",8
3703,ENSEMBL:ENSMMUG00000053773,gene,ENSEMBL:ENSMMUG00000053773,4
3704,ENSEMBL:ENSMMUG00000009396,gene,ENSEMBL:ENSMMUG00000009396,4
3705,ENSEMBL:ENSFCAG00000024992,gene,ENSEMBL:ENSFCAG00000024992,4
3706,766,drug,cyproterone acetate,3
3707,RGD:1306401,gene,Cnot8,4
3708,HP:0012378,phenotype,Fatigue,8
3709,ENSEMBL:ENSMODG00000020656,gene,ENSEMBL:ENSMODG00000020656,4
3710,ZP:0002272,phenotype,"brain necrotic, abnormal",8
3711,MP:0000133,phenotype,abnormal long bone metaphysis morphology,8
3712,ENSEMBL:ENSSSCG00000038308,gene,RANBP1,4
3713,ENSEMBL:ENSPTRG00000019319,gene,ENSEMBL:ENSPTRG00000019319,4
3714,FlyBase:FBgn0260945,gene,Atg1,4
3715,ENSEMBL:ENSCAFG00000006500,gene,TCERG1,4
3716,1310,drug,glutamic acid,3
3717,dictyBase:DDB_G0288677,gene,cdk5,4
3718,ZP:0000411,phenotype,"swim bladder aplastic, abnormal",8
3719,Xenbase:XB-GENE-1011391,gene,oprm1,4
3720,WBPhenotype:0000114,phenotype,mRNA expression variant,8
3721,ZP:0000102,phenotype,"yolk increased size, abnormal",8
3722,ENSEMBL:ENSRNOG00000048248,gene,LOC100910446,4
3723,MP:0008086,phenotype,increased T-helper 1 cell number,8
3724,HP:0001250,phenotype,Seizure,8
3725,MP:0001055,phenotype,failure of neuromuscular synapse postsynaptic differentiation,8
3726,XPO:0107347,phenotype,abnormal anterior-posterior axis morphology,8
3727,ENSEMBL:ENSBTAG00000017125,gene,ENSEMBL:ENSBTAG00000017125,4
3728,ZFIN:ZDB-GENE-170215-1,gene,nbr1b,4
3729,ZP:0004499,phenotype,"contractile fiber somite undulate, abnormal",8
3730,ENSEMBL:ENSGALG00000015387,gene,ATG5,4
3731,MP:0009321,phenotype,increased histiocytic sarcoma incidence,8
3732,HGNC:2348,gene,CREBBP,4
3733,ENSEMBL:ENSSSCG00000011274,gene,CTNNB1,4
3734,MP:0002177,phenotype,abnormal outer ear morphology,8
3735,MP:0003869,phenotype,ectopic cartilage,8
3736,HP:0011124,phenotype,Abnormal epidermal morphology,8
3737,ZP:0006338,phenotype,"retinal photoreceptor layer absent, abnormal",8
3738,ENSEMBL:ENSPTRG00000013417,gene,ENSEMBL:ENSPTRG00000013417,4
3739,GO:0005776,molecular function,autophagosome,7
3740,Xenbase:XB-GENE-5915622,gene,hspa1b,4
3741,RGD:1564443,gene,MGC114483,4
3742,ENSEMBL:ENSECAG00000005884,gene,ENSEMBL:ENSECAG00000005884,4
3743,dictyBase:DDB_G0285295,gene,vps28,4
3744,dictyBase:DDB_G0280565,gene,dictyBase:DDB_G0280565,4
3745,MONARCH:APO_0000257APO_0000249,phenotype,cell cycle progression through the G2/M phase transition:delayed,8
3746,ZP:0100479,phenotype,"postero-dorsal region whole organism absent, abnormal",8
3747,HP:0000662,phenotype,Nyctalopia,8
3748,ENSEMBL:ENSACAG00000011267,gene,ENSEMBL:ENSACAG00000011267,4
3749,ENSEMBL:ENSECAG00000033152,gene,ENSEMBL:ENSECAG00000033152,4
3750,ENSEMBL:ENSOANG00000003371,gene,ENSEMBL:ENSOANG00000003371,4
3751,FBcv:0000441,phenotype,radiation resistant,8
3752,ENSEMBL:ENSCAFG00000049613,gene,A0A5F4C2P0,4
3753,MP:0001661,phenotype,extended life span,8
3754,WBPhenotype:0001999,phenotype,conflicting sensory integration variant,8
3755,ENSEMBL:ENSSSCG00000016958,gene,PIK3R1,4
3756,WBPhenotype:0000141,phenotype,stress induced lethality increased,8
3757,ENSEMBL:ENSOANG00000010458,gene,ENSEMBL:ENSOANG00000010458,4
3758,ENSEMBL:ENSSSCG00000017712,gene,AP2B1,4
3759,MP:0004418,phenotype,small parietal bone,8
3760,HGNC:4881,gene,HEY2,4
3761,ENSEMBL:ENSOANG00000005852,gene,ENSEMBL:ENSOANG00000005852,4
3762,ENSEMBL:ENSMMUG00000061193,gene,ENSEMBL:ENSMMUG00000061193,4
3763,MP:0010313,phenotype,increased osteoma incidence,8
3764,MP:0001830,phenotype,decreased activated T cell number,8
3765,XPO:0102358,phenotype,abnormal tail morphology,8
3766,ENSEMBL:ENSGALG00000007510,gene,ENSEMBL:ENSGALG00000007510,4
3767,MP:0008965,phenotype,increased basal metabolism,8
3768,ENSEMBL:ENSECAG00000023674,gene,ENSEMBL:ENSECAG00000023674,4
3769,MP:0001157,phenotype,small seminal vesicle,8
3770,MP:0008040,phenotype,decreased NK T cell number,8
3771,MP:0002862,phenotype,abnormal righting response,8
3772,220,drug,anileridine,3
3773,HGNC:2972,gene,DNM1,4
3774,HP:0003750,phenotype,Increased muscle fatiguability,8
3775,ZP:0001380,phenotype,"retinal ganglion cell layer morphology, abnormal",8
3776,OMIM:613004.0004,variant,"HTT, IVS34DS, G-A, +1",10
3777,HGNC:29170,gene,FAN1,4
3778,MP:0006345,phenotype,absent second pharyngeal arch,8
3779,ZP:0011359,phenotype,"axon collateral retinal ganglion cell physical object quality, abnormal",8
3780,HGNC:18412,gene,ZDHHC17,4
3781,ENSEMBL:ENSPTRG00000015352,gene,ENSEMBL:ENSPTRG00000015352,4
3782,ZP:0010277,phenotype,"gut neoplastic, abnormal",8
3783,ENSEMBL:ENSCAFG00000008410,gene,RASA1,4
3784,ENSEMBL:ENSACAG00000004827,gene,ENSEMBL:ENSACAG00000004827,4
3785,MP:0009640,phenotype,abnormal renal tubule epithelium morphology,8
3786,dictyBase:DDB_G0269472,gene,psmB2,4
3787,WBPhenotype:0001989,phenotype,hypoxia hypersensitive,8
3788,HP:0005180,phenotype,Tricuspid regurgitation,8
3789,HP:0002718,phenotype,Recurrent bacterial infections,8
3790,ENSEMBL:ENSMMUG00000001353,gene,ENSEMBL:ENSMMUG00000001353,4
3791,WormBase:WBGene00003924,gene,pas-3,4
3792,ZFIN:ZDB-GENE-070912-106,gene,ftr30,4
3793,WormBase:WBGene00004313,gene,rbc-1,4
3794,ZP:0004006,phenotype,"eye degeneration, abnormal",8
3795,MP:0013202,phenotype,abnormal cilium morphology,8
3796,ENSEMBL:ENSPTRG00000008952,gene,ENSEMBL:ENSPTRG00000008952,4
3797,MP:0003799,phenotype,impaired macrophage chemotaxis,8
3798,ZP:0002186,phenotype,"yolk decreased size, abnormal",8
3799,ZP:0137439,phenotype,"histone modification disrupted, abnormal",8
3800,WBPhenotype:0002610,phenotype,ectopic apoptosis,8
3801,ZP:0106395,phenotype,"ceratobranchial 4 cartilage decreased amount, abnormal",8
3802,ENSEMBL:ENSECAG00000023691,gene,ENSEMBL:ENSECAG00000023691,4
3803,939,drug,docetaxel,3
3804,MP:0010919,phenotype,increased number of pulmonary neuroendocrine bodies,8
3805,ENSEMBL:ENSGALG00000038721,gene,ENSEMBL:ENSGALG00000038721,4
3806,ENSEMBL:ENSBTAG00000002564,gene,ENSEMBL:ENSBTAG00000002564,4
3807,dictyBase:DDB_G0290829,gene,rabM,4
3808,ZP:0020375,phenotype,"heart tube decreased amount, abnormal",8
3809,Xenbase:XB-GENE-986845,gene,dnm1,4
3810,WBPhenotype:0000703,phenotype,epithelial morphology variant,8
3811,WormBase:WBGene00000103,gene,akt-2,4
3812,RGD:3012,gene,Llgl1,4
3813,ENSEMBL:ENSOANG00000013424,gene,ENSEMBL:ENSOANG00000013424,4
3814,ENSEMBL:ENSOANG00000045071,gene,ENSEMBL:ENSOANG00000045071,4
3815,ENSEMBL:ENSCAFG00000031581,gene,MAPK3,4
3816,ZFIN:ZDB-GENE-090521-5,gene,tacc1,4
3817,ZP:0001281,phenotype,"retinal bipolar neuron decreased amount, abnormal",8
3818,ZFIN:ZDB-GENE-010125-1,gene,oprm1,4
3819,ENSEMBL:ENSCAFG00000018010,gene,SIN3A,4
3820,ZFIN:ZDB-GENE-030131-2987,gene,hbs1l,4
3821,SGD:S000001709,gene,VPS1,4
3822,WormBase:WBGene00021692,gene,Y48G8AL.15,4
3823,MP:0008824,phenotype,absent interventricular septum membranous part,8
3824,dictyBase:DDB_G0277221,gene,chcA,4
3825,FBcv:0000366,phenotype,female sterile,8
3826,ENSEMBL:ENSOANG00000039253,gene,ENSEMBL:ENSOANG00000039253,4
3827,MP:0011024,phenotype,abnormal branching involved in lung morphogenesis,8
3828,MGI:1276525,gene,H2-M10.2,4
3829,MGI:96067,gene,Htt,4
3830,FlyBase:FBgn0003189,gene,r,4
3831,ZP:0007178,phenotype,"cellular respiration decreased process quality, abnormal",8
3832,MP:0010166,phenotype,increased response to stress-induced hyperthermia,8
3833,WormBase:WBGene00011910,gene,alg-3,4
3834,ZFIN:ZDB-GENE-030131-7247,gene,wu:fl23c11,4
3835,FlyBase:FBgn0053526,gene,PNUTS,4
3836,ENSEMBL:ENSACAG00000000892,gene,ENSEMBL:ENSACAG00000000892,4
3837,MP:0002085,phenotype,abnormal embryonic tissue morphology,8
3838,RGD:1310537,gene,Ipo9,4
3839,ZP:0006325,phenotype,"axis specification arrested, abnormal",8
3840,ENSEMBL:ENSMMUG00000008045,gene,ENSEMBL:ENSMMUG00000008045,4
3841,MP:0005504,phenotype,abnormal ligament morphology,8
3842,RGD:1359219,gene,Cnot10,4
3843,ZP:0137433,phenotype,"posterior region optic vesicle mislocalised, abnormal",8
3844,WBPhenotype:0002486,phenotype,persistent primordial germ cell lobes,8
3845,MP:0009583,phenotype,increased keratinocyte proliferation,8
3846,ZP:0019939,phenotype,"hindbrain increased distribution, abnormal",8
3847,ENSEMBL:ENSBTAG00000049124,gene,ENSEMBL:ENSBTAG00000049124,4
3848,ENSEMBL:ENSFCAG00000031147,gene,ENSEMBL:ENSFCAG00000031147,4
3849,FlyBase:FBgn0017550,gene,Rga,4
3850,ENSEMBL:ENSGALG00000014324,gene,SLC2A14,4
3851,WormBase:WBGene00000105,gene,alg-1,4
3852,ENSEMBL:ENSFCAG00000031545,gene,ENSEMBL:ENSFCAG00000031545,4
3853,PomBase:SPAC22G7.06c,gene,ura1,4
3854,HP:0000987,phenotype,Atypical scarring of skin,8
3855,MP:0011775,phenotype,rectal atresia,8
3856,ENSEMBL:ENSPTRG00000008808,gene,ENSEMBL:ENSPTRG00000008808,4
3857,MP:0009956,phenotype,abnormal cerebellar layer morphology,8
3858,MP:0004272,phenotype,abnormal basement membrane morphology,8
3859,WBPhenotype:0000405,phenotype,giant oocytes,8
3860,ENSEMBL:ENSBTAG00000008480,gene,CTBP1,4
3861,WBPhenotype:0000576,phenotype,organism physiology phenotype,8
3862,MP:0020476,phenotype,abnormal circardian behavior entrainment,8
3863,MP:0005252,phenotype,abnormal Meibomian gland morphology,8
3864,MONARCH:APO_0000095APO_0000004,phenotype,chemical compound accumulation:increased,8
3865,ZP:0000505,phenotype,"retinal cone cell decreased amount, abnormal",8
3866,MP:0000787,phenotype,abnormal telencephalon morphology,8
3867,ZP:0010292,phenotype,"sarcoma trunk present, abnormal",8
3868,MP:0030079,phenotype,small incisors,8
3869,HGNC:4298,gene,GLB1,4
3870,MGI:96240,gene,Hspb1,4
3871,WBPhenotype:0001671,phenotype,vesicle organization variant,8
3872,MONARCH:APO_0000062APO_0000002,phenotype,colony shape:abnormal,8
3873,FBcv:0002040,phenotype,some die during prepupal stage,8
3874,MP:0009453,phenotype,enhanced contextual conditioning behavior,8
3875,ENSEMBL:ENSOANG00000005094,gene,ENSEMBL:ENSOANG00000005094,4
3876,ENSEMBL:ENSACAG00000012621,gene,ENSEMBL:ENSACAG00000012621,4
3877,ZP:0010758,phenotype,"skeletal muscle cell myotome morphology, abnormal",8
3878,HP:0002059,phenotype,Cerebral atrophy,8
3879,MP:0003085,phenotype,abnormal egg cylinder morphology,8
3880,MGI:1338074,gene,Ikbkg,4
3881,ZP:0018604,phenotype,"hindbrain lacks parts or has fewer parts of type Mauthner neuron, abnormal",8
3882,HP:0000546,phenotype,Retinal degeneration,8
3883,MGI:1347060,gene,Psma4,4
3884,MGI:1261794,gene,Haus4,4
3885,MP:0020391,phenotype,radial glial endfoot detachment,8
3886,ENSEMBL:ENSSSCG00000003264,gene,CNOT3,4
3887,dbSNP:rs1313771,variant,rs1313771-C,10
3888,ZP:0000766,phenotype,"post-vent region bent, abnormal",8
3889,ENSEMBL:ENSOANG00000038027,gene,ENSEMBL:ENSOANG00000038027,4
3890,HP:0002242,phenotype,Abnormal intestine morphology,8
3891,ENSEMBL:ENSSSCG00000017787,gene,GIT1,4
3892,ZFIN:ZDB-GENE-030131-1280,gene,pik3r1,4
3893,ENSEMBL:ENSFCAG00000027704,gene,ENSEMBL:ENSFCAG00000027704,4
3894,ENSEMBL:ENSGALG00000004160,gene,ENSEMBL:ENSGALG00000004160,4
3895,ENSEMBL:ENSMODG00000012807,gene,ENSEMBL:ENSMODG00000012807,4
3896,MP:0003244,phenotype,loss of dopaminergic neurons,8
3897,ENSEMBL:ENSACAG00000010060,gene,ENSEMBL:ENSACAG00000010060,4
3898,MP:0006123,phenotype,tricuspid valve atresia,8
3899,WBPhenotype:0000294,phenotype,intestine dark,8
3900,ENSEMBL:ENSFCAG00000004561,gene,ENSEMBL:ENSFCAG00000004561,4
3901,WBPhenotype:0001279,phenotype,transgene expression reduced male,8
3902,WormBase:WBGene00006533,gene,tba-7,4
3903,ENSEMBL:ENSBTAG00000014377,gene,CHD3,4
3904,ZP:0002455,phenotype,"swim bladder formation delayed, abnormal",8
3905,HGNC:25321,gene,SHARPIN,4
3906,MP:0006073,phenotype,abnormal retinal bipolar cell morphology,8
3907,ENSEMBL:ENSCAFG00000001474,gene,ENSEMBL:ENSCAFG00000001474,4
3908,RGD:1563155,gene,H2ap,4
3909,HP:0002509,phenotype,Limb hypertonia,8
3910,WBPhenotype:0002106,phenotype,early endosome localization variant,8
3911,HP:0002527,phenotype,Falls,8
3912,ZP:0005774,phenotype,"EVL increased permeability, abnormal",8
3913,ENSEMBL:ENSFCAG00000004503,gene,ENSEMBL:ENSFCAG00000004503,4
3914,ENSEMBL:ENSFCAG00000008938,gene,ENSEMBL:ENSFCAG00000008938,4
3915,ENSEMBL:ENSCAFG00000049365,gene,A0A5F4D4F6,4
3916,FlyBase:FBgn0003392,gene,shi,4
3917,MP:0008703,phenotype,decreased interleukin-5 secretion,8
3918,ZP:0002071,phenotype,"lens fiber cell differentiation disrupted, abnormal",8
3919,ENSEMBL:ENSACAG00000011824,gene,ENSEMBL:ENSACAG00000011824,4
3920,ZFIN:ZDB-GENE-050417-267,gene,acta1a,4
3921,SGD:S000001855,gene,ACT1,4
3922,WBPhenotype:0000660,phenotype,social feeding increased,8
3923,MONARCH:APO_0000147APO_0000117,phenotype,heat sensitivity:normal,8
3924,MONARCH:APO_0000309APO_0000005,phenotype,respiratory growth:absent,8
3925,ZP:0007179,phenotype,"midbrain hindbrain boundary inconspicuous, abnormal",8
3926,ENSEMBL:ENSACAG00000017696,gene,ENSEMBL:ENSACAG00000017696,4
3927,ZFIN:ZDB-GENE-040426-969,gene,trip10b,4
3928,Xenbase:XB-GENE-488490,gene,taf4,4
3929,ENSEMBL:ENSFCAG00000023792,gene,ENSEMBL:ENSFCAG00000023792,4
3930,dictyBase:DDB_G0289623,gene,pex11,4
3931,SGD:S000001337,gene,RPN2,4
3932,ENSEMBL:ENSECAG00000021107,gene,ENSEMBL:ENSECAG00000021107,4
3933,HGNC:20254,gene,MGRN1,4
3934,RGD:1359383,gene,Rassf1,4
3935,WormBase:WBGene00000819,gene,csp-1,4
3936,HP:0012311,phenotype,Monocytosis,8
3937,MP:0000202,phenotype,abnormal circulating alkaline phosphatase level,8
3938,MP:0009612,phenotype,thick epidermis suprabasal layer,8
3939,ENSEMBL:ENSDARG00000051762,gene,E7FDL8,4
3940,MONARCH:APO_0000078APO_0000003,phenotype,protein secretion:decreased,8
3941,ZP:0001448,phenotype,"whole organism curved, abnormal",8
3942,ZP:0002713,phenotype,"trunk musculature disorganized, abnormal",8
3943,ZFIN:ZDB-GENE-071203-2,gene,ulk1b,4
3944,ENSEMBL:ENSMODG00000021453,gene,ENSEMBL:ENSMODG00000021453,4
3945,dictyBase:DDB_G0272118,gene,ppp6c,4
3946,ENSEMBL:ENSSSCG00000033162,gene,UBAC1,4
3947,ENSEMBL:ENSMMUG00000008296,gene,ENSEMBL:ENSMMUG00000008296,4
3948,MGI:6294294,genotype,Tg(Prnp-HTT*82Q)61Gschi [involves: C3H/HeJ * C57BL/6J],6
3949,ENSEMBL:ENSFCAG00000003470,gene,ENSEMBL:ENSFCAG00000003470,4
3950,MP:0002582,phenotype,disorganized extraembryonic tissue,8
3951,WBPhenotype:0000475,phenotype,muscle detached,8
3952,ENSEMBL:ENSACAG00000015688,gene,ENSEMBL:ENSACAG00000015688,4
3953,EFO:0004736,phenotype,aspartate aminotransferase measurement,8
3954,Xenbase:XB-GENE-989058,gene,opa1,4
3955,WBPhenotype:0001130,phenotype,cytokinesis fails early emb,8
3956,MP:0004973,phenotype,increased regulatory T cell number,8
3957,MGI:2152346,gene,Taf4,4
3958,ENSEMBL:ENSOANG00000042958,gene,ENSEMBL:ENSOANG00000042958,4
3959,ZFIN:ZDB-GENE-040718-122,gene,haus4,4
3960,ZP:0017509,phenotype,"photoreceptor outer segment photoreceptor cell morphology, abnormal",8
3961,ZFIN:ZDB-GENE-030131-55,gene,acta1b,4
3962,ENSEMBL:ENSOANG00000004805,gene,ENSEMBL:ENSOANG00000004805,4
3963,SGD:S000000004,gene,SSA1,4
3964,RGD:1598234,gene,RT1-CE4,4
3965,WBPhenotype:0000126,phenotype,general pace of development defective early emb,8
3966,ENSEMBL:ENSPTRG00000015827,gene,ENSEMBL:ENSPTRG00000015827,4
3967,ENSEMBL:ENSMMUG00000019189,gene,ENSEMBL:ENSMMUG00000019189,4
3968,HP:0000519,phenotype,Developmental cataract,8
3969,HGNC:12631,gene,USP8,4
3970,dictyBase:DDB_G0290789,gene,rabN1,4
3971,MP:0020916,phenotype,increased susceptibility to Herpesvirales infection,8
3972,MP:0011925,phenotype,abnormal heart echocardiography feature,8
3973,ENSEMBL:ENSECAG00000002265,gene,ENSEMBL:ENSECAG00000002265,4
3974,ENSEMBL:ENSMODG00000024751,gene,ENSEMBL:ENSMODG00000024751,4
3975,WBPhenotype:0000745,phenotype,transposon silencing variant,8
3976,ENSEMBL:ENSFCAG00000022040,gene,ENSEMBL:ENSFCAG00000022040,4
3977,HP:0012795,phenotype,Abnormality of the optic disc,8
3978,ENSEMBL:ENSRNOG00000023547,gene,F1M4G6,4
3979,ZP:0000384,phenotype,"intestinal bulb epithelium disorganized, abnormal",8
3980,ENSEMBL:ENSSSCG00000040743,gene,M6PR,4
3981,MP:0020551,phenotype,abnormal postsynaptic density morphology,8
3982,WBPhenotype:0000242,phenotype,body elongation defective,8
3983,MP:0001491,phenotype,unresponsive to tactile stimuli,8
3984,ENSEMBL:ENSPTRG00000030450,gene,ENSEMBL:ENSPTRG00000030450,4
3985,ZP:0106959,phenotype,"microtubule cytoskeleton organization process quality, abnormal",8
3986,ENSEMBL:ENSECAG00000019318,gene,ENSEMBL:ENSECAG00000019318,4
3987,HP:0006543,phenotype,Cardiorespiratory arrest,8
3988,MP:0006309,phenotype,decreased retinal ganglion cell number,8
3989,WormBase:WBGene00019225,gene,bgal-2,4
3990,MP:0009801,phenotype,abnormal hair cortex keratinization,8
3991,HP:0008734,phenotype,Decreased testicular size,8
3992,ZP:0008622,phenotype,"retinal ganglion cell mislocalised, abnormal",8
3993,FBcv:0000422,phenotype,photoperiod response variant,8
3994,EFO:0004842,phenotype,eosinophil count,8
3995,ENSEMBL:ENSPTRG00000017675,gene,ENSEMBL:ENSPTRG00000017675,4
3996,SGD:S000000202,gene,SRO77,4
3997,MP:0000364,phenotype,abnormal vascular regression,8
3998,ZP:0000054,phenotype,"head decreased size, abnormal",8
3999,MP:0010632,phenotype,cardiac muscle necrosis,8
4000,ENSEMBL:ENSCAFG00000002380,gene,ACTR1B,4
4001,HP:0001257,phenotype,Spasticity,8
4002,ENSEMBL:ENSPTRG00000014959,gene,ENSEMBL:ENSPTRG00000014959,4
4003,ZP:0005773,phenotype,"cell division rate, abnormal",8
4004,FBcv:0002009,phenotype,lethal - all die during third instar larval stage,8
4005,ENSEMBL:ENSSSCG00000032242,gene,HMGA1,4
4006,HP:0001596,phenotype,Alopecia,8
4007,HGNC:13890,gene,ITCH,4
4008,2600,drug,terfenadine,3
4009,MP:0008729,phenotype,decreased memory B cell number,8
4010,MP:0008027,phenotype,abnormal spinal cord white matter morphology,8
4011,ZP:0003984,phenotype,"pharyngeal arch apoptotic, abnormal",8
4012,ENSEMBL:ENSCAFG00000011118,gene,COPS7B,4
4013,WormBase:WBGene00000915,gene,hsp-90,4
4014,ZP:0000537,phenotype,"intersegmental vessel collapsed, abnormal",8
4015,ENSEMBL:ENSPTRG00000009008,gene,ENSEMBL:ENSPTRG00000009008,4
4016,ENSEMBL:ENSCAFG00000023721,gene,E2R7F3,4
4017,ENSEMBL:ENSMMUG00000003909,gene,ENSEMBL:ENSMMUG00000003909,4
4018,WBPhenotype:0002189,phenotype,extra linker cells,8
4019,MP:0000835,phenotype,abnormal subthalamic nucleus morphology,8
4020,HP:0010784,phenotype,Uterine neoplasm,8
4021,SGD:S000003588,gene,TDH1,4
4022,MP:0003243,phenotype,abnormal dopaminergic neuron morphology,8
4023,HP:0002152,phenotype,Hyperproteinemia,8
4024,ENSEMBL:ENSECAG00000001110,gene,ENSEMBL:ENSECAG00000001110,4
4025,ZP:0009005,phenotype,"retina increased occurrence cell population proliferation, abnormal",8
4026,ENSEMBL:ENSACAG00000004276,gene,ENSEMBL:ENSACAG00000004276,4
4027,MP:0001385,phenotype,pup cannibalization,8
4028,FlyBase:FBgn0030141,gene,Gga,4
4029,MP:0004666,phenotype,absent stapedial artery,8
4030,ZP:0011633,phenotype,"photoreceptor outer segment photoreceptor cell absent, abnormal",8
4031,MP:0002066,phenotype,abnormal motor capabilities/coordination/movement,8
4032,Coriell:GM06773,biological artifact,NIGMS-GM06773,0
4033,FlyBase:FBgn0003889,gene,betaTub85D,4
4034,HP:0011154,phenotype,Focal autonomic seizure,8
4035,ZP:0019215,phenotype,"pronephric duct decreased distribution, abnormal",8
4036,MP:0001200,phenotype,thick skin,8
4037,HP:0011712,phenotype,Right bundle branch block,8
4038,ENSEMBL:ENSACAG00000023890,gene,ENSEMBL:ENSACAG00000023890,4
4039,RGD:621036,gene,Tkt,4
4040,ZP:0002523,phenotype,"facial nerve development disrupted, abnormal",8
4041,ENSEMBL:ENSPTRG00000020672,gene,ENSEMBL:ENSPTRG00000020672,4
4042,WBPhenotype:0001376,phenotype,transgene expression undetectable cell specific,8
4043,ENSEMBL:ENSCAFG00000005118,gene,SEC13,4
4044,HP:0032810,phenotype,Focal sensory seizure with cephalic sensation,8
4045,ZP:0000409,phenotype,"locomotion decreased process quality, abnormal",8
4046,MP:0008285,phenotype,abnormal hippocampus granule cell layer,8
4047,ENSEMBL:ENSSSCG00000007203,gene,CSNK2A1,4
4048,HP:0001167,phenotype,Abnormality of finger,8
4049,ENSEMBL:ENSACAG00000004234,gene,ENSEMBL:ENSACAG00000004234,4
4050,MP:0010155,phenotype,abnormal intestine physiology,8
4051,WBPhenotype:0000199,phenotype,male tail sensory ray development variant,8
4052,ZFIN:ZDB-GENE-030825-4,gene,casp6a,4
4053,ZFIN:ZDB-GENE-030814-1,gene,bdkrb1,4
4054,ENSEMBL:ENSCAFG00000002713,gene,ENSEMBL:ENSCAFG00000002713,4
4055,ZP:0006620,phenotype,"cardiac ventricle action potential, abnormal",8
4056,HP:0010851,phenotype,EEG with burst suppression,8
4057,ZP:0003481,phenotype,"whole organism lacks parts or has fewer parts of type pharyngeal arch, abnormal",8
4058,ENSEMBL:ENSMMUG00000013791,gene,ENSEMBL:ENSMMUG00000013791,4
4059,dictyBase:DDB_G0279407,gene,calA,4
4060,FBcv:0002034,phenotype,majority die during pupal stage,8
4061,Coriell:GM05496,biological artifact,NIGMS-GM05496,0
4062,HGNC:20758,gene,ZFYVE19,4
4063,ENSEMBL:ENSFCAG00000005158,gene,ENSEMBL:ENSFCAG00000005158,4
4064,ENSEMBL:ENSECAG00000006218,gene,ENSEMBL:ENSECAG00000006218,4
4065,Xenbase:XB-GENE-967908,gene,ddb1,4
4066,HP:0000047,phenotype,Hypospadias,8
4067,ZFIN:ZDB-GENE-060929-368,gene,cnot10,4
4068,HP:0001321,phenotype,Cerebellar hypoplasia,8
4069,MP:0003119,phenotype,abnormal digestive system development,8
4070,Xenbase:XB-GENE-5841406,gene,psme4,4
4071,WormBase:WBGene00006861,gene,cal-5,4
4072,ENSEMBL:ENSOANG00000005892,gene,ENSEMBL:ENSOANG00000005892,4
4073,ZP:0011508,phenotype,"optic tectum increased occurrence cell proliferation in midbrain, abnormal",8
4074,ZP:0010455,phenotype,"striated muscle thin filament fast muscle cell disorganized, abnormal",8
4075,ZP:0000031,phenotype,"swim bladder inflation arrested, abnormal",8
4076,MP:0010916,phenotype,decreased solitary pulmonary neuroendocrine cell number,8
4077,ENSEMBL:ENSECAG00000003192,gene,ENSEMBL:ENSECAG00000003192,4
4078,MP:0001683,phenotype,absent mesoderm,8
4079,RGD:621595,gene,Vcp,4
4080,HP:0007371,phenotype,Corpus callosum atrophy,8
4081,MP:0014103,phenotype,increased chondrocyte apoptosis,8
4082,FlyBase:FBgn0003256,gene,rl,4
4083,ZFIN:ZDB-GENE-070912-634,gene,pfkpb,4
4084,dictyBase:DDB_G0275149,gene,DDB_G0275149,4
4085,ENSEMBL:ENSFCAG00000005392,gene,ENSEMBL:ENSFCAG00000005392,4
4086,RGD:621646,gene,Vim,4
4087,ZFIN:ZDB-GENE-141215-28,gene,si:dkey-28e7.3,4
4088,MP:0001391,phenotype,abnormal tail movements,8
4089,WBPhenotype:0000058,phenotype,late larval lethal,8
4090,MP:0008019,phenotype,increased liver tumor incidence,8
4091,MP:0011609,phenotype,decreased glyceraldehyde-3-phosphate dehydrogenase (NAD+) (phosphorylating) activity,8
4092,ENSEMBL:ENSMMUG00000013090,gene,ENSEMBL:ENSMMUG00000013090,4
4093,ENSEMBL:ENSPTRG00000021354,gene,ENSEMBL:ENSPTRG00000021354,4
4094,MGI:88251,gene,Calm1,4
4095,ENSEMBL:ENSCAFG00000023617,gene,LOC106558132,4
4096,WormBase:WBGene00016624,gene,hrpl-1,4
4097,ENSEMBL:ENSECAG00000013890,gene,ENSEMBL:ENSECAG00000013890,4
4098,FlyBase:FBgn0031057,gene,Ubqn,4
4099,MGI:1306778,gene,Map1b,4
4100,HP:0005576,phenotype,Tubulointerstitial fibrosis,8
4101,MP:0009936,phenotype,abnormal dendritic spine morphology,8
4102,RGD:620683,gene,Rps6kb1,4
4103,MP:0004838,phenotype,abnormal neural fold elevation formation,8
4104,MP:0000159,phenotype,abnormal xiphoid process morphology,8
4105,ENSEMBL:ENSECAG00000023048,gene,ENSEMBL:ENSECAG00000023048,4
4106,FlyBase:FBgn0034058,gene,Pex11ab,4
4107,ENSEMBL:ENSBTAG00000003757,gene,ENSEMBL:ENSBTAG00000003757,4
4108,HP:0011185,phenotype,EEG with focal epileptiform discharges,8
4109,ZP:0001463,phenotype,"epiboly involved in gastrulation with mouth forming second arrested, abnormal",8
4110,ENSEMBL:ENSMODG00000000755,gene,ENSEMBL:ENSMODG00000000755,4
4111,ZFIN:ZDB-GENE-040426-2763,gene,med21,4
4112,MP:0000250,phenotype,abnormal vasoconstriction,8
4113,ENSEMBL:ENSGALG00000007970,gene,PIAS1,4
4114,MONARCH:APO_0000253APO_0000250,phenotype,cell cycle progression:arrested,8
4115,ENSEMBL:ENSSSCG00000014559,gene,PSMD13,4
4116,HP:0032363,phenotype,Decreased circulating corticosterone level,8
4117,ZP:0001318,phenotype,"ceratobranchial cartilage decreased amount, abnormal",8
4118,HGNC:5961,gene,IKBKG,4
4119,ZFIN:ZDB-GENE-040426-2707,gene,hnrnpl2,4
4120,HP:0000347,phenotype,Micrognathia,8
4121,ENSEMBL:ENSSSCG00000004516,gene,MBD1,4
4122,MP:0000811,phenotype,hippocampal neuron degeneration,8
4123,ENSEMBL:ENSECAG00000007976,gene,ENSEMBL:ENSECAG00000007976,4
4124,ENSEMBL:ENSFCAG00000002657,gene,ENSEMBL:ENSFCAG00000002657,4
4125,ZFIN:ZDB-GENE-040426-2164,gene,lsm12b,4
4126,ENSEMBL:ENSGALG00000012542,gene,ENSEMBL:ENSGALG00000012542,4
4127,WBPhenotype:0000689,phenotype,maternal sterile,8
4128,MP:0001386,phenotype,abnormal maternal nurturing,8
4129,WormBase:WBGene00012425,gene,dlc-4,4
4130,WBPhenotype:0000760,phenotype,spindle orientation defective early emb,8
4131,MP:0003562,phenotype,abnormal pancreatic beta cell physiology,8
4132,FlyBase:FBgn0023395,gene,Chd3,4
4133,dictyBase:DDB_G0271980,gene,rabR,4
4134,MP:0002024,phenotype,increased T cell derived lymphoma incidence,8
4135,HGNC:16919,gene,VAT1,4
4136,MONARCH:APO_0000195APO_0000003,phenotype,gamma ray resistance:decreased,8
4137,ENSEMBL:ENSFCAG00000001256,gene,ENSEMBL:ENSFCAG00000001256,4
4138,ENSEMBL:ENSOANG00000041217,gene,ENSEMBL:ENSOANG00000041217,4
4139,HP:0005162,phenotype,Abnormal left ventricular function,8
4140,WormBase:WBGene00009119,gene,ndk-1,4
4141,ZP:0007592,phenotype,"mitochondrial electron transport, NADH to ubiquinone decreased rate, abnormal",8
4142,FlyBase:FBgn0011774,gene,Irbp,4
4143,ENSEMBL:ENSPTRG00000044358,gene,ENSEMBL:ENSPTRG00000044358,4
4144,MP:0014062,phenotype,nervous system inclusion bodies,8
4145,ENSEMBL:ENSFCAG00000008096,gene,ENSEMBL:ENSFCAG00000008096,4
4146,ENSEMBL:ENSECAG00000022769,gene,ENSEMBL:ENSECAG00000022769,4
4147,dictyBase:DDB_G0269196,gene,tubB,4
4148,Xenbase:XB-GENE-969023,gene,usp8,4
4149,ENSEMBL:ENSBTAG00000055100,gene,ENSEMBL:ENSBTAG00000055100,4
4150,Coriell:GM04230,biological artifact,NIGMS-GM04230,0
4151,RGD:2139,gene,App,4
4152,dictyBase:DDB_G0277577,gene,DDB0217990,4
4153,MGI:1913331,gene,Sharpin,4
4154,ENSEMBL:ENSSSCG00000022575,gene,PRMT2,4
4155,ZFIN:ZDB-GENE-030131-5735,gene,traf6,4
4156,ENSEMBL:ENSECAG00000024900,gene,ENSEMBL:ENSECAG00000024900,4
4157,MP:0000597,phenotype,delayed hepatic development,8
4158,HP:0002217,phenotype,Slow-growing hair,8
4159,MP:0000042,phenotype,abnormal organ of Corti morphology,8
4160,ZP:0018340,phenotype,"axon epibranchial ganglion morphology, abnormal",8
4161,MP:0010982,phenotype,abnormal ureteric bud elongation,8
4162,MGI:95917,gene,H2-M5,4
4163,ZFIN:ZDB-GENE-030131-5417,gene,immt,4
4164,ZP:0106394,phenotype,"ceratobranchial 3 cartilage decreased amount, abnormal",8
4165,WBPhenotype:0001152,phenotype,pronuclear migration defective early emb,8
4166,Coriell:GM04688,biological artifact,NIGMS-GM04688,0
4167,ENSEMBL:ENSMODG00000024131,gene,ENSEMBL:ENSMODG00000024131,4
4168,FlyBase:FBgn0034173,gene,CG9010,4
4169,HP:0031808,phenotype,Decreased basophil count,8
4170,WormBase:WBGene00016539,gene,madd-2,4
4171,RGD:1310684,gene,Immt,4
4172,HP:0007973,phenotype,Retinal dysplasia,8
4173,MP:0001257,phenotype,increased body length,8
4174,MP:0001436,phenotype,abnormal suckling behavior,8
4175,HP:0012554,phenotype,Absent thumbnail,8
4176,WBPhenotype:0001402,phenotype,connected mitochondria,8
4177,ENSEMBL:ENSSSCG00000037105,gene,EVL,4
4178,FBcv:0000683,phenotype,abnormal temperature response,8
4179,ZP:0021740,phenotype,"muscle decreased amount, abnormal",8
4180,HP:0010719,phenotype,Abnormality of hair texture,8
4181,HGNC:7852,gene,NME4,4
4182,ENSEMBL:ENSMODG00000020387,gene,ENSEMBL:ENSMODG00000020387,4
4183,ENSEMBL:ENSMODG00000012040,gene,ENSEMBL:ENSMODG00000012040,4
4184,ENSEMBL:ENSFCAG00000030327,gene,ENSEMBL:ENSFCAG00000030327,4
4185,ENSEMBL:ENSMMUG00000009612,gene,ENSEMBL:ENSMMUG00000009612,4
4186,ENSEMBL:ENSMODG00000020353,gene,ENSEMBL:ENSMODG00000020353,4
4187,FlyBase:FBgn0011661,gene,Moe,4
4188,ENSEMBL:ENSSSCG00000024059,gene,ENSEMBL:ENSSSCG00000024059,4
4189,ZP:0018108,phenotype,"cerebellum increased occurrence apoptotic process, abnormal",8
4190,ZP:0000304,phenotype,"cell population proliferation decreased occurrence, abnormal",8
4191,ENSEMBL:ENSGALG00000007150,gene,ENSEMBL:ENSGALG00000007150,4
4192,MP:0008734,phenotype,decreased susceptibility to endotoxin shock,8
4193,MGI:88218,gene,Commd3,4
4194,RGD:1306524,gene,Etv4,4
4195,ENSEMBL:ENSFCAG00000025193,gene,ENSEMBL:ENSFCAG00000025193,4
4196,MP:0000098,phenotype,abnormal vomer bone morphology,8
4197,ENSEMBL:ENSPTRG00000042894,gene,ENSEMBL:ENSPTRG00000042894,4
4198,dictyBase:DDB_G0272056,gene,DDB0219997,4
4199,ZP:0021485,phenotype,"neural crest cell process quality endocytosis, abnormal",8
4200,SGD:S000003484,gene,GCN5,4
4201,MONARCH:APO_0000257APO_0000003,phenotype,cell cycle progression through the G2/M phase transition:decreased,8
4202,EFO:0004528,phenotype,mean corpuscular hemoglobin concentration,8
4203,Coriell:GM03865,biological artifact,NIGMS-GM03865,0
4204,MGI:1349450,gene,Vat1,4
4205,MP:0002207,phenotype,abnormal long term potentiation,8
4206,ENSEMBL:ENSXETG00000038310,gene,depdc7,4
4207,ZP:0011576,phenotype,"hindbrain increased process quality cell death, abnormal",8
4208,HGNC:49222,gene,LINC01099,4
4209,HP:0030040,phenotype,Fused lumbar vertebrae,8
4210,HP:0005922,phenotype,Abnormal hand morphology,8
4211,MP:0008554,phenotype,decreased circulating tumor necrosis factor level,8
4212,ZP:0010867,phenotype,"caudal fin necrotic, abnormal",8
4213,WormBase:WBGene00010890,gene,ddb-1,4
4214,MP:0002111,phenotype,abnormal tail morphology,8
4215,ENSEMBL:ENSMODG00000001955,gene,ENSEMBL:ENSMODG00000001955,4
4216,WormBase:WBGene00010263,gene,wago-4,4
4217,ENSEMBL:ENSBTAG00000016896,gene,HERPUD1,4
4218,ENSEMBL:ENSCAFG00000023809,gene,J9P1C6,4
4219,ENSEMBL:ENSACAG00000002915,gene,ENSEMBL:ENSACAG00000002915,4
4220,MGI:95896,gene,H2-D1,4
4221,HP:0011448,phenotype,Ankle clonus,8
4222,MP:0001102,phenotype,small superior vagus ganglion,8
4223,ENSEMBL:ENSOANG00000031572,gene,ENSEMBL:ENSOANG00000031572,4
4224,ENSEMBL:ENSMMUG00000022691,gene,ENSEMBL:ENSMMUG00000022691,4
4225,ENSEMBL:ENSCAFG00000006887,gene,ENSEMBL:ENSCAFG00000006887,4
4226,MP:0009931,phenotype,abnormal skin appearance,8
4227,HP:0002011,phenotype,Morphological central nervous system abnormality,8
4228,FlyBase:FBgn0019960,gene,Mitofilin,4
4229,WormBase:WBGene00018991,gene,F56F11.4,4
4230,MP:0001625,phenotype,cardiac hypertrophy,8
4231,Xenbase:XB-GENE-483379,gene,ctbp1,4
4232,MP:0005560,phenotype,decreased circulating glucose level,8
4233,ZP:0000335,phenotype,"blood circulation disrupted, abnormal",8
4234,ENSEMBL:ENSPTRG00000041932,gene,ENSEMBL:ENSPTRG00000041932,4
4235,ENSEMBL:ENSGALG00000020386,gene,ENSEMBL:ENSGALG00000020386,4
4236,HP:0010821,phenotype,Focal emotional seizure with laughing,8
4237,ZFIN:ZDB-GENE-030131-6529,gene,ppp1cbl,4
4238,WBPhenotype:0000743,phenotype,RNAi response variant,8
4239,MONARCH:APO_0000143APO_0000003,phenotype,chromosome/plasmid maintenance:decreased,8
4240,Coriell:GM04692,biological artifact,NIGMS-GM04692,0
4241,ZFIN:ZDB-GENE-060503-759,gene,atxn1a,4
4242,HP:0000520,phenotype,Proptosis,8
4243,ENSEMBL:ENSACAG00000012776,gene,ENSEMBL:ENSACAG00000012776,4
4244,ZP:0001566,phenotype,"posterior lateral line neuromast primordium migration process quality, abnormal",8
4245,WBPhenotype:0000105,phenotype,oocyte meiotic maturation variant,8
4246,ENSEMBL:ENSCAFG00000005468,gene,PFKP,4
4247,MP:0008280,phenotype,abnormal male germ cell apoptosis,8
4248,ZP:0000611,phenotype,"floor plate absent, abnormal",8
4249,MP:0005191,phenotype,head tilt,8
4250,ENSEMBL:ENSFCAG00000038352,gene,ENSEMBL:ENSFCAG00000038352,4
4251,MP:0001279,phenotype,wavy vibrissae,8
4252,PomBase:SPBC4C3.06,gene,syp1,4
4253,PomBase:SPBC354.12,gene,gpd3,4
4254,ZP:0005768,phenotype,"lens fiber cell differentiation process quality, abnormal",8
4255,RGD:1311390,gene,Rfxank,4
4256,ZP:0018479,phenotype,"spinal cord decreased process quality motor neuron axon guidance, abnormal",8
4257,MP:0010343,phenotype,increased lipoma incidence,8
4258,MP:0010017,phenotype,visceral vascular congestion,8
4259,WBPhenotype:0001129,phenotype,cleavage furrow defective early emb,8
4260,FlyBase:FBgn0259938,gene,cwo,4
4261,ZP:0015844,phenotype,"response to chemical process quality, abnormal",8
4262,ZP:0137226,phenotype,"neuron projection CaP motoneuron decreased size, abnormal",8
4263,dictyBase:DDB_G0284035,gene,efa1B,4
4264,ZP:0101900,phenotype,"motor neuron facial nerve motor nucleus increased volume, abnormal",8
4265,SGD:S000002696,gene,NSE3,4
4266,HP:0002383,phenotype,Encephalitis,8
4267,ZP:0020598,phenotype,"primary motor neuron increased amount, abnormal",8
4268,ENSEMBL:ENSACAG00000011455,gene,ENSEMBL:ENSACAG00000011455,4
4269,ENSEMBL:ENSFCAG00000002782,gene,ENSEMBL:ENSFCAG00000002782,4
4270,HGNC:11138,gene,SNCA,4
4271,Xenbase:XB-GENE-22249057,gene,bdh1b,4
4272,HP:0003387,phenotype,Decreased number of large peripheral myelinated nerve fibers,8
4273,ENSEMBL:ENSACAG00000017072,gene,ENSEMBL:ENSACAG00000017072,4
4274,HP:0012521,phenotype,Optic nerve aplasia,8
4275,RGD:1307115,gene,Cenpe,4
4276,ZP:0000819,phenotype,"pharyngeal arch 2 decreased size, abnormal",8
4277,MP:0008025,phenotype,brain vacuoles,8
4278,ZP:0005441,phenotype,"hair cell posterior macula decreased amount, abnormal",8
4279,ENSEMBL:ENSCAFG00000016418,gene,EIF3B,4
4280,ENSEMBL:ENSACAG00000005963,gene,ENSEMBL:ENSACAG00000005963,4
4281,WBPhenotype:0001034,phenotype,pronuclear nuclear appearance defective early emb,8
4282,HP:0009916,phenotype,Anisocoria,8
4283,ENSEMBL:ENSMMUG00000019357,gene,ENSEMBL:ENSMMUG00000019357,4
4284,HP:0002023,phenotype,Anal atresia,8
4285,1763,drug,methylthioninium chloride,3
4286,4190,drug,ruxolitinib,3
4287,MGI:1925927,gene,Rnf20,4
4288,HP:0001684,phenotype,Secundum atrial septal defect,8
4289,ENSEMBL:ENSMODG00000047420,gene,ENSEMBL:ENSMODG00000047420,4
4290,WBPhenotype:0001808,phenotype,cell corpse digestion variant,8
4291,HP:0011496,phenotype,Corneal neovascularization,8
4292,ENSEMBL:ENSECAG00000014268,gene,ENSEMBL:ENSECAG00000014268,4
4293,FlyBase:FBgn0036882,gene,Dmel\CG9279,4
4294,WBPhenotype:0001539,phenotype,dauer induction variant,8
4295,MP:0008660,phenotype,increased interleukin-10 secretion,8
4296,MONARCH:APO_0000054APO_0000002,phenotype,cytoskeleton morphology:abnormal,8
4297,MP:0003732,phenotype,abnormal retinal outer plexiform layer morphology,8
4298,HGNC:6572,gene,LGI1,4
4299,MONARCH:APO_0000082APO_0000003,phenotype,osmotic stress resistance:decreased,8
4300,MGI:1096368,gene,Ap1b1,4
4301,MP:0004860,phenotype,dilated kidney collecting duct,8
4302,MP:0010225,phenotype,abnormal quadriceps morphology,8
4303,MP:0004787,phenotype,abnormal dorsal aorta morphology,8
4304,MP:0001272,phenotype,increased metastatic potential,8
4305,O15111,gene product,Inhibitor of nuclear factor kappa-B kinase subunit alpha,5
4306,ZP:0020493,phenotype,"Meckel's cartilage decreased amount, abnormal",8
4307,WBPhenotype:0001791,phenotype,defecation cycle temperature compensation variant,8
4308,HP:0001807,phenotype,Ridged nail,8
4309,ZFIN:ZDB-GENE-050522-155,gene,pacsin1a,4
4310,MP:0011448,phenotype,decreased dopaminergic neuron number,8
4311,ENSEMBL:ENSOANG00000015410,gene,ENSEMBL:ENSOANG00000015410,4
4312,EFO:0007937,phenotype,blood protein measurement,8
4313,ENSEMBL:ENSPTRG00000007886,gene,ENSEMBL:ENSPTRG00000007886,4
4314,MP:0011903,phenotype,decreased hematopoietic stem cell proliferation,8
4315,EnsemblGenome:AT3G25420,gene,EnsemblGenome:AT3G25420,4
4316,WormBase:WBGene00000962,gene,dhc-1,4
4317,HGNC:9847,gene,RANBP1,4
4318,ENSEMBL:ENSGALG00000047314,gene,YF5,4
4319,FlyBase:FBgn0035733,gene,CG8641,4
4320,MP:0009902,phenotype,abnormal lateral nasal prominence morphology,8
4321,HP:0003758,phenotype,Reduced subcutaneous adipose tissue,8
4322,ENSEMBL:ENSPTRG00000012150,gene,ENSEMBL:ENSPTRG00000012150,4
4323,ZP:0018484,phenotype,"myotome decreased process quality regulation of synaptic transmission, cholinergic, abnormal",8
4324,HP:0000153,phenotype,Abnormality of the mouth,8
4325,HP:0011017,phenotype,Abnormal cellular physiology,8
4326,ZP:0106672,phenotype,"granulocyte rostral blood island decreased amount, abnormal",8
4327,MP:0003123,phenotype,paternal imprinting,8
4328,WBPhenotype:0000899,phenotype,epithelial cell morphology variant,8
4329,ENSEMBL:ENSSSCG00000005935,gene,AGO2,4
4330,ZP:0001710,phenotype,"photoreceptor outer segment layer absent, abnormal",8
4331,ENSEMBL:ENSFCAG00000045412,gene,ENSEMBL:ENSFCAG00000045412,4
4332,ZP:0000368,phenotype,"dorsal thalamus cellular quality, abnormal",8
4333,HP:0002136,phenotype,Broad-based gait,8
4334,MP:0006414,phenotype,decreased T cell apoptosis,8
4335,ENSEMBL:ENSBTAG00000015073,gene,CRPPA,4
4336,ZFIN:ZDB-GENE-030131-7166,gene,syvn1,4
4337,HP:0002014,phenotype,Diarrhea,8
4338,ZP:0011935,phenotype,"nuclear pore intestine malformed, abnormal",8
4339,ENSEMBL:ENSGALG00000039615,gene,A0A1D5NYK7,4
4340,ENSEMBL:ENSOANG00000042128,gene,ENSEMBL:ENSOANG00000042128,4
4341,ENSEMBL:ENSACAG00000000190,gene,ENSEMBL:ENSACAG00000000190,4
4342,dictyBase:DDB_G0278403,gene,rsmH,4
4343,WormBase:WBGene00009948,gene,F52H3.6,4
4344,ENSEMBL:ENSPTRG00000021673,gene,ENSEMBL:ENSPTRG00000021673,4
4345,FlyBase:FBgn0003279,gene,RpL4,4
4346,ZFIN:ZDB-GENE-030131-2066,gene,sin3ab,4
4347,MP:0005112,phenotype,abnormal spinal cord ventral horn morphology,8
4348,ENSEMBL:ENSECAG00000012677,gene,ENSEMBL:ENSECAG00000012677,4
4349,ENSEMBL:ENSGALG00000043929,gene,LOC101749377,4
4350,HP:0002901,phenotype,Hypocalcemia,8
4351,ZP:0100537,phenotype,"facial nerve motor nucleus decreased occurrence motor neuron migration, abnormal",8
4352,HP:0001942,phenotype,Metabolic acidosis,8
4353,ENSEMBL:ENSSSCG00000022066,gene,PIAS4,4
4354,SGD:S000006356,gene,URN1,4
4355,ZP:0002255,phenotype,"midbrain hindbrain boundary condensed, abnormal",8
4356,WBPhenotype:0001869,phenotype,meiotic spindle positioning defective,8
4357,FlyBase:FBgn0026176,gene,SkpB,4
4358,RGD:727907,gene,Tenm2,4
4359,ENSEMBL:ENSMMUG00000008392,gene,ENSEMBL:ENSMMUG00000008392,4
4360,MP:0001280,phenotype,loss of vibrissae,8
4361,ENSEMBL:ENSMODG00000021001,gene,ENSEMBL:ENSMODG00000021001,4
4362,ZP:0010093,phenotype,"trunk misaligned with larval melanophore stripe anterior-posterior axis whole organism, abnormal",8
4363,MP:0009405,phenotype,increased skeletal muscle fiber number,8
4364,MP:0003403,phenotype,absent placental labyrinth,8
4365,HP:0000358,phenotype,Posteriorly rotated ears,8
4366,MP:0009974,phenotype,decreased cerebral cortex pyramidal cell number,8
4367,ZP:0002911,phenotype,"adherens junction organization process quality, abnormal",8
4368,HP:0200016,phenotype,Acrokeratosis,8
4369,Xenbase:XB-GENE-6000372,gene,atxn2l,4
4370,MONARCH:APO_0000255APO_0000002,phenotype,cell cycle progression in G1 phase:abnormal,8
4371,ENSEMBL:ENSECAG00000005595,gene,ENSEMBL:ENSECAG00000005595,4
4372,HP:0011990,phenotype,Abnormality of neutrophil physiology,8
4373,ENSEMBL:ENSMODG00000007252,gene,ENSEMBL:ENSMODG00000007252,4
4374,ENSEMBL:ENSPTRG00000041525,gene,ENSEMBL:ENSPTRG00000041525,4
4375,ZP:0020462,phenotype,"neural crest cell pharyngeal arch spatial pattern, abnormal",8
4376,ZP:0101817,phenotype,"synapse ventral root decreased amount, abnormal",8
4377,MGI:1919069,gene,Kif23,4
4378,ENSEMBL:ENSSSCG00000006063,gene,ENSEMBL:ENSSSCG00000006063,4
4379,ZP:0000034,phenotype,"hindbrain quality, abnormal",8
4380,ENSEMBL:ENSACAG00000012607,gene,ENSEMBL:ENSACAG00000012607,4
4381,HP:0002616,phenotype,Aortic root aneurysm,8
4382,FlyBase:FBgn0030100,gene,CG12106,4
4383,HP:0000138,phenotype,Ovarian cyst,8
4384,SGD:S000000147,gene,PIN4,4
4385,ENSEMBL:ENSPTRG00000006509,gene,ENSEMBL:ENSPTRG00000006509,4
4386,ENSEMBL:ENSACAG00000001712,gene,ENSEMBL:ENSACAG00000001712,4
4387,WormBase:WBGene00007966,gene,maph-1.3,4
4388,ENSEMBL:ENSCAFG00000009934,gene,ATXN1,4
4389,OMIM:613004.0002,variant,"HTT, PRO703LEU",10
4390,1393,drug,hydromorphone,3
4391,ENSEMBL:ENSMMUG00000022618,gene,ENSEMBL:ENSMMUG00000022618,4
4392,MGI:5635162,genotype,Tg(HTT*)AXwy [involves: FVB/NJ],6
4393,HP:0100543,phenotype,Cognitive impairment,8
4394,WormBase:WBGene00002183,gene,kat-1,4
4395,ENSEMBL:ENSGALG00000014408,gene,LLGL1,4
4396,MP:0001236,phenotype,abnormal epidermis stratum spinosum morphology,8
4397,ENSEMBL:ENSSSCG00000009742,gene,ULK1,4
4398,Xenbase:XB-GENE-950703,gene,psmd14,4
4399,ENSEMBL:ENSACAG00000003088,gene,ENSEMBL:ENSACAG00000003088,4
4400,ENSEMBL:ENSPTRG00000021930,gene,ENSEMBL:ENSPTRG00000021930,4
4401,ZP:0011677,phenotype,"interhyoideus disrupted regulation of myofibril size, abnormal",8
4402,WBPhenotype:0000167,phenotype,precocious seam cell fusion,8
4403,WBPhenotype:0001332,phenotype,vesicle number variant,8
4404,MGI:2385261,gene,Cnot3,4
4405,FlyBase:FBgn0036496,gene,cocoon,4
4406,ZP:0002647,phenotype,"dorsal longitudinal anastomotic vessel malformed, abnormal",8
4407,4903,drug,nintedanib,3
4408,WBPhenotype:0001350,phenotype,protein phosphorylation increased,8
4409,ENSEMBL:ENSBTAG00000001189,gene,AP1B1,4
4410,ENSEMBL:ENSCAFG00000029635,gene,ENSEMBL:ENSCAFG00000029635,4
4411,MONARCH:APO_0000041APO_0000005,phenotype,sporulation:absent,8
4412,ENSEMBL:ENSMODG00000027318,gene,ENSEMBL:ENSMODG00000027318,4
4413,HP:0002315,phenotype,Headache,8
4414,ENSEMBL:ENSECAG00000020182,gene,ENSEMBL:ENSECAG00000020182,4
4415,FlyBase:FBgn0262872,gene,milt,4
4416,WormBase:WBGene00013415,gene,ilcr-1,4
4417,ENSEMBL:ENSSSCG00000012733,gene,ENSEMBL:ENSSSCG00000012733,4
4418,ENSEMBL:ENSPTRG00000006977,gene,ENSEMBL:ENSPTRG00000006977,4
4419,ZP:0010453,phenotype,"striated muscle myosin thick filament slow muscle cell disorganized, abnormal",8
4420,MONARCH:APO_0000024APO_0000005,phenotype,budding:absent,8
4421,WBPhenotype:0001343,phenotype,meiotic spindle defective early emb,8
4422,MP:0009749,phenotype,enhanced behavioral response to addictive substance,8
4423,ZP:0003480,phenotype,"bulbus arteriosus cylindrical, abnormal",8
4424,MP:0008948,phenotype,decreased neuron number,8
4425,WBPhenotype:0000506,phenotype,bursa swollen,8
4426,MP:0011060,phenotype,abnormal kinocilium morphology,8
4427,ZP:0003191,phenotype,"liver increased size, abnormal",8
4428,ZP:0000103,phenotype,"extension decreased length, abnormal",8
4429,HP:0200023,phenotype,Priapism,8
4430,WBPhenotype:0001797,phenotype,pachytene arrested germline nuclei,8
4431,ENSEMBL:ENSACAG00000003867,gene,ENSEMBL:ENSACAG00000003867,4
4432,ENSEMBL:ENSSSCG00000026064,gene,LSM5,4
4433,2949,drug,zotarolimus,3
4434,MP:0004567,phenotype,decreased myocardial fiber number,8
4435,ENSEMBL:ENSMODG00000007320,gene,ENSEMBL:ENSMODG00000007320,4
4436,FlyBase:FBgn0010516,gene,wal,4
4437,ENSEMBL:ENSECAG00000004593,gene,ENSEMBL:ENSECAG00000004593,4
4438,MONARCH:APO_0000087APO_0000004,phenotype,resistance to chemicals:increased,8
4439,HP:0002171,phenotype,Gliosis,8
4440,ZP:0003731,phenotype,"locomotory behavior having decreased processual parts skeletal muscle contraction, abnormal",8
4441,ZFIN:ZDB-GENE-121214-264,gene,si:dkey-27j5.5,4
4442,HP:0000964,phenotype,Eczema,8
4443,ZFIN:ZDB-GENE-130819-1,gene,lamtor1,4
4444,ENSEMBL:ENSECAG00000023974,gene,ENSEMBL:ENSECAG00000023974,4
4445,MGI:1347006,gene,Psma6,4
4446,Xenbase:XB-GENE-6036635,gene,g3bp1,4
4447,HP:0003112,phenotype,Abnormal circulating amino acid concentration,8
4448,ENSEMBL:ENSMODG00000024955,gene,ENSEMBL:ENSMODG00000024955,4
4449,MP:0012029,phenotype,abnormal electroretinogram waveform feature,8
4450,FlyBase:FBgn0053513,gene,Nmdar2,4
4451,ENSEMBL:ENSSSCG00000031786,gene,NCDN,4
4452,ENSEMBL:ENSBTAG00000018689,gene,ENSEMBL:ENSBTAG00000018689,4
4453,MP:0004875,phenotype,increased mean systemic arterial blood pressure,8
4454,ZP:0011958,phenotype,"neurogenesis decreased occurrence, abnormal",8
4455,EFO:0003923,phenotype,bone density,8
4456,ZP:0003482,phenotype,"cranial neural crest disrupted neural crest cell development, abnormal",8
4457,ZP:0006658,phenotype,"heart contraction decreased magnitude, abnormal",8
4458,ZP:0011934,phenotype,"retina decreased process quality poly(A)+ mRNA export from nucleus, abnormal",8
4459,EnsemblGenome:AT2G05630,gene,EnsemblGenome:AT2G05630,4
4460,MP:0003082,phenotype,abnormal gastrocnemius morphology,8
4461,WBPhenotype:0000169,phenotype,early exit cell cycle,8
4462,ZP:0005169,phenotype,"parasphenoid ossified, abnormal",8
4463,MP:0012300,phenotype,abnormal umbilical cord blood vessel morphology,8
4464,ZP:0002314,phenotype,"head shape, abnormal",8
4465,ENSEMBL:ENSECAG00000011366,gene,ENSEMBL:ENSECAG00000011366,4
4466,MP:0004896,phenotype,abnormal endometrium morphology,8
4467,ENSEMBL:ENSMODG00000016454,gene,ENSEMBL:ENSMODG00000016454,4
4468,ENSEMBL:ENSMMUG00000031224,gene,ENSEMBL:ENSMMUG00000031224,4
4469,ENSEMBL:ENSGALG00000033932,gene,ENSEMBL:ENSGALG00000033932,4
4470,MP:0001233,phenotype,abnormal epidermis suprabasal layer morphology,8
4471,ENSEMBL:ENSSSCG00000024679,gene,UPF3A,4
4472,GO:0005794,molecular function,Golgi apparatus,7
4473,ZFIN:ZDB-GENE-051128-1,gene,ogt.2,4
4474,ENSEMBL:ENSGALG00000054256,gene,HAUS3,4
4475,WormBase:WBGene00003806,gene,npp-20,4
4476,ENSEMBL:ENSSSCG00000009203,gene,ENSEMBL:ENSSSCG00000009203,4
4477,Xenbase:XB-GENE-5746936,gene,rnf20,4
4478,dbSNP:rs79029191,variant,rs79029191-?,10
4479,ENSEMBL:ENSFCAG00000001874,gene,ENSEMBL:ENSFCAG00000001874,4
4480,WBPhenotype:0002285,phenotype,head bend angle decreased,8
4481,MGI:1202384,gene,Ddb1,4
4482,ENSEMBL:ENSFCAG00000004051,gene,ENSEMBL:ENSFCAG00000004051,4
4483,MP:0005616,phenotype,decreased susceptibility to type IV hypersensitivity reaction,8
4484,FBcv:0000380,phenotype,non-enhancer of variegation,8
4485,ENSEMBL:ENSMODG00000002570,gene,ENSEMBL:ENSMODG00000002570,4
4486,MONARCH:APO_0000326APO_0000005,phenotype,desiccation resistance:absent,8
4487,WBPhenotype:0000827,phenotype,V lineages variant,8
4488,HP:0010976,phenotype,B lymphocytopenia,8
4489,dictyBase:DDB_G0280969,gene,psmA4,4
4490,MP:0002792,phenotype,abnormal retinal vasculature morphology,8
4491,ENSEMBL:ENSCAFG00000012049,gene,IPO4,4
4492,MP:0030957,phenotype,abnormal myotube morphology,8
4493,ZFIN:ZDB-GENE-040426-2695,gene,actr1,4
4494,ZP:0007170,phenotype,"striated muscle thin filament slow muscle cell disorganized, abnormal",8
4495,Xenbase:XB-GENE-494584,gene,mid1,4
4496,WormBase:WBGene00017166,gene,aldo-2,4
4497,Coriell:GM04799,biological artifact,NIGMS-GM04799,0
4498,ENSEMBL:ENSECAG00000019763,gene,ENSEMBL:ENSECAG00000019763,4
4499,dictyBase:DDB_G0280557,gene,DDB_G0280557,4
4500,MP:0006335,phenotype,abnormal hearing electrophysiology,8
4501,HGNC:144,gene,ACTG1,4
4502,MP:0001007,phenotype,abnormal sympathetic system morphology,8
4503,391,drug,bortezomib,3
4504,ENSEMBL:ENSACAG00000016580,gene,ENSEMBL:ENSACAG00000016580,4
4505,MONARCH:APO_0000302APO_0000002,phenotype,vesicle distribution:abnormal,8
4506,HP:0001000,phenotype,Abnormality of skin pigmentation,8
4507,FBcv:0000365,phenotype,semi-sterile,8
4508,Xenbase:XB-GENE-970899,gene,xrcc6,4
4509,ENSEMBL:ENSECAG00000007795,gene,ENSEMBL:ENSECAG00000007795,4
4510,ENSEMBL:ENSFCAG00000008668,gene,ENSEMBL:ENSFCAG00000008668,4
4511,WBPhenotype:0000272,phenotype,egg laying irregular,8
4512,MGI:6400710,biological artifact,Htt<tm5Detl>/Htt<+> [involves: C57BL/6],0
4513,ENSEMBL:ENSSSCG00000001341,gene,SLA-11,4
4514,ENSEMBL:ENSMMUG00000014853,gene,ENSEMBL:ENSMMUG00000014853,4
4515,FlyBase:FBgn0037578,gene,PNKP,4
4516,HP:0100490,phenotype,Camptodactyly of finger,8
4517,1282,drug,gefitinib,3
4518,Xenbase:XB-GENE-958256,gene,sh3gl3,4
4519,ZP:0020457,phenotype,"rRNA transcription disrupted, abnormal",8
4520,EFO:1001976,phenotype,cardioembolic stroke,8
4521,MP:0005559,phenotype,increased circulating glucose level,8
4522,ENSEMBL:ENSGALG00000002288,gene,LIG3,4
4523,ENSEMBL:ENSGALG00000042851,gene,PPARGC1A,4
4524,ENSEMBL:ENSPTRG00000011756,gene,ENSEMBL:ENSPTRG00000011756,4
4525,MP:0001776,phenotype,abnormal circulating sodium level,8
4526,ENSEMBL:ENSECAG00000014666,gene,ENSEMBL:ENSECAG00000014666,4
4527,RGD:1308949,gene,Ptdss1,4
4528,XPO:0131871,phenotype,abnormal development of embryo,8
4529,ENSEMBL:ENSSSCG00000037698,gene,TCERG1L,4
4530,ENSEMBL:ENSECAG00000010419,gene,ENSEMBL:ENSECAG00000010419,4
4531,NCBIGene:103911752,gene,LOC103911752,4
4532,ENSEMBL:ENSSSCG00000013333,gene,ENSEMBL:ENSSSCG00000013333,4
4533,ENSEMBL:ENSMMUG00000008213,gene,ENSEMBL:ENSMMUG00000008213,4
4534,ENSEMBL:ENSFCAG00000014377,gene,ENSEMBL:ENSFCAG00000014377,4
4535,dictyBase:DDB_G0286191,gene,atg8,4
4536,ENSEMBL:ENSPTRG00000013021,gene,ENSEMBL:ENSPTRG00000013021,4
4537,ENSEMBL:ENSBTAG00000001729,gene,ENSEMBL:ENSBTAG00000001729,4
4538,ENSEMBL:ENSECAG00000009113,gene,ENSEMBL:ENSECAG00000009113,4
4539,NCBITaxon:3702,taxon,Arabidopsis thaliana,9
4540,MGI:1928760,gene,Ruvbl1,4
4541,MGI:1861699,variant,Htt<tm3Mem>,10
4542,ENSEMBL:ENSMMUG00000015233,gene,ENSEMBL:ENSMMUG00000015233,4
4543,PomBase:SPAC20G8.10c,gene,atg6,4
4544,ENSEMBL:ENSBTAG00000015780,gene,ENSEMBL:ENSBTAG00000015780,4
4545,MP:0004901,phenotype,decreased male germ cell number,8
4546,HP:0000348,phenotype,High forehead,8
4547,ENSEMBL:ENSSSCG00000024770,gene,LIG3,4
4548,ENSEMBL:ENSOANG00000000318,gene,ENSEMBL:ENSOANG00000000318,4
4549,ENSEMBL:ENSBTAG00000047424,gene,ENSEMBL:ENSBTAG00000047424,4
4550,ZP:0002680,phenotype,"whole organism neoplastic, abnormal",8
4551,MP:0001970,phenotype,abnormal pain threshold,8
4552,ENSEMBL:ENSACAG00000016080,gene,ENSEMBL:ENSACAG00000016080,4
4553,ENSEMBL:ENSBTAG00000015811,gene,E1BA77,4
4554,HP:0011314,phenotype,Abnormality of long bone morphology,8
4555,MP:0009764,phenotype,decreased sensitivity to induced morbidity/mortality,8
4556,FBcv:0002039,phenotype,some die during pupal stage,8
4557,ZP:0003845,phenotype,"mitochondrial crista liver decreased mass density, abnormal",8
4558,MGI:5621304,gene,Gm44504,4
4559,ENSEMBL:ENSFCAG00000007698,gene,ENSEMBL:ENSFCAG00000007698,4
4560,ENSEMBL:ENSBTAG00000023169,gene,NINL,4
4561,ENSEMBL:ENSPTRG00000009333,gene,ENSEMBL:ENSPTRG00000009333,4
4562,ZP:0008128,phenotype,"synapse assembly disrupted, abnormal",8
4563,ENSEMBL:ENSCAFG00000005381,gene,ENSEMBL:ENSCAFG00000005381,4
4564,HP:0012163,phenotype,Carotid artery dilatation,8
4565,ENSEMBL:ENSBTAG00000045839,gene,G3N2K6,4
4566,ZFIN:ZDB-GENE-161101-1,gene,si:dkey-52p2.5,4
4567,MP:0004069,phenotype,abnormal muscle spindle morphology,8
4568,ENSEMBL:ENSACAG00000009672,gene,ENSEMBL:ENSACAG00000009672,4
4569,MONARCH:APO_0000032APO_0000003,phenotype,mating response:decreased,8
4570,MP:0010739,phenotype,abnormal axolemma morphology,8
4571,SGD:S000005632,gene,VAM3,4
4572,SGD:S000003178,gene,YPT32,4
4573,ENSEMBL:ENSFCAG00000030563,gene,ENSEMBL:ENSFCAG00000030563,4
4574,HP:0030199,phenotype,Fatigable weakness of neck muscles,8
4575,ENSEMBL:ENSECAG00000003473,gene,ENSEMBL:ENSECAG00000003473,4
4576,MP:0009923,phenotype,decreased transitional stage T1 B cell number,8
4577,ENSEMBL:ENSSSCG00000011758,gene,A0A287AK55,4
4578,PomBase:SPBP8B7.03c,gene,rpl402,4
4579,ZFIN:ZDB-GENE-030616-609,gene,ppp1cb,4
4580,ZP:0005093,phenotype,"regulation of cell cycle arrest disrupted, abnormal",8
4581,FlyBase:FBgn0038722,gene,Nup58,4
4582,FlyBase:FBgn0038796,gene,eIF3g2,4
4583,dictyBase:DDB_G0293786,gene,DDB_G0293786,4
4584,MP:0001380,phenotype,reduced male mating frequency,8
4585,ENSEMBL:ENSFCAG00000044001,gene,ENSEMBL:ENSFCAG00000044001,4
4586,HP:0002352,phenotype,Leukoencephalopathy,8
4587,MGI:103071,gene,Rangap1,4
4588,ENSEMBL:ENSCAFG00000015164,gene,E2RRH1,4
4589,ZP:0002696,phenotype,"retinal cone cell absent, abnormal",8
4590,MP:0005643,phenotype,decreased dopamine level,8
4591,MP:0008098,phenotype,decreased plasma cell number,8
4592,FBcv:0000400,phenotype,abnormal mating,8
4593,HP:0000563,phenotype,Keratoconus,8
4594,dictyBase:DDB_G0269902,gene,act26,4
4595,HGNC:20234,gene,EVL,4
4596,HP:0000470,phenotype,Short neck,8
4597,FlyBase:FBgn0262519,gene,Mi-2,4
4598,ENSEMBL:ENSMODG00000015570,gene,ENSEMBL:ENSMODG00000015570,4
4599,ZP:0104796,phenotype,"primitive heart tube increased distribution, abnormal",8
4600,ENSEMBL:ENSACAG00000009374,gene,ENSEMBL:ENSACAG00000009374,4
4601,Xenbase:XB-GENE-495303,gene,hsp90aa1.1,4
4602,HP:0002072,phenotype,Chorea,8
4603,HP:0003361,phenotype,Tryptophanuria,8
4604,ENSEMBL:ENSACAG00000008113,gene,ENSEMBL:ENSACAG00000008113,4
4605,MP:0020002,phenotype,increased response to antigen,8
4606,WBPhenotype:0000016,phenotype,aldicarb hypersensitive,8
4607,MP:0001074,phenotype,abnormal vagus nerve morphology,8
4608,ENSEMBL:ENSSSCG00000008274,gene,DCTN1,4
4609,HP:0001392,phenotype,Abnormality of the liver,8
4610,ZP:0104412,phenotype,"pancreatic B cell exocrine pancreas increased amount, abnormal",8
4611,RGD:1311771,gene,Commd1,4
4612,MGI:1333838,gene,Magea5,4
4613,WormBase:WBGene00003102,gene,mab-5,4
4614,ENSEMBL:ENSACAG00000013607,gene,ENSEMBL:ENSACAG00000013607,4
4615,Xenbase:XB-GENE-1003225,gene,wdr82,4
4616,WBPhenotype:0000976,phenotype,ventral cord patterning variant,8
4617,HP:0410263,phenotype,Brain imaging abnormality,8
4618,WBPhenotype:0001926,phenotype,gonad sheath contraction rate increased,8
4619,HP:0002415,phenotype,Leukodystrophy,8
4620,ENSEMBL:ENSECAG00000014460,gene,ENSEMBL:ENSECAG00000014460,4
4621,RGD:621140,gene,G3bp1,4
4622,HGNC:28515,gene,MAGEB18,4
4623,1893,drug,nelfinavir,3
4624,MP:0001771,phenotype,abnormal circulating magnesium level,8
4625,HGNC:11834,gene,TKT,4
4626,ENSEMBL:ENSFCAG00000006610,gene,ENSEMBL:ENSFCAG00000006610,4
4627,ZP:0001506,phenotype,"whole organism refractivity, abnormal",8
4628,WBPhenotype:0002491,phenotype,ectopic neurite outgrowth,8
4629,MGI:1276570,gene,H2-M9,4
4630,ENSEMBL:ENSMODG00000044679,gene,ENSEMBL:ENSMODG00000044679,4
4631,MP:0009116,phenotype,abnormal brown fat cell morphology,8
4632,ENSEMBL:ENSCAFG00000013367,gene,ENSEMBL:ENSCAFG00000013367,4
4633,EFO:0004541,phenotype,HbA1c measurement,8
4634,WBPhenotype:0000097,phenotype,AB lineage variant,8
4635,ZFIN:ZDB-GENE-070912-228,gene,ftr06,4
4636,ZP:0000581,phenotype,"cranium edematous, abnormal",8
4637,ZFIN:ZDB-GENE-050302-102,gene,crebbpb,4
4638,ZP:0104389,phenotype,"caudal vein plexus increased distribution, abnormal",8
4639,ENSEMBL:ENSOANG00000049226,gene,ENSEMBL:ENSOANG00000049226,4
4640,RGD:1359499,gene,RT1-T24-1,4
4641,HP:0000962,phenotype,Hyperkeratosis,8
4642,ENSEMBL:ENSOANG00000042116,gene,ENSEMBL:ENSOANG00000042116,4
4643,HGNC:29163,gene,NINL,4
4644,MGI:1861457,gene,Dynll1,4
4645,ZP:0000336,phenotype,"thalamus development process quality, abnormal",8
4646,ZP:0018476,phenotype,"axon peripheral neuron shape, abnormal",8
4647,ENSEMBL:ENSBTAG00000012235,gene,ENSEMBL:ENSBTAG00000012235,4
4648,WormBase:WBGene00003233,gene,mgl-2,4
4649,MP:0012279,phenotype,wide sternum,8
4650,ENSEMBL:ENSMODG00000011301,gene,ENSEMBL:ENSMODG00000011301,4
4651,MP:0005574,phenotype,decreased pulmonary respiratory rate,8
4652,ENSEMBL:ENSMODG00000015064,gene,ENSEMBL:ENSMODG00000015064,4
4653,MGI:1916969,gene,Cad,4
4654,HP:0006887,phenotype,"Intellectual disability, progressive",8
4655,ZP:0006371,phenotype,"yolk syncytial layer increased size, abnormal",8
4656,HP:0000219,phenotype,Thin upper lip vermilion,8
4657,EFO:0005208,phenotype,glomerular filtration rate,8
4658,ENSEMBL:ENSPTRG00000021594,gene,ENSEMBL:ENSPTRG00000021594,4
4659,ZP:0101282,phenotype,"defecation process quality, abnormal",8
4660,MP:0008512,phenotype,disorganized retinal inner nuclear layer,8
4661,WormBase:WBGene00021369,gene,siah-1,4
4662,RGD:1309507,gene,Rab30,4
4663,HP:0007308,phenotype,Extrapyramidal dyskinesia,8
4664,ENSEMBL:ENSFCAG00000003280,gene,ENSEMBL:ENSFCAG00000003280,4
4665,ZP:0002763,phenotype,"neuron hindbrain decreased amount, abnormal",8
4666,dictyBase:DDB_G0286773,gene,gflB,4
4667,MP:0004250,phenotype,tau protein deposits,8
4668,MP:0001694,phenotype,absent egg cylinders,8
4669,ZP:0018592,phenotype,"ventral wall of dorsal aorta decreased amount, abnormal",8
4670,WormBase:WBGene00011867,gene,chc-1,4
4671,EnsemblGenome:AT5G55160,gene,EnsemblGenome:AT5G55160,4
4672,ENSEMBL:ENSMMUG00000008174,gene,ENSEMBL:ENSMMUG00000008174,4
4673,MP:0002651,phenotype,abnormal sciatic nerve morphology,8
4674,Coriell:GM04724,biological artifact,NIGMS-GM04724,0
4675,ZP:0003538,phenotype,"pectoral fin malformed, abnormal",8
4676,ENSEMBL:ENSMODG00000019055,gene,ENSEMBL:ENSMODG00000019055,4
4677,ZP:0001384,phenotype,"retinal outer nuclear layer morphology, abnormal",8
4678,ENSEMBL:ENSGALG00000000510,gene,DCAF7,4
4679,Xenbase:XB-GENE-6455449,gene,ptdss1,4
4680,WBPhenotype:0001371,phenotype,protein RNA interaction variant,8
4681,ENSEMBL:ENSACAG00000016239,gene,ENSEMBL:ENSACAG00000016239,4
4682,FlyBase:FBgn0031092,gene,Ech1,4
4683,WBPhenotype:0000933,phenotype,MS lineage variant,8
4684,RGD:1565778,gene,Magea8,4
4685,Coriell:GM04287,biological artifact,NIGMS-GM04287,0
4686,ENSEMBL:ENSECAG00000015479,gene,ENSEMBL:ENSECAG00000015479,4
4687,ENSEMBL:ENSPTRG00000007300,gene,ENSEMBL:ENSPTRG00000007300,4
4688,MP:0010320,phenotype,increased pituitary gland tumor incidence,8
4689,ZP:0004331,phenotype,"pronephric glomerulus permeability, abnormal",8
4690,HP:0011873,phenotype,Abnormal platelet count,8
4691,ENSEMBL:ENSOANG00000008888,gene,ENSEMBL:ENSOANG00000008888,4
4692,ZP:0005778,phenotype,"cell junction EVL immature, abnormal",8
4693,SGD:S000001906,gene,UBP6,4
4694,MP:0001711,phenotype,abnormal placenta morphology,8
4695,GO:0005814,molecular function,centriole,7
4696,WormBase:WBGene00008278,gene,npr-10,4
4697,MP:0003463,phenotype,abnormal single cell response,8
4698,ENSEMBL:ENSFCAG00000032144,gene,ENSEMBL:ENSFCAG00000032144,4
4699,HP:0001288,phenotype,Gait disturbance,8
4700,dictyBase:DDB_G0278945,gene,DDB0218126,4
4701,WBPhenotype:0000857,phenotype,excretory cell development variant,8
4702,MONARCH:APO_0000209APO_0000248,phenotype,protein/peptide distribution:increased duration,8
4703,ZP:0005585,phenotype,"blood vessel endothelial cell increased amount, abnormal",8
4704,RGD:3046,gene,Mapk3,4
4705,ZP:0009315,phenotype,"ectoderm delaminated, abnormal",8
4706,ENSEMBL:ENSSSCG00000011493,gene,ATXN7,4
4707,ENSEMBL:ENSGALG00000006317,gene,ENSEMBL:ENSGALG00000006317,4
4708,WormBase:WBGene00004282,gene,rab-30,4
4709,MP:0005296,phenotype,abnormal humerus morphology,8
4710,ZP:0019150,phenotype,"eye photoreceptor cell accumulation photoreceptor inner segment vacuole eye photoreceptor cell, abnormal",8
4711,MP:0001706,phenotype,abnormal left-right axis patterning,8
4712,MP:0000288,phenotype,abnormal pericardium morphology,8
4713,HP:0040273,phenotype,Adenocarcinoma of the intestines,8
4714,WBPhenotype:0001351,phenotype,protein phosphorylation reduced,8
4715,MP:0005004,phenotype,abnormal lymphocyte anergy,8
4716,MP:0005576,phenotype,decreased pulmonary ventilation,8
4717,HGNC:164,gene,ACTN2,4
4718,ENSEMBL:ENSMMUG00000054721,gene,ENSEMBL:ENSMMUG00000054721,4
4719,ENSEMBL:ENSBTAG00000021717,gene,BDKRB2,4
4720,ENSEMBL:ENSACAG00000001880,gene,ENSEMBL:ENSACAG00000001880,4
4721,ENSEMBL:ENSSSCG00000029174,gene,ENSEMBL:ENSSSCG00000029174,4
4722,ZFIN:ZDB-GENE-081022-147,gene,syt12,4
4723,MP:0002216,phenotype,abnormal seminiferous tubule morphology,8
4724,HP:0003326,phenotype,Myalgia,8
4725,HP:0000822,phenotype,Hypertension,8
4726,MP:0013391,phenotype,abnormal Meibomian gland physiology,8
4727,MP:0001522,phenotype,impaired swimming,8
4728,ENSEMBL:ENSMMUG00000037513,gene,ENSEMBL:ENSMMUG00000037513,4
4729,ENSEMBL:ENSGALG00000014290,gene,UBE2K,4
4730,ENSEMBL:ENSCAFG00000016067,gene,WIPI2,4
4731,ENSEMBL:ENSMODG00000017991,gene,ENSEMBL:ENSMODG00000017991,4
4732,ZP:0012634,phenotype,"sex determination process quality, abnormal",8
4733,ZP:0009075,phenotype,"whole organism decreased fertility, abnormal",8
4734,ENSEMBL:ENSMMUG00000010722,gene,ENSEMBL:ENSMMUG00000010722,4
4735,ENSEMBL:ENSMMUG00000029971,gene,ENSEMBL:ENSMMUG00000029971,4
4736,Coriell:GM04219,biological artifact,NIGMS-GM04219,0
4737,ZP:0005511,phenotype,"canonical Wnt signaling pathway decreased process quality, abnormal",8
4738,ENSEMBL:ENSMMUG00000008069,gene,ENSEMBL:ENSMMUG00000008069,4
4739,HP:0007302,phenotype,Bipolar affective disorder,8
4740,ZP:0009007,phenotype,"retinal outer nuclear layer increased occurrence cell population proliferation, abnormal",8
4741,HP:0004303,phenotype,Abnormal muscle fiber morphology,8
4742,MP:0003402,phenotype,decreased liver weight,8
4743,ZFIN:ZDB-GENE-041114-7,gene,opa1,4
4744,HP:0000741,phenotype,Apathy,8
4745,NCBIGene:100492955,gene,LOC100492955,4
4746,MGI:5569528,variant,Tg(CMV-HTT*48Q)BTag,10
4747,dictyBase:DDB_G0273251,gene,fpaB-1,4
4748,ENSEMBL:ENSOANG00000003818,gene,ENSEMBL:ENSOANG00000003818,4
4749,ZFIN:ZDB-GENE-040426-2299,gene,aldoab,4
4750,MP:0003812,phenotype,abnormal hair medulla,8
4751,MP:0013834,phenotype,thin hypoglossal nerve,8
4752,ENSEMBL:ENSGALG00000011966,gene,ENSEMBL:ENSGALG00000011966,4
4753,HP:0005225,phenotype,Intestinal edema,8
4754,Coriell:GM04223,biological artifact,NIGMS-GM04223,0
4755,WBPhenotype:0001261,phenotype,pale,8
4756,WormBase:WBGene00006864,gene,npr-16,4
4757,WormBase:WBGene00000001,gene,aap-1,4
4758,ZP:0104387,phenotype,"caudal vein plexus increased amount, abnormal",8
4759,ENSEMBL:ENSOANG00000049902,gene,ENSEMBL:ENSOANG00000049902,4
4760,ZP:0005772,phenotype,"midbrain hindbrain boundary hemorrhagic, abnormal",8
4761,ENSEMBL:ENSMMUG00000062243,gene,ENSEMBL:ENSMMUG00000062243,4
4762,EFO:0007785,phenotype,femoral neck bone mineral density,8
4763,ZP:0003399,phenotype,"rRNA catabolic process disrupted, abnormal",8
4764,ZFIN:ZDB-GENE-040426-1681,gene,efr3a,4
4765,ENSEMBL:ENSMODG00000015637,gene,ENSEMBL:ENSMODG00000015637,4
4766,ZP:0006622,phenotype,"whole organism semi-viable, abnormal",8
4767,ZFIN:ZDB-GENE-061110-88,gene,ubc,4
4768,MP:0011731,phenotype,decreased myelin sheath thickness,8
4769,ZP:0002213,phenotype,"central nervous system projection neuron axonogenesis disrupted, abnormal",8
4770,EFO:0004631,phenotype,vitamin D measurement,8
4771,MP:0008873,phenotype,increased physiological sensitivity to xenobiotic,8
4772,HP:0002766,phenotype,Relatively short spine,8
4773,HP:0011159,phenotype,Focal autonomic seizure with epigastric sensation/nausea/vomiting/other gastrointestinal phenomena,8
4774,HP:0003693,phenotype,Distal amyotrophy,8
4775,FlyBase:FBgn0042710,gene,Hex-t2,4
4776,ENSEMBL:ENSFCAG00000004047,gene,ENSEMBL:ENSFCAG00000004047,4
4777,ENSEMBL:ENSFCAG00000036800,gene,ENSEMBL:ENSFCAG00000036800,4
4778,FlyBase:FBgn0001216,gene,Hsc70-1,4
4779,SGD:S000003485,gene,PUP2,4
4780,HP:0100732,phenotype,Pancreatic fibrosis,8
4781,MP:0003733,phenotype,abnormal retinal inner nuclear layer morphology,8
4782,WormBase:WBGene00010427,gene,hpo-11,4
4783,ENSEMBL:ENSMMUG00000058158,gene,ENSEMBL:ENSMMUG00000058158,4
4784,WBPhenotype:0001762,phenotype,uptake of yolk defective,8
4785,MP:0020470,phenotype,shortened circadian behavior period,8
4786,WBPhenotype:0001595,phenotype,somatic transgene silencing variant,8
4787,HP:0040109,phenotype,Morphological abnormality of the utricle,8
4788,MP:0000351,phenotype,increased cell proliferation,8
4789,ENSEMBL:ENSCAFG00000046942,gene,A0A5F4D7S4,4
4790,HP:0000356,phenotype,Abnormality of the outer ear,8
4791,ENSEMBL:ENSPTRG00000018202,gene,ENSEMBL:ENSPTRG00000018202,4
4792,ENSEMBL:ENSGALG00000000909,gene,ENSEMBL:ENSGALG00000000909,4
4793,MGI:3573928,genotype,Htt<tm1Detl>/Htt<+> [involves: 129P2/OlaHsd * C57BL/6J],6
4794,ENSEMBL:ENSBTAG00000016633,gene,ENSEMBL:ENSBTAG00000016633,4
4795,ENSEMBL:ENSMODG00000008018,gene,ENSEMBL:ENSMODG00000008018,4
4796,ZP:0018685,phenotype,"atrioventricular valve increased distribution, abnormal",8
4797,ZP:0106949,phenotype,"response to drug process quality, abnormal",8
4798,ZP:0101901,phenotype,"facial nerve motor nucleus rhombomere 6 increased volume, abnormal",8
4799,HP:0007165,phenotype,Periventricular heterotopia,8
4800,ENSEMBL:ENSOANG00000000972,gene,ENSEMBL:ENSOANG00000000972,4
4801,ENSEMBL:ENSGALG00000006474,gene,ENSEMBL:ENSGALG00000006474,4
4802,WormBase:WBGene00012084,gene,npr-15,4
4803,ENSEMBL:ENSMMUG00000000439,gene,ENSEMBL:ENSMMUG00000000439,4
4804,HGNC:10857,gene,SIAH1,4
4805,HP:0003251,phenotype,Male infertility,8
4806,ENSEMBL:ENSMODG00000002800,gene,ENSEMBL:ENSMODG00000002800,4
4807,ZP:0106466,phenotype,"primordial germ cell has extra parts of type microtubule organizing center primordial germ cell, abnormal",8
4808,MP:0006410,phenotype,abnormal common myeloid progenitor cell morphology,8
4809,HGNC:12468,gene,UBC,4
4810,MP:0008483,phenotype,increased spleen germinal center size,8
4811,MP:0008481,phenotype,increased spleen germinal center number,8
4812,RGD:1309689,gene,Polr1c,4
4813,ENSEMBL:ENSCAFG00000005661,gene,ENSEMBL:ENSCAFG00000005661,4
4814,WormBase:WBGene00016984,gene,npr-8,4
4815,MP:0002941,phenotype,increased circulating alanine transaminase level,8
4816,928,drug,disulfiram,3
4817,ENSEMBL:ENSGALG00000044425,gene,ENSEMBL:ENSGALG00000044425,4
4818,FlyBase:FBgn0010051,gene,Itpr,4
4819,ENSEMBL:ENSOANG00000040309,gene,ENSEMBL:ENSOANG00000040309,4
4820,HP:0002381,phenotype,Aphasia,8
4821,ZP:0017134,phenotype,"diencephalon mislocalised, abnormal",8
4822,Xenbase:XB-GENE-920765,gene,itpr1,4
4823,WBPhenotype:0000026,phenotype,lipid depleted,8
4824,WormBase:WBGene00004202,gene,pry-1,4
4825,MP:0002656,phenotype,abnormal keratinocyte differentiation,8
4826,HP:0006485,phenotype,Agenesis of incisor,8
4827,MP:0009546,phenotype,absent gastric milk in neonates,8
4828,HP:0030087,phenotype,Abnormal circulating testosterone concentration,8
4829,WormBase:WBGene00004815,gene,skr-9,4
4830,MP:0003212,phenotype,increased susceptibility to age related obesity,8
4831,HP:0003487,phenotype,Babinski sign,8
4832,ENSEMBL:ENSECAG00000021091,gene,ENSEMBL:ENSECAG00000021091,4
4833,WBPhenotype:0001865,phenotype,protein ubiquitination variant,8
4834,FlyBase:FBgn0030018,gene,slpr,4
4835,MGI:3605549,gene,Adgb,4
4836,FlyBase:FBgn0027497,gene,Madm,4
4837,ENSEMBL:ENSCAFG00000013806,gene,M6PR,4
4838,ZP:0011626,phenotype,"cell trunk apoptotic, abnormal",8
4839,ENSEMBL:ENSCAFG00000015166,gene,ENSEMBL:ENSCAFG00000015166,4
4840,ENSEMBL:ENSCAFG00000007949,gene,ENSEMBL:ENSCAFG00000007949,4
4841,ENSEMBL:ENSPTRG00000000524,gene,ENSEMBL:ENSPTRG00000000524,4
4842,WBPhenotype:0002535,phenotype,dye filling defect,8
4843,ENSEMBL:ENSPTRG00000005449,gene,ENSEMBL:ENSPTRG00000005449,4
4844,MONARCH:APO_0000095APO_0000002,phenotype,chemical compound accumulation:abnormal,8
4845,HGNC:20261,gene,NUP58,4
4846,ENSEMBL:ENSECAG00000024569,gene,ENSEMBL:ENSECAG00000024569,4
4847,ZFIN:ZDB-GENE-060503-662,gene,mipepa,4
4848,FlyBase:FBgn0264922,gene,smt3,4
4849,MP:0002919,phenotype,enhanced paired-pulse facilitation,8
4850,ENSEMBL:ENSMMUG00000007152,gene,ENSEMBL:ENSMMUG00000007152,4
4851,MP:0008858,phenotype,abnormal hair cycle anagen phase,8
4852,FlyBase:FBgn0263006,gene,SERCA,4
4853,ENSEMBL:ENSPTRG00000005524,gene,ENSEMBL:ENSPTRG00000005524,4
4854,ENSEMBL:ENSACAG00000017022,gene,ENSEMBL:ENSACAG00000017022,4
4855,MP:0004428,phenotype,abnormal type I vestibular cell,8
4856,FlyBase:FBgn0051354,gene,Hsp70Bbb,4
4857,ENSEMBL:ENSGALG00000006799,gene,ENSEMBL:ENSGALG00000006799,4
4858,ENSEMBL:ENSGALG00000013916,gene,ENSEMBL:ENSGALG00000013916,4
4859,ZFIN:ZDB-GENE-070424-161,gene,ftr55,4
4860,GO:0007030,molecular function,Golgi organization,7
4861,ENSEMBL:ENSOANG00000006569,gene,ENSEMBL:ENSOANG00000006569,4
4862,ZP:0018231,phenotype,"dorsal aorta decreased process quality blood vessel lumenization, abnormal",8
4863,ZP:0000007,phenotype,"blood vessel morphogenesis disrupted, abnormal",8
4864,ENSEMBL:ENSACAG00000002641,gene,ENSEMBL:ENSACAG00000002641,4
4865,MP:0004794,phenotype,increased anti-nuclear antigen antibody level,8
4866,WormBase:WBGene00002583,gene,let-363,4
4867,ENSEMBL:ENSBTAG00000038430,gene,LOC788801,4
4868,WBPhenotype:0001013,phenotype,pathogen susceptibility increased,8
4869,HP:0030039,phenotype,Fused thoracic vertebrae,8
4870,HP:0030301,phenotype,Abnormality of the anterior commissure,8
4871,MP:0005292,phenotype,improved glucose tolerance,8
4872,MP:0000776,phenotype,abnormal inferior colliculus morphology,8
4873,EFO:0004627,phenotype,IGF-1 measurement,8
4874,dictyBase:DDB_G0285563,gene,DDB0186571,4
4875,ENSEMBL:ENSSSCG00000016434,gene,RHEB,4
4876,HP:0020119,phenotype,Abnormal retinal nerve fiber layer morphology,8
4877,MP:0012099,phenotype,decreased spongiotrophoblast size,8
4878,ENSEMBL:ENSSSCG00000009904,gene,ENSEMBL:ENSSSCG00000009904,4
4879,ENSEMBL:ENSMMUG00000007497,gene,ENSEMBL:ENSMMUG00000007497,4
4880,ZP:0106023,phenotype,"neural crest cell pharyngeal arch disorganized, abnormal",8
4881,MGI:1928394,gene,Mtor,4
4882,ZP:0005260,phenotype,"olfactory placode morphology, abnormal",8
4883,ENSEMBL:ENSECAG00000017461,gene,ENSEMBL:ENSECAG00000017461,4
4884,ENSEMBL:ENSMODG00000013727,gene,ENSEMBL:ENSMODG00000013727,4
4885,ZP:0000540,phenotype,"subintestinal vein collapsed, abnormal",8
4886,FBcv:0000698,phenotype,embryonic/larval segmentation phenotype,8
4887,ENSEMBL:ENSOANG00000004175,gene,ENSEMBL:ENSOANG00000004175,4
4888,ENSEMBL:ENSCAFG00000018659,gene,ENSEMBL:ENSCAFG00000018659,4
4889,ZP:0007158,phenotype,"blood island has fewer parts of type hematopoietic stem cell, abnormal",8
4890,MP:0008459,phenotype,abnormal circulating pancreatic peptide level,8
4891,MP:0009293,phenotype,decreased inguinal fat pad weight,8
4892,ENSEMBL:ENSGALG00000003880,gene,ENSEMBL:ENSGALG00000003880,4
4893,HP:0003701,phenotype,Proximal muscle weakness,8
4894,HP:0004328,phenotype,Abnormal anterior eye segment morphology,8
4895,Q99460,gene product,26S proteasome non-ATPase regulatory subunit 1,5
4896,WBPhenotype:0002322,phenotype,forward point velocity increased,8
4897,dictyBase:DDB_G0271750,gene,nfaA,4
4898,MGI:1923551,gene,Trafd1,4
4899,ENSEMBL:ENSSSCG00000004813,gene,TTC23,4
4900,HP:0003128,phenotype,Lactic acidosis,8
4901,FlyBase:FBgn0004638,gene,drk,4
4902,WBPhenotype:0001875,phenotype,anaphase bridging,8
4903,SGD:S000001617,gene,OCT1,4
4904,ENSEMBL:ENSPTRG00000013566,gene,ENSEMBL:ENSPTRG00000013566,4
4905,ENSEMBL:ENSOANG00000009794,gene,ENSEMBL:ENSOANG00000009794,4
4906,dictyBase:DDB_G0282581,gene,DDB0204851,4
4907,ENSEMBL:ENSBTAG00000018969,gene,ENSEMBL:ENSBTAG00000018969,4
4908,MP:0004101,phenotype,abnormal brain interneuron morphology,8
4909,MP:0004800,phenotype,decreased susceptibility to experimental autoimmune encephalomyelitis,8
4910,ENSEMBL:ENSECAG00000031123,gene,ENSEMBL:ENSECAG00000031123,4
4911,Xenbase:XB-GENE-6067152,gene,egfr,4
4912,ZFIN:ZDB-GENE-070604-3,gene,itpr1a,4
4913,RGD:3493,gene,RT1-M2,4
4914,ENSEMBL:ENSBTAG00000010923,gene,ENSEMBL:ENSBTAG00000010923,4
4915,MP:0008924,phenotype,decreased cerebellar granule cell number,8
4916,dictyBase:DDB_G0279667,gene,H2AX,4
4917,SGD:S000001802,gene,RPL40B,4
4918,dictyBase:DDB_G0284889,gene,DDB0186240,4
4919,RGD:1565868,gene,Atxn2l,4
4920,HP:0008216,phenotype,Adrenal gland dysgenesis,8
4921,WBPhenotype:0000885,phenotype,engulfment variant,8
4922,dictyBase:DDB_G0286013,gene,repE,4
4923,RGD:619717,gene,Tuba1a,4
4924,ENSEMBL:ENSFCAG00000012177,gene,ENSEMBL:ENSFCAG00000012177,4
4925,ENSEMBL:ENSGALG00000010638,gene,ENSEMBL:ENSGALG00000010638,4
4926,MGI:1347064,gene,Med21,4
4927,MP:0030026,phenotype,small Meckel's cartilage,8
4928,RGD:1359154,gene,Wipi2,4
4929,MGI:95640,gene,Gapdh,4
4930,WBPhenotype:0000208,phenotype,long defecation cycle,8
4931,MP:0011270,phenotype,decreased excitatory postsynaptic current amplitude,8
4932,HP:0030515,phenotype,Moderately reduced visual acuity,8
4933,Coriell:GM04722,biological artifact,NIGMS-GM04722,0
4934,779,drug,danazol,3
4935,ZP:0003228,phenotype,"axon forebrain disorganized, abnormal",8
4936,Xenbase:XB-GENE-6455973,gene,ubl4a,4
4937,dictyBase:DDB_G0283337,gene,DDB_G0283337,4
4938,ENSEMBL:ENSGALG00000026421,gene,ENSEMBL:ENSGALG00000026421,4
4939,MP:0003159,phenotype,abnormal esophageal smooth muscle morphology,8
4940,MP:0003038,phenotype,decreased myocardial infarct size,8
4941,ZP:0010086,phenotype,"regulation of brain-derived neurotrophic factor receptor signaling pathway disrupted, abnormal",8
4942,ENSEMBL:ENSBTAG00000034529,gene,HMGA1,4
4943,ZFIN:ZDB-GENE-070424-4,gene,mhc1zca,4
4944,ENSEMBL:ENSGALG00000011562,gene,PARK2,4
4945,MP:0000531,phenotype,right pulmonary isomerism,8
4946,ENSEMBL:ENSCAFG00000013392,gene,ENSEMBL:ENSCAFG00000013392,4
4947,WormBase:WBGene00012536,gene,Y37A1A.3,4
4948,ZP:0006328,phenotype,"neural tube distended, abnormal",8
4949,WBPhenotype:0002213,phenotype,kinase activity reduced,8
4950,HGNC:6912,gene,MATR3,4
4951,Xenbase:XB-GENE-973592,gene,cops7b,4
4952,WBPhenotype:0000628,phenotype,spindle assembly defective early emb,8
4953,MGI:95589,gene,Ftl1,4
4954,PomBase:SPBC713.06,gene,adl1,4
4955,WBPhenotype:0000823,phenotype,germline proliferation variant,8
4956,MP:0009677,phenotype,abnormal spinal cord dorsal column morphology,8
4957,ENSEMBL:ENSRNOG00000030963,gene,ENSEMBL:ENSRNOG00000030963,4
4958,ZP:0018346,phenotype,"hindbrain decreased process quality mitotic cell cycle, abnormal",8
4959,ENSEMBL:ENSMMUG00000011511,gene,ENSEMBL:ENSMMUG00000011511,4
4960,MGI:1922855,gene,Kdm5b,4
4961,ZFIN:ZDB-GENE-040426-2190,gene,amfra,4
4962,NCBITaxon:9598,taxon,Pan troglodytes,9
4963,RGD:2406,gene,Bcar1,4
4964,MP:0000557,phenotype,absent hindlimb,8
4965,EnsemblGenome:BAA35297,gene,EnsemblGenome:BAA35297,4
4966,Xenbase:XB-GENE-963457,gene,pabpc1,4
4967,ENSEMBL:ENSFCAG00000004995,gene,ENSEMBL:ENSFCAG00000004995,4
4968,MP:0010053,phenotype,decreased grip strength,8
4969,ZP:0013173,phenotype,"visual behavior process quality, abnormal",8
4970,ENSEMBL:ENSMMUG00000051955,gene,ENSEMBL:ENSMMUG00000051955,4
4971,ZP:0018483,phenotype,"acetylcholine-gated channel complex myotome increased distribution, abnormal",8
4972,FlyBase:FBgn0028688,gene,Rpn7,4
4973,MP:0000571,phenotype,interdigital webbing,8
4974,ENSEMBL:ENSCAFG00000006813,gene,TRAF6,4
4975,ZP:0000724,phenotype,"atrium dilated, abnormal",8
4976,ENSEMBL:ENSFCAG00000024797,gene,ENSEMBL:ENSFCAG00000024797,4
4977,EFO:0004337,phenotype,intelligence,8
4978,ENSEMBL:ENSACAG00000004479,gene,ENSEMBL:ENSACAG00000004479,4
4979,ZP:0137803,phenotype,"primitive heart tube shape, abnormal",8
4980,MONARCH:APO_0000204APO_0000004,phenotype,hyperosmotic stress resistance:increased,8
4981,ENSEMBL:ENSBTAG00000020316,gene,ENSEMBL:ENSBTAG00000020316,4
4982,ZFIN:ZDB-GENE-000607-65,gene,evla,4
4983,WormBase:WBGene00018987,gene,lgl-1,4
4984,SGD:S000004593,gene,TUB3,4
4985,WBPhenotype:0000342,phenotype,bursa morphology variant,8
4986,HGNC:18420,gene,SETD2,4
4987,ENSEMBL:ENSOANG00000037190,gene,ENSEMBL:ENSOANG00000037190,4
4988,ZP:0021361,phenotype,"myelin sheath spinal cord decreased thickness, abnormal",8
4989,dictyBase:DDB_G0273249,gene,hspE-1,4
4990,ZP:0000043,phenotype,"eye decreased size, abnormal",8
4991,ZFIN:ZDB-GENE-130530-833,gene,dhx30,4
4992,ENSEMBL:ENSFCAG00000002824,gene,ENSEMBL:ENSFCAG00000002824,4
4993,MP:0008535,phenotype,enlarged lateral ventricles,8
4994,Coriell:GM04716,biological artifact,NIGMS-GM04716,0
4995,WBPhenotype:0000473,phenotype,progressive paralysis,8
4996,MGI:1351511,gene,Psmd7,4
4997,WBPhenotype:0000137,phenotype,mRNA levels reduced,8
4998,MGI:107812,gene,Tubb5,4
4999,ENSEMBL:ENSECAG00000016231,gene,ENSEMBL:ENSECAG00000016231,4
5000,ENSEMBL:ENSSSCG00000032517,gene,ENSEMBL:ENSSSCG00000032517,4
5001,PomBase:SPAC1002.05c,gene,jmj2,4
5002,Xenbase:XB-GENE-975013,gene,eef1g,4
5003,MP:0008392,phenotype,decreased primordial germ cell number,8
5004,ENSEMBL:ENSRNOG00000038610,gene,E9PTN6,4
5005,ZP:0004417,phenotype,"neuron brain decreased amount, abnormal",8
5006,ZP:0001124,phenotype,"cilium Kupffer's vesicle decreased length, abnormal",8
5007,ZP:0000575,phenotype,"notochord development disrupted, abnormal",8
5008,WBPhenotype:0000768,phenotype,cytoplasmic structure defective early emb,8
5009,SGD:S000002876,gene,TLG1,4
5010,MP:0010591,phenotype,enlarged aortic valve,8
5011,HP:0003234,phenotype,Decreased plasma carnitine,8
5012,MP:0001695,phenotype,abnormal gastrulation,8
5013,ZFIN:ZDB-GENE-040426-1921,gene,rangap1b,4
5014,ENSEMBL:ENSACAG00000009891,gene,ENSEMBL:ENSACAG00000009891,4
5015,WBPhenotype:0000010,phenotype,drug hypersensitive,8
5016,ENSEMBL:ENSMODG00000014043,gene,ENSEMBL:ENSMODG00000014043,4
5017,EnsemblGenome:BAE77340,gene,EnsemblGenome:BAE77340,4
5018,WBPhenotype:0001962,phenotype,missing distal tip cells,8
5019,ZP:0019048,phenotype,"photoreceptor outer segment photoreceptor cell disorganized, abnormal",8
5020,MONARCH:APO_0000277APO_0000004,phenotype,prion loss:increased,8
5021,WBPhenotype:0002394,phenotype,phagosome sealing defective,8
5022,ZP:0100124,phenotype,"apical side peridermal cell decreased amount, abnormal",8
5023,ENSEMBL:ENSFCAG00000030865,gene,ENSEMBL:ENSFCAG00000030865,4
5024,ENSEMBL:ENSMODG00000011795,gene,ENSEMBL:ENSMODG00000011795,4
5025,Coriell:GM04217,biological artifact,NIGMS-GM04217,0
5026,MP:0004811,phenotype,abnormal neuron physiology,8
5027,MP:0005289,phenotype,increased oxygen consumption,8
5028,ZP:0008110,phenotype,"brain morphogenesis decreased process quality, abnormal",8
5029,MGI:95590,gene,Ftl2-ps,4
5030,Xenbase:XB-GENE-945004,gene,pfn2,4
5031,MGI:1338071,gene,Ikbkb,4
5032,RGD:1624211,gene,RT1-T24-3,4
5033,ENSEMBL:ENSOANG00000009257,gene,ENSEMBL:ENSOANG00000009257,4
5034,ENSEMBL:ENSCAFG00000001211,gene,HMGA1,4
5035,FlyBase:FBgn0030514,gene,CG9941,4
5036,HP:0031653,phenotype,Abnormal heart valve physiology,8
5037,WormBase:WBGene00019760,gene,calu-1,4
5038,MP:0000443,phenotype,abnormal snout morphology,8
5039,ZP:0003197,phenotype,"locomotion disrupted, abnormal",8
5040,ZP:0000038,phenotype,"pericardium edematous, abnormal",8
5041,ENSEMBL:ENSBTAG00000048135,gene,ENSEMBL:ENSBTAG00000048135,4
5042,1567,drug,levodopa,3
5043,HP:0100775,phenotype,Dural ectasia,8
5044,MP:0014218,phenotype,increased intestinal mucosa thickness,8
5045,ENSEMBL:ENSOANG00000046259,gene,ENSEMBL:ENSOANG00000046259,4
5046,MP:0003176,phenotype,reversion by viral sequence excision,8
5047,ENSEMBL:ENSFCAG00000002940,gene,ENSEMBL:ENSFCAG00000002940,4
5048,WBPhenotype:0001957,phenotype,gonad small,8
5049,HP:0006989,phenotype,Dysplastic corpus callosum,8
5050,MP:0008866,phenotype,chromosomal instability,8
5051,HGNC:18416,gene,FICD,4
5052,ENSEMBL:ENSECAG00000003931,gene,ENSEMBL:ENSECAG00000003931,4
5053,HGNC:4932,gene,HLA-B,4
5054,WormBase:WBGene00009878,gene,F49C12.9,4
5055,WormBase:WBGene00006760,gene,unc-23,4
5056,ENSEMBL:ENSMODG00000010703,gene,ENSEMBL:ENSMODG00000010703,4
5057,ZP:0000545,phenotype,"granulocyte differentiation decreased occurrence, abnormal",8
5058,dictyBase:DDB_G0293770,gene,DDB_G0293770,4
5059,MGI:1345634,gene,Amfr,4
5060,WBPhenotype:0002301,phenotype,nose movement variant,8
5061,HP:0100024,phenotype,Conspicuously happy disposition,8
5062,Coriell:GM04285,biological artifact,NIGMS-GM04285,0
5063,ENSEMBL:ENSMODG00000025517,gene,ENSEMBL:ENSMODG00000025517,4
5064,WormBase:WBGene00006715,gene,ubc-20,4
5065,MP:0004793,phenotype,abnormal synaptic vesicle clustering,8
5066,FlyBase:FBgn0024814,gene,Clc,4
5067,MP:0005307,phenotype,head tossing,8
5068,ENSEMBL:ENSBTAG00000000919,gene,ENSEMBL:ENSBTAG00000000919,4
5069,EnsemblGenome:AT5G67380,gene,EnsemblGenome:AT5G67380,4
5070,987,drug,edetic acid,3
5071,MONARCH:APO_0000148APO_0000003,phenotype,cold sensitivity:decreased,8
5072,MP:0006036,phenotype,abnormal mitochondrial physiology,8
5073,WBPhenotype:0001923,phenotype,fewer seam cells,8
5074,MP:0000579,phenotype,abnormal nail morphology,8
5075,HP:0011034,phenotype,Amyloidosis,8
5076,ENSEMBL:ENSPTRG00000001048,gene,ENSEMBL:ENSPTRG00000001048,4
5077,ENSEMBL:ENSACAG00000015722,gene,ENSEMBL:ENSACAG00000015722,4
5078,ENSEMBL:ENSMODG00000002991,gene,ENSEMBL:ENSMODG00000002991,4
5079,WBPhenotype:0002295,phenotype,body posture wavelength decreased,8
5080,ENSEMBL:ENSBTAG00000008888,gene,ENSEMBL:ENSBTAG00000008888,4
5081,WormBase:WBGene00004463,gene,rpn-7,4
5082,ENSEMBL:ENSOANG00000044463,gene,ENSEMBL:ENSOANG00000044463,4
5083,ENSEMBL:ENSECAG00000002550,gene,ENSEMBL:ENSECAG00000002550,4
5084,ENSEMBL:ENSSSCG00000033332,gene,PSMA7,4
5085,APO:0000112,phenotype,inviable,8
5086,ENSEMBL:ENSMODG00000007437,gene,ENSEMBL:ENSMODG00000007437,4
5087,ENSEMBL:ENSBTAG00000040199,gene,ENSEMBL:ENSBTAG00000040199,4
5088,FBcv:0002020,phenotype,some die during P-stage,8
5089,ENSEMBL:ENSMMUG00000007456,gene,ENSEMBL:ENSMMUG00000007456,4
5090,ENSEMBL:ENSECAG00000016587,gene,ENSEMBL:ENSECAG00000016587,4
5091,MP:0008140,phenotype,podocyte foot process effacement,8
5092,HGNC:4913,gene,HIP1,4
5093,SGD:S000004438,gene,YLR446W,4
5094,SGD:S000005787,gene,RPN8,4
5095,WBPhenotype:0001383,phenotype,protein methylation variant,8
5096,EFO:0008409,phenotype,susceptibility to scarlet fever measurement,8
5097,WormBase:WBGene00012641,gene,epg-6,4
5098,MP:0000880,phenotype,decreased Purkinje cell number,8
5099,HGNC:30221,gene,UBAC1,4
5100,ENSEMBL:ENSMODG00000019147,gene,ENSEMBL:ENSMODG00000019147,4
5101,MP:0009413,phenotype,skeletal muscle fiber atrophy,8
5102,ENSEMBL:ENSOANG00000004781,gene,ENSEMBL:ENSOANG00000004781,4
5103,MP:0003871,phenotype,abnormal myelin sheath morphology,8
5104,WormBase:WBGene00013724,gene,Y106G6H.14,4
5105,HGNC:1974,gene,CHUK,4
5106,ENSEMBL:ENSBTAG00000005503,gene,PRMT2,4
5107,HP:0002385,phenotype,Paraparesis,8
5108,ENSEMBL:ENSGALG00000002818,gene,VAT1,4
5109,HGNC:3272,gene,EIF3I,4
5110,FBcv:0000379,phenotype,enhancer of variegation,8
5111,ClinVarVariant:31916,variant,NM_002111.8(HTT):c.52CAG[(36_39)],10
5112,HGNC:18246,gene,CRYL1,4
5113,ZP:0104395,phenotype,"caudal artery decreased distribution, abnormal",8
5114,FlyBase:FBgn0054039,gene,CG34039,4
5115,ZP:0009508,phenotype,"cerebellar granule cell decreased amount, abnormal",8
5116,ENSEMBL:ENSPTRG00000008846,gene,ENSEMBL:ENSPTRG00000008846,4
5117,Coriell:GM04199,biological artifact,NIGMS-GM04199,0
5118,HP:0012184,phenotype,Increased HDL cholesterol concentration,8
5119,WBPhenotype:0001585,phenotype,asymmetric cell division variant,8
5120,ENSEMBL:ENSBTAG00000016252,gene,ENSEMBL:ENSBTAG00000016252,4
5121,HP:0000498,phenotype,Blepharitis,8
5122,dictyBase:DDB_G0285063,gene,DDB_G0285063,4
5123,dictyBase:DDB_G0279745,gene,DDB_G0279745,4
5124,ENSEMBL:ENSGALG00000038951,gene,RASSF1,4
5125,ENSEMBL:ENSMMUG00000011741,gene,ENSEMBL:ENSMMUG00000011741,4
5126,ENSEMBL:ENSFCAG00000004533,gene,ENSEMBL:ENSFCAG00000004533,4
5127,HGNC:414,gene,ALDOA,4
5128,ENSEMBL:ENSECAG00000010051,gene,ENSEMBL:ENSECAG00000010051,4
5129,HGNC:17822,gene,PTGES2,4
5130,MGI:5286128,genotype,Tg(Prnp-HTT*82Q/KRT14-EGFP)C63Dbo [Not Specified],6
5131,MP:0000764,phenotype,abnormal tongue epithelium morphology,8
5132,ZFIN:ZDB-GENE-090312-175,gene,eif3bb,4
5133,ENSEMBL:ENSMODG00000014738,gene,ENSEMBL:ENSMODG00000014738,4
5134,MP:0005201,phenotype,abnormal retinal pigment epithelium morphology,8
5135,ENSEMBL:ENSMODG00000023202,gene,ENSEMBL:ENSMODG00000023202,4
5136,FlyBase:FBgn0036789,gene,AstC-R2,4
5137,WBPhenotype:0002396,phenotype,tumor prolapse frequency decreased,8
5138,ZP:0000654,phenotype,"retina decreased size, abnormal",8
5139,MP:0002989,phenotype,small kidney,8
5140,ENSEMBL:ENSACAG00000004772,gene,ENSEMBL:ENSACAG00000004772,4
5141,WormBase:WBGene00006529,gene,tba-2,4
5142,ENSEMBL:ENSMMUG00000009281,gene,ENSEMBL:ENSMMUG00000009281,4
5143,ZP:0009379,phenotype,"swimming decreased process quality, abnormal",8
5144,ENSEMBL:ENSMODG00000013274,gene,ENSEMBL:ENSMODG00000013274,4
5145,ZP:0137432,phenotype,"optic cup unfused from optic cup, abnormal",8
5146,ZP:0106052,phenotype,"myotome decreased occurrence neuromuscular junction development, abnormal",8
5147,ENSEMBL:ENSCAFG00000017677,gene,ENSEMBL:ENSCAFG00000017677,4
5148,WBPhenotype:0000273,phenotype,thrashing reduced,8
5149,WBPhenotype:0002011,phenotype,bivulva,8
5150,RGD:619838,gene,Pabpc1,4
5151,ENSEMBL:ENSGALG00000006876,gene,ENSEMBL:ENSGALG00000006876,4
5152,ENSEMBL:ENSGALG00000012585,gene,UBQLN1,4
5153,HP:0000053,phenotype,Macroorchidism,8
5154,HP:0007703,phenotype,Abnormality of retinal pigmentation,8
5155,ZP:0106016,phenotype,"myelinating Schwann cell peripheral nervous system decreased amount, abnormal",8
5156,ENSEMBL:ENSECAG00000014279,gene,ENSEMBL:ENSECAG00000014279,4
5157,ENSEMBL:ENSGALG00000029783,gene,A0A1D5P8L6,4
5158,WormBase:WBGene00000123,gene,ama-1,4
5159,ENSEMBL:ENSSSCG00000024109,gene,BDH1,4
5160,ZP:0002403,phenotype,"retina increased occurrence apoptotic process, abnormal",8
5161,ENSEMBL:ENSFCAG00000006328,gene,ENSEMBL:ENSFCAG00000006328,4
5162,WormBase:WBGene00011381,gene,npr-25,4
5163,ENSEMBL:ENSBTAG00000008333,gene,ENSEMBL:ENSBTAG00000008333,4
5164,ENSEMBL:ENSMODG00000001936,gene,ENSEMBL:ENSMODG00000001936,4
5165,RGD:1305005,gene,Lamtor5,4
5166,ENSEMBL:ENSFCAG00000009735,gene,ENSEMBL:ENSFCAG00000009735,4
5167,MONARCH:APO_0000334APO_0000004,phenotype,innate thermotolerance:increased,8
5168,EFO:0007040,phenotype,blood lead measurement,8
5169,dictyBase:DDB_G0272344,gene,htt,4
5170,WBPhenotype:0000977,phenotype,somatic gonad morphology variant,8
5171,HP:0100827,phenotype,Lymphocytosis,8
5172,HP:0012248,phenotype,Prolonged PR interval,8
5173,EFO:0006831,phenotype,acute insulin response measurement,8
5174,ENSEMBL:ENSPTRG00000007494,gene,ENSEMBL:ENSPTRG00000007494,4
5175,HP:0002919,phenotype,Ketonuria,8
5176,MONARCH:APO_0000089APO_0000002,phenotype,budding index:abnormal,8
5177,ENSEMBL:ENSMMUG00000002075,gene,ENSEMBL:ENSMMUG00000002075,4
5178,ENSEMBL:ENSCAFG00000042409,gene,A0A5F4DFB2,4
5179,FlyBase:FBgn0039373,gene,BcDNA:AT16150,4
5180,dbSNPIndividual:22138,genotype,46;XY.arr 3p25.2(12651912-12806123)x3;6(q13q16.175176185-98959605)x2 hmz;7p21.3(7313484-13335041)x2 hmz;15q11.1(20216942-22681064)x1;17q22q24.2(53819086-65020731)x2 hmz [GM04285],6
5181,ENSEMBL:ENSACAG00000000744,gene,ENSEMBL:ENSACAG00000000744,4
5182,WormBase:WBGene00006770,gene,unc-34,4
5183,MGI:1926421,gene,Tcerg1,4
5184,HP:0000733,phenotype,Stereotypy,8
5185,ENSEMBL:ENSOANG00000037837,gene,ENSEMBL:ENSOANG00000037837,4
5186,ENSEMBL:ENSFCAG00000044226,gene,ENSEMBL:ENSFCAG00000044226,4
5187,ENSEMBL:ENSBTAG00000012208,gene,BOLA,4
5188,ENSEMBL:ENSGALG00000003107,gene,ENSEMBL:ENSGALG00000003107,4
5189,HGNC:29943,gene,TENM2,4
5190,ENSEMBL:ENSCAFG00000005876,gene,TACC1,4
5191,ZP:0013258,phenotype,"circadian rhythm process quality, abnormal",8
5192,P10619,gene product,Lysosomal protective protein,5
5193,HP:0007141,phenotype,Sensorimotor neuropathy,8
5194,ZP:0001435,phenotype,"neural tube formation disrupted, abnormal",8
5195,MGI:5897176,genotype,Tg(CAG-Ppard*E411P)#Als; Tg(Nes-cre)1Kln [B6J.Cg-Tg(Nes-cre)1Kln Tg(CAG-Ppard*E411P)#Als],6
5196,RGD:3583,gene,Rnf4,4
5197,ZP:0001275,phenotype,"retina increased occurrence cell death, abnormal",8
5198,PomBase:SPCC126.02c,gene,pku70,4
5199,MP:0011107,phenotype,"embryonic lethality between somite formation and embryo turning, incomplete penetrance",8
5200,WormBase:WBGene00007529,gene,C11H1.3,4
5201,MP:0008503,phenotype,abnormal spinal cord grey matter morphology,8
5202,ZP:0002376,phenotype,"pharyngeal arch cartilage aplastic, abnormal",8
5203,WBPhenotype:0002462,phenotype,pathogen adherence increased,8
5204,ENSEMBL:ENSACAG00000007251,gene,ENSEMBL:ENSACAG00000007251,4
5205,MP:0012724,phenotype,absent head fold,8
5206,ZP:0020241,phenotype,"eye photoreceptor cell disrupted protein localization, abnormal",8
5207,MONARCH:APO_0000240APO_0000003,phenotype,mitophagy:decreased,8
5208,2525,drug,sulfasalazine,3
5209,MP:0009657,phenotype,failure of chorioallantoic fusion,8
5210,MGI:95474,gene,F8a,4
5211,Coriell:GM04737,biological artifact,NIGMS-GM04737,0
5212,ENSEMBL:ENSECAG00000011062,gene,ENSEMBL:ENSECAG00000011062,4
5213,PomBase:SPAC926.04c,gene,hsp90,4
5214,HP:0006892,phenotype,Frontotemporal cerebral atrophy,8
5215,ENSEMBL:ENSECAG00000006949,gene,ENSEMBL:ENSECAG00000006949,4
5216,ENSEMBL:ENSFCAG00000004553,gene,ENSEMBL:ENSFCAG00000004553,4
5217,ENSEMBL:ENSSSCG00025026657,gene,ENSEMBL:ENSSSCG00025026657,4
5218,ZP:0106014,phenotype,"peripheral nervous system decreased process quality myelination in peripheral nervous system, abnormal",8
5219,ENSEMBL:ENSSSCG00000033177,gene,CDC26,4
5220,ENSEMBL:ENSOANG00000009766,gene,ENSEMBL:ENSOANG00000009766,4
5221,ENSEMBL:ENSECAG00000037934,gene,ENSEMBL:ENSECAG00000037934,4
5222,WBPhenotype:0001700,phenotype,swimming variant,8
5223,ENSEMBL:ENSMMUG00000018806,gene,ENSEMBL:ENSMMUG00000018806,4
5224,MP:0006337,phenotype,abnormal first pharyngeal arch morphology,8
5225,MP:0009990,phenotype,abnormal cerebellum vermis lobule III morphology,8
5226,RGD:2324749,gene,LOC100363141,4
5227,HP:0000316,phenotype,Hypertelorism,8
5228,WormBase:WBGene00015310,gene,fan-1,4
5229,Xenbase:XB-GENE-1002725,gene,prpf40b,4
5230,MP:0004255,phenotype,abnormal spongiotrophoblast layer morphology,8
5231,ZP:0020597,phenotype,"hindbrain mislocalised, abnormal",8
5232,MP:0009938,phenotype,abnormal hippocampus granule cell morphology,8
5233,MP:0008492,phenotype,dorsal root ganglion degeneration,8
5234,ENSEMBL:ENSECAG00000019246,gene,ENSEMBL:ENSECAG00000019246,4
5235,1679,drug,memantine,3
5236,ENSEMBL:ENSFCAG00000014567,gene,ENSEMBL:ENSFCAG00000014567,4
5237,ENSEMBL:ENSGALG00000007762,gene,CREBBP,4
5238,ZP:0107021,phenotype,"vasculature neoplastic, abnormal",8
5239,ENSEMBL:ENSPTRG00000040819,gene,ENSEMBL:ENSPTRG00000040819,4
5240,WBPhenotype:0002072,phenotype,carbohydrate metabolism variant,8
5241,MP:0008169,phenotype,increased B-1b cell number,8
5242,MGI:3722277,genotype,Tg(YAC72)2511Hay [involves: FVB/N],6
5243,ENSEMBL:ENSMMUG00000018679,gene,ENSEMBL:ENSMMUG00000018679,4
5244,MP:0010900,phenotype,abnormal pulmonary interalveolar septum morphology,8
5245,MP:0010957,phenotype,abnormal aerobic respiration,8
5246,ZP:0000756,phenotype,"Z disc cardiac muscle cell shape, abnormal",8
5247,PomBase:SPBC14F5.03c,gene,kap123,4
5248,HP:0000099,phenotype,Glomerulonephritis,8
5249,ZP:0005767,phenotype,"proteasome-mediated ubiquitin-dependent protein catabolic process decreased rate, abnormal",8
5250,ENSEMBL:ENSCAFG00000023693,gene,ENSEMBL:ENSCAFG00000023693,4
5251,ENSEMBL:ENSMMUG00000012053,gene,ENSEMBL:ENSMMUG00000012053,4
5252,PomBase:SPBC17D11.07c,gene,rpn2,4
5253,HP:0001645,phenotype,Sudden cardiac death,8
5254,ENSEMBL:ENSPTRG00000043162,gene,ENSEMBL:ENSPTRG00000043162,4
5255,ZP:0003361,phenotype,"cell notochord circular, abnormal",8
5256,SGD:S000000814,gene,PRE1,4
5257,WormBase:WBGene00000138,gene,amx-2,4
5258,MONARCH:APO_0000075APO_0000002,phenotype,endocytosis:abnormal,8
5259,HP:0003296,phenotype,Hyperthreoninuria,8
5260,MP:0010393,phenotype,shortened QRS complex duration,8
5261,P49327,gene product,Fatty acid synthase,5
5262,ENSEMBL:ENSECAG00000037204,gene,ENSEMBL:ENSECAG00000037204,4
5263,MP:0000427,phenotype,abnormal hair cycle,8
5264,Xenbase:XB-GENE-6044422,gene,map1b,4
5265,MP:0002734,phenotype,abnormal mechanical nociception,8
5266,ENSEMBL:ENSPTRG00000008343,gene,ENSEMBL:ENSPTRG00000008343,4
5267,ENSEMBL:ENSCAFG00000008830,gene,ENSEMBL:ENSCAFG00000008830,4
5268,MP:0012516,phenotype,absent metencephalon,8
5269,MP:0002221,phenotype,abnormal lymph organ size,8
5270,WormBase:WBGene00017641,gene,csr-1,4
5271,MP:0004979,phenotype,abnormal neuronal precursor cell number,8
5272,ENSEMBL:ENSSSCG00000000502,gene,CNOT2,4
5273,WBPhenotype:0001497,phenotype,mitotic metaphase to anaphase transition defect,8
5274,P07900,gene product,Heat shock protein HSP 90-alpha,5
5275,ENSEMBL:ENSGALG00000005894,gene,USP8,4
5276,HP:0003138,phenotype,Increased blood urea nitrogen,8
5277,dictyBase:DDB_G0282381,gene,gefC,4
5278,HGNC:9282,gene,PPP1CB,4
5279,FlyBase:FBgn0037894,gene,Ipo9,4
5280,WormBase:WBGene00007000,gene,tufm-1,4
5281,MP:0001718,phenotype,abnormal visceral yolk sac morphology,8
5282,MP:0005240,phenotype,abnormal amacrine cell morphology,8
5283,ZP:0020371,phenotype,"heart tube increased distribution, abnormal",8
5284,MONARCH:APO_0000071APO_0000002,phenotype,cytokinesis:abnormal,8
5285,dictyBase:DDB_G0289511,gene,act28,4
5286,ENSEMBL:ENSGALG00000008931,gene,COMMD1,4
5287,MP:0006358,phenotype,absent pinna reflex,8
5288,HP:0000642,phenotype,Red-green dyschromatopsia,8
5289,ENSEMBL:ENSMMUG00000040263,gene,ENSEMBL:ENSMMUG00000040263,4
5290,MP:0001015,phenotype,small superior cervical ganglion,8
5291,MONARCH:APO_0000037APO_0000004,phenotype,pheromone sensitivity:increased,8
5292,ENSEMBL:ENSMODG00000006222,gene,ENSEMBL:ENSMODG00000006222,4
5293,MP:0006308,phenotype,enlarged seminiferous tubules,8
5294,ENSEMBL:ENSOANG00000010605,gene,ENSEMBL:ENSOANG00000010605,4
5295,WBPhenotype:0001109,phenotype,P0 spindle rotation delayed early emb,8
5296,HP:0012727,phenotype,Thoracic aortic aneurysm,8
5297,ZP:0008620,phenotype,"eye photoreceptor cell shape, abnormal",8
5298,ENSEMBL:ENSOANG00000009042,gene,ENSEMBL:ENSOANG00000009042,4
5299,ENSEMBL:ENSOANG00000007307,gene,ENSEMBL:ENSOANG00000007307,4
5300,WBPhenotype:0001910,phenotype,kinetochore organization variant,8
5301,ZP:0004284,phenotype,"cranial nerve II misrouted, abnormal",8
5302,ZP:0100117,phenotype,"paired fin decreased size, abnormal",8
5303,HP:0001679,phenotype,Abnormal aortic morphology,8
5304,HP:0002019,phenotype,Constipation,8
5305,WormBase:WBGene00009922,gene,F52B5.3,4
5306,RGD:1334002,gene,Olr230,4
5307,PomBase:SPAC110.04c,gene,pss1,4
5308,HGNC:2514,gene,CTNNB1,4
5309,HP:0004326,phenotype,Cachexia,8
5310,ENSEMBL:ENSSSCG00000036039,gene,RAB4A,4
5311,ENSEMBL:ENSSSCG00000012836,gene,AP2A2,4
5312,WBPhenotype:0002009,phenotype,proteasome core activity variant,8
5313,ZP:0011505,phenotype,"posterior margin midbrain increased width, abnormal",8
5314,MP:0011094,phenotype,"embryonic lethality before implantation, complete penetrance",8
5315,MP:0008770,phenotype,decreased survivor rate,8
5316,ENSEMBL:ENSCAFG00000004679,gene,ENSEMBL:ENSCAFG00000004679,4
5317,621,drug,chlorpromazine,3
5318,HP:0007010,phenotype,Poor fine motor coordination,8
5319,MP:0000428,phenotype,abnormal craniofacial morphology,8
5320,WormBase:WBGene00004033,gene,pkc-2,4
5321,2044,drug,paclitaxel,3
5322,ENSEMBL:ENSSSCG00000036310,gene,RFXANK,4
5323,ZP:0013911,phenotype,"Notch signaling pathway decreased intensity, abnormal",8
5324,ENSEMBL:ENSPTRG00000033948,gene,ENSEMBL:ENSPTRG00000033948,4
5325,SGD:S000001762,gene,DYN1,4
5326,HP:0011028,phenotype,Abnormality of blood circulation,8
5327,700,drug,clomifene,3
5328,ENSEMBL:ENSMMUG00000004696,gene,ENSEMBL:ENSMMUG00000004696,4
5329,P07437,gene product,Tubulin beta chain,5
5330,ZP:0010100,phenotype,"pharyngeal arch 1 disoriented, abnormal",8
5331,WormBase:WBGene00044281,gene,R04A9.7,4
5332,WormBase:WBGene00017298,gene,toca-1,4
5333,3533,drug,ruboxistaurin,3
5334,PomBase:SPCC16C4.02c,gene,SPCC16C4.02c,4
5335,Xenbase:XB-GENE-494969,gene,rasd2,4
5336,ENSEMBL:ENSMMUG00000015238,gene,ENSEMBL:ENSMMUG00000015238,4
5337,MGI:2446977,gene,Kif18a,4
5338,ENSEMBL:ENSECAG00000009071,gene,ENSEMBL:ENSECAG00000009071,4
5339,SGD:S000003184,gene,KIP3,4
5340,ENSEMBL:ENSSSCG00000007281,gene,ENSEMBL:ENSSSCG00000007281,4
5341,ZP:0002497,phenotype,"retina layer formation process quality, abnormal",8
5342,MGI:3704134,gene,Gm8909,4
5343,ENSEMBL:ENSPTRG00000006775,gene,ENSEMBL:ENSPTRG00000006775,4
5344,Coriell:GM03642,biological artifact,NIGMS-GM03642,0
5345,MP:0010287,phenotype,increased reproductive system tumor incidence,8
5346,WBPhenotype:0000603,phenotype,muscle system morphology variant,8
5347,MP:0004275,phenotype,abnormal postnatal subventricular zone morphology,8
5348,91,drug,adenosine triphosphate,3
5349,ENSEMBL:ENSPTRG00000017195,gene,ENSEMBL:ENSPTRG00000017195,4
5350,HGNC:5270,gene,DNAJB1,4
5351,HP:0002763,phenotype,Abnormal cartilage morphology,8
5352,NCBITaxon:9606,taxon,Homo sapiens,9
5353,ENSEMBL:ENSSSCG00000039834,gene,GRIN1,4
5354,MGI:108072,gene,Traf6,4
5355,MP:0001704,phenotype,abnormal dorsal-ventral axis patterning,8
5356,dictyBase:DDB_G0275077,gene,pks17,4
5357,WBPhenotype:0000004,phenotype,constitutive egg laying,8
5358,PomBase:SPAC343.07,gene,mug28,4
5359,MP:0000297,phenotype,abnormal atrioventricular cushion morphology,8
5360,ENSEMBL:ENSPTRG00000044428,gene,ENSEMBL:ENSPTRG00000044428,4
5361,HP:0012133,phenotype,Erythroid hypoplasia,8
5362,MP:0003310,phenotype,reduced cochlear modiolus,8
5363,ENSEMBL:ENSOANG00000003900,gene,ENSEMBL:ENSOANG00000003900,4
5364,MONARCH:APO_0000199APO_0000004,phenotype,chitin deposition:increased,8
5365,MP:0008217,phenotype,abnormal B cell activation,8
5366,ZP:0010099,phenotype,"pharyngeal arch 2 mislocalised ventrally, abnormal",8
5367,ENSEMBL:ENSFCAG00000010939,gene,ENSEMBL:ENSFCAG00000010939,4
5368,MP:0010951,phenotype,abnormal lipid oxidation,8
5369,dbSNP:rs117933444,variant,rs117933444-?,10
5370,MP:0001656,phenotype,focal hepatic necrosis,8
5371,WBPhenotype:0001355,phenotype,gonad morphology variant,8
5372,ENSEMBL:ENSMODG00000019128,gene,ENSEMBL:ENSMODG00000019128,4
5373,MP:0005458,phenotype,increased percent body fat/body weight,8
5374,HP:0007182,phenotype,Peripheral hypomyelination,8
5375,ENSEMBL:ENSCAFG00000009819,gene,CTSA,4
5376,RGD:621680,gene,Mipep,4
5377,ENSEMBL:ENSCAFG00000015785,gene,WDR45,4
5378,ENSEMBL:ENSBTAG00000016696,gene,ENSEMBL:ENSBTAG00000016696,4
5379,WBPhenotype:0002211,phenotype,phasmid neuron dye filling defect,8
5380,ENSEMBL:ENSGALG00000010470,gene,ENSEMBL:ENSGALG00000010470,4
5381,MONARCH:APO_0000106APO_0000245,phenotype,vegetative growth:decreased rate,8
5382,FlyBase:FBgn0031492,gene,Prp40,4
5383,WBPhenotype:0001330,phenotype,egg laying event infrequent,8
5384,ENSEMBL:ENSPTRG00000005705,gene,ENSEMBL:ENSPTRG00000005705,4
5385,WBPhenotype:0002504,phenotype,pathogen release reduced,8
5386,WBPhenotype:0002105,phenotype,late endosome localization variant,8
5387,ENSEMBL:ENSGALG00000006947,gene,ENSEMBL:ENSGALG00000006947,4
5388,ENSEMBL:ENSMMUG00000015824,gene,ENSEMBL:ENSMMUG00000015824,4
5389,HP:0002905,phenotype,Hyperphosphatemia,8
5390,MP:0002416,phenotype,abnormal proerythroblast morphology,8
5391,ENSEMBL:ENSSSCG00000035719,gene,HAUS2,4
5392,Coriell:GM03864,biological artifact,NIGMS-GM03864,0
5393,MP:0001382,phenotype,abnormal nursing,8
5394,MP:0000417,phenotype,short hair,8
5395,MP:0006055,phenotype,abnormal vascular endothelial cell morphology,8
5396,ENSEMBL:ENSGALG00000009111,gene,ENSEMBL:ENSGALG00000009111,4
5397,MP:0009254,phenotype,disorganized pancreatic islets,8
5398,MP:0001005,phenotype,abnormal retinal rod cell morphology,8
5399,WormBase:WBGene00001686,gene,gpd-4,4
5400,ENSEMBL:ENSSSCG00000007280,gene,ITCH,4
5401,ZP:0003732,phenotype,"axon motor neuron decreased length, abnormal",8
5402,FlyBase:FBgn0053100,gene,eIF4EHP,4
5403,MP:0008582,phenotype,short photoreceptor inner segment,8
5404,ENSEMBL:ENSMODG00000021359,gene,ENSEMBL:ENSMODG00000021359,4
5405,FlyBase:FBgn0028381,gene,Decay,4
5406,MP:0004852,phenotype,decreased testis weight,8
5407,WormBase:WBGene00007009,gene,wwp-1,4
5408,PomBase:SPAC1F3.03,gene,sro7,4
5409,ENSEMBL:ENSECAG00000010479,gene,ENSEMBL:ENSECAG00000010479,4
5410,MGI:104871,gene,Ppp1cb,4
5411,MP:0001135,phenotype,abnormal uterine cervix morphology,8
5412,MGI:1345184,gene,Tenm2,4
5413,MGI:103016,gene,Ppp1ca,4
5414,MONARCH:APO_0000044APO_0000003,phenotype,sporulation efficiency:decreased,8
5415,HP:0002123,phenotype,Generalized myoclonic seizure,8
5416,MP:0002953,phenotype,thick ventricular wall,8
5417,ZP:0101898,phenotype,"facial nerve motor nucleus has extra parts of type neuron projection motor neuron, abnormal",8
5418,ZP:0003210,phenotype,"whole organism decreased mobility, abnormal",8
5419,HP:0012799,phenotype,Unilateral facial palsy,8
5420,ENSEMBL:ENSCAFG00000010627,gene,RASSF1,4
5421,MP:0009142,phenotype,decreased prepulse inhibition,8
5422,ZFIN:ZDB-GENE-040121-1,gene,mapk3,4
5423,dictyBase:DDB_G0292398,gene,DDB0184358,4
5424,ENSEMBL:ENSOANG00000013859,gene,ENSEMBL:ENSOANG00000013859,4
5425,MP:0000857,phenotype,abnormal cerebellar foliation,8
5426,ENSEMBL:ENSCAFG00000004767,gene,ENSEMBL:ENSCAFG00000004767,4
5427,MP:0010979,phenotype,small ureteric bud,8
5428,MP:0001183,phenotype,overexpanded pulmonary alveoli,8
5429,ENSEMBL:ENSACAG00000007660,gene,ENSEMBL:ENSACAG00000007660,4
5430,HP:0030732,phenotype,Dysplastic tricuspid valve,8
5431,MP:0011673,phenotype,unbalanced complete common atrioventricular canal,8
5432,WBPhenotype:0002378,phenotype,pathogen avoidance variant,8
5433,ENSEMBL:ENSACAG00000008253,gene,ENSEMBL:ENSACAG00000008253,4
5434,MP:0001417,phenotype,decreased exploration in new environment,8
5435,ENSEMBL:ENSECAG00000002649,gene,ENSEMBL:ENSECAG00000002649,4
5436,WBPhenotype:0001949,phenotype,diakinesis region organization variant,8
5437,RGD:1585874,gene,Mbd4,4
5438,SGD:S000002409,gene,YRB1,4
5439,ENSEMBL:ENSCAFG00000016687,gene,CTBP1,4
5440,dictyBase:DDB_G0269238,gene,rab11A,4
5441,ENSEMBL:ENSECAG00000015965,gene,ENSEMBL:ENSECAG00000015965,4
5442,ENSEMBL:ENSSSCG00000017260,gene,WIPI1,4
5443,HP:0007230,phenotype,Decreased distal sensory nerve action potential,8
5444,EnsemblGenome:AT1G11080,gene,EnsemblGenome:AT1G11080,4
5445,MONARCH:APO_0000079APO_0000002,phenotype,vacuolar transport:abnormal,8
5446,HP:0004481,phenotype,Progressive macrocephaly,8
5447,ENSEMBL:ENSMMUG00000002247,gene,ENSEMBL:ENSMMUG00000002247,4
5448,ENSEMBL:ENSMODG00000017540,gene,ENSEMBL:ENSMODG00000017540,4
5449,MONARCH:APO_0000225APO_0000004,phenotype,mitotic recombination:increased,8
5450,MONARCH:APO_0000089APO_0000003,phenotype,budding index:decreased,8
5451,MP:0003631,phenotype,nervous system phenotype,8
5452,ZP:0007182,phenotype,"nucleate erythrocyte accumulation heart, abnormal",8
5453,MP:0008232,phenotype,abnormal cingulum morphology,8
5454,ENSEMBL:ENSOANG00000005110,gene,ENSEMBL:ENSOANG00000005110,4
5455,ENSEMBL:ENSFCAG00000009909,gene,ENSEMBL:ENSFCAG00000009909,4
5456,ENSEMBL:ENSPTRG00000052483,gene,ENSEMBL:ENSPTRG00000052483,4
5457,ENSEMBL:ENSSSCG00000035428,gene,A0A287A0E5,4
5458,Xenbase:XB-GENE-966387,gene,ift20,4
5459,MP:0004103,phenotype,abnormal ventral striatum morphology,8
5460,ZFIN:ZDB-GENE-021030-4,gene,cad,4
5461,ENSEMBL:ENSECAG00000005631,gene,ENSEMBL:ENSECAG00000005631,4
5462,ENSEMBL:ENSBTAG00000044181,gene,ENSEMBL:ENSBTAG00000044181,4
5463,ENSEMBL:ENSSSCG00000013633,gene,CARM1,4
5464,WBPhenotype:0000999,phenotype,athermotactic,8
5465,dictyBase:DDB_G0283543,gene,DDB0185552,4
5466,MP:0011636,phenotype,disorganized mitochondrial cristae,8
5467,ENSEMBL:ENSBTAG00000030416,gene,A0A3Q1MA30,4
5468,ENSEMBL:ENSMODG00000013104,gene,ENSEMBL:ENSMODG00000013104,4
5469,SGD:S000004635,gene,HOF1,4
5470,ZP:0018600,phenotype,"rhombomere 4 morphogenesis process quality, abnormal",8
5471,ENSEMBL:ENSBTAG00000053386,gene,RAB43,4
5472,MGI:1277186,gene,Atg5,4
5473,MONARCH:APO_0000029APO_0000003,phenotype,pseudohyphal growth:decreased,8
5474,HP:0000164,phenotype,Abnormality of the dentition,8
5475,ENSEMBL:ENSACAG00000026695,gene,ENSEMBL:ENSACAG00000026695,4
5476,ZFIN:ZDB-GENE-061218-2,gene,atxn1b,4
5477,ZP:0001204,phenotype,"sensory perception of touch disrupted, abnormal",8
5478,ENSEMBL:ENSRNOG00000028592,gene,RGD1562451,4
5479,FBcv:0000416,phenotype,uncoordinated,8
5480,RGD:1309918,gene,Rnaset2,4
5481,HP:0011153,phenotype,Focal motor seizure,8
5482,HP:0003355,phenotype,Aminoaciduria,8
5483,MP:0005280,phenotype,abnormal fatty acids level,8
5484,RGD:631353,gene,Sharpin,4
5485,MP:0001360,phenotype,abnormal social investigation,8
5486,WBPhenotype:0000012,phenotype,dauer constitutive,8
5487,ENSEMBL:ENSOANG00000045309,gene,ENSEMBL:ENSOANG00000045309,4
5488,ZP:0008028,phenotype,"atrium lacks parts or has fewer parts of type Z disc cardiac muscle cell, abnormal",8
5489,MP:0003413,phenotype,hair follicle degeneration,8
5490,HP:0006970,phenotype,Periventricular leukomalacia,8
5491,Xenbase:XB-GENE-995481,gene,kif9,4
5492,ENSEMBL:ENSECAG00000031899,gene,ENSEMBL:ENSECAG00000031899,4
5493,ENSEMBL:ENSECAG00000019062,gene,ENSEMBL:ENSECAG00000019062,4
5494,ZFIN:ZDB-GENE-140820-1,gene,mhc1uma,4
5495,dictyBase:DDB_G0270910,gene,DDB_G0270910,4
5496,WormBase:WBGene00001005,gene,dlc-1,4
5497,ENSEMBL:ENSSSCG00000017212,gene,ENSEMBL:ENSSSCG00000017212,4
5498,HP:0004209,phenotype,Clinodactyly of the 5th finger,8
5499,MP:0009414,phenotype,skeletal muscle fiber necrosis,8
5500,HP:0002151,phenotype,Increased serum lactate,8
5501,ENSEMBL:ENSCAFG00000008255,gene,A0A5F4C0Q5,4
5502,MP:0004560,phenotype,abnormal chorionic plate morphology,8
5503,dbSNP:rs8031584,variant,rs8031584-?,10
5504,MGI:1919094,gene,Nupl1,4
5505,HP:0000752,phenotype,Hyperactivity,8
5506,FlyBase:FBgn0037408,gene,NPFR,4
5507,Xenbase:XB-GENE-1217661,gene,morc3,4
5508,ENSEMBL:ENSCAFG00000002607,gene,ENSEMBL:ENSCAFG00000002607,4
5509,FlyBase:FBgn0026175,gene,SkpC,4
5510,ENSEMBL:ENSACAG00000003733,gene,ENSEMBL:ENSACAG00000003733,4
5511,ENSEMBL:ENSDARG00000115781,gene,CR339041.3,4
5512,HP:0002191,phenotype,Progressive spasticity,8
5513,dictyBase:DDB_G0292318,gene,rsmD,4
5514,HGNC:3208,gene,EEF1B2,4
5515,ZP:0011825,phenotype,"cell EVL morphology, abnormal",8
5516,SGD:S000003826,gene,ARP3,4
5517,ZP:0004377,phenotype,"muscle fiber development disrupted, abnormal",8
5518,HP:0000044,phenotype,Hypogonadotropic hypogonadism,8
5519,ENSEMBL:ENSACAG00000009064,gene,ENSEMBL:ENSACAG00000009064,4
5520,WBPhenotype:0001354,phenotype,actin cytoskeleton filament morphology phenotype,8
5521,HP:0025401,phenotype,Staring gaze,8
5522,WBPhenotype:0001745,phenotype,adherens junction variant,8
5523,MP:0008647,phenotype,increased circulating interleukin-12b level,8
5524,HP:0011122,phenotype,Abnormality of skin physiology,8
5525,MP:0000696,phenotype,abnormal Peyer's patch morphology,8
5526,Xenbase:XB-GENE-1005572,gene,psmd13,4
5527,P29401,gene product,Transketolase,5
5528,HP:0000093,phenotype,Proteinuria,8
5529,ZFIN:ZDB-GENE-030131-6420,gene,xrcc6,4
5530,dictyBase:DDB_G0281833,gene,DDB0204236,4
5531,ZP:0019148,phenotype,"Golgi stack eye photoreceptor cell distended, abnormal",8
5532,MP:0000781,phenotype,decreased corpus callosum size,8
5533,ZFIN:ZDB-GENE-060825-152,gene,mhc1uka,4
5534,RGD:1564259,gene,Adgb,4
5535,ENSEMBL:ENSGALG00000004222,gene,HK1,4
5536,HP:0040218,phenotype,Reduced natural killer cell count,8
5537,dictyBase:DDB_G0295845,gene,DDB_G0295845,4
5538,FlyBase:CG42724,gene,FlyBase:CG42724,4
5539,dbSNP:rs4720024,variant,rs4720024-?,10
5540,SGD:S000003399,gene,CLC1,4
5541,MP:0009778,phenotype,impaired behavioral response to anesthetic,8
5542,PomBase:SPAC6G10.11c,gene,ubi3,4
5543,HP:0001357,phenotype,Plagiocephaly,8
5544,ENSEMBL:ENSOANG00000005845,gene,ENSEMBL:ENSOANG00000005845,4
5545,RGD:621876,gene,Syt12,4
5546,MP:0012136,phenotype,absent forebrain,8
5547,WBPhenotype:0002596,phenotype,sleep deprivation-induced brood size reduction suppressed,8
5548,MP:0003312,phenotype,abnormal locomotor coordination,8
5549,SGD:S000005441,gene,IRA2,4
5550,ZFIN:ZDB-GENE-040426-1690,gene,rheb,4
5551,HP:0100679,phenotype,Lack of skin elasticity,8
5552,ENSEMBL:ENSGALG00000050119,gene,ENSEMBL:ENSGALG00000050119,4
5553,ZP:0014466,phenotype,"dopaminergic neuron retina decreased amount, abnormal",8
5554,dictyBase:DDB_G0286353,gene,erkA,4
5555,MP:0011368,phenotype,increased kidney apoptosis,8
5556,MP:0003360,phenotype,abnormal depression-related behavior,8
5557,WBPhenotype:0000425,phenotype,antibody staining reduced,8
5558,MGI:1345192,gene,Psmd13,4
5559,WormBase:WBGene00012741,gene,Y40H4A.2,4
5560,ZP:0011826,phenotype,"blastoderm separated from yolk, abnormal",8
5561,HP:0003344,phenotype,3-Methylglutaric aciduria,8
5562,ZP:0008027,phenotype,"atrium lacks parts or has fewer parts of type sarcomere cardiac muscle cell, abnormal",8
5563,HP:0001291,phenotype,Abnormal cranial nerve morphology,8
5564,ENSEMBL:ENSGALG00000000397,gene,IPO9,4
5565,HP:0002669,phenotype,Osteosarcoma,8
5566,ENSEMBL:ENSSSCG00000029944,gene,FASN,4
5567,dictyBase:DDB_G0267744,gene,DDB_G0267744,4
5568,GO:0030424,molecular function,axon,7
5569,ENSEMBL:ENSGALG00000007308,gene,ENSEMBL:ENSGALG00000007308,4
5570,ENSEMBL:ENSBTAG00000005119,gene,ENSEMBL:ENSBTAG00000005119,4
5571,HP:0005974,phenotype,Episodic ketoacidosis,8
5572,RGD:1306362,gene,Rab35,4
5573,ENSEMBL:ENSMODG00000006490,gene,ENSEMBL:ENSMODG00000006490,4
5574,ENSEMBL:ENSBTAG00000046765,gene,ENSEMBL:ENSBTAG00000046765,4
5575,WBPhenotype:0000239,phenotype,vulval cell lineage variant,8
5576,ZP:0017704,phenotype,"swimming increased frequency, abnormal",8
5577,Xenbase:XB-GENE-6067221,gene,pik3r1,4
5578,ENSEMBL:ENSMMUG00000020667,gene,ENSEMBL:ENSMMUG00000020667,4
5579,SGD:S000004890,gene,FCP1,4
5580,WormBase:WBGene00004813,gene,skr-7,4
5581,ZFIN:ZDB-GENE-100917-2,gene,plecb,4
5582,HP:0001888,phenotype,Lymphopenia,8
5583,ZFIN:ZDB-GENE-030131-8453,gene,lig3,4
5584,MONARCH:APO_0000257APO_0000002,phenotype,cell cycle progression through the G2/M phase transition:abnormal,8
5585,HGNC:5046,gene,HNRNPM,4
5586,dictyBase:DDB_G0285703,gene,hipA,4
5587,ENSEMBL:ENSMODG00000012845,gene,ENSEMBL:ENSMODG00000012845,4
5588,ENSEMBL:ENSGALG00000041203,gene,ENSEMBL:ENSGALG00000041203,4
5589,HP:0000651,phenotype,Diplopia,8
5590,HP:0000414,phenotype,Bulbous nose,8
5591,HGNC:31850,gene,F8A3,4
5592,ZP:0008378,phenotype,"cardiac ventricle mislocalised, abnormal",8
5593,HGNC:168,gene,ACTR1B,4
5594,ENSEMBL:ENSFCAG00000029809,gene,ENSEMBL:ENSFCAG00000029809,4
5595,ZP:0007163,phenotype,"intestine well differentiated, abnormal",8
5596,1980,drug,octreotide,3
5597,WBPhenotype:0000135,phenotype,gene expression level high,8
5598,MGI:1346859,gene,Mapk3,4
5599,MP:0000936,phenotype,small embryonic telencephalon,8
5600,WBPhenotype:0002296,phenotype,body posture wavelength increased,8
5601,HGNC:7373,gene,MSN,4
5602,ENSEMBL:ENSECAG00000013136,gene,ENSEMBL:ENSECAG00000013136,4
5603,ENSEMBL:ENSACAG00000013643,gene,ENSEMBL:ENSACAG00000013643,4
5604,HGNC:16064,gene,GGA2,4
5605,RGD:1565486,gene,Rbm25l1,4
5606,MP:0005286,phenotype,decreased saturated fatty acids level,8
5607,WBPhenotype:0001444,phenotype,aqueous adaptation defective,8
5608,WormBase:WBGene00020707,gene,wago-10,4
5609,FlyBase:FBgn0033631,gene,Sod3,4
5610,ZP:0000301,phenotype,"peripheral neuron decreased length, abnormal",8
5611,MP:0030302,phenotype,abnormal maxillary zygomatic process morphology,8
5612,ENSEMBL:ENSMODG00000008074,gene,ENSEMBL:ENSMODG00000008074,4
5613,ENSEMBL:ENSFCAG00000022134,gene,ENSEMBL:ENSFCAG00000022134,4
5614,ENSEMBL:ENSSSCG00000035914,gene,PSMB2,4
5615,WormBase:WBGene00004814,gene,skr-8,4
5616,ENSEMBL:ENSMODG00000023487,gene,ENSEMBL:ENSMODG00000023487,4
5617,HGNC:6769,gene,SMAD3,4
5618,ENSEMBL:ENSCAFG00000017647,gene,ENSEMBL:ENSCAFG00000017647,4
5619,ENSEMBL:ENSOANG00000038794,gene,ENSEMBL:ENSOANG00000038794,4
5620,ZP:0004374,phenotype,"sensory perception of touch process quality, abnormal",8
5621,MP:0008266,phenotype,absent hippocampus CA2 region,8
5622,ZP:0007692,phenotype,"trunk vasculature malformed, abnormal",8
5623,P49146,gene product,Neuropeptide Y receptor type 2,5
5624,PomBase:SPAC323.02c,gene,pup2,4
5625,ENSEMBL:ENSSSCG00000007700,gene,HIP1,4
5626,FlyBase:FBgn0031431,gene,CG3515,4
5627,ENSEMBL:ENSOANG00000004900,gene,ENSEMBL:ENSOANG00000004900,4
5628,RGD:1595790,gene,Zdhhc17,4
5629,WBPhenotype:0000979,phenotype,spermatheca dilation defective,8
5630,MP:0001107,phenotype,decreased Schwann cell number,8
5631,MGI:1917497,gene,Psmd1,4
5632,MGI:1270849,gene,Rps6kb1,4
5633,PomBase:SPAC1805.15c,gene,pub2,4
5634,MP:0012022,phenotype,increased melanocyte number,8
5635,ZFIN:ZDB-GENE-030131-4449,gene,etfa,4
5636,HGNC:26407,gene,LSM12,4
5637,ENSEMBL:ENSBTAG00000000737,gene,ENSEMBL:ENSBTAG00000000737,4
5638,ENSEMBL:ENSMODG00000008922,gene,ENSEMBL:ENSMODG00000008922,4
5639,WormBase:WBGene00003079,gene,lsm-5,4
5640,EFO:0007800,phenotype,body fat percentage,8
5641,ZP:0008621,phenotype,"retinal ganglion cell increased amount, abnormal",8
5642,1212,drug,fluphenazine,3
5643,HP:0001182,phenotype,Tapered finger,8
5644,WormBase:WBGene00000910,gene,daf-14,4
5645,Xenbase:XB-GENE-942203,gene,commd3,4
5646,ENSEMBL:ENSMMUG00000007309,gene,ENSEMBL:ENSMMUG00000007309,4
5647,WBPhenotype:0001208,phenotype,RNAi resistant,8
5648,HGNC:7104,gene,MIPEP,4
5649,ENSEMBL:ENSPTRG00000028721,gene,ENSEMBL:ENSPTRG00000028721,4
5650,ENSEMBL:ENSPTRG00000007297,gene,ENSEMBL:ENSPTRG00000007297,4
5651,ENSEMBL:ENSMMUG00000016844,gene,ENSEMBL:ENSMMUG00000016844,4
5652,ENSEMBL:ENSCAFG00000007259,gene,ENSEMBL:ENSCAFG00000007259,4
5653,MGI:5052307,genotype,Cnr1<tm1Map>/Cnr1<tm1Map>; Tg(HD82Gln)81Gschi [involves: 129S1/Sv * 129X1/SvJ * C3H * C57BL/6 * CD-1],6
5654,ZFIN:ZDB-GENE-050419-112,gene,map3k10,4
5655,MP:0010488,phenotype,abnormal left subclavian artery morphology,8
5656,ZP:0006866,phenotype,"mitotic cell cycle arrest increased duration, abnormal",8
5657,HP:0001541,phenotype,Ascites,8
5658,ENSEMBL:ENSECAG00000007301,gene,ENSEMBL:ENSECAG00000007301,4
5659,WormBase:WBGene00004820,gene,skr-14,4
5660,FBcv:0002007,phenotype,lethal - all die during larval stage,8
5661,MP:0005290,phenotype,decreased oxygen consumption,8
5662,HP:0010522,phenotype,Dyslexia,8
5663,MP:0006365,phenotype,absent guard hair,8
5664,WBPhenotype:0001005,phenotype,backward locomotion variant,8
5665,MP:0005317,phenotype,increased triglyceride level,8
5666,WormBase:WBGene00003826,gene,ntl-3,4
5667,FlyBase:FBgn0033987,gene,ckn,4
5668,MP:0003827,phenotype,abnormal Wolffian duct morphology,8
5669,MGI:1858202,gene,Rab11a,4
5670,WBPhenotype:0004025,phenotype,velocity of movement variant,8
5671,EnsemblGenome:AT1G33540,gene,EnsemblGenome:AT1G33540,4
5672,Xenbase:XB-GENE-943222,gene,etfa,4
5673,HP:0000602,phenotype,Ophthalmoplegia,8
5674,ENSEMBL:ENSCAFG00000011840,gene,SYT12,4
5675,ENSEMBL:ENSMODG00000008997,gene,ENSEMBL:ENSMODG00000008997,4
5676,WBPhenotype:0001805,phenotype,mitochondria vesiculated,8
5677,Xenbase:XB-GENE-992753,gene,ficd,4
5678,WBPhenotype:0002313,phenotype,turning frequency increased,8
5679,HP:0100879,phenotype,Enlarged ovaries,8
5680,MP:0008325,phenotype,abnormal gonadotroph morphology,8
5681,ENSEMBL:ENSCAFG00000012237,gene,PRMT2,4
5682,ENSEMBL:ENSMMUG00000023515,gene,ENSEMBL:ENSMMUG00000023515,4
5683,ENSEMBL:ENSMMUG00000037624,gene,ENSEMBL:ENSMMUG00000037624,4
5684,HP:0000368,phenotype,"Low-set, posteriorly rotated ears",8
5685,HP:0002715,phenotype,Abnormality of the immune system,8
5686,FBcv:0000449,phenotype,abnormal planar polarity,8
5687,MP:0013842,phenotype,ductus venosus stenosis,8
5688,ENSEMBL:ENSMMUG00000005229,gene,ENSEMBL:ENSMMUG00000005229,4
5689,WormBase:WBGene00004094,gene,ppw-2,4
5690,ENSEMBL:ENSCAFG00000004686,gene,A0A5F4DH63,4
5691,WBPhenotype:0001524,phenotype,quiescence variant,8
5692,ENSEMBL:ENSFCAG00000039013,gene,ENSEMBL:ENSFCAG00000039013,4
5693,MP:0008908,phenotype,increased total fat pad weight,8
5694,HP:0000879,phenotype,Short sternum,8
5695,HGNC:19426,gene,IPO4,4
5696,ZFIN:ZDB-GENE-040618-2,gene,psmb1,4
5697,Xenbase:XB-GENE-484168,gene,akt2,4
5698,WBPhenotype:0001495,phenotype,cell division precocious,8
5699,ENSEMBL:ENSOANG00000048499,gene,ENSEMBL:ENSOANG00000048499,4
5700,WBPhenotype:0000644,phenotype,paralyzed,8
5701,ENSEMBL:ENSFCAG00000005587,gene,ENSEMBL:ENSFCAG00000005587,4
5702,Xenbase:XB-GENE-1003088,gene,golph3l,4
5703,ENSEMBL:ENSCAFG00000004962,gene,J9P5S0,4
5704,ZP:0005779,phenotype,"extracellular space DEL decreased area, abnormal",8
5705,MP:0006282,phenotype,abnormal spinal cord dorsal horn morphology,8
5706,HP:0100018,phenotype,Nuclear cataract,8
5707,ENSEMBL:ENSPTRG00000006786,gene,ENSEMBL:ENSPTRG00000006786,4
5708,dictyBase:DDB_G0276913,gene,DDB0168332,4
5709,ENSEMBL:ENSECAG00000019837,gene,ENSEMBL:ENSECAG00000019837,4
5710,ZP:0017783,phenotype,"neoplasm whole organism increased occurrence, abnormal",8
5711,ZP:0002203,phenotype,"trunk decreased thickness, abnormal",8
5712,ZP:0012013,phenotype,"Z disc skeletal muscle cell morphology, abnormal",8
5713,Xenbase:XB-GENE-6084294,gene,wipi2,4
5714,ENSEMBL:ENSSSCG00000034386,gene,ENSEMBL:ENSSSCG00000034386,4
5715,MP:0002875,phenotype,decreased erythrocyte cell number,8
5716,MGI:1349722,gene,Pabpc1,4
5717,HP:0002797,phenotype,Osteolysis,8
5718,ENSEMBL:ENSSSCG00000028036,gene,MAP3K10,4
5719,MGI:95937,gene,H2-Q8,4
5720,ENSEMBL:ENSBTAG00000005146,gene,ENSEMBL:ENSBTAG00000005146,4
5721,ENSEMBL:ENSGALG00000043208,gene,ENSEMBL:ENSGALG00000043208,4
5722,ZFIN:ZDB-GENE-160113-121,gene,si:dkey-1k23.3,4
5723,ENSEMBL:ENSECAG00000000545,gene,ENSEMBL:ENSECAG00000000545,4
5724,MGI:5569535,genotype,Tg(CMV-HTT*48Q)BTag/Tg(CMV-HTT*48Q)BTag [involves: FVB/N],6
5725,WBPhenotype:0002256,phenotype,selenium response variant,8
5726,MP:0013762,phenotype,abnormal effector T cell number,8
5727,ENSEMBL:ENSCAFG00000016286,gene,DNAJB1,4
5728,MP:0004016,phenotype,decreased bone mass,8
5729,EnsemblGenome:BAE78321,gene,EnsemblGenome:BAE78321,4
5730,ENSEMBL:ENSPTRG00000010133,gene,ENSEMBL:ENSPTRG00000010133,4
5731,ENSEMBL:ENSMMUG00000005302,gene,ENSEMBL:ENSMMUG00000005302,4
5732,MP:0005590,phenotype,increased vasodilation,8
5733,ENSEMBL:ENSACAG00000001813,gene,ENSEMBL:ENSACAG00000001813,4
5734,Xenbase:XB-GENE-988694,gene,prpf40a,4
5735,HP:0002633,phenotype,Vasculitis,8
5736,MP:0008918,phenotype,microgliosis,8
5737,MGI:2444552,gene,Actbl2,4
5738,dictyBase:DDB_G0281569,gene,tor,4
5739,ENSEMBL:ENSMODG00000007791,gene,ENSEMBL:ENSMODG00000007791,4
5740,MP:0010700,phenotype,hair follicle comedo,8
5741,ENSEMBL:ENSFCAG00000005047,gene,ENSEMBL:ENSFCAG00000005047,4
5742,ENSEMBL:ENSMMUG00000012981,gene,ENSEMBL:ENSMMUG00000012981,4
5743,ENSEMBL:ENSACAG00000011359,gene,ENSEMBL:ENSACAG00000011359,4
5744,RGD:61848,gene,Psma5,4
5745,ENSEMBL:ENSSSCG00000013602,gene,HNRNPM,4
5746,Xenbase:XB-GENE-1005422,gene,psmd7,4
5747,ZP:0019050,phenotype,"proliferative region brain decreased amount, abnormal",8
5748,ZFIN:ZDB-GENE-131024-2,gene,itchb,4
5749,ENSEMBL:ENSFCAG00000004825,gene,ENSEMBL:ENSFCAG00000004825,4
5750,RGD:2511,gene,Dync1h1,4
5751,4189,drug,hydroxyprogesterone caproate,3
5752,ENSEMBL:ENSSSCG00000040859,gene,LLGL1,4
5753,ZP:0019448,phenotype,"testis decreased amount, abnormal",8
5754,Xenbase:XB-GENE-972376,gene,wdr45,4
5755,EnsemblGenome:AT2G22980,gene,EnsemblGenome:AT2G22980,4
5756,MP:0003988,phenotype,disorganized embryonic tissue,8
5757,MP:0011121,phenotype,decreased primordial ovarian follicle number,8
5758,dbSNP:rs76778080,variant,rs76778080-T,10
5759,Coriell:GM04231,biological artifact,NIGMS-GM04231,0
5760,MP:0000471,phenotype,abnormal stomach epithelium morphology,8
5761,WormBase:WBGene00016311,gene,efr-3,4
5762,WBPhenotype:0001885,phenotype,cleavage furrow initiation defective early emb,8
5763,ZP:0000403,phenotype,"gut hypoplastic, abnormal",8
5764,RGD:628699,gene,Hmga1,4
5765,ENSEMBL:ENSACAG00000002692,gene,ENSEMBL:ENSACAG00000002692,4
5766,ZP:0100010,phenotype,"anatomical system quality, abnormal",8
5767,EFO:0004840,phenotype,cortical thickness,8
5768,ZP:0000571,phenotype,"liver quality, abnormal",8
5769,MP:0001524,phenotype,impaired limb coordination,8
5770,MP:0011967,phenotype,increased or absent threshold for auditory brainstem response,8
5771,WBPhenotype:0001020,phenotype,embryonic lethal late emb,8
5772,ENSEMBL:ENSOANG00000002485,gene,ENSEMBL:ENSOANG00000002485,4
5773,ENSEMBL:ENSGALG00000054070,gene,LOC100859100,4
5774,WBPhenotype:0001817,phenotype,enhanced taste aversion defective,8
5775,HGNC:9828,gene,RAE1,4
5776,ENSEMBL:ENSPTRG00000039091,gene,ENSEMBL:ENSPTRG00000039091,4
5777,FBcv:0000427,phenotype,abnormal cell growth,8
5778,ENSEMBL:ENSBTAG00000017212,gene,ENSEMBL:ENSBTAG00000017212,4
5779,ENSEMBL:ENSOANG00000010366,gene,ENSEMBL:ENSOANG00000010366,4
5780,MP:0002584,phenotype,small ectoplacental cone,8
5781,MP:0004815,phenotype,abnormal somatic hypermutation frequency,8
5782,HP:0000763,phenotype,Sensory neuropathy,8
5783,MP:0003960,phenotype,increased lean body mass,8
5784,MGI:2442071,gene,Gprasp2,4
5785,ENSEMBL:ENSCAFG00000023407,gene,ENSEMBL:ENSCAFG00000023407,4
5786,ZFIN:ZDB-GENE-050320-48,gene,ube2ka,4
5787,ZP:0100127,phenotype,"actin-based cell projection peridermal cell decreased amount, abnormal",8
5788,EFO:0004527,phenotype,mean corpuscular hemoglobin,8
5789,RGD:1303331,gene,Pnkp,4
5790,HP:0002900,phenotype,Hypokalemia,8
5791,Xenbase:XB-GENE-969721,gene,c5ar1,4
5792,ENSEMBL:ENSFCAG00000006639,gene,ENSEMBL:ENSFCAG00000006639,4
5793,ZP:0000048,phenotype,"retina morphology, abnormal",8
5794,RGD:1310409,gene,Ttc23,4
5795,ZFIN:ZDB-GENE-040912-78,gene,tgm2a,4
5796,ENSEMBL:ENSPTRG00000018060,gene,ENSEMBL:ENSPTRG00000018060,4
5797,ENSEMBL:ENSPTRG00000000484,gene,ENSEMBL:ENSPTRG00000000484,4
5798,MONARCH:APO_0000334APO_0000003,phenotype,innate thermotolerance:decreased,8
5799,ZP:0138049,phenotype,"response to absence of light increased process quality, abnormal",8
5800,HP:0012332,phenotype,Abnormal autonomic nervous system physiology,8
5801,RGD:61797,gene,Prkn,4
5802,ENSEMBL:ENSFCAG00000003344,gene,ENSEMBL:ENSFCAG00000003344,4
5803,MP:0014142,phenotype,increased body fat mass,8
5804,ZP:0019207,phenotype,"central nervous system increased occurrence apoptotic process, abnormal",8
5805,MP:0001787,phenotype,pericardial edema,8
5806,MP:0030324,phenotype,abnormal anterior head development,8
5807,ENSEMBL:ENSBTAG00000004238,gene,TACC1,4
5808,WBPhenotype:0000672,phenotype,presynaptic vesicle cluster localization variant,8
5809,ZFIN:ZDB-GENE-990415-270,gene,tp53,4
5810,ENSEMBL:ENSRNOG00000028958,gene,A0A0G2K8S2,4
5811,ZP:0100918,phenotype,"midbrain hindbrain boundary neural plate decreased distribution, abnormal",8
5812,ZP:0011933,phenotype,"retina increased process quality apoptotic process, abnormal",8
5813,ENSEMBL:ENSMODG00000007836,gene,ENSEMBL:ENSMODG00000007836,4
5814,ZP:0008447,phenotype,"vesicle hair cell anterior macula increased diameter, abnormal",8
5815,ENSEMBL:ENSMMUG00000022221,gene,ENSEMBL:ENSMMUG00000022221,4
5816,MGI:1858258,gene,Eif3g,4
5817,HP:0100022,phenotype,Abnormality of movement,8
5818,ENSEMBL:ENSPTRG00000023148,gene,ENSEMBL:ENSPTRG00000023148,4
5819,ENSEMBL:ENSMODG00000010124,gene,ENSEMBL:ENSMODG00000010124,4
5820,ENSEMBL:ENSECAG00000012280,gene,ENSEMBL:ENSECAG00000012280,4
5821,Coriell:GM04852,biological artifact,NIGMS-GM04852,0
5822,ENSEMBL:ENSOANG00000014734,gene,ENSEMBL:ENSOANG00000014734,4
5823,MP:0010226,phenotype,increased quadriceps weight,8
5824,ENSEMBL:ENSSSCG00000001701,gene,HSP90AB1,4
5825,ENSEMBL:ENSCAFG00000008788,gene,MSH3,4
5826,ENSEMBL:ENSGALG00000038885,gene,FEZ1,4
5827,RGD:1594532,gene,Psmd14,4
5828,ENSEMBL:ENSMODG00000003815,gene,ENSEMBL:ENSMODG00000003815,4
5829,MP:0009828,phenotype,increased tumor latency,8
5830,HP:0001978,phenotype,Extramedullary hematopoiesis,8
5831,WBPhenotype:0000386,phenotype,genotoxic chemical induced apoptosis variant,8
5832,RGD:1561576,gene,Zfyve19,4
5833,MP:0005091,phenotype,increased double-positive T cell number,8
5834,ZP:0021305,phenotype,"glucose blood increased amount, abnormal",8
5835,WormBase:WBGene00004467,gene,rpn-11,4
5836,FBcv:0002004,phenotype,increased mortality,8
5837,HGNC:5237,gene,HSPA4,4
5838,NCBITaxon:9823,taxon,Sus scrofa,9
5839,SGD:S000005587,gene,CKA2,4
5840,PomBase:SPAC4D7.05,gene,sum1,4
5841,ENSEMBL:ENSACAG00000026327,gene,ENSEMBL:ENSACAG00000026327,4
5842,HP:0000776,phenotype,Congenital diaphragmatic hernia,8
5843,HGNC:20778,gene,TUBB,4
5844,SGD:S000000517,gene,GBP2,4
5845,MGI:3698754,biological artifact,Htt<tm2.1Pfs>/Htt<+> [involves: 129X1/SvJ * C57BL/6],0
5846,ENSEMBL:ENSMMUG00000018781,gene,ENSEMBL:ENSMMUG00000018781,4
5847,ENSEMBL:ENSGALG00000054686,gene,ENSEMBL:ENSGALG00000054686,4
5848,MP:0006270,phenotype,abnormal mammary gland growth during lactation,8
5849,MP:0001523,phenotype,impaired righting response,8
5850,ZP:0006333,phenotype,"photoreceptor cell differentiation disrupted, abnormal",8
5851,ENSEMBL:ENSCAFG00000030532,gene,OR10A5D,4
5852,HP:0012368,phenotype,Flat face,8
5853,ZP:0020458,phenotype,"ventral mandibular arch apoptotic, abnormal",8
5854,MP:0001093,phenotype,small trigeminal ganglion,8
5855,MP:0010898,phenotype,abnormal pulmonary alveolus epithelium morphology,8
5856,ENSEMBL:ENSSSCG00000033272,gene,DNAJB6,4
5857,ENSEMBL:ENSPTRG00000018307,gene,ENSEMBL:ENSPTRG00000018307,4
5858,WBPhenotype:0000412,phenotype,octanol chemotaxis defective,8
5859,ENSEMBL:ENSOANG00000032894,gene,ENSEMBL:ENSOANG00000032894,4
5860,WormBase:WBGene00018307,gene,dyla-1,4
5861,ENSEMBL:ENSFCAG00000015654,gene,ENSEMBL:ENSFCAG00000015654,4
5862,HP:0006958,phenotype,Abnormal auditory evoked potentials,8
5863,MP:0008803,phenotype,abnormal placental labyrinth vasculature morphology,8
5864,FlyBase:FBgn0032935,gene,Atg18b,4
5865,ENSEMBL:ENSFCAG00000031543,gene,ENSEMBL:ENSFCAG00000031543,4
5866,ENSEMBL:ENSPTRG00000002086,gene,ENSEMBL:ENSPTRG00000002086,4
5867,ENSEMBL:ENSACAG00000014413,gene,ENSEMBL:ENSACAG00000014413,4
5868,MP:0001825,phenotype,arrested T cell differentiation,8
5869,dictyBase:DDB_G0272831,gene,psmA7,4
5870,dictyBase:DDB_G0268578,gene,gefV,4
5871,MP:0002803,phenotype,abnormal operant conditioning behavior,8
5872,MP:0030021,phenotype,increased muscle cell glucose uptake,8
5873,WBPhenotype:0000737,phenotype,germ cell resistant ionizing radiation,8
5874,ZP:0018345,phenotype,"midbrain increased process quality cell death, abnormal",8
5875,HP:0001770,phenotype,Toe syndactyly,8
5876,ZP:0000311,phenotype,"apoptotic process increased occurrence, abnormal",8
5877,dbSNP:rs28406206,variant,rs28406206-?,10
5878,MGI:1891833,gene,Pfkp,4
5879,FBcv:0000450,phenotype,abnormal developmental rate,8
5880,ENSEMBL:ENSMMUG00000019529,gene,ENSEMBL:ENSMMUG00000019529,4
5881,MP:0004804,phenotype,decreased susceptibility to autoimmune diabetes,8
5882,ENSEMBL:ENSECAG00000000207,gene,ENSEMBL:ENSECAG00000000207,4
5883,ENSEMBL:ENSPTRG00000008911,gene,ENSEMBL:ENSPTRG00000008911,4
5884,MP:0012133,phenotype,absent midbrain-hindbrain boundary,8
5885,PomBase:SPBC56F2.03,gene,arp10,4
5886,RGD:6489991,gene,Hoxc11,4
5887,ENSEMBL:ENSCAFG00000014808,gene,ADD1,4
5888,RGD:68373,gene,Ruvbl1,4
5889,MP:0010234,phenotype,abnormal vibrissa follicle morphology,8
5890,ZP:0010452,phenotype,"myofibril skeletal muscle cell decreased amount, abnormal",8
5891,MP:0001181,phenotype,absent lungs,8
5892,ENSEMBL:ENSPTRG00000022262,gene,ENSEMBL:ENSPTRG00000022262,4
5893,MP:0013279,phenotype,increased fasting circulating glucose level,8
5894,EFO:0004533,phenotype,alkaline phosphatase measurement,8
5895,MP:0008907,phenotype,decreased total fat pad weight,8
5896,MGI:1333834,gene,Magea1,4
5897,MP:0009363,phenotype,abnormal secondary ovarian follicle morphology,8
5898,ENSEMBL:ENSMODG00000015317,gene,ENSEMBL:ENSMODG00000015317,4
5899,FBcv:0000438,phenotype,electrophoretic variant,8
5900,WBPhenotype:0000063,phenotype,terminal arrest variable,8
5901,MP:0009783,phenotype,abnormal melanoblast morphology,8
5902,ZP:0021479,phenotype,"endosome neural crest cell immature, abnormal",8
5903,MP:0010052,phenotype,increased grip strength,8
5904,MP:0000585,phenotype,kinked tail,8
5905,dictyBase:DDB_G0290407,gene,rabO,4
5906,MONARCH:APO_0000303APO_0000002,phenotype,endomembrane system morphology:abnormal,8
5907,MP:0004573,phenotype,absent limb buds,8
5908,MP:0004756,phenotype,abnormal proximal convoluted tubule morphology,8
5909,SGD:S000003478,gene,BRF1,4
5910,MP:0006219,phenotype,optic nerve degeneration,8
5911,WBPhenotype:0001940,phenotype,rachis morphology variant,8
5912,MGI:103575,gene,Skp1,4
5913,HGNC:4586,gene,GRIN2B,4
5914,ZP:0004077,phenotype,"mitotic cell cycle process quality, abnormal",8
5915,SGD:S000006021,gene,ATG21,4
5916,ZP:0001965,phenotype,"mandibular arch skeleton decreased size, abnormal",8
5917,ENSEMBL:ENSGALG00000005071,gene,ENSEMBL:ENSGALG00000005071,4
5918,ENSEMBL:ENSMODG00000004051,gene,ENSEMBL:ENSMODG00000004051,4
5919,ZP:0019051,phenotype,"ciliary marginal zone increased occurrence apoptotic process, abnormal",8
5920,HP:0002575,phenotype,Tracheoesophageal fistula,8
5921,P16278,gene product,Beta-galactosidase,5
5922,HGNC:6047,gene,IMMT,4
5923,PomBase:SPBP8B7.11,gene,nxt3,4
5924,WormBase:WBGene00021636,gene,pcaf-1,4
5925,ENSEMBL:ENSMODG00000010088,gene,ENSEMBL:ENSMODG00000010088,4
5926,ENSEMBL:ENSMMUG00000017277,gene,ENSEMBL:ENSMMUG00000017277,4
5927,FBcv:0000316,phenotype,homeotic,8
5928,HP:0008322,phenotype,Abnormal mitochondrial morphology,8
5929,MP:0002746,phenotype,abnormal semilunar valve morphology,8
5930,Xenbase:XB-GENE-5800934,gene,ube2e2,4
5931,ENSEMBL:ENSBTAG00000011789,gene,RESTB,4
5932,ZP:0005469,phenotype,"regulation of proton-transporting ATPase activity, rotational mechanism decreased process quality, abnormal",8
5933,ENSEMBL:ENSMMUG00000004802,gene,ENSEMBL:ENSMMUG00000004802,4
5934,MGI:95959,gene,H2-T3,4
5935,ENSEMBL:ENSCAFG00000018061,gene,ENSEMBL:ENSCAFG00000018061,4
5936,MP:0006043,phenotype,decreased apoptosis,8
5937,MGI:3698041,genotype,Htt<tm5Mem>/Htt<+> [involves: 129S1/Sv * 129X1/SvJ * CD-1],6
5938,WormBase:WBGene00006449,gene,alg-4,4
5939,2637,drug,thioridazine,3
5940,ZFIN:ZDB-GENE-030131-3246,gene,atxn2l,4
5941,HP:0012450,phenotype,Chronic constipation,8
5942,ENSEMBL:ENSBTAG00000013901,gene,ENSEMBL:ENSBTAG00000013901,4
5943,ENSEMBL:ENSGALG00000040098,gene,EEF1D,4
5944,FlyBase:FBgn0020388,gene,Gcn5,4
5945,ENSEMBL:ENSCAFG00000010649,gene,IPO9,4
5946,ZP:0011530,phenotype,"epiboly involved in gastrulation with mouth forming second process quality, abnormal",8
5947,WBPhenotype:0000565,phenotype,coiler,8
5948,MONDO:0007739,disease,Huntington disease,2
5949,ZP:0018347,phenotype,"cerebellum structure, abnormal",8
5950,ENSEMBL:ENSXETG00000009089,gene,etnppl,4
5951,MONARCH:APO_0000149APO_0000004,phenotype,protein/peptide accumulation:increased,8
5952,Xenbase:XB-GENE-983586,gene,matr3,4
5953,ENSEMBL:ENSOANG00000015679,gene,ENSEMBL:ENSOANG00000015679,4
5954,MP:0002086,phenotype,abnormal extraembryonic tissue morphology,8
5955,ZP:0005798,phenotype,"developmental growth decreased rate, abnormal",8
5956,HP:0001820,phenotype,Leukonychia,8
5957,ZFIN:ZDB-GENE-030131-3777,gene,tardbpb,4
5958,HP:0000552,phenotype,Tritanomaly,8
5959,ENSEMBL:ENSECAG00000003368,gene,ENSEMBL:ENSECAG00000003368,4
5960,ZFIN:ZDB-GENE-061207-27,gene,grin2bb,4
5961,ENSEMBL:ENSOANG00000001262,gene,ENSEMBL:ENSOANG00000001262,4
5962,ZP:0002774,phenotype,"head flattened, abnormal",8
5963,ENSEMBL:ENSFCAG00000013023,gene,ENSEMBL:ENSFCAG00000013023,4
5964,MONARCH:APO_0000032APO_0000004,phenotype,mating response:increased,8
5965,ENSEMBL:ENSOANG00000041977,gene,ENSEMBL:ENSOANG00000041977,4
5966,ENSEMBL:ENSBTAG00000000753,gene,ENSEMBL:ENSBTAG00000000753,4
5967,ENSEMBL:ENSFCAG00000014297,gene,ENSEMBL:ENSFCAG00000014297,4
5968,MP:0009122,phenotype,decreased white fat cell lipid droplet size,8
5969,WormBase:WBGene00010416,gene,hxk-2,4
5970,ZP:0008392,phenotype,"adherens junction retina increased size, abnormal",8
5971,dictyBase:DDB_G0284133,gene,dictyBase:DDB_G0284133,4
5972,MONARCH:APO_0000255APO_0000248,phenotype,cell cycle progression in G1 phase:increased duration,8
5973,Xenbase:XB-GENE-5814345,gene,rapgef2,4
5974,ZFIN:ZDB-GENE-040426-2149,gene,mhc1zba,4
5975,HGNC:938,gene,BAG2,4
5976,MGI:96904,gene,M6pr,4
5977,WBPhenotype:0000280,phenotype,breaks in alae,8
5978,ENSEMBL:ENSCAFG00000003886,gene,ENSEMBL:ENSCAFG00000003886,4
5979,Xenbase:XB-GENE-1001916,gene,ago2,4
5980,SGD:S000003947,gene,SSA2,4
5981,ZP:0017152,phenotype,"germ cell development process quality, abnormal",8
5982,MP:0006104,phenotype,abnormal tectum morphology,8
5983,WormBase:WBGene00011737,gene,sqst-1,4
5984,RGD:628631,gene,Mrfap1,4
5985,MGI:1913690,gene,Cdc26,4
5986,RGD:3529,gene,Rab4a,4
5987,ENSEMBL:ENSPTRG00000020442,gene,ENSEMBL:ENSPTRG00000020442,4
5988,HP:0001657,phenotype,Prolonged QT interval,8
5989,WBPhenotype:0001282,phenotype,mitochondrial metabolism variant,8
5990,WBPhenotype:0001044,phenotype,cortical dynamics defective early emb,8
5991,EnsemblGenome:AT1G59890,gene,EnsemblGenome:AT1G59890,4
5992,ENSEMBL:ENSGALG00000003475,gene,ENSEMBL:ENSGALG00000003475,4
5993,ENSEMBL:ENSCAFG00030005339,gene,ENSEMBL:ENSCAFG00030005339,4
5994,ZP:0000354,phenotype,"telencephalon aplastic, abnormal",8
5995,ZP:0010821,phenotype,"yolk syncytial layer edematous, abnormal",8
5996,MP:0003915,phenotype,increased left ventricle weight,8
5997,MP:0010086,phenotype,abnormal circulating fructosamine level,8
5998,ENSEMBL:ENSFCAG00000008616,gene,ENSEMBL:ENSFCAG00000008616,4
5999,MONARCH:APO_0000242APO_0000002,phenotype,lipid particle morphology:abnormal,8
6000,NCBIGene:110438919,gene,LOC110438919,4
6001,WBPhenotype:0002299,phenotype,coiling frequency decreased,8
6002,ZP:0000516,phenotype,"nucleate erythrocyte immature, abnormal",8
6003,ENSEMBL:ENSSSCG00000008692,gene,ADD1,4
6004,RGD:69353,gene,Ech1,4
6005,ENSEMBL:ENSFCAG00000012926,gene,ENSEMBL:ENSFCAG00000012926,4
6006,MP:0004769,phenotype,abnormal synaptic vesicle morphology,8
6007,ZP:0104639,phenotype,"myotome has extra parts of type skeletal muscle cell vesicle skeletal muscle cell, abnormal",8
6008,ZP:0012327,phenotype,"sleep process quality, abnormal",8
6009,ZP:0008442,phenotype,"cellular sodium ion homeostasis decreased process quality, abnormal",8
6010,ENSEMBL:ENSCAFG00000003081,gene,PABPC4,4
6011,ENSEMBL:ENSECAG00000024659,gene,ENSEMBL:ENSECAG00000024659,4
6012,ENSEMBL:ENSFCAG00000024278,gene,ENSEMBL:ENSFCAG00000024278,4
6013,HP:0012116,phenotype,Abnormal circulating albumin concentration,8
6014,MONARCH:APO_0000037APO_0000003,phenotype,pheromone sensitivity:decreased,8
6015,ENSEMBL:ENSBTAG00000039851,gene,ENSEMBL:ENSBTAG00000039851,4
6016,WBPhenotype:0002355,phenotype,increased susceptibility to bacterial pathogens,8
6017,ZP:0019799,phenotype,"posterior lateral plate mesoderm decreased amount, abnormal",8
6018,ENSEMBL:ENSMODG00000014285,gene,ENSEMBL:ENSMODG00000014285,4
6019,ENSEMBL:ENSACAG00000011070,gene,ENSEMBL:ENSACAG00000011070,4
6020,dictyBase:DDB_G0286125,gene,pkgC,4
6021,HP:0001310,phenotype,Dysmetria,8
6022,ENSEMBL:ENSMMUG00000020549,gene,ENSEMBL:ENSMMUG00000020549,4
6023,HP:0012281,phenotype,Chylous ascites,8
6024,WormBase:WBGene00004093,gene,ppw-1,4
6025,ENSEMBL:ENSACAG00000004618,gene,ENSEMBL:ENSACAG00000004618,4
6026,ENSEMBL:ENSACAG00000006646,gene,ENSEMBL:ENSACAG00000006646,4
6027,RGD:1584269,gene,Wdr82,4
6028,RGD:2679,gene,Gfap,4
6029,ENSEMBL:ENSMODG00000013418,gene,ENSEMBL:ENSMODG00000013418,4
6030,FlyBase:FBgn0265778,gene,PDZ-GEF,4
6031,ENSEMBL:ENSSSCG00000017067,gene,CNOT8,4
6032,ZP:0131196,phenotype,"cilium retina decreased amount, abnormal",8
6033,HGNC:8510,gene,OSTF1,4
6034,MP:0000607,phenotype,abnormal hepatocyte morphology,8
6035,ENSEMBL:ENSFCAG00000023548,gene,ENSEMBL:ENSFCAG00000023548,4
6036,HP:0004279,phenotype,Short palm,8
6037,ENSEMBL:ENSACAG00000016320,gene,ENSEMBL:ENSACAG00000016320,4
6038,ENSEMBL:ENSOANG00000041942,gene,ENSEMBL:ENSOANG00000041942,4
6039,ZP:0003267,phenotype,"muscle attachment process quality, abnormal",8
6040,dictyBase:DDB_G0286907,gene,ubqD,4
6041,ZP:0106393,phenotype,"ceratobranchial 2 cartilage decreased amount, abnormal",8
6042,ENSEMBL:ENSSSCG00000036758,gene,ENSEMBL:ENSSSCG00000036758,4
6043,MGI:5298849,genotype,Htt<tm1Hay>/Htt<tm1Hay>; Tg(YAC46)668Hay [involves: FVB/N],6
6044,MGI:1915445,gene,Rnaset2a,4
6045,WormBase:WBGene00007354,gene,C06A1.3,4
6046,MP:0002802,phenotype,abnormal discrimination learning,8
6047,ENSEMBL:ENSSSCG00000000509,gene,ZFC3H1,4
6048,MP:0005601,phenotype,increased angiogenesis,8
6049,SGD:S000003016,gene,RPT6,4
6050,ENSEMBL:ENSBTAG00000020175,gene,ENSEMBL:ENSBTAG00000020175,4
6051,dictyBase:DDB_G0279569,gene,DDB0205854,4
6052,MP:0002654,phenotype,spongiform encephalopathy,8
6053,ENSEMBL:ENSSSCG00000033178,gene,ENSEMBL:ENSSSCG00000033178,4
6054,5256,drug,copanlisib,3
6055,ENSEMBL:ENSOANG00000014676,gene,ENSEMBL:ENSOANG00000014676,4
6056,ENSEMBL:ENSMODG00000008151,gene,ENSEMBL:ENSMODG00000008151,4
6057,ENSEMBL:ENSCAFG00000020081,gene,ENSEMBL:ENSCAFG00000020081,4
6058,WBPhenotype:0000886,phenotype,worm phenotype,8
6059,FBcv:0000357,phenotype,abnormal size,8
6060,Xenbase:XB-GENE-493034,gene,ipo4,4
6061,HP:0011015,phenotype,Abnormal blood glucose concentration,8
6062,FlyBase:FBgn0035520,gene,CG11586,4
6063,ZP:0019989,phenotype,"microtubule cytoskeleton neural keel composition, abnormal",8
6064,726,drug,colchicine,3
6065,Coriell:GM04282,biological artifact,NIGMS-GM04282,0
6066,ENSEMBL:ENSSSCG00000012757,gene,ENSEMBL:ENSSSCG00000012757,4
6067,ZFIN:ZDB-GENE-050417-355,gene,creb1b,4
6068,ZP:0004231,phenotype,"cranial cartilage hypoplastic, abnormal",8
6069,MP:0004045,phenotype,abnormal cell cycle checkpoint function,8
6070,ENSEMBL:ENSPTRG00000009642,gene,ENSEMBL:ENSPTRG00000009642,4
6071,ENSEMBL:ENSACAG00000017406,gene,ENSEMBL:ENSACAG00000017406,4
6072,MP:0003439,phenotype,abnormal glycerol level,8
6073,MONARCH:APO_0000253APO_0000002,phenotype,cell cycle progression:abnormal,8
6074,ENSEMBL:ENSECAG00000013077,gene,ENSEMBL:ENSECAG00000013077,4
6075,ENSEMBL:ENSECAG00000009104,gene,ENSEMBL:ENSECAG00000009104,4
6076,HP:0004467,phenotype,Preauricular pit,8
6077,FBcv:0000444,phenotype,hyperplasia,8
6078,ENSEMBL:ENSPTRG00000005224,gene,ENSEMBL:ENSPTRG00000005224,4
6079,ENSEMBL:ENSRNOG00000005062,gene,F1M040,4
6080,MP:0009172,phenotype,small pancreatic islets,8
6081,ZP:0003839,phenotype,"neuroblast (sensu Vertebrata) brain increased amount, abnormal",8
6082,ENSEMBL:ENSBTAG00000048281,gene,ENSEMBL:ENSBTAG00000048281,4
6083,dictyBase:DDB_G0283939,gene,DDB0185762,4
6084,WormBase:WBGene00015264,gene,B0563.7,4
6085,SGD:S000004558,gene,UTP14,4
6086,HP:0000505,phenotype,Visual impairment,8
6087,MP:0001898,phenotype,abnormal long term depression,8
6088,ZP:0002516,phenotype,"pronephric glomerulus cystic, abnormal",8
6089,ZP:0010098,phenotype,"pharyngeal arch 2 disoriented, abnormal",8
6090,WormBase:WBGene00022152,gene,atg-5,4
6091,MGI:1918898,gene,Optn,4
6092,FBcv:0000349,phenotype,viable,8
6093,SGD:S000000137,gene,PRE7,4
6094,RGD:708404,gene,Rbck1,4
6095,WormBase:WBGene00004821,gene,skr-15,4
6096,MP:0003461,phenotype,abnormal response to novel object,8
6097,GO:0016234,molecular function,inclusion body,7
6098,ENSEMBL:ENSGALG00000040882,gene,ENSEMBL:ENSGALG00000040882,4
6099,ZP:0001576,phenotype,"primordial germ cell mislocalised, abnormal",8
6100,ENSEMBL:ENSOANG00000000423,gene,ENSEMBL:ENSOANG00000000423,4
6101,FlyBase:FBgn0020236,gene,ATPCL,4
6102,SGD:S000005187,gene,SLA2,4
6103,ENSEMBL:ENSACAG00000015203,gene,ENSEMBL:ENSACAG00000015203,4
6104,ENSEMBL:ENSCAFG00000046342,gene,ENSEMBL:ENSCAFG00000046342,4
6105,ENSEMBL:ENSBTAG00000048623,gene,ENSEMBL:ENSBTAG00000048623,4
6106,HP:0002212,phenotype,Curly hair,8
6107,RGD:1559904,gene,Virma,4
6108,ENSEMBL:ENSPTRG00000015377,gene,ENSEMBL:ENSPTRG00000015377,4
6109,WBPhenotype:0001408,phenotype,pattern protein expression variant,8
6110,ENSEMBL:ENSACAG00000004779,gene,ENSEMBL:ENSACAG00000004779,4
6111,MGI:88276,gene,Ctnnb1,4
6112,HP:0001952,phenotype,Glucose intolerance,8
6113,ENSEMBL:ENSCAFG00000041717,gene,A0A5F4CGT2,4
6114,HP:0000426,phenotype,Prominent nasal bridge,8
6115,Coriell:GM00305,biological artifact,NIGMS-GM00305,0
6116,MP:0002998,phenotype,abnormal bone remodeling,8
6117,EFO:0004713,phenotype,FEV/FEC ratio,8
6118,HGNC:28719,gene,HAUS3,4
6119,2536,drug,suloctidil,3
6120,ENSEMBL:ENSACAG00000008638,gene,ENSEMBL:ENSACAG00000008638,4
6121,ZP:0000390,phenotype,"vasculature development disrupted, abnormal",8
6122,MP:0004768,phenotype,abnormal axonal transport,8
6123,EFO:0007988,phenotype,myeloid white cell count,8
6124,ENSEMBL:ENSSSCG00000023296,gene,CENPE,4
6125,WBPhenotype:0000934,phenotype,developmental morphology variant,8
6126,HP:0008064,phenotype,Ichthyosis,8
6127,ENSEMBL:ENSECAG00000021835,gene,ENSEMBL:ENSECAG00000021835,4
6128,ZFIN:ZDB-GENE-031118-188,gene,rab11al,4
6129,FlyBase:FBgn0042177,gene,Arts,4
6130,ZP:0000110,phenotype,"notochord aplastic, abnormal",8
6131,1729,drug,acetylmethadol,3
6132,HP:0012649,phenotype,Increased inflammatory response,8
6133,HP:0000737,phenotype,Irritability,8
6134,WBPhenotype:0001162,phenotype,pronuclear number defective early emb,8
6135,ENSEMBL:ENSOANG00000040026,gene,ENSEMBL:ENSOANG00000040026,4
6136,ENSEMBL:ENSFCAG00000031292,gene,ENSEMBL:ENSFCAG00000031292,4
6137,MGI:2445092,gene,Utp14b,4
6138,ENSEMBL:ENSECAG00000022080,gene,ENSEMBL:ENSECAG00000022080,4
6139,ZFIN:ZDB-GENE-060217-1,gene,lgi1b,4
6140,EFO:0007906,phenotype,synophrys measurement,8
6141,ENSEMBL:ENSCAFG00000000567,gene,PABPC1,4
6142,MP:0004528,phenotype,fused outer hair cell stereocilia,8
6143,ZP:0004604,phenotype,"eye hypoplastic, abnormal",8
6144,HP:0011968,phenotype,Feeding difficulties,8
6145,ENSEMBL:ENSACAG00000013325,gene,ENSEMBL:ENSACAG00000013325,4
6146,Coriell:GM01061,biological artifact,NIGMS-GM01061,0
6147,ENSEMBL:ENSSSCG00000017670,gene,ENSEMBL:ENSSSCG00000017670,4
6148,MP:0003990,phenotype,decreased neurotransmitter release,8
6149,HGNC:170,gene,ACTR3,4
6150,dictyBase:DDB_G0277917,gene,mlcD,4
6151,Xenbase:XB-GENE-478689,gene,bag6,4
6152,MGI:1928386,gene,Rassf1,4
6153,HGNC:25530,gene,HAUS2,4
6154,ENSEMBL:ENSMODG00000009461,gene,ENSEMBL:ENSMODG00000009461,4
6155,MP:0002442,phenotype,abnormal leukocyte physiology,8
6156,MP:0006378,phenotype,abnormal spermatogonia morphology,8
6157,WBPhenotype:0001685,phenotype,postsynaptic region morphology variant,8
6158,HP:0001993,phenotype,Ketoacidosis,8
6159,ENSEMBL:ENSPTRG00000020701,gene,ENSEMBL:ENSPTRG00000020701,4
6160,HP:0000430,phenotype,Underdeveloped nasal alae,8
6161,WBPhenotype:0000463,phenotype,metabolic pathway variant,8
6162,HP:0000632,phenotype,Lacrimation abnormality,8
6163,ENSEMBL:ENSOANG00000049910,gene,ENSEMBL:ENSOANG00000049910,4
6164,ZFIN:ZDB-GENE-090206-1,gene,prkcg,4
6165,ENSEMBL:ENSPTRG00000022389,gene,ENSEMBL:ENSPTRG00000022389,4
6166,ENSEMBL:ENSMMUG00000041076,gene,ENSEMBL:ENSMMUG00000041076,4
6167,ENSEMBL:ENSMMUG00000007842,gene,ENSEMBL:ENSMMUG00000007842,4
6168,ENSEMBL:ENSACAG00000012615,gene,ENSEMBL:ENSACAG00000012615,4
6169,HP:0003551,phenotype,Difficulty climbing stairs,8
6170,HP:0002650,phenotype,Scoliosis,8
6171,HP:0010850,phenotype,EEG with spike-wave complexes,8
6172,HP:0000107,phenotype,Renal cyst,8
6173,ZP:0001434,phenotype,"post-vent region deformed, abnormal",8
6174,NCBITaxon:9913,taxon,Bos taurus,9
6175,ENSEMBL:ENSFCAG00000008220,gene,ENSEMBL:ENSFCAG00000008220,4
6176,MP:0000997,phenotype,abnormal synovial joint capsule morphology,8
6177,ZP:0006872,phenotype,"ciliary marginal zone orientation spindle retinal pigmented epithelium, abnormal",8
6178,ENSEMBL:ENSACAG00000013765,gene,ENSEMBL:ENSACAG00000013765,4
6179,MGI:98932,gene,Vim,4
6180,MP:0009758,phenotype,impaired behavioral response to cocaine,8
6181,HP:0011342,phenotype,Mild global developmental delay,8
6182,HP:0011103,phenotype,Abnormal left ventricular outflow tract morphology,8
6183,MGI:1342292,gene,Hspa4,4
6184,MP:0001882,phenotype,abnormal lactation,8
6185,Coriell:GM03621,biological artifact,NIGMS-GM03621,0
6186,ENSEMBL:ENSCAFG00000011357,gene,PEX11B,4
6187,ENSEMBL:ENSFCAG00000009451,gene,ENSEMBL:ENSFCAG00000009451,4
6188,MGI:1926465,gene,Hnrnpm,4
6189,ZFIN:ZDB-GENE-030131-537,gene,ctsa,4
6190,ENSEMBL:ENSGALG00000015770,gene,APP,4
6191,ENSEMBL:ENSSSCG00000038082,gene,ENSEMBL:ENSSSCG00000038082,4
6192,HGNC:7219,gene,MPP1,4
6193,FBcv:0000393,phenotype,abnormal pain response,8
6194,FlyBase:FBgn0026090,gene,Lamtor5,4
6195,MP:0001601,phenotype,abnormal myelopoiesis,8
6196,ENSEMBL:ENSFCAG00000041738,gene,ENSEMBL:ENSFCAG00000041738,4
6197,MGI:2177757,variant,Htt<tm2Detl>,10
6198,ZP:0005616,phenotype,"ventral mandibular arch decreased length, abnormal",8
6199,SGD:S000003765,gene,APL1,4
6200,MP:0005239,phenotype,abnormal Bruch membrane morphology,8
6201,MP:0012574,phenotype,decreased noradrenaline level,8
6202,WBPhenotype:0000637,phenotype,dauer formation variant,8
6203,ENSEMBL:ENSGALG00000033760,gene,ENSEMBL:ENSGALG00000033760,4
6204,MP:0020359,phenotype,abnormal ribbon synapse morphology,8
6205,ENSEMBL:ENSOANG00000005734,gene,ENSEMBL:ENSOANG00000005734,4
6206,dictyBase:DDB_G0271282,gene,csn7,4
6207,P55072,gene product,Transitional endoplasmic reticulum ATPase,5
6208,MP:0000550,phenotype,abnormal forelimb morphology,8
6209,ENSEMBL:ENSGALG00000007932,gene,ENSEMBL:ENSGALG00000007932,4
6210,WBPhenotype:0001635,phenotype,excess pharyngeal cells,8
6211,ENSEMBL:ENSGALG00000038608,gene,ENSEMBL:ENSGALG00000038608,4
6212,PomBase:SPAC2F7.10,gene,akr1,4
6213,WBPhenotype:0001103,phenotype,spindle absent early emb,8
6214,ENSEMBL:ENSFCAG00000043198,gene,ENSEMBL:ENSFCAG00000043198,4
6215,HP:0200136,phenotype,Oral-pharyngeal dysphagia,8
6216,dictyBase:DDB_G0272566,gene,psmD14,4
6217,HP:0000577,phenotype,Exotropia,8
6218,ENSEMBL:ENSECAG00000039368,gene,ENSEMBL:ENSECAG00000039368,4
6219,ZP:0002293,phenotype,"fin malformed, abnormal",8
6220,FlyBase:FBgn0032949,gene,Lamp1,4
6221,WBPhenotype:0001675,phenotype,male gonad development variant,8
6222,ENSEMBL:ENSACAG00000024309,gene,ENSEMBL:ENSACAG00000024309,4
6223,ENSEMBL:ENSMMUG00000002668,gene,ENSEMBL:ENSMMUG00000002668,4
6224,MONARCH:APO_0000120APO_0000002,phenotype,actin cytoskeleton morphology:abnormal,8
6225,HP:0000506,phenotype,Telecanthus,8
6226,MP:0004948,phenotype,abnormal neuronal precursor proliferation,8
6227,MP:0020560,phenotype,abnormal pontine nuclei morphology,8
6228,RGD:61849,gene,Psma6,4
6229,ENSEMBL:ENSSSCG00000014126,gene,MSH3,4
6230,MONARCH:APO_0000034APO_0000117,phenotype,mating efficiency:normal,8
6231,MGI:88494,gene,Creb1,4
6232,ENSEMBL:ENSRNOG00000029732,gene,A0A0G2K3I6,4
6233,ZP:0003842,phenotype,"liver color, abnormal",8
6234,MP:0009335,phenotype,decreased splenocyte proliferation,8
6235,ENSEMBL:ENSMMUG00000021117,gene,ENSEMBL:ENSMMUG00000021117,4
6236,FlyBase:FBgn0034237,gene,eIF3b,4
6237,FlyBase:FBgn0029943,gene,Atg5,4
6238,ENSEMBL:ENSOANG00000007878,gene,ENSEMBL:ENSOANG00000007878,4
6239,WBPhenotype:0001135,phenotype,embryonic morphology defective early emb,8
6240,dictyBase:DDB_G0283971,gene,DDB0185786,4
6241,ENSEMBL:ENSOANG00000002022,gene,ENSEMBL:ENSOANG00000002022,4
6242,WormBase:WBGene00004306,gene,ran-5,4
6243,HGNC:6600,gene,LIG3,4
6244,MP:0031131,phenotype,myocardial fiber disarray,8
6245,ENSEMBL:ENSSSCG00000000952,gene,ZDHHC17,4
6246,HP:0012177,phenotype,Abnormal natural killer cell physiology,8
6247,HP:0010628,phenotype,Facial palsy,8
6248,MP:0014178,phenotype,increased brain apoptosis,8
6249,ENSEMBL:ENSSSCG00000001884,gene,COMMD4,4
6250,FlyBase:FBgn0025800,gene,Smox,4
6251,SGD:S000000235,gene,RPL4A,4
6252,RGD:1562593,gene,RT1-M4,4
6253,MP:0013392,phenotype,Meibomian gland inflammation,8
6254,dictyBase:DDB_G0268538,gene,psmA5,4
6255,ENSEMBL:ENSMODG00000005868,gene,ENSEMBL:ENSMODG00000005868,4
6256,MONDO:0009282,disease,multiple acyl-CoA dehydrogenase deficiency,2
6257,ZP:0003850,phenotype,"glial cell (sensu Vertebrata) ventricular zone increased size, abnormal",8
6258,ENSEMBL:ENSACAG00000017907,gene,ENSEMBL:ENSACAG00000017907,4
6259,WBPhenotype:0002268,phenotype,mitochondrial content decreased,8
6260,3032,drug,bithionol,3
6261,dictyBase:DDB_G0276335,gene,pyr1-3,4
6262,ZP:0000132,phenotype,"ceratohyal cartilage malformed, abnormal",8
6263,ZP:0003660,phenotype,"axon motor neuron truncated, abnormal",8
6264,PomBase:SPAC26A3.05,gene,chc1,4
6265,SGD:S000003924,gene,DNM1,4
6266,HP:0002094,phenotype,Dyspnea,8
6267,ZP:0003560,phenotype,"pharyngeal arch 3-7 malformed, abnormal",8
6268,ZFIN:ZDB-GENE-040426-1975,gene,grb2b,4
6269,MP:0005376,phenotype,homeostasis/metabolism phenotype,8
6270,ENSEMBL:ENSBTAG00000030507,gene,ENSEMBL:ENSBTAG00000030507,4
6271,ZP:0022867,phenotype,"cardiac muscle cell increased occurrence cell population proliferation, abnormal",8
6272,Xenbase:XB-GENE-992494,gene,acly,4
6273,WBPhenotype:0002459,phenotype,hyperinduction of antimicrobial peptide expression after infection,8
6274,MGI:2136841,gene,Morc3,4
6275,RGD:1311401,gene,Prpf40a,4
6276,ENSEMBL:ENSECAG00000002611,gene,ENSEMBL:ENSECAG00000002611,4
6277,ZP:0138131,phenotype,"cardiac muscle process quality macroautophagy, abnormal",8
6278,ZP:0000338,phenotype,"Wnt-activated signaling pathway involved in forebrain neuron fate commitment disrupted, abnormal",8
6279,ENSEMBL:ENSPTRG00000047504,gene,ENSEMBL:ENSPTRG00000047504,4
6280,ENSEMBL:ENSECAG00000020813,gene,ENSEMBL:ENSECAG00000020813,4
6281,HGNC:6838,gene,MAP1LC3A,4
6282,ZP:0015598,phenotype,"liver low brightness, abnormal",8
6283,MP:0008203,phenotype,absent B-1a cells,8
6284,MGI:1333827,gene,Magea8,4
6285,SGD:S000002284,gene,CDC48,4
6286,HP:0010837,phenotype,Decreased circulating ceruloplasmin concentration,8
6287,MP:0002573,phenotype,behavioral despair,8
6288,ZP:0000475,phenotype,"neural crest cell migration disrupted, abnormal",8
6289,dictyBase:DDB_G0290491,gene,DDB_G0290491,4
6290,ZP:0001214,phenotype,"dopaminergic neuron caudal tuberculum decreased amount, abnormal",8
6291,MGI:97860,gene,Rasa1,4
6292,MGI:1298230,gene,Cnot7,4
6293,PomBase:SPBC119.08,gene,pmk1,4
6294,ENSEMBL:ENSPTRG00000001262,gene,ENSEMBL:ENSPTRG00000001262,4
6295,ENSEMBL:ENSPTRG00000021756,gene,ENSEMBL:ENSPTRG00000021756,4
6296,ENSEMBL:ENSMODG00000044974,gene,ENSEMBL:ENSMODG00000044974,4
6297,ENSEMBL:ENSSSCG00000028943,gene,ENSEMBL:ENSSSCG00000028943,4
6298,RGD:1591723,gene,Haus3,4
6299,WBPhenotype:0000675,phenotype,zygotic lethal,8
6300,PomBase:SPBC776.02c,gene,dis2,4
6301,WormBase:WBGene00018359,gene,F42G8.8,4
6302,SGD:S000004376,gene,IKI3,4
6303,MGI:3040680,gene,BC048507,4
6304,ZP:0018013,phenotype,"brain increased process quality cell population proliferation, abnormal",8
6305,HGNC:11441,gene,STX6,4
6306,ENSEMBL:ENSACAG00000004001,gene,ENSEMBL:ENSACAG00000004001,4
6307,dictyBase:DDB_G0290307,gene,DDB0188830,4
6308,WBPhenotype:0001716,phenotype,forward point velocity variant,8
6309,MP:0001468,phenotype,abnormal temporal memory,8
6310,774,drug,dactinomycin,3
6311,ENSEMBL:ENSBTAG00000020116,gene,JSP.1,4
6312,WormBase:WBGene00011145,gene,R08D7.5,4
6313,MP:0013520,phenotype,increased CD4-positive NK T cell number,8
6314,MP:0020913,phenotype,increased susceptibility to Riboviria infection,8
6315,ENSEMBL:ENSMODG00000021483,gene,ENSEMBL:ENSMODG00000021483,4
6316,ENSEMBL:ENSCAFG00000004616,gene,ENSEMBL:ENSCAFG00000004616,4
6317,MGI:97441,gene,Oprm1,4
6318,ZP:0018480,phenotype,"neuronal cell body motor neuron mislocalised, abnormal",8
6319,ENSEMBL:ENSSSCG00000035776,gene,A0A287AGI9,4
6320,ENSEMBL:ENSMMUG00000018354,gene,ENSEMBL:ENSMMUG00000018354,4
6321,MGI:1339708,gene,Neurod1,4
6322,ENSEMBL:ENSFCAG00000013098,gene,ENSEMBL:ENSFCAG00000013098,4
6323,ZP:0000482,phenotype,"heart contraction disrupted, abnormal",8
6324,ENSEMBL:ENSECAG00000000381,gene,ENSEMBL:ENSECAG00000000381,4
6325,MP:0010103,phenotype,small thoracic cage,8
6326,MP:0000181,phenotype,abnormal circulating LDL cholesterol level,8
6327,ENSEMBL:ENSFCAG00000003278,gene,ENSEMBL:ENSFCAG00000003278,4
6328,ZP:0003224,phenotype,"axon hindbrain decreased length, abnormal",8
6329,ZFIN:ZDB-GENE-040426-1728,gene,eif4e2rs1,4
6330,Xenbase:XB-GENE-967617,gene,cetn1,4
6331,HGNC:12508,gene,UBQLN1,4
6332,ZP:0010496,phenotype,"cell division decreased rate, abnormal",8
6333,HP:0005537,phenotype,Decreased mean platelet volume,8
6334,SGD:S000000232,gene,YPK3,4
6335,ENSEMBL:ENSFCAG00000000083,gene,ENSEMBL:ENSFCAG00000000083,4
6336,ZP:0019105,phenotype,"neural crest cell melanoblast aggregated, abnormal",8
6337,P00533,gene product,Epidermal growth factor receptor,5
6338,ENSEMBL:ENSCAFG00000001536,gene,ENSEMBL:ENSCAFG00000001536,4
6339,ENSEMBL:ENSGALG00000017447,gene,F1NHK3,4
6340,ENSEMBL:ENSPTRG00000041770,gene,ENSEMBL:ENSPTRG00000041770,4
6341,ZP:0019800,phenotype,"posterior lateral plate mesoderm increased amount, abnormal",8
6342,ENSEMBL:ENSGALG00000006512,gene,HSPA8,4
6343,HP:0011229,phenotype,Broad eyebrow,8
6344,WBPhenotype:0000634,phenotype,pharyngeal pumping variant,8
6345,FlyBase:FBgn0283472,gene,S6k,4
6346,ENSEMBL:ENSSSCG00000011033,gene,ENSEMBL:ENSSSCG00000011033,4
6347,ENSEMBL:ENSOANG00000038213,gene,ENSEMBL:ENSOANG00000038213,4
6348,RGD:621567,gene,Atxn3,4
6349,Coriell:GM04710,biological artifact,NIGMS-GM04710,0
6350,ENSEMBL:ENSCAFG00000025174,gene,A0A5F4D012,4
6351,MP:0011521,phenotype,decreased placental labyrinth size,8
6352,ENSEMBL:ENSBTAG00000000781,gene,ENSEMBL:ENSBTAG00000000781,4
6353,ENSEMBL:ENSACAG00000007966,gene,ENSEMBL:ENSACAG00000007966,4
6354,ZP:0019569,phenotype,"head increased amount, abnormal",8
6355,ENSEMBL:ENSMODG00000003938,gene,ENSEMBL:ENSMODG00000003938,4
6356,HP:0012338,phenotype,Abnormal energy expenditure,8
6357,MP:0011523,phenotype,thin placenta labyrinth,8
6358,HP:0030692,phenotype,Brain neoplasm,8
6359,ENSEMBL:ENSSSCG00000001866,gene,ENSEMBL:ENSSSCG00000001866,4
6360,WormBase:WBGene00002191,gene,kin-3,4
6361,ENSEMBL:ENSCAFG00000005907,gene,ENSEMBL:ENSCAFG00000005907,4
6362,ENSEMBL:ENSMMUG00000014166,gene,ENSEMBL:ENSMMUG00000014166,4
6363,ENSEMBL:ENSMODG00000004672,gene,ENSEMBL:ENSMODG00000004672,4
6364,ENSEMBL:ENSOANG00000036451,gene,ENSEMBL:ENSOANG00000036451,4
6365,HP:0040140,phenotype,Degeneration of the striatum,8
6366,MP:0002861,phenotype,abnormal tail bud morphology,8
6367,HGNC:19353,gene,SIN3A,4
6368,FlyBase:FBgn0013762,gene,Cdk5,4
6369,ENSEMBL:ENSRNOG00000029082,gene,M0R5T8,4
6370,WBPhenotype:0001422,phenotype,endocytic transport defect,8
6371,WormBase:WBGene00007352,gene,cdc-48.1,4
6372,ENSEMBL:ENSCAFG00000001341,gene,A0A5F4CU32,4
6373,ENSEMBL:ENSMODG00000018066,gene,ENSEMBL:ENSMODG00000018066,4
6374,ENSEMBL:ENSBTAG00000053552,gene,A0A3Q1LSR3,4
6375,ENSEMBL:ENSSSCG00000006954,gene,EEF1D,4
6376,HP:0000260,phenotype,Wide anterior fontanel,8
6377,HP:0011282,phenotype,Abnormality of hindbrain morphology,8
6378,ZP:0100333,phenotype,"sperm increased velocity, abnormal",8
6379,MP:0008034,phenotype,enhanced lipolysis,8
6380,ENSEMBL:ENSGALG00000006976,gene,ENSEMBL:ENSGALG00000006976,4
6381,ENSEMBL:ENSFCAG00000027034,gene,ENSEMBL:ENSFCAG00000027034,4
6382,EFO:0004530,phenotype,triglyceride measurement,8
6383,HP:0002909,phenotype,Generalized aminoaciduria,8
6384,MP:0008127,phenotype,decreased dendritic cell number,8
6385,ZFIN:ZDB-GENE-040625-157,gene,ostf1,4
6386,HP:0008872,phenotype,Feeding difficulties in infancy,8
6387,ZFIN:ZDB-GENE-081027-5,gene,tenm2,4
6388,dictyBase:DDB_G0282979,gene,efa1G,4
6389,ENSEMBL:ENSBTAG00000016851,gene,RPS6KB1,4
6390,Xenbase:XB-GENE-482185,gene,tubb,4
6391,MGI:97313,gene,Nefl,4
6392,WormBase:WBGene00022199,gene,pfk-1.1,4
6393,FlyBase:FBgn0261276,gene,Opa1,4
6394,ZP:0106833,phenotype,"floor plate increased amount, abnormal",8
6395,Coriell:GM04222,biological artifact,NIGMS-GM04222,0
6396,ENSEMBL:ENSMMUG00000002286,gene,ENSEMBL:ENSMMUG00000002286,4
6397,ENSEMBL:ENSSSCG00000033334,gene,COPS7B,4
6398,ENSEMBL:ENSCAFG00000018408,gene,BRF1,4
6399,RGD:621458,gene,Nefl,4
6400,MP:0002279,phenotype,abnormal diaphragm morphology,8
6401,ZP:0005080,phenotype,"neuroepithelial cell neural tube disorganized, abnormal",8
6402,HP:0006366,phenotype,Adductor longus contractures,8
6403,HP:0002323,phenotype,Anencephaly,8
6404,SGD:S000005041,gene,PHO23,4
6405,MP:0014046,phenotype,abnormal mitophagy,8
6406,ENSEMBL:ENSOANG00000008945,gene,ENSEMBL:ENSOANG00000008945,4
6407,MONARCH:APO_0000071APO_0000003,phenotype,cytokinesis:decreased,8
6408,MONARCH:APO_0000043APO_0000002,phenotype,spore wall formation:abnormal,8
6409,ZFIN:ZDB-GENE-070705-176,gene,mhc1zea,4
6410,EFO:0004338,phenotype,body weight,8
6411,ENSEMBL:ENSCAFG00000025599,gene,ENSEMBL:ENSCAFG00000025599,4
6412,HP:0010886,phenotype,Osteochondritis Dissecans,8
6413,ZP:0130890,phenotype,"olfactory placode process quality cilium assembly, abnormal",8
6414,RGD:1308097,gene,Actn2,4
6415,Coriell:GM04847,biological artifact,NIGMS-GM04847,0
6416,P05129,gene product,Protein kinase C gamma type,5
6417,HP:0000011,phenotype,Neurogenic bladder,8
6418,ENSEMBL:ENSSSCG00000013094,gene,DDB1,4
6419,Xenbase:XB-GENE-944135,gene,rnaset2,4
6420,WBPhenotype:0000295,phenotype,thermotolerance increased,8
6421,Coriell:GM06443,biological artifact,NIGMS-GM06443,0
6422,WBPhenotype:0000164,phenotype,thin,8
6423,ZP:0001660,phenotype,"axon extension process quality, abnormal",8
6424,ZFIN:ZDB-GENE-081031-18,gene,ptdss1b,4
6425,FlyBase:FBgn0031443,gene,Prosbeta4R2,4
6426,ZFIN:ZDB-GENE-041210-292,gene,si:dkey-63b1.1,4
6427,HP:0001650,phenotype,Aortic valve stenosis,8
6428,ENSEMBL:ENSPTRG00000022023,gene,ENSEMBL:ENSPTRG00000022023,4
6429,ZP:0003475,phenotype,"cellular pigmentation decreased occurrence, abnormal",8
6430,ZP:0011821,phenotype,"endocytosis decreased process quality, abnormal",8
6431,4161,drug,temsirolimus,3
6432,ENSEMBL:ENSPTRG00000046598,gene,ENSEMBL:ENSPTRG00000046598,4
6433,FlyBase:FBgn0013733,gene,shot,4
6434,MP:0013177,phenotype,abnormal tail tip morphology,8
6435,WBPhenotype:0000426,phenotype,antibody staining increased,8
6436,HP:0005487,phenotype,Prominent metopic ridge,8
6437,ENSEMBL:ENSSSCG00000006100,gene,VIRMA,4
6438,ENSEMBL:ENSPTRG00000052507,gene,ENSEMBL:ENSPTRG00000052507,4
6439,WBPhenotype:0002521,phenotype,gap junction plaque number increased,8
6440,MP:0001780,phenotype,decreased brown adipose tissue amount,8
6441,MP:0004148,phenotype,increased compact bone thickness,8
6442,HP:0000113,phenotype,Polycystic kidney dysplasia,8
6443,WormBase:WBGene00002173,gene,itr-1,4
6444,ENSEMBL:ENSSSCG00000003199,gene,AP2A1,4
6445,WormBase:WBGene00012114,gene,T28B8.3,4
6446,ENSEMBL:ENSMMUG00000008379,gene,ENSEMBL:ENSMMUG00000008379,4
6447,ENSEMBL:ENSFCAG00000005837,gene,ENSEMBL:ENSFCAG00000005837,4
6448,ENSEMBL:ENSECAG00000020055,gene,ENSEMBL:ENSECAG00000020055,4
6449,ENSEMBL:ENSFCAG00000023182,gene,ENSEMBL:ENSFCAG00000023182,4
6450,MP:0004557,phenotype,dilated allantois,8
6451,dictyBase:DDB_G0278535,gene,DDB_G0278535,4
6452,MP:0012132,phenotype,abnormal midbrain-hindbrain boundary morphology,8
6453,FlyBase:FBgn0034091,gene,mrj,4
6454,ENSEMBL:ENSMMUG00000021886,gene,ENSEMBL:ENSMMUG00000021886,4
6455,ZP:0006365,phenotype,"axon CaP motoneuron increased branchiness, abnormal",8
6456,ZP:0000324,phenotype,"whole organism decreased size, abnormal",8
6457,ENSEMBL:ENSMODG00000010312,gene,ENSEMBL:ENSMODG00000010312,4
6458,ENSEMBL:ENSMMUG00000008048,gene,ENSEMBL:ENSMMUG00000008048,4
6459,dbSNP:rs72715653,variant,rs72715653-?,10
6460,MP:0003178,phenotype,left pulmonary isomerism,8
6461,ENSEMBL:ENSBTAG00000049761,gene,A0A3Q1M4J1,4
6462,ZFIN:ZDB-GENE-030131-5838,gene,cnot3b,4
6463,MP:0001412,phenotype,excessive scratching,8
6464,HP:0012078,phenotype,Motor conduction block,8
6465,Coriell:GM04211,biological artifact,NIGMS-GM04211,0
6466,ENSEMBL:ENSGALG00000003221,gene,WDR61,4
6467,ZP:0137440,phenotype,"retina spatial pattern, abnormal",8
6468,ENSEMBL:ENSMMUG00000017786,gene,ENSEMBL:ENSMMUG00000017786,4
6469,ZP:0011707,phenotype,"retina has fewer parts of type retinal ganglion cell, abnormal",8
6470,RGD:1308228,gene,Wdr61,4
6471,PomBase:SPBC23G7.12c,gene,rpt6,4
6472,FlyBase:FBgn0036057,gene,Hez,4
6473,ENSEMBL:ENSSSCG00000012123,gene,ENSEMBL:ENSSSCG00000012123,4
6474,HP:0011096,phenotype,Peripheral demyelination,8
6475,ZFIN:ZDB-GENE-040426-1038,gene,psmd6,4
6476,ZP:0004811,phenotype,"ethmoid cartilage decreased width, abnormal",8
6477,ENSEMBL:ENSPTRG00000050388,gene,ENSEMBL:ENSPTRG00000050388,4
6478,ZP:0010445,phenotype,"mandibular muscle refractivity, abnormal",8
6479,MP:0003081,phenotype,abnormal soleus morphology,8
6480,MGI:1341884,gene,Hey2,4
6481,RGD:1595868,gene,RT1-CE5,4
6482,ENSEMBL:ENSFCAG00000002577,gene,ENSEMBL:ENSFCAG00000002577,4
6483,Xenbase:XB-GENE-963757,gene,neurod1,4
6484,MP:0013906,phenotype,absent embryonic telencephalon,8
6485,ZP:0020456,phenotype,"ceratobranchial 5 tooth hypoplastic, abnormal",8
6486,dictyBase:DDB_G0292880,gene,DDB0191668,4
6487,ENSEMBL:ENSMMUG00000011532,gene,ENSEMBL:ENSMMUG00000011532,4
6488,ZP:0004703,phenotype,"cell migration process quality, abnormal",8
6489,RGD:1595786,gene,RT1-CE7,4
6490,ENSEMBL:ENSGALG00000037802,gene,RAB2B,4
6491,ZP:0018375,phenotype,"heart tube linear, abnormal",8
6492,FBcv:0000425,phenotype,increased cell death,8
6493,MP:0008268,phenotype,absent hippocampus CA3 region,8
6494,ENSEMBL:ENSMODG00000009808,gene,ENSEMBL:ENSMODG00000009808,4
6495,ZP:0002707,phenotype,"heart structure, abnormal",8
6496,FBcv:0000720,phenotype,abnormal jump response,8
6497,MP:0002680,phenotype,decreased corpora lutea number,8
6498,ENSEMBL:ENSMMUG00000009476,gene,ENSEMBL:ENSMMUG00000009476,4
6499,dictyBase:DDB_G0269544,gene,DDB0190345,4
6500,WBPhenotype:0001690,phenotype,constitutive larval display,8
6501,HP:0000612,phenotype,Iris coloboma,8
6502,WBPhenotype:0000059,phenotype,larval arrest,8
6503,ZP:0000305,phenotype,"embryo development arrested, abnormal",8
6504,HGNC:5985,gene,IL17RA,4
6505,MP:0003050,phenotype,abnormal sacral vertebrae morphology,8
6506,ENSEMBL:ENSPTRG00000028713,gene,ENSEMBL:ENSPTRG00000028713,4
6507,HP:0011002,phenotype,Osteopetrosis,8
6508,ENSEMBL:ENSMODG00000039586,gene,ENSEMBL:ENSMODG00000039586,4
6509,MP:0000420,phenotype,ruffled hair,8
6510,MP:0004762,phenotype,increased anti-double stranded DNA antibody level,8
6511,EFO:0003949,phenotype,eye color,8
6512,ZFIN:ZDB-GENE-040426-1473,gene,rasd1,4
6513,WormBase:WBGene00022306,gene,hxk-3,4
6514,Xenbase:XB-GENE-951034,gene,med31,4
6515,WBPhenotype:0001912,phenotype,fewer coelomocytes,8
6516,ZP:0020573,phenotype,"synapse CaP motoneuron decreased amount, abnormal",8
6517,ENSEMBL:ENSACAG00000015801,gene,ENSEMBL:ENSACAG00000015801,4
6518,ZFIN:ZDB-GENE-041001-205,gene,adgb,4
6519,MGI:95819,gene,Grin1,4
6520,Coriell:GM09197,biological artifact,NIGMS-GM09197,0
6521,Xenbase:XB-GENE-956125,gene,git1,4
6522,HP:0002360,phenotype,Sleep disturbance,8
6523,MP:0000973,phenotype,abnormal cutaneous/subcutaneous mechanoreceptor morphology,8
6524,HGNC:20045,gene,GEMIN7,4
6525,MP:0001545,phenotype,abnormal hematopoietic system physiology,8
6526,MGI:105941,gene,Mpp1,4
6527,MP:0011098,phenotype,"embryonic lethality during organogenesis, complete penetrance",8
6528,MONARCH:APO_0000078APO_0000005,phenotype,protein secretion:absent,8
6529,HP:0000445,phenotype,Wide nose,8
6530,MP:0002801,phenotype,abnormal long term object recognition memory,8
6531,EnsemblGenome:AT1G10670,gene,EnsemblGenome:AT1G10670,4
6532,MGI:2675580,variant,Htt<tm1Mfc>,10
6533,MGI:5565690,variant,Tg(UBC-GFP/HTT*84Q)22Shya,10
6534,MP:0006323,phenotype,abnormal extraembryonic mesoderm development,8
6535,WormBase:WBGene00011061,gene,wago-1,4
6536,HP:0003323,phenotype,Progressive muscle weakness,8
6537,ZP:0019910,phenotype,"ovulation process quality, abnormal",8
6538,ENSEMBL:ENSMMUG00000054990,gene,ENSEMBL:ENSMMUG00000054990,4
6539,ZP:0000665,phenotype,"ceratohyal cartilage decreased length, abnormal",8
6540,HGNC:7095,gene,MID1,4
6541,WBPhenotype:0001100,phenotype,early embryonic lethal,8
6542,MP:0009415,phenotype,skeletal muscle degeneration,8
6543,RGD:621145,gene,Trip10,4
6544,EFO:0004875,phenotype,mathematical ability,8
6545,MP:0000392,phenotype,accelerated hair follicle regression,8
6546,ENSEMBL:ENSOANG00000042741,gene,ENSEMBL:ENSOANG00000042741,4
6547,MP:0009427,phenotype,increased tibialis anterior weight,8
6548,WBPhenotype:0002344,phenotype,backing decreased,8
6549,ENSEMBL:ENSACAG00000001088,gene,ENSEMBL:ENSACAG00000001088,4
6550,NCBIGene:108181672,gene,LOC108181672,4
6551,ENSEMBL:ENSBTAG00000003500,gene,ENSEMBL:ENSBTAG00000003500,4
6552,MP:0020395,phenotype,abnormal response to social novelty,8
6553,MP:0009429,phenotype,decreased embryo weight,8
6554,ENSEMBL:ENSBTAG00000004284,gene,ENSEMBL:ENSBTAG00000004284,4
6555,dictyBase:DDB_G0289337,gene,DDB0188369,4
6556,ENSEMBL:ENSBTAG00000021979,gene,ENSEMBL:ENSBTAG00000021979,4
6557,ENSEMBL:ENSFCAG00000000043,gene,ENSEMBL:ENSFCAG00000000043,4
6558,WBPhenotype:0001586,phenotype,multiple anchor cells,8
6559,SGD:S000003827,gene,TOR1,4
6560,MGI:96160,gene,Hmga1,4
6561,ENSEMBL:ENSMODG00000004066,gene,ENSEMBL:ENSMODG00000004066,4
6562,ZFIN:ZDB-GENE-110914-185,gene,il17ra1b,4
6563,ENSEMBL:ENSFCAG00000007404,gene,ENSEMBL:ENSFCAG00000007404,4
6564,WBPhenotype:0002592,phenotype,organism response to gravitational force abnormal,8
6565,Xenbase:XB-GENE-492029,gene,ulk1,4
6566,P35372,gene product,Mu-type opioid receptor,5
6567,ENSEMBL:ENSECAG00000018079,gene,ENSEMBL:ENSECAG00000018079,4
6568,ENSEMBL:ENSACAG00000001364,gene,ENSEMBL:ENSACAG00000001364,4
6569,ENSEMBL:ENSCAFG00000012509,gene,TAF4,4
6570,ZP:0008451,phenotype,"neuromast hair cell functionality, abnormal",8
6571,MGI:1920692,gene,Hspa12a,4
6572,HP:0011121,phenotype,Abnormality of skin morphology,8
6573,dictyBase:DDB_G0271812,gene,DDB0216913,4
6574,MONARCH:APO_0000270APO_0000002,phenotype,endoplasmic reticulum morphology:abnormal,8
6575,MP:0010760,phenotype,abnormal macrophage chemotaxis,8
6576,ENSEMBL:ENSECAG00000011662,gene,ENSEMBL:ENSECAG00000011662,4
6577,ENSEMBL:ENSACAG00000014919,gene,ENSEMBL:ENSACAG00000014919,4
6578,ENSEMBL:ENSGALG00000008424,gene,ENSEMBL:ENSGALG00000008424,4
6579,Xenbase:XB-GENE-6257521,gene,polr2a,4
6580,MP:0001505,phenotype,hunched posture,8
6581,ZP:0012250,phenotype,"photoreceptor cell absent, abnormal",8
6582,ENSEMBL:ENSMMUG00000010740,gene,ENSEMBL:ENSMMUG00000010740,4
6583,ENSEMBL:ENSACAG00000001423,gene,ENSEMBL:ENSACAG00000001423,4
6584,4778,drug,ridaforolimus,3
6585,HP:0010783,phenotype,Erythema,8
6586,WBPhenotype:0001943,phenotype,rachis wide,8
6587,ENSEMBL:ENSMODG00000019685,gene,ENSEMBL:ENSMODG00000019685,4
6588,WormBase:WBGene00004812,gene,skr-6,4
6589,ENSEMBL:ENSCAFG00000000406,gene,ENSEMBL:ENSCAFG00000000406,4
6590,MONARCH:APO_0000077APO_0000002,phenotype,nuclear transport:abnormal,8
6591,MP:0002799,phenotype,abnormal passive avoidance behavior,8
6592,ENSEMBL:ENSMMUG00000012920,gene,ENSEMBL:ENSMMUG00000012920,4
6593,ENSEMBL:ENSMODG00000019816,gene,ENSEMBL:ENSMODG00000019816,4
6594,HP:0000233,phenotype,Thin vermilion border,8
6595,HP:0032773,phenotype,Focal autonomic seizure with palpitations/tachycardia/bradycardia/asystole,8
6596,MGI:5441508,genotype,Tg(HDexon1)61Gpb [involves: C57BL/6 * C57BL/6J * CBA],6
6597,WBPhenotype:0000367,phenotype,comma arrest emb,8
6598,HP:0002918,phenotype,Hypermagnesemia,8
6599,ENSEMBL:ENSMMUG00000003298,gene,ENSEMBL:ENSMMUG00000003298,4
6600,ENSEMBL:ENSMODG00000020974,gene,ENSEMBL:ENSMODG00000020974,4
6601,ZP:0011093,phenotype,"myelin sheath peripheral neuron neoplastic, abnormal",8
6602,ENSEMBL:ENSMMUG00000004877,gene,ENSEMBL:ENSMMUG00000004877,4
6603,MGI:3530234,genotype,Tg(HDexon1)62Gpb [involves: C57BL/6J * CBA/J],6
6604,ENSEMBL:ENSACAG00000015665,gene,ENSEMBL:ENSACAG00000015665,4
6605,PomBase:SPBP19A11.03c,gene,mts4,4
6606,ENSEMBL:ENSECAG00000031677,gene,ENSEMBL:ENSECAG00000031677,4
6607,ENSEMBL:ENSFCAG00000014602,gene,ENSEMBL:ENSFCAG00000014602,4
6608,RGD:1304800,gene,Gga2,4
6609,WBPhenotype:0001384,phenotype,fertility reduced,8
6610,HP:0012535,phenotype,Abnormal synaptic transmission,8
6611,ZFIN:ZDB-GENE-080515-6,gene,hypk,4
6612,HP:0001325,phenotype,Hypoglycemic coma,8
6613,MP:0013241,phenotype,embryo tissue necrosis,8
6614,ENSEMBL:ENSECAG00000024368,gene,ENSEMBL:ENSECAG00000024368,4
6615,ZFIN:ZDB-GENE-021211-2,gene,msna,4
6616,HP:0007018,phenotype,Attention deficit hyperactivity disorder,8
6617,MP:0008410,phenotype,increased cellular sensitivity to ultraviolet irradiation,8
6618,dbSNPIndividual:21047,genotype,46;XX.arr(1-22;X)x2 [GM04721],6
6619,HP:0032759,phenotype,Focal sensory seizure with vestibular features,8
6620,MP:0008794,phenotype,increased lens epithelium apoptosis,8
6621,HP:0000080,phenotype,Abnormality of reproductive system physiology,8
6622,dictyBase:DDB_G0278105,gene,DDB0204424,4
6623,ENSEMBL:ENSOANG00000012207,gene,ENSEMBL:ENSOANG00000012207,4
6624,ENSEMBL:ENSMMUG00000017906,gene,ENSEMBL:ENSMMUG00000017906,4
6625,PomBase:SPCC830.07c,gene,psi1,4
6626,MONARCH:APO_0000147APO_0000004,phenotype,heat sensitivity:increased,8
6627,ENSEMBL:ENSECAG00000024742,gene,ENSEMBL:ENSECAG00000024742,4
6628,MP:0005367,phenotype,renal/urinary system phenotype,8
6629,ZP:0010280,phenotype,"neurofibrosarcoma peripheral nervous system increased amount, abnormal",8
6630,ENSEMBL:ENSGALG00000006045,gene,SH3GL3,4
6631,MONARCH:APO_0000081APO_0000003,phenotype,killer toxin resistance:decreased,8
6632,ENSEMBL:ENSCAFG00000016534,gene,ACTN1,4
6633,ZP:0138135,phenotype,"cardiac myofibril cardiac ventricle increased contractility, abnormal",8
6634,FBcv:0000383,phenotype,auxotroph,8
6635,ENSEMBL:ENSOANG00000036065,gene,ENSEMBL:ENSOANG00000036065,4
6636,WBPhenotype:0000529,phenotype,cell development variant,8
6637,HP:0001156,phenotype,Brachydactyly,8
6638,EFO:0007992,phenotype,basophil percentage of leukocytes,8
6639,P27361,gene product,Mitogen-activated protein kinase 3,5
6640,WBPhenotype:0000040,phenotype,one cell arrest early emb,8
6641,ENSEMBL:ENSBTAG00000019180,gene,ENSEMBL:ENSBTAG00000019180,4
6642,MP:0009308,phenotype,increased adenocarcinoma incidence,8
6643,SGD:S000004788,gene,ECM5,4
6644,MGI:3711009,genotype,Tg(YAC353G6)W7Hay [FVB/NJ-Tg(YAC353G6)W7Hay],6
6645,ENSEMBL:ENSECAG00000032988,gene,ENSEMBL:ENSECAG00000032988,4
6646,MP:0002084,phenotype,abnormal developmental patterning,8
6647,FlyBase:FBgn0024509,gene,Sec13,4
6648,ZP:0019043,phenotype,"retina lacks parts or has fewer parts of type photoreceptor outer segment eye photoreceptor cell, abnormal",8
6649,WBPhenotype:0000734,phenotype,hypodermal cell physiology variant,8
6650,Coriell:GM06423,biological artifact,NIGMS-GM06423,0
6651,MONARCH:APO_0000024APO_0000002,phenotype,budding:abnormal,8
6652,ENSEMBL:ENSMODG00000013693,gene,ENSEMBL:ENSMODG00000013693,4
6653,RGD:1307843,gene,Pias1,4
6654,MONDO:0002009,disease,major depressive disorder,2
6655,MP:0000556,phenotype,abnormal hindlimb morphology,8
6656,ENSEMBL:ENSMMUG00000022363,gene,ENSEMBL:ENSMMUG00000022363,4
6657,ZP:0003678,phenotype,"head hemorrhagic, abnormal",8
6658,HGNC:9587,gene,PTDSS1,4
6659,HGNC:1034,gene,BECN1,4
6660,ZP:0006801,phenotype,"yolk vacuolated, abnormal",8
6661,MGI:95805,gene,Grb2,4
6662,ENSEMBL:ENSACAG00000005403,gene,ENSEMBL:ENSACAG00000005403,4
6663,ENSEMBL:ENSBTAG00000003758,gene,TKT,4
6664,ENSEMBL:ENSACAG00000007097,gene,ENSEMBL:ENSACAG00000007097,4
6665,WBPhenotype:0001982,phenotype,cell membrane organization biogenesis variant,8
6666,WBPhenotype:0001320,phenotype,endogenous synaptic amplitude variant,8
6667,ENSEMBL:ENSGALG00000036556,gene,ENSEMBL:ENSGALG00000036556,4
6668,WBPhenotype:0000050,phenotype,embryonic lethal,8
6669,MP:0009651,phenotype,abnormal eyelid development,8
6670,MP:0008868,phenotype,abnormal granulosa cell morphology,8
6671,MP:0002736,phenotype,abnormal nociception after inflammation,8
6672,MP:0008810,phenotype,increased circulating iron level,8
6673,ZFIN:ZDB-GENE-120215-155,gene,sumo2a,4
6674,HP:0002021,phenotype,Pyloric stenosis,8
6675,dictyBase:DDB_G0282793,gene,wdr61,4
6676,HP:0009910,phenotype,Aplasia of the middle ear ossicles,8
6677,ENSEMBL:ENSGALG00000012007,gene,ST13P5,4
6678,ENSEMBL:ENSECAG00000019077,gene,ENSEMBL:ENSECAG00000019077,4
6679,ENSEMBL:ENSFCAG00000018550,gene,ENSEMBL:ENSFCAG00000018550,4
6680,MP:0008190,phenotype,decreased transitional stage B cell number,8
6681,dictyBase:DDB_G0279179,gene,DDB0218154,4
6682,ENSEMBL:ENSMMUG00000018476,gene,ENSEMBL:ENSMMUG00000018476,4
6683,ENSEMBL:ENSFCAG00000022033,gene,ENSEMBL:ENSFCAG00000022033,4
6684,FlyBase:FBgn0035675,gene,CG6610,4
6685,SGD:S000001556,gene,LHS1,4
6686,FlyBase:FBgn0033238,gene,azot,4
6687,ENSEMBL:ENSOANG00000000711,gene,ENSEMBL:ENSOANG00000000711,4
6688,ENSEMBL:ENSOANG00000004000,gene,ENSEMBL:ENSOANG00000004000,4
6689,ENSEMBL:ENSOANG00000003663,gene,ENSEMBL:ENSOANG00000003663,4
6690,ZP:0002193,phenotype,"axon motor neuron decreased branchiness, abnormal",8
6691,ENSEMBL:ENSFCAG00000001580,gene,ENSEMBL:ENSFCAG00000001580,4
6692,ENSEMBL:ENSPTRG00000017505,gene,ENSEMBL:ENSPTRG00000017505,4
6693,MONARCH:APO_0000276APO_0000003,phenotype,prion formation:decreased,8
6694,ENSEMBL:ENSMMUG00000051076,gene,ENSEMBL:ENSMMUG00000051076,4
6695,Coriell:GM04876,biological artifact,NIGMS-GM04876,0
6696,5209,drug,icotinib,3
6697,MP:0011091,phenotype,"prenatal lethality, complete penetrance",8
6698,ZP:0006348,phenotype,"intestinal villus decreased amount, abnormal",8
6699,HP:0009890,phenotype,High anterior hairline,8
6700,ZFIN:ZDB-GENE-030131-2299,gene,cltca,4
6701,ZP:0001348,phenotype,"anterior-most region hindbrain apoptotic, abnormal",8
6702,ZP:0003017,phenotype,"laminin complex somite decreased amount, abnormal",8
6703,ZP:0000688,phenotype,"cardiac muscle cell decreased amount, abnormal",8
6704,P0DMV8,gene product,Heat shock 70 kDa protein 1A,5
6705,WormBase:WBGene00000552,gene,cmd-1,4
6706,ENSEMBL:ENSSSCG00000012110,gene,ENSEMBL:ENSSSCG00000012110,4
6707,HP:0011113,phenotype,Abnormality of cytokine secretion,8
6708,FlyBase:FBgn0028852,gene,CG15262,4
6709,EFO:0007991,phenotype,eosinophil percentage of leukocytes,8
6710,HP:0030809,phenotype,Abnormal tongue morphology,8
6711,FBcv:0000431,phenotype,abnormal meiotic cell cycle,8
6712,ENSEMBL:ENSMMUG00000006804,gene,ENSEMBL:ENSMMUG00000006804,4
6713,ENSEMBL:ENSPTRG00000010021,gene,ENSEMBL:ENSPTRG00000010021,4
6714,ZP:0009711,phenotype,"circulating cell blood decreased amount, abnormal",8
6715,P24752,gene product,"Acetyl-CoA acetyltransferase, mitochondrial",5
6716,ZP:0010784,phenotype,"apoptotic process increased process quality, abnormal",8
6717,HP:0011021,phenotype,Abnormality of circulating enzyme level,8
6718,MP:0002023,phenotype,increased B cell derived lymphoma incidence,8
6719,FlyBase:FBgn0260962,gene,pic,4
6720,RGD:1359292,gene,RT1-CE10,4
6721,ENSEMBL:ENSSSCG00000033526,gene,ENSEMBL:ENSSSCG00000033526,4
6722,HP:0001324,phenotype,Muscle weakness,8
6723,ENSEMBL:ENSCAFG00000023690,gene,ERCC6L,4
6724,ZFIN:ZDB-GENE-070410-43,gene,trafd1,4
6725,FBcv:0000362,phenotype,increased cell number,8
6726,ENSEMBL:ENSFCAG00000007299,gene,ENSEMBL:ENSFCAG00000007299,4
6727,ZP:0006750,phenotype,"adherens junction blood vessel endothelium decreased object quality, abnormal",8
6728,XPO:0115659,phenotype,abnormally ruffled dorsal fin,8
6729,HP:0000276,phenotype,Long face,8
6730,HP:0000068,phenotype,Urethral atresia,8
6731,ENSEMBL:ENSACAG00000016954,gene,ENSEMBL:ENSACAG00000016954,4
6732,ZP:0003840,phenotype,"neuroblast (sensu Vertebrata) brain hyperplastic, abnormal",8
6733,ENSEMBL:ENSCAFG00000001699,gene,ENSEMBL:ENSCAFG00000001699,4
6734,HP:0031473,phenotype,Hostility,8
6735,ENSEMBL:ENSCAFG00000002103,gene,J9P6C4,4
6736,HP:0002827,phenotype,Hip dislocation,8
6737,HP:0001342,phenotype,Cerebral hemorrhage,8
6738,HP:0030078,phenotype,Lung adenocarcinoma,8
6739,ENSEMBL:ENSGALG00000007302,gene,ATXN7,4
6740,MP:0008702,phenotype,increased interleukin-5 secretion,8
6741,FlyBase:FBgn0004103,gene,Pp1-87B,4
6742,WBPhenotype:0002107,phenotype,RAB-11 recycling endosome localization variant,8
6743,FBcv:0000396,phenotype,abnormal eclosion rhythm,8
6744,ENSEMBL:ENSFCAG00000013801,gene,ENSEMBL:ENSFCAG00000013801,4
6745,ENSEMBL:ENSMMUG00000058013,gene,ENSEMBL:ENSMMUG00000058013,4
6746,FlyBase:FBgn0032782,gene,Rab9,4
6747,HP:0007343,phenotype,Abnormal morphology of the limbic system,8
6748,ZFIN:ZDB-GENE-100920-3,gene,dnm1b,4
6749,ENSEMBL:ENSFCAG00000046095,gene,ENSEMBL:ENSFCAG00000046095,4
6750,ENSEMBL:ENSFCAG00000004927,gene,ENSEMBL:ENSFCAG00000004927,4
6751,NCBITaxon:9796,taxon,Equus caballus,9
6752,SGD:S000005008,gene,YDJ1,4
6753,ENSEMBL:ENSCAFG00000016859,gene,ENSEMBL:ENSCAFG00000016859,4
6754,ZP:0002448,phenotype,"retinal outer nuclear layer disorganized, abnormal",8
6755,ENSEMBL:ENSECAG00000014334,gene,ENSEMBL:ENSECAG00000014334,4
6756,ENSEMBL:ENSFCAG00000030483,gene,ENSEMBL:ENSFCAG00000030483,4
6757,ENSEMBL:ENSMMUG00000049848,gene,ENSEMBL:ENSMMUG00000049848,4
6758,ZP:0009848,phenotype,"spinal cord has fewer parts of type oligodendrocyte, abnormal",8
6759,HP:0012523,phenotype,Oral aversion,8
6760,ENSEMBL:ENSACAG00000011337,gene,ENSEMBL:ENSACAG00000011337,4
6761,ZP:0137430,phenotype,"ventral region optic cup increased distribution, abnormal",8
6762,HGNC:7762,gene,NEUROD1,4
6763,MP:0003225,phenotype,axonal dystrophy,8
6764,ENSEMBL:ENSBTAG00000001069,gene,ENSEMBL:ENSBTAG00000001069,4
6765,FlyBase:FBgn0000064,gene,Ald1,4
6766,MP:0010579,phenotype,increased heart left ventricle size,8
6767,MP:0001819,phenotype,abnormal immune cell physiology,8
6768,MP:0000333,phenotype,decreased bone marrow cell number,8
6769,ZP:0001453,phenotype,"extension decreased size, abnormal",8
6770,HP:0012735,phenotype,Cough,8
6771,Xenbase:XB-GENE-995488,gene,setd2,4
6772,ZP:0011674,phenotype,"adductor mandibulae disrupted regulation of myofibril size, abnormal",8
6773,WBPhenotype:0001748,phenotype,pharynx unattached,8
6774,ZP:0000594,phenotype,"embryo development delayed, abnormal",8
6775,WBPhenotype:0002252,phenotype,increased susceptibility to viral infection,8
6776,ENSEMBL:ENSFCAG00000037731,gene,ENSEMBL:ENSFCAG00000037731,4
6777,HP:0002179,phenotype,Opisthotonus,8
6778,ZFIN:ZDB-GENE-030131-9372,gene,ubac1,4
6779,MP:0008934,phenotype,absent choroid plexus,8
6780,MP:0000600,phenotype,liver hypoplasia,8
6781,ZP:0104033,phenotype,"memory process quality, abnormal",8
6782,ENSEMBL:ENSCAFG00000001221,gene,PACSIN1,4
6783,dictyBase:DDB_G0283983,gene,DDB0218548,4
6784,ENSEMBL:ENSBTAG00000037735,gene,ENSEMBL:ENSBTAG00000037735,4
6785,ZP:0019153,phenotype,"cell body eye photoreceptor cell mislocalised, abnormal",8
6786,WBPhenotype:0000717,phenotype,gene expression variant,8
6787,ENSEMBL:ENSPTRG00000018684,gene,ENSEMBL:ENSPTRG00000018684,4
6788,MGI:1100500,gene,Flot1,4
6789,RGD:1585173,gene,Bag2,4
6790,HP:0001631,phenotype,Atrial septal defect,8
6791,PomBase:SPBC1734.16c,gene,pst3,4
6792,ZP:0004977,phenotype,"blood circulation decreased occurrence, abnormal",8
6793,ZP:0019986,phenotype,"neural plate decreased rate cell migration, abnormal",8
6794,ENSEMBL:ENSCAFG00000025039,gene,ENSEMBL:ENSCAFG00000025039,4
6795,ENSEMBL:ENSACAG00000017344,gene,ENSEMBL:ENSACAG00000017344,4
6796,FlyBase:FBgn0286075,gene,DNAlig3,4
6797,FlyBase:FBgn0266599,gene,Hsc70-4,4
6798,MGI:1099442,gene,Atxn3,4
6799,ENSEMBL:ENSCAFG00000016759,gene,TARDBP,4
6800,ENSEMBL:ENSMMUG00000023288,gene,ENSEMBL:ENSMMUG00000023288,4
6801,Coriell:GM06447,biological artifact,NIGMS-GM06447,0
6802,WormBase:WBGene00004818,gene,skr-12,4
6803,WormBase:WBGene00008920,gene,eef-1G,4
6804,MP:0005620,phenotype,abnormal muscle contractility,8
6805,MP:0003146,phenotype,absent cochlear ganglion,8
6806,ENSEMBL:ENSPTRG00000000522,gene,ENSEMBL:ENSPTRG00000000522,4
6807,HP:0100790,phenotype,Hernia,8
6808,MP:0005553,phenotype,increased circulating creatinine level,8
6809,ZP:0004002,phenotype,"diencephalon apoptotic, abnormal",8
6810,ENSEMBL:ENSCAFG00000019712,gene,UBAC1,4
6811,FlyBase:FBgn0010380,gene,AP-1-2beta,4
6812,Coriell:GM02080,biological artifact,NIGMS-GM02080,0
6813,HP:0001385,phenotype,Hip dysplasia,8
6814,ZP:0005472,phenotype,"synaptic vesicle lumen acidification decreased process quality, abnormal",8
6815,886,drug,dihydrocodeine,3
6816,186,drug,amodiaquine,3
6817,ENSEMBL:ENSACAG00000005400,gene,ENSEMBL:ENSACAG00000005400,4
6818,Xenbase:XB-GENE-5892016,gene,bsdc1,4
6819,Xenbase:XB-GENE-5953796,gene,pnkp,4
6820,ZP:0017218,phenotype,"wound healing process quality, abnormal",8
6821,HP:0001618,phenotype,Dysphonia,8
6822,RGD:3548,gene,Rcn2,4
6823,ZFIN:ZDB-GENE-030131-9112,gene,nbr1a,4
6824,ENSEMBL:ENSECAG00000019249,gene,ENSEMBL:ENSECAG00000019249,4
6825,ENSEMBL:ENSACAG00000012931,gene,ENSEMBL:ENSACAG00000012931,4
6826,ENSEMBL:ENSMMUG00000019936,gene,ENSEMBL:ENSMMUG00000019936,4
6827,ZP:0011942,phenotype,"lens shape, abnormal",8
6828,FBcv:0000405,phenotype,abnormal taste perception,8
6829,ENSEMBL:ENSPTRG00000050477,gene,ENSEMBL:ENSPTRG00000050477,4
6830,ENSEMBL:ENSFCAG00000005684,gene,ENSEMBL:ENSFCAG00000005684,4
6831,MP:0008248,phenotype,abnormal mononuclear phagocyte morphology,8
6832,WBPhenotype:0001102,phenotype,mitotic spindle defective early emb,8
6833,HP:0001284,phenotype,Areflexia,8
6834,ZFIN:ZDB-GENE-030131-6959,gene,rapgef2,4
6835,WBPhenotype:0001765,phenotype,carbon dioxide avoidance variant,8
6836,MONARCH:APO_0000255APO_0000247,phenotype,cell cycle progression in G1 phase:decreased duration,8
6837,ENSEMBL:ENSMMUG00000020342,gene,ENSEMBL:ENSMMUG00000020342,4
6838,dictyBase:DDB_G0291023,gene,DDB0189217,4
6839,WormBase:WBGene00009479,gene,fcp-1,4
6840,MP:0001511,phenotype,disheveled coat,8
6841,SGD:S000006041,gene,VPS30,4
6842,WBPhenotype:0001346,phenotype,actin cytoskeleton dynamics phenotype,8
6843,MGI:5432147,variant,Tg(YAC128)55Hay,10
6844,RGD:1303075,gene,Hsp90ab1,4
6845,ENSEMBL:ENSPTRG00000007939,gene,ENSEMBL:ENSPTRG00000007939,4
6846,ENSEMBL:ENSOANG00000001783,gene,ENSEMBL:ENSOANG00000001783,4
6847,Xenbase:XB-GENE-999052,gene,hypk,4
6848,MP:0000440,phenotype,domed cranium,8
6849,MP:0010373,phenotype,myeloid hyperplasia,8
6850,MP:0005369,phenotype,muscle phenotype,8
6851,ENSEMBL:ENSMODG00000039612,gene,ENSEMBL:ENSMODG00000039612,4
6852,ZP:0003621,phenotype,"head opaque, abnormal",8
6853,WBPhenotype:0001519,phenotype,posterior cell migration variant,8
6854,ENSEMBL:ENSMODG00000008918,gene,ENSEMBL:ENSMODG00000008918,4
6855,SGD:S000005737,gene,MGM1,4
6856,ENSEMBL:ENSCAFG00000010555,gene,J9P0P0,4
6857,ENSEMBL:ENSMMUG00000015455,gene,ENSEMBL:ENSMMUG00000015455,4
6858,WormBase:WBGene00009619,gene,npr-6,4
6859,ENSEMBL:ENSPTRG00000007199,gene,ENSEMBL:ENSPTRG00000007199,4
6860,MP:0001142,phenotype,abnormal vagina orifice morphology,8
6861,ENSEMBL:ENSECAG00000000734,gene,ENSEMBL:ENSECAG00000000734,4
6862,MP:0011205,phenotype,excessive folding of visceral yolk sac,8
6863,SGD:S000006258,gene,SMK1,4
6864,ENSEMBL:ENSACAG00000027871,gene,ENSEMBL:ENSACAG00000027871,4
6865,RGD:631409,gene,Hsp90aa1,4
6866,MP:0009113,phenotype,increased pancreatic beta cell mass,8
6867,1878,drug,naloxone,3
6868,FlyBase:FBgn0261090,gene,Sytbeta,4
6869,ENSEMBL:ENSFCAG00000015379,gene,ENSEMBL:ENSFCAG00000015379,4
6870,ENSEMBL:ENSFCAG00000003235,gene,ENSEMBL:ENSFCAG00000003235,4
6871,MP:0030003,phenotype,hippocampus atrophy,8
6872,ZP:0018603,phenotype,"hindbrain decreased occurrence neuron differentiation, abnormal",8
6873,ENSEMBL:ENSECAG00000003978,gene,ENSEMBL:ENSECAG00000003978,4
6874,ZP:0006833,phenotype,"protein glycosylation decreased process quality, abnormal",8
6875,WormBase:WBGene00002005,gene,hsp-1,4
6876,WBPhenotype:0000846,phenotype,presynaptic region physiology variant,8
6877,ZP:0138130,phenotype,"atrium process quality cardiac conduction system development, abnormal",8
6878,ZP:0000268,phenotype,"symplectic decreased size, abnormal",8
6879,4186,drug,icatibant,3
6880,EFO:0009762,phenotype,healthspan,8
6881,ENSEMBL:ENSGALG00000036218,gene,RAB4A,4
6882,ENSEMBL:ENSECAG00000015766,gene,ENSEMBL:ENSECAG00000015766,4
6883,HP:0100738,phenotype,Abnormal eating behavior,8
6884,MGI:3757562,genotype,Tg(HDexon1)61Gpb [involves: C57BL/6 * CBA],6
6885,MP:0001222,phenotype,epidermal hyperplasia,8
6886,HP:0012704,phenotype,Widened subarachnoid space,8
6887,WBPhenotype:0000218,phenotype,vulval cell induction increased,8
6888,MP:0008456,phenotype,abnormal retinal rod cell outer segment morphology,8
6889,ENSEMBL:ENSCAFG00000010362,gene,J9P932,4
6890,FlyBase:FBgn0036136,gene,Ufd1,4
6891,ENSEMBL:ENSCAFG00000032604,gene,ENSEMBL:ENSCAFG00000032604,4
6892,EFO:0007702,phenotype,hip bone mineral density,8
6893,HP:0001931,phenotype,Hypochromic anemia,8
6894,ZP:0006748,phenotype,"glucose import decreased process quality, abnormal",8
6895,WBPhenotype:0002303,phenotype,nose movement increased,8
6896,MP:0030191,phenotype,narrow snout,8
6897,MP:0004404,phenotype,cochlear outer hair cell degeneration,8
6898,FBcv:0002010,phenotype,majority die during P-stage,8
6899,ENSEMBL:ENSMODG00000005505,gene,ENSEMBL:ENSMODG00000005505,4
6900,Xenbase:XB-GENE-945356,gene,fez1,4
6901,HP:0012376,phenotype,Microphakia,8
6902,SGD:S000001300,gene,NOT3,4
6903,FlyBase:FBgn0001089,gene,Gal,4
6904,ZFIN:ZDB-GENE-040122-3,gene,rab5ab,4
6905,ENSEMBL:ENSECAG00000019110,gene,ENSEMBL:ENSECAG00000019110,4
6906,ENSEMBL:ENSSSCG00000011494,gene,PSMD6,4
6907,FBcv:0000359,phenotype,decreased cell number,8
6908,ENSEMBL:ENSGALG00000010349,gene,ENSEMBL:ENSGALG00000010349,4
6909,578,drug,cerulenin,3
6910,MP:0002823,phenotype,abnormal rib development,8
6911,MONARCH:APO_0000240APO_0000005,phenotype,mitophagy:absent,8
6912,MONARCH:APO_0000259APO_0000250,phenotype,cell cycle passage through the metaphase-anaphase transition:arrested,8
6913,Coriell:GM04860,biological artifact,NIGMS-GM04860,0
6914,WBPhenotype:0000319,phenotype,large,8
6915,MP:0002843,phenotype,decreased systemic arterial blood pressure,8
6916,FlyBase:FBgn0036934,gene,sNPF-R,4
6917,HP:0003073,phenotype,Hypoalbuminemia,8
6918,MP:0004622,phenotype,sacral vertebral fusion,8
6919,MP:0011348,phenotype,abnormal renal glomerulus basement membrane morphology,8
6920,ENSEMBL:ENSSSCG00000022126,gene,EGFR,4
6921,WBPhenotype:0002302,phenotype,nose movement decreased,8
6922,MP:0030620,phenotype,valinuria,8
6923,MGI:1349765,gene,Rcn2,4
6924,ENSEMBL:ENSMMUG00000008639,gene,ENSEMBL:ENSMMUG00000008639,4
6925,MP:0008671,phenotype,abnormal interleukin-13 secretion,8
6926,MGI:5441507,genotype,Neil1<tm1Bjor>/Neil1<tm1Bjor>; Tg(HDexon1)61Gpb [involves: C57BL/6 * C57BL/6J * CBA],6
6927,ZFIN:ZDB-GENE-020430-1,gene,flot1a,4
6928,ZP:0137231,phenotype,"neuromuscular junction of skeletal muscle fiber CaP motoneuron increased width, abnormal",8
6929,PomBase:SPAC1F5.06,gene,lsh1,4
6930,RGD:1311748,gene,Tcerg1,4
6931,ZFIN:ZDB-GENE-040426-2848,gene,hk1,4
6932,MP:0005136,phenotype,decreased growth hormone level,8
6933,HP:0001537,phenotype,Umbilical hernia,8
6934,ENSEMBL:ENSMMUG00000022394,gene,ENSEMBL:ENSMMUG00000022394,4
6935,MP:0008329,phenotype,decreased somatotroph cell number,8
6936,ENSEMBL:ENSSSCG00000026264,gene,HSPB11,4
6937,ENSEMBL:ENSMMUG00000007948,gene,ENSEMBL:ENSMMUG00000007948,4
6938,EnsemblGenome:BAE77394,gene,EnsemblGenome:BAE77394,4
6939,1423,drug,imatinib,3
6940,ENSEMBL:ENSPTRG00000007065,gene,ENSEMBL:ENSPTRG00000007065,4
6941,WormBase:WBGene00007026,gene,mdt-31,4
6942,ENSEMBL:ENSMMUG00000002320,gene,ENSEMBL:ENSMMUG00000002320,4
6943,MP:0005288,phenotype,abnormal oxygen consumption,8
6944,FlyBase:FBgn0259108,gene,futsch,4
6945,NCBIGene:100496488,gene,LOC100496488,4
6946,HP:0001972,phenotype,Macrocytic anemia,8
6947,MGI:5763069,genotype,Supt4a<tm1Yty>/Supt4a<+>; Tg(HDexon1)62Gpb [involves: 129S6/SvEvTac * C57BL/6 * CBA],6
6948,ZP:0001067,phenotype,"ceratobranchial cartilage aplastic, abnormal",8
6949,ENSEMBL:ENSSSCG00000021363,gene,CHD3,4
6950,HGNC:8607,gene,PRKN,4
6951,ENSEMBL:ENSPTRG00000048553,gene,ENSEMBL:ENSPTRG00000048553,4
6952,Xenbase:XB-GENE-480450,gene,hes5.3,4
6953,PomBase:SPBC947.02,gene,apl2,4
6954,EFO:0007788,phenotype,BMI-adjusted waist-hip ratio,8
6955,MP:0001469,phenotype,abnormal contextual conditioning behavior,8
6956,MP:0002836,phenotype,abnormal chorion morphology,8
6957,HP:0010579,phenotype,Cone-shaped epiphysis,8
6958,ENSEMBL:ENSECAG00000009632,gene,ENSEMBL:ENSECAG00000009632,4
6959,ENSEMBL:ENSBTAG00000052414,gene,HAP1,4
6960,MP:0002857,phenotype,cochlear ganglion degeneration,8
6961,ZP:0000047,phenotype,"retinal photoreceptor layer disorganized, abnormal",8
6962,MGI:2389466,variant,Tg(HDexon1)61Gpb,10
6963,HP:0001034,phenotype,Hypermelanotic macule,8
6964,ZP:0007470,phenotype,"ceratohyal cartilage increased angle to ceratohyal cartilage, abnormal",8
6965,ENSEMBL:ENSPTRG00000004247,gene,ENSEMBL:ENSPTRG00000004247,4
6966,MP:0000765,phenotype,abnormal tongue squamous epithelium morphology,8
6967,SGD:S000004198,gene,SEC13,4
6968,FBcv:0002006,phenotype,lethal - all die during first instar larval stage,8
6969,ENSEMBL:ENSACAG00000012747,gene,ENSEMBL:ENSACAG00000012747,4
6970,ENSEMBL:ENSOANG00000040060,gene,ENSEMBL:ENSOANG00000040060,4
6971,RGD:1306537,gene,Vps28,4
6972,HP:0000137,phenotype,Abnormality of the ovary,8
6973,WBPhenotype:0000318,phenotype,cell cycle delayed,8
6974,dictyBase:DDB_G0267916,gene,mtmr15,4
6975,ENSEMBL:ENSBTAG00000002563,gene,ENSEMBL:ENSBTAG00000002563,4
6976,XPO:0103316,phenotype,absent tail bud,8
6977,HP:0001098,phenotype,Abnormal fundus morphology,8
6978,HP:0011014,phenotype,Abnormal glucose homeostasis,8
6979,MP:0002631,phenotype,abnormal epididymis morphology,8
6980,ENSEMBL:ENSBTAG00000032087,gene,ENSEMBL:ENSBTAG00000032087,4
6981,ENSEMBL:ENSACAG00000005379,gene,ENSEMBL:ENSACAG00000005379,4
6982,ENSEMBL:ENSPTRG00000023600,gene,ENSEMBL:ENSPTRG00000023600,4
6983,ENSEMBL:ENSMMUG00000001509,gene,ENSEMBL:ENSMMUG00000001509,4
6984,ENSEMBL:ENSGALG00000033887,gene,IL17RA,4
6985,MONARCH:APO_0000157APO_0000003,phenotype,utilization of iron source:decreased,8
6986,WormBase:WBGene00001037,gene,dnj-19,4
6987,HGNC:28164,gene,PRRC1,4
6988,ENSEMBL:ENSCAFG00000005174,gene,DNAJB6,4
6989,ENSEMBL:ENSFCAG00000008393,gene,ENSEMBL:ENSFCAG00000008393,4
6990,dictyBase:DDB_G0274743,gene,pisA,4
6991,EnsemblGenome:AT5G11180,gene,EnsemblGenome:AT5G11180,4
6992,ZP:0022352,phenotype,"segmental plate absent, abnormal",8
6993,ZFIN:ZDB-GENE-000509-3,gene,smad3a,4
6994,MGI:3032524,gene,Fam71f1,4
6995,ZP:0000066,phenotype,"ceratobranchial cartilage absent, abnormal",8
6996,WBPhenotype:0002314,phenotype,turning frequency reduced,8
6997,HP:0001635,phenotype,Congestive heart failure,8
6998,ENSEMBL:ENSOANG00000047459,gene,ENSEMBL:ENSOANG00000047459,4
6999,ENSEMBL:ENSMODG00000002259,gene,ENSEMBL:ENSMODG00000002259,4
7000,MP:0004564,phenotype,enlarged myocardial fiber,8
7001,PomBase:SPAC607.05,gene,rpn9,4
7002,3082,drug,cetrimonium,3
7003,MP:0003662,phenotype,abnormal long bone epiphyseal plate proliferative zone,8
7004,HP:0040213,phenotype,Hypopnea,8
7005,629,drug,cianidanol,3
7006,ENSEMBL:ENSBTAG00000017177,gene,ENSEMBL:ENSBTAG00000017177,4
7007,MP:0001232,phenotype,absent epidermis stratum basale,8
7008,ZP:0019432,phenotype,"presumptive endoderm decreased amount, abnormal",8
7009,MGI:109474,gene,Commd1,4
7010,HP:0001653,phenotype,Mitral regurgitation,8
7011,ENSEMBL:ENSOANG00000007213,gene,ENSEMBL:ENSOANG00000007213,4
7012,GO:0048487,molecular function,beta-tubulin binding,7
7013,Coriell:GM02173,biological artifact,NIGMS-GM02173,0
7014,HP:0001730,phenotype,Progressive hearing impairment,8
7015,EnsemblGenome:AT1G15110,gene,EnsemblGenome:AT1G15110,4
7016,ZFIN:ZDB-GENE-060503-11,gene,ccdc126,4
7017,MP:0004249,phenotype,abnormal crista ampullaris morphology,8
7018,RGD:1305288,gene,Haus4,4
7019,ENSEMBL:ENSACAG00000014787,gene,ENSEMBL:ENSACAG00000014787,4
7020,MP:0000774,phenotype,decreased brain size,8
7021,WormBase:WBGene00004465,gene,rpn-9,4
7022,ZP:0018678,phenotype,"right side epithalamus mislocalised, abnormal",8
7023,HGNC:14888,gene,DNAJB6,4
7024,FlyBase:FBgn0015834,gene,eIF3i,4
7025,MP:0000343,phenotype,abnormal response to cardiac infarction,8
7026,MP:0005439,phenotype,decreased glycogen level,8
7027,EnsemblGenome:AT5G52640,gene,EnsemblGenome:AT5G52640,4
7028,ENSEMBL:ENSOANG00000009915,gene,ENSEMBL:ENSOANG00000009915,4
7029,WormBase:WBGene00006769,gene,unc-33,4
7030,ZP:0002234,phenotype,"cell division increased occurrence, abnormal",8
7031,ENSEMBL:ENSMODG00000001760,gene,ENSEMBL:ENSMODG00000001760,4
7032,HP:0008070,phenotype,Sparse hair,8
7033,MP:0001657,phenotype,abnormal induced morbidity/mortality,8
7034,MP:0000399,phenotype,increased curvature of guard hairs,8
7035,EnsemblGenome:BAE77796,gene,EnsemblGenome:BAE77796,4
7036,ENSEMBL:ENSPTRG00000014706,gene,ENSEMBL:ENSPTRG00000014706,4
7037,MP:0009715,phenotype,thick epidermis stratum basale,8
7038,ZP:0003117,phenotype,"cytolysis increased occurrence, abnormal",8
7039,FlyBase:FBgn0037296,gene,Prosbeta2R2,4
7040,HP:0002317,phenotype,Unsteady gait,8
7041,1548,drug,lapatinib,3
7042,HP:0000525,phenotype,Abnormality iris morphology,8
7043,WBPhenotype:0000309,phenotype,SDS sensitive dauer,8
7044,MP:0009177,phenotype,decreased pancreatic alpha cell number,8
7045,MP:0000043,phenotype,organ of Corti degeneration,8
7046,MP:0009435,phenotype,abnormal miniature inhibitory postsynaptic currents,8
7047,FBcv:0000367,phenotype,female semi-sterile,8
7048,ENSEMBL:ENSOANG00000002684,gene,ENSEMBL:ENSOANG00000002684,4
7049,Xenbase:XB-GENE-483544,gene,nlk,4
7050,ENSEMBL:ENSMODG00000024415,gene,ENSEMBL:ENSMODG00000024415,4
7051,ZFIN:ZDB-GENE-030128-4,gene,smad3b,4
7052,ZP:0007115,phenotype,"protein kinase activity decreased occurrence, abnormal",8
7053,ENSEMBL:ENSECAG00000004615,gene,ENSEMBL:ENSECAG00000004615,4
7054,ZP:0010448,phenotype,"striated muscle thin filament myotome decreased amount, abnormal",8
7055,ENSEMBL:ENSACAG00000008213,gene,ENSEMBL:ENSACAG00000008213,4
7056,MGI:2385206,gene,Pabpc4,4
7057,ZP:0004004,phenotype,"cell diencephalon decreased amount, abnormal",8
7058,MP:0001688,phenotype,abnormal somite development,8
7059,MGI:5292519,genotype,Zdhhc17<Gt(RRJ233)Byg>/Zdhhc17<Gt(RRJ233)Byg> [FVB.129P2-Zdhhc17<Gt(RRJ233)Byg>],6
7060,ENSEMBL:ENSCAFG00000029428,gene,ENSEMBL:ENSCAFG00000029428,4
7061,MGI:1926884,gene,Huwe1,4
7062,ZFIN:ZDB-GENE-040426-2626,gene,cmc1,4
7063,RGD:1306559,gene,Il17ra,4
7064,NCBIGene:113455423,gene,LOC113455423,4
7065,FlyBase:FBgn0037447,gene,Neurochondrin,4
7066,Xenbase:XB-GENE-494200,gene,grin1,4
7067,HP:0007099,phenotype,Arnold-Chiari type I malformation,8
7068,ENSEMBL:ENSMODG00000015566,gene,ENSEMBL:ENSMODG00000015566,4
7069,SGD:S000003433,gene,YGR201C,4
7070,Coriell:GM05428,biological artifact,NIGMS-GM05428,0
7071,PomBase:SPAC23D3.07,gene,pup1,4
7072,875,drug,diethylstilbestrol,3
7073,MGI:1926953,gene,Ctdp1,4
7074,ENSEMBL:ENSECAG00000013563,gene,ENSEMBL:ENSECAG00000013563,4
7075,ENSEMBL:ENSGALG00000013208,gene,ENSEMBL:ENSGALG00000013208,4
7076,MP:0013277,phenotype,abnormal fasting circulating glucose level,8
7077,dictyBase:DDB_G0290779,gene,rabL,4
7078,ENSEMBL:ENSACAG00000006502,gene,ENSEMBL:ENSACAG00000006502,4
7079,FlyBase:FBgn0264325,gene,Atg6,4
7080,HP:0011472,phenotype,Abnormality of small intestinal villus morphology,8
7081,HP:0000706,phenotype,Eruption failure,8
7082,Coriell:GM06274,biological artifact,NIGMS-GM06274,0
7083,EnsemblGenome:BAA15001,gene,EnsemblGenome:BAA15001,4
7084,MP:0004398,phenotype,cochlear inner hair cell degeneration,8
7085,MP:0002362,phenotype,abnormal spleen marginal zone morphology,8
7086,WBPhenotype:0001153,phenotype,pronuclear migration failure early emb,8
7087,ENSEMBL:ENSRNOG00000023960,gene,F1LUV3,4
7088,HGNC:7326,gene,MSH3,4
7089,ENSEMBL:ENSSSCG00000008697,gene,HTT,4
7090,ENSEMBL:ENSGALG00000006462,gene,ENSEMBL:ENSGALG00000006462,4
7091,WBPhenotype:0001944,phenotype,oocyte number decreased,8
7092,WBPhenotype:0000017,phenotype,aldicarb resistant,8
7093,HGNC:14101,gene,CNOT7,4
7094,EnsemblGenome:BAE77332,gene,EnsemblGenome:BAE77332,4
7095,MP:0003917,phenotype,increased kidney weight,8
7096,MP:0002739,phenotype,abnormal olfactory bulb development,8
7097,ENSEMBL:ENSMODG00000000956,gene,ENSEMBL:ENSMODG00000000956,4
7098,Xenbase:XB-GENE-946042,gene,psmb7,4
7099,HP:0003271,phenotype,Visceromegaly,8
7100,WBPhenotype:0001099,phenotype,nose twisted,8
7101,ZP:0009072,phenotype,"neuronal cell body rhombomere 5 mislocalised, abnormal",8
7102,ZP:0000589,phenotype,"central artery decreased branchiness, abnormal",8
7103,WBPhenotype:0001536,phenotype,embryonic cell patterning variant,8
7104,MP:0014052,phenotype,increased male germ cell apoptosis,8
7105,EFO:0008378,phenotype,mosquito bite reaction size measurement,8
7106,HP:0007957,phenotype,Corneal opacity,8
7107,ENSEMBL:ENSGALG00000042051,gene,SETD2,4
7108,ZP:0011940,phenotype,"endoplasmic reticulum retinal ganglion cell morphology, abnormal",8
7109,MGI:1913742,gene,Zmat2,4
7110,ENSEMBL:ENSPTRG00000029753,gene,ENSEMBL:ENSPTRG00000029753,4
7111,EFO:0009942,phenotype,Glucocorticoid use measurement,8
7112,ZP:0000386,phenotype,"mid diencephalic organizer increased thickness, abnormal",8
7113,ENSEMBL:ENSPTRG00000021794,gene,ENSEMBL:ENSPTRG00000021794,4
7114,ENSEMBL:ENSCAFG00000010567,gene,ENSEMBL:ENSCAFG00000010567,4
7115,ENSEMBL:ENSRNOG00000053060,gene,Zfc3h1,4
7116,ENSEMBL:ENSACAG00000011908,gene,ENSEMBL:ENSACAG00000011908,4
7117,ENSEMBL:ENSECAG00000016754,gene,ENSEMBL:ENSECAG00000016754,4
7118,ZFIN:ZDB-GENE-050522-205,gene,nefma,4
7119,ZFIN:ZDB-GENE-070912-230,gene,ftr08,4
7120,Xenbase:XB-GENE-950195,gene,lamtor5,4
7121,WormBase:WBGene00008768,gene,CELE_F13G3.10,4
7122,WormBase:WBGene00000106,gene,alg-2,4
7123,MP:0011104,phenotype,"embryonic lethality before implantation, incomplete penetrance",8
7124,MP:0002972,phenotype,abnormal cardiac muscle contractility,8
7125,ENSEMBL:ENSPTRG00000014867,gene,ENSEMBL:ENSPTRG00000014867,4
7126,RGD:3052,gene,Matr3,4
7127,PomBase:SPAC222.16c,gene,csn3,4
7128,RGD:9113230,gene,LOC103690108,4
7129,HGNC:9552,gene,PSMC5,4
7130,Q05586,gene product,"Glutamate receptor ionotropic, NMDA 1",5
7131,MP:0003091,phenotype,abnormal cell migration,8
7132,5406,drug,oliceridine,3
7133,WBPhenotype:0000638,phenotype,molt defect,8
7134,HP:0000746,phenotype,Delusions,8
7135,EFO:0004568,phenotype,serum non-albumin protein measurement,8
7136,HP:0005102,phenotype,Cochlear degeneration,8
7137,Coriell:GM02164,biological artifact,NIGMS-GM02164,0
7138,ENSEMBL:ENSPTRG00000046723,gene,ENSEMBL:ENSPTRG00000046723,4
7139,ZP:0014492,phenotype,"anterior region neuroectoderm absent, abnormal",8
7140,ENSEMBL:ENSACAG00000004943,gene,ENSEMBL:ENSACAG00000004943,4
7141,GO:0099523,molecular function,presynaptic cytosol,7
7142,ENSEMBL:ENSCAFG00000009472,gene,PTDSS1,4
7143,ENSEMBL:ENSPTRG00000043192,gene,ENSEMBL:ENSPTRG00000043192,4
7144,EnsemblGenome:BAE76828,gene,EnsemblGenome:BAE76828,4
7145,ENSEMBL:ENSMMUG00000006598,gene,ENSEMBL:ENSMMUG00000006598,4
7146,dictyBase:DDB_G0290971,gene,DDB_G0290971,4
7147,ENSEMBL:ENSPTRG00000005437,gene,ENSEMBL:ENSPTRG00000005437,4
7148,HP:0011599,phenotype,Mesocardia,8
7149,EFO:0005090,phenotype,basophil count,8
7150,ZP:0021359,phenotype,"whole organism decreased occurrence cholesterol biosynthetic process, abnormal",8
7151,Coriell:GM03644,biological artifact,NIGMS-GM03644,0
7152,ENSEMBL:ENSCAFG00000009169,gene,AMFR,4
7153,MGI:2429756,variant,Tg(YAC72)2511Hay,10
7154,WormBase:WBGene00001030,gene,dnj-12,4
7155,MGI:5564936,genotype,Emx1<tm1(cre)Ito>/Emx1<+>; Rgs9<tm1(cre)Yql>/Rgs9<+>; Tg(HTT*97Q)IXwy [involves: 129P2/OlaHsd * FVB],6
7156,WormBase:WBGene00019275,gene,rpac-40,4
7157,MP:0010289,phenotype,increased urinary system tumor incidence,8
7158,ZFIN:ZDB-GENE-030326-4,gene,hspb1,4
7159,MGI:5298848,genotype,Htt<tm1Hay>/Htt<tm1Hay>; Tg(YAC18)18Hay [involves: FVB/N],6
7160,MP:0008700,phenotype,decreased interleukin-4 secretion,8
7161,ENSEMBL:ENSSSCG00000012604,gene,ENSEMBL:ENSSSCG00000012604,4
7162,MP:0004994,phenotype,abnormal brain wave pattern,8
7163,MP:0003131,phenotype,increased erythrocyte cell number,8
7164,ENSEMBL:ENSSSCG00000007813,gene,A0A287A0X9,4
7165,MGI:88144,gene,Bdkrb1,4
7166,ZP:0000661,phenotype,"embryonic cranial skeleton morphogenesis disrupted, abnormal",8
7167,ENSEMBL:ENSPTRG00000013699,gene,ENSEMBL:ENSPTRG00000013699,4
7168,WBPhenotype:0002420,phenotype,chromatin modification variant,8
7169,MP:0003111,phenotype,abnormal cell nucleus morphology,8
7170,ZFIN:ZDB-GENE-040724-77,gene,carm1,4
7171,MP:0004087,phenotype,abnormal muscle fiber morphology,8
7172,FBcv:0006002,phenotype,decreased fecundity,8
7173,MONARCH:APO_0000098APO_0000003,phenotype,utilization of carbon source:decreased,8
7174,HP:0010791,phenotype,Hyperplasia of the Leydig cells,8
7175,WBPhenotype:0002608,phenotype,humpback,8
7176,ZP:0004001,phenotype,"neuron retinal ganglion cell layer degenerate, abnormal",8
7177,ENSEMBL:ENSMODG00000019742,gene,ENSEMBL:ENSMODG00000019742,4
7178,ENSEMBL:ENSBTAG00000050778,gene,ENSEMBL:ENSBTAG00000050778,4
7179,ZP:0013279,phenotype,"phototaxis process quality, abnormal",8
7180,ZFIN:ZDB-GENE-990415-95,gene,hsp90ab1,4
7181,ZFIN:ZDB-GENE-030131-8103,gene,optn,4
7182,ENSEMBL:ENSCAFG00000016689,gene,ENSEMBL:ENSCAFG00000016689,4
7183,ENSEMBL:ENSMODG00000038066,gene,ENSEMBL:ENSMODG00000038066,4
7184,RGD:1597035,gene,Gemin7,4
7185,HGNC:1442,gene,CALM1,4
7186,ENSEMBL:ENSECAG00000024605,gene,ENSEMBL:ENSECAG00000024605,4
7187,MP:0000788,phenotype,abnormal cerebral cortex morphology,8
7188,5039,drug,tannic acid,3
7189,Coriell:GM04201,biological artifact,NIGMS-GM04201,0
7190,HGNC:25501,gene,BSDC1,4
7191,ENSEMBL:ENSECAG00000017197,gene,ENSEMBL:ENSECAG00000017197,4
7192,dictyBase:DDB_G0286661,gene,DDB0187079,4
7193,ENSEMBL:ENSMODG00000039790,gene,ENSEMBL:ENSMODG00000039790,4
7194,MGI:3711010,genotype,Htt<tm1Hay>/Htt<tm1Hay>; Tg(YAC353G6)W7Hay [involves: C57BL/6J * FVB/NJ],6
7195,ENSEMBL:ENSPTRG00000040882,gene,ENSEMBL:ENSPTRG00000040882,4
7196,MP:0009935,phenotype,abnormal Meibomian gland acinus morphology,8
7197,ZFIN:ZDB-GENE-990415-71,gene,etv4,4
7198,WBPhenotype:0000655,phenotype,GABA synaptic transmission variant,8
7199,WBPhenotype:0000121,phenotype,translation variant,8
7200,HGNC:9871,gene,RASA1,4
7201,ENSEMBL:ENSECAG00000006800,gene,ENSEMBL:ENSECAG00000006800,4
7202,WormBase:WBGene00009113,gene,maph-1.2,4
7203,ENSEMBL:ENSPTRG00000004912,gene,ENSEMBL:ENSPTRG00000004912,4
7204,MP:0003083,phenotype,abnormal tibialis anterior morphology,8
7205,MP:0004538,phenotype,abnormal maxillary shelf morphology,8
7206,Xenbase:XB-GENE-484711,gene,mhc1b2,4
7207,MGI:88145,gene,Bdnf,4
7208,FlyBase:FBgn0025573,gene,PpN58A,4
7209,HP:0002363,phenotype,Abnormal brainstem morphology,8
7210,ZP:0003435,phenotype,"autophagy increased occurrence, abnormal",8
7211,ENSEMBL:ENSACAG00000012196,gene,ENSEMBL:ENSACAG00000012196,4
7212,HP:0002705,phenotype,"High, narrow palate",8
7213,HP:0001249,phenotype,Intellectual disability,8
7214,HP:0001511,phenotype,Intrauterine growth retardation,8
7215,MONARCH:APO_0000060APO_0000002,phenotype,colony appearance:abnormal,8
7216,ZP:0020459,phenotype,"pharyngeal arch 1 decreased occurrence cell population proliferation, abnormal",8
7217,HP:0000444,phenotype,Convex nasal ridge,8
7218,ZFIN:ZDB-GENE-080415-1,gene,rest,4
7219,MP:0006205,phenotype,embryonic lethality between implantation and somite formation,8
7220,PomBase:SPCC1494.05c,gene,ubp12,4
7221,MP:0020550,phenotype,multinucleated giant male germ cells,8
7222,RGD:1586163,gene,Dmxl2,4
7223,ZP:0000350,phenotype,"optic vesicle absent, abnormal",8
7224,MP:0000836,phenotype,abnormal substantia nigra morphology,8
7225,ENSEMBL:ENSOANG00000041099,gene,ENSEMBL:ENSOANG00000041099,4
7226,ENSEMBL:ENSOANG00000046617,gene,ENSEMBL:ENSOANG00000046617,4
7227,ENSEMBL:ENSMODG00000001646,gene,ENSEMBL:ENSMODG00000001646,4
7228,HP:0002240,phenotype,Hepatomegaly,8
7229,ENSEMBL:ENSMODG00000016731,gene,ENSEMBL:ENSMODG00000016731,4
7230,4226,drug,ingenol mebutate,3
7231,ENSEMBL:ENSECAG00000014690,gene,ENSEMBL:ENSECAG00000014690,4
7232,ENSEMBL:ENSACAG00000016368,gene,ENSEMBL:ENSACAG00000016368,4
7233,WBPhenotype:0000256,phenotype,amphid neuron morphology variant,8
7234,ZFIN:ZDB-GENE-090302-2,gene,ap2a1,4
7235,MP:0008516,phenotype,disorganized retinal outer nuclear layer,8
7236,WormBase:WBGene00000815,gene,csn-3,4
7237,ENSEMBL:ENSOANG00000004897,gene,ENSEMBL:ENSOANG00000004897,4
7238,ENSEMBL:ENSECAG00000020408,gene,ENSEMBL:ENSECAG00000020408,4
7239,MP:0002575,phenotype,increased circulating ketone body level,8
7240,dictyBase:DDB_G0292382,gene,psmC5,4
7241,ZFIN:ZDB-GENE-040426-710,gene,hnrnpl,4
7242,WBPhenotype:0000495,phenotype,ray ectopic,8
7243,ENSEMBL:ENSMMUG00000008697,gene,ENSEMBL:ENSMMUG00000008697,4
7244,MP:0008515,phenotype,thin retinal outer nuclear layer,8
7245,HP:0001780,phenotype,Abnormality of toe,8
7246,ZFIN:ZDB-GENE-040718-114,gene,med31,4
7247,MGI:1098230,gene,Cenpe,4
7248,MONDO:0005068,disease,Myocardial infarction,2
7249,ZP:0000638,phenotype,"post-vent region curved ventral, abnormal",8
7250,WBPhenotype:0001868,phenotype,meiotic spindle defective,8
7251,ENSEMBL:ENSOANG00000048639,gene,ENSEMBL:ENSOANG00000048639,4
7252,ZP:0004009,phenotype,"head size, abnormal",8
7253,MP:0002499,phenotype,chronic inflammation,8
7254,ZP:0019240,phenotype,"margin decreased amount, abnormal",8
7255,ZP:0000236,phenotype,"sarcomere organization disrupted, abnormal",8
7256,HGNC:18039,gene,KDM5B,4
7257,ENSEMBL:ENSMMUG00000008833,gene,ENSEMBL:ENSMMUG00000008833,4
7258,WormBase:WBGene00000161,gene,apa-2,4
7259,ENSEMBL:ENSBTAG00000007766,gene,ENSEMBL:ENSBTAG00000007766,4
7260,MGI:96103,gene,Hk1,4
7261,MONARCH:APO_0000129APO_0000002,phenotype,protein transport:abnormal,8
7262,Xenbase:XB-GENE-980957,gene,ube2e3,4
7263,WBPhenotype:0001138,phenotype,nucleus defective early emb,8
7264,MP:0003566,phenotype,abnormal cell adhesion,8
7265,HP:0100851,phenotype,Abnormal emotion/affect behavior,8
7266,Xenbase:XB-GENE-1014668,gene,ctsa,4
7267,HP:0025487,phenotype,Abnormality of bladder morphology,8
7268,ENSEMBL:ENSMODG00000028702,gene,ENSEMBL:ENSMODG00000028702,4
7269,MP:0002700,phenotype,opacity of vitreous body,8
7270,MP:0005032,phenotype,abnormal ectoplacental cone morphology,8
7271,ZP:0003404,phenotype,"cerebral spinal fluid increased volume, abnormal",8
7272,MONARCH:APO_0000342APO_0000005,phenotype,late nucleophagy:absent,8
7273,MP:0011951,phenotype,increased cardiac stroke volume,8
7274,FlyBase:FBgn0031857,gene,LUBEL,4
7275,WormBase:WBGene00019971,gene,ergo-1,4
7276,ENSEMBL:ENSACAG00000005261,gene,ENSEMBL:ENSACAG00000005261,4
7277,MONARCH:APO_0000099APO_0000005,phenotype,utilization of nitrogen source:absent,8
7278,ZP:0000943,phenotype,"eye morphology, abnormal",8
7279,ENSEMBL:ENSMMUG00000005673,gene,ENSEMBL:ENSMMUG00000005673,4
7280,ENSEMBL:ENSECAG00000020691,gene,ENSEMBL:ENSECAG00000020691,4
7281,ZP:0001145,phenotype,"post-vent region kinked, abnormal",8
7282,ZP:0000413,phenotype,"ventricular system increased size, abnormal",8
7283,ZP:0010087,phenotype,"pigment accumulation delayed, abnormal",8
7284,MP:0005630,phenotype,increased lung weight,8
7285,MP:0008497,phenotype,decreased IgG2b level,8
7286,ENSEMBL:ENSPTRG00000017438,gene,ENSEMBL:ENSPTRG00000017438,4
7287,WBPhenotype:0000938,phenotype,male V lineages variant,8
7288,HGNC:10436,gene,RPS6KB1,4
7289,WBPhenotype:0002490,phenotype,ectopic axon outgrowth,8
7290,ZP:0101895,phenotype,"facial nerve motor nucleus premature neuron maturation, abnormal",8
7291,MGI:1917946,gene,Magea9,4
7292,ENSEMBL:ENSGALG00000039284,gene,RCN2,4
7293,MP:0012319,phenotype,fast extinction of fear memory,8
7294,ENSEMBL:ENSPTRG00000002974,gene,ENSEMBL:ENSPTRG00000002974,4
7295,ENSEMBL:ENSOANG00000048067,gene,ENSEMBL:ENSOANG00000048067,4
7296,ENSEMBL:ENSACAG00000010505,gene,ENSEMBL:ENSACAG00000010505,4
7297,ZFIN:ZDB-GENE-001208-2,gene,psmb13a,4
7298,1810,drug,miltefosine,3
7299,1989,drug,omapatrilat,3
7300,ENSEMBL:ENSOANG00000042657,gene,ENSEMBL:ENSOANG00000042657,4
7301,MP:0000322,phenotype,increased granulocyte number,8
7302,ENSEMBL:ENSCAFG00000010962,gene,DPYSL4,4
7303,ENSEMBL:ENSDARG00000010940,gene,BX957278.1,4
7304,ENSEMBL:ENSBTAG00000020309,gene,ENSEMBL:ENSBTAG00000020309,4
7305,ENSEMBL:ENSSSCG00000010144,gene,ACTN2,4
7306,RGD:1303027,gene,C5ar2,4
7307,4301,drug,Flutemetamol (18F),3
7308,MP:0003992,phenotype,increased mortality induced by ionizing radiation,8
7309,dictyBase:DDB_G0272348,gene,DDB_G0272348,4
7310,ZP:0106465,phenotype,"primordial germ cell decreased process quality microtubule organizing center organization, abnormal",8
7311,FBcv:0000680,phenotype,abnormal proboscis extension reflex,8
7312,MP:0008626,phenotype,increased circulating interleukin-5 level,8
7313,ENSEMBL:ENSCAFG00000006373,gene,A0A5F4C140,4
7314,ZP:0011959,phenotype,"negative regulation of neurogenesis increased occurrence, abnormal",8
7315,EFO:0009885,phenotype,frailty measurement,8
7316,ENSEMBL:ENSCAFG00000029930,gene,ENSEMBL:ENSCAFG00000029930,4
7317,MGI:5569533,genotype,Tg(CMV-HTT*48Q)BTag [involves: FVB/N],6
7318,OMIM:613004.0001,variant,"HTT, (CAG)n REPEAT EXPANSION",10
7319,ENSEMBL:ENSGALG00000033212,gene,HSP90AA1,4
7320,MP:0020516,phenotype,abnormal visceral yolk sac mesenchyme morphology,8
7321,ENSEMBL:ENSACAG00000000468,gene,ENSEMBL:ENSACAG00000000468,4
7322,GO:0048471,molecular function,perinuclear region of cytoplasm,7
7323,HP:0007663,phenotype,Reduced visual acuity,8
7324,WBPhenotype:0001887,phenotype,excess seam cells,8
7325,1762,drug,methyldopa,3
7326,HP:0002992,phenotype,Abnormality of tibia morphology,8
7327,ENSEMBL:ENSECAG00000016068,gene,ENSEMBL:ENSECAG00000016068,4
7328,MP:0002413,phenotype,abnormal megakaryocyte progenitor cell morphology,8
7329,FBcv:0000440,phenotype,chemical sensitive,8
7330,ENSEMBL:ENSOANG00000045205,gene,ENSEMBL:ENSOANG00000045205,4
7331,MP:0001705,phenotype,abnormal proximal-distal axis patterning,8
7332,WBPhenotype:0000572,phenotype,neuronal outgrowth variant,8
7333,MP:0011276,phenotype,increased tail pigmentation,8
7334,ENSEMBL:ENSPTRG00000018217,gene,ENSEMBL:ENSPTRG00000018217,4
7335,ENSEMBL:ENSCAFG00000001139,gene,ENSEMBL:ENSCAFG00000001139,4
7336,MGI:1316652,gene,Prmt2,4
7337,PomBase:SPCC16C4.11,gene,pef1,4
7338,ENSEMBL:ENSBTAG00000033167,gene,ENSEMBL:ENSBTAG00000033167,4
7339,ZFIN:ZDB-GENE-040801-62,gene,rab35b,4
7340,MGI:2447811,gene,Aldoart1,4
7341,WBPhenotype:0000359,phenotype,tunicamycin response variant,8
7342,MP:0012143,phenotype,decreased a-wave amplitude,8
7343,HP:0001363,phenotype,Craniosynostosis,8
7344,MONARCH:APO_0000106APO_0000002,phenotype,vegetative growth:abnormal,8
7345,ENSEMBL:ENSMODG00000017976,gene,ENSEMBL:ENSMODG00000017976,4
7346,ZFIN:ZDB-GENE-990415-94,gene,hsp90aa1.1,4
7347,ENSEMBL:ENSMMUG00000042087,gene,ENSEMBL:ENSMMUG00000042087,4
7348,ENSEMBL:ENSOANG00000040605,gene,ENSEMBL:ENSOANG00000040605,4
7349,ZP:0006173,phenotype,"double-strand break repair via homologous recombination decreased frequency, abnormal",8
7350,ENSEMBL:ENSOANG00000014201,gene,ENSEMBL:ENSOANG00000014201,4
7351,MONARCH:APO_0000030APO_0000004,phenotype,lifespan:increased,8
7352,MP:0008448,phenotype,abnormal retinal cone cell inner segment morphology,8
7353,ENSEMBL:ENSPTRG00000051554,gene,ENSEMBL:ENSPTRG00000051554,4
7354,dictyBase:DDB_G0282295,gene,ubqA,4
7355,dbSNP:rs1313766,variant,rs1313766-C,10
7356,WBPhenotype:0000314,phenotype,scrawny,8
7357,ENSEMBL:ENSMMUG00000001856,gene,ENSEMBL:ENSMMUG00000001856,4
7358,MGI:95606,gene,Xrcc6,4
7359,MP:0002184,phenotype,abnormal innervation,8
7360,HP:0003546,phenotype,Exercise intolerance,8
7361,ENSEMBL:ENSOANG00000011557,gene,ENSEMBL:ENSOANG00000011557,4
7362,ENSEMBL:ENSPTRG00000043794,gene,ENSEMBL:ENSPTRG00000043794,4
7363,RGD:1591971,gene,Psme4,4
7364,MP:0008658,phenotype,decreased interleukin-1 beta secretion,8
7365,ENSEMBL:ENSCAFG00000019201,gene,MGRN1,4
7366,MP:0000277,phenotype,abnormal heart shape,8
7367,ENSEMBL:ENSPTRG00000000136,gene,ENSEMBL:ENSPTRG00000000136,4
7368,HGNC:17162,gene,LSM5,4
7369,dictyBase:DDB_G0273199,gene,DDB_G0273199,4
7370,SGD:S000004478,gene,PPZ1,4
7371,ENSEMBL:ENSCAFG00000018305,gene,LLGL1,4
7372,HP:0011805,phenotype,Abnormal skeletal muscle morphology,8
7373,ZFIN:ZDB-GENE-130206-5,gene,mhc1zka,4
7374,ENSEMBL:ENSACAG00000006696,gene,ENSEMBL:ENSACAG00000006696,4
7375,dictyBase:DDB_G0273099,gene,rsmE,4
7376,MP:0011191,phenotype,increased embryonic epiblast cell apoptosis,8
7377,ENSEMBL:ENSFCAG00000007328,gene,ENSEMBL:ENSFCAG00000007328,4
7378,ZP:0003635,phenotype,"somite structure, abnormal",8
7379,ENSEMBL:ENSMMUG00000011699,gene,ENSEMBL:ENSMMUG00000011699,4
7380,Xenbase:XB-GENE-1016033,gene,hgs,4
7381,WBPhenotype:0000462,phenotype,paraquat hypersensitive,8
7382,ZP:0001147,phenotype,"mandibular arch skeleton aplastic, abnormal",8
7383,MONARCH:APO_0000204APO_0000117,phenotype,hyperosmotic stress resistance:normal,8
7384,HGNC:11778,gene,TGM2,4
7385,ZP:0005827,phenotype,"eye edematous, abnormal",8
7386,MP:0008080,phenotype,"abnormal CD8-positive, alpha-beta T cell differentiation",8
7387,HGNC:10832,gene,SH3GL3,4
7388,ENSEMBL:ENSECAG00000017141,gene,ENSEMBL:ENSECAG00000017141,4
7389,ZFIN:ZDB-GENE-040720-1,gene,ctdp1,4
7390,FlyBase:FBgn0037262,gene,MED31,4
7391,WormBase:WBGene00016239,gene,C30A5.4,4
7392,ZP:0017705,phenotype,"swimming increased process quality, abnormal",8
7393,ENSEMBL:ENSECAG00000001897,gene,ENSEMBL:ENSECAG00000001897,4
7394,ZP:0005470,phenotype,"synaptic vesicle maturation decreased process quality, abnormal",8
7395,MP:0000850,phenotype,absent cerebellum,8
7396,5347,drug,fedratinib,3
7397,ZP:0008470,phenotype,"sarcolemma muscle collapsed, abnormal",8
7398,ENSEMBL:ENSACAG00000010885,gene,ENSEMBL:ENSACAG00000010885,4
7399,ENSEMBL:ENSGALG00000002973,gene,BECN1,4
7400,dictyBase:DDB_G0290931,gene,DDB_G0290931,4
7401,ENSEMBL:ENSRNOG00000039674,gene,D4A7L5,4
7402,RGD:2275,gene,Casp3,4
7403,FlyBase:FBgn0003139,gene,PpV,4
7404,ENSEMBL:ENSECAG00000014536,gene,ENSEMBL:ENSECAG00000014536,4
7405,ENSEMBL:ENSGALG00000001013,gene,PPP6C,4
7406,ENSEMBL:ENSGALG00000017706,gene,ENSEMBL:ENSGALG00000017706,4
7407,HP:0000139,phenotype,Uterine prolapse,8
7408,ZFIN:ZDB-GENE-030131-5201,gene,haus2,4
7409,MGI:1098550,gene,Ficd,4
7410,MP:0020949,phenotype,increased susceptibility to Coronaviridae infection,8
7411,HP:0000315,phenotype,Abnormality of the orbital region,8
7412,ENSEMBL:ENSFCAG00000033628,gene,ENSEMBL:ENSFCAG00000033628,4
7413,MP:0020011,phenotype,increased bone mineral density of femur,8
7414,MP:0006301,phenotype,abnormal mesenchyme morphology,8
7415,FlyBase:FBgn0261403,gene,sxc,4
7416,SGD:S000003893,gene,NMD5,4
7417,ENSEMBL:ENSACAG00000029405,gene,ENSEMBL:ENSACAG00000029405,4
7418,ENSEMBL:ENSMODG00000025428,gene,ENSEMBL:ENSMODG00000025428,4
7419,ENSEMBL:ENSCAFG00000004954,gene,ENSEMBL:ENSCAFG00000004954,4
7420,ENSEMBL:ENSBTAG00000033143,gene,A0A3Q1M4M0,4
7421,ENSEMBL:ENSMMUG00000007676,gene,ENSEMBL:ENSMMUG00000007676,4
7422,ENSEMBL:ENSCAFG00000006857,gene,ATXN7,4
7423,HP:0011877,phenotype,Increased mean platelet volume,8
7424,ENSEMBL:ENSECAG00000011670,gene,ENSEMBL:ENSECAG00000011670,4
7425,MGI:1196256,gene,Kdm1a,4
7426,ENSEMBL:ENSGALG00000040703,gene,FLOT1,4
7427,ZP:0002037,phenotype,"liver aplastic, abnormal",8
7428,FlyBase:FBgn0027655,gene,htt,4
7429,ZP:0000871,phenotype,"embryonic viscerocranium morphogenesis disrupted, abnormal",8
7430,983,drug,econazole,3
7431,MP:0002747,phenotype,abnormal aortic valve morphology,8
7432,MP:0012128,phenotype,abnormal blastocyst formation,8
7433,HGNC:554,gene,AP1B1,4
7434,MONARCH:APO_0000040APO_0000003,phenotype,meiotic recombination:decreased,8
7435,FBcv:0000371,phenotype,male semi-sterile,8
7436,HGNC:20794,gene,ERCC6L,4
7437,HP:0200147,phenotype,Neuronal loss in basal ganglia,8
7438,ZP:0000111,phenotype,"somite fused with somite, abnormal",8
7439,RGD:1562692,gene,Atxn7,4
7440,Xenbase:XB-GENE-1006488,gene,sod1,4
7441,MP:0009781,phenotype,abnormal preimplantation embryo development,8
7442,RGD:620942,gene,Dnaja1,4
7443,SGD:S000001564,gene,TEF4,4
7444,PomBase:SPCC18.06c,gene,caf1,4
7445,MGI:3711071,genotype,Tg(YAC353G6)W7Hay/Tg(YAC353G6)W7Hay [FVB/NJ-Tg(YAC353G6)W7Hay],6
7446,PomBase:SPBP35G2.10,gene,mit1,4
7447,HP:0012433,phenotype,Abnormal social behavior,8
7448,ZP:0006347,phenotype,"intestinal villus disorganized, abnormal",8
7449,MONARCH:APO_0000276APO_0000004,phenotype,prion formation:increased,8
7450,HGNC:12420,gene,TUFM,4
7451,1574,drug,levorphanol,3
7452,WormBase:WBGene00000247,gene,bec-1,4
7453,ENSEMBL:ENSMMUG00000020043,gene,ENSEMBL:ENSMMUG00000020043,4
7454,WBPhenotype:0001876,phenotype,centriole biogenesis variant,8
7455,ENSEMBL:ENSPTRG00000045880,gene,ENSEMBL:ENSPTRG00000045880,4
7456,ENSEMBL:ENSBTAG00000005786,gene,ENSEMBL:ENSBTAG00000005786,4
7457,HP:0008628,phenotype,Abnormality of the stapes,8
7458,MP:0012531,phenotype,delayed limb development,8
7459,HP:0005222,phenotype,Bowel diverticulosis,8
7460,HP:0001627,phenotype,Abnormal heart morphology,8
7461,PomBase:SPBC1105.10,gene,rav1,4
7462,WBPhenotype:0000070,phenotype,male tail morphology variant,8
7463,ZP:0018337,phenotype,"glossopharyngeal ganglion lacks parts or has fewer parts of type axon glossopharyngeal ganglion, abnormal",8
7464,MGI:96269,gene,Ranbp1,4
7465,HP:0011165,phenotype,Focal sensory seizure with visual features,8
7466,WormBase:WBGene00008852,gene,ubql-1,4
7467,HP:0001743,phenotype,Abnormality of the spleen,8
7468,FlyBase:FBgn0042711,gene,Hex-t1,4
7469,ENSEMBL:ENSCAFG00000019840,gene,ENSEMBL:ENSCAFG00000019840,4
7470,ENSEMBL:ENSACAG00000004790,gene,ENSEMBL:ENSACAG00000004790,4
7471,ZFIN:ZDB-GENE-031007-6,gene,dmxl2,4
7472,ENSEMBL:ENSECAG00000016416,gene,ENSEMBL:ENSECAG00000016416,4
7473,ZP:0018232,phenotype,"blood cell accumulation sinus venosus, abnormal",8
7474,MGI:107384,gene,Dnm1,4
7475,HP:0001824,phenotype,Weight loss,8
7476,RGD:619747,gene,Stx7,4
7477,dictyBase:DDB_G0293006,gene,gefF,4
7478,HP:0002418,phenotype,Abnormal midbrain morphology,8
7479,ZP:0006024,phenotype,"forebrain aplastic, abnormal",8
7480,MP:0013272,phenotype,abnormal translation,8
7481,WBPhenotype:0001014,phenotype,pathogen resistance increased,8
7482,ZP:0000685,phenotype,"heart physical object quality, abnormal",8
7483,ENSEMBL:ENSBTAG00000020963,gene,ENSEMBL:ENSBTAG00000020963,4
7484,HP:0000160,phenotype,Narrow mouth,8
7485,ENSEMBL:ENSCAFG00000008719,gene,ENSEMBL:ENSCAFG00000008719,4
7486,ENSEMBL:ENSACAG00000009452,gene,ENSEMBL:ENSACAG00000009452,4
7487,RGD:2640,gene,Mid1,4
7488,RGD:621649,gene,Plec,4
7489,WBPhenotype:0000564,phenotype,echo defecation cycle,8
7490,ZP:0018531,phenotype,"spinal cord decreased occurrence central nervous system myelination, abnormal",8
7491,ENSEMBL:ENSSSCG00000010481,gene,ENSEMBL:ENSSSCG00000010481,4
7492,ENSEMBL:ENSBTAG00000012748,gene,ENSEMBL:ENSBTAG00000012748,4
7493,ENSEMBL:ENSECAG00000010033,gene,ENSEMBL:ENSECAG00000010033,4
7494,HP:0000768,phenotype,Pectus carinatum,8
7495,ZFIN:ZDB-GENE-040822-18,gene,cdc26,4
7496,MONARCH:APO_0000046APO_0000002,phenotype,silencing:abnormal,8
7497,ZP:0001091,phenotype,"post-vent region increased curvature, abnormal",8
7498,PomBase:SPAC8F11.03,gene,msh3,4
7499,FBcv:0000386,phenotype,long lived,8
7500,ENSEMBL:ENSMODG00000015941,gene,ENSEMBL:ENSMODG00000015941,4
7501,RGD:2202,gene,Bdnf,4
7502,ENSEMBL:ENSACAG00000016233,gene,ENSEMBL:ENSACAG00000016233,4
7503,RGD:1306152,gene,Ninl,4
7504,WormBase:WBGene00012209,gene,hmg-20,4
7505,ZFIN:ZDB-GENE-010319-31,gene,siah1,4
7506,WormBase:WBGene00000482,gene,chd-3,4
7507,ENSEMBL:ENSBTAG00000013010,gene,ENSEMBL:ENSBTAG00000013010,4
7508,ENSEMBL:ENSFCAG00000024388,gene,ENSEMBL:ENSFCAG00000024388,4
7509,MP:0008623,phenotype,increased circulating interleukin-3 level,8
7510,ENSEMBL:ENSSSCG00000012654,gene,ENSEMBL:ENSSSCG00000012654,4
7511,ENSEMBL:ENSECAG00000018485,gene,ENSEMBL:ENSECAG00000018485,4
7512,Xenbase:XB-GENE-479960,gene,casp3.2,4
7513,MP:0002741,phenotype,small olfactory bulb,8
7514,RGD:1559726,gene,RGD1559726,4
7515,HP:0040088,phenotype,Abnormal lymphocyte count,8
7516,NCBIGene:450202,gene,PATR-B,4
7517,HGNC:17002,gene,PIAS4,4
7518,MP:0001353,phenotype,increased aggression towards mice,8
7519,ZP:0100209,phenotype,"retinal outer nuclear layer increased amount, abnormal",8
7520,HP:0012100,phenotype,Abnormal circulating creatinine concentration,8
7521,ENSEMBL:ENSACAG00000006267,gene,ENSEMBL:ENSACAG00000006267,4
7522,MGI:88059,gene,App,4
7523,ZFIN:ZDB-GENE-030131-1731,gene,lgi1a,4
7524,ENSEMBL:ENSGALG00000052329,gene,PEX11B,4
7525,MP:0009125,phenotype,decreased brown fat cell lipid droplet size,8
7526,MGI:1333850,gene,Mbd4,4
7527,Xenbase:XB-GENE-5719290,gene,med21,4
7528,ZP:0137437,phenotype,"retinal neural layer protruding into brain, abnormal",8
7529,FlyBase:FBgn0260397,gene,Su(var)3-3,4
7530,EnsemblGenome:BAA15029,gene,EnsemblGenome:BAA15029,4
7531,HP:0002398,phenotype,Degeneration of anterior horn cells,8
7532,FlyBase:FBgn0002787,gene,Rpn8,4
7533,HP:0001900,phenotype,Increased hemoglobin,8
7534,ENSEMBL:ENSCAFG00000019590,gene,ENSEMBL:ENSCAFG00000019590,4
7535,ZP:0100480,phenotype,"posterior region neuroectoderm absent, abnormal",8
7536,ENSEMBL:ENSSSCG00000017756,gene,NLK,4
7537,887,drug,dihydroergocristine,3
7538,HGNC:2494,gene,CTBP1,4
7539,ENSEMBL:ENSMODG00000003423,gene,ENSEMBL:ENSMODG00000003423,4
7540,HP:0002457,phenotype,Abnormal head movements,8
7541,MP:0001489,phenotype,decreased startle reflex,8
7542,HGNC:939,gene,BAG3,4
7543,dictyBase:DDB_G0277803,gene,rpl4,4
7544,WormBase:WBGene00019207,gene,fgt-1,4
7545,Coriell:GM04476,biological artifact,NIGMS-GM04476,0
7546,MP:0002451,phenotype,abnormal macrophage physiology,8
7547,MP:0012156,phenotype,rostral-caudal axis duplication,8
7548,ENSEMBL:ENSPTRG00000001856,gene,ENSEMBL:ENSPTRG00000001856,4
7549,ENSEMBL:ENSFCAG00000003525,gene,ENSEMBL:ENSFCAG00000003525,4
7550,ENSEMBL:ENSRNOG00000030638,gene,F1M269,4
7551,SGD:S000004765,gene,TPP1,4
7552,dbSNP:rs363075,variant,rs363075-A,10
7553,WBPhenotype:0001813,phenotype,synapsis defective,8
7554,MP:0008713,phenotype,abnormal cytokine level,8
7555,HP:0007678,phenotype,Lacrimal duct stenosis,8
7556,WBPhenotype:0000035,phenotype,larval body morphology variant,8
7557,MP:0020526,phenotype,enlarged thalamus,8
7558,MP:0002269,phenotype,muscular atrophy,8
7559,Xenbase:XB-GENE-495311,gene,hsp90ab1,4
7560,ENSEMBL:ENSCAFG00000018330,gene,ENSEMBL:ENSCAFG00000018330,4
7561,ENSEMBL:ENSPTRG00000009477,gene,ENSEMBL:ENSPTRG00000009477,4
7562,FlyBase:FBgn0086558,gene,Ubi-p5E,4
7563,ENSEMBL:ENSACAG00000009127,gene,ENSEMBL:ENSACAG00000009127,4
7564,HP:0005479,phenotype,Decreased circulating IgE,8
7565,ZFIN:ZDB-GENE-050419-28,gene,dctn1b,4
7566,ENSEMBL:ENSACAG00000012314,gene,ENSEMBL:ENSACAG00000012314,4
7567,WormBase:WBGene00011926,gene,sptf-2,4
7568,MP:0002856,phenotype,abnormal vestibular ganglion morphology,8
7569,EnsemblGenome:AT1G10230,gene,EnsemblGenome:AT1G10230,4
7570,WBPhenotype:0000994,phenotype,intestinal contractions variant,8
7571,ZFIN:ZDB-GENE-040426-1069,gene,chuk,4
7572,Xenbase:XB-GENE-5777932,gene,dhx30,4
7573,Coriell:GM05376,biological artifact,NIGMS-GM05376,0
7574,MP:0002883,phenotype,chromatolysis,8
7575,HGNC:2717,gene,DDB1,4
7576,MP:0008546,phenotype,abnormal vesicle-mediated transport,8
7577,RGD:1598233,gene,RT1-T24-4,4
7578,NCBITaxon:10116,taxon,Rattus norvegicus,9
7579,SGD:S000002979,gene,SCL1,4
7580,ZP:0008882,phenotype,"double-strand break repair via nonhomologous end joining decreased frequency, abnormal",8
7581,ENSEMBL:ENSPTRG00000023315,gene,ENSEMBL:ENSPTRG00000023315,4
7582,MP:0001463,phenotype,abnormal spatial learning,8
7583,Xenbase:XB-GENE-961352,gene,cox16,4
7584,MGI:3045344,gene,Mageb18,4
7585,Coriell:GM02079,biological artifact,NIGMS-GM02079,0
7586,ZP:0130872,phenotype,"axon spinal cord decreased thickness, abnormal",8
7587,ZP:0001445,phenotype,"pronephros cystic, abnormal",8
7588,HP:0000492,phenotype,Abnormal eyelid morphology,8
7589,MP:0030457,phenotype,abnormal molar cusp morphology,8
7590,MGI:97549,gene,Pfn1,4
7591,MP:0009455,phenotype,enhanced cued conditioning behavior,8
7592,WBPhenotype:0002210,phenotype,extra rays,8
7593,MGI:1096327,gene,Axin1,4
7594,Xenbase:XB-GENE-983413,gene,npy2r,4
7595,ENSEMBL:ENSOANG00000002507,gene,ENSEMBL:ENSOANG00000002507,4
7596,ENSEMBL:ENSMMUG00000017217,gene,ENSEMBL:ENSMMUG00000017217,4
7597,ZP:0000689,phenotype,"sprouting angiogenesis process quality, abnormal",8
7598,ZP:0019052,phenotype,"optic tectum increased occurrence cell death, abnormal",8
7599,MONARCH:APO_0000309APO_0000003,phenotype,respiratory growth:decreased,8
7600,MP:0030140,phenotype,facial muscle atrophy,8
7601,dictyBase:DDB_G0268444,gene,DDB_G0268444,4
7602,MGI:2653603,genotype,Tg(HDexon1)61Gpb [involves: C57BL/6 * CBA/J],6
7603,HGNC:5959,gene,ELP1,4
7604,MP:0012114,phenotype,absent inner cell mass proliferation,8
7605,HGNC:5241,gene,HSPA8,4
7606,ENSEMBL:ENSBTAG00000023978,gene,ENSEMBL:ENSBTAG00000023978,4
7607,RGD:620475,gene,Npy2r,4
7608,ENSEMBL:ENSMODG00000007497,gene,ENSEMBL:ENSMODG00000007497,4
7609,ENSEMBL:ENSOANG00000010076,gene,ENSEMBL:ENSOANG00000010076,4
7610,dictyBase:DDB_G0279911,gene,ndkM,4
7611,MP:0001802,phenotype,arrested B cell differentiation,8
7612,WBPhenotype:0000433,phenotype,DNA synthesis variant,8
7613,MP:0003269,phenotype,colon polyps,8
7614,MP:0003816,phenotype,abnormal pituitary gland development,8
7615,WormBase:WBGene00010038,gene,rheb-1,4
7616,ZFIN:ZDB-GENE-050913-35,gene,pacsin1b,4
7617,WBPhenotype:0001274,phenotype,organism heat hypersensitive,8
7618,WBPhenotype:0001896,phenotype,gamma ray induced apoptosis decreased,8
7619,MP:0008806,phenotype,increased circulating amylase level,8
7620,MP:0008943,phenotype,increased sensitivity to induced cell death,8
7621,RGD:1311862,gene,Mgrn1,4
7622,MP:0009623,phenotype,enlarged inguinal lymph nodes,8
7623,ENSEMBL:ENSFCAG00000000249,gene,ENSEMBL:ENSFCAG00000000249,4
7624,ENSEMBL:ENSECAG00000024998,gene,ENSEMBL:ENSECAG00000024998,4
7625,ENSEMBL:ENSCAFG00000024323,gene,ENSEMBL:ENSCAFG00000024323,4
7626,WBPhenotype:0000646,phenotype,sluggish,8
7627,ENSEMBL:ENSMMUG00000056934,gene,ENSEMBL:ENSMMUG00000056934,4
7628,ENSEMBL:ENSMODG00000006521,gene,ENSEMBL:ENSMODG00000006521,4
7629,MP:0001951,phenotype,abnormal breathing pattern,8
7630,ZP:0003998,phenotype,"cerebellum disorganized, abnormal",8
7631,MP:0002268,phenotype,abnormal terminal bronchiole morphology,8
7632,WormBase:WBGene00018960,gene,ilcr-2,4
7633,2363,drug,remifentanil,3
7634,ENSEMBL:ENSECAG00000018468,gene,ENSEMBL:ENSECAG00000018468,4
7635,WBPhenotype:0001328,phenotype,posterior body dumpy,8
7636,SGD:S000000112,gene,FUS3,4
7637,MP:0001731,phenotype,abnormal postnatal growth,8
7638,ENSEMBL:ENSMMUG00000007449,gene,ENSEMBL:ENSMMUG00000007449,4
7639,MP:0002983,phenotype,increased retinal ganglion cell number,8
7640,2504,drug,sulfaethidole,3
7641,ZP:0137233,phenotype,"filopodium CaP motoneuron decreased length, abnormal",8
7642,ENSEMBL:ENSFCAG00000022474,gene,ENSEMBL:ENSFCAG00000022474,4
7643,ENSEMBL:ENSMMUG00000019679,gene,ENSEMBL:ENSMMUG00000019679,4
7644,WormBase:WBGene00006385,gene,taf-4,4
7645,ENSEMBL:ENSFCAG00000004808,gene,ENSEMBL:ENSFCAG00000004808,4
7646,RGD:1583234,gene,Gemin7l1,4
7647,ENSEMBL:ENSOANG00000002628,gene,ENSEMBL:ENSOANG00000002628,4
7648,MP:0013733,phenotype,squamous metaplasia of bulbourethral gland,8
7649,MGI:109152,gene,Lig3,4
7650,HP:0012132,phenotype,Erythroid hyperplasia,8
7651,WBPhenotype:0001150,phenotype,polar body reabsorbed one two early emb,8
7652,MONARCH:APO_0000214APO_0000002,phenotype,position of spindle pole body:abnormal,8
7653,ENSEMBL:ENSCAFG00000015834,gene,ENSEMBL:ENSCAFG00000015834,4
7654,MP:0009299,phenotype,decreased mesenteric fat pad weight,8
7655,ZP:0002893,phenotype,"apical protein localization disrupted, abnormal",8
7656,MGI:99484,gene,Chuk,4
7657,Xenbase:XB-GENE-995661,gene,haus4,4
7658,MP:0002275,phenotype,abnormal type II pneumocyte morphology,8
7659,HP:0004329,phenotype,Abnormal posterior eye segment morphology,8
7660,Xenbase:XB-GENE-958272,gene,trafd1,4
7661,WBPhenotype:0001637,phenotype,no Intestine,8
7662,ENSEMBL:ENSACAG00000013092,gene,ENSEMBL:ENSACAG00000013092,4
7663,ZP:0007119,phenotype,"epithelial cell somite morphology, abnormal",8
7664,ENSEMBL:ENSSSCG00000010548,gene,CHUK,4
7665,PomBase:SPAC17H9.10c,gene,ddb1,4
7666,GO:1904504,molecular function,positive regulation of lipophagy,7
7667,RGD:3160,gene,Nefm,4
7668,ENSEMBL:ENSBTAG00000005076,gene,SYVN1,4
7669,HP:0000010,phenotype,Recurrent urinary tract infections,8
7670,RGD:71024,gene,Actr3,4
7671,ENSEMBL:ENSPTRG00000046752,gene,ENSEMBL:ENSPTRG00000046752,4
7672,ENSEMBL:ENSOANG00000009107,gene,ENSEMBL:ENSOANG00000009107,4
7673,FlyBase:FBgn0264855,gene,AP-2alpha,4
7674,ENSEMBL:ENSMODG00000017105,gene,ENSEMBL:ENSMODG00000017105,4
7675,ENSEMBL:ENSBTAG00000007390,gene,VAT1,4
7676,FBcv:0002021,phenotype,some die during first instar larval stage,8
7677,MP:0001935,phenotype,decreased litter size,8
7678,ZP:0008443,phenotype,"detection of mechanical stimulus involved in sensory perception of sound decreased process quality, abnormal",8
7679,WBPhenotype:0002338,phenotype,body proportion variant,8
7680,MP:0006204,phenotype,embryonic lethality before implantation,8
7681,MGI:2183436,gene,Nrbp1,4
7682,MP:0004701,phenotype,decreased circulating insulin-like growth factor I level,8
7683,ENSEMBL:ENSBTAG00000024605,gene,ENSEMBL:ENSBTAG00000024605,4
7684,HP:0003219,phenotype,Ethylmalonic aciduria,8
7685,ENSEMBL:ENSACAG00000008108,gene,ENSEMBL:ENSACAG00000008108,4
7686,WBPhenotype:0001919,phenotype,gut granules enlarged,8
7687,MP:0004268,phenotype,abnormal optic stalk morphology,8
7688,PomBase:SPBC12C2.10c,gene,pst1,4
7689,MP:0008499,phenotype,increased IgG1 level,8
7690,WormBase:WBGene00021296,gene,Y25C1A.13,4
7691,ENSEMBL:ENSGALG00000005707,gene,ENSEMBL:ENSGALG00000005707,4
7692,RGD:71001,gene,Dnaja2,4
7693,HGNC:9537,gene,PSMB1,4
7694,ENSEMBL:ENSFCAG00000005686,gene,ENSEMBL:ENSFCAG00000005686,4
7695,ZP:0019054,phenotype,"forebrain increased occurrence cell death, abnormal",8
7696,MGI:4438241,genotype,Tg(HTT*)1Xwy [FVB-Tg(HTT*)1Xwy],6
7697,MGI:1919083,gene,Dcaf7,4
7698,MP:0000860,phenotype,abnormal primary somatosensory cortex morphology,8
7699,MP:0009403,phenotype,increased variability of skeletal muscle fiber size,8
7700,ZP:0018113,phenotype,"enteric neuron posterior intestine absent, abnormal",8
7701,MP:0009767,phenotype,decreased sensitivity to xenobiotic induced morbidity/mortality,8
7702,ENSEMBL:ENSRNOG00000046761,gene,LOC103690102,4
7703,4187,drug,crizotinib,3
7704,ENSEMBL:ENSECAG00000009636,gene,ENSEMBL:ENSECAG00000009636,4
7705,MP:0004748,phenotype,increased susceptibility to age-related hearing loss,8
7706,ENSEMBL:ENSACAG00000017921,gene,ENSEMBL:ENSACAG00000017921,4
7707,HP:0010646,phenotype,Cervical spine instability,8
7708,MP:0010763,phenotype,abnormal hematopoietic stem cell physiology,8
7709,ENSEMBL:ENSOANG00000047036,gene,ENSEMBL:ENSOANG00000047036,4
7710,HP:0001319,phenotype,Neonatal hypotonia,8
7711,RGD:61813,gene,Ftl1,4
7712,MP:0001053,phenotype,abnormal neuromuscular synapse morphology,8
7713,MP:0002059,phenotype,abnormal seminal vesicle morphology,8
7714,Xenbase:XB-GENE-1004249,gene,ing5,4
7715,ZP:0008391,phenotype,"heart decreased object quality, abnormal",8
7716,PomBase:SPBC1604.10,gene,srb7,4
7717,MP:0010879,phenotype,decreased trabecular bone volume,8
7718,ENSEMBL:ENSFCAG00000001625,gene,ENSEMBL:ENSFCAG00000001625,4
7719,PomBase:SPAC17G8.14c,gene,pck1,4
7720,ENSEMBL:ENSCAFG00000007067,gene,ENSEMBL:ENSCAFG00000007067,4
7721,WBPhenotype:0002293,phenotype,body posture amplitude increased,8
7722,HGNC:16154,gene,SNX21,4
7723,MP:0002978,phenotype,absent otoliths,8
7724,1874,drug,nalbuphine,3
7725,dictyBase:DDB_G0289593,gene,tufm,4
7726,MGI:1914943,gene,Hypk,4
7727,WormBase:WBGene00016374,gene,swd-2.2,4
7728,HGNC:23332,gene,COMMD3,4
7729,MP:0008395,phenotype,abnormal osteoblast differentiation,8
7730,WBPhenotype:0002155,phenotype,pre miRNA processing defective,8
7731,HP:0012875,phenotype,Abnormal ejaculation,8
7732,ENSEMBL:ENSMMUG00000009773,gene,ENSEMBL:ENSMMUG00000009773,4
7733,ZFIN:ZDB-GENE-030131-9631,gene,ogt.1,4
7734,MP:0001400,phenotype,hyperresponsive,8
7735,EFO:0006940,phenotype,optic cup area measurement,8
7736,HP:0000798,phenotype,Oligospermia,8
7737,MP:0002411,phenotype,decreased susceptibility to bacterial infection,8
7738,WBPhenotype:0001382,phenotype,protein modification variant,8
7739,SGD:S000002837,gene,TIF35,4
7740,RGD:2909,gene,Kpnb1,4
7741,dbSNPIndividual:22796,genotype,46;XY.arr(1-22)x2;(XY)x1 [GM09197],6
7742,ENSEMBL:ENSBTAG00000006756,gene,MATR3,4
7743,ENSEMBL:ENSMMUG00000016428,gene,ENSEMBL:ENSMMUG00000016428,4
7744,MP:0008223,phenotype,absent hippocampal commissure,8
7745,ENSEMBL:ENSACAG00000006285,gene,ENSEMBL:ENSACAG00000006285,4
7746,ENSEMBL:ENSCAFG00000000641,gene,ENSEMBL:ENSCAFG00000000641,4
7747,ENSEMBL:ENSACAG00000012744,gene,ENSEMBL:ENSACAG00000012744,4
7748,ZP:0003834,phenotype,"lipid metabolic process disrupted, abnormal",8
7749,MGI:95933,gene,H2-Q4,4
7750,RGD:2318093,gene,Haus5,4
7751,ENSEMBL:ENSGALG00000031284,gene,ENSEMBL:ENSGALG00000031284,4
7752,ZP:0003234,phenotype,"glomerular filtration disrupted, abnormal",8
7753,ZP:0019668,phenotype,"hindbrain development process quality, abnormal",8
7754,ZFIN:ZDB-GENE-030131-5512,gene,ppp1cab,4
7755,dictyBase:DDB_G0275703,gene,gefN,4
7756,ENSEMBL:ENSBTAG00000006268,gene,ENSEMBL:ENSBTAG00000006268,4
7757,WormBase:WBGene00020985,gene,W03D8.2,4
7758,ZP:0004263,phenotype,"primitive hemopoiesis disrupted, abnormal",8
7759,EFO:0007993,phenotype,lymphocyte percentage of leukocytes,8
7760,PomBase:SPAC12G12.03,gene,cip2,4
7761,dictyBase:DDB_G0292074,gene,commd1,4
7762,ZP:0006336,phenotype,"fin kinked, abnormal",8
7763,ZP:0018602,phenotype,"hindbrain increased amount, abnormal",8
7764,FlyBase:FBgn0036239,gene,Pop2,4
7765,WBPhenotype:0000862,phenotype,bloated,8
7766,ZP:0002260,phenotype,"notochord cell vacuolation decreased process quality, abnormal",8
7767,ENSEMBL:ENSPTRG00000039222,gene,ENSEMBL:ENSPTRG00000039222,4
7768,ENSEMBL:ENSMODG00000009475,gene,ENSEMBL:ENSMODG00000009475,4
7769,MP:0008078,phenotype,"increased CD8-positive, alpha-beta T cell number",8
7770,FlyBase:FBal0293482,variant,htt[HMS02845],10
7771,HP:0010535,phenotype,Sleep apnea,8
7772,MP:0000693,phenotype,spleen hyperplasia,8
7773,NCBITaxon:284812,taxon,Schizosaccharomyces pombe 972h-,9
7774,MP:0004265,phenotype,abnormal placental transport,8
7775,HP:0001271,phenotype,Polyneuropathy,8
7776,PomBase:SPAC22G7.09c,gene,nup45,4
7777,HP:0000502,phenotype,Abnormal conjunctiva morphology,8
7778,WBPhenotype:0001212,phenotype,cuticle fragile,8
7779,FlyBase:FBgn0023174,gene,Prosbeta2,4
7780,ZP:0005095,phenotype,"somite lacks parts or has fewer parts of type fast muscle cell, abnormal",8
7781,ENSEMBL:ENSOANG00000046842,gene,ENSEMBL:ENSOANG00000046842,4
7782,MONARCH:APO_0000326APO_0000004,phenotype,desiccation resistance:increased,8
7783,ENSEMBL:ENSBTAG00000011876,gene,MORC3,4
7784,dictyBase:DDB_G0268258,gene,kif12,4
7785,FlyBase:FBgn0001624,gene,dlg1,4
7786,ZP:0138062,phenotype,"swimming decreased spatial extent of a process, abnormal",8
7787,FlyBase:FBgn0001108,gene,DCTN1-p150,4
7788,HGNC:9781,gene,RAB4A,4
7789,ENSEMBL:ENSFCAG00000030808,gene,ENSEMBL:ENSFCAG00000030808,4
7790,MP:0020935,phenotype,decreased susceptibility to Retroviridae infection,8
7791,ENSEMBL:ENSCAFG00000002451,gene,ZNF451,4
7792,ENSEMBL:ENSOANG00000009397,gene,ENSEMBL:ENSOANG00000009397,4
7793,WormBase:WBGene00004415,gene,rpl-4,4
7794,Xenbase:XB-GENE-481992,gene,smad3,4
7795,Coriell:GM01083,biological artifact,NIGMS-GM01083,0
7796,ZP:0022720,phenotype,"feeding behavior process quality, abnormal",8
7797,HGNC:19425,gene,IPO9,4
7798,ENSEMBL:ENSCAFG00000017620,gene,ENSEMBL:ENSCAFG00000017620,4
7799,RGD:1595070,gene,Dppa4,4
7800,dictyBase:DDB_G0279151,gene,cenB,4
7801,ENSEMBL:ENSOANG00000038661,gene,ENSEMBL:ENSOANG00000038661,4
7802,FBcv:0000442,phenotype,radiation sensitive,8
7803,ENSEMBL:ENSOANG00000001198,gene,ENSEMBL:ENSOANG00000001198,4
7804,ENSEMBL:ENSFCAG00000011685,gene,ENSEMBL:ENSFCAG00000011685,4
7805,dbSNP:rs82334,variant,rs82334-A,10
7806,RGD:1305283,gene,Cmc1,4
7807,Coriell:GM04818,biological artifact,NIGMS-GM04818,0
7808,dictyBase:DDB_G0285683,gene,eif3I,4
7809,ZFIN:ZDB-GENE-041014-35,gene,stx7l,4
7810,EnsemblGenome:BAB96602,gene,EnsemblGenome:BAB96602,4
7811,HGNC:6919,gene,MBD4,4
7812,ENSEMBL:ENSMODG00000029529,gene,ENSEMBL:ENSMODG00000029529,4
7813,WBPhenotype:0001973,phenotype,germ cell compartment size variant,8
7814,ZP:0001449,phenotype,"whole organism curved dorsal, abnormal",8
7815,ENSEMBL:ENSPTRG00000000614,gene,ENSEMBL:ENSPTRG00000000614,4
7816,ENSEMBL:ENSACAG00000011733,gene,ENSEMBL:ENSACAG00000011733,4
7817,ENSEMBL:ENSGALG00000011209,gene,EVL,4
7818,ZP:0100535,phenotype,"motor neuron facial nerve motor nucleus increased amount, abnormal",8
7819,ZP:0012827,phenotype,"sensory perception of sound process quality, abnormal",8
7820,dictyBase:DDB_G0277849,gene,dymA,4
7821,ENSEMBL:ENSMMUG00000015803,gene,ENSEMBL:ENSMMUG00000015803,4
7822,MP:0004981,phenotype,decreased neuronal precursor cell number,8
7823,WormBase:WBGene00016798,gene,ets-8,4
7824,dictyBase:DDB_G0293752,gene,psmD2,4
7825,ZP:0102172,phenotype,"caudal fin development process quality, abnormal",8
7826,ZP:0003733,phenotype,"peripheral neuron branchiness, abnormal",8
7827,WormBase:WBGene00006536,gene,tbb-1,4
7828,ENSEMBL:ENSGALG00000034374,gene,ENSEMBL:ENSGALG00000034374,4
7829,ZFIN:ZDB-GENE-110919-2,gene,il17ra3,4
7830,ENSEMBL:ENSPTRG00000014075,gene,ENSEMBL:ENSPTRG00000014075,4
7831,ENSEMBL:ENSFCAG00000028502,gene,ENSEMBL:ENSFCAG00000028502,4
7832,HP:0010864,phenotype,"Intellectual disability, severe",8
7833,WBPhenotype:0000704,phenotype,excretory canal morphology variant,8
7834,MGI:1922391,gene,Rasd2,4
7835,PomBase:SPBC32F12.11,gene,tdh1,4
7836,MP:0000424,phenotype,retarded hair growth,8
7837,HP:0001700,phenotype,Myocardial necrosis,8
7838,ENSEMBL:ENSECAG00000018445,gene,ENSEMBL:ENSECAG00000018445,4
7839,HP:0001344,phenotype,Absent speech,8
7840,ENSEMBL:ENSSSCG00000016649,gene,F1SJA8,4
7841,ENSEMBL:ENSFCAG00000014170,gene,ENSEMBL:ENSFCAG00000014170,4
7842,WBPhenotype:0000965,phenotype,somatic cell death variant,8
7843,ENSEMBL:ENSGALG00000020249,gene,ENSEMBL:ENSGALG00000020249,4
7844,HGNC:6868,gene,MAP6,4
7845,WBPhenotype:0001819,phenotype,pathogen load variant,8
7846,MP:0005438,phenotype,abnormal glycogen homeostasis,8
7847,ZP:0137228,phenotype,"synapse CaP motoneuron morphology, abnormal",8
7848,ENSEMBL:ENSMMUG00000011769,gene,ENSEMBL:ENSMMUG00000011769,4
7849,MP:0004323,phenotype,sternum hypoplasia,8
7850,dictyBase:DDB_G0282009,gene,DDB0229927,4
7851,MONARCH:APO_0000307APO_0000005,phenotype,anaerobic growth:absent,8
7852,EnsemblGenome:AT4G11380,gene,EnsemblGenome:AT4G11380,4
7853,MP:0001713,phenotype,decreased trophoblast giant cell number,8
7854,ENSEMBL:ENSFCAG00000035181,gene,ENSEMBL:ENSFCAG00000035181,4
7855,ENSEMBL:ENSFCAG00000024404,gene,ENSEMBL:ENSFCAG00000024404,4
7856,WBPhenotype:0000122,phenotype,post translational processing variant,8
7857,HP:0012020,phenotype,Right aortic arch,8
7858,WormBase:WBGene00004811,gene,skr-5,4
7859,MP:0003448,phenotype,abnormal tumor morphology,8
7860,HGNC:14651,gene,PPIH,4
7861,ENSEMBL:ENSECAG00000024227,gene,ENSEMBL:ENSECAG00000024227,4
7862,ZFIN:ZDB-GENE-040426-1399,gene,bag2,4
7863,MGI:1915107,gene,Ppp6c,4
7864,WormBase:WBGene00008506,gene,tkt-1,4
7865,ENSEMBL:ENSFCAG00000025392,gene,ENSEMBL:ENSFCAG00000025392,4
7866,ENSEMBL:ENSECAG00000018337,gene,ENSEMBL:ENSECAG00000018337,4
7867,RGD:1598232,gene,RT1-M6-1,4
7868,ZP:0006341,phenotype,"pronephric duct decreased thickness, abnormal",8
7869,WBPhenotype:0001951,phenotype,pachytene region organization variant,8
7870,522,drug,carvedilol,3
7871,MP:0008862,phenotype,asymmetric snout,8
7872,HP:0012592,phenotype,Albuminuria,8
7873,ZP:0011149,phenotype,"locomotor rhythm process quality, abnormal",8
7874,FBcv:0002038,phenotype,some die during pharate adult stage,8
7875,ENSEMBL:ENSSSCG00000004074,gene,OPRM1,4
7876,WBPhenotype:0001657,phenotype,cell junction variant,8
7877,RGD:2364,gene,Cltc,4
7878,ENSEMBL:ENSMMUG00000016544,gene,ENSEMBL:ENSMMUG00000016544,4
7879,ENSEMBL:ENSECAG00000013971,gene,ENSEMBL:ENSECAG00000013971,4
7880,ENSEMBL:ENSCAFG00000016678,gene,KPNB1,4
7881,ZP:0004375,phenotype,"pharyngeal arch cartilage morphology, abnormal",8
7882,Xenbase:XB-GENE-6455928,gene,snx21,4
7883,MP:0001629,phenotype,abnormal heart rate,8
7884,ENSEMBL:ENSACAG00000000745,gene,ENSEMBL:ENSACAG00000000745,4
7885,EFO:0004345,phenotype,corneal topography,8
7886,WBPhenotype:0002312,phenotype,turning frequency variant,8
7887,FlyBase:FBgn0039386,gene,CG5948,4
7888,ENSEMBL:ENSACAG00000001366,gene,ENSEMBL:ENSACAG00000001366,4
7889,ZP:0009339,phenotype,"pectoral fin morphogenesis process quality, abnormal",8
7890,RGD:1308655,gene,Lsm5,4
7891,MP:0009267,phenotype,abnormal cerebellum fissure morphology,8
7892,ENSEMBL:ENSBTAG00000046468,gene,ENSEMBL:ENSBTAG00000046468,4
7893,MP:0008222,phenotype,decreased hippocampal commissure size,8
7894,SGD:S000003304,gene,UPF3,4
7895,ENSEMBL:ENSSSCG00000022896,gene,CRMP1,4
7896,WormBase:WBGene00001006,gene,dlg-1,4
7897,MP:0001186,phenotype,pigmentation phenotype,8
7898,ZP:0006340,phenotype,"neuroepithelial cell retinal pigmented epithelium disorganized, abnormal",8
7899,ENSEMBL:ENSBTAG00000019216,gene,ENSEMBL:ENSBTAG00000019216,4
7900,MGI:1891254,gene,Bag2,4
7901,MP:0001881,phenotype,abnormal mammary gland physiology,8
7902,MP:0005545,phenotype,abnormal lens development,8
7903,MGI:108498,gene,Nbr1,4
7904,PomBase:SPBP8B7.24c,gene,atg8,4
7905,MP:0005402,phenotype,abnormal action potential,8
7906,ZP:0005432,phenotype,"atrium inverted, abnormal",8
7907,NCBIGene:548377,gene,cyp2c37,4
7908,HP:0002205,phenotype,Recurrent respiratory infections,8
7909,MP:0009356,phenotype,decreased liver triglyceride level,8
7910,ZP:0000870,phenotype,"ossification disrupted, abnormal",8
7911,ENSEMBL:ENSGALG00000001768,gene,ENSEMBL:ENSGALG00000001768,4
7912,ENSEMBL:ENSBTAG00000045756,gene,G3MX54,4
7913,WBPhenotype:0000025,phenotype,blistered,8
7914,MGI:98351,gene,Sod1,4
7915,WBPhenotype:0001227,phenotype,commissure absent,8
7916,FlyBase:FBgn0020496,gene,CtBP,4
7917,MP:0020288,phenotype,ectopic limbs,8
7918,ENSEMBL:ENSMMUG00000010581,gene,ENSEMBL:ENSMMUG00000010581,4
7919,ZFIN:ZDB-GENE-060929-592,gene,haus3,4
7920,ENSEMBL:ENSMMUG00000004560,gene,ENSEMBL:ENSMMUG00000004560,4
7921,MP:0000208,phenotype,decreased hematocrit,8
7922,ZP:0003669,phenotype,"sarcomerogenesis disrupted, abnormal",8
7923,dictyBase:DDB_G0278867,gene,DDB0206250,4
7924,HP:0000682,phenotype,Abnormal dental enamel morphology,8
7925,HP:0001133,phenotype,Constriction of peripheral visual field,8
7926,MP:0030996,phenotype,decreased pacinian corpuscle number,8
7927,ZFIN:ZDB-GENE-030918-1,gene,egfra,4
7928,ZFIN:ZDB-GENE-090821-3,gene,grm1b,4
7929,ENSEMBL:ENSMODG00000005299,gene,ENSEMBL:ENSMODG00000005299,4
7930,MP:0011999,phenotype,abnormal tail length,8
7931,MP:0010019,phenotype,liver vascular congestion,8
7932,dictyBase:DDB_G0289541,gene,vasp,4
7933,ENSEMBL:ENSBTAG00000008033,gene,ENSEMBL:ENSBTAG00000008033,4
7934,MP:0006038,phenotype,increased mitochondrial fission,8
7935,Xenbase:XB-GENE-969573,gene,vcp,4
7936,MP:0005090,phenotype,increased double-negative T cell number,8
7937,ZP:0005610,phenotype,"photoreceptor cell decreased amount, abnormal",8
7938,HP:0045025,phenotype,Narrow palpebral fissure,8
7939,ENSEMBL:ENSECAG00000005863,gene,ENSEMBL:ENSECAG00000005863,4
7940,HGNC:17955,gene,LAMTOR5,4
7941,dictyBase:DDB_G0277865,gene,ptpB,4
7942,PomBase:SPAC4F8.07c,gene,hxk2,4
7943,HP:0012090,phenotype,Abnormal pancreas morphology,8
7944,ENSEMBL:ENSOANG00000037973,gene,ENSEMBL:ENSOANG00000037973,4
7945,ENSEMBL:ENSOANG00000042514,gene,ENSEMBL:ENSOANG00000042514,4
7946,MP:0006082,phenotype,CNS inflammation,8
7947,Xenbase:XB-GENE-964820,gene,rpl13,4
7948,HP:0100615,phenotype,Ovarian neoplasm,8
7949,MP:0006418,phenotype,abnormal testis cord formation,8
7950,MP:0010808,phenotype,right-sided stomach,8
7951,ZP:0004007,phenotype,"nucleus eye aggregated, abnormal",8
7952,MP:0008439,phenotype,abnormal cortical plate morphology,8
7953,HP:0008956,phenotype,Proximal lower limb amyotrophy,8
7954,MP:0009399,phenotype,increased skeletal muscle fiber size,8
7955,PomBase:SPBC1773.07c,gene,sbp1,4
7956,dbSNPIndividual:21199,genotype,46;XX/47;XX;+12;47;XX;+12[13]/46;XX[37] [GM02166],6
7957,MGI:87986,gene,Akt1,4
7958,ENSEMBL:ENSCAFG00000032609,gene,ENSEMBL:ENSCAFG00000032609,4
7959,ZP:0002310,phenotype,"whole organism circling, abnormal",8
7960,HP:0001944,phenotype,Dehydration,8
7961,HP:0001263,phenotype,Global developmental delay,8
7962,ENSEMBL:ENSECAG00000024936,gene,ENSEMBL:ENSECAG00000024936,4
7963,FlyBase:CG5669,gene,FlyBase:CG5669,4
7964,FlyBase:FBgn0010423,gene,TpnC47D,4
7965,MGI:1917592,gene,Ptges2,4
7966,ENSEMBL:ENSFCAG00000003183,gene,ENSEMBL:ENSFCAG00000003183,4
7967,ENSEMBL:ENSOANG00000012964,gene,ENSEMBL:ENSOANG00000012964,4
7968,MP:0005092,phenotype,decreased double-positive T cell number,8
7969,ZP:0000365,phenotype,"sensory neuron trigeminal placode mislocalised anteriorly, abnormal",8
7970,ENSEMBL:ENSPTRG00000046866,gene,ENSEMBL:ENSPTRG00000046866,4
7971,HP:0011195,phenotype,EEG with focal sharp slow waves,8
7972,MP:0008560,phenotype,increased tumor necrosis factor secretion,8
7973,ZFIN:ZDB-GENE-990415-258,gene,sod1,4
7974,WBPhenotype:0000762,phenotype,spindle position defective early emb,8
7975,ENSEMBL:ENSFCAG00000030009,gene,ENSEMBL:ENSFCAG00000030009,4
7976,HP:0040071,phenotype,Abnormal morphology of ulna,8
7977,RGD:1305206,gene,Ipo4,4
7978,ENSEMBL:ENSFCAG00000004171,gene,ENSEMBL:ENSFCAG00000004171,4
7979,WBPhenotype:0001430,phenotype,lysosome organization biogenesis variant,8
7980,1364,drug,hexachlorophene,3
7981,ENSEMBL:ENSSSCG00000037530,gene,TACC2,4
7982,ENSEMBL:ENSOANG00000048138,gene,ENSEMBL:ENSOANG00000048138,4
7983,ENSEMBL:ENSCAFG00000018510,gene,LAMP2,4
7984,MONARCH:APO_0000254APO_0000002,phenotype,cell cycle progression in G2 phase:abnormal,8
7985,ENSEMBL:ENSMMUG00000018420,gene,ENSEMBL:ENSMMUG00000018420,4
7986,ENSEMBL:ENSECAG00000022114,gene,ENSEMBL:ENSECAG00000022114,4
7987,HGNC:26433,gene,ZMAT2,4
7988,ZP:0011624,phenotype,"eye decreased area, abnormal",8
7989,ZP:0009073,phenotype,"neuronal cell body rhombomere 7 mislocalised, abnormal",8
7990,ENSEMBL:ENSOANG00000048512,gene,ENSEMBL:ENSOANG00000048512,4
7991,HP:0006855,phenotype,Cerebellar vermis atrophy,8
7992,ZP:0008390,phenotype,"cell retinal neural layer aggregated, abnormal",8
7993,ENSEMBL:ENSSSCG00000001229,gene,LOC100513601,4
7994,ENSEMBL:ENSMODG00000006427,gene,ENSEMBL:ENSMODG00000006427,4
7995,ENSEMBL:ENSFCAG00000037021,gene,ENSEMBL:ENSFCAG00000037021,4
7996,MGI:1934704,gene,Rnf31,4
7997,ZP:0018474,phenotype,"peripheral neuron process quality axon guidance, abnormal",8
7998,WormBase:WBGene00013464,gene,Y67H2A.7,4
7999,ZP:0005765,phenotype,"lens morphogenesis in camera-type eye process quality, abnormal",8
8000,ENSEMBL:ENSOANG00000006849,gene,ENSEMBL:ENSOANG00000006849,4
8001,MGI:1931052,gene,Aldoart2,4
8002,WBPhenotype:0000175,phenotype,hypercontracted,8
8003,RGD:1311201,gene,Pabpc6,4
8004,ENSEMBL:ENSFCAG00000014173,gene,ENSEMBL:ENSFCAG00000014173,4
8005,ZP:0003151,phenotype,"facial ganglion decreased size, abnormal",8
8006,ZP:0106398,phenotype,"neurocranium decreased amount, abnormal",8
8007,ENSEMBL:ENSGALG00000001947,gene,ENSEMBL:ENSGALG00000001947,4
8008,MP:0002837,phenotype,dystrophic cardiac calcinosis,8
8009,SGD:S000001917,gene,ATG18,4
8010,ENSEMBL:ENSMMUG00000050019,gene,ENSEMBL:ENSMMUG00000050019,4
8011,ENSEMBL:ENSGALG00000007441,gene,MAP6,4
8012,MP:0005390,phenotype,skeleton phenotype,8
8013,dictyBase:DDB_G0288065,gene,cdcD,4
8014,HGNC:20332,gene,UPF3A,4
8015,ENSEMBL:ENSBTAG00000020641,gene,ENSEMBL:ENSBTAG00000020641,4
8016,FlyBase:FBgn0086708,gene,stv,4
8017,WBPhenotype:0001860,phenotype,endocytic recycling defective,8
8018,NCBIGene:100494930,gene,LOC100494930,4
8019,MP:0020394,phenotype,decreased neuronal precursor proliferation,8
8020,FlyBase:FBgn0043364,gene,cbt,4
8021,RGD:1303120,gene,Tacc1,4
8022,ZP:0001021,phenotype,"anterior/posterior pattern specification disrupted, abnormal",8
8023,HP:0002162,phenotype,Low posterior hairline,8
8024,ENSEMBL:ENSACAG00000002265,gene,ENSEMBL:ENSACAG00000002265,4
8025,HP:0000766,phenotype,Abnormal sternum morphology,8
8026,249,drug,astemizole,3
8027,HP:0002063,phenotype,Rigidity,8
8028,ENSEMBL:ENSCAFG00000006921,gene,RBCK1,4
8029,HP:0001880,phenotype,Eosinophilia,8
8030,HGNC:9987,gene,RFXANK,4
8031,ENSEMBL:ENSMMUG00000018258,gene,ENSEMBL:ENSMMUG00000018258,4
8032,ZP:0002562,phenotype,"whole organism increased curvature, abnormal",8
8033,ZP:0002420,phenotype,"blastoderm morphology, abnormal",8
8034,ENSEMBL:ENSFCAG00000003902,gene,ENSEMBL:ENSFCAG00000003902,4
8035,MP:0000350,phenotype,abnormal cell proliferation,8
8036,ENSEMBL:ENSECAG00000006289,gene,ENSEMBL:ENSECAG00000006289,4
8037,EFO:0010638,phenotype,atopic asthma,8
8038,WBPhenotype:0001413,phenotype,bacterially unswollen,8
8039,FlyBase:FBgn0029676,gene,HIP-R,4
8040,ENSEMBL:ENSGALG00000003916,gene,ENSEMBL:ENSGALG00000003916,4
8041,MP:0020070,phenotype,decreased neocortex volume,8
8042,MONARCH:APO_0000076APO_0000003,phenotype,mitochondrial transport:decreased,8
8043,MGI:95931,gene,H2-Q2,4
8044,ENSEMBL:ENSPTRG00000005216,gene,ENSEMBL:ENSPTRG00000005216,4
8045,MP:0006257,phenotype,abnormal fungiform papillae morphology,8
8046,HP:0025032,phenotype,Abnormality of digestive system physiology,8
8047,MP:0002968,phenotype,increased circulating alkaline phosphatase level,8
8048,ENSEMBL:ENSACAG00000017945,gene,ENSEMBL:ENSACAG00000017945,4
8049,ENSEMBL:ENSSSCG00015047339,gene,ENSEMBL:ENSSSCG00015047339,4
8050,ZP:0101697,phenotype,"anatomical region dorsal aorta absent, abnormal",8
8051,ENSEMBL:ENSSSCG00000005441,gene,ENSEMBL:ENSSSCG00000005441,4
8052,ENSEMBL:ENSACAG00000003880,gene,ENSEMBL:ENSACAG00000003880,4
8053,MONARCH:APO_0000310APO_0000246,phenotype,growth in exponential phase:increased rate,8
8054,MGI:1351465,gene,G3bp1,4
8055,ENSEMBL:ENSECAG00000034395,gene,ENSEMBL:ENSECAG00000034395,4
8056,HP:0000954,phenotype,Single transverse palmar crease,8
8057,HP:0001256,phenotype,"Intellectual disability, mild",8
8058,ENSEMBL:ENSBTAG00000049584,gene,ENSEMBL:ENSBTAG00000049584,4
8059,HP:0003438,phenotype,Absent Achilles reflex,8
8060,dictyBase:DDB_G0292160,gene,DDB_G0292160,4
8061,WormBase:WBGene00194816,gene,ZK616.61,4
8062,WBPhenotype:0000089,phenotype,alpha amanitin resistant,8
8063,HP:0002529,phenotype,Neuronal loss in central nervous system,8
8064,GO:0005654,molecular function,nucleoplasm,7
8065,WormBase:WBGene00010622,gene,K07A12.4,4
8066,HP:0009792,phenotype,Teratoma,8
8067,ENSEMBL:ENSECAG00000028766,gene,ENSEMBL:ENSECAG00000028766,4
8068,MGI:5298846,genotype,Htt<tm1Hay>/Htt<+>; Tg(YAC72)2511Hay [involves: FVB/N],6
8069,MP:0000703,phenotype,abnormal thymus morphology,8
8070,ENSEMBL:ENSFCAG00000012426,gene,ENSEMBL:ENSFCAG00000012426,4
8071,ENSEMBL:ENSSSCG00000002904,gene,HAUS5,4
8072,Coriell:GM02165,biological artifact,NIGMS-GM02165,0
8073,Coriell:GM05534,biological artifact,NIGMS-GM05534,0
8074,Xenbase:XB-GENE-971601,gene,ccdc126,4
8075,ZFIN:ZDB-GENE-051113-168,gene,golph3l,4
8076,MP:0008470,phenotype,abnormal spleen B cell follicle morphology,8
8077,MP:0010912,phenotype,herniated liver,8
8078,MP:0001902,phenotype,reduced NMDA-mediated synaptic currents,8
8079,ZP:0005817,phenotype,"eye photoreceptor cell decreased amount, abnormal",8
8080,ENSEMBL:ENSECAG00000016158,gene,ENSEMBL:ENSECAG00000016158,4
8081,PomBase:SPBC11C11.02,gene,imp2,4
8082,ENSEMBL:ENSMODG00000003133,gene,ENSEMBL:ENSMODG00000003133,4
8083,MP:0002082,phenotype,postnatal lethality,8
8084,FlyBase:FBgn0085412,gene,kmr,4
8085,ENSEMBL:ENSSSCG00000027257,gene,ENSEMBL:ENSSSCG00000027257,4
8086,ZP:0102173,phenotype,"dorsal fin development process quality, abnormal",8
8087,ENSEMBL:ENSRNOG00000030224,gene,A0A0G2K7M1,4
8088,ENSEMBL:ENSOANG00000009712,gene,ENSEMBL:ENSOANG00000009712,4
8089,ZP:0003047,phenotype,"cardiac ventricle hypertrophic, abnormal",8
8090,HGNC:3211,gene,EEF1D,4
8091,ZFIN:ZDB-GENE-030131-7074,gene,heyl,4
8092,MP:0002109,phenotype,abnormal limb morphology,8
8093,WBPhenotype:0000170,phenotype,precocious alae,8
8094,ZP:0018640,phenotype,"atrium increased distribution, abnormal",8
8095,ENSEMBL:ENSECAG00000024299,gene,ENSEMBL:ENSECAG00000024299,4
8096,MP:0005386,phenotype,behavior/neurological phenotype,8
8097,MGI:1914410,gene,Eef1g,4
8098,MONARCH:APO_0000148APO_0000004,phenotype,cold sensitivity:increased,8
8099,MONARCH:APO_0000079APO_0000003,phenotype,vacuolar transport:decreased,8
8100,ENSEMBL:ENSACAG00000013769,gene,ENSEMBL:ENSACAG00000013769,4
8101,RGD:1595502,gene,LOC680121,4
8102,2266,drug,primaquine,3
8103,Xenbase:XB-GENE-493102,gene,efr3a,4
8104,MONARCH:APO_0000094APO_0000003,phenotype,metabolism and growth:decreased,8
8105,ENSEMBL:ENSPTRG00000020900,gene,ENSEMBL:ENSPTRG00000020900,4
8106,ZP:0137422,phenotype,"swimming decreased linear velocity, abnormal",8
8107,WormBase:WBGene00018886,gene,npr-28,4
8108,MGI:5635158,genotype,Tg(HTT*)NXwy [involves: FVB/NJ],6
8109,MP:0008805,phenotype,decreased circulating amylase level,8
8110,MP:0009395,phenotype,increased nucleated erythrocyte cell number,8
8111,ENSEMBL:ENSFCAG00000001566,gene,ENSEMBL:ENSFCAG00000001566,4
8112,ZFIN:ZDB-GENE-030131-6318,gene,mbd1b,4
8113,HGNC:2239,gene,COPS3,4
8114,MP:0003863,phenotype,decreased aggression towards mice,8
8115,MP:0003358,phenotype,abnormal hypaxial muscle morphology,8
8116,ENSEMBL:ENSECAG00000029708,gene,ENSEMBL:ENSECAG00000029708,4
8117,RGD:621761,gene,Sumo2,4
8118,MP:0013542,phenotype,abnormal submandibular gland branching morphogenesis,8
8119,MP:0001473,phenotype,reduced long term potentiation,8
8120,ENSEMBL:ENSCAFG00000015818,gene,ACLY,4
8121,ZP:0000382,phenotype,"primary neuron tract of the postoptic commissure morphology, abnormal",8
8122,EFO:0010700,phenotype,reticulocyte measurement,8
8123,dictyBase:DDB_G0275955,gene,rabH,4
8124,HP:0004444,phenotype,Spherocytosis,8
8125,HP:0002421,phenotype,Poor head control,8
8126,ENSEMBL:ENSCAFG00000014856,gene,ENSEMBL:ENSCAFG00000014856,4
8127,ENSEMBL:ENSCAFG00000017388,gene,SMAD3,4
8128,MGI:1924555,gene,Wdr82,4
8129,MP:0009342,phenotype,enlarged gallbladder,8
8130,ZFIN:ZDB-GENE-030131-2974,gene,mtor,4
8131,ZFIN:ZDB-GENE-030616-178,gene,vat1,4
8132,EFO:0007858,phenotype,eye morphology measurement,8
8133,WBPhenotype:0001693,phenotype,male posterior alae,8
8134,MP:0001515,phenotype,abnormal grip strength,8
8135,MGI:2388633,gene,Cltc,4
8136,MP:0003204,phenotype,decreased neuron apoptosis,8
8137,ZP:0011360,phenotype,"retinal ganglion cell occurrence collateral sprouting in absence of injury, abnormal",8
8138,ENSEMBL:ENSECAG00000011497,gene,ENSEMBL:ENSECAG00000011497,4
8139,ENSEMBL:ENSBTAG00000052456,gene,OR10A5L,4
8140,HP:0008843,phenotype,Hip osteoarthritis,8
8141,HP:0000772,phenotype,Abnormality of the ribs,8
8142,ENSEMBL:ENSCAFG00000006504,gene,UPF3A,4
8143,ZFIN:ZDB-GENE-040426-1961,gene,dynll1,4
8144,PomBase:SPBC106.03,gene,SPBC106.03,4
8145,SGD:S000003472,gene,PFK1,4
8146,MGI:1891698,gene,Pnkp,4
8147,HP:0002031,phenotype,Abnormal esophagus morphology,8
8148,ENSEMBL:ENSMODG00000007342,gene,ENSEMBL:ENSMODG00000007342,4
8149,ZP:0001277,phenotype,"photoreceptor cell circular, abnormal",8
8150,MP:0008146,phenotype,asymmetric sternocostal joints,8
8151,Xenbase:XB-GENE-999318,gene,becn1,4
8152,MONARCH:APO_0000110APO_0000117,phenotype,competitive fitness:normal,8
8153,Xenbase:XB-GENE-485923,gene,hey2,4
8154,ZFIN:ZDB-GENE-050913-57,gene,rasd2,4
8155,MP:0005469,phenotype,abnormal thyroxine level,8
8156,ENSEMBL:ENSCAFG00000000622,gene,ENSEMBL:ENSCAFG00000000622,4
8157,MP:0003961,phenotype,decreased lean body mass,8
8158,MGI:1346879,gene,Map3k10,4
8159,ENSEMBL:ENSOANG00000009024,gene,ENSEMBL:ENSOANG00000009024,4
8160,ENSEMBL:ENSXETG00000034817,gene,plekhn1,4
8161,ZFIN:ZDB-GENE-050417-441,gene,ppp2caa,4
8162,HP:0001159,phenotype,Syndactyly,8
8163,MGI:105047,gene,Psmc5,4
8164,ZFIN:ZDB-GENE-061013-29,gene,cnot7,4
8165,FlyBase:FBgn0040020,gene,MED21,4
8166,dictyBase:DDB_G0269262,gene,rabT2,4
8167,ZP:0010095,phenotype,"neural tube shape, abnormal",8
8168,MONARCH:APO_0000193APO_0000004,phenotype,resistance to enzymatic treatment:increased,8
8169,ZP:0103456,phenotype,"cell detached from cell, abnormal",8
8170,HP:0001642,phenotype,Pulmonic stenosis,8
8171,MGI:96748,gene,Lamp2,4
8172,MP:0004188,phenotype,delayed embryo turning,8
8173,ENSEMBL:ENSMODG00000025192,gene,ENSEMBL:ENSMODG00000025192,4
8174,ZP:0000339,phenotype,"forebrain development disrupted, abnormal",8
8175,MP:0011080,phenotype,increased macrophage apoptosis,8
8176,ENSEMBL:ENSOANG00000036573,gene,ENSEMBL:ENSOANG00000036573,4
8177,MP:0005329,phenotype,abnormal myocardium layer morphology,8
8178,Coriell:GM05560,biological artifact,NIGMS-GM05560,0
8179,MP:0030998,phenotype,small pacinian corpuscles,8
8180,HP:0030319,phenotype,Weakness of facial musculature,8
8181,MP:0008762,phenotype,embryonic lethality,8
8182,ZP:0000925,phenotype,"ceratohyal cartilage aplastic, abnormal",8
8183,WBPhenotype:0001725,phenotype,cellular osmotic stress response variant,8
8184,MP:0009393,phenotype,abnormal resting posture,8
8185,ENSEMBL:ENSBTAG00000018879,gene,ZNF451,4
8186,ZP:0006045,phenotype,"heart contraction decreased frequency, abnormal",8
8187,HP:0000486,phenotype,Strabismus,8
8188,dictyBase:DDB_G0292390,gene,atg1,4
8189,HP:0030434,phenotype,Pilomatrixoma,8
8190,WBPhenotype:0001947,phenotype,diplotene progression during oogenesis variant,8
8191,ZP:0000562,phenotype,"thrombocyte decreased amount, abnormal",8
8192,MP:0013294,phenotype,prenatal lethality prior to heart atrial septation,8
8193,ZP:0006625,phenotype,"pharyngeal arch disorganized, abnormal",8
8194,FBcv:0000382,phenotype,non-suppressor of variegation,8
8195,MP:0008673,phenotype,decreased interleukin-13 secretion,8
8196,WormBase:WBGene00004464,gene,rpn-8,4
8197,HP:0007328,phenotype,Impaired pain sensation,8
8198,MGI:3708786,gene,Gm10358,4
8199,ENSEMBL:ENSMODG00000002034,gene,ENSEMBL:ENSMODG00000002034,4
8200,Xenbase:XB-GENE-974453,gene,tardbp,4
8201,MP:0005659,phenotype,decreased susceptibility to diet-induced obesity,8
8202,FlyBase:FBgn0028695,gene,Rpn1,4
8203,ENSEMBL:ENSGALG00000003344,gene,ENSEMBL:ENSGALG00000003344,4
8204,MP:0005591,phenotype,decreased vasodilation,8
8205,ZP:0003875,phenotype,"ciliary marginal zone decreased size, abnormal",8
8206,ZFIN:ZDB-GENE-081104-199,gene,rnf216,4
8207,HGNC:9760,gene,RAB11A,4
8208,ENSEMBL:ENSSSCG00000028878,gene,BCAR1,4
8209,ZP:0012861,phenotype,"actin cytoskeleton organization process quality, abnormal",8
8210,ENSEMBL:ENSACAG00000017032,gene,ENSEMBL:ENSACAG00000017032,4
8211,ZFIN:ZDB-GENE-041114-105,gene,trip10a,4
8212,ENSEMBL:ENSOANG00000004185,gene,ENSEMBL:ENSOANG00000004185,4
8213,FlyBase:FBgn0046698,gene,Pp1-Y2,4
8214,MONARCH:APO_0000255APO_0000249,phenotype,cell cycle progression in G1 phase:delayed,8
8215,HGNC:28783,gene,CMC1,4
8216,ENSEMBL:ENSECAG00000007993,gene,ENSEMBL:ENSECAG00000007993,4
8217,RGD:1305022,gene,Heyl,4
8218,SGD:S000000545,gene,GLK1,4
8219,MGI:105922,gene,Rpl13,4
8220,ZP:0019993,phenotype,"ventral region whole organism increased distribution, abnormal",8
8221,ENSEMBL:ENSSSCG00000007617,gene,ZNF655,4
8222,ENSEMBL:ENSGALG00000008419,gene,SEC13,4
8223,ENSEMBL:ENSMODG00000039275,gene,ENSEMBL:ENSMODG00000039275,4
8224,MP:0012135,phenotype,embryonic-extraembryonic boundary constriction,8
8225,WBPhenotype:0001400,phenotype,level of protein expression variant,8
8226,ENSEMBL:ENSPTRG00000017626,gene,ENSEMBL:ENSPTRG00000017626,4
8227,MGI:3699093,genotype,Htt<tm1.1Tna>/Htt<tm1.1Tna> [involves: 129P2/OlaHsd * C57BL/6J],6
8228,ENSEMBL:ENSOANG00000003713,gene,ENSEMBL:ENSOANG00000003713,4
8229,ZFIN:ZDB-GENE-051202-2,gene,grin1b,4
8230,EnsemblGenome:AT4G14800,gene,EnsemblGenome:AT4G14800,4
8231,ZP:0020903,phenotype,"neoplasm whole organism increased amount, abnormal",8
8232,SGD:S000002324,gene,CDC36,4
8233,FlyBase:FBgn0002121,gene,l(2)gl,4
8234,MONARCH:APO_0000106APO_0000117,phenotype,vegetative growth:normal,8
8235,MP:0002048,phenotype,increased lung adenoma incidence,8
8236,EFO:0007627,phenotype,airway imaging measurement,8
8237,MP:0003253,phenotype,dilated bile duct,8
8238,ZP:0005877,phenotype,"retinal photoreceptor layer aplastic, abnormal",8
8239,FBcv:0002033,phenotype,lethal - all die during embryonic stage,8
8240,Xenbase:XB-GENE-949327,gene,grin2b,4
8241,ENSEMBL:ENSOANG00000043915,gene,ENSEMBL:ENSOANG00000043915,4
8242,MP:0001021,phenotype,small L4 dorsal root ganglion,8
8243,MP:0000709,phenotype,enlarged thymus,8
8244,MP:0001602,phenotype,impaired myelopoiesis,8
8245,MP:0009656,phenotype,delayed chorioallantoic fusion,8
8246,ENSEMBL:ENSBTAG00000012086,gene,ENSEMBL:ENSBTAG00000012086,4
8247,ZFIN:ZDB-GENE-050419-81,gene,synm,4
8248,ZP:0004939,phenotype,"apoptotic process decreased occurrence, abnormal",8
8249,Xenbase:XB-GENE-986079,gene,plekha4,4
8250,MP:0005326,phenotype,abnormal podocyte morphology,8
8251,ENSEMBL:ENSMMUG00000011906,gene,ENSEMBL:ENSMMUG00000011906,4
8252,HP:0002510,phenotype,Spastic tetraplegia,8
8253,HP:0000275,phenotype,Narrow face,8
8254,MGI:1913449,gene,Commd4,4
8255,MP:0008449,phenotype,abnormal retinal cone cell outer segment morphology,8
8256,ENSEMBL:ENSECAG00000024877,gene,ENSEMBL:ENSECAG00000024877,4
8257,ENSEMBL:ENSFCAG00000024999,gene,ENSEMBL:ENSFCAG00000024999,4
8258,ENSEMBL:ENSOANG00000001193,gene,ENSEMBL:ENSOANG00000001193,4
8259,MP:0003545,phenotype,increased alcohol consumption,8
8260,WormBase:WBGene00022463,gene,elpc-1,4
8261,MP:0008462,phenotype,abnormal medium spiny neuron morphology,8
8262,HGNC:30989,gene,IFT20,4
8263,HP:0002686,phenotype,Prenatal maternal abnormality,8
8264,ENSEMBL:ENSECAG00000006588,gene,ENSEMBL:ENSECAG00000006588,4
8265,ENSEMBL:ENSMODG00000006494,gene,ENSEMBL:ENSMODG00000006494,4
8266,FlyBase:FBgn0038571,gene,CG7215,4
8267,MP:0000702,phenotype,enlarged lymph nodes,8
8268,WormBase:WBGene00003401,gene,mpk-1,4
8269,MP:0012104,phenotype,small amniotic cavity,8
8270,ZP:0000346,phenotype,"neuron epiphysis increased amount, abnormal",8
8271,HGNC:5123,gene,HOXC11,4
8272,PomBase:SPAC806.07,gene,ndk1,4
8273,FlyBase:FBgn0013277,gene,Hsp70Ba,4
8274,dbSNP:rs114643193,variant,rs114643193-?,10
8275,MP:0010954,phenotype,abnormal cellular respiration,8
8276,MP:0009230,phenotype,abnormal sperm head morphology,8
8277,ENSEMBL:ENSBTAG00000007474,gene,ENSEMBL:ENSBTAG00000007474,4
8278,HP:0001651,phenotype,Dextrocardia,8
8279,MP:0004965,phenotype,inner cell mass degeneration,8
8280,GO:1905337,molecular function,positive regulation of aggrephagy,7
8281,dictyBase:DDB_G0290267,gene,gefO,4
8282,SGD:S000006161,gene,HSP82,4
8283,ZP:0017146,phenotype,"neural crest cell fate specification disrupted, abnormal",8
8284,HGNC:3236,gene,EGFR,4
8285,ENSEMBL:ENSACAG00000017201,gene,ENSEMBL:ENSACAG00000017201,4
8286,MP:0011939,phenotype,increased food intake,8
8287,WormBase:WBGene00015471,gene,lmp-2,4
8288,SGD:S000005969,gene,CAM1,4
8289,Xenbase:XB-GENE-5910008,gene,chuk,4
8290,ENSEMBL:ENSOANG00000009346,gene,ENSEMBL:ENSOANG00000009346,4
8291,HGNC:28826,gene,WDR82,4
8292,ENSEMBL:ENSOANG00000013941,gene,ENSEMBL:ENSOANG00000013941,4
8293,FBcv:0000352,phenotype,partially lethal - majority die,8
8294,ZP:0101821,phenotype,"retina decreased occurrence Notch signaling pathway, abnormal",8
8295,ZP:0005467,phenotype,"neuron-neuron synaptic transmission decreased process quality, abnormal",8
8296,MP:0008789,phenotype,abnormal olfactory epithelium morphology,8
8297,MONARCH:APO_0000083APO_0000004,phenotype,oxidative stress resistance:increased,8
8298,ENSEMBL:ENSSSCG00000033987,gene,UBE2E3,4
8299,ENSEMBL:ENSMODG00000015226,gene,ENSEMBL:ENSMODG00000015226,4
8300,ENSEMBL:ENSCAFG00000004116,gene,ENSEMBL:ENSCAFG00000004116,4
8301,ZP:0000379,phenotype,"intestine morphology, abnormal",8
8302,MGI:1338882,gene,Pex11b,4
8303,MGI:2177756,variant,Htt<tm1Detl>,10
8304,ZP:0003159,phenotype,"intestine decreased thickness, abnormal",8
8305,ENSEMBL:ENSMODG00000007217,gene,ENSEMBL:ENSMODG00000007217,4
8306,MONARCH:APO_0000044APO_0000004,phenotype,sporulation efficiency:increased,8
8307,MP:0003959,phenotype,abnormal lean body mass,8
8308,MP:0003644,phenotype,thymus atrophy,8
8309,EFO:0006939,phenotype,cup-to-disc ratio measurement,8
8310,FlyBase:FBgn0039374,gene,CG17770,4
8311,Xenbase:XB-GENE-6087000,gene,cnot3,4
8312,ENSEMBL:ENSACAG00000007201,gene,ENSEMBL:ENSACAG00000007201,4
8313,ZP:0004040,phenotype,"hindbrain distended, abnormal",8
8314,WBPhenotype:0001942,phenotype,rachis absent,8
8315,MP:0002088,phenotype,abnormal embryonic growth/weight/body size,8
8316,MONARCH:APO_0000132APO_0000002,phenotype,RNA localization:abnormal,8
8317,MP:0011112,phenotype,"lethality during fetal growth through weaning, incomplete penetrance",8
8318,ZP:0006345,phenotype,"cell junction intestinal epithelium loose, abnormal",8
8319,ENSEMBL:ENSPTRG00000015752,gene,ENSEMBL:ENSPTRG00000015752,4
8320,HGNC:14353,gene,DNALI1,4
8321,WBPhenotype:0001916,phenotype,increased pathogen survival,8
8322,1599,drug,loperamide,3
8323,ZP:0012688,phenotype,"hindbrain increased occurrence apoptotic process, abnormal",8
8324,HP:0002860,phenotype,Squamous cell carcinoma,8
8325,MONARCH:APO_0000215APO_0000004,phenotype,toxin resistance:increased,8
8326,ZP:0002590,phenotype,"whole organism decreased behavioural activity, abnormal",8
8327,ENSEMBL:ENSSSCG00000004114,gene,ADGB,4
8328,5388,drug,selumetinib,3
8329,ENSEMBL:ENSACAG00000002311,gene,ENSEMBL:ENSACAG00000002311,4
8330,MP:0006092,phenotype,abnormal olfactory sensory neuron morphology,8
8331,ENSEMBL:ENSBTAG00000024787,gene,HAUS3,4
8332,ZP:0103052,phenotype,"whole organism ventralized, abnormal",8
8333,HP:0002483,phenotype,Bulbar signs,8
8334,ZP:0002195,phenotype,"microtubule cytoskeleton Mauthner neuron decreased mass density, abnormal",8
8335,MONARCH:APO_0000124APO_0000005,phenotype,pheromone-induced cell cycle arrest:absent,8
8336,ENSEMBL:ENSOANG00000038412,gene,ENSEMBL:ENSOANG00000038412,4
8337,MP:0008947,phenotype,increased neuron number,8
8338,ENSEMBL:ENSOANG00000013551,gene,ENSEMBL:ENSOANG00000013551,4
8339,ENSEMBL:ENSECAG00000043427,gene,ENSEMBL:ENSECAG00000043427,4
8340,ENSEMBL:ENSMODG00000007509,gene,ENSEMBL:ENSMODG00000007509,4
8341,RGD:2018,gene,Acly,4
8342,RGD:3624,gene,Atxn1,4
8343,ZP:0001382,phenotype,"retinal inner nuclear layer morphology, abnormal",8
8344,SGD:S000001847,gene,RGD2,4
8345,HGNC:25730,gene,TTC23,4
8346,HP:0002840,phenotype,Lymphadenitis,8
8347,WBPhenotype:0001200,phenotype,gonad sheath contraction rate reduced,8
8348,SGD:S000006095,gene,NIP100,4
8349,WBPhenotype:0001224,phenotype,axon outgrowth variant,8
8350,ENSEMBL:ENSCAFG00000030862,gene,COMMD4,4
8351,dictyBase:DDB_G0272829,gene,DDB_G0272829,4
8352,HP:0045082,phenotype,Decreased body mass index,8
8353,RGD:69287,gene,Sqstm1,4
8354,ENSEMBL:ENSFCAG00000015180,gene,ENSEMBL:ENSFCAG00000015180,4
8355,EFO:0009941,phenotype,Inhalant adrenergic use measurement,8
8356,MONARCH:APO_0000149APO_0000002,phenotype,protein/peptide accumulation:abnormal,8
8357,WBPhenotype:0001967,phenotype,meiotic chromatin reorganization variant,8
8358,ENSEMBL:ENSRNOG00000034093,gene,M0RCB1,4
8359,ENSEMBL:ENSGALG00000037953,gene,TUBA1A,4
8360,RGD:708376,gene,Psmc5,4
8361,HP:0000545,phenotype,Myopia,8
8362,MP:0011631,phenotype,decreased mitochondrial size,8
8363,WBPhenotype:0000034,phenotype,embryonic polarity variant,8
8364,dictyBase:DDB_G0288427,gene,cenA,4
8365,ZFIN:ZDB-GENE-061013-204,gene,hmga1b,4
8366,MGI:95821,gene,Grin2b,4
8367,ENSEMBL:ENSCAFG00000031663,gene,ENSEMBL:ENSCAFG00000031663,4
8368,ENSEMBL:ENSECAG00000004666,gene,ENSEMBL:ENSECAG00000004666,4
8369,ENSEMBL:ENSMODG00000040567,gene,ENSEMBL:ENSMODG00000040567,4
8370,MP:0000468,phenotype,abnormal esophageal epithelium morphology,8
8371,HGNC:8979,gene,PIK3R1,4
8372,HP:0001974,phenotype,Leukocytosis,8
8373,FlyBase:FBgn0000117,gene,arm,4
8374,HP:0001382,phenotype,Joint hypermobility,8
8375,ENSEMBL:ENSECAG00000041828,gene,ENSEMBL:ENSECAG00000041828,4
8376,FlyBase:FBgn0038659,gene,EndoA,4
8377,ENSEMBL:ENSCAFG00000010674,gene,EIF3I,4
8378,ENSEMBL:ENSMODG00000010916,gene,ENSEMBL:ENSMODG00000010916,4
8379,MP:0001828,phenotype,abnormal T cell activation,8
8380,HP:0001662,phenotype,Bradycardia,8
8381,FlyBase:FBgn0003091,gene,Pkc53E,4
8382,ZP:0100734,phenotype,"autophagy process quality, abnormal",8
8383,ENSEMBL:ENSFCAG00000003501,gene,ENSEMBL:ENSFCAG00000003501,4
8384,ZP:0000542,phenotype,"cardiac muscle cell ventricular myocardium increased mass density, abnormal",8
8385,ZFIN:ZDB-GENE-120919-4,gene,itcha,4
8386,WBPhenotype:0004007,phenotype,periodic spicule prodding defective,8
8387,dbSNP:rs6882169,variant,rs6882169-?,10
8388,ENSEMBL:ENSBTAG00000027412,gene,ENSEMBL:ENSBTAG00000027412,4
8389,dictyBase:DDB_G0289187,gene,H2Av1,4
8390,MP:0030005,phenotype,increased retinal apoptosis,8
8391,MP:0006026,phenotype,dilated terminal bronchiole tubes,8
8392,ENSEMBL:ENSMODG00000010827,gene,ENSEMBL:ENSMODG00000010827,4
8393,ENSEMBL:ENSMODG00000001879,gene,ENSEMBL:ENSMODG00000001879,4
8394,Xenbase:XB-GENE-6457034,gene,nefm,4
8395,dictyBase:DDB_G0291011,gene,DDB0189210,4
8396,MP:0003725,phenotype,increased autoantibody level,8
8397,MP:0001701,phenotype,incomplete embryo turning,8
8398,ZP:0014497,phenotype,"erythrocyte differentiation decreased process quality, abnormal",8
8399,Coriell:GM04715,biological artifact,NIGMS-GM04715,0
8400,MP:0030143,phenotype,facial muscle spasm,8
8401,ENSEMBL:ENSOANG00000047629,gene,ENSEMBL:ENSOANG00000047629,4
8402,PomBase:SPAC1952.05,gene,gcn5,4
8403,HP:0000340,phenotype,Sloping forehead,8
8404,MP:0000859,phenotype,abnormal somatosensory cortex morphology,8
8405,ENSEMBL:ENSFCAG00000044738,gene,ENSEMBL:ENSFCAG00000044738,4
8406,ENSEMBL:ENSECAG00000024597,gene,ENSEMBL:ENSECAG00000024597,4
8407,HP:0002446,phenotype,Astrocytosis,8
8408,ZP:0005691,phenotype,"dorsal aorta decreased diameter, abnormal",8
8409,RGD:1560369,gene,Mageb18,4
8410,dictyBase:DDB_G0289811,gene,act10,4
8411,EFO:0007984,phenotype,platelet component distribution width,8
8412,ENSEMBL:ENSGALG00000039533,gene,ENSEMBL:ENSGALG00000039533,4
8413,ENSEMBL:ENSBTAG00000008134,gene,ENSEMBL:ENSBTAG00000008134,4
8414,ZP:0003142,phenotype,"neuron spinal cord decreased amount, abnormal",8
8415,ENSEMBL:ENSBTAG00000004736,gene,ENSEMBL:ENSBTAG00000004736,4
8416,ZP:0138436,phenotype,"optic nerve head fasciculation, abnormal",8
8417,ZP:0000547,phenotype,"definitive hemopoiesis disrupted, abnormal",8
8418,RGD:71015,gene,Ap2a2,4
8419,MGI:98086,gene,Polr2a,4
8420,RGD:619740,gene,Rab9a,4
8421,FBcv:0000007,phenotype,female semi-fertile,8
8422,dictyBase:DDB_G0268910,gene,rabT1,4
8423,ZP:0001049,phenotype,"head circular, abnormal",8
8424,RGD:61874,gene,Psmb2,4
8425,ENSEMBL:ENSCAFG00000013354,gene,BDH1,4
8426,WormBase:WBGene00000417,gene,ced-3,4
8427,MP:0003043,phenotype,hypoalgesia,8
8428,WormBase:WBGene00019122,gene,F59E12.6,4
8429,ENSEMBL:ENSFCAG00000025607,gene,ENSEMBL:ENSFCAG00000025607,4
8430,ZFIN:ZDB-GENE-060825-293,gene,rab9a,4
8431,MP:0008584,phenotype,photoreceptor outer segment degeneration,8
8432,HP:0002999,phenotype,Patellar dislocation,8
8433,ENSEMBL:ENSBTAG00000004292,gene,ENSEMBL:ENSBTAG00000004292,4
8434,ENSEMBL:ENSECAG00000015901,gene,ENSEMBL:ENSECAG00000015901,4
8435,ENSEMBL:ENSOANG00000050103,gene,ENSEMBL:ENSOANG00000050103,4
8436,HP:0009794,phenotype,Branchial anomaly,8
8437,ENSEMBL:ENSPTRG00000021922,gene,ENSEMBL:ENSPTRG00000021922,4
8438,MGI:1276526,gene,H2-M10.5,4
8439,ZFIN:ZDB-GENE-110621-1,gene,atxn7,4
8440,ENSEMBL:ENSMODG00000009501,gene,ENSEMBL:ENSMODG00000009501,4
8441,ENSEMBL:ENSSSCG00000009945,gene,ENSEMBL:ENSSSCG00000009945,4
8442,MP:0008186,phenotype,increased pro-B cell number,8
8443,ENSEMBL:ENSCAFG00000017778,gene,ENSEMBL:ENSCAFG00000017778,4
8444,HGNC:25471,gene,WIPI1,4
8445,ENSEMBL:ENSPTRG00000008094,gene,ENSEMBL:ENSPTRG00000008094,4
8446,HP:0009124,phenotype,Abnormal adipose tissue morphology,8
8447,ENSEMBL:ENSGALG00000003800,gene,PABPC4,4
8448,ENSEMBL:ENSOANG00000048650,gene,ENSEMBL:ENSOANG00000048650,4
8449,HP:0002105,phenotype,Hemoptysis,8
8450,WormBase:WBGene00017969,gene,ctsa-3.1,4
8451,ENSEMBL:ENSECAG00000010532,gene,ENSEMBL:ENSECAG00000010532,4
8452,HP:0002647,phenotype,Aortic dissection,8
8453,MP:0005215,phenotype,abnormal pancreatic islet morphology,8
8454,WBPhenotype:0001107,phenotype,spindle rotation defective early emb,8
8455,WBPhenotype:0001321,phenotype,presynaptic region morphology variant,8
8456,ZP:0100740,phenotype,"rhombomere 5 has extra parts of type facial nerve motor nucleus neuron projection motor neuron, abnormal",8
8457,ZFIN:ZDB-GENE-060307-2,gene,bag6l,4
8458,WBPhenotype:0001934,phenotype,vulval muscle extension variant,8
8459,ENSEMBL:ENSECAG00000022880,gene,ENSEMBL:ENSECAG00000022880,4
8460,HP:0002039,phenotype,Anorexia,8
8461,ZP:0018481,phenotype,"neuromuscular junction of skeletal muscle fiber myotome area, abnormal",8
8462,FlyBase:FBgn0261617,gene,nej,4
8463,MGI:2137896,gene,Zfp451,4
8464,MP:0001125,phenotype,abnormal oocyte morphology,8
8465,dictyBase:DDB_G0277773,gene,DDB0203447,4
8466,ZP:0011507,phenotype,"optic tectum increased occurrence apoptotic process, abnormal",8
8467,ENSEMBL:ENSSSCG00000024161,gene,K7GNK3,4
8468,ENSEMBL:ENSRNOG00000059545,gene,A0A0G2JYG9,4
8469,HP:0005528,phenotype,Bone marrow hypocellularity,8
8470,MONARCH:APO_0000090APO_0000004,phenotype,metal resistance:increased,8
8471,MP:0002555,phenotype,addiction,8
8472,ZP:0106515,phenotype,"cardiac muscle cell cardiac ventricle condensed, abnormal",8
8473,1876,drug,nalmefene,3
8474,FlyBase:FBgn0035793,gene,CG7546,4
8475,HGNC:12612,gene,USP14,4
8476,MP:0000151,phenotype,absent ribs,8
8477,WBPhenotype:0001751,phenotype,organism hypertonic lethality increased,8
8478,ENSEMBL:ENSCAFG00000018928,gene,MBD1,4
8479,MP:0008075,phenotype,"decreased CD4-positive, alpha beta T cell number",8
8480,dictyBase:DDB_G0269682,gene,atxn2,4
8481,MP:0001361,phenotype,social withdrawal,8
8482,FlyBase:FBgn0003731,gene,Egfr,4
8483,HP:0000103,phenotype,Polyuria,8
8484,Xenbase:XB-GENE-854557,gene,dnali1,4
8485,WormBase:WBGene00008533,gene,F02E9.10,4
8486,ENSEMBL:ENSCAFG00000007626,gene,ENSEMBL:ENSCAFG00000007626,4
8487,Xenbase:XB-GENE-942552,gene,haus2,4
8488,ZP:0001301,phenotype,"intersegmental vessel morphology, abnormal",8
8489,MP:0008874,phenotype,decreased physiological sensitivity to xenobiotic,8
8490,MP:0004152,phenotype,abnormal circulating iron level,8
8491,ENSEMBL:ENSECAG00000013955,gene,ENSEMBL:ENSECAG00000013955,4
8492,HP:0002098,phenotype,Respiratory distress,8
8493,Coriell:GM14044,biological artifact,NIGMS-GM14044,0
8494,MP:0003449,phenotype,abnormal intestinal goblet cell morphology,8
8495,HP:0002312,phenotype,Clumsiness,8
8496,ENSEMBL:ENSECAG00000023185,gene,ENSEMBL:ENSECAG00000023185,4
8497,Xenbase:XB-GENE-6449994,gene,haus5,4
8498,ENSEMBL:ENSECAG00000023179,gene,ENSEMBL:ENSECAG00000023179,4
8499,ZP:0006343,phenotype,"endoplasmic reticulum intestinal epithelium dilated, abnormal",8
8500,ENSEMBL:ENSMMUG00000009426,gene,ENSEMBL:ENSMMUG00000009426,4
8501,HP:0005415,phenotype,Decreased proportion of CD8-positive T cells,8
8502,ZP:0001024,phenotype,"lens protruding, abnormal",8
8503,FlyBase:FBgn0003277,gene,Polr2A,4
8504,HP:0002505,phenotype,Progressive inability to walk,8
8505,HP:0000465,phenotype,Webbed neck,8
8506,ENSEMBL:ENSMMUG00000012811,gene,ENSEMBL:ENSMMUG00000012811,4
8507,Xenbase:XB-GENE-480875,gene,sin3a,4
8508,ZP:0006354,phenotype,"endoplasmic reticulum hepatocyte vacuolated, abnormal",8
8509,ENSEMBL:ENSCAFG00000015961,gene,ENSEMBL:ENSCAFG00000015961,4
8510,ZFIN:ZDB-GENE-040718-250,gene,rab30,4
8511,HP:0001608,phenotype,Abnormality of the voice,8
8512,ENSEMBL:ENSECAG00000024092,gene,ENSEMBL:ENSECAG00000024092,4
8513,FlyBase:FBgn0039225,gene,Ets96B,4
8514,ENSEMBL:ENSMODG00000003397,gene,ENSEMBL:ENSMODG00000003397,4
8515,ENSEMBL:ENSSSCG00000038466,gene,EIF4E2,4
8516,ZFIN:ZDB-GENE-030131-2774,gene,bcar1,4
8517,MONARCH:APO_0000098APO_0000004,phenotype,utilization of carbon source:increased,8
8518,Coriell:GM04288,biological artifact,NIGMS-GM04288,0
8519,ZFIN:ZDB-GENE-090508-11,gene,ftr70,4
8520,ZP:0008035,phenotype,"myofibril cardiac muscle disorganized, abnormal",8
8521,MP:0004499,phenotype,increased incidence of tumors by chemical induction,8
8522,ENSEMBL:ENSBTAG00000038619,gene,LOC512672,4
8523,ZFIN:ZDB-GENE-041114-150,gene,haus5,4
8524,ENSEMBL:ENSOANG00000004491,gene,ENSEMBL:ENSOANG00000004491,4
8525,WBPhenotype:0001597,phenotype,muscle missing,8
8526,EnsemblGenome:BAA15927,gene,EnsemblGenome:BAA15927,4
8527,MONARCH:APO_0000271APO_0000004,phenotype,RNA modification:increased,8
8528,ZP:0101303,phenotype,"ventral region forebrain increased amount, abnormal",8
8529,WBPhenotype:0002300,phenotype,coiling frequency increased,8
8530,ENSEMBL:ENSECAG00000009702,gene,ENSEMBL:ENSECAG00000009702,4
8531,ENSEMBL:ENSOANG00000013610,gene,ENSEMBL:ENSOANG00000013610,4
8532,ENSEMBL:ENSECAG00000023415,gene,ENSEMBL:ENSECAG00000023415,4
8533,HP:0002326,phenotype,Transient ischemic attack,8
8534,MGI:95957,gene,H2-T23,4
8535,WBPhenotype:0001577,phenotype,mitochondria alignment variant,8
8536,MP:0010399,phenotype,decreased skeletal muscle glycogen level,8
8537,HP:0000977,phenotype,Soft skin,8
8538,ZP:0000355,phenotype,"eye quality, abnormal",8
8539,Xenbase:XB-GENE-482797,gene,casp6,4
8540,WormBase:WBGene00019979,gene,R09B5.11,4
8541,MP:0030935,phenotype,increased primordial germ cell apoptosis,8
8542,WormBase:WBGene00003926,gene,pas-5,4
8543,MGI:2387629,gene,Tardbp,4
8544,ENSEMBL:ENSSSCG00000039094,gene,PLEC,4
8545,WBPhenotype:0002590,phenotype,linker cell detached,8
8546,ENSEMBL:ENSSSCG00000021005,gene,UBQLN1,4
8547,dictyBase:DDB_G0287729,gene,DDB0187596,4
8548,ZP:0002783,phenotype,"ribosome biogenesis disrupted, abnormal",8
8549,WormBase:WBGene00003048,gene,lit-1,4
8550,Xenbase:XB-GENE-1005352,gene,gatd1,4
8551,ENSEMBL:ENSACAG00000003991,gene,ENSEMBL:ENSACAG00000003991,4
8552,MGI:3698855,genotype,Htt<tm2Msl>/Htt<tm2Msl> [involves: 129S1/Sv * C57BL/6J],6
8553,FBcv:0002002,phenotype,lethal - all die before end of larval stage,8
8554,HGNC:5527,gene,IGHG3,4
8555,ZFIN:ZDB-GENE-060825-289,gene,pex11b,4
8556,ENSEMBL:ENSCAFG00000009345,gene,ENSEMBL:ENSCAFG00000009345,4
8557,MP:0000608,phenotype,dissociated hepatocytes,8
8558,MP:0010537,phenotype,tumor regression,8
8559,RGD:735183,gene,Map1lc3a,4
8560,EFO:0004526,phenotype,mean corpuscular volume,8
8561,MP:0000321,phenotype,increased bone marrow cell number,8
8562,ZP:0000955,phenotype,"determination of heart left/right asymmetry disrupted, abnormal",8
8563,MP:0001256,phenotype,abnormal body length,8
8564,WBPhenotype:0004016,phenotype,dauer nictation behavior variant,8
8565,MP:0010831,phenotype,"lethality, incomplete penetrance",8
8566,ZP:0020460,phenotype,"ceratohyal cartilage polarity, abnormal",8
8567,ENSEMBL:ENSACAG00000005227,gene,ENSEMBL:ENSACAG00000005227,4
8568,SGD:S000005507,gene,PEX11,4
8569,WormBase:WBGene00000286,gene,cal-2,4
8570,WBPhenotype:0000060,phenotype,adult lethal,8
8571,ZP:0018018,phenotype,"nucleus skeletal muscle circular, abnormal",8
8572,ENSEMBL:ENSRNOG00000058719,gene,ENSEMBL:ENSRNOG00000058719,4
8573,ENSEMBL:ENSGALG00000011272,gene,ENSEMBL:ENSGALG00000011272,4
8574,WBPhenotype:0000057,phenotype,early larval lethal,8
8575,MP:0005167,phenotype,abnormal blood-brain barrier function,8
8576,ENSEMBL:ENSSSCG00000000272,gene,ENSEMBL:ENSSSCG00000000272,4
8577,HGNC:18229,gene,RASD2,4
8578,MP:0005265,phenotype,abnormal blood urea nitrogen level,8
8579,ENSEMBL:ENSCAFG00000007528,gene,ENSEMBL:ENSCAFG00000007528,4
8580,MP:0000260,phenotype,abnormal angiogenesis,8
8581,ENSEMBL:ENSCAFG00000004894,gene,RHEB,4
8582,ZFIN:ZDB-GENE-020220-1,gene,appb,4
8583,ZP:0009928,phenotype,"heart looping decreased occurrence, abnormal",8
8584,ZP:0000388,phenotype,"dorso-rostral cluster absent, abnormal",8
8585,MP:0000030,phenotype,abnormal tympanic ring morphology,8
8586,ZP:0010088,phenotype,"blood low saturation, abnormal",8
8587,ZP:0103694,phenotype,"oocyte development process quality, abnormal",8
8588,ZP:0000473,phenotype,"whole organism decreased length, abnormal",8
8589,WBPhenotype:0000699,phenotype,vulva development variant,8
8590,dictyBase:DDB_G0291031,gene,ccs,4
8591,APO:0000153,phenotype,petite,8
8592,WBPhenotype:0001937,phenotype,hypersensitive to protein aggregation induced paralysis,8
8593,PomBase:SPBC1718.06,gene,msp1,4
8594,MP:0005394,phenotype,taste/olfaction phenotype,8
8595,ZP:0001589,phenotype,"embryo development disrupted, abnormal",8
8596,EFO:0007841,phenotype,facial morphology measurement,8
8597,ENSEMBL:ENSSSCG00000005600,gene,ENSEMBL:ENSSSCG00000005600,4
8598,ENSEMBL:ENSECAG00000006611,gene,ENSEMBL:ENSECAG00000006611,4
8599,ZP:0101698,phenotype,"vascular associated smooth muscle cell dorsal aorta absent, abnormal",8
8600,ZP:0019045,phenotype,"cell projection Muller cell decreased amount, abnormal",8
8601,ENSEMBL:ENSACAG00000005107,gene,ENSEMBL:ENSACAG00000005107,4
8602,ZP:0004641,phenotype,"embryonic camera-type eye development disrupted, abnormal",8
8603,WBPhenotype:0001964,phenotype,dopaminergic fate atypical,8
8604,ZP:0137799,phenotype,"intersegmental vessel decreased occurrence angiogenesis, abnormal",8
8605,ENSEMBL:ENSPTRG00000020591,gene,ENSEMBL:ENSPTRG00000020591,4
8606,ZFIN:ZDB-GENE-030131-3238,gene,pabpc1a,4
8607,GO:0005783,molecular function,endoplasmic reticulum,7
8608,Coriell:GM05688,biological artifact,NIGMS-GM05688,0
8609,HGNC:3293,gene,EIF4E2,4
8610,ENSEMBL:ENSMODG00000007809,gene,ENSEMBL:ENSMODG00000007809,4
8611,ENSEMBL:ENSOANG00000011546,gene,ENSEMBL:ENSOANG00000011546,4
8612,ENSEMBL:ENSCAFG00000013973,gene,GFAP,4
8613,EFO:0004584,phenotype,mean platelet volume,8
8614,ZFIN:ZDB-GENE-030804-3,gene,calm2a,4
8615,HP:0011842,phenotype,Abnormality of skeletal morphology,8
8616,WBPhenotype:0001353,phenotype,centration defective early emb,8
8617,ENSEMBL:ENSCAFG00000009759,gene,ENSEMBL:ENSCAFG00000009759,4
8618,Xenbase:XB-GENE-954918,gene,lgi1,4
8619,ENSEMBL:ENSPTRG00000003460,gene,ENSEMBL:ENSPTRG00000003460,4
8620,ENSEMBL:ENSMODG00000000549,gene,ENSEMBL:ENSMODG00000000549,4
8621,HGNC:14618,gene,XAGE3,4
8622,HP:0001332,phenotype,Dystonia,8
8623,MGI:1925583,gene,Prpf40b,4
8624,dictyBase:DDB_G0289339,gene,med21,4
8625,WormBase:WBGene00007008,gene,rfp-1,4
8626,MONARCH:APO_0000034APO_0000003,phenotype,mating efficiency:decreased,8
8627,ZP:0103449,phenotype,"breeding tubercle male organism decreased amount, abnormal",8
8628,ZP:0008038,phenotype,"Z disc cardiac muscle cell decreased size, abnormal",8
8629,ClinVarVariant:417745,variant,NM_002111.8(HTT):c.8156T>A (p.Phe2719Tyr),10
8630,ENSEMBL:ENSMODG00000000748,gene,ENSEMBL:ENSMODG00000000748,4
8631,ENSEMBL:ENSCAFG00000013510,gene,ENSEMBL:ENSCAFG00000013510,4
8632,MP:0001680,phenotype,abnormal mesoderm development,8
8633,HP:0000508,phenotype,Ptosis,8
8634,1845,drug,morphine,3
8635,ZFIN:ZDB-GENE-041008-78,gene,polr2a,4
8636,ZP:0005776,phenotype,"actin filament EVL disorganized, abnormal",8
8637,ENSEMBL:ENSCAFG00000017174,gene,ATXN2L,4
8638,ENSEMBL:ENSMMUG00000006362,gene,ENSEMBL:ENSMMUG00000006362,4
8639,RGD:621825,gene,Pfn1,4
8640,ENSEMBL:ENSCAFG00000007564,gene,IMMT,4
8641,ENSEMBL:ENSPTRG00000010594,gene,ENSEMBL:ENSPTRG00000010594,4
8642,HP:0032864,phenotype,Focal aware sensory seizure with auditory features,8
8643,HP:0000528,phenotype,Anophthalmia,8
8644,MP:0008817,phenotype,hematoma,8
8645,MGI:3613525,genotype,Tg(YAC128)53Hay [FVB/N-Tg(YAC128)53Hay],6
8646,ENSEMBL:ENSOANG00000008402,gene,ENSEMBL:ENSOANG00000008402,4
8647,MGI:1270126,gene,Ulk1,4
8648,MGI:5298845,genotype,Htt<tm1Hay>/Htt<tm1Hay>; Tg(YAC72)2511Hay [involves: FVB/N],6
8649,Coriell:GM04830,biological artifact,NIGMS-GM04830,0
8650,MP:0010209,phenotype,abnormal circulating chemokine level,8
8651,MP:0005221,phenotype,abnormal rostral-caudal axis patterning,8
8652,ZP:0001546,phenotype,"yolk grey, abnormal",8
8653,MP:0013292,phenotype,embryonic lethality prior to organogenesis,8
8654,FlyBase:CG11025,gene,FlyBase:CG11025,4
8655,ENSEMBL:ENSECAG00000008777,gene,ENSEMBL:ENSECAG00000008777,4
8656,dbSNP:rs78621558,variant,rs78621558-?,10
8657,MGI:105992,gene,Tkt,4
8658,MP:0011712,phenotype,arrested osteoblast differentiation,8
8659,SGD:S000000935,gene,GLC7,4
8660,FBcv:0000355,phenotype,abnormal eye color,8
8661,GO:0099524,molecular function,postsynaptic cytosol,7
8662,dictyBase:DDB_G0282653,gene,DDB0230049,4
8663,ENSEMBL:ENSSSCG00000017206,gene,ENSEMBL:ENSSSCG00000017206,4
8664,MGI:5698523,genotype,Htt<tm2Detl>/Htt<+> [B6J.129P2-Htt<tm2Detl>],6
8665,MP:0005500,phenotype,abnormal gustatory system morphology,8
8666,HP:0011158,phenotype,Focal sensory seizure with auditory features,8
8667,MP:0009318,phenotype,increased splenic marginal zone lymphoma incidence,8
8668,ENSEMBL:ENSMODG00000014435,gene,ENSEMBL:ENSMODG00000014435,4
8669,ZP:0000348,phenotype,"peripheral olfactory organ absent, abnormal",8
8670,HP:0010808,phenotype,Protruding tongue,8
8671,MP:0006052,phenotype,cerebellum hemorrhage,8
8672,dictyBase:DDB_G0275069,gene,pks16,4
8673,FlyBase:FBgn0262112,gene,sro,4
8674,ENSEMBL:ENSACAG00000007647,gene,ENSEMBL:ENSACAG00000007647,4
8675,ENSEMBL:ENSSSCG00000004845,gene,FAN1,4
8676,WormBase:WBGene00010698,gene,K08H10.6,4
8677,HP:0001269,phenotype,Hemiparesis,8
8678,MP:0002888,phenotype,abnormal NMDA-mediated synaptic currents,8
8679,HP:0002617,phenotype,Vascular dilatation,8
8680,WBPhenotype:0000583,phenotype,dumpy,8
8681,MP:0003156,phenotype,abnormal leukocyte migration,8
8682,FBcv:0000006,phenotype,male semi-fertile,8
8683,HP:0007485,phenotype,Absence of subcutaneous fat,8
8684,ENSEMBL:ENSACAG00000003355,gene,ENSEMBL:ENSACAG00000003355,4
8685,WormBase:WBGene00011832,gene,bgal-1,4
8686,EFO:0004464,phenotype,brain measurement,8
8687,ZFIN:ZDB-GENE-061110-40,gene,zgc:152816,4
8688,ENSEMBL:ENSSSCG00000029158,gene,ENSEMBL:ENSSSCG00000029158,4
8689,EFO:0004765,phenotype,visceral adipose tissue measurement,8
8690,ZP:0003470,phenotype,"cardiac ventricle decreased contractility, abnormal",8
8691,ZP:0019109,phenotype,"nucleus lens present, abnormal",8
8692,MP:0005098,phenotype,abnormal optic choroid morphology,8
8693,HP:0001773,phenotype,Short foot,8
8694,APO:0000154,phenotype,petite-negative,8
8695,HP:0011849,phenotype,Abnormal bone ossification,8
8696,PomBase:SPBC582.07c,gene,rpn7,4
8697,ENSEMBL:ENSACAG00000014855,gene,ENSEMBL:ENSACAG00000014855,4
8698,SGD:S000000688,gene,MSH3,4
8699,MGI:1917493,gene,Wdr61,4
8700,FlyBase:FBgn0051721,gene,Trim9,4
8701,ENSEMBL:ENSECAG00000031575,gene,ENSEMBL:ENSECAG00000031575,4
8702,ENSEMBL:ENSMODG00000015696,gene,ENSEMBL:ENSMODG00000015696,4
8703,HP:0011876,phenotype,Abnormal platelet volume,8
8704,MP:0006046,phenotype,atrioventricular valve regurgitation,8
8705,MP:0005561,phenotype,increased mean corpuscular hemoglobin,8
8706,WBPhenotype:0000834,phenotype,E lineage variant,8
8707,FlyBase:FBgn0031331,gene,CG5440,4
8708,MP:0009503,phenotype,abnormal mammary gland duct morphology,8
8709,dictyBase:DDB_G0283083,gene,cbpD2,4
8710,MP:0000911,phenotype,abnormal trigeminal motor nucleus morphology,8
8711,ZFIN:ZDB-GENE-070822-23,gene,lsm5,4
8712,ENSEMBL:ENSMODG00000045549,gene,ENSEMBL:ENSMODG00000045549,4
8713,MP:0005449,phenotype,abnormal food intake,8
8714,ZP:0007176,phenotype,"melanosome transport decreased rate, abnormal",8
8715,ENSEMBL:ENSECAG00000019648,gene,ENSEMBL:ENSECAG00000019648,4
8716,RGD:2661,gene,Gapdh,4
8717,ENSEMBL:ENSOANG00000040317,gene,ENSEMBL:ENSOANG00000040317,4
8718,HGNC:8570,gene,PACSIN1,4
8719,PomBase:SPAC22E12.07,gene,rna1,4
8720,FlyBase:FBgn0000228,gene,Bsg25D,4
8721,ENSEMBL:ENSECAG00000010347,gene,ENSEMBL:ENSECAG00000010347,4
8722,HGNC:24882,gene,GOLPH3L,4
8723,HP:0000179,phenotype,Thick lower lip vermilion,8
8724,ENSEMBL:ENSCAFG00000003701,gene,ENSEMBL:ENSCAFG00000003701,4
8725,dictyBase:DDB_G0293226,gene,DDB0191832,4
8726,MP:0013878,phenotype,abnormal ductus venosus valve topology,8
8727,ENSEMBL:ENSMMUG00000020179,gene,ENSEMBL:ENSMMUG00000020179,4
8728,ENSEMBL:ENSACAG00000005871,gene,ENSEMBL:ENSACAG00000005871,4
8729,ENSEMBL:ENSACAG00000015056,gene,ENSEMBL:ENSACAG00000015056,4
8730,MP:0000527,phenotype,abnormal kidney development,8
8731,ENSEMBL:ENSSSCG00000012825,gene,ENSEMBL:ENSSSCG00000012825,4
8732,MP:0014001,phenotype,abnormal vertebral artery topology,8
8733,FlyBase:FBgn0033949,gene,Had2,4
8734,ENSEMBL:ENSACAG00000010833,gene,ENSEMBL:ENSACAG00000010833,4
8735,ZFIN:ZDB-GENE-030131-3197,gene,zmat2,4
8736,MP:0004023,phenotype,abnormal chromosome number,8
8737,WBPhenotype:0000308,phenotype,dauer development phenotype,8
8738,ENSEMBL:ENSPTRG00000006073,gene,ENSEMBL:ENSPTRG00000006073,4
8739,ZP:0104533,phenotype,"pharynx development process quality, abnormal",8
8740,PomBase:SPCC4G3.08,gene,psk1,4
8741,ENSEMBL:ENSCAFG00000005789,gene,HGS,4
8742,FlyBase:FBgn0259794,gene,sinah,4
8743,HGNC:4851,gene,HTT,4
8744,EFO:0004847,phenotype,age at onset,8
8745,ZFIN:ZDB-GENE-050320-73,gene,tufm,4
8746,ENSEMBL:ENSOANG00000002100,gene,ENSEMBL:ENSOANG00000002100,4
8747,ZP:0003115,phenotype,"intermediate cell mass of mesoderm increased size, abnormal",8
8748,MGI:3643982,gene,Mageb6b1,4
8749,WBPhenotype:0000372,phenotype,no polar body formation,8
8750,MONARCH:APO_0000127APO_0000003,phenotype,nuclear export:decreased,8
8751,ENSEMBL:ENSSSCG00000007503,gene,ENSEMBL:ENSSSCG00000007503,4
8752,WBPhenotype:0001655,phenotype,cadmium hypersensitive,8
8753,WormBase:WBGene00000149,gene,apl-1,4
8754,MGI:98372,gene,Sp1,4
8755,MP:0001129,phenotype,impaired ovarian folliculogenesis,8
8756,ENSEMBL:ENSMMUG00000006596,gene,ENSEMBL:ENSMMUG00000006596,4
8757,EFO:0005213,phenotype,central corneal thickness,8
8758,ZFIN:ZDB-GENE-040704-3,gene,rbck1,4
8759,ZP:0019053,phenotype,"eye increased occurrence cell death, abnormal",8
8760,MP:0011087,phenotype,"neonatal lethality, complete penetrance",8
8761,MP:0001077,phenotype,abnormal spinal nerve morphology,8
8762,HP:0006266,phenotype,Small placenta,8
8763,ENSEMBL:ENSACAG00000014536,gene,ENSEMBL:ENSACAG00000014536,4
8764,PomBase:SPCP31B10.03c,gene,med31,4
8765,ZP:0003211,phenotype,"hatching delayed, abnormal",8
8766,HP:0000475,phenotype,Broad neck,8
8767,ENSEMBL:ENSOANG00000045757,gene,ENSEMBL:ENSOANG00000045757,4
8768,ENSEMBL:ENSOANG00000048350,gene,ENSEMBL:ENSOANG00000048350,4
8769,MP:0008412,phenotype,increased cellular sensitivity to oxidative stress,8
8770,WormBase:WBGene00009306,gene,maph-1.1,4
8771,WormBase:WBGene00011372,gene,npr-26,4
8772,MGI:2670626,variant,Tg(HD82Gln)81Gschi,10
8773,HP:0003072,phenotype,Hypercalcemia,8
8774,ZP:0000378,phenotype,"cardiac jelly increased volume, abnormal",8
8775,EFO:0007789,phenotype,BMI-adjusted waist circumference,8
8776,ZP:0011929,phenotype,"liver decreased process quality poly(A)+ mRNA export from nucleus, abnormal",8
8777,MP:0002761,phenotype,abnormal hippocampal mossy fiber morphology,8
8778,ZFIN:ZDB-GENE-030131-2981,gene,sp5l,4
8779,ENSEMBL:ENSGALG00000010490,gene,DPYSL4,4
8780,ENSEMBL:ENSBTAG00000001762,gene,ENSEMBL:ENSBTAG00000001762,4
8781,ENSEMBL:ENSPTRG00000004085,gene,ENSEMBL:ENSPTRG00000004085,4
8782,MP:0008670,phenotype,decreased interleukin-12b secretion,8
8783,ENSEMBL:ENSBTAG00000004565,gene,A0A3Q1LLH1,4
8784,ENSEMBL:ENSCAFG00000015077,gene,GAPDH,4
8785,HP:0001712,phenotype,Left ventricular hypertrophy,8
8786,WBPhenotype:0001317,phenotype,evoked postsynaptic amplitude reduced,8
8787,RGD:1304556,gene,Actg1,4
8788,ZP:0018605,phenotype,"rhombomere 3 decreased length, abnormal",8
8789,HGNC:812,gene,ATP2A2,4
8790,MP:0000662,phenotype,abnormal branching of the mammary ductal tree,8
8791,ZP:0020242,phenotype,"eye photoreceptor cell accumulation vacuole eye photoreceptor cell, abnormal",8
8792,RGD:2742,gene,Grm1,4
8793,MP:0000249,phenotype,abnormal blood vessel physiology,8
8794,HP:0002533,phenotype,Abnormal posturing,8
8795,HP:0040327,phenotype,Abnormal morphology of the olfactory bulb,8
8796,ENSEMBL:ENSPTRG00000045247,gene,ENSEMBL:ENSPTRG00000045247,4
8797,HP:0001394,phenotype,Cirrhosis,8
8798,ENSEMBL:ENSOANG00000051140,gene,ENSEMBL:ENSOANG00000051140,4
8799,RGD:2325062,gene,LOC100359668,4
8800,MP:0001909,phenotype,reduced NMDA receptor mediated synaptic activity in barrel cortex,8
8801,ENSEMBL:ENSMODG00000015024,gene,ENSEMBL:ENSMODG00000015024,4
8802,ENSEMBL:ENSPTRG00000012543,gene,ENSEMBL:ENSPTRG00000012543,4
8803,ZFIN:ZDB-GENE-100408-5,gene,git1,4
8804,EFO:0004305,phenotype,erythrocyte count,8
8805,EnsemblGenome:AT3G50000,gene,EnsemblGenome:AT3G50000,4
8806,MP:0009346,phenotype,decreased trabecular bone thickness,8
8807,RGD:2796,gene,Hk1,4
8808,ZP:0003338,phenotype,"photoreceptor outer segment eye photoreceptor cell decreased length, abnormal",8
8809,WBPhenotype:0002114,phenotype,swimming induced paralysis,8
8810,HP:0011190,phenotype,Uni- and bilateral multifocal epileptiform discharges,8
8811,HGNC:17780,gene,ACTBL2,4
8812,ENSEMBL:ENSGALG00000013616,gene,ENSEMBL:ENSGALG00000013616,4
8813,ENSEMBL:ENSCAFG00000003485,gene,PNKP,4
8814,WormBase:WBGene00001685,gene,gpd-3,4
8815,ZP:0002507,phenotype,"opsin transport disrupted, abnormal",8
8816,ENSEMBL:ENSMMUG00000018925,gene,ENSEMBL:ENSMMUG00000018925,4
8817,MP:0003864,phenotype,abnormal midbrain development,8
8818,ZP:0003686,phenotype,"oligodendrocyte spinal cord decreased amount, abnormal",8
8819,MONARCH:APO_0000026APO_0000003,phenotype,bipolar budding pattern:decreased,8
8820,MGI:95915,gene,H2-M3,4
8821,ENSEMBL:ENSMODG00000013164,gene,ENSEMBL:ENSMODG00000013164,4
8822,HGNC:20163,gene,HAUS4,4
8823,MGI:103251,gene,Acly,4
8824,ENSEMBL:ENSFCAG00000010779,gene,ENSEMBL:ENSFCAG00000010779,4
8825,ENSEMBL:ENSPTRG00000004442,gene,ENSEMBL:ENSPTRG00000004442,4
8826,ENSEMBL:ENSPTRG00000004901,gene,ENSEMBL:ENSPTRG00000004901,4
8827,MP:0000286,phenotype,abnormal mitral valve morphology,8
8828,HP:0010987,phenotype,Abnormal cellular immune system morphology,8
8829,MP:0014077,phenotype,ectopic Paneth cells,8
8830,ENSEMBL:ENSCAFG00000004985,gene,ACTR3,4
8831,WBPhenotype:0001435,phenotype,ammonium chloride chemotaxis defective,8
8832,FlyBase:FBgn0020369,gene,Rpt6,4
8833,ENSEMBL:ENSECAG00000024535,gene,ENSEMBL:ENSECAG00000024535,4
8834,MP:0008450,phenotype,retinal photoreceptor degeneration,8
8835,FBcv:0002015,phenotype,partially lethal,8
8836,MP:0000763,phenotype,abnormal filiform papillae morphology,8
8837,ENSEMBL:ENSBTAG00000006969,gene,ENSEMBL:ENSBTAG00000006969,4
8838,HP:0030345,phenotype,Abnormal circulating luteinizing hormone concentration,8
8839,ENSEMBL:ENSACAG00000006498,gene,ENSEMBL:ENSACAG00000006498,4
8840,ENSEMBL:ENSFCAG00000015356,gene,ENSEMBL:ENSFCAG00000015356,4
8841,HP:0012115,phenotype,Hepatitis,8
8842,MP:0010322,phenotype,increased cutaneous melanoma incidence,8
8843,MP:0001290,phenotype,delayed eyelid opening,8
8844,MGI:3851447,genotype,Tg(tetO-HTT*94Q/-lacZ)1Rhn [involves: C57BL/6 * CBA],6
8845,ZP:0003302,phenotype,"ceratobranchial cartilage malformed, abnormal",8
8846,ZP:0007168,phenotype,"axis curved ventral, abnormal",8
8847,2715,drug,tranylcypromine,3
8848,ENSEMBL:ENSCAFG00000047070,gene,A0A5F4CHC8,4
8849,MGI:1860763,gene,Eif3i,4
8850,HP:0000750,phenotype,Delayed speech and language development,8
8851,ZFIN:ZDB-GENE-101005-2,gene,cltb,4
8852,WBPhenotype:0002078,phenotype,histone methylation variant,8
8853,MP:0001685,phenotype,abnormal endoderm development,8
8854,FlyBase:FBgn0003346,gene,RanGAP,4
8855,MP:0010685,phenotype,abnormal hair follicle inner root sheath morphology,8
8856,ZFIN:ZDB-GENE-040801-149,gene,atg5,4
8857,EnsemblGenome:AT3G53930,gene,EnsemblGenome:AT3G53930,4
8858,ZP:0019562,phenotype,"maxilla decreased amount, abnormal",8
8859,ZP:0016901,phenotype,"CaP motoneuron decreased length, abnormal",8
8860,MP:0002912,phenotype,abnormal excitatory postsynaptic potential,8
8861,ZFIN:ZDB-GENE-040905-1,gene,bsdc1,4
8862,SGD:S000000622,gene,RHB1,4
8863,MP:0013968,phenotype,multiple persisting craniopharyngeal ducts,8
8864,MP:0000907,phenotype,small mesencephalic trigeminal nucleus,8
8865,FBcv:0000385,phenotype,short lived,8
8866,MGI:1861935,variant,Htt<tm5Mem>,10
8867,MP:0008493,phenotype,alpha-synuclein inclusion body,8
8868,ENSEMBL:ENSMODG00000001059,gene,ENSEMBL:ENSMODG00000001059,4
8869,ZFIN:ZDB-GENE-040718-45,gene,dnajb6a,4
8870,ENSEMBL:ENSECAG00000016050,gene,ENSEMBL:ENSECAG00000016050,4
8871,ENSEMBL:ENSMODG00000016589,gene,ENSEMBL:ENSMODG00000016589,4
8872,ENSEMBL:ENSACAG00000005494,gene,ENSEMBL:ENSACAG00000005494,4
8873,MP:0002702,phenotype,decreased circulating free fatty acids level,8
8874,WBPhenotype:0001202,phenotype,nicotine hypersensitive,8
8875,HP:0002349,phenotype,Focal aware seizure,8
8876,ENSEMBL:ENSFCAG00000000814,gene,ENSEMBL:ENSFCAG00000000814,4
8877,ENSEMBL:ENSSSCG00000003113,gene,ENSEMBL:ENSSSCG00000003113,4
8878,Coriell:GM04196,biological artifact,NIGMS-GM04196,0
8879,ENSEMBL:ENSOANG00000012154,gene,ENSEMBL:ENSOANG00000012154,4
8880,FlyBase:FBgn0265523,gene,Smr,4
8881,ZP:0010447,phenotype,"striated muscle myosin thick filament myotome decreased amount, abnormal",8
8882,Coriell:GM04478,biological artifact,NIGMS-GM04478,0
8883,MGI:1333865,gene,Rfxank,4
8884,RGD:70991,gene,Flot1,4
8885,ENSEMBL:ENSCAFG00000047980,gene,ENSEMBL:ENSCAFG00000047980,4
8886,ENSEMBL:ENSECAG00000028970,gene,ENSEMBL:ENSECAG00000028970,4
8887,MGI:1858216,gene,Ube2k,4
8888,ENSEMBL:ENSCAFG00000018309,gene,ENSEMBL:ENSCAFG00000018309,4
8889,ZFIN:ZDB-GENE-100922-238,gene,virma,4
8890,SGD:S000001375,gene,SDP1,4
8891,ENSEMBL:ENSFCAG00000002477,gene,ENSEMBL:ENSFCAG00000002477,4
8892,HP:0012101,phenotype,Decreased serum creatinine,8
8893,ENSEMBL:ENSACAG00000005040,gene,ENSEMBL:ENSACAG00000005040,4
8894,EFO:0004509,phenotype,hemoglobin measurement,8
8895,HP:0011182,phenotype,Interictal epileptiform activity,8
8896,ZP:0103715,phenotype,"brain decreased process quality cell population proliferation, abnormal",8
8897,ZP:0010092,phenotype,"neuroblast head dispersed, abnormal",8
8898,HP:0000543,phenotype,Optic disc pallor,8
8899,ENSEMBL:ENSFCAG00000036371,gene,ENSEMBL:ENSFCAG00000036371,4
8900,SGD:S000000909,gene,GLE2,4
8901,MGI:4438239,genotype,Tg(HTT*)BXwy [FVB-Tg(HTT*)BXwy],6
8902,MP:0008712,phenotype,decreased interleukin-9 secretion,8
8903,ENSEMBL:ENSFCAG00000000230,gene,ENSEMBL:ENSFCAG00000000230,4
8904,MP:0010249,phenotype,lactation failure,8
8905,ZFIN:ZDB-GENE-040912-14,gene,rassf1,4
8906,ENSEMBL:ENSRNOG00000022407,gene,F1M8C2,4
8907,ZP:0003323,phenotype,"swimming behavior process quality, abnormal",8
8908,HP:0004386,phenotype,Gastrointestinal inflammation,8
8909,HP:0011054,phenotype,Agenesis of molar,8
8910,ENSEMBL:ENSRNOG00000030491,gene,A0A0G2JYY8,4
8911,MGI:892004,gene,H2-Bl,4
8912,RGD:2990,gene,Lamp2,4
8913,dictyBase:DDB_G0287953,gene,psmD1,4
8914,HP:0002140,phenotype,Ischemic stroke,8
8915,ENSEMBL:ENSSSCG00000003531,gene,KDM1A,4
8916,MGI:5564939,genotype,Rgs9<tm1(cre)Yql>/Rgs9<+>; Tg(HTT*97Q)IXwy [involves: FVB],6
8917,ZP:0018342,phenotype,"epibranchial ganglion process quality axon development, abnormal",8
8918,ZP:0006334,phenotype,"extracellular matrix constituent secretion disrupted, abnormal",8
8919,HP:0009129,phenotype,Upper limb amyotrophy,8
8920,Coriell:GM06631,biological artifact,NIGMS-GM06631,0
8921,MP:0008148,phenotype,abnormal sternocostal joint morphology,8
8922,1277,drug,ganciclovir,3
8923,ZP:0000342,phenotype,"canonical Wnt signaling pathway increased occurrence, abnormal",8
8924,dictyBase:DDB_G0270188,gene,psmD6,4
8925,ZFIN:ZDB-GENE-041014-271,gene,dusp10,4
8926,ENSEMBL:ENSMODG00000024868,gene,ENSEMBL:ENSMODG00000024868,4
8927,ENSEMBL:ENSBTAG00000013485,gene,ENSEMBL:ENSBTAG00000013485,4
8928,ENSEMBL:ENSMODG00000011382,gene,ENSEMBL:ENSMODG00000011382,4
8929,FlyBase:FBgn0005778,gene,PpD5,4
8930,MGI:3723505,genotype,Tg(HD)63Aron [involves: C57BL/6 * SJL],6
8931,ZP:0012016,phenotype,"autophagosome slow muscle cell increased amount, abnormal",8
8932,MP:0008911,phenotype,induced hyperactivity,8
8933,MP:0003076,phenotype,increased susceptibility to ischemic brain injury,8
8934,ENSEMBL:ENSSSCG00000002446,gene,ATXN3,4
8935,HP:0002589,phenotype,Gastrointestinal atresia,8
8936,MGI:1934029,gene,Usp8,4
8937,Coriell:GM04867,biological artifact,NIGMS-GM04867,0
8938,MONARCH:APO_0000047APO_0000003,phenotype,transposable element transposition:decreased,8
8939,ZP:0003070,phenotype,"Z disc skeletal muscle cell disorganized, abnormal",8
8940,ZFIN:ZDB-GENE-040426-877,gene,ppp2cab,4
8941,Xenbase:XB-GENE-5776981,gene,vps28,4
8942,HP:0030260,phenotype,Microphallus,8
8943,ZFIN:ZDB-GENE-070604-2,gene,itpr1b,4
8944,MP:0006254,phenotype,thin cerebral cortex,8
8945,WBPhenotype:0000243,phenotype,engulfment failure by killer cell,8
8946,HGNC:12036,gene,TRAF6,4
8947,ENSEMBL:ENSCAFG00030026124,gene,ENSEMBL:ENSCAFG00030026124,4
8948,ZP:0018633,phenotype,"autophagosome assembly disrupted, abnormal",8
8949,dbSNP:rs80260687,variant,rs80260687-?,10
8950,ENSEMBL:ENSBTAG00000047089,gene,ENSEMBL:ENSBTAG00000047089,4
8951,MONARCH:APO_0000099APO_0000245,phenotype,utilization of nitrogen source:decreased rate,8
8952,WBPhenotype:0001670,phenotype,presynaptic vesicle number reduced,8
8953,Xenbase:XB-GENE-949877,gene,ikbkb,4
8954,ENSEMBL:ENSFCAG00000022374,gene,ENSEMBL:ENSFCAG00000022374,4
8955,ENSEMBL:ENSGALG00000036962,gene,ENSEMBL:ENSGALG00000036962,4
8956,MP:0001062,phenotype,absent oculomotor nerve,8
8957,EnsemblGenome:BAE76489,gene,EnsemblGenome:BAE76489,4
8958,ENSEMBL:ENSGALG00000028749,gene,ENSEMBL:ENSGALG00000028749,4
8959,MP:0009324,phenotype,absent hippocampal fimbria,8
8960,MP:0005030,phenotype,absent amnion,8
8961,WBPhenotype:0000406,phenotype,lumpy,8
8962,HP:0000713,phenotype,Agitation,8
8963,ENSEMBL:ENSCAFG00000003465,gene,EGFR,4
8964,ENSEMBL:ENSSSCG00000021845,gene,ATXN2L,4
8965,ENSEMBL:ENSECAG00000015999,gene,ENSEMBL:ENSECAG00000015999,4
8966,WBPhenotype:0000645,phenotype,roller,8
8967,ZP:0019803,phenotype,"angioblastic mesenchymal cell increased amount, abnormal",8
8968,MONARCH:APO_0000155APO_0000003,phenotype,apoptosis:decreased,8
8969,MP:0001696,phenotype,failure to gastrulate,8
8970,Coriell:GM04690,biological artifact,NIGMS-GM04690,0
8971,WBPhenotype:0000467,phenotype,age associated fluorescence increased,8
8972,XPO:0102390,phenotype,abnormal tail bud morphology,8
8973,ENSEMBL:ENSFCAG00000036119,gene,ENSEMBL:ENSFCAG00000036119,4
8974,ZFIN:ZDB-GENE-050720-3,gene,dpysl4,4
8975,HP:0000689,phenotype,Dental malocclusion,8
8976,HGNC:9935,gene,RCN2,4
8977,ZFIN:ZDB-GENE-030131-2140,gene,setd2,4
8978,PomBase:SPAC13G7.02c,gene,ssa1,4
8979,ZP:0001587,phenotype,"gastrulation process quality, abnormal",8
8980,ENSEMBL:ENSBTAG00000001055,gene,ENSEMBL:ENSBTAG00000001055,4
8981,ZP:0011957,phenotype,"Notch signaling pathway increased occurrence, abnormal",8
8982,ENSEMBL:ENSPTRG00000008480,gene,ENSEMBL:ENSPTRG00000008480,4
8983,ENSEMBL:ENSBTAG00000034170,gene,LOC101902172,4
8984,HP:0000343,phenotype,Long philtrum,8
8985,WormBase:WBGene00012315,gene,immt-2,4
8986,MP:0000976,phenotype,hyperinnervation of hair guard cells,8
8987,ENSEMBL:ENSFCAG00000004399,gene,ENSEMBL:ENSFCAG00000004399,4
8988,ZP:0019152,phenotype,"photoreceptor disc membrane eye photoreceptor cell deformed, abnormal",8
8989,HGNC:4141,gene,GAPDH,4
8990,ENSEMBL:ENSSSCG00000007030,gene,IKBKB,4
8991,ENSEMBL:ENSPTRG00000014221,gene,ENSEMBL:ENSPTRG00000014221,4
8992,HP:0003834,phenotype,Shoulder dislocation,8
8993,ZP:0001342,phenotype,"head aplastic, abnormal",8
8994,SGD:S000004952,gene,SIS1,4
8995,WBPhenotype:0000962,phenotype,level of transgene expression variant,8
8996,ENSEMBL:ENSACAG00000012875,gene,ENSEMBL:ENSACAG00000012875,4
8997,ENSEMBL:ENSPTRG00000016640,gene,ENSEMBL:ENSPTRG00000016640,4
8998,MP:0001988,phenotype,cocaine preference,8
8999,ENSEMBL:ENSPTRG00000052287,gene,ENSEMBL:ENSPTRG00000052287,4
9000,ENSEMBL:ENSACAG00000011443,gene,ENSEMBL:ENSACAG00000011443,4
9001,ENSEMBL:ENSRNOG00000022174,gene,D3ZME3,4
9002,MP:0009421,phenotype,increased gastrocnemius weight,8
9003,ENSEMBL:ENSECAG00000014550,gene,ENSEMBL:ENSECAG00000014550,4
9004,ENSEMBL:ENSCAFG00000031783,gene,ENSEMBL:ENSCAFG00000031783,4
9005,ZFIN:ZDB-GENE-120727-5,gene,pias1a,4
9006,ENSEMBL:ENSECAG00000010007,gene,ENSEMBL:ENSECAG00000010007,4
9007,PomBase:SPCC622.08c,gene,hta1,4
9008,ENSEMBL:ENSFCAG00000000594,gene,ENSEMBL:ENSFCAG00000000594,4
9009,MP:0004215,phenotype,abnormal myocardial fiber physiology,8
9010,WBPhenotype:0000361,phenotype,lima bean arrest,8
9011,MP:0000384,phenotype,distorted hair follicle pattern,8
9012,Xenbase:XB-GENE-944105,gene,hbs1l,4
9013,ZP:0010630,phenotype,"swim bladder inflation decreased process quality, abnormal",8
9014,ZP:0006868,phenotype,"exocrine pancreas retracted, abnormal",8
9015,MGI:1339639,gene,Ogt,4
9016,ZP:0006342,phenotype,"nucleus retina condensed, abnormal",8
9017,WBPhenotype:0000284,phenotype,sperm transfer defective,8
9018,ZP:0011193,phenotype,"glomerular filtration process quality, abnormal",8
9019,WBPhenotype:0000673,phenotype,brood size variant,8
9020,dictyBase:DDB_G0271860,gene,DDB0168530,4
9021,dictyBase:DDB_G0273435,gene,DDB_G0273435,4
9022,ZP:0008266,phenotype,"central artery hemorrhagic, abnormal",8
9023,ENSEMBL:ENSCAFG00000008513,gene,PRPF40B,4
9024,PomBase:SPBC839.10,gene,usp107,4
9025,FlyBase:CG8815,gene,FlyBase:CG8815,4
9026,MP:0011666,phenotype,"double outlet right ventricle, ventricular defect committed to aorta",8
9027,FlyBase:FBgn0003890,gene,betaTub97EF,4
9028,MP:0000575,phenotype,increased foot pad pigmentation,8
9029,HGNC:9533,gene,PSMA4,4
9030,ZP:0000027,phenotype,"post-vent region decreased length, abnormal",8
9031,PomBase:SPAC22H10.03c,gene,kap114,4
9032,ENSEMBL:ENSMODG00000051501,gene,ENSEMBL:ENSMODG00000051501,4
9033,PomBase:SPAC13C5.02,gene,dre4,4
9034,ENSEMBL:ENSECAG00000008511,gene,ENSEMBL:ENSECAG00000008511,4
9035,Xenbase:XB-GENE-6258723,gene,crebbp,4
9036,ZFIN:ZDB-GENE-030131-8369,gene,aldoaa,4
9037,HP:0011106,phenotype,Hypovolemia,8
9038,HP:0005815,phenotype,Supernumerary ribs,8
9039,ENSEMBL:ENSCAFG00000042367,gene,PPP2CA,4
9040,ENSEMBL:ENSCAFG00000023542,gene,ENSEMBL:ENSCAFG00000023542,4
9041,ENSEMBL:ENSGALG00000001644,gene,ENSEMBL:ENSGALG00000001644,4
9042,ENSEMBL:ENSMODG00000004380,gene,ENSEMBL:ENSMODG00000004380,4
9043,MP:0002579,phenotype,disorganized secondary lens fibers,8
9044,ZP:0013912,phenotype,"ventral mandibular arch atrophied, abnormal",8
9045,ENSEMBL:ENSSSCG00000007951,gene,CREBBP,4
9046,ENSEMBL:ENSCAFG00000010347,gene,ENSEMBL:ENSCAFG00000010347,4
9047,MP:0000987,phenotype,hyperinnervation of Merkel's receptor,8
9048,MGI:5569536,genotype,Tg(CMV-HTT*89Q)ATag [involves: FVB/N],6
9049,PomBase:SPAC1805.12c,gene,uep1,4
9050,MP:0000592,phenotype,short tail,8
9051,ENSEMBL:ENSXETG00000009076,gene,kit,4
9052,EnsemblGenome:AT4G33650,gene,EnsemblGenome:AT4G33650,4
9053,ENSEMBL:ENSMMUG00000019325,gene,ENSEMBL:ENSMMUG00000019325,4
9054,MP:0002874,phenotype,decreased hemoglobin content,8
9055,ENSEMBL:ENSECAG00000029999,gene,ENSEMBL:ENSECAG00000029999,4
9056,MGI:1277959,gene,Dlg4,4
9057,WBPhenotype:0000683,phenotype,masculinization of germline,8
9058,ENSEMBL:ENSGALG00000003337,gene,ENSEMBL:ENSGALG00000003337,4
9059,PomBase:SPBC4B4.10c,gene,atg5,4
9060,ENSEMBL:ENSBTAG00000049284,gene,A0A3Q1MHL2,4
9061,WBPhenotype:0001746,phenotype,tight junction defective,8
9062,HP:0011297,phenotype,Abnormal digit morphology,8
9063,dictyBase:DDB_G0271264,gene,DDB0202821,4
9064,ENSEMBL:ENSMMUG00000020716,gene,ENSEMBL:ENSMMUG00000020716,4
9065,MONARCH:APO_0000055APO_0000002,phenotype,mitochondrial morphology:abnormal,8
9066,ENSEMBL:ENSPTRG00000014722,gene,ENSEMBL:ENSPTRG00000014722,4
9067,FBcv:0002008,phenotype,lethal - all die during second instar larval stage,8
9068,ENSEMBL:ENSSSCG00000010762,gene,DPYSL4,4
9069,WBPhenotype:0002288,phenotype,tail bend angle variant,8
9070,ENSEMBL:ENSBTAG00000000237,gene,LOC101906182,4
9071,WBPhenotype:0001315,phenotype,electrophysiology phenotype,8
9072,ZP:0004710,phenotype,"skeletal muscle refractivity, abnormal",8
9073,WBPhenotype:0001566,phenotype,ventral enclosure variant,8
9074,MP:0000877,phenotype,abnormal Purkinje cell morphology,8
9075,HP:0030680,phenotype,Abnormality of cardiovascular system morphology,8
9076,ENSEMBL:ENSACAG00000006042,gene,ENSEMBL:ENSACAG00000006042,4
9077,dictyBase:DDB_G0280755,gene,ubqB,4
9078,ENSEMBL:ENSSSCG00000024837,gene,ENSEMBL:ENSSSCG00000024837,4
9079,ENSEMBL:ENSMMUG00000010433,gene,ENSEMBL:ENSMMUG00000010433,4
9080,FlyBase:FBgn0031692,gene,TpnC25D,4
9081,ENSEMBL:ENSMODG00000043186,gene,ENSEMBL:ENSMODG00000043186,4
9082,Coriell:GM04857,biological artifact,NIGMS-GM04857,0
9083,MP:0010955,phenotype,abnormal respiratory electron transport chain,8
9084,WormBase:WBGene00020378,gene,T09B4.4,4
9085,ENSEMBL:ENSOANG00000005788,gene,ENSEMBL:ENSOANG00000005788,4
9086,MP:0010733,phenotype,abnormal axon initial segment morphology,8
9087,EFO:0004704,phenotype,age at menopause,8
9088,ENSEMBL:ENSOANG00000013320,gene,ENSEMBL:ENSOANG00000013320,4
9089,HP:0002342,phenotype,"Intellectual disability, moderate",8
9090,ENSEMBL:ENSFCAG00000042800,gene,ENSEMBL:ENSFCAG00000042800,4
9091,MP:0000854,phenotype,abnormal cerebellum development,8
9092,SGD:S000000948,gene,LSM5,4
9093,Coriell:GM04798,biological artifact,NIGMS-GM04798,0
9094,ZP:0003667,phenotype,"pre-miRNA processing disrupted, abnormal",8
9095,HGNC:9675,gene,PTPRM,4
9096,WormBase:T28F2.2b,gene,WormBase:T28F2.2b,4
9097,MP:0014145,phenotype,increased white adipose tissue mass,8
9098,MP:0001196,phenotype,shiny skin,8
9099,dictyBase:DDB_G0276019,gene,gefY,4
9100,ENSEMBL:ENSFCAG00000031269,gene,ENSEMBL:ENSFCAG00000031269,4
9101,ENSEMBL:ENSOANG00000047613,gene,ENSEMBL:ENSOANG00000047613,4
9102,HGNC:12509,gene,UBQLN2,4
9103,MGI:1194884,gene,Evl,4
9104,MGI:2177755,variant,Htt<tm2Szi>,10
9105,MGI:1921529,gene,Magea14,4
9106,MP:0010940,phenotype,abnormal maxillary prominence morphology,8
9107,Coriell:GM01168,biological artifact,NIGMS-GM01168,0
9108,HP:0000736,phenotype,Short attention span,8
9109,ENSEMBL:ENSGALG00000004852,gene,ENSEMBL:ENSGALG00000004852,4
9110,MP:0013501,phenotype,increased fibroblast apoptosis,8
9111,MGI:1919159,gene,Haus5,4
9112,HGNC:30292,gene,G3BP1,4
9113,SGD:S000001919,gene,PES4,4
9114,ENSEMBL:ENSMODG00000023241,gene,ENSEMBL:ENSMODG00000023241,4
9115,MP:0003638,phenotype,abnormal response/metabolism to endogenous compounds,8
9116,MP:0002219,phenotype,decreased lymph node number,8
9117,WormBase:WBGene00006539,gene,tbb-6,4
9118,HP:0001558,phenotype,Decreased fetal movement,8
9119,SGD:S000005335,gene,POP2,4
9120,ENSEMBL:ENSMMUG00000010668,gene,ENSEMBL:ENSMMUG00000010668,4
9121,ENSEMBL:ENSFCAG00000010881,gene,ENSEMBL:ENSFCAG00000010881,4
9122,ENSEMBL:ENSBTAG00000001028,gene,MAP6,4
9123,ZP:0016367,phenotype,"synapse assembly process quality, abnormal",8
9124,ZP:0018473,phenotype,"axon peripheral neuron branchiness, abnormal",8
9125,ENSEMBL:ENSSSCG00000007206,gene,RBCK1,4
9126,ENSEMBL:ENSMODG00000024125,gene,ENSEMBL:ENSMODG00000024125,4
9127,ENSEMBL:ENSBTAG00000017780,gene,ENSEMBL:ENSBTAG00000017780,4
9128,dictyBase:DDB_G0279327,gene,cnrP,4
9129,ENSEMBL:ENSMMUG00000000800,gene,ENSEMBL:ENSMMUG00000000800,4
9130,HP:0004510,phenotype,Pancreatic islet-cell hyperplasia,8
9131,Xenbase:XB-GENE-997434,gene,ubac1,4
9132,ENSEMBL:ENSBTAG00000010152,gene,ENSEMBL:ENSBTAG00000010152,4
9133,ZP:0101816,phenotype,"neuromuscular junction ventral root structure, abnormal",8
9134,ENSEMBL:ENSMODG00000016841,gene,ENSEMBL:ENSMODG00000016841,4
9135,ZP:0019110,phenotype,"lens elongated, abnormal",8
9136,MP:0010300,phenotype,increased skin tumor incidence,8
9137,ZFIN:ZDB-GENE-040426-1743,gene,viml,4
9138,MGI:5569537,genotype,Tg(CMV-HTT*89Q)ATag/Tg(CMV-HTT*89Q)ATag [involves: FVB/N],6
9139,ZP:0007909,phenotype,"stereocilium posterior lateral line neuromast decreased length, abnormal",8
9140,HP:0002280,phenotype,Enlarged cisterna magna,8
9141,ENSEMBL:ENSACAG00000015019,gene,ENSEMBL:ENSACAG00000015019,4
9142,ENSEMBL:ENSPTRG00000014027,gene,ENSEMBL:ENSPTRG00000014027,4
9143,dictyBase:DDB_G0283835,gene,DDB0185717,4
9144,ENSEMBL:ENSSSCG00000008412,gene,PSME4,4
9145,ENSEMBL:ENSECAG00000040697,gene,ENSEMBL:ENSECAG00000040697,4
9146,ZP:0010446,phenotype,"striated muscle myosin thick filament myotome absent, abnormal",8
9147,MP:0008511,phenotype,thin retinal inner nuclear layer,8
9148,MP:0012361,phenotype,decreased large unstained cell number,8
9149,MP:0002733,phenotype,abnormal thermal nociception,8
9150,ZP:0014277,phenotype,"wound healing decreased process quality, abnormal",8
9151,ENSEMBL:ENSMMUG00000052074,gene,ENSEMBL:ENSMMUG00000052074,4
9152,dictyBase:DDB_G0281889,gene,DDB0204271,4
9153,ENSEMBL:ENSSSCG00000022454,gene,NRBP1,4
9154,RGD:1308778,gene,Upf3a,4
9155,ENSEMBL:ENSPTRG00000021273,gene,ENSEMBL:ENSPTRG00000021273,4
9156,HGNC:8882,gene,PFN2,4
9157,ENSEMBL:ENSGALG00000007711,gene,RPL4,4
9158,MP:0020523,phenotype,decreased susceptibility to induced hypothermia,8
9159,MP:0013502,phenotype,decreased fibroblast apoptosis,8
9160,ZP:0001934,phenotype,"hatching arrested, abnormal",8
9161,MGI:5298847,genotype,Tg(YAC72)2511Hay [involves: FVB/N],6
9162,ENSEMBL:ENSBTAG00000000469,gene,ENSEMBL:ENSBTAG00000000469,4
9163,HP:0002813,phenotype,Abnormality of limb bone morphology,8
9164,ENSEMBL:ENSBTAG00000005663,gene,ENSEMBL:ENSBTAG00000005663,4
9165,ENSEMBL:ENSMMUG00000007811,gene,ENSEMBL:ENSMMUG00000007811,4
9166,ZP:0000613,phenotype,"floor plate aplastic, abnormal",8
9167,HP:0000716,phenotype,Depression,8
9168,RGD:1304725,gene,Dnajb1,4
9169,ENSEMBL:ENSBTAG00000002352,gene,GGA2,4
9170,HGNC:6916,gene,MBD1,4
9171,HGNC:18178,gene,VPS28,4
9172,MP:0002718,phenotype,abnormal inner cell mass morphology,8
9173,ZP:0103430,phenotype,"immune response process quality, abnormal",8
9174,HP:0002148,phenotype,Hypophosphatemia,8
9175,WBPhenotype:0000111,phenotype,pattern of gene expression variant,8
9176,MP:0008826,phenotype,abnormal splenic cell ratio,8
9177,ENSEMBL:ENSFCAG00000007682,gene,ENSEMBL:ENSFCAG00000007682,4
9178,HGNC:1033,gene,BDNF,4
9179,ZFIN:ZDB-GENE-030424-1,gene,kdm5bb,4
9180,EnsemblGenome:BAA16020,gene,EnsemblGenome:BAA16020,4
9181,ZP:0101896,phenotype,"neuron projection facial nerve motor nucleus increased length, abnormal",8
9182,WBPhenotype:0000490,phenotype,pharynx disorganized,8
9183,ENSEMBL:ENSCAFG00000018143,gene,ETFA,4
9184,ENSEMBL:ENSBTAG00000017002,gene,ENSEMBL:ENSBTAG00000017002,4
9185,5359,drug,brilliant Blue G,3
9186,ENSEMBL:ENSACAG00000001869,gene,ENSEMBL:ENSACAG00000001869,4
9187,RGD:3375,gene,Ppp1ca,4
9188,ZP:0019097,phenotype,"female organism increased amount, abnormal",8
9189,MP:0010948,phenotype,abnormal double-strand DNA break repair,8
9190,ENSEMBL:ENSMODG00000012494,gene,ENSEMBL:ENSMODG00000012494,4
9191,MP:0000348,phenotype,abnormal aerobic fitness,8
9192,ENSEMBL:ENSBTAG00000014388,gene,ENSEMBL:ENSBTAG00000014388,4
9193,MP:0008056,phenotype,abnormal retinal ganglion cell morphology,8
9194,MP:0010850,phenotype,"increased effector memory CD8-positive, alpha-beta T cell number",8
9195,ENSEMBL:ENSECAG00000023865,gene,ENSEMBL:ENSECAG00000023865,4
9196,ENSEMBL:ENSGALG00000010379,gene,ENSEMBL:ENSGALG00000010379,4
9197,PomBase:SPBC405.04c,gene,ypt7,4
9198,ENSEMBL:ENSCAFG00000009019,gene,NEFM,4
9199,MP:0000961,phenotype,abnormal dorsal root ganglion morphology,8
9200,MP:0011090,phenotype,"perinatal lethality, incomplete penetrance",8
9201,WBPhenotype:0001766,phenotype,cholesterol depletion hypersensitive,8
9202,ENSEMBL:ENSOANG00000014057,gene,ENSEMBL:ENSOANG00000014057,4
9203,ZP:0008454,phenotype,"swimming behavior decreased occurrence, abnormal",8
9204,WBPhenotype:0000443,phenotype,spicule morphology variant,8
9205,HP:0001789,phenotype,Hydrops fetalis,8
9206,MP:0013175,phenotype,bifurcated tail,8
9207,FlyBase:FBgn0287184,gene,FASN3,4
9208,ZFIN:ZDB-FISH-170608-17,genotype,<zf696Tg>/<?>; <zf703Tg>/<?> [unspecified background],6
9209,ENSEMBL:ENSGALG00000002408,gene,NCDN,4
9210,HP:0002135,phenotype,Basal ganglia calcification,8
9211,ENSEMBL:ENSCAFG00000010145,gene,RAB35,4
9212,ENSEMBL:ENSBTAG00000010668,gene,ENSEMBL:ENSBTAG00000010668,4
9213,WBPhenotype:0001636,phenotype,excess intestinal cells,8
9214,ZP:0010094,phenotype,"melanocyte trunk disorganized, abnormal",8
9215,RGD:70514,gene,Cdk5,4
9216,ZP:0018870,phenotype,"retina lacks all parts of type central region photoreceptor cell, abnormal",8
9217,HGNC:24549,gene,MRFAP1,4
9218,ENSEMBL:ENSMMUG00000001916,gene,ENSEMBL:ENSMMUG00000001916,4
9219,HP:0001643,phenotype,Patent ductus arteriosus,8
9220,ENSEMBL:ENSMODG00000048800,gene,ENSEMBL:ENSMODG00000048800,4
9221,Xenbase:XB-GENE-1014860,gene,crppa,4
9222,ZP:0018341,phenotype,"axon vagal ganglion malformed, abnormal",8
9223,WormBase:WBGene00003774,gene,nmr-1,4
9224,ENSEMBL:ENSECAG00000020933,gene,ENSEMBL:ENSECAG00000020933,4
9225,ENSEMBL:ENSACAG00000000836,gene,ENSEMBL:ENSACAG00000000836,4
9226,RGD:1308943,gene,Vat1,4
9227,dbSNPIndividual:18613,genotype,47;XY;t(1;3)(3qter->3q?21::1p?32->1qter;&#x0D;&#x0A;3pter->3q?21::1p?32->1pter);+20[8]/46;XY[12] [GM01085],6
9228,WormBase:WBGene00022617,gene,ZC477.2,4
9229,ENSEMBL:ENSMODG00000002420,gene,ENSEMBL:ENSMODG00000002420,4
9230,ZP:0000534,phenotype,"cardiac muscle cell heart increased size, abnormal",8
9231,ENSEMBL:ENSGALG00000010253,gene,ZDHHC17,4
9232,Xenbase:XB-GENE-949692,gene,nbr1,4
9233,HP:0002062,phenotype,Morphological abnormality of the pyramidal tract,8
9234,HP:0011967,phenotype,Decreased circulating copper concentration,8
9235,FlyBase:FBgn0031090,gene,Rab35,4
9236,ENSEMBL:ENSBTAG00000018036,gene,ENSEMBL:ENSBTAG00000018036,4
9237,ENSEMBL:ENSMODG00000001307,gene,ENSEMBL:ENSMODG00000001307,4
9238,MP:0013795,phenotype,abnormal colon goblet cell morphology,8
9239,ENSEMBL:ENSACAG00000016085,gene,ENSEMBL:ENSACAG00000016085,4
9240,ENSEMBL:ENSFCAG00000024658,gene,ENSEMBL:ENSFCAG00000024658,4
9241,MP:0002922,phenotype,decreased post-tetanic potentiation,8
9242,MP:0006404,phenotype,abnormal lumbar dorsal root ganglion morphology,8
9243,WBPhenotype:0001764,phenotype,carbon dioxide response variant,8
9244,WormBase:WBGene00001979,gene,hmp-2,4
9245,FBcv:0007508,phenotype,decreased size,8
9246,MP:0008128,phenotype,abnormal brain internal capsule morphology,8
9247,ENSEMBL:ENSMMUG00000005224,gene,ENSEMBL:ENSMMUG00000005224,4
9248,HP:0000529,phenotype,Progressive visual loss,8
9249,MP:0003998,phenotype,decreased thermal nociceptive threshold,8
9250,ENSEMBL:ENSOANG00000000394,gene,ENSEMBL:ENSOANG00000000394,4
9251,ZFIN:ZDB-GENE-030131-7802,gene,fasn,4
9252,EFO:0004309,phenotype,platelet count,8
9253,ENSEMBL:ENSMMUG00000019760,gene,ENSEMBL:ENSMMUG00000019760,4
9254,ENSEMBL:ENSACAG00000024528,gene,ENSEMBL:ENSACAG00000024528,4
9255,ENSEMBL:ENSACAG00000016861,gene,ENSEMBL:ENSACAG00000016861,4
9256,dictyBase:DDB_G0278271,gene,DDB0205337,4
9257,ZP:0106674,phenotype,"hypermethylation of CpG island increased occurrence, abnormal",8
9258,WBPhenotype:0000241,phenotype,accumulated cell corpses,8
9259,MP:0002682,phenotype,decreased mature ovarian follicle number,8
9260,MP:0008158,phenotype,increased diameter of femur,8
9261,ZP:0003835,phenotype,"central nervous system myelination disrupted, abnormal",8
9262,ENSEMBL:ENSSSCG00000008194,gene,ACTR1B,4
9263,ZFIN:ZDB-GENE-030131-4694,gene,rasa1a,4
9264,HP:0000975,phenotype,Hyperhidrosis,8
9265,ZFIN:ZDB-GENE-030131-858,gene,stx6,4
9266,WBPhenotype:0001119,phenotype,cell cycle slow early emb,8
9267,Xenbase:XB-GENE-5878289,gene,cad,4
9268,MGI:1924657,gene,Rab35,4
9269,ENSEMBL:ENSSSCG00000004969,gene,KIF23,4
9270,MGI:1919020,gene,Ap2b1,4
9271,ENSEMBL:ENSFCAG00000039185,gene,ENSEMBL:ENSFCAG00000039185,4
9272,ZP:0000693,phenotype,"regulation of cardiac muscle contraction by calcium ion signaling disrupted, abnormal",8
9273,ENSEMBL:ENSBTAG00000003259,gene,TCERG1,4
9274,MP:0000128,phenotype,growth retardation of molars,8
9275,MP:0010392,phenotype,prolonged QRS complex duration,8
9276,WBPhenotype:0002325,phenotype,backward point velocity increased,8
9277,ZP:0011939,phenotype,"nuclear pore retinal ganglion cell malformed, abnormal",8
9278,ENSEMBL:ENSMMUG00000020410,gene,ENSEMBL:ENSMMUG00000020410,4
9279,HP:0002414,phenotype,Spina bifida,8
9280,ZP:0004526,phenotype,"cardiac muscle cell shape, abnormal",8
9281,ENSEMBL:ENSGALG00000020999,gene,ENSEMBL:ENSGALG00000020999,4
9282,ZP:0018336,phenotype,"glossopharyngeal ganglion decreased size, abnormal",8
9283,Xenbase:XB-GENE-5866629,gene,f8a1,4
9284,ENSEMBL:ENSCAFG00000018040,gene,ENSEMBL:ENSCAFG00000018040,4
9285,ZFIN:ZDB-GENE-030131-7828,gene,kdm1a,4
9286,HP:0000765,phenotype,Abnormal thorax morphology,8
9287,ENSEMBL:ENSOANG00000010148,gene,ENSEMBL:ENSOANG00000010148,4
9288,MGI:1919558,gene,Brf1,4
9289,ENSEMBL:ENSSSCG00000044778,gene,DPPA4,4
9290,WormBase:WBGene00004933,gene,sod-4,4
9291,MP:0000603,phenotype,pale liver,8
9292,ZP:0003856,phenotype,"mitochondrion Mauthner neuron swollen, abnormal",8
9293,WBPhenotype:0001168,phenotype,pseudocleavage absent early emb,8
9294,MP:0000569,phenotype,abnormal digit pigmentation,8
9295,ENSEMBL:ENSBTAG00000005441,gene,ENSEMBL:ENSBTAG00000005441,4
9296,MP:0004174,phenotype,abnormal spine curvature,8
9297,Xenbase:XB-GENE-5837209,gene,psma4,4
9298,MONARCH:APO_0000111APO_0000003,phenotype,viability:decreased,8
9299,SGD:S000001495,gene,PRP40,4
9300,FlyBase:FBgn0036932,gene,CG14184,4
9301,ZP:0006474,phenotype,"whole organism wholly posterioralized, abnormal",8
9302,HP:0001659,phenotype,Aortic regurgitation,8
9303,WormBase:WBGene00018846,gene,eef-1B.1,4
9304,WBPhenotype:0000039,phenotype,life span phenotype,8
9305,ZP:0018637,phenotype,"atrioventricular canal mislocalised, abnormal",8
9306,HP:0001667,phenotype,Right ventricular hypertrophy,8
9307,ENSEMBL:ENSBTAG00000006175,gene,KDM5B,4
9308,ENSEMBL:ENSCAFG00000017621,gene,CARM1,4
9309,MGI:3605770,genotype,Htt<tm1Szi>/Htt<tm2Szi>; Tg(Camk2a-cre)2Szi [involves: 129S/SvEv * 129S1/Sv * C57BL/6 * CBA],6
9310,SGD:S000004339,gene,KAP95,4
9311,MP:0002885,phenotype,abnormal AMPA-mediated synaptic currents,8
9312,RGD:1565411,gene,Prpf40b,4
9313,MP:0008264,phenotype,absent hippocampus CA1 region,8
9314,ENSEMBL:ENSMMUG00000062063,gene,ENSEMBL:ENSMMUG00000062063,4
9315,MP:0002970,phenotype,abnormal white adipose tissue morphology,8
9316,Xenbase:XB-GENE-483288,gene,ncor1,4
9317,ENSEMBL:ENSPTRG00000018306,gene,ENSEMBL:ENSPTRG00000018306,4
9318,ENSEMBL:ENSBTAG00000012885,gene,ENSEMBL:ENSBTAG00000012885,4
9319,HP:0003199,phenotype,Decreased muscle mass,8
9320,ZP:0001223,phenotype,"dopaminergic neuron decreased amount, abnormal",8
9321,MP:0011441,phenotype,decreased kidney cell proliferation,8
9322,ENSEMBL:ENSCAFG00000031020,gene,ENSEMBL:ENSCAFG00000031020,4
9323,ENSEMBL:ENSECAG00000016963,gene,ENSEMBL:ENSECAG00000016963,4
9324,PomBase:SPAC821.10c,gene,sod1,4
9325,dictyBase:DDB_G0271690,gene,DDB0168463,4
9326,ENSEMBL:ENSECAG00000017084,gene,ENSEMBL:ENSECAG00000017084,4
9327,MGI:95936,gene,H2-Q7,4
9328,HP:0000648,phenotype,Optic atrophy,8
9329,ZFIN:ZDB-GENE-050410-9,gene,glb1,4
9330,ENSEMBL:ENSMODG00000013940,gene,ENSEMBL:ENSMODG00000013940,4
9331,HGNC:2091,gene,CLTB,4
9332,WBPhenotype:0001080,phenotype,excessive blebbing early emb,8
9333,dictyBase:DDB_G0284217,gene,DDB0185899,4
9334,SGD:S000005750,gene,RPB8,4
9335,FlyBase:FBgn0028691,gene,Rpn9,4
9336,FlyBase:FBgn0262716,gene,Arp3,4
9337,ZP:0001454,phenotype,"extension aplastic, abnormal",8
9338,HGNC:29130,gene,HAUS5,4
9339,ENSEMBL:ENSACAG00000028866,gene,ENSEMBL:ENSACAG00000028866,4
9340,ENSEMBL:ENSMMUG00000049324,gene,ENSEMBL:ENSMMUG00000049324,4
9341,dictyBase:DDB_G0279371,gene,DDB0205748,4
9342,Coriell:GM05538,biological artifact,NIGMS-GM05538,0
9343,MP:0009341,phenotype,decreased splenocyte apoptosis,8
9344,ENSEMBL:ENSMODG00000017181,gene,ENSEMBL:ENSMODG00000017181,4
9345,ENSEMBL:ENSECAG00000038427,gene,ENSEMBL:ENSECAG00000038427,4
9346,HP:0004938,phenotype,Tortuous cerebral arteries,8
9347,ENSEMBL:ENSECAG00000011424,gene,ENSEMBL:ENSECAG00000011424,4
9348,ENSEMBL:ENSFCAG00000029904,gene,ENSEMBL:ENSFCAG00000029904,4
9349,ZP:0011911,phenotype,"cell whole organism decreased amount, abnormal",8
9350,ZFIN:ZDB-GENE-070912-399,gene,si:dkey-181m9.8,4
9351,MGI:5635161,genotype,Tg(HTT*)LXwy [involves: FVB/NJ],6
9352,WormBase:WBGene00020838,gene,trak-1,4
9353,MP:0011199,phenotype,abnormal amniotic cavity morphology,8
9354,MP:0000919,phenotype,cranioschisis,8
9355,RGD:3729,gene,Snca,4
9356,4954,drug,cetuximab,3
9357,ENSEMBL:ENSCAFG00000001196,gene,AGO2,4
9358,ZFIN:ZDB-GENE-040426-2740,gene,eef1da,4
9359,ENSEMBL:ENSFCAG00000005498,gene,ENSEMBL:ENSFCAG00000005498,4
9360,HP:0010610,phenotype,Palmar pits,8
9361,HP:0000035,phenotype,Abnormal testis morphology,8
9362,ZP:0100053,phenotype,"central region retina increased amount, abnormal",8
9363,HP:0007359,phenotype,Focal-onset seizure,8
9364,ZP:0002702,phenotype,"endoplasmic reticulum chondrocyte morphology, abnormal",8
9365,ENSEMBL:ENSCAFG00000011876,gene,ENSEMBL:ENSCAFG00000011876,4
9366,HGNC:9113,gene,PML,4
9367,ENSEMBL:ENSMODG00000018722,gene,ENSEMBL:ENSMODG00000018722,4
9368,Xenbase:XB-GENE-992563,gene,crmp1,4
9369,RGD:1563983,gene,Ubl4a,4
9370,HGNC:1424,gene,CAD,4
9371,ZFIN:ZDB-GENE-060721-2,gene,upf3a,4
9372,HP:0002591,phenotype,Polyphagia,8
9373,MONARCH:APO_0000106APO_0000246,phenotype,vegetative growth:increased rate,8
9374,WormBase:WBGene00022069,gene,eel-1,4
9375,WormBase:WBGene00014158,gene,ZK938.1,4
9376,HP:0002089,phenotype,Pulmonary hypoplasia,8
9377,ENSEMBL:ENSBTAG00000045727,gene,EPPK1,4
9378,MP:0009114,phenotype,decreased pancreatic beta cell mass,8
9379,FlyBase:FBgn0030671,gene,CG8134,4
9380,MP:0008457,phenotype,abnormal cortical intermediate zone morphology,8
9381,GO:0042297,molecular function,vocal learning,7
9382,ENSEMBL:ENSGALG00000008898,gene,ENSEMBL:ENSGALG00000008898,4
9383,MP:0010864,phenotype,abnormal enamel knot morphology,8
9384,MGI:1915826,gene,Lamtor5,4
9385,ENSEMBL:ENSSSCG00000032220,gene,CNOT10,4
9386,MONARCH:APO_0000260APO_0000248,phenotype,cell cycle progression in anaphase:increased duration,8
9387,ENSEMBL:ENSCAFG00000019684,gene,AXIN1,4
9388,PomBase:SPBC1347.12,gene,arp1,4
9389,EFO:0004614,phenotype,apolipoprotein A 1 measurement,8
9390,PomBase:SPBC17D11.08,gene,dca7,4
9391,ENSEMBL:ENSACAG00000009759,gene,ENSEMBL:ENSACAG00000009759,4
9392,ZP:0103450,phenotype,"wound healing decreased occurrence, abnormal",8
9393,dictyBase:DDB_G0285221,gene,med31,4
9394,ENSEMBL:ENSCAFG00000032009,gene,ENSEMBL:ENSCAFG00000032009,4
9395,ENSEMBL:ENSFCAG00000013441,gene,ENSEMBL:ENSFCAG00000013441,4
9396,ENSEMBL:ENSACAG00000016197,gene,ENSEMBL:ENSACAG00000016197,4
9397,ENSEMBL:ENSPTRG00000020680,gene,ENSEMBL:ENSPTRG00000020680,4
9398,FBcv:0002003,phenotype,lethal - all die before end of second instar larval stage,8
9399,MP:0008841,phenotype,ruptured lens capsule,8
9400,MP:0001724,phenotype,abnormal extraembryonic endoderm formation,8
9401,MP:0004322,phenotype,abnormal sternebra morphology,8
9402,ENSEMBL:ENSMODG00000017481,gene,ENSEMBL:ENSMODG00000017481,4
9403,HP:0002600,phenotype,Hyporeflexia of lower limbs,8
9404,NCBIGene:100488610,gene,LOC100488610,4
9405,ENSEMBL:ENSPTRG00000006153,gene,ENSEMBL:ENSPTRG00000006153,4
9406,MP:0008475,phenotype,intermingled spleen red and white pulp,8
9407,WBPhenotype:0001010,phenotype,clear,8
9408,ENSEMBL:ENSMODG00000005254,gene,ENSEMBL:ENSMODG00000005254,4
9409,Coriell:GM04694,biological artifact,NIGMS-GM04694,0
9410,HP:0005294,phenotype,Arterial dissection,8
9411,ENSEMBL:ENSCAFG00000000185,gene,STX7,4
9412,WBPhenotype:0000128,phenotype,temperature induced dauer formation increased,8
9413,HGNC:22398,gene,CCDC126,4
9414,ENSEMBL:ENSSSCG00000012740,gene,ENSEMBL:ENSSSCG00000012740,4
9415,HP:0031888,phenotype,Abnormal HDL cholesterol concentration,8
9416,WBPhenotype:0000847,phenotype,presynaptic component localization variant,8
9417,ZP:0007017,phenotype,"slow muscle cell broken, abnormal",8
9418,ENSEMBL:ENSSSCG00000016011,gene,NEUROD1,4
9419,MP:0008566,phenotype,increased interferon-gamma secretion,8
9420,ENSEMBL:ENSOANG00000004987,gene,ENSEMBL:ENSOANG00000004987,4
9421,ENSEMBL:ENSCAFG00000016607,gene,ENSEMBL:ENSCAFG00000016607,4
9422,HP:0001903,phenotype,Anemia,8
9423,MP:0008885,phenotype,increased enterocyte apoptosis,8
9424,MP:0004227,phenotype,increased cellular sensitivity to ionizing radiation,8
9425,MGI:4438242,genotype,Htt<tm1Szi>/Htt<tm1Szi>; Tg(HTT*)1Xwy [involves: 129S/SvEv * FVB],6
9426,ZP:0007333,phenotype,"neuromast hair cell absent, abnormal",8
9427,ENSEMBL:ENSFCAG00000001893,gene,ENSEMBL:ENSFCAG00000001893,4
9428,ENSEMBL:ENSOANG00000002512,gene,ENSEMBL:ENSOANG00000002512,4
9429,WBPhenotype:0000964,phenotype,DMPP resistant,8
9430,ZP:0004790,phenotype,"photoreceptor cell morphology, abnormal",8
9431,MP:0004263,phenotype,abnormal limb posture,8
9432,ENSEMBL:ENSECAG00000021193,gene,ENSEMBL:ENSECAG00000021193,4
9433,MP:0003974,phenotype,abnormal endocardium morphology,8
9434,HP:0001272,phenotype,Cerebellar atrophy,8
9435,RGD:1359281,gene,Golph3l,4
9436,ZFIN:ZDB-GENE-040426-702,gene,atp2a2a,4
9437,ZFIN:ZDB-GENE-060825-69,gene,llgl1,4
9438,PomBase:SPAC57A7.08,gene,pzh1,4
9439,MGI:95929,gene,H2-Q10,4
9440,WBPhenotype:0000112,phenotype,protein expression variant,8
9441,HGNC:2365,gene,CRMP1,4
9442,HP:0001302,phenotype,Pachygyria,8
9443,HGNC:129,gene,ACTA1,4
9444,FlyBase:FBgn0003969,gene,vap,4
9445,PomBase:SPCC1682.10,gene,rpn8,4
9446,FlyBase:FBgn0259227,gene,CG42327,4
9447,ZFIN:ZDB-GENE-031001-1,gene,hspa12a,4
9448,Xenbase:XB-GENE-491581,gene,hnrnpl,4
9449,ZFIN:ZDB-GENE-050420-97,gene,tgm2l,4
9450,MP:0001363,phenotype,increased anxiety-related response,8
9451,ZP:0137225,phenotype,"CaP motoneuron amplitude neuromuscular synaptic transmission, abnormal",8
9452,WBPhenotype:0001969,phenotype,germ cell compartment morphology variant,8
9453,ZP:0100536,phenotype,"facial nerve motor nucleus displaced to motor neuron rhombomere 4, abnormal",8
9454,MP:0001191,phenotype,abnormal skin condition,8
9455,WormBase:WBGene00022800,gene,ZK688.5,4
9456,FlyBase:FBgn0025682,gene,scf,4
9457,ENSEMBL:ENSMODG00000036978,gene,ENSEMBL:ENSMODG00000036978,4
9458,ZP:0005771,phenotype,"nucleus lens decreased amount, abnormal",8
9459,RGD:61915,gene,Stx6,4
9460,MP:0004091,phenotype,abnormal Z line morphology,8
9461,HP:0002465,phenotype,Poor speech,8
9462,MONARCH:APO_0000074APO_0000117,phenotype,autophagy:normal,8
9463,MP:0001423,phenotype,abnormal liquid preference,8
9464,SGD:S000001724,gene,MIC60,4
9465,FBcv:0002022,phenotype,some die during second instar larval stage,8
9466,ENSEMBL:ENSSSCG00000007986,gene,NME4,4
9467,EFO:1002040,phenotype,Corneal astigmatism,8
9468,HGNC:6501,gene,LAMP2,4
9469,MP:0001438,phenotype,aphagia,8
9470,HP:0000958,phenotype,Dry skin,8
9471,MP:0003908,phenotype,decreased stereotypic behavior,8
9472,ENSEMBL:ENSOANG00000015730,gene,ENSEMBL:ENSOANG00000015730,4
9473,PomBase:SPBC16G5.11c,gene,bag101,4
9474,MP:0004382,phenotype,abnormal hair follicle melanogenesis,8
9475,MP:0009423,phenotype,increased extensor digitorum longus weight,8
9476,EnsemblGenome:AT4G17730,gene,EnsemblGenome:AT4G17730,4
9477,WBPhenotype:0001079,phenotype,cytoplasmic dynamics defective early emb,8
9478,HP:0000363,phenotype,Abnormality of earlobe,8
9479,FlyBase:FBgn0036514,gene,CG12301,4
9480,HP:0003292,phenotype,Decreased serum leptin,8
9481,ENSEMBL:ENSCAFG00000000769,gene,ENSEMBL:ENSCAFG00000000769,4
9482,ENSEMBL:ENSXETG00000009068,gene,pcolce,4
9483,RGD:621081,gene,Tgm2,4
9484,ZP:0005968,phenotype,"male organism decreased male fertility, abnormal",8
9485,WBPhenotype:0001199,phenotype,gonad sheath contractions variant,8
9486,MGI:104897,gene,Rest,4
9487,ENSEMBL:ENSFCAG00000010085,gene,ENSEMBL:ENSFCAG00000010085,4
9488,HP:0001334,phenotype,Communicating hydrocephalus,8
9489,ENSEMBL:ENSECAG00000000796,gene,ENSEMBL:ENSECAG00000000796,4
9490,FBcv:0000447,phenotype,melanotic necrosis,8
9491,ZP:0010936,phenotype,"interrenal primordium centered, abnormal",8
9492,MP:0003425,phenotype,abnormal optic vesicle formation,8
9493,ENSEMBL:ENSPTRG00000046653,gene,ENSEMBL:ENSPTRG00000046653,4
9494,ZFIN:ZDB-GENE-080303-4,gene,si:ch211-1a19.2,4
9495,ENSEMBL:ENSCAFG00000005810,gene,KAT2B,4
9496,HP:0001480,phenotype,Freckling,8
9497,MP:0001510,phenotype,abnormal coat appearance,8
9498,ENSEMBL:ENSMMUG00000046124,gene,ENSEMBL:ENSMMUG00000046124,4
9499,HP:0002410,phenotype,Aqueductal stenosis,8
9500,ENSEMBL:ENSBTAG00000016874,gene,ENSEMBL:ENSBTAG00000016874,4
9501,ZP:0003833,phenotype,"intersegmental vessel decreased functionality, abnormal",8
9502,HP:0008404,phenotype,Nail dystrophy,8
9503,ENSEMBL:ENSPTRG00000011315,gene,ENSEMBL:ENSPTRG00000011315,4
9504,MP:0008022,phenotype,dilated heart ventricle,8
9505,ENSEMBL:ENSFCAG00000030741,gene,ENSEMBL:ENSFCAG00000030741,4
9506,ENSEMBL:ENSCAFG00000006455,gene,ENSEMBL:ENSCAFG00000006455,4
9507,ZP:0137435,phenotype,"proximal side posterior segment eye irregularly shaped, abnormal",8
9508,ENSEMBL:ENSECAG00000020259,gene,ENSEMBL:ENSECAG00000020259,4
9509,MP:0012349,phenotype,increased susceptibility to induction of seizure by inducing agent,8
9510,HP:0001761,phenotype,Pes cavus,8
9511,ENSEMBL:ENSPTRG00000007319,gene,ENSEMBL:ENSPTRG00000007319,4
9512,WormBase:WBGene00016250,gene,hsp-110,4
9513,HGNC:2752,gene,PIAS1,4
9514,HP:0002843,phenotype,Abnormal T cell morphology,8
9515,RGD:2174,gene,Atp2a2,4
9516,ENSEMBL:ENSECAG00000009595,gene,ENSEMBL:ENSECAG00000009595,4
9517,ENSEMBL:ENSFCAG00000005359,gene,ENSEMBL:ENSFCAG00000005359,4
9518,ZP:0008795,phenotype,"anterior region whole organism truncated, abnormal",8
9519,GO:1905289,molecular function,regulation of CAMKK-AMPK signaling cascade,7
9520,ZP:0000533,phenotype,"sarcomere heart increased size, abnormal",8
9521,HP:0000969,phenotype,Edema,8
9522,OMIM:613004.0003,variant,"HTT, THR1260MET ({dbSNP rs34315806})",10
9523,HGNC:4566,gene,GRB2,4
9524,MP:0000358,phenotype,abnormal cell morphology,8
9525,ENSEMBL:ENSCAFG00000006938,gene,HAUS5,4
9526,dictyBase:DDB_G0281045,gene,DDB0216409,4
9527,ZFIN:ZDB-GENE-040426-2649,gene,sec13,4
9528,MP:0004890,phenotype,decreased energy expenditure,8
9529,MP:0006262,phenotype,increased testis tumor incidence,8
9530,Coriell:GM02167,biological artifact,NIGMS-GM02167,0
9531,ENSEMBL:ENSSSCG00000000614,gene,GRIN2B,4
9532,ZP:0019384,phenotype,"anatomical structure decreased distribution, abnormal",8
9533,ZP:0005933,phenotype,"lipid metabolic process process quality, abnormal",8
9534,ENSEMBL:ENSECAG00000013458,gene,ENSEMBL:ENSECAG00000013458,4
9535,MP:0004835,phenotype,abnormal miniature endplate potential,8
9536,ENSEMBL:ENSRNOG00000057958,gene,ENSEMBL:ENSRNOG00000057958,4
9537,ENSEMBL:ENSFCAG00000011336,gene,ENSEMBL:ENSFCAG00000011336,4
9538,HP:0040170,phenotype,Abnormality of hair growth,8
9539,MP:0008701,phenotype,abnormal interleukin-5 secretion,8
9540,MGI:105069,gene,Rab4a,4
9541,ZP:0004599,phenotype,"cartilaginous joint mandibular arch skeleton morphology, abnormal",8
9542,HP:0004463,phenotype,Absent brainstem auditory responses,8
9543,ENSEMBL:ENSCAFG00000011126,gene,ENSEMBL:ENSCAFG00000011126,4
9544,RGD:1563566,gene,Ubqln2,4
9545,ENSEMBL:ENSFCAG00000002916,gene,ENSEMBL:ENSFCAG00000002916,4
9546,MP:0003895,phenotype,increased ectoderm apoptosis,8
9547,dictyBase:DDB_G0267420,gene,sodA,4
9548,WBPhenotype:0000715,phenotype,muscle excess,8
9549,HP:0012447,phenotype,Abnormal myelination,8
9550,ZP:0103880,phenotype,"paired fin decreased amount, abnormal",8
9551,HP:0006891,phenotype,Thick cerebral cortex,8
9552,ZP:0106671,phenotype,"granulocyte ventral wall of dorsal aorta decreased amount, abnormal",8
9553,FlyBase:FBgn0051960,gene,Dmel\CG31960,4
9554,MGI:87906,gene,Actg1,4
9555,PomBase:SPCC645.04,gene,nse3,4
9556,HP:0100285,phenotype,EMG: impaired neuromuscular transmission,8
9557,SGD:S000006070,gene,ATG5,4
9558,ENSEMBL:ENSGALG00000023703,gene,GIT1,4
9559,ENSEMBL:ENSBTAG00000012049,gene,ENSEMBL:ENSBTAG00000012049,4
9560,ENSEMBL:ENSBTAG00000014494,gene,ENSEMBL:ENSBTAG00000014494,4
9561,ZP:0010272,phenotype,"oncogene-induced cell senescence decreased occurrence, abnormal",8
9562,454,drug,butorphanol,3
9563,ENSEMBL:ENSSSCG00000009886,gene,TRAFD1,4
9564,FlyBase:FBgn0267378,gene,sau,4
9565,ENSEMBL:ENSECAG00000030028,gene,ENSEMBL:ENSECAG00000030028,4
9566,ENSEMBL:ENSDARG00000051711,gene,CR339041.2,4
9567,ENSEMBL:ENSBTAG00000003697,gene,ENSEMBL:ENSBTAG00000003697,4
9568,PomBase:SPAC823.16c,gene,atg1802,4
9569,MGI:104662,gene,Pml,4
9570,SGD:S000005888,gene,PRT1,4
9571,ENSEMBL:ENSECAG00000019624,gene,ENSEMBL:ENSECAG00000019624,4
9572,RGD:1359368,gene,Crppa,4
9573,ZP:0002212,phenotype,"thigmotaxis decreased process quality, abnormal",8
9574,ENSEMBL:ENSFCAG00000048955,gene,ENSEMBL:ENSFCAG00000048955,4
9575,MONARCH:APO_0000317APO_0000003,phenotype,replicative lifespan:decreased,8
9576,EFO:0004459,phenotype,ferritin measurement,8
9577,WBPhenotype:0000297,phenotype,rays fused,8
9578,MP:0005641,phenotype,increased mean corpuscular hemoglobin concentration,8
9579,WormBase:WBGene00022401,gene,Y97E10AR.6,4
9580,725,drug,codeine,3
9581,WBPhenotype:0000511,phenotype,nuclear positioning variant,8
9582,PomBase:SPAC1F3.10c,gene,oct1,4
9583,MP:0009173,phenotype,absent pancreatic islets,8
9584,ENSEMBL:ENSMMUG00000009732,gene,ENSEMBL:ENSMMUG00000009732,4
9585,ZP:0017426,phenotype,"eye photoreceptor cell lacks parts or has fewer parts of type photoreceptor outer segment eye photoreceptor cell, abnormal",8
9586,MP:0014143,phenotype,decreased body fat mass,8
9587,GO:0005829,molecular function,cytosol,7
9588,RGD:1306104,gene,Commd4,4
9589,ENSEMBL:ENSFCAG00000037382,gene,ENSEMBL:ENSFCAG00000037382,4
9590,ENSEMBL:ENSMODG00000014653,gene,ENSEMBL:ENSMODG00000014653,4
9591,PomBase:SPBC13E7.10c,gene,brf1,4
9592,MP:0001435,phenotype,absent suckling reflex,8
9593,MP:0004702,phenotype,increased circulating insulin-like growth factor I level,8
9594,HP:0000329,phenotype,Facial hemangioma,8
9595,ENSEMBL:ENSMODG00000016396,gene,ENSEMBL:ENSMODG00000016396,4
9596,ENSEMBL:ENSSSCG00000000059,gene,XRCC6,4
9597,EnsemblGenome:AT1G48650,gene,EnsemblGenome:AT1G48650,4
9598,EFO:0010078,phenotype,dentures,8
9599,MP:0011963,phenotype,abnormal total retina thickness,8
9600,FlyBase:FBgn0266848,gene,wap,4
9601,ENSEMBL:ENSFCAG00000044104,gene,ENSEMBL:ENSFCAG00000044104,4
9602,PomBase:SPBC30D10.10c,gene,tor1,4
9603,ZFIN:ZDB-GENE-081113-4,gene,actn1,4
9604,HP:0003765,phenotype,Psoriasiform dermatitis,8
9605,ENSEMBL:ENSMMUG00000009222,gene,ENSEMBL:ENSMMUG00000009222,4
9606,HGNC:5229,gene,DNAJA1,4
9607,MGI:3584454,genotype,Emx1<tm1(cre)Ito>; Gt(ROSA)26Sor<tm1(HD*103Q)Xwy> [involves: 129S1/Sv * 129X1/SvJ * C57BL/6 * SJL],6
9608,ENSEMBL:ENSECAG00000019476,gene,ENSEMBL:ENSECAG00000019476,4
9609,WBPhenotype:0000882,phenotype,dendrite development variant,8
9610,ZP:0103457,phenotype,"cleavage furrow blastomere blurry, abnormal",8
9611,ENSEMBL:ENSSSCG00000039962,gene,HSPB1,4
9612,MP:0001922,phenotype,reduced male fertility,8
9613,WBPhenotype:0000442,phenotype,larval development retarded,8
9614,ZFIN:ZDB-GENE-050419-126,gene,ttc23,4
9615,MONARCH:APO_0000131APO_0000002,phenotype,protein/peptide modification:abnormal,8
9616,ENSEMBL:ENSBTAG00000014827,gene,ENSEMBL:ENSBTAG00000014827,4
9617,Xenbase:XB-GENE-485307,gene,mhc1a,4
9618,ENSEMBL:ENSPTRG00000040677,gene,ENSEMBL:ENSPTRG00000040677,4
9619,ENSEMBL:ENSFCAG00000010251,gene,ENSEMBL:ENSFCAG00000010251,4
9620,ENSEMBL:ENSGALG00000009248,gene,ENSEMBL:ENSGALG00000009248,4
9621,ENSEMBL:ENSMODG00000025362,gene,ENSEMBL:ENSMODG00000025362,4
9622,dictyBase:DDB_G0283567,gene,DDB_G0283567,4
9623,MP:0004201,phenotype,fetal growth retardation,8
9624,FlyBase:FBgn0035850,gene,Atg18a,4
9625,FBcv:0000439,phenotype,chemical resistant,8
9626,MGI:1351338,gene,Grm1,4
9627,ENSEMBL:ENSCAFG00000024512,gene,J9NTU0,4
9628,PomBase:SPBC32F12.16,gene,gem7,4
9629,ZP:0009076,phenotype,"posterior region whole organism morphology, abnormal",8
9630,MP:0011207,phenotype,absent ectoplacental cavity,8
9631,MP:0006058,phenotype,decreased cerebral infarct size,8
9632,4637,drug,rose bengal,3
9633,NCBITaxon:9258,taxon,Ornithorhynchus anatinus,9
9634,HGNC:9535,gene,PSMA6,4
9635,ZFIN:ZDB-GENE-050327-68,gene,ikbkg,4
9636,ENSEMBL:ENSRNOG00000046657,gene,M0R497,4
9637,ENSEMBL:ENSBTAG00000052014,gene,A0A3Q1M2U2,4
9638,HP:0012154,phenotype,Anhedonia,8
9639,dictyBase:DDB_G0292052,gene,sec13,4
9640,ENSEMBL:ENSSSCG00000024621,gene,KAT2B,4
9641,MP:0000822,phenotype,abnormal brain ventricle morphology,8
9642,ENSEMBL:ENSMODG00000015187,gene,ENSEMBL:ENSMODG00000015187,4
9643,MP:0004708,phenotype,short lumbar vertebrae,8
9644,HP:0100671,phenotype,Abnormal trabecular bone morphology,8
9645,ENSEMBL:ENSFCAG00000003338,gene,ENSEMBL:ENSFCAG00000003338,4
9646,HP:0006687,phenotype,Aortic tortuosity,8
9647,FlyBase:FBgn0028692,gene,Rpn2,4
9648,ENSEMBL:ENSBTAG00000013436,gene,HAUS5,4
9649,FBcv:0000360,phenotype,decreased cell size,8
9650,ENSEMBL:ENSFCAG00000052762,gene,ENSEMBL:ENSFCAG00000052762,4
9651,ZP:0000761,phenotype,"extension decreased thickness, abnormal",8
9652,ENSEMBL:ENSFCAG00000031140,gene,ENSEMBL:ENSFCAG00000031140,4
9653,EnsemblGenome:BAA16405,gene,EnsemblGenome:BAA16405,4
9654,ENSEMBL:ENSXETG00000016466,gene,XB5894692 [provisional:azgp1],4
9655,MP:0013236,phenotype,ovary degeneration,8
9656,PomBase:SPCC736.11,gene,ago1,4
9657,ENSEMBL:ENSPTRG00000008828,gene,ENSEMBL:ENSPTRG00000008828,4
9658,HP:0009887,phenotype,Abnormality of hair pigmentation,8
9659,ENSEMBL:ENSOANG00000049167,gene,ENSEMBL:ENSOANG00000049167,4
9660,WormBase:WBGene00006733,gene,ufd-1,4
9661,MP:0010506,phenotype,prolonged RR interval,8
9662,HGNC:15476,gene,DYNLL1,4
9663,MONARCH:APO_0000312APO_0000003,phenotype,cell death:decreased,8
9664,MGI:1860512,gene,Prpf40a,4
9665,ENSEMBL:ENSCAFG00000014570,gene,ENSEMBL:ENSCAFG00000014570,4
9666,1706,drug,meptazinol,3
9667,ZP:0011823,phenotype,"shield absent, abnormal",8
9668,WBPhenotype:0001405,phenotype,protein aggregation variant,8
9669,RGD:61851,gene,Psma7,4
9670,MP:0002401,phenotype,abnormal lymphopoiesis,8
9671,ZP:0001051,phenotype,"pectoral fin decreased size, abnormal",8
9672,HP:0001970,phenotype,Tubulointerstitial nephritis,8
9673,WBPhenotype:0000649,phenotype,vulva location variant,8
9674,ZFIN:ZDB-GENE-030131-6547,gene,psmc5,4
9675,ZP:0000938,phenotype,"swimming behavior decreased duration, abnormal",8
9676,EFO:0004587,phenotype,lymphocyte count,8
9677,RGD:71048,gene,Ap2b1,4
9678,ENSEMBL:ENSBTAG00000046633,gene,A0A3Q1MM35,4
9679,ZP:0008523,phenotype,"locomotory behavior process quality, abnormal",8
9680,Xenbase:XB-GENE-963850,gene,eif3b,4
9681,ENSEMBL:ENSPTRG00000021543,gene,ENSEMBL:ENSPTRG00000021543,4
9682,MP:0003237,phenotype,abnormal lens epithelium morphology,8
9683,RGD:3376,gene,Ppp1cb,4
9684,ENSEMBL:ENSECAG00000019125,gene,ENSEMBL:ENSECAG00000019125,4
9685,HP:0032410,phenotype,Bilateral generalized polymicrogyria,8
9686,MGI:3613515,biological artifact,Tg(YAC128)53Hay,0
9687,MGI:1201387,gene,Nlk,4
9688,HP:0000481,phenotype,Abnormal cornea morphology,8
9689,ZP:0018638,phenotype,"cell decreased process quality autophagosome assembly, abnormal",8
9690,WBPhenotype:0001724,phenotype,tunicamycin hypersensitive,8
9691,ZP:0006351,phenotype,"chondrocyte increased accumulation vacuole cytoplasm chondrocyte, abnormal",8
9692,ENSEMBL:ENSPTRG00000011323,gene,ENSEMBL:ENSPTRG00000011323,4
9693,1996,drug,orlistat,3
9694,ENSEMBL:ENSBTAG00000021977,gene,ENSEMBL:ENSBTAG00000021977,4
9695,ZP:0017556,phenotype,"mandibular arch skeleton agenesis, abnormal",8
9696,ENSEMBL:ENSMODG00000000485,gene,ENSEMBL:ENSMODG00000000485,4
9697,WBPhenotype:0000316,phenotype,touch resistant tail,8
9698,MGI:1917606,gene,St13,4
9699,ZP:0000552,phenotype,"hematopoietic stem cell ventral wall of dorsal aorta decreased amount, abnormal",8
9700,HP:0001258,phenotype,Spastic paraplegia,8
9701,MGI:1891828,gene,Becn1,4
9702,MP:0008563,phenotype,decreased interferon-alpha secretion,8
9703,MP:0000956,phenotype,decreased spinal cord size,8
9704,WBPhenotype:0001913,phenotype,excess coelomocytes,8
9705,MGI:1914544,gene,Elp1,4
9706,ENSEMBL:ENSECAG00000017646,gene,ENSEMBL:ENSECAG00000017646,4
9707,ENSEMBL:ENSRNOG00000005665,gene,F1M4P7,4
9708,ENSEMBL:ENSGALG00000029402,gene,ENSEMBL:ENSGALG00000029402,4
9709,ZP:0017932,phenotype,"integument broken, abnormal",8
9710,HP:0000762,phenotype,Decreased nerve conduction velocity,8
9711,3424,drug,pentazocine,3
9712,HP:0002607,phenotype,Bowel incontinence,8
9713,977,drug,ebastine,3
9714,MP:0001967,phenotype,deafness,8
9715,MP:0004298,phenotype,vestibular ganglion degeneration,8
9716,MP:0010277,phenotype,increased astrocytoma incidence,8
9717,MP:0002602,phenotype,abnormal eosinophil cell number,8
9718,ZP:0000380,phenotype,"intestine increased thickness, abnormal",8
9719,WBPhenotype:0000900,phenotype,germ cell morphology variant,8
9720,MP:0001026,phenotype,abnormal adrenergic neuron morphology,8
9721,MP:0004025,phenotype,polyploidy,8
9722,ENSEMBL:ENSOANG00000049851,gene,ENSEMBL:ENSOANG00000049851,4
9723,MP:0004952,phenotype,increased spleen weight,8
9724,ENSEMBL:ENSPTRG00000002083,gene,ENSEMBL:ENSPTRG00000002083,4
9725,ZFIN:ZDB-GENE-121031-5,gene,slc2a3b,4
9726,MONARCH:APO_0000258APO_0000250,phenotype,cell cycle progression in M phase:arrested,8
9727,ENSEMBL:ENSACAG00000003517,gene,ENSEMBL:ENSACAG00000003517,4
9728,MP:0008891,phenotype,decreased hepatocyte apoptosis,8
9729,PomBase:SPBC530.03c,gene,bag102,4
9730,MP:0008274,phenotype,failure of bone ossification,8
9731,HP:0004315,phenotype,Decreased circulating IgG level,8
9732,SGD:S000005398,gene,PRE6,4
9733,MONARCH:APO_0000041APO_0000002,phenotype,sporulation:abnormal,8
9734,WBPhenotype:0000002,phenotype,kinker,8
9735,ENSEMBL:ENSACAG00000001148,gene,ENSEMBL:ENSACAG00000001148,4
9736,ENSEMBL:ENSSSCG00000035676,gene,G3BP1,4
9737,HGNC:9207,gene,CNOT8,4
9738,ENSEMBL:ENSMODG00000010645,gene,ENSEMBL:ENSMODG00000010645,4
9739,ENSEMBL:ENSFCAG00000031349,gene,ENSEMBL:ENSFCAG00000031349,4
9740,ENSEMBL:ENSMMUG00000020451,gene,ENSEMBL:ENSMMUG00000020451,4
9741,ENSEMBL:ENSMMUG00000000388,gene,ENSEMBL:ENSMMUG00000000388,4
9742,ZP:0000956,phenotype,"determination of liver left/right asymmetry disrupted, abnormal",8
9743,RGD:620171,gene,Trafd1,4
9744,ZP:0000526,phenotype,"mitotic cell cycle duration, abnormal",8
9745,ZP:0006747,phenotype,"maintenance of blood-brain barrier disrupted, abnormal",8
9746,ENSEMBL:ENSACAG00000015302,gene,ENSEMBL:ENSACAG00000015302,4
9747,ENSEMBL:ENSACAG00000000741,gene,ENSEMBL:ENSACAG00000000741,4
9748,MGI:1347009,gene,Psma5,4
9749,MP:0012082,phenotype,delayed heart development,8
9750,PomBase:SPCC63.08c,gene,atg1,4
9751,MP:0011820,phenotype,decreased pancreatic beta cell proliferation,8
9752,EFO:0004327,phenotype,electrocardiography,8
9753,HGNC:8853,gene,PEX11B,4
9754,WBPhenotype:0004006,phenotype,post hermaphrodite contact variant,8
9755,HP:0000712,phenotype,Emotional lability,8
9756,HP:0010819,phenotype,Atonic seizure,8
9757,MP:0001247,phenotype,dermal cyst,8
9758,ENSEMBL:ENSBTAG00000012723,gene,ENSEMBL:ENSBTAG00000012723,4
9759,Xenbase:XB-GENE-966120,gene,bag2,4
9760,ZP:0008025,phenotype,"cell lens nucleate quality, abnormal",8
9761,RGD:621255,gene,Ago2,4
9762,ZFIN:ZDB-GENE-041010-170,gene,ech1,4
9763,SGD:S000001171,gene,ARP1,4
9764,ENSEMBL:ENSPTRG00000047694,gene,ENSEMBL:ENSPTRG00000047694,4
9765,ZP:0000657,phenotype,"retinal ganglion cell decreased amount, abnormal",8
9766,WBPhenotype:0001905,phenotype,fewer eggs laid,8
9767,MGI:107793,gene,Crmp1,4
9768,ENSEMBL:ENSACAG00000015583,gene,ENSEMBL:ENSACAG00000015583,4
9769,HP:0010994,phenotype,Abnormal corpus striatum morphology,8
9770,MP:0002742,phenotype,enlarged submandibular lymph nodes,8
9771,ENSEMBL:ENSOANG00000013115,gene,ENSEMBL:ENSOANG00000013115,4
9772,ENSEMBL:ENSGALG00000006939,gene,PFKP,4
9773,WBPhenotype:0000117,phenotype,L1 lethal,8
9774,ENSEMBL:ENSMODG00000009090,gene,ENSEMBL:ENSMODG00000009090,4
9775,ENSEMBL:ENSBTAG00000015683,gene,ENSEMBL:ENSBTAG00000015683,4
9776,ENSEMBL:ENSMODG00000008993,gene,ENSEMBL:ENSMODG00000008993,4
9777,ENSEMBL:ENSMODG00000005932,gene,ENSEMBL:ENSMODG00000005932,4
9778,EFO:0004340,phenotype,body mass index,8
9779,ENSEMBL:ENSFCAG00000010286,gene,ENSEMBL:ENSFCAG00000010286,4
9780,ENSEMBL:ENSMODG00000023910,gene,ENSEMBL:ENSMODG00000023910,4
9781,ENSEMBL:ENSCAFG00000005526,gene,IKBKB,4
9782,ENSEMBL:ENSSSCG00000039034,gene,ENSEMBL:ENSSSCG00000039034,4
9783,MP:0002798,phenotype,abnormal active avoidance behavior,8
9784,ENSEMBL:ENSPTRG00000010424,gene,ENSEMBL:ENSPTRG00000010424,4
9785,MGI:1915141,gene,Rpl4,4
9786,MP:0001697,phenotype,abnormal embryo size,8
9787,MP:0008477,phenotype,decreased spleen red pulp amount,8
9788,dictyBase:DDB_G0289487,gene,act3,4
9789,HP:0003026,phenotype,Short long bone,8
9790,ENSEMBL:ENSECAG00000016744,gene,ENSEMBL:ENSECAG00000016744,4
9791,ZP:0010089,phenotype,"olfactory placode composition, abnormal",8
9792,MP:0000383,phenotype,abnormal hair follicle orientation,8
9793,MP:0001721,phenotype,absent visceral yolk sac blood islands,8
9794,ZP:0004498,phenotype,"contractile fiber somite disorganized, abnormal",8
9795,MP:0011003,phenotype,reduced AMPA-mediated synaptic currents,8
9796,ENSEMBL:ENSMODG00000013697,gene,ENSEMBL:ENSMODG00000013697,4
9797,ENSEMBL:ENSMODG00000002996,gene,ENSEMBL:ENSMODG00000002996,4
9798,ZP:0006867,phenotype,"exocrine pancreas decreased length, abnormal",8
9799,WBPhenotype:0001048,phenotype,odorant chemosensory response variant,8
9800,MP:0010168,phenotype,"increased CD4-positive, CD25-positive, alpha-beta regulatory T cell number",8
9801,ENSEMBL:ENSBTAG00000005207,gene,ENSEMBL:ENSBTAG00000005207,4
9802,MONARCH:APO_0000277APO_0000117,phenotype,prion loss:normal,8
9803,ZP:0001037,phenotype,"motor neuron decreased amount, abnormal",8
9804,ENSEMBL:ENSXETG00000032875,gene,slc25a53,4
9805,MGI:1914289,gene,Rbm25,4
9806,RGD:1359555,gene,Sec13,4
9807,ZFIN:ZDB-GENE-041024-9,gene,prrc1,4
9808,PomBase:SPBC1685.01,gene,pmp1,4
9809,MP:0020420,phenotype,abnormal freezing behavior,8
9810,Xenbase:XB-GENE-959791,gene,aldoa,4
9811,MP:0001088,phenotype,small nodose ganglion,8
9812,MP:0011683,phenotype,dual inferior vena cava,8
9813,SGD:S000000099,gene,HTA2,4
9814,MONARCH:APO_0000050APO_0000002,phenotype,cellular morphology:abnormal,8
9815,NCBITaxon:10090,taxon,Mus musculus,9
9816,MP:0010426,phenotype,abnormal heart and great artery attachment,8
9817,ENSEMBL:ENSMODG00000020264,gene,ENSEMBL:ENSMODG00000020264,4
9818,MP:0011200,phenotype,abnormal extraembryonic coelom morphology,8
9819,ZP:0005613,phenotype,"erythroblast immature, abnormal",8
9820,ZFIN:ZDB-GENE-980526-362,gene,ctnnb1,4
9821,RGD:1305313,gene,Cnot7,4
9822,Coriell:GM04691,biological artifact,NIGMS-GM04691,0
9823,RGD:631334,gene,Nup58,4
9824,ZP:0019108,phenotype,"cornea degenerate, abnormal",8
9825,ZFIN:ZDB-GENE-031016-1,gene,ing5a,4
9826,ENSEMBL:ENSBTAG00000026848,gene,A0A3Q1MEL2,4
9827,2552,drug,tacrolimus,3
9828,SGD:S000003222,gene,HXK2,4
9829,Coriell:GM06601,biological artifact,NIGMS-GM06601,0
9830,PomBase:SPCC16A11.12c,gene,ubp1,4
9831,ENSEMBL:ENSCAFG00000007288,gene,CRYL1,4
9832,ENSEMBL:ENSECAG00000024301,gene,ENSEMBL:ENSECAG00000024301,4
9833,HGNC:30899,gene,ZNF655,4
9834,WBPhenotype:0001206,phenotype,movement variant,8
9835,ENSEMBL:ENSSSCG00000038956,gene,ENSEMBL:ENSSSCG00000038956,4
9836,MP:0008444,phenotype,retinal cone cell degeneration,8
9837,ENSEMBL:ENSPTRG00000015077,gene,ENSEMBL:ENSPTRG00000015077,4
9838,ENSEMBL:ENSPTRG00000051839,gene,ENSEMBL:ENSPTRG00000051839,4
9839,ZP:0008030,phenotype,"ventricular myocardium decreased volume, abnormal",8
9840,ZP:0000124,phenotype,"head malformed, abnormal",8
9841,ZP:0020465,phenotype,"pharyngeal arch 2 decreased occurrence cell population proliferation, abnormal",8
9842,HP:0001270,phenotype,Motor delay,8
9843,MGI:4129208,variant,Zdhhc17<Gt(RRJ233)Byg>,10
9844,ENSEMBL:ENSPTRG00000022548,gene,ENSEMBL:ENSPTRG00000022548,4
9845,MP:0001676,phenotype,abnormal apical ectodermal ridge morphology,8
9846,ZFIN:ZDB-GENE-050227-12,gene,cltcb,4
9847,ENSEMBL:ENSOANG00000006132,gene,ENSEMBL:ENSOANG00000006132,4
9848,HP:0006582,phenotype,Reye syndrome-like episodes,8
9849,ZP:0102175,phenotype,"caudal fin morphogenesis process quality, abnormal",8
9850,ZP:0011675,phenotype,"muscle cell adductor mandibulae decreased size, abnormal",8
9851,SGD:S000005562,gene,PEP12,4
9852,HP:0005692,phenotype,Joint hyperflexibility,8
9853,MP:0010911,phenotype,abnormal pulmonary acinus morphology,8
9854,HP:0011169,phenotype,Generalized clonic seizure,8
9855,WormBase:WBGene00006731,gene,uev-2,4
9856,ENSEMBL:ENSMODG00000015157,gene,ENSEMBL:ENSMODG00000015157,4
9857,719,drug,clotrimazole,3
9858,945,drug,domperidone,3
9859,HP:0010648,phenotype,Dermal translucency,8
9860,SGD:S000003769,gene,TDH2,4
9861,ENSEMBL:ENSGALG00000033705,gene,LOC430766,4
9862,PomBase:SPBC32H8.12c,gene,act1,4
9863,FlyBase:FBgn0021796,gene,Tor,4
9864,ZP:0003832,phenotype,"intersegmental vessel dilated, abnormal",8
9865,ENSEMBL:ENSACAG00000014074,gene,ENSEMBL:ENSACAG00000014074,4
9866,ZFIN:ZDB-GENE-070620-19,gene,ftr54,4
9867,MGI:96193,gene,Hoxc11,4
9868,ENSEMBL:ENSMODG00000047408,gene,ENSEMBL:ENSMODG00000047408,4
9869,MP:0001666,phenotype,abnormal intestinal absorption,8
9870,FlyBase:FBgn0030386,gene,CG2574,4
9871,MONARCH:APO_0000225APO_0000003,phenotype,mitotic recombination:decreased,8
9872,ENSEMBL:ENSPTRG00000007723,gene,ENSEMBL:ENSPTRG00000007723,4
9873,ZP:0001669,phenotype,"behavior quality, abnormal",8
9874,WBPhenotype:0001349,phenotype,protein phosphorylation variant,8
9875,WBPhenotype:0001083,phenotype,multiple cytoplasmic cavities early emb,8
9876,2446,drug,sirolimus,3
9877,MP:0005343,phenotype,increased circulating aspartate transaminase level,8
9878,ENSEMBL:ENSSSCG00000008881,gene,RAPGEF2,4
9879,MP:0013504,phenotype,increased embryonic tissue cell apoptosis,8
9880,HP:0010438,phenotype,Abnormal ventricular septum morphology,8
9881,ENSEMBL:ENSCAFG00000018974,gene,F1PXS7,4
9882,ENSEMBL:ENSACAG00000014501,gene,ENSEMBL:ENSACAG00000014501,4
9883,HP:0002104,phenotype,Apnea,8
9884,MP:0010880,phenotype,small esophagus,8
9885,MP:0011501,phenotype,increased glomerular capsule space,8
9886,WBPhenotype:0000554,phenotype,hypoosmotic shock hypersensitive,8
9887,ENSEMBL:ENSSSCG00000001912,gene,PML,4
9888,ZFIN:ZDB-GENE-030131-2576,gene,tgm2b,4
9889,ENSEMBL:ENSCAFG00000010836,gene,CENPE,4
9890,ENSEMBL:ENSMODG00000045899,gene,ENSEMBL:ENSMODG00000045899,4
9891,ENSEMBL:ENSACAG00000016214,gene,ENSEMBL:ENSACAG00000016214,4
9892,WBPhenotype:0001743,phenotype,mitosis variant,8
9893,dictyBase:DDB_G0290359,gene,DDB0219543,4
9894,MONARCH:APO_0000022APO_0000004,phenotype,protein activity:increased,8
9895,ENSEMBL:ENSACAG00000014389,gene,ENSEMBL:ENSACAG00000014389,4
9896,ENSEMBL:ENSCAFG00000002729,gene,PSME4,4
9897,Xenbase:XB-GENE-5991273,gene,mr1,4
9898,ENSEMBL:ENSFCAG00000004957,gene,ENSEMBL:ENSFCAG00000004957,4
9899,WormBase:WBGene00014097,gene,ZK829.9,4
9900,WormBase:WBGene00003808,gene,npr-2,4
9901,RGD:1561661,gene,RGD1561661,4
9902,PomBase:SPBC12C2.08,gene,dnm1,4
9903,dictyBase:DDB_G0278217,gene,rsmK,4
9904,MP:0013971,phenotype,blood in lymph vessels,8
9905,ENSEMBL:ENSSSCG00000022659,gene,CLTC,4
9906,HP:0000738,phenotype,Hallucinations,8
9907,ENSEMBL:ENSMMUG00000023620,gene,ENSEMBL:ENSMMUG00000023620,4
9908,HP:0025356,phenotype,Psychomotor retardation,8
9909,MP:0002220,phenotype,large lymphoid organs,8
9910,ZP:0010153,phenotype,"posterior lateral line development disrupted, abnormal",8
9911,ENSEMBL:ENSPTRG00000003073,gene,ENSEMBL:ENSPTRG00000003073,4
9912,MP:0000628,phenotype,abnormal mammary gland development,8
9913,WBPhenotype:0002263,phenotype,mitochondrial membrane potential increased,8
9914,ZP:0000450,phenotype,"blood circulation arrested, abnormal",8
9915,MP:0006071,phenotype,abnormal retinal progenitor cell morphology,8
9916,RGD:3380,gene,Ppp2ca,4
9917,ENSEMBL:ENSMODG00000020235,gene,ENSEMBL:ENSMODG00000020235,4
9918,MP:0001006,phenotype,abnormal retinal cone cell morphology,8
9919,HGNC:9854,gene,RANGAP1,4
9920,MONARCH:APO_0000317APO_0000004,phenotype,replicative lifespan:increased,8
9921,MP:0010835,phenotype,"increased CD4-positive, alpha-beta memory T cell number",8
9922,RGD:621840,gene,Rheb,4
9923,HGNC:23244,gene,RBM25,4
9924,Xenbase:XB-GENE-955426,gene,hspa8,4
9925,MP:0008057,phenotype,abnormal DNA replication,8
9926,HGNC:12666,gene,VCP,4
9927,dictyBase:DDB_G0290343,gene,sodE,4
9928,MP:0005078,phenotype,abnormal cytotoxic T cell physiology,8
9929,ZP:0011623,phenotype,"vesicle localization process quality, abnormal",8
9930,Coriell:GM04209,biological artifact,NIGMS-GM04209,0
9931,ENSEMBL:ENSMMUG00000009116,gene,ENSEMBL:ENSMMUG00000009116,4
9932,MGI:98834,gene,Trp53,4
9933,ENSEMBL:ENSFCAG00000004077,gene,ENSEMBL:ENSFCAG00000004077,4
9934,ZFIN:ZDB-GENE-130530-643,gene,amfrb,4
9935,ENSEMBL:ENSSSCG00000001757,gene,ENSEMBL:ENSSSCG00000001757,4
9936,FlyBase:FBgn0003071,gene,Pfk,4
9937,dictyBase:DDB_G0269364,gene,stlA,4
9938,ENSEMBL:ENSMODG00000020514,gene,ENSEMBL:ENSMODG00000020514,4
9939,ENSEMBL:ENSMMUG00000016048,gene,ENSEMBL:ENSMMUG00000016048,4
9940,ENSEMBL:ENSCAFG00000030046,gene,ENSEMBL:ENSCAFG00000030046,4
9941,ZP:0011672,phenotype,"medial rectus decreased thickness, abnormal",8
9942,MGI:1333837,gene,Magea6,4
9943,MONARCH:APO_0000144APO_0000004,phenotype,telomere length:increased,8
9944,MP:0001622,phenotype,abnormal vasculogenesis,8
9945,ZFIN:ZDB-GENE-110411-205,gene,mid1,4
9946,ENSEMBL:ENSOANG00000047082,gene,ENSEMBL:ENSOANG00000047082,4
9947,4810,drug,ibrutinib,3
9948,PomBase:SPBC14C8.12,gene,rpb8,4
9949,ENSEMBL:ENSACAG00000003862,gene,ENSEMBL:ENSACAG00000003862,4
9950,MGI:104816,gene,Hnrnpl,4
9951,ClinVarVariant:409,variant,NC_000004.11:g.3076606GCA[(40_?)],10
9952,176,drug,amiodarone,3
9953,MGI:5564938,genotype,Emx1<tm1(cre)Ito>/Emx1<+>; Tg(HTT*97Q)IXwy [involves: 129P2/OlaHsd * FVB],6
9954,ENSEMBL:ENSFCAG00000014823,gene,ENSEMBL:ENSFCAG00000014823,4
9955,MONARCH:APO_0000310APO_0000249,phenotype,growth in exponential phase:delayed,8
9956,ENSEMBL:ENSSSCG00000011000,gene,DNAJA1,4
9957,PomBase:SPAC824.04,gene,swd22,4
9958,MP:0013876,phenotype,absent ductus venosus valve,8
9959,HP:0001877,phenotype,Abnormal erythrocyte morphology,8
9960,ZFIN:ZDB-GENE-030131-9849,gene,sp8a,4
9961,EFO:0007629,phenotype,hemoglobin A1 measurement,8
9962,ENSEMBL:ENSACAG00000010120,gene,ENSEMBL:ENSACAG00000010120,4
9963,ZP:0002587,phenotype,"trunk decreased size, abnormal",8
9964,PomBase:SPBC3E7.05c,gene,mic60,4
9965,4178,drug,vandetanib,3
9966,HP:0003496,phenotype,Increased circulating IgM level,8
9967,MP:0004601,phenotype,abnormal vertebral spinous process morphology,8
9968,WBPhenotype:0000774,phenotype,gametogenesis variant,8
9969,1526,drug,ketobemidone,3
9970,MP:0002652,phenotype,thin myocardium,8
9971,ENSEMBL:ENSMMUG00000003176,gene,ENSEMBL:ENSMMUG00000003176,4
9972,ENSEMBL:ENSBTAG00000011067,gene,IL17RA,4
9973,ENSEMBL:ENSSSCG00000014860,gene,MAP6,4
9974,MGI:1914529,gene,Med31,4
9975,MP:0012484,phenotype,decreased corticospinal tract size,8
9976,HP:0000982,phenotype,Palmoplantar keratoderma,8
9977,WBPhenotype:0000033,phenotype,developmental timing variant,8
9978,MP:0002419,phenotype,abnormal innate immunity,8
9979,Coriell:GM04766,biological artifact,NIGMS-GM04766,0
9980,ENSEMBL:ENSGALG00000001926,gene,HSPB1,4
9981,dictyBase:DDB_G0288021,gene,atg6B,4
9982,MP:0014049,phenotype,increased T cell acute lymphoblastic leukemia incidence,8
9983,MP:0010066,phenotype,abnormal red blood cell distribution width,8
9984,EFO:0009552,phenotype,hemorrhoid,8
9985,dbSNP:rs362275,variant,rs362275-T,10
9986,ENSEMBL:ENSBTAG00000032923,gene,LOC101907097,4
9987,MGI:1917129,gene,Golph3l,4
9988,WormBase:WBGene00020324,gene,T07F12.4,4
9989,ENSEMBL:ENSPTRG00000019667,gene,ENSEMBL:ENSPTRG00000019667,4
9990,ENSEMBL:ENSCAFG00000004867,gene,MBD4,4
9991,ENSEMBL:ENSGALG00000024039,gene,UTP14A,4
9992,MGI:5304801,genotype,Tg(Prnp-HTT*82Q)52Caro [involves: C3H * C57BL/6],6
9993,Xenbase:XB-GENE-954481,gene,cltb,4
9994,FlyBase:FBgn0035101,gene,p130CAS,4
9995,HP:0100689,phenotype,Decreased corneal thickness,8
9996,MGI:109519,gene,Msh3,4
9997,MP:0000005,phenotype,increased brown adipose tissue amount,8
9998,WBPhenotype:0000415,phenotype,necrotic cell death variant,8
9999,ZP:0013172,phenotype,"cell fate specification process quality, abnormal",8
10000,MP:0009347,phenotype,increased trabecular bone thickness,8
10001,ENSEMBL:ENSECAG00000013925,gene,ENSEMBL:ENSECAG00000013925,4
10002,ENSEMBL:ENSCAFG00000014682,gene,ENSEMBL:ENSCAFG00000014682,4
10003,ZP:0001663,phenotype,"axon motor neuron increased branchiness, abnormal",8
10004,ENSEMBL:ENSCAFG00000018246,gene,AP2B1,4
10005,ZP:0008389,phenotype,"apical region retinal neural layer increased area, abnormal",8
10006,RGD:621174,gene,Eef1d,4
10007,ENSEMBL:ENSSSCG00000031710,gene,BRF1,4
10008,MP:0008577,phenotype,increased circulating interferon-gamma level,8
10009,dictyBase:DDB_G0294577,gene,DDB_G0294577,4
10010,ENSEMBL:ENSPTRG00000004785,gene,ENSEMBL:ENSPTRG00000004785,4
10011,MP:0011386,phenotype,increased metanephric mesenchyme apoptosis,8
10012,2561,drug,tamoxifen,3
10013,MONARCH:APO_0000220APO_0000003,phenotype,necrotic cell death:decreased,8
10014,ZP:0000569,phenotype,"yolk circular, abnormal",8
10015,RGD:69225,gene,Hgs,4
10016,ENSEMBL:ENSMODG00000003806,gene,ENSEMBL:ENSMODG00000003806,4
10017,MP:0012468,phenotype,decreased striatum size,8
10018,MP:0020427,phenotype,increased hepatocyte karyomegaly,8
10019,MONARCH:APO_0000144APO_0000003,phenotype,telomere length:decreased,8
10020,MP:0010887,phenotype,pale lung,8
10021,FBcv:0000424,phenotype,abnormal cell death,8
10022,ZFIN:ZDB-GENE-040121-4,gene,sh3gl3b,4
10023,MGI:1276524,gene,H2-M10.3,4
10024,MP:0002947,phenotype,increased hemangioma incidence,8
10025,MP:0004364,phenotype,thin stria vascularis,8
10026,MP:0008476,phenotype,increased spleen red pulp amount,8
10027,MP:0009832,phenotype,abnormal sperm mitochondrial sheath morphology,8
10028,dictyBase:DDB_G0274241,gene,bre1,4
10029,RGD:1311342,gene,Cdc26,4
10030,FBcv:0000723,phenotype,neoplasia,8
10031,ENSEMBL:ENSMODG00000003159,gene,ENSEMBL:ENSMODG00000003159,4
10032,ENSEMBL:ENSPTRG00000041261,gene,ENSEMBL:ENSPTRG00000041261,4
10033,HP:0006938,phenotype,Impaired vibration sensation at ankles,8
10034,RGD:1309457,gene,Med31,4
10035,ZP:0000407,phenotype,"head decreased width, abnormal",8
10036,ENSEMBL:ENSPTRG00000009525,gene,ENSEMBL:ENSPTRG00000009525,4
10037,FBcv:0000353,phenotype,cell lethal,8
10038,ENSEMBL:ENSBTAG00000016590,gene,NME4,4
10039,ENSEMBL:ENSGALG00000005121,gene,ENSEMBL:ENSGALG00000005121,4
10040,ZFIN:ZDB-GENE-060312-27,gene,ftr67,4
10041,ENSEMBL:ENSPTRG00000002298,gene,ENSEMBL:ENSPTRG00000002298,4
10042,ZP:0000321,phenotype,"fourth ventricle increased size, abnormal",8
10043,MP:0008886,phenotype,abnormal PML bodies,8
10044,ENSEMBL:ENSCAFG00000009018,gene,A0A5F4C6T7,4
10045,WormBase:WBGene00002363,gene,let-92,4
10046,MP:0001246,phenotype,mixed cellular infiltration to dermis,8
10047,WormBase:WBGene00013920,gene,pssy-1,4
10048,ENSEMBL:ENSMODG00000016665,gene,ENSEMBL:ENSMODG00000016665,4
10049,WBPhenotype:0000516,phenotype,ventral cord disorganized,8
10050,dictyBase:DDB_G0274375,gene,fba,4
10051,ZP:0008043,phenotype,"optomotor response disrupted, abnormal",8
10052,EFO:0004342,phenotype,waist circumference,8
10053,WormBase:WBGene00007702,gene,C24H11.5,4
10054,ZP:0011678,phenotype,"muscle cell interhyoideus decreased size, abnormal",8
10055,ZP:0008140,phenotype,"midbrain increased occurrence cell death, abnormal",8
10056,ENSEMBL:ENSPTRG00000013147,gene,ENSEMBL:ENSPTRG00000013147,4
10057,WBPhenotype:0002284,phenotype,head bend angle variant,8
10058,dbSNPIndividual:16731,genotype,46;XX.arr(1-22;X)x2 [GM04723],6
10059,HP:0005978,phenotype,Type II diabetes mellitus,8
10060,HP:0003974,phenotype,Absent radius,8
10061,ZP:0011506,phenotype,"central region optic tectum proliferative, abnormal",8
10062,ZP:0003348,phenotype,"caudal vein plexus morphology, abnormal",8
10063,ZFIN:ZDB-GENE-030115-1,gene,gapdh,4
10064,ZP:0001385,phenotype,"Rohon-Beard neuron displaced to axis spinal cord, abnormal",8
10065,ENSEMBL:ENSACAG00000017013,gene,ENSEMBL:ENSACAG00000017013,4
10066,HP:0000078,phenotype,Abnormality of the genital system,8
10067,ZP:0004576,phenotype,"somite decreased width, abnormal",8
10068,ENSEMBL:ENSSSCG00000015710,gene,ACTR3,4
10069,MGI:99832,gene,Sec13,4
10070,MGI:101765,gene,Cdk5,4
10071,ENSEMBL:ENSBTAG00000018463,gene,ENSEMBL:ENSBTAG00000018463,4
10072,WormBase:WBGene00016431,gene,C35A11.4,4
10073,MP:0002980,phenotype,abnormal postural reflex,8
10074,MP:0000790,phenotype,abnormal stratification in cerebral cortex,8
10075,MP:0009746,phenotype,enhanced behavioral response to xenobiotic,8
10076,MP:0011111,phenotype,"lethality during fetal growth through weaning, complete penetrance",8
10077,MP:0004619,phenotype,caudal vertebral fusion,8
10078,Xenbase:XB-GENE-5941006,gene,lsm5,4
10079,PomBase:SPBC9B6.08,gene,clc1,4
10080,ENSEMBL:ENSCAFG00000001345,gene,MATR3,4
10081,ZP:0000347,phenotype,"floor plate quality, abnormal",8
10082,HP:0200035,phenotype,Skin plaque,8
10083,ENSEMBL:ENSCAFG00000002818,gene,ENSEMBL:ENSCAFG00000002818,4
10084,HP:0002197,phenotype,Generalized-onset seizure,8
10085,ZP:0020239,phenotype,"photoreceptor outer segment eye photoreceptor cell structure, abnormal",8
10086,HP:0001634,phenotype,Mitral valve prolapse,8
10087,ENSEMBL:ENSACAG00000025211,gene,ENSEMBL:ENSACAG00000025211,4
10088,ENSEMBL:ENSPTRG00000014570,gene,ENSEMBL:ENSPTRG00000014570,4
10089,ZP:0000353,phenotype,"telencephalon decreased size, abnormal",8
10090,MP:0020354,phenotype,increased endoplasmic reticulum stress,8
10091,MONARCH:APO_0000126APO_0000003,phenotype,nuclear import:decreased,8
10092,3713,drug,ciramadol,3
10093,ENSEMBL:ENSMODG00000008609,gene,ENSEMBL:ENSMODG00000008609,4
10094,ZP:0006066,phenotype,"intersegmental artery increased branchiness, abnormal",8
10095,ENSEMBL:ENSMMUG00000019919,gene,ENSEMBL:ENSMMUG00000019919,4
10096,RGD:1566089,gene,LOC303448,4
10097,ZP:0013869,phenotype,"sarcomere slow muscle cell morphology, abnormal",8
10098,ENSEMBL:ENSSSCG00000024564,gene,IMMT,4
10099,ENSEMBL:ENSPTRG00000039806,gene,ENSEMBL:ENSPTRG00000039806,4
10100,ZP:0001133,phenotype,"cerebellum apoptotic, abnormal",8
10101,MP:0030252,phenotype,narrow frontonasal prominence,8
10102,ENSEMBL:ENSGALG00000031681,gene,ENSEMBL:ENSGALG00000031681,4
10103,WBPhenotype:0002079,phenotype,delayed reproductive maturity,8
10104,ENSEMBL:ENSOANG00000012164,gene,ENSEMBL:ENSOANG00000012164,4
10105,ZP:0000243,phenotype,"Z disc skeletal muscle disorganized, abnormal",8
10106,MP:0012674,phenotype,tomacula,8
10107,WBPhenotype:0001903,phenotype,centrosome biogenesis variant,8
10108,MP:0000715,phenotype,decreased thymocyte number,8
10109,WBPhenotype:0002045,phenotype,cell corpse number decreased,8
10110,ZP:0015031,phenotype,"branchiostegal ray decreased amount, abnormal",8
10111,HP:0005116,phenotype,Arterial tortuosity,8
10112,MP:0004703,phenotype,abnormal vertebral column morphology,8
10113,WBPhenotype:0001794,phenotype,cytoplasmic processing body variant,8
10114,ENSEMBL:ENSFCAG00000023667,gene,ENSEMBL:ENSFCAG00000023667,4
10115,dbSNP:rs362307,variant,rs362307-C,10
10116,WBPhenotype:0000227,phenotype,male turning defective,8
10117,MP:0002310,phenotype,decreased susceptibility to hepatic steatosis,8
10118,HGNC:9565,gene,PSMD7,4
10119,MP:0009400,phenotype,decreased skeletal muscle fiber size,8
10120,ZP:0006331,phenotype,"cell cycle process arrested, abnormal",8
10121,HP:0001941,phenotype,Acidosis,8
10122,ENSEMBL:ENSMMUG00000002630,gene,ENSEMBL:ENSMMUG00000002630,4
10123,ZP:0002506,phenotype,"heart looping process quality, abnormal",8
10124,MP:0005608,phenotype,cardiac interstitial fibrosis,8
10125,NCBITaxon:13616,taxon,Monodelphis domestica,9
10126,WBPhenotype:0001292,phenotype,body wall muscle physiology variant,8
10127,ENSEMBL:ENSOANG00000039549,gene,ENSEMBL:ENSOANG00000039549,4
10128,MP:0000102,phenotype,abnormal nasal bone morphology,8
10129,ENSEMBL:ENSSSCG00000029661,gene,A0A286ZN63,4
10130,ENSEMBL:ENSBTAG00000021039,gene,ENSEMBL:ENSBTAG00000021039,4
10131,HP:0100753,phenotype,Schizophrenia,8
10132,HP:0031806,phenotype,Abnormal basophil count,8
10133,MP:0004657,phenotype,small sacral vertebrae,8
10134,MP:0009361,phenotype,abnormal primordial ovarian follicle morphology,8
10135,Coriell:GM05031,biological artifact,NIGMS-GM05031,0
10136,ENSEMBL:ENSMMUG00000015610,gene,ENSEMBL:ENSMMUG00000015610,4
10137,ZP:0001125,phenotype,"brain apoptotic, abnormal",8
10138,ZP:0019047,phenotype,"nucleus photoreceptor cell disorganized, abnormal",8
10139,MP:0008441,phenotype,thin cortical plate,8
10140,ENSEMBL:ENSSSCG00000004761,gene,ZFYVE19,4
10141,ENSEMBL:ENSFCAG00000015468,gene,ENSEMBL:ENSFCAG00000015468,4
10142,ENSEMBL:ENSOANG00000000364,gene,ENSEMBL:ENSOANG00000000364,4
10143,Coriell:GM05542,biological artifact,NIGMS-GM05542,0
10144,ENSEMBL:ENSFCAG00000011716,gene,ENSEMBL:ENSFCAG00000011716,4
10145,WBPhenotype:0000843,phenotype,male mating efficiency reduced,8
10146,ENSEMBL:ENSGALG00000044098,gene,ENSEMBL:ENSGALG00000044098,4
10147,MP:0006143,phenotype,increased systemic arterial diastolic blood pressure,8
10148,MP:0009937,phenotype,abnormal neuron differentiation,8
10149,HGNC:20738,gene,SYVN1,4
10150,Xenbase:XB-GENE-5777680,gene,prrc1,4
10151,MP:0003935,phenotype,abnormal craniofacial development,8
10152,FlyBase:FBgn0262743,gene,Fs(2)Ket,4
10153,ENSEMBL:ENSBTAG00000017894,gene,ENSEMBL:ENSBTAG00000017894,4
10154,WBPhenotype:0001974,phenotype,germ cell compartment small,8
10155,MP:0004000,phenotype,impaired passive avoidance behavior,8
10156,MP:0001539,phenotype,decreased caudal vertebrae number,8
10157,HGNC:9564,gene,PSMD6,4
10158,ZP:0008467,phenotype,"brain morphogenesis arrested, abnormal",8
10159,ZFIN:ZDB-GENE-050321-1,gene,hsp70l,4
10160,WBPhenotype:0002267,phenotype,mitochondrial content increased,8
10161,ZP:0006344,phenotype,"endoplasmic reticulum intestinal epithelium distended, abnormal",8
10162,ENSEMBL:ENSCAFG00000043610,gene,A0A5F4C3C0,4
10163,FBcv:0000358,phenotype,decreased body size,8
10164,Coriell:GM04229,biological artifact,NIGMS-GM04229,0
10165,ENSEMBL:ENSMMUG00000014884,gene,ENSEMBL:ENSMMUG00000014884,4
10166,MGI:107399,gene,Il17ra,4
10167,ZP:0004627,phenotype,"eye decreased amount, abnormal",8
10168,ENSEMBL:ENSBTAG00000009855,gene,FAN1,4
10169,ENSEMBL:ENSCAFG00000003541,gene,AP2A1,4
10170,ENSEMBL:ENSGALG00000043908,gene,ENSEMBL:ENSGALG00000043908,4
10171,ENSEMBL:ENSBTAG00000000219,gene,ENSEMBL:ENSBTAG00000000219,4
10172,HP:0007270,phenotype,Atypical absence seizure,8
10173,ENSEMBL:ENSGALG00000015664,gene,ENSEMBL:ENSGALG00000015664,4
10174,ENSEMBL:ENSPTRG00000043790,gene,ENSEMBL:ENSPTRG00000043790,4
10175,MP:0009108,phenotype,increased pancreas weight,8
10176,ENSEMBL:ENSRNOG00000027574,gene,D3ZWV2,4
10177,4225,drug,axitinib,3
10178,MP:0003062,phenotype,abnormal coping response,8
10179,HP:0025514,phenotype,Morning glory anomaly,8
10180,ZP:0018343,phenotype,"vagal ganglion decreased process quality fasciculation of sensory neuron axon, abnormal",8
10181,HP:0001698,phenotype,Pericardial effusion,8
10182,MP:0002116,phenotype,abnormal craniofacial bone morphology,8
10183,MP:0020082,phenotype,increased hippocampus volume,8
10184,ENSEMBL:ENSSSCG00000000765,gene,IL17RA,4
10185,dictyBase:DDB_G0281573,gene,gefP,4
10186,1990,drug,omeprazole,3
10187,ENSEMBL:ENSECAG00000016700,gene,ENSEMBL:ENSECAG00000016700,4
10188,Xenbase:XB-GENE-479716,gene,ctdp1,4
10189,ENSEMBL:ENSMODG00000019381,gene,ENSEMBL:ENSMODG00000019381,4
10190,ZP:0007648,phenotype,"cell division decreased occurrence, abnormal",8
10191,ZFIN:ZDB-GENE-130206-9,gene,mhc1zfa,4
10192,ENSEMBL:ENSRNOG00000059043,gene,Itch,4
10193,ENSEMBL:ENSPTRG00000018574,gene,ENSEMBL:ENSPTRG00000018574,4
10194,MP:0000981,phenotype,hyperinnervation of hair-down cells,8
10195,ZFIN:ZDB-GENE-020419-15,gene,ppp1r10,4
10196,ENSEMBL:ENSFCAG00000031083,gene,ENSEMBL:ENSFCAG00000031083,4
10197,FlyBase:FBgn0028737,gene,eEF1beta,4
10198,RGD:1308207,gene,Dnajb6,4
10199,MP:0009504,phenotype,abnormal mammary gland epithelium morphology,8
10200,HP:0000568,phenotype,Microphthalmia,8
10201,WormBase:WBGene00008453,gene,E02A10.3,4
10202,ENSEMBL:ENSSSCG00000033876,gene,RAB35,4
10203,MP:0011965,phenotype,decreased total retina thickness,8
10204,ENSEMBL:ENSMODG00000038564,gene,ENSEMBL:ENSMODG00000038564,4
10205,WBPhenotype:0000315,phenotype,mechanosensation variant,8
10206,MP:0008664,phenotype,decreased interleukin-12 secretion,8
10207,ENSEMBL:ENSFCAG00000024181,gene,ENSEMBL:ENSFCAG00000024181,4
10208,RGD:1305236,gene,Psmd13,4
10209,HGNC:10899,gene,SKP1,4
10210,MGI:97597,gene,Prkcg,4
10211,WormBase:WBGene00003171,gene,mec-7,4
10212,HP:0005109,phenotype,Abnormality of the Achilles tendon,8
10213,HP:0003146,phenotype,Hypocholesterolemia,8
10214,EFO:0006903,phenotype,hepatocyte growth factor measurement,8
10215,WBPhenotype:0002349,phenotype,phosphatidylinositol 3-phosphate levels reduced,8
10216,ZFIN:ZDB-GENE-090507-8,gene,ftr43,4
10217,ENSEMBL:ENSOANG00000011351,gene,ENSEMBL:ENSOANG00000011351,4
10218,Xenbase:XB-GENE-999865,gene,kif23,4
10219,ENSEMBL:ENSGALG00000006477,gene,ENSEMBL:ENSGALG00000006477,4
10220,MP:0000750,phenotype,abnormal muscle regeneration,8
10221,MP:0010699,phenotype,dilated hair follicles,8
10222,WBPhenotype:0001155,phenotype,pronuclei meet centrally early emb,8
10223,2119,drug,phenazocine,3
10224,ZP:0006356,phenotype,"retinal rod cell aplastic, abnormal",8
10225,WormBase:WBGene00004303,gene,ran-2,4
10226,ENSEMBL:ENSACAG00000015652,gene,ENSEMBL:ENSACAG00000015652,4
10227,MGI:1923831,gene,Wipi2,4
10228,Xenbase:XB-GENE-980107,gene,grm1,4
10229,ZP:0006800,phenotype,"blood decreased volume, abnormal",8
10230,ZP:0018688,phenotype,"retina decreased distribution, abnormal",8
10231,ENSEMBL:ENSGALG00000008294,gene,ITPR1,4
10232,MP:0005384,phenotype,cellular phenotype,8
10233,ZP:0104641,phenotype,"skeletal muscle decreased process quality skeletal myofibril assembly, abnormal",8
10234,HGNC:6400,gene,KPNB1,4
10235,ENSEMBL:ENSBTAG00000018999,gene,ENSEMBL:ENSBTAG00000018999,4
10236,MP:0008536,phenotype,enlarged third ventricle,8
10237,EFO:0008394,phenotype,verbal-numerical reasoning measurement,8
10238,MP:0013894,phenotype,abnormal behavioral response to amphetamine,8
10239,MP:0003886,phenotype,abnormal embryonic epiblast morphology,8
10240,dictyBase:DDB_G0290217,gene,glb1,4
10241,EnsemblGenome:AT5G56030,gene,EnsemblGenome:AT5G56030,4
10242,ENSEMBL:ENSGALG00000007528,gene,TCERG1,4
10243,MP:0006001,phenotype,abnormal intestinal transit time,8
10244,MP:0008518,phenotype,retinal outer nuclear layer degeneration,8
10245,MP:0002920,phenotype,decreased paired-pulse facilitation,8
10246,SGD:S000003666,gene,URA2,4
10247,WormBase:WBGene00007784,gene,ruvb-1,4
10248,FlyBase:FBgn0262739,gene,AGO1,4
10249,ENSEMBL:ENSECAG00000007845,gene,ENSEMBL:ENSECAG00000007845,4
10250,WBPhenotype:0002270,phenotype,metabolite content decreased,8
10251,WormBase:WBGene00011945,gene,alg-5,4
10252,FlyBase:FBgn0000667,gene,Actn,4
10253,MP:0000219,phenotype,increased neutrophil cell number,8
10254,Coriell:GM04689,biological artifact,NIGMS-GM04689,0
10255,MP:0008236,phenotype,decreased susceptibility to neuronal excitotoxicity,8
10256,ZP:0001536,phenotype,"cardiac muscle cell cardiac ventricle increased amount, abnormal",8
10257,ENSEMBL:ENSOANG00000047217,gene,ENSEMBL:ENSOANG00000047217,4
10258,HP:0002384,phenotype,Focal impaired awareness seizure,8
10259,ENSEMBL:ENSCAFG00000013374,gene,E2RNJ4,4
10260,HGNC:115,gene,ACLY,4
10261,ENSEMBL:ENSMODG00000003546,gene,ENSEMBL:ENSMODG00000003546,4
10262,WormBase:WBGene00006808,gene,unc-76,4
10263,ENSEMBL:ENSMMUG00000058345,gene,ENSEMBL:ENSMMUG00000058345,4
10264,HGNC:28328,gene,ZFC3H1,4
10265,Coriell:GM04721,biological artifact,NIGMS-GM04721,0
10266,MP:0001928,phenotype,abnormal ovulation,8
10267,ENSEMBL:ENSACAG00000012394,gene,ENSEMBL:ENSACAG00000012394,4
10268,ZP:0003477,phenotype,"heart primordium decreased width, abnormal",8
10269,WBPhenotype:0002212,phenotype,amphid neuron dye filling defect,8
10270,ENSEMBL:ENSACAG00000011290,gene,ENSEMBL:ENSACAG00000011290,4
10271,WBPhenotype:0002581,phenotype,cell position variability increased,8
10272,WormBase:WBGene00006537,gene,tbb-2,4
10273,MP:0008265,phenotype,abnormal hippocampus CA2 region morphology,8
10274,ENSEMBL:ENSOANG00000005895,gene,ENSEMBL:ENSOANG00000005895,4
10275,HP:0001081,phenotype,Cholelithiasis,8
10276,ENSEMBL:ENSCAFG00000010270,gene,H9GWA4,4
10277,ENSEMBL:ENSPTRG00000049505,gene,ENSEMBL:ENSPTRG00000049505,4
10278,RGD:1359542,gene,Ubac1,4
10279,ZP:0001519,phenotype,"skeletal muscle cell broken, abnormal",8
10280,ZP:0000397,phenotype,"central nervous system necrotic, abnormal",8
10281,PomBase:SPAC27D7.13c,gene,ssm4,4
10282,HP:0006984,phenotype,Distal sensory loss of all modalities,8
10283,SGD:S000004949,gene,HRB1,4
10284,ENSEMBL:ENSSSCG00000040682,gene,MAPK3,4
10285,HP:0003233,phenotype,Decreased HDL cholesterol concentration,8
10286,MP:0003763,phenotype,abnormal thymus physiology,8
10287,ENSEMBL:ENSMMUG00000043638,gene,ENSEMBL:ENSMMUG00000043638,4
10288,ENSEMBL:ENSPTRG00000010989,gene,ENSEMBL:ENSPTRG00000010989,4
10289,MP:0002578,phenotype,impaired ability to fire action potentials,8
10290,ENSEMBL:ENSCAFG00000014484,gene,ETV4,4
10291,WBPhenotype:0002341,phenotype,bent posture variant,8
10292,ZP:0000239,phenotype,"whole organism immobile, abnormal",8
10293,ZP:0000535,phenotype,"atrium increased size, abnormal",8
10294,ENSEMBL:ENSMMUG00000009277,gene,ENSEMBL:ENSMMUG00000009277,4
10295,ENSEMBL:ENSPTRG00000006715,gene,ENSEMBL:ENSPTRG00000006715,4
10296,MP:0001589,phenotype,abnormal mean corpuscular hemoglobin,8
10297,MP:0010387,phenotype,abnormal Bergmann glial cell morphology,8
10298,PomBase:SPCC4B3.20,gene,cmc2,4
10299,MGI:5429322,genotype,Tg(HDexon1)62Gpb [B6CBA-Tg(HDexon1)62Gpb/3J],6
10300,ENSEMBL:ENSOANG00000009317,gene,ENSEMBL:ENSOANG00000009317,4
10301,ZP:0003347,phenotype,"caudal vein dilated, abnormal",8
10302,ZFIN:ZDB-GENE-060810-7,gene,cryl1,4
10303,Xenbase:XB-GENE-5873924,gene,XB5873923 [provisional],4
10304,ZP:0018956,phenotype,"brain decreased amount, abnormal",8
10305,HGNC:93,gene,ACAT1,4
10306,ENSEMBL:ENSRNOG00000059655,gene,RGD1564855,4
10307,FlyBase:FBgn0033027,gene,TpnC4,4
10308,WBPhenotype:0002216,phenotype,pattern antibody staining variant,8
10309,ENSEMBL:ENSMODG00000025373,gene,ENSEMBL:ENSMODG00000025373,4
10310,ZP:0006869,phenotype,"spindle ciliary marginal zone structure, abnormal",8
10311,Coriell:GM04693,biological artifact,NIGMS-GM04693,0
10312,ZP:0138060,phenotype,"startle response decreased magnitude, abnormal",8
10313,WBPhenotype:0000472,phenotype,endoderm absent,8
10314,HP:0040006,phenotype,Mortality/Aging,8
10315,HGNC:5010,gene,HMGA1,4
10316,ENSEMBL:ENSECAG00000023181,gene,ENSEMBL:ENSECAG00000023181,4
10317,MGI:1914793,gene,Pabpc6,4
10318,ENSEMBL:ENSFCAG00000012690,gene,ENSEMBL:ENSFCAG00000012690,4
10319,ZP:0103239,phenotype,"cytoplasm pronephric tubule decreased amount, abnormal",8
10320,MP:0008547,phenotype,abnormal neocortex morphology,8
10321,ENSEMBL:ENSXETG00000035320,gene,ENSEMBL:ENSXETG00000035320,4
10322,ZFIN:ZDB-GENE-040516-12,gene,lsm12a,4
10323,ENSEMBL:ENSPTRG00000019307,gene,ENSEMBL:ENSPTRG00000019307,4
10324,RGD:735116,gene,Commd3,4
10325,ZFIN:ZDB-GENE-060503-207,gene,kat2b,4
10326,ENSEMBL:ENSBTAG00000009293,gene,EVL,4
10327,MP:0004783,phenotype,abnormal cardinal vein morphology,8
10328,ENSEMBL:ENSOANG00000041042,gene,ENSEMBL:ENSOANG00000041042,4
10329,EFO:0008039,phenotype,BMI-adjusted hip circumference,8
10330,5001,drug,eluxadoline,3
10331,ENSEMBL:ENSSSCG00005044935,gene,ENSEMBL:ENSSSCG00005044935,4
10332,MP:0030947,phenotype,increased myoblast proliferation,8
10333,MP:0004843,phenotype,abnormal Paneth cell morphology,8
10334,MGI:4438240,genotype,Htt<tm1Szi>/Htt<tm1Szi>; Tg(HTT*)BXwy [involves: 129S/SvEv * FVB],6
10335,ENSEMBL:ENSECAG00000006950,gene,ENSEMBL:ENSECAG00000006950,4
10336,MP:0009903,phenotype,abnormal medial nasal prominence morphology,8
10337,WBPhenotype:0001127,phenotype,EMS anterior extension fails early emb,8
10338,PomBase:SPBC106.16,gene,pre6,4
10339,ZFIN:ZDB-GENE-090507-4,gene,tuba1a,4
10340,ZFIN:ZDB-GENE-061220-6,gene,ncdn,4
10341,MP:0004950,phenotype,abnormal brain vasculature morphology,8
10342,ZP:0003945,phenotype,"photoreceptor outer segment photoreceptor cell decreased amount, abnormal",8
10343,HP:0100547,phenotype,Abnormality of forebrain morphology,8
10344,MONARCH:APO_0000208APO_0000002,phenotype,chromosome segregation:abnormal,8
10345,MP:0000813,phenotype,abnormal hippocampus layer morphology,8
10346,ENSEMBL:ENSOANG00000006811,gene,ENSEMBL:ENSOANG00000006811,4
10347,WBPhenotype:0000694,phenotype,hermaphrodite sterile,8
10348,NCBITaxon:9615,taxon,Canis lupus familiaris,9
10349,ENSEMBL:ENSGALG00000017163,gene,ENSEMBL:ENSGALG00000017163,4
10350,MP:0009686,phenotype,abnormal spinal cord medial motor column morphology,8
10351,MP:0012014,phenotype,abnormal olfactory neuron innervation pattern,8
10352,ENSEMBL:ENSMODG00000020556,gene,ENSEMBL:ENSMODG00000020556,4
10353,Xenbase:XB-GENE-968731,gene,rnf31,4
10354,MP:0008458,phenotype,abnormal cortical ventricular zone morphology,8
10355,NCBITaxon:44689,taxon,Dictyostelium discoideum,9
10356,dictyBase:DDB_G0291928,gene,ubqI,4
10357,ZP:0004424,phenotype,"locomotory behavior increased process quality, abnormal",8
10358,HGNC:9195,gene,POLR2H,4
10359,ZP:0010084,phenotype,"whole organism lacks all parts of type telencephalon, abnormal",8
10360,ZP:0001771,phenotype,"pronephros quality, abnormal",8
10361,MP:0000396,phenotype,increased curvature of hairs,8
10362,ENSEMBL:ENSMMUG00000003303,gene,ENSEMBL:ENSMMUG00000003303,4
10363,ENSEMBL:ENSBTAG00000016265,gene,ENSEMBL:ENSBTAG00000016265,4
10364,RGD:62038,gene,Dctn1,4
10365,ZP:0003403,phenotype,"astrocyte ventricular zone increased amount, abnormal",8
10366,WormBase:WBGene00012095,gene,pssy-2,4
10367,WBPhenotype:0000710,phenotype,intestinal morphology variant,8
10368,HP:0030746,phenotype,Intraventricular hemorrhage,8
10369,MP:0001547,phenotype,abnormal lipid level,8
10370,RGD:1359580,gene,Atg5,4
10371,ENSEMBL:ENSCAFG00000004173,gene,ENSEMBL:ENSCAFG00000004173,4
10372,HGNC:18418,gene,HYPK,4
10373,MP:0004985,phenotype,decreased osteoclast cell number,8
10374,HP:0009046,phenotype,Difficulty running,8
10375,MP:0005381,phenotype,digestive/alimentary phenotype,8
10376,ZP:0003844,phenotype,"lipid droplet liver increased amount, abnormal",8
10377,MP:0009425,phenotype,increased soleus weight,8
10378,MP:0001204,phenotype,decreased sensitivity to skin irradiation,8
10379,FlyBase:CG2216,gene,FlyBase:CG2216,4
10380,HP:0004322,phenotype,Short stature,8
10381,Coriell:GM05526,biological artifact,NIGMS-GM05526,0
10382,HP:0000670,phenotype,Carious teeth,8
10383,ENSEMBL:ENSCAFG00000048208,gene,A0A5F4DI44,4
10384,ENSEMBL:ENSSSCG00000027746,gene,ENSEMBL:ENSSSCG00000027746,4
10385,PomBase:SPAC13C5.01c,gene,pre9,4
10386,ZFIN:ZDB-GENE-051127-39,gene,actn2b,4
10387,WBPhenotype:0002283,phenotype,autophagy reduced,8
10388,MP:0002145,phenotype,abnormal T cell differentiation,8
10389,ENSEMBL:ENSSSCG00000015892,gene,ENSEMBL:ENSSSCG00000015892,4
10390,FlyBase:FBgn0025637,gene,SkpA,4
10391,ENSEMBL:ENSSSCG00000014292,gene,HSPA4,4
10392,ENSEMBL:ENSMMUG00000020036,gene,ENSEMBL:ENSMMUG00000020036,4
10393,MP:0008899,phenotype,plush coat,8
10394,FlyBase:FBgn0013759,gene,CASK,4
10395,WormBase:WBGene00004882,gene,smg-4,4
10396,ZFIN:ZDB-GENE-070620-3,gene,sin3aa,4
10397,Xenbase:XB-GENE-489215,gene,mbd4,4
10398,MP:0000984,phenotype,hyperinnervation of Meissner's corpuscle,8
10399,ENSEMBL:ENSACAG00000004884,gene,ENSEMBL:ENSACAG00000004884,4
10400,HP:0004933,phenotype,Ascending aortic dissection,8
10401,MP:0011732,phenotype,decreased somite size,8
10402,MGI:1925427,gene,Ninl,4
10403,ZP:0008102,phenotype,"convergent extension process quality, abnormal",8
10404,ZP:0002494,phenotype,"muscle contraction arrested, abnormal",8
10405,ENSEMBL:ENSECAG00000015773,gene,ENSEMBL:ENSECAG00000015773,4
10406,HGNC:562,gene,AP2A2,4
10407,FlyBase:FBgn0031950,gene,Herp,4
10408,WBPhenotype:0001221,phenotype,nose touch defective,8
10409,WBPhenotype:0002075,phenotype,eggshell formation variant,8
10410,FlyBase:FBgn0037717,gene,CG8301,4
10411,MP:0030940,phenotype,impaired autophagy,8
10412,WBPhenotype:0001410,phenotype,protein expression absent,8
10413,MP:0011294,phenotype,renal glomerulus hypertrophy,8
10414,MP:0005370,phenotype,liver/biliary system phenotype,8
10415,HP:0011446,phenotype,Abnormality of higher mental function,8
10416,FlyBase:FBgn0031882,gene,Rab30,4
10417,HP:0003330,phenotype,Abnormal bone structure,8
10418,MP:0003944,phenotype,abnormal T cell subpopulation ratio,8
10419,ENSEMBL:ENSCAFG00000005204,gene,CTNNB1,4
10420,ENSEMBL:ENSACAG00000002102,gene,ENSEMBL:ENSACAG00000002102,4
10421,RGD:1311598,gene,Sin3a,4
10422,FlyBase:FBgn0011760,gene,ctp,4
10423,MP:0010379,phenotype,decreased respiratory quotient,8
10424,MP:0020875,phenotype,decreased nervous system dopamine level,8
10425,WBPhenotype:0001769,phenotype,cytoplasmic RNAi defective,8
10426,ENSEMBL:ENSECAG00000037704,gene,ENSEMBL:ENSECAG00000037704,4
10427,HP:0100243,phenotype,Leiomyosarcoma,8
10428,MGI:108064,gene,Siah1a,4
10429,NCBITaxon:28377,taxon,Anolis carolinensis,9
10430,ENSEMBL:ENSCAFG00000012199,gene,ENSEMBL:ENSCAFG00000012199,4
10431,ZP:0000636,phenotype,"trunk curved ventral, abnormal",8
10432,HP:0012114,phenotype,Endometrial carcinoma,8
10433,MP:0001968,phenotype,abnormal touch/ nociception,8
10434,EnsemblGenome:AT2G12480,gene,EnsemblGenome:AT2G12480,4
10435,WormBase:WBGene00010375,gene,H09F14.1,4
10436,HP:0002006,phenotype,Facial cleft,8
10437,dbSNP:rs113928896,variant,rs113928896-T,10
10438,MP:0003047,phenotype,abnormal thoracic vertebrae morphology,8
10439,HGNC:6752,gene,M6PR,4
10440,WBPhenotype:0002606,phenotype,necrotic cell death decreased,8
10441,ENSEMBL:ENSMODG00000023805,gene,ENSEMBL:ENSMODG00000023805,4
10442,HP:0010818,phenotype,Generalized tonic seizure,8
10443,ZP:0105902,phenotype,"circadian behavior process quality, abnormal",8
10444,ZP:0000303,phenotype,"cell cycle arrested, abnormal",8
10445,ZP:0007543,phenotype,"pharyngeal arch hypoplastic, abnormal",8
10446,MP:0010851,phenotype,"decreased effector memory CD8-positive, alpha-beta T cell number",8
10447,ENSEMBL:ENSMMUG00000020100,gene,ENSEMBL:ENSMMUG00000020100,4
10448,MP:0002691,phenotype,small stomach,8
10449,MGI:1342774,gene,Ppargc1a,4
10450,RGD:3043,gene,Map1b,4
10451,HGNC:1774,gene,CDK5,4
10452,ENSEMBL:ENSRNOG00000008363,gene,D3ZQT0,4
10453,ENSEMBL:ENSMMUG00000010593,gene,ENSEMBL:ENSMMUG00000010593,4
10454,Coriell:GM05678,biological artifact,NIGMS-GM05678,0
10455,ZP:0018253,phenotype,"mitochondrial chromosome whole organism increased amount, abnormal",8
10456,ENSEMBL:ENSMODG00000013823,gene,ENSEMBL:ENSMODG00000013823,4
10457,FlyBase:FBgn0001217,gene,Hsc70-2,4
10458,ENSEMBL:ENSCAFG00000039767,gene,ENSEMBL:ENSCAFG00000039767,4
10459,ENSEMBL:ENSACAG00000001098,gene,ENSEMBL:ENSACAG00000001098,4
10460,dictyBase:DDB_G0269222,gene,gefB,4
10461,SGD:S000006208,gene,AIM45,4
10462,SGD:S000001501,gene,SWD2,4
10463,ENSEMBL:ENSPTRG00000017375,gene,ENSEMBL:ENSPTRG00000017375,4
10464,WBPhenotype:0001818,phenotype,neuron activation variant,8
10465,ZP:0007120,phenotype,"lamellipodium cell decreased amount, abnormal",8
10466,MONARCH:APO_0000241APO_0000003,phenotype,freeze-thaw resistance:decreased,8
10467,ZP:0011579,phenotype,"post-vent region absent blood circulation, abnormal",8
10468,WBPhenotype:0000961,phenotype,pattern of transgene expression variant,8
10469,MP:0009220,phenotype,increased prostate gland adenocarcinoma incidence,8
10470,dictyBase:DDB_G0289881,gene,atg5,4
10471,HP:0001909,phenotype,Leukemia,8
10472,EFO:0003963,phenotype,freckles,8
10473,HP:0002126,phenotype,Polymicrogyria,8
10474,dictyBase:DDB_G0286331,gene,DDB0218799,4
10475,WormBase:WBGene00001977,gene,hmg-12,4
10476,HP:0002269,phenotype,Abnormality of neuronal migration,8
10477,ENSEMBL:ENSFCAG00000003249,gene,ENSEMBL:ENSFCAG00000003249,4
10478,ENSEMBL:ENSGALG00000051054,gene,LOC417056,4
10479,ENSEMBL:ENSFCAG00000002225,gene,ENSEMBL:ENSFCAG00000002225,4
10480,MP:0008174,phenotype,decreased follicular B cell number,8
10481,HGNC:3213,gene,EEF1G,4
10482,WBPhenotype:0001668,phenotype,oocyte accumulation,8
10483,MP:0009451,phenotype,abnormal chromosomal synapsis,8
10484,HP:0000939,phenotype,Osteoporosis,8
10485,MONARCH:APO_0000340APO_0000003,phenotype,reticulophagy:decreased,8
10486,MP:0001726,phenotype,abnormal allantois morphology,8
10487,ENSEMBL:ENSMMUG00000009953,gene,ENSEMBL:ENSMMUG00000009953,4
10488,MP:0002182,phenotype,abnormal astrocyte morphology,8
10489,RGD:1563954,gene,Msh3,4
10490,RGD:620131,gene,Bdh1,4
10491,ZFIN:ZDB-GENE-050720-1,gene,crmp1,4
10492,WBPhenotype:0001375,phenotype,transgene expression undetectable,8
10493,HP:0001519,phenotype,Disproportionate tall stature,8
10494,ZFIN:ZDB-GENE-040912-30,gene,fth1b,4
10495,MP:0010286,phenotype,increased plasmacytoma incidence,8
10496,WBPhenotype:0001780,phenotype,associative learning variant,8
10497,MP:0010601,phenotype,thick pulmonary valve,8
10498,MGI:1920188,gene,Hspb11,4
10499,ENSEMBL:ENSECAG00000020965,gene,ENSEMBL:ENSECAG00000020965,4
10500,ENSEMBL:ENSACAG00000023667,gene,ENSEMBL:ENSACAG00000023667,4
10501,ENSEMBL:ENSMMUG00000018821,gene,ENSEMBL:ENSMMUG00000018821,4
10502,ENSEMBL:ENSSSCG00000010686,gene,BAG3,4
10503,MP:0009289,phenotype,decreased epididymal fat pad weight,8
10504,MGI:1347045,gene,Psmb2,4
10505,ENSEMBL:ENSOANG00000000140,gene,ENSEMBL:ENSOANG00000000140,4
10506,HP:0000369,phenotype,Low-set ears,8
10507,RGD:621405,gene,Hey2,4
10508,MP:0003257,phenotype,abnormal abdominal wall morphology,8
10509,ZP:0014639,phenotype,"hatching process quality, abnormal",8
10510,HGNC:30915,gene,DCAF7,4
10511,PomBase:SPBC146.06c,gene,fan1,4
10512,ENSEMBL:ENSOANG00000014619,gene,ENSEMBL:ENSOANG00000014619,4
10513,ENSEMBL:ENSFCAG00000000573,gene,ENSEMBL:ENSFCAG00000000573,4
10514,ZP:0002185,phenotype,"neuron projection development disrupted, abnormal",8
10515,WormBase:WBGene00009010,gene,F21D5.5,4
10516,ENSEMBL:ENSACAG00000022634,gene,ENSEMBL:ENSACAG00000022634,4
10517,ENSEMBL:ENSCAFG00000029076,gene,CCDC126,4
10518,ENSEMBL:ENSACAG00000008195,gene,ENSEMBL:ENSACAG00000008195,4
10519,ZP:0002351,phenotype,"optic fissure open, abnormal",8
10520,ENSEMBL:ENSMODG00000010311,gene,ENSEMBL:ENSMODG00000010311,4
10521,ENSEMBL:ENSBTAG00000016218,gene,PTGES2,4
10522,WBPhenotype:0002541,phenotype,radiation induced germ cell apoptosis resistant,8
10523,SGD:S000002780,gene,VPS74,4
10524,ENSEMBL:ENSECAG00000015953,gene,ENSEMBL:ENSECAG00000015953,4
10525,RGD:1561901,gene,MGC114492,4
10526,ZP:0003829,phenotype,"branching morphogenesis of an epithelial tube disrupted, abnormal",8
10527,ZP:0018575,phenotype,"whole organism absent, abnormal",8
10528,PomBase:SPAC19G12.06c,gene,hta2,4
10529,EnsemblGenome:AT4G21980,gene,EnsemblGenome:AT4G21980,4
10530,MP:0012284,phenotype,increased sternebra number,8
10531,HP:0000286,phenotype,Epicanthus,8
10532,HP:0001895,phenotype,Normochromic anemia,8
10533,WBPhenotype:0000032,phenotype,sick,8
10534,MP:0005166,phenotype,decreased susceptibility to injury,8
10535,WBPhenotype:0001703,phenotype,body bend variant,8
10536,MP:0005406,phenotype,abnormal heart size,8
10537,SGD:S000003181,gene,SKI8,4
10538,HP:0001649,phenotype,Tachycardia,8
10539,ENSEMBL:ENSPTRG00000011901,gene,ENSEMBL:ENSPTRG00000011901,4
10540,MP:0008572,phenotype,abnormal Purkinje cell dendrite morphology,8
10541,ZP:0002939,phenotype,"T-tubule organization process quality, abnormal",8
10542,MP:0004086,phenotype,absent heartbeat,8
10543,ENSEMBL:ENSSSCG00000005273,gene,ENSEMBL:ENSSSCG00000005273,4
10544,ENSEMBL:ENSMODG00000012603,gene,ENSEMBL:ENSMODG00000012603,4
10545,MGI:107739,gene,Casp3,4
10546,RGD:1307794,gene,Bag3,4
10547,ENSEMBL:ENSMMUG00000015032,gene,ENSEMBL:ENSMMUG00000015032,4
10548,ENSEMBL:ENSCAFG00000008434,gene,ENSEMBL:ENSCAFG00000008434,4
10549,RGD:1598231,gene,RT1-CE3,4
10550,HP:0000952,phenotype,Jaundice,8
10551,MP:0002675,phenotype,asthenozoospermia,8
10552,HP:0040302,phenotype,Hyperglycerolemia,8
10553,RGD:1595816,gene,RT1-M5,4
10554,ZFIN:ZDB-GENE-050417-66,gene,polr2h,4
10555,HP:0002209,phenotype,Sparse scalp hair,8
10556,ZP:0002291,phenotype,"pigmentation decreased occurrence, abnormal",8
10557,ENSEMBL:ENSMMUG00000017928,gene,ENSEMBL:ENSMMUG00000017928,4
10558,ENSEMBL:ENSMODG00000014431,gene,ENSEMBL:ENSMODG00000014431,4
10559,MP:0002833,phenotype,increased heart weight,8
10560,MP:0000966,phenotype,decreased sensory neuron number,8
10561,Xenbase:XB-GENE-493909,gene,actn1,4
10562,ENSEMBL:ENSACAG00000029354,gene,ENSEMBL:ENSACAG00000029354,4
10563,HP:0000541,phenotype,Retinal detachment,8
10564,ENSEMBL:ENSPTRG00000018458,gene,ENSEMBL:ENSPTRG00000018458,4
10565,ENSEMBL:ENSFCAG00000015049,gene,ENSEMBL:ENSFCAG00000015049,4
10566,ZP:0019151,phenotype,"eye photoreceptor cell has extra parts of type photoreceptor outer segment vesicle eye photoreceptor cell, abnormal",8
10567,PomBase:SPAC29A4.05,gene,cam2,4
10568,ENSEMBL:ENSSSCG00000017427,gene,ENSEMBL:ENSSSCG00000017427,4
10569,WBPhenotype:0002094,phenotype,RAB-11 recycling endosome morphology variant,8
10570,ZP:0001488,phenotype,"somite disorganized, abnormal",8
10571,WBPhenotype:0001312,phenotype,neuron number variant,8
10572,ENSEMBL:ENSOANG00000014498,gene,ENSEMBL:ENSOANG00000014498,4
10573,ENSEMBL:ENSCAFG00000013361,gene,ENSEMBL:ENSCAFG00000013361,4
10574,ENSEMBL:ENSMODG00000008639,gene,ENSEMBL:ENSMODG00000008639,4
10575,Xenbase:XB-GENE-22167951,gene,mhc100494167,4
10576,RGD:1359391,gene,Ficd,4
10577,ZFIN:ZDB-GENE-110713-1,gene,hsp70.3,4
10578,ENSEMBL:ENSFCAG00000004445,gene,ENSEMBL:ENSFCAG00000004445,4
10579,MONARCH:APO_0000222APO_0000003,phenotype,chemical compound excretion:decreased,8
10580,ENSEMBL:ENSSSCG00000028355,gene,ENSEMBL:ENSSSCG00000028355,4
10581,MONARCH:APO_0000098APO_0000245,phenotype,utilization of carbon source:decreased rate,8
10582,PomBase:SPBC800.05c,gene,atb2,4
10583,ZFIN:ZDB-GENE-020423-3,gene,eef1g,4
10584,WBPhenotype:0001260,phenotype,oocyte morphology variant,8
10585,MP:0006032,phenotype,abnormal ureteric bud morphology,8
10586,ZP:0020331,phenotype,"optic tectum increased process quality mitotic cell cycle, abnormal",8
10587,PomBase:SPBC1289.14,gene,SPBC1289.14,4
10588,ZFIN:ZDB-GENE-030729-9,gene,lamp2,4
10589,WBPhenotype:0000055,phenotype,early larval arrest,8
10590,ENSEMBL:ENSCAFG00000000575,gene,ENSEMBL:ENSCAFG00000000575,4
10591,ZP:0019342,phenotype,"cell adhesion process quality, abnormal",8
10592,FlyBase:FBgn0029969,gene,CG10932,4
10593,MP:0009450,phenotype,abnormal axon fasciculation,8
10594,HGNC:563,gene,AP2B1,4
10595,dictyBase:DDB_G0269104,gene,calB,4
10596,EnsemblGenome:AT2G32390,gene,EnsemblGenome:AT2G32390,4
10597,PomBase:SPAC22F8.06,gene,pam1,4
10598,MP:0030266,phenotype,small vomer bone,8
10599,ENSEMBL:ENSMODG00000013730,gene,ENSEMBL:ENSMODG00000013730,4
10600,ENSEMBL:ENSCAFG00000003543,gene,ENSEMBL:ENSCAFG00000003543,4
10601,ZP:0004747,phenotype,"digestive tract development process quality, abnormal",8
10602,WBPhenotype:0002519,phenotype,axon length reduced,8
10603,MGI:5467291,genotype,Sirt2<tm1Gdon>/Sirt2<tm1Gdon>; Tg(HDexon1)62Gpb [involves: 129P2/OlaHsd * C57BL/6 * CBA],6
10604,ZFIN:ZDB-GENE-091014-2,gene,plekha7b,4
10605,FlyBase:FBgn0004910,gene,Eip63F-1,4
10606,RGD:1305140,gene,Dcaf7,4
10607,HP:0410151,phenotype,Eosinophilic infiltration of the esophagus,8
10608,RGD:1309260,gene,Dnali1,4
10609,ENSEMBL:ENSGALG00000042895,gene,BCAR1,4
10610,ENSEMBL:ENSPTRG00000012258,gene,ENSEMBL:ENSPTRG00000012258,4
10611,dictyBase:DDB_G0292240,gene,DDB0184288,4
10612,dbSNP:rs11197481,variant,rs11197481-G,10
10613,MP:0002570,phenotype,alcohol aversion,8
10614,MP:0012431,phenotype,increased lymphoma incidence,8
10615,EFO:0007978,phenotype,red blood cell density measurement,8
10616,MP:0003299,phenotype,gastric polyps,8
10617,WBPhenotype:0000926,phenotype,body wall muscle morphology variant,8
10618,EFO:0007701,phenotype,spine bone mineral density,8
10619,MP:0011102,phenotype,"embryonic lethality, incomplete penetrance",8
10620,ENSEMBL:ENSMMUG00000010509,gene,ENSEMBL:ENSMMUG00000010509,4
10621,dictyBase:DDB_G0277915,gene,gefI,4
10622,MP:0004274,phenotype,abnormal embryonic/fetal subventricular zone morphology,8
10623,MGI:1931148,gene,Nme4,4
10624,MP:0001982,phenotype,decreased chemically-elicited antinociception,8
10625,FBcv:0000435,phenotype,abnormal neuroanatomy,8
10626,ENSEMBL:ENSCAFG00000016264,gene,ENSEMBL:ENSCAFG00000016264,4
10627,ZFIN:ZDB-GENE-040426-949,gene,ppp6c,4
10628,Xenbase:XB-GENE-984047,gene,cltc,4
10629,ENSEMBL:ENSACAG00000006212,gene,ENSEMBL:ENSACAG00000006212,4
10630,ENSEMBL:ENSMMUG00000014433,gene,ENSEMBL:ENSMMUG00000014433,4
10631,WBPhenotype:0000643,phenotype,locomotion variant,8
10632,dbSNP:rs1263309,variant,rs1263309-T,10
10633,ENSEMBL:ENSACAG00000014691,gene,ENSEMBL:ENSACAG00000014691,4
10634,ENSEMBL:ENSFCAG00000006578,gene,ENSEMBL:ENSFCAG00000006578,4
10635,MGI:97912,gene,Rheb,4
10636,WBPhenotype:0001575,phenotype,ATP levels reduced,8
10637,HGNC:23024,gene,COMMD1,4
10638,ENSEMBL:ENSOANG00000004646,gene,ENSEMBL:ENSOANG00000004646,4
10639,ENSEMBL:ENSFCAG00000022878,gene,ENSEMBL:ENSFCAG00000022878,4
10640,ZP:0002701,phenotype,"exocrine pancreas decreased size, abnormal",8
10641,ENSEMBL:ENSMODG00000039032,gene,ENSEMBL:ENSMODG00000039032,4
10642,ENSEMBL:ENSGALG00000030401,gene,ENSEMBL:ENSGALG00000030401,4
10643,ZFIN:ZDB-GENE-030131-6192,gene,mgrn1a,4
10644,ZP:0000597,phenotype,"retinal pigmented epithelium decreased pigmentation, abnormal",8
10645,MP:0020038,phenotype,retinal macular degeneration,8
10646,MP:0005059,phenotype,lysosomal protein accumulation,8
10647,FlyBase:FBgn0010406,gene,RNaseX25,4
10648,ENSEMBL:ENSFCAG00000036122,gene,ENSEMBL:ENSFCAG00000036122,4
10649,ENSEMBL:ENSPTRG00000013043,gene,ENSEMBL:ENSPTRG00000013043,4
10650,ENSEMBL:ENSMMUG00000020700,gene,ENSEMBL:ENSMMUG00000020700,4
10651,FlyBase:FBgn0034863,gene,SkpF,4
10652,PomBase:SPAC343.11c,gene,msc1,4
10653,ENSEMBL:ENSACAG00000007345,gene,ENSEMBL:ENSACAG00000007345,4
10654,HP:0001987,phenotype,Hyperammonemia,8
10655,5210,drug,olmutinib,3
10656,FBcv:0000356,phenotype,abnormal body color,8
10657,dictyBase:DDB_G0278159,gene,pssA,4
10658,ENSEMBL:ENSMODG00000004076,gene,ENSEMBL:ENSMODG00000004076,4
10659,ENSEMBL:ENSOANG00000013547,gene,ENSEMBL:ENSOANG00000013547,4
10660,ENSEMBL:ENSECAG00000023721,gene,ENSEMBL:ENSECAG00000023721,4
10661,FlyBase:FBgn0038418,gene,pad,4
10662,ZP:0001016,phenotype,"eye development disrupted, abnormal",8
10663,MP:0005602,phenotype,decreased angiogenesis,8
10664,ZP:0017191,phenotype,"horizontal cell decreased amount, abnormal",8
10665,MGI:1889376,gene,Ccdc126,4
10666,dictyBase:DDB_G0275091,gene,DDB0167426,4
10667,WormBase:WBGene00000199,gene,arx-1,4
10668,ENSEMBL:ENSMMUG00000014207,gene,ENSEMBL:ENSMMUG00000014207,4
10669,ENSEMBL:ENSPTRG00000044125,gene,ENSEMBL:ENSPTRG00000044125,4
10670,HP:0003431,phenotype,Decreased motor nerve conduction velocity,8
10671,ENSEMBL:ENSFCAG00000006874,gene,ENSEMBL:ENSFCAG00000006874,4
10672,HP:0040215,phenotype,Abnormal circulating insulin level,8
10673,ENSEMBL:ENSACAG00000015327,gene,ENSEMBL:ENSACAG00000015327,4
10674,ENSEMBL:ENSRNOG00000031628,gene,Q7TPK5,4
10675,ZFIN:ZDB-GENE-010130-1,gene,ctbp1,4
10676,ENSEMBL:ENSGALG00000035254,gene,LOC107051192,4
10677,ZFIN:ZDB-GENE-101108-4,gene,ptprmb,4
10678,RGD:1564921,gene,Ppih,4
10679,ENSEMBL:ENSGALG00000012526,gene,PRPF40A,4
10680,MP:0010306,phenotype,increased hamartoma incidence,8
10681,ENSEMBL:ENSMMUG00000007740,gene,ENSEMBL:ENSMMUG00000007740,4
10682,HP:0000027,phenotype,Azoospermia,8
10683,dictyBase:DDB_G0290833,gene,rabK1,4
10684,Coriell:GM04709,biological artifact,NIGMS-GM04709,0
10685,MP:0004379,phenotype,wide frontal bone,8
10686,dictyBase:DDB_G0281229,gene,DDB0220676,4
10687,WBPhenotype:0000531,phenotype,organism development variant,8
10688,4344,drug,zinc chloride,3
10689,ENSEMBL:ENSPTRG00000007314,gene,ENSEMBL:ENSPTRG00000007314,4
10690,Xenbase:XB-GENE-5917368,gene,rcn2,4
10691,EFO:0004341,phenotype,body fat distribution,8
10692,ZP:0009836,phenotype,"secondary motor neuron decreased process quality axon extension, abnormal",8
10693,ENSEMBL:ENSMODG00000024504,gene,ENSEMBL:ENSMODG00000024504,4
10694,4733,drug,thiomersal,3
10695,MONARCH:APO_0000131APO_0000248,phenotype,protein/peptide modification:increased duration,8
10696,ZP:0004784,phenotype,"retinal pigmented epithelium hypertrophic, abnormal",8
10697,ENSEMBL:ENSRNOG00000026991,gene,F1M2N4,4
10698,ENSEMBL:ENSPTRG00000010460,gene,ENSEMBL:ENSPTRG00000010460,4
10699,ENSEMBL:ENSMMUG00000056744,gene,ENSEMBL:ENSMMUG00000056744,4
10700,MP:0003702,phenotype,abnormal chromosome morphology,8
10701,WBPhenotype:0002501,phenotype,ectopic cleavage furrow early emb,8
10702,ZP:0100115,phenotype,"paired fin morphology, abnormal",8
10703,MP:0010018,phenotype,pulmonary vascular congestion,8
10704,MP:0004726,phenotype,abnormal nasal capsule morphology,8
10705,HP:0002206,phenotype,Pulmonary fibrosis,8
10706,MP:0003408,phenotype,increased width of hypertrophic chondrocyte zone,8
10707,ENSEMBL:ENSCAFG00000017475,gene,ENSEMBL:ENSCAFG00000017475,4
10708,MP:0001289,phenotype,persistence of hyaloid vascular system,8
10709,HGNC:2092,gene,CLTC,4
10710,FlyBase:FBgn0034774,gene,CG13526,4
10711,Xenbase:XB-GENE-1017127,gene,ppp6c,4
10712,WBPhenotype:0000296,phenotype,spicules crumpled,8
10713,ENSEMBL:ENSGALG00000023066,gene,DNAJA1,4
10714,MGI:102682,gene,Llgl1,4
10715,MGI:1913758,gene,Lamtor1,4
10716,EFO:0004908,phenotype,testosterone measurement,8
10717,ZFIN:ZDB-GENE-030131-2513,gene,rnaset2,4
10718,ENSEMBL:ENSPTRG00000041833,gene,ENSEMBL:ENSPTRG00000041833,4
10719,MONARCH:APO_0000131APO_0000003,phenotype,protein/peptide modification:decreased,8
10720,ENSEMBL:ENSACAG00000006639,gene,ENSEMBL:ENSACAG00000006639,4
10721,MP:0004737,phenotype,absent distortion product otoacoustic emissions,8
10722,HP:0002367,phenotype,Visual hallucinations,8
10723,ZP:0001381,phenotype,"motor neuron spinal cord increased amount, abnormal",8
10724,WormBase:WBGene00004823,gene,skr-17,4
10725,FlyBase:FBgn0039788,gene,Rpt6R,4
10726,ENSEMBL:ENSPTRG00000018989,gene,ENSEMBL:ENSPTRG00000018989,4
10727,ENSEMBL:ENSACAG00000005807,gene,ENSEMBL:ENSACAG00000005807,4
10728,ENSEMBL:ENSFCAG00000006019,gene,ENSEMBL:ENSFCAG00000006019,4
10729,HP:0002169,phenotype,Clonus,8
10730,MP:0009827,phenotype,skin detachment,8
10731,ENSEMBL:ENSSSCG00000003413,gene,ENSEMBL:ENSSSCG00000003413,4
10732,ENSEMBL:ENSMMUG00000001723,gene,ENSEMBL:ENSMMUG00000001723,4
10733,WormBase:WBGene00020287,gene,lsy-13,4
10734,ZFIN:ZDB-GENE-001208-4,gene,psmb7,4
10735,ENSEMBL:ENSGALG00000026605,gene,ENSEMBL:ENSGALG00000026605,4
10736,WBPhenotype:0000081,phenotype,L1 arrest,8
10737,MP:0003820,phenotype,increased left ventricle systolic pressure,8
10738,MP:0000239,phenotype,absent common myeloid progenitor cells,8
10739,ENSEMBL:ENSCAFG00000014230,gene,ENSEMBL:ENSCAFG00000014230,4
10740,FBcv:0000418,phenotype,flightless,8
10741,RGD:1566014,gene,F8a1,4
10742,ZP:0009559,phenotype,"neuroblast decreased amount, abnormal",8
10743,ZP:0000426,phenotype,"heart increased amount, abnormal",8
10744,WBPhenotype:0001886,phenotype,cleavage furrow termination defective early emb,8
10745,WormBase:WBGene00007462,gene,ctsa-3.2,4
10746,ENSEMBL:ENSECAG00000006095,gene,ENSEMBL:ENSECAG00000006095,4
10747,ZP:0003849,phenotype,"mitochondrion kidney swollen, abnormal",8
10748,ENSEMBL:ENSMODG00000015670,gene,ENSEMBL:ENSMODG00000015670,4
10749,MGI:2446242,gene,Atxn2l,4
10750,HP:0001262,phenotype,Excessive daytime somnolence,8
10751,ENSEMBL:ENSMODG00000021004,gene,ENSEMBL:ENSMODG00000021004,4
10752,WBPhenotype:0000758,phenotype,L4 adult molt defect,8
10753,511,drug,carmofur,3
10754,ENSEMBL:ENSMODG00000003384,gene,ENSEMBL:ENSMODG00000003384,4
10755,HP:0000504,phenotype,Abnormality of vision,8
10756,ZP:0000153,phenotype,"somite increased width, abnormal",8
10757,WormBase:WBGene00015378,gene,C03B1.7,4
10758,ENSEMBL:ENSMMUG00000003218,gene,ENSEMBL:ENSMMUG00000003218,4
10759,ZFIN:ZDB-GENE-100308-1,gene,egfrb,4
10760,WormBase:WBGene00044071,gene,dhhc-14,4
10761,HP:0002079,phenotype,Hypoplasia of the corpus callosum,8
10762,WBPhenotype:0001278,phenotype,transgene expression reduced,8
10763,WormBase:WBGene00000964,gene,dhp-2,4
10764,ENSEMBL:ENSFCAG00000027260,gene,ENSEMBL:ENSFCAG00000027260,4
10765,ENSEMBL:ENSFCAG00000013696,gene,ENSEMBL:ENSFCAG00000013696,4
10766,MP:0011703,phenotype,increased fibroblast proliferation,8
10767,ENSEMBL:ENSECAG00000022437,gene,ENSEMBL:ENSECAG00000022437,4
10768,FBcv:0000392,phenotype,hyperactive,8
10769,ZP:0011941,phenotype,"hypothalamus has extra parts of type posterior side dopaminergic neuron, abnormal",8
10770,ENSEMBL:ENSGALG00000042333,gene,DDB1,4
10771,MP:0008178,phenotype,decreased germinal center B cell number,8
10772,ZP:0103238,phenotype,"motile cilium pronephric tubule immobile, abnormal",8
10773,MONARCH:APO_0000063APO_0000003,phenotype,colony size:decreased,8
10774,MGI:2136940,gene,Pias4,4
10775,ENSEMBL:ENSPTRG00000012724,gene,ENSEMBL:ENSPTRG00000012724,4
10776,HP:0001274,phenotype,Agenesis of corpus callosum,8
10777,MP:0006303,phenotype,abnormal retinal nerve fiber layer morphology,8
10778,MONARCH:APO_0000143APO_0000002,phenotype,chromosome/plasmid maintenance:abnormal,8
10779,ZP:0000359,phenotype,"forebrain decreased size, abnormal",8
10780,ENSEMBL:ENSOANG00000001818,gene,ENSEMBL:ENSOANG00000001818,4
10781,WormBase:WBGene00011248,gene,R11D1.10,4
10782,MP:0002135,phenotype,abnormal kidney morphology,8
10783,FlyBase:FBgn0037962,gene,Dnali1,4
10784,ENSEMBL:ENSMMUG00000057217,gene,ENSEMBL:ENSMMUG00000057217,4
10785,Coriell:GM03790,biological artifact,NIGMS-GM03790,0
10786,ENSEMBL:ENSACAG00000022657,gene,ENSEMBL:ENSACAG00000022657,4
10787,ENSEMBL:ENSMMUG00000010620,gene,ENSEMBL:ENSMMUG00000010620,4
10788,ENSEMBL:ENSMODG00000003615,gene,ENSEMBL:ENSMODG00000003615,4
10789,HP:0007082,phenotype,Dilated third ventricle,8
10790,ENSEMBL:ENSSSCG00000017294,gene,DCAF7,4
10791,RGD:2401,gene,Crebbp,4
10792,MONARCH:APO_0000028APO_0000004,phenotype,invasive growth:increased,8
10793,MP:0010395,phenotype,abnormal pharyngeal arch development,8
10794,HP:0002894,phenotype,Neoplasm of the pancreas,8
10795,MP:0001929,phenotype,abnormal gametogenesis,8
10796,ZP:0010085,phenotype,"whole organism lacks all parts of type eye, abnormal",8
10797,ENSEMBL:ENSFCAG00000010459,gene,ENSEMBL:ENSFCAG00000010459,4
10798,ZP:0004124,phenotype,"exocrine pancreas degenerate, abnormal",8
10799,MGI:103288,gene,Polr1c,4
10800,EFO:0007927,phenotype,schizophrenia symptom severity measurement,8
10801,ZP:0004636,phenotype,"brain edematous, abnormal",8
10802,HGNC:11343,gene,ST13,4
10803,ENSEMBL:ENSFCAG00000041348,gene,ENSEMBL:ENSFCAG00000041348,4
10804,ENSEMBL:ENSFCAG00000009764,gene,ENSEMBL:ENSFCAG00000009764,4
10805,ENSEMBL:ENSCAFG00000013641,gene,ENSEMBL:ENSCAFG00000013641,4
10806,ZP:0000385,phenotype,"intestinal bulb epithelium cellular quality, abnormal",8
10807,HP:0000085,phenotype,Horseshoe kidney,8
10808,HP:0001680,phenotype,Coarctation of aorta,8
10809,ZP:0013230,phenotype,"larval development process quality, abnormal",8
10810,ZP:0013553,phenotype,"gonad development process quality, abnormal",8
10811,HP:0011025,phenotype,Abnormal cardiovascular system physiology,8
10812,3514,drug,quercetin,3
10813,ENSEMBL:ENSBTAG00000000746,gene,KAT2B,4
10814,ENSEMBL:ENSCAFG00000017134,gene,ENSEMBL:ENSCAFG00000017134,4
10815,FBcv:0002024,phenotype,some die during third instar larval stage,8
10816,ENSEMBL:ENSECAG00000023171,gene,ENSEMBL:ENSECAG00000023171,4
10817,ENSEMBL:ENSCAFG00000013358,gene,ENSEMBL:ENSCAFG00000013358,4
10818,MP:0004883,phenotype,abnormal vascular wound healing,8
10819,MP:0001719,phenotype,absent vitelline blood vessels,8
10820,ENSEMBL:ENSCAFG00000011666,gene,ENSEMBL:ENSCAFG00000011666,4
10821,HP:0003076,phenotype,Glycosuria,8
10822,Xenbase:XB-GENE-486558,gene,pias1,4
10823,MP:0005666,phenotype,abnormal adipose tissue physiology,8
10824,WBPhenotype:0001980,phenotype,germ cell compartment expansion variant,8
10825,ZP:0000958,phenotype,"heart mislocalised, abnormal",8
10826,MP:0008883,phenotype,abnormal enterocyte proliferation,8
10827,HP:0004305,phenotype,Involuntary movements,8
10828,WormBase:WBGene00022717,gene,hipr-1,4
10829,MGI:3699097,genotype,Htt<tm1.1Tna>/Htt<+> [involves: 129P2/OlaHsd * C57BL/6J],6
10830,HP:0011495,phenotype,Abnormal corneal epithelium morphology,8
10831,ENSEMBL:ENSMMUG00000001044,gene,ENSEMBL:ENSMMUG00000001044,4
10832,ENSEMBL:ENSACAG00000000151,gene,ENSEMBL:ENSACAG00000000151,4
10833,Coriell:GM04915,biological artifact,NIGMS-GM04915,0
10834,ZP:0000404,phenotype,"liver hypoplastic, abnormal",8
10835,NCBIGene:100000959,gene,c5ar1,4
10836,MGI:4881525,genotype,Tg(YAC46)668Hay [involves: FVB/N],6
10837,ENSEMBL:ENSOANG00000014753,gene,ENSEMBL:ENSOANG00000014753,4
10838,ZFIN:ZDB-GENE-070705-242,gene,il17ra1a,4
10839,ZFIN:ZDB-GENE-040718-109,gene,zfyve19,4
10840,ENSEMBL:ENSMMUG00000001661,gene,ENSEMBL:ENSMMUG00000001661,4
10841,MP:0011843,phenotype,abnormal kidney collecting duct epithelium morphology,8
10842,SGD:S000001949,gene,HXK1,4
10843,Coriell:GM06651,biological artifact,NIGMS-GM06651,0
10844,ENSEMBL:ENSECAG00000022890,gene,ENSEMBL:ENSECAG00000022890,4
10845,ZP:0020993,phenotype,"response to endoplasmic reticulum stress increased occurrence, abnormal",8
10846,ENSEMBL:ENSMODG00000023604,gene,ENSEMBL:ENSMODG00000023604,4
10847,ENSEMBL:ENSMMUG00000009765,gene,ENSEMBL:ENSMMUG00000009765,4
10848,ENSEMBL:ENSPTRG00000010941,gene,ENSEMBL:ENSPTRG00000010941,4
10849,ENSEMBL:ENSFCAG00000005402,gene,ENSEMBL:ENSFCAG00000005402,4
10850,WBPhenotype:0002193,phenotype,posterior reversed vulval lineage,8
10851,ENSEMBL:ENSOANG00000044768,gene,ENSEMBL:ENSOANG00000044768,4
10852,ENSEMBL:ENSECAG00000021328,gene,ENSEMBL:ENSECAG00000021328,4
10853,ENSEMBL:ENSMODG00000005573,gene,ENSEMBL:ENSMODG00000005573,4
10854,HP:0004332,phenotype,Abnormal lymphocyte morphology,8
10855,WBPhenotype:0000478,phenotype,isothermal tracking behavior variant,8
10856,ZP:0006326,phenotype,"spinal cord decreased width, abnormal",8
10857,SGD:S000000626,gene,SYP1,4
10858,ZFIN:ZDB-GENE-011210-1,gene,casp3a,4
10859,ENSEMBL:ENSMMUG00000009058,gene,ENSEMBL:ENSMMUG00000009058,4
10860,HP:0002138,phenotype,Subarachnoid hemorrhage,8
10861,ENSEMBL:ENSMODG00000024733,gene,ENSEMBL:ENSMODG00000024733,4
10862,WormBase:WBGene00004425,gene,rpl-13,4
10863,ENSEMBL:ENSFCAG00000035227,gene,ENSEMBL:ENSFCAG00000035227,4
10864,HP:0009623,phenotype,Proximal placement of thumb,8
10865,SGD:S000003424,gene,TDH3,4
10866,MONARCH:APO_0000307APO_0000003,phenotype,anaerobic growth:decreased,8
10867,MGI:1931874,gene,Dnajb1,4
10868,FlyBase:FBgn0031074,gene,SkpE,4
10869,ENSEMBL:ENSMODG00000005948,gene,ENSEMBL:ENSMODG00000005948,4
10870,RGD:3537,gene,Rasa1,4
10871,MGI:3698042,genotype,Htt<tm5Mem>/Htt<tm5Mem> [involves: 129S1/Sv * 129X1/SvJ * CD-1],6
10872,RGD:620305,gene,Hip1,4
10873,ZP:0002188,phenotype,"somite deformed, abnormal",8
10874,MGI:1201674,gene,Smad3,4
10875,RGD:1565494,gene,Magea9,4
10876,HP:0007772,phenotype,Impaired smooth pursuit,8
10877,MGI:1913623,gene,Lsm5,4
10878,ENSEMBL:ENSECAG00000017324,gene,ENSEMBL:ENSECAG00000017324,4
10879,MP:0004818,phenotype,increased skeletal muscle mass,8
10880,ZP:0137288,phenotype,"compartment boundary brain amorphous, abnormal",8
10881,ENSEMBL:ENSFCAG00000013713,gene,ENSEMBL:ENSFCAG00000013713,4
10882,WormBase:WBGene00004826,gene,skr-20,4
10883,HGNC:5233,gene,HSPA1B,4
10884,ZFIN:ZDB-GENE-030131-5541,gene,psmd7,4
10885,MP:0000074,phenotype,abnormal neurocranium morphology,8
10886,ZP:0000655,phenotype,"retina disorganized, abnormal",8
10887,ENSEMBL:ENSCAFG00000010822,gene,ENSEMBL:ENSCAFG00000010822,4
10888,MP:0002828,phenotype,abnormal renal glomerular capsule morphology,8
10889,MP:0003701,phenotype,elevated level of mitotic sister chromatid exchange,8
10890,HP:0002751,phenotype,Kyphoscoliosis,8
10891,ENSEMBL:ENSMMUG00000014633,gene,ENSEMBL:ENSMMUG00000014633,4
10892,Xenbase:XB-GENE-990470,gene,kif18a,4
10893,ENSEMBL:ENSFCAG00000040321,gene,ENSEMBL:ENSFCAG00000040321,4
10894,2034,drug,oxymorphone,3
10895,MP:0010997,phenotype,decreased aorta wall thickness,8
10896,WBPhenotype:0000019,phenotype,pharyngeal pumping reduced,8
10897,RGD:1308894,gene,Ube2e3,4
10898,ENSEMBL:ENSECAG00000020867,gene,ENSEMBL:ENSECAG00000020867,4
10899,MP:0010124,phenotype,decreased bone mineral content,8
10900,ZP:0008388,phenotype,"retinal neural layer structure, abnormal",8
10901,ZFIN:ZDB-GENE-040628-3,gene,dlg4b,4
10902,HGNC:620,gene,APP,4
10903,ENSEMBL:ENSACAG00000001540,gene,ENSEMBL:ENSACAG00000001540,4
10904,HP:0000559,phenotype,Corneal scarring,8
10905,ZFIN:ZDB-GENE-030131-4214,gene,mbd1a,4
10906,MP:0004810,phenotype,decreased hematopoietic stem cell number,8
10907,WBPhenotype:0001297,phenotype,male tail development variant,8
10908,RGD:1311114,gene,Strap,4
10909,ZP:0003478,phenotype,"heart primordium lacks parts or has fewer parts of type cardiac muscle cell, abnormal",8
10910,MP:0011086,phenotype,"postnatal lethality, incomplete penetrance",8
10911,MP:0000023,phenotype,abnormal ear position,8
10912,Coriell:GM04197,biological artifact,NIGMS-GM04197,0
10913,ENSEMBL:ENSBTAG00000009516,gene,ENSEMBL:ENSBTAG00000009516,4
10914,HP:0000105,phenotype,Enlarged kidney,8
10915,P11142,gene product,Heat shock cognate 71 kDa protein,5
10916,ENSEMBL:ENSFCAG00000013525,gene,ENSEMBL:ENSFCAG00000013525,4
10917,ZP:0005349,phenotype,"somitogenesis increased duration, abnormal",8
10918,ZP:0001052,phenotype,"mandibular arch skeleton morphology, abnormal",8
10919,WBPhenotype:0001470,phenotype,diacetyl chemotaxis variant,8
10920,WormBase:WBGene00003053,gene,lmp-1,4
10921,MP:0000491,phenotype,crypts of Lieberkuhn abscesses,8
10922,WormBase:WBGene00011808,gene,T16G12.7,4
10923,ENSEMBL:ENSFCAG00000008821,gene,ENSEMBL:ENSFCAG00000008821,4
10924,ENSEMBL:ENSECAG00000032232,gene,ENSEMBL:ENSECAG00000032232,4
10925,dictyBase:DDB_G0274211,gene,DDB0167574,4
10926,dictyBase:DDB_G0280855,gene,DDB_G0280855,4
10927,ZFIN:ZDB-GENE-000510-1,gene,rhebl1,4
10928,ENSEMBL:ENSPTRG00000049885,gene,ENSEMBL:ENSPTRG00000049885,4
10929,MONARCH:APO_0000027APO_0000003,phenotype,filamentous growth:decreased,8
10930,MP:0008396,phenotype,abnormal osteoclast differentiation,8
10931,ENSEMBL:ENSMODG00000023669,gene,ENSEMBL:ENSMODG00000023669,4
10932,ZP:0138435,phenotype,"cranial nerve II disrupted axonal fasciculation, abnormal",8
10933,ENSEMBL:ENSACAG00000013331,gene,ENSEMBL:ENSACAG00000013331,4
10934,ZP:0130866,phenotype,"thigmotaxis decreased duration, abnormal",8
10935,MP:0008402,phenotype,increased cellular sensitivity to alkylating agents,8
10936,ENSEMBL:ENSBTAG00000021843,gene,UBQLN2,4
10937,MP:0011092,phenotype,"embryonic lethality, complete penetrance",8
10938,ZP:0009505,phenotype,"hemoglobin complex intermediate cell mass of mesoderm absent, abnormal",8
10939,ENSEMBL:ENSACAG00000006123,gene,ENSEMBL:ENSACAG00000006123,4
10940,ZFIN:ZDB-GENE-040426-1495,gene,polr1c,4
10941,ZP:0011580,phenotype,"caudal vein plexus increased size, abnormal",8
10942,ENSEMBL:ENSPTRG00000018826,gene,ENSEMBL:ENSPTRG00000018826,4
10943,ENSEMBL:ENSMODG00000017701,gene,ENSEMBL:ENSMODG00000017701,4
10944,WBPhenotype:0001426,phenotype,coelomocyte endocytosis defective,8
10945,ENSEMBL:ENSG00000253978,gene,ENSEMBL:ENSG00000253978,4
10946,ENSEMBL:ENSFCAG00000028143,gene,ENSEMBL:ENSFCAG00000028143,4
10947,ZP:0001460,phenotype,"notochord deformed, abnormal",8
10948,ZFIN:ZDB-GENE-050913-47,gene,herpud1,4
10949,RGD:619824,gene,Rpl4,4
10950,MP:0005562,phenotype,decreased mean corpuscular hemoglobin,8
10951,MGI:1333839,gene,Magea4,4
10952,ENSEMBL:ENSOANG00000046146,gene,ENSEMBL:ENSOANG00000046146,4
10953,MP:0004200,phenotype,decreased fetal size,8
10954,Coriell:GM04866,biological artifact,NIGMS-GM04866,0
10955,ENSEMBL:ENSFCAG00000015254,gene,ENSEMBL:ENSFCAG00000015254,4
10956,ENSEMBL:ENSSSCG00000012328,gene,ENSEMBL:ENSSSCG00000012328,4
10957,RGD:1565187,gene,Kif9,4
10958,WormBase:WBGene00004083,gene,pph-1,4
10959,MGI:2671158,genotype,Tg(HD82Gln)81Gschi [involves: C3H/HeJ * C57BL/6],6
10960,ENSEMBL:ENSMODG00000005337,gene,ENSEMBL:ENSMODG00000005337,4
10961,ENSEMBL:ENSECAG00000037484,gene,ENSEMBL:ENSECAG00000037484,4
10962,ENSEMBL:ENSSSCG00000032908,gene,PSMD7,4
10963,ENSEMBL:ENSECAG00000012882,gene,ENSEMBL:ENSECAG00000012882,4
10964,HP:0001298,phenotype,Encephalopathy,8
10965,ZP:0102940,phenotype,"anatomical region Kupffer's vesicle spatial pattern, abnormal",8
10966,ENSEMBL:ENSMODG00000002502,gene,ENSEMBL:ENSMODG00000002502,4
10967,ENSEMBL:ENSMODG00000015559,gene,ENSEMBL:ENSMODG00000015559,4
10968,ENSEMBL:ENSECAG00000035532,gene,ENSEMBL:ENSECAG00000035532,4
10969,Coriell:GM04853,biological artifact,NIGMS-GM04853,0
10970,WBPhenotype:0001411,phenotype,cuticle carbohydrate surface variant,8
10971,MP:0008111,phenotype,abnormal granulocyte differentiation,8
10972,ENSEMBL:ENSSSCG00000014252,gene,PRRC1,4
10973,ENSEMBL:ENSFCAG00000044541,gene,ENSEMBL:ENSFCAG00000044541,4
10974,ENSEMBL:ENSOANG00000050014,gene,ENSEMBL:ENSOANG00000050014,4
10975,ZP:0008450,phenotype,"neuromast hair cell cellular quality, abnormal",8
10976,Xenbase:XB-GENE-946065,gene,brf1,4
10977,ENSEMBL:ENSPTRG00000044616,gene,ENSEMBL:ENSPTRG00000044616,4
10978,ZFIN:ZDB-GENE-080204-7,gene,dnali1,4
10979,ENSEMBL:ENSMODG00000017906,gene,ENSEMBL:ENSMODG00000017906,4
10980,ZP:0006380,phenotype,"photoreceptor cell outer segment organization disrupted, abnormal",8
10981,MP:0000460,phenotype,mandible hypoplasia,8
10982,ENSEMBL:ENSMODG00000001681,gene,ENSEMBL:ENSMODG00000001681,4
10983,ZP:0006802,phenotype,"common cardinal vein congested, abnormal",8
10984,MP:0009117,phenotype,abnormal white fat cell morphology,8
10985,MP:0012532,phenotype,abnormal surface ectoderm morphology,8
10986,ENSEMBL:ENSCAFG00000008980,gene,ENSEMBL:ENSCAFG00000008980,4
10987,ZP:0000373,phenotype,"anterior commissure aplastic, abnormal",8
10988,HP:0040189,phenotype,Scaling skin,8
10989,PomBase:SPBC20F10.09,gene,lsm5,4
10990,ENSEMBL:ENSACAG00000011713,gene,ENSEMBL:ENSACAG00000011713,4
10991,HP:0001762,phenotype,Talipes equinovarus,8
10992,WBPhenotype:0001105,phenotype,P0 spindle position defective early emb,8
10993,WBPhenotype:0000274,phenotype,dead eggs laid,8
10994,MP:0010507,phenotype,shortened RR interval,8
10995,WormBase:WBGene00018271,gene,ctsa-1.1,4
10996,WBPhenotype:0000179,phenotype,neuron degeneration,8
10997,ZFIN:ZDB-GENE-000616-13,gene,appa,4
10998,EFO:0006896,phenotype,glucose homeostasis measurement,8
10999,RGD:2041,gene,Add1,4
11000,MP:0008699,phenotype,increased interleukin-4 secretion,8
11001,FlyBase:FBgn0023023,gene,CRMP,4
11002,MP:0008783,phenotype,decreased B cell apoptosis,8
11003,ZP:0009069,phenotype,"dorsal/ventral neural tube patterning disrupted, abnormal",8
11004,ZP:0002394,phenotype,"lens protruding out of eye, abnormal",8
11005,ZP:0020464,phenotype,"cranium increased occurrence apoptotic process, abnormal",8
11006,HP:0011642,phenotype,Abnormal coronary sinus morphology,8
11007,ZP:0000563,phenotype,"neutrophil decreased amount, abnormal",8
11008,SGD:S000003455,gene,HSV2,4
11009,WormBase:WBGene00000285,gene,cal-1,4
11010,HGNC:50546,gene,LINC01337,4
11011,HP:0002170,phenotype,Intracranial hemorrhage,8
11012,ZP:0019003,phenotype,"pronephric proximal straight tubule increased distribution, abnormal",8
11013,MP:0001689,phenotype,incomplete somite formation,8
11014,MONARCH:APO_0000041APO_0000117,phenotype,sporulation:normal,8
11015,ZP:0000826,phenotype,"cardiac muscle cell atrium increased amount, abnormal",8
11016,PomBase:SPAC19D5.04,gene,ptr1,4
11017,ENSEMBL:ENSPTRG00000009472,gene,ENSEMBL:ENSPTRG00000009472,4
11018,HP:0002133,phenotype,Status epilepticus,8
11019,SGD:S000000967,gene,PAB1,4
11020,HGNC:9559,gene,PSMD2,4
11021,MP:0004816,phenotype,abnormal class switch recombination,8
11022,FBcv:0000672,phenotype,abnormal endomitotic cell cycle,8
11023,ZFIN:ZDB-GENE-070912-105,gene,ftr95,4
11024,ENSEMBL:ENSECAG00000024766,gene,ENSEMBL:ENSECAG00000024766,4
11025,ZP:0103409,phenotype,"mating behavior process quality, abnormal",8
11026,HP:0011645,phenotype,Dilatation of the sinus of Valsalva,8
11027,ENSEMBL:ENSACAG00000005395,gene,ENSEMBL:ENSACAG00000005395,4
11028,HP:0010844,phenotype,EEG with multifocal slow activity,8
11029,MP:0010939,phenotype,abnormal mandibular prominence morphology,8
11030,Coriell:GM04819,biological artifact,NIGMS-GM04819,0
11031,WBPhenotype:0000651,phenotype,constipated,8
11032,WBPhenotype:0002567,phenotype,long-term associative olfactory memory defective,8
11033,ENSEMBL:ENSOANG00000010187,gene,ENSEMBL:ENSOANG00000010187,4
11034,ZP:0001332,phenotype,"neural plate increased width, abnormal",8
11035,ENSEMBL:ENSPTRG00000009177,gene,ENSEMBL:ENSPTRG00000009177,4
11036,MP:0002264,phenotype,abnormal bronchus morphology,8
11037,ENSEMBL:ENSPTRG00000013144,gene,ENSEMBL:ENSPTRG00000013144,4
11038,ENSEMBL:ENSACAG00000010161,gene,ENSEMBL:ENSACAG00000010161,4
11039,ENSEMBL:ENSFCAG00000027866,gene,ENSEMBL:ENSFCAG00000027866,4
11040,ENSEMBL:ENSMMUG00000037625,gene,ENSEMBL:ENSMMUG00000037625,4
11041,ZP:0003572,phenotype,"heart contraction decreased occurrence, abnormal",8
11042,WBPhenotype:0001445,phenotype,sodium acetate adaptation defective,8
11043,MP:0010383,phenotype,increased adenoma incidence,8
11044,MP:0006265,phenotype,increased pulse pressure,8
11045,ENSEMBL:ENSOANG00000038083,gene,ENSEMBL:ENSOANG00000038083,4
11046,dictyBase:DDB_G0271544,gene,DDB_G0271544,4
11047,MP:0010929,phenotype,increased osteoid thickness,8
11048,ZP:0001379,phenotype,"motor neuron brain increased amount, abnormal",8
11049,ENSEMBL:ENSMODG00000008139,gene,ENSEMBL:ENSMODG00000008139,4
11050,ENSEMBL:ENSECAG00000021995,gene,ENSEMBL:ENSECAG00000021995,4
11051,FlyBase:FBgn0038145,gene,Droj2,4
11052,MP:0002891,phenotype,increased insulin sensitivity,8
11053,ENSEMBL:ENSMODG00000013238,gene,ENSEMBL:ENSMODG00000013238,4
11054,WormBase:WBGene00009187,gene,F27D4.1,4
11055,ENSEMBL:ENSPTRG00000038721,gene,ENSEMBL:ENSPTRG00000038721,4
11056,MP:0013189,phenotype,abnormal exploration in a new environment,8
11057,ENSEMBL:ENSBTAG00000007399,gene,ENSEMBL:ENSBTAG00000007399,4
11058,ENSEMBL:ENSRNOG00000053118,gene,ENSEMBL:ENSRNOG00000053118,4
11059,Xenbase:XB-GENE-490910,gene,ranbp1,4
11060,MP:0020416,phenotype,decreased fibroblast chemotaxis,8
11061,ENSEMBL:ENSPTRG00000009768,gene,ENSEMBL:ENSPTRG00000009768,4
11062,HP:0001367,phenotype,Abnormal joint morphology,8
11063,MP:0008119,phenotype,decreased Langerhans cell number,8
11064,ENSEMBL:ENSMMUG00000060033,gene,ENSEMBL:ENSMMUG00000060033,4
11065,ENSEMBL:ENSFCAG00000005320,gene,ENSEMBL:ENSFCAG00000005320,4
11066,ZFIN:ZDB-GENE-081107-14,gene,znf451,4
11067,dictyBase:DDB_G0279549,gene,eif3G,4
11068,HP:0002922,phenotype,Increased CSF protein,8
11069,ENSEMBL:ENSCAFG00000000010,gene,CTDP1,4
11070,MGI:1916467,gene,Plekha4,4
11071,ZP:0138136,phenotype,"regulation of heart contraction decreased process quality, abnormal",8
11072,ZFIN:ZDB-GENE-030717-7,gene,msnb,4
11073,ENSEMBL:ENSMMUG00000014408,gene,ENSEMBL:ENSMMUG00000014408,4
11074,WormBase:WBGene00007001,gene,tufm-2,4
11075,GO:0005515,molecular function,protein binding,7
11076,Xenbase:XB-GENE-1007635,gene,nsmce3,4
11077,dbSNP:rs7685686,variant,rs7685686-A,10
11078,WBPhenotype:0001169,phenotype,pseudocleavage exaggerated early emb,8
11079,HP:0025321,phenotype,Copper accumulation in liver,8
11080,WormBase:WBGene00010684,gene,K08F9.1,4
11081,MGI:1277151,gene,Snca,4
11082,ENSEMBL:ENSPTRG00000050744,gene,ENSEMBL:ENSPTRG00000050744,4
11083,EFO:0002892,phenotype,thyroid carcinoma,8
11084,ENSEMBL:ENSACAG00000007327,gene,ENSEMBL:ENSACAG00000007327,4
11085,ENSEMBL:ENSMMUG00000001264,gene,ENSEMBL:ENSMMUG00000001264,4
11086,WBPhenotype:0001037,phenotype,sterile progeny,8
11087,GO:2001237,molecular function,negative regulation of extrinsic apoptotic signaling pathway,7
11088,MONARCH:APO_0000075APO_0000003,phenotype,endocytosis:decreased,8
11089,HP:0002904,phenotype,Hyperbilirubinemia,8
11090,ENSEMBL:ENSCAFG00000012067,gene,ENSEMBL:ENSCAFG00000012067,4
11091,HP:0000633,phenotype,Decreased lacrimation,8
11092,ENSEMBL:ENSGALG00000047380,gene,MICA,4
11093,WBPhenotype:0002082,phenotype,peptide uptake by intestinal cell decreased,8
11094,ENSEMBL:ENSECAG00000011835,gene,ENSEMBL:ENSECAG00000011835,4
11095,HP:0000490,phenotype,Deeply set eye,8
11096,ENSEMBL:ENSRNOG00000050630,gene,M0R660,4
11097,WBPhenotype:0002569,phenotype,hypodermis development variant,8
11098,HGNC:24500,gene,VIRMA,4
11099,ENSEMBL:ENSECAG00000006983,gene,ENSEMBL:ENSECAG00000006983,4
11100,ZFIN:ZDB-GENE-040426-990,gene,wdr45,4
11101,ZP:0018279,phenotype,"axon development process quality, abnormal",8
11102,HP:0001273,phenotype,Abnormal corpus callosum morphology,8
11103,ENSEMBL:ENSPTRG00000008616,gene,ENSEMBL:ENSPTRG00000008616,4
11104,RGD:62060,gene,Ogt,4
11105,MGI:97550,gene,Pfn2,4
11106,ENSEMBL:ENSMODG00000009818,gene,ENSEMBL:ENSMODG00000009818,4
11107,ENSEMBL:ENSMMUG00000008104,gene,ENSEMBL:ENSMMUG00000008104,4
11108,ENSEMBL:ENSPTRG00000013847,gene,ENSEMBL:ENSPTRG00000013847,4
11109,WBPhenotype:0000692,phenotype,male sterile,8
11110,MP:0002969,phenotype,impaired social transmission of food preference,8
11111,MP:0020533,phenotype,decreased pons size,8
11112,dictyBase:DDB_G0277851,gene,dymB,4
11113,SGD:S000002256,gene,SNU23,4
11114,MP:0008142,phenotype,decreased small intestinal villus size,8
11115,WBPhenotype:0000351,phenotype,failure to hatch,8
11116,PomBase:SPAC11G7.04,gene,ubi1,4
11117,HP:0005108,phenotype,Abnormality of the intervertebral disk,8
11118,WormBase:WBGene00007699,gene,C24H11.1,4
11119,FBcv:0000390,phenotype,hypoactive,8
11120,PomBase:SPAC23C11.04c,gene,pnk1,4
11121,MP:0001541,phenotype,abnormal osteoclast physiology,8
11122,MP:0001188,phenotype,hyperpigmentation,8
11123,ENSEMBL:ENSGALG00000014703,gene,PRRC1,4
11124,MP:0002123,phenotype,abnormal definitive hematopoiesis,8
11125,HP:0001640,phenotype,Cardiomegaly,8
11126,ENSEMBL:ENSMMUG00000021282,gene,ENSEMBL:ENSMMUG00000021282,4
11127,Coriell:GM01085,biological artifact,NIGMS-GM01085,0
11128,MP:0004618,phenotype,thoracic vertebral transformation,8
11129,Coriell:GM04868,biological artifact,NIGMS-GM04868,0
11130,WBPhenotype:0002287,phenotype,tail movement variant,8
11131,ZFIN:ZDB-GENE-141210-9,gene,csnk2a4,4
11132,WormBase:WBGene00006530,gene,tba-4,4
11133,ENSEMBL:ENSBTAG00000005239,gene,ENSEMBL:ENSBTAG00000005239,4
11134,EnsemblGenome:AT5G50870,gene,EnsemblGenome:AT5G50870,4
11135,MGI:95697,gene,Gfap,4
11136,WBPhenotype:0001864,phenotype,protein transport variant,8
11137,ENSEMBL:ENSACAG00000008136,gene,ENSEMBL:ENSACAG00000008136,4
11138,MP:0010160,phenotype,increased oligodendrocyte number,8
11139,ENSEMBL:ENSFCAG00000037922,gene,ENSEMBL:ENSFCAG00000037922,4
11140,ZP:0011457,phenotype,"larval locomotory behavior increased rate, abnormal",8
11141,WBPhenotype:0000052,phenotype,maternal effect lethal emb,8
11142,HP:0002070,phenotype,Limb ataxia,8
11143,MP:0005134,phenotype,decreased thyroid-stimulating hormone level,8
11144,HP:0010309,phenotype,Bifid sternum,8
11145,ENSEMBL:ENSGALG00000023847,gene,ENSEMBL:ENSGALG00000023847,4
11146,HP:0002093,phenotype,Respiratory insufficiency,8
11147,MP:0013666,phenotype,decreased immature NK cell number,8
11148,MGI:1913208,gene,Carm1,4
11149,HP:0005518,phenotype,Increased mean corpuscular volume,8
11150,MP:0005319,phenotype,abnormal enzyme/coenzyme level,8
11151,ENSEMBL:ENSGALG00000011705,gene,ENSEMBL:ENSGALG00000011705,4
11152,MP:0020040,phenotype,decreased bone ossification,8
11153,ENSEMBL:ENSMODG00000010543,gene,ENSEMBL:ENSMODG00000010543,4
11154,ClinVarVariant:31915,variant,NM_002111.8(HTT):c.52CAG[(27_35)] (p.Gln18_Gln38delinsGlnGlnGlnGlnGlnGlnGlnGlnGlnGlnGlnGlnGlnGlnGlnGlnGlnGlnGlnGlnGlnGlnGlnGlnGlnGlnGln),10
11155,MP:0011108,phenotype,"embryonic lethality during organogenesis, incomplete penetrance",8
11156,ENSEMBL:ENSECAG00000022119,gene,ENSEMBL:ENSECAG00000022119,4
11157,1494,drug,fluostigmine,3
11158,HP:0002058,phenotype,Myopathic facies,8
11159,ZP:0008910,phenotype,"pharyngeal arch decreased amount, abnormal",8
11160,MP:0002161,phenotype,abnormal fertility/fecundity,8
11161,SGD:S000004848,gene,RNA1,4
11162,ENSEMBL:ENSOANG00000013534,gene,ENSEMBL:ENSOANG00000013534,4
11163,ENSEMBL:ENSPTRG00000001203,gene,ENSEMBL:ENSPTRG00000001203,4
11164,Xenbase:XB-GENE-941589,gene,vat1,4
11165,EFO:0004343,phenotype,waist-hip ratio,8
11166,ENSEMBL:ENSMMUG00000019902,gene,ENSEMBL:ENSMMUG00000019902,4
11167,ENSEMBL:ENSMODG00000011702,gene,ENSEMBL:ENSMODG00000011702,4
11168,WBPhenotype:0001478,phenotype,body elongation variant,8
11169,MP:0004180,phenotype,failure of initiation of embryo turning,8
11170,SGD:S000005021,gene,APJ1,4
11171,HGNC:7993,gene,NRBP1,4
11172,MP:0012089,phenotype,decreased midbrain size,8
11173,ZFIN:ZDB-GENE-990415-131,gene,htt,4
11174,dictyBase:DDB_G0285375,gene,atg18,4
11175,MP:0008496,phenotype,decreased IgG2a level,8
11176,HP:0000218,phenotype,High palate,8
11177,dictyBase:DDB_G0292550,gene,DDB_G0292550,4
11178,FlyBase:FBgn0029830,gene,Grip,4
11179,HP:0010663,phenotype,Abnormality of thalamus morphology,8
11180,MONARCH:APO_0000205APO_0000003,phenotype,ionic stress resistance:decreased,8
11181,ZFIN:ZDB-GENE-040426-1043,gene,nme4,4
11182,HP:0002167,phenotype,Neurological speech impairment,8
11183,PomBase:SPAC767.01c,gene,vps1,4
11184,HP:0001395,phenotype,Hepatic fibrosis,8
11185,MP:0000864,phenotype,abnormal cerebellum vermis morphology,8
11186,ENSEMBL:ENSCAFG00000045102,gene,A0A5F4DIN2,4
11187,WormBase:WBGene00021983,gene,npr-5,4
11188,MP:0008209,phenotype,decreased pre-B cell number,8
11189,607,drug,chloroquine,3
11190,dictyBase:DDB_G0280017,gene,DDB0218210,4
11191,ENSEMBL:ENSMODG00000003663,gene,ENSEMBL:ENSMODG00000003663,4
11192,MP:0009538,phenotype,abnormal synapse morphology,8
11193,ENSEMBL:ENSMMUG00000012054,gene,ENSEMBL:ENSMMUG00000012054,4
11194,ZP:0009415,phenotype,"atrium mislocalised, abnormal",8
11195,ENSEMBL:ENSSSCG00000004958,gene,PIAS1,4
11196,GO:0002039,molecular function,p53 binding,7
11197,MP:0011110,phenotype,"preweaning lethality, incomplete penetrance",8
11198,ENSEMBL:ENSMODG00000018204,gene,ENSEMBL:ENSMODG00000018204,4
11199,WBPhenotype:0000414,phenotype,cell fate transformation,8
11200,HP:0002300,phenotype,Mutism,8
11201,Xenbase:XB-GENE-484391,gene,pfkp,4
11202,FlyBase:FBgn0029856,gene,CG11700,4
11203,ENSEMBL:ENSACAG00000024081,gene,ENSEMBL:ENSACAG00000024081,4
11204,Coriell:GM05530,biological artifact,NIGMS-GM05530,0
11205,ZP:0010888,phenotype,"eye increased process quality apoptotic process, abnormal",8
11206,ZP:0100481,phenotype,"lateral region shield absent, abnormal",8
11207,HP:3000047,phenotype,Abnormal glossopharyngeal nerve morphology,8
11208,PomBase:SPAC3C7.12,gene,tip1,4
11209,ZP:0000532,phenotype,"heart increased size, abnormal",8
11210,HP:0003808,phenotype,Abnormal muscle tone,8
11211,ENSEMBL:ENSOANG00000003787,gene,ENSEMBL:ENSOANG00000003787,4
11212,MP:0010504,phenotype,abnormal RR interval,8
11213,WormBase:WBGene00000102,gene,akt-1,4
11214,RGD:1309400,gene,Ift20,4
11215,WormBase:WBGene00010922,gene,M142.5,4
11216,RGD:1595923,gene,RT1-A2,4
11217,4055,drug,baicalin,3
11218,ENSEMBL:ENSGALG00000011426,gene,ENSEMBL:ENSGALG00000011426,4
11219,1821,drug,mitoxantrone,3
11220,ENSEMBL:ENSGALG00000041641,gene,ENSEMBL:ENSGALG00000041641,4
11221,HP:0002615,phenotype,Hypotension,8
11222,MGI:95912,gene,H2-L,4
11223,MP:0009353,phenotype,twin decidual capsule,8
11224,MP:0013615,phenotype,increased volumetric bone mineral density,8
11225,ENSEMBL:ENSMODG00000018750,gene,ENSEMBL:ENSMODG00000018750,4
11226,HP:0030769,phenotype,Exencephaly,8
11227,dbSNP:rs363066,variant,rs363066-G,10
11228,ENSEMBL:ENSOANG00000047427,gene,ENSEMBL:ENSOANG00000047427,4
11229,ZFIN:ZDB-GENE-041014-307,gene,ipo4,4
11230,HP:0000126,phenotype,Hydronephrosis,8
11231,ENSEMBL:ENSFCAG00000004930,gene,ENSEMBL:ENSFCAG00000004930,4
11232,HP:0002266,phenotype,Focal clonic seizure,8
11233,MONARCH:APO_0000222APO_0000004,phenotype,chemical compound excretion:increased,8
11234,MP:0005596,phenotype,increased susceptibility to type I hypersensitivity reaction,8
11235,HP:0200037,phenotype,Skin vesicle,8
11236,ZP:0000115,phenotype,"nervous system quality, abnormal",8
11237,5442,drug,trilaciclib,3
11238,Xenbase:XB-GENE-856240,gene,kdm5b,4
11239,ENSEMBL:ENSSSCG00000004190,gene,STX7,4
11240,FlyBase:FBgn0265297,gene,pAbp,4
11241,ENSEMBL:ENSECAG00000021615,gene,ENSEMBL:ENSECAG00000021615,4
11242,ENSEMBL:ENSBTAG00000020441,gene,ENSEMBL:ENSBTAG00000020441,4
11243,ENSEMBL:ENSFCAG00000008729,gene,ENSEMBL:ENSFCAG00000008729,4
11244,ENSEMBL:ENSMMUG00000018719,gene,ENSEMBL:ENSMMUG00000018719,4
11245,ENSEMBL:ENSPTRG00000048762,gene,ENSEMBL:ENSPTRG00000048762,4
11246,HP:0000718,phenotype,Aggressive behavior,8
11247,ZP:0137809,phenotype,"pharyngeal mesoderm increased distribution, abnormal",8
11248,HP:0004944,phenotype,Dilatation of the cerebral artery,8
11249,ENSEMBL:ENSBTAG00000000902,gene,ENSEMBL:ENSBTAG00000000902,4
11250,ENSEMBL:ENSBTAG00000011916,gene,ENSEMBL:ENSBTAG00000011916,4
11251,FlyBase:FBgn0283427,gene,FASN1,4
11252,ENSEMBL:ENSFCAG00000027002,gene,ENSEMBL:ENSFCAG00000027002,4
11253,MP:0003793,phenotype,abnormal submandibular gland morphology,8
11254,MP:0008813,phenotype,decreased common myeloid progenitor cell number,8
11255,ENSEMBL:ENSECAG00000018600,gene,ENSEMBL:ENSECAG00000018600,4
11256,MP:0000830,phenotype,abnormal diencephalon morphology,8
11257,ZP:0002075,phenotype,"amacrine cell decreased amount, abnormal",8
11258,WBPhenotype:0001184,phenotype,fat content increased,8
11259,MGI:1096584,gene,Psmd2,4
11260,ENSEMBL:ENSCAFG00000000444,gene,FLOT1,4
11261,ZP:0000377,phenotype,"endocardial cushion hyperplastic, abnormal",8
11262,ZFIN:ZDB-GENE-031113-1,gene,aclya,4
11263,MP:0000692,phenotype,small spleen,8
11264,ENSEMBL:ENSOANG00000048044,gene,ENSEMBL:ENSOANG00000048044,4
11265,MP:0000812,phenotype,abnormal dentate gyrus morphology,8
11266,RGD:1595850,gene,RT1-N2,4
11267,ENSEMBL:ENSACAG00000009914,gene,ENSEMBL:ENSACAG00000009914,4
11268,ENSEMBL:ENSBTAG00000049812,gene,ENSEMBL:ENSBTAG00000049812,4
11269,ZP:0007315,phenotype,"dopaminergic neuron pretectum decreased amount, abnormal",8
11270,HP:0031845,phenotype,Abnormal libido,8
11271,HGNC:23817,gene,CNOT10,4
11272,ENSEMBL:ENSACAG00000015738,gene,ENSEMBL:ENSACAG00000015738,4
11273,MP:0003989,phenotype,abnormal barrel cortex morphology,8
11274,HGNC:10011,gene,RHEB,4
11275,ENSEMBL:ENSMODG00000051240,gene,ENSEMBL:ENSMODG00000051240,4
11276,ENSEMBL:ENSSSCG00000017379,gene,ENSEMBL:ENSSSCG00000017379,4
11277,NCBIGene:100496639,gene,LOC100496639,4
11278,ENSEMBL:ENSMODG00000018027,gene,ENSEMBL:ENSMODG00000018027,4
11279,ENSEMBL:ENSGALG00000001593,gene,ENSEMBL:ENSGALG00000001593,4
11280,ZP:0100539,phenotype,"rhombomere 6 has fewer parts of type motor neuron facial nerve motor nucleus, abnormal",8
11281,HGNC:6746,gene,NBR1,4
11282,MP:0020473,phenotype,abnormal circadian behavior phase,8
11283,ENSEMBL:ENSOANG00000008322,gene,ENSEMBL:ENSOANG00000008322,4
11284,HP:0000110,phenotype,Renal dysplasia,8
11285,FlyBase:FBgn0029176,gene,eEF1gamma,4
11286,HGNC:9154,gene,PNKP,4
11287,MGI:1344372,gene,Rbck1,4
11288,FlyBase:FBgn0041100,gene,park,4
11289,HP:0000518,phenotype,Cataract,8
11290,ENSEMBL:ENSCAFG00000011032,gene,A0A5F4D839,4
11291,ENSEMBL:ENSFCAG00000028210,gene,ENSEMBL:ENSFCAG00000028210,4
11292,ENSEMBL:ENSMODG00000002680,gene,ENSEMBL:ENSMODG00000002680,4
11293,MP:0009712,phenotype,impaired conditioned place preference behavior,8
11294,dictyBase:DDB_G0283857,gene,lig3,4
11295,ZP:0005094,phenotype,"mitotic cell cycle arrest increased occurrence, abnormal",8
11296,ENSEMBL:ENSCAFG00000019251,gene,ENSEMBL:ENSCAFG00000019251,4
11297,ENSEMBL:ENSGALG00000009433,gene,ENSEMBL:ENSGALG00000009433,4
11298,ENSEMBL:ENSPTRG00000005243,gene,ENSEMBL:ENSPTRG00000005243,4
11299,MP:0011496,phenotype,abnormal head size,8
11300,MP:0000929,phenotype,open neural tube,8
11301,ENSEMBL:ENSOANG00000043454,gene,ENSEMBL:ENSOANG00000043454,4
11302,HP:0001744,phenotype,Splenomegaly,8
11303,ZFIN:ZDB-GENE-160728-129,gene,kif9,4
11304,ENSEMBL:ENSMMUG00000006942,gene,ENSEMBL:ENSMMUG00000006942,4
11305,SGD:S000004998,gene,MSG5,4
11306,HP:0012810,phenotype,Wide nasal base,8
11307,MP:0008160,phenotype,increased diameter of humerus,8
11308,SGD:S000003280,gene,UFD1,4
11309,ENSEMBL:ENSFCAG00000032411,gene,ENSEMBL:ENSFCAG00000032411,4
11310,ENSEMBL:ENSPTRG00000048969,gene,ENSEMBL:ENSPTRG00000048969,4
11311,ENSEMBL:ENSFCAG00000000686,gene,ENSEMBL:ENSFCAG00000000686,4
11312,MP:0009713,phenotype,enhanced conditioned place preference behavior,8
11313,MP:0000352,phenotype,decreased cell proliferation,8
11314,ZP:0000536,phenotype,"cranial vasculature broken, abnormal",8
11315,ENSEMBL:ENSMMUG00000001739,gene,ENSEMBL:ENSMMUG00000001739,4
11316,WBPhenotype:0001036,phenotype,sterile F1,8
11317,ENSEMBL:ENSOANG00000003398,gene,ENSEMBL:ENSOANG00000003398,4
11318,MGI:1860283,gene,Ubqln2,4
11319,dictyBase:DDB_G0289193,gene,H2Av2,4
11320,ENSEMBL:ENSFCAG00000012862,gene,ENSEMBL:ENSFCAG00000012862,4
11321,FlyBase:FBgn0000439,gene,Dfd,4
11322,ENSEMBL:ENSPTRG00000013890,gene,ENSEMBL:ENSPTRG00000013890,4
11323,ENSEMBL:ENSPTRG00000011966,gene,ENSEMBL:ENSPTRG00000011966,4
11324,ENSEMBL:ENSCAFG00000009240,gene,VIRMA,4
11325,MP:0008212,phenotype,absent mature B cells,8
11326,ENSEMBL:ENSFCAG00000043336,gene,ENSEMBL:ENSFCAG00000043336,4
11327,FBcv:0002041,phenotype,some die during embryonic stage,8
11328,MP:0005070,phenotype,impaired natural killer cell mediated cytotoxicity,8
11329,RGD:2016,gene,Acat1,4
11330,ZP:0000269,phenotype,"Meckel's cartilage morphology, abnormal",8
11331,WBPhenotype:0000925,phenotype,sex muscle morphology variant,8
11332,ENSEMBL:ENSACAG00000009222,gene,ENSEMBL:ENSACAG00000009222,4
11333,MGI:1917446,gene,Actr1b,4
11334,Xenbase:XB-GENE-994068,gene,kpnb1,4
11335,dbSNP:rs363092,variant,rs363092-A,10
11336,MP:0005171,phenotype,absent coat pigmentation,8
11337,MP:0000733,phenotype,abnormal muscle development,8
11338,HP:0009811,phenotype,Abnormality of the elbow,8
11339,ZFIN:ZDB-GENE-040426-1948,gene,zgc:56095,4
11340,ZP:0007683,phenotype,"axon secondary motor neuron morphology, abnormal",8
11341,ZP:0137227,phenotype,"neuron projection CaP motoneuron decreased amount, abnormal",8
11342,MP:0030263,phenotype,cranial bossing,8
11343,Xenbase:XB-GENE-971842,gene,usp14,4
11344,ZP:0008881,phenotype,"double-strand break repair via homologous recombination increased frequency, abnormal",8
11345,MP:0010741,phenotype,abnormal melanocyte proliferation,8
11346,MGI:2387633,gene,Haus3,4
11347,WBPhenotype:0000859,phenotype,excretory socket cell development variant,8
11348,MP:0013986,phenotype,abnormal vitelline vein topology,8
11349,WBPhenotype:0001975,phenotype,germ cell compartment large,8
11350,ENSEMBL:ENSMODG00000002058,gene,ENSEMBL:ENSMODG00000002058,4
11351,MGI:1916106,gene,Prrc1,4
11352,ENSEMBL:ENSPTRG00000007076,gene,ENSEMBL:ENSPTRG00000007076,4
11353,ZP:0000040,phenotype,"yolk quality, abnormal",8
11354,ZP:0014819,phenotype,"growth decreased process quality, abnormal",8
11355,MONARCH:APO_0000109APO_0000003,phenotype,survival rate in stationary phase:decreased,8
11356,ENSEMBL:ENSCAFG00000013918,gene,SLC2A3,4
11357,WBPhenotype:0001941,phenotype,rachis narrow,8
11358,HP:0025512,phenotype,Skin-colored papule,8
11359,RGD:1308381,gene,Map3k10,4
11360,WBPhenotype:0000011,phenotype,drug resistant,8
11361,MP:0003887,phenotype,increased hepatocyte apoptosis,8
11362,MP:0020351,phenotype,decreased vocalization,8
11363,ENSEMBL:ENSSSCG00000023522,gene,TGM2,4
11364,MP:0002113,phenotype,abnormal skeleton development,8
11365,HGNC:5246,gene,HSPB1,4
11366,MP:0010101,phenotype,increased sacral vertebrae number,8
11367,ZP:0004432,phenotype,"vasculature morphology, abnormal",8
11368,ENSEMBL:ENSMODG00000013493,gene,ENSEMBL:ENSMODG00000013493,4
11369,ENSEMBL:ENSBTAG00000009960,gene,ENSEMBL:ENSBTAG00000009960,4
11370,Coriell:GM04687,biological artifact,NIGMS-GM04687,0
11371,PomBase:SPAC922.06,gene,SPAC922.06,4
11372,ENSEMBL:ENSFCAG00000026276,gene,ENSEMBL:ENSFCAG00000026276,4
11373,WBPhenotype:0001226,phenotype,commissure variant,8
11374,ENSEMBL:ENSBTAG00000005607,gene,ENSEMBL:ENSBTAG00000005607,4
11375,HGNC:2498,gene,CTDP1,4
11376,ENSEMBL:ENSBTAG00000050655,gene,ENSEMBL:ENSBTAG00000050655,4
11377,HP:0002353,phenotype,EEG abnormality,8
11378,WBPhenotype:0002347,phenotype,forward locomotion decreased,8
11379,SGD:S000002817,gene,SIZ1,4
11380,ZP:0007674,phenotype,"swimming process quality, abnormal",8
11381,ENSEMBL:ENSFCAG00000003182,gene,ENSEMBL:ENSFCAG00000003182,4
11382,ZP:0000222,phenotype,"heart looping disrupted, abnormal",8
11383,MP:0010933,phenotype,decreased trabecular bone connectivity density,8
11384,ENSEMBL:ENSSSCG00000027100,gene,ENSEMBL:ENSSSCG00000027100,4
11385,MP:0006386,phenotype,absent somites,8
11386,ENSEMBL:ENSMMUG00000016827,gene,ENSEMBL:ENSMMUG00000016827,4
11387,MP:0002971,phenotype,abnormal brown adipose tissue morphology,8
11388,dictyBase:DDB_G0272098,gene,DDB_G0272098,4
11389,ZFIN:ZDB-GENE-030131-6018,gene,hspa4b,4
11390,WBPhenotype:0000219,phenotype,vulval cell induction reduced,8
11391,ZFIN:ZDB-GENE-040426-1076,gene,eif3g,4
11392,ENSEMBL:ENSFCAG00000029683,gene,ENSEMBL:ENSFCAG00000029683,4
11393,ENSEMBL:ENSOANG00000001605,gene,ENSEMBL:ENSOANG00000001605,4
11394,ENSEMBL:ENSPTRG00000047939,gene,ENSEMBL:ENSPTRG00000047939,4
11395,ZP:0002606,phenotype,"post-vent region curled, abnormal",8
11396,ENSEMBL:ENSMMUG00000012559,gene,ENSEMBL:ENSMMUG00000012559,4
11397,MP:0000164,phenotype,abnormal cartilage development,8
11398,ENSEMBL:ENSFCAG00000027737,gene,ENSEMBL:ENSFCAG00000027737,4
11399,ZP:0011205,phenotype,"cerebellum hypoplastic, abnormal",8
11400,Coriell:GM04849,biological artifact,NIGMS-GM04849,0
11401,EnsemblGenome:AT4G09720,gene,EnsemblGenome:AT4G09720,4
11402,ZP:0002913,phenotype,"intersegmental vessel unlumenized, abnormal",8
11403,ENSEMBL:ENSRNOG00000048704,gene,E9PTV9,4
11404,ENSEMBL:ENSFCAG00000007327,gene,ENSEMBL:ENSFCAG00000007327,4
11405,ZP:0001794,phenotype,"intestine decreased size, abnormal",8
11406,ZP:0018338,phenotype,"axon facial ganglion malformed, abnormal",8
11407,SGD:S000000445,gene,VVS1,4
11408,ENSEMBL:ENSACAG00000002295,gene,ENSEMBL:ENSACAG00000002295,4
11409,ENSEMBL:ENSGALG00000012159,gene,ENSEMBL:ENSGALG00000012159,4
11410,Xenbase:XB-GENE-995030,gene,add1,4
11411,ENSEMBL:ENSPTRG00000007266,gene,ENSEMBL:ENSPTRG00000007266,4
11412,ENSEMBL:ENSMODG00000005141,gene,ENSEMBL:ENSMODG00000005141,4
11413,ENSEMBL:ENSOANG00000013803,gene,ENSEMBL:ENSOANG00000013803,4
11414,ENSEMBL:ENSMODG00000008558,gene,ENSEMBL:ENSMODG00000008558,4
11415,ENSEMBL:ENSCAFG00000008828,gene,J9PAM4,4
11416,ZP:0138139,phenotype,"trabecular layer of the atrium increased thickness, abnormal",8
11417,ENSEMBL:ENSPTRG00000006197,gene,ENSEMBL:ENSPTRG00000006197,4
11418,ENSEMBL:ENSPTRG00000034182,gene,ENSEMBL:ENSPTRG00000034182,4
11419,ZP:0000574,phenotype,"central nervous system development disrupted, abnormal",8
11420,ZFIN:ZDB-GENE-010131-2,gene,cdk5,4
11421,ZP:0000333,phenotype,"determination of left/right symmetry disrupted, abnormal",8
11422,ENSEMBL:ENSCAFG00000041690,gene,ENSEMBL:ENSCAFG00000041690,4
11423,MP:0010398,phenotype,decreased liver glycogen level,8
11424,ENSEMBL:ENSPTRG00000017238,gene,ENSEMBL:ENSPTRG00000017238,4
11425,ENSEMBL:ENSMODG00000023523,gene,ENSEMBL:ENSMODG00000023523,4
11426,ZP:0004624,phenotype,"cardiac conduction disrupted, abnormal",8
11427,MP:0005478,phenotype,decreased circulating thyroxine level,8
11428,HP:0008947,phenotype,Infantile muscular hypotonia,8
11429,ZP:0016808,phenotype,"heart hypertrophic, abnormal",8
11430,MGI:1349723,gene,Pabpc2,4
11431,RGD:1595256,gene,Sumo4,4
11432,ZP:0003837,phenotype,"mitochondrion brain swollen, abnormal",8
11433,Xenbase:XB-GENE-973579,gene,mgc89871,4
11434,MGI:4437302,genotype,Tg(GFAP-HTT*160Q)31Xjl [either: (involves: FVB/NCrl) or (involves: C3H * C57BL/6 * FVB/NCrl)],6
11435,MGI:1347070,gene,Psma7,4
11436,HP:0032059,phenotype,Mild malformation of cortical development,8
11437,FlyBase:FBgn0042627,gene,FASN2,4
11438,MP:0000255,phenotype,blood vessel congestion,8
11439,WBPhenotype:0000099,phenotype,P lineages variant,8
11440,HP:0002032,phenotype,Esophageal atresia,8
11441,ENSEMBL:ENSMMUG00000012474,gene,ENSEMBL:ENSMMUG00000012474,4
11442,ZP:0103453,phenotype,"angiogenic sprout central artery decreased branchiness, abnormal",8
11443,ENSEMBL:ENSECAG00000001231,gene,ENSEMBL:ENSECAG00000001231,4
11444,EnsemblGenome:BAA15728,gene,EnsemblGenome:BAA15728,4
11445,ENSEMBL:ENSRNOG00000024217,gene,F1M8P6,4
11446,MP:0008428,phenotype,abnormal spatial working memory,8
11447,ENSEMBL:ENSFCAG00000023992,gene,ENSEMBL:ENSFCAG00000023992,4
11448,ZP:0009310,phenotype,"synapse maturation disrupted, abnormal",8
11449,ZP:0000344,phenotype,"epiphysis increased size, abnormal",8
11450,WBPhenotype:0000022,phenotype,long,8
11451,ENSEMBL:ENSGALG00000000314,gene,A0A1L1RUS3,4
11452,ZP:0006473,phenotype,"hindbrain decreased length, abnormal",8
11453,EFO:0006335,phenotype,systolic blood pressure,8
11454,MP:0004096,phenotype,abnormal midbrain-hindbrain boundary development,8
11455,ZP:0101899,phenotype,"neuron projection facial nerve motor nucleus increased amount, abnormal",8
11456,WBPhenotype:0000469,phenotype,Q neuroblast lineage migration variant,8
11457,ZP:0018482,phenotype,"regulation of synaptic transmission, cholinergic decreased process quality, abnormal",8
11458,dictyBase:DDB_G0283769,gene,HBS1,4
11459,654,drug,cinnarizine,3
11460,ZP:0000062,phenotype,"palatoquadrate cartilage decreased size, abnormal",8
11461,HGNC:11442,gene,STX7,4
11462,RGD:1593284,gene,Hspa1a,4
11463,ENSEMBL:ENSMMUG00000015529,gene,ENSEMBL:ENSMMUG00000015529,4
11464,Xenbase:XB-GENE-489955,gene,rangap1,4
11465,Xenbase:XB-GENE-6033591,gene,zscan2,4
11466,MP:0004957,phenotype,abnormal blastocyst morphology,8
11467,dictyBase:DDB_G0271350,gene,DDB_G0271350,4
11468,WBPhenotype:0000127,phenotype,dauer recovery variant,8
11469,3157,drug,diosmin,3
11470,ZP:0003474,phenotype,"heart rudiment development disrupted, abnormal",8
11471,ZP:0000319,phenotype,"brain hydrocephalic, abnormal",8
11472,HGNC:7878,gene,CNOT2,4
11473,MP:0001392,phenotype,abnormal locomotor behavior,8
11474,ENSEMBL:ENSMMUG00000014701,gene,ENSEMBL:ENSMMUG00000014701,4
11475,MP:0000168,phenotype,abnormal bone marrow development,8
11476,ENSEMBL:ENSSSCG00000012913,gene,PPP1CA,4
11477,HP:0012153,phenotype,Hypotriglyceridemia,8
11478,PomBase:SPBC409.05,gene,skp1,4
11479,ENSEMBL:ENSPTRG00000016940,gene,ENSEMBL:ENSPTRG00000016940,4
11480,ZP:0017123,phenotype,"atrium size, abnormal",8
11481,ZP:0006335,phenotype,"cell eye apoptotic, abnormal",8
11482,HP:0000248,phenotype,Brachycephaly,8
11483,MP:0006030,phenotype,abnormal otic vesicle development,8
11484,HGNC:11551,gene,BRF1,4
11485,MGI:2157525,gene,Dppa4,4
11486,ENSEMBL:ENSECAG00000005203,gene,ENSEMBL:ENSECAG00000005203,4
11487,ENSEMBL:ENSCAFG00000012608,gene,ENSEMBL:ENSCAFG00000012608,4
11488,ENSEMBL:ENSSSCG00000022655,gene,ENSEMBL:ENSSSCG00000022655,4
11489,RGD:2643,gene,Xrcc6,4
11490,ZP:0019157,phenotype,"eye photoreceptor cell decreased distribution, abnormal",8
11491,ENSEMBL:ENSPTRG00000052040,gene,ENSEMBL:ENSPTRG00000052040,4
11492,RGD:1309836,gene,Med21,4
11493,WBPhenotype:0002310,phenotype,pausing increased,8
11494,ENSEMBL:ENSECAG00000010380,gene,ENSEMBL:ENSECAG00000010380,4
11495,ENSEMBL:ENSPTRG00000018796,gene,ENSEMBL:ENSPTRG00000018796,4
11496,MP:0011009,phenotype,increased circulating glutamate dehydrogenase level,8
11497,ENSEMBL:ENSGALG00000041746,gene,ENSEMBL:ENSGALG00000041746,4
11498,MGI:5298850,genotype,Tg(YAC18)18Hay [involves: FVB/N],6
11499,MP:0005587,phenotype,abnormal Meckel's cartilage morphology,8
11500,MP:0002566,phenotype,abnormal sexual interaction,8
11501,2351,drug,raloxifene,3
11502,ENSEMBL:ENSSSCG00000006983,gene,ENSEMBL:ENSSSCG00000006983,4
11503,WormBase:WBGene00004275,gene,rab-11.2,4
11504,ENSEMBL:ENSBTAG00000012040,gene,GIT1,4
11505,ENSEMBL:ENSPTRG00000011260,gene,ENSEMBL:ENSPTRG00000011260,4
11506,HP:0002475,phenotype,Myelomeningocele,8
11507,dictyBase:DDB_G0279305,gene,rsmJ,4
11508,ENSEMBL:ENSFCAG00000002758,gene,ENSEMBL:ENSFCAG00000002758,4
11509,MONARCH:APO_0000085APO_0000117,phenotype,UV resistance:normal,8
11510,MP:0001800,phenotype,abnormal humoral immune response,8
11511,MGI:98888,gene,Ubb,4
11512,ENSEMBL:ENSMMUG00000008202,gene,ENSEMBL:ENSMMUG00000008202,4
11513,MONARCH:APO_0000046APO_0000003,phenotype,silencing:decreased,8
11514,ZP:0003841,phenotype,"mitochondrion spinal cord swollen, abnormal",8
11515,MP:0005537,phenotype,abnormal cerebral aqueduct morphology,8
11516,MGI:97314,gene,Nefm,4
11517,ENSEMBL:ENSOANG00000040570,gene,ENSEMBL:ENSOANG00000040570,4
11518,ZP:0008446,phenotype,"hair cell anterior macula has extra parts of type multivesicular body hair cell anterior macula, abnormal",8
11519,ZP:0000340,phenotype,"embryonic eye morphogenesis disrupted, abnormal",8
11520,dbSNP:rs362272,variant,rs362272-A,10
11521,dictyBase:DDB_G0270412,gene,DDB0191041,4
11522,ENSEMBL:ENSBTAG00000000560,gene,G3MXR5,4
11523,MP:0010875,phenotype,increased bone volume,8
11524,MP:0001011,phenotype,abnormal superior cervical ganglion morphology,8
11525,ENSEMBL:ENSOANG00000010721,gene,ENSEMBL:ENSOANG00000010721,4
11526,MP:0003236,phenotype,abnormal lens capsule morphology,8
11527,HP:0005372,phenotype,Abnormality of B cell physiology,8
11528,ENSEMBL:ENSACAG00000012824,gene,ENSEMBL:ENSACAG00000012824,4
11529,HGNC:9534,gene,PSMA5,4
11530,WBPhenotype:0000541,phenotype,cord commissures fail to reach target,8
11531,WBPhenotype:0000249,phenotype,osmotic avoidance defective,8
11532,MONARCH:APO_0000105APO_0000005,phenotype,mitochondrial genome maintenance:absent,8
11533,MP:0006097,phenotype,abnormal cerebellar lobule formation,8
11534,ENSEMBL:ENSMMUG00000019812,gene,ENSEMBL:ENSMMUG00000019812,4
11535,MP:0009780,phenotype,abnormal chondrocyte physiology,8
11536,ZP:0104784,phenotype,"thigmotaxis delayed, abnormal",8
11537,WBPhenotype:0001310,phenotype,neuron positioning variant,8
11538,ENSEMBL:ENSMMUG00000012723,gene,ENSEMBL:ENSMMUG00000012723,4
11539,dictyBase:DDB_G0289507,gene,act25,4
11540,ENSEMBL:ENSPTRG00000033764,gene,ENSEMBL:ENSPTRG00000033764,4
11541,ENSEMBL:ENSFCAG00000001810,gene,ENSEMBL:ENSFCAG00000001810,4
11542,ENSEMBL:ENSMODG00000010491,gene,ENSEMBL:ENSMODG00000010491,4
11543,ENSEMBL:ENSACAG00000026863,gene,ENSEMBL:ENSACAG00000026863,4
11544,HP:0000819,phenotype,Diabetes mellitus,8
11545,ZP:0006859,phenotype,"developmental growth process quality, abnormal",8
11546,ENSEMBL:ENSMODG00000015222,gene,ENSEMBL:ENSMODG00000015222,4
11547,ENSEMBL:ENSSSCG00000041318,gene,ENSEMBL:ENSSSCG00000041318,4
11548,FlyBase:FBgn0028694,gene,Rpn11,4
11549,dictyBase:DDB_G0272917,gene,dictyBase:DDB_G0272917,4
11550,MP:0020083,phenotype,decreased hippocampus volume,8
11551,Xenbase:XB-GENE-922358,gene,herpud1,4
11552,MGI:2159601,gene,Syt12,4
11553,FBcv:0000375,phenotype,semi-fertile,8
11554,MP:0003055,phenotype,abnormal long bone epiphyseal plate morphology,8
11555,ENSEMBL:ENSBTAG00000012048,gene,CARM1,4
11556,ZP:0001631,phenotype,"notochord decreased length, abnormal",8
11557,ENSEMBL:ENSSSCG00000016128,gene,EEF1B2,4
11558,2080,drug,penfluridol,3
11559,MGI:1349409,gene,Cops3,4
11560,ENSEMBL:ENSGALG00000011128,gene,ENSEMBL:ENSGALG00000011128,4
11561,dictyBase:DDB_G0281703,gene,nedd8l1,4
11562,ENSEMBL:ENSACAG00000012743,gene,ENSEMBL:ENSACAG00000012743,4
11563,ZP:0006599,phenotype,"dorsal aorta absent, abnormal",8
11564,ENSEMBL:ENSPTRG00000003768,gene,ENSEMBL:ENSPTRG00000003768,4
11565,ENSEMBL:ENSOANG00000047320,gene,ENSEMBL:ENSOANG00000047320,4
11566,dictyBase:DDB_G0282161,gene,DDB0205163,4
11567,ZP:0000583,phenotype,"caudal fin curled, abnormal",8
11568,ENSEMBL:ENSCAFG00000010013,gene,ENSEMBL:ENSCAFG00000010013,4
11569,ENSEMBL:ENSMODG00000019272,gene,ENSEMBL:ENSMODG00000019272,4
11570,MP:0006054,phenotype,spinal hemorrhage,8
11571,MP:0001008,phenotype,abnormal sympathetic ganglion morphology,8
11572,ENSEMBL:ENSBTAG00000006202,gene,ST13,4
11573,MP:0010239,phenotype,decreased skeletal muscle weight,8
11574,Xenbase:XB-GENE-5958903,gene,ptprm,4
11575,MP:0006279,phenotype,abnormal limb development,8
11576,HP:0001500,phenotype,Broad finger,8
11577,ZP:0001456,phenotype,"visual behavior disrupted, abnormal",8
11578,HP:0011224,phenotype,Ablepharon,8
11579,FBcv:0000402,phenotype,abnormal song,8
11580,ZFIN:ZDB-GENE-140820-4,gene,mhc1lca,4
11581,ENSEMBL:ENSPTRG00000002328,gene,ENSEMBL:ENSPTRG00000002328,4
11582,MGI:95757,gene,Slc2a3,4
11583,ENSEMBL:ENSACAG00000016808,gene,ENSEMBL:ENSACAG00000016808,4
11584,ENSEMBL:ENSGALG00000051280,gene,LOC107049075,4
11585,WormBase:WBGene00008230,gene,pfk-1.2,4
11586,ENSEMBL:ENSFCAG00000036638,gene,ENSEMBL:ENSFCAG00000036638,4
11587,HP:0000767,phenotype,Pectus excavatum,8
11588,ENSEMBL:ENSSSCG00000016923,gene,ACTBL2,4
11589,MP:0009541,phenotype,increased thymocyte apoptosis,8
11590,ZFIN:ZDB-GENE-990914-3,gene,gfap,4
11591,EnsemblGenome:AT5G02560,gene,EnsemblGenome:AT5G02560,4
11592,ZP:0014893,phenotype,"response to gamma radiation process quality, abnormal",8
11593,MP:0000577,phenotype,absent eccrine glands,8
11594,ZP:0002747,phenotype,"endothelial cell increased amount, abnormal",8
11595,ENSEMBL:ENSMMUG00000000768,gene,ENSEMBL:ENSMMUG00000000768,4
11596,ENSEMBL:ENSBTAG00000018207,gene,ENSEMBL:ENSBTAG00000018207,4
11597,MGI:1202301,gene,Itch,4
11598,HP:0010827,phenotype,Abnormality of the seventh cranial nerve,8
11599,ZP:0104640,phenotype,"mitochondrion skeletal muscle malformed, abnormal",8
11600,WBPhenotype:0000165,phenotype,cell fusion variant,8
11601,MP:0002703,phenotype,abnormal renal tubule morphology,8
11602,ENSEMBL:ENSMODG00000000203,gene,ENSEMBL:ENSMODG00000000203,4
11603,WBPhenotype:0001512,phenotype,loss of left right asymmetry,8
11604,dictyBase:DDB_G0286069,gene,ku70,4
11605,ENSEMBL:ENSGALG00000001572,gene,ENSEMBL:ENSGALG00000001572,4
11606,WormBase:WBGene00006716,gene,ubc-21,4
11607,ENSEMBL:ENSBTAG00000001489,gene,ENSEMBL:ENSBTAG00000001489,4
11608,dictyBase:DDB_G0291848,gene,csn3,4
11609,HP:0003450,phenotype,Axonal regeneration,8
11610,RGD:2933,gene,Itpr1,4
11611,MP:0001658,phenotype,increased mortality induced by gamma-irradiation,8
11612,ZFIN:ZDB-GENE-070912-661,gene,ftr66,4
11613,Q13224,gene product,"Glutamate receptor ionotropic, NMDA 2B",5
11614,ENSEMBL:ENSBTAG00000013671,gene,ENSEMBL:ENSBTAG00000013671,4
11615,MP:0000876,phenotype,Purkinje cell degeneration,8
11616,HP:0010626,phenotype,Anterior pituitary agenesis,8
11617,ENSEMBL:ENSPTRG00000017931,gene,ENSEMBL:ENSPTRG00000017931,4
11618,MP:0004410,phenotype,absent endocochlear potential,8
11619,MGI:1921367,gene,Actr3,4
11620,FlyBase:FBgn0243512,gene,puc,4
11621,MP:0008553,phenotype,increased circulating tumor necrosis factor level,8
11622,MP:0001874,phenotype,acanthosis,8
11623,MP:0004946,phenotype,abnormal regulatory T cell physiology,8
11624,HP:3000002,phenotype,Abnormal inner ear epithelium morphology,8
11625,ENSEMBL:ENSFCAG00000007084,gene,ENSEMBL:ENSFCAG00000007084,4
11626,ENSEMBL:ENSGALG00000031720,gene,ENSEMBL:ENSGALG00000031720,4
11627,ZP:0019454,phenotype,"brain absent, abnormal",8
11628,ZFIN:ZDB-GENE-070705-22,gene,ftr85,4
11629,ENSEMBL:ENSFCAG00000003669,gene,ENSEMBL:ENSFCAG00000003669,4
11630,MP:0003965,phenotype,abnormal pituitary hormone level,8
11631,ENSEMBL:ENSFCAG00000033551,gene,ENSEMBL:ENSFCAG00000033551,4
11632,ZFIN:ZDB-GENE-050506-64,gene,mipepb,4
11633,MP:0004753,phenotype,abnormal miniature excitatory postsynaptic currents,8
11634,WormBase:WBGene00000228,gene,atn-1,4
11635,WBPhenotype:0000688,phenotype,sterile,8
11636,MP:0011109,phenotype,"lethality throughout fetal growth and development, incomplete penetrance",8
11637,MP:0009422,phenotype,decreased gastrocnemius weight,8
11638,Xenbase:XB-GENE-955502,gene,ftmt,4
11639,MP:0003417,phenotype,premature endochondral bone ossification,8
11640,ENSEMBL:ENSECAG00000019139,gene,ENSEMBL:ENSECAG00000019139,4
11641,MONARCH:APO_0000074APO_0000004,phenotype,autophagy:increased,8
11642,ZP:0001397,phenotype,"retina layer formation delayed, abnormal",8
11643,dictyBase:DDB_G0294571,gene,DDB_G0294571,4
11644,HP:0003141,phenotype,Increased LDL cholesterol concentration,8
11645,MP:0008884,phenotype,abnormal enterocyte apoptosis,8
11646,HP:0000668,phenotype,Hypodontia,8
11647,ZP:0018435,phenotype,"photoreceptor inner segment photoreceptor cell absent, abnormal",8
11648,Xenbase:XB-GENE-5844181,gene,zfc3h1,4
11649,WBPhenotype:0000772,phenotype,sister chromatid segregation defective early emb,8
11650,MONARCH:APO_0000193APO_0000003,phenotype,resistance to enzymatic treatment:decreased,8
11651,ENSEMBL:ENSACAG00000013081,gene,ENSEMBL:ENSACAG00000013081,4
11652,RGD:1310836,gene,Ptges2,4
11653,ZP:0004039,phenotype,"endocardial cushion quality, abnormal",8
11654,MP:0006269,phenotype,abnormal mammary gland growth during pregnancy,8
11655,MP:0005023,phenotype,abnormal wound healing,8
11656,ENSEMBL:ENSPTRG00000020428,gene,ENSEMBL:ENSPTRG00000020428,4
11657,ZP:0021360,phenotype,"whole organism decreased occurrence TOR signaling, abnormal",8
11658,RGD:1595815,gene,RT1-M6-2,4
11659,ZP:0106396,phenotype,"ceratobranchial 1 cartilage decreased amount, abnormal",8
11660,PomBase:SPAC664.05,gene,rpl13,4
11661,ENSEMBL:ENSPTRG00000015689,gene,ENSEMBL:ENSPTRG00000015689,4
11662,ENSEMBL:ENSGALG00000011330,gene,ENSEMBL:ENSGALG00000011330,4
11663,ENSEMBL:ENSGALG00000010795,gene,ENSEMBL:ENSGALG00000010795,4
11664,ENSEMBL:ENSSSCG00000007431,gene,CTSA,4
11665,ENSEMBL:ENSFCAG00000024773,gene,ENSEMBL:ENSFCAG00000024773,4
11666,ENSEMBL:ENSMMUG00000011018,gene,ENSEMBL:ENSMMUG00000011018,4
11667,HP:0025114,phenotype,Hypergranulosis,8
11668,ENSEMBL:ENSSSCG00000033966,gene,A0A287AXW5,4
11669,4715,drug,cabozantinib,3
11670,GO:0030425,molecular function,dendrite,7
11671,WBPhenotype:0001761,phenotype,axon midline crossing variant,8
11672,dictyBase:DDB_G0268744,gene,act23,4
11673,ENSEMBL:ENSSSCG00000028886,gene,IPO7,4
11674,RGD:68337,gene,Htt,4
11675,ENSEMBL:ENSACAG00000015238,gene,ENSEMBL:ENSACAG00000015238,4
11676,MP:0010308,phenotype,decreased tumor latency,8
11677,ZP:0000530,phenotype,"dorsal aorta collapsed, abnormal",8
11678,ENSEMBL:ENSBTAG00000014643,gene,ENSEMBL:ENSBTAG00000014643,4
11679,ENSEMBL:ENSBTAG00000014970,gene,ENSEMBL:ENSBTAG00000014970,4
11680,1362,drug,hesperetin,3
11681,ENSEMBL:ENSECAG00000016155,gene,ENSEMBL:ENSECAG00000016155,4
11682,dbSNP:rs61348208,variant,rs61348208-T,10
11683,ENSEMBL:ENSSSCG00000037263,gene,ENSEMBL:ENSSSCG00000037263,4
11684,MGI:1921393,gene,Opa1,4
11685,2286,drug,promethazine,3
11686,ZFIN:ZDB-GENE-010501-5,gene,bag6,4
11687,PomBase:SPAC1B3.07c,gene,vps28,4
11688,HP:0000961,phenotype,Cyanosis,8
11689,MGI:1923001,gene,Ipo4,4
11690,HP:0001082,phenotype,Cholecystitis,8
11691,FlyBase:FBgn0052365,gene,CG32365,4
11692,MP:0011085,phenotype,"postnatal lethality, complete penetrance",8
11693,FlyBase:FBgn0032216,gene,Usp14,4
11694,HP:0002450,phenotype,Abnormal motor neuron morphology,8
11695,PomBase:SPAC13A11.01c,gene,rga8,4
11696,HP:0000171,phenotype,Microglossia,8
11697,MP:0013523,phenotype,increased memory-marker CD4-positive NK T cell number,8
11698,WBPhenotype:0001952,phenotype,germline nuclear positioning variant,8
11699,ZP:0019104,phenotype,"neural crest cell xanthoblast aggregated, abnormal",8
11700,MP:0009420,phenotype,skeletal muscle endomysial fibrosis,8
11701,ENSEMBL:ENSBTAG00000026403,gene,ENSEMBL:ENSBTAG00000026403,4
11702,ENSEMBL:ENSPTRG00000008663,gene,ENSEMBL:ENSPTRG00000008663,4
11703,ENSEMBL:ENSMODG00000014806,gene,ENSEMBL:ENSMODG00000014806,4
11704,MGI:3694681,genotype,Tg(HDexon1)62Gpb [B6CBA-Tg(HDexon1)62Gpb/1J],6
11705,ENSEMBL:ENSMMUG00000008696,gene,ENSEMBL:ENSMMUG00000008696,4
11706,ENSEMBL:ENSECAG00000007747,gene,ENSEMBL:ENSECAG00000007747,4
11707,WormBase:WBGene00009101,gene,F25B3.4,4
11708,WBPhenotype:0000457,phenotype,organism starvation hypersensitive,8
11709,ZP:0000752,phenotype,"cardiac muscle cell increased amount, abnormal",8
11710,ENSEMBL:ENSBTAG00000046270,gene,A0A3Q1M0D5,4
11711,WBPhenotype:0000073,phenotype,tail morphology variant,8
11712,ENSEMBL:ENSSSCG00000028340,gene,ENSEMBL:ENSSSCG00000028340,4
11713,SGD:S000000373,gene,SSE2,4
11714,HP:0030770,phenotype,Craniorachischisis,8
11715,MP:0003203,phenotype,increased neuron apoptosis,8
11716,Coriell:GM04856,biological artifact,NIGMS-GM04856,0
11717,ENSEMBL:ENSMMUG00000003620,gene,ENSEMBL:ENSMMUG00000003620,4
11718,FlyBase:FBgn0015320,gene,Ubc2,4
11719,ENSEMBL:ENSFCAG00000001112,gene,ENSEMBL:ENSFCAG00000001112,4
11720,WBPhenotype:0001499,phenotype,meiotic chromosome segregation variant,8
11721,ENSEMBL:ENSPTRG00000008714,gene,ENSEMBL:ENSPTRG00000008714,4
11722,Xenbase:XB-GENE-5829966,gene,znf180,4
11723,MP:0005547,phenotype,abnormal Muller cell morphology,8
11724,MP:0001460,phenotype,abnormal olfactory discrimination memory,8
11725,FlyBase:FBgn0010424,gene,TpnC73F,4
11726,Coriell:GM04286,biological artifact,NIGMS-GM04286,0
11727,MP:0005114,phenotype,premature hair loss,8
11728,MGI:88110,gene,Atp2a2,4
11729,MP:0009093,phenotype,oocyte degeneration,8
11730,ENSEMBL:ENSACAG00000012445,gene,ENSEMBL:ENSACAG00000012445,4
11731,RGD:1306918,gene,Cops7b,4
11732,ENSEMBL:ENSSSCG00000024070,gene,CDK5,4
11733,ENSEMBL:ENSMODG00000012747,gene,ENSEMBL:ENSMODG00000012747,4
11734,ZFIN:ZDB-GENE-030131-34,gene,pfn2l,4
11735,WBPhenotype:0000700,phenotype,multivulva,8
11736,ENSEMBL:ENSFCAG00000009614,gene,ENSEMBL:ENSFCAG00000009614,4
11737,ZP:0003412,phenotype,"Meckel's cartilage deformed, abnormal",8
11738,MP:0012176,phenotype,abnormal head development,8
11739,ZFIN:ZDB-GENE-070607-1,gene,casp3b,4
11740,ENSEMBL:ENSBTAG00000038111,gene,F1MMT9,4
11741,ZP:0000387,phenotype,"mid diencephalic organizer cellular quality, abnormal",8
11742,MP:0004801,phenotype,increased susceptibility to systemic lupus erythematosus,8
11743,ENSEMBL:ENSECAG00000007671,gene,ENSEMBL:ENSECAG00000007671,4
11744,HP:0001347,phenotype,Hyperreflexia,8
11745,ENSEMBL:ENSCAFG00000003548,gene,ENSEMBL:ENSCAFG00000003548,4
11746,ENSEMBL:ENSGALG00000000707,gene,ENSEMBL:ENSGALG00000000707,4
11747,HP:0009804,phenotype,Tooth agenesis,8
11748,HP:0100287,phenotype,EMG: slow motor conduction,8
11749,MGI:1914440,gene,Eif4e2,4
11750,ENSEMBL:ENSBTAG00000002948,gene,SETD2,4
11751,MP:0005168,phenotype,abnormal female meiosis,8
11752,Coriell:GM04210,biological artifact,NIGMS-GM04210,0
11753,WBPhenotype:0000421,phenotype,levamisole resistant,8
11754,ZP:0020461,phenotype,"neural crest cell pharyngeal arch decreased distribution, abnormal",8
11755,P05067,gene product,Amyloid beta A4 protein,5
11756,ENSEMBL:ENSGALG00000011620,gene,AKT1,4
11757,Coriell:GM05030,biological artifact,NIGMS-GM05030,0
11758,MP:0011259,phenotype,abnormal cephalic neural fold morphology,8
11759,Coriell:GM05628,biological artifact,NIGMS-GM05628,0
11760,ZFIN:ZDB-GENE-060126-4,gene,ftr79,4
11761,ENSEMBL:ENSPTRG00000017451,gene,ENSEMBL:ENSPTRG00000017451,4
11762,MP:0011083,phenotype,"lethality at weaning, complete penetrance",8
11763,FlyBase:FBgn0028474,gene,CG4119,4
11764,ZP:0008034,phenotype,"contractile fiber skeletal muscle decreased size, abnormal",8
11765,MP:0012318,phenotype,slow extinction of fear memory,8
11766,WormBase:WBGene00006786,gene,unc-51,4
11767,Coriell:GM04869,biological artifact,NIGMS-GM04869,0
11768,FlyBase:FBgn0034904,gene,CG15800,4
11769,FlyBase:FBgn0039875,gene,sip3,4
11770,MP:0000073,phenotype,absent craniofacial bones,8
11771,ZP:0103448,phenotype,"breeding tubercle male organism deformed, abnormal",8
11772,ENSEMBL:ENSMMUG00000000754,gene,ENSEMBL:ENSMMUG00000000754,4
11773,ENSEMBL:ENSSSCG00000010831,gene,ENSEMBL:ENSSSCG00000010831,4
11774,ZP:0006349,phenotype,"Bruch's membrane aplastic, abnormal",8
11775,ZP:0005134,phenotype,"ethmoid cartilage decreased length, abnormal",8
11776,ENSEMBL:ENSMMUG00000010536,gene,ENSEMBL:ENSMMUG00000010536,4
11777,MGI:3588211,gene,Magea10,4
11778,HGNC:9187,gene,POLR2A,4
11779,MP:0014146,phenotype,decreased white adipose tissue mass,8
11780,HGNC:9544,gene,PSMB7,4
11781,ENSEMBL:ENSCAFG00000020089,gene,ENSEMBL:ENSCAFG00000020089,4
11782,WBPhenotype:0000184,phenotype,apoptosis fails to occur,8
11783,ZP:0008113,phenotype,"eye agenesis, abnormal",8
11784,MP:0005270,phenotype,abnormal zygomatic bone morphology,8
11785,NCBIGene:504357,gene,AXIN1,4
11786,Xenbase:XB-GENE-986025,gene,ubqln1,4
11787,ZP:0102171,phenotype,"anal fin development process quality, abnormal",8
11788,FlyBase:FBgn0033029,gene,Not3,4
11789,ENSEMBL:ENSCAFG00000008869,gene,TGM2,4
11790,ENSEMBL:ENSECAG00000013667,gene,ENSEMBL:ENSECAG00000013667,4
11791,MP:0009989,phenotype,abnormal cerebellum vermis lobule II morphology,8
11792,RGD:620925,gene,Ppargc1a,4
11793,NCBIGene:100334178,gene,LOC100334178,4
11794,ENSEMBL:ENSGALG00000053517,gene,ENSEMBL:ENSGALG00000053517,4
11795,ENSEMBL:ENSFCAG00000021911,gene,ENSEMBL:ENSFCAG00000021911,4
11796,RGD:1332598,gene,Olr227,4
11797,WormBase:WBGene00000820,gene,csp-2,4
11798,Xenbase:XB-GENE-494691,gene,rassf1,4
11799,HP:0003307,phenotype,Hyperlordosis,8
11800,MP:0010299,phenotype,increased mammary gland tumor incidence,8
11801,ENSEMBL:ENSPTRG00000004024,gene,ENSEMBL:ENSPTRG00000004024,4
11802,PomBase:SPAC57A7.04c,gene,pabp,4
11803,PomBase:SPBC15D4.01c,gene,klp9,4
11804,WBPhenotype:0000258,phenotype,cell secretion variant,8
11805,MP:0009964,phenotype,abnormal cerebellum lobule morphology,8
11806,MP:0001565,phenotype,abnormal circulating phosphate level,8
11807,HP:0005133,phenotype,Right ventricular dilatation,8
11808,RGD:735133,gene,Plekha4,4
11809,ENSEMBL:ENSMODG00000004615,gene,ENSEMBL:ENSMODG00000004615,4
11810,ZP:0010096,phenotype,"ceratohyal cartilage curved caudal, abnormal",8
11811,ENSEMBL:ENSMMUG00000001194,gene,ENSEMBL:ENSMMUG00000001194,4
11812,WBPhenotype:0002120,phenotype,mitochondrial DNA repair variant,8
11813,MP:0000906,phenotype,abnormal trigeminal V mesencephalic nucleus morphology,8
11814,MP:0010367,phenotype,increased spindle cell carcinoma incidence,8
11815,WBPhenotype:0000281,phenotype,male sex muscle development variant,8
11816,ZP:0002170,phenotype,"heart contraction process quality, abnormal",8
11817,ZP:0000868,phenotype,"convergent extension involved in gastrulation disrupted, abnormal",8
11818,ZP:0003233,phenotype,"midbrain hindbrain boundary quality, abnormal",8
11819,HP:0001036,phenotype,Parakeratosis,8
11820,ENSEMBL:ENSOANG00000016047,gene,ENSEMBL:ENSOANG00000016047,4
11821,MGI:95914,gene,H2-M2,4
11822,Xenbase:XB-GENE-5960761,gene,ipo9,4
11823,MP:0000031,phenotype,abnormal cochlea morphology,8
11824,RGD:1304979,gene,Usp8,4
11825,ZP:0000941,phenotype,"retina development in camera-type eye disrupted, abnormal",8
11826,WormBase:WBGene00022877,gene,wago-5,4
11827,RGD:621179,gene,Rpl13,4
11828,ENSEMBL:ENSECAG00000021011,gene,ENSEMBL:ENSECAG00000021011,4
11829,ENSEMBL:ENSFCAG00000002265,gene,ENSEMBL:ENSFCAG00000002265,4
11830,FlyBase:FBgn0267849,gene,Syx7,4
11831,HP:0001410,phenotype,Decreased liver function,8
11832,RGD:61893,gene,Pfkp,4
11833,WormBase:WBGene00006498,gene,ten-1,4
11834,ZP:0000637,phenotype,"post-vent region curved, abnormal",8
11835,ZP:0000856,phenotype,"whole organism curved ventral, abnormal",8
11836,RGD:1311622,gene,Bsdc1,4
11837,MP:0009327,phenotype,abnormal maternal grooming,8
11838,HP:0000855,phenotype,Insulin resistance,8
11839,HP:0003201,phenotype,Rhabdomyolysis,8
11840,ENSEMBL:ENSBTAG00000014900,gene,CNOT3,4
11841,ZFIN:ZDB-GENE-030416-1,gene,eppk1,4
11842,ENSEMBL:ENSSSCG00000005787,gene,CTDP1,4
11843,FlyBase:FBgn0031657,gene,Polr1C,4
11844,HP:0000576,phenotype,Centrocecal scotoma,8
11845,MP:0002357,phenotype,abnormal spleen white pulp morphology,8
11846,WormBase:WBGene00000287,gene,cal-3,4
11847,MP:0008269,phenotype,abnormal hippocampus CA4 region morphology,8
11848,HP:0001072,phenotype,Thickened skin,8
11849,ENSEMBL:ENSECAG00000020229,gene,ENSEMBL:ENSECAG00000020229,4
11850,ENSEMBL:ENSBTAG00000013641,gene,BAG3,4
11851,RGD:621092,gene,Psmb1,4
11852,ENSEMBL:ENSPTRG00000021882,gene,ENSEMBL:ENSPTRG00000021882,4
11853,ZFIN:ZDB-GENE-040426-983,gene,atxn3,4
11854,EFO:0007710,phenotype,cognitive decline measurement,8
11855,PomBase:SPAC27D7.06,gene,etf1,4
11856,MP:0000379,phenotype,decreased hair follicle number,8
11857,ZP:0003394,phenotype,"trunk atrophied, abnormal",8
11858,ENSEMBL:ENSMODG00000019523,gene,ENSEMBL:ENSMODG00000019523,4
11859,HP:0100261,phenotype,Abnormal tendon morphology,8
11860,WormBase:WBGene00001748,gene,gsp-2,4
11861,RGD:2025,gene,Acta1,4
11862,ENSEMBL:ENSGALG00000005139,gene,ENSEMBL:ENSGALG00000005139,4
11863,MGI:2446143,gene,Zfc3h1,4
11864,ENSEMBL:ENSOANG00000045909,gene,ENSEMBL:ENSOANG00000045909,4
11865,ENSEMBL:ENSBTAG00000020655,gene,ENSEMBL:ENSBTAG00000020655,4
11866,WBPhenotype:0000696,phenotype,everted vulva,8
11867,MGI:1860276,gene,Ubqln1,4
11868,WormBase:WBGene00001333,gene,erm-1,4
11869,MP:0010956,phenotype,abnormal mitochondrial ATP synthesis coupled electron transport,8
11870,MP:0005046,phenotype,absent spleen white pulp,8
11871,MP:0003383,phenotype,abnormal gluconeogenesis,8
11872,HP:0003189,phenotype,Long nose,8
11873,ENSEMBL:ENSMODG00000015374,gene,ENSEMBL:ENSMODG00000015374,4
11874,MP:0005463,phenotype,"abnormal CD4-positive, alpha-beta T cell physiology",8
11875,WBPhenotype:0000366,phenotype,three fold arrest,8
11876,HP:0010824,phenotype,Abnormal fifth cranial nerve morphology,8
11877,ZFIN:ZDB-GENE-030131-274,gene,prpf40a,4
11878,HP:0011804,phenotype,Abnormal muscle physiology,8
11879,ENSEMBL:ENSCAFG00000048499,gene,A0A5F4DFV3,4
11880,HP:0025100,phenotype,Abnormal hippocampus morphology,8
11881,WBPhenotype:0001871,phenotype,drug induced life span variant,8
11882,ENSEMBL:ENSCAFG00000008859,gene,SOD1,4
11883,ZP:0018823,phenotype,"neural crest cell pharyngeal arch decreased amount, abnormal",8
11884,ENSEMBL:ENSCAFG00000018463,gene,ENSEMBL:ENSCAFG00000018463,4
11885,MP:0004936,phenotype,impaired branching involved in ureteric bud morphogenesis,8
11886,ZFIN:ZDB-GENE-040718-353,gene,psmb2,4
11887,ZFIN:ZDB-GENE-040426-1527,gene,vps28,4
11888,ENSEMBL:ENSFCAG00000001517,gene,ENSEMBL:ENSFCAG00000001517,4
11889,WBPhenotype:0000229,phenotype,small,8
11890,MP:0000778,phenotype,abnormal nervous system tract morphology,8
11891,MP:0020103,phenotype,decreased hepatic glucose production,8
11892,HP:0000072,phenotype,Hydroureter,8
11893,HP:0025435,phenotype,Increased circulating lactate dehydrogenase concentration,8
11894,HP:0100750,phenotype,Atelectasis,8
11895,ENSEMBL:ENSSSCG00005033087,gene,ENSEMBL:ENSSSCG00005033087,4
11896,MP:0004819,phenotype,decreased skeletal muscle mass,8
11897,MP:0011704,phenotype,decreased fibroblast proliferation,8
11898,dictyBase:DDB_G0294569,gene,DDB_G0294569,4
11899,ZP:0138132,phenotype,"skeletal muscle increased process quality TOR signaling, abnormal",8
11900,ENSEMBL:ENSMODG00000014793,gene,ENSEMBL:ENSMODG00000014793,4
11901,ENSEMBL:ENSGALG00000052732,gene,A0A3Q2TYX2,4
11902,MP:0004716,phenotype,abnormal cochlear nerve morphology,8
11903,EFO:0008377,phenotype,mosquito bite reaction itch intensity measurement,8
11904,ENSEMBL:ENSACAG00000012331,gene,ENSEMBL:ENSACAG00000012331,4
11905,FlyBase:FBgn0050340,gene,CG30340,4
11906,MP:0012095,phenotype,increased Reichert's membrane thickness,8
11907,ZP:0001056,phenotype,"palatoquadrate cartilage aplastic, abnormal",8
11908,2106,drug,perhexiline,3
11909,MP:0000334,phenotype,decreased granulocyte number,8
11910,ENSEMBL:ENSCAFG00000019627,gene,MPP1,4
11911,MP:0012144,phenotype,decreased b-wave amplitude,8
11912,ENSEMBL:ENSXETG00000031111,gene,map3k7,4
11913,ENSEMBL:ENSOANG00000011913,gene,ENSEMBL:ENSOANG00000011913,4
11914,HP:0001654,phenotype,Abnormal heart valve morphology,8
11915,ENSEMBL:ENSXETG00000036913,gene,PFN1,4
11916,FlyBase:FBgn0041191,gene,Rheb,4
11917,FBcv:0000377,phenotype,female fertile,8
11918,HP:0030842,phenotype,Choking episodes,8
11919,ZP:0003483,phenotype,"cranial neural crest cell apoptotic, abnormal",8
11920,MP:0008769,phenotype,abnormal plasmacytoid dendritic cell physiology,8
11921,ENSEMBL:ENSFCAG00000044472,gene,ENSEMBL:ENSFCAG00000044472,4
11922,RGD:1309070,gene,Ctsa,4
11923,HGNC:28970,gene,EFR3A,4
11924,ENSEMBL:ENSCAFG00000032180,gene,NME4,4
11925,MP:0009753,phenotype,enhanced behavioral response to morphine,8
11926,WormBase:WBGene00007036,gene,sod-5,4
11927,ZP:0000410,phenotype,"pericardium swollen, abnormal",8
11928,ZFIN:ZDB-GENE-030131-2884,gene,dnaja2b,4
11929,MONARCH:APO_0000074APO_0000005,phenotype,autophagy:absent,8
11930,ENSEMBL:ENSACAG00000017260,gene,ENSEMBL:ENSACAG00000017260,4
11931,HP:0002910,phenotype,Elevated hepatic transaminase,8
11932,ENSEMBL:ENSMODG00000003337,gene,ENSEMBL:ENSMODG00000003337,4
11933,HP:0001638,phenotype,Cardiomyopathy,8
11934,MGI:2384309,gene,Polr2h,4
11935,ZP:0004596,phenotype,"determination of left/right asymmetry in diencephalon process quality, abnormal",8
11936,ENSEMBL:ENSSSCG00000007803,gene,TUFM,4
11937,WormBase:WBGene00001232,gene,eif-3.I,4
11938,ENSEMBL:ENSRNOG00000032585,gene,M0R8M9,4
11939,ENSEMBL:ENSBTAG00000046998,gene,G3MZL7,4
11940,ZFIN:ZDB-GENE-031030-1,gene,tardbpa,4
11941,ZFIN:ZDB-GENE-030131-2829,gene,sp1,4
11942,WBPhenotype:0000770,phenotype,embryonic cell morphology variant,8
11943,ENSEMBL:ENSMODG00000013302,gene,ENSEMBL:ENSMODG00000013302,4
11944,ENSEMBL:ENSGALG00000016512,gene,NRBP1,4
11945,HGNC:243,gene,ADD1,4
11946,HP:0004348,phenotype,Abnormality of bone mineral density,8
11947,WBPhenotype:0001873,phenotype,meiotic spindle assembly defective,8
11948,MGI:104884,gene,Psmb1,4
11949,MP:0001082,phenotype,abnormal geniculate ganglion morphology,8
11950,ZP:0006126,phenotype,"atrial ventricular junction remodeling disrupted, abnormal",8
11951,ENSEMBL:ENSGALG00000006179,gene,ENSEMBL:ENSGALG00000006179,4
11952,ENSEMBL:ENSGALG00000008572,gene,ENSEMBL:ENSGALG00000008572,4
11953,ENSEMBL:ENSACAG00000000610,gene,ENSEMBL:ENSACAG00000000610,4
11954,ZP:0012870,phenotype,"apoptotic process process quality, abnormal",8
11955,ENSEMBL:ENSACAG00000003107,gene,ENSEMBL:ENSACAG00000003107,4
11956,HGNC:9774,gene,RAB35,4
11957,EFO:0005670,phenotype,smoking initiation,8
11958,ENSEMBL:ENSOANG00000038056,gene,ENSEMBL:ENSOANG00000038056,4
11959,RGD:3165,gene,Neurod1,4
11960,ENSEMBL:ENSGALG00000009280,gene,ENSEMBL:ENSGALG00000009280,4
11961,HP:0002340,phenotype,Caudate atrophy,8
11962,ZP:0003668,phenotype,"forerunner cell group decreased amount, abnormal",8
11963,HGNC:3065,gene,DUSP10,4
11964,ZP:0010450,phenotype,"M band myotome disorganized, abnormal",8
11965,WBPhenotype:0001956,phenotype,oocytes lack nucleus,8
11966,ZP:0001349,phenotype,"eye apoptotic, abnormal",8
11967,HP:0009381,phenotype,Short finger,8
11968,ENSEMBL:ENSPTRG00000017043,gene,ENSEMBL:ENSPTRG00000017043,4
11969,ENSEMBL:ENSGALG00000010976,gene,ENSEMBL:ENSGALG00000010976,4
11970,MP:0009139,phenotype,failure of Mullerian duct regression,8
11971,ENSEMBL:ENSECAG00000006980,gene,ENSEMBL:ENSECAG00000006980,4
11972,ENSEMBL:ENSACAG00000000562,gene,ENSEMBL:ENSACAG00000000562,4
11973,MP:0010050,phenotype,hypermyelination,8
11974,HP:0001007,phenotype,Hirsutism,8
11975,ENSEMBL:ENSFCAG00000013876,gene,ENSEMBL:ENSFCAG00000013876,4
11976,ENSEMBL:ENSBTAG00000002583,gene,ENSEMBL:ENSBTAG00000002583,4
11977,ZP:0002182,phenotype,"sprouting angiogenesis decreased process quality, abnormal",8
11978,WormBase:WBGene00011444,gene,T04F8.6,4
11979,FlyBase:FBgn0013348,gene,TpnC41C,4
11980,Xenbase:XB-GENE-1012933,gene,atp2a2,4
11981,HP:0100598,phenotype,Pulmonary edema,8
11982,ZP:0102743,phenotype,"ceratohyal cartilage decreased amount, abnormal",8
11983,ENSEMBL:ENSCAFG00000020082,gene,DNM1,4
11984,WBPhenotype:0000138,phenotype,lipid composition variant,8
11985,ENSEMBL:ENSPTRG00000008645,gene,ENSEMBL:ENSPTRG00000008645,4
11986,PomBase:SPAC589.07c,gene,atg1801,4
11987,ENSEMBL:ENSECAG00000017563,gene,ENSEMBL:ENSECAG00000017563,4
11988,ENSEMBL:ENSCAFG00000048508,gene,A0A5F4DC43,4
11989,MGI:2670976,gene,Fez1,4
11990,HGNC:9281,gene,PPP1CA,4
11991,ZP:0006182,phenotype,"trunk musculature refractivity, abnormal",8
11992,WBPhenotype:0001870,phenotype,meiotic spindle rotation defective,8
11993,Xenbase:XB-GENE-976936,gene,dnaja1,4
11994,ZP:0019663,phenotype,"ethmoid cartilage decreased amount, abnormal",8
11995,RGD:1597145,gene,Glb1,4
11996,MP:0000540,phenotype,abnormal urinary bladder urothelium morphology,8
11997,ZP:0000479,phenotype,"enteric nervous system development disrupted, abnormal",8
11998,ZP:0005424,phenotype,"liver position, abnormal",8
11999,FlyBase:FBgn0037248,gene,srl,4
12000,HGNC:6801,gene,MAGEA3,4
12001,ZFIN:ZDB-GENE-000831-2,gene,fth1a,4
12002,ENSEMBL:ENSSSCG00000028202,gene,RANGAP1,4
12003,ENSEMBL:ENSGALG00000006197,gene,ENSEMBL:ENSGALG00000006197,4
12004,ZP:0005777,phenotype,"bicellular tight junction EVL irregular spatial pattern, abnormal",8
12005,WBPhenotype:0001078,phenotype,cytokinesis defective early emb,8
12006,ZFIN:ZDB-GENE-060421-4235,gene,zgc:136929,4
12007,ENSEMBL:ENSECAG00000002380,gene,ENSEMBL:ENSECAG00000002380,4
12008,dictyBase:DDB_G0276963,gene,gefH,4
12009,FlyBase:FBgn0021814,gene,Vps28,4
12010,dictyBase:DDB_G0268620,gene,pkbA,4
12011,MP:0000418,phenotype,focal hair loss,8
12012,MP:0030988,phenotype,dysosmia,8
12013,ENSEMBL:ENSMMUG00000002523,gene,ENSEMBL:ENSMMUG00000002523,4
12014,ENSEMBL:ENSFCAG00000009990,gene,ENSEMBL:ENSFCAG00000009990,4
12015,ENSEMBL:ENSFCAG00000004901,gene,ENSEMBL:ENSFCAG00000004901,4
12016,ENSEMBL:ENSOANG00000009310,gene,ENSEMBL:ENSOANG00000009310,4
12017,HGNC:2903,gene,DLG4,4
12018,dictyBase:DDB_G0292564,gene,iplA,4
12019,MP:0005455,phenotype,increased susceptibility to weight gain,8
12020,MONARCH:APO_0000221APO_0000002,phenotype,septum formation:abnormal,8
12021,FBcv:0000350,phenotype,partially lethal - majority live,8
12022,SGD:S000005590,gene,YNG1,4
12023,MGI:1915585,gene,Ift20,4
12024,ZP:0002286,phenotype,"midbrain hindbrain boundary decreased thickness, abnormal",8
12025,ENSEMBL:ENSECAG00000002481,gene,ENSEMBL:ENSECAG00000002481,4
12026,MP:0001722,phenotype,pale yolk sac,8
12027,MONARCH:APO_0000212APO_0000002,phenotype,bud morphology:abnormal,8
12028,ENSEMBL:ENSOANG00000014851,gene,ENSEMBL:ENSOANG00000014851,4
12029,HGNC:14884,gene,DNAJA2,4
12030,SGD:S000005952,gene,PHO85,4
12031,ENSEMBL:ENSACAG00000004506,gene,ENSEMBL:ENSACAG00000004506,4
12032,ENSEMBL:ENSFCAG00000005468,gene,ENSEMBL:ENSFCAG00000005468,4
12033,ENSEMBL:ENSMMUG00000021081,gene,ENSEMBL:ENSMMUG00000021081,4
12034,EFO:0008579,phenotype,risk-taking behaviour,8
12035,ENSEMBL:ENSMODG00000006206,gene,ENSEMBL:ENSMODG00000006206,4
12036,ZP:0017720,phenotype,"eye increased process quality cell death, abnormal",8
12037,O60341,gene product,Lysine-specific histone demethylase 1A,5
12038,ENSEMBL:ENSFCAG00000000050,gene,ENSEMBL:ENSFCAG00000000050,4
12039,MP:0013430,phenotype,"increased memory CD4-positive, CD25-positive, alpha-beta regulatory T cell number",8
12040,SGD:S000000012,gene,SYN8,4
12041,MP:0001240,phenotype,abnormal epidermis stratum corneum morphology,8
12042,ENSEMBL:ENSCAFG00000024378,gene,ENSEMBL:ENSCAFG00000024378,4
12043,MP:0004252,phenotype,abnormal direction of heart looping,8
12044,Xenbase:XB-GENE-6258415,gene,tcerg1,4
12045,Coriell:GM04767,biological artifact,NIGMS-GM04767,0
12046,HP:0002017,phenotype,Nausea and vomiting,8
12047,MP:0005452,phenotype,abnormal adipose tissue amount,8
12048,Xenbase:XB-GENE-5954840,gene,utp14a,4
12049,ENSEMBL:ENSPTRG00000002005,gene,ENSEMBL:ENSPTRG00000002005,4
12050,Coriell:GM04208,biological artifact,NIGMS-GM04208,0
12051,HGNC:11522,gene,TACC1,4
12052,HGNC:9251,gene,CTSA,4
12053,ZP:0020332,phenotype,"brain increased process quality mitotic cell cycle, abnormal",8
12054,ENSEMBL:ENSPTRG00000014300,gene,ENSEMBL:ENSPTRG00000014300,4
12055,HP:0009053,phenotype,Distal lower limb muscle weakness,8
12056,HP:0003690,phenotype,Limb muscle weakness,8
12057,HP:0410043,phenotype,Abnormal neural tube morphology,8
12058,Xenbase:XB-GENE-491938,gene,acta1,4
12059,ZFIN:ZDB-GENE-130404-2,gene,rnf20,4
12060,HP:0003196,phenotype,Short nose,8
12061,MGI:3698752,genotype,Htt<tm1.1Pfs>/Htt<+> [involves: 129S4/SvJae * C57BL/6],6
12062,EFO:0008460,phenotype,colorectal health,8
12063,ZP:0000133,phenotype,"ethmoid cartilage decreased size, abnormal",8
12064,HGNC:12304,gene,TRIP10,4
12065,ZP:0018339,phenotype,"axon glossopharyngeal ganglion malformed, abnormal",8
12066,ENSEMBL:ENSOANG00000036321,gene,ENSEMBL:ENSOANG00000036321,4
12067,HP:0005263,phenotype,Gastritis,8
12068,ZP:0005207,phenotype,"cell population proliferation decreased rate, abnormal",8
12069,MGI:5432176,genotype,Gt(ROSA)26Sor<tm48(HTT)Arte>/Gt(ROSA)26Sor<+> [Not Specified],6
12070,MGI:1329037,gene,Strap,4
12071,FlyBase:FBgn0033184,gene,mEFTu2,4
12072,RGD:3494,gene,RT1-M3-1,4
12073,HP:0000021,phenotype,Megacystis,8
12074,ENSEMBL:ENSECAG00000014842,gene,ENSEMBL:ENSECAG00000014842,4
12075,ZP:0012012,phenotype,"skeletal muscle cell accumulation mitochondrion skeletal muscle cell, abnormal",8
12076,ENSEMBL:ENSPTRG00000044611,gene,ENSEMBL:ENSPTRG00000044611,4
12077,EnsemblGenome:BAE76252,gene,EnsemblGenome:BAE76252,4
12078,ZP:0011930,phenotype,"pancreas decreased process quality poly(A)+ mRNA export from nucleus, abnormal",8
12079,Coriell:GM04894,biological artifact,NIGMS-GM04894,0
12080,MP:0000890,phenotype,thin cerebellar molecular layer,8
12081,PomBase:SPAC31G5.13,gene,rpn11,4
12082,HP:0001260,phenotype,Dysarthria,8
12083,ENSEMBL:ENSMMUG00000000055,gene,ENSEMBL:ENSMMUG00000000055,4
12084,ZP:0008444,phenotype,"angular vestibuloocular reflex decreased process quality, abnormal",8
12085,SGD:S000001686,gene,TOR2,4
12086,MONARCH:APO_0000101APO_0000002,phenotype,fermentative metabolism:abnormal,8
12087,2123,drug,phenelzine,3
12088,MP:0005025,phenotype,abnormal response to infection,8
12089,ENSEMBL:ENSACAG00000016290,gene,ENSEMBL:ENSACAG00000016290,4
12090,WBPhenotype:0000540,phenotype,muscle arm development variant,8
12091,ENSEMBL:ENSECAG00000009162,gene,ENSEMBL:ENSECAG00000009162,4
12092,HGNC:5001,gene,HMG20A,4
12093,ENSEMBL:ENSCAFG00000029992,gene,J9P895,4
12094,ENSEMBL:ENSECAG00000013395,gene,ENSEMBL:ENSECAG00000013395,4
12095,MP:0010769,phenotype,abnormal survival,8
12096,dictyBase:DDB_G0289445,gene,prmt2,4
12097,ENSEMBL:ENSGALG00000039880,gene,ENSEMBL:ENSGALG00000039880,4
12098,dictyBase:DDB_G0267666,gene,gefW,4
12099,WBPhenotype:0000290,phenotype,sperm absent,8
12100,ENSEMBL:ENSFCAG00000002582,gene,ENSEMBL:ENSFCAG00000002582,4
12101,ENSEMBL:ENSGALG00000027435,gene,ENSEMBL:ENSGALG00000027435,4
12102,ENSEMBL:ENSCAFG00000006946,gene,ENSEMBL:ENSCAFG00000006946,4
12103,dictyBase:DDB_G0276765,gene,ubqC,4
12104,RGD:3329,gene,Pik3r1,4
12105,ENSEMBL:ENSCAFG00000011417,gene,LOC100856765,4
12106,ZP:0138138,phenotype,"trabecular layer has extra parts of type cardiac muscle cell, abnormal",8
12107,FlyBase:FBgn0003462,gene,Sod1,4
12108,ENSEMBL:ENSSSCG00000034866,gene,LOC106506226,4
12109,ENSEMBL:ENSSSCG00000028663,gene,RBM25,4
12110,Coriell:GM05610,biological artifact,NIGMS-GM05610,0
12111,1457,drug,diiodohydroxyquinoline,3
12112,FBcv:0000718,phenotype,decreased cell growth,8
12113,RGD:3889,gene,Tp53,4
12114,ENSEMBL:ENSSSCG00000033602,gene,UBE2K,4
12115,RGD:3032,gene,Smad3,4
12116,Xenbase:XB-GENE-947407,gene,tubb4a,4
12117,PomBase:SPAC630.03,gene,arp3,4
12118,HGNC:11280,gene,SQSTM1,4
12119,HP:0100840,phenotype,Aplasia/Hypoplasia of the eyebrow,8
12120,MP:0004090,phenotype,abnormal sarcomere morphology,8
12121,MP:0003843,phenotype,abnormal sagittal suture morphology,8
12122,ENSEMBL:ENSMMUG00000016670,gene,ENSEMBL:ENSMMUG00000016670,4
12123,ENSEMBL:ENSPTRG00000048493,gene,ENSEMBL:ENSPTRG00000048493,4
12124,MP:0012507,phenotype,midbrain atrophy,8
12125,MP:0001501,phenotype,abnormal sleep pattern,8
12126,WormBase:WBGene00006974,gene,zen-4,4
12127,ENSEMBL:ENSOANG00000012904,gene,ENSEMBL:ENSOANG00000012904,4
12128,ENSEMBL:ENSECAG00000040461,gene,ENSEMBL:ENSECAG00000040461,4
12129,ENSEMBL:ENSACAG00000008018,gene,ENSEMBL:ENSACAG00000008018,4
12130,FlyBase:FBgn0032595,gene,CG17996,4
12131,ZP:0008036,phenotype,"slow muscle cell decreased diameter, abnormal",8
12132,ENSEMBL:ENSMODG00000018964,gene,ENSEMBL:ENSMODG00000018964,4
12133,HP:0001093,phenotype,Optic nerve dysplasia,8
12134,HGNC:4235,gene,GFAP,4
12135,WBPhenotype:0000662,phenotype,foraging behavior variant,8
12136,PomBase:SPBC17D11.02c,gene,hrd1,4
12137,RGD:1308737,gene,Pias4,4
12138,ENSEMBL:ENSECAG00000020459,gene,ENSEMBL:ENSECAG00000020459,4
12139,ZFIN:ZDB-GENE-060503-692,gene,si:ch211-234p6.5,4
12140,ZP:0001560,phenotype,"whole organism broken, abnormal",8
12141,MP:0000873,phenotype,thin external granule cell layer,8
12142,MGI:99919,gene,Vcp,4
12143,Coriell:GM06439,biological artifact,NIGMS-GM06439,0
12144,ENSEMBL:ENSECAG00000020929,gene,ENSEMBL:ENSECAG00000020929,4
12145,MP:0003704,phenotype,abnormal hair follicle development,8
12146,MP:0031121,phenotype,increased susceptibility to induced thrombosis,8
12147,ENSEMBL:ENSGALG00000030280,gene,PABPC1,4
12148,SGD:S000005986,gene,VPS28,4
12149,P20618,gene product,Proteasome subunit beta type-1,5
12150,ENSEMBL:ENSMMUG00000007045,gene,ENSEMBL:ENSMMUG00000007045,4
12151,ZFIN:ZDB-GENE-090312-142,gene,rbm25a,4
12152,ENSEMBL:ENSACAG00000010955,gene,ENSEMBL:ENSACAG00000010955,4
12153,MGI:5432178,genotype,Gt(ROSA)26Sor<tm50(HTT)Arte>/Gt(ROSA)26Sor<+> [Not Specified],6
12154,ENSEMBL:ENSPTRG00000004577,gene,ENSEMBL:ENSPTRG00000004577,4
12155,MONARCH:APO_0000253APO_0000005,phenotype,cell cycle progression:absent,8
12156,WBPhenotype:0001485,phenotype,ER stress response variant,8
12157,PomBase:SPAC24H6.04,gene,hxk1,4
12158,ZP:0008117,phenotype,"myofibril myotome disorganized, abnormal",8
12159,ZP:0000019,phenotype,"intersegmental vessel malformed, abnormal",8
12160,ZP:0019985,phenotype,"whole organism has extra parts of type neural tube, abnormal",8
12161,ENSEMBL:ENSSSCG00000006881,gene,A0A287B6Z9,4
12162,MP:0005388,phenotype,respiratory system phenotype,8
12163,ENSEMBL:ENSACAG00000006256,gene,ENSEMBL:ENSACAG00000006256,4
12164,MP:0005380,phenotype,embryo phenotype,8
12165,WBPhenotype:0001646,phenotype,no pharynx,8
12166,ENSEMBL:ENSPTRG00000006200,gene,ENSEMBL:ENSPTRG00000006200,4
12167,281,drug,bacitracin,3
12168,ENSEMBL:ENSBTAG00000049904,gene,ENSEMBL:ENSBTAG00000049904,4
12169,MP:0030197,phenotype,small nasal septum,8
12170,HGNC:9402,gene,PRKCG,4
12171,ENSEMBL:ENSMMUG00000009151,gene,ENSEMBL:ENSMMUG00000009151,4
12172,WBPhenotype:0000905,phenotype,neuron morphology variant,8
12173,ZP:0000341,phenotype,"epithelial cell proliferation increased occurrence, abnormal",8
12174,ENSEMBL:ENSECAG00000003428,gene,ENSEMBL:ENSECAG00000003428,4
12175,ZFIN:ZDB-GENE-040718-390,gene,slc2a3a,4
12176,WormBase:WBGene00008714,gene,F11F1.1,4
12177,ENSEMBL:ENSMMUG00000008418,gene,ENSEMBL:ENSMMUG00000008418,4
12178,MONARCH:APO_0000266APO_0000246,phenotype,cell cycle progression in S phase:increased rate,8
12179,ENSEMBL:ENSACAG00000002544,gene,ENSEMBL:ENSACAG00000002544,4
12180,EnsemblGenome:AT5G62690,gene,EnsemblGenome:AT5G62690,4
12181,MONARCH:APO_0000226APO_0000002,phenotype,subcellular morphology:abnormal,8
12182,WormBase:WBGene00008053,gene,cdc-48.2,4
12183,MGI:97748,gene,Ctsa,4
12184,MONARCH:APO_0000126APO_0000117,phenotype,nuclear import:normal,8
12185,RGD:621669,gene,Psmd1,4
12186,MP:0000952,phenotype,abnormal CNS glial cell morphology,8
12187,MP:0001529,phenotype,abnormal vocalization,8
12188,MP:0013180,phenotype,truncated tail bud,8
12189,MGI:1923235,gene,Rab30,4
12190,ZFIN:ZDB-GENE-131030-1,gene,rab35a,4
12191,ENSEMBL:ENSCAFG00000019046,gene,ENSEMBL:ENSCAFG00000019046,4
12192,ENSEMBL:ENSSSCG00000006089,gene,PTDSS1,4
12193,GO:0031072,molecular function,heat shock protein binding,7
12194,HP:0040078,phenotype,Axonal degeneration,8
12195,SGD:S000005364,gene,SIN3,4
12196,WormBase:WBGene00001130,gene,dyn-1,4
12197,ENSEMBL:ENSMODG00000005190,gene,ENSEMBL:ENSMODG00000005190,4
12198,MONARCH:APO_0000224APO_0000117,phenotype,RNA accumulation:normal,8
12199,MP:0005241,phenotype,abnormal retinal ganglion layer morphology,8
12200,WBPhenotype:0000403,phenotype,sperm transfer initiation defective,8
12201,HGNC:5960,gene,IKBKB,4
12202,HP:0032362,phenotype,Increased circulating corticosterone level,8
12203,MGI:3043476,genotype,Htt<tm2Detl>/Htt<tm2Detl> [involves: 129P2/OlaHsd * C57BL/6J],6
12204,ENSEMBL:ENSCAFG00000017255,gene,ENSEMBL:ENSCAFG00000017255,4
12205,ENSEMBL:ENSECAG00000022370,gene,ENSEMBL:ENSECAG00000022370,4
12206,ENSEMBL:ENSMMUG00000020190,gene,ENSEMBL:ENSMMUG00000020190,4
12207,WBPhenotype:0001979,phenotype,gonad vesiculated,8
12208,HP:0002745,phenotype,Oral leukoplakia,8
12209,MP:0004586,phenotype,pillar cell degeneration,8
12210,WBPhenotype:0000545,phenotype,egg retention,8
12211,MP:0004486,phenotype,decreased response of heart to induced stress,8
12212,MP:0004081,phenotype,abnormal globus pallidus morphology,8
12213,ZP:0137375,phenotype,"midbrain hindbrain boundary constriction increased angle to midbrain hindbrain boundary constriction, abnormal",8
12214,WBPhenotype:0001580,phenotype,nuclear envelope breakdown variant,8
12215,WBPhenotype:0000590,phenotype,cell corpse number variant,8
12216,FBcv:0000388,phenotype,abnormal gravitaxis,8
12217,MP:0002083,phenotype,premature death,8
12218,Xenbase:XB-GENE-993962,gene,hnrnpm,4
12219,ENSEMBL:ENSGALG00000007653,gene,RAE1,4
12220,HP:0002090,phenotype,Pneumonia,8
12221,RGD:1311923,gene,Chd3,4
12222,PomBase:SPBC31E1.04,gene,pep12,4
12223,MP:0002199,phenotype,abnormal brain commissure morphology,8
12224,SGD:S000004607,gene,TAF4,4
12225,MP:0005169,phenotype,abnormal male meiosis,8
12226,ENSEMBL:ENSRNOG00000029227,gene,D3ZD02,4
12227,FlyBase:FBgn0011745,gene,Arp1,4
12228,ZP:0000442,phenotype,"cell death increased occurrence, abnormal",8
12229,Xenbase:XB-GENE-1012765,gene,atg5,4
12230,ZFIN:ZDB-GENE-030131-5547,gene,rbm25b,4
12231,ENSEMBL:ENSOANG00000005733,gene,ENSEMBL:ENSOANG00000005733,4
12232,ENSEMBL:ENSFCAG00000040222,gene,ENSEMBL:ENSFCAG00000040222,4
12233,MGI:1344395,gene,Chd3,4
12234,ENSEMBL:ENSACAG00000005108,gene,ENSEMBL:ENSACAG00000005108,4
12235,Coriell:GM05524,biological artifact,NIGMS-GM05524,0
12236,HP:0000308,phenotype,Microretrognathia,8
12237,MP:0002596,phenotype,abnormal hematocrit,8
12238,WBPhenotype:0000759,phenotype,spindle defective early emb,8
12239,ZP:0006332,phenotype,"endoplasmic reticulum unfolded protein response increased occurrence, abnormal",8
12240,WBPhenotype:0002336,phenotype,path curvature increased,8
12241,WBPhenotype:0000535,phenotype,organism morphology variant,8
12242,NCBITaxon:9544,taxon,Macaca mulatta,9
12243,ENSEMBL:ENSOANG00000043940,gene,ENSEMBL:ENSOANG00000043940,4
12244,ENSEMBL:ENSMMUG00000014102,gene,ENSEMBL:ENSMMUG00000014102,4
12245,WBPhenotype:0000458,phenotype,starvation resistant,8
12246,FBcv:0000381,phenotype,suppressor of variegation,8
12247,HP:0000431,phenotype,Wide nasal bridge,8
12248,ZP:0003620,phenotype,"glucose import decreased rate, abnormal",8
12249,ZP:0017038,phenotype,"forebrain absent, abnormal",8
12250,MP:0009788,phenotype,increased susceptibility to bacterial infection induced morbidity/mortality,8
12251,ENSEMBL:ENSCAFG00000006853,gene,LOC477441,4
12252,ENSEMBL:ENSPTRG00000043934,gene,ENSEMBL:ENSPTRG00000043934,4
12253,ENSEMBL:ENSECAG00000014814,gene,ENSEMBL:ENSECAG00000014814,4
12254,ZP:0011627,phenotype,"pigment cell decreased perimeter, abnormal",8
12255,ENSEMBL:ENSMODG00000018721,gene,ENSEMBL:ENSMODG00000018721,4
12256,Xenbase:XB-GENE-5918988,gene,sqstm1,4
12257,MP:0004856,phenotype,decreased ovary weight,8
12258,MP:0003867,phenotype,increased defecation amount,8
12259,MP:0002427,phenotype,disproportionate dwarf,8
12260,MGI:88543,gene,Csnk2a1,4
12261,dbSNP:rs7659144,variant,rs7659144-G,10
12262,ENSEMBL:ENSMMUG00000047011,gene,ENSEMBL:ENSMMUG00000047011,4
12263,HP:0001719,phenotype,Double outlet right ventricle,8
12264,HP:0045045,phenotype,Elevated circulating acylcarnitine concentration,8
12265,MP:0000376,phenotype,folliculitis,8
12266,HP:0009892,phenotype,Anotia,8
12267,dictyBase:DDB_G0277041,gene,rheb,4
12268,MP:0001364,phenotype,decreased anxiety-related response,8
12269,ZP:0004555,phenotype,"optic tectum structure, abnormal",8
12270,WormBase:WBGene00019666,gene,sago-1,4
12271,ZP:0002570,phenotype,"neural tube increased width, abnormal",8
12272,EFO:0007680,phenotype,gait measurement,8
12273,ENSEMBL:ENSCAFG00000019072,gene,ENSEMBL:ENSCAFG00000019072,4
12274,WormBase:WBGene00007922,gene,pph-6,4
12275,WormBase:WBGene00004736,gene,sca-1,4
12276,MP:0013956,phenotype,decreased colon length,8
12277,WBPhenotype:0004022,phenotype,amplitude of sinusoidal movement variant,8
12278,MP:0010725,phenotype,thin interventricular septum,8
12279,WBPhenotype:0001778,phenotype,nuclear RNAi defective,8
12280,WBPhenotype:0000038,phenotype,exploded through vulva,8
12281,ZP:0019021,phenotype,"cranial skeletal system development disrupted, abnormal",8
12282,ZP:0002184,phenotype,"midbrain development disrupted, abnormal",8
12283,MP:0008897,phenotype,decreased IgG2c level,8
12284,Q00535,gene product,Cyclin-dependent-like kinase 5,5
12285,MP:0005404,phenotype,abnormal axon morphology,8
12286,ENSEMBL:ENSFCAG00000024620,gene,ENSEMBL:ENSFCAG00000024620,4
12287,ZFIN:ZDB-GENE-990415-27,gene,csnk2a1,4
12288,ZP:0008445,phenotype,"hair cell lateral crista morphology, abnormal",8
12289,WBPhenotype:0001271,phenotype,pathogen induced death increased,8
12290,ENSEMBL:ENSOANG00000002636,gene,ENSEMBL:ENSOANG00000002636,4
12291,MP:0002809,phenotype,increased spinal cord size,8
12292,HGNC:11998,gene,TP53,4
12293,ENSEMBL:ENSMODG00000048748,gene,ENSEMBL:ENSMODG00000048748,4
12294,ENSEMBL:ENSMODG00000015156,gene,ENSEMBL:ENSMODG00000015156,4
12295,RGD:1562437,gene,Tcerg1l,4
12296,dictyBase:DDB_G0281293,gene,ddiA,4
12297,ZP:0011628,phenotype,"cell projection pigment cell increased amount, abnormal",8
12298,ENSEMBL:ENSCAFG00000017463,gene,ENSEMBL:ENSCAFG00000017463,4
12299,Coriell:GM05552,biological artifact,NIGMS-GM05552,0
12300,MONARCH:APO_0000119APO_0000003,phenotype,size of nucleus:decreased,8
12301,FlyBase:FBgn0046687,gene,Tre1,4
12302,HP:0011616,phenotype,Pulmonary situs inversus,8
12303,MP:0020543,phenotype,decreased substantia nigra size,8
12304,ENSEMBL:ENSFCAG00000024634,gene,ENSEMBL:ENSFCAG00000024634,4
12305,ENSEMBL:ENSACAG00000001021,gene,ENSEMBL:ENSACAG00000001021,4
12306,ZP:0106390,phenotype,"neurocranial trabecula deformed, abnormal",8
12307,ZP:0019197,phenotype,"spinal cord increased occurrence apoptotic process, abnormal",8
12308,WBPhenotype:0002599,phenotype,long-term habituation phenotype,8
12309,ZFIN:ZDB-GENE-030131-8984,gene,pleca,4
12310,EFO:0004518,phenotype,creatinine measurement,8
12311,WBPhenotype:0001011,phenotype,complex phenotype early emb,8
12312,dictyBase:DDB_G0280643,gene,DDB_G0280643,4
12313,WBPhenotype:0000902,phenotype,intestinal cell morphology variant,8
12314,HP:0011675,phenotype,Arrhythmia,8
12315,ZP:0006787,phenotype,"slow muscle cell mislocalised, abnormal",8
12316,MONARCH:APO_0000079APO_0000117,phenotype,vacuolar transport:normal,8
12317,ENSEMBL:ENSFCAG00000002998,gene,ENSEMBL:ENSFCAG00000002998,4
12318,WBPhenotype:0002320,phenotype,reversal variant,8
12319,ZFIN:ZDB-GENE-080505-1,gene,ppargc1a,4
12320,P27986,gene product,Phosphatidylinositol 3-kinase regulatory subunit alpha,5
12321,ENSEMBL:ENSMMUG00000000605,gene,ENSEMBL:ENSMMUG00000000605,4
12322,FBcv:0000361,phenotype,increased body size,8
12323,FlyBase:FBgn0015321,gene,Ubc4,4
12324,MONARCH:APO_0000096APO_0000003,phenotype,nutrient utilization:decreased,8
12325,MP:0002834,phenotype,decreased heart weight,8
12326,ENSEMBL:ENSMMUG00000016001,gene,ENSEMBL:ENSMMUG00000016001,4
12327,MGI:5432192,genotype,Tg(YAC128)55Hay [FVB/N-Tg(YAC128)55Hay],6
12328,MONARCH:APO_0000159APO_0000003,phenotype,biofilm formation:decreased,8
12329,ENSEMBL:ENSMODG00000007222,gene,ENSEMBL:ENSMODG00000007222,4
12330,MP:0001299,phenotype,abnormal eye distance/ position,8
12331,WBPhenotype:0002477,phenotype,ribosome localization variant,8
12332,ENSEMBL:ENSECAG00000014401,gene,ENSEMBL:ENSECAG00000014401,4
12333,HP:0000773,phenotype,Short ribs,8
12334,WBPhenotype:0002323,phenotype,backward point velocity variant,8
12335,HP:0002035,phenotype,Rectal prolapse,8
12336,HP:0010612,phenotype,Plantar pits,8
12337,MP:0005164,phenotype,abnormal response to injury,8
12338,ZP:0010449,phenotype,"Z disc myotome disorganized, abnormal",8
12339,ENSEMBL:ENSACAG00000005534,gene,ENSEMBL:ENSACAG00000005534,4
12340,ZP:0002303,phenotype,"pharyngeal arch 3-7 aplastic, abnormal",8
12341,MGI:103147,gene,Dync1h1,4
12342,HP:0000377,phenotype,Abnormality of the pinna,8
12343,ENSEMBL:ENSSSCG00000007135,gene,NINL,4
12344,MP:0000238,phenotype,absent pre-B cells,8
12345,MGI:1098237,gene,Kif9,4
12346,MP:0009580,phenotype,increased keratinocyte apoptosis,8
12347,HP:0020054,phenotype,Abnormal erythrocyte physiology,8
12348,ENSEMBL:ENSMMUG00000008006,gene,ENSEMBL:ENSMMUG00000008006,4
12349,PomBase:SPBC1685.15c,gene,klp6,4
12350,HP:0009830,phenotype,Peripheral neuropathy,8
12351,HP:0006956,phenotype,Dilation of lateral ventricles,8
12352,MP:0001749,phenotype,suppressed circulating follicle stimulating hormone level,8
12353,dictyBase:DDB_G0279633,gene,psmD7,4
12354,HP:0002753,phenotype,Thin bony cortex,8
12355,ENSEMBL:ENSECAG00000001400,gene,ENSEMBL:ENSECAG00000001400,4
12356,HP:0011117,phenotype,Abnormality of interleukin secretion,8
12357,ENSEMBL:ENSCAFG00000004769,gene,OPTN,4
12358,RGD:70907,gene,Actn1,4
12359,WormBase:WBGene00001017,gene,dnc-1,4
12360,ENSEMBL:ENSPTRG00000021203,gene,ENSEMBL:ENSPTRG00000021203,4
12361,MP:0001410,phenotype,head bobbing,8
12362,ENSEMBL:ENSSSCG00000026153,gene,ENSEMBL:ENSSSCG00000026153,4
12363,MONARCH:APO_0000269APO_0000246,phenotype,cell cycle progression through the G1/S phase transition:increased rate,8
12364,MP:0009988,phenotype,abnormal cerebellum vermis lobule I morphology,8
12365,PomBase:SPAC328.05,gene,hrb1,4
12366,4818,drug,florbetaben F18,3
12367,ENSEMBL:ENSMODG00000009242,gene,ENSEMBL:ENSMODG00000009242,4
12368,WBPhenotype:0000053,phenotype,paralyzed arrested elongation two fold,8
12369,NCBITaxon:7227,taxon,Drosophila melanogaster,9
12370,ENSEMBL:ENSECAG00000003121,gene,ENSEMBL:ENSECAG00000003121,4
12371,MP:0010540,phenotype,long stride length,8
12372,ENSEMBL:ENSECAG00000016097,gene,ENSEMBL:ENSECAG00000016097,4
12373,ENSEMBL:ENSSSCG00000041813,gene,ENSEMBL:ENSSSCG00000041813,4
12374,ZFIN:ZDB-GENE-000822-3,gene,hoxc11b,4
12375,RGD:71059,gene,Hnrnpl,4
12376,ZFIN:ZDB-GENE-061110-16,gene,crppa,4
12377,ENSEMBL:ENSMODG00000010301,gene,ENSEMBL:ENSMODG00000010301,4
12378,FlyBase:FBgn0038499,gene,Brf,4
12379,MP:0012541,phenotype,absent lamina terminalis,8
12380,HGNC:3481,gene,ETFA,4
12381,ENSEMBL:ENSSSCG00000001871,gene,HMG20A,4
12382,ENSEMBL:ENSMMUG00000019143,gene,ENSEMBL:ENSMMUG00000019143,4
12383,HP:0011063,phenotype,Abnormal incisor morphology,8
12384,SGD:S000002736,gene,SKP1,4
12385,ENSEMBL:ENSACAG00000004802,gene,ENSEMBL:ENSACAG00000004802,4
12386,MP:0008574,phenotype,decreased circulating interferon-alpha level,8
12387,MP:0011160,phenotype,dermal-epidermal separation,8
12388,ENSEMBL:ENSFCAG00000004893,gene,ENSEMBL:ENSFCAG00000004893,4
12389,MP:0002206,phenotype,abnormal CNS synaptic transmission,8
12390,MP:0001286,phenotype,abnormal eye development,8
12391,MP:0008916,phenotype,abnormal astrocyte physiology,8
12392,ZFIN:ZDB-GENE-131127-579,gene,taf4a,4
12393,ENSEMBL:ENSSSCG00005001713,gene,ENSEMBL:ENSSSCG00005001713,4
12394,ENSEMBL:ENSGALG00000037203,gene,ENSEMBL:ENSGALG00000037203,4
12395,MONARCH:APO_0000316APO_0000004,phenotype,chronological lifespan:increased,8
12396,ENSEMBL:ENSMODG00000016692,gene,ENSEMBL:ENSMODG00000016692,4
12397,ZP:0003652,phenotype,"polysome whole organism decreased amount, abnormal",8
12398,HGNC:11473,gene,MED21,4
12399,MONARCH:APO_0000105APO_0000002,phenotype,mitochondrial genome maintenance:abnormal,8
12400,FBcv:0002019,phenotype,increased mortality during development,8
12401,HP:0032898,phenotype,Focal automatism seizure,8
12402,HP:0003124,phenotype,Hypercholesterolemia,8
12403,Xenbase:XB-GENE-482409,gene,rps6kb1,4
12404,ZFIN:ZDB-GENE-030131-408,gene,ube2e3,4
12405,ENSEMBL:ENSBTAG00000020998,gene,ENSEMBL:ENSBTAG00000020998,4
12406,WBPhenotype:0002402,phenotype,cell position defective,8
12407,WBPhenotype:0000695,phenotype,vulva morphology variant,8
12408,ZP:0004490,phenotype,"intersegmental vessel absent, abnormal",8
12409,dictyBase:DDB_G0271682,gene,DDB_G0271682,4
12410,WBPhenotype:0001661,phenotype,loss of asymmetry AWC,8
12411,dictyBase:DDB_G0284577,gene,DDB0186079,4
12412,Xenbase:XB-GENE-6257751,gene,nup58,4
12413,ENSEMBL:ENSCAFG00000013544,gene,ENSEMBL:ENSCAFG00000013544,4
12414,PomBase:SPBC36.07,gene,elp1,4
12415,MGI:2158813,gene,Sumo2,4
12416,MP:0002757,phenotype,decreased vertical activity,8
12417,ENSEMBL:ENSOANG00000041440,gene,ENSEMBL:ENSOANG00000041440,4
12418,MP:0001182,phenotype,lung hemorrhage,8
12419,FlyBase:FBgn0003410,gene,sina,4
12420,PomBase:SPBC9B6.04c,gene,tuf1,4
12421,HP:0001254,phenotype,Lethargy,8
12422,ENSEMBL:ENSOANG00000039239,gene,ENSEMBL:ENSOANG00000039239,4
12423,ZP:0001563,phenotype,"axon guidance process quality, abnormal",8
12424,ENSEMBL:ENSBTAG00000007112,gene,ENSEMBL:ENSBTAG00000007112,4
12425,ENSEMBL:ENSPTRG00000000762,gene,ENSEMBL:ENSPTRG00000000762,4
12426,SGD:S000006316,gene,MRD1,4
12427,WBPhenotype:0000062,phenotype,lethal,8
12428,1419,drug,ifenprodil,3
12429,WBPhenotype:0000866,phenotype,germ cell arrest,8
12430,RGD:1306853,gene,Traf6,4
12431,Xenbase:XB-GENE-955189,gene,bcar1,4
12432,ZP:0105657,phenotype,"retinal ganglion cell decreased occurrence cysteine-type endopeptidase activity, abnormal",8
12433,HP:0040176,phenotype,Abnormal circulating phospholipid concentration,8
12434,ENSEMBL:ENSFCAG00000001419,gene,ENSEMBL:ENSFCAG00000001419,4
12435,RGD:735078,gene,Lamtor1,4
12436,WBPhenotype:0002321,phenotype,forward point velocity decreased,8
12437,SGD:S000001248,gene,SCH9,4
12438,WormBase:WBGene00019862,gene,nrde-3,4
12439,ENSEMBL:ENSOANG00000008715,gene,ENSEMBL:ENSOANG00000008715,4
12440,ZP:0003199,phenotype,"cell brain decreased amount, abnormal",8
12441,ZP:0008387,phenotype,"exit from mitosis decreased occurrence, abnormal",8
12442,Xenbase:XB-GENE-946101,gene,psmb2,4
12443,1877,drug,nalorphine,3
12444,ENSEMBL:ENSSSCG00000005399,gene,ENSEMBL:ENSSSCG00000005399,4
12445,HGNC:7672,gene,NCOR1,4
12446,ENSEMBL:ENSCAFG00000031802,gene,CRPPA,4
12447,MP:0013421,phenotype,increased CD5-positive gamma-delta T cell number,8
12448,MONARCH:APO_0000050APO_0000117,phenotype,cellular morphology:normal,8
12449,MP:0013975,phenotype,abnormal coronary sinus connection,8
12450,dictyBase:DDB_G0267400,gene,hspD,4
12451,HP:0002045,phenotype,Hypothermia,8
12452,ENSEMBL:ENSMODG00000017744,gene,ENSEMBL:ENSMODG00000017744,4
12453,HP:0002088,phenotype,Abnormal lung morphology,8
12454,ZP:0017157,phenotype,"blood accumulation atrium, abnormal",8
12455,MP:0005356,phenotype,positive geotaxis,8
12456,ENSEMBL:ENSACAG00000005207,gene,ENSEMBL:ENSACAG00000005207,4
12457,ZP:0001276,phenotype,"cell retina disorganized, abnormal",8
12458,MP:0010349,phenotype,increased teratocarcinoma incidence,8
12459,Xenbase:XB-GENE-5724906,gene,znf420,4
12460,ENSEMBL:ENSMMUG00000005255,gene,ENSEMBL:ENSMMUG00000005255,4
12461,PomBase:SPAC1952.12c,gene,csn71,4
12462,ENSEMBL:ENSSSCG00000023357,gene,REST,4
12463,MP:0010068,phenotype,decreased red blood cell distribution width,8
12464,WormBase:WBGene00003803,gene,rae-1,4
12465,ENSEMBL:ENSCAFG00000007532,gene,ENSEMBL:ENSCAFG00000007532,4
12466,MGI:3698040,genotype,Htt<tm4Mem>/Htt<+> [involves: 129S1/Sv * 129X1/SvJ * CD-1],6
12467,FlyBase:FBgn0026597,gene,Axn,4
12468,MP:0003231,phenotype,abnormal placenta vasculature,8
12469,MP:0005334,phenotype,abnormal fat pad morphology,8
12470,ENSEMBL:ENSPTRG00000016966,gene,ENSEMBL:ENSPTRG00000016966,4
12471,dictyBase:DDB_G0275933,gene,DDB_G0275933,4
12472,FlyBase:FBgn0000108,gene,Appl,4
12473,HP:0200055,phenotype,Small hand,8
12474,WBPhenotype:0001239,phenotype,mating latency increased,8
12475,ENSEMBL:ENSSSCG00000043124,gene,A0A5G2RBW7,4
12476,ZFIN:ZDB-GENE-070112-242,gene,sh3gl3a,4
12477,HP:0000092,phenotype,Renal tubular atrophy,8
12478,ENSEMBL:ENSCAFG00000012838,gene,STX6,4
12479,HP:0005326,phenotype,Hypoplastic philtrum,8
12480,ENSEMBL:ENSACAG00000012044,gene,ENSEMBL:ENSACAG00000012044,4
12481,ZP:0018014,phenotype,"caudal fin increased process quality cell population proliferation, abnormal",8
12482,MP:0005387,phenotype,immune system phenotype,8
12483,ZP:0004084,phenotype,"cilium otic vesicle decreased amount, abnormal",8
12484,ZP:0002187,phenotype,"brain vasculature has fewer parts of type central artery, abnormal",8
12485,ZFIN:ZDB-GENE-041219-3,gene,commd3,4
12486,MP:0002724,phenotype,enhanced wound healing,8
12487,dictyBase:DDB_G0292192,gene,dictyBase:DDB_G0292192,4
12488,ENSEMBL:ENSFCAG00000030845,gene,ENSEMBL:ENSFCAG00000030845,4
12489,HGNC:19421,gene,ING5,4
12490,MGI:1914259,gene,Ttc23,4
12491,MP:0008418,phenotype,abnormal cutaneous elastic fiber morphology,8
12492,HP:0002066,phenotype,Gait ataxia,8
12493,MP:0004029,phenotype,spontaneous chromosome breakage,8
12494,PomBase:SPCC1739.13,gene,ssa2,4
12495,dbSNP:rs150393409,variant,rs150393409-A,10
12496,PomBase:SPBC1734.11,gene,mas5,4
12497,ENSEMBL:ENSOANG00000008738,gene,ENSEMBL:ENSOANG00000008738,4
12498,ZFIN:ZDB-GENE-010502-2,gene,psma6l,4
12499,ZP:0006346,phenotype,"intestinal villus decreased length, abnormal",8
12500,MGI:96244,gene,Hspa1a,4
12501,ENSEMBL:ENSBTAG00000011150,gene,ENSEMBL:ENSBTAG00000011150,4
12502,ZFIN:ZDB-GENE-040426-2953,gene,ipo9,4
12503,HP:0100710,phenotype,Impulsivity,8
12504,MP:0001712,phenotype,abnormal placenta development,8
12505,ENSEMBL:ENSMMUG00000004660,gene,ENSEMBL:ENSMMUG00000004660,4
12506,dictyBase:DDB_G0276759,gene,cbpA,4
12507,ENSEMBL:ENSSSCG00000039843,gene,IPO9,4
12508,dbSNP:rs2798297,variant,rs2798297-A,10
12509,MP:0000087,phenotype,absent mandible,8
12510,ZP:0137436,phenotype,"photoreceptor inner segment photoreceptor cell malformed, abnormal",8
12511,ENSEMBL:ENSMMUG00000019118,gene,ENSEMBL:ENSMMUG00000019118,4
12512,ENSEMBL:ENSECAG00000021385,gene,ENSEMBL:ENSECAG00000021385,4
12513,NCBIGene:498414,gene,LOC498414,4
12514,ENSEMBL:ENSACAG00000014297,gene,ENSEMBL:ENSACAG00000014297,4
12515,WBPhenotype:0001072,phenotype,response to food variant,8
12516,MP:0001354,phenotype,increased aggression towards males,8
12517,ZP:0000408,phenotype,"activation of cysteine-type endopeptidase activity involved in apoptotic process increased occurrence, abnormal",8
12518,WBPhenotype:0000464,phenotype,oxygen response variant,8
12519,HP:0000118,phenotype,human phenotypic abnormality,8
12520,FlyBase:FBgn0017556,gene,Prosalpha4T2,4
12521,dictyBase:DDB_G0284177,gene,DDB0185880,4
12522,MP:0012515,phenotype,abnormal heart apex morphology,8
12523,MONARCH:APO_0000028APO_0000003,phenotype,invasive growth:decreased,8
12524,HP:0000193,phenotype,Bifid uvula,8
12525,dictyBase:DDB_G0270688,gene,mpl2,4
12526,WormBase:WBGene00019605,gene,ctsa-4.1,4
12527,MP:0008234,phenotype,absent spleen marginal zone,8
12528,ZP:0019156,phenotype,"Golgi apparatus eye photoreceptor cell swollen, abnormal",8
12529,ENSEMBL:ENSPTRG00000018686,gene,ENSEMBL:ENSPTRG00000018686,4
12530,MGI:2675620,genotype,Htt<tm1Mfc>/Htt<tm1Mfc> [involves: 129S1/Sv * C57BL/6],6
12531,ENSEMBL:ENSOANG00000039108,gene,ENSEMBL:ENSOANG00000039108,4
12532,MP:0001083,phenotype,small geniculate ganglion,8
12533,WBPhenotype:0000709,phenotype,pharyngeal morphology variant,8
12534,FlyBase:FBgn0025632,gene,CG4313,4
12535,ENSEMBL:ENSPTRG00000050508,gene,ENSEMBL:ENSPTRG00000050508,4
12536,NCBIGene:100001490,gene,atxn7,4
12537,ENSEMBL:ENSECAG00000021637,gene,ENSEMBL:ENSECAG00000021637,4
12538,RGD:1595869,gene,RT1-CE1,4
12539,HP:0007002,phenotype,Motor axonal neuropathy,8
12540,ENSEMBL:ENSFCAG00000004245,gene,ENSEMBL:ENSFCAG00000004245,4
12541,FlyBase:FBgn0037121,gene,Rpb8,4
12542,MP:0011097,phenotype,"embryonic lethality between somite formation and embryo turning, complete penetrance",8
12543,MP:0030939,phenotype,abnormal autophagosome formation,8
12544,MP:0004205,phenotype,absent hyoid bone,8
12545,ENSEMBL:ENSBTAG00000013343,gene,FTL,4
12546,MGI:1927406,gene,Herpud1,4
12547,WBPhenotype:0002286,phenotype,head bend angle increased,8
12548,WBPhenotype:0000061,phenotype,extended life span,8
12549,ENSEMBL:ENSMMUG00000000983,gene,ENSEMBL:ENSMMUG00000000983,4
12550,ENSEMBL:ENSECAG00000011673,gene,ENSEMBL:ENSECAG00000011673,4
12551,dbSNP:rs112372148,variant,rs112372148-A,10
12552,ENSEMBL:ENSECAG00000002263,gene,ENSEMBL:ENSECAG00000002263,4
12553,MGI:1201690,gene,Map6,4
12554,ENSEMBL:ENSMMUG00000001484,gene,ENSEMBL:ENSMMUG00000001484,4
12555,MP:0008330,phenotype,absent somatotrophs,8
12556,FlyBase:FBgn0002284,gene,Prosbeta6,4
12557,ENSEMBL:ENSPTRG00000005027,gene,ENSEMBL:ENSPTRG00000005027,4
12558,MP:0000373,phenotype,belly spot,8
12559,ZP:0002074,phenotype,"optic tectum morphology, abnormal",8
12560,ENSEMBL:ENSACAG00000014782,gene,ENSEMBL:ENSACAG00000014782,4
12561,WBPhenotype:0000054,phenotype,larval lethal,8
12562,ENSEMBL:ENSSSCG00000009140,gene,CASP6,4
12563,ZFIN:ZDB-GENE-011212-3,gene,vim,4
12564,MP:0010907,phenotype,absent lung buds,8
12565,HP:0001166,phenotype,Arachnodactyly,8
12566,MP:0002923,phenotype,increased post-tetanic potentiation,8
12567,WBPhenotype:0001421,phenotype,endocytic transport variant,8
12568,WBPhenotype:0000369,phenotype,pretzel arrest,8
12569,MGI:1261864,gene,Wipi1,4
12570,ENSEMBL:ENSSSCG00000032312,gene,ENSEMBL:ENSSSCG00000032312,4
12571,ENSEMBL:ENSOANG00000014970,gene,ENSEMBL:ENSOANG00000014970,4
12572,MP:0013513,phenotype,decreased memory-marker CD4-negative NK T cell number,8
12573,MP:0004597,phenotype,increased susceptibility to noise-induced hearing loss,8
12574,MP:0003229,phenotype,abnormal vitelline vasculature morphology,8
12575,ZP:0011947,phenotype,"vasculature malformed, abnormal",8
12576,ZP:0013585,phenotype,"serotonin metabolic process process quality, abnormal",8
12577,ENSEMBL:ENSMMUG00000013669,gene,ENSEMBL:ENSMMUG00000013669,4
12578,ENSEMBL:ENSFCAG00000031975,gene,ENSEMBL:ENSFCAG00000031975,4
12579,FlyBase:FBgn0037481,gene,MAGE,4
12580,ENSEMBL:ENSOANG00000002226,gene,ENSEMBL:ENSOANG00000002226,4
12581,ENSEMBL:ENSACAG00000002653,gene,ENSEMBL:ENSACAG00000002653,4
12582,ENSEMBL:ENSMMUG00000030028,gene,ENSEMBL:ENSMMUG00000030028,4
12583,EFO:0004348,phenotype,hematocrit,8
12584,ENSEMBL:ENSXETG00000030689,gene,dnali1,4
12585,MGI:2137706,gene,Actn1,4
12586,ENSEMBL:ENSFCAG00000015730,gene,ENSEMBL:ENSFCAG00000015730,4
12587,WormBase:WBGene00004459,gene,rpn-2,4
12588,dictyBase:DDB_G0290187,gene,hspH,4
12589,ZP:0011625,phenotype,"cell head apoptotic, abnormal",8
12590,ENSEMBL:ENSBTAG00000021645,gene,MBD4,4
12591,WormBase:WBGene00016081,gene,C25A6.1,4
12592,ENSEMBL:ENSCAFG00000020224,gene,PSMB7,4
12593,HP:0001760,phenotype,Abnormal foot morphology,8
12594,MP:0005409,phenotype,darkened coat color,8
12595,MP:0011402,phenotype,renal cast,8
12596,ENSEMBL:ENSPTRG00000044653,gene,ENSEMBL:ENSPTRG00000044653,4
12597,ENSEMBL:ENSOANG00000008135,gene,ENSEMBL:ENSOANG00000008135,4
12598,MP:0003313,phenotype,abnormal locomotor activation,8
12599,MP:0012193,phenotype,increased keratinocyte migration,8
12600,WBPhenotype:0001656,phenotype,distal tip cell development variant,8
12601,Coriell:GM01169,biological artifact,NIGMS-GM01169,0
12602,ZP:0106467,phenotype,"primordial germ cell decreased rate cell division, abnormal",8
12603,HP:0001939,phenotype,Abnormality of metabolism/homeostasis,8
12604,MGI:1913663,gene,Psmd6,4
12605,HP:0030760,phenotype,Renal fibrosis,8
12606,WBPhenotype:0001309,phenotype,amplitude of sinusoidal movement decreased,8
12607,ENSEMBL:ENSPTRG00000007210,gene,ENSEMBL:ENSPTRG00000007210,4
12608,ENSEMBL:ENSBTAG00000052778,gene,A0A3Q1LJX4,4
12609,HGNC:10665,gene,UTP14A,4
12610,ENSEMBL:ENSOANG00000044829,gene,ENSEMBL:ENSOANG00000044829,4
12611,WBPhenotype:0001175,phenotype,high incidence male progeny,8
12612,dictyBase:DDB_G0287553,gene,rab7B,4
12613,HP:0002155,phenotype,Hypertriglyceridemia,8
12614,MP:0009674,phenotype,decreased birth weight,8
12615,ZP:0010935,phenotype,"vein morphology, abnormal",8
12616,1690,drug,pethidine,3
12617,MP:0005087,phenotype,decreased acute inflammation,8
12618,ENSEMBL:ENSOANG00000006175,gene,ENSEMBL:ENSOANG00000006175,4
12619,ENSEMBL:ENSCAFG00000008234,gene,DLA-79,4
12620,ENSEMBL:ENSMODG00000009657,gene,ENSEMBL:ENSMODG00000009657,4
12621,ENSEMBL:ENSECAG00000024454,gene,ENSEMBL:ENSECAG00000024454,4
12622,WBPhenotype:0002568,phenotype,long-term associative memory phenotype,8
12623,ZFIN:ZDB-GENE-061025-1,gene,ap1b1,4
12624,RGD:1311936,gene,Rnf20,4
12625,MP:0000846,phenotype,abnormal medulla oblongata morphology,8
12626,MP:0009766,phenotype,increased sensitivity to xenobiotic induced morbidity/mortality,8
12627,HP:0100660,phenotype,Dyskinesia,8
12628,MP:0002019,phenotype,abnormal tumor incidence,8
12629,MGI:5575509,genotype,Tg(Prnp-SNAP25/HTT*150Q)8Xjl [involves: FVB],6
12630,MGI:5052381,genotype,Tg(HTT*/EGFP)150Nn [involves: C57BL/6 * DBA/2],6
12631,MP:0005632,phenotype,decreased circulating aspartate transaminase level,8
12632,MP:0003641,phenotype,small lung,8
12633,NCBITaxon:6239,taxon,Caenorhabditis elegans,9
12634,PomBase:SPAC688.11,gene,end4,4
12635,ZP:0003720,phenotype,"axon motor neuron branched, abnormal",8
12636,MP:0008732,phenotype,reduced hair shaft melanin granule number,8
12637,ZFIN:ZDB-GENE-091117-1,gene,nefla,4
12638,MP:0011099,phenotype,"lethality throughout fetal growth and development, complete penetrance",8
12639,MP:0009776,phenotype,decreased behavioral withdrawal response,8
12640,2391,drug,ritonavir,3
12641,ENSEMBL:ENSPTRG00000042982,gene,ENSEMBL:ENSPTRG00000042982,4
12642,Q9UBE8,gene product,Serine/threonine-protein kinase NLK,5
12643,RGD:1561740,gene,Kif18a,4
12644,MGI:1915661,gene,Map1lc3a,4
12645,ENSEMBL:ENSFCAG00000030174,gene,ENSEMBL:ENSFCAG00000030174,4
12646,HP:0100258,phenotype,Preaxial polydactyly,8
12647,MP:0011171,phenotype,increased number of Heinz bodies,8
12648,MP:0010617,phenotype,thick mitral valve cusps,8
12649,WBPhenotype:0001889,phenotype,body wall muscle sarcomere morphology variant,8
12650,SGD:S000006236,gene,SRO7,4
12651,HP:0002143,phenotype,Abnormality of the spinal cord,8
12652,FlyBase:FBgn0051802,gene,CG31802,4
12653,ENSEMBL:ENSOANG00000038541,gene,ENSEMBL:ENSOANG00000038541,4
12654,MP:0003453,phenotype,abnormal keratinocyte physiology,8
12655,HP:0001882,phenotype,Leukopenia,8
12656,ENSEMBL:ENSOANG00000009877,gene,ENSEMBL:ENSOANG00000009877,4
12657,Coriell:GM06449,biological artifact,NIGMS-GM06449,0
12658,ENSEMBL:ENSACAG00000009810,gene,ENSEMBL:ENSACAG00000009810,4
12659,EnsemblGenome:AT4G09320,gene,EnsemblGenome:AT4G09320,4
12660,dbSNP:rs1232027,variant,rs1232027-?,10
12661,HP:0000096,phenotype,Glomerular sclerosis,8
12662,MP:0008414,phenotype,abnormal spatial reference memory,8
12663,EFO:0007925,phenotype,response to paliperidone,8
12664,ENSEMBL:ENSPTRG00000002144,gene,ENSEMBL:ENSPTRG00000002144,4
12665,dictyBase:DDB_G0295743,gene,DDB_G0295743,4
12666,ENSEMBL:ENSMODG00000038324,gene,ENSEMBL:ENSMODG00000038324,4
12667,ZP:0000357,phenotype,"eye aplastic, abnormal",8
12668,Q05193,gene product,Dynamin-1,5
12669,ZFIN:ZDB-GENE-140820-7,gene,mhc1lfa,4
12670,MP:0001307,phenotype,fused cornea and lens,8
12671,2817,drug,vesnarinone,3
12672,EFO:0004318,phenotype,smoking behavior,8
12673,ENSEMBL:ENSSSCG00000028978,gene,CAD,4
12674,HGNC:20194,gene,POLR1C,4
12675,HGNC:9852,gene,IPO7,4
12676,HGNC:14339,gene,PLEKHA4,4
12677,WormBase:WBGene00004254,gene,pxf-1,4
12678,MGI:3813482,genotype,Tg(Ppp1r1b-HTT*)1Meeh [C57BL/6J-Tg(Ppp1r1b-HTT*)1Meeh],6
12679,HP:0012639,phenotype,Abnormal nervous system morphology,8
12680,ZFIN:ZDB-GENE-000526-1,gene,hey2,4
12681,FlyBase:FBgn0001187,gene,Hex-C,4
12682,MGI:2386306,gene,Eppk1,4
12683,ENSEMBL:ENSSSCG00000023247,gene,OPTN,4
12684,ENSEMBL:ENSCAFG00000016532,gene,ENSEMBL:ENSCAFG00000016532,4
12685,ENSEMBL:ENSSSCG00000013784,gene,ENSEMBL:ENSSSCG00000013784,4
12686,FBcv:0006004,phenotype,abnormal oviposition,8
12687,HP:0003444,phenotype,EMG: chronic denervation signs,8
12688,ENSEMBL:ENSPTRG00000045225,gene,ENSEMBL:ENSPTRG00000045225,4
12689,ENSEMBL:ENSMMUG00000047378,gene,ENSEMBL:ENSMMUG00000047378,4
12690,MP:0010026,phenotype,decreased liver cholesterol level,8
12691,GO:0005737,molecular function,cytoplasm,7
12692,PomBase:SPAC22A12.16,gene,acl2,4
12693,MGI:3573927,genotype,Htt<tm1Detl>/Htt<tm1Detl> [involves: 129P2/OlaHsd * C57BL/6J],6
12694,MP:0011095,phenotype,"embryonic lethality between implantation and placentation, complete penetrance",8
12695,ENSEMBL:ENSFCAG00000000438,gene,ENSEMBL:ENSFCAG00000000438,4
12696,HP:0003647,phenotype,Electron transfer flavoprotein-ubiquinone oxidoreductase defect,8
12697,ZP:0012599,phenotype,"behavior process quality, abnormal",8
12698,HP:0008419,phenotype,Intervertebral disc degeneration,8
12699,ZP:0010998,phenotype,"optokinetic behavior decreased process quality, abnormal",8
12700,ZP:0011931,phenotype,"retinal pigmented epithelium distended, abnormal",8
12701,ZP:0004600,phenotype,"palatoquadrate cartilage aplastic/hypoplastic, abnormal",8
12702,ENSEMBL:ENSBTAG00000012927,gene,ALDOA,4
12703,ZFIN:ZDB-GENE-040426-2734,gene,pias4a,4
12704,HGNC:3594,gene,FASN,4
12705,ENSEMBL:ENSSSCG00000002003,gene,I3LND9,4
12706,HGNC:5045,gene,HNRNPL,4
12707,ENSEMBL:ENSMMUG00000012574,gene,ENSEMBL:ENSMMUG00000012574,4
12708,ENSEMBL:ENSFCAG00000010239,gene,ENSEMBL:ENSFCAG00000010239,4
12709,ZP:0000650,phenotype,"lens decreased size, abnormal",8
12710,ZP:0006214,phenotype,"cardiac ventricle collapsed, abnormal",8
12711,RGD:3397,gene,Prkcg,4
12712,ENSEMBL:ENSACAG00000001896,gene,ENSEMBL:ENSACAG00000001896,4
12713,HP:0011001,phenotype,Increased bone mineral density,8
12714,ENSEMBL:ENSFCAG00000015643,gene,ENSEMBL:ENSFCAG00000015643,4
12715,ZP:0011938,phenotype,"endoplasmic reticulum retinal outer nuclear layer morphology, abnormal",8
12716,ENSEMBL:ENSOANG00000001711,gene,ENSEMBL:ENSOANG00000001711,4
12717,WormBase:WBGene00004816,gene,skr-10,4
12718,ZP:0006389,phenotype,"retinal outer nuclear layer absent, abnormal",8
12719,ENSEMBL:ENSBTAG00000005182,gene,BOLA-A,4
12720,Xenbase:XB-GENE-989839,gene,immt,4
12721,MP:0009454,phenotype,impaired contextual conditioning behavior,8
12722,ENSEMBL:ENSGALG00000008534,gene,POLR2H,4
12723,ZP:0103235,phenotype,"pronephric tubule has fewer parts of type motile cilium inner dynein arm pronephric tubule, abnormal",8
12724,WBPhenotype:0001894,phenotype,nuclear number variant,8
12725,ENSEMBL:ENSMMUG00000018284,gene,ENSEMBL:ENSMMUG00000018284,4
12726,WBPhenotype:0000205,phenotype,expulsion variant,8
12727,dictyBase:DDB_G0279751,gene,dictyBase:DDB_G0279751,4
12728,RGD:71064,gene,Bag6,4
12729,SGD:S000004754,gene,TIF34,4
12730,MGI:1913466,gene,Bsdc1,4
12731,MONARCH:APO_0000035APO_0000005,phenotype,nuclear fusion during mating:absent,8
12732,MGI:1349764,gene,Dpysl4,4
12733,RGD:2081,gene,Akt1,4
12734,WormBase:WBGene00006583,gene,tnc-2,4
12735,HP:0002018,phenotype,Nausea,8
12736,ZP:0011355,phenotype,"axon retinal ganglion cell physical object quality, abnormal",8
12737,ENSEMBL:ENSFCAG00000042107,gene,ENSEMBL:ENSFCAG00000042107,4
12738,HGNC:5525,gene,IGHG1,4
12739,MP:0009124,phenotype,increased brown fat cell lipid droplet size,8
12740,MP:0008489,phenotype,slow postnatal weight gain,8
12741,EFO:0004615,phenotype,apolipoprotein B measurement,8
12742,ENSEMBL:ENSMODG00000009267,gene,ENSEMBL:ENSMODG00000009267,4
12743,HP:0001771,phenotype,Achilles tendon contracture,8
12744,dictyBase:DDB_G0275023,gene,act22,4
12745,ENSEMBL:ENSECAG00000012406,gene,ENSEMBL:ENSECAG00000012406,4
12746,ENSEMBL:ENSOANG00000042140,gene,ENSEMBL:ENSOANG00000042140,4
12747,ENSEMBL:ENSMMUG00000010401,gene,ENSEMBL:ENSMMUG00000010401,4
12748,ENSEMBL:ENSPTRG00000003943,gene,ENSEMBL:ENSPTRG00000003943,4
12749,RGD:628742,gene,Lgi1,4
12750,ZP:0002311,phenotype,"head necrotic, abnormal",8
12751,SGD:S000001900,gene,RPN11,4
12752,ZP:0010283,phenotype,"gill neoplastic, abnormal",8
12753,MP:0001674,phenotype,abnormal germ layer development,8
12754,PomBase:SPCC11E10.08,gene,rik1,4
12755,MP:0004191,phenotype,neuronal intranuclear inclusions,8
12756,MP:0004876,phenotype,decreased mean systemic arterial blood pressure,8
12757,FlyBase:FBgn0031450,gene,Hrs,4
12758,ENSEMBL:ENSOANG00000012420,gene,ENSEMBL:ENSOANG00000012420,4
12759,ENSEMBL:ENSGALG00000004858,gene,FICD,4
12760,ZP:0019988,phenotype,"cell neural keel morphology, abnormal",8
12761,MGI:1919318,gene,Cnot2,4
12762,ZFIN:ZDB-GENE-100316-4,gene,psme4b,4
12763,Xenbase:XB-GENE-982107,gene,tcerg1l,4
12764,ENSEMBL:ENSGALG00000052686,gene,MHCIA6,4
12765,ENSEMBL:ENSPTRG00000003868,gene,ENSEMBL:ENSPTRG00000003868,4
12766,FlyBase:FBal0209708,variant,htt[GD14339],10
12767,ENSEMBL:ENSMMUG00000000252,gene,ENSEMBL:ENSMMUG00000000252,4
12768,FlyBase:FBgn0000253,gene,Cam,4
12769,HP:0000324,phenotype,Facial asymmetry,8
12770,PomBase:SPBC21B10.03c,gene,ath1,4
12771,Coriell:GM04479,biological artifact,NIGMS-GM04479,0
12772,ENSEMBL:ENSGALG00000034475,gene,EIF3G,4
12773,ENSEMBL:ENSFCAG00000000444,gene,ENSEMBL:ENSFCAG00000000444,4
12774,ZP:0019076,phenotype,"liver decreased amount, abnormal",8
12775,ENSEMBL:ENSACAG00000028858,gene,ENSEMBL:ENSACAG00000028858,4
12776,MP:0003553,phenotype,abnormal foreskin morphology,8
12777,MGI:4881532,genotype,Tg(YAC18)18Hay [involves: FVB/N],6
12778,dictyBase:DDB_G0267754,gene,DDB_G0267754,4
12779,HP:0002486,phenotype,Myotonia,8
12780,MP:0002797,phenotype,increased thigmotaxis,8
12781,FBcv:0000404,phenotype,abnormal smell perception,8
12782,ZFIN:ZDB-GENE-030616-40,gene,matr3l1.1,4
12783,PomBase:SPBC691.03c,gene,apl3,4
12784,Xenbase:XB-GENE-963687,gene,ufd1,4
12785,ENSEMBL:ENSMODG00000024116,gene,ENSEMBL:ENSMODG00000024116,4
12786,ZFIN:ZDB-GENE-030131-7320,gene,si:dkey-33c12.3,4
12787,ZP:0106517,phenotype,"cardiac muscle cell atrium condensed, abnormal",8
12788,MONARCH:APO_0000267APO_0000004,phenotype,entry into G0 (stationary phase):increased,8
12789,HP:0001337,phenotype,Tremor,8
12790,HGNC:4272,gene,GIT1,4
12791,FlyBase:FBgn0031975,gene,Tg,4
12792,ENSEMBL:ENSGALG00000007315,gene,PSMD6,4
12793,ENSEMBL:ENSFCAG00000018490,gene,ENSEMBL:ENSFCAG00000018490,4
12794,ENSEMBL:ENSGALG00000008460,gene,ENSEMBL:ENSGALG00000008460,4
12795,FlyBase:FBgn0086694,gene,Bre1,4
12796,ENSEMBL:ENSCAFG00030004107,gene,ENSEMBL:ENSCAFG00030004107,4
12797,EFO:0009695,phenotype,household income,8
12798,ZFIN:ZDB-FISH-170608-6,biological artifact,<zf602Tg>/<?>; <zf703Tg>/<?> [unspecified background],0
12799,ZP:0002629,phenotype,"anterior-most region head truncated, abnormal",8
12800,dictyBase:DDB_G0275153,gene,gpdA,4
12801,WBPhenotype:0000075,phenotype,cuticle attachment variant,8
12802,ENSEMBL:ENSGALG00000003046,gene,ENSEMBL:ENSGALG00000003046,4
12803,ENSEMBL:ENSPTRG00000011920,gene,ENSEMBL:ENSPTRG00000011920,4
12804,MP:0002804,phenotype,abnormal motor learning,8
12805,ENSEMBL:ENSFCAG00000032566,gene,ENSEMBL:ENSFCAG00000032566,4
12806,ZP:0019802,phenotype,"blood island decreased amount, abnormal",8
12807,EFO:0004308,phenotype,leukocyte count,8
12808,dictyBase:DDB_G0293674,gene,DDB_G0293674,4
12809,ZP:0009144,phenotype,"photoreceptor outer segment photoreceptor cell decreased size, abnormal",8
12810,ZFIN:ZDB-GENE-030131-7676,gene,usp14,4
12811,ENSEMBL:ENSGALG00000035701,gene,ENSEMBL:ENSGALG00000035701,4
12812,PomBase:SPAC20G8.05c,gene,cdc15,4
12813,ZP:0009405,phenotype,"erythrocyte maturation delayed, abnormal",8
12814,ZP:0000381,phenotype,"parapineal organ position, abnormal",8
12815,ZP:0018349,phenotype,"central nervous system decreased thickness, abnormal",8
12816,ZFIN:ZDB-GENE-040426-1804,gene,evlb,4
12817,ENSEMBL:ENSACAG00000011776,gene,ENSEMBL:ENSACAG00000011776,4
12818,ENSEMBL:ENSMODG00000008382,gene,ENSEMBL:ENSMODG00000008382,4
12819,HP:0011018,phenotype,Abnormality of the cell cycle,8
12820,MP:0000688,phenotype,lymphoid hyperplasia,8
12821,ENSEMBL:ENSACAG00000002999,gene,ENSEMBL:ENSACAG00000002999,4
12822,MGI:3757568,genotype,Tg(HDexon1)62Gpb [involves: C57BL/6 * CBA],6
12823,WBPhenotype:0000181,phenotype,axon trajectory variant,8
12824,MONARCH:APO_0000316APO_0000003,phenotype,chronological lifespan:decreased,8
12825,ENSEMBL:ENSPTRG00000002998,gene,ENSEMBL:ENSPTRG00000002998,4
12826,WBPhenotype:0000189,phenotype,hypodermis disorganized,8
12827,2835,drug,nicotinic acid,3
12828,ENSEMBL:ENSPTRG00000000573,gene,ENSEMBL:ENSPTRG00000000573,4
12829,ENSEMBL:ENSCAFG00000010910,gene,FEZ1,4
12830,ENSEMBL:ENSSSCG00000013554,gene,TRIP10,4
12831,ENSEMBL:ENSCAFG00000017679,gene,ENSEMBL:ENSCAFG00000017679,4
12832,WBPhenotype:0001065,phenotype,fewer egg laying events during active,8
12833,MP:0003901,phenotype,abnormal PR interval,8
12834,HGNC:11007,gene,SLC2A3,4
12835,ENSEMBL:ENSACAG00000007703,gene,ENSEMBL:ENSACAG00000007703,4
12836,ENSEMBL:ENSMODG00000025180,gene,ENSEMBL:ENSMODG00000025180,4
12837,HGNC:30300,gene,WDR61,4
12838,ENSEMBL:ENSCAFG00000017535,gene,KIF23,4
12839,ENSEMBL:ENSFCAG00000028355,gene,ENSEMBL:ENSFCAG00000028355,4
12840,ENSEMBL:ENSPTRG00000024276,gene,ENSEMBL:ENSPTRG00000024276,4
12841,dictyBase:DDB_G0290629,gene,DDB0189005,4
12842,MONARCH:APO_0000046APO_0000005,phenotype,silencing:absent,8
12843,HP:0001266,phenotype,Choreoathetosis,8
12844,HGNC:2711,gene,DCTN1,4
12845,849,drug,diacerein,3
12846,FlyBase:FBgn0035113,gene,pyx,4
12847,ZFIN:ZDB-GENE-101026-4,gene,tcerg1b,4
12848,ENSEMBL:ENSECAG00000005572,gene,ENSEMBL:ENSECAG00000005572,4
12849,ENSEMBL:ENSPTRG00000013483,gene,ENSEMBL:ENSPTRG00000013483,4
12850,WBPhenotype:0000045,phenotype,developmental delay postembryonic,8
12851,ZP:0010451,phenotype,"nucleus skeletal muscle cell circular, abnormal",8
12852,SGD:S000002475,gene,DOS2,4
12853,MP:0001327,phenotype,decreased retinal photoreceptor cell number,8
12854,ENSEMBL:ENSACAG00000007521,gene,ENSEMBL:ENSACAG00000007521,4
12855,ZP:0009477,phenotype,"response to starvation process quality, abnormal",8
12856,HP:0002149,phenotype,Hyperuricemia,8
12857,HP:0000317,phenotype,Facial myokymia,8
12858,MP:0011093,phenotype,"embryonic lethality at implantation, complete penetrance",8
12859,ZP:0002309,phenotype,"eye necrotic, abnormal",8
12860,MONARCH:APO_0000106APO_0000003,phenotype,vegetative growth:decreased,8
12861,ENSEMBL:ENSECAG00000012008,gene,ENSEMBL:ENSECAG00000012008,4
12862,WormBase:WBGene00013883,gene,npr-13,4
12863,ENSEMBL:ENSSSCG00000021834,gene,ERCC6L,4
12864,HP:0011623,phenotype,Muscular ventricular septal defect,8
12865,ZP:0002086,phenotype,"erythrocyte differentiation disrupted, abnormal",8
12866,ENSEMBL:ENSOANG00000048360,gene,ENSEMBL:ENSOANG00000048360,4
12867,RGD:1588606,gene,Cad,4
12868,ENSEMBL:ENSBTAG00000031483,gene,A0A3Q1MR28,4
12869,ENSEMBL:ENSMODG00000013732,gene,ENSEMBL:ENSMODG00000013732,4
12870,HP:0000365,phenotype,Hearing impairment,8
12871,HGNC:3149,gene,ECH1,4
12872,ENSEMBL:ENSPTRG00000006931,gene,ENSEMBL:ENSPTRG00000006931,4
12873,MP:0008594,phenotype,decreased circulating interleukin-10 level,8
12874,WormBase:WBGene00018603,gene,F48E3.2,4
12875,PomBase:SPCC63.13,gene,SPCC63.13,4
12876,ZP:0000057,phenotype,"Meckel's cartilage decreased size, abnormal",8
12877,WormBase:WBGene00016373,gene,swd-2.1,4
12878,4832,drug,naloxegol,3
12879,dictyBase:DDB_G0269234,gene,act1,4
12880,ENSEMBL:ENSGALG00000037492,gene,MGRN1,4
12881,HP:0002495,phenotype,Impaired vibratory sensation,8
12882,ENSEMBL:ENSPTRG00000004718,gene,ENSEMBL:ENSPTRG00000004718,4
12883,ZFIN:ZDB-GENE-040801-40,gene,bag3,4
12884,ENSEMBL:ENSACAG00000004685,gene,ENSEMBL:ENSACAG00000004685,4
12885,MGI:87994,gene,Aldoa,4
12886,MP:0003695,phenotype,delayed blastocyst hatching from the zona pellucida,8
12887,MP:0005300,phenotype,abnormal corneal stroma morphology,8
12888,ENSEMBL:ENSECAG00000022516,gene,ENSEMBL:ENSECAG00000022516,4
12889,ENSEMBL:ENSPTRG00000007393,gene,ENSEMBL:ENSPTRG00000007393,4
12890,HP:0002084,phenotype,Encephalocele,8
12891,MGI:1312921,gene,Casp6,4
12892,ZP:0002361,phenotype,"endodermal cell decreased amount, abnormal",8
12893,ENSEMBL:ENSSSCG00000017018,gene,TENM2,4
12894,WBPhenotype:0001481,phenotype,thrashing increased,8
12895,ENSEMBL:ENSMMUG00000046892,gene,ENSEMBL:ENSMMUG00000046892,4
12896,ZP:0018955,phenotype,"posterior region whole organism malformed, abnormal",8
12897,WormBase:WBGene00007588,gene,C14C10.5,4
12898,MP:0009550,phenotype,increased urinary bladder carcinoma incidence,8
12899,MP:0008026,phenotype,abnormal brain white matter morphology,8
12900,WBPhenotype:0000134,phenotype,gene expression level reduced,8
12901,MP:0002908,phenotype,delayed wound healing,8
12902,WormBase:WBGene00018089,gene,F36D4.4,4
12903,HGNC:6628,gene,LLGL1,4
12904,MP:0008347,phenotype,decreased gamma-delta T cell number,8
12905,HGNC:8557,gene,PABPC4,4
12906,ENSEMBL:ENSCAFG00000011379,gene,FICD,4
12907,ENSEMBL:ENSFCAG00000015756,gene,ENSEMBL:ENSFCAG00000015756,4
12908,ENSEMBL:ENSACAG00000013472,gene,ENSEMBL:ENSACAG00000013472,4
12909,MP:0002717,phenotype,abnormal male preputial gland morphology,8
12910,ENSEMBL:ENSECAG00000009396,gene,ENSEMBL:ENSECAG00000009396,4
12911,Xenbase:XB-GENE-944850,gene,hk1,4
12912,ZP:0003688,phenotype,"oligodendrocyte decreased amount, abnormal",8
12913,MONARCH:APO_0000041APO_0000246,phenotype,sporulation:increased rate,8
12914,FlyBase:FBgn0028515,gene,EndoGI,4
12915,MP:0003059,phenotype,decreased insulin secretion,8
12916,ENSEMBL:ENSPTRG00000006477,gene,ENSEMBL:ENSPTRG00000006477,4
12917,WBPhenotype:0010004,phenotype,cell corpse degradation variant,8
12918,WBPhenotype:0001213,phenotype,locomotion reduced,8
12919,FlyBase:FBgn0035026,gene,Fcp1,4
12920,HGNC:463,gene,AMFR,4
12921,MP:0005306,phenotype,abnormal phalanx morphology,8
12922,ENSEMBL:ENSPTRG00000005014,gene,ENSEMBL:ENSPTRG00000005014,4
12923,ZFIN:ZDB-GENE-060929-600,gene,commd4,4
12924,HGNC:12505,gene,UBL4A,4
12925,HP:0003254,phenotype,Abnormality of DNA repair,8
12926,HGNC:3659,gene,FEZ1,4
12927,ENSEMBL:ENSSSCG00000001795,gene,SH3GL3,4
12928,ENSEMBL:ENSOANG00000042588,gene,ENSEMBL:ENSOANG00000042588,4
12929,ENSEMBL:ENSMMUG00000001645,gene,ENSEMBL:ENSMMUG00000001645,4
12930,Coriell:GM05668,biological artifact,NIGMS-GM05668,0
12931,dbSNPIndividual:22189,genotype,46;XY;add(2)(pter->q?31::?);der(6)(6pter->6q?13::2q?14.1->2qter)[5]/46;XY[15].arr(1-22)x2;(XY)x1 [GM04693],6
12932,ENSEMBL:ENSCAFG00000018632,gene,A0A5F4C2R1,4
12933,ENSEMBL:ENSECAG00000010954,gene,ENSEMBL:ENSECAG00000010954,4
12934,MP:0011624,phenotype,abnormal sensitization to xenobiotic,8
12935,ZFIN:ZDB-GENE-060512-329,gene,commd1,4
12936,MP:0013415,phenotype,increased myeloid cell number in bone marrow,8
12937,ZP:0001764,phenotype,"heart decreased size, abnormal",8
12938,ENSEMBL:ENSSSCG00000014416,gene,TCERG1,4
12939,ZP:0104396,phenotype,"caudal artery decreased amount, abnormal",8
12940,ZP:0001236,phenotype,"midbrain hindbrain boundary morphology, abnormal",8
12941,MP:0008235,phenotype,increased susceptibility to neuronal excitotoxicity,8
12942,APO:0000045,phenotype,sterile,8
12943,WBPhenotype:0001995,phenotype,cell cycle progression variant,8
12944,MP:0004046,phenotype,abnormal mitosis,8
12945,MP:0009161,phenotype,pancreatic acinar cell zymogen granule accumulation,8
12946,FlyBase:FBgn0266429,gene,AstA-R1,4
12947,ZP:0019801,phenotype,"neuroectoderm increased distribution, abnormal",8
12948,FlyBase:FBgn0039044,gene,p53,4
12949,MP:0006108,phenotype,abnormal hindbrain development,8
12950,WBPhenotype:0000095,phenotype,M lineage variant,8
12951,HP:0010803,phenotype,Everted upper lip vermilion,8
12952,MP:0005650,phenotype,abnormal limb bud morphology,8
12953,ZP:0137804,phenotype,"cardiac muscle cell bulbus arteriosus increased amount, abnormal",8
12954,MP:0003460,phenotype,decreased fear-related response,8
12955,ENSEMBL:ENSCAFG00000001100,gene,EFR3A,4
12956,Q60631,gene product,Growth factor receptor-bound protein 2,5
12957,dictyBase:DDB_G0278039,gene,polr2h,4
12958,ENSEMBL:ENSMMUG00000031106,gene,ENSEMBL:ENSMMUG00000031106,4
12959,ZP:0004597,phenotype,"metapterygoid morphology, abnormal",8
12960,HP:0001507,phenotype,Growth abnormality,8
12961,HGNC:9323,gene,PPP6C,4
12962,HP:0100247,phenotype,Recurrent singultus,8
12963,HP:0012533,phenotype,Allodynia,8
12964,ENSEMBL:ENSGALG00000007224,gene,ENSEMBL:ENSGALG00000007224,4
12965,ENSEMBL:ENSCAFG00000005788,gene,ENSEMBL:ENSCAFG00000005788,4
12966,MP:0004565,phenotype,small myocardial fiber,8
12967,ENSEMBL:ENSECAG00000035670,gene,ENSEMBL:ENSECAG00000035670,4
12968,ENSEMBL:ENSMMUG00000005091,gene,ENSEMBL:ENSMMUG00000005091,4
12969,MGI:104681,gene,Hgs,4
12970,MP:0000964,phenotype,small dorsal root ganglion,8
12971,dictyBase:DDB_G0271122,gene,ufd1,4
12972,MP:0000596,phenotype,abnormal liver development,8
12973,ENSEMBL:ENSCAFG00000045717,gene,A0A5F4C8A6,4
12974,MGI:1201691,gene,Rnf4,4
12975,RGD:620578,gene,Sh3gl3,4
12976,ZP:0130873,phenotype,"axon spinal cord truncated, abnormal",8
12977,ENSEMBL:ENSSSCG00000011433,gene,WDR82,4
12978,FlyBase:FBgn0286784,gene,TER94,4
12979,ENSEMBL:ENSMODG00000009873,gene,ENSEMBL:ENSMODG00000009873,4
12980,FlyBase:FBgn0261394,gene,Prosalpha3,4
12981,Xenbase:XB-GENE-494779,gene,pacsin1,4
12982,ENSEMBL:ENSMODG00000017550,gene,ENSEMBL:ENSMODG00000017550,4
12983,ENSEMBL:ENSSSCG00000028805,gene,PTPRM,4
12984,FlyBase:FBgn0036505,gene,CG7945,4
12985,ZP:0006871,phenotype,"spindle ciliary marginal zone apical-basal polarity, abnormal",8
12986,RGD:708460,gene,Ppp6c,4
12987,ENSEMBL:ENSFCAG00000008968,gene,ENSEMBL:ENSFCAG00000008968,4
12988,RGD:1310488,gene,Syvn1,4
12989,dictyBase:DDB_G0282369,gene,ubqG,4
12990,HP:0000272,phenotype,Malar flattening,8
12991,dictyBase:DDB_G0285101,gene,kif4,4
12992,918,drug,diphenoxylate,3
12993,ENSEMBL:ENSMMUG00000012601,gene,ENSEMBL:ENSMMUG00000012601,4
12994,MGI:107532,gene,Kpnb1,4
12995,ZP:0008029,phenotype,"ventricular myocardium decreased size, abnormal",8
12996,MP:0004953,phenotype,decreased spleen weight,8
12997,MP:0020434,phenotype,increased astrocyte size,8
12998,ZP:0001323,phenotype,"brain development disrupted, abnormal",8
12999,Xenbase:XB-GENE-489122,gene,actn2,4
13000,FlyBase:FBgn0003977,gene,vir,4
13001,MP:0020157,phenotype,abnormal behavioral response to alcohol,8
13002,ZP:0018606,phenotype,"rhombomere 4 decreased length, abnormal",8
13003,ENSEMBL:ENSMMUG00000018931,gene,ENSEMBL:ENSMMUG00000018931,4
13004,MONARCH:APO_0000131APO_0000004,phenotype,protein/peptide modification:increased,8
13005,HP:0001075,phenotype,Atrophic scars,8
13006,ENSEMBL:ENSSSCG00000038628,gene,SKP1,4
13007,SGD:S000002716,gene,SRB7,4
13008,WormBase:WBGene00010265,gene,F58G1.3,4
13009,MGI:1349717,gene,Ncor1,4
13010,MONARCH:APO_0000047APO_0000004,phenotype,transposable element transposition:increased,8
13011,ZFIN:ZDB-GENE-040426-1404,gene,wipi1,4
13012,dictyBase:DDB_G0277957,gene,DDB0204324,4
13013,FlyBase:FBgn0265464,gene,Traf6,4
13014,ZP:0003589,phenotype,"gut endothelial cell morphology, abnormal",8
13015,ZP:0003999,phenotype,"brain degeneration, abnormal",8
13016,MP:0003734,phenotype,abnormal retinal inner plexiform layer morphology,8
13017,ENSEMBL:ENSOANG00000050636,gene,ENSEMBL:ENSOANG00000050636,4
13018,HP:0025097,phenotype,Eyelid myoclonus,8
13019,MONARCH:APO_0000275APO_0000005,phenotype,prion inheritance:absent,8
13020,ZP:0002230,phenotype,"axon CaP motoneuron decreased length, abnormal",8
13021,HP:0000778,phenotype,Hypoplasia of the thymus,8
13022,FlyBase:FBgn0003888,gene,betaTub60D,4
13023,MP:0004247,phenotype,small pancreas,8
13024,ENSEMBL:ENSCAFG00000001610,gene,VPS28,4
13025,ENSEMBL:ENSPTRG00000004404,gene,ENSEMBL:ENSPTRG00000004404,4
13026,dictyBase:DDB_G0272454,gene,DDB0217014,4
13027,dictyBase:DDB_G0276227,gene,DDB0229988,4
13028,ZP:0002703,phenotype,"larval locomotory behavior arrested, abnormal",8
13029,ENSEMBL:ENSMODG00000007009,gene,ENSEMBL:ENSMODG00000007009,4
13030,ENSEMBL:ENSSSCG00000022507,gene,ENSEMBL:ENSSSCG00000022507,4
13031,WBPhenotype:0000476,phenotype,progressive muscle detachment,8
13032,SGD:S000005334,gene,BRE5,4
13033,ENSEMBL:ENSGALG00000035804,gene,ENSEMBL:ENSGALG00000035804,4
13034,MGI:2143994,gene,Psme4,4
13035,MP:0008083,phenotype,decreased single-positive T cell number,8
13036,MP:0000826,phenotype,abnormal third ventricle morphology,8
13037,SGD:S000003210,gene,KAP114,4
13038,dictyBase:DDB_G0290901,gene,gefK,4
13039,ENSEMBL:ENSOANG00000005083,gene,ENSEMBL:ENSOANG00000005083,4
13040,ENSEMBL:ENSGALG00000007752,gene,COPS7B,4
13041,ZP:0005734,phenotype,"muscle morphology, abnormal",8
13042,ENSEMBL:ENSCAFG00000041420,gene,ENSEMBL:ENSCAFG00000041420,4
13043,ENSEMBL:ENSRNOG00000061099,gene,A0A0G2JVI3,4
13044,RGD:1311158,gene,Brf1,4
13045,EFO:0009270,phenotype,heel bone mineral density,8
13046,dictyBase:DDB_G0290263,gene,pho2a,4
13047,ZFIN:ZDB-GENE-040625-127,gene,ppih,4
13048,SGD:S000002924,gene,EMI2,4
13049,ENSEMBL:ENSECAG00000015611,gene,ENSEMBL:ENSECAG00000015611,4
13050,Xenbase:XB-GENE-5817381,gene,hk2,4
13051,MONARCH:APO_0000083APO_0000003,phenotype,oxidative stress resistance:decreased,8
13052,ZP:0100205,phenotype,"retina increased occurrence Notch signaling pathway, abnormal",8
13053,dictyBase:DDB_G0280435,gene,dynA,4
13054,WBPhenotype:0000461,phenotype,paraquat resistant,8
13055,ENSEMBL:ENSFCAG00000007793,gene,ENSEMBL:ENSFCAG00000007793,4
13056,ENSEMBL:ENSECAG00000034339,gene,ENSEMBL:ENSECAG00000034339,4
13057,ENSEMBL:ENSMODG00000011967,gene,ENSEMBL:ENSMODG00000011967,4
13058,HGNC:6180,gene,ITPR1,4
13059,HP:0011115,phenotype,Abnormality of chemokine secretion,8
13060,ENSEMBL:ENSECAG00000036217,gene,ENSEMBL:ENSECAG00000036217,4
13061,MGI:1915881,gene,Cryl1,4
13062,ENSEMBL:ENSPTRG00000013342,gene,ENSEMBL:ENSPTRG00000013342,4
13063,ENSEMBL:ENSFCAG00000028897,gene,ENSEMBL:ENSFCAG00000028897,4
13064,WormBase:WBGene00003024,gene,lin-39,4
13065,MGI:1915149,gene,Cmc1,4
13066,ZP:0000917,phenotype,"ventral mandibular arch aplastic, abnormal",8
13067,ENSEMBL:ENSACAG00000002723,gene,ENSEMBL:ENSACAG00000002723,4
13068,HP:0002614,phenotype,Hepatic periportal necrosis,8
13069,ZFIN:ZDB-GENE-130530-690,gene,map1b,4
13070,ENSEMBL:ENSGALG00000011278,gene,KAT2B,4
13071,HP:0000789,phenotype,Infertility,8
13072,ENSEMBL:ENSMODG00000014313,gene,ENSEMBL:ENSMODG00000014313,4
13073,Coriell:GM03645,biological artifact,NIGMS-GM03645,0
13074,WBPhenotype:0001846,phenotype,phagosome maturation defective,8
13075,ZFIN:ZDB-GENE-020326-1,gene,psma6a,4
13076,ZP:0002231,phenotype,"head pointed, abnormal",8
13077,MP:0000805,phenotype,abnormal visual cortex morphology,8
13078,ZFIN:ZDB-GENE-030131-8308,gene,calm1a,4
13079,ZFIN:ZDB-GENE-040426-1089,gene,zgc:56596,4
13080,ZP:0006865,phenotype,"chromosome segregation process quality, abnormal",8
13081,ZP:0011824,phenotype,"secondary lysosome EVL increased amount, abnormal",8
13082,WormBase:WBGene00001225,gene,eif-3.B,4
13083,ENSEMBL:ENSGALG00000042213,gene,AP1B1,4
13084,ENSEMBL:ENSGALG00000004115,gene,ENSEMBL:ENSGALG00000004115,4
13085,ENSEMBL:ENSFCAG00000010390,gene,ENSEMBL:ENSFCAG00000010390,4
13086,WormBase:WBGene00019624,gene,rnst-2,4
13087,MP:0005033,phenotype,abnormal trophoblast giant cell morphology,8
13088,ENSEMBL:ENSMODG00000013675,gene,ENSEMBL:ENSMODG00000013675,4
13089,FlyBase:FBgn0042178,gene,Apl,4
13090,ENSEMBL:ENSACAG00000017226,gene,ENSEMBL:ENSACAG00000017226,4
13091,MGI:700011,gene,Sh3gl3,4
13092,ENSEMBL:ENSSSCG00000027718,gene,HAUS3,4
13093,HP:0003687,phenotype,Centrally nucleated skeletal muscle fibers,8
13094,ENSEMBL:ENSCAFG00000017823,gene,A0A5F4D0Q5,4
13095,WBPhenotype:0000103,phenotype,gut granule development variant,8
13096,HP:0012776,phenotype,Abnormal ciliary body morphology,8
13097,ENSEMBL:ENSGALG00000002688,gene,ENSEMBL:ENSGALG00000002688,4
13098,MONARCH:APO_0000085APO_0000003,phenotype,UV resistance:decreased,8
13099,HP:0002069,phenotype,Bilateral tonic-clonic seizure,8
13100,1045,drug,erlotinib,3
13101,MGI:6294293,genotype,Tg(Prnp-HTT*82Q)8AGschi [involves: C3H/HeJ * C57BL/6J],6
13102,ENSEMBL:ENSECAG00000038178,gene,ENSEMBL:ENSECAG00000038178,4
13103,ZP:0011581,phenotype,"post-vent vasculature malformed, abnormal",8
13104,HP:0001305,phenotype,Dandy-Walker malformation,8
13105,ZFIN:ZDB-GENE-041104-1,gene,prmt2,4
13106,ZP:0001337,phenotype,"whole organism increased occurrence apoptotic process, abnormal",8
13107,HP:0100749,phenotype,Chest pain,8
13108,ENSEMBL:ENSECAG00000018467,gene,ENSEMBL:ENSECAG00000018467,4
13109,HGNC:4775,gene,H3C10,4
13110,RGD:1359718,gene,Wdr45,4
13111,EFO:1002011,phenotype,adult onset asthma,8
13112,ZP:0137434,phenotype,"posterior segment eye lacks parts or has fewer parts of type proximal side retinal pigmented epithelium, abnormal",8
13113,ENSEMBL:ENSMODG00000015810,gene,ENSEMBL:ENSMODG00000015810,4
13114,PomBase:SPBC1711.06,gene,rpl401,4
13115,MP:0006346,phenotype,small pharyngeal arch,8
13116,HP:0032388,phenotype,Periventricular nodular heterotopia,8
13117,ENSEMBL:ENSECAG00000016488,gene,ENSEMBL:ENSECAG00000016488,4
13118,ZP:0006355,phenotype,"endoplasmic reticulum eye photoreceptor cell dilated, abnormal",8
13119,ENSEMBL:ENSSSCG00025021718,gene,ENSEMBL:ENSSSCG00025021718,4
13120,WBPhenotype:0000174,phenotype,basal lamina development variant,8
13121,MP:0001195,phenotype,flaky skin,8
13122,ENSEMBL:ENSCAFG00000049704,gene,A0A5F4CDM6,4
13123,ENSEMBL:ENSECAG00000001106,gene,ENSEMBL:ENSECAG00000001106,4
13124,EFO:0000409,phenotype,disease free survival,8
13125,MGI:3586839,genotype,Htt<tm1Hay>/Htt<+> [involves: C57BL/6J],6
13126,ENSEMBL:ENSPTRG00000009289,gene,ENSEMBL:ENSPTRG00000009289,4
13127,ENSEMBL:ENSFCAG00000023994,gene,ENSEMBL:ENSFCAG00000023994,4
13128,MP:0003037,phenotype,increased myocardial infarct size,8
13129,MP:0010276,phenotype,increased intraocular melanoma incidence,8
13130,ENSEMBL:ENSSSCG00000041972,gene,ENSEMBL:ENSSSCG00000041972,4
13131,ZP:0005847,phenotype,"photoreceptor outer segment photoreceptor cell decreased length, abnormal",8
13132,Xenbase:XB-GENE-991720,gene,cnot2,4
13133,ENSEMBL:ENSFCAG00000022017,gene,ENSEMBL:ENSFCAG00000022017,4
13134,FlyBase:FBgn0259824,gene,Hip14,4
13135,MP:0010363,phenotype,increased fibrosarcoma incidence,8
13136,90,drug,adenosine,3
13137,MP:0005006,phenotype,abnormal osteoblast physiology,8
13138,MP:0006267,phenotype,abnormal intercalated disk morphology,8
13139,HP:0001629,phenotype,Ventricular septal defect,8
13140,HGNC:4527,gene,C5AR2,4
13141,SGD:S000001550,gene,YNK1,4
13142,MGI:3528066,genotype,Tg(HDexon1)62Gpb; Tgm2<tm1.1Rmgr>/Tgm2<tm1.1Rmgr> [involves: 129X1/SvJ * C57BL/6 * CBA],6
13143,ENSEMBL:ENSBTAG00000008110,gene,ENSEMBL:ENSBTAG00000008110,4
13144,dictyBase:DDB_G0285149,gene,DDB_G0285149,4
13145,WormBase:WBGene00009977,gene,swan-1,4
13146,ENSEMBL:ENSACAG00000009470,gene,ENSEMBL:ENSACAG00000009470,4
13147,ENSEMBL:ENSGALG00000051188,gene,LOC107054704,4
13148,WBPhenotype:0001418,phenotype,organism hypersensitive desiccation,8
13149,SGD:S000000927,gene,RSP5,4
13150,MP:0001553,phenotype,abnormal circulating free fatty acids level,8
13151,HP:0011390,phenotype,Morphological abnormality of the inner ear,8
13152,ZP:0018607,phenotype,"rhombomere 3 morphogenesis process quality, abnormal",8
13153,1803,drug,midodrine,3
13154,ZFIN:ZDB-GENE-050327-59,gene,eif4e2,4
13155,ENSEMBL:ENSSSCG00000002846,gene,ENSEMBL:ENSSSCG00000002846,4
13156,WBPhenotype:0002560,phenotype,burrowing in response to high population density increased,8
13157,ZP:0019501,phenotype,"brain increased amount, abnormal",8
13158,HP:0007108,phenotype,Demyelinating peripheral neuropathy,8
13159,MP:0010890,phenotype,decreased alveolar lamellar body number,8
13160,WormBase:WBGene00004822,gene,skr-16,4
13161,ZP:0019273,phenotype,"pronephros decreased occurrence multi-ciliated epithelial cell differentiation, abnormal",8
13162,dictyBase:DDB_G0268116,gene,DDB0189785,4
13163,MGI:2444630,gene,Dmxl2,4
13164,WBPhenotype:0001908,phenotype,ventral closure defective,8
13165,MP:0012411,phenotype,increased granulosa cell tumor incidence,8
13166,HP:0003022,phenotype,Hypoplasia of the ulna,8
13167,ZFIN:ZDB-GENE-060929-492,gene,rangap1a,4
13168,MP:0004100,phenotype,abnormal spinal cord interneuron morphology,8
13169,MP:0002591,phenotype,decreased mean corpuscular volume,8
13170,WBPhenotype:0000411,phenotype,rod like larval lethal,8
13171,MP:0020467,phenotype,abnormal circadian behavior,8
13172,WBPhenotype:0001041,phenotype,meiosis defective early emb,8
13173,MP:0000939,phenotype,decreased motor neuron number,8
13174,ENSEMBL:ENSFCAG00000013102,gene,ENSEMBL:ENSFCAG00000013102,4
13175,WBPhenotype:0001428,phenotype,intestinal vacuole,8
13176,ZP:0019917,phenotype,"double-strand break repair via alternative nonhomologous end joining decreased process quality, abnormal",8
13177,HP:0002460,phenotype,Distal muscle weakness,8
13178,ENSEMBL:ENSGALG00000000377,gene,ENSEMBL:ENSGALG00000000377,4
13179,ENSEMBL:ENSBTAG00000009985,gene,ENSEMBL:ENSBTAG00000009985,4
13180,MP:0005397,phenotype,hematopoietic system phenotype,8
13181,MGI:1276527,gene,H2-M10.4,4
13182,SGD:S000004818,gene,PFK2,4
13183,MP:0001396,phenotype,unidirectional circling,8
13184,ZP:0004741,phenotype,"neuron development process quality, abnormal",8
13185,WormBase:WBGene00020246,gene,clic-1,4
13186,WBPhenotype:0001652,phenotype,anchor cell invasion variant,8
13187,ENSEMBL:ENSBTAG00000052071,gene,ENSEMBL:ENSBTAG00000052071,4
13188,FBcv:0002026,phenotype,lethal - all die before end of prepupal stage,8
13189,HP:0007366,phenotype,Atrophy/Degeneration affecting the brainstem,8
13190,PomBase:SPBC12D12.04c,gene,pck2,4
13191,MP:0000438,phenotype,abnormal cranium morphology,8
13192,ENSEMBL:ENSMODG00000009033,gene,ENSEMBL:ENSMODG00000009033,4
13193,HP:0007204,phenotype,Diffuse white matter abnormalities,8
13194,dictyBase:DDB_G0280037,gene,ddj1,4
13195,ENSEMBL:ENSFCAG00000029885,gene,ENSEMBL:ENSFCAG00000029885,4
13196,WBPhenotype:0000711,phenotype,organism hypersensitive ionizing radiation,8
13197,MP:0005322,phenotype,abnormal serotonin level,8
13198,ZP:0000396,phenotype,"nucleate erythrocyte decreased amount, abnormal",8
13199,WormBase:WBGene00010497,gene,axl-1,4
13200,MP:0000875,phenotype,abnormal cerebellar Purkinje cell layer,8
13201,MP:0005448,phenotype,abnormal energy homeostasis,8
13202,PomBase:SPCC31H12.05c,gene,sds21,4
13203,RGD:61306,gene,Hspb1,4
13204,dictyBase:DDB_G0283597,gene,eif3B,4
13205,WBPhenotype:0002095,phenotype,lysosome-related organelle morphology variant,8
13206,MP:0010088,phenotype,decreased circulating fructosamine level,8
13207,MONARCH:APO_0000075APO_0000005,phenotype,endocytosis:absent,8
13208,Coriell:GM05682,biological artifact,NIGMS-GM05682,0
13209,ENSEMBL:ENSRNOG00000061474,gene,ENSEMBL:ENSRNOG00000061474,4
13210,MP:0005655,phenotype,increased aggression,8
13211,MP:0004163,phenotype,abnormal adenohypophysis morphology,8
13212,FlyBase:FBgn0015790,gene,Rab11,4
13213,ENSEMBL:ENSCAFG00000014883,gene,ENSEMBL:ENSCAFG00000014883,4
13214,ENSEMBL:ENSGALG00000002107,gene,RANBP1,4
13215,MGI:1098280,gene,Crebbp,4
13216,WBPhenotype:0001687,phenotype,surface antigenicity variant,8
13217,ENSEMBL:ENSBTAG00000012537,gene,CASP6,4
13218,ZP:0103127,phenotype,"atrium increased area, abnormal",8
13219,Xenbase:XB-GENE-1011796,gene,fan1,4
13220,WBPhenotype:0001946,phenotype,pachytene progression during oogenesis variant,8
13221,ENSEMBL:ENSMMUG00000004379,gene,ENSEMBL:ENSMMUG00000004379,4
13222,ZFIN:ZDB-GENE-040426-2845,gene,cnot8,4
13223,ENSEMBL:ENSOANG00000011034,gene,ENSEMBL:ENSOANG00000011034,4
13224,MP:0003190,phenotype,fused synovial joints,8
13225,HGNC:10697,gene,SEC13,4
13226,MGI:96247,gene,Hsp90ab1,4
13227,ENSEMBL:ENSBTAG00000024015,gene,PTPRM,4
13228,ZP:0005764,phenotype,"pancreas absent, abnormal",8
13229,ENSEMBL:ENSGALG00000032287,gene,ENSEMBL:ENSGALG00000032287,4
13230,ZP:0007177,phenotype,"startle response decreased process quality, abnormal",8
13231,WBPhenotype:0000154,phenotype,reduced brood size,8
13232,ZP:0003828,phenotype,"blood vessel endothelial cell migration disrupted, abnormal",8
13233,SGD:S000000133,gene,APL3,4
13234,ENSEMBL:ENSPTRG00000039250,gene,ENSEMBL:ENSPTRG00000039250,4
13235,MONARCH:APO_0000039APO_0000002,phenotype,meiosis:abnormal,8
13236,ENSEMBL:ENSECAG00000009890,gene,ENSEMBL:ENSECAG00000009890,4
13237,ENSEMBL:ENSBTAG00000025191,gene,ENSEMBL:ENSBTAG00000025191,4
13238,WBPhenotype:0002176,phenotype,seam cell morphology variant,8
13239,ENSEMBL:ENSCAFG00000024483,gene,A0A5F4DFL8,4
13240,HP:0000122,phenotype,Unilateral renal agenesis,8
13241,Xenbase:XB-GENE-984815,gene,gga1,4
13242,EFO:0007014,phenotype,3-hydroxypropylmercapturic acid measurement,8
13243,ENSEMBL:ENSFCAG00000005241,gene,ENSEMBL:ENSFCAG00000005241,4
13244,WBPhenotype:0000697,phenotype,protruding vulva,8
13245,ENSEMBL:ENSGALG00000000349,gene,PSMC5,4
13246,ZP:0017652,phenotype,"pronephric proximal straight tubule mislocalised posteriorly, abnormal",8
13247,RGD:628849,gene,Ostf1,4
13248,ENSEMBL:ENSSSCG00000023437,gene,ITPR1,4
13249,SGD:S000000665,gene,CPR4,4
13250,HP:0012304,phenotype,Hypoplastic aortic arch,8
13251,WBPhenotype:0001833,phenotype,membrane trafficking variant,8
13252,ENSEMBL:ENSFCAG00000013147,gene,ENSEMBL:ENSFCAG00000013147,4
13253,ENSEMBL:ENSPTRG00000044817,gene,ENSEMBL:ENSPTRG00000044817,4
13254,ENSEMBL:ENSFCAG00000022558,gene,ENSEMBL:ENSFCAG00000022558,4
13255,ZP:0002246,phenotype,"hyomandibula decreased size, abnormal",8
13256,WBPhenotype:0000245,phenotype,SM migration variant,8
13257,ZP:0100085,phenotype,"pronephros development decreased process quality, abnormal",8
13258,ENSEMBL:ENSECAG00000022878,gene,ENSEMBL:ENSECAG00000022878,4
13259,FBcv:0000446,phenotype,melanotic mass phenotype,8
13260,2370,drug,reserpine,3
13261,ZFIN:ZDB-GENE-030804-2,gene,calm1b,4
13262,dictyBase:DDB_G0272032,gene,gefG,4
13263,HP:0011808,phenotype,Decreased patellar reflex,8
13264,O14920,gene product,Inhibitor of nuclear factor kappa-B kinase subunit beta,5
13265,ENSEMBL:ENSCAFG00000044459,gene,HYPK,4
13266,WBPhenotype:0001932,phenotype,myopodia present,8
13267,ENSEMBL:ENSECAG00000016628,gene,ENSEMBL:ENSECAG00000016628,4
13268,ENSEMBL:ENSBTAG00000003748,gene,CNOT2,4
13269,ENSEMBL:ENSACAG00000010678,gene,ENSEMBL:ENSACAG00000010678,4
13270,ENSEMBL:ENSPTRG00000007710,gene,ENSEMBL:ENSPTRG00000007710,4
13271,ENSEMBL:ENSACAG00000010065,gene,ENSEMBL:ENSACAG00000010065,4
13272,ZP:0003851,phenotype,"mitochondrion whole organism decreased functionality, abnormal",8
13273,FlyBase:FBgn0026206,gene,mei-P26,4
13274,Xenbase:XB-GENE-493024,gene,vim,4
13275,MP:0003036,phenotype,vertebral transformation,8
13276,ZP:0000869,phenotype,"anterior-posterior axis whole organism shortened, abnormal",8
13277,ZP:0001696,phenotype,"swim bladder quality, abnormal",8
13278,MP:0010771,phenotype,integument phenotype,8
13279,WBPhenotype:0000679,phenotype,transgene subcellular localization variant,8
13280,MONARCH:APO_0000089APO_0000004,phenotype,budding index:increased,8
13281,ZFIN:ZDB-GENE-031110-4,gene,tubb5,4
13282,ZP:0016446,phenotype,"response to oxidative stress process quality, abnormal",8
13283,HP:0011161,phenotype,Focal sensory seizure with olfactory features,8
13284,ENSEMBL:ENSBTAG00000016313,gene,ENSEMBL:ENSBTAG00000016313,4
13285,ENSEMBL:ENSFCAG00000026914,gene,ENSEMBL:ENSFCAG00000026914,4
13286,WBPhenotype:0001676,phenotype,touch receptor cell morphology variant,8
13287,ZP:0010293,phenotype,"post-vent region neoplastic, abnormal",8
13288,MGI:2146901,gene,Trip10,4
13289,ENSEMBL:ENSPTRG00000048790,gene,ENSEMBL:ENSPTRG00000048790,4
13290,WBPhenotype:0002192,phenotype,extra sex myoblasts,8
13291,HGNC:6836,gene,MAP1B,4
13292,MP:0013917,phenotype,persistent right 6th pharyngeal arch artery,8
13293,ZP:0000606,phenotype,"developmental process delayed, abnormal",8
13294,ENSEMBL:ENSBTAG00000007599,gene,ENSEMBL:ENSBTAG00000007599,4
13295,HP:0002583,phenotype,Colitis,8
13296,RGD:1309875,gene,Lig3,4
13297,HP:0008669,phenotype,Abnormal spermatogenesis,8
13298,HP:0002020,phenotype,Gastroesophageal reflux,8
13299,HP:0000590,phenotype,Progressive external ophthalmoplegia,8
13300,HP:0012443,phenotype,Abnormality of brain morphology,8
13301,EFO:0004339,phenotype,body height,8
13302,RGD:628594,gene,Rasd2,4
13303,ENSEMBL:ENSFCAG00000018784,gene,ENSEMBL:ENSFCAG00000018784,4
13304,PomBase:SPBC18H10.03,gene,tif307,4
13305,HP:0000666,phenotype,Horizontal nystagmus,8
13306,HP:0000722,phenotype,Obsessive-compulsive behavior,8
13307,MONARCH:APO_0000110APO_0000004,phenotype,competitive fitness:increased,8
13308,HGNC:4584,gene,GRIN1,4
13309,WBPhenotype:0001268,phenotype,induced cell death variant,8
13310,dictyBase:DDB_G0289667,gene,gefD,4
13311,HP:0003429,phenotype,CNS hypomyelination,8
13312,dbSNP:rs4736525,variant,rs4736525-?,10
13313,ENSEMBL:ENSMMUG00000004994,gene,ENSEMBL:ENSMMUG00000004994,4
13314,HGNC:29441,gene,KIF18A,4
13315,ENSEMBL:ENSBTAG00000016598,gene,DYNC1H1,4
13316,ENSEMBL:ENSMODG00000011679,gene,ENSEMBL:ENSMODG00000011679,4
13317,ZP:0001262,phenotype,"thigmotaxis disrupted, abnormal",8
13318,RGD:620218,gene,Creb1,4
13319,ZP:0001543,phenotype,"cardiac muscle cell decreased size, abnormal",8
13320,ENSEMBL:ENSFCAG00000002140,gene,ENSEMBL:ENSFCAG00000002140,4
13321,WormBase:WBGene00019665,gene,K11H12.9,4
13322,HGNC:11205,gene,SP1,4
13323,ENSEMBL:ENSXETG00000023370,gene,ENSEMBL:ENSXETG00000023370,4
13324,ENSEMBL:ENSRNOG00000059770,gene,F1M9F3,4
13325,MP:0003060,phenotype,increased aerobic running capacity,8
13326,MP:0009385,phenotype,abnormal dermal pigmentation,8
13327,ENSEMBL:ENSMMUG00000002021,gene,ENSEMBL:ENSMMUG00000002021,4
13328,114,drug,alfentanil,3
13329,ENSEMBL:ENSPTRG00000015954,gene,ENSEMBL:ENSPTRG00000015954,4
13330,ENSEMBL:ENSECAG00000015670,gene,ENSEMBL:ENSECAG00000015670,4
13331,ZP:0006352,phenotype,"extracellular matrix chondrocyte decreased mass density, abnormal",8
13332,475,drug,candesartan cilexetil,3
13333,ZP:0000177,phenotype,"hindbrain development disrupted, abnormal",8
13334,ZP:0020730,phenotype,"midbrain hindbrain boundary decreased amount, abnormal",8
13335,ZP:0004160,phenotype,"pharyngeal arch 3-7 skeleton aplastic, abnormal",8
13336,HP:0003470,phenotype,Paralysis,8
13337,ENSEMBL:ENSOANG00000050784,gene,ENSEMBL:ENSOANG00000050784,4
13338,MP:0010878,phenotype,increased trabecular bone volume,8
13339,ENSEMBL:ENSACAG00000000665,gene,ENSEMBL:ENSACAG00000000665,4
13340,FlyBase:FBgn0015778,gene,rin,4
13341,Coriell:GM04831,biological artifact,NIGMS-GM04831,0
13342,ENSEMBL:ENSSSCG00000004639,gene,USP8,4
13343,WBPhenotype:0001509,phenotype,rays missing,8
13344,MP:0001923,phenotype,reduced female fertility,8
13345,HP:0000963,phenotype,Thin skin,8
13346,HGNC:4897,gene,HGS,4
13347,ZP:0006870,phenotype,"spindle ciliary marginal zone increased amount, abnormal",8
13348,ENSEMBL:ENSFCAG00000011994,gene,ENSEMBL:ENSFCAG00000011994,4
13349,ENSEMBL:ENSCAFG00000000994,gene,SKP1,4
13350,WormBase:WBGene00008805,gene,git-1,4
13351,HGNC:19022,gene,HSPA12A,4
13352,PomBase:SPBC428.16c,gene,rhb1,4
13353,ENSEMBL:ENSECAG00000021116,gene,ENSEMBL:ENSECAG00000021116,4
13354,Coriell:GM04727,biological artifact,NIGMS-GM04727,0
13355,WBPhenotype:0000532,phenotype,body region morphology variant,8
13356,PomBase:SPAC23C11.11,gene,cka1,4
13357,ENSEMBL:ENSECAG00000013294,gene,ENSEMBL:ENSECAG00000013294,4
13358,MP:0005551,phenotype,abnormal eye electrophysiology,8
13359,WBPhenotype:0001806,phenotype,protein stabilization variant,8
13360,ENSEMBL:ENSECAG00000022985,gene,ENSEMBL:ENSECAG00000022985,4
13361,HGNC:11125,gene,SUMO2,4
13362,ENSEMBL:ENSMODG00000012505,gene,ENSEMBL:ENSMODG00000012505,4
13363,MP:0002705,phenotype,dilated renal tubules,8
13364,MP:0011998,phenotype,decreased embryonic cilium length,8
13365,ENSEMBL:ENSRNOG00000060540,gene,ENSEMBL:ENSRNOG00000060540,4
13366,ZP:0002189,phenotype,"axon facial nerve motor nucleus decreased length, abnormal",8
13367,ENSEMBL:ENSECAG00000009115,gene,ENSEMBL:ENSECAG00000009115,4
13368,ZP:0019155,phenotype,"eye photoreceptor cell accumulation photoreceptor inner segment vesicle eye photoreceptor cell, abnormal",8
13369,MP:0008877,phenotype,abnormal DNA methylation,8
13370,MP:0001488,phenotype,increased startle reflex,8
13371,MP:0009888,phenotype,palatal shelves fail to meet at midline,8
13372,MP:0000422,phenotype,delayed hair appearance,8
13373,ZP:0000538,phenotype,"cardiac muscle cell atrial myocardium increased amount, abnormal",8
13374,ENSEMBL:ENSPTRG00000002352,gene,ENSEMBL:ENSPTRG00000002352,4
13375,ENSEMBL:ENSACAG00000012694,gene,ENSEMBL:ENSACAG00000012694,4
13376,MP:0005318,phenotype,decreased triglyceride level,8
13377,ENSEMBL:ENSOANG00000000714,gene,ENSEMBL:ENSOANG00000000714,4
13378,ENSEMBL:ENSPTRG00000049813,gene,ENSEMBL:ENSPTRG00000049813,4
13379,MP:0011975,phenotype,neuronal cytoplasmic inclusions,8
13380,WBPhenotype:0000761,phenotype,spindle position orientation defective early emb,8
13381,HP:0012091,phenotype,Abnormality of pancreas physiology,8
13382,ENSEMBL:ENSSSCG00000011407,gene,ENSEMBL:ENSSSCG00000011407,4
13383,ENSEMBL:ENSCAFG00000000842,gene,RNASET2,4
13384,HP:0002521,phenotype,Hypsarrhythmia,8
13385,ZP:0019546,phenotype,"opercle decreased amount, abnormal",8
13386,ENSEMBL:ENSECAG00000038311,gene,ENSEMBL:ENSECAG00000038311,4
13387,ZP:0004000,phenotype,"retinal ganglion cell layer decayed, abnormal",8
13388,ENSEMBL:ENSGALG00000031832,gene,IKBKB,4
13389,FlyBase:FBgn0034838,gene,CG12782,4
13390,ZP:0005801,phenotype,"cilium olfactory pit decreased amount, abnormal",8
13391,ENSEMBL:ENSMMUG00000001873,gene,ENSEMBL:ENSMMUG00000001873,4
13392,ENSEMBL:ENSFCAG00000018390,gene,ENSEMBL:ENSFCAG00000018390,4
13393,ENSEMBL:ENSSSCG00000011342,gene,ENSEMBL:ENSSSCG00000011342,4
13394,ENSEMBL:ENSMMUG00000004401,gene,ENSEMBL:ENSMMUG00000004401,4
13395,ENSEMBL:ENSFCAG00000027807,gene,ENSEMBL:ENSFCAG00000027807,4
13396,ENSEMBL:ENSFCAG00000027444,gene,ENSEMBL:ENSFCAG00000027444,4
13397,ENSEMBL:ENSACAG00000009549,gene,ENSEMBL:ENSACAG00000009549,4
13398,ENSEMBL:ENSFCAG00000029716,gene,ENSEMBL:ENSFCAG00000029716,4
13399,MP:0005093,phenotype,decreased B cell proliferation,8
13400,ENSEMBL:ENSMODG00000013663,gene,ENSEMBL:ENSMODG00000013663,4
13401,WormBase:WBGene00012245,gene,rbm-25,4
13402,WBPhenotype:0000508,phenotype,nonsense mRNA accumulation,8
13403,ENSEMBL:ENSMMUG00000014887,gene,ENSEMBL:ENSMMUG00000014887,4
13404,2551,drug,tacrine,3
13405,ENSEMBL:ENSBTAG00000014440,gene,ENSEMBL:ENSBTAG00000014440,4
13406,FBcv:0000702,phenotype,segment polarity phenotype,8
13407,dictyBase:DDB_G0284075,gene,DDB0185824,4
13408,ENSEMBL:ENSMODG00000020408,gene,ENSEMBL:ENSMODG00000020408,4
13409,MP:0011390,phenotype,abnormal fetal cardiomyocyte physiology,8
13410,MP:0000226,phenotype,abnormal mean corpuscular volume,8
13411,ENSEMBL:ENSGALG00000050637,gene,C5AR1,4
13412,1805,drug,mifepristone,3
13413,MP:0009115,phenotype,abnormal fat cell morphology,8
13414,ENSEMBL:ENSACAG00000013584,gene,ENSEMBL:ENSACAG00000013584,4
13415,HP:0002442,phenotype,Dyscalculia,8
13416,MP:0009199,phenotype,abnormal external male genitalia morphology,8
13417,ENSEMBL:ENSECAG00000015767,gene,ENSEMBL:ENSECAG00000015767,4
13418,MGI:2687364,gene,H2-M10.6,4
13419,WBPhenotype:0002369,phenotype,sister cell division timing asynchrony reduced,8
13420,WormBase:WBGene00006528,gene,tba-1,4
13421,ENSEMBL:ENSPTRG00000045185,gene,ENSEMBL:ENSPTRG00000045185,4
13422,HGNC:10474,gene,RUVBL1,4
13423,WormBase:WBGene00018467,gene,sdpn-1,4
13424,EnsemblGenome:AT3G21280,gene,EnsemblGenome:AT3G21280,4
13425,ZP:0007593,phenotype,"T-tubule fast muscle cell unlumenized, abnormal",8
13426,ENSEMBL:ENSOANG00000010454,gene,ENSEMBL:ENSOANG00000010454,4
13427,ZP:0003838,phenotype,"lipid droplet brain increased amount, abnormal",8
13428,ENSEMBL:ENSMODG00000025647,gene,ENSEMBL:ENSMODG00000025647,4
13429,ZP:0000138,phenotype,"chondrocyte disorganized, abnormal",8
13430,WBPhenotype:0000020,phenotype,pharyngeal pumping irregular,8
13431,MP:0005154,phenotype,increased B cell proliferation,8
13432,ZFIN:ZDB-GENE-030131-6334,gene,brf1a,4
13433,ZP:0137603,phenotype,"cardiac ventricle inverted, abnormal",8
13434,ENSEMBL:ENSSSCG00000012186,gene,MAGEB18,4
13435,1082,drug,ethinylestradiol,3
13436,MONARCH:APO_0000199APO_0000003,phenotype,chitin deposition:decreased,8
13437,MP:0009849,phenotype,increased vertical stereotypic behavior,8
13438,ENSEMBL:ENSOANG00000007430,gene,ENSEMBL:ENSOANG00000007430,4
13439,ENSEMBL:ENSSSCG00000009978,gene,ENSEMBL:ENSSSCG00000009978,4
13440,WBPhenotype:0001319,phenotype,endogenous synaptic event frequency reduced,8
13441,WBPhenotype:0001925,phenotype,oocytes disorganized,8
13442,RGD:2441,gene,Ctbp1,4
13443,MP:0001212,phenotype,skin lesions,8
13444,MP:0008525,phenotype,decreased cranium height,8
13445,ZP:0007908,phenotype,"posterior lateral line neuromast has fewer parts of type kinocilium neuromast, abnormal",8
13446,ENSEMBL:ENSMMUG00000015202,gene,ENSEMBL:ENSMMUG00000015202,4
13447,MP:0011089,phenotype,"perinatal lethality, complete penetrance",8
13448,MP:0004859,phenotype,abnormal synaptic plasticity,8
13449,ENSEMBL:ENSOANG00000042470,gene,ENSEMBL:ENSOANG00000042470,4
13450,MP:0008498,phenotype,decreased IgG3 level,8
13451,ZFIN:ZDB-GENE-050419-75,gene,plekha7a,4
13452,MP:0003927,phenotype,increased cellular glucose import,8
13453,ZFIN:ZDB-GENE-051202-1,gene,grin1a,4
13454,HP:0003107,phenotype,Abnormal circulating cholesterol concentration,8
13455,Coriell:GM04738,biological artifact,NIGMS-GM04738,0
13456,ZP:0004929,phenotype,"posterior cardinal vein morphology, abnormal",8
13457,Coriell:GM02166,biological artifact,NIGMS-GM02166,0
13458,ENSEMBL:ENSMMUG00000060815,gene,ENSEMBL:ENSMMUG00000060815,4
13459,MP:0003126,phenotype,abnormal external female genitalia morphology,8
13460,ENSEMBL:ENSMODG00000004495,gene,ENSEMBL:ENSMODG00000004495,4
13461,HP:0002875,phenotype,Exertional dyspnea,8
13462,Xenbase:XB-GENE-1004600,gene,msn,4
13463,ENSEMBL:ENSECAG00000006290,gene,ENSEMBL:ENSECAG00000006290,4
13464,SGD:S000006044,gene,RNY1,4
13465,MONARCH:APO_0000213APO_0000002,phenotype,spindle morphology:abnormal,8
13466,ZP:0000026,phenotype,"trunk decreased length, abnormal",8
13467,ZP:0007161,phenotype,"neural crest cell mislocalised, abnormal",8
13468,MP:0000706,phenotype,small thymus,8
13469,dbSNP:rs3013648,variant,rs3013648-?,10
13470,MP:0012043,phenotype,increased myoepithelioma incidence,8
13471,ZFIN:ZDB-GENE-030131-867,gene,atp2a2b,4
13472,ENSEMBL:ENSMMUG00000019563,gene,ENSEMBL:ENSMMUG00000019563,4
13473,ENSEMBL:ENSCAFG00000009963,gene,PSMD14,4
13474,ENSEMBL:ENSSSCG00000014343,gene,ENSEMBL:ENSSSCG00000014343,4
13475,HP:0002758,phenotype,Osteoarthritis,8
13476,ENSEMBL:ENSOANG00000040893,gene,ENSEMBL:ENSOANG00000040893,4
13477,ENSEMBL:ENSMODG00000005047,gene,ENSEMBL:ENSMODG00000005047,4
13478,ENSEMBL:ENSMODG00000006193,gene,ENSEMBL:ENSMODG00000006193,4
13479,HP:0003103,phenotype,Abnormal cortical bone morphology,8
13480,ZP:0018639,phenotype,"heart increased distribution, abnormal",8
13481,WormBase:WBGene00015552,gene,C06G3.6,4
13482,ENSEMBL:ENSCAFG00000011328,gene,EIF4E2,4
13483,ENSEMBL:ENSGALG00000049692,gene,A0A3Q3AYN2,4
13484,WBPhenotype:0001857,phenotype,pathogen induced gene expression variant,8
13485,ZP:0001720,phenotype,"pectoral fin kinked, abnormal",8
13486,ENSEMBL:ENSXETG00000033941,gene,eral1,4
13487,MGI:1919804,gene,Utp14a,4
13488,MP:0013307,phenotype,increased adrenal gland weight,8
13489,2663,drug,tilidine,3
13490,ENSEMBL:ENSFCAG00000033613,gene,ENSEMBL:ENSFCAG00000033613,4
13491,ENSEMBL:ENSPTRG00000002572,gene,ENSEMBL:ENSPTRG00000002572,4
13492,ENSEMBL:ENSACAG00000014684,gene,ENSEMBL:ENSACAG00000014684,4
13493,PomBase:SPAC22F3.11c,gene,snu23,4
13494,SGD:S000001620,gene,CMC1,4
13495,WormBase:WBGene00003902,gene,pab-1,4
13496,RGD:1311626,gene,Ube2k,4
13497,RGD:1310906,gene,Tardbp,4
13498,MP:0001154,phenotype,seminiferous tubule degeneration,8
13499,WBPhenotype:0002468,phenotype,translation rate reduced,8
13500,MP:0003987,phenotype,small vestibular ganglion,8
13501,MONARCH:APO_0000326APO_0000003,phenotype,desiccation resistance:decreased,8
13502,WormBase:WBGene00000561,gene,cnd-1,4
13503,ZP:0002914,phenotype,"adherens junction blood vessel endothelial cell physical object quality, abnormal",8
13504,MP:0002916,phenotype,increased synaptic depression,8
13505,MP:0010412,phenotype,atrioventricular septal defect,8
13506,MP:0001486,phenotype,abnormal startle reflex,8
13507,ZP:0001616,phenotype,"eye malformed, abnormal",8
13508,FlyBase:FBgn0033038,gene,CG7791,4
13509,EFO:0004833,phenotype,neutrophil count,8
13510,ZFIN:ZDB-GENE-041008-246,gene,rnf4,4
13511,HP:0003198,phenotype,Myopathy,8
13512,MGI:107745,gene,Dctn1,4
13513,ENSEMBL:ENSSSCG00000009290,gene,MIPEP,4
13514,HP:0003468,phenotype,Abnormal vertebral morphology,8
13515,ENSEMBL:ENSSSCG00000011082,gene,ENSEMBL:ENSSSCG00000011082,4
13516,ZP:0011928,phenotype,"nuclear pore liver malformed, abnormal",8
13517,HGNC:971,gene,BCAR1,4
13518,ZP:0018344,phenotype,"forebrain increased process quality cell death, abnormal",8
13519,WormBase:WBGene00022014,gene,Y61A9LA.1,4
13520,HGNC:1507,gene,CASP6,4
13521,HP:0010831,phenotype,Impaired proprioception,8
13522,ENSEMBL:ENSCAFG00000003797,gene,A0A5F4CYA7,4
13523,HP:0000650,phenotype,Abnormal amplitude of pattern reversal visual evoked potentials,8
13524,dictyBase:DDB_G0274815,gene,dlcB,4
13525,ZFIN:ZDB-GENE-030109-2,gene,ruvbl1,4
13526,ENSEMBL:ENSPTRG00000000476,gene,ENSEMBL:ENSPTRG00000000476,4
13527,ZP:0014483,phenotype,"innate immune response process quality, abnormal",8
13528,dictyBase:DDB_G0289613,gene,DDB0188491,4
13529,RGD:621734,gene,Ncdn,4
13530,MP:0010802,phenotype,abnormal intestinal enteroendocrine cell morphology,8
13531,Coriell:GM04281,biological artifact,NIGMS-GM04281,0
13532,EFO:0007996,phenotype,eosinophil percentage of granulocytes,8
13533,ENSEMBL:ENSBTAG00000012002,gene,BCAR1,4
13534,ENSEMBL:ENSSSCG00000003256,gene,PRKCG,4
13535,ZFIN:ZDB-GENE-040426-750,gene,creb1a,4
13536,MP:0005491,phenotype,pancreatic islet hyperplasia,8
13537,MP:0008097,phenotype,increased plasma cell number,8
13538,ENSEMBL:ENSACAG00000016158,gene,ENSEMBL:ENSACAG00000016158,4
13539,EnsemblGenome:AT5G27640,gene,EnsemblGenome:AT5G27640,4
13540,ZP:0022067,phenotype,"digestive system decreased amount, abnormal",8
13541,MP:0001085,phenotype,small petrosal ganglion,8
13542,MONARCH:APO_0000029APO_0000004,phenotype,pseudohyphal growth:increased,8
13543,ENSEMBL:ENSOANG00000003303,gene,ENSEMBL:ENSOANG00000003303,4
13544,MP:0001921,phenotype,reduced fertility,8
13545,ENSEMBL:ENSPTRG00000009021,gene,ENSEMBL:ENSPTRG00000009021,4
13546,ENSEMBL:ENSGALG00000053682,gene,LOC768350,4
13547,WBPhenotype:0002345,phenotype,forward locomotion variant,8
13548,WBPhenotype:0001820,phenotype,bordering,8
13549,ENSEMBL:ENSECAG00000004470,gene,ENSEMBL:ENSECAG00000004470,4
13550,MP:0005571,phenotype,decreased lactate dehydrogenase level,8
13551,Coriell:GM01187,biological artifact,NIGMS-GM01187,0
13552,WormBase:WBGene00013270,gene,Y57A10A.31,4
13553,HP:0002540,phenotype,Inability to walk,8
13554,ENSEMBL:ENSCAFG00000017563,gene,J9NWJ7,4
13555,RGD:619866,gene,Dynll1,4
13556,FBcv:0000376,phenotype,male fertile,8
13557,ZFIN:ZDB-GENE-050208-596,gene,rfxank,4
13558,ZP:0002192,phenotype,"cytoskeleton motor neuron disorganized, abnormal",8
13559,5382,drug,bempedoic acid,3
13560,WormBase:WBGene00014004,gene,fic-1,4
13561,ZP:0002682,phenotype,"pharyngeal arch cartilage malformed, abnormal",8
13562,ENSEMBL:ENSPTRG00000004626,gene,ENSEMBL:ENSPTRG00000004626,4
13563,FlyBase:FBgn0036790,gene,AstC-R1,4
13564,EFO:0006946,phenotype,behavioural disinhibition measurement,8
13565,ZP:0004336,phenotype,"pigmentation delayed, abnormal",8
13566,ENSEMBL:ENSGALG00000049208,gene,A0A1D5PV14,4
13567,ENSEMBL:ENSBTAG00000006933,gene,ENSEMBL:ENSBTAG00000006933,4
13568,ENSEMBL:ENSOANG00000008839,gene,ENSEMBL:ENSOANG00000008839,4
13569,MONARCH:APO_0000110APO_0000003,phenotype,competitive fitness:decreased,8
13570,Xenbase:XB-GENE-988849,gene,ercc6l,4
13571,ENSEMBL:ENSOANG00000010513,gene,ENSEMBL:ENSOANG00000010513,4
13572,WBPhenotype:0001258,phenotype,RNAi enhanced,8
13573,MGI:1919592,gene,Lsm12,4
13574,ENSEMBL:ENSFCAG00000011245,gene,ENSEMBL:ENSFCAG00000011245,4
13575,HGNC:7879,gene,CNOT3,4
13576,ENSEMBL:ENSMMUG00000045825,gene,ENSEMBL:ENSMMUG00000045825,4
13577,FlyBase:FBgn0024222,gene,IKKbeta,4
13578,WormBase:WBGene00014218,gene,ZK1098.1,4
13579,ENSEMBL:ENSMMUG00000008318,gene,ENSEMBL:ENSMMUG00000008318,4
13580,MP:0003400,phenotype,kinked neural tube,8
13581,ENSEMBL:ENSGALG00000035539,gene,A0A1D5P4H6,4
13582,ZP:0002190,phenotype,"trunk deformed, abnormal",8
13583,ENSEMBL:ENSSSCG00000023204,gene,AXIN1,4
13584,ENSEMBL:ENSECAG00000015533,gene,ENSEMBL:ENSECAG00000015533,4
13585,WBPhenotype:0001983,phenotype,lawn leaving behavior variant,8
13586,PomBase:SPAC1687.05,gene,pli1,4
13587,MP:0010157,phenotype,abnormal small intestinal crypt cell proliferation,8
13588,HGNC:16463,gene,PRPF40A,4
13589,ZP:0003559,phenotype,"neurocranium malformed, abnormal",8
13590,ZFIN:ZDB-GENE-070410-56,gene,psmd14,4
13591,ZP:0018576,phenotype,"whole organism decreased amount, abnormal",8
13592,ENSEMBL:ENSXETG00000030031,gene,ENSEMBL:ENSXETG00000030031,4
13593,ENSEMBL:ENSFCAG00000023036,gene,ENSEMBL:ENSFCAG00000023036,4
13594,ENSEMBL:ENSPTRG00000050826,gene,ENSEMBL:ENSPTRG00000050826,4
13595,ENSEMBL:ENSMODG00000007002,gene,ENSEMBL:ENSMODG00000007002,4
13596,ENSEMBL:ENSFCAG00000006914,gene,ENSEMBL:ENSFCAG00000006914,4
13597,WormBase:WBGene00016010,gene,C23G10.1,4
13598,MP:0011856,phenotype,abnormal glomerular filtration barrier function,8
13599,ENSEMBL:ENSOANG00000003658,gene,ENSEMBL:ENSOANG00000003658,4
13600,MGI:1352493,gene,Bag3,4
13601,MP:0010067,phenotype,increased red blood cell distribution width,8
13602,MP:0000647,phenotype,abnormal sebaceous gland morphology,8
13603,MP:0009456,phenotype,impaired cued conditioning behavior,8
13604,ZP:0106397,phenotype,"ceratobranchial 5 cartilage decreased amount, abnormal",8
13605,885,drug,alpha-Ergocryptine,3
13606,ENSEMBL:ENSFCAG00000015416,gene,ENSEMBL:ENSFCAG00000015416,4
13607,ENSEMBL:ENSACAG00000010469,gene,ENSEMBL:ENSACAG00000010469,4
13608,ENSEMBL:ENSPTRG00000019196,gene,ENSEMBL:ENSPTRG00000019196,4
13609,dbSNP:rs2298969,variant,rs2298969-?,10
13610,HP:0000978,phenotype,Bruising susceptibility,8
13611,MP:0004151,phenotype,decreased circulating iron level,8
13612,WBPhenotype:0002018,phenotype,retarded seam cell fusion,8
13613,ENSEMBL:ENSPTRG00000045136,gene,ENSEMBL:ENSPTRG00000045136,4
13614,ENSEMBL:ENSACAG00000005425,gene,ENSEMBL:ENSACAG00000005425,4
13615,ZP:0000692,phenotype,"blood circulation absent, abnormal",8
13616,Xenbase:XB-GENE-969277,gene,bag3,4
13617,dbSNPIndividual:17323,genotype,46;XX;46;XX.arr(1-22;X)x2 [GM03621],6
13618,ENSEMBL:ENSCAFG00000018354,gene,AKT1,4
13619,ENSEMBL:ENSFCAG00000004429,gene,ENSEMBL:ENSFCAG00000004429,4
13620,WormBase:WBGene00004117,gene,sin-3,4
13621,ZP:0018546,phenotype,"whole organism increased amount, abnormal",8
13622,WBPhenotype:0000007,phenotype,bag of worms,8
13623,ENSEMBL:ENSPTRG00000007988,gene,ENSEMBL:ENSPTRG00000007988,4
13624,ENSEMBL:ENSPTRG00000010290,gene,ENSEMBL:ENSPTRG00000010290,4
13625,RGD:1561203,gene,Polr2h,4
13626,ZP:0001065,phenotype,"pharyngeal arch cartilage absent, abnormal",8
13627,MGI:1919439,gene,Bag6,4
13628,ENSEMBL:ENSMODG00000019512,gene,ENSEMBL:ENSMODG00000019512,4
13629,FlyBase:FBgn0030364,gene,Lsm12a,4
13630,HGNC:3999,gene,FTL,4
13631,ZFIN:ZDB-GENE-000412-1,gene,bdnf,4
13632,HP:0200134,phenotype,Epileptic encephalopathy,8
13633,HP:0005237,phenotype,Degenerative liver disease,8
13634,ZP:0102174,phenotype,"dorsal fin morphogenesis process quality, abnormal",8
13635,MP:0004905,phenotype,decreased uterus weight,8
13636,ENSEMBL:ENSOANG00000013483,gene,ENSEMBL:ENSOANG00000013483,4
13637,MONARCH:APO_0000215APO_0000003,phenotype,toxin resistance:decreased,8
13638,MP:0003786,phenotype,premature aging,8
13639,MP:0003058,phenotype,increased insulin secretion,8
13640,ENSEMBL:ENSSSCG00000026392,gene,ENSEMBL:ENSSSCG00000026392,4
13641,RGD:3247,gene,Pacsin1,4
13642,HP:0009778,phenotype,Short thumb,8
13643,HGNC:10067,gene,RNF4,4
13644,ENSEMBL:ENSSSCG00000007930,gene,MGRN1,4
13645,ENSEMBL:ENSFCAG00000008759,gene,ENSEMBL:ENSFCAG00000008759,4
13646,ENSEMBL:ENSCAFG00000006950,gene,SP1,4
13647,WBPhenotype:0001639,phenotype,roaming reduced,8
13648,ENSEMBL:ENSMMUG00000019112,gene,ENSEMBL:ENSMMUG00000019112,4
13649,ENSEMBL:ENSACAG00000013026,gene,ENSEMBL:ENSACAG00000013026,4
13650,ZP:0100106,phenotype,"actin-based cell projection peridermal cell decreased length, abnormal",8
13651,MP:0012467,phenotype,increased striatum size,8
13652,ZP:0019154,phenotype,"eye photoreceptor cell vacuolated, abnormal",8
13653,FBcv:0000428,phenotype,abnormal cell size,8
13654,ENSEMBL:ENSPTRG00000010851,gene,ENSEMBL:ENSPTRG00000010851,4
13655,ZFIN:ZDB-GENE-031007-5,gene,akt2,4
13656,Xenbase:XB-GENE-955353,gene,hmg20a,4
13657,MP:0008208,phenotype,decreased pro-B cell number,8
13658,ENSEMBL:ENSECAG00000022051,gene,ENSEMBL:ENSECAG00000022051,4
13659,ZFIN:ZDB-GENE-040426-2548,gene,ranbp1,4
13660,ENSEMBL:ENSPTRG00000008130,gene,ENSEMBL:ENSPTRG00000008130,4
13661,ENSEMBL:ENSOANG00000004073,gene,ENSEMBL:ENSOANG00000004073,4
13662,ZP:0010285,phenotype,"integument neoplastic, abnormal",8
13663,ZP:0001039,phenotype,"cartilage development disrupted, abnormal",8
13664,MGI:1349388,gene,Cops7b,4
13665,ENSEMBL:ENSGALG00000005198,gene,RPS6KB1,4
13666,HP:0007401,phenotype,Macular atrophy,8
13667,MONARCH:APO_0000333APO_0000003,phenotype,acquired thermotolerance:decreased,8
13668,HP:0005110,phenotype,Atrial fibrillation,8
13669,ENSEMBL:ENSSSCG00000022725,gene,ENSEMBL:ENSSSCG00000022725,4
13670,WBPhenotype:0000013,phenotype,dauer defective,8
13671,MP:0014105,phenotype,abnormal chondrocyte differentiation,8
13672,MP:0011957,phenotype,decreased compensatory feeding amount,8
13673,GO:0019900,molecular function,kinase binding,7
13674,ENSEMBL:ENSECAG00000034082,gene,ENSEMBL:ENSECAG00000034082,4
13675,ENSEMBL:ENSOANG00000003933,gene,ENSEMBL:ENSOANG00000003933,4
13676,MP:0000453,phenotype,absent mouth,8
13677,MP:0006379,phenotype,abnormal spermatocyte morphology,8
13678,MP:0000488,phenotype,abnormal intestinal epithelium morphology,8
13679,WormBase:WBGene00003807,gene,npr-1,4
13680,Xenbase:XB-GENE-977282,gene,acat1,4
13681,WBPhenotype:0000282,phenotype,hermaphrodite sex muscle development variant,8
13682,ENSEMBL:ENSECAG00000010309,gene,ENSEMBL:ENSECAG00000010309,4
13683,RGD:620818,gene,Herpud1,4
13684,HP:0000494,phenotype,Downslanted palpebral fissures,8
13685,PomBase:SPBC215.08c,gene,arg4,4
13686,ZP:0021480,phenotype,"early endosome neural crest cell increased amount, abnormal",8
13687,WormBase:WBGene00003950,gene,pbs-4,4
13688,ZP:0005089,phenotype,"cardiac ventricle orientation atrium, abnormal",8
13689,ENSEMBL:ENSOANG00000006680,gene,ENSEMBL:ENSOANG00000006680,4
13690,MONARCH:APO_0000271APO_0000003,phenotype,RNA modification:decreased,8
13691,ENSEMBL:ENSSSCG00000014146,gene,ENSEMBL:ENSSSCG00000014146,4
13692,HP:0000391,phenotype,Thickened helices,8
13693,ZFIN:ZDB-GENE-130530-578,gene,tkta,4
13694,MGI:1913284,gene,Psmd14,4
13695,MP:0004448,phenotype,abnormal presphenoid bone morphology,8
13696,HGNC:6392,gene,KIF23,4
13697,ZP:0011673,phenotype,"adductor mandibulae decreased thickness, abnormal",8
13698,HP:0012310,phenotype,Abnormal monocyte count,8
13699,MP:0013220,phenotype,increased pancreas apoptosis,8
13700,ENSEMBL:ENSECAG00000019599,gene,ENSEMBL:ENSECAG00000019599,4
13701,WormBase:WBGene00000904,gene,daf-8,4
13702,WBPhenotype:0001017,phenotype,adult growth variant,8
13703,MP:0005445,phenotype,abnormal neurotransmitter secretion,8
13704,dictyBase:DDB_G0280801,gene,DDB0204740,4
13705,dictyBase:DDB_G0277243,gene,DDB_G0277243,4
13706,ENSEMBL:ENSOANG00000036944,gene,ENSEMBL:ENSOANG00000036944,4
13707,HP:0010826,phenotype,Abnormality of the twelfth cranial nerve,8
13708,ENSEMBL:ENSMMUG00000017904,gene,ENSEMBL:ENSMMUG00000017904,4
13709,SGD:S000006314,gene,RPC40,4
13710,ZFIN:ZDB-GENE-130814-1,gene,mhc1ula,4
13711,ENSEMBL:ENSCAFG00000004725,gene,CDK5,4
13712,Coriell:GM06566,biological artifact,NIGMS-GM06566,0
13713,EnsemblGenome:AT1G54390,gene,EnsemblGenome:AT1G54390,4
13714,ENSEMBL:ENSOANG00000014580,gene,ENSEMBL:ENSOANG00000014580,4
13715,ENSEMBL:ENSCAFG00000015995,gene,DLG4,4
13716,ENSEMBL:ENSXETG00000009073,gene,pkp1,4
13717,ZFIN:ZDB-GENE-110411-193,gene,lamtor5,4
13718,HP:0007481,phenotype,Hyperpigmented nevi,8
13719,MP:0000413,phenotype,polyphalangy,8
13720,FlyBase:FBgn0025643,gene,CG3588,4
13721,SGD:S000002205,gene,SIT4,4
13722,1560,drug,levallorphan,3
13723,ENSEMBL:ENSECAG00000013877,gene,ENSEMBL:ENSECAG00000013877,4
13724,MONARCH:APO_0000339APO_0000003,phenotype,ribophagy:decreased,8
13725,ZFIN:ZDB-GENE-030131-1791,gene,tcerg1a,4
13726,ENSEMBL:ENSSSCG00000005955,gene,EFR3A,4
13727,ZP:0019193,phenotype,"heart decreased amount, abnormal",8
13728,FlyBase:FBgn0032596,gene,Prosbeta4,4
13729,WBPhenotype:0001228,phenotype,alae absent,8
13730,ZFIN:ZDB-FISH-150901-22783,genotype,WT,6
13731,MGI:5429554,genotype,Tg(YAC128)53Hay [B6.FVB-Tg(YAC128)53Hay],6
13732,WBPhenotype:0001803,phenotype,endosome biogenesis variant,8
13733,ENSEMBL:ENSXETG00000040456,gene,sh2b3,4
13734,ENSEMBL:ENSMMUG00000018582,gene,ENSEMBL:ENSMMUG00000018582,4
13735,MP:0003331,phenotype,increased hepatocellular carcinoma incidence,8
13736,ENSEMBL:ENSOANG00000042707,gene,ENSEMBL:ENSOANG00000042707,4
13737,4360,drug,cetrimide,3
13738,dictyBase:DDB_G0269236,gene,rab7A,4
13739,HP:0040216,phenotype,Hypoinsulinemia,8
13740,HP:0040013,phenotype,Decreased mitochondrial number,8
13741,ZP:0101464,phenotype,"basement membrane liver aplastic, abnormal",8
13742,ZP:0003225,phenotype,"axon hindbrain disorganized, abnormal",8
13743,ENSEMBL:ENSFCAG00000029928,gene,ENSEMBL:ENSFCAG00000029928,4
13744,ENSEMBL:ENSGALG00000039803,gene,ENSEMBL:ENSGALG00000039803,4
13745,ENSEMBL:ENSPTRG00000047275,gene,ENSEMBL:ENSPTRG00000047275,4
13746,EFO:0004695,phenotype,intraocular pressure measurement,8
13747,ENSEMBL:ENSACAG00000007305,gene,ENSEMBL:ENSACAG00000007305,4
13748,ZP:0003789,phenotype,"macrophage decreased amount, abnormal",8
13749,FlyBase:FBgn0030674,gene,HUWE1,4
13750,HP:0100242,phenotype,Sarcoma,8
13751,ZP:0003114,phenotype,"Kupffer's vesicle morphology, abnormal",8
13752,WBPhenotype:0000916,phenotype,excretory cell morphology variant,8
13753,WormBase:WBGene00019022,gene,F58A6.1,4
13754,MGI:1914584,gene,H2ap,4
13755,ENSEMBL:ENSOANG00000020339,gene,ENSEMBL:ENSOANG00000020339,4
13756,MGI:1921376,gene,Syvn1,4
13757,WBPhenotype:0000470,phenotype,HSN migration variant,8
13758,MP:0002855,phenotype,abnormal cochlear ganglion morphology,8
13759,ZP:0000159,phenotype,"whole organism shape, abnormal",8
13760,FlyBase:FBgn0003557,gene,Su(dx),4
13761,FBcv:0002023,phenotype,some die during larval stage,8
13762,ENSEMBL:ENSECAG00000007908,gene,ENSEMBL:ENSECAG00000007908,4
13763,Xenbase:XB-GENE-5940894,gene,tgm2,4
13764,WBPhenotype:0002046,phenotype,iron homeostasis variant,8
13765,WBPhenotype:0000731,phenotype,germ cell hypersensitive ionizing radiation,8
13766,ENSEMBL:ENSMODG00000002092,gene,ENSEMBL:ENSMODG00000002092,4
13767,MP:0008453,phenotype,decreased retinal rod cell number,8
13768,ENSEMBL:ENSACAG00000001861,gene,ENSEMBL:ENSACAG00000001861,4
13769,ENSEMBL:ENSECAG00000019757,gene,ENSEMBL:ENSECAG00000019757,4
13770,Coriell:GM04017,biological artifact,NIGMS-GM04017,0
13771,MP:0009258,phenotype,abnormal thymocyte apoptosis,8
13772,HP:0012244,phenotype,Abnormal sex determination,8
13773,ZP:0000652,phenotype,"eye decreased diameter, abnormal",8
13774,PomBase:SPAC823.15,gene,ppa1,4
13775,ENSEMBL:ENSOANG00000046957,gene,ENSEMBL:ENSOANG00000046957,4
13776,RGD:620247,gene,Cetn2,4
13777,ENSEMBL:ENSCAFG00000001872,gene,ENSEMBL:ENSCAFG00000001872,4
13778,MGI:3851446,genotype,Tg(Camk2a-tTA)1Mmay; Tg(tetO-HTT*94Q/-lacZ)1Rhn [involves: C57BL/6 * CBA],6
13779,MP:0004256,phenotype,abnormal maternal decidual layer morphology,8
13780,MGI:5432149,variant,Tg(YAC128)#Hay,10
13781,ENSEMBL:ENSPTRG00000022450,gene,ENSEMBL:ENSPTRG00000022450,4
13782,HP:0004325,phenotype,Decreased body weight,8
13783,ENSEMBL:ENSPTRG00000011444,gene,ENSEMBL:ENSPTRG00000011444,4
13784,ENSEMBL:ENSSSCG00000014900,gene,RAB30,4
13785,WBPhenotype:0000220,phenotype,vulva cell fate specification variant,8
13786,MGI:5429331,genotype,Tg(YAC128)53Hay [FVB-Tg(YAC128)53Hay/J],6
13787,HP:0030037,phenotype,Bifid ureter,8
13788,ENSEMBL:ENSSSCG00000023126,gene,TARDBP,4
13789,ZP:0000309,phenotype,"pigment cell decreased amount, abnormal",8
13790,HP:0001251,phenotype,Ataxia,8
13791,MP:0000180,phenotype,abnormal circulating cholesterol level,8
13792,HP:0012303,phenotype,Abnormal aortic arch morphology,8
13793,1571,drug,levomethadyl acetate,3
13794,MONARCH:APO_0000127APO_0000002,phenotype,nuclear export:abnormal,8
13795,WormBase:WBGene00006876,gene,vab-10,4
13796,ENSEMBL:ENSSSCG00000035264,gene,UBQLN2,4
13797,ZFIN:ZDB-GENE-090313-297,gene,si:dkey-27m7.4,4
13798,MP:0008743,phenotype,decreased liver iron level,8
13799,WBPhenotype:0001181,phenotype,accumulated somatic cell corpses,8
13800,ENSEMBL:ENSMMUG00000010767,gene,ENSEMBL:ENSMMUG00000010767,4
13801,ENSEMBL:ENSPTRG00000045358,gene,ENSEMBL:ENSPTRG00000045358,4
13802,MP:0008284,phenotype,abnormal hippocampus pyramidal cell layer,8
13803,ZFIN:ZDB-GENE-030131-1949,gene,usp8,4
13804,ENSEMBL:ENSPTRG00000048069,gene,ENSEMBL:ENSPTRG00000048069,4
13805,ENSEMBL:ENSSSCG00000010253,gene,HK1,4
13806,ZFIN:ZDB-GENE-040426-1666,gene,becn1,4
13807,ZP:0004246,phenotype,"response to ionizing radiation disrupted, abnormal",8
13808,ZP:0004041,phenotype,"whole organism malformed, abnormal",8
13809,HGNC:8638,gene,KAT2B,4
13810,MP:0001179,phenotype,thick pulmonary interalveolar septum,8
13811,MP:0000490,phenotype,abnormal crypts of Lieberkuhn morphology,8
13812,ZP:0005775,phenotype,"EVL moderately well differentiated, abnormal",8
13813,ZP:0137372,phenotype,"cell midbrain hindbrain boundary constriction increased length, abnormal",8
13814,RGD:2407,gene,Crmp1,4
13815,ENSEMBL:ENSMODG00000019233,gene,ENSEMBL:ENSMODG00000019233,4
13816,HP:0011840,phenotype,Abnormality of T cell physiology,8
13817,MONARCH:APO_0000159APO_0000004,phenotype,biofilm formation:increased,8
13818,ENSEMBL:ENSCAFG00000000226,gene,HBS1L,4
13819,SGD:S000001057,gene,MIP6,4
13820,FlyBase:FBgn0003134,gene,Pp1alpha-96A,4
13821,GO:0034452,molecular function,dynactin binding,7
13822,Coriell:GM04886,biological artifact,NIGMS-GM04886,0
13823,Xenbase:XB-GENE-974002,gene,psmd6,4
13824,HGNC:5232,gene,HSPA1A,4
13825,MP:0030987,phenotype,spinal cord inflammation,8
13826,MONARCH:APO_0000091APO_0000003,phenotype,starvation resistance:decreased,8
13827,ENSEMBL:ENSMODG00000010392,gene,ENSEMBL:ENSMODG00000010392,4
13828,MP:0009352,phenotype,impaired spacing of implantation sites,8
13829,ENSEMBL:ENSSSCG00000017287,gene,PSMC5,4
13830,WBPhenotype:0000542,phenotype,fat,8
13831,HP:0000734,phenotype,Disinhibition,8
13832,ENSEMBL:ENSACAG00000009855,gene,ENSEMBL:ENSACAG00000009855,4
13833,MP:0011167,phenotype,abnormal adipose tissue development,8
13834,HP:0002373,phenotype,Febrile seizure (within the age range of 3 months to 6 years),8
13835,ENSEMBL:ENSFCAG00000029840,gene,ENSEMBL:ENSFCAG00000029840,4
13836,ENSEMBL:ENSMODG00000015564,gene,ENSEMBL:ENSMODG00000015564,4
13837,ENSEMBL:ENSACAG00000007687,gene,ENSEMBL:ENSACAG00000007687,4
13838,ZP:0102974,phenotype,"anterior margin ethmoid cartilage emarginate, abnormal",8
13839,PomBase:SPAPB1A10.10c,gene,ypt71,4
13840,XPO:0103286,phenotype,absent head,8
13841,ZFIN:ZDB-GENE-030131-9663,gene,pabpc4,4
13842,MGI:102694,gene,Ptprm,4
13843,ENSEMBL:ENSSSCG00000015539,gene,STX6,4
13844,HP:0000408,phenotype,Progressive sensorineural hearing impairment,8
13845,ENSEMBL:ENSSSCG00000010928,gene,KDM5B,4
13846,ENSEMBL:ENSOANG00000003043,gene,ENSEMBL:ENSOANG00000003043,4
13847,WBPhenotype:0001981,phenotype,germ cell compartment expansion absent,8
13848,WBPhenotype:0001183,phenotype,fat content reduced,8
13849,ENSEMBL:ENSMMUG00000011045,gene,ENSEMBL:ENSMMUG00000011045,4
13850,ENSEMBL:ENSFCAG00000003103,gene,ENSEMBL:ENSFCAG00000003103,4
13851,ENSEMBL:ENSCAFG00000005492,gene,ENSEMBL:ENSCAFG00000005492,4
13852,ZFIN:ZDB-GENE-040718-488,gene,wipi2,4
13853,MONARCH:APO_0000298APO_0000002,phenotype,peroxisomal distribution:abnormal,8
13854,MP:0001218,phenotype,thin epidermis,8
13855,dictyBase:DDB_G0290961,gene,zfaA,4
13856,dictyBase:DDB_G0282261,gene,ech1,4
13857,FBcv:0000670,phenotype,abnormal eclosion,8
13858,MP:0011400,phenotype,"lethality, complete penetrance",8
13859,ENSEMBL:ENSECAG00000001037,gene,ENSEMBL:ENSECAG00000001037,4
13860,ENSEMBL:ENSOANG00000009869,gene,ENSEMBL:ENSOANG00000009869,4
13861,ENSEMBL:ENSMODG00000017226,gene,ENSEMBL:ENSMODG00000017226,4
13862,RGD:621375,gene,Ikbkb,4
13863,MP:0001194,phenotype,dermatitis,8
13864,HP:0005403,phenotype,T lymphocytopenia,8
13865,ENSEMBL:ENSMODG00000014624,gene,ENSEMBL:ENSMODG00000014624,4
13866,HP:0002487,phenotype,Hyperkinetic movements,8
13867,1118,drug,everolimus,3
13868,ZP:0000414,phenotype,"ventral mandibular arch malformed, abnormal",8
13869,ENSEMBL:ENSMMUG00000045275,gene,ENSEMBL:ENSMMUG00000045275,4
13870,ZP:0008393,phenotype,"adherens junction retina distributed, abnormal",8
13871,FlyBase:FBgn0004784,gene,inaC,4
13872,ENSEMBL:ENSOANG00000042299,gene,ENSEMBL:ENSOANG00000042299,4
13873,MP:0004572,phenotype,fusion of basioccipital and basisphenoid bone,8
13874,4318,drug,afatinib,3
13875,ENSEMBL:ENSFCAG00000008858,gene,ENSEMBL:ENSFCAG00000008858,4
13876,MGI:95913,gene,H2-M1,4
13877,FlyBase:FBgn0036784,gene,CG5103,4
13878,WBPhenotype:0001084,phenotype,sodium chloride chemotaxis defective,8
13879,ZP:0000148,phenotype,"notochord increased width, abnormal",8
13880,ENSEMBL:ENSFCAG00000022539,gene,ENSEMBL:ENSFCAG00000022539,4
13881,MGI:1859606,gene,Wdr45,4
13882,ENSEMBL:ENSGALG00000017111,gene,ENSEMBL:ENSGALG00000017111,4
13883,ENSEMBL:ENSMMUG00000010908,gene,ENSEMBL:ENSMMUG00000010908,4
13884,MP:0000746,phenotype,weakness,8
13885,WormBase:WBGene00015454,gene,C04G6.4,4
13886,dictyBase:DDB_G0276355,gene,dhcA,4
13887,WBPhenotype:0001576,phenotype,mitochondria spacing variant,8
13888,ZP:0104497,phenotype,"proteasome-mediated ubiquitin-dependent protein catabolic process decreased occurrence, abnormal",8
13889,ENSEMBL:ENSECAG00000020128,gene,ENSEMBL:ENSECAG00000020128,4
13890,WBPhenotype:0002298,phenotype,coiling frequency variant,8
13891,ENSEMBL:ENSCAFG00000005712,gene,ZDHHC17,4
13892,dictyBase:DDB_G0290831,gene,rabK3,4
13893,MONARCH:APO_0000224APO_0000002,phenotype,RNA accumulation:abnormal,8
13894,MP:0001906,phenotype,increased dopamine level,8
13895,ENSEMBL:ENSACAG00000009764,gene,ENSEMBL:ENSACAG00000009764,4
13896,MGI:2445110,gene,Zdhhc17,4
13897,MONARCH:APO_0000239APO_0000005,phenotype,pexophagy:absent,8
13898,MP:0011708,phenotype,decreased fibroblast cell migration,8
13899,ENSEMBL:ENSGALG00000015548,gene,RNF20,4
13900,EFO:0009473,phenotype,hemolysis,8
13901,ENSEMBL:ENSECAG00000003103,gene,ENSEMBL:ENSECAG00000003103,4
13902,ENSEMBL:ENSFCAG00000038056,gene,ENSEMBL:ENSFCAG00000038056,4
13903,ZP:0000141,phenotype,"dorsal/ventral pattern formation disrupted, abnormal",8
13904,ENSEMBL:ENSOANG00000047101,gene,ENSEMBL:ENSOANG00000047101,4
13905,Xenbase:XB-GENE-479154,gene,app,4
13906,ZP:0004266,phenotype,"axis elongation decreased process quality, abnormal",8
13907,PomBase:SPAC3G9.08,gene,png1,4
13908,MP:0008544,phenotype,impaired olfaction,8
13909,ZP:0000568,phenotype,"axis decreased length, abnormal",8
13910,MONDO:0001409,phenotype,esophagitis,8
13911,WBPhenotype:0001374,phenotype,pronuclear nuclear appearance variant emb,8
13912,WormBase:WBGene00018921,gene,sago-2,4
13913,ZP:0004779,phenotype,"lens opaque, abnormal",8
13914,ZFIN:ZDB-GENE-041121-1,gene,grb2a,4
13915,HP:0001510,phenotype,Growth delay,8
13916,ENSEMBL:ENSCAFG00000004529,gene,VIM,4
13917,MP:0008482,phenotype,decreased spleen germinal center number,8
13918,ENSEMBL:ENSSSCG00000002000,gene,IPO4,4
13919,MONARCH:APO_0000109APO_0000004,phenotype,survival rate in stationary phase:increased,8
13920,ENSEMBL:ENSFCAG00000013136,gene,ENSEMBL:ENSFCAG00000013136,4
13921,WBPhenotype:0001018,phenotype,cytokinesis variant emb,8
13922,WBPhenotype:0000298,phenotype,rays displaced,8
13923,HP:0007334,phenotype,Bilateral tonic-clonic seizure with focal onset,8
13924,MP:0003546,phenotype,decreased alcohol consumption,8
13925,ENSEMBL:ENSOANG00000038374,gene,ENSEMBL:ENSOANG00000038374,4
13926,MGI:97583,gene,Pik3r1,4
13927,PomBase:SPAC23C11.15,gene,pst2,4
13928,WBPhenotype:0001148,phenotype,polar body reabsorbed early emb,8
13929,WormBase:WBGene00017159,gene,F01F1.2,4
13930,HP:0010701,phenotype,Abnormal immunoglobulin level,8
13931,ENSEMBL:ENSSSCG00000017950,gene,ENSEMBL:ENSSSCG00000017950,4
13932,ENSEMBL:ENSECAG00000030778,gene,ENSEMBL:ENSECAG00000030778,4
13933,MGI:1891704,gene,Hbs1l,4
13934,ENSEMBL:ENSMODG00000004742,gene,ENSEMBL:ENSMODG00000004742,4
13935,ZP:0000527,phenotype,"brain hemorrhagic, abnormal",8
13936,WBPhenotype:0001977,phenotype,germ cell partition morphology variant,8
13937,ZFIN:ZDB-GENE-030131-139,gene,rab5aa,4
13938,HP:0002733,phenotype,Abnormality of the lymph nodes,8
13939,HP:0001714,phenotype,Ventricular hypertrophy,8
13940,2299,drug,propiram,3
13941,HP:0001231,phenotype,Abnormal fingernail morphology,8
13942,ENSEMBL:ENSBTAG00000016844,gene,ADGB,4
13943,WormBase:WBGene00001501,gene,ftn-2,4
13944,ENSEMBL:ENSSSCG00000001065,gene,ATXN1,4
13945,WormBase:WBGene00018135,gene,F37A4.5,4
13946,4955,drug,panitumumab,3
13947,HP:0000729,phenotype,Autistic behavior,8
13948,MP:0001730,phenotype,embryonic growth arrest,8
13949,ENSEMBL:ENSBTAG00000002960,gene,ENSEMBL:ENSBTAG00000002960,4
13950,ENSEMBL:ENSFCAG00000040788,gene,ENSEMBL:ENSFCAG00000040788,4
13951,ZP:0003048,phenotype,"cardiac ventricle hyperplastic, abnormal",8
13952,MGI:1201685,gene,Ctbp1,4
13953,ZFIN:ZDB-GENE-990415-112,gene,hoxc4a,4
13954,ZP:0000044,phenotype,"heart quality, abnormal",8
13955,ENSEMBL:ENSFCAG00000043383,gene,ENSEMBL:ENSFCAG00000043383,4
13956,HGNC:8161,gene,OR10A2,4
13957,dictyBase:DDB_G0277403,gene,clc,4
13958,MONARCH:APO_0000096APO_0000004,phenotype,nutrient utilization:increased,8
13959,MP:0001265,phenotype,decreased body size,8
13960,ENSEMBL:ENSSSCG00005037806,gene,ENSEMBL:ENSSSCG00005037806,4
13961,ENSEMBL:ENSMODG00000013156,gene,ENSEMBL:ENSMODG00000013156,4
13962,ENSEMBL:ENSMODG00000017422,gene,ENSEMBL:ENSMODG00000017422,4
13963,ENSEMBL:ENSOANG00000007817,gene,ENSEMBL:ENSOANG00000007817,4
13964,HP:0012285,phenotype,Abnormal hypothalamus physiology,8
13965,WBPhenotype:0002010,phenotype,protein turnover variant,8
13966,ZP:0000529,phenotype,"dorsal aorta closed, abnormal",8
13967,ENSEMBL:ENSOANG00000007418,gene,ENSEMBL:ENSOANG00000007418,4
13968,MP:0009181,phenotype,decreased pancreatic delta cell number,8
13969,5389,drug,tucatinib,3
13970,HGNC:16854,gene,RAPGEF2,4
13971,ENSEMBL:ENSSSCG00000001379,gene,ENSEMBL:ENSSSCG00000001379,4
13972,ENSEMBL:ENSFCAG00000026588,gene,ENSEMBL:ENSFCAG00000026588,4
13973,WormBase:WBGene00000366,gene,cbp-1,4
13974,ENSEMBL:ENSFCAG00000015280,gene,ENSEMBL:ENSFCAG00000015280,4
13975,Xenbase:XB-GENE-5871354,gene,ap2b1,4
13976,HP:0010442,phenotype,Polydactyly,8
13977,GO:0031587,molecular function,"positive regulation of inositol 1,4,5-trisphosphate-sensitive calcium-release channel activity",7
13978,HP:0002445,phenotype,Tetraplegia,8
13979,MP:0030963,phenotype,abnormal brain ependyma motile cilium location or orientation,8
13980,ZFIN:ZDB-GENE-041114-53,gene,rab11a,4
13981,ENSEMBL:ENSGALG00000004557,gene,ENSEMBL:ENSGALG00000004557,4
13982,ZFIN:ZDB-GENE-030131-6564,gene,ap2b1,4
13983,ENSEMBL:ENSSSCG00000031155,gene,RASD2,4
13984,HGNC:25019,gene,HSPB11,4
13985,WBPhenotype:0002159,phenotype,increased pathogen accumulation,8
13986,HGNC:589,gene,ATG5,4
13987,MP:0008567,phenotype,decreased interferon-gamma secretion,8
13988,ENSEMBL:ENSOANG00000044322,gene,ENSEMBL:ENSOANG00000044322,4
13989,MP:0008705,phenotype,increased interleukin-6 secretion,8
13990,ENSEMBL:ENSGALG00000002802,gene,PACSIN1,4
13991,ENSEMBL:ENSBTAG00000011628,gene,ENSEMBL:ENSBTAG00000011628,4
13992,FBcv:0000421,phenotype,abnormal touch response,8
13993,EFO:0006937,phenotype,optic disc area measurement,8
13994,ENSEMBL:ENSGALG00000041380,gene,ENSEMBL:ENSGALG00000041380,4
13995,HP:0008994,phenotype,Proximal muscle weakness in lower limbs,8
13996,MP:0009754,phenotype,enhanced behavioral response to cocaine,8
13997,MP:0012046,phenotype,decreased susceptibility to hypertension,8
13998,HP:0002623,phenotype,Overriding aorta,8
13999,ENSEMBL:ENSPTRG00000006648,gene,ENSEMBL:ENSPTRG00000006648,4
14000,ZFIN:ZDB-GENE-090508-10,gene,ftr69,4
14001,dictyBase:DDB_G0293558,gene,pabpc1A,4
14002,MP:0001284,phenotype,absent vibrissae,8
14003,ZP:0017557,phenotype,"pharyngeal arch 3-7 decreased amount, abnormal",8
14004,SGD:S000006276,gene,NOT5,4
14005,MP:0004281,phenotype,abnormal hypoglossal nucleus morphology,8
14006,ZP:0020646,phenotype,"telencephalon mislocalised, abnormal",8
14007,Xenbase:XB-GENE-5780031,gene,lsm12,4
14008,ENSEMBL:ENSBTAG00000015591,gene,SQSTM1,4
14009,FBcv:0000370,phenotype,male sterile,8
14010,dictyBase:DDB_G0272969,gene,psmB1,4
14011,PomBase:SPAC29A4.02c,gene,SPAC29A4.02c,4
14012,ENSEMBL:ENSMODG00000005902,gene,ENSEMBL:ENSMODG00000005902,4
14013,MP:0008413,phenotype,decreased cellular sensitivity to oxidative stress,8
14014,ENSEMBL:ENSGALG00000010042,gene,ENSEMBL:ENSGALG00000010042,4
14015,ENSEMBL:ENSFCAG00000026439,gene,ENSEMBL:ENSFCAG00000026439,4
14016,MP:0004792,phenotype,abnormal synaptic vesicle number,8
14017,ZP:0011182,phenotype,"vagal ganglion decreased size, abnormal",8
14018,ZP:0010154,phenotype,"neuromast shape, abnormal",8
14019,ENSEMBL:ENSMMUG00000013129,gene,ENSEMBL:ENSMMUG00000013129,4
14020,ZP:0001668,phenotype,"neuromuscular junction development process quality, abnormal",8
14021,ENSEMBL:ENSMODG00000017430,gene,ENSEMBL:ENSMODG00000017430,4
14022,ZP:0100478,phenotype,"antero-dorsal region whole organism absent, abnormal",8
14023,dictyBase:DDB_G0290883,gene,DDB_G0290883,4
14024,SGD:S000002835,gene,RPN9,4
14025,FlyBase:FBgn0024754,gene,Flo1,4
14026,HP:0000717,phenotype,Autism,8
14027,ZP:0011578,phenotype,"intersegmental artery decreased amount, abnormal",8
14028,MGI:1345181,gene,Pacsin1,4
14029,ZP:0009316,phenotype,"yolk protruding out of ball, abnormal",8
14030,HP:0011423,phenotype,Hyperchloremia,8
14031,WBPhenotype:0002467,phenotype,male reproductive longevity extended,8
14032,MP:0008474,phenotype,absent spleen germinal center,8
14033,ZP:0138431,phenotype,"retinal pigmented epithelium incomplete structure, abnormal",8
14034,ENSEMBL:ENSGALG00000000419,gene,ENSEMBL:ENSGALG00000000419,4
14035,WormBase:WBGene00000963,gene,dhp-1,4
14036,MP:0006238,phenotype,abnormal choriocapillaris morphology,8
14037,MP:0008725,phenotype,enlarged heart atrium,8
14038,HP:0002141,phenotype,Gait imbalance,8
14039,ENSEMBL:ENSPTRG00000021411,gene,ENSEMBL:ENSPTRG00000021411,4
14040,ENSEMBL:ENSSSCG00000011572,gene,SEC13,4
14041,HP:0000204,phenotype,Cleft upper lip,8
14042,ENSEMBL:ENSACAG00000010848,gene,ENSEMBL:ENSACAG00000010848,4
14043,MP:0002662,phenotype,abnormal cauda epididymis morphology,8
14044,ENSEMBL:ENSGALG00000011809,gene,GRIN2B,4
14045,MP:0008944,phenotype,decreased sensitivity to induced cell death,8
14046,MP:0004132,phenotype,absent embryonic cilia,8
14047,ZFIN:ZDB-GENE-991019-4,gene,kif23,4
14048,MP:0005375,phenotype,adipose tissue phenotype,8
14049,ENSEMBL:ENSBTAG00000005564,gene,PIAS1,4
14050,MGI:99423,gene,Etv4,4
14051,ENSEMBL:ENSACAG00000012897,gene,ENSEMBL:ENSACAG00000012897,4
14052,FlyBase:FBgn0036309,gene,Hip1,4
14053,ZP:0018957,phenotype,"caudal fin decreased amount, abnormal",8
14054,MP:0003447,phenotype,decreased tumor growth/size,8
14055,Xenbase:XB-GENE-486199,gene,pias4,4
14056,MP:0009848,phenotype,increased horizontal stereotypic behavior,8
14057,ZP:0000349,phenotype,"olfactory placode aplastic, abnormal",8
14058,WBPhenotype:0000766,phenotype,centrosome pair and associated pronuclear rotation variant,8
14059,ENSEMBL:ENSFCAG00000009389,gene,ENSEMBL:ENSFCAG00000009389,4
14060,WBPhenotype:0002292,phenotype,body posture amplitude decreased,8
14061,FlyBase:FBgn0267790,gene,rump,4
14062,ENSEMBL:ENSMMUG00000022086,gene,ENSEMBL:ENSMMUG00000022086,4
14063,MP:0012113,phenotype,decreased inner cell mass proliferation,8
14064,ZP:0000117,phenotype,"head hypoplastic, abnormal",8
14065,MP:0001458,phenotype,abnormal object recognition memory,8
14066,ENSEMBL:ENSECAG00000012417,gene,ENSEMBL:ENSECAG00000012417,4
14067,ZP:0006350,phenotype,"chondrocyte deformed, abnormal",8
14068,ENSEMBL:ENSECAG00000023516,gene,ENSEMBL:ENSECAG00000023516,4
14069,MP:0009545,phenotype,abnormal dermis papillary layer morphology,8
14070,ENSEMBL:ENSMMUG00000021850,gene,ENSEMBL:ENSMMUG00000021850,4
14071,PomBase:SPCC550.11,gene,nmd5,4
14072,HGNC:9299,gene,PPP2CA,4
14073,RGD:2409,gene,Dpysl4,4
14074,dbSNP:rs363085,variant,rs363085-G,10
14075,dictyBase:DDB_G0274607,gene,gefM,4
14076,ENSEMBL:ENSBTAG00000006103,gene,ENSEMBL:ENSBTAG00000006103,4
14077,MP:0000968,phenotype,abnormal sensory neuron innervation pattern,8
14078,MP:0008044,phenotype,increased NK cell number,8
14079,SGD:S000004798,gene,HSC82,4
14080,ZP:0100131,phenotype,"myotome has fewer parts of type skeletal muscle cell skeletal muscle myofibril skeletal muscle cell, abnormal",8
14081,EFO:0005674,phenotype,white matter microstructure measurement,8
14082,WBPhenotype:0002289,phenotype,tail bend angle increased,8
14083,ENSEMBL:ENSPTRG00000010485,gene,ENSEMBL:ENSPTRG00000010485,4
14084,dictyBase:DDB_G0293202,gene,DDB_G0293202,4
14085,ZP:0001601,phenotype,"otic vesicle morphology, abnormal",8
14086,HGNC:27731,gene,LINC01098,4
14087,ENSEMBL:ENSMMUG00000001825,gene,ENSEMBL:ENSMMUG00000001825,4
14088,ENSEMBL:ENSFCAG00000051016,gene,ENSEMBL:ENSFCAG00000051016,4
14089,ZP:0101902,phenotype,"facial nerve motor nucleus rhombomere 5 increased volume, abnormal",8
14090,HGNC:15864,gene,RBCK1,4
14091,ZP:0102975,phenotype,"pharyngeal arch 3-7 has fewer parts of type ectomesenchyme, abnormal",8
14092,MP:0011298,phenotype,ureter hypoplasia,8
14093,ENSEMBL:ENSACAG00000003659,gene,ENSEMBL:ENSACAG00000003659,4
14094,ENSEMBL:ENSFCAG00000013821,gene,ENSEMBL:ENSFCAG00000013821,4
14095,MP:0005181,phenotype,decreased circulating estradiol level,8
14096,ENSEMBL:ENSGALG00000008908,gene,NEUROD1,4
14097,dictyBase:DDB_G0290745,gene,pabpc1B,4
14098,WormBase:WBGene00012716,gene,Y39E4B.5,4
14099,ZFIN:ZDB-GENE-060526-271,gene,si:dkey-251i10.3,4
14100,HP:0004312,phenotype,Abnormal reticulocyte morphology,8
14101,ZP:0003413,phenotype,"ceratohyal cartilage deformed, abnormal",8
14102,ZP:0000367,phenotype,"presumptive diencephalon increased size, abnormal",8
14103,ENSEMBL:ENSECAG00000013506,gene,ENSEMBL:ENSECAG00000013506,4
14104,MP:0001413,phenotype,abnormal response to new environment,8
14105,WBPhenotype:0002059,phenotype,pore forming toxin hypersensitive,8
14106,ENSEMBL:ENSSSCG00000035570,gene,HNRNPL,4
14107,MP:0000088,phenotype,short mandible,8
14108,ZP:0008618,phenotype,"retinal photoreceptor layer poorly differentiated, abnormal",8
14109,ENSEMBL:ENSCAFG00000048678,gene,ENSEMBL:ENSCAFG00000048678,4
14110,WBPhenotype:0001785,phenotype,associative memory defective,8
14111,SGD:S000005373,gene,HRD1,4
14112,MP:0003686,phenotype,abnormal eye muscle morphology,8
14113,dictyBase:DDB_G0275027,gene,DDB_G0275027,4
14114,MP:0008340,phenotype,increased corticotroph cell number,8
14115,ZFIN:ZDB-GENE-060503-867,gene,hspa1b,4
14116,ENSEMBL:ENSPTRG00000018607,gene,ENSEMBL:ENSPTRG00000018607,4
14117,ENSEMBL:ENSMODG00000015970,gene,ENSEMBL:ENSMODG00000015970,4
14118,ENSEMBL:ENSACAG00000001823,gene,ENSEMBL:ENSACAG00000001823,4
14119,P37840,gene product,Alpha-synuclein,5
14120,ENSEMBL:ENSACAG00000007358,gene,ENSEMBL:ENSACAG00000007358,4
14121,MP:0012360,phenotype,abnormal large unstained cell number,8
14122,ZP:0012679,phenotype,"swimming behavior increased duration, abnormal",8
14123,FlyBase:FBgn0000319,gene,Chc,4
14124,ENSEMBL:ENSSSCG00000017421,gene,ACLY,4
14125,MP:0006359,phenotype,absent startle reflex,8
14126,ENSEMBL:ENSMMUG00000014627,gene,ENSEMBL:ENSMMUG00000014627,4
14127,dictyBase:DDB_G0269484,gene,dictyBase:DDB_G0269484,4
14128,HP:0005736,phenotype,Short tibia,8
14129,SGD:S000003174,gene,CHC1,4
14130,ENSEMBL:ENSPTRG00000020660,gene,ENSEMBL:ENSPTRG00000020660,4
14131,FlyBase:FBgn0052396,gene,CG32396,4
14132,WormBase:WBGene00012768,gene,eef-1B.2,4
14133,WormBase:WBGene00020689,gene,npr-12,4
14134,ZP:0021197,phenotype,"central nervous system decreased amount, abnormal",8
14135,ENSEMBL:ENSPTRG00000007339,gene,ENSEMBL:ENSPTRG00000007339,4
14136,HP:0000582,phenotype,Upslanted palpebral fissure,8
14137,MGI:5700345,genotype,Tg(Plp1-HTT*150Q)4aXjl [Not Specified],6
14138,ENSEMBL:ENSMMUG00000050761,gene,ENSEMBL:ENSMMUG00000050761,4
14139,GO:0005634,molecular function,nucleus,7
14140,ZFIN:ZDB-GENE-990415-172,gene,neurod1,4
14141,dictyBase:DDB_G0276371,gene,gefL,4
14142,ENSEMBL:ENSMODG00000015062,gene,ENSEMBL:ENSMODG00000015062,4
14143,MGI:1343094,gene,Kat2b,4
14144,MP:0003722,phenotype,absent ureter,8
14145,ENSEMBL:ENSFCAG00000000695,gene,ENSEMBL:ENSFCAG00000000695,4
14146,RGD:1307908,gene,Ing5,4
14147,WBPhenotype:0001691,phenotype,germ nuclei rachis,8
14148,FlyBase:FBgn0040395,gene,Unc-76,4
14149,ENSEMBL:ENSBTAG00000054345,gene,ENSEMBL:ENSBTAG00000054345,4
14150,Coriell:GM06528,biological artifact,NIGMS-GM06528,0
14151,WormBase:WBGene00009976,gene,swan-2,4
14152,ENSEMBL:ENSECAG00000023247,gene,ENSEMBL:ENSECAG00000023247,4
14153,WBPhenotype:0001424,phenotype,oocyte physiology variant,8
14154,dbSNP:rs35537543,variant,rs35537543-G,10
14155,ENSEMBL:ENSECAG00000010023,gene,ENSEMBL:ENSECAG00000010023,4
14156,ZFIN:ZDB-GENE-030131-5395,gene,st13,4
14157,FBcv:0000363,phenotype,increased cell size,8
14158,MP:0020137,phenotype,decreased bone mineralization,8
14159,ZP:0000352,phenotype,"antero-lateral region prechordal plate decreased size, abnormal",8
14160,RGD:3234,gene,Oprm1,4
14161,HP:0002506,phenotype,Diffuse cerebral atrophy,8
14162,ENSEMBL:ENSMODG00000013465,gene,ENSEMBL:ENSMODG00000013465,4
14163,ENSEMBL:ENSGALG00000030411,gene,PSMA7,4
14164,ENSEMBL:ENSMODG00000016684,gene,ENSEMBL:ENSMODG00000016684,4
14165,dictyBase:DDB_G0281557,gene,drkD,4
14166,ENSEMBL:ENSMODG00000016736,gene,ENSEMBL:ENSMODG00000016736,4
14167,MP:0006027,phenotype,impaired lung alveolus development,8
14168,WormBase:WBGene00007700,gene,C24H11.2,4
14169,HP:0000473,phenotype,Torticollis,8
14170,HP:0000029,phenotype,Testicular atrophy,8
14171,SGD:S000005311,gene,CPR8,4
14172,ENSEMBL:ENSECAG00000024558,gene,ENSEMBL:ENSECAG00000024558,4
14173,MP:0008842,phenotype,lipofuscinosis,8
14174,MP:0001786,phenotype,skin edema,8
14175,ZP:0002912,phenotype,"blood vessel lumenization process quality, abnormal",8
14176,ZP:0137774,phenotype,"thigmotaxis latency, abnormal",8
14177,WBPhenotype:0001933,phenotype,synaptic vesicle tag abnormal in mechanosensory neurons,8
14178,ENSEMBL:ENSMODG00000014659,gene,ENSEMBL:ENSMODG00000014659,4
14179,4673,drug,nalfurafine,3
14180,ENSEMBL:ENSBTAG00000025441,gene,ENSEMBL:ENSBTAG00000025441,4
14181,ZFIN:ZDB-GENE-030131-5408,gene,vcp,4
14182,ENSEMBL:ENSOANG00000003369,gene,ENSEMBL:ENSOANG00000003369,4
14183,MGI:95958,gene,H2-T24,4
14184,ENSEMBL:ENSOANG00000006985,gene,ENSEMBL:ENSOANG00000006985,4
14185,dictyBase:DDB_G0268778,gene,DDB0220639,4
14186,ZP:0003192,phenotype,"liver fatty, abnormal",8
14187,HP:0004429,phenotype,Recurrent viral infections,8
14188,FlyBase:FBgn0004066,gene,Prosalpha4,4
14189,ENSEMBL:ENSOANG00000001056,gene,ENSEMBL:ENSOANG00000001056,4
14190,MP:0001940,phenotype,testis hypoplasia,8
14191,NCBITaxon:9031,taxon,Gallus gallus,9
14192,ENSEMBL:ENSRNOG00000047948,gene,F1LU03,4
14193,NCBIGene:3064,gene,HTT,4
14194,MP:0001905,phenotype,abnormal dopamine level,8
14195,ENSEMBL:ENSMMUG00000001508,gene,ENSEMBL:ENSMMUG00000001508,4
14196,ENSEMBL:ENSSSCG00000011332,gene,SETD2,4
14197,HP:0001539,phenotype,Omphalocele,8
14198,FBcv:0000717,phenotype,increased cell growth,8
14199,ENSEMBL:ENSOANG00000013750,gene,ENSEMBL:ENSOANG00000013750,4
14200,Q13255,gene product,Metabotropic glutamate receptor 1,5
14201,MONARCH:APO_0000052APO_0000004,phenotype,cell size:increased,8
14202,FBcv:0000429,phenotype,abnormal cell shape,8
14203,MP:0000291,phenotype,enlarged pericardium,8
14204,WBPhenotype:0000365,phenotype,embryo osmotic integrity defective early emb,8
14205,GO:0042802,molecular function,identical protein binding,7
14206,ZP:0000539,phenotype,"cardiac muscle cell atrial myocardium decreased mass density, abnormal",8
14207,MONDO:0054573,disease,Lopes-Maciel-Rodan syndrome,2
14208,ZP:0001671,phenotype,"locomotory behavior disrupted, abnormal",8
14209,NCBIGene:101731867,gene,dusp10,4
14210,MP:0001243,phenotype,abnormal dermal layer morphology,8
14211,WBPhenotype:0001907,phenotype,dorsal intercalation defective,8
14212,HGNC:4914,gene,UBE2K,4
14213,HP:0002376,phenotype,Developmental regression,8
14214,MP:0009278,phenotype,abnormal bone marrow cell physiology,8
14215,WBPhenotype:0000398,phenotype,light body touch resistant,8
14216,ENSEMBL:ENSMMUG00000002940,gene,ENSEMBL:ENSMMUG00000002940,4
14217,MP:0004770,phenotype,abnormal synaptic vesicle recycling,8
14218,MP:0002574,phenotype,increased vertical activity,8
14219,NCBIGene:396254,gene,TUBB,4
14220,MP:0004982,phenotype,abnormal osteoclast morphology,8
14221,Xenbase:XB-GENE-486024,gene,ap2a2,4
14222,dictyBase:DDB_G0274613,gene,DDB_G0274613,4
14223,ENSEMBL:ENSCAFG00000023463,gene,ITPR1,4
14224,HP:0012547,phenotype,Abnormal involuntary eye movements,8
14225,ENSEMBL:ENSSSCG00000007580,gene,WIPI2,4
14226,SGD:S000004157,gene,RPS31,4
14227,MP:0009748,phenotype,abnormal behavioral response to addictive substance,8
14228,HP:0005280,phenotype,Depressed nasal bridge,8
14229,ENSEMBL:ENSGALG00000010766,gene,ENSEMBL:ENSGALG00000010766,4
14230,Xenbase:XB-GENE-969324,gene,cnot7,4
14231,FlyBase:FBgn0261395,gene,Prosalpha3T,4
14232,WBPhenotype:0004017,phenotype,locomotor coordination variant,8
14233,ENSEMBL:ENSMODG00000016874,gene,ENSEMBL:ENSMODG00000016874,4
14234,NCBIGene:100000823,gene,dlg4,4
14235,HP:0003237,phenotype,Increased circulating IgG level,8
14236,ENSEMBL:ENSMODG00000011233,gene,ENSEMBL:ENSMODG00000011233,4
14237,dictyBase:DDB_G0285449,gene,DDB0186499,4
14238,HGNC:21091,gene,ZNF451,4
14239,ENSEMBL:ENSSSCG00000005641,gene,DNM1,4
14240,MP:0004809,phenotype,increased hematopoietic stem cell number,8
14241,MP:0001230,phenotype,epidermal desquamation,8
14242,ENSEMBL:ENSECAG00000002758,gene,ENSEMBL:ENSECAG00000002758,4
14243,ENSEMBL:ENSSSCG00000001410,gene,BAG6,4
14244,ZFIN:ZDB-GENE-031107-3,gene,ndnl2,4
14245,ZFIN:ZDB-GENE-060312-44,gene,neflb,4
14246,Xenbase:XB-GENE-974377,gene,eif3i,4
14247,ZP:0019042,phenotype,"synapse eye photoreceptor cell poorly differentiated, abnormal",8
14248,ZP:0011617,phenotype,"blood island has fewer parts of type neutrophil, abnormal",8
14249,ENSEMBL:ENSPTRG00000001078,gene,ENSEMBL:ENSPTRG00000001078,4
14250,MP:0012083,phenotype,absent foregut,8
14251,ENSEMBL:ENSBTAG00000054466,gene,A0A3Q1MRS1,4
14252,EnsemblGenome:BAE76810,gene,EnsemblGenome:BAE76810,4
14253,ENSEMBL:ENSMMUG00000000573,gene,ENSEMBL:ENSMMUG00000000573,4
14254,HP:0001852,phenotype,Sandal gap,8
14255,HP:0012757,phenotype,Abnormal neuron morphology,8
14256,MP:0003051,phenotype,curly tail,8
14257,MP:0008333,phenotype,absent lactotrophs,8
14258,ZFIN:ZDB-GENE-030131-9034,gene,rpl4,4
14259,HP:0011120,phenotype,Concave nasal ridge,8
14260,MP:0003232,phenotype,abnormal forebrain development,8
14261,HGNC:9966,gene,REST,4
14262,MP:0001927,phenotype,abnormal estrous cycle,8
14263,Xenbase:XB-GENE-6070000,gene,grb2,4
14264,MP:0002945,phenotype,abnormal inhibitory postsynaptic currents,8
14265,Coriell:GM04194,biological artifact,NIGMS-GM04194,0
14266,ENSEMBL:ENSFCAG00000003098,gene,ENSEMBL:ENSFCAG00000003098,4
14267,ENSEMBL:ENSFCAG00000011869,gene,ENSEMBL:ENSFCAG00000011869,4
14268,RGD:1561171,gene,Ccdc126,4
14269,MP:0001441,phenotype,increased grooming behavior,8
14270,WBPhenotype:0002309,phenotype,pausing decreased,8
14271,MP:0001274,phenotype,curly vibrissae,8
14272,MP:0009431,phenotype,decreased fetal weight,8
14273,MP:0001573,phenotype,abnormal circulating alanine transaminase level,8
14274,ENSEMBL:ENSMODG00000015865,gene,ENSEMBL:ENSMODG00000015865,4
14275,HP:0001873,phenotype,Thrombocytopenia,8
14276,MP:0008432,phenotype,abnormal long term spatial reference memory,8
14277,dictyBase:DDB_G0290791,gene,rabK2,4
14278,RGD:1587326,gene,Polr2a,4
14279,MP:0008682,phenotype,decreased interleukin-17 secretion,8
14280,WBPhenotype:0001511,phenotype,linker cell migration variant,8
14281,ZP:0101911,phenotype,"germ cell migration decreased occurrence, abnormal",8
14282,ENSEMBL:ENSECAG00000010446,gene,ENSEMBL:ENSECAG00000010446,4
14283,Coriell:GM04723,biological artifact,NIGMS-GM04723,0
14284,WBPhenotype:0000712,phenotype,germ cell ionizing radiation response variant,8
14285,HP:0012075,phenotype,Personality disorder,8
14286,MP:0012263,phenotype,decreased hindbrain size,8
14287,ENSEMBL:ENSCAFG00000019605,gene,ENSEMBL:ENSCAFG00000019605,4
14288,HP:0030026,phenotype,Squared superior portion of helix,8
14289,ENSEMBL:ENSOANG00000006591,gene,ENSEMBL:ENSOANG00000006591,4
14290,Coriell:GM05622,biological artifact,NIGMS-GM05622,0
14291,HP:0011100,phenotype,Intestinal atresia,8
14292,HP:0002153,phenotype,Hyperkalemia,8
14293,EFO:0004784,phenotype,self reported educational attainment,8
14294,MGI:2386951,variant,Tg(HDexon1)62Gpb,10
14295,HP:0003445,phenotype,EMG: neuropathic changes,8
14296,ZP:0101818,phenotype,"presynapse assembly disrupted, abnormal",8
14297,HP:0004950,phenotype,Peripheral arterial stenosis,8
14298,MP:0002759,phenotype,abnormal caudal vertebrae morphology,8
14299,ENSEMBL:ENSACAG00000012381,gene,ENSEMBL:ENSACAG00000012381,4
14300,MP:0000215,phenotype,absent erythrocytes,8
14301,ENSEMBL:ENSPTRG00000015854,gene,ENSEMBL:ENSPTRG00000015854,4
14302,ENSEMBL:ENSGALG00000010060,gene,ENSEMBL:ENSGALG00000010060,4
14303,MP:0009940,phenotype,abnormal hippocampus pyramidal cell morphology,8
14304,WBPhenotype:0002013,phenotype,univalent meiotic chromosomes,8
14305,WormBase:WBGene00015381,gene,C03B1.13,4
14306,ENSEMBL:ENSCAFG00000012741,gene,ENSEMBL:ENSCAFG00000012741,4
14307,MP:0012188,phenotype,increased regulatory T cell apoptosis,8
14308,HP:0001660,phenotype,Truncus arteriosus,8
14309,ZP:0010454,phenotype,"striated muscle myosin thick filament fast muscle cell disorganized, abnormal",8
14310,dictyBase:DDB_G0291568,gene,dnaja1,4
14311,ZP:0021484,phenotype,"late endosome neural crest cell decreased amount, abnormal",8
14312,ZP:0138434,phenotype,"cranial nerve II disrupted axon guidance, abnormal",8
14313,1800,drug,miconazole,3
14314,SGD:S000002672,gene,AKR1,4
14315,ENSEMBL:ENSBTAG00000017825,gene,ENSEMBL:ENSBTAG00000017825,4
14316,ENSEMBL:ENSOANG00000005940,gene,ENSEMBL:ENSOANG00000005940,4
14317,ENSEMBL:ENSBTAG00000016401,gene,ENSEMBL:ENSBTAG00000016401,4
14318,PomBase:SPCC1739.12,gene,ppe1,4
14319,FBcv:0000002,phenotype,abnormal thermotaxis,8
14320,ENSEMBL:ENSECAG00000020649,gene,ENSEMBL:ENSECAG00000020649,4
14321,ZP:0137805,phenotype,"blood cell accumulation trunk vasculature, abnormal",8
14322,ZP:0002256,phenotype,"fourth ventricle distended, abnormal",8
14323,ZFIN:ZDB-GENE-030131-3654,gene,sp8b,4
14324,dictyBase:DDB_G0278341,gene,DDB0205386,4
14325,ENSEMBL:ENSBTAG00000021949,gene,ENSEMBL:ENSBTAG00000021949,4
14326,ENSEMBL:ENSECAG00000020595,gene,ENSEMBL:ENSECAG00000020595,4
14327,FBcv:0002027,phenotype,lethal - all die before end of pupal stage,8
14328,RGD:735037,gene,RT1-S3,4
14329,HGNC:9536,gene,PSMA7,4
14330,WBPhenotype:0002405,phenotype,pheromone behavioral response variant,8
14331,ENSEMBL:ENSACAG00000015744,gene,ENSEMBL:ENSACAG00000015744,4
14332,ENSEMBL:ENSOANG00000010873,gene,ENSEMBL:ENSOANG00000010873,4
14333,MONARCH:APO_0000022APO_0000003,phenotype,protein activity:decreased,8
14334,ZP:0004010,phenotype,"retinal inner plexiform layer decayed, abnormal",8
14335,ZP:0007684,phenotype,"cardiac muscle cell atrioventricular canal morphology, abnormal",8
14336,ZP:0002183,phenotype,"axonogenesis disrupted, abnormal",8
14337,ZP:0001555,phenotype,"tail bud decreased size, abnormal",8
14338,Xenbase:XB-GENE-5813351,gene,elp1,4
14339,MONARCH:APO_0000205APO_0000004,phenotype,ionic stress resistance:increased,8
14340,HP:0001155,phenotype,Abnormality of the hand,8
14341,RGD:620190,gene,Becn1,4
14342,MGI:96623,gene,Itpr1,4
14343,MP:0013818,phenotype,abnormal oral cavity morphology,8
14344,MP:0001448,phenotype,abnormal huddling behavior,8
14345,HP:0001597,phenotype,Abnormality of the nail,8
14346,MONARCH:APO_0000111APO_0000004,phenotype,viability:increased,8
14347,HP:0000826,phenotype,Precocious puberty,8
14348,ZP:0002428,phenotype,"embryo development process quality, abnormal",8
14349,MGI:107637,gene,Psmb7,4
14350,ENSEMBL:ENSPTRG00000009261,gene,ENSEMBL:ENSPTRG00000009261,4
14351,MP:0012303,phenotype,umbilical vein stenosis,8
14352,ENSEMBL:ENSSSCG00000007425,gene,ENSEMBL:ENSSSCG00000007425,4
14353,ENSEMBL:ENSMMUG00000055610,gene,ENSEMBL:ENSMMUG00000055610,4
14354,ZFIN:ZDB-GENE-040822-13,gene,gga1,4
14355,ENSEMBL:ENSFCAG00000015361,gene,ENSEMBL:ENSFCAG00000015361,4
14356,dictyBase:DDB_G0269244,gene,atg6A,4
14357,WormBase:WBGene00004284,gene,rab-35,4
14358,ZFIN:ZDB-GENE-040426-993,gene,ncor1,4
14359,ENSEMBL:ENSMMUG00000019305,gene,ENSEMBL:ENSMMUG00000019305,4
14360,MP:0011630,phenotype,increased mitochondrial size,8
14361,FlyBase:FBgn0010399,gene,Nmdar1,4
14362,SGD:S000005682,gene,NFI1,4
14363,ZFIN:ZDB-GENE-040426-1029,gene,rae1,4
14364,ENSEMBL:ENSFCAG00000018624,gene,ENSEMBL:ENSFCAG00000018624,4
14365,WBPhenotype:0002587,phenotype,Pluronic gel burrowing impaired,8
14366,WormBase:WBGene00004774,gene,sem-5,4
14367,dictyBase:DDB_G0293678,gene,DDB_G0293678,4
14368,MP:0002766,phenotype,situs inversus,8
14369,MP:0011106,phenotype,"embryonic lethality between implantation and somite formation, incomplete penetrance",8
14370,RGD:1587522,gene,Magea4,4
14371,WBPhenotype:0000505,phenotype,male ray morphology variant,8
14372,FlyBase:FBgn0267001,gene,Ten-a,4
14373,ZFIN:ZDB-GENE-010502-1,gene,hmga1a,4
14374,HP:0002514,phenotype,Cerebral calcification,8
14375,HP:0001943,phenotype,Hypoglycemia,8
14376,ZP:0000588,phenotype,"central artery decreased length, abnormal",8
14377,ENSEMBL:ENSCAFG00000004724,gene,ENSEMBL:ENSCAFG00000004724,4
14378,MGI:1344381,gene,Dnajb6,4
14379,ENSEMBL:ENSECAG00000029531,gene,ENSEMBL:ENSECAG00000029531,4
14380,ZFIN:ZDB-GENE-040426-837,gene,ptdss1a,4
14381,MP:0004129,phenotype,abnormal respiratory quotient,8
14382,MP:0009745,phenotype,abnormal behavioral response to xenobiotic,8
14383,WBPhenotype:0000793,phenotype,posterior body morphology variant,8
14384,MP:0011195,phenotype,increased hair follicle apoptosis,8
14385,HP:0005563,phenotype,Decreased numbers of nephrons,8
14386,SGD:S000002240,gene,RPL13A,4
14387,ENSEMBL:ENSMODG00000024132,gene,ENSEMBL:ENSMODG00000024132,4
14388,ZP:0009002,phenotype,"brain increased occurrence apoptotic process, abnormal",8
14389,ENSEMBL:ENSMODG00000009386,gene,ENSEMBL:ENSMODG00000009386,4
14390,HP:0004408,phenotype,Abnormality of the sense of smell,8
14391,MGI:2179277,gene,Atxn7,4
14392,MONARCH:APO_0000264APO_0000250,phenotype,cell cycle progression in metaphase:arrested,8
14393,ZFIN:ZDB-GENE-040426-1004,gene,psmd13,4
14394,WormBase:WBGene00001683,gene,gpd-1,4
14395,ZFIN:ZDB-GENE-030131-6248,gene,brf1b,4
14396,HP:0001713,phenotype,Abnormal cardiac ventricle morphology,8
14397,WBPhenotype:0000494,phenotype,two fold arrest,8
14398,SGD:S000002832,gene,DYN2,4
14399,ENSEMBL:ENSMMUG00000004794,gene,ENSEMBL:ENSMMUG00000004794,4
14400,ENSEMBL:ENSCAFG00000005827,gene,ENSEMBL:ENSCAFG00000005827,4
14401,HP:0003737,phenotype,Mitochondrial myopathy,8
14402,P42345,gene product,Serine/threonine-protein kinase mTOR,5
14403,ENSEMBL:ENSSSCG00000012521,gene,ENSEMBL:ENSSSCG00000012521,4
14404,ENSEMBL:ENSFCAG00000008780,gene,ENSEMBL:ENSFCAG00000008780,4
14405,MONARCH:APO_0000087APO_0000117,phenotype,resistance to chemicals:normal,8
14406,RGD:1309158,gene,Zfp655,4
14407,ENSEMBL:ENSMODG00000002337,gene,ENSEMBL:ENSMODG00000002337,4
14408,WBPhenotype:0001953,phenotype,nuclear fallout,8
14409,HP:0000938,phenotype,Osteopenia,8
14410,ENSEMBL:ENSOANG00000004069,gene,ENSEMBL:ENSOANG00000004069,4
14411,MP:0013293,phenotype,embryonic lethality prior to tooth bud stage,8
14412,MP:0010307,phenotype,abnormal tumor latency,8
14413,dictyBase:DDB_G0270098,gene,DDB0190801,4
14414,Coriell:GM04828,biological artifact,NIGMS-GM04828,0
14415,ZP:0000190,phenotype,"optic fissure closure incomplete, abnormal",8
14416,ENSEMBL:ENSGALG00000042564,gene,UBAC1,4
14417,ENSEMBL:ENSGALG00000011174,gene,ENSEMBL:ENSGALG00000011174,4
14418,ZP:0021483,phenotype,"late endosome neural crest cell decreased size, abnormal",8
14419,ZP:0000961,phenotype,"trunk bent, abnormal",8
14420,ENSEMBL:ENSCAFG00000032005,gene,ENSEMBL:ENSCAFG00000032005,4
14421,NCBIGene:110438533,gene,LOC110438533,4
14422,ENSEMBL:ENSECAG00000022480,gene,ENSEMBL:ENSECAG00000022480,4
14423,ZFIN:ZDB-GENE-060810-162,gene,fbxl6,4
14424,ZP:0001207,phenotype,"cardiac ventricle increased size, abnormal",8
14425,ENSEMBL:ENSBTAG00000046936,gene,ENSEMBL:ENSBTAG00000046936,4
14426,HP:0100716,phenotype,Self-injurious behavior,8
14427,ZFIN:ZDB-GENE-040801-98,gene,morc3b,4
14428,ZFIN:ZDB-GENE-040801-7,gene,sumo2b,4
14429,ENSEMBL:ENSECAG00000016653,gene,ENSEMBL:ENSECAG00000016653,4
14430,MP:0011084,phenotype,"lethality at weaning, incomplete penetrance",8
14431,ENSEMBL:ENSCAFG00000045764,gene,A0A5F4DC37,4
14432,dictyBase:DDB_G0267452,gene,ubqln,4
14433,ZP:0101699,phenotype,"vascular associated smooth muscle cell dorsal aorta decreased amount, abnormal",8
14434,Xenbase:XB-GENE-976485,gene,itch,4
14435,MP:0005238,phenotype,increased brain size,8
14436,HP:0100616,phenotype,Testicular teratoma,8
14437,MP:0011940,phenotype,decreased food intake,8
14438,MP:0000583,phenotype,long toenails,8
14439,Xenbase:XB-GENE-972398,gene,psmd2,4
14440,WormBase:WBGene00003948,gene,pbs-2,4
14441,ZP:0000398,phenotype,"whole organism necrotic, abnormal",8
14442,HP:0032792,phenotype,Tonic seizure,8
14443,GO:0006915,molecular function,apoptotic process,7
14444,ENSEMBL:ENSBTAG00000003307,gene,ENSEMBL:ENSBTAG00000003307,4
14445,HP:0000098,phenotype,Tall stature,8
14446,WormBase:WBGene00021644,gene,Y47G6A.18,4
14447,Xenbase:XB-GENE-494718,gene,ppargc1a,4
14448,ENSEMBL:ENSCAFG00000018610,gene,ENSEMBL:ENSCAFG00000018610,4
14449,ENSEMBL:ENSMMUG00000000798,gene,ENSEMBL:ENSMMUG00000000798,4
14450,RGD:2736,gene,Grin1,4
14451,ENSEMBL:ENSCAFG00000002290,gene,A0A5F4CUZ1,4
14452,ENSEMBL:ENSBTAG00000027337,gene,CTSA,4
14453,HP:0001508,phenotype,Failure to thrive,8
14454,ENSEMBL:ENSMMUG00000029174,gene,ENSEMBL:ENSMMUG00000029174,4
14455,EFO:0010701,phenotype,mean reticulocyte volume,8
14456,ENSEMBL:ENSPTRG00000043450,gene,ENSEMBL:ENSPTRG00000043450,4
14457,ZP:0019960,phenotype,"diencephalon increased amount, abnormal",8
14458,dictyBase:DDB_G0290783,gene,rabG2,4
14459,ENSEMBL:ENSBTAG00000003304,gene,ENSEMBL:ENSBTAG00000003304,4
14460,HGNC:9770,gene,RAB30,4
14461,ENSEMBL:ENSSSCG00000030211,gene,ENSEMBL:ENSSSCG00000030211,4
14462,ZP:0001242,phenotype,"yolk swollen, abnormal",8
14463,WBPhenotype:0001517,phenotype,annulae morphology variant,8
14464,RGD:1306661,gene,Chuk,4
14465,HP:0004324,phenotype,Increased body weight,8
14466,ENSEMBL:ENSFCAG00000053431,gene,ENSEMBL:ENSFCAG00000053431,4
14467,HGNC:17142,gene,OPTN,4
14468,WormBase:WBGene00008065,gene,npr-18,4
14469,ENSEMBL:ENSACAG00000004282,gene,ENSEMBL:ENSACAG00000004282,4
14470,ENSEMBL:ENSCAFG00000013579,gene,ENSEMBL:ENSCAFG00000013579,4
14471,MP:0008050,phenotype,decreased memory T cell number,8
14472,ENSEMBL:ENSSSCG00000018051,gene,COPS3,4
14473,ENSEMBL:ENSCAFG00000016076,gene,IL17RA,4
14474,ENSEMBL:ENSPTRG00000019872,gene,ENSEMBL:ENSPTRG00000019872,4
14475,ENSEMBL:ENSSSCG00000031302,gene,CTBP1,4
14476,ENSEMBL:ENSFCAG00000039950,gene,ENSEMBL:ENSFCAG00000039950,4
14477,ENSEMBL:ENSMMUG00000016741,gene,ENSEMBL:ENSMMUG00000016741,4
14478,ZFIN:ZDB-GENE-030131-8486,gene,si:ch211-202a12.4,4
14479,HP:0002720,phenotype,Decreased circulating IgA level,8
14480,EFO:0007989,phenotype,monocyte percentage of leukocytes,8
14481,ZFIN:ZDB-GENE-040426-2326,gene,nup58,4
14482,ENSEMBL:ENSSSCG00000013661,gene,EIF3G,4
14483,ZP:0003846,phenotype,"kinocilium neuromast absent, abnormal",8
14484,MONARCH:APO_0000057APO_0000002,phenotype,nuclear morphology:abnormal,8
14485,WBPhenotype:0002039,phenotype,retrograde transport variant,8
14486,MP:0000749,phenotype,muscle degeneration,8
14487,MP:0009426,phenotype,decreased soleus weight,8
14488,HP:0001647,phenotype,Bicuspid aortic valve,8
14489,Coriell:GM04855,biological artifact,NIGMS-GM04855,0
14490,MP:0009401,phenotype,increased skeletal muscle fiber diameter,8
14491,ENSEMBL:ENSGALG00000016771,gene,F1P5G5,4
14492,dictyBase:DDB_G0289555,gene,arkA,4
14493,ENSEMBL:ENSECAG00000033995,gene,ENSEMBL:ENSECAG00000033995,4
14494,ZP:0017653,phenotype,"pronephric distal early tubule mislocalised posteriorly, abnormal",8
14495,ENSEMBL:ENSCAFG00000015920,gene,HAP1,4
14496,MP:0020527,phenotype,small thalamus,8
14497,HP:0000803,phenotype,Renal cortical cysts,8
14498,ENSEMBL:ENSMMUG00000014883,gene,ENSEMBL:ENSMMUG00000014883,4
14499,WBPhenotype:0000409,phenotype,organism morphology variable,8
14500,ZP:0003405,phenotype,"lysosome CNS neuron (sensu Vertebrata) increased size, abnormal",8
14501,MP:0002118,phenotype,abnormal lipid homeostasis,8
14502,MP:0010662,phenotype,abnormal intersomitic artery morphology,8
14503,ENSEMBL:ENSECAG00000012900,gene,ENSEMBL:ENSECAG00000012900,4
14504,MP:0002063,phenotype,abnormal learning/memory/conditioning,8
14505,ENSEMBL:ENSPTRG00000047600,gene,ENSEMBL:ENSPTRG00000047600,4
14506,HGNC:23393,gene,CARM1,4
14507,ENSEMBL:ENSRNOG00000000787,gene,LOC100909797,4
14508,WormBase:WBGene00018935,gene,skr-18,4
14509,ENSEMBL:ENSFCAG00000043477,gene,ENSEMBL:ENSFCAG00000043477,4
14510,143,drug,alvimopan,3
14511,ZP:0003848,phenotype,"kidney morphology, abnormal",8
14512,HP:0003075,phenotype,Hypoproteinemia,8
14513,WormBase:WBGene00045383,gene,sup-46,4
14514,ENSEMBL:ENSMODG00000039717,gene,ENSEMBL:ENSMODG00000039717,4
14515,ENSEMBL:ENSPTRG00000046370,gene,ENSEMBL:ENSPTRG00000046370,4
14516,MP:0002018,phenotype,increased malignant tumor incidence,8
14517,ENSEMBL:ENSFCAG00000014700,gene,ENSEMBL:ENSFCAG00000014700,4
14518,PomBase:SPBC18H10.06c,gene,swd2,4
14519,Xenbase:XB-GENE-944158,gene,cops3,4
14520,HP:0002500,phenotype,Abnormal cerebral white matter morphology,8
14521,ZP:0008617,phenotype,"retinal ganglion cell retinal ganglion cell layer increased amount, abnormal",8
14522,ENSEMBL:ENSMMUG00000017758,gene,ENSEMBL:ENSMMUG00000017758,4
14523,ENSEMBL:ENSGALG00000015589,gene,MSH3,4
14524,ENSEMBL:ENSACAG00000000102,gene,ENSEMBL:ENSACAG00000000102,4
14525,ZP:0102471,phenotype,"actin-based cell projection peridermal cell decreased size, abnormal",8
14526,MP:0002661,phenotype,abnormal corpus epididymis morphology,8
14527,MP:0013764,phenotype,decreased T-helper cell number,8
14528,ZP:0019044,phenotype,"peripheral region retina morphology, abnormal",8
14529,ZP:0010091,phenotype,"pharyngeal arch 3-7 skeleton has fewer parts of type pharyngeal arch cartilage, abnormal",8
14530,ZP:0004618,phenotype,"head absent, abnormal",8
14531,ENSEMBL:ENSCAFG00000010856,gene,ENSEMBL:ENSCAFG00000010856,4
14532,ENSEMBL:ENSECAG00000022718,gene,ENSEMBL:ENSECAG00000022718,4
14533,ZP:0011629,phenotype,"vesicle neuron decreased speed, abnormal",8
14534,FlyBase:FBgn0003231,gene,ref(2)P,4
14535,HP:0004959,phenotype,Descending thoracic aorta aneurysm,8
14536,Xenbase:XB-GENE-479174,gene,ighx,4
14537,ZP:0014275,phenotype,"fin regeneration decreased process quality, abnormal",8
14538,WBPhenotype:0002495,phenotype,ectopic hypodermis,8
14539,ENSEMBL:ENSACAG00000015832,gene,ENSEMBL:ENSACAG00000015832,4
14540,ENSEMBL:ENSCAFG00000001043,gene,XRCC6,4
14541,HP:0003557,phenotype,Increased variability in muscle fiber diameter,8
14542,WBPhenotype:0000145,phenotype,fertility phenotype,8
14543,SGD:S000005683,gene,PUP1,4
14544,WormBase:WBGene00003599,gene,nhl-3,4
14545,WBPhenotype:0000767,phenotype,integrity of membranous organelles defective early emb,8
14546,ENSEMBL:ENSACAG00000002260,gene,ENSEMBL:ENSACAG00000002260,4
14547,ENSEMBL:ENSSSCG00000012822,gene,ENSEMBL:ENSSSCG00000012822,4
14548,ZFIN:ZDB-GENE-050208-42,gene,map6a,4
14549,ENSEMBL:ENSCAFG00000015827,gene,PFN1,4
14550,ENSEMBL:ENSOANG00000007850,gene,ENSEMBL:ENSOANG00000007850,4
14551,FBcv:0002001,phenotype,lethal - all die before end of first instar larval stage,8
14552,ENSEMBL:ENSECAG00000009164,gene,ENSEMBL:ENSECAG00000009164,4
14553,ENSEMBL:ENSOANG00000011328,gene,ENSEMBL:ENSOANG00000011328,4
14554,ENSEMBL:ENSACAG00000005706,gene,ENSEMBL:ENSACAG00000005706,4
14555,MP:0020348,phenotype,decreased olfactory sensory neuron number,8
14556,HP:0002091,phenotype,Restrictive ventilatory defect,8
14557,MGI:98731,gene,Tgm2,4
14558,ENSEMBL:ENSPTRG00000017062,gene,ENSEMBL:ENSPTRG00000017062,4
14559,ENSEMBL:ENSMMUG00000007400,gene,ENSEMBL:ENSMMUG00000007400,4
14560,ZP:0005918,phenotype,"brain vasculature broken, abnormal",8
14561,ZP:0001772,phenotype,"retina quality, abnormal",8
14562,WormBase:WBGene00010992,gene,R03D7.8,4
14563,PomBase:SPAC22E12.14c,gene,sck2,4
14564,HP:0002002,phenotype,Deep philtrum,8
14565,ENSEMBL:ENSMODG00000008614,gene,ENSEMBL:ENSMODG00000008614,4
14566,ENSEMBL:ENSCAFG00000011038,gene,WIPI1,4
14567,PomBase:SPAC22A12.14c,gene,SPAC22A12.14c,4
14568,MP:0005165,phenotype,increased susceptibility to injury,8
14569,ZP:0002929,phenotype,"cilium pronephric duct decreased amount, abnormal",8
14570,RGD:621826,gene,Pfn2,4
14571,ENSEMBL:ENSSSCG00000005914,gene,SHARPIN,4
14572,WormBase:WBGene00016110,gene,npr-11,4
14573,ENSEMBL:ENSACAG00000010533,gene,ENSEMBL:ENSACAG00000010533,4
14574,WBPhenotype:0000604,phenotype,nervous system morphology variant,8
14575,HGNC:23572,gene,MORC3,4
14576,ENSEMBL:ENSPTRG00000011788,gene,ENSEMBL:ENSPTRG00000011788,4
14577,ENSEMBL:ENSGALG00000006140,gene,GGA2,4
14578,ENSEMBL:ENSCAFG00000016311,gene,HUWE1,4
14579,MGI:1861934,variant,Htt<tm4Mem>,10
14580,ENSEMBL:ENSACAG00000011968,gene,ENSEMBL:ENSACAG00000011968,4
14581,MP:0010838,phenotype,"increased CD8-positive, alpha-beta memory T cell number",8
14582,MP:0002176,phenotype,increased brain weight,8
14583,ZP:0103454,phenotype,"nucleus cell increased amount, abnormal",8
14584,ENSEMBL:ENSMMUG00000012912,gene,ENSEMBL:ENSMMUG00000012912,4
14585,ZP:0020989,phenotype,"double-strand break repair via single-strand annealing increased frequency, abnormal",8
14586,MP:0011278,phenotype,increased ear pigmentation,8
14587,WBPhenotype:0001164,phenotype,excess pronucleus early emb,8
14588,ZFIN:ZDB-GENE-090313-280,gene,si:dkey-253i9.4,4
14589,HP:0006270,phenotype,Hypoplastic spleen,8
14590,RGD:1306254,gene,Ap2a1,4
14591,ENSEMBL:ENSACAG00000010579,gene,ENSEMBL:ENSACAG00000010579,4
14592,MP:0000965,phenotype,abnormal sensory neuron morphology,8
14593,Coriell:GM05608,biological artifact,NIGMS-GM05608,0
14594,PomBase:SPAC1952.16,gene,rga9,4
14595,ENSEMBL:ENSMODG00000012963,gene,ENSEMBL:ENSMODG00000012963,4
14596,RGD:620745,gene,Ubqln1,4
14597,ENSEMBL:ENSBTAG00000054943,gene,ENSEMBL:ENSBTAG00000054943,4
14598,ZP:0002689,phenotype,"camera-type eye photoreceptor cell differentiation disrupted, abnormal",8
14599,WBPhenotype:0001955,phenotype,multiple nuclei oocyte,8
14600,ZP:0001461,phenotype,"somite U-shaped, abnormal",8
14601,dbSNP:rs114688092,variant,rs114688092-?,10
14602,MONARCH:APO_0000118APO_0000002,phenotype,nuclear position:abnormal,8
14603,MGI:3605769,genotype,Htt<tm1Szi>/Htt<tm2Szi>; Tg(Camk2a-cre)1Szi [involves: 129S/SvEv * 129S1/Sv * C57BL/6 * CBA],6
14604,dictyBase:DDB_G0273439,gene,ap2a1-1,4
14605,ZP:0022082,phenotype,"neurofibrosarcoma whole organism increased amount, abnormal",8
14606,FlyBase:FBgn0000578,gene,ena,4
14607,ENSEMBL:ENSFCAG00000046228,gene,ENSEMBL:ENSFCAG00000046228,4
14608,MP:0003008,phenotype,enhanced long term potentiation,8
14609,ENSEMBL:ENSACAG00000015595,gene,ENSEMBL:ENSACAG00000015595,4
14610,MGI:5052377,variant,Tg(HTT*/EGFP)190Nn,10
14611,HP:0003212,phenotype,Increased circulating IgE level,8
14612,MP:0011667,phenotype,double outlet right ventricle with atrioventricular septal defect,8
14613,MP:0008782,phenotype,increased B cell apoptosis,8
14614,MGI:2144790,gene,Ighg3,4
14615,ZP:0000376,phenotype,"adenohypophysis decreased size, abnormal",8
14616,WBPhenotype:0004023,phenotype,frequency of body bend variant,8
14617,ENSEMBL:ENSECAG00000007258,gene,ENSEMBL:ENSECAG00000007258,4
14618,ZP:0020735,phenotype,"heart tube decreased distribution, abnormal",8
14619,WBPhenotype:0001026,phenotype,nuclear morphology variation early emb,8
14620,NCBITaxon:559292,taxon,Saccharomyces cerevisiae S288C,9
14621,ZP:0010934,phenotype,"artery absent, abnormal",8
14622,ZFIN:ZDB-GENE-040426-2884,gene,dnaja2a,4
14623,ENSEMBL:ENSOANG00000009183,gene,ENSEMBL:ENSOANG00000009183,4
14624,MP:0005058,phenotype,abnormal lysosome morphology,8
14625,ZP:0103705,phenotype,"heart tube spatial pattern, abnormal",8
14626,Xenbase:XB-GENE-966145,gene,ogt,4
14627,ZP:0000417,phenotype,"retina layer formation disrupted, abnormal",8
14628,ENSEMBL:ENSOANG00000040350,gene,ENSEMBL:ENSOANG00000040350,4
14629,2491,drug,sufentanil,3
14630,WormBase:WBGene00003934,gene,pat-10,4
14631,HP:0011682,phenotype,Perimembranous ventricular septal defect,8
14632,MGI:1923686,gene,Tufm,4
14633,HP:0030688,phenotype,Increased glucagon level,8
14634,MGI:1333811,gene,Mbd1,4
14635,HP:0003477,phenotype,Peripheral axonal neuropathy,8
14636,EFO:0004346,phenotype,neuroimaging measurement,8
14637,WBPhenotype:0001948,phenotype,diakinesis progression during oogenesis variant,8
14638,ENSEMBL:ENSFCAG00000010217,gene,ENSEMBL:ENSFCAG00000010217,4
14639,ENSEMBL:ENSGALG00000005309,gene,ENSEMBL:ENSGALG00000005309,4
14640,MONARCH:APO_0000271APO_0000002,phenotype,RNA modification:abnormal,8
14641,ZP:0000528,phenotype,"cardiac ventricle decreased size, abnormal",8
14642,MP:0008663,phenotype,increased interleukin-12 secretion,8
14643,MP:0004546,phenotype,esophagus hyperplasia,8
14644,Coriell:GM04846,biological artifact,NIGMS-GM04846,0
14645,ENSEMBL:ENSECAG00000019014,gene,ENSEMBL:ENSECAG00000019014,4
14646,MP:0001672,phenotype,abnormal embryo development,8
14647,ENSEMBL:ENSOANG00000013114,gene,ENSEMBL:ENSOANG00000013114,4
14648,WBPhenotype:0000196,phenotype,distal tip cell morphology variant,8
14649,ENSEMBL:ENSECAG00000009033,gene,ENSEMBL:ENSECAG00000009033,4
14650,ENSEMBL:ENSECAG00000009962,gene,ENSEMBL:ENSECAG00000009962,4
14651,ENSEMBL:ENSMODG00000043149,gene,ENSEMBL:ENSMODG00000043149,4
14652,ZFIN:ZDB-GENE-130530-613,gene,dlg4a,4
14653,ENSEMBL:ENSMODG00000016740,gene,ENSEMBL:ENSMODG00000016740,4
14654,WBPhenotype:0000275,phenotype,organism UV hypersensitive,8
14655,dictyBase:DDB_G0289665,gene,gefQ,4
14656,ZP:0008448,phenotype,"sodium:potassium-exchanging ATPase complex hair cell mislocalised, abnormal",8
14657,dictyBase:DDB_G0281683,gene,msh3,4
14658,HP:0001355,phenotype,Megalencephaly,8
14659,MP:0002188,phenotype,small heart,8
14660,RGD:620369,gene,Hnrnpm,4
14661,HP:0010804,phenotype,Tented upper lip vermilion,8
14662,WormBase:WBGene00008799,gene,F14E5.1,4
14663,HP:0002007,phenotype,Frontal bossing,8
14664,MP:0006144,phenotype,increased systemic arterial systolic blood pressure,8
14665,MP:0008735,phenotype,increased susceptibility to endotoxin shock,8
14666,MP:0001792,phenotype,impaired wound healing,8
14667,HGNC:21212,gene,ADGB,4
14668,MP:0001710,phenotype,absent amniotic folds,8
14669,MP:0003222,phenotype,increased cardiomyocyte apoptosis,8
14670,WormBase:WBGene00022465,gene,ift-20,4
14671,ZFIN:ZDB-GENE-040426-862,gene,kif18a,4
14672,ENSEMBL:ENSGALG00000007615,gene,ENSEMBL:ENSGALG00000007615,4
14673,EFO:0008459,phenotype,response to mepolizumab,8
14674,ZP:0018926,phenotype,"skeletal muscle myofibril skeletal muscle disorganized, abnormal",8
14675,RGD:1303002,gene,Cops3,4
14676,ENSEMBL:ENSACAG00000024548,gene,ENSEMBL:ENSACAG00000024548,4
14677,MGI:105926,gene,Rab5a,4
14678,MGI:1333793,gene,Magea2,4
14679,ENSEMBL:ENSFCAG00000031459,gene,ENSEMBL:ENSFCAG00000031459,4
14680,ENSEMBL:ENSBTAG00000049406,gene,ENSEMBL:ENSBTAG00000049406,4
14681,MGI:2653604,genotype,Tg(HDexon1)62Gpb [involves: C57BL/6 * CBA/J],6
14682,HP:0002553,phenotype,Highly arched eyebrow,8
14683,ZP:0000351,phenotype,"postoptic commissure aplastic, abnormal",8
14684,ENSEMBL:ENSGALG00000015635,gene,ENSEMBL:ENSGALG00000015635,4
14685,FBcv:0000374,phenotype,fertile,8
14686,WBPhenotype:0002428,phenotype,intestinal degeneration,8
14687,ENSEMBL:ENSGALG00000001103,gene,ENSEMBL:ENSGALG00000001103,4
14688,MP:0006338,phenotype,abnormal second pharyngeal arch morphology,8
14689,ENSEMBL:ENSBTAG00000015779,gene,ENSEMBL:ENSBTAG00000015779,4
14690,ENSEMBL:ENSPTRG00000023062,gene,ENSEMBL:ENSPTRG00000023062,4
14691,RGD:1305752,gene,Psmd2,4
14692,MP:0001131,phenotype,abnormal ovarian follicle morphology,8
14693,MGI:5052380,genotype,Tg(HTT*/EGFP)190Nn [involves: C57BL/6 * DBA/2],6
14694,ENSEMBL:ENSCAFG00000002544,gene,ENSEMBL:ENSCAFG00000002544,4
14695,WBPhenotype:0001272,phenotype,vulval cell induction variant,8
14696,ZP:0000337,phenotype,"thalamus development decreased process quality, abnormal",8
14697,HGNC:30892,gene,HUWE1,4
14698,FlyBase:FBgn0052225,gene,CG32225,4
14699,HP:0001406,phenotype,Intrahepatic cholestasis,8
14700,ENSEMBL:ENSGALG00000007900,gene,F1NJ25,4
14701,HP:0002885,phenotype,Medulloblastoma,8
14702,MP:0008974,phenotype,proportional dwarf,8
14703,HGNC:1029,gene,BDKRB1,4
14704,EnsemblGenome:AT2G22970,gene,EnsemblGenome:AT2G22970,4
14705,MGI:1277961,gene,Plec,4
14706,HP:0000207,phenotype,Triangular mouth,8
14707,MGI:1922816,gene,Ing5,4
14708,ZFIN:ZDB-GENE-040426-1122,gene,dnajb6b,4
14709,ENSEMBL:ENSPTRG00000021031,gene,ENSEMBL:ENSPTRG00000021031,4
14710,ENSEMBL:ENSPTRG00000009791,gene,ENSEMBL:ENSPTRG00000009791,4
14711,WBPhenotype:0001414,phenotype,male mating defective,8
14712,ZP:0003437,phenotype,"trunk morphology, abnormal",8
14713,MP:0001231,phenotype,abnormal epidermis stratum basale morphology,8
14714,HP:0007265,phenotype,Absent mesencephalon,8
14715,Xenbase:XB-GENE-6070198,gene,eif3g,4
14716,MGI:95956,gene,H2-T22,4
14717,ZP:0100741,phenotype,"rhombomere 4 has extra parts of type facial nerve motor nucleus neuron projection motor neuron, abnormal",8
14718,HGNC:3942,gene,MTOR,4
14719,ENSEMBL:ENSACAG00000028656,gene,ENSEMBL:ENSACAG00000028656,4
14720,MP:0002917,phenotype,decreased synaptic depression,8
14721,WBPhenotype:0001643,phenotype,excess hypodermal cells,8
14722,MP:0005605,phenotype,increased bone mass,8
14723,EnsemblGenome:AT1G10450,gene,EnsemblGenome:AT1G10450,4
14724,WBPhenotype:0000716,phenotype,muscle cell attachment variant,8
14725,MONARCH:APO_0000105APO_0000003,phenotype,mitochondrial genome maintenance:decreased,8
14726,ENSEMBL:ENSECAG00000017817,gene,ENSEMBL:ENSECAG00000017817,4
14727,ZFIN:ZDB-GENE-040426-1298,gene,pias4b,4
14728,EnsemblGenome:AT1G67300,gene,EnsemblGenome:AT1G67300,4
14729,ENSEMBL:ENSXETG00000012424,gene,lipt1,4
14730,ZP:0000212,phenotype,"whole organism viability, abnormal",8
14731,HGNC:29858,gene,NLK,4
14732,ENSEMBL:ENSPTRG00000045923,gene,ENSEMBL:ENSPTRG00000045923,4
14733,ZP:0007287,phenotype,"central artery morphology, abnormal",8
14734,ENSEMBL:ENSACAG00000002828,gene,ENSEMBL:ENSACAG00000002828,4
14735,MP:0002796,phenotype,impaired skin barrier function,8
14736,ENSEMBL:ENSMODG00000006754,gene,ENSEMBL:ENSMODG00000006754,4
14737,WormBase:WBGene00007704,gene,mdt-21,4
14738,RGD:1596413,gene,Hspb11,4
14739,FBcv:0000384,phenotype,abnormal aging,8
14740,WBPhenotype:0001930,phenotype,muscle arm development defective,8
14741,MP:0003396,phenotype,abnormal embryonic hematopoiesis,8
14742,FlyBase:FBgn0037607,gene,CG8036,4
14743,PomBase:SPBC1289.07c,gene,rpc40,4
14744,MP:0009806,phenotype,abnormal otic vesicle morphology,8
14745,MGI:107412,gene,Ube2e3,4
14746,WormBase:WBGene00020053,gene,R13A5.11,4
14747,RGD:1359355,gene,M6pr,4
14748,MP:0003424,phenotype,premature neuronal precursor differentiation,8
14749,ENSEMBL:ENSFCAG00000027081,gene,ENSEMBL:ENSFCAG00000027081,4
14750,ENSEMBL:ENSRNOG00000033057,gene,D3ZGY4,4
14751,MONARCH:APO_0000052APO_0000003,phenotype,cell size:decreased,8
14752,Xenbase:XB-GENE-971040,gene,cmc1,4
14753,ENSEMBL:ENSFCAG00000005513,gene,ENSEMBL:ENSFCAG00000005513,4
14754,ZFIN:ZDB-GENE-040525-1,gene,rab4a,4
14755,dictyBase:DDB_G0274695,gene,DDB_G0274695,4
14756,WBPhenotype:0001877,phenotype,nuclear membrane morphology variant,8
14757,RGD:620072,gene,Elp1,4
14758,HGNC:4834,gene,HBS1L,4
14759,FlyBase:FBgn0087035,gene,AGO2,4
14760,ENSEMBL:ENSGALG00000040957,gene,AGO2,4
14761,ENSEMBL:ENSACAG00000008661,gene,ENSEMBL:ENSACAG00000008661,4
14762,MP:0003010,phenotype,decreased mortality induced by ionizing radiation,8
14763,ENSEMBL:ENSFCAG00000007797,gene,ENSEMBL:ENSFCAG00000007797,4
14764,ENSEMBL:ENSFCAG00000040141,gene,ENSEMBL:ENSFCAG00000040141,4
14765,ZP:0004161,phenotype,"nervous system apoptotic, abnormal",8
14766,ENSEMBL:ENSECAG00000014412,gene,ENSEMBL:ENSECAG00000014412,4
14767,WBPhenotype:0001645,phenotype,protein degradation variant,8
14768,ENSEMBL:ENSMMUG00000009050,gene,ENSEMBL:ENSMMUG00000009050,4
14769,MGI:1261831,gene,Hap1,4
14770,ENSEMBL:ENSPTRG00000007326,gene,ENSEMBL:ENSPTRG00000007326,4
14771,HP:0000175,phenotype,Cleft palate,8
14772,ENSEMBL:ENSBTAG00000036009,gene,ENSEMBL:ENSBTAG00000036009,4
14773,ZP:0137423,phenotype,"blastoderm increased amount, abnormal",8
14774,HP:0002808,phenotype,Kyphosis,8
14775,MONARCH:APO_0000056APO_0000002,phenotype,bud neck morphology:abnormal,8
14776,ENSEMBL:ENSACAG00000017208,gene,ENSEMBL:ENSACAG00000017208,4
14777,ENSEMBL:ENSPTRG00000049619,gene,ENSEMBL:ENSPTRG00000049619,4
14778,ENSEMBL:ENSMODG00000002929,gene,ENSEMBL:ENSMODG00000002929,4
14779,ENSEMBL:ENSBTAG00000017618,gene,MAP3K10,4
14780,ENSEMBL:ENSACAG00000000015,gene,ENSEMBL:ENSACAG00000000015,4
14781,ZP:0006383,phenotype,"retinal ganglion cell layer absent, abnormal",8
14782,ENSEMBL:ENSGALG00000004874,gene,ENSEMBL:ENSGALG00000004874,4
14783,RGD:621260,gene,Msn,4
14784,ZP:0000577,phenotype,"central nervous system morphology, abnormal",8
14785,WBPhenotype:0002218,phenotype,arsenite hypersensitive,8
14786,WBPhenotype:0000188,phenotype,gonad arm morphology variant,8
14787,HGNC:2457,gene,CSNK2A1,4
14788,ENSEMBL:ENSCAFG00000040985,gene,OPRM1,4
14789,ZFIN:ZDB-GENE-050417-109,gene,prkn,4
14790,ENSEMBL:ENSBTAG00000009035,gene,CENPE,4
14791,ZP:0002194,phenotype,"microtubule Mauthner neuron decreased amount, abnormal",8
14792,MGI:3030548,gene,Olfr714,4
14793,dictyBase:DDB_G0284749,gene,dictyBase:DDB_G0284749,4
14794,MP:0008892,phenotype,abnormal sperm flagellum morphology,8
14795,FBcv:0000403,phenotype,abnormal chemosensitive behavior,8
14796,MGI:1861703,biological artifact,Htt<tm2Mem>,0
14797,HP:0001268,phenotype,Mental deterioration,8
14798,WBPhenotype:0002390,phenotype,variable cell division timing,8
14799,ENSEMBL:ENSSSCG00000015212,gene,FEZ1,4
14800,HGNC:391,gene,AKT1,4
14801,ENSEMBL:ENSOANG00000040153,gene,ENSEMBL:ENSOANG00000040153,4
14802,EFO:0010128,phenotype,immunoglobulin isotype switching measurement,8
14803,ZP:0018601,phenotype,"hindbrain decreased occurrence cell proliferation in hindbrain, abnormal",8
14804,MP:0000346,phenotype,broad head,8
14805,FlyBase:FBgn0026404,gene,Dronc,4
14806,SGD:S000002476,gene,DOA4,4
14807,Coriell:GM06581,biological artifact,NIGMS-GM06581,0
14808,ENSEMBL:ENSSSCG00000040510,gene,KIF9,4
14809,WBPhenotype:0000005,phenotype,hyperactive egg laying,8
14810,RGD:621165,gene,Mk1,4
14811,MGI:1321159,gene,Ppp2ca,4
14812,ENSEMBL:ENSSSCG00000037866,gene,MAGEA10,4
14813,ZP:0016546,phenotype,"habituation decreased process quality, abnormal",8
14814,ENSEMBL:ENSMMUG00000017720,gene,ENSEMBL:ENSMMUG00000017720,4
14815,ZFIN:ZDB-GENE-070912-487,gene,ftr38,4
14816,WormBase:WBGene00000248,gene,ben-1,4
14817,SGD:S000003865,gene,SOD1,4
14818,PomBase:SPCC970.10c,gene,brl2,4
14819,ZFIN:ZDB-GENE-110606-6,gene,ago2,4
14820,SGD:S000001069,gene,RPN1,4
14821,Xenbase:XB-GENE-990139,gene,ninl,4
14822,HP:0100769,phenotype,Synovitis,8
14823,ENSEMBL:ENSRNOG00000061639,gene,A0A0G2K8R6,4
14824,ENSEMBL:ENSPTRG00000046571,gene,ENSEMBL:ENSPTRG00000046571,4
14825,WBPhenotype:0001378,phenotype,mitotic chromosome segregation variant,8
14826,HGNC:24260,gene,MED31,4
14827,MP:0002981,phenotype,increased liver weight,8
14828,ZP:0138134,phenotype,"cardiac ventricle increased process quality cardiac muscle cell contraction, abnormal",8
14829,ENSEMBL:ENSMODG00000005173,gene,ENSEMBL:ENSMODG00000005173,4
14830,ENSEMBL:ENSGALG00000039830,gene,DHX30,4
14831,ENSEMBL:ENSFCAG00000041725,gene,ENSEMBL:ENSFCAG00000041725,4
14832,MP:0002824,phenotype,abnormal chorioallantoic fusion,8
14833,WBPhenotype:0000436,phenotype,protein subcellular localization variant,8
14834,ENSEMBL:ENSCAFG00000014341,gene,ENSEMBL:ENSCAFG00000014341,4
14835,ZP:0106391,phenotype,"pterygoid process decreased size, abnormal",8
14836,MP:0008850,phenotype,increased hemoglobin concentration distribution width,8
14837,dictyBase:DDB_G0276237,gene,DDB_G0276237,4
14838,ENSEMBL:ENSGALG00000006294,gene,PSMD2,4
14839,HGNC:13744,gene,HERPUD1,4
14840,2422,drug,saquinavir,3
14841,MP:0008090,phenotype,increased T-helper 2 cell number,8
14842,MP:0011750,phenotype,abnormal seminiferous tubule epithelium morphology,8
14843,ENSEMBL:ENSACAG00000002296,gene,ENSEMBL:ENSACAG00000002296,4
14844,HP:0002213,phenotype,Fine hair,8
14845,ENSEMBL:ENSACAG00000006524,gene,ENSEMBL:ENSACAG00000006524,4
14846,RGD:1305501,gene,Tufm,4
14847,ENSEMBL:ENSACAG00000015502,gene,ENSEMBL:ENSACAG00000015502,4
14848,MP:0009473,phenotype,abnormal skin exfoliation,8
14849,ZP:0007117,phenotype,"formation of anatomical boundary delayed, abnormal",8
14850,ZP:0018599,phenotype,"hindbrain decreased amount, abnormal",8
14851,WormBase:WBGene00006856,gene,usp-14,4
14852,SGD:S000003870,gene,CPA2,4
14853,ENSEMBL:ENSFCAG00000012038,gene,ENSEMBL:ENSFCAG00000012038,4
14854,ENSEMBL:ENSCAFG00000017137,gene,ENSEMBL:ENSCAFG00000017137,4
14855,WBPhenotype:0002460,phenotype,no induction of antimicrobial peptide expression after infection,8
14856,ENSEMBL:ENSPTRG00000015843,gene,ENSEMBL:ENSPTRG00000015843,4
14857,MP:0005466,phenotype,abnormal T-helper 2 physiology,8
14858,ENSEMBL:ENSECAG00000006078,gene,ENSEMBL:ENSECAG00000006078,4
14859,MP:0004228,phenotype,decreased cellular sensitivity to ionizing radiation,8
14860,ENSEMBL:ENSECAG00000022083,gene,ENSEMBL:ENSECAG00000022083,4
14861,ENSEMBL:ENSBTAG00000005211,gene,ENSEMBL:ENSBTAG00000005211,4
14862,ZP:0001499,phenotype,"myotome refractivity, abnormal",8
14863,MP:0010873,phenotype,decreased trabecular bone mass,8
14864,FlyBase:FBgn0003339,gene,Scr,4
14865,ENSEMBL:ENSBTAG00000003369,gene,ENSEMBL:ENSBTAG00000003369,4
14866,MP:0020214,phenotype,increased susceptibility to malignant hyperthermia,8
14867,ZP:0011560,phenotype,"cytokinesis process quality, abnormal",8
14868,MGI:1917728,gene,Mipep,4
14869,MP:0000060,phenotype,delayed bone ossification,8
14870,EnsemblGenome:AT5G01270,gene,EnsemblGenome:AT5G01270,4
14871,WBPhenotype:0000724,phenotype,protein secretion variant,8
14872,ENSEMBL:ENSMODG00000014168,gene,ENSEMBL:ENSMODG00000014168,4
14873,WBPhenotype:0000779,phenotype,late embryonic arrest,8
14874,WormBase:WBGene00015559,gene,npr-17,4
14875,ENSEMBL:ENSMODG00000016067,gene,ENSEMBL:ENSMODG00000016067,4
14876,ENSEMBL:ENSPTRG00000009851,gene,ENSEMBL:ENSPTRG00000009851,4
14877,MGI:2676637,gene,H2-M11,4
14878,MP:0000378,phenotype,absent hair follicles,8
14879,WormBase:WBGene00006446,gene,atx-3,4
14880,MGI:2654144,gene,Ercc6l,4
14881,1912,drug,niclosamide,3
